phase,elapsed_s,distance_m,x,y,mode,frame_ms,primary,resident_packages,pending_packages,worker_queue,complete_radius_m,working_set_bytes,private_bytes,live_package_bytes,live_mesh_bytes,live_collision_bytes,live_gl_resources,retirement_queue_bytes,worker_result_bytes,cache_entries,packages_created,packages_retired,pkg_create,pkg_retire,worker_batch,collision,mesh,gl_create,gl_delete,alloc_delta,finish_ms,swap_ms,retire_ms,wake_water_body,wake_topology,wake_terrain_state,wake_mesh,wake_collision,wake_grass,wake_tree
travel,0.029,0.7,128.993,128.993,fly,0.712,ok,2601,0,0,192.00,261341184,334331904,114090264,95883264,18123768,2601,0,22132800,797,0,0,0,0,0,0,0,0,0,0,0.379,0.010,0.000,0,0,0,0,0,0,0
travel,0.059,1.4,129.503,129.503,fly,0.721,ok,2601,0,0,192.00,261341184,334331904,114090264,95883264,18123768,2601,0,22132800,842,0,0,0,0,0,0,0,0,0,0,0.387,0.010,0.000,0,0,0,0,0,0,0
travel,0.089,2.1,130.017,130.017,fly,1.010,ok,2601,0,0,192.00,261341184,334331904,114090264,95883264,18123768,2601,0,22132800,887,0,0,0,0,0,0,0,0,0,0,0.619,0.010,0.000,0,0,0,0,0,0,0
travel,0.119,2.9,130.527,130.527,fly,0.797,ok,2601,0,0,192.00,261341184,334331904,114090264,95883264,18123768,2601,0,22132800,887,0,0,0,0,0,0,0,0,0,0,0.414,0.024,0.000,0,0,0,0,0,0,0
travel,0.150,3.6,131.038,131.038,fly,0.707,ok,2601,0,0,192.00,261349376,334331904,114090264,95883264,18123768,2601,0,22132800,932,0,0,0,0,0,0,0,0,0,0,0.373,0.010,0.000,0,0,0,0,0,0,0
travel,0.180,4.3,131.549,131.549,fly,0.856,ok,2601,0,0,192.00,261349376,334331904,114090264,95883264,18123768,2601,0,22132800,932,0,0,0,0,0,0,0,0,0,0,0.388,0.020,0.000,0,0,0,0,0,0,0
travel,0.210,5.0,132.062,132.062,fly,0.747,ok,2601,0,0,192.00,261349376,334331904,114090264,95883264,18123768,2601,0,22132800,950,0,0,0,0,0,0,0,0,0,0,0.377,0.011,0.000,0,0,0,0,0,0,0
travel,0.240,5.8,132.580,132.580,fly,0.739,ok,2601,0,0,192.00,261349376,334331904,114090264,95883264,18123768,2601,0,22132800,950,0,0,0,0,0,0,0,0,0,0,0.380,0.024,0.000,0,0,0,0,0,0,0
travel,0.271,6.5,133.096,133.096,fly,0.713,ok,2601,0,0,192.00,261349376,334331904,114090264,95883264,18123768,2601,0,22132800,956,0,0,0,0,0,0,0,0,0,0,0.381,0.010,0.000,0,0,0,0,0,0,0
travel,0.301,7.2,133.605,133.605,fly,0.743,ok,2601,0,0,192.00,261349376,334331904,114090264,95883264,18123768,2601,0,22132800,956,0,0,0,0,0,0,0,0,0,0,0.373,0.011,0.000,0,0,0,0,0,0,0
travel,0.331,7.9,134.115,134.115,fly,0.773,ok,2601,0,0,192.00,261349376,334331904,114090264,95883264,18123768,2601,0,22132800,958,0,0,0,0,0,0,0,0,0,0,0.392,0.011,0.000,0,0,0,0,0,0,0
travel,0.361,8.7,134.624,134.624,fly,0.705,ok,2601,0,0,192.00,261349376,334331904,114090264,95883264,18123768,2601,0,22132800,958,0,0,0,0,0,0,0,0,0,0,0.370,0.010,0.000,0,0,0,0,0,0,0
travel,0.391,9.4,135.133,135.133,fly,0.709,ok,2601,0,0,192.00,261349376,334331904,114090264,95883264,18123768,2601,0,22132800,958,0,0,0,0,0,0,0,0,0,0,0.377,0.010,0.000,0,0,0,0,0,0,0
travel,0.421,10.1,135.643,135.643,fly,0.738,ok,2601,0,0,192.00,261349376,334331904,114090264,95883264,18123768,2601,0,22132800,958,0,0,0,0,0,0,0,0,0,0,0.380,0.011,0.000,0,0,0,0,0,0,0
travel,0.460,11.0,136.312,136.312,fly,0.790,ok,2601,0,0,192.00,259657728,334737408,114090264,95883264,18123768,2702,3724880,22132800,958,101,101,0,0,0,0,0,0,0,0,0.390,0.013,0.000,0,0,0,101,101,0,0
travel,0.490,11.8,136.822,136.822,fly,0.785,ok,2601,0,0,192.00,259665920,334737408,114090264,95883264,18123768,2702,3724880,22132800,958,101,101,0,0,0,0,0,0,0,0,0.371,0.020,0.000,0,0,0,101,101,0,0
travel,0.521,12.5,137.336,137.336,fly,0.738,ok,2601,0,0,192.00,259670016,334737408,114090264,95883264,18123768,2702,3724880,22132800,958,101,101,0,0,0,0,0,0,0,0,0.374,0.011,0.000,0,0,0,101,101,0,0
travel,0.551,13.2,137.845,137.845,fly,0.706,ok,2601,0,0,192.00,259670016,334737408,114090264,95883264,18123768,2702,3724880,22132800,958,101,101,0,0,0,0,0,0,0,0,0.372,0.010,0.000,0,0,0,101,101,0,0
travel,0.581,13.9,138.354,138.354,fly,0.710,ok,2601,0,0,192.00,259670016,334737408,114090264,95883264,18123768,2702,3724880,22132800,958,101,101,0,0,0,0,0,0,0,0,0.372,0.010,0.000,0,0,0,101,101,0,0
travel,0.611,14.7,138.864,138.864,fly,0.726,ok,2601,0,0,192.00,259670016,334737408,114090264,95883264,18123768,2702,3724880,22132800,958,101,101,0,0,0,0,0,0,0,0,0.383,0.011,0.000,0,0,0,101,101,0,0
travel,0.641,15.4,139.373,139.373,fly,0.780,ok,2601,0,0,192.00,259670016,334737408,114090264,95883264,18123768,2702,3724880,22132800,958,101,101,0,0,0,0,0,0,0,0,0.411,0.021,0.000,0,0,0,101,101,0,0
travel,0.671,16.1,139.887,139.887,fly,0.774,ok,2601,0,0,192.00,259670016,334737408,114090264,95883264,18123768,2702,3724880,22132800,958,101,101,0,0,0,0,0,0,0,0,0.392,0.024,0.000,0,0,0,101,101,0,0
travel,0.701,16.8,140.397,140.397,fly,0.819,ok,2601,0,0,192.00,259670016,334737408,114090264,95883264,18123768,2702,3724880,22132800,958,101,101,0,0,0,0,0,0,0,0,0.412,0.023,0.000,0,0,0,101,101,0,0
travel,0.731,17.5,140.906,140.906,fly,0.803,ok,2601,0,0,192.00,259670016,334737408,114090264,95883264,18123768,2702,3724880,22132800,958,101,101,0,0,0,0,0,0,0,0,0.373,0.011,0.000,0,0,0,101,101,0,0
travel,0.761,18.3,141.416,141.416,fly,0.793,ok,2601,0,0,192.00,259670016,334737408,114090264,95883264,18123768,2702,3724880,22132800,958,101,101,0,0,0,0,0,0,0,0,0.398,0.018,0.000,0,0,0,101,101,0,0
travel,0.791,19.0,141.927,141.927,fly,0.706,ok,2601,0,0,192.00,259670016,334737408,114090264,95883264,18123768,2702,3724880,22132800,958,101,101,0,0,0,0,0,0,0,0,0.370,0.010,0.000,0,0,0,101,101,0,0
travel,0.821,19.7,142.437,142.437,fly,0.782,ok,2601,0,0,192.00,259670016,334737408,114090264,95883264,18123768,2702,3724880,22132800,958,101,101,0,0,0,0,0,0,0,0,0.384,0.020,0.000,0,0,0,101,101,0,0
travel,0.851,20.4,142.947,142.947,fly,0.714,ok,2601,0,0,192.00,259670016,334737408,114090264,95883264,18123768,2702,3724880,22132800,958,101,101,0,0,0,0,0,0,0,0,0.379,0.010,0.000,0,0,0,101,101,0,0
travel,0.881,21.2,143.456,143.456,fly,1.008,ok,2601,0,0,192.00,259670016,334737408,114090264,95883264,18123768,2702,3724880,22132800,958,101,101,0,0,0,0,0,0,0,0,0.544,0.020,0.000,0,0,0,101,101,0,0
travel,0.911,21.9,143.965,143.965,fly,0.822,ok,2601,0,0,192.00,259670016,334737408,114090264,95883264,18123768,2702,3724880,22132800,958,101,101,0,0,0,0,0,0,0,0,0.444,0.023,0.000,0,0,0,101,101,0,0
travel,0.950,22.8,144.623,144.623,fly,0.878,ok,2601,0,0,192.00,262578176,339464192,114090264,95883264,18123768,2803,7449760,22132800,958,202,202,0,0,0,0,0,0,0,0,0.523,0.023,0.000,0,0,0,202,202,0,0
travel,0.980,23.5,145.132,145.132,fly,0.745,ok,2601,0,0,192.00,262578176,339464192,114090264,95883264,18123768,2803,7449760,22132800,958,202,202,0,0,0,0,0,0,0,0,0.385,0.011,0.000,0,0,0,202,202,0,0
travel,1.010,24.2,145.641,145.641,fly,0.723,ok,2601,0,0,192.00,262582272,339464192,114090264,95883264,18123768,2803,7449760,22132800,958,202,202,0,0,0,0,0,0,0,0,0.389,0.010,0.000,0,0,0,202,202,0,0
travel,1.040,25.0,146.150,146.150,fly,0.791,ok,2601,0,0,192.00,262586368,339464192,114090264,95883264,18123768,2803,7449760,22132800,958,202,202,0,0,0,0,0,0,0,0,0.410,0.011,0.000,0,0,0,202,202,0,0
travel,1.070,25.7,146.660,146.660,fly,0.714,ok,2601,0,0,192.00,262586368,339464192,114090264,95883264,18123768,2803,7449760,22132800,958,202,202,0,0,0,0,0,0,0,0,0.380,0.010,0.000,0,0,0,202,202,0,0
travel,1.100,26.4,147.169,147.169,fly,0.733,ok,2601,0,0,192.00,262586368,339464192,114090264,95883264,18123768,2803,7449760,22132800,958,202,202,0,0,0,0,0,0,0,0,0.395,0.010,0.000,0,0,0,202,202,0,0
travel,1.130,27.1,147.678,147.678,fly,0.760,ok,2601,0,0,192.00,262586368,339464192,114090264,95883264,18123768,2803,7449760,22132800,958,202,202,0,0,0,0,0,0,0,0,0.382,0.011,0.000,0,0,0,202,202,0,0
travel,1.160,27.8,148.187,148.187,fly,0.726,ok,2601,0,0,192.00,262586368,339464192,114090264,95883264,18123768,2803,7449760,22132800,958,202,202,0,0,0,0,0,0,0,0,0.392,0.010,0.000,0,0,0,202,202,0,0
travel,1.190,28.6,148.699,148.699,fly,1.037,ok,2601,0,0,192.00,262586368,339464192,114090264,95883264,18123768,2803,7449760,22132800,958,202,202,0,0,0,0,0,0,0,0,0.465,0.023,0.000,0,0,0,202,202,0,0
travel,1.220,29.3,149.208,149.208,fly,0.704,ok,2601,0,0,192.00,262586368,339464192,114090264,95883264,18123768,2803,7449760,22132800,958,202,202,0,0,0,0,0,0,0,0,0.370,0.010,0.000,0,0,0,202,202,0,0
travel,1.250,30.0,149.718,149.718,fly,0.746,ok,2601,0,0,192.00,262586368,339464192,114090264,95883264,18123768,2803,7449760,22132800,958,202,202,0,0,0,0,0,0,0,0,0.399,0.010,0.000,0,0,0,202,202,0,0
travel,1.280,30.7,150.227,150.227,fly,0.778,ok,2601,0,0,192.00,262586368,339464192,114090264,95883264,18123768,2803,7449760,22132800,958,202,202,0,0,0,0,0,0,0,0,0.372,0.011,0.000,0,0,0,202,202,0,0
travel,1.310,31.4,150.737,150.737,fly,0.767,ok,2601,0,0,192.00,262586368,339464192,114090264,95883264,18123768,2803,7449760,22132800,958,202,202,0,0,0,0,0,0,0,0,0.396,0.011,0.000,0,0,0,202,202,0,0
travel,1.340,32.2,151.246,151.246,fly,0.705,ok,2601,0,0,192.00,262586368,339464192,114090264,95883264,18123768,2803,7449760,22132800,958,202,202,0,0,0,0,0,0,0,0,0.371,0.010,0.000,0,0,0,202,202,0,0
travel,1.370,32.9,151.755,151.755,fly,0.713,ok,2601,0,0,192.00,262586368,339464192,114090264,95883264,18123768,2803,7449760,22132800,958,202,202,0,0,0,0,0,0,0,0,0.379,0.010,0.000,0,0,0,202,202,0,0
travel,1.411,33.9,152.444,152.444,fly,0.789,ok,2601,0,0,192.00,265539584,345899008,114090264,95883264,18123768,2904,11174640,22132800,958,303,303,0,0,0,0,0,0,0,0,0.381,0.021,0.000,0,0,0,303,303,0,0
travel,1.442,34.6,152.964,152.964,fly,0.881,ok,2601,0,0,192.00,265543680,345903104,114090264,95883264,18123768,2904,11174640,22132800,958,303,303,0,0,0,0,0,0,0,0,0.060,0.071,0.000,0,0,0,303,303,0,0
travel,1.472,35.3,153.476,153.476,fly,0.819,ok,2601,0,0,192.00,265543680,345903104,114090264,95883264,18123768,2904,11174640,22132800,958,303,303,0,0,0,0,0,0,0,0,0.059,0.068,0.000,0,0,0,303,303,0,0
travel,1.502,36.0,153.990,153.990,fly,0.821,ok,2601,0,0,192.00,265543680,345903104,114090264,95883264,18123768,2904,11174640,22132800,958,303,303,0,0,0,0,0,0,0,0,0.061,0.066,0.000,0,0,0,303,303,0,0
travel,1.532,36.8,154.501,154.501,fly,0.792,ok,2601,0,0,192.00,265543680,345903104,114090264,95883264,18123768,2904,11174640,22132800,958,303,303,0,0,0,0,0,0,0,0,0.059,0.062,0.000,0,0,0,303,303,0,0
travel,1.562,37.5,155.013,155.013,fly,0.899,ok,2601,0,0,192.00,265547776,345903104,114090264,95883264,18123768,2904,11174640,22132800,958,303,303,0,0,0,0,0,0,0,0,0.062,0.076,0.000,0,0,0,303,303,0,0
travel,1.593,38.2,155.530,155.530,fly,0.818,ok,2601,0,0,192.00,265547776,345903104,114090264,95883264,18123768,2904,11174640,22132800,958,303,303,0,0,0,0,0,0,0,0,0.060,0.067,0.000,0,0,0,303,303,0,0
travel,1.623,38.9,156.041,156.041,fly,0.860,ok,2601,0,0,192.00,265547776,345903104,114090264,95883264,18123768,2904,11174640,22132800,958,303,303,0,0,0,0,0,0,0,0,0.064,0.073,0.000,0,0,0,303,303,0,0
travel,1.653,39.7,156.552,156.552,fly,0.809,ok,2601,0,0,192.00,265547776,345903104,114090264,95883264,18123768,2904,11174640,22132800,958,303,303,0,0,0,0,0,0,0,0,0.060,0.066,0.000,0,0,0,303,303,0,0
travel,1.683,40.4,157.063,157.063,fly,0.998,ok,2601,0,0,192.00,265547776,345903104,114090264,95883264,18123768,2904,11174640,22132800,958,303,303,0,0,0,0,0,0,0,0,0.069,0.111,0.000,0,0,0,303,303,0,0
travel,1.713,41.1,157.573,157.573,fly,0.810,ok,2601,0,0,192.00,265547776,345903104,114090264,95883264,18123768,2904,7449760,22132800,958,303,303,0,0,0,0,0,0,0,0,0.058,0.066,0.000,0,0,0,303,303,0,0
travel,1.743,41.8,158.082,158.082,fly,0.847,ok,2601,0,0,192.00,265547776,345903104,114090264,95883264,18123768,2904,7449760,22132800,958,303,303,0,0,0,0,0,0,0,0,0.060,0.072,0.000,0,0,0,303,303,0,0
travel,1.773,42.6,158.597,158.597,fly,0.802,ok,2601,0,0,192.00,265547776,345903104,114090264,95883264,18123768,2904,7449760,22132800,958,303,303,0,0,0,0,0,0,0,0,0.058,0.066,0.000,0,0,0,303,303,0,0
travel,1.803,43.3,159.106,159.106,fly,0.809,ok,2601,0,0,192.00,265547776,345903104,114090264,95883264,18123768,2904,7449760,22132800,958,303,303,0,0,0,0,0,0,0,0,0.058,0.066,0.000,0,0,0,303,303,0,0
travel,1.834,44.0,159.619,159.619,fly,1.105,ok,2601,0,0,192.00,265547776,345903104,114090264,95883264,18123768,2904,7449760,22132800,958,303,303,0,0,0,0,0,0,0,0,0.236,0.113,0.000,0,0,0,303,303,0,0
travel,1.871,44.9,160.260,160.260,fly,0.892,ok,2601,0,0,192.00,267874304,353849344,114090264,95883264,18123768,2904,11174640,22132800,958,404,404,0,0,0,0,0,0,0,0,0.130,0.072,0.000,0,0,0,404,404,0,0
travel,1.902,45.6,160.770,160.770,fly,0.841,ok,2601,0,0,192.00,267874304,353849344,114090264,95883264,18123768,2904,11174640,22132800,958,404,404,0,0,0,0,0,0,0,0,0.061,0.071,0.000,0,0,0,404,404,0,0
travel,1.932,46.4,161.282,161.282,fly,0.800,ok,2601,0,0,192.00,267878400,353914880,114090264,95883264,18123768,2904,11174640,22132800,958,404,404,0,0,0,0,0,0,0,0,0.060,0.066,0.000,0,0,0,404,404,0,0
travel,1.962,47.1,161.803,161.803,fly,0.824,ok,2601,0,0,192.00,267878400,353914880,114090264,95883264,18123768,2904,11174640,22132800,958,404,404,0,0,0,0,0,0,0,0,0.060,0.069,0.000,0,0,0,404,404,0,0
travel,1.993,47.8,162.315,162.315,fly,0.811,ok,2601,0,0,192.00,267878400,353914880,114090264,95883264,18123768,2904,11174640,22132800,958,404,404,0,0,0,0,0,0,0,0,0.060,0.070,0.000,0,0,0,404,404,0,0
travel,2.023,48.5,162.830,162.830,fly,0.800,ok,2601,0,0,192.00,267878400,353914880,114090264,95883264,18123768,2904,11174640,22132800,958,404,404,0,0,0,0,0,0,0,0,0.061,0.067,0.000,0,0,0,404,404,0,0
travel,2.053,49.3,163.339,163.339,fly,0.791,ok,2601,0,0,192.00,267882496,353914880,114090264,95883264,18123768,2904,11174640,22132800,958,404,404,0,0,0,0,0,0,0,0,0.059,0.063,0.000,0,0,0,404,404,0,0
travel,2.083,50.0,163.851,163.851,fly,0.873,ok,2601,0,0,192.00,267886592,353914880,114090264,95883264,18123768,2904,11174640,22132800,958,404,404,0,0,0,0,0,0,0,0,0.131,0.067,0.000,0,0,0,404,404,0,0
travel,2.113,50.7,164.360,164.360,fly,0.891,ok,2601,0,0,192.00,267886592,353914880,114090264,95883264,18123768,2904,11174640,22132800,958,404,404,0,0,0,0,0,0,0,0,0.072,0.106,0.000,0,0,0,404,404,0,0
travel,2.143,51.4,164.872,164.872,fly,0.800,ok,2601,0,0,192.00,267886592,353914880,114090264,95883264,18123768,2904,7449760,22132800,958,404,404,0,0,0,0,0,0,0,0,0.061,0.065,0.000,0,0,0,404,404,0,0
travel,2.173,52.2,165.383,165.383,fly,0.808,ok,2601,0,0,192.00,267886592,353914880,114090264,95883264,18123768,2904,7449760,22132800,958,404,404,0,0,0,0,0,0,0,0,0.059,0.066,0.000,0,0,0,404,404,0,0
travel,2.203,52.9,165.893,165.893,fly,0.834,ok,2601,0,0,192.00,267886592,353914880,114090264,95883264,18123768,2904,7449760,22132800,958,404,404,0,0,0,0,0,0,0,0,0.102,0.066,0.000,0,0,0,404,404,0,0
travel,2.234,53.6,166.404,166.404,fly,0.805,ok,2601,0,0,192.00,267886592,353914880,114090264,95883264,18123768,2904,7449760,22132800,958,404,404,0,0,0,0,0,0,0,0,0.059,0.063,0.000,0,0,0,404,404,0,0
travel,2.264,54.3,166.917,166.917,fly,0.879,ok,2601,0,0,192.00,267886592,353914880,114090264,95883264,18123768,2904,7449760,22132800,958,404,404,0,0,0,0,0,0,0,0,0.060,0.081,0.000,0,0,0,404,404,0,0
travel,2.294,55.1,167.428,167.428,fly,0.826,ok,2601,0,0,192.00,267886592,353914880,114090264,95883264,18123768,2904,7449760,22132800,958,404,404,0,0,0,0,0,0,0,0,0.059,0.068,0.000,0,0,0,404,404,0,0
travel,2.324,55.8,167.942,167.942,fly,0.798,ok,2601,0,0,192.00,267886592,353914880,114090264,95883264,18123768,2904,7449760,22132800,958,404,404,0,0,0,0,0,0,0,0,0.058,0.067,0.000,0,0,0,404,404,0,0
travel,2.362,56.7,168.592,168.592,fly,0.820,ok,2601,0,0,192.00,268185600,355295232,114090264,95883264,18123768,2904,11174640,22132800,958,505,505,0,0,0,0,0,0,0,0,0.060,0.067,0.000,0,0,0,505,505,0,0
travel,2.393,57.4,169.102,169.102,fly,0.801,ok,2601,0,0,192.00,268185600,355295232,114090264,95883264,18123768,2904,11174640,22132800,958,505,505,0,0,0,0,0,0,0,0,0.060,0.067,0.000,0,0,0,505,505,0,0
travel,2.423,58.1,169.611,169.611,fly,0.792,ok,2601,0,0,192.00,268185600,355295232,114090264,95883264,18123768,2904,11174640,22132800,958,505,505,0,0,0,0,0,0,0,0,0.059,0.066,0.000,0,0,0,505,505,0,0
travel,2.453,58.9,170.120,170.120,fly,0.809,ok,2601,0,0,192.00,268185600,355295232,114090264,95883264,18123768,2904,11174640,22132800,958,505,505,0,0,0,0,0,0,0,0,0.060,0.069,0.000,0,0,0,505,505,0,0
travel,2.483,59.6,170.631,170.631,fly,0.792,ok,2601,0,0,192.00,268185600,355295232,114090264,95883264,18123768,2904,11174640,22132800,958,505,505,0,0,0,0,0,0,0,0,0.059,0.063,0.000,0,0,0,505,505,0,0
travel,2.513,60.3,171.140,171.140,fly,0.790,ok,2601,0,0,192.00,268185600,355295232,114090264,95883264,18123768,2904,11174640,22132800,958,505,505,0,0,0,0,0,0,0,0,0.059,0.064,0.000,0,0,0,505,505,0,0
travel,2.543,61.0,171.653,171.653,fly,0.833,ok,2601,0,0,192.00,268185600,355295232,114090264,95883264,18123768,2904,11174640,22132800,958,505,505,0,0,0,0,0,0,0,0,0.060,0.068,0.000,0,0,0,505,505,0,0
travel,2.573,61.8,172.166,172.166,fly,0.819,ok,2601,0,0,192.00,268189696,355295232,114090264,95883264,18123768,2904,7449760,22132800,958,505,505,0,0,0,0,0,0,0,0,0.059,0.071,0.000,0,0,0,505,505,0,0
travel,2.603,62.5,172.675,172.675,fly,0.838,ok,2601,0,0,192.00,268193792,355295232,114090264,95883264,18123768,2904,7449760,22132800,958,505,505,0,0,0,0,0,0,0,0,0.059,0.071,0.000,0,0,0,505,505,0,0
travel,2.633,63.2,173.184,173.184,fly,0.798,ok,2601,0,0,192.00,268193792,355295232,114090264,95883264,18123768,2904,7449760,22132800,958,505,505,0,0,0,0,0,0,0,0,0.059,0.065,0.000,0,0,0,505,505,0,0
travel,2.663,63.9,173.694,173.694,fly,0.800,ok,2601,0,0,192.00,268193792,355295232,114090264,95883264,18123768,2904,7449760,22132800,958,505,505,0,0,0,0,0,0,0,0,0.062,0.065,0.000,0,0,0,505,505,0,0
travel,2.693,64.6,174.203,174.203,fly,0.790,ok,2601,0,0,192.00,268193792,355295232,114090264,95883264,18123768,2904,7449760,22132800,958,505,505,0,0,0,0,0,0,0,0,0.058,0.062,0.000,0,0,0,505,505,0,0
travel,2.723,65.4,174.714,174.714,fly,0.795,ok,2601,0,0,192.00,268193792,355295232,114090264,95883264,18123768,2904,7449760,22132800,958,505,505,0,0,0,0,0,0,0,0,0.059,0.067,0.000,0,0,0,505,505,0,0
travel,2.753,66.1,175.224,175.224,fly,0.790,ok,2601,0,0,192.00,268193792,355295232,114090264,95883264,18123768,2904,7449760,22132800,958,505,505,0,0,0,0,0,0,0,0,0.059,0.064,0.000,0,0,0,505,505,0,0
travel,2.783,66.8,175.733,175.733,fly,0.795,ok,2601,0,0,192.00,268193792,355295232,114090264,95883264,18123768,2904,7449760,22132800,958,505,505,0,0,0,0,0,0,0,0,0.059,0.065,0.000,0,0,0,505,505,0,0
travel,2.821,67.7,176.365,176.365,fly,0.797,ok,2601,0,0,192.00,269336576,356413440,114090264,95883264,18123768,2904,11174640,22132800,958,606,606,0,0,0,0,0,0,0,0,0.059,0.067,0.000,0,0,0,606,606,0,0
travel,2.851,68.4,176.876,176.876,fly,0.796,ok,2601,0,0,192.00,269336576,356413440,114090264,95883264,18123768,2904,11174640,22132800,958,606,606,0,0,0,0,0,0,0,0,0.059,0.067,0.000,0,0,0,606,606,0,0
travel,2.881,69.1,177.385,177.385,fly,0.819,ok,2601,0,0,192.00,269336576,356413440,114090264,95883264,18123768,2904,11174640,22132800,958,606,606,0,0,0,0,0,0,0,0,0.061,0.068,0.000,0,0,0,606,606,0,0
travel,2.911,69.9,177.894,177.894,fly,0.799,ok,2601,0,0,192.00,269336576,356413440,114090264,95883264,18123768,2904,11174640,22132800,958,606,606,0,0,0,0,0,0,0,0,0.061,0.065,0.000,0,0,0,606,606,0,0
travel,2.941,70.6,178.406,178.406,fly,0.800,ok,2601,0,0,192.00,269336576,356413440,114090264,95883264,18123768,2904,11174640,22132800,958,606,606,0,0,0,0,0,0,0,0,0.059,0.063,0.000,0,0,0,606,606,0,0
travel,2.971,71.3,178.919,178.919,fly,0.815,ok,2601,0,0,192.00,269336576,356413440,114090264,95883264,18123768,2904,11174640,22132800,958,606,606,0,0,0,0,0,0,0,0,0.059,0.066,0.000,0,0,0,606,606,0,0
travel,3.001,72.0,179.429,179.429,fly,0.920,ok,2601,0,0,192.00,269336576,356413440,114090264,95883264,18123768,2904,11174640,22132800,958,606,606,0,0,0,0,0,0,0,0,0.063,0.087,0.000,0,0,0,606,606,0,0
travel,3.031,72.7,179.938,179.938,fly,0.812,ok,2601,0,0,192.00,269336576,356413440,114090264,95883264,18123768,2904,11174640,22132800,958,606,606,0,0,0,0,0,0,0,0,0.059,0.067,0.000,0,0,0,606,606,0,0
travel,3.061,73.5,180.450,180.450,fly,0.802,ok,2601,0,0,192.00,269336576,356413440,114090264,95883264,18123768,2904,7449760,22132800,958,606,606,0,0,0,0,0,0,0,0,0.059,0.064,0.000,0,0,0,606,606,0,0
travel,3.091,74.2,180.963,180.963,fly,0.793,ok,2601,0,0,192.00,269340672,356413440,114090264,95883264,18123768,2904,7449760,22132800,958,606,606,0,0,0,0,0,0,0,0,0.058,0.064,0.000,0,0,0,606,606,0,0
travel,3.122,74.9,181.481,181.481,fly,0.814,ok,2601,0,0,192.00,269340672,356413440,114090264,95883264,18123768,2904,7449760,22132800,958,606,606,0,0,0,0,0,0,0,0,0.059,0.065,0.000,0,0,0,606,606,0,0
travel,3.152,75.6,181.991,181.991,fly,0.842,ok,2601,0,0,192.00,269344768,356413440,114090264,95883264,18123768,2904,7449760,22132800,958,606,606,0,0,0,0,0,0,0,0,0.059,0.068,0.000,0,0,0,606,606,0,0
travel,3.182,76.4,182.504,182.504,fly,0.838,ok,2601,0,0,192.00,269344768,356413440,114090264,95883264,18123768,2904,7449760,22132800,958,606,606,0,0,0,0,0,0,0,0,0.060,0.072,0.000,0,0,0,606,606,0,0
travel,3.212,77.1,183.014,183.014,fly,0.853,ok,2601,0,0,192.00,269344768,356413440,114090264,95883264,18123768,2904,7449760,22132800,958,606,606,0,0,0,0,0,0,0,0,0.059,0.066,0.000,0,0,0,606,606,0,0
travel,3.242,77.8,183.523,183.523,fly,0.813,ok,2601,0,0,192.00,269344768,356413440,114090264,95883264,18123768,2904,7449760,22132800,958,606,606,0,0,0,0,0,0,0,0,0.060,0.067,0.000,0,0,0,606,606,0,0
travel,3.278,78.7,184.133,184.133,fly,2.853,ok,2601,0,44,192.00,270262272,357990400,114090264,95883264,18123768,2904,11174640,19889136,958,707,707,26,0,101,26,26,0,0,528384,0.140,0.114,0.000,0,0,0,707,707,0,0
travel,3.310,79.4,184.675,184.675,fly,0.820,ok,2601,0,0,192.00,270262272,357990400,114090264,95883264,18123768,2904,11174640,22132800,958,707,707,0,0,0,0,0,0,0,0,0.059,0.069,0.000,0,0,0,707,707,0,0
travel,3.340,80.2,185.185,185.185,fly,0.809,ok,2601,0,0,192.00,270262272,357990400,114090264,95883264,18123768,2904,11174640,22132800,958,707,707,0,0,0,0,0,0,0,0,0.060,0.065,0.000,0,0,0,707,707,0,0
travel,3.370,80.9,185.696,185.696,fly,0.911,ok,2601,0,0,192.00,270262272,357990400,114090264,95883264,18123768,2904,11174640,22132800,958,707,707,0,0,0,0,0,0,0,0,0.072,0.111,0.000,0,0,0,707,707,0,0
travel,3.401,81.6,186.210,186.210,fly,0.814,ok,2601,0,0,192.00,270262272,357990400,114090264,95883264,18123768,2904,11174640,22132800,958,707,707,0,0,0,0,0,0,0,0,0.060,0.068,0.000,0,0,0,707,707,0,0
travel,3.431,82.3,186.719,186.719,fly,0.888,ok,2601,0,0,192.00,270262272,357990400,114090264,95883264,18123768,2904,11174640,22132800,958,707,707,0,0,0,0,0,0,0,0,0.136,0.067,0.000,0,0,0,707,707,0,0
travel,3.461,83.1,187.230,187.230,fly,0.805,ok,2601,0,0,192.00,270262272,357990400,114090264,95883264,18123768,2904,11174640,22132800,958,707,707,0,0,0,0,0,0,0,0,0.062,0.065,0.000,0,0,0,707,707,0,0
travel,3.491,83.8,187.746,187.746,fly,0.829,ok,2601,0,0,192.00,270262272,357990400,114090264,95883264,18123768,2904,11174640,22132800,958,707,707,0,0,0,0,0,0,0,0,0.061,0.070,0.000,0,0,0,707,707,0,0
travel,3.521,84.5,188.258,188.258,fly,0.826,ok,2601,0,0,192.00,270262272,357990400,114090264,95883264,18123768,2904,7449760,22132800,958,707,707,0,0,0,0,0,0,0,0,0.060,0.070,0.000,0,0,0,707,707,0,0
travel,3.552,85.2,188.772,188.772,fly,0.809,ok,2601,0,0,192.00,270262272,357990400,114090264,95883264,18123768,2904,7449760,22132800,958,707,707,0,0,0,0,0,0,0,0,0.062,0.066,0.000,0,0,0,707,707,0,0
travel,3.582,86.0,189.281,189.281,fly,0.809,ok,2601,0,0,192.00,270262272,357990400,114090264,95883264,18123768,2904,7449760,22132800,958,707,707,0,0,0,0,0,0,0,0,0.060,0.066,0.000,0,0,0,707,707,0,0
travel,3.612,86.7,189.790,189.790,fly,0.811,ok,2601,0,0,192.00,270266368,357990400,114090264,95883264,18123768,2904,7449760,22132800,958,707,707,0,0,0,0,0,0,0,0,0.059,0.067,0.000,0,0,0,707,707,0,0
travel,3.642,87.4,190.300,190.300,fly,0.810,ok,2601,0,0,192.00,270266368,357990400,114090264,95883264,18123768,2904,7449760,22132800,958,707,707,0,0,0,0,0,0,0,0,0.061,0.064,0.000,0,0,0,707,707,0,0
travel,3.672,88.1,190.811,190.811,fly,0.829,ok,2601,0,0,192.00,270270464,357990400,114090264,95883264,18123768,2904,7449760,22132800,958,707,707,0,0,0,0,0,0,0,0,0.061,0.071,0.000,0,0,0,707,707,0,0
travel,3.702,88.8,191.323,191.323,fly,0.801,ok,2601,0,0,192.00,270270464,357990400,114090264,95883264,18123768,2904,7449760,22132800,958,707,707,0,0,0,0,0,0,0,0,0.058,0.064,0.000,0,0,0,707,707,0,0
travel,3.732,89.6,191.840,191.840,fly,0.812,ok,2601,0,0,192.00,270270464,357990400,114090264,95883264,18123768,2904,7449760,22132800,958,707,707,0,0,0,0,0,0,0,0,0.061,0.068,0.000,0,0,0,707,707,0,0
travel,3.773,90.5,192.527,192.527,fly,0.817,ok,2601,0,0,192.00,271888384,358514688,114090264,95883264,18123768,2904,11174640,22132800,958,808,808,0,0,0,0,0,0,0,0,0.061,0.064,0.000,0,0,0,808,808,0,0
travel,3.803,91.3,193.042,193.042,fly,1.014,ok,2601,0,0,192.00,271888384,358514688,114090264,95883264,18123768,2904,11174640,22132800,958,808,808,0,0,0,0,0,0,0,0,0.224,0.071,0.000,0,0,0,808,808,0,0
travel,3.833,92.0,193.551,193.551,fly,0.812,ok,2601,0,0,192.00,271888384,358514688,114090264,95883264,18123768,2904,11174640,22132800,958,808,808,0,0,0,0,0,0,0,0,0.059,0.068,0.000,0,0,0,808,808,0,0
travel,3.863,92.7,194.063,194.063,fly,0.808,ok,2601,0,0,192.00,271888384,358514688,114090264,95883264,18123768,2904,11174640,22132800,958,808,808,0,0,0,0,0,0,0,0,0.060,0.063,0.000,0,0,0,808,808,0,0
travel,3.893,93.4,194.575,194.575,fly,0.849,ok,2601,0,0,192.00,271888384,358514688,114090264,95883264,18123768,2904,11174640,22132800,958,808,808,0,0,0,0,0,0,0,0,0.061,0.069,0.000,0,0,0,808,808,0,0
travel,3.923,94.2,195.084,195.084,fly,0.808,ok,2601,0,0,192.00,271888384,358514688,114090264,95883264,18123768,2904,11174640,22132800,958,808,808,0,0,0,0,0,0,0,0,0.059,0.067,0.000,0,0,0,808,808,0,0
travel,3.954,94.9,195.602,195.602,fly,0.804,ok,2601,0,0,192.00,271888384,358514688,114090264,95883264,18123768,2904,11174640,22132800,958,808,808,0,0,0,0,0,0,0,0,0.059,0.065,0.000,0,0,0,808,808,0,0
travel,3.984,95.6,196.111,196.111,fly,0.861,ok,2601,0,0,192.00,271888384,358514688,114090264,95883264,18123768,2904,7449760,22132800,958,808,808,0,0,0,0,0,0,0,0,0.064,0.075,0.000,0,0,0,808,808,0,0
travel,4.014,96.3,196.628,196.628,fly,0.789,ok,2601,0,0,192.00,271888384,358514688,114090264,95883264,18123768,2904,7449760,22132800,958,808,808,0,0,0,0,0,0,0,0,0.059,0.063,0.000,0,0,0,808,808,0,0
travel,4.045,97.1,197.139,197.139,fly,0.797,ok,2601,0,0,192.00,271888384,358514688,114090264,95883264,18123768,2904,7449760,22132800,958,808,808,0,0,0,0,0,0,0,0,0.059,0.064,0.000,0,0,0,808,808,0,0
travel,4.075,97.8,197.648,197.648,fly,0.811,ok,2601,0,0,192.00,271888384,358514688,114090264,95883264,18123768,2904,7449760,22132800,958,808,808,0,0,0,0,0,0,0,0,0.060,0.066,0.000,0,0,0,808,808,0,0
travel,4.105,98.5,198.158,198.158,fly,0.822,ok,2601,0,0,192.00,271888384,358514688,114090264,95883264,18123768,2904,7449760,22132800,958,808,808,0,0,0,0,0,0,0,0,0.059,0.071,0.000,0,0,0,808,808,0,0
travel,4.135,99.2,198.668,198.668,fly,0.851,ok,2601,0,0,192.00,271892480,358514688,114090264,95883264,18123768,2904,7449760,22132800,958,808,808,0,0,0,0,0,0,0,0,0.060,0.078,0.000,0,0,0,808,808,0,0
travel,4.165,100.0,199.177,199.177,fly,0.794,ok,2601,0,0,192.00,271892480,358514688,114090264,95883264,18123768,2904,7449760,22132800,958,808,808,0,0,0,0,0,0,0,0,0.058,0.062,0.000,0,0,0,808,808,0,0
travel,4.195,100.7,199.686,199.686,fly,0.820,ok,2601,0,0,192.00,271896576,358514688,114090264,95883264,18123768,2904,7449760,22132800,958,808,808,0,0,0,0,0,0,0,0,0.059,0.068,0.000,0,0,0,808,808,0,0
travel,4.232,101.6,200.328,200.328,fly,0.842,ok,2601,0,0,192.00,272760832,362192896,114090264,95883264,18123768,2904,11174640,22132800,958,909,909,0,0,0,0,0,0,0,0,0.061,0.071,0.000,0,0,0,909,909,0,0
travel,4.262,102.3,200.837,200.837,fly,0.814,ok,2601,0,0,192.00,272760832,362192896,114090264,95883264,18123768,2904,11174640,22132800,958,909,909,0,0,0,0,0,0,0,0,0.060,0.064,0.000,0,0,0,909,909,0,0
travel,4.293,103.0,201.350,201.350,fly,0.814,ok,2601,0,0,192.00,272760832,362192896,114090264,95883264,18123768,2904,11174640,22132800,958,909,909,0,0,0,0,0,0,0,0,0.063,0.066,0.000,0,0,0,909,909,0,0
travel,4.323,103.7,201.860,201.860,fly,0.813,ok,2601,0,0,192.00,272760832,362192896,114090264,95883264,18123768,2904,11174640,22132800,958,909,909,0,0,0,0,0,0,0,0,0.060,0.064,0.000,0,0,0,909,909,0,0
travel,4.353,104.5,202.376,202.376,fly,0.808,ok,2601,0,0,192.00,272760832,362192896,114090264,95883264,18123768,2904,11174640,22132800,958,909,909,0,0,0,0,0,0,0,0,0.059,0.065,0.000,0,0,0,909,909,0,0
travel,4.383,105.2,202.889,202.889,fly,0.818,ok,2601,0,0,192.00,272760832,362192896,114090264,95883264,18123768,2904,11174640,22132800,958,909,909,0,0,0,0,0,0,0,0,0.062,0.067,0.000,0,0,0,909,909,0,0
travel,4.414,105.9,203.402,203.402,fly,0.885,ok,2601,0,0,192.00,272760832,362192896,114090264,95883264,18123768,2904,11174640,22132800,958,909,909,0,0,0,0,0,0,0,0,0.062,0.083,0.000,0,0,0,909,909,0,0
travel,4.444,106.7,203.918,203.918,fly,0.796,ok,2601,0,0,192.00,272760832,362192896,114090264,95883264,18123768,2904,7449760,22132800,958,909,909,0,0,0,0,0,0,0,0,0.060,0.063,0.001,0,0,0,909,909,0,0
travel,4.474,107.4,204.427,204.427,fly,0.801,ok,2601,0,0,192.00,272760832,362192896,114090264,95883264,18123768,2904,7449760,22132800,958,909,909,0,0,0,0,0,0,0,0,0.059,0.066,0.000,0,0,0,909,909,0,0
travel,4.504,108.1,204.937,204.937,fly,0.794,ok,2601,0,0,192.00,272760832,362192896,114090264,95883264,18123768,2904,7449760,22132800,958,909,909,0,0,0,0,0,0,0,0,0.059,0.066,0.000,0,0,0,909,909,0,0
travel,4.534,108.8,205.446,205.446,fly,0.799,ok,2601,0,0,192.00,272760832,362192896,114090264,95883264,18123768,2904,7449760,22132800,958,909,909,0,0,0,0,0,0,0,0,0.058,0.063,0.000,0,0,0,909,909,0,0
travel,4.564,109.5,205.960,205.960,fly,0.928,ok,2601,0,0,192.00,272760832,362192896,114090264,95883264,18123768,2904,7449760,22132800,958,909,909,0,0,0,0,0,0,0,0,0.069,0.110,0.000,0,0,0,909,909,0,0
travel,4.595,110.3,206.473,206.473,fly,0.999,ok,2601,0,0,192.00,272760832,362192896,114090264,95883264,18123768,2904,7449760,22132800,958,909,909,0,0,0,0,0,0,0,0,0.250,0.065,0.000,0,0,0,909,909,0,0
travel,4.625,111.0,206.982,206.982,fly,0.841,ok,2601,0,0,192.00,272760832,362192896,114090264,95883264,18123768,2904,7449760,22132800,958,909,909,0,0,0,0,0,0,0,0,0.061,0.070,0.000,0,0,0,909,909,0,0
travel,4.655,111.7,207.495,207.495,fly,0.806,ok,2601,0,0,192.00,272760832,362192896,114090264,95883264,18123768,2904,7449760,22132800,958,909,909,0,0,0,0,0,0,0,0,0.059,0.066,0.000,0,0,0,909,909,0,0
travel,4.685,112.4,208.010,208.010,fly,4.090,ok,2537,64,87,192.00,273428480,362258432,111282968,93523968,17677816,2904,11174640,15714168,958,946,1010,37,101,37,37,37,0,0,65536,0.352,0.080,0.000,0,0,0,946,946,0,0
travel,4.723,113.4,208.653,208.653,fly,0.833,ok,2601,0,0,192.00,273592320,362782720,114090264,95883264,18123768,2904,11174640,22132800,958,1010,1010,0,0,0,0,0,0,0,0,0.061,0.071,0.000,0,0,0,1010,1010,0,0
travel,4.753,114.1,209.164,209.164,fly,0.818,ok,2601,0,0,192.00,273592320,362782720,114090264,95883264,18123768,2904,11174640,22132800,958,1010,1010,0,0,0,0,0,0,0,0,0.060,0.071,0.000,0,0,0,1010,1010,0,0
travel,4.783,114.8,209.675,209.675,fly,0.798,ok,2601,0,0,192.00,273592320,362782720,114090264,95883264,18123768,2904,11174640,22132800,958,1010,1010,0,0,0,0,0,0,0,0,0.061,0.066,0.000,0,0,0,1010,1010,0,0
travel,4.813,115.5,210.186,210.186,fly,0.839,ok,2601,0,0,192.00,273592320,362782720,114090264,95883264,18123768,2904,11174640,22132800,958,1010,1010,0,0,0,0,0,0,0,0,0.060,0.088,0.000,0,0,0,1010,1010,0,0
travel,4.843,116.2,210.695,210.695,fly,0.799,ok,2601,0,0,192.00,273592320,362782720,114090264,95883264,18123768,2904,11174640,22132800,958,1010,1010,0,0,0,0,0,0,0,0,0.060,0.065,0.000,0,0,0,1010,1010,0,0
travel,4.873,117.0,211.204,211.204,fly,0.838,ok,2601,0,0,192.00,273592320,362782720,114090264,95883264,18123768,2904,11174640,22132800,958,1010,1010,0,0,0,0,0,0,0,0,0.060,0.068,0.000,0,0,0,1010,1010,0,0
travel,4.903,117.7,211.714,211.714,fly,0.799,ok,2601,0,0,192.00,273592320,362782720,114090264,95883264,18123768,2904,11174640,22132800,958,1010,1010,0,0,0,0,0,0,0,0,0.061,0.064,0.000,0,0,0,1010,1010,0,0
travel,4.933,118.4,212.226,212.226,fly,0.799,ok,2601,0,0,192.00,273592320,362782720,114090264,95883264,18123768,2904,7449760,22132800,958,1010,1010,0,0,0,0,0,0,0,0,0.059,0.064,0.000,0,0,0,1010,1010,0,0
travel,4.964,119.1,212.736,212.736,fly,0.820,ok,2601,0,0,192.00,273592320,362782720,114090264,95883264,18123768,2904,7449760,22132800,958,1010,1010,0,0,0,0,0,0,0,0,0.059,0.068,0.000,0,0,0,1010,1010,0,0
travel,4.994,119.9,213.248,213.248,fly,0.800,ok,2601,0,0,192.00,273592320,362782720,114090264,95883264,18123768,2904,7449760,22132800,958,1010,1010,0,0,0,0,0,0,0,0,0.059,0.063,0.000,0,0,0,1010,1010,0,0
travel,5.024,120.6,213.761,213.761,fly,0.831,ok,2601,0,0,192.00,273592320,362782720,114090264,95883264,18123768,2904,7449760,22132800,958,1010,1010,0,0,0,0,0,0,0,0,0.060,0.071,0.000,0,0,0,1010,1010,0,0
travel,5.054,121.3,214.274,214.274,fly,0.845,ok,2601,0,0,192.00,273592320,362782720,114090264,95883264,18123768,2904,7449760,22132800,958,1010,1010,0,0,0,0,0,0,0,0,0.059,0.071,0.000,0,0,0,1010,1010,0,0
travel,5.084,122.0,214.785,214.785,fly,0.809,ok,2601,0,0,192.00,273592320,362782720,114090264,95883264,18123768,2904,7449760,22132800,958,1010,1010,0,0,0,0,0,0,0,0,0.059,0.066,0.000,0,0,0,1010,1010,0,0
travel,5.115,122.8,215.301,215.301,fly,0.885,ok,2601,0,0,192.00,273592320,362782720,114090264,95883264,18123768,2904,7449760,22132800,958,1010,1010,0,0,0,0,0,0,0,0,0.133,0.063,0.000,0,0,0,1010,1010,0,0
travel,5.145,123.5,215.810,215.810,fly,0.824,ok,2601,0,0,192.00,273592320,362782720,114090264,95883264,18123768,2904,7449760,22132800,958,1010,1010,0,0,0,0,0,0,0,0,0.059,0.071,0.000,0,0,0,1010,1010,0,0
travel,5.182,124.4,216.447,216.447,fly,0.813,ok,2601,0,0,192.00,274935808,363831296,114090264,95883264,18123768,2904,11174640,22132800,958,1111,1111,0,0,0,0,0,0,0,0,0.060,0.064,0.000,0,0,0,1111,1111,0,0
travel,5.212,125.1,216.957,216.957,fly,0.813,ok,2601,0,0,192.00,274939904,363831296,114090264,95883264,18123768,2904,11174640,22132800,958,1111,1111,0,0,0,0,0,0,0,0,0.060,0.066,0.000,0,0,0,1111,1111,0,0
travel,5.242,125.8,217.467,217.467,fly,0.818,ok,2601,0,0,192.00,274944000,363831296,114090264,95883264,18123768,2904,11174640,22132800,958,1111,1111,0,0,0,0,0,0,0,0,0.060,0.064,0.000,0,0,0,1111,1111,0,0
travel,5.272,126.5,217.979,217.979,fly,0.818,ok,2601,0,0,192.00,274944000,363831296,114090264,95883264,18123768,2904,11174640,22132800,958,1111,1111,0,0,0,0,0,0,0,0,0.060,0.067,0.000,0,0,0,1111,1111,0,0
travel,5.303,127.3,218.499,218.499,fly,1.008,ok,2601,0,0,192.00,274944000,363831296,114090264,95883264,18123768,2904,11174640,22132800,958,1111,1111,0,0,0,0,0,0,0,0,0.135,0.098,0.000,0,0,0,1111,1111,0,0
travel,5.334,128.0,219.018,219.018,fly,0.876,ok,2601,0,0,192.00,274944000,363831296,114090264,95883264,18123768,2904,11174640,22132800,958,1111,1111,0,0,0,0,0,0,0,0,0.061,0.073,0.000,0,0,0,1111,1111,0,0
travel,5.364,128.7,219.536,219.536,fly,0.815,ok,2601,0,0,192.00,274944000,363831296,114090264,95883264,18123768,2904,11174640,22132800,958,1111,1111,0,0,0,0,0,0,0,0,0.060,0.068,0.000,0,0,0,1111,1111,0,0
travel,5.394,129.5,220.049,220.049,fly,0.795,ok,2601,0,0,192.00,274944000,363831296,114090264,95883264,18123768,2904,7449760,22132800,958,1111,1111,0,0,0,0,0,0,0,0,0.060,0.065,0.000,0,0,0,1111,1111,0,0
travel,5.425,130.2,220.561,220.561,fly,0.880,ok,2601,0,0,192.00,274944000,363831296,114090264,95883264,18123768,2904,7449760,22132800,958,1111,1111,0,0,0,0,0,0,0,0,0.130,0.068,0.000,0,0,0,1111,1111,0,0
travel,5.455,130.9,221.073,221.073,fly,0.851,ok,2601,0,0,192.00,274944000,363831296,114090264,95883264,18123768,2904,7449760,22132800,958,1111,1111,0,0,0,0,0,0,0,0,0.060,0.072,0.000,0,0,0,1111,1111,0,0
travel,5.485,131.6,221.584,221.584,fly,0.811,ok,2601,0,0,192.00,274944000,363831296,114090264,95883264,18123768,2904,7449760,22132800,958,1111,1111,0,0,0,0,0,0,0,0,0.060,0.065,0.000,0,0,0,1111,1111,0,0
travel,5.515,132.4,222.097,222.097,fly,0.812,ok,2601,0,0,192.00,274944000,363831296,114090264,95883264,18123768,2904,7449760,22132800,958,1111,1111,0,0,0,0,0,0,0,0,0.059,0.064,0.000,0,0,0,1111,1111,0,0
travel,5.546,133.1,222.614,222.614,fly,0.819,ok,2601,0,0,192.00,274944000,363831296,114090264,95883264,18123768,2904,7449760,22132800,958,1111,1111,0,0,0,0,0,0,0,0,0.059,0.066,0.000,0,0,0,1111,1111,0,0
travel,5.576,133.8,223.128,223.128,fly,0.864,ok,2601,0,0,192.00,274944000,363831296,114090264,95883264,18123768,2904,7449760,22132800,958,1111,1111,0,0,0,0,0,0,0,0,0.063,0.082,0.000,0,0,0,1111,1111,0,0
travel,5.606,134.5,223.639,223.639,fly,0.811,ok,2601,0,0,192.00,274944000,363831296,114090264,95883264,18123768,2904,7449760,22132800,958,1111,1111,0,0,0,0,0,0,0,0,0.059,0.064,0.000,0,0,0,1111,1111,0,0
travel,5.644,135.5,224.286,224.286,fly,0.850,ok,2601,0,0,192.00,275402752,364228608,114090264,95883264,18123768,2904,11174640,22132800,958,1212,1212,0,0,0,0,0,0,0,0,0.061,0.067,0.000,0,0,0,1212,1212,0,0
travel,5.674,136.2,224.799,224.799,fly,0.810,ok,2601,0,0,192.00,275402752,364228608,114090264,95883264,18123768,2904,11174640,22132800,958,1212,1212,0,0,0,0,0,0,0,0,0.060,0.064,0.000,0,0,0,1212,1212,0,0
travel,5.704,136.9,225.310,225.310,fly,0.828,ok,2601,0,0,192.00,275402752,364228608,114090264,95883264,18123768,2904,11174640,22132800,958,1212,1212,0,0,0,0,0,0,0,0,0.059,0.070,0.000,0,0,0,1212,1212,0,0
travel,5.734,137.6,225.820,225.820,fly,0.815,ok,2601,0,0,192.00,275406848,364228608,114090264,95883264,18123768,2904,11174640,22132800,958,1212,1212,0,0,0,0,0,0,0,0,0.059,0.061,0.000,0,0,0,1212,1212,0,0
travel,5.765,138.4,226.332,226.332,fly,0.813,ok,2601,0,0,192.00,275410944,364228608,114090264,95883264,18123768,2904,11174640,22132800,958,1212,1212,0,0,0,0,0,0,0,0,0.060,0.066,0.000,0,0,0,1212,1212,0,0
travel,5.795,139.1,226.841,226.841,fly,1.016,ok,2601,0,0,192.00,275410944,364228608,114090264,95883264,18123768,2904,11174640,22132800,958,1212,1212,0,0,0,0,0,0,0,0,0.259,0.067,0.000,0,0,0,1212,1212,0,0
travel,5.825,139.8,227.351,227.351,fly,0.833,ok,2601,0,0,192.00,275410944,364228608,114090264,95883264,18123768,2904,11174640,22132800,958,1212,1212,0,0,0,0,0,0,0,0,0.061,0.069,0.000,0,0,0,1212,1212,0,0
travel,5.855,140.5,227.863,227.863,fly,0.820,ok,2601,0,0,192.00,275410944,364228608,114090264,95883264,18123768,2904,11174640,22132800,958,1212,1212,0,0,0,0,0,0,0,0,0.061,0.067,0.000,0,0,0,1212,1212,0,0
travel,5.885,141.2,228.375,228.375,fly,0.804,ok,2601,0,0,192.00,275410944,364228608,114090264,95883264,18123768,2904,7449760,22132800,958,1212,1212,0,0,0,0,0,0,0,0,0.060,0.071,0.000,0,0,0,1212,1212,0,0
travel,5.915,142.0,228.884,228.884,fly,0.801,ok,2601,0,0,192.00,275410944,364228608,114090264,95883264,18123768,2904,7449760,22132800,958,1212,1212,0,0,0,0,0,0,0,0,0.060,0.064,0.000,0,0,0,1212,1212,0,0
travel,5.945,142.7,229.394,229.394,fly,0.819,ok,2601,0,0,192.00,275410944,364228608,114090264,95883264,18123768,2904,7449760,22132800,958,1212,1212,0,0,0,0,0,0,0,0,0.060,0.067,0.000,0,0,0,1212,1212,0,0
travel,5.975,143.4,229.907,229.907,fly,0.809,ok,2601,0,0,192.00,275410944,364228608,114090264,95883264,18123768,2904,7449760,22132800,958,1212,1212,0,0,0,0,0,0,0,0,0.060,0.063,0.000,0,0,0,1212,1212,0,0
travel,6.005,144.1,230.416,230.416,fly,0.799,ok,2601,0,0,192.00,275410944,364228608,114090264,95883264,18123768,2904,7449760,22132800,958,1212,1212,0,0,0,0,0,0,0,0,0.059,0.063,0.000,0,0,0,1212,1212,0,0
travel,6.036,144.9,230.939,230.939,fly,1.259,ok,2601,0,0,192.00,275410944,364228608,114090264,95883264,18123768,2904,7449760,22132800,958,1212,1212,0,0,0,0,0,0,0,0,0.069,0.141,0.000,0,0,0,1212,1212,0,0
travel,6.068,145.6,231.474,231.474,fly,0.816,ok,2601,0,0,192.00,275410944,364228608,114090264,95883264,18123768,2904,7449760,22132800,958,1212,1212,0,0,0,0,0,0,0,0,0.059,0.068,0.000,0,0,0,1212,1212,0,0
travel,6.098,146.4,231.987,231.987,fly,0.809,ok,2601,0,0,192.00,275410944,364228608,114090264,95883264,18123768,2904,7449760,22132800,958,1212,1212,0,0,0,0,0,0,0,0,0.059,0.065,0.000,0,0,0,1212,1212,0,0
travel,6.136,147.3,232.640,232.640,fly,0.811,ok,2601,0,0,192.00,275808256,366854144,114090264,95883264,18123768,2904,11174640,22132800,958,1313,1313,0,0,0,0,0,0,0,0,0.059,0.065,0.000,0,0,0,1313,1313,0,0
travel,6.166,148.0,233.152,233.152,fly,0.834,ok,2601,0,0,192.00,275808256,366854144,114090264,95883264,18123768,2904,11174640,22132800,958,1313,1313,0,0,0,0,0,0,0,0,0.062,0.068,0.000,0,0,0,1313,1313,0,0
travel,6.196,148.7,233.661,233.661,fly,0.804,ok,2601,0,0,192.00,275808256,366854144,114090264,95883264,18123768,2904,11174640,22132800,958,1313,1313,0,0,0,0,0,0,0,0,0.059,0.067,0.000,0,0,0,1313,1313,0,0
travel,6.227,149.4,234.171,234.171,fly,0.799,ok,2601,0,0,192.00,275808256,366854144,114090264,95883264,18123768,2904,11174640,22132800,958,1313,1313,0,0,0,0,0,0,0,0,0.060,0.063,0.000,0,0,0,1313,1313,0,0
travel,6.257,150.2,234.681,234.681,fly,0.814,ok,2601,0,0,192.00,275812352,366854144,114090264,95883264,18123768,2904,11174640,22132800,958,1313,1313,0,0,0,0,0,0,0,0,0.061,0.064,0.000,0,0,0,1313,1313,0,0
travel,6.287,150.9,235.193,235.193,fly,0.809,ok,2601,0,0,192.00,275816448,366854144,114090264,95883264,18123768,2904,11174640,22132800,958,1313,1313,0,0,0,0,0,0,0,0,0.060,0.065,0.000,0,0,0,1313,1313,0,0
travel,6.317,151.6,235.709,235.709,fly,0.820,ok,2601,0,0,192.00,275816448,366854144,114090264,95883264,18123768,2904,11174640,22132800,958,1313,1313,0,0,0,0,0,0,0,0,0.059,0.067,0.000,0,0,0,1313,1313,0,0
travel,6.347,152.3,236.219,236.219,fly,0.807,ok,2601,0,0,192.00,275816448,366854144,114090264,95883264,18123768,2904,7449760,22132800,958,1313,1313,0,0,0,0,0,0,0,0,0.060,0.064,0.000,0,0,0,1313,1313,0,0
travel,6.377,153.1,236.728,236.728,fly,1.260,ok,2601,0,0,192.00,275816448,366854144,114090264,95883264,18123768,2904,7449760,22132800,958,1313,1313,0,0,0,0,0,0,0,0,0.505,0.070,0.000,0,0,0,1313,1313,0,0
travel,6.408,153.8,237.244,237.244,fly,0.847,ok,2601,0,0,192.00,275816448,366854144,114090264,95883264,18123768,2904,7449760,22132800,958,1313,1313,0,0,0,0,0,0,0,0,0.060,0.074,0.000,0,0,0,1313,1313,0,0
travel,6.438,154.5,237.755,237.755,fly,0.807,ok,2601,0,0,192.00,275816448,366854144,114090264,95883264,18123768,2904,7449760,22132800,958,1313,1313,0,0,0,0,0,0,0,0,0.060,0.065,0.000,0,0,0,1313,1313,0,0
travel,6.468,155.2,238.267,238.267,fly,0.816,ok,2601,0,0,192.00,275816448,366854144,114090264,95883264,18123768,2904,7449760,22132800,958,1313,1313,0,0,0,0,0,0,0,0,0.059,0.068,0.000,0,0,0,1313,1313,0,0
travel,6.498,156.0,238.781,238.781,fly,0.811,ok,2601,0,0,192.00,275816448,366854144,114090264,95883264,18123768,2904,7449760,22132800,958,1313,1313,0,0,0,0,0,0,0,0,0.060,0.067,0.000,0,0,0,1313,1313,0,0
travel,6.528,156.7,239.291,239.291,fly,0.808,ok,2601,0,0,192.00,275816448,366854144,114090264,95883264,18123768,2904,7449760,22132800,958,1313,1313,0,0,0,0,0,0,0,0,0.059,0.065,0.000,0,0,0,1313,1313,0,0
travel,6.558,157.4,239.805,239.805,fly,0.847,ok,2601,0,0,192.00,275816448,366854144,114090264,95883264,18123768,2904,7449760,22132800,958,1313,1313,0,0,0,0,0,0,0,0,0.059,0.071,0.000,0,0,0,1313,1313,0,0
travel,6.596,158.3,240.448,240.448,fly,0.808,ok,2601,0,0,192.00,277073920,367906816,114090264,95883264,18123768,2904,11174640,22132800,958,1414,1414,0,0,0,0,0,0,0,0,0.059,0.064,0.000,0,0,0,1414,1414,0,0
travel,6.627,159.0,240.960,240.960,fly,0.816,ok,2601,0,0,192.00,277073920,367906816,114090264,95883264,18123768,2904,11174640,22132800,958,1414,1414,0,0,0,0,0,0,0,0,0.060,0.067,0.000,0,0,0,1414,1414,0,0
travel,6.657,159.8,241.472,241.472,fly,0.906,ok,2601,0,0,192.00,277073920,367906816,114090264,95883264,18123768,2904,11174640,22132800,958,1414,1414,0,0,0,0,0,0,0,0,0.059,0.152,0.000,0,0,0,1414,1414,0,0
travel,6.687,160.5,241.987,241.987,fly,0.817,ok,2601,0,0,192.00,277073920,367906816,114090264,95883264,18123768,2904,11174640,22132800,958,1414,1414,0,0,0,0,0,0,0,0,0.061,0.067,0.000,0,0,0,1414,1414,0,0
travel,6.717,161.2,242.500,242.500,fly,0.814,ok,2601,0,0,192.00,277073920,367906816,114090264,95883264,18123768,2904,11174640,22132800,958,1414,1414,0,0,0,0,0,0,0,0,0.060,0.065,0.000,0,0,0,1414,1414,0,0
travel,6.747,161.9,243.011,243.011,fly,0.860,ok,2601,0,0,192.00,277073920,367906816,114090264,95883264,18123768,2904,11174640,22132800,958,1414,1414,0,0,0,0,0,0,0,0,0.060,0.064,0.000,0,0,0,1414,1414,0,0
travel,6.778,162.7,243.536,243.536,fly,0.908,ok,2601,0,0,192.00,277078016,367906816,114090264,95883264,18123768,2904,11174640,22132800,958,1414,1414,0,0,0,0,0,0,0,0,0.063,0.099,0.000,0,0,0,1414,1414,0,0
travel,6.809,163.4,244.049,244.049,fly,0.819,ok,2601,0,0,192.00,277082112,367906816,114090264,95883264,18123768,2904,7449760,22132800,958,1414,1414,0,0,0,0,0,0,0,0,0.061,0.065,0.000,0,0,0,1414,1414,0,0
travel,6.839,164.1,244.570,244.570,fly,0.813,ok,2601,0,0,192.00,277082112,367906816,114090264,95883264,18123768,2904,7449760,22132800,958,1414,1414,0,0,0,0,0,0,0,0,0.060,0.065,0.000,0,0,0,1414,1414,0,0
travel,6.870,164.9,245.085,245.085,fly,0.925,ok,2601,0,0,192.00,277082112,367906816,114090264,95883264,18123768,2904,7449760,22132800,958,1414,1414,0,0,0,0,0,0,0,0,0.132,0.074,0.000,0,0,0,1414,1414,0,0
travel,6.900,165.6,245.596,245.596,fly,0.816,ok,2601,0,0,192.00,277082112,367906816,114090264,95883264,18123768,2904,7449760,22132800,958,1414,1414,0,0,0,0,0,0,0,0,0.059,0.067,0.000,0,0,0,1414,1414,0,0
travel,6.930,166.3,246.106,246.106,fly,0.825,ok,2601,0,0,192.00,277082112,367906816,114090264,95883264,18123768,2904,7449760,22132800,958,1414,1414,0,0,0,0,0,0,0,0,0.059,0.066,0.000,0,0,0,1414,1414,0,0
travel,6.960,167.0,246.615,246.615,fly,0.810,ok,2601,0,0,192.00,277082112,367906816,114090264,95883264,18123768,2904,7449760,22132800,958,1414,1414,0,0,0,0,0,0,0,0,0.059,0.066,0.000,0,0,0,1414,1414,0,0
travel,6.990,167.8,247.128,247.128,fly,0.818,ok,2601,0,0,192.00,277082112,367906816,114090264,95883264,18123768,2904,7449760,22132800,958,1414,1414,0,0,0,0,0,0,0,0,0.059,0.065,0.000,0,0,0,1414,1414,0,0
travel,7.020,168.5,247.640,247.640,fly,0.806,ok,2601,0,0,192.00,277082112,367906816,114090264,95883264,18123768,2904,7449760,22132800,958,1414,1414,0,0,0,0,0,0,0,0,0.058,0.067,0.000,0,0,0,1414,1414,0,0
travel,7.058,169.4,248.275,248.275,fly,0.804,ok,2601,0,0,192.00,277663744,368431104,114090264,95883264,18123768,2904,11174640,22132800,958,1515,1515,0,0,0,0,0,0,0,0,0.060,0.064,0.000,0,0,0,1515,1515,0,0
travel,7.088,170.1,248.788,248.788,fly,0.802,ok,2601,0,0,192.00,277663744,368431104,114090264,95883264,18123768,2904,11174640,22132800,958,1515,1515,0,0,0,0,0,0,0,0,0.061,0.066,0.000,0,0,0,1515,1515,0,0
travel,7.118,170.8,249.299,249.299,fly,0.799,ok,2601,0,0,192.00,277663744,368431104,114090264,95883264,18123768,2904,11174640,22132800,958,1515,1515,0,0,0,0,0,0,0,0,0.060,0.063,0.000,0,0,0,1515,1515,0,0
travel,7.148,171.6,249.818,249.818,fly,0.908,ok,2601,0,0,192.00,277663744,368431104,114090264,95883264,18123768,2904,11174640,22132800,958,1515,1515,0,0,0,0,0,0,0,0,0.062,0.095,0.000,0,0,0,1515,1515,0,0
travel,7.179,172.3,250.329,250.329,fly,0.849,ok,2601,0,0,192.00,277663744,368431104,114090264,95883264,18123768,2904,11174640,22132800,958,1515,1515,0,0,0,0,0,0,0,0,0.060,0.072,0.000,0,0,0,1515,1515,0,0
travel,7.209,173.0,250.839,250.839,fly,0.811,ok,2601,0,0,192.00,277663744,368431104,114090264,95883264,18123768,2904,11174640,22132800,958,1515,1515,0,0,0,0,0,0,0,0,0.060,0.066,0.000,0,0,0,1515,1515,0,0
travel,7.239,173.7,251.351,251.351,fly,0.807,ok,2601,0,0,192.00,277663744,368431104,114090264,95883264,18123768,2904,11174640,22132800,958,1515,1515,0,0,0,0,0,0,0,0,0.060,0.065,0.000,0,0,0,1515,1515,0,0
travel,7.269,174.5,251.861,251.861,fly,0.823,ok,2601,0,0,192.00,277663744,368431104,114090264,95883264,18123768,2904,11174640,22132800,958,1515,1515,0,0,0,0,0,0,0,0,0.059,0.064,0.000,0,0,0,1515,1515,0,0
travel,7.299,175.2,252.374,252.374,fly,0.880,ok,2601,0,0,192.00,277667840,368431104,114090264,95883264,18123768,2904,7449760,22132800,958,1515,1515,0,0,0,0,0,0,0,0,0.060,0.130,0.000,0,0,0,1515,1515,0,0
travel,7.329,175.9,252.885,252.885,fly,0.807,ok,2601,0,0,192.00,277671936,368431104,114090264,95883264,18123768,2904,7449760,22132800,958,1515,1515,0,0,0,0,0,0,0,0,0.059,0.063,0.000,0,0,0,1515,1515,0,0
travel,7.359,176.6,253.397,253.397,fly,0.880,ok,2601,0,0,192.00,277671936,368431104,114090264,95883264,18123768,2904,7449760,22132800,958,1515,1515,0,0,0,0,0,0,0,0,0.129,0.064,0.000,0,0,0,1515,1515,0,0
travel,7.389,177.4,253.908,253.908,fly,0.830,ok,2601,0,0,192.00,277671936,368431104,114090264,95883264,18123768,2904,7449760,22132800,958,1515,1515,0,0,0,0,0,0,0,0,0.060,0.071,0.000,0,0,0,1515,1515,0,0
travel,7.419,178.1,254.417,254.417,fly,0.795,ok,2601,0,0,192.00,277671936,368431104,114090264,95883264,18123768,2904,7449760,22132800,958,1515,1515,0,0,0,0,0,0,0,0,0.060,0.062,0.000,0,0,0,1515,1515,0,0
travel,7.450,178.8,254.927,254.927,fly,0.796,ok,2601,0,0,192.00,277671936,368431104,114090264,95883264,18123768,2904,7449760,22132800,958,1515,1515,0,0,0,0,0,0,0,0,0.061,0.062,0.000,0,0,0,1515,1515,0,0
travel,7.480,179.5,255.438,255.438,fly,0.797,ok,2601,0,0,192.00,277671936,368431104,114090264,95883264,18123768,2904,7449760,22132800,958,1515,1515,0,0,0,0,0,0,0,0,0.060,0.065,0.000,0,0,0,1515,1515,0,0
travel,7.510,180.2,255.947,255.947,fly,0.811,ok,2601,0,0,192.00,276606976,367366144,114090264,95883264,18123768,2904,7449760,22132800,958,1515,1515,0,0,0,0,0,0,0,0,0.060,0.062,0.000,0,0,0,1515,1515,0,0
travel,7.547,181.1,256.587,256.587,fly,0.838,ok,2601,0,0,192.00,277135360,367890432,114090264,95883264,18123768,2904,11174640,22132800,958,1616,1616,0,0,0,0,0,0,0,0,0.060,0.068,0.000,0,0,0,1616,1616,0,0
travel,7.578,181.9,257.101,257.101,fly,0.825,ok,2601,0,0,192.00,277135360,367890432,114090264,95883264,18123768,2904,11174640,22132800,958,1616,1616,0,0,0,0,0,0,0,0,0.060,0.067,0.000,0,0,0,1616,1616,0,0
travel,7.608,182.6,257.611,257.611,fly,0.937,ok,2601,0,0,192.00,277139456,367890432,114090264,95883264,18123768,2904,11174640,22132800,958,1616,1616,0,0,0,0,0,0,0,0,0.186,0.067,0.000,0,0,0,1616,1616,0,0
travel,7.638,183.3,258.120,258.120,fly,0.816,ok,2601,0,0,192.00,277139456,367890432,114090264,95883264,18123768,2904,11174640,22132800,958,1616,1616,0,0,0,0,0,0,0,0,0.060,0.067,0.000,0,0,0,1616,1616,0,0
travel,7.668,184.0,258.635,258.635,fly,0.820,ok,2601,0,0,192.00,277139456,367890432,114090264,95883264,18123768,2904,11174640,22132800,958,1616,1616,0,0,0,0,0,0,0,0,0.061,0.068,0.000,0,0,0,1616,1616,0,0
travel,7.698,184.8,259.147,259.147,fly,0.811,ok,2601,0,0,192.00,277139456,367890432,114090264,95883264,18123768,2904,11174640,22132800,958,1616,1616,0,0,0,0,0,0,0,0,0.059,0.065,0.000,0,0,0,1616,1616,0,0
travel,7.728,185.5,259.658,259.658,fly,0.812,ok,2601,0,0,192.00,277139456,367890432,114090264,95883264,18123768,2904,11174640,22132800,958,1616,1616,0,0,0,0,0,0,0,0,0.059,0.069,0.000,0,0,0,1616,1616,0,0
travel,7.758,186.2,260.167,260.167,fly,1.010,ok,2601,0,0,192.00,277139456,367890432,114090264,95883264,18123768,2904,7449760,22132800,958,1616,1616,0,0,0,0,0,0,0,0,0.071,0.114,0.000,0,0,0,1616,1616,0,0
travel,7.788,186.9,260.679,260.679,fly,0.803,ok,2601,0,0,192.00,277139456,367890432,114090264,95883264,18123768,2904,7449760,22132800,958,1616,1616,0,0,0,0,0,0,0,0,0.059,0.063,0.000,0,0,0,1616,1616,0,0
travel,7.818,187.6,261.189,261.189,fly,0.815,ok,2601,0,0,192.00,277143552,367890432,114090264,95883264,18123768,2904,7449760,22132800,958,1616,1616,0,0,0,0,0,0,0,0,0.059,0.063,0.000,0,0,0,1616,1616,0,0
travel,7.848,188.4,261.698,261.698,fly,0.808,ok,2601,0,0,192.00,277147648,367890432,114090264,95883264,18123768,2904,7449760,22132800,958,1616,1616,0,0,0,0,0,0,0,0,0.059,0.066,0.000,0,0,0,1616,1616,0,0
travel,7.878,189.1,262.208,262.208,fly,0.813,ok,2601,0,0,192.00,277147648,367890432,114090264,95883264,18123768,2904,7449760,22132800,958,1616,1616,0,0,0,0,0,0,0,0,0.060,0.066,0.000,0,0,0,1616,1616,0,0
travel,7.908,189.8,262.717,262.717,fly,0.935,ok,2601,0,0,192.00,277147648,367890432,114090264,95883264,18123768,2904,7449760,22132800,958,1616,1616,0,0,0,0,0,0,0,0,0.062,0.136,0.000,0,0,0,1616,1616,0,0
travel,7.940,190.6,263.245,263.245,fly,0.819,ok,2601,0,0,192.00,277147648,367890432,114090264,95883264,18123768,2904,7449760,22132800,958,1616,1616,0,0,0,0,0,0,0,0,0.059,0.064,0.000,0,0,0,1616,1616,0,0
travel,7.970,191.3,263.759,263.759,fly,0.816,ok,2601,0,0,192.00,277147648,367890432,114090264,95883264,18123768,2904,7449760,22132800,958,1616,1616,0,0,0,0,0,0,0,0,0.060,0.066,0.000,0,0,0,1616,1616,0,0
travel,8.008,192.2,264.400,264.400,fly,0.817,ok,2601,0,0,192.00,278196224,368943104,114090264,95883264,18123768,2904,11174640,22132800,958,1717,1717,0,0,0,0,0,0,0,0,0.061,0.065,0.000,0,0,0,1717,1717,0,0
travel,8.038,192.9,264.911,264.911,fly,0.836,ok,2601,0,0,192.00,278196224,368943104,114090264,95883264,18123768,2904,11174640,22132800,958,1717,1717,0,0,0,0,0,0,0,0,0.063,0.069,0.000,0,0,0,1717,1717,0,0
travel,8.068,193.6,265.422,265.422,fly,0.818,ok,2601,0,0,192.00,278196224,368943104,114090264,95883264,18123768,2904,11174640,22132800,958,1717,1717,0,0,0,0,0,0,0,0,0.061,0.063,0.000,0,0,0,1717,1717,0,0
travel,8.098,194.4,265.933,265.933,fly,0.817,ok,2601,0,0,192.00,278196224,368943104,114090264,95883264,18123768,2904,11174640,22132800,958,1717,1717,0,0,0,0,0,0,0,0,0.060,0.066,0.000,0,0,0,1717,1717,0,0
travel,8.128,195.1,266.443,266.443,fly,0.819,ok,2601,0,0,192.00,278196224,368943104,114090264,95883264,18123768,2904,11174640,22132800,958,1717,1717,0,0,0,0,0,0,0,0,0.060,0.067,0.000,0,0,0,1717,1717,0,0
travel,8.158,195.8,266.952,266.952,fly,0.792,ok,2601,0,0,192.00,278196224,368943104,114090264,95883264,18123768,2904,11174640,22132800,958,1717,1717,0,0,0,0,0,0,0,0,0.060,0.063,0.000,0,0,0,1717,1717,0,0
travel,8.188,196.5,267.463,267.463,fly,0.807,ok,2601,0,0,192.00,278196224,368943104,114090264,95883264,18123768,2904,11174640,22132800,958,1717,1717,0,0,0,0,0,0,0,0,0.060,0.066,0.000,0,0,0,1717,1717,0,0
travel,8.218,197.2,267.973,267.973,fly,0.814,ok,2601,0,0,192.00,278196224,368943104,114090264,95883264,18123768,2904,7449760,22132800,958,1717,1717,0,0,0,0,0,0,0,0,0.060,0.067,0.000,0,0,0,1717,1717,0,0
travel,8.249,198.0,268.492,268.492,fly,0.814,ok,2601,0,0,192.00,278196224,368943104,114090264,95883264,18123768,2904,7449760,22132800,958,1717,1717,0,0,0,0,0,0,0,0,0.060,0.065,0.000,0,0,0,1717,1717,0,0
travel,8.279,198.7,269.010,269.010,fly,0.857,ok,2601,0,0,192.00,278196224,368943104,114090264,95883264,18123768,2904,7449760,22132800,958,1717,1717,0,0,0,0,0,0,0,0,0.060,0.067,0.000,0,0,0,1717,1717,0,0
travel,8.309,199.4,269.520,269.520,fly,0.813,ok,2601,0,0,192.00,278196224,368943104,114090264,95883264,18123768,2904,7449760,22132800,958,1717,1717,0,0,0,0,0,0,0,0,0.060,0.062,0.000,0,0,0,1717,1717,0,0
travel,8.340,200.2,270.038,270.038,fly,0.870,ok,2601,0,0,192.00,278196224,368943104,114090264,95883264,18123768,2904,7449760,22132800,958,1717,1717,0,0,0,0,0,0,0,0,0.133,0.061,0.000,0,0,0,1717,1717,0,0
travel,8.370,200.9,270.547,270.547,fly,0.901,ok,2601,0,0,192.00,278200320,368943104,114090264,95883264,18123768,2904,7449760,22132800,958,1717,1717,0,0,0,0,0,0,0,0,0.062,0.076,0.000,0,0,0,1717,1717,0,0
travel,8.400,201.6,271.060,271.060,fly,0.895,ok,2601,0,0,192.00,278269952,369045504,114090264,95883264,18123768,2904,7449760,22132800,958,1717,1717,0,0,0,0,0,0,0,0,0.133,0.062,0.000,0,0,0,1717,1717,0,0
travel,8.430,202.3,271.569,271.569,fly,0.812,ok,2601,0,0,192.00,278269952,369045504,114090264,95883264,18123768,2904,7449760,22132800,958,1717,1717,0,0,0,0,0,0,0,0,0.059,0.065,0.000,0,0,0,1717,1717,0,0
travel,8.468,203.2,272.209,272.209,fly,0.832,ok,2601,0,7,192.00,278745088,369569792,114090264,95883264,18123768,2904,11174640,21767472,958,1818,1818,0,0,19,0,0,0,0,0,0.060,0.066,0.000,0,0,0,1818,1818,0,0
travel,8.498,204.0,272.719,272.719,fly,0.848,ok,2601,0,0,192.00,278745088,369569792,114090264,95883264,18123768,2904,11174640,22132800,958,1818,1818,0,0,0,0,0,0,0,0,0.062,0.070,0.000,0,0,0,1818,1818,0,0
travel,8.528,204.7,273.234,273.234,fly,1.468,ok,2601,0,0,192.00,278745088,369569792,114090264,95883264,18123768,2904,11174640,22132800,958,1818,1818,0,0,0,0,0,0,0,0,0.720,0.068,0.000,0,0,0,1818,1818,0,0
travel,8.559,205.4,273.751,273.751,fly,0.810,ok,2601,0,0,192.00,278745088,369569792,114090264,95883264,18123768,2904,11174640,22132800,958,1818,1818,0,0,0,0,0,0,0,0,0.061,0.064,0.000,0,0,0,1818,1818,0,0
travel,8.589,206.1,274.268,274.268,fly,0.984,ok,2601,0,0,192.00,278745088,369569792,114090264,95883264,18123768,2904,11174640,22132800,958,1818,1818,0,0,0,0,0,0,0,0,0.069,0.107,0.000,0,0,0,1818,1818,0,0
travel,8.619,206.9,274.778,274.778,fly,0.814,ok,2601,0,0,192.00,278745088,369569792,114090264,95883264,18123768,2904,11174640,22132800,958,1818,1818,0,0,0,0,0,0,0,0,0.060,0.065,0.000,0,0,0,1818,1818,0,0
travel,8.650,207.6,275.299,275.299,fly,0.839,ok,2601,0,0,192.00,278745088,369569792,114090264,95883264,18123768,2904,11174640,22132800,958,1818,1818,0,0,0,0,0,0,0,0,0.066,0.070,0.000,0,0,0,1818,1818,0,0
travel,8.680,208.3,275.808,275.808,fly,0.814,ok,2601,0,0,192.00,278745088,369569792,114090264,95883264,18123768,2904,11174640,22132800,958,1818,1818,0,0,0,0,0,0,0,0,0.060,0.064,0.000,0,0,0,1818,1818,0,0
travel,8.710,209.1,276.326,276.326,fly,0.870,ok,2601,0,0,192.00,278745088,369569792,114090264,95883264,18123768,2904,7449760,22132800,958,1818,1818,0,0,0,0,0,0,0,0,0.114,0.074,0.000,0,0,0,1818,1818,0,0
travel,8.741,209.8,276.846,276.846,fly,0.833,ok,2601,0,0,192.00,278745088,369569792,114090264,95883264,18123768,2904,7449760,22132800,958,1818,1818,0,0,0,0,0,0,0,0,0.059,0.070,0.000,0,0,0,1818,1818,0,0
travel,8.771,210.5,277.355,277.355,fly,0.817,ok,2601,0,0,192.00,278745088,369569792,114090264,95883264,18123768,2904,7449760,22132800,958,1818,1818,0,0,0,0,0,0,0,0,0.060,0.067,0.000,0,0,0,1818,1818,0,0
travel,8.801,211.2,277.864,277.864,fly,0.812,ok,2601,0,0,192.00,278745088,369569792,114090264,95883264,18123768,2904,7449760,22132800,958,1818,1818,0,0,0,0,0,0,0,0,0.059,0.065,0.000,0,0,0,1818,1818,0,0
travel,8.832,212.0,278.390,278.390,fly,0.850,ok,2601,0,0,192.00,278749184,369569792,114090264,95883264,18123768,2904,7449760,22132800,958,1818,1818,0,0,0,0,0,0,0,0,0.062,0.073,0.000,0,0,0,1818,1818,0,0
travel,8.862,212.7,278.902,278.902,fly,0.880,ok,2601,0,0,192.00,278749184,369569792,114090264,95883264,18123768,2904,7449760,22132800,958,1818,1818,0,0,0,0,0,0,0,0,0.134,0.063,0.000,0,0,0,1818,1818,0,0
travel,8.892,213.4,279.412,279.412,fly,0.806,ok,2601,0,0,192.00,278753280,369569792,114090264,95883264,18123768,2904,7449760,22132800,958,1818,1818,0,0,0,0,0,0,0,0,0.059,0.063,0.000,0,0,0,1818,1818,0,0
travel,8.922,214.1,279.923,279.923,fly,0.856,ok,2601,0,0,192.00,278753280,369569792,114090264,95883264,18123768,2904,7449760,22132800,958,1818,1818,0,0,0,0,0,0,0,0,0.061,0.075,0.000,0,0,0,1818,1818,0,0
travel,8.962,215.1,280.595,280.595,fly,0.803,ok,2601,0,0,192.00,279883776,372719616,114090264,95883264,18123768,2904,11174640,22132800,958,1919,1919,0,0,0,0,0,0,0,0,0.060,0.064,0.000,0,0,0,1919,1919,0,0
travel,8.992,215.8,281.104,281.104,fly,0.817,ok,2601,0,0,192.00,279883776,372719616,114090264,95883264,18123768,2904,11174640,22132800,958,1919,1919,0,0,0,0,0,0,0,0,0.061,0.068,0.000,0,0,0,1919,1919,0,0
travel,9.022,216.5,281.617,281.617,fly,0.803,ok,2601,0,0,192.00,279883776,372719616,114090264,95883264,18123768,2904,11174640,22132800,958,1919,1919,0,0,0,0,0,0,0,0,0.060,0.065,0.000,0,0,0,1919,1919,0,0
travel,9.052,217.3,282.127,282.127,fly,0.813,ok,2601,0,0,192.00,279883776,372719616,114090264,95883264,18123768,2904,11174640,22132800,958,1919,1919,0,0,0,0,0,0,0,0,0.061,0.065,0.000,0,0,0,1919,1919,0,0
travel,9.082,218.0,282.639,282.639,fly,0.953,ok,2601,0,0,192.00,279883776,372719616,114090264,95883264,18123768,2904,11174640,22132800,958,1919,1919,0,0,0,0,0,0,0,0,0.194,0.065,0.000,0,0,0,1919,1919,0,0
travel,9.112,218.7,283.150,283.150,fly,0.814,ok,2601,0,0,192.00,279883776,372719616,114090264,95883264,18123768,2904,11174640,22132800,958,1919,1919,0,0,0,0,0,0,0,0,0.060,0.065,0.000,0,0,0,1919,1919,0,0
travel,9.142,219.4,283.659,283.659,fly,0.931,ok,2601,0,0,192.00,279883776,372719616,114090264,95883264,18123768,2904,11174640,22132800,958,1919,1919,0,0,0,0,0,0,0,0,0.132,0.076,0.000,0,0,0,1919,1919,0,0
travel,9.172,220.1,284.169,284.169,fly,0.806,ok,2601,0,0,192.00,279883776,372719616,114090264,95883264,18123768,2904,7449760,22132800,958,1919,1919,0,0,0,0,0,0,0,0,0.060,0.065,0.000,0,0,0,1919,1919,0,0
travel,9.203,220.9,284.680,284.680,fly,0.817,ok,2601,0,0,192.00,279883776,372719616,114090264,95883264,18123768,2904,7449760,22132800,958,1919,1919,0,0,0,0,0,0,0,0,0.061,0.067,0.000,0,0,0,1919,1919,0,0
travel,9.233,221.6,285.190,285.190,fly,0.833,ok,2601,0,0,192.00,279883776,372719616,114090264,95883264,18123768,2904,7449760,22132800,958,1919,1919,0,0,0,0,0,0,0,0,0.060,0.075,0.000,0,0,0,1919,1919,0,0
travel,9.263,222.3,285.704,285.704,fly,0.807,ok,2601,0,0,192.00,279883776,372719616,114090264,95883264,18123768,2904,7449760,22132800,958,1919,1919,0,0,0,0,0,0,0,0,0.059,0.066,0.000,0,0,0,1919,1919,0,0
travel,9.293,223.0,286.213,286.213,fly,0.918,ok,2601,0,0,192.00,279883776,372719616,114090264,95883264,18123768,2904,7449760,22132800,958,1919,1919,0,0,0,0,0,0,0,0,0.159,0.074,0.000,0,0,0,1919,1919,0,0
travel,9.323,223.8,286.726,286.726,fly,0.819,ok,2601,0,0,192.00,279883776,372719616,114090264,95883264,18123768,2904,7449760,22132800,958,1919,1919,0,0,0,0,0,0,0,0,0.060,0.064,0.000,0,0,0,1919,1919,0,0
travel,9.353,224.5,287.235,287.235,fly,0.880,ok,2601,0,0,192.00,279887872,372719616,114090264,95883264,18123768,2904,7449760,22132800,958,1919,1919,0,0,0,0,0,0,0,0,0.134,0.065,0.000,0,0,0,1919,1919,0,0
travel,9.383,225.2,287.747,287.747,fly,0.861,ok,2601,0,0,192.00,279887872,372719616,114090264,95883264,18123768,2904,7449760,22132800,958,1919,1919,0,0,0,0,0,0,0,0,0.061,0.077,0.000,0,0,0,1919,1919,0,0
travel,9.421,226.1,288.384,288.384,fly,0.815,ok,2601,0,0,192.00,280416256,373248000,114090264,95883264,18123768,2904,11174640,22132800,958,2020,2020,0,0,0,0,0,0,0,0,0.062,0.064,0.000,0,0,0,2020,2020,0,0
travel,9.451,226.8,288.899,288.899,fly,0.839,ok,2601,0,0,192.00,280416256,373248000,114090264,95883264,18123768,2904,11174640,22132800,958,2020,2020,0,0,0,0,0,0,0,0,0.061,0.067,0.000,0,0,0,2020,2020,0,0
travel,9.481,227.6,289.409,289.409,fly,0.814,ok,2601,0,0,192.00,280416256,373248000,114090264,95883264,18123768,2904,11174640,22132800,958,2020,2020,0,0,0,0,0,0,0,0,0.062,0.066,0.000,0,0,0,2020,2020,0,0
travel,9.511,228.3,289.921,289.921,fly,0.857,ok,2601,0,0,192.00,280416256,373248000,114090264,95883264,18123768,2904,11174640,22132800,958,2020,2020,0,0,0,0,0,0,0,0,0.062,0.072,0.000,0,0,0,2020,2020,0,0
travel,9.541,229.0,290.432,290.432,fly,0.840,ok,2601,0,0,192.00,280416256,373248000,114090264,95883264,18123768,2904,11174640,22132800,958,2020,2020,0,0,0,0,0,0,0,0,0.062,0.071,0.000,0,0,0,2020,2020,0,0
travel,9.572,229.7,290.942,290.942,fly,0.820,ok,2601,0,0,192.00,280416256,373248000,114090264,95883264,18123768,2904,11174640,22132800,958,2020,2020,0,0,0,0,0,0,0,0,0.061,0.066,0.000,0,0,0,2020,2020,0,0
travel,9.602,230.4,291.451,291.451,fly,0.811,ok,2601,0,0,192.00,280416256,373248000,114090264,95883264,18123768,2904,11174640,22132800,958,2020,2020,0,0,0,0,0,0,0,0,0.060,0.065,0.000,0,0,0,2020,2020,0,0
travel,9.632,231.2,291.964,291.964,fly,0.810,ok,2601,0,0,192.00,280416256,373248000,114090264,95883264,18123768,2904,7449760,22132800,958,2020,2020,0,0,0,0,0,0,0,0,0.060,0.064,0.000,0,0,0,2020,2020,0,0
travel,9.662,231.9,292.481,292.481,fly,0.829,ok,2601,0,0,192.00,280416256,373248000,114090264,95883264,18123768,2904,7449760,22132800,958,2020,2020,0,0,0,0,0,0,0,0,0.061,0.069,0.000,0,0,0,2020,2020,0,0
travel,9.692,232.6,292.991,292.991,fly,1.007,ok,2601,0,0,192.00,280416256,373248000,114090264,95883264,18123768,2904,7449760,22132800,958,2020,2020,0,0,0,0,0,0,0,0,0.266,0.067,0.000,0,0,0,2020,2020,0,0
travel,9.722,233.3,293.501,293.501,fly,0.801,ok,2601,0,0,192.00,280416256,373248000,114090264,95883264,18123768,2904,7449760,22132800,958,2020,2020,0,0,0,0,0,0,0,0,0.060,0.065,0.000,0,0,0,2020,2020,0,0
travel,9.752,234.1,294.011,294.011,fly,0.935,ok,2601,0,0,192.00,280416256,373248000,114090264,95883264,18123768,2904,7449760,22132800,958,2020,2020,0,0,0,0,0,0,0,0,0.134,0.067,0.000,0,0,0,2020,2020,0,0
travel,9.782,234.8,294.520,294.520,fly,0.812,ok,2601,0,0,192.00,280416256,373248000,114090264,95883264,18123768,2904,7449760,22132800,958,2020,2020,0,0,0,0,0,0,0,0,0.059,0.063,0.000,0,0,0,2020,2020,0,0
travel,9.812,235.5,295.032,295.032,fly,0.926,ok,2601,0,0,192.00,280416256,373248000,114090264,95883264,18123768,2904,7449760,22132800,958,2020,2020,0,0,0,0,0,0,0,0,0.132,0.072,0.000,0,0,0,2020,2020,0,0
travel,9.842,236.2,295.541,295.541,fly,0.839,ok,2601,0,0,192.00,280416256,373248000,114090264,95883264,18123768,2904,7449760,22132800,958,2020,2020,0,0,0,0,0,0,0,0,0.063,0.071,0.000,0,0,0,2020,2020,0,0
travel,9.880,237.1,296.175,296.175,fly,0.862,ok,2601,0,58,192.00,281395200,374231040,114090264,95883264,18123768,2904,11174640,19158672,958,2121,2121,0,0,48,0,0,0,0,0,0.062,0.069,0.000,0,0,0,2121,2121,0,0
travel,9.910,237.9,296.690,296.690,fly,0.822,ok,2601,0,0,192.00,281395200,374231040,114090264,95883264,18123768,2904,11174640,22132800,958,2121,2121,0,0,0,0,0,0,0,0,0.061,0.064,0.000,0,0,0,2121,2121,0,0
travel,9.940,238.6,297.199,297.199,fly,0.835,ok,2601,0,0,192.00,281403392,374296576,114090264,95883264,18123768,2904,11174640,22132800,958,2121,2121,0,0,0,0,0,0,0,65536,0.061,0.077,0.000,0,0,0,2121,2121,0,0
travel,9.970,239.3,297.712,297.712,fly,0.809,ok,2601,0,0,192.00,281403392,374296576,114090264,95883264,18123768,2904,11174640,22132800,958,2121,2121,0,0,0,0,0,0,0,0,0.062,0.062,0.000,0,0,0,2121,2121,0,0
travel,10.001,240.0,298.224,298.224,fly,1.131,ok,2601,0,0,192.00,281403392,374296576,114090264,95883264,18123768,2904,11174640,22132800,958,2121,2121,0,0,0,0,0,0,0,0,0.376,0.066,0.000,0,0,0,2121,2121,0,0
travel,10.031,240.8,298.736,298.736,fly,1.008,ok,2601,0,0,192.00,281403392,374296576,114090264,95883264,18123768,2904,11174640,22132800,958,2121,2121,0,0,0,0,0,0,0,0,0.063,0.248,0.000,0,0,0,2121,2121,0,0
travel,10.061,241.5,299.255,299.255,fly,0.816,ok,2601,0,0,192.00,281403392,374296576,114090264,95883264,18123768,2904,11174640,22132800,958,2121,2121,0,0,0,0,0,0,0,0,0.060,0.067,0.000,0,0,0,2121,2121,0,0
travel,10.091,242.2,299.764,299.764,fly,0.818,ok,2601,0,0,192.00,281403392,374296576,114090264,95883264,18123768,2904,11174640,22132800,958,2121,2121,0,0,0,0,0,0,0,0,0.060,0.065,0.000,0,0,0,2121,2121,0,0
travel,10.121,242.9,300.275,300.275,fly,0.807,ok,2601,0,0,192.00,281403392,374296576,114090264,95883264,18123768,2904,7449760,22132800,958,2121,2121,0,0,0,0,0,0,0,0,0.061,0.063,0.000,0,0,0,2121,2121,0,0
travel,10.152,243.6,300.786,300.786,fly,0.829,ok,2601,0,0,192.00,281403392,374296576,114090264,95883264,18123768,2904,7449760,22132800,958,2121,2121,0,0,0,0,0,0,0,0,0.061,0.066,0.000,0,0,0,2121,2121,0,0
travel,10.182,244.4,301.302,301.302,fly,0.841,ok,2601,0,0,192.00,281403392,374296576,114090264,95883264,18123768,2904,7449760,22132800,958,2121,2121,0,0,0,0,0,0,0,0,0.061,0.068,0.000,0,0,0,2121,2121,0,0
travel,10.212,245.1,301.811,301.811,fly,0.804,ok,2601,0,0,192.00,281403392,374296576,114090264,95883264,18123768,2904,7449760,22132800,958,2121,2121,0,0,0,0,0,0,0,0,0.059,0.066,0.000,0,0,0,2121,2121,0,0
travel,10.242,245.8,302.326,302.326,fly,0.808,ok,2601,0,0,192.00,281403392,374296576,114090264,95883264,18123768,2904,7449760,22132800,958,2121,2121,0,0,0,0,0,0,0,0,0.060,0.061,0.000,0,0,0,2121,2121,0,0
travel,10.272,246.5,302.836,302.836,fly,0.803,ok,2601,0,0,192.00,281403392,374296576,114090264,95883264,18123768,2904,7449760,22132800,958,2121,2121,0,0,0,0,0,0,0,0,0.060,0.063,0.000,0,0,0,2121,2121,0,0
travel,10.302,247.3,303.346,303.346,fly,0.855,ok,2601,0,0,192.00,281403392,374296576,114090264,95883264,18123768,2904,7449760,22132800,958,2121,2121,0,0,0,0,0,0,0,0,0.060,0.126,0.000,0,0,0,2121,2121,0,0
travel,10.333,248.0,303.857,303.857,fly,0.901,ok,2601,0,0,192.00,281403392,374296576,114090264,95883264,18123768,2904,7449760,22132800,958,2121,2121,0,0,0,0,0,0,0,0,0.071,0.114,0.000,0,0,0,2121,2121,0,0
travel,10.370,248.9,304.492,304.492,fly,0.808,ok,2601,0,0,192.00,281989120,375349248,114090264,95883264,18123768,2904,11174640,22132800,958,2222,2222,0,0,0,0,0,0,0,0,0.061,0.070,0.000,0,0,0,2222,2222,0,0
travel,10.400,249.6,305.004,305.004,fly,0.839,ok,2601,0,0,192.00,281993216,375349248,114090264,95883264,18123768,2904,11174640,22132800,958,2222,2222,0,0,0,0,0,0,0,0,0.061,0.063,0.000,0,0,0,2222,2222,0,0
travel,10.431,250.4,305.532,305.532,fly,0.823,ok,2601,0,0,192.00,282075136,375431168,114090264,95883264,18123768,2904,11174640,22132800,958,2222,2222,0,0,0,0,0,0,0,0,0.061,0.065,0.000,0,0,0,2222,2222,0,0
travel,10.461,251.1,306.044,306.044,fly,0.953,ok,2601,0,0,192.00,282079232,375431168,114090264,95883264,18123768,2904,11174640,22132800,958,2222,2222,0,0,0,0,0,0,0,0,0.064,0.082,0.000,0,0,0,2222,2222,0,0
travel,10.492,251.8,306.556,306.556,fly,0.822,ok,2601,0,0,192.00,282079232,375431168,114090264,95883264,18123768,2904,11174640,22132800,958,2222,2222,0,0,0,0,0,0,0,0,0.061,0.063,0.000,0,0,0,2222,2222,0,0
travel,10.522,252.5,307.067,307.067,fly,0.819,ok,2601,0,0,192.00,282079232,375431168,114090264,95883264,18123768,2904,11174640,22132800,958,2222,2222,0,0,0,0,0,0,0,0,0.061,0.068,0.000,0,0,0,2222,2222,0,0
travel,10.552,253.3,307.576,307.576,fly,0.948,ok,2601,0,0,192.00,282079232,375431168,114090264,95883264,18123768,2904,11174640,22132800,958,2222,2222,0,0,0,0,0,0,0,0,0.184,0.062,0.000,0,0,0,2222,2222,0,0
travel,10.582,254.0,308.092,308.092,fly,0.819,ok,2601,0,0,192.00,282079232,375431168,114090264,95883264,18123768,2904,7449760,22132800,958,2222,2222,0,0,0,0,0,0,0,0,0.060,0.067,0.000,0,0,0,2222,2222,0,0
travel,10.612,254.7,308.603,308.603,fly,0.812,ok,2601,0,0,192.00,282079232,375431168,114090264,95883264,18123768,2904,7449760,22132800,958,2222,2222,0,0,0,0,0,0,0,0,0.061,0.068,0.000,0,0,0,2222,2222,0,0
travel,10.642,255.4,309.112,309.112,fly,0.793,ok,2601,0,0,192.00,282079232,375431168,114090264,95883264,18123768,2904,7449760,22132800,958,2222,2222,0,0,0,0,0,0,0,0,0.059,0.062,0.000,0,0,0,2222,2222,0,0
travel,10.672,256.1,309.623,309.623,fly,0.796,ok,2601,0,0,192.00,282079232,375431168,114090264,95883264,18123768,2904,7449760,22132800,958,2222,2222,0,0,0,0,0,0,0,0,0.060,0.067,0.000,0,0,0,2222,2222,0,0
travel,10.702,256.9,310.135,310.135,fly,0.800,ok,2601,0,0,192.00,282079232,375431168,114090264,95883264,18123768,2904,7449760,22132800,958,2222,2222,0,0,0,0,0,0,0,0,0.059,0.066,0.000,0,0,0,2222,2222,0,0
travel,10.733,257.6,310.646,310.646,fly,0.814,ok,2601,0,0,192.00,282079232,375431168,114090264,95883264,18123768,2904,7449760,22132800,958,2222,2222,0,0,0,0,0,0,0,0,0.060,0.082,0.000,0,0,0,2222,2222,0,0
travel,10.763,258.3,311.159,311.159,fly,0.808,ok,2601,0,0,192.00,282079232,375431168,114090264,95883264,18123768,2904,7449760,22132800,958,2222,2222,0,0,0,0,0,0,0,0,0.059,0.067,0.000,0,0,0,2222,2222,0,0
travel,10.793,259.0,311.671,311.671,fly,0.802,ok,2601,0,0,192.00,282079232,375431168,114090264,95883264,18123768,2904,7449760,22132800,958,2222,2222,0,0,0,0,0,0,0,0,0.061,0.062,0.000,0,0,0,2222,2222,0,0
travel,10.831,259.9,312.309,312.309,fly,0.877,ok,2601,0,0,192.00,283475968,376479744,114090264,95883264,18123768,2904,11174640,22132800,958,2323,2323,0,0,0,0,0,0,0,0,0.137,0.066,0.000,0,0,0,2323,2323,0,0
travel,10.861,260.7,312.819,312.819,fly,0.801,ok,2601,0,0,192.00,283475968,376479744,114090264,95883264,18123768,2904,11174640,22132800,958,2323,2323,0,0,0,0,0,0,0,0,0.061,0.066,0.000,0,0,0,2323,2323,0,0
travel,10.891,261.4,313.332,313.332,fly,0.796,ok,2601,0,0,192.00,283475968,376479744,114090264,95883264,18123768,2904,11174640,22132800,958,2323,2323,0,0,0,0,0,0,0,0,0.061,0.064,0.000,0,0,0,2323,2323,0,0
travel,10.921,262.1,313.844,313.844,fly,0.797,ok,2601,0,0,192.00,283475968,376479744,114090264,95883264,18123768,2904,11174640,22132800,958,2323,2323,0,0,0,0,0,0,0,0,0.061,0.063,0.000,0,0,0,2323,2323,0,0
travel,10.951,262.8,314.353,314.353,fly,0.925,ok,2601,0,0,192.00,283475968,376479744,114090264,95883264,18123768,2904,11174640,22132800,958,2323,2323,0,0,0,0,0,0,0,0,0.064,0.084,0.000,0,0,0,2323,2323,0,0
travel,10.981,263.6,314.864,314.864,fly,0.792,ok,2601,0,0,192.00,283475968,376479744,114090264,95883264,18123768,2904,11174640,22132800,958,2323,2323,0,0,0,0,0,0,0,0,0.060,0.062,0.000,0,0,0,2323,2323,0,0
travel,11.011,264.3,315.377,315.377,fly,0.818,ok,2601,0,0,192.00,283480064,376479744,114090264,95883264,18123768,2904,11174640,22132800,958,2323,2323,0,0,0,0,0,0,0,0,0.060,0.067,0.000,0,0,0,2323,2323,0,0
travel,11.041,265.0,315.886,315.886,fly,0.808,ok,2601,0,0,192.00,283480064,376479744,114090264,95883264,18123768,2904,11174640,22132800,958,2323,2323,0,0,0,0,0,0,0,0,0.061,0.065,0.000,0,0,0,2323,2323,0,0
travel,11.071,265.7,316.395,316.395,fly,0.795,ok,2601,0,0,192.00,283480064,376479744,114090264,95883264,18123768,2904,7449760,22132800,958,2323,2323,0,0,0,0,0,0,0,0,0.060,0.066,0.000,0,0,0,2323,2323,0,0
travel,11.101,266.4,316.904,316.904,fly,0.849,ok,2601,0,0,192.00,283480064,376479744,114090264,95883264,18123768,2904,7449760,22132800,958,2323,2323,0,0,0,0,0,0,0,0,0.062,0.070,0.000,0,0,0,2323,2323,0,0
travel,11.132,267.2,317.416,317.416,fly,0.794,ok,2601,0,0,192.00,283480064,376479744,114090264,95883264,18123768,2904,7449760,22132800,958,2323,2323,0,0,0,0,0,0,0,0,0.059,0.062,0.000,0,0,0,2323,2323,0,0
travel,11.162,267.9,317.924,317.924,fly,0.814,ok,2601,0,0,192.00,283480064,376479744,114090264,95883264,18123768,2904,7449760,22132800,958,2323,2323,0,0,0,0,0,0,0,0,0.060,0.064,0.000,0,0,0,2323,2323,0,0
travel,11.192,268.6,318.435,318.435,fly,0.806,ok,2601,0,0,192.00,283480064,376479744,114090264,95883264,18123768,2904,7449760,22132800,958,2323,2323,0,0,0,0,0,0,0,0,0.059,0.066,0.000,0,0,0,2323,2323,0,0
travel,11.222,269.3,318.946,318.946,fly,0.805,ok,2601,0,0,192.00,283480064,376479744,114090264,95883264,18123768,2904,7449760,22132800,958,2323,2323,0,0,0,0,0,0,0,0,0.060,0.066,0.000,0,0,0,2323,2323,0,0
travel,11.252,270.1,319.458,319.458,fly,0.812,ok,2601,0,0,192.00,283480064,376479744,114090264,95883264,18123768,2904,7449760,22132800,958,2323,2323,0,0,0,0,0,0,0,0,0.060,0.066,0.000,0,0,0,2323,2323,0,0
travel,11.282,270.8,319.967,319.967,fly,0.808,ok,2601,0,0,192.00,283480064,376479744,114090264,95883264,18123768,2904,7449760,22132800,958,2323,2323,0,0,0,0,0,0,0,0,0.060,0.066,0.000,0,0,0,2323,2323,0,0
travel,11.321,271.7,320.621,320.621,fly,0.806,ok,2601,0,0,192.00,284794880,379633664,114090264,95883264,18123768,2904,11174640,22132800,958,2424,2424,0,0,0,0,0,0,0,0,0.061,0.064,0.000,0,0,0,2424,2424,0,0
travel,11.351,272.4,321.132,321.132,fly,0.804,ok,2601,0,0,192.00,284794880,379633664,114090264,95883264,18123768,2904,11174640,22132800,958,2424,2424,0,0,0,0,0,0,0,0,0.061,0.062,0.000,0,0,0,2424,2424,0,0
travel,11.381,273.1,321.644,321.644,fly,0.832,ok,2601,0,0,192.00,284860416,379699200,114090264,95883264,18123768,2904,11174640,22132800,958,2424,2424,0,0,0,0,0,0,0,0,0.064,0.071,0.000,0,0,0,2424,2424,0,0
travel,11.411,273.9,322.155,322.155,fly,0.886,ok,2601,0,0,192.00,284860416,379699200,114090264,95883264,18123768,2904,11174640,22132800,958,2424,2424,0,0,0,0,0,0,0,0,0.131,0.066,0.000,0,0,0,2424,2424,0,0
travel,11.441,274.6,322.664,322.664,fly,0.831,ok,2601,0,0,192.00,284860416,379699200,114090264,95883264,18123768,2904,11174640,22132800,958,2424,2424,0,0,0,0,0,0,0,0,0.061,0.066,0.000,0,0,0,2424,2424,0,0
travel,11.471,275.3,323.173,323.173,fly,0.924,ok,2601,0,0,192.00,284860416,379699200,114090264,95883264,18123768,2904,11174640,22132800,958,2424,2424,0,0,0,0,0,0,0,0,0.133,0.075,0.000,0,0,0,2424,2424,0,0
travel,11.501,276.0,323.684,323.684,fly,0.798,ok,2601,0,0,192.00,284860416,379699200,114090264,95883264,18123768,2904,11174640,22132800,958,2424,2424,0,0,0,0,0,0,0,0,0.061,0.060,0.000,0,0,0,2424,2424,0,0
travel,11.531,276.8,324.197,324.197,fly,0.823,ok,2601,0,0,192.00,284864512,379699200,114090264,95883264,18123768,2904,7449760,22132800,958,2424,2424,0,0,0,0,0,0,0,0,0.061,0.067,0.000,0,0,0,2424,2424,0,0
travel,11.562,277.5,324.710,324.710,fly,0.797,ok,2601,0,0,192.00,284864512,379699200,114090264,95883264,18123768,2904,7449760,22132800,958,2424,2424,0,0,0,0,0,0,0,0,0.060,0.065,0.000,0,0,0,2424,2424,0,0
travel,11.592,278.2,325.222,325.222,fly,0.814,ok,2601,0,0,192.00,284864512,379699200,114090264,95883264,18123768,2904,7449760,22132800,958,2424,2424,0,0,0,0,0,0,0,0,0.060,0.071,0.000,0,0,0,2424,2424,0,0
travel,11.622,278.9,325.734,325.734,fly,0.821,ok,2601,0,0,192.00,284864512,379699200,114090264,95883264,18123768,2904,7449760,22132800,958,2424,2424,0,0,0,0,0,0,0,0,0.060,0.068,0.000,0,0,0,2424,2424,0,0
travel,11.652,279.7,326.248,326.248,fly,0.810,ok,2601,0,0,192.00,284864512,379699200,114090264,95883264,18123768,2904,7449760,22132800,958,2424,2424,0,0,0,0,0,0,0,0,0.063,0.065,0.000,0,0,0,2424,2424,0,0
travel,11.682,280.4,326.757,326.757,fly,1.050,ok,2601,0,0,192.00,284864512,379699200,114090264,95883264,18123768,2904,7449760,22132800,958,2424,2424,0,0,0,0,0,0,0,0,0.301,0.061,0.000,0,0,0,2424,2424,0,0
travel,11.712,281.1,327.268,327.268,fly,0.815,ok,2601,0,0,192.00,284864512,379699200,114090264,95883264,18123768,2904,7449760,22132800,958,2424,2424,0,0,0,0,0,0,0,0,0.060,0.067,0.000,0,0,0,2424,2424,0,0
travel,11.743,281.8,327.778,327.778,fly,0.890,ok,2601,0,0,192.00,284864512,379699200,114090264,95883264,18123768,2904,7449760,22132800,958,2424,2424,0,0,0,0,0,0,0,0,0.142,0.066,0.000,0,0,0,2424,2424,0,0
travel,11.782,282.8,328.445,328.445,fly,0.841,ok,2601,0,0,192.00,286031872,380747776,114090264,95883264,18123768,2904,11174640,22132800,958,2525,2525,0,0,0,0,0,0,0,0,0.064,0.074,0.000,0,0,0,2525,2525,0,0
travel,11.812,283.5,328.954,328.954,fly,0.811,ok,2601,0,0,192.00,286031872,380747776,114090264,95883264,18123768,2904,11174640,22132800,958,2525,2525,0,0,0,0,0,0,0,0,0.061,0.065,0.000,0,0,0,2525,2525,0,0
travel,11.842,284.2,329.466,329.466,fly,0.808,ok,2601,0,0,192.00,286031872,380747776,114090264,95883264,18123768,2904,11174640,22132800,958,2525,2525,0,0,0,0,0,0,0,0,0.061,0.062,0.000,0,0,0,2525,2525,0,0
travel,11.872,284.9,329.978,329.978,fly,0.807,ok,2601,0,0,192.00,286031872,380747776,114090264,95883264,18123768,2904,11174640,22132800,958,2525,2525,0,0,0,0,0,0,0,0,0.061,0.064,0.000,0,0,0,2525,2525,0,0
travel,11.903,285.7,330.491,330.491,fly,0.914,ok,2601,0,0,192.00,286031872,380747776,114090264,95883264,18123768,2904,11174640,22132800,958,2525,2525,0,0,0,0,0,0,0,0,0.132,0.072,0.000,0,0,0,2525,2525,0,0
travel,11.933,286.4,331.000,331.000,fly,0.815,ok,2601,0,0,192.00,286031872,380747776,114090264,95883264,18123768,2904,11174640,22132800,958,2525,2525,0,0,0,0,0,0,0,0,0.061,0.066,0.000,0,0,0,2525,2525,0,0
travel,11.963,287.1,331.510,331.510,fly,0.894,ok,2601,0,0,192.00,286031872,380747776,114090264,95883264,18123768,2904,11174640,22132800,958,2525,2525,0,0,0,0,0,0,0,0,0.132,0.065,0.000,0,0,0,2525,2525,0,0
travel,11.993,287.8,332.022,332.022,fly,0.809,ok,2601,0,0,192.00,286031872,380747776,114090264,95883264,18123768,2904,7449760,22132800,958,2525,2525,0,0,0,0,0,0,0,0,0.061,0.064,0.000,0,0,0,2525,2525,0,0
travel,12.023,288.6,332.540,332.540,fly,0.843,ok,2601,0,0,192.00,286031872,380747776,114090264,95883264,18123768,2904,7449760,22132800,958,2525,2525,0,0,0,0,0,0,0,0,0.062,0.068,0.000,0,0,0,2525,2525,0,0
travel,12.053,289.3,333.051,333.051,fly,0.926,ok,2601,0,0,192.00,286035968,380747776,114090264,95883264,18123768,2904,7449760,22132800,958,2525,2525,0,0,0,0,0,0,0,0,0.176,0.061,0.000,0,0,0,2525,2525,0,0
travel,12.083,290.0,333.560,333.560,fly,0.815,ok,2601,0,0,192.00,286035968,380747776,114090264,95883264,18123768,2904,7449760,22132800,958,2525,2525,0,0,0,0,0,0,0,0,0.060,0.067,0.000,0,0,0,2525,2525,0,0
travel,12.114,290.7,334.076,334.076,fly,0.846,ok,2601,0,0,192.00,286035968,380747776,114090264,95883264,18123768,2904,7449760,22132800,958,2525,2525,0,0,0,0,0,0,0,0,0.063,0.078,0.000,0,0,0,2525,2525,0,0
travel,12.144,291.5,334.588,334.588,fly,0.816,ok,2601,0,0,192.00,286035968,380747776,114090264,95883264,18123768,2904,7449760,22132800,958,2525,2525,0,0,0,0,0,0,0,0,0.060,0.064,0.000,0,0,0,2525,2525,0,0
travel,12.174,292.2,335.098,335.098,fly,0.813,ok,2601,0,0,192.00,286035968,380747776,114090264,95883264,18123768,2904,7449760,22132800,958,2525,2525,0,0,0,0,0,0,0,0,0.060,0.066,0.000,0,0,0,2525,2525,0,0
travel,12.204,292.9,335.610,335.610,fly,0.812,ok,2601,0,0,192.00,286035968,380747776,114090264,95883264,18123768,2904,7449760,22132800,958,2525,2525,0,0,0,0,0,0,0,0,0.060,0.067,0.000,0,0,0,2525,2525,0,0
travel,12.242,293.8,336.251,336.251,fly,0.816,ok,2601,0,0,192.00,287141888,381800448,114090264,95883264,18123768,2904,11174640,22132800,958,2626,2626,0,0,0,0,0,0,0,0,0.061,0.063,0.000,0,0,0,2626,2626,0,0
travel,12.272,294.5,336.762,336.762,fly,0.845,ok,2601,0,0,192.00,287141888,381800448,114090264,95883264,18123768,2904,11174640,22132800,958,2626,2626,0,0,0,0,0,0,0,0,0.063,0.072,0.000,0,0,0,2626,2626,0,0
travel,12.302,295.2,337.272,337.272,fly,0.817,ok,2601,0,0,192.00,287141888,381800448,114090264,95883264,18123768,2904,11174640,22132800,958,2626,2626,0,0,0,0,0,0,0,0,0.062,0.067,0.000,0,0,0,2626,2626,0,0
travel,12.332,296.0,337.784,337.784,fly,0.820,ok,2601,0,0,192.00,287141888,381800448,114090264,95883264,18123768,2904,11174640,22132800,958,2626,2626,0,0,0,0,0,0,0,0,0.062,0.070,0.000,0,0,0,2626,2626,0,0
travel,12.363,296.7,338.295,338.295,fly,0.821,ok,2601,0,0,192.00,287141888,381800448,114090264,95883264,18123768,2904,11174640,22132800,958,2626,2626,0,0,0,0,0,0,0,0,0.061,0.068,0.000,0,0,0,2626,2626,0,0
travel,12.393,297.4,338.811,338.811,fly,0.818,ok,2601,0,0,192.00,287141888,381800448,114090264,95883264,18123768,2904,11174640,22132800,958,2626,2626,0,0,0,0,0,0,0,0,0.063,0.064,0.000,0,0,0,2626,2626,0,0
travel,12.423,298.1,339.324,339.324,fly,0.812,ok,2601,0,0,192.00,287141888,381800448,114090264,95883264,18123768,2904,11174640,22132800,958,2626,2626,0,0,0,0,0,0,0,0,0.060,0.064,0.000,0,0,0,2626,2626,0,0
travel,12.453,298.9,339.834,339.834,fly,0.814,ok,2601,0,0,192.00,287141888,381800448,114090264,95883264,18123768,2904,7449760,22132800,958,2626,2626,0,0,0,0,0,0,0,0,0.061,0.068,0.000,0,0,0,2626,2626,0,0
travel,12.483,299.6,340.344,340.344,fly,0.805,ok,2601,0,0,192.00,287141888,381800448,114090264,95883264,18123768,2904,7449760,22132800,958,2626,2626,0,0,0,0,0,0,0,0,0.059,0.062,0.000,0,0,0,2626,2626,0,0
travel,12.514,300.3,340.856,340.856,fly,0.842,ok,2601,0,0,192.00,287141888,381800448,114090264,95883264,18123768,2904,7449760,22132800,958,2626,2626,0,0,0,0,0,0,0,0,0.061,0.069,0.000,0,0,0,2626,2626,0,0
travel,12.544,301.0,341.368,341.368,fly,1.208,ok,2601,0,0,192.00,287141888,381800448,114090264,95883264,18123768,2904,7449760,22132800,958,2626,2626,0,0,0,0,0,0,0,0,0.455,0.066,0.000,0,0,0,2626,2626,0,0
travel,12.574,301.8,341.884,341.884,fly,0.810,ok,2601,0,0,192.00,287145984,381800448,114090264,95883264,18123768,2904,7449760,22132800,958,2626,2626,0,0,0,0,0,0,0,0,0.060,0.065,0.000,0,0,0,2626,2626,0,0
travel,12.604,302.5,342.398,342.398,fly,0.817,ok,2601,0,0,192.00,287145984,381800448,114090264,95883264,18123768,2904,7449760,22132800,958,2626,2626,0,0,0,0,0,0,0,0,0.061,0.069,0.000,0,0,0,2626,2626,0,0
travel,12.634,303.2,342.907,342.907,fly,0.797,ok,2601,0,0,192.00,287145984,381800448,114090264,95883264,18123768,2904,7449760,22132800,958,2626,2626,0,0,0,0,0,0,0,0,0.059,0.061,0.000,0,0,0,2626,2626,0,0
travel,12.665,304.0,343.427,343.427,fly,0.979,ok,2601,0,0,192.00,287145984,381800448,114090264,95883264,18123768,2904,7449760,22132800,958,2626,2626,0,0,0,0,0,0,0,0,0.072,0.117,0.000,0,0,0,2626,2626,0,0
travel,12.695,304.7,343.938,343.938,fly,0.809,ok,2601,0,0,192.00,287145984,381800448,114090264,95883264,18123768,2904,7449760,22132800,958,2626,2626,0,0,0,0,0,0,0,0,0.062,0.066,0.000,0,0,0,2626,2626,0,0
travel,12.733,305.6,344.579,344.579,fly,0.803,ok,2601,0,0,192.00,288284672,382849024,114090264,95883264,18123768,2904,11174640,22132800,958,2727,2727,0,0,0,0,0,0,0,0,0.061,0.064,0.000,0,0,0,2727,2727,0,0
travel,12.765,306.3,345.122,345.122,fly,0.885,ok,2601,0,0,192.00,288284672,382849024,114090264,95883264,18123768,2904,11174640,22132800,958,2727,2727,0,0,0,0,0,0,0,0,0.131,0.064,0.000,0,0,0,2727,2727,0,0
travel,12.795,307.1,345.633,345.633,fly,0.797,ok,2601,0,0,192.00,288284672,382849024,114090264,95883264,18123768,2904,11174640,22132800,958,2727,2727,0,0,0,0,0,0,0,0,0.061,0.064,0.000,0,0,0,2727,2727,0,0
travel,12.825,307.8,346.147,346.147,fly,0.810,ok,2601,0,0,192.00,288284672,382849024,114090264,95883264,18123768,2904,11174640,22132800,958,2727,2727,0,0,0,0,0,0,0,0,0.061,0.066,0.000,0,0,0,2727,2727,0,0
travel,12.855,308.5,346.655,346.655,fly,0.805,ok,2601,0,0,192.00,288284672,382849024,114090264,95883264,18123768,2904,11174640,22132800,958,2727,2727,0,0,0,0,0,0,0,0,0.061,0.067,0.000,0,0,0,2727,2727,0,0
travel,12.886,309.2,347.170,347.170,fly,1.185,ok,2601,0,0,192.00,288313344,382980096,114090264,95883264,18123768,2904,11174640,22132800,958,2727,2727,0,0,0,0,0,0,0,0,0.066,0.103,0.000,0,0,0,2727,2727,0,0
travel,12.916,310.0,347.685,347.685,fly,0.821,ok,2601,0,0,192.00,288313344,382980096,114090264,95883264,18123768,2904,11174640,22132800,958,2727,2727,0,0,0,0,0,0,0,0,0.061,0.064,0.000,0,0,0,2727,2727,0,0
travel,12.946,310.7,348.197,348.197,fly,0.808,ok,2601,0,0,192.00,288313344,382980096,114090264,95883264,18123768,2904,7449760,22132800,958,2727,2727,0,0,0,0,0,0,0,0,0.063,0.064,0.000,0,0,0,2727,2727,0,0
travel,12.977,311.4,348.712,348.712,fly,0.854,ok,2601,0,0,192.00,288313344,382980096,114090264,95883264,18123768,2904,7449760,22132800,958,2727,2727,0,0,0,0,0,0,0,0,0.064,0.073,0.000,0,0,0,2727,2727,0,0
travel,13.007,312.2,349.224,349.224,fly,0.823,ok,2601,0,0,192.00,288313344,382980096,114090264,95883264,18123768,2904,7449760,22132800,958,2727,2727,0,0,0,0,0,0,0,0,0.060,0.071,0.000,0,0,0,2727,2727,0,0
travel,13.037,312.9,349.733,349.733,fly,0.810,ok,2601,0,0,192.00,288313344,382980096,114090264,95883264,18123768,2904,7449760,22132800,958,2727,2727,0,0,0,0,0,0,0,0,0.064,0.063,0.000,0,0,0,2727,2727,0,0
travel,13.067,313.6,350.243,350.243,fly,0.812,ok,2601,0,0,192.00,288313344,382980096,114090264,95883264,18123768,2904,7449760,22132800,958,2727,2727,0,0,0,0,0,0,0,0,0.061,0.066,0.000,0,0,0,2727,2727,0,0
travel,13.097,314.3,350.757,350.757,fly,0.825,ok,2601,0,0,192.00,288317440,382980096,114090264,95883264,18123768,2904,7449760,22132800,958,2727,2727,0,0,0,0,0,0,0,0,0.060,0.070,0.000,0,0,0,2727,2727,0,0
travel,13.127,315.0,351.267,351.267,fly,0.835,ok,2601,0,0,192.00,288317440,382980096,114090264,95883264,18123768,2904,7449760,22132800,958,2727,2727,0,0,0,0,0,0,0,0,0.062,0.070,0.000,0,0,0,2727,2727,0,0
travel,13.157,315.8,351.777,351.777,fly,0.806,ok,2601,0,0,192.00,288317440,382980096,114090264,95883264,18123768,2904,7449760,22132800,958,2727,2727,0,0,0,0,0,0,0,0,0.060,0.063,0.000,0,0,0,2727,2727,0,0
travel,13.195,316.7,352.418,352.418,fly,0.840,ok,2601,0,0,192.00,289476608,384028672,114090264,95883264,18123768,2904,11174640,22132800,958,2828,2828,0,0,0,0,0,0,0,0,0.063,0.070,0.000,0,0,0,2828,2828,0,0
travel,13.225,317.4,352.928,352.928,fly,0.816,ok,2601,0,0,192.00,289476608,384028672,114090264,95883264,18123768,2904,11174640,22132800,958,2828,2828,0,0,0,0,0,0,0,0,0.062,0.067,0.000,0,0,0,2828,2828,0,0
travel,13.256,318.1,353.442,353.442,fly,0.864,ok,2601,0,0,192.00,289476608,384028672,114090264,95883264,18123768,2904,11174640,22132800,958,2828,2828,0,0,0,0,0,0,0,0,0.064,0.081,0.000,0,0,0,2828,2828,0,0
travel,13.286,318.8,353.953,353.953,fly,0.798,ok,2601,0,0,192.00,289476608,384028672,114090264,95883264,18123768,2904,11174640,22132800,958,2828,2828,0,0,0,0,0,0,0,0,0.061,0.062,0.000,0,0,0,2828,2828,0,0
travel,13.316,319.6,354.469,354.469,fly,0.846,ok,2601,0,0,192.00,289476608,384028672,114090264,95883264,18123768,2904,11174640,22132800,958,2828,2828,0,0,0,0,0,0,0,0,0.063,0.076,0.000,0,0,0,2828,2828,0,0
travel,13.347,320.3,354.985,354.985,fly,0.826,ok,2601,0,0,192.00,289476608,384028672,114090264,95883264,18123768,2904,11174640,22132800,958,2828,2828,0,0,0,0,0,0,0,0,0.060,0.069,0.000,0,0,0,2828,2828,0,0
travel,13.377,321.0,355.500,355.500,fly,0.891,ok,2601,0,0,192.00,289476608,384028672,114090264,95883264,18123768,2904,11174640,22132800,958,2828,2828,0,0,0,0,0,0,0,0,0.064,0.076,0.000,0,0,0,2828,2828,0,0
travel,13.408,321.8,356.034,356.034,fly,0.823,ok,2601,0,0,192.00,289476608,384028672,114090264,95883264,18123768,2904,7449760,22132800,958,2828,2828,0,0,0,0,0,0,0,0,0.062,0.066,0.000,0,0,0,2828,2828,0,0
travel,13.440,322.5,356.573,356.573,fly,0.924,ok,2601,0,0,192.00,289476608,384028672,114090264,95883264,18123768,2904,7449760,22132800,958,2828,2828,0,0,0,0,0,0,0,0,0.153,0.068,0.000,0,0,0,2828,2828,0,0
travel,13.471,323.3,357.089,357.089,fly,0.942,ok,2601,0,0,192.00,289476608,384028672,114090264,95883264,18123768,2904,7449760,22132800,958,2828,2828,0,0,0,0,0,0,0,0,0.069,0.111,0.000,0,0,0,2828,2828,0,0
travel,13.501,324.0,357.603,357.603,fly,1.041,ok,2601,0,0,192.00,289476608,384028672,114090264,95883264,18123768,2904,7449760,22132800,958,2828,2828,0,0,0,0,0,0,0,0,0.138,0.103,0.000,0,0,0,2828,2828,0,0
travel,13.531,324.7,358.114,358.114,fly,0.815,ok,2601,0,0,192.00,289476608,384028672,114090264,95883264,18123768,2904,7449760,22132800,958,2828,2828,0,0,0,0,0,0,0,0,0.063,0.066,0.000,0,0,0,2828,2828,0,0
travel,13.561,325.4,358.624,358.624,fly,0.816,ok,2601,0,0,192.00,289476608,384028672,114090264,95883264,18123768,2904,7449760,22132800,958,2828,2828,0,0,0,0,0,0,0,0,0.061,0.065,0.000,0,0,0,2828,2828,0,0
travel,13.591,326.2,359.134,359.134,fly,0.814,ok,2601,0,0,192.00,289476608,384028672,114090264,95883264,18123768,2904,7449760,22132800,958,2828,2828,0,0,0,0,0,0,0,0,0.061,0.065,0.000,0,0,0,2828,2828,0,0
travel,13.621,326.9,359.646,359.646,fly,0.817,ok,2601,0,0,192.00,289480704,384028672,114090264,95883264,18123768,2904,7449760,22132800,958,2828,2828,0,0,0,0,0,0,0,0,0.063,0.065,0.000,0,0,0,2828,2828,0,0
travel,13.659,327.8,360.284,360.284,fly,0.834,ok,2601,0,0,192.00,290508800,385605632,114090264,95883264,18123768,2904,11174640,22132800,958,2929,2929,0,0,0,0,0,0,0,0,0.062,0.066,0.000,0,0,0,2929,2929,0,0
travel,13.689,328.5,360.793,360.793,fly,0.903,ok,2601,0,0,192.00,290508800,385605632,114090264,95883264,18123768,2904,11174640,22132800,958,2929,2929,0,0,0,0,0,0,0,0,0.136,0.072,0.000,0,0,0,2929,2929,0,0
travel,13.719,329.2,361.302,361.302,fly,0.809,ok,2601,0,0,192.00,290508800,385605632,114090264,95883264,18123768,2904,11174640,22132800,958,2929,2929,0,0,0,0,0,0,0,0,0.062,0.062,0.000,0,0,0,2929,2929,0,0
travel,13.749,330.0,361.814,361.814,fly,0.816,ok,2601,0,0,192.00,290508800,385605632,114090264,95883264,18123768,2904,11174640,22132800,958,2929,2929,0,0,0,0,0,0,0,0,0.062,0.066,0.000,0,0,0,2929,2929,0,0
travel,13.779,330.7,362.323,362.323,fly,0.829,ok,2601,0,0,192.00,290508800,385605632,114090264,95883264,18123768,2904,11174640,22132800,958,2929,2929,0,0,0,0,0,0,0,0,0.061,0.072,0.000,0,0,0,2929,2929,0,0
travel,13.810,331.4,362.838,362.838,fly,0.812,ok,2601,0,0,192.00,290508800,385605632,114090264,95883264,18123768,2904,11174640,22132800,958,2929,2929,0,0,0,0,0,0,0,0,0.062,0.065,0.000,0,0,0,2929,2929,0,0
travel,13.840,332.1,363.347,363.347,fly,0.817,ok,2601,0,0,192.00,290508800,385605632,114090264,95883264,18123768,2904,11174640,22132800,958,2929,2929,0,0,0,0,0,0,0,0,0.061,0.067,0.000,0,0,0,2929,2929,0,0
travel,13.870,332.8,363.857,363.857,fly,0.843,ok,2601,0,0,192.00,290508800,385605632,114090264,95883264,18123768,2904,7449760,22132800,958,2929,2929,0,0,0,0,0,0,0,0,0.063,0.072,0.000,0,0,0,2929,2929,0,0
travel,13.900,333.6,364.366,364.366,fly,0.820,ok,2601,0,0,192.00,290508800,385605632,114090264,95883264,18123768,2904,7449760,22132800,958,2929,2929,0,0,0,0,0,0,0,0,0.061,0.064,0.000,0,0,0,2929,2929,0,0
travel,13.930,334.3,364.876,364.876,fly,0.809,ok,2601,0,0,192.00,290508800,385605632,114090264,95883264,18123768,2904,7449760,22132800,958,2929,2929,0,0,0,0,0,0,0,0,0.060,0.062,0.000,0,0,0,2929,2929,0,0
travel,13.960,335.0,365.387,365.387,fly,0.834,ok,2601,0,0,192.00,290508800,385605632,114090264,95883264,18123768,2904,7449760,22132800,958,2929,2929,0,0,0,0,0,0,0,0,0.061,0.067,0.000,0,0,0,2929,2929,0,0
travel,13.990,335.7,365.900,365.900,fly,0.878,ok,2601,0,0,192.00,290508800,385605632,114090264,95883264,18123768,2904,7449760,22132800,958,2929,2929,0,0,0,0,0,0,0,0,0.131,0.067,0.000,0,0,0,2929,2929,0,0
travel,14.020,336.5,366.410,366.410,fly,0.811,ok,2601,0,0,192.00,290508800,385605632,114090264,95883264,18123768,2904,7449760,22132800,958,2929,2929,0,0,0,0,0,0,0,0,0.060,0.066,0.000,0,0,0,2929,2929,0,0
travel,14.050,337.2,366.921,366.921,fly,0.947,ok,2601,0,0,192.00,290508800,385605632,114090264,95883264,18123768,2904,7449760,22132800,958,2929,2929,0,0,0,0,0,0,0,0,0.204,0.059,0.000,0,0,0,2929,2929,0,0
travel,14.080,337.9,367.429,367.429,fly,0.800,ok,2601,0,0,192.00,290508800,385605632,114090264,95883264,18123768,2904,7449760,22132800,958,2929,2929,0,0,0,0,0,0,0,0,0.061,0.064,0.000,0,0,0,2929,2929,0,0
travel,14.110,338.6,367.941,367.941,fly,0.802,ok,2601,0,0,192.00,290508800,385605632,114090264,95883264,18123768,2904,7449760,22132800,958,2929,2929,0,0,0,0,0,0,0,0,0.060,0.067,0.000,0,0,0,2929,2929,0,0
travel,14.149,339.5,368.594,368.594,fly,0.952,ok,2601,0,0,192.00,291483648,386129920,114090264,95883264,18123768,2904,11174640,22132800,958,3030,3030,0,0,0,0,0,0,0,0,0.075,0.117,0.000,0,0,0,3030,3030,0,0
travel,14.179,340.3,369.106,369.106,fly,0.814,ok,2601,0,0,192.00,291483648,386129920,114090264,95883264,18123768,2904,11174640,22132800,958,3030,3030,0,0,0,0,0,0,0,0,0.062,0.066,0.000,0,0,0,3030,3030,0,0
travel,14.209,341.0,369.616,369.616,fly,0.827,ok,2601,0,0,192.00,291483648,386129920,114090264,95883264,18123768,2904,11174640,22132800,958,3030,3030,0,0,0,0,0,0,0,0,0.062,0.067,0.000,0,0,0,3030,3030,0,0
travel,14.239,341.7,370.127,370.127,fly,0.821,ok,2601,0,0,192.00,291483648,386129920,114090264,95883264,18123768,2904,11174640,22132800,958,3030,3030,0,0,0,0,0,0,0,0,0.061,0.069,0.000,0,0,0,3030,3030,0,0
travel,14.269,342.4,370.638,370.638,fly,0.818,ok,2601,0,0,192.00,291483648,386129920,114090264,95883264,18123768,2904,11174640,22132800,958,3030,3030,0,0,0,0,0,0,0,0,0.062,0.070,0.000,0,0,0,3030,3030,0,0
travel,14.300,343.2,371.151,371.151,fly,0.860,ok,2601,0,0,192.00,291483648,386129920,114090264,95883264,18123768,2904,11174640,22132800,958,3030,3030,0,0,0,0,0,0,0,0,0.106,0.069,0.000,0,0,0,3030,3030,0,0
travel,14.330,343.9,371.664,371.664,fly,0.837,ok,2601,0,0,192.00,291483648,386129920,114090264,95883264,18123768,2904,11174640,22132800,958,3030,3030,0,0,0,0,0,0,0,0,0.063,0.068,0.000,0,0,0,3030,3030,0,0
travel,14.360,344.6,372.173,372.173,fly,0.806,ok,2601,0,0,192.00,291483648,386129920,114090264,95883264,18123768,2904,7449760,22132800,958,3030,3030,0,0,0,0,0,0,0,0,0.061,0.063,0.000,0,0,0,3030,3030,0,0
travel,14.390,345.3,372.683,372.683,fly,0.836,ok,2601,0,0,192.00,291483648,386129920,114090264,95883264,18123768,2904,7449760,22132800,958,3030,3030,0,0,0,0,0,0,0,0,0.061,0.070,0.000,0,0,0,3030,3030,0,0
travel,14.420,346.1,373.195,373.195,fly,0.814,ok,2601,0,0,192.00,291483648,386129920,114090264,95883264,18123768,2904,7449760,22132800,958,3030,3030,0,0,0,0,0,0,0,0,0.061,0.067,0.000,0,0,0,3030,3030,0,0
travel,14.450,346.8,373.703,373.703,fly,0.818,ok,2601,0,0,192.00,291483648,386129920,114090264,95883264,18123768,2904,7449760,22132800,958,3030,3030,0,0,0,0,0,0,0,0,0.061,0.068,0.000,0,0,0,3030,3030,0,0
travel,14.480,347.5,374.215,374.215,fly,0.813,ok,2601,0,0,192.00,291418112,386064384,114090264,95883264,18123768,2904,7449760,22132800,958,3030,3030,0,0,0,0,0,0,0,0,0.060,0.068,0.000,0,0,0,3030,3030,0,0
travel,14.510,348.2,374.724,374.724,fly,0.810,ok,2601,0,0,192.00,291418112,386064384,114090264,95883264,18123768,2904,7449760,22132800,958,3030,3030,0,0,0,0,0,0,0,0,0.061,0.066,0.000,0,0,0,3030,3030,0,0
travel,14.540,348.9,375.233,375.233,fly,0.851,ok,2601,0,0,192.00,291418112,386064384,114090264,95883264,18123768,2904,7449760,22132800,958,3030,3030,0,0,0,0,0,0,0,0,0.061,0.072,0.000,0,0,0,3030,3030,0,0
travel,14.570,349.7,375.742,375.742,fly,0.811,ok,2601,0,0,192.00,291418112,386064384,114090264,95883264,18123768,2904,7449760,22132800,958,3030,3030,0,0,0,0,0,0,0,0,0.060,0.064,0.000,0,0,0,3030,3030,0,0
travel,14.608,350.6,376.386,376.386,fly,0.820,ok,2601,0,0,192.00,292315136,387112960,114090264,95883264,18123768,2904,11174640,22132800,958,3131,3131,0,0,0,0,0,0,0,0,0.062,0.067,0.000,0,0,0,3131,3131,0,0
travel,14.638,351.3,376.899,376.899,fly,0.913,ok,2601,0,0,192.00,292315136,387112960,114090264,95883264,18123768,2904,11174640,22132800,958,3131,3131,0,0,0,0,0,0,0,0,0.145,0.068,0.000,0,0,0,3131,3131,0,0
travel,14.669,352.0,377.408,377.408,fly,0.831,ok,2601,0,0,192.00,292384768,387178496,114090264,95883264,18123768,2904,11174640,22132800,958,3131,3131,0,0,0,0,0,0,0,0,0.062,0.070,0.000,0,0,0,3131,3131,0,0
travel,14.699,352.7,377.918,377.918,fly,0.812,ok,2601,0,0,192.00,292384768,387178496,114090264,95883264,18123768,2904,11174640,22132800,958,3131,3131,0,0,0,0,0,0,0,0,0.063,0.064,0.000,0,0,0,3131,3131,0,0
travel,14.729,353.5,378.429,378.429,fly,0.840,ok,2601,0,0,192.00,292384768,387178496,114090264,95883264,18123768,2904,11174640,22132800,958,3131,3131,0,0,0,0,0,0,0,0,0.062,0.068,0.000,0,0,0,3131,3131,0,0
travel,14.759,354.2,378.938,378.938,fly,0.818,ok,2601,0,0,192.00,292384768,387178496,114090264,95883264,18123768,2904,11174640,22132800,958,3131,3131,0,0,0,0,0,0,0,0,0.062,0.064,0.000,0,0,0,3131,3131,0,0
travel,14.789,354.9,379.449,379.449,fly,0.819,ok,2601,0,0,192.00,292384768,387178496,114090264,95883264,18123768,2904,11174640,22132800,958,3131,3131,0,0,0,0,0,0,0,0,0.060,0.066,0.000,0,0,0,3131,3131,0,0
travel,14.820,355.6,379.972,379.972,fly,0.894,ok,2601,0,0,192.00,292384768,387178496,114090264,95883264,18123768,2904,7449760,22132800,958,3131,3131,0,0,0,0,0,0,0,0,0.063,0.073,0.000,0,0,0,3131,3131,0,0
travel,14.850,356.4,380.483,380.483,fly,0.876,ok,2601,0,0,192.00,292384768,387178496,114090264,95883264,18123768,2904,7449760,22132800,958,3131,3131,0,0,0,0,0,0,0,0,0.136,0.066,0.000,0,0,0,3131,3131,0,0
travel,14.880,357.1,380.992,380.992,fly,0.808,ok,2601,0,0,192.00,292384768,387178496,114090264,95883264,18123768,2904,7449760,22132800,958,3131,3131,0,0,0,0,0,0,0,0,0.060,0.063,0.000,0,0,0,3131,3131,0,0
travel,14.910,357.8,381.501,381.501,fly,0.959,ok,2601,0,0,192.00,292384768,387178496,114090264,95883264,18123768,2904,7449760,22132800,958,3131,3131,0,0,0,0,0,0,0,0,0.141,0.103,0.000,0,0,0,3131,3131,0,0
travel,14.940,358.5,382.010,382.010,fly,0.847,ok,2601,0,0,192.00,292384768,387178496,114090264,95883264,18123768,2904,7449760,22132800,958,3131,3131,0,0,0,0,0,0,0,0,0.061,0.067,0.000,0,0,0,3131,3131,0,0
travel,14.970,359.2,382.521,382.521,fly,1.157,ok,2601,0,0,192.00,292384768,387178496,114090264,95883264,18123768,2904,7449760,22132800,958,3131,3131,0,0,0,0,0,0,0,0,0.411,0.068,0.000,0,0,0,3131,3131,0,0
travel,15.000,360.0,383.035,383.035,fly,0.794,ok,2601,0,0,192.00,292384768,387178496,114090264,95883264,18123768,2904,7449760,22132800,958,3131,3131,0,0,0,0,0,0,0,0,0.060,0.065,0.000,0,0,0,3131,3131,0,0
travel,15.030,360.7,383.546,383.546,fly,0.801,ok,2601,0,0,192.00,292384768,387178496,114090264,95883264,18123768,2904,7449760,22132800,958,3131,3131,0,0,0,0,0,0,0,0,0.062,0.064,0.000,0,0,0,3131,3131,0,0
travel,15.068,361.6,384.184,384.184,fly,0.930,ok,2601,0,36,192.00,293150720,387706880,114090264,95883264,18123768,2904,11174640,20254368,958,3232,3232,0,0,59,0,0,0,0,0,0.135,0.067,0.000,0,0,0,3232,3232,0,0
travel,15.098,362.3,384.693,384.693,fly,0.812,ok,2601,0,0,192.00,293150720,387706880,114090264,95883264,18123768,2904,11174640,22132800,958,3232,3232,0,0,0,0,0,0,0,0,0.062,0.063,0.000,0,0,0,3232,3232,0,0
travel,15.128,363.0,385.206,385.206,fly,0.817,ok,2601,0,0,192.00,293150720,387706880,114090264,95883264,18123768,2904,11174640,22132800,958,3232,3232,0,0,0,0,0,0,0,0,0.063,0.067,0.000,0,0,0,3232,3232,0,0
travel,15.158,363.8,385.716,385.716,fly,0.816,ok,2601,0,0,192.00,293150720,387706880,114090264,95883264,18123768,2904,11174640,22132800,958,3232,3232,0,0,0,0,0,0,0,0,0.062,0.067,0.000,0,0,0,3232,3232,0,0
travel,15.188,364.5,386.227,386.227,fly,0.872,ok,2601,0,0,192.00,293154816,387706880,114090264,95883264,18123768,2904,11174640,22132800,958,3232,3232,0,0,0,0,0,0,0,0,0.063,0.071,0.000,0,0,0,3232,3232,0,0
travel,15.219,365.2,386.737,386.737,fly,0.814,ok,2601,0,0,192.00,293154816,387706880,114090264,95883264,18123768,2904,11174640,22132800,958,3232,3232,0,0,0,0,0,0,0,0,0.063,0.067,0.000,0,0,0,3232,3232,0,0
travel,15.249,365.9,387.250,387.250,fly,0.861,ok,2601,0,0,192.00,293154816,387706880,114090264,95883264,18123768,2904,11174640,22132800,958,3232,3232,0,0,0,0,0,0,0,0,0.061,0.111,0.000,0,0,0,3232,3232,0,0
travel,15.279,366.7,387.763,387.763,fly,0.817,ok,2601,0,0,192.00,293154816,387706880,114090264,95883264,18123768,2904,11174640,22132800,958,3232,3232,0,0,0,0,0,0,0,0,0.061,0.067,0.000,0,0,0,3232,3232,0,0
travel,15.309,367.4,388.274,388.274,fly,0.885,ok,2601,0,0,192.00,293154816,387706880,114090264,95883264,18123768,2904,7449760,22132800,958,3232,3232,0,0,0,0,0,0,0,0,0.132,0.063,0.000,0,0,0,3232,3232,0,0
travel,15.339,368.1,388.783,388.783,fly,0.841,ok,2601,0,0,192.00,293154816,387706880,114090264,95883264,18123768,2904,7449760,22132800,958,3232,3232,0,0,0,0,0,0,0,0,0.062,0.070,0.000,0,0,0,3232,3232,0,0
travel,15.369,368.8,389.293,389.293,fly,0.816,ok,2601,0,0,192.00,293154816,387706880,114090264,95883264,18123768,2904,7449760,22132800,958,3232,3232,0,0,0,0,0,0,0,0,0.061,0.066,0.000,0,0,0,3232,3232,0,0
travel,15.399,369.5,389.805,389.805,fly,0.821,ok,2601,0,0,192.00,293154816,387706880,114090264,95883264,18123768,2904,7449760,22132800,958,3232,3232,0,0,0,0,0,0,0,0,0.060,0.067,0.000,0,0,0,3232,3232,0,0
travel,15.430,370.3,390.321,390.321,fly,0.819,ok,2601,0,0,192.00,293154816,387706880,114090264,95883264,18123768,2904,7449760,22132800,958,3232,3232,0,0,0,0,0,0,0,0,0.061,0.073,0.000,0,0,0,3232,3232,0,0
travel,15.460,371.0,390.831,390.831,fly,0.813,ok,2601,0,0,192.00,293154816,387706880,114090264,95883264,18123768,2904,7449760,22132800,958,3232,3232,0,0,0,0,0,0,0,0,0.060,0.067,0.000,0,0,0,3232,3232,0,0
travel,15.490,371.7,391.340,391.340,fly,0.812,ok,2601,0,0,192.00,293154816,387706880,114090264,95883264,18123768,2904,7449760,22132800,958,3232,3232,0,0,0,0,0,0,0,0,0.061,0.068,0.000,0,0,0,3232,3232,0,0
travel,15.520,372.4,391.849,391.849,fly,1.098,ok,2601,0,0,192.00,293154816,387706880,114090264,95883264,18123768,2904,7449760,22132800,958,3232,3232,0,0,0,0,0,0,0,0,0.346,0.061,0.000,0,0,0,3232,3232,0,0
travel,15.558,373.3,392.492,392.492,fly,0.852,ok,2601,0,0,192.00,294137856,388755456,114090264,95883264,18123768,2904,11174640,22132800,958,3333,3333,0,0,0,0,0,0,0,0,0.066,0.071,0.000,0,0,0,3333,3333,0,0
travel,15.588,374.1,393.003,393.003,fly,0.882,ok,2601,0,0,192.00,294137856,388755456,114090264,95883264,18123768,2904,11174640,22132800,958,3333,3333,0,0,0,0,0,0,0,0,0.062,0.070,0.000,0,0,0,3333,3333,0,0
travel,15.618,374.8,393.513,393.513,fly,0.798,ok,2601,0,0,192.00,294137856,388755456,114090264,95883264,18123768,2904,11174640,22132800,958,3333,3333,0,0,0,0,0,0,0,0,0.062,0.063,0.000,0,0,0,3333,3333,0,0
travel,15.648,375.5,394.021,394.021,fly,0.794,ok,2601,0,0,192.00,294137856,388755456,114090264,95883264,18123768,2904,11174640,22132800,958,3333,3333,0,0,0,0,0,0,0,0,0.061,0.065,0.000,0,0,0,3333,3333,0,0
travel,15.678,376.2,394.537,394.537,fly,0.845,ok,2601,0,0,192.00,294137856,388755456,114090264,95883264,18123768,2904,11174640,22132800,958,3333,3333,0,0,0,0,0,0,0,0,0.062,0.071,0.000,0,0,0,3333,3333,0,0
travel,15.709,377.0,395.052,395.052,fly,0.817,ok,2601,0,0,192.00,294203392,388755456,114090264,95883264,18123768,2904,11174640,22132800,958,3333,3333,0,0,0,0,0,0,0,0,0.061,0.067,0.000,0,0,0,3333,3333,0,0
travel,15.739,377.7,395.562,395.562,fly,0.812,ok,2601,0,0,192.00,294203392,388755456,114090264,95883264,18123768,2904,11174640,22132800,958,3333,3333,0,0,0,0,0,0,0,0,0.062,0.066,0.000,0,0,0,3333,3333,0,0
travel,15.769,378.4,396.075,396.075,fly,0.815,ok,2601,0,0,192.00,294203392,388755456,114090264,95883264,18123768,2904,7449760,22132800,958,3333,3333,0,0,0,0,0,0,0,0,0.064,0.064,0.000,0,0,0,3333,3333,0,0
travel,15.799,379.1,396.585,396.585,fly,1.172,ok,2601,0,0,192.00,294203392,388755456,114090264,95883264,18123768,2904,7449760,22132800,958,3333,3333,0,0,0,0,0,0,0,0,0.316,0.111,0.000,0,0,0,3333,3333,0,0
travel,15.829,379.9,397.099,397.099,fly,0.808,ok,2601,0,0,192.00,294203392,388755456,114090264,95883264,18123768,2904,7449760,22132800,958,3333,3333,0,0,0,0,0,0,0,0,0.060,0.067,0.000,0,0,0,3333,3333,0,0
travel,15.859,380.6,397.608,397.608,fly,0.821,ok,2601,0,0,192.00,294203392,388755456,114090264,95883264,18123768,2904,7449760,22132800,958,3333,3333,0,0,0,0,0,0,0,0,0.061,0.068,0.000,0,0,0,3333,3333,0,0
travel,15.890,381.3,398.119,398.119,fly,0.816,ok,2601,0,0,192.00,294203392,388755456,114090264,95883264,18123768,2904,7449760,22132800,958,3333,3333,0,0,0,0,0,0,0,0,0.060,0.068,0.000,0,0,0,3333,3333,0,0
travel,15.920,382.0,398.634,398.634,fly,0.813,ok,2601,0,0,192.00,294203392,388755456,114090264,95883264,18123768,2904,7449760,22132800,958,3333,3333,0,0,0,0,0,0,0,0,0.061,0.065,0.000,0,0,0,3333,3333,0,0
travel,15.950,382.7,399.143,399.143,fly,1.230,ok,2601,0,0,192.00,294203392,388755456,114090264,95883264,18123768,2904,7449760,22132800,958,3333,3333,0,0,0,0,0,0,0,0,0.386,0.093,0.000,0,0,0,3333,3333,0,0
travel,15.981,383.5,399.678,399.678,fly,0.809,ok,2601,0,0,192.00,294203392,388755456,114090264,95883264,18123768,2904,7449760,22132800,958,3333,3333,0,0,0,0,0,0,0,0,0.060,0.065,0.000,0,0,0,3333,3333,0,0
travel,16.019,384.4,400.319,400.319,fly,0.975,ok,2601,0,0,192.00,294854656,389808128,114090264,95883264,18123768,2904,11174640,22132800,958,3434,3434,0,0,0,0,0,0,0,0,0.085,0.158,0.000,0,0,0,3434,3434,0,0
travel,16.050,385.1,400.836,400.836,fly,0.799,ok,2601,0,0,192.00,294854656,389808128,114090264,95883264,18123768,2904,11174640,22132800,958,3434,3434,0,0,0,0,0,0,0,0,0.062,0.063,0.000,0,0,0,3434,3434,0,0
travel,16.080,385.9,401.348,401.348,fly,0.801,ok,2601,0,0,192.00,294854656,389808128,114090264,95883264,18123768,2904,11174640,22132800,958,3434,3434,0,0,0,0,0,0,0,0,0.062,0.066,0.000,0,0,0,3434,3434,0,0
travel,16.110,386.6,401.859,401.859,fly,0.799,ok,2601,0,0,192.00,294854656,389808128,114090264,95883264,18123768,2904,11174640,22132800,958,3434,3434,0,0,0,0,0,0,0,0,0.061,0.068,0.000,0,0,0,3434,3434,0,0
travel,16.140,387.3,402.370,402.370,fly,0.810,ok,2601,0,0,192.00,294854656,389808128,114090264,95883264,18123768,2904,11174640,22132800,958,3434,3434,0,0,0,0,0,0,0,0,0.060,0.063,0.000,0,0,0,3434,3434,0,0
travel,16.170,388.0,402.881,402.881,fly,0.896,ok,2601,0,0,192.00,294854656,389808128,114090264,95883264,18123768,2904,11174640,22132800,958,3434,3434,0,0,0,0,0,0,0,0,0.072,0.104,0.000,0,0,0,3434,3434,0,0
travel,16.200,388.8,403.390,403.390,fly,0.797,ok,2601,0,0,192.00,294854656,389808128,114090264,95883264,18123768,2904,11174640,22132800,958,3434,3434,0,0,0,0,0,0,0,0,0.062,0.065,0.000,0,0,0,3434,3434,0,0
travel,16.230,389.5,403.899,403.899,fly,0.825,ok,2601,0,0,192.00,294854656,389808128,114090264,95883264,18123768,2904,11174640,22132800,958,3434,3434,0,0,0,0,0,0,0,0,0.061,0.063,0.000,0,0,0,3434,3434,0,0
travel,16.261,390.2,404.412,404.412,fly,0.800,ok,2601,0,0,192.00,294854656,389808128,114090264,95883264,18123768,2904,7449760,22132800,958,3434,3434,0,0,0,0,0,0,0,0,0.062,0.066,0.000,0,0,0,3434,3434,0,0
travel,16.291,390.9,404.925,404.925,fly,0.809,ok,2601,0,0,192.00,294854656,389808128,114090264,95883264,18123768,2904,7449760,22132800,958,3434,3434,0,0,0,0,0,0,0,0,0.071,0.063,0.000,0,0,0,3434,3434,0,0
travel,16.321,391.6,405.434,405.434,fly,0.797,ok,2601,0,0,192.00,294854656,389808128,114090264,95883264,18123768,2904,7449760,22132800,958,3434,3434,0,0,0,0,0,0,0,0,0.061,0.067,0.000,0,0,0,3434,3434,0,0
travel,16.351,392.4,405.944,405.944,fly,0.884,ok,2601,0,0,192.00,294854656,389808128,114090264,95883264,18123768,2904,7449760,22132800,958,3434,3434,0,0,0,0,0,0,0,0,0.131,0.064,0.000,0,0,0,3434,3434,0,0
travel,16.381,393.1,406.456,406.456,fly,0.854,ok,2601,0,0,192.00,294854656,389808128,114090264,95883264,18123768,2904,7449760,22132800,958,3434,3434,0,0,0,0,0,0,0,0,0.063,0.072,0.000,0,0,0,3434,3434,0,0
travel,16.411,393.8,406.966,406.966,fly,0.885,ok,2601,0,0,192.00,294854656,389808128,114090264,95883264,18123768,2904,7449760,22132800,958,3434,3434,0,0,0,0,0,0,0,0,0.130,0.064,0.000,0,0,0,3434,3434,0,0
travel,16.441,394.5,407.475,407.475,fly,0.888,ok,2601,0,0,192.00,294854656,389808128,114090264,95883264,18123768,2904,7449760,22132800,958,3434,3434,0,0,0,0,0,0,0,0,0.063,0.076,0.000,0,0,0,3434,3434,0,0
travel,16.471,395.2,407.984,407.984,fly,0.808,ok,2601,0,0,192.00,294854656,389808128,114090264,95883264,18123768,2904,7449760,22132800,958,3434,3434,0,0,0,0,0,0,0,0,0.060,0.063,0.000,0,0,0,3434,3434,0,0
travel,16.509,396.2,408.634,408.634,fly,0.819,ok,2601,0,0,192.00,295596032,390332416,114090264,95883264,18123768,2904,11174640,22132800,958,3535,3535,0,0,0,0,0,0,0,0,0.064,0.064,0.000,0,0,0,3535,3535,0,0
travel,16.539,396.9,409.144,409.144,fly,0.840,ok,2601,0,0,192.00,295596032,390332416,114090264,95883264,18123768,2904,11174640,22132800,958,3535,3535,0,0,0,0,0,0,0,0,0.062,0.071,0.000,0,0,0,3535,3535,0,0
travel,16.570,397.6,409.654,409.654,fly,0.820,ok,2601,0,0,192.00,295596032,390332416,114090264,95883264,18123768,2904,11174640,22132800,958,3535,3535,0,0,0,0,0,0,0,0,0.062,0.065,0.000,0,0,0,3535,3535,0,0
travel,16.600,398.3,410.165,410.165,fly,0.814,ok,2601,0,0,192.00,295596032,390332416,114090264,95883264,18123768,2904,11174640,22132800,958,3535,3535,0,0,0,0,0,0,0,0,0.066,0.067,0.000,0,0,0,3535,3535,0,0
travel,16.630,399.1,410.676,410.676,fly,0.809,ok,2601,0,0,192.00,295596032,390332416,114090264,95883264,18123768,2904,11174640,22132800,958,3535,3535,0,0,0,0,0,0,0,0,0.062,0.064,0.000,0,0,0,3535,3535,0,0
travel,16.660,399.8,411.186,411.186,fly,0.895,ok,2601,0,0,192.00,295596032,390332416,114090264,95883264,18123768,2904,11174640,22132800,958,3535,3535,0,0,0,0,0,0,0,0,0.144,0.067,0.000,0,0,0,3535,3535,0,0
travel,16.690,400.5,411.696,411.696,fly,0.816,ok,2601,0,0,192.00,295596032,390332416,114090264,95883264,18123768,2904,11174640,22132800,958,3535,3535,0,0,0,0,0,0,0,0,0.064,0.066,0.000,0,0,0,3535,3535,0,0
travel,16.720,401.2,412.208,412.208,fly,0.826,ok,2601,0,0,192.00,295596032,390332416,114090264,95883264,18123768,2904,7449760,22132800,958,3535,3535,0,0,0,0,0,0,0,0,0.062,0.075,0.000,0,0,0,3535,3535,0,0
travel,16.750,401.9,412.721,412.721,fly,0.810,ok,2601,0,0,192.00,295596032,390332416,114090264,95883264,18123768,2904,7449760,22132800,958,3535,3535,0,0,0,0,0,0,0,0,0.060,0.064,0.000,0,0,0,3535,3535,0,0
travel,16.781,402.7,413.232,413.232,fly,0.812,ok,2601,0,0,192.00,295596032,390332416,114090264,95883264,18123768,2904,7449760,22132800,958,3535,3535,0,0,0,0,0,0,0,0,0.064,0.066,0.000,0,0,0,3535,3535,0,0
travel,16.811,403.4,413.746,413.746,fly,0.808,ok,2601,0,0,192.00,295596032,390332416,114090264,95883264,18123768,2904,7449760,22132800,958,3535,3535,0,0,0,0,0,0,0,0,0.061,0.065,0.000,0,0,0,3535,3535,0,0
travel,16.841,404.1,414.254,414.254,fly,0.812,ok,2601,0,0,192.00,295596032,390332416,114090264,95883264,18123768,2904,7449760,22132800,958,3535,3535,0,0,0,0,0,0,0,0,0.061,0.065,0.000,0,0,0,3535,3535,0,0
travel,16.871,404.8,414.764,414.764,fly,0.826,ok,2601,0,0,192.00,295596032,390332416,114090264,95883264,18123768,2904,7449760,22132800,958,3535,3535,0,0,0,0,0,0,0,0,0.063,0.068,0.000,0,0,0,3535,3535,0,0
travel,16.901,405.6,415.274,415.274,fly,0.809,ok,2601,0,0,192.00,295596032,390332416,114090264,95883264,18123768,2904,7449760,22132800,958,3535,3535,0,0,0,0,0,0,0,0,0.060,0.063,0.000,0,0,0,3535,3535,0,0
travel,16.931,406.3,415.786,415.786,fly,0.809,ok,2601,0,0,192.00,295596032,390332416,114090264,95883264,18123768,2904,7449760,22132800,958,3535,3535,0,0,0,0,0,0,0,0,0.059,0.061,0.000,0,0,0,3535,3535,0,0
travel,16.969,407.2,416.431,416.431,fly,0.810,ok,2601,0,0,192.00,296288256,393482240,114090264,95883264,18123768,2904,11174640,22132800,958,3636,3636,0,0,0,0,0,0,0,0,0.062,0.065,0.000,0,0,0,3636,3636,0,0
travel,16.999,407.9,416.940,416.940,fly,1.089,ok,2601,0,0,192.00,296288256,393482240,114090264,95883264,18123768,2904,11174640,22132800,958,3636,3636,0,0,0,0,0,0,0,0,0.238,0.107,0.000,0,0,0,3636,3636,0,0
travel,17.029,408.6,417.451,417.451,fly,0.805,ok,2601,0,0,192.00,296288256,393482240,114090264,95883264,18123768,2904,11174640,22132800,958,3636,3636,0,0,0,0,0,0,0,0,0.062,0.062,0.000,0,0,0,3636,3636,0,0
travel,17.059,409.4,417.963,417.963,fly,0.816,ok,2601,0,0,192.00,296288256,393482240,114090264,95883264,18123768,2904,11174640,22132800,958,3636,3636,0,0,0,0,0,0,0,0,0.061,0.067,0.000,0,0,0,3636,3636,0,0
travel,17.090,410.1,418.476,418.476,fly,0.895,ok,2601,0,0,192.00,296288256,393482240,114090264,95883264,18123768,2904,11174640,22132800,958,3636,3636,0,0,0,0,0,0,0,0,0.071,0.106,0.000,0,0,0,3636,3636,0,0
travel,17.120,410.8,418.986,418.986,fly,0.818,ok,2601,0,0,192.00,296288256,393482240,114090264,95883264,18123768,2904,11174640,22132800,958,3636,3636,0,0,0,0,0,0,0,0,0.063,0.066,0.000,0,0,0,3636,3636,0,0
travel,17.150,411.5,419.496,419.496,fly,0.812,ok,2601,0,0,192.00,296288256,393482240,114090264,95883264,18123768,2904,11174640,22132800,958,3636,3636,0,0,0,0,0,0,0,0,0.062,0.064,0.000,0,0,0,3636,3636,0,0
travel,17.180,412.3,420.006,420.006,fly,0.854,ok,2601,0,0,192.00,296288256,393482240,114090264,95883264,18123768,2904,7449760,22132800,958,3636,3636,0,0,0,0,0,0,0,0,0.062,0.063,0.000,0,0,0,3636,3636,0,0
travel,17.210,413.0,420.516,420.516,fly,1.058,ok,2601,0,0,192.00,296288256,393482240,114090264,95883264,18123768,2904,7449760,22132800,958,3636,3636,0,0,0,0,0,0,0,0,0.299,0.068,0.000,0,0,0,3636,3636,0,0
travel,17.240,413.7,421.026,421.026,fly,0.827,ok,2601,0,0,192.00,296288256,393482240,114090264,95883264,18123768,2904,7449760,22132800,958,3636,3636,0,0,0,0,0,0,0,0,0.062,0.070,0.000,0,0,0,3636,3636,0,0
travel,17.270,414.4,421.537,421.537,fly,0.832,ok,2601,0,0,192.00,296288256,393482240,114090264,95883264,18123768,2904,7449760,22132800,958,3636,3636,0,0,0,0,0,0,0,0,0.062,0.074,0.000,0,0,0,3636,3636,0,0
travel,17.300,415.1,422.046,422.046,fly,0.828,ok,2601,0,0,192.00,296288256,393482240,114090264,95883264,18123768,2904,7449760,22132800,958,3636,3636,0,0,0,0,0,0,0,0,0.062,0.065,0.000,0,0,0,3636,3636,0,0
travel,17.330,415.9,422.557,422.557,fly,1.066,ok,2601,0,0,192.00,296288256,393482240,114090264,95883264,18123768,2904,7449760,22132800,958,3636,3636,0,0,0,0,0,0,0,0,0.077,0.260,0.000,0,0,0,3636,3636,0,0
travel,17.361,416.6,423.070,423.070,fly,0.818,ok,2601,0,0,192.00,296288256,393482240,114090264,95883264,18123768,2904,7449760,22132800,958,3636,3636,0,0,0,0,0,0,0,0,0.061,0.070,0.000,0,0,0,3636,3636,0,0
travel,17.391,417.3,423.579,423.579,fly,0.835,ok,2601,0,0,192.00,296288256,393482240,114090264,95883264,18123768,2904,7449760,22132800,958,3636,3636,0,0,0,0,0,0,0,0,0.061,0.070,0.000,0,0,0,3636,3636,0,0
travel,17.428,418.2,424.215,424.215,fly,0.828,ok,2601,0,0,192.00,297025536,394010624,114090264,95883264,18123768,2904,11174640,22132800,958,3737,3737,0,0,20,0,0,0,0,0,0.063,0.068,0.000,0,0,0,3737,3737,0,0
travel,17.458,418.9,424.724,424.724,fly,0.810,ok,2601,0,0,192.00,297025536,394010624,114090264,95883264,18123768,2904,11174640,22132800,958,3737,3737,0,0,0,0,0,0,0,0,0.062,0.064,0.000,0,0,0,3737,3737,0,0
travel,17.488,419.6,425.233,425.233,fly,0.811,ok,2601,0,0,192.00,297025536,394010624,114090264,95883264,18123768,2904,11174640,22132800,958,3737,3737,0,0,0,0,0,0,0,0,0.061,0.065,0.000,0,0,0,3737,3737,0,0
travel,17.518,420.4,425.746,425.746,fly,0.852,ok,2601,0,0,192.00,297025536,394010624,114090264,95883264,18123768,2904,11174640,22132800,958,3737,3737,0,0,0,0,0,0,0,0,0.064,0.076,0.000,0,0,0,3737,3737,0,0
travel,17.548,421.1,426.256,426.256,fly,0.807,ok,2601,0,0,192.00,297025536,394010624,114090264,95883264,18123768,2904,11174640,22132800,958,3737,3737,0,0,0,0,0,0,0,0,0.061,0.066,0.000,0,0,0,3737,3737,0,0
travel,17.578,421.8,426.765,426.765,fly,0.809,ok,2601,0,0,192.00,297025536,394010624,114090264,95883264,18123768,2904,11174640,22132800,958,3737,3737,0,0,0,0,0,0,0,0,0.062,0.063,0.000,0,0,0,3737,3737,0,0
travel,17.609,422.5,427.276,427.276,fly,0.807,ok,2601,0,0,192.00,297025536,394010624,114090264,95883264,18123768,2904,11174640,22132800,958,3737,3737,0,0,0,0,0,0,0,0,0.061,0.065,0.000,0,0,0,3737,3737,0,0
travel,17.639,423.3,427.785,427.785,fly,0.796,ok,2601,0,0,192.00,297025536,394010624,114090264,95883264,18123768,2904,11174640,22132800,958,3737,3737,0,0,0,0,0,0,0,0,0.061,0.062,0.000,0,0,0,3737,3737,0,0
travel,17.669,424.0,428.296,428.296,fly,0.792,ok,2601,0,0,192.00,297025536,394010624,114090264,95883264,18123768,2904,7449760,22132800,958,3737,3737,0,0,0,0,0,0,0,0,0.061,0.062,0.000,0,0,0,3737,3737,0,0
travel,17.699,424.7,428.809,428.809,fly,0.811,ok,2601,0,0,192.00,297025536,394010624,114090264,95883264,18123768,2904,7449760,22132800,958,3737,3737,0,0,0,0,0,0,0,0,0.064,0.063,0.000,0,0,0,3737,3737,0,0
travel,17.729,425.4,429.322,429.322,fly,0.816,ok,2601,0,0,192.00,297025536,394010624,114090264,95883264,18123768,2904,7449760,22132800,958,3737,3737,0,0,0,0,0,0,0,0,0.061,0.064,0.000,0,0,0,3737,3737,0,0
travel,17.759,426.1,429.832,429.832,fly,0.806,ok,2601,0,0,192.00,297025536,394010624,114090264,95883264,18123768,2904,7449760,22132800,958,3737,3737,0,0,0,0,0,0,0,0,0.060,0.067,0.000,0,0,0,3737,3737,0,0
travel,17.789,426.9,430.344,430.344,fly,0.810,ok,2601,0,0,192.00,297025536,394010624,114090264,95883264,18123768,2904,7449760,22132800,958,3737,3737,0,0,0,0,0,0,0,0,0.060,0.065,0.000,0,0,0,3737,3737,0,0
travel,17.819,427.6,430.854,430.854,fly,0.822,ok,2601,0,0,192.00,297025536,394010624,114090264,95883264,18123768,2904,7449760,22132800,958,3737,3737,0,0,0,0,0,0,0,0,0.062,0.068,0.000,0,0,0,3737,3737,0,0
travel,17.849,428.3,431.363,431.363,fly,0.806,ok,2601,0,0,192.00,297025536,394010624,114090264,95883264,18123768,2904,7449760,22132800,958,3737,3737,0,0,0,0,0,0,0,0,0.061,0.061,0.000,0,0,0,3737,3737,0,0
travel,17.880,429.0,431.873,431.873,fly,0.812,ok,2601,0,0,192.00,297025536,394010624,114090264,95883264,18123768,2904,7449760,22132800,958,3737,3737,0,0,0,0,0,0,0,0,0.060,0.065,0.000,0,0,0,3737,3737,0,0
travel,17.918,430.0,432.522,432.522,fly,0.812,ok,2601,0,0,192.00,297754624,394534912,114090264,95883264,18123768,2904,11174640,22132800,958,3838,3838,0,0,0,0,0,0,0,0,0.062,0.067,0.000,0,0,0,3838,3838,0,0
travel,17.948,430.7,433.035,433.035,fly,0.866,ok,2601,0,0,192.00,297754624,394534912,114090264,95883264,18123768,2904,11174640,22132800,958,3838,3838,0,0,0,0,0,0,0,0,0.064,0.069,0.000,0,0,0,3838,3838,0,0
travel,17.978,431.4,433.548,433.548,fly,0.818,ok,2601,0,0,192.00,297754624,394534912,114090264,95883264,18123768,2904,11174640,22132800,958,3838,3838,0,0,0,0,0,0,0,0,0.063,0.065,0.000,0,0,0,3838,3838,0,0
travel,18.008,432.1,434.060,434.060,fly,0.816,ok,2601,0,0,192.00,297754624,394534912,114090264,95883264,18123768,2904,11174640,22132800,958,3838,3838,0,0,0,0,0,0,0,0,0.062,0.065,0.000,0,0,0,3838,3838,0,0
travel,18.039,432.8,434.570,434.570,fly,0.878,ok,2601,0,0,192.00,297754624,394534912,114090264,95883264,18123768,2904,11174640,22132800,958,3838,3838,0,0,0,0,0,0,0,0,0.069,0.086,0.000,0,0,0,3838,3838,0,0
travel,18.069,433.6,435.083,435.083,fly,0.812,ok,2601,0,0,192.00,297754624,394534912,114090264,95883264,18123768,2904,11174640,22132800,958,3838,3838,0,0,0,0,0,0,0,0,0.062,0.068,0.000,0,0,0,3838,3838,0,0
travel,18.099,434.3,435.592,435.592,fly,0.879,ok,2601,0,0,192.00,297754624,394534912,114090264,95883264,18123768,2904,11174640,22132800,958,3838,3838,0,0,0,0,0,0,0,0,0.137,0.067,0.000,0,0,0,3838,3838,0,0
travel,18.129,435.0,436.101,436.101,fly,0.805,ok,2601,0,0,192.00,297754624,394534912,114090264,95883264,18123768,2904,7449760,22132800,958,3838,3838,0,0,0,0,0,0,0,0,0.061,0.064,0.000,0,0,0,3838,3838,0,0
travel,18.159,435.7,436.611,436.611,fly,0.831,ok,2601,0,0,192.00,297754624,394534912,114090264,95883264,18123768,2904,7449760,22132800,958,3838,3838,0,0,0,0,0,0,0,0,0.062,0.068,0.000,0,0,0,3838,3838,0,0
travel,18.189,436.5,437.122,437.122,fly,0.820,ok,2601,0,0,192.00,297754624,394534912,114090264,95883264,18123768,2904,7449760,22132800,958,3838,3838,0,0,0,0,0,0,0,0,0.061,0.069,0.000,0,0,0,3838,3838,0,0
travel,18.219,437.2,437.633,437.633,fly,0.800,ok,2601,0,0,192.00,297754624,394534912,114090264,95883264,18123768,2904,7449760,22132800,958,3838,3838,0,0,0,0,0,0,0,0,0.060,0.062,0.000,0,0,0,3838,3838,0,0
travel,18.249,437.9,438.142,438.142,fly,0.835,ok,2601,0,0,192.00,297754624,394534912,114090264,95883264,18123768,2904,7449760,22132800,958,3838,3838,0,0,0,0,0,0,0,0,0.062,0.072,0.000,0,0,0,3838,3838,0,0
travel,18.279,438.6,438.651,438.651,fly,0.810,ok,2601,0,0,192.00,297754624,394534912,114090264,95883264,18123768,2904,7449760,22132800,958,3838,3838,0,0,0,0,0,0,0,0,0.062,0.067,0.000,0,0,0,3838,3838,0,0
travel,18.309,439.3,439.162,439.162,fly,0.807,ok,2601,0,0,192.00,297754624,394534912,114090264,95883264,18123768,2904,7449760,22132800,958,3838,3838,0,0,0,0,0,0,0,0,0.060,0.065,0.000,0,0,0,3838,3838,0,0
travel,18.339,440.1,439.671,439.671,fly,0.841,ok,2601,0,0,192.00,297754624,394534912,114090264,95883264,18123768,2904,7449760,22132800,958,3838,3838,0,0,0,0,0,0,0,0,0.062,0.071,0.000,0,0,0,3838,3838,0,0
travel,18.377,441.0,440.312,440.312,fly,0.814,ok,2601,0,0,192.00,298344448,395059200,114090264,95883264,18123768,2904,11174640,22132800,958,3939,3939,0,0,0,0,0,0,0,0,0.062,0.065,0.000,0,0,0,3939,3939,0,0
travel,18.407,441.7,440.822,440.822,fly,0.804,ok,2601,0,0,192.00,298344448,395059200,114090264,95883264,18123768,2904,11174640,22132800,958,3939,3939,0,0,0,0,0,0,0,0,0.062,0.063,0.000,0,0,0,3939,3939,0,0
travel,18.437,442.4,441.334,441.334,fly,0.809,ok,2601,0,0,192.00,298344448,395059200,114090264,95883264,18123768,2904,11174640,22132800,958,3939,3939,0,0,0,0,0,0,0,0,0.062,0.066,0.000,0,0,0,3939,3939,0,0
travel,18.467,443.1,441.843,441.843,fly,0.818,ok,2601,0,0,192.00,298344448,395059200,114090264,95883264,18123768,2904,11174640,22132800,958,3939,3939,0,0,0,0,0,0,0,0,0.063,0.064,0.000,0,0,0,3939,3939,0,0
travel,18.497,443.9,442.355,442.355,fly,0.808,ok,2601,0,0,192.00,298344448,395059200,114090264,95883264,18123768,2904,11174640,22132800,958,3939,3939,0,0,0,0,0,0,0,0,0.061,0.063,0.000,0,0,0,3939,3939,0,0
travel,18.528,444.6,442.865,442.865,fly,0.832,ok,2601,0,0,192.00,298344448,395059200,114090264,95883264,18123768,2904,11174640,22132800,958,3939,3939,0,0,0,0,0,0,0,0,0.063,0.071,0.000,0,0,0,3939,3939,0,0
travel,18.558,445.3,443.377,443.377,fly,0.845,ok,2601,0,0,192.00,298344448,395059200,114090264,95883264,18123768,2904,11174640,22132800,958,3939,3939,0,0,0,0,0,0,0,0,0.063,0.073,0.000,0,0,0,3939,3939,0,0
travel,18.588,446.0,443.891,443.891,fly,0.809,ok,2601,0,0,192.00,298344448,395059200,114090264,95883264,18123768,2904,11174640,22132800,958,3939,3939,0,0,0,0,0,0,0,0,0.061,0.066,0.000,0,0,0,3939,3939,0,0
travel,18.618,446.8,444.408,444.408,fly,0.829,ok,2601,0,0,192.00,298344448,395059200,114090264,95883264,18123768,2904,7449760,22132800,958,3939,3939,0,0,0,0,0,0,0,0,0.062,0.070,0.000,0,0,0,3939,3939,0,0
travel,18.649,447.5,444.918,444.918,fly,1.012,ok,2601,0,0,192.00,298344448,395059200,114090264,95883264,18123768,2904,7449760,22132800,958,3939,3939,0,0,0,0,0,0,0,0,0.279,0.066,0.000,0,0,0,3939,3939,0,0
travel,18.679,448.2,445.429,445.429,fly,0.813,ok,2601,0,0,192.00,298344448,395059200,114090264,95883264,18123768,2904,7449760,22132800,958,3939,3939,0,0,0,0,0,0,0,0,0.062,0.064,0.000,0,0,0,3939,3939,0,0
travel,18.709,448.9,445.946,445.946,fly,0.805,ok,2601,0,0,192.00,298344448,395059200,114090264,95883264,18123768,2904,7449760,22132800,958,3939,3939,0,0,0,0,0,0,0,0,0.061,0.064,0.000,0,0,0,3939,3939,0,0
travel,18.739,449.7,446.458,446.458,fly,0.792,ok,2601,0,0,192.00,298344448,395059200,114090264,95883264,18123768,2904,7449760,22132800,958,3939,3939,0,0,0,0,0,0,0,0,0.061,0.064,0.000,0,0,0,3939,3939,0,0
travel,18.769,450.4,446.967,446.967,fly,0.790,ok,2601,0,0,192.00,298344448,395059200,114090264,95883264,18123768,2904,7449760,22132800,958,3939,3939,0,0,0,0,0,0,0,0,0.061,0.062,0.000,0,0,0,3939,3939,0,0
travel,18.799,451.1,447.476,447.476,fly,0.793,ok,2601,0,0,192.00,298344448,395059200,114090264,95883264,18123768,2904,7449760,22132800,958,3939,3939,0,0,0,0,0,0,0,0,0.060,0.064,0.000,0,0,0,3939,3939,0,0
travel,18.830,451.8,447.988,447.988,fly,0.817,ok,2601,0,0,192.00,298344448,395059200,114090264,95883264,18123768,2904,7449760,22132800,958,3939,3939,0,0,0,0,0,0,0,0,0.062,0.069,0.000,0,0,0,3939,3939,0,0
travel,18.867,452.7,448.628,448.628,fly,0.879,ok,2601,0,0,192.00,298512384,395059200,114090264,95883264,18123768,2904,11174640,22132800,958,4040,4040,0,0,0,0,0,0,0,0,0.137,0.060,0.000,0,0,0,4040,4040,0,0
travel,18.897,453.5,449.139,449.139,fly,0.827,ok,2601,0,0,192.00,298512384,395059200,114090264,95883264,18123768,2904,11174640,22132800,958,4040,4040,0,0,0,0,0,0,0,0,0.063,0.068,0.000,0,0,0,4040,4040,0,0
travel,18.927,454.2,449.648,449.648,fly,0.802,ok,2601,0,0,192.00,298512384,395059200,114090264,95883264,18123768,2904,11174640,22132800,958,4040,4040,0,0,0,0,0,0,0,0,0.062,0.064,0.000,0,0,0,4040,4040,0,0
travel,18.958,454.9,450.160,450.160,fly,0.828,ok,2601,0,0,192.00,298512384,395059200,114090264,95883264,18123768,2904,11174640,22132800,958,4040,4040,0,0,0,0,0,0,0,0,0.063,0.069,0.000,0,0,0,4040,4040,0,0
travel,18.988,455.6,450.674,450.674,fly,0.829,ok,2601,0,0,192.00,298512384,395059200,114090264,95883264,18123768,2904,11174640,22132800,958,4040,4040,0,0,0,0,0,0,0,0,0.063,0.065,0.000,0,0,0,4040,4040,0,0
travel,19.018,456.3,451.185,451.185,fly,0.826,ok,2601,0,0,192.00,298512384,395059200,114090264,95883264,18123768,2904,11174640,22132800,958,4040,4040,0,0,0,0,0,0,0,0,0.061,0.067,0.000,0,0,0,4040,4040,0,0
travel,19.048,457.1,451.693,451.693,fly,0.830,ok,2601,0,0,192.00,298512384,395059200,114090264,95883264,18123768,2904,11174640,22132800,958,4040,4040,0,0,0,0,0,0,0,0,0.060,0.086,0.000,0,0,0,4040,4040,0,0
travel,19.078,457.8,452.202,452.202,fly,0.807,ok,2601,0,0,192.00,298512384,395059200,114090264,95883264,18123768,2904,7449760,22132800,958,4040,4040,0,0,0,0,0,0,0,0,0.062,0.063,0.000,0,0,0,4040,4040,0,0
travel,19.108,458.5,452.716,452.716,fly,0.833,ok,2601,0,0,192.00,298512384,395059200,114090264,95883264,18123768,2904,7449760,22132800,958,4040,4040,0,0,0,0,0,0,0,0,0.063,0.072,0.000,0,0,0,4040,4040,0,0
travel,19.139,459.2,453.229,453.229,fly,0.821,ok,2601,0,0,192.00,298512384,395059200,114090264,95883264,18123768,2904,7449760,22132800,958,4040,4040,0,0,0,0,0,0,0,0,0.061,0.066,0.000,0,0,0,4040,4040,0,0
travel,19.169,460.0,453.740,453.740,fly,0.804,ok,2601,0,0,192.00,298512384,395059200,114090264,95883264,18123768,2904,7449760,22132800,958,4040,4040,0,0,0,0,0,0,0,0,0.060,0.060,0.000,0,0,0,4040,4040,0,0
travel,19.199,460.7,454.250,454.250,fly,0.802,ok,2601,0,0,192.00,298512384,395059200,114090264,95883264,18123768,2904,7449760,22132800,958,4040,4040,0,0,0,0,0,0,0,0,0.062,0.062,0.000,0,0,0,4040,4040,0,0
travel,19.229,461.4,454.759,454.759,fly,0.880,ok,2601,0,0,192.00,298512384,395059200,114090264,95883264,18123768,2904,7449760,22132800,958,4040,4040,0,0,0,0,0,0,0,0,0.130,0.063,0.000,0,0,0,4040,4040,0,0
travel,19.259,462.1,455.271,455.271,fly,0.806,ok,2601,0,0,192.00,298512384,395059200,114090264,95883264,18123768,2904,7449760,22132800,958,4040,4040,0,0,0,0,0,0,0,0,0.061,0.066,0.000,0,0,0,4040,4040,0,0
travel,19.289,462.8,455.781,455.781,fly,0.854,ok,2601,0,0,192.00,298512384,395059200,114090264,95883264,18123768,2904,7449760,22132800,958,4040,4040,0,0,0,0,0,0,0,0,0.062,0.073,0.000,0,0,0,4040,4040,0,0
travel,19.328,463.8,456.438,456.438,fly,0.817,ok,2601,0,0,192.00,299298816,398213120,114090264,95883264,18123768,2904,11174640,22132800,958,4141,4141,0,0,0,0,0,0,0,0,0.063,0.068,0.000,0,0,0,4141,4141,0,0
travel,19.358,464.5,456.946,456.946,fly,1.107,ok,2601,0,0,192.00,299298816,398213120,114090264,95883264,18123768,2904,11174640,22132800,958,4141,4141,0,0,0,0,0,0,0,0,0.366,0.060,0.000,0,0,0,4141,4141,0,0
travel,19.388,465.2,457.458,457.458,fly,0.805,ok,2601,0,0,192.00,299298816,398213120,114090264,95883264,18123768,2904,11174640,22132800,958,4141,4141,0,0,0,0,0,0,0,0,0.061,0.064,0.000,0,0,0,4141,4141,0,0
travel,19.418,465.9,457.972,457.972,fly,0.852,ok,2601,0,0,192.00,299298816,398213120,114090264,95883264,18123768,2904,11174640,22132800,958,4141,4141,0,0,0,0,0,0,0,0,0.064,0.074,0.000,0,0,0,4141,4141,0,0
travel,19.448,466.7,458.481,458.481,fly,0.809,ok,2601,0,0,192.00,299298816,398213120,114090264,95883264,18123768,2904,11174640,22132800,958,4141,4141,0,0,0,0,0,0,0,0,0.062,0.066,0.000,0,0,0,4141,4141,0,0
travel,19.478,467.4,458.991,458.991,fly,0.810,ok,2601,0,0,192.00,299298816,398213120,114090264,95883264,18123768,2904,11174640,22132800,958,4141,4141,0,0,0,0,0,0,0,0,0.062,0.064,0.000,0,0,0,4141,4141,0,0
travel,19.508,468.1,459.500,459.500,fly,0.813,ok,2601,0,0,192.00,299298816,398213120,114090264,95883264,18123768,2904,11174640,22132800,958,4141,4141,0,0,0,0,0,0,0,0,0.062,0.065,0.000,0,0,0,4141,4141,0,0
travel,19.538,468.8,460.009,460.009,fly,0.872,ok,2601,0,0,192.00,299298816,398213120,114090264,95883264,18123768,2904,11174640,22132800,958,4141,4141,0,0,0,0,0,0,0,0,0.062,0.087,0.000,0,0,0,4141,4141,0,0
travel,19.568,469.5,460.521,460.521,fly,0.919,ok,2601,0,0,192.00,299298816,398213120,114090264,95883264,18123768,2904,7449760,22132800,958,4141,4141,0,0,0,0,0,0,0,0,0.071,0.111,0.000,0,0,0,4141,4141,0,0
travel,19.599,470.3,461.037,461.037,fly,0.800,ok,2601,0,0,192.00,299298816,398213120,114090264,95883264,18123768,2904,7449760,22132800,958,4141,4141,0,0,0,0,0,0,0,0,0.061,0.067,0.000,0,0,0,4141,4141,0,0
travel,19.629,471.0,461.549,461.549,fly,0.836,ok,2601,0,0,192.00,299298816,398213120,114090264,95883264,18123768,2904,7449760,22132800,958,4141,4141,0,0,0,0,0,0,0,0,0.060,0.071,0.000,0,0,0,4141,4141,0,0
travel,19.659,471.7,462.061,462.061,fly,0.812,ok,2601,0,0,192.00,299298816,398213120,114090264,95883264,18123768,2904,7449760,22132800,958,4141,4141,0,0,0,0,0,0,0,0,0.061,0.064,0.000,0,0,0,4141,4141,0,0
travel,19.689,472.5,462.573,462.573,fly,0.811,ok,2601,0,0,192.00,299298816,398213120,114090264,95883264,18123768,2904,7449760,22132800,958,4141,4141,0,0,0,0,0,0,0,0,0.061,0.069,0.000,0,0,0,4141,4141,0,0
travel,19.720,473.2,463.084,463.084,fly,0.887,ok,2601,0,0,192.00,299298816,398213120,114090264,95883264,18123768,2904,7449760,22132800,958,4141,4141,0,0,0,0,0,0,0,0,0.128,0.070,0.000,0,0,0,4141,4141,0,0
travel,19.750,473.9,463.595,463.595,fly,0.799,ok,2601,0,0,192.00,299298816,398213120,114090264,95883264,18123768,2904,7449760,22132800,958,4141,4141,0,0,0,0,0,0,0,0,0.061,0.063,0.000,0,0,0,4141,4141,0,0
travel,19.788,474.8,464.237,464.237,fly,0.820,ok,2601,0,0,192.00,300085248,398737408,114090264,95883264,18123768,2904,11174640,22132800,958,4242,4242,0,0,11,0,0,0,0,0,0.063,0.066,0.000,0,0,0,4242,4242,0,0
travel,19.818,475.5,464.750,464.750,fly,0.812,ok,2601,0,0,192.00,300085248,398737408,114090264,95883264,18123768,2904,11174640,22132800,958,4242,4242,0,0,0,0,0,0,0,0,0.062,0.064,0.000,0,0,0,4242,4242,0,0
travel,19.848,476.3,465.262,465.262,fly,0.838,ok,2601,0,0,192.00,300085248,398737408,114090264,95883264,18123768,2904,11174640,22132800,958,4242,4242,0,0,0,0,0,0,0,0,0.063,0.079,0.000,0,0,0,4242,4242,0,0
travel,19.878,477.0,465.774,465.774,fly,0.867,ok,2601,0,0,192.00,300085248,398737408,114090264,95883264,18123768,2904,11174640,22132800,958,4242,4242,0,0,0,0,0,0,0,0,0.064,0.072,0.000,0,0,0,4242,4242,0,0
travel,19.909,477.7,466.305,466.305,fly,0.881,ok,2601,0,0,192.00,300085248,398737408,114090264,95883264,18123768,2904,11174640,22132800,958,4242,4242,0,0,0,0,0,0,0,0,0.062,0.149,0.000,0,0,0,4242,4242,0,0
travel,19.940,478.5,466.816,466.816,fly,0.802,ok,2601,0,0,192.00,300085248,398737408,114090264,95883264,18123768,2904,11174640,22132800,958,4242,4242,0,0,0,0,0,0,0,0,0.064,0.067,0.000,0,0,0,4242,4242,0,0
travel,19.970,479.2,467.326,467.326,fly,0.812,ok,2601,0,0,192.00,300085248,398737408,114090264,95883264,18123768,2904,11174640,22132800,958,4242,4242,0,0,0,0,0,0,0,0,0.062,0.064,0.000,0,0,0,4242,4242,0,0
travel,20.000,479.9,467.839,467.839,fly,0.807,ok,2601,0,0,192.00,300085248,398737408,114090264,95883264,18123768,2904,7449760,22132800,958,4242,4242,0,0,0,0,0,0,0,0,0.063,0.064,0.000,0,0,0,4242,4242,0,0
travel,20.030,480.6,468.348,468.348,fly,1.042,ok,2601,0,0,192.00,300085248,398737408,114090264,95883264,18123768,2904,7449760,22132800,958,4242,4242,0,0,0,0,0,0,0,0,0.174,0.107,0.000,0,0,0,4242,4242,0,0
travel,20.060,481.3,468.859,468.859,fly,0.816,ok,2601,0,0,192.00,300085248,398737408,114090264,95883264,18123768,2904,7449760,22132800,958,4242,4242,0,0,0,0,0,0,0,0,0.061,0.069,0.000,0,0,0,4242,4242,0,0
travel,20.091,482.1,469.378,469.378,fly,0.813,ok,2601,0,0,192.00,300085248,398737408,114090264,95883264,18123768,2904,7449760,22132800,958,4242,4242,0,0,0,0,0,0,0,0,0.062,0.067,0.000,0,0,0,4242,4242,0,0
travel,20.121,482.8,469.889,469.889,fly,0.807,ok,2601,0,0,192.00,300085248,398737408,114090264,95883264,18123768,2904,7449760,22132800,958,4242,4242,0,0,0,0,0,0,0,0,0.060,0.066,0.000,0,0,0,4242,4242,0,0
travel,20.151,483.5,470.408,470.408,fly,0.809,ok,2601,0,0,192.00,300085248,398737408,114090264,95883264,18123768,2904,7449760,22132800,958,4242,4242,0,0,0,0,0,0,0,0,0.060,0.065,0.000,0,0,0,4242,4242,0,0
travel,20.181,484.3,470.918,470.918,fly,1.003,ok,2601,0,0,192.00,300085248,398737408,114090264,95883264,18123768,2904,7449760,22132800,958,4242,4242,0,0,0,0,0,0,0,0,0.250,0.068,0.000,0,0,0,4242,4242,0,0
travel,20.211,485.0,471.427,471.427,fly,0.812,ok,2601,0,0,192.00,300085248,398737408,114090264,95883264,18123768,2904,7449760,22132800,958,4242,4242,0,0,0,0,0,0,0,0,0.061,0.066,0.000,0,0,0,4242,4242,0,0
travel,20.241,485.7,471.937,471.937,fly,0.810,ok,2601,0,0,192.00,300085248,398737408,114090264,95883264,18123768,2904,7449760,22132800,958,4242,4242,0,0,0,0,0,0,0,0,0.063,0.065,0.000,0,0,0,4242,4242,0,0
travel,20.279,486.6,472.573,472.573,fly,0.870,ok,2601,0,0,192.00,300105728,398737408,114090264,95883264,18123768,2904,11174640,22132800,958,4343,4343,0,0,0,0,0,0,0,0,0.108,0.078,0.000,0,0,0,4343,4343,0,0
travel,20.309,487.3,473.084,473.084,fly,0.814,ok,2601,0,0,192.00,300105728,398737408,114090264,95883264,18123768,2904,11174640,22132800,958,4343,4343,0,0,0,0,0,0,0,0,0.062,0.067,0.000,0,0,0,4343,4343,0,0
travel,20.339,488.0,473.597,473.597,fly,0.809,ok,2601,0,0,192.00,300105728,398737408,114090264,95883264,18123768,2904,11174640,22132800,958,4343,4343,0,0,0,0,0,0,0,0,0.063,0.064,0.000,0,0,0,4343,4343,0,0
travel,20.370,488.8,474.109,474.109,fly,0.799,ok,2601,0,0,192.00,300105728,398737408,114090264,95883264,18123768,2904,11174640,22132800,958,4343,4343,0,0,0,0,0,0,0,0,0.062,0.064,0.000,0,0,0,4343,4343,0,0
travel,20.400,489.5,474.624,474.624,fly,0.799,ok,2601,0,0,192.00,300105728,398737408,114090264,95883264,18123768,2904,11174640,22132800,958,4343,4343,0,0,0,0,0,0,0,0,0.063,0.062,0.000,0,0,0,4343,4343,0,0
travel,20.430,490.2,475.135,475.135,fly,0.793,ok,2601,0,0,192.00,300105728,398737408,114090264,95883264,18123768,2904,11174640,22132800,958,4343,4343,0,0,0,0,0,0,0,0,0.062,0.068,0.000,0,0,0,4343,4343,0,0
travel,20.460,490.9,475.645,475.645,fly,0.805,ok,2601,0,0,192.00,300105728,398737408,114090264,95883264,18123768,2904,11174640,22132800,958,4343,4343,0,0,0,0,0,0,0,0,0.062,0.067,0.000,0,0,0,4343,4343,0,0
travel,20.490,491.7,476.153,476.153,fly,0.796,ok,2601,0,0,192.00,300105728,398737408,114090264,95883264,18123768,2904,7449760,22132800,958,4343,4343,0,0,0,0,0,0,0,0,0.061,0.065,0.000,0,0,0,4343,4343,0,0
travel,20.520,492.4,476.664,476.664,fly,0.796,ok,2601,0,0,192.00,300105728,398737408,114090264,95883264,18123768,2904,7449760,22132800,958,4343,4343,0,0,0,0,0,0,0,0,0.062,0.064,0.000,0,0,0,4343,4343,0,0
travel,20.551,493.1,477.179,477.179,fly,0.789,ok,2601,0,0,192.00,300105728,398737408,114090264,95883264,18123768,2904,7449760,22132800,958,4343,4343,0,0,0,0,0,0,0,0,0.059,0.062,0.000,0,0,0,4343,4343,0,0
travel,20.581,493.8,477.690,477.690,fly,0.791,ok,2601,0,0,192.00,300105728,398737408,114090264,95883264,18123768,2904,7449760,22132800,958,4343,4343,0,0,0,0,0,0,0,0,0.062,0.063,0.000,0,0,0,4343,4343,0,0
travel,20.611,494.6,478.204,478.204,fly,0.789,ok,2601,0,0,192.00,300105728,398737408,114090264,95883264,18123768,2904,7449760,22132800,958,4343,4343,0,0,0,0,0,0,0,0,0.060,0.062,0.000,0,0,0,4343,4343,0,0
travel,20.641,495.3,478.718,478.718,fly,0.793,ok,2601,0,0,192.00,300105728,398737408,114090264,95883264,18123768,2904,7449760,22132800,958,4343,4343,0,0,0,0,0,0,0,0,0.060,0.063,0.000,0,0,0,4343,4343,0,0
travel,20.672,496.0,479.231,479.231,fly,0.836,ok,2601,0,0,192.00,300105728,398737408,114090264,95883264,18123768,2904,7449760,22132800,958,4343,4343,0,0,0,0,0,0,0,0,0.062,0.073,0.000,0,0,0,4343,4343,0,0
travel,20.702,496.7,479.741,479.741,fly,0.807,ok,2601,0,0,192.00,300105728,398737408,114090264,95883264,18123768,2904,7449760,22132800,958,4343,4343,0,0,0,0,0,0,0,0,0.061,0.064,0.000,0,0,0,4343,4343,0,0
travel,20.739,497.6,480.379,480.379,fly,0.844,ok,2601,0,0,192.00,300134400,398737408,114090264,95883264,18123768,2904,11174640,22132800,958,4444,4444,0,0,0,0,0,0,0,0,0.064,0.071,0.000,0,0,0,4444,4444,0,0
travel,20.769,498.4,480.893,480.893,fly,0.818,ok,2601,0,0,192.00,300134400,398737408,114090264,95883264,18123768,2904,11174640,22132800,958,4444,4444,0,0,0,0,0,0,0,0,0.063,0.067,0.000,0,0,0,4444,4444,0,0
travel,20.800,499.1,481.415,481.415,fly,0.844,ok,2601,0,0,192.00,300134400,398737408,114090264,95883264,18123768,2904,11174640,22132800,958,4444,4444,0,0,0,0,0,0,0,0,0.102,0.061,0.000,0,0,0,4444,4444,0,0
travel,20.830,499.8,481.926,481.926,fly,0.812,ok,2601,0,0,192.00,300134400,398737408,114090264,95883264,18123768,2904,11174640,22132800,958,4444,4444,0,0,0,0,0,0,0,0,0.062,0.068,0.000,0,0,0,4444,4444,0,0
travel,20.861,500.6,482.447,482.447,fly,0.816,ok,2601,0,0,192.00,300138496,398737408,114090264,95883264,18123768,2904,11174640,22132800,958,4444,4444,0,0,0,0,0,0,0,0,0.063,0.064,0.000,0,0,0,4444,4444,0,0
travel,20.891,501.3,482.956,482.956,fly,0.849,ok,2601,0,0,192.00,300138496,398737408,114090264,95883264,18123768,2904,11174640,22132800,958,4444,4444,0,0,0,0,0,0,0,0,0.063,0.072,0.000,0,0,0,4444,4444,0,0
travel,20.921,502.0,483.470,483.470,fly,0.817,ok,2601,0,0,192.00,300138496,398737408,114090264,95883264,18123768,2904,11174640,22132800,958,4444,4444,0,0,0,0,0,0,0,0,0.064,0.065,0.000,0,0,0,4444,4444,0,0
travel,20.951,502.7,483.979,483.979,fly,0.814,ok,2601,0,0,192.00,300138496,398737408,114090264,95883264,18123768,2904,7449760,22132800,958,4444,4444,0,0,0,0,0,0,0,0,0.062,0.067,0.000,0,0,0,4444,4444,0,0
travel,20.982,503.5,484.495,484.495,fly,0.811,ok,2601,0,0,192.00,300138496,398737408,114090264,95883264,18123768,2904,7449760,22132800,958,4444,4444,0,0,0,0,0,0,0,0,0.061,0.067,0.000,0,0,0,4444,4444,0,0
travel,21.012,504.2,485.004,485.004,fly,0.858,ok,2601,0,0,192.00,300138496,398737408,114090264,95883264,18123768,2904,7449760,22132800,958,4444,4444,0,0,0,0,0,0,0,0,0.061,0.067,0.000,0,0,0,4444,4444,0,0
travel,21.042,504.9,485.521,485.521,fly,0.825,ok,2601,0,0,192.00,300138496,398737408,114090264,95883264,18123768,2904,7449760,22132800,958,4444,4444,0,0,0,0,0,0,0,0,0.061,0.070,0.000,0,0,0,4444,4444,0,0
travel,21.073,505.6,486.034,486.034,fly,0.811,ok,2601,0,0,192.00,300138496,398737408,114090264,95883264,18123768,2904,7449760,22132800,958,4444,4444,0,0,0,0,0,0,0,0,0.061,0.067,0.000,0,0,0,4444,4444,0,0
travel,21.103,506.3,486.543,486.543,fly,0.817,ok,2601,0,0,192.00,300138496,398737408,114090264,95883264,18123768,2904,7449760,22132800,958,4444,4444,0,0,0,0,0,0,0,0,0.060,0.067,0.000,0,0,0,4444,4444,0,0
travel,21.133,507.1,487.052,487.052,fly,0.815,ok,2601,0,0,192.00,300138496,398737408,114090264,95883264,18123768,2904,7449760,22132800,958,4444,4444,0,0,0,0,0,0,0,0,0.060,0.070,0.000,0,0,0,4444,4444,0,0
travel,21.163,507.8,487.561,487.561,fly,0.813,ok,2601,0,0,192.00,300138496,398737408,114090264,95883264,18123768,2904,7449760,22132800,958,4444,4444,0,0,0,0,0,0,0,0,0.062,0.066,0.000,0,0,0,4444,4444,0,0
travel,21.201,508.7,488.208,488.208,fly,0.849,ok,2601,0,0,192.00,300138496,398737408,114090264,95883264,18123768,2904,11174640,22132800,958,4545,4545,0,0,19,0,0,0,0,0,0.063,0.071,0.000,0,0,0,4545,4545,0,0
travel,21.231,509.4,488.717,488.717,fly,0.814,ok,2601,0,0,192.00,300138496,398737408,114090264,95883264,18123768,2904,11174640,22132800,958,4545,4545,0,0,0,0,0,0,0,0,0.062,0.065,0.000,0,0,0,4545,4545,0,0
travel,21.261,510.2,489.232,489.232,fly,0.910,ok,2601,0,0,192.00,300138496,398737408,114090264,95883264,18123768,2904,11174640,22132800,958,4545,4545,0,0,0,0,0,0,0,0,0.069,0.100,0.000,0,0,0,4545,4545,0,0
travel,21.291,510.9,489.746,489.746,fly,0.818,ok,2601,0,0,192.00,300138496,398737408,114090264,95883264,18123768,2904,11174640,22132800,958,4545,4545,0,0,0,0,0,0,0,0,0.063,0.066,0.000,0,0,0,4545,4545,0,0
travel,21.322,511.6,490.256,490.256,fly,0.818,ok,2601,0,0,192.00,300138496,398737408,114090264,95883264,18123768,2904,11174640,22132800,958,4545,4545,0,0,0,0,0,0,0,0,0.062,0.064,0.000,0,0,0,4545,4545,0,0
travel,21.352,512.3,490.769,490.769,fly,0.809,ok,2601,0,0,192.00,300138496,398737408,114090264,95883264,18123768,2904,11174640,22132800,958,4545,4545,0,0,0,0,0,0,0,0,0.062,0.065,0.000,0,0,0,4545,4545,0,0
travel,21.382,513.1,491.283,491.283,fly,0.814,ok,2601,0,0,192.00,300138496,398737408,114090264,95883264,18123768,2904,11174640,22132800,958,4545,4545,0,0,0,0,0,0,0,0,0.063,0.064,0.000,0,0,0,4545,4545,0,0
travel,21.412,513.8,491.795,491.795,fly,1.058,ok,2601,0,0,192.00,300138496,398737408,114090264,95883264,18123768,2904,11174640,22132800,958,4545,4545,0,0,0,0,0,0,0,0,0.187,0.109,0.000,0,0,0,4545,4545,0,0
travel,21.442,514.5,492.308,492.308,fly,0.809,ok,2601,0,0,192.00,300138496,398737408,114090264,95883264,18123768,2904,7449760,22132800,958,4545,4545,0,0,0,0,0,0,0,0,0.061,0.063,0.000,0,0,0,4545,4545,0,0
travel,21.473,515.2,492.820,492.820,fly,0.821,ok,2601,0,0,192.00,300138496,398737408,114090264,95883264,18123768,2904,7449760,22132800,958,4545,4545,0,0,0,0,0,0,0,0,0.062,0.066,0.000,0,0,0,4545,4545,0,0
travel,21.503,515.9,493.329,493.329,fly,0.809,ok,2601,0,0,192.00,300138496,398737408,114090264,95883264,18123768,2904,7449760,22132800,958,4545,4545,0,0,0,0,0,0,0,0,0.062,0.066,0.000,0,0,0,4545,4545,0,0
travel,21.533,516.7,493.847,493.847,fly,0.809,ok,2601,0,0,192.00,300138496,398737408,114090264,95883264,18123768,2904,7449760,22132800,958,4545,4545,0,0,0,0,0,0,0,0,0.061,0.066,0.000,0,0,0,4545,4545,0,0
travel,21.564,517.4,494.363,494.363,fly,0.892,ok,2601,0,0,192.00,300138496,398737408,114090264,95883264,18123768,2904,7449760,22132800,958,4545,4545,0,0,0,0,0,0,0,0,0.142,0.080,0.000,0,0,0,4545,4545,0,0
travel,21.594,518.1,494.876,494.876,fly,0.841,ok,2601,0,0,192.00,300138496,398737408,114090264,95883264,18123768,2904,7449760,22132800,958,4545,4545,0,0,0,0,0,0,0,0,0.062,0.072,0.000,0,0,0,4545,4545,0,0
travel,21.624,518.9,495.387,495.387,fly,0.818,ok,2601,0,0,192.00,300138496,398737408,114090264,95883264,18123768,2904,7449760,22132800,958,4545,4545,0,0,0,0,0,0,0,0,0.063,0.067,0.000,0,0,0,4545,4545,0,0
travel,21.654,519.6,495.897,495.897,fly,0.816,ok,2601,0,0,192.00,300138496,398737408,114090264,95883264,18123768,2904,7449760,22132800,958,4545,4545,0,0,0,0,0,0,0,0,0.060,0.068,0.000,0,0,0,4545,4545,0,0
travel,21.693,520.5,496.550,496.550,fly,0.845,ok,2601,0,0,192.00,300150784,400904192,114090264,95883264,18123768,2904,11174640,22132800,958,4646,4646,0,0,0,0,0,0,0,0,0.062,0.069,0.000,0,0,0,4646,4646,0,0
travel,21.723,521.2,497.061,497.061,fly,0.809,ok,2601,0,0,192.00,300150784,400904192,114090264,95883264,18123768,2904,11174640,22132800,958,4646,4646,0,0,0,0,0,0,0,0,0.062,0.062,0.000,0,0,0,4646,4646,0,0
travel,21.753,521.9,497.570,497.570,fly,0.814,ok,2601,0,0,192.00,300150784,400904192,114090264,95883264,18123768,2904,11174640,22132800,958,4646,4646,0,0,0,0,0,0,0,0,0.065,0.064,0.000,0,0,0,4646,4646,0,0
travel,21.783,522.7,498.085,498.085,fly,0.838,ok,2601,0,0,192.00,300150784,400904192,114090264,95883264,18123768,2904,11174640,22132800,958,4646,4646,0,0,0,0,0,0,0,0,0.063,0.071,0.000,0,0,0,4646,4646,0,0
travel,21.813,523.4,498.596,498.596,fly,0.819,ok,2601,0,0,192.00,300150784,400904192,114090264,95883264,18123768,2904,11174640,22132800,958,4646,4646,0,0,0,0,0,0,0,0,0.061,0.066,0.000,0,0,0,4646,4646,0,0
travel,21.843,524.1,499.107,499.107,fly,0.923,ok,2601,0,0,192.00,300150784,400904192,114090264,95883264,18123768,2904,11174640,22132800,958,4646,4646,0,0,0,0,0,0,0,0,0.133,0.090,0.000,0,0,0,4646,4646,0,0
travel,21.874,524.8,499.622,499.622,fly,0.826,ok,2601,0,0,192.00,300150784,400904192,114090264,95883264,18123768,2904,11174640,22132800,958,4646,4646,0,0,0,0,0,0,0,0,0.062,0.069,0.000,0,0,0,4646,4646,0,0
travel,21.904,525.6,500.131,500.131,fly,0.816,ok,2601,0,0,192.00,300150784,400904192,114090264,95883264,18123768,2904,7449760,22132800,958,4646,4646,0,0,0,0,0,0,0,0,0.061,0.064,0.000,0,0,0,4646,4646,0,0
travel,21.934,526.3,500.640,500.640,fly,0.811,ok,2601,0,0,192.00,300150784,400904192,114090264,95883264,18123768,2904,7449760,22132800,958,4646,4646,0,0,0,0,0,0,0,0,0.059,0.064,0.000,0,0,0,4646,4646,0,0
travel,21.964,527.0,501.149,501.149,fly,0.814,ok,2601,0,0,192.00,300150784,400904192,114090264,95883264,18123768,2904,7449760,22132800,958,4646,4646,0,0,0,0,0,0,0,0,0.061,0.062,0.000,0,0,0,4646,4646,0,0
travel,21.994,527.7,501.661,501.661,fly,0.810,ok,2601,0,0,192.00,300150784,400904192,114090264,95883264,18123768,2904,7449760,22132800,958,4646,4646,0,0,0,0,0,0,0,0,0.062,0.065,0.000,0,0,0,4646,4646,0,0
travel,22.024,528.5,502.172,502.172,fly,0.826,ok,2601,0,0,192.00,300150784,400904192,114090264,95883264,18123768,2904,7449760,22132800,958,4646,4646,0,0,0,0,0,0,0,0,0.060,0.068,0.000,0,0,0,4646,4646,0,0
travel,22.054,529.2,502.681,502.681,fly,1.256,ok,2601,0,0,192.00,300150784,400904192,114090264,95883264,18123768,2904,7449760,22132800,958,4646,4646,0,0,0,0,0,0,0,0,0.501,0.069,0.000,0,0,0,4646,4646,0,0
travel,22.084,529.9,503.197,503.197,fly,0.800,ok,2601,0,0,192.00,300150784,400904192,114090264,95883264,18123768,2904,7449760,22132800,958,4646,4646,0,0,0,0,0,0,0,0,0.060,0.066,0.000,0,0,0,4646,4646,0,0
travel,22.115,530.6,503.710,503.710,fly,0.798,ok,2601,0,0,192.00,300150784,400904192,114090264,95883264,18123768,2904,7449760,22132800,958,4646,4646,0,0,0,0,0,0,0,0,0.062,0.064,0.000,0,0,0,4646,4646,0,0
travel,22.152,531.5,504.349,504.349,fly,0.893,ok,2601,0,0,192.00,300171264,400904192,114090264,95883264,18123768,2904,11174640,22132800,958,4747,4747,0,0,0,0,0,0,0,0,0.141,0.069,0.000,0,0,0,4747,4747,0,0
travel,22.183,532.3,504.863,504.863,fly,0.802,ok,2601,0,0,192.00,300171264,400904192,114090264,95883264,18123768,2904,11174640,22132800,958,4747,4747,0,0,0,0,0,0,0,0,0.063,0.065,0.000,0,0,0,4747,4747,0,0
travel,22.213,533.0,505.375,505.375,fly,0.804,ok,2601,0,0,192.00,300171264,400904192,114090264,95883264,18123768,2904,11174640,22132800,958,4747,4747,0,0,0,0,0,0,0,0,0.062,0.065,0.000,0,0,0,4747,4747,0,0
travel,22.243,533.7,505.884,505.884,fly,0.802,ok,2601,0,0,192.00,300171264,400904192,114090264,95883264,18123768,2904,11174640,22132800,958,4747,4747,0,0,0,0,0,0,0,0,0.062,0.066,0.000,0,0,0,4747,4747,0,0
travel,22.273,534.4,506.400,506.400,fly,0.798,ok,2601,0,0,192.00,300171264,400904192,114090264,95883264,18123768,2904,11174640,22132800,958,4747,4747,0,0,0,0,0,0,0,0,0.061,0.067,0.000,0,0,0,4747,4747,0,0
travel,22.303,535.2,506.909,506.909,fly,0.902,ok,2601,0,0,192.00,300171264,400904192,114090264,95883264,18123768,2904,11174640,22132800,958,4747,4747,0,0,0,0,0,0,0,0,0.070,0.109,0.000,0,0,0,4747,4747,0,0
travel,22.333,535.9,507.420,507.420,fly,0.805,ok,2601,0,0,192.00,300171264,400904192,114090264,95883264,18123768,2904,11174640,22132800,958,4747,4747,0,0,0,0,0,0,0,0,0.062,0.066,0.000,0,0,0,4747,4747,0,0
travel,22.363,536.6,507.929,507.929,fly,0.801,ok,2601,0,0,192.00,300171264,400904192,114090264,95883264,18123768,2904,11174640,22132800,958,4747,4747,0,0,0,0,0,0,0,0,0.061,0.067,0.000,0,0,0,4747,4747,0,0
travel,22.394,537.3,508.441,508.441,fly,0.796,ok,2601,0,0,192.00,300171264,400904192,114090264,95883264,18123768,2904,7449760,22132800,958,4747,4747,0,0,0,0,0,0,0,0,0.062,0.063,0.000,0,0,0,4747,4747,0,0
travel,22.424,538.0,508.950,508.950,fly,0.798,ok,2601,0,0,192.00,300171264,400904192,114090264,95883264,18123768,2904,7449760,22132800,958,4747,4747,0,0,0,0,0,0,0,0,0.060,0.063,0.000,0,0,0,4747,4747,0,0
travel,22.454,538.8,509.459,509.459,fly,0.874,ok,2601,0,0,192.00,300171264,400904192,114090264,95883264,18123768,2904,7449760,22132800,958,4747,4747,0,0,0,0,0,0,0,0,0.063,0.078,0.000,0,0,0,4747,4747,0,0
travel,22.484,539.5,509.968,509.968,fly,0.811,ok,2601,0,0,192.00,300171264,400904192,114090264,95883264,18123768,2904,7449760,22132800,958,4747,4747,0,0,0,0,0,0,0,0,0.060,0.067,0.000,0,0,0,4747,4747,0,0
travel,22.514,540.2,510.481,510.481,fly,0.809,ok,2601,0,0,192.00,300171264,400904192,114090264,95883264,18123768,2904,7449760,22132800,958,4747,4747,0,0,0,0,0,0,0,0,0.061,0.063,0.000,0,0,0,4747,4747,0,0
travel,22.544,540.9,510.993,510.993,fly,0.877,ok,2601,0,0,192.00,300171264,400904192,114090264,95883264,18123768,2904,7449760,22132800,958,4747,4747,0,0,0,0,0,0,0,0,0.062,0.075,0.000,0,0,0,4747,4747,0,0
travel,22.574,541.7,511.505,511.505,fly,0.808,ok,2601,0,0,192.00,300171264,400904192,114090264,95883264,18123768,2904,7449760,22132800,958,4747,4747,0,0,0,0,0,0,0,0,0.061,0.064,0.000,0,0,0,4747,4747,0,0
travel,22.604,542.4,512.014,512.014,fly,4.190,ok,2538,63,90,192.00,300191744,400904192,111326832,93560832,17684784,2904,11174640,15453264,958,4785,4848,38,101,38,38,38,0,0,0,0.379,0.080,0.000,0,0,0,4785,4785,0,0
travel,22.642,543.3,512.652,512.652,fly,0.848,ok,2601,0,0,192.00,300195840,400904192,114090264,95883264,18123768,2904,11174640,22132800,958,4848,4848,0,0,0,0,0,0,0,0,0.065,0.072,0.000,0,0,0,4848,4848,0,0
travel,22.672,544.0,513.165,513.165,fly,0.818,ok,2601,0,0,192.00,300195840,400904192,114090264,95883264,18123768,2904,11174640,22132800,958,4848,4848,0,0,0,0,0,0,0,0,0.062,0.067,0.000,0,0,0,4848,4848,0,0
travel,22.702,544.7,513.677,513.677,fly,0.814,ok,2601,0,0,192.00,300195840,400904192,114090264,95883264,18123768,2904,11174640,22132800,958,4848,4848,0,0,0,0,0,0,0,0,0.061,0.064,0.000,0,0,0,4848,4848,0,0
travel,22.732,545.4,514.188,514.188,fly,0.935,ok,2601,0,0,192.00,300195840,400904192,114090264,95883264,18123768,2904,11174640,22132800,958,4848,4848,0,0,0,0,0,0,0,0,0.074,0.107,0.000,0,0,0,4848,4848,0,0
travel,22.763,546.2,514.701,514.701,fly,0.837,ok,2601,0,0,192.00,300195840,400904192,114090264,95883264,18123768,2904,11174640,22132800,958,4848,4848,0,0,0,0,0,0,0,0,0.060,0.069,0.000,0,0,0,4848,4848,0,0
travel,22.793,546.9,515.217,515.217,fly,0.861,ok,2601,0,0,192.00,300195840,400904192,114090264,95883264,18123768,2904,11174640,22132800,958,4848,4848,0,0,0,0,0,0,0,0,0.064,0.070,0.000,0,0,0,4848,4848,0,0
travel,22.823,547.6,515.729,515.729,fly,1.135,ok,2601,0,0,192.00,300195840,400904192,114090264,95883264,18123768,2904,11174640,22132800,958,4848,4848,0,0,0,0,0,0,0,0,0.403,0.059,0.000,0,0,0,4848,4848,0,0
travel,22.854,548.4,516.247,516.247,fly,0.799,ok,2601,0,0,192.00,300195840,400904192,114090264,95883264,18123768,2904,7449760,22132800,958,4848,4848,0,0,0,0,0,0,0,0,0.061,0.064,0.000,0,0,0,4848,4848,0,0
travel,22.884,549.1,516.764,516.764,fly,0.815,ok,2601,0,0,192.00,300195840,400904192,114090264,95883264,18123768,2904,7449760,22132800,958,4848,4848,0,0,0,0,0,0,0,0,0.061,0.065,0.000,0,0,0,4848,4848,0,0
travel,22.914,549.8,517.273,517.273,fly,0.811,ok,2601,0,0,192.00,300195840,400904192,114090264,95883264,18123768,2904,7449760,22132800,958,4848,4848,0,0,0,0,0,0,0,0,0.061,0.063,0.000,0,0,0,4848,4848,0,0
travel,22.944,550.5,517.782,517.782,fly,0.809,ok,2601,0,0,192.00,300195840,400904192,114090264,95883264,18123768,2904,7449760,22132800,958,4848,4848,0,0,0,0,0,0,0,0,0.061,0.062,0.000,0,0,0,4848,4848,0,0
travel,22.974,551.2,518.291,518.291,fly,0.843,ok,2601,0,0,192.00,300195840,400904192,114090264,95883264,18123768,2904,7449760,22132800,958,4848,4848,0,0,0,0,0,0,0,0,0.061,0.076,0.000,0,0,0,4848,4848,0,0
travel,23.004,552.0,518.803,518.803,fly,0.810,ok,2601,0,0,192.00,300195840,400904192,114090264,95883264,18123768,2904,7449760,22132800,958,4848,4848,0,0,0,0,0,0,0,0,0.060,0.065,0.000,0,0,0,4848,4848,0,0
travel,23.038,552.8,519.366,519.366,fly,0.831,ok,2601,0,0,192.00,300195840,400904192,114090264,95883264,18123768,2904,7449760,22132800,958,4848,4848,0,0,0,0,0,0,0,0,0.061,0.071,0.000,0,0,0,4848,4848,0,0
travel,23.069,553.5,519.890,519.890,fly,0.823,ok,2601,0,0,192.00,300195840,400904192,114090264,95883264,18123768,2904,7449760,22132800,958,4848,4848,0,0,0,0,0,0,0,0,0.062,0.065,0.000,0,0,0,4848,4848,0,0
travel,23.107,554.4,520.550,520.550,fly,0.815,ok,2601,0,0,192.00,300208128,400904192,114090264,95883264,18123768,2904,11174640,22132800,958,4949,4949,0,0,0,0,0,0,0,0,0.063,0.065,0.000,0,0,0,4949,4949,0,0
travel,23.138,555.2,521.065,521.065,fly,0.846,ok,2601,0,0,192.00,300208128,400904192,114090264,95883264,18123768,2904,11174640,22132800,958,4949,4949,0,0,0,0,0,0,0,0,0.063,0.072,0.000,0,0,0,4949,4949,0,0
travel,23.168,555.9,521.576,521.576,fly,0.812,ok,2601,0,0,192.00,300208128,400904192,114090264,95883264,18123768,2904,11174640,22132800,958,4949,4949,0,0,0,0,0,0,0,0,0.062,0.064,0.000,0,0,0,4949,4949,0,0
travel,23.198,556.6,522.086,522.086,fly,0.824,ok,2601,0,0,192.00,300208128,400904192,114090264,95883264,18123768,2904,11174640,22132800,958,4949,4949,0,0,0,0,0,0,0,0,0.063,0.066,0.000,0,0,0,4949,4949,0,0
travel,23.228,557.3,522.596,522.596,fly,0.861,ok,2601,0,0,192.00,300208128,400904192,114090264,95883264,18123768,2904,11174640,22132800,958,4949,4949,0,0,0,0,0,0,0,0,0.064,0.076,0.000,0,0,0,4949,4949,0,0
travel,23.258,558.1,523.111,523.111,fly,0.814,ok,2601,0,0,192.00,300208128,400904192,114090264,95883264,18123768,2904,11174640,22132800,958,4949,4949,0,0,0,0,0,0,0,0,0.062,0.063,0.000,0,0,0,4949,4949,0,0
travel,23.289,558.8,523.628,523.628,fly,0.817,ok,2601,0,0,192.00,300208128,400904192,114090264,95883264,18123768,2904,11174640,22132800,958,4949,4949,0,0,0,0,0,0,0,0,0.062,0.066,0.000,0,0,0,4949,4949,0,0
travel,23.319,559.5,524.139,524.139,fly,0.954,ok,2601,0,0,192.00,300208128,400904192,114090264,95883264,18123768,2904,7449760,22132800,958,4949,4949,0,0,0,0,0,0,0,0,0.071,0.110,0.000,0,0,0,4949,4949,0,0
travel,23.350,560.2,524.656,524.656,fly,0.811,ok,2601,0,0,192.00,300208128,400904192,114090264,95883264,18123768,2904,7449760,22132800,958,4949,4949,0,0,0,0,0,0,0,0,0.061,0.062,0.000,0,0,0,4949,4949,0,0
travel,23.380,561.0,525.169,525.169,fly,0.824,ok,2601,0,0,192.00,300208128,400904192,114090264,95883264,18123768,2904,7449760,22132800,958,4949,4949,0,0,0,0,0,0,0,0,0.060,0.072,0.000,0,0,0,4949,4949,0,0
travel,23.410,561.7,525.680,525.680,fly,0.837,ok,2601,0,0,192.00,300208128,400904192,114090264,95883264,18123768,2904,7449760,22132800,958,4949,4949,0,0,0,0,0,0,0,0,0.062,0.070,0.000,0,0,0,4949,4949,0,0
travel,23.440,562.4,526.191,526.191,fly,0.797,ok,2601,0,0,192.00,300208128,400904192,114090264,95883264,18123768,2904,7449760,22132800,958,4949,4949,0,0,0,0,0,0,0,0,0.061,0.065,0.000,0,0,0,4949,4949,0,0
travel,23.470,563.1,526.701,526.701,fly,0.938,ok,2601,0,0,192.00,300208128,400904192,114090264,95883264,18123768,2904,7449760,22132800,958,4949,4949,0,0,0,0,0,0,0,0,0.092,0.079,0.000,0,0,0,4949,4949,0,0
travel,23.500,563.9,527.214,527.214,fly,0.837,ok,2601,0,0,192.00,300208128,400904192,114090264,95883264,18123768,2904,7449760,22132800,958,4949,4949,0,0,0,0,0,0,0,0,0.061,0.068,0.000,0,0,0,4949,4949,0,0
travel,23.531,564.6,527.727,527.727,fly,0.826,ok,2601,0,0,192.00,300208128,400904192,114090264,95883264,18123768,2904,7449760,22132800,958,4949,4949,0,0,0,0,0,0,0,0,0.062,0.068,0.000,0,0,0,4949,4949,0,0
travel,23.568,565.5,528.359,528.359,fly,0.809,ok,2601,0,0,192.00,300208128,400904192,114090264,95883264,18123768,2904,11174640,22132800,958,5050,5050,0,0,0,0,0,0,0,0,0.062,0.066,0.000,0,0,0,5050,5050,0,0
travel,23.598,566.2,528.868,528.868,fly,0.794,ok,2601,0,0,192.00,300208128,400904192,114090264,95883264,18123768,2904,11174640,22132800,958,5050,5050,0,0,0,0,0,0,0,0,0.061,0.065,0.000,0,0,0,5050,5050,0,0
travel,23.628,566.9,529.378,529.378,fly,0.879,ok,2601,0,0,192.00,300208128,400904192,114090264,95883264,18123768,2904,11174640,22132800,958,5050,5050,0,0,0,0,0,0,0,0,0.131,0.062,0.000,0,0,0,5050,5050,0,0
travel,23.658,567.6,529.887,529.887,fly,0.859,ok,2601,0,0,192.00,300208128,400904192,114090264,95883264,18123768,2904,11174640,22132800,958,5050,5050,0,0,0,0,0,0,0,0,0.063,0.073,0.000,0,0,0,5050,5050,0,0
travel,23.688,568.4,530.397,530.397,fly,0.873,ok,2601,0,0,192.00,300208128,400904192,114090264,95883264,18123768,2904,11174640,22132800,958,5050,5050,0,0,0,0,0,0,0,0,0.132,0.065,0.000,0,0,0,5050,5050,0,0
travel,23.718,569.1,530.905,530.905,fly,0.802,ok,2601,0,0,192.00,300208128,400904192,114090264,95883264,18123768,2904,11174640,22132800,958,5050,5050,0,0,0,0,0,0,0,0,0.062,0.065,0.000,0,0,0,5050,5050,0,0
travel,23.748,569.8,531.414,531.414,fly,0.904,ok,2601,0,0,192.00,300208128,400904192,114090264,95883264,18123768,2904,11174640,22132800,958,5050,5050,0,0,0,0,0,0,0,0,0.154,0.065,0.000,0,0,0,5050,5050,0,0
travel,23.778,570.5,531.923,531.923,fly,0.795,ok,2601,0,0,192.00,300208128,400904192,114090264,95883264,18123768,2904,7449760,22132800,958,5050,5050,0,0,0,0,0,0,0,0,0.061,0.062,0.001,0,0,0,5050,5050,0,0
travel,23.810,571.3,532.475,532.475,fly,0.914,ok,2601,0,0,192.00,300208128,400904192,114090264,95883264,18123768,2904,7449760,22132800,958,5050,5050,0,0,0,0,0,0,0,0,0.064,0.093,0.000,0,0,0,5050,5050,0,0
travel,23.841,572.0,532.998,532.998,fly,0.848,ok,2601,0,0,192.00,300208128,400904192,114090264,95883264,18123768,2904,7449760,22132800,958,5050,5050,0,0,0,0,0,0,0,0,0.063,0.088,0.000,0,0,0,5050,5050,0,0
travel,23.873,572.8,533.536,533.536,fly,0.801,ok,2601,0,0,192.00,300208128,400904192,114090264,95883264,18123768,2904,7449760,22132800,958,5050,5050,0,0,0,0,0,0,0,0,0.060,0.067,0.000,0,0,0,5050,5050,0,0
travel,23.903,573.5,534.048,534.048,fly,0.824,ok,2601,0,0,192.00,300208128,400904192,114090264,95883264,18123768,2904,7449760,22132800,958,5050,5050,0,0,0,0,0,0,0,0,0.060,0.087,0.000,0,0,0,5050,5050,0,0
travel,23.933,574.3,534.558,534.558,fly,0.789,ok,2601,0,0,192.00,300208128,400904192,114090264,95883264,18123768,2904,7449760,22132800,958,5050,5050,0,0,0,0,0,0,0,0,0.060,0.060,0.000,0,0,0,5050,5050,0,0
travel,23.964,575.0,535.072,535.072,fly,0.805,ok,2601,0,0,192.00,300208128,400904192,114090264,95883264,18123768,2904,7449760,22132800,958,5050,5050,0,0,0,0,0,0,0,0,0.061,0.063,0.000,0,0,0,5050,5050,0,0
travel,23.997,575.8,535.632,535.632,fly,0.973,ok,2601,0,0,192.00,300208128,400904192,114090264,95883264,18123768,2904,7449760,22132800,958,5050,5050,0,0,0,0,0,0,0,0,0.072,0.115,0.000,0,0,0,5050,5050,0,0
travel,24.035,576.7,536.277,536.277,fly,0.813,ok,2601,0,0,192.00,300208128,403009536,114090264,95883264,18123768,2904,11174640,22132800,958,5151,5151,0,0,0,0,0,0,0,0,0.062,0.064,0.000,0,0,0,5151,5151,0,0
travel,24.065,577.4,536.788,536.788,fly,0.836,ok,2601,0,0,192.00,300208128,403009536,114090264,95883264,18123768,2904,11174640,22132800,958,5151,5151,0,0,0,0,0,0,0,0,0.063,0.069,0.000,0,0,0,5151,5151,0,0
travel,24.095,578.1,537.303,537.303,fly,0.822,ok,2601,0,0,192.00,300273664,403009536,114090264,95883264,18123768,2904,11174640,22132800,958,5151,5151,0,0,0,0,0,0,0,0,0.062,0.068,0.000,0,0,0,5151,5151,0,0
travel,24.125,578.9,537.815,537.815,fly,0.809,ok,2601,0,0,192.00,300273664,403009536,114090264,95883264,18123768,2904,11174640,22132800,958,5151,5151,0,0,0,0,0,0,0,0,0.062,0.064,0.000,0,0,0,5151,5151,0,0
travel,24.155,579.6,538.324,538.324,fly,0.806,ok,2601,0,0,192.00,300273664,403009536,114090264,95883264,18123768,2904,11174640,22132800,958,5151,5151,0,0,0,0,0,0,0,0,0.061,0.060,0.000,0,0,0,5151,5151,0,0
travel,24.185,580.3,538.833,538.833,fly,0.834,ok,2601,0,0,192.00,300273664,403009536,114090264,95883264,18123768,2904,11174640,22132800,958,5151,5151,0,0,0,0,0,0,0,0,0.062,0.068,0.000,0,0,0,5151,5151,0,0
travel,24.216,581.0,539.349,539.349,fly,1.246,ok,2601,0,0,192.00,300273664,403009536,114090264,95883264,18123768,2904,11174640,22132800,958,5151,5151,0,0,0,0,0,0,0,0,0.144,0.116,0.000,0,0,0,5151,5151,0,0
travel,24.246,581.8,539.863,539.863,fly,0.808,ok,2601,0,0,192.00,300273664,403009536,114090264,95883264,18123768,2904,11174640,22132800,958,5151,5151,0,0,0,0,0,0,0,0,0.061,0.062,0.000,0,0,0,5151,5151,0,0
travel,24.276,582.5,540.378,540.378,fly,0.823,ok,2601,0,0,192.00,300273664,403009536,114090264,95883264,18123768,2904,7449760,22132800,958,5151,5151,0,0,0,0,0,0,0,0,0.062,0.066,0.000,0,0,0,5151,5151,0,0
travel,24.307,583.2,540.892,540.892,fly,0.826,ok,2601,0,0,192.00,300273664,403009536,114090264,95883264,18123768,2904,7449760,22132800,958,5151,5151,0,0,0,0,0,0,0,0,0.061,0.066,0.000,0,0,0,5151,5151,0,0
travel,24.337,583.9,541.408,541.408,fly,0.801,ok,2601,0,0,192.00,300273664,403009536,114090264,95883264,18123768,2904,7449760,22132800,958,5151,5151,0,0,0,0,0,0,0,0,0.065,0.064,0.000,0,0,0,5151,5151,0,0
travel,24.367,584.7,541.916,541.916,fly,1.059,ok,2601,0,0,192.00,300273664,403009536,114090264,95883264,18123768,2904,7449760,22132800,958,5151,5151,0,0,0,0,0,0,0,0,0.292,0.073,0.000,0,0,0,5151,5151,0,0
travel,24.397,585.4,542.428,542.428,fly,0.799,ok,2601,0,0,192.00,300273664,403009536,114090264,95883264,18123768,2904,7449760,22132800,958,5151,5151,0,0,0,0,0,0,0,0,0.060,0.065,0.000,0,0,0,5151,5151,0,0
travel,24.427,586.1,542.937,542.937,fly,1.012,ok,2601,0,0,192.00,300273664,403009536,114090264,95883264,18123768,2904,7449760,22132800,958,5151,5151,0,0,0,0,0,0,0,0,0.274,0.067,0.000,0,0,0,5151,5151,0,0
travel,24.457,586.8,543.446,543.446,fly,0.895,ok,2601,0,0,192.00,300273664,403009536,114090264,95883264,18123768,2904,7449760,22132800,958,5151,5151,0,0,0,0,0,0,0,0,0.068,0.108,0.000,0,0,0,5151,5151,0,0
travel,24.487,587.5,543.957,543.957,fly,0.895,ok,2601,0,0,192.00,300273664,403009536,114090264,95883264,18123768,2904,7449760,22132800,958,5151,5151,0,0,0,0,0,0,0,0,0.144,0.063,0.000,0,0,0,5151,5151,0,0
travel,24.525,588.4,544.592,544.592,fly,0.945,ok,2601,0,0,192.00,300273664,403009536,114090264,95883264,18123768,2904,11174640,22132800,958,5252,5252,0,0,0,0,0,0,0,0,0.194,0.065,0.000,0,0,0,5252,5252,0,0
travel,24.555,589.2,545.104,545.104,fly,0.808,ok,2601,0,0,192.00,300273664,403009536,114090264,95883264,18123768,2904,11174640,22132800,958,5252,5252,0,0,0,0,0,0,0,0,0.062,0.066,0.000,0,0,0,5252,5252,0,0
travel,24.585,589.9,545.621,545.621,fly,0.810,ok,2601,0,0,192.00,300273664,403009536,114090264,95883264,18123768,2904,11174640,22132800,958,5252,5252,0,0,0,0,0,0,0,0,0.063,0.064,0.000,0,0,0,5252,5252,0,0
travel,24.616,590.6,546.133,546.133,fly,0.797,ok,2601,0,0,192.00,300273664,403009536,114090264,95883264,18123768,2904,11174640,22132800,958,5252,5252,0,0,0,0,0,0,0,0,0.062,0.065,0.000,0,0,0,5252,5252,0,0
travel,24.646,591.3,546.645,546.645,fly,0.806,ok,2601,0,0,192.00,300273664,403009536,114090264,95883264,18123768,2904,11174640,22132800,958,5252,5252,0,0,0,0,0,0,0,0,0.062,0.069,0.000,0,0,0,5252,5252,0,0
travel,24.676,592.1,547.155,547.155,fly,0.806,ok,2601,0,0,192.00,300273664,403009536,114090264,95883264,18123768,2904,11174640,22132800,958,5252,5252,0,0,0,0,0,0,0,0,0.062,0.067,0.000,0,0,0,5252,5252,0,0
travel,24.706,592.8,547.668,547.668,fly,0.804,ok,2601,0,0,192.00,300273664,403009536,114090264,95883264,18123768,2904,11174640,22132800,958,5252,5252,0,0,0,0,0,0,0,0,0.061,0.067,0.000,0,0,0,5252,5252,0,0
travel,24.736,593.5,548.177,548.177,fly,0.792,ok,2601,0,0,192.00,300273664,403009536,114090264,95883264,18123768,2904,7449760,22132800,958,5252,5252,0,0,0,0,0,0,0,0,0.061,0.063,0.000,0,0,0,5252,5252,0,0
travel,24.766,594.2,548.690,548.690,fly,0.797,ok,2601,0,0,192.00,300273664,403009536,114090264,95883264,18123768,2904,7449760,22132800,958,5252,5252,0,0,0,0,0,0,0,0,0.061,0.066,0.000,0,0,0,5252,5252,0,0
travel,24.797,595.0,549.201,549.201,fly,0.943,ok,2601,0,0,192.00,300273664,403009536,114090264,95883264,18123768,2904,7449760,22132800,958,5252,5252,0,0,0,0,0,0,0,0,0.070,0.107,0.000,0,0,0,5252,5252,0,0
travel,24.827,595.7,549.710,549.710,fly,0.796,ok,2601,0,0,192.00,300273664,403009536,114090264,95883264,18123768,2904,7449760,22132800,958,5252,5252,0,0,0,0,0,0,0,0,0.061,0.066,0.000,0,0,0,5252,5252,0,0
travel,24.857,596.4,550.220,550.220,fly,0.827,ok,2601,0,0,192.00,300273664,403009536,114090264,95883264,18123768,2904,7449760,22132800,958,5252,5252,0,0,0,0,0,0,0,0,0.062,0.075,0.000,0,0,0,5252,5252,0,0
travel,24.887,597.1,550.729,550.729,fly,0.790,ok,2601,0,0,192.00,300273664,403009536,114090264,95883264,18123768,2904,7449760,22132800,958,5252,5252,0,0,0,0,0,0,0,0,0.061,0.062,0.000,0,0,0,5252,5252,0,0
travel,24.917,597.8,551.238,551.238,fly,0.792,ok,2601,0,0,192.00,300273664,403009536,114090264,95883264,18123768,2904,7449760,22132800,958,5252,5252,0,0,0,0,0,0,0,0,0.060,0.064,0.000,0,0,0,5252,5252,0,0
travel,24.947,598.6,551.747,551.747,fly,0.803,ok,2601,0,0,192.00,300273664,403009536,114090264,95883264,18123768,2904,7449760,22132800,958,5252,5252,0,0,0,0,0,0,0,0,0.061,0.067,0.000,0,0,0,5252,5252,0,0
travel,24.984,599.5,552.382,552.382,fly,0.920,ok,2601,0,0,192.00,300277760,403009536,114090264,95883264,18123768,2904,11174640,22132800,958,5353,5353,0,0,0,0,0,0,0,0,0.072,0.107,0.000,0,0,0,5353,5353,0,0
travel,25.014,600.2,552.891,552.891,fly,0.795,ok,2601,0,0,192.00,300277760,403009536,114090264,95883264,18123768,2904,11174640,22132800,958,5353,5353,0,0,0,0,0,0,0,0,0.062,0.066,0.000,0,0,0,5353,5353,0,0
travel,25.044,600.9,553.406,553.406,fly,0.822,ok,2601,0,0,192.00,300277760,403009536,114090264,95883264,18123768,2904,11174640,22132800,958,5353,5353,0,0,0,0,0,0,0,0,0.063,0.070,0.000,0,0,0,5353,5353,0,0
travel,25.075,601.6,553.917,553.917,fly,0.799,ok,2601,0,0,192.00,300277760,403009536,114090264,95883264,18123768,2904,11174640,22132800,958,5353,5353,0,0,0,0,0,0,0,0,0.062,0.067,0.000,0,0,0,5353,5353,0,0
travel,25.105,602.4,554.434,554.434,fly,0.797,ok,2601,0,0,192.00,300277760,403009536,114090264,95883264,18123768,2904,11174640,22132800,958,5353,5353,0,0,0,0,0,0,0,0,0.061,0.066,0.000,0,0,0,5353,5353,0,0
travel,25.135,603.1,554.943,554.943,fly,0.819,ok,2601,0,0,192.00,300277760,403009536,114090264,95883264,18123768,2904,11174640,22132800,958,5353,5353,0,0,0,0,0,0,0,0,0.063,0.070,0.000,0,0,0,5353,5353,0,0
travel,25.165,603.8,555.456,555.456,fly,0.795,ok,2601,0,0,192.00,300277760,403009536,114090264,95883264,18123768,2904,11174640,22132800,958,5353,5353,0,0,0,0,0,0,0,0,0.063,0.066,0.000,0,0,0,5353,5353,0,0
travel,25.195,604.5,555.968,555.968,fly,0.807,ok,2601,0,0,192.00,300277760,403009536,114090264,95883264,18123768,2904,11174640,22132800,958,5353,5353,0,0,0,0,0,0,0,0,0.061,0.064,0.000,0,0,0,5353,5353,0,0
travel,25.226,605.3,556.479,556.479,fly,0.855,ok,2601,0,0,192.00,300277760,403009536,114090264,95883264,18123768,2904,7449760,22132800,958,5353,5353,0,0,0,0,0,0,0,0,0.062,0.091,0.000,0,0,0,5353,5353,0,0
travel,25.256,606.0,556.991,556.991,fly,0.811,ok,2601,0,0,192.00,300277760,403009536,114090264,95883264,18123768,2904,7449760,22132800,958,5353,5353,0,0,0,0,0,0,0,0,0.061,0.064,0.000,0,0,0,5353,5353,0,0
travel,25.286,606.7,557.500,557.500,fly,0.806,ok,2601,0,0,192.00,300277760,403009536,114090264,95883264,18123768,2904,7449760,22132800,958,5353,5353,0,0,0,0,0,0,0,0,0.061,0.063,0.000,0,0,0,5353,5353,0,0
travel,25.316,607.4,558.010,558.010,fly,0.850,ok,2601,0,0,192.00,300277760,403009536,114090264,95883264,18123768,2904,7449760,22132800,958,5353,5353,0,0,0,0,0,0,0,0,0.061,0.064,0.000,0,0,0,5353,5353,0,0
travel,25.346,608.1,558.519,558.519,fly,0.817,ok,2601,0,0,192.00,300277760,403009536,114090264,95883264,18123768,2904,7449760,22132800,958,5353,5353,0,0,0,0,0,0,0,0,0.061,0.067,0.000,0,0,0,5353,5353,0,0
travel,25.376,608.9,559.028,559.028,fly,0.811,ok,2601,0,0,192.00,300277760,403009536,114090264,95883264,18123768,2904,7449760,22132800,958,5353,5353,0,0,0,0,0,0,0,0,0.060,0.066,0.000,0,0,0,5353,5353,0,0
travel,25.406,609.6,559.541,559.541,fly,0.804,ok,2601,0,0,192.00,300277760,403009536,114090264,95883264,18123768,2904,7449760,22132800,958,5353,5353,0,0,0,0,0,0,0,0,0.060,0.064,0.000,0,0,0,5353,5353,0,0
travel,25.444,610.5,560.181,560.181,fly,0.855,ok,2601,0,32,192.00,300277760,403009536,114090264,95883264,18123768,2904,11174640,20463072,958,5454,5454,0,0,57,0,0,0,0,0,0.064,0.066,0.000,0,0,0,5454,5454,0,0
travel,25.474,611.2,560.694,560.694,fly,0.812,ok,2601,0,0,192.00,300277760,403009536,114090264,95883264,18123768,2904,11174640,22132800,958,5454,5454,0,0,0,0,0,0,0,0,0.062,0.064,0.000,0,0,0,5454,5454,0,0
travel,25.504,611.9,561.203,561.203,fly,0.826,ok,2601,0,0,192.00,300277760,403009536,114090264,95883264,18123768,2904,11174640,22132800,958,5454,5454,0,0,0,0,0,0,0,0,0.062,0.066,0.000,0,0,0,5454,5454,0,0
travel,25.534,612.7,561.713,561.713,fly,0.817,ok,2601,0,0,192.00,300277760,403009536,114090264,95883264,18123768,2904,11174640,22132800,958,5454,5454,0,0,0,0,0,0,0,0,0.062,0.066,0.000,0,0,0,5454,5454,0,0
travel,25.564,613.4,562.224,562.224,fly,0.922,ok,2601,0,0,192.00,300277760,403009536,114090264,95883264,18123768,2904,11174640,22132800,958,5454,5454,0,0,0,0,0,0,0,0,0.070,0.108,0.000,0,0,0,5454,5454,0,0
travel,25.595,614.1,562.739,562.739,fly,0.792,ok,2601,0,0,192.00,300277760,403009536,114090264,95883264,18123768,2904,11174640,22132800,958,5454,5454,0,0,0,0,0,0,0,0,0.061,0.062,0.000,0,0,0,5454,5454,0,0
travel,25.625,614.8,563.251,563.251,fly,0.830,ok,2601,0,0,192.00,300277760,403009536,114090264,95883264,18123768,2904,11174640,22132800,958,5454,5454,0,0,0,0,0,0,0,0,0.062,0.065,0.000,0,0,0,5454,5454,0,0
travel,25.655,615.6,563.760,563.760,fly,0.816,ok,2601,0,0,192.00,300277760,403009536,114090264,95883264,18123768,2904,11174640,22132800,958,5454,5454,0,0,0,0,0,0,0,0,0.061,0.066,0.000,0,0,0,5454,5454,0,0
travel,25.685,616.3,564.277,564.277,fly,0.806,ok,2601,0,0,192.00,300277760,403009536,114090264,95883264,18123768,2904,7449760,22132800,958,5454,5454,0,0,0,0,0,0,0,0,0.059,0.063,0.000,0,0,0,5454,5454,0,0
travel,25.715,617.0,564.785,564.785,fly,1.231,ok,2601,0,0,192.00,300277760,403009536,114090264,95883264,18123768,2904,7449760,22132800,958,5454,5454,0,0,0,0,0,0,0,0,0.469,0.068,0.000,0,0,0,5454,5454,0,0
travel,25.746,617.7,565.301,565.301,fly,0.803,ok,2601,0,0,192.00,300277760,403009536,114090264,95883264,18123768,2904,7449760,22132800,958,5454,5454,0,0,0,0,0,0,0,0,0.060,0.063,0.000,0,0,0,5454,5454,0,0
travel,25.776,618.5,565.813,565.813,fly,0.808,ok,2601,0,0,192.00,300277760,403009536,114090264,95883264,18123768,2904,7449760,22132800,958,5454,5454,0,0,0,0,0,0,0,0,0.061,0.063,0.000,0,0,0,5454,5454,0,0
travel,25.806,619.2,566.322,566.322,fly,0.818,ok,2601,0,0,192.00,300277760,403009536,114090264,95883264,18123768,2904,7449760,22132800,958,5454,5454,0,0,0,0,0,0,0,0,0.063,0.067,0.000,0,0,0,5454,5454,0,0
travel,25.836,619.9,566.834,566.834,fly,0.814,ok,2601,0,0,192.00,300277760,403009536,114090264,95883264,18123768,2904,7449760,22132800,958,5454,5454,0,0,0,0,0,0,0,0,0.061,0.064,0.000,0,0,0,5454,5454,0,0
travel,25.866,620.6,567.344,567.344,fly,0.819,ok,2601,0,0,192.00,300277760,403009536,114090264,95883264,18123768,2904,7449760,22132800,958,5454,5454,0,0,0,0,0,0,0,0,0.067,0.068,0.000,0,0,0,5454,5454,0,0
travel,25.896,621.3,567.855,567.855,fly,0.830,ok,2601,0,0,192.00,300277760,403009536,114090264,95883264,18123768,2904,7449760,22132800,958,5454,5454,0,0,0,0,0,0,0,0,0.064,0.073,0.000,0,0,0,5454,5454,0,0
travel,25.934,622.2,568.490,568.490,fly,0.899,ok,2601,0,0,192.00,300277760,403009536,114090264,95883264,18123768,2904,11174640,22132800,958,5555,5555,0,0,0,0,0,0,0,0,0.069,0.092,0.000,0,0,0,5555,5555,0,0
travel,25.964,623.0,568.999,568.999,fly,0.790,ok,2601,0,0,192.00,300277760,403009536,114090264,95883264,18123768,2904,11174640,22132800,958,5555,5555,0,0,0,0,0,0,0,0,0.061,0.062,0.000,0,0,0,5555,5555,0,0
travel,25.994,623.7,569.511,569.511,fly,0.820,ok,2601,0,0,192.00,300277760,403009536,114090264,95883264,18123768,2904,11174640,22132800,958,5555,5555,0,0,0,0,0,0,0,0,0.063,0.069,0.000,0,0,0,5555,5555,0,0
travel,26.024,624.4,570.026,570.026,fly,0.816,ok,2601,0,0,192.00,300277760,403009536,114090264,95883264,18123768,2904,11174640,22132800,958,5555,5555,0,0,0,0,0,0,0,0,0.062,0.065,0.000,0,0,0,5555,5555,0,0
travel,26.054,625.1,570.535,570.535,fly,0.812,ok,2601,0,0,192.00,300277760,403009536,114090264,95883264,18123768,2904,11174640,22132800,958,5555,5555,0,0,0,0,0,0,0,0,0.062,0.063,0.000,0,0,0,5555,5555,0,0
travel,26.085,625.9,571.047,571.047,fly,0.837,ok,2601,0,0,192.00,300277760,403009536,114090264,95883264,18123768,2904,11174640,22132800,958,5555,5555,0,0,0,0,0,0,0,0,0.062,0.071,0.000,0,0,0,5555,5555,0,0
travel,26.115,626.6,571.556,571.556,fly,0.891,ok,2601,0,0,192.00,300277760,403009536,114090264,95883264,18123768,2904,11174640,22132800,958,5555,5555,0,0,0,0,0,0,0,0,0.132,0.067,0.000,0,0,0,5555,5555,0,0
travel,26.145,627.3,572.065,572.065,fly,0.812,ok,2601,0,0,192.00,300277760,403009536,114090264,95883264,18123768,2904,7449760,22132800,958,5555,5555,0,0,0,0,0,0,0,0,0.062,0.066,0.000,0,0,0,5555,5555,0,0
travel,26.175,628.0,572.574,572.574,fly,0.811,ok,2601,0,0,192.00,300277760,403009536,114090264,95883264,18123768,2904,7449760,22132800,958,5555,5555,0,0,0,0,0,0,0,0,0.062,0.064,0.000,0,0,0,5555,5555,0,0
travel,26.205,628.7,573.086,573.086,fly,0.805,ok,2601,0,0,192.00,300277760,403009536,114090264,95883264,18123768,2904,7449760,22132800,958,5555,5555,0,0,0,0,0,0,0,0,0.061,0.061,0.000,0,0,0,5555,5555,0,0
travel,26.235,629.5,573.597,573.597,fly,0.838,ok,2601,0,0,192.00,300277760,403009536,114090264,95883264,18123768,2904,7449760,22132800,958,5555,5555,0,0,0,0,0,0,0,0,0.062,0.072,0.000,0,0,0,5555,5555,0,0
travel,26.265,630.2,574.106,574.106,fly,0.805,ok,2601,0,0,192.00,300277760,403009536,114090264,95883264,18123768,2904,7449760,22132800,958,5555,5555,0,0,0,0,0,0,0,0,0.060,0.062,0.000,0,0,0,5555,5555,0,0
travel,26.295,630.9,574.616,574.616,fly,0.798,ok,2601,0,0,192.00,300277760,403009536,114090264,95883264,18123768,2904,7449760,22132800,958,5555,5555,0,0,0,0,0,0,0,0,0.060,0.063,0.000,0,0,0,5555,5555,0,0
travel,26.325,631.6,575.125,575.125,fly,0.912,ok,2601,0,0,192.00,300277760,403009536,114090264,95883264,18123768,2904,7449760,22132800,958,5555,5555,0,0,0,0,0,0,0,0,0.070,0.109,0.000,0,0,0,5555,5555,0,0
travel,26.356,632.4,575.645,575.645,fly,0.794,ok,2601,0,0,192.00,300277760,403009536,114090264,95883264,18123768,2904,7449760,22132800,958,5555,5555,0,0,0,0,0,0,0,0,0.061,0.063,0.000,0,0,0,5555,5555,0,0
travel,26.394,633.3,576.290,576.290,fly,0.842,ok,2601,0,0,192.00,300277760,405372928,114090264,95883264,18123768,2904,11174640,22132800,958,5656,5656,0,0,0,0,0,0,0,0,0.063,0.069,0.000,0,0,0,5656,5656,0,0
travel,26.424,634.0,576.803,576.803,fly,1.115,ok,2601,0,0,192.00,300277760,405372928,114090264,95883264,18123768,2904,11174640,22132800,958,5656,5656,0,0,0,0,0,0,0,0,0.374,0.061,0.000,0,0,0,5656,5656,0,0
travel,26.454,634.7,577.317,577.317,fly,0.912,ok,2601,0,0,192.00,300277760,405372928,114090264,95883264,18123768,2904,11174640,22132800,958,5656,5656,0,0,0,0,0,0,0,0,0.071,0.108,0.000,0,0,0,5656,5656,0,0
travel,26.484,635.4,577.829,577.829,fly,0.808,ok,2601,0,0,192.00,300277760,405372928,114090264,95883264,18123768,2904,11174640,22132800,958,5656,5656,0,0,0,0,0,0,0,0,0.062,0.063,0.000,0,0,0,5656,5656,0,0
travel,26.514,636.2,578.338,578.338,fly,0.818,ok,2601,0,0,192.00,300277760,405372928,114090264,95883264,18123768,2904,11174640,22132800,958,5656,5656,0,0,0,0,0,0,0,0,0.062,0.065,0.000,0,0,0,5656,5656,0,0
travel,26.544,636.9,578.847,578.847,fly,0.831,ok,2601,0,0,192.00,300277760,405372928,114090264,95883264,18123768,2904,11174640,22132800,958,5656,5656,0,0,0,0,0,0,0,0,0.061,0.086,0.000,0,0,0,5656,5656,0,0
travel,26.575,637.6,579.358,579.358,fly,0.809,ok,2601,0,0,192.00,300277760,405372928,114090264,95883264,18123768,2904,11174640,22132800,958,5656,5656,0,0,0,0,0,0,0,0,0.061,0.062,0.000,0,0,0,5656,5656,0,0
travel,26.605,638.3,579.867,579.867,fly,0.815,ok,2601,0,0,192.00,300277760,405372928,114090264,95883264,18123768,2904,11174640,22132800,958,5656,5656,0,0,0,0,0,0,0,0,0.062,0.067,0.000,0,0,0,5656,5656,0,0
travel,26.635,639.0,580.376,580.376,fly,0.809,ok,2601,0,0,192.00,300277760,405372928,114090264,95883264,18123768,2904,7449760,22132800,958,5656,5656,0,0,0,0,0,0,0,0,0.061,0.062,0.000,0,0,0,5656,5656,0,0
travel,26.665,639.8,580.889,580.889,fly,0.818,ok,2601,0,0,192.00,300277760,405372928,114090264,95883264,18123768,2904,7449760,22132800,958,5656,5656,0,0,0,0,0,0,0,0,0.062,0.067,0.000,0,0,0,5656,5656,0,0
travel,26.695,640.5,581.400,581.400,fly,0.805,ok,2601,0,0,192.00,300277760,405372928,114090264,95883264,18123768,2904,7449760,22132800,958,5656,5656,0,0,0,0,0,0,0,0,0.060,0.066,0.000,0,0,0,5656,5656,0,0
travel,26.725,641.2,581.911,581.911,fly,0.807,ok,2601,0,0,192.00,300277760,405372928,114090264,95883264,18123768,2904,7449760,22132800,958,5656,5656,0,0,0,0,0,0,0,0,0.060,0.066,0.000,0,0,0,5656,5656,0,0
travel,26.755,641.9,582.420,582.420,fly,0.798,ok,2601,0,0,192.00,300277760,405372928,114090264,95883264,18123768,2904,7449760,22132800,958,5656,5656,0,0,0,0,0,0,0,0,0.061,0.067,0.000,0,0,0,5656,5656,0,0
travel,26.785,642.7,582.931,582.931,fly,0.801,ok,2601,0,0,192.00,300277760,405372928,114090264,95883264,18123768,2904,7449760,22132800,958,5656,5656,0,0,0,0,0,0,0,0,0.062,0.070,0.000,0,0,0,5656,5656,0,0
travel,26.815,643.4,583.440,583.440,fly,0.789,ok,2601,0,0,192.00,300277760,405372928,114090264,95883264,18123768,2904,7449760,22132800,958,5656,5656,0,0,0,0,0,0,0,0,0.060,0.062,0.000,0,0,0,5656,5656,0,0
travel,26.845,644.1,583.952,583.952,fly,0.807,ok,2601,0,0,192.00,300277760,405372928,114090264,95883264,18123768,2904,7449760,22132800,958,5656,5656,0,0,0,0,0,0,0,0,0.060,0.065,0.000,0,0,0,5656,5656,0,0
travel,26.883,645.0,584.586,584.586,fly,0.816,ok,2601,0,0,192.00,300277760,405372928,114090264,95883264,18123768,2904,11174640,22132800,958,5757,5757,0,0,0,0,0,0,0,0,0.061,0.066,0.000,0,0,0,5757,5757,0,0
travel,26.913,645.7,585.095,585.095,fly,0.808,ok,2601,0,0,192.00,300277760,405372928,114090264,95883264,18123768,2904,11174640,22132800,958,5757,5757,0,0,0,0,0,0,0,0,0.061,0.062,0.000,0,0,0,5757,5757,0,0
travel,26.943,646.5,585.609,585.609,fly,0.891,ok,2601,0,0,192.00,300277760,405372928,114090264,95883264,18123768,2904,11174640,22132800,958,5757,5757,0,0,0,0,0,0,0,0,0.064,0.080,0.000,0,0,0,5757,5757,0,0
travel,26.973,647.2,586.123,586.123,fly,0.806,ok,2601,0,0,192.00,300277760,405372928,114090264,95883264,18123768,2904,11174640,22132800,958,5757,5757,0,0,0,0,0,0,0,0,0.061,0.064,0.000,0,0,0,5757,5757,0,0
travel,27.004,647.9,586.636,586.636,fly,0.880,ok,2601,0,0,192.00,300277760,405372928,114090264,95883264,18123768,2904,11174640,22132800,958,5757,5757,0,0,0,0,0,0,0,0,0.132,0.063,0.000,0,0,0,5757,5757,0,0
travel,27.034,648.6,587.147,587.147,fly,0.810,ok,2601,0,0,192.00,300277760,405372928,114090264,95883264,18123768,2904,11174640,22132800,958,5757,5757,0,0,0,0,0,0,0,0,0.062,0.064,0.000,0,0,0,5757,5757,0,0
travel,27.064,649.4,587.660,587.660,fly,0.814,ok,2601,0,0,192.00,300277760,405372928,114090264,95883264,18123768,2904,11174640,22132800,958,5757,5757,0,0,0,0,0,0,0,0,0.062,0.065,0.000,0,0,0,5757,5757,0,0
travel,27.094,650.1,588.174,588.174,fly,0.879,ok,2601,0,0,192.00,300277760,405372928,114090264,95883264,18123768,2904,7449760,22132800,958,5757,5757,0,0,0,0,0,0,0,0,0.064,0.079,0.000,0,0,0,5757,5757,0,0
travel,27.124,650.8,588.685,588.685,fly,0.817,ok,2601,0,0,192.00,300277760,405372928,114090264,95883264,18123768,2904,7449760,22132800,958,5757,5757,0,0,0,0,0,0,0,0,0.060,0.067,0.000,0,0,0,5757,5757,0,0
travel,27.154,651.5,589.194,589.194,fly,0.808,ok,2601,0,0,192.00,300277760,405372928,114090264,95883264,18123768,2904,7449760,22132800,958,5757,5757,0,0,0,0,0,0,0,0,0.061,0.063,0.000,0,0,0,5757,5757,0,0
travel,27.185,652.2,589.708,589.708,fly,0.808,ok,2601,0,0,192.00,300277760,405372928,114090264,95883264,18123768,2904,7449760,22132800,958,5757,5757,0,0,0,0,0,0,0,0,0.061,0.065,0.000,0,0,0,5757,5757,0,0
travel,27.215,653.0,590.217,590.217,fly,0.918,ok,2601,0,0,192.00,300277760,405372928,114090264,95883264,18123768,2904,7449760,22132800,958,5757,5757,0,0,0,0,0,0,0,0,0.170,0.063,0.000,0,0,0,5757,5757,0,0
travel,27.245,653.7,590.728,590.728,fly,0.816,ok,2601,0,0,192.00,300277760,405372928,114090264,95883264,18123768,2904,7449760,22132800,958,5757,5757,0,0,0,0,0,0,0,0,0.061,0.066,0.000,0,0,0,5757,5757,0,0
travel,27.275,654.4,591.237,591.237,fly,0.948,ok,2601,0,0,192.00,300277760,405372928,114090264,95883264,18123768,2904,7449760,22132800,958,5757,5757,0,0,0,0,0,0,0,0,0.197,0.063,0.000,0,0,0,5757,5757,0,0
travel,27.305,655.1,591.749,591.749,fly,0.804,ok,2601,0,0,192.00,300277760,405372928,114090264,95883264,18123768,2904,7449760,22132800,958,5757,5757,0,0,0,0,0,0,0,0,0.060,0.062,0.000,0,0,0,5757,5757,0,0
travel,27.342,656.0,592.384,592.384,fly,0.820,ok,2601,0,0,192.00,300277760,405372928,114090264,95883264,18123768,2904,11174640,22132800,958,5858,5858,0,0,0,0,0,0,0,0,0.061,0.068,0.000,0,0,0,5858,5858,0,0
travel,27.373,656.8,592.899,592.899,fly,0.849,ok,2601,0,0,192.00,300277760,405372928,114090264,95883264,18123768,2904,11174640,22132800,958,5858,5858,0,0,0,0,0,0,0,0,0.064,0.071,0.000,0,0,0,5858,5858,0,0
travel,27.403,657.5,593.408,593.408,fly,0.794,ok,2601,0,0,192.00,300277760,405372928,114090264,95883264,18123768,2904,11174640,22132800,958,5858,5858,0,0,0,0,0,0,0,0,0.062,0.063,0.000,0,0,0,5858,5858,0,0
travel,27.433,658.2,593.917,593.917,fly,0.798,ok,2601,0,0,192.00,300277760,405372928,114090264,95883264,18123768,2904,11174640,22132800,958,5858,5858,0,0,0,0,0,0,0,0,0.062,0.063,0.000,0,0,0,5858,5858,0,0
travel,27.463,658.9,594.426,594.426,fly,0.801,ok,2601,0,0,192.00,300277760,405372928,114090264,95883264,18123768,2904,11174640,22132800,958,5858,5858,0,0,0,0,0,0,0,0,0.061,0.066,0.000,0,0,0,5858,5858,0,0
travel,27.493,659.6,594.935,594.935,fly,0.796,ok,2601,0,0,192.00,300277760,405372928,114090264,95883264,18123768,2904,11174640,22132800,958,5858,5858,0,0,0,0,0,0,0,0,0.062,0.062,0.000,0,0,0,5858,5858,0,0
travel,27.523,660.4,595.446,595.446,fly,0.823,ok,2601,0,0,192.00,300277760,405372928,114090264,95883264,18123768,2904,11174640,22132800,958,5858,5858,0,0,0,0,0,0,0,0,0.063,0.074,0.000,0,0,0,5858,5858,0,0
travel,27.553,661.1,595.955,595.955,fly,0.812,ok,2601,0,0,192.00,300277760,405372928,114090264,95883264,18123768,2904,7449760,22132800,958,5858,5858,0,0,0,0,0,0,0,0,0.062,0.064,0.000,0,0,0,5858,5858,0,0
travel,27.583,661.8,596.467,596.467,fly,0.812,ok,2601,0,0,192.00,300277760,405372928,114090264,95883264,18123768,2904,7449760,22132800,958,5858,5858,0,0,0,0,0,0,0,0,0.061,0.067,0.000,0,0,0,5858,5858,0,0
travel,27.613,662.5,596.978,596.978,fly,0.823,ok,2601,0,0,192.00,300277760,405372928,114090264,95883264,18123768,2904,7449760,22132800,958,5858,5858,0,0,0,0,0,0,0,0,0.061,0.066,0.000,0,0,0,5858,5858,0,0
travel,27.644,663.3,597.491,597.491,fly,0.810,ok,2601,0,0,192.00,300277760,405372928,114090264,95883264,18123768,2904,7449760,22132800,958,5858,5858,0,0,0,0,0,0,0,0,0.062,0.065,0.000,0,0,0,5858,5858,0,0
travel,27.674,664.0,598.000,598.000,fly,0.888,ok,2601,0,0,192.00,300277760,405372928,114090264,95883264,18123768,2904,7449760,22132800,958,5858,5858,0,0,0,0,0,0,0,0,0.060,0.099,0.000,0,0,0,5858,5858,0,0
travel,27.704,664.7,598.513,598.513,fly,0.835,ok,2601,0,0,192.00,300277760,405372928,114090264,95883264,18123768,2904,7449760,22132800,958,5858,5858,0,0,0,0,0,0,0,0,0.061,0.067,0.000,0,0,0,5858,5858,0,0
travel,27.734,665.4,599.022,599.022,fly,0.915,ok,2601,0,0,192.00,300277760,405372928,114090264,95883264,18123768,2904,7449760,22132800,958,5858,5858,0,0,0,0,0,0,0,0,0.159,0.066,0.000,0,0,0,5858,5858,0,0
travel,27.764,666.1,599.531,599.531,fly,0.931,ok,2601,0,0,192.00,300277760,405372928,114090264,95883264,18123768,2904,7449760,22132800,958,5858,5858,0,0,0,0,0,0,0,0,0.067,0.116,0.000,0,0,0,5858,5858,0,0
travel,27.800,667.0,600.139,600.139,fly,2.687,ok,2601,0,51,192.00,300277760,405372928,114090264,95883264,18123768,2904,11174640,19523904,958,5959,5959,25,0,95,25,25,0,0,0,0.083,0.085,0.000,0,0,0,5959,5959,0,0
travel,27.832,667.8,600.685,600.685,fly,0.827,ok,2601,0,0,192.00,300277760,405372928,114090264,95883264,18123768,2904,11174640,22132800,958,5959,5959,0,0,0,0,0,0,0,0,0.062,0.068,0.000,0,0,0,5959,5959,0,0
travel,27.862,668.5,601.193,601.193,fly,0.821,ok,2601,0,0,192.00,300277760,405372928,114090264,95883264,18123768,2904,11174640,22132800,958,5959,5959,0,0,0,0,0,0,0,0,0.062,0.068,0.000,0,0,0,5959,5959,0,0
travel,27.892,669.2,601.708,601.708,fly,0.882,ok,2601,0,0,192.00,300277760,405372928,114090264,95883264,18123768,2904,11174640,22132800,958,5959,5959,0,0,0,0,0,0,0,0,0.064,0.071,0.000,0,0,0,5959,5959,0,0
travel,27.922,669.9,602.217,602.217,fly,1.116,ok,2601,0,0,192.00,300277760,405372928,114090264,95883264,18123768,2904,11174640,22132800,958,5959,5959,0,0,0,0,0,0,0,0,0.379,0.061,0.000,0,0,0,5959,5959,0,0
travel,27.952,670.7,602.731,602.731,fly,0.812,ok,2601,0,0,192.00,300277760,405372928,114090264,95883264,18123768,2904,11174640,22132800,958,5959,5959,0,0,0,0,0,0,0,0,0.061,0.068,0.000,0,0,0,5959,5959,0,0
travel,27.982,671.4,603.240,603.240,fly,1.106,ok,2601,0,0,192.00,300277760,405372928,114090264,95883264,18123768,2904,11174640,22132800,958,5959,5959,0,0,0,0,0,0,0,0,0.286,0.140,0.000,0,0,0,5959,5959,0,0
travel,28.013,672.1,603.758,603.758,fly,0.810,ok,2601,0,0,192.00,300277760,405372928,114090264,95883264,18123768,2904,11174640,22132800,958,5959,5959,0,0,0,0,0,0,0,0,0.060,0.064,0.000,0,0,0,5959,5959,0,0
travel,28.043,672.8,604.270,604.270,fly,0.823,ok,2601,0,0,192.00,300277760,405372928,114090264,95883264,18123768,2904,7449760,22132800,958,5959,5959,0,0,0,0,0,0,0,0,0.062,0.069,0.000,0,0,0,5959,5959,0,0
travel,28.073,673.6,604.781,604.781,fly,0.803,ok,2601,0,0,192.00,300277760,405372928,114090264,95883264,18123768,2904,7449760,22132800,958,5959,5959,0,0,0,0,0,0,0,0,0.060,0.066,0.000,0,0,0,5959,5959,0,0
travel,28.103,674.3,605.292,605.292,fly,0.800,ok,2601,0,0,192.00,300277760,405372928,114090264,95883264,18123768,2904,7449760,22132800,958,5959,5959,0,0,0,0,0,0,0,0,0.061,0.065,0.000,0,0,0,5959,5959,0,0
travel,28.133,675.0,605.801,605.801,fly,0.881,ok,2601,0,0,192.00,300277760,405372928,114090264,95883264,18123768,2904,7449760,22132800,958,5959,5959,0,0,0,0,0,0,0,0,0.063,0.079,0.000,0,0,0,5959,5959,0,0
travel,28.164,675.7,606.312,606.312,fly,0.812,ok,2601,0,0,192.00,300277760,405372928,114090264,95883264,18123768,2904,7449760,22132800,958,5959,5959,0,0,0,0,0,0,0,0,0.060,0.066,0.000,0,0,0,5959,5959,0,0
travel,28.194,676.4,606.820,606.820,fly,0.800,ok,2601,0,0,192.00,300277760,405372928,114090264,95883264,18123768,2904,7449760,22132800,958,5959,5959,0,0,0,0,0,0,0,0,0.060,0.065,0.000,0,0,0,5959,5959,0,0
travel,28.224,677.2,607.336,607.336,fly,0.820,ok,2601,0,0,192.00,300277760,405372928,114090264,95883264,18123768,2904,7449760,22132800,958,5959,5959,0,0,0,0,0,0,0,0,0.060,0.065,0.000,0,0,0,5959,5959,0,0
travel,28.254,677.9,607.849,607.849,fly,0.815,ok,2601,0,0,192.00,300277760,405372928,114090264,95883264,18123768,2904,7449760,22132800,958,5959,5959,0,0,0,0,0,0,0,0,0.060,0.064,0.000,0,0,0,5959,5959,0,0
travel,28.292,678.8,608.482,608.482,fly,0.822,ok,2601,0,0,192.00,300277760,405372928,114090264,95883264,18123768,2904,11174640,22132800,958,6060,6060,0,0,0,0,0,0,0,0,0.062,0.067,0.000,0,0,0,6060,6060,0,0
travel,28.322,679.5,608.994,608.994,fly,0.830,ok,2601,0,0,192.00,300277760,405372928,114090264,95883264,18123768,2904,11174640,22132800,958,6060,6060,0,0,0,0,0,0,0,0,0.064,0.066,0.000,0,0,0,6060,6060,0,0
travel,28.352,680.2,609.506,609.506,fly,0.834,ok,2601,0,0,192.00,300277760,405372928,114090264,95883264,18123768,2904,11174640,22132800,958,6060,6060,0,0,0,0,0,0,0,0,0.062,0.066,0.000,0,0,0,6060,6060,0,0
travel,28.382,681.0,610.020,610.020,fly,0.824,ok,2601,0,0,192.00,300277760,405372928,114090264,95883264,18123768,2904,11174640,22132800,958,6060,6060,0,0,0,0,0,0,0,0,0.062,0.064,0.000,0,0,0,6060,6060,0,0
travel,28.412,681.7,610.532,610.532,fly,1.173,ok,2601,0,0,192.00,300277760,405372928,114090264,95883264,18123768,2904,11174640,22132800,958,6060,6060,0,0,0,0,0,0,0,0,0.400,0.064,0.000,0,0,0,6060,6060,0,0
travel,28.443,682.4,611.048,611.048,fly,0.816,ok,2601,0,0,192.00,300277760,405372928,114090264,95883264,18123768,2904,11174640,22132800,958,6060,6060,0,0,0,0,0,0,0,0,0.064,0.066,0.000,0,0,0,6060,6060,0,0
travel,28.473,683.2,611.560,611.560,fly,0.809,ok,2601,0,0,192.00,300277760,405372928,114090264,95883264,18123768,2904,11174640,22132800,958,6060,6060,0,0,0,0,0,0,0,0,0.061,0.070,0.000,0,0,0,6060,6060,0,0
travel,28.503,683.9,612.070,612.070,fly,0.835,ok,2601,0,0,192.00,300277760,405372928,114090264,95883264,18123768,2904,7449760,22132800,958,6060,6060,0,0,0,0,0,0,0,0,0.061,0.065,0.000,0,0,0,6060,6060,0,0
travel,28.534,684.6,612.588,612.588,fly,0.914,ok,2601,0,0,192.00,300277760,405372928,114090264,95883264,18123768,2904,7449760,22132800,958,6060,6060,0,0,0,0,0,0,0,0,0.133,0.068,0.000,0,0,0,6060,6060,0,0
travel,28.566,685.4,613.131,613.131,fly,0.932,ok,2601,0,0,192.00,300277760,405372928,114090264,95883264,18123768,2904,7449760,22132800,958,6060,6060,0,0,0,0,0,0,0,0,0.132,0.074,0.000,0,0,0,6060,6060,0,0
travel,28.596,686.1,613.647,613.647,fly,0.808,ok,2601,0,0,192.00,300277760,405372928,114090264,95883264,18123768,2904,7449760,22132800,958,6060,6060,0,0,0,0,0,0,0,0,0.061,0.066,0.000,0,0,0,6060,6060,0,0
travel,28.626,686.8,614.160,614.160,fly,0.800,ok,2601,0,0,192.00,300277760,405372928,114090264,95883264,18123768,2904,7449760,22132800,958,6060,6060,0,0,0,0,0,0,0,0,0.061,0.063,0.000,0,0,0,6060,6060,0,0
travel,28.656,687.6,614.672,614.672,fly,0.825,ok,2601,0,0,192.00,300277760,405372928,114090264,95883264,18123768,2904,7449760,22132800,958,6060,6060,0,0,0,0,0,0,0,0,0.061,0.068,0.000,0,0,0,6060,6060,0,0
travel,28.687,688.3,615.183,615.183,fly,0.800,ok,2601,0,0,192.00,300277760,405372928,114090264,95883264,18123768,2904,7449760,22132800,958,6060,6060,0,0,0,0,0,0,0,0,0.059,0.065,0.000,0,0,0,6060,6060,0,0
travel,28.717,689.0,615.693,615.693,fly,0.803,ok,2601,0,0,192.00,300277760,405372928,114090264,95883264,18123768,2904,7449760,22132800,958,6060,6060,0,0,0,0,0,0,0,0,0.061,0.065,0.000,0,0,0,6060,6060,0,0
travel,28.755,689.9,616.336,616.336,fly,0.803,ok,2601,0,0,192.00,300277760,407474176,114090264,95883264,18123768,2904,11174640,22132800,958,6161,6161,0,0,0,0,0,0,0,0,0.061,0.062,0.000,0,0,0,6161,6161,0,0
travel,28.785,690.6,616.848,616.848,fly,0.820,ok,2601,0,0,192.00,300277760,407474176,114090264,95883264,18123768,2904,11174640,22132800,958,6161,6161,0,0,0,0,0,0,0,0,0.063,0.064,0.000,0,0,0,6161,6161,0,0
travel,28.815,691.4,617.359,617.359,fly,0.817,ok,2601,0,0,192.00,300277760,407474176,114090264,95883264,18123768,2904,11174640,22132800,958,6161,6161,0,0,0,0,0,0,0,0,0.063,0.063,0.000,0,0,0,6161,6161,0,0
travel,28.845,692.1,617.869,617.869,fly,0.823,ok,2601,0,0,192.00,300277760,407474176,114090264,95883264,18123768,2904,11174640,22132800,958,6161,6161,0,0,0,0,0,0,0,0,0.061,0.067,0.000,0,0,0,6161,6161,0,0
travel,28.875,692.8,618.380,618.380,fly,0.822,ok,2601,0,0,192.00,300277760,407474176,114090264,95883264,18123768,2904,11174640,22132800,958,6161,6161,0,0,0,0,0,0,0,0,0.061,0.065,0.000,0,0,0,6161,6161,0,0
travel,28.905,693.5,618.890,618.890,fly,0.812,ok,2601,0,0,192.00,300277760,407474176,114090264,95883264,18123768,2904,11174640,22132800,958,6161,6161,0,0,0,0,0,0,0,0,0.061,0.065,0.000,0,0,0,6161,6161,0,0
travel,28.935,694.2,619.400,619.400,fly,0.889,ok,2601,0,0,192.00,300277760,407474176,114090264,95883264,18123768,2904,11174640,22132800,958,6161,6161,0,0,0,0,0,0,0,0,0.131,0.064,0.000,0,0,0,6161,6161,0,0
travel,28.965,695.0,619.910,619.910,fly,0.913,ok,2601,0,0,192.00,300277760,407474176,114090264,95883264,18123768,2904,7449760,22132800,958,6161,6161,0,0,0,0,0,0,0,0,0.071,0.109,0.000,0,0,0,6161,6161,0,0
travel,28.995,695.7,620.420,620.420,fly,0.814,ok,2601,0,0,192.00,300277760,407474176,114090264,95883264,18123768,2904,7449760,22132800,958,6161,6161,0,0,0,0,0,0,0,0,0.060,0.066,0.000,0,0,0,6161,6161,0,0
travel,29.026,696.4,620.932,620.932,fly,0.810,ok,2601,0,0,192.00,300277760,407474176,114090264,95883264,18123768,2904,7449760,22132800,958,6161,6161,0,0,0,0,0,0,0,0,0.062,0.062,0.000,0,0,0,6161,6161,0,0
travel,29.056,697.1,621.448,621.448,fly,0.820,ok,2601,0,0,192.00,300277760,407474176,114090264,95883264,18123768,2904,7449760,22132800,958,6161,6161,0,0,0,0,0,0,0,0,0.061,0.067,0.000,0,0,0,6161,6161,0,0
travel,29.086,697.9,621.958,621.958,fly,0.809,ok,2601,0,0,192.00,300277760,407474176,114090264,95883264,18123768,2904,7449760,22132800,958,6161,6161,0,0,0,0,0,0,0,0,0.063,0.064,0.000,0,0,0,6161,6161,0,0
travel,29.116,698.6,622.466,622.466,fly,0.806,ok,2601,0,0,192.00,300277760,407474176,114090264,95883264,18123768,2904,7449760,22132800,958,6161,6161,0,0,0,0,0,0,0,0,0.060,0.068,0.000,0,0,0,6161,6161,0,0
travel,29.146,699.3,622.980,622.980,fly,0.813,ok,2601,0,0,192.00,300277760,407474176,114090264,95883264,18123768,2904,7449760,22132800,958,6161,6161,0,0,0,0,0,0,0,0,0.060,0.062,0.000,0,0,0,6161,6161,0,0
travel,29.176,700.0,623.493,623.493,fly,0.806,ok,2601,0,0,192.00,300277760,407474176,114090264,95883264,18123768,2904,7449760,22132800,958,6161,6161,0,0,0,0,0,0,0,0,0.063,0.067,0.000,0,0,0,6161,6161,0,0
travel,29.207,700.7,624.003,624.003,fly,4.203,ok,2538,63,89,192.00,300277760,407474176,111326832,93560832,17684784,2904,11174640,15557616,958,6199,6262,38,101,38,38,38,0,0,0,0.373,0.082,0.000,0,0,0,6199,6199,0,0
travel,29.244,701.6,624.638,624.638,fly,0.811,ok,2601,0,0,192.00,300277760,407474176,114090264,95883264,18123768,2904,11174640,22132800,958,6262,6262,0,0,0,0,0,0,0,0,0.062,0.067,0.000,0,0,0,6262,6262,0,0
travel,29.274,702.4,625.146,625.146,fly,0.805,ok,2601,0,0,192.00,300277760,407474176,114090264,95883264,18123768,2904,11174640,22132800,958,6262,6262,0,0,0,0,0,0,0,0,0.063,0.063,0.000,0,0,0,6262,6262,0,0
travel,29.304,703.1,625.659,625.659,fly,0.817,ok,2601,0,0,192.00,300277760,407474176,114090264,95883264,18123768,2904,11174640,22132800,958,6262,6262,0,0,0,0,0,0,0,0,0.062,0.063,0.000,0,0,0,6262,6262,0,0
travel,29.334,703.8,626.169,626.169,fly,0.958,ok,2601,0,0,192.00,300277760,407474176,114090264,95883264,18123768,2904,11174640,22132800,958,6262,6262,0,0,0,0,0,0,0,0,0.139,0.072,0.000,0,0,0,6262,6262,0,0
travel,29.364,704.5,626.678,626.678,fly,0.816,ok,2601,0,0,192.00,300277760,407474176,114090264,95883264,18123768,2904,11174640,22132800,958,6262,6262,0,0,0,0,0,0,0,0,0.061,0.063,0.000,0,0,0,6262,6262,0,0
travel,29.395,705.3,627.192,627.192,fly,0.826,ok,2601,0,0,192.00,300277760,407474176,114090264,95883264,18123768,2904,11174640,22132800,958,6262,6262,0,0,0,0,0,0,0,0,0.061,0.065,0.000,0,0,0,6262,6262,0,0
travel,29.425,706.0,627.705,627.705,fly,0.831,ok,2601,0,0,192.00,300277760,407474176,114090264,95883264,18123768,2904,7449760,22132800,958,6262,6262,0,0,0,0,0,0,0,0,0.061,0.065,0.000,0,0,0,6262,6262,0,0
travel,29.455,706.7,628.222,628.222,fly,0.815,ok,2601,0,0,192.00,300277760,407474176,114090264,95883264,18123768,2904,7449760,22132800,958,6262,6262,0,0,0,0,0,0,0,0,0.061,0.066,0.000,0,0,0,6262,6262,0,0
travel,29.486,707.4,628.736,628.736,fly,0.824,ok,2601,0,0,192.00,300277760,407474176,114090264,95883264,18123768,2904,7449760,22132800,958,6262,6262,0,0,0,0,0,0,0,0,0.062,0.067,0.000,0,0,0,6262,6262,0,0
travel,29.516,708.2,629.248,629.248,fly,0.860,ok,2601,0,0,192.00,300277760,407474176,114090264,95883264,18123768,2904,7449760,22132800,958,6262,6262,0,0,0,0,0,0,0,0,0.062,0.074,0.000,0,0,0,6262,6262,0,0
travel,29.546,708.9,629.757,629.757,fly,0.795,ok,2601,0,0,192.00,300277760,407474176,114090264,95883264,18123768,2904,7449760,22132800,958,6262,6262,0,0,0,0,0,0,0,0,0.060,0.062,0.000,0,0,0,6262,6262,0,0
travel,29.576,709.6,630.268,630.268,fly,0.808,ok,2601,0,0,192.00,300277760,407474176,114090264,95883264,18123768,2904,7449760,22132800,958,6262,6262,0,0,0,0,0,0,0,0,0.060,0.065,0.000,0,0,0,6262,6262,0,0
travel,29.606,710.3,630.783,630.783,fly,0.801,ok,2601,0,0,192.00,300277760,407474176,114090264,95883264,18123768,2904,7449760,22132800,958,6262,6262,0,0,0,0,0,0,0,0,0.062,0.067,0.000,0,0,0,6262,6262,0,0
travel,29.636,711.1,631.295,631.295,fly,0.824,ok,2601,0,0,192.00,300277760,407474176,114090264,95883264,18123768,2904,7449760,22132800,958,6262,6262,0,0,0,0,0,0,0,0,0.060,0.070,0.000,0,0,0,6262,6262,0,0
travel,29.666,711.8,631.803,631.803,fly,0.856,ok,2601,0,0,192.00,300277760,407474176,114090264,95883264,18123768,2904,7449760,22132800,958,6262,6262,0,0,0,0,0,0,0,0,0.065,0.071,0.000,0,0,0,6262,6262,0,0
travel,29.704,712.7,632.445,632.445,fly,0.822,ok,2601,0,0,192.00,300277760,407474176,114090264,95883264,18123768,2904,11174640,22132800,958,6363,6363,0,0,0,0,0,0,0,0,0.062,0.065,0.000,0,0,0,6363,6363,0,0
travel,29.734,713.4,632.956,632.956,fly,0.817,ok,2601,0,0,192.00,300277760,407474176,114090264,95883264,18123768,2904,11174640,22132800,958,6363,6363,0,0,0,0,0,0,0,0,0.063,0.066,0.000,0,0,0,6363,6363,0,0
travel,29.764,714.1,633.466,633.466,fly,0.820,ok,2601,0,0,192.00,300277760,407474176,114090264,95883264,18123768,2904,11174640,22132800,958,6363,6363,0,0,0,0,0,0,0,0,0.063,0.066,0.000,0,0,0,6363,6363,0,0
travel,29.794,714.8,633.975,633.975,fly,0.850,ok,2601,0,0,192.00,300277760,407474176,114090264,95883264,18123768,2904,11174640,22132800,958,6363,6363,0,0,0,0,0,0,0,0,0.063,0.071,0.000,0,0,0,6363,6363,0,0
travel,29.824,715.6,634.484,634.484,fly,0.825,ok,2601,0,0,192.00,300277760,407474176,114090264,95883264,18123768,2904,11174640,22132800,958,6363,6363,0,0,0,0,0,0,0,0,0.061,0.065,0.000,0,0,0,6363,6363,0,0
travel,29.855,716.3,634.994,634.994,fly,0.815,ok,2601,0,0,192.00,300277760,407474176,114090264,95883264,18123768,2904,11174640,22132800,958,6363,6363,0,0,0,0,0,0,0,0,0.061,0.066,0.000,0,0,0,6363,6363,0,0
travel,29.885,717.0,635.514,635.514,fly,0.895,ok,2601,0,0,192.00,300277760,407474176,114090264,95883264,18123768,2904,11174640,22132800,958,6363,6363,0,0,0,0,0,0,0,0,0.131,0.065,0.000,0,0,0,6363,6363,0,0
travel,29.915,717.8,636.027,636.027,fly,0.817,ok,2601,0,0,192.00,300277760,407474176,114090264,95883264,18123768,2904,7449760,22132800,958,6363,6363,0,0,0,0,0,0,0,0,0.061,0.066,0.000,0,0,0,6363,6363,0,0
travel,29.946,718.5,636.539,636.539,fly,0.817,ok,2601,0,0,192.00,300277760,407474176,114090264,95883264,18123768,2904,7449760,22132800,958,6363,6363,0,0,0,0,0,0,0,0,0.061,0.067,0.000,0,0,0,6363,6363,0,0
travel,29.976,719.2,637.049,637.049,fly,0.804,ok,2601,0,0,192.00,300277760,407474176,114090264,95883264,18123768,2904,7449760,22132800,958,6363,6363,0,0,0,0,0,0,0,0,0.060,0.067,0.000,0,0,0,6363,6363,0,0
travel,30.006,719.9,637.562,637.562,fly,0.806,ok,2601,0,0,192.00,300277760,407474176,114090264,95883264,18123768,2904,7449760,22132800,958,6363,6363,0,0,0,0,0,0,0,0,0.061,0.066,0.000,0,0,0,6363,6363,0,0
travel,30.036,720.6,638.073,638.073,fly,1.175,ok,2601,0,0,192.00,300277760,407474176,114090264,95883264,18123768,2904,7449760,22132800,958,6363,6363,0,0,0,0,0,0,0,0,0.416,0.063,0.000,0,0,0,6363,6363,0,0
travel,30.066,721.4,638.585,638.585,fly,0.814,ok,2601,0,0,192.00,300277760,407474176,114090264,95883264,18123768,2904,7449760,22132800,958,6363,6363,0,0,0,0,0,0,0,0,0.061,0.064,0.000,0,0,0,6363,6363,0,0
travel,30.097,722.1,639.098,639.098,fly,0.816,ok,2601,0,0,192.00,300277760,407474176,114090264,95883264,18123768,2904,7449760,22132800,958,6363,6363,0,0,0,0,0,0,0,0,0.061,0.064,0.000,0,0,0,6363,6363,0,0
travel,30.127,722.8,639.608,639.608,fly,0.919,ok,2601,0,0,192.00,300277760,407474176,114090264,95883264,18123768,2904,7449760,22132800,958,6363,6363,0,0,0,0,0,0,0,0,0.074,0.108,0.000,0,0,0,6363,6363,0,0
travel,30.164,723.7,640.250,640.250,fly,0.837,ok,2601,0,0,192.00,300277760,407474176,114090264,95883264,18123768,2904,11174640,22132800,958,6464,6464,0,0,7,0,0,0,0,0,0.062,0.066,0.000,0,0,0,6464,6464,0,0
travel,30.195,724.4,640.761,640.761,fly,0.827,ok,2601,0,0,192.00,300277760,407474176,114090264,95883264,18123768,2904,11174640,22132800,958,6464,6464,0,0,0,0,0,0,0,0,0.062,0.065,0.000,0,0,0,6464,6464,0,0
travel,30.225,725.2,641.273,641.273,fly,0.843,ok,2601,0,0,192.00,300277760,407474176,114090264,95883264,18123768,2904,11174640,22132800,958,6464,6464,0,0,0,0,0,0,0,0,0.063,0.067,0.000,0,0,0,6464,6464,0,0
travel,30.255,725.9,641.783,641.783,fly,0.959,ok,2601,0,0,192.00,300277760,407474176,114090264,95883264,18123768,2904,11174640,22132800,958,6464,6464,0,0,0,0,0,0,0,0,0.071,0.131,0.000,0,0,0,6464,6464,0,0
travel,30.285,726.6,642.298,642.298,fly,0.841,ok,2601,0,0,192.00,300277760,407474176,114090264,95883264,18123768,2904,11174640,22132800,958,6464,6464,0,0,0,0,0,0,0,0,0.063,0.069,0.000,0,0,0,6464,6464,0,0
travel,30.316,727.4,642.814,642.814,fly,0.826,ok,2601,0,0,192.00,300277760,407474176,114090264,95883264,18123768,2904,11174640,22132800,958,6464,6464,0,0,0,0,0,0,0,0,0.063,0.067,0.000,0,0,0,6464,6464,0,0
travel,30.346,728.1,643.326,643.326,fly,0.962,ok,2601,0,0,192.00,300277760,407474176,114090264,95883264,18123768,2904,11174640,22132800,958,6464,6464,0,0,0,0,0,0,0,0,0.061,0.202,0.000,0,0,0,6464,6464,0,0
travel,30.376,728.8,643.846,643.846,fly,0.826,ok,2601,0,0,192.00,300277760,407474176,114090264,95883264,18123768,2904,7449760,22132800,958,6464,6464,0,0,0,0,0,0,0,0,0.063,0.068,0.000,0,0,0,6464,6464,0,0
travel,30.407,729.5,644.361,644.361,fly,0.867,ok,2601,0,0,192.00,300277760,407474176,114090264,95883264,18123768,2904,7449760,22132800,958,6464,6464,0,0,0,0,0,0,0,0,0.106,0.068,0.000,0,0,0,6464,6464,0,0
travel,30.437,730.3,644.869,644.869,fly,0.821,ok,2601,0,0,192.00,300277760,407474176,114090264,95883264,18123768,2904,7449760,22132800,958,6464,6464,0,0,0,0,0,0,0,0,0.060,0.064,0.000,0,0,0,6464,6464,0,0
travel,30.467,731.0,645.385,645.385,fly,0.842,ok,2601,0,0,192.00,300277760,407474176,114090264,95883264,18123768,2904,7449760,22132800,958,6464,6464,0,0,0,0,0,0,0,0,0.061,0.081,0.000,0,0,0,6464,6464,0,0
travel,30.497,731.7,645.894,645.894,fly,0.819,ok,2601,0,0,192.00,300277760,407474176,114090264,95883264,18123768,2904,7449760,22132800,958,6464,6464,0,0,0,0,0,0,0,0,0.061,0.067,0.000,0,0,0,6464,6464,0,0
travel,30.527,732.4,646.403,646.403,fly,0.815,ok,2601,0,0,192.00,300277760,407474176,114090264,95883264,18123768,2904,7449760,22132800,958,6464,6464,0,0,0,0,0,0,0,0,0.059,0.063,0.000,0,0,0,6464,6464,0,0
travel,30.557,733.1,646.912,646.912,fly,0.818,ok,2601,0,0,192.00,300277760,407474176,114090264,95883264,18123768,2904,7449760,22132800,958,6464,6464,0,0,0,0,0,0,0,0,0.060,0.069,0.000,0,0,0,6464,6464,0,0
travel,30.587,733.9,647.422,647.422,fly,0.913,ok,2601,0,0,192.00,300277760,407474176,114090264,95883264,18123768,2904,7449760,22132800,958,6464,6464,0,0,0,0,0,0,0,0,0.070,0.109,0.000,0,0,0,6464,6464,0,0
travel,30.617,734.6,647.932,647.932,fly,0.813,ok,2601,0,0,192.00,300277760,407474176,114090264,95883264,18123768,2904,7449760,22132800,958,6464,6464,0,0,0,0,0,0,0,0,0.061,0.063,0.000,0,0,0,6464,6464,0,0
travel,30.656,735.5,648.581,648.581,fly,0.817,ok,2601,0,0,192.00,300281856,409575424,114090264,95883264,18123768,2904,11174640,22132800,958,6565,6565,0,0,0,0,0,0,0,0,0.062,0.066,0.000,0,0,0,6565,6565,0,0
travel,30.686,736.2,649.093,649.093,fly,0.908,ok,2601,0,0,192.00,300281856,409575424,114090264,95883264,18123768,2904,11174640,22132800,958,6565,6565,0,0,0,0,0,0,0,0,0.136,0.068,0.000,0,0,0,6565,6565,0,0
travel,30.716,737.0,649.605,649.605,fly,0.816,ok,2601,0,0,192.00,300281856,409575424,114090264,95883264,18123768,2904,11174640,22132800,958,6565,6565,0,0,0,0,0,0,0,0,0.062,0.064,0.000,0,0,0,6565,6565,0,0
travel,30.746,737.7,650.121,650.121,fly,0.823,ok,2601,0,0,192.00,300281856,409575424,114090264,95883264,18123768,2904,11174640,22132800,958,6565,6565,0,0,0,0,0,0,0,0,0.062,0.066,0.000,0,0,0,6565,6565,0,0
travel,30.777,738.4,650.634,650.634,fly,1.133,ok,2601,0,0,192.00,300281856,409575424,114090264,95883264,18123768,2904,11174640,22132800,958,6565,6565,0,0,0,0,0,0,0,0,0.382,0.061,0.000,0,0,0,6565,6565,0,0
travel,30.807,739.1,651.148,651.148,fly,0.818,ok,2601,0,0,192.00,300281856,409575424,114090264,95883264,18123768,2904,11174640,22132800,958,6565,6565,0,0,0,0,0,0,0,0,0.062,0.067,0.000,0,0,0,6565,6565,0,0
travel,30.837,739.9,651.658,651.658,fly,0.836,ok,2601,0,0,192.00,300281856,409575424,114090264,95883264,18123768,2904,11174640,22132800,958,6565,6565,0,0,0,0,0,0,0,0,0.063,0.068,0.000,0,0,0,6565,6565,0,0
travel,30.867,740.6,652.173,652.173,fly,0.824,ok,2601,0,0,192.00,300281856,409575424,114090264,95883264,18123768,2904,7449760,22132800,958,6565,6565,0,0,0,0,0,0,0,0,0.062,0.064,0.000,0,0,0,6565,6565,0,0
travel,30.897,741.3,652.681,652.681,fly,0.817,ok,2601,0,0,192.00,300281856,409575424,114090264,95883264,18123768,2904,7449760,22132800,958,6565,6565,0,0,0,0,0,0,0,0,0.062,0.066,0.000,0,0,0,6565,6565,0,0
travel,30.927,742.0,653.193,653.193,fly,0.818,ok,2601,0,0,192.00,300281856,409575424,114090264,95883264,18123768,2904,7449760,22132800,958,6565,6565,0,0,0,0,0,0,0,0,0.063,0.065,0.000,0,0,0,6565,6565,0,0
travel,30.957,742.7,653.702,653.702,fly,0.948,ok,2601,0,0,192.00,300281856,409575424,114090264,95883264,18123768,2904,7449760,22132800,958,6565,6565,0,0,0,0,0,0,0,0,0.069,0.090,0.000,0,0,0,6565,6565,0,0
travel,30.988,743.5,654.219,654.219,fly,0.817,ok,2601,0,0,192.00,300281856,409575424,114090264,95883264,18123768,2904,7449760,22132800,958,6565,6565,0,0,0,0,0,0,0,0,0.060,0.067,0.000,0,0,0,6565,6565,0,0
travel,31.018,744.2,654.729,654.729,fly,0.873,ok,2601,0,0,192.00,300281856,409575424,114090264,95883264,18123768,2904,7449760,22132800,958,6565,6565,0,0,0,0,0,0,0,0,0.062,0.120,0.000,0,0,0,6565,6565,0,0
travel,31.048,744.9,655.240,655.240,fly,0.813,ok,2601,0,0,192.00,300281856,409575424,114090264,95883264,18123768,2904,7449760,22132800,958,6565,6565,0,0,0,0,0,0,0,0,0.060,0.063,0.000,0,0,0,6565,6565,0,0
travel,31.078,745.6,655.752,655.752,fly,0.821,ok,2601,0,0,192.00,300281856,409575424,114090264,95883264,18123768,2904,7449760,22132800,958,6565,6565,0,0,0,0,0,0,0,0,0.061,0.064,0.000,0,0,0,6565,6565,0,0
travel,31.116,746.5,656.389,656.389,fly,0.890,ok,2601,0,0,192.00,300322816,409575424,114090264,95883264,18123768,2904,11174640,22132800,958,6666,6666,0,0,0,0,0,0,0,0,0.134,0.066,0.000,0,0,0,6666,6666,0,0
travel,31.146,747.3,656.901,656.901,fly,0.840,ok,2601,0,0,192.00,300322816,409575424,114090264,95883264,18123768,2904,11174640,22132800,958,6666,6666,0,0,0,0,0,0,0,0,0.063,0.070,0.000,0,0,0,6666,6666,0,0
travel,31.176,748.0,657.412,657.412,fly,0.999,ok,2601,0,0,192.00,300322816,409575424,114090264,95883264,18123768,2904,11174640,22132800,958,6666,6666,0,0,0,0,0,0,0,0,0.075,0.210,0.000,0,0,0,6666,6666,0,0
travel,31.206,748.7,657.923,657.923,fly,0.800,ok,2601,0,0,192.00,300322816,409575424,114090264,95883264,18123768,2904,11174640,22132800,958,6666,6666,0,0,0,0,0,0,0,0,0.061,0.064,0.000,0,0,0,6666,6666,0,0
travel,31.237,749.4,658.440,658.440,fly,0.843,ok,2601,0,0,192.00,300322816,409575424,114090264,95883264,18123768,2904,11174640,22132800,958,6666,6666,0,0,0,0,0,0,0,0,0.063,0.071,0.000,0,0,0,6666,6666,0,0
travel,31.268,750.2,658.961,658.961,fly,0.887,ok,2601,0,0,192.00,300322816,409575424,114090264,95883264,18123768,2904,11174640,22132800,958,6666,6666,0,0,0,0,0,0,0,0,0.136,0.069,0.000,0,0,0,6666,6666,0,0
travel,31.298,750.9,659.470,659.470,fly,0.803,ok,2601,0,0,192.00,300322816,409575424,114090264,95883264,18123768,2904,11174640,22132800,958,6666,6666,0,0,0,0,0,0,0,0,0.062,0.065,0.000,0,0,0,6666,6666,0,0
travel,31.328,751.6,659.978,659.978,fly,1.263,ok,2601,0,0,192.00,300322816,409575424,114090264,95883264,18123768,2904,7449760,22132800,958,6666,6666,0,0,0,0,0,0,0,0,0.438,0.136,0.000,0,0,0,6666,6666,0,0
travel,31.358,752.4,660.495,660.495,fly,0.819,ok,2601,0,0,192.00,300322816,409575424,114090264,95883264,18123768,2904,7449760,22132800,958,6666,6666,0,0,0,0,0,0,0,0,0.061,0.065,0.000,0,0,0,6666,6666,0,0
travel,31.388,753.1,661.007,661.007,fly,0.876,ok,2601,0,0,192.00,300322816,409575424,114090264,95883264,18123768,2904,7449760,22132800,958,6666,6666,0,0,0,0,0,0,0,0,0.061,0.068,0.000,0,0,0,6666,6666,0,0
travel,31.418,753.8,661.516,661.516,fly,0.803,ok,2601,0,0,192.00,300322816,409575424,114090264,95883264,18123768,2904,7449760,22132800,958,6666,6666,0,0,0,0,0,0,0,0,0.060,0.065,0.000,0,0,0,6666,6666,0,0
travel,31.448,754.5,662.027,662.027,fly,0.829,ok,2601,0,0,192.00,300322816,409575424,114090264,95883264,18123768,2904,7449760,22132800,958,6666,6666,0,0,0,0,0,0,0,0,0.062,0.065,0.000,0,0,0,6666,6666,0,0
travel,31.478,755.2,662.537,662.537,fly,0.805,ok,2601,0,0,192.00,300322816,409575424,114090264,95883264,18123768,2904,7449760,22132800,958,6666,6666,0,0,0,0,0,0,0,0,0.061,0.064,0.000,0,0,0,6666,6666,0,0
travel,31.509,756.0,663.049,663.049,fly,0.803,ok,2601,0,0,192.00,300322816,409575424,114090264,95883264,18123768,2904,7449760,22132800,958,6666,6666,0,0,0,0,0,0,0,0,0.060,0.063,0.000,0,0,0,6666,6666,0,0
travel,31.539,756.7,663.558,663.558,fly,0.798,ok,2601,0,0,192.00,300322816,409575424,114090264,95883264,18123768,2904,7449760,22132800,958,6666,6666,0,0,0,0,0,0,0,0,0.061,0.063,0.000,0,0,0,6666,6666,0,0
travel,31.576,757.6,664.199,664.199,fly,0.852,ok,2601,0,34,192.00,300838912,410624000,114090264,95883264,18123768,2904,11174640,20410896,958,6767,6767,0,0,60,0,0,0,0,0,0.062,0.069,0.000,0,0,0,6767,6767,0,0
travel,31.607,758.3,664.714,664.714,fly,0.826,ok,2601,0,0,192.00,300838912,410624000,114090264,95883264,18123768,2904,11174640,22132800,958,6767,6767,0,0,0,0,0,0,0,0,0.061,0.065,0.000,0,0,0,6767,6767,0,0
travel,31.637,759.1,665.230,665.230,fly,0.819,ok,2601,0,0,192.00,300838912,410624000,114090264,95883264,18123768,2904,11174640,22132800,958,6767,6767,0,0,0,0,0,0,0,0,0.061,0.068,0.000,0,0,0,6767,6767,0,0
travel,31.668,759.8,665.749,665.749,fly,0.814,ok,2601,0,0,192.00,300838912,410624000,114090264,95883264,18123768,2904,11174640,22132800,958,6767,6767,0,0,0,0,0,0,0,0,0.062,0.067,0.000,0,0,0,6767,6767,0,0
travel,31.698,760.5,666.258,666.258,fly,0.807,ok,2601,0,0,192.00,300838912,410624000,114090264,95883264,18123768,2904,11174640,22132800,958,6767,6767,0,0,0,0,0,0,0,0,0.061,0.065,0.000,0,0,0,6767,6767,0,0
travel,31.728,761.2,666.767,666.767,fly,0.811,ok,2601,0,0,192.00,300838912,410624000,114090264,95883264,18123768,2904,11174640,22132800,958,6767,6767,0,0,0,0,0,0,0,0,0.062,0.066,0.000,0,0,0,6767,6767,0,0
travel,31.758,761.9,667.276,667.276,fly,0.826,ok,2601,0,0,192.00,300838912,410624000,114090264,95883264,18123768,2904,11174640,22132800,958,6767,6767,0,0,0,0,0,0,0,0,0.062,0.070,0.000,0,0,0,6767,6767,0,0
travel,31.788,762.7,667.786,667.786,fly,0.836,ok,2601,0,0,192.00,300838912,410624000,114090264,95883264,18123768,2904,11174640,22132800,958,6767,6767,0,0,0,0,0,0,0,0,0.062,0.068,0.000,0,0,0,6767,6767,0,0
travel,31.818,763.4,668.296,668.296,fly,1.104,ok,2601,0,0,192.00,300838912,410624000,114090264,95883264,18123768,2904,7449760,22132800,958,6767,6767,0,0,0,0,0,0,0,0,0.350,0.062,0.000,0,0,0,6767,6767,0,0
travel,31.848,764.1,668.807,668.807,fly,0.852,ok,2601,0,0,192.00,300838912,410624000,114090264,95883264,18123768,2904,7449760,22132800,958,6767,6767,0,0,0,0,0,0,0,0,0.063,0.070,0.000,0,0,0,6767,6767,0,0
travel,31.878,764.8,669.317,669.317,fly,1.004,ok,2601,0,0,192.00,300838912,410624000,114090264,95883264,18123768,2904,7449760,22132800,958,6767,6767,0,0,0,0,0,0,0,0,0.073,0.178,0.000,0,0,0,6767,6767,0,0
travel,31.908,765.6,669.830,669.830,fly,0.826,ok,2601,0,0,192.00,300838912,410624000,114090264,95883264,18123768,2904,7449760,22132800,958,6767,6767,0,0,0,0,0,0,0,0,0.061,0.068,0.000,0,0,0,6767,6767,0,0
travel,31.939,766.3,670.342,670.342,fly,0.825,ok,2601,0,0,192.00,300838912,410624000,114090264,95883264,18123768,2904,7449760,22132800,958,6767,6767,0,0,0,0,0,0,0,0,0.065,0.068,0.000,0,0,0,6767,6767,0,0
travel,31.969,767.0,670.853,670.853,fly,0.814,ok,2601,0,0,192.00,300838912,410624000,114090264,95883264,18123768,2904,7449760,22132800,958,6767,6767,0,0,0,0,0,0,0,0,0.061,0.066,0.000,0,0,0,6767,6767,0,0
travel,31.999,767.7,671.363,671.363,fly,0.825,ok,2601,0,0,192.00,300838912,410624000,114090264,95883264,18123768,2904,7449760,22132800,958,6767,6767,0,0,0,0,0,0,0,0,0.062,0.069,0.000,0,0,0,6767,6767,0,0
travel,32.029,768.4,671.872,671.872,fly,0.813,ok,2601,0,0,192.00,300838912,410624000,114090264,95883264,18123768,2904,7449760,22132800,958,6767,6767,0,0,0,0,0,0,0,0,0.061,0.070,0.000,0,0,0,6767,6767,0,0
travel,32.067,769.4,672.517,672.517,fly,0.821,ok,2601,0,0,192.00,301699072,411676672,114090264,95883264,18123768,2904,11174640,22132800,958,6868,6868,0,0,0,0,0,0,0,0,0.061,0.066,0.000,0,0,0,6868,6868,0,0
travel,32.097,770.1,673.030,673.030,fly,0.852,ok,2601,0,0,192.00,301699072,411676672,114090264,95883264,18123768,2904,11174640,22132800,958,6868,6868,0,0,0,0,0,0,0,0,0.063,0.093,0.000,0,0,0,6868,6868,0,0
travel,32.127,770.8,673.544,673.544,fly,0.807,ok,2601,0,0,192.00,301699072,411676672,114090264,95883264,18123768,2904,11174640,22132800,958,6868,6868,0,0,0,0,0,0,0,0,0.062,0.066,0.000,0,0,0,6868,6868,0,0
travel,32.157,771.5,674.055,674.055,fly,0.914,ok,2601,0,0,192.00,301699072,411676672,114090264,95883264,18123768,2904,11174640,22132800,958,6868,6868,0,0,0,0,0,0,0,0,0.134,0.070,0.000,0,0,0,6868,6868,0,0
travel,32.188,772.3,674.566,674.566,fly,0.804,ok,2601,0,0,192.00,301699072,411676672,114090264,95883264,18123768,2904,11174640,22132800,958,6868,6868,0,0,0,0,0,0,0,0,0.062,0.065,0.000,0,0,0,6868,6868,0,0
travel,32.218,773.0,675.078,675.078,fly,0.809,ok,2601,0,0,192.00,301699072,411676672,114090264,95883264,18123768,2904,11174640,22132800,958,6868,6868,0,0,0,0,0,0,0,0,0.061,0.066,0.000,0,0,0,6868,6868,0,0
travel,32.248,773.7,675.587,675.587,fly,0.806,ok,2601,0,0,192.00,301699072,411676672,114090264,95883264,18123768,2904,11174640,22132800,958,6868,6868,0,0,0,0,0,0,0,0,0.064,0.065,0.000,0,0,0,6868,6868,0,0
travel,32.278,774.4,676.105,676.105,fly,0.819,ok,2601,0,0,192.00,301699072,411676672,114090264,95883264,18123768,2904,7449760,22132800,958,6868,6868,0,0,0,0,0,0,0,0,0.062,0.064,0.000,0,0,0,6868,6868,0,0
travel,32.309,775.2,676.619,676.619,fly,1.174,ok,2601,0,0,192.00,301699072,411676672,114090264,95883264,18123768,2904,7449760,22132800,958,6868,6868,0,0,0,0,0,0,0,0,0.399,0.070,0.000,0,0,0,6868,6868,0,0
travel,32.339,775.9,677.135,677.135,fly,0.816,ok,2601,0,0,192.00,301699072,411676672,114090264,95883264,18123768,2904,7449760,22132800,958,6868,6868,0,0,0,0,0,0,0,0,0.061,0.064,0.000,0,0,0,6868,6868,0,0
travel,32.369,776.6,677.649,677.649,fly,0.813,ok,2601,0,0,192.00,301699072,411676672,114090264,95883264,18123768,2904,7449760,22132800,958,6868,6868,0,0,0,0,0,0,0,0,0.061,0.063,0.000,0,0,0,6868,6868,0,0
travel,32.399,777.3,678.158,678.158,fly,0.817,ok,2601,0,0,192.00,301699072,411676672,114090264,95883264,18123768,2904,7449760,22132800,958,6868,6868,0,0,0,0,0,0,0,0,0.061,0.063,0.000,0,0,0,6868,6868,0,0
travel,32.429,778.1,678.670,678.670,fly,0.824,ok,2601,0,0,192.00,301699072,411676672,114090264,95883264,18123768,2904,7449760,22132800,958,6868,6868,0,0,0,0,0,0,0,0,0.061,0.068,0.000,0,0,0,6868,6868,0,0
travel,32.460,778.8,679.183,679.183,fly,0.813,ok,2601,0,0,192.00,301764608,411676672,114090264,95883264,18123768,2904,7449760,22132800,958,6868,6868,0,0,0,0,0,0,0,0,0.060,0.064,0.000,0,0,0,6868,6868,0,0
travel,32.490,779.5,679.696,679.696,fly,0.897,ok,2601,0,0,192.00,301764608,411676672,114090264,95883264,18123768,2904,7449760,22132800,958,6868,6868,0,0,0,0,0,0,0,0,0.131,0.065,0.000,0,0,0,6868,6868,0,0
travel,32.528,780.4,680.348,680.348,fly,0.804,ok,2601,0,0,192.00,302682112,414302208,114090264,95883264,18123768,2904,11174640,22132800,958,6969,6969,0,0,0,0,0,0,0,0,0.063,0.062,0.000,0,0,0,6969,6969,0,0
travel,32.558,781.2,680.857,680.857,fly,0.986,ok,2601,0,0,192.00,302682112,414302208,114090264,95883264,18123768,2904,11174640,22132800,958,6969,6969,0,0,0,0,0,0,0,0,0.072,0.107,0.000,0,0,0,6969,6969,0,0
travel,32.589,781.9,681.370,681.370,fly,0.971,ok,2601,0,0,192.00,302682112,414302208,114090264,95883264,18123768,2904,11174640,22132800,958,6969,6969,0,0,0,0,0,0,0,0,0.075,0.114,0.000,0,0,0,6969,6969,0,0
travel,32.619,782.6,681.881,681.881,fly,0.797,ok,2601,0,0,192.00,302682112,414302208,114090264,95883264,18123768,2904,11174640,22132800,958,6969,6969,0,0,0,0,0,0,0,0,0.062,0.062,0.000,0,0,0,6969,6969,0,0
travel,32.649,783.3,682.397,682.397,fly,0.828,ok,2601,0,0,192.00,302682112,414302208,114090264,95883264,18123768,2904,11174640,22132800,958,6969,6969,0,0,0,0,0,0,0,0,0.062,0.070,0.000,0,0,0,6969,6969,0,0
travel,32.679,784.1,682.909,682.909,fly,0.828,ok,2601,0,0,192.00,302682112,414302208,114090264,95883264,18123768,2904,11174640,22132800,958,6969,6969,0,0,0,0,0,0,0,0,0.062,0.066,0.000,0,0,0,6969,6969,0,0
travel,32.710,784.8,683.422,683.422,fly,0.836,ok,2601,0,0,192.00,302682112,414302208,114090264,95883264,18123768,2904,11174640,22132800,958,6969,6969,0,0,0,0,0,0,0,0,0.060,0.082,0.000,0,0,0,6969,6969,0,0
travel,32.740,785.5,683.933,683.933,fly,0.956,ok,2601,0,0,192.00,302682112,414302208,114090264,95883264,18123768,2904,7449760,22132800,958,6969,6969,0,0,0,0,0,0,0,0,0.197,0.067,0.000,0,0,0,6969,6969,0,0
travel,32.770,786.2,684.449,684.449,fly,0.814,ok,2601,0,0,192.00,302682112,414302208,114090264,95883264,18123768,2904,7449760,22132800,958,6969,6969,0,0,0,0,0,0,0,0,0.061,0.063,0.000,0,0,0,6969,6969,0,0
travel,32.800,787.0,684.962,684.962,fly,0.823,ok,2601,0,0,192.00,302682112,414302208,114090264,95883264,18123768,2904,7449760,22132800,958,6969,6969,0,0,0,0,0,0,0,0,0.061,0.067,0.000,0,0,0,6969,6969,0,0
travel,32.830,787.7,685.470,685.470,fly,0.828,ok,2601,0,0,192.00,302682112,414302208,114090264,95883264,18123768,2904,7449760,22132800,958,6969,6969,0,0,0,0,0,0,0,0,0.061,0.067,0.000,0,0,0,6969,6969,0,0
travel,32.861,788.4,685.985,685.985,fly,0.833,ok,2601,0,0,192.00,302682112,414302208,114090264,95883264,18123768,2904,7449760,22132800,958,6969,6969,0,0,0,0,0,0,0,0,0.060,0.075,0.000,0,0,0,6969,6969,0,0
travel,32.891,789.1,686.495,686.495,fly,0.909,ok,2601,0,0,192.00,302682112,414302208,114090264,95883264,18123768,2904,7449760,22132800,958,6969,6969,0,0,0,0,0,0,0,0,0.062,0.134,0.000,0,0,0,6969,6969,0,0
travel,32.921,789.9,687.009,687.009,fly,0.856,ok,2601,0,0,192.00,302682112,414302208,114090264,95883264,18123768,2904,7449760,22132800,958,6969,6969,0,0,0,0,0,0,0,0,0.061,0.068,0.000,0,0,0,6969,6969,0,0
travel,32.951,790.6,687.518,687.518,fly,0.835,ok,2601,0,0,192.00,302682112,414302208,114090264,95883264,18123768,2904,7449760,22132800,958,6969,6969,0,0,0,0,0,0,0,0,0.060,0.070,0.000,0,0,0,6969,6969,0,0
travel,32.988,791.4,688.137,688.137,fly,3.123,ok,2601,0,45,192.00,303456256,415354880,114090264,95883264,18123768,2904,11174640,19784784,958,7070,7070,27,0,97,27,27,0,0,528384,0.237,0.143,0.000,0,0,0,7070,7070,0,0
travel,33.020,792.2,688.694,688.694,fly,0.803,ok,2601,0,0,192.00,303456256,415354880,114090264,95883264,18123768,2904,11174640,22132800,958,7070,7070,0,0,0,0,0,0,0,0,0.063,0.066,0.000,0,0,0,7070,7070,0,0
travel,33.051,793.0,689.210,689.210,fly,0.822,ok,2601,0,0,192.00,303456256,415354880,114090264,95883264,18123768,2904,11174640,22132800,958,7070,7070,0,0,0,0,0,0,0,0,0.062,0.064,0.000,0,0,0,7070,7070,0,0
travel,33.081,793.7,689.724,689.724,fly,0.823,ok,2601,0,0,192.00,303456256,415354880,114090264,95883264,18123768,2904,11174640,22132800,958,7070,7070,0,0,0,0,0,0,0,0,0.061,0.068,0.000,0,0,0,7070,7070,0,0
travel,33.112,794.4,690.243,690.243,fly,0.924,ok,2601,0,0,192.00,303456256,415354880,114090264,95883264,18123768,2904,11174640,22132800,958,7070,7070,0,0,0,0,0,0,0,0,0.133,0.072,0.000,0,0,0,7070,7070,0,0
travel,33.142,795.2,690.758,690.758,fly,0.812,ok,2601,0,0,192.00,303456256,415354880,114090264,95883264,18123768,2904,11174640,22132800,958,7070,7070,0,0,0,0,0,0,0,0,0.060,0.066,0.000,0,0,0,7070,7070,0,0
travel,33.173,795.9,691.275,691.275,fly,0.807,ok,2601,0,0,192.00,303456256,415354880,114090264,95883264,18123768,2904,11174640,22132800,958,7070,7070,0,0,0,0,0,0,0,0,0.061,0.066,0.000,0,0,0,7070,7070,0,0
travel,33.203,796.6,691.787,691.787,fly,0.808,ok,2601,0,0,192.00,303456256,415354880,114090264,95883264,18123768,2904,7449760,22132800,958,7070,7070,0,0,0,0,0,0,0,0,0.061,0.063,0.000,0,0,0,7070,7070,0,0
travel,33.234,797.3,692.309,692.309,fly,0.814,ok,2601,0,0,192.00,303456256,415354880,114090264,95883264,18123768,2904,7449760,22132800,958,7070,7070,0,0,0,0,0,0,0,0,0.060,0.065,0.000,0,0,0,7070,7070,0,0
travel,33.267,798.1,692.869,692.869,fly,0.818,ok,2601,0,0,192.00,303456256,415354880,114090264,95883264,18123768,2904,7449760,22132800,958,7070,7070,0,0,0,0,0,0,0,0,0.061,0.069,0.000,0,0,0,7070,7070,0,0
travel,33.306,799.1,693.545,693.545,fly,1.237,ok,2601,0,0,192.00,303493120,415354880,114090264,95883264,18123768,2904,7449760,22132800,958,7070,7070,0,0,0,0,0,0,0,0,0.072,0.181,0.000,0,0,0,7070,7070,0,0
travel,33.339,799.9,694.098,694.098,fly,1.232,ok,2601,0,0,192.00,303493120,415354880,114090264,95883264,18123768,2904,7449760,22132800,958,7070,7070,0,0,0,0,0,0,0,0,0.072,0.131,0.000,0,0,0,7070,7070,0,0
travel,33.371,800.6,694.633,694.633,fly,0.831,ok,2601,0,0,192.00,303493120,415354880,114090264,95883264,18123768,2904,7449760,22132800,958,7070,7070,0,0,0,0,0,0,0,0,0.062,0.070,0.000,0,0,0,7070,7070,0,0
travel,33.401,801.4,695.156,695.156,fly,0.818,ok,2601,0,0,192.00,303493120,415354880,114090264,95883264,18123768,2904,7449760,22132800,958,7070,7070,0,0,0,0,0,0,0,0,0.061,0.065,0.000,0,0,0,7070,7070,0,0
travel,33.431,802.1,695.667,695.667,fly,0.936,ok,2601,0,0,192.00,303493120,415354880,114090264,95883264,18123768,2904,7449760,22132800,958,7070,7070,0,0,0,0,0,0,0,0,0.073,0.145,0.000,0,0,0,7070,7070,0,0
travel,33.475,803.1,696.398,696.398,fly,0.831,ok,2601,0,0,192.00,304177152,416403456,114090264,95883264,18123768,2904,11174640,22132800,958,7171,7171,0,0,0,0,0,0,0,0,0.064,0.070,0.000,0,0,0,7171,7171,0,0
travel,33.506,803.9,696.934,696.934,fly,1.215,ok,2601,0,0,192.00,304177152,416403456,114090264,95883264,18123768,2904,11174640,22132800,958,7171,7171,0,0,0,0,0,0,0,0,0.082,0.129,0.000,0,0,0,7171,7171,0,0
travel,33.539,804.7,697.492,697.492,fly,0.894,ok,2601,0,0,192.00,304177152,416403456,114090264,95883264,18123768,2904,11174640,22132800,958,7171,7171,0,0,0,0,0,0,0,0,0.140,0.061,0.000,0,0,0,7171,7171,0,0
travel,33.571,805.4,698.026,698.026,fly,0.900,ok,2601,0,0,192.00,304177152,416403456,114090264,95883264,18123768,2904,11174640,22132800,958,7171,7171,0,0,0,0,0,0,0,0,0.070,0.109,0.000,0,0,0,7171,7171,0,0
travel,33.601,806.2,698.548,698.548,fly,0.811,ok,2601,0,0,192.00,304177152,416403456,114090264,95883264,18123768,2904,11174640,22132800,958,7171,7171,0,0,0,0,0,0,0,0,0.062,0.066,0.000,0,0,0,7171,7171,0,0
travel,33.632,806.9,699.063,699.063,fly,0.882,ok,2601,0,0,192.00,304177152,416403456,114090264,95883264,18123768,2904,11174640,22132800,958,7171,7171,0,0,0,0,0,0,0,0,0.132,0.069,0.000,0,0,0,7171,7171,0,0
travel,33.662,807.6,699.578,699.578,fly,0.828,ok,2601,0,0,192.00,304177152,416403456,114090264,95883264,18123768,2904,7449760,22132800,958,7171,7171,0,0,0,0,0,0,0,0,0.062,0.071,0.000,0,0,0,7171,7171,0,0
travel,33.692,808.3,700.090,700.090,fly,0.800,ok,2601,0,0,192.00,304177152,416403456,114090264,95883264,18123768,2904,7449760,22132800,958,7171,7171,0,0,0,0,0,0,0,0,0.061,0.065,0.000,0,0,0,7171,7171,0,0
travel,33.723,809.1,700.607,700.607,fly,0.799,ok,2601,0,0,192.00,304177152,416403456,114090264,95883264,18123768,2904,7449760,22132800,958,7171,7171,0,0,0,0,0,0,0,0,0.060,0.067,0.000,0,0,0,7171,7171,0,0
travel,33.753,809.8,701.124,701.124,fly,1.023,ok,2601,0,0,192.00,304177152,416403456,114090264,95883264,18123768,2904,7449760,22132800,958,7171,7171,0,0,0,0,0,0,0,0,0.069,0.107,0.000,0,0,0,7171,7171,0,0
travel,33.784,810.6,701.651,701.651,fly,0.892,ok,2601,0,0,192.00,304177152,416403456,114090264,95883264,18123768,2904,7449760,22132800,958,7171,7171,0,0,0,0,0,0,0,0,0.132,0.065,0.000,0,0,0,7171,7171,0,0
travel,33.815,811.3,702.178,702.178,fly,0.811,ok,2601,0,0,192.00,304177152,416403456,114090264,95883264,18123768,2904,7449760,22132800,958,7171,7171,0,0,0,0,0,0,0,0,0.061,0.063,0.000,0,0,0,7171,7171,0,0
travel,33.846,812.0,702.703,702.703,fly,1.311,ok,2601,0,0,192.00,304177152,416403456,114090264,95883264,18123768,2904,7449760,22132800,958,7171,7171,0,0,0,0,0,0,0,0,0.067,0.118,0.000,0,0,0,7171,7171,0,0
travel,33.877,812.8,703.229,703.229,fly,1.003,ok,2601,0,0,192.00,304177152,416403456,114090264,95883264,18123768,2904,7449760,22132800,958,7171,7171,0,0,0,0,0,0,0,0,0.064,0.090,0.000,0,0,0,7171,7171,0,0
travel,33.908,813.5,703.759,703.759,fly,0.840,ok,2601,0,0,192.00,304177152,416403456,114090264,95883264,18123768,2904,7449760,22132800,958,7171,7171,0,0,0,0,0,0,0,0,0.064,0.068,0.000,0,0,0,7171,7171,0,0
travel,33.952,814.6,704.501,704.501,fly,1.280,ok,2601,0,0,192.00,304439296,416403456,114090264,95883264,18123768,2904,11174640,22132800,958,7272,7272,0,0,0,0,0,0,0,0,0.067,0.164,0.000,0,0,0,7272,7272,0,0
travel,33.988,815.4,705.100,705.100,fly,1.087,ok,2601,0,0,192.00,304439296,416403456,114090264,95883264,18123768,2904,11174640,22132800,958,7272,7272,0,0,0,0,0,0,0,0,0.077,0.140,0.000,0,0,0,7272,7272,0,0
travel,34.027,816.4,705.775,705.775,fly,1.091,ok,2601,0,0,192.00,304439296,416403456,114090264,95883264,18123768,2904,11174640,22132800,958,7272,7272,0,0,0,0,0,0,0,0,0.065,0.089,0.000,0,0,0,7272,7272,0,0
travel,34.064,817.3,706.403,706.403,fly,3.137,ok,2601,0,0,192.00,304439296,416403456,114090264,95883264,18123768,2904,11174640,22132800,958,7272,7272,0,0,0,0,0,0,0,0,0.093,0.289,0.001,0,0,0,7272,7272,0,0
travel,34.109,818.3,707.153,707.153,fly,1.086,ok,2601,0,0,192.00,304439296,416403456,114090264,95883264,18123768,2904,7449760,22132800,958,7272,7272,0,0,0,0,0,0,0,0,0.142,0.142,0.000,0,0,0,7272,7272,0,0
travel,34.142,819.1,707.725,707.725,fly,0.842,ok,2601,0,0,192.00,304439296,416403456,114090264,95883264,18123768,2904,7449760,22132800,958,7272,7272,0,0,0,0,0,0,0,0,0.061,0.071,0.000,0,0,0,7272,7272,0,0
travel,34.178,820.0,708.337,708.337,fly,0.816,ok,2601,0,0,192.00,304439296,416403456,114090264,95883264,18123768,2904,7449760,22132800,958,7272,7272,0,0,0,0,0,0,0,0,0.062,0.069,0.000,0,0,0,7272,7272,0,0
travel,34.212,820.8,708.912,708.912,fly,0.889,ok,2601,0,0,192.00,304439296,416403456,114090264,95883264,18123768,2904,7449760,22132800,958,7272,7272,0,0,0,0,0,0,0,0,0.067,0.077,0.000,0,0,0,7272,7272,0,0
travel,34.244,821.6,709.456,709.456,fly,0.933,ok,2601,0,0,192.00,304496640,416428032,114090264,95883264,18123768,2904,7449760,22132800,958,7272,7272,0,0,0,0,0,0,0,0,0.116,0.118,0.000,0,0,0,7272,7272,0,0
travel,34.280,822.4,710.055,710.055,fly,1.220,ok,2601,0,0,192.00,304496640,416428032,114090264,95883264,18123768,2904,7449760,22132800,958,7272,7272,0,0,0,0,0,0,0,0,0.075,0.362,0.000,0,0,0,7272,7272,0,0
travel,34.312,823.2,710.608,710.608,fly,0.934,ok,2601,0,0,192.00,304496640,416428032,114090264,95883264,18123768,2904,7449760,22132800,958,7272,7272,0,0,0,0,0,0,0,0,0.066,0.160,0.000,0,0,0,7272,7272,0,0
travel,34.349,824.1,711.236,711.236,fly,0.977,ok,2601,0,0,192.00,304611328,416641024,114090264,95883264,18123768,2904,7449760,22132800,958,7272,7272,0,0,0,0,0,0,0,0,0.190,0.072,0.000,0,0,0,7272,7272,0,0
travel,34.389,825.1,711.905,711.905,fly,1.239,ok,2601,0,0,192.00,304611328,416641024,114090264,95883264,18123768,2904,7449760,22132800,958,7272,7272,0,0,0,0,0,0,0,0,0.072,0.245,0.000,0,0,0,7272,7272,0,0
travel,34.434,826.1,712.674,712.674,fly,0.963,ok,2601,0,0,192.00,305303552,419794944,114090264,95883264,18123768,2904,11174640,22132800,958,7373,7373,0,0,0,0,0,0,0,0,0.196,0.070,0.000,0,0,0,7373,7373,0,0
travel,34.468,827.0,713.252,713.252,fly,0.956,ok,2601,0,0,192.00,305303552,419794944,114090264,95883264,18123768,2904,11174640,22132800,958,7373,7373,0,0,0,0,0,0,0,0,0.073,0.116,0.000,0,0,0,7373,7373,0,0
travel,34.500,827.7,713.797,713.797,fly,0.850,ok,2601,0,0,192.00,305303552,419794944,114090264,95883264,18123768,2904,11174640,22132800,958,7373,7373,0,0,0,0,0,0,0,0,0.062,0.071,0.000,0,0,0,7373,7373,0,0
travel,34.536,828.6,714.398,714.398,fly,0.865,ok,2601,0,0,192.00,305303552,419794944,114090264,95883264,18123768,2904,7449760,22132800,958,7373,7373,0,0,0,0,0,0,0,0,0.062,0.069,0.000,0,0,0,7373,7373,0,0
travel,34.568,829.4,714.949,714.949,fly,0.894,ok,2601,0,0,192.00,305303552,419794944,114090264,95883264,18123768,2904,7449760,22132800,958,7373,7373,0,0,0,0,0,0,0,0,0.063,0.077,0.000,0,0,0,7373,7373,0,0
travel,34.599,830.1,715.481,715.481,fly,1.227,ok,2601,0,0,192.00,305303552,419794944,114090264,95883264,18123768,2904,7449760,22132800,958,7373,7373,0,0,0,0,0,0,0,0,0.073,0.128,0.000,0,0,0,7373,7373,0,0
travel,34.634,831.0,716.070,716.070,fly,1.266,ok,2601,0,0,192.00,305303552,419794944,114090264,95883264,18123768,2904,7449760,22132800,958,7373,7373,0,0,0,0,0,0,0,0,0.143,0.132,0.000,0,0,0,7373,7373,0,0
travel,34.666,831.7,716.620,716.620,fly,1.364,ok,2601,0,0,192.00,305303552,419794944,114090264,95883264,18123768,2904,7449760,22132800,958,7373,7373,0,0,0,0,0,0,0,0,0.077,0.145,0.000,0,0,0,7373,7373,0,0
travel,34.700,832.5,717.187,717.187,fly,1.652,ok,2601,0,0,192.00,305303552,419794944,114090264,95883264,18123768,2904,7449760,22132800,958,7373,7373,0,0,0,0,0,0,0,0,0.076,0.146,0.000,0,0,0,7373,7373,0,0
travel,34.732,833.3,717.740,717.740,fly,1.047,ok,2601,0,0,192.00,305303552,419794944,114090264,95883264,18123768,2904,7449760,22132800,958,7373,7373,0,0,0,0,0,0,0,0,0.068,0.089,0.000,0,0,0,7373,7373,0,0
travel,34.766,834.1,718.313,718.313,fly,0.819,ok,2601,0,0,192.00,305303552,419794944,114090264,95883264,18123768,2904,7449760,22132800,958,7373,7373,0,0,0,0,0,0,0,0,0.062,0.066,0.000,0,0,0,7373,7373,0,0
travel,34.800,834.9,718.893,718.893,fly,1.084,ok,2601,0,0,192.00,305303552,419794944,114090264,95883264,18123768,2904,7449760,22132800,958,7373,7373,0,0,0,0,0,0,0,0,0.066,0.084,0.000,0,0,0,7373,7373,0,0
travel,34.832,835.7,719.434,719.434,fly,2.864,ok,2601,0,0,192.00,305303552,419794944,114090264,95883264,18123768,2904,7449760,22132800,958,7373,7373,0,0,0,0,0,0,0,0,0.144,0.235,0.000,0,0,0,7373,7373,0,0
travel,34.867,836.5,720.024,720.024,fly,5.499,ok,2523,78,76,192.00,305487872,419794944,110668872,93007872,17580264,2904,11174640,17018904,958,7396,7474,23,101,23,23,23,0,0,0,0.459,0.173,0.000,0,0,0,7396,7396,0,0
travel,34.915,837.7,720.837,720.837,fly,0.868,ok,2601,0,0,192.00,305635328,419794944,114090264,95883264,18123768,2904,11174640,22132800,958,7474,7474,0,0,0,0,0,0,0,0,0.104,0.065,0.000,0,0,0,7474,7474,0,0
travel,34.949,838.5,721.419,721.419,fly,1.098,ok,2601,0,0,192.00,305635328,419794944,114090264,95883264,18123768,2904,11174640,22132800,958,7474,7474,0,0,0,0,0,0,0,0,0.068,0.125,0.000,0,0,0,7474,7474,0,0
travel,34.983,839.3,721.982,721.982,fly,0.838,ok,2601,0,0,192.00,305635328,419794944,114090264,95883264,18123768,2904,7449760,22132800,958,7474,7474,0,0,0,0,0,0,0,0,0.062,0.069,0.000,0,0,0,7474,7474,0,0
travel,35.017,840.1,722.561,722.561,fly,0.865,ok,2601,0,0,192.00,305635328,419794944,114090264,95883264,18123768,2904,7449760,22132800,958,7474,7474,0,0,0,0,0,0,0,0,0.066,0.074,0.000,0,0,0,7474,7474,0,0
travel,35.052,841.0,723.158,723.158,fly,0.856,ok,2601,0,0,192.00,305635328,419794944,114090264,95883264,18123768,2904,7449760,22132800,958,7474,7474,0,0,0,0,0,0,0,0,0.062,0.071,0.000,0,0,0,7474,7474,0,0
travel,35.084,841.7,723.699,723.699,fly,0.824,ok,2601,0,0,192.00,305635328,419794944,114090264,95883264,18123768,2904,7449760,22132800,958,7474,7474,0,0,0,0,0,0,0,0,0.062,0.066,0.000,0,0,0,7474,7474,0,0
travel,35.118,842.6,724.283,724.283,fly,1.106,ok,2601,0,0,192.00,305635328,419794944,114090264,95883264,18123768,2904,7449760,22132800,958,7474,7474,0,0,0,0,0,0,0,0,0.061,0.348,0.000,0,0,0,7474,7474,0,0
travel,35.152,843.4,724.864,724.864,fly,1.111,ok,2601,0,0,192.00,305635328,419794944,114090264,95883264,18123768,2904,7449760,22132800,958,7474,7474,0,0,0,0,0,0,0,0,0.065,0.088,0.000,0,0,0,7474,7474,0,0
travel,35.184,844.1,725.394,725.394,fly,1.280,ok,2601,0,0,192.00,305635328,419794944,114090264,95883264,18123768,2904,7449760,22132800,958,7474,7474,0,0,0,0,0,0,0,0,0.140,0.112,0.000,0,0,0,7474,7474,0,0
travel,35.217,844.9,725.967,725.967,fly,1.035,ok,2601,0,0,192.00,305635328,419794944,114090264,95883264,18123768,2904,7449760,22132800,958,7474,7474,0,0,0,0,0,0,0,0,0.061,0.273,0.000,0,0,0,7474,7474,0,0
travel,35.251,845.7,726.535,726.535,fly,0.826,ok,2601,0,0,192.00,305635328,419794944,114090264,95883264,18123768,2904,7449760,22132800,958,7474,7474,0,0,0,0,0,0,0,0,0.061,0.066,0.000,0,0,0,7474,7474,0,0
travel,35.283,846.5,727.085,727.085,fly,0.848,ok,2601,0,0,192.00,305635328,419794944,114090264,95883264,18123768,2904,7449760,22132800,958,7474,7474,0,0,0,0,0,0,0,0,0.061,0.072,0.000,0,0,0,7474,7474,0,0
travel,35.316,847.3,727.645,727.645,fly,0.802,ok,2601,0,0,192.00,305635328,419794944,114090264,95883264,18123768,2904,7449760,22132800,958,7474,7474,0,0,0,0,0,0,0,0,0.061,0.067,0.000,0,0,0,7474,7474,0,0
travel,35.363,848.4,728.429,728.429,fly,0.904,ok,2601,0,0,192.00,305635328,419794944,114090264,95883264,18123768,2904,11174640,22132800,958,7575,7575,0,0,0,0,0,0,0,0,0.068,0.133,0.000,0,0,0,7575,7575,0,0
travel,35.395,849.2,728.975,728.975,fly,0.897,ok,2601,0,0,192.00,305635328,419794944,114090264,95883264,18123768,2904,11174640,22132800,958,7575,7575,0,0,0,0,0,0,0,0,0.063,0.133,0.000,0,0,0,7575,7575,0,0
travel,35.426,849.9,729.505,729.505,fly,0.804,ok,2601,0,0,192.00,305635328,419794944,114090264,95883264,18123768,2904,11174640,22132800,958,7575,7575,0,0,0,0,0,0,0,0,0.062,0.062,0.000,0,0,0,7575,7575,0,0
travel,35.460,850.8,730.088,730.088,fly,1.103,ok,2601,0,0,192.00,305635328,419794944,114090264,95883264,18123768,2904,7449760,22132800,958,7575,7575,0,0,0,0,0,0,0,0,0.064,0.085,0.000,0,0,0,7575,7575,0,0
travel,35.493,851.6,730.643,730.643,fly,1.444,ok,2601,0,0,192.00,305635328,419794944,114090264,95883264,18123768,2904,7449760,22132800,958,7575,7575,0,0,0,0,0,0,0,0,0.079,0.175,0.000,0,0,0,7575,7575,0,0
travel,35.525,852.3,731.187,731.187,fly,0.806,ok,2601,0,0,192.00,305635328,419794944,114090264,95883264,18123768,2904,7449760,22132800,958,7575,7575,0,0,0,0,0,0,0,0,0.063,0.063,0.000,0,0,0,7575,7575,0,0
travel,35.558,853.1,731.753,731.753,fly,1.071,ok,2601,0,0,192.00,305635328,419794944,114090264,95883264,18123768,2904,7449760,22132800,958,7575,7575,0,0,0,0,0,0,0,0,0.305,0.070,0.000,0,0,0,7575,7575,0,0
travel,35.590,853.9,732.294,732.294,fly,1.718,ok,2601,0,0,192.00,305635328,419794944,114090264,95883264,18123768,2904,7449760,22132800,958,7575,7575,0,0,0,0,0,0,0,0,0.080,0.164,0.000,0,0,0,7575,7575,0,0
travel,35.623,854.7,732.842,732.842,fly,0.838,ok,2601,0,0,192.00,305635328,419794944,114090264,95883264,18123768,2904,7449760,22132800,958,7575,7575,0,0,0,0,0,0,0,0,0.060,0.068,0.000,0,0,0,7575,7575,0,0
travel,35.656,855.5,733.400,733.400,fly,1.297,ok,2601,0,0,192.00,305635328,419794944,114090264,95883264,18123768,2904,7449760,22132800,958,7575,7575,0,0,0,0,0,0,0,0,0.143,0.138,0.000,0,0,0,7575,7575,0,0
travel,35.687,856.2,733.926,733.926,fly,0.836,ok,2601,0,0,192.00,305635328,419794944,114090264,95883264,18123768,2904,7449760,22132800,958,7575,7575,0,0,0,0,0,0,0,0,0.062,0.069,0.000,0,0,0,7575,7575,0,0
travel,35.719,857.0,734.484,734.484,fly,0.827,ok,2601,0,0,192.00,305635328,419794944,114090264,95883264,18123768,2904,7449760,22132800,958,7575,7575,0,0,0,0,0,0,0,0,0.061,0.071,0.000,0,0,0,7575,7575,0,0
travel,35.753,857.8,735.057,735.057,fly,1.136,ok,2601,0,0,192.00,305635328,419794944,114090264,95883264,18123768,2904,7449760,22132800,958,7575,7575,0,0,0,0,0,0,0,0,0.063,0.089,0.000,0,0,0,7575,7575,0,0
travel,35.786,858.6,735.610,735.610,fly,0.909,ok,2601,0,0,192.00,305635328,419794944,114090264,95883264,18123768,2904,7449760,22132800,958,7575,7575,0,0,0,0,0,0,0,0,0.063,0.076,0.000,0,0,0,7575,7575,0,0
travel,35.832,859.7,736.389,736.389,fly,0.907,ok,2601,0,0,192.00,305635328,419794944,114090264,95883264,18123768,2904,11174640,22132800,958,7676,7676,0,0,0,0,0,0,0,0,0.132,0.067,0.000,0,0,0,7676,7676,0,0
travel,35.864,860.4,736.929,736.929,fly,1.394,ok,2601,0,0,192.00,305635328,419794944,114090264,95883264,18123768,2904,11174640,22132800,958,7676,7676,0,0,0,0,0,0,0,0,0.275,0.140,0.000,0,0,0,7676,7676,0,0
travel,35.897,861.3,737.500,737.500,fly,0.925,ok,2601,0,0,192.00,305635328,419794944,114090264,95883264,18123768,2904,11174640,22132800,958,7676,7676,0,0,0,0,0,0,0,0,0.064,0.077,0.000,0,0,0,7676,7676,0,0
travel,35.930,862.0,738.057,738.057,fly,0.822,ok,2601,0,0,192.00,305635328,419794944,114090264,95883264,18123768,2904,11174640,22132800,958,7676,7676,0,0,0,0,0,0,0,0,0.062,0.068,0.000,0,0,0,7676,7676,0,0
travel,35.961,862.8,738.587,738.587,fly,1.780,ok,2601,0,0,192.00,305635328,419794944,114090264,95883264,18123768,2904,7449760,22132800,958,7676,7676,0,0,0,0,0,0,0,0,0.740,0.158,0.000,0,0,0,7676,7676,0,0
travel,35.995,863.6,739.158,739.158,fly,0.993,ok,2601,0,0,192.00,305635328,419794944,114090264,95883264,18123768,2904,7449760,22132800,958,7676,7676,0,0,0,0,0,0,0,0,0.241,0.063,0.000,0,0,0,7676,7676,0,0
travel,36.028,864.4,739.724,739.724,fly,0.962,ok,2601,0,0,192.00,305635328,419794944,114090264,95883264,18123768,2904,7449760,22132800,958,7676,7676,0,0,0,0,0,0,0,0,0.071,0.111,0.000,0,0,0,7676,7676,0,0
travel,36.062,865.2,740.289,740.289,fly,0.958,ok,2601,0,0,192.00,305635328,419794944,114090264,95883264,18123768,2904,7449760,22132800,958,7676,7676,0,0,0,0,0,0,0,0,0.072,0.108,0.000,0,0,0,7676,7676,0,0
travel,36.092,865.9,740.807,740.807,fly,0.822,ok,2601,0,0,192.00,305635328,419794944,114090264,95883264,18123768,2904,7449760,22132800,958,7676,7676,0,0,0,0,0,0,0,0,0.061,0.068,0.000,0,0,0,7676,7676,0,0
travel,36.125,866.7,741.360,741.360,fly,1.238,ok,2601,0,0,192.00,305635328,419794944,114090264,95883264,18123768,2904,7449760,22132800,958,7676,7676,0,0,0,0,0,0,0,0,0.145,0.131,0.000,0,0,0,7676,7676,0,0
travel,36.157,867.5,741.911,741.911,fly,0.833,ok,2601,0,0,192.00,305635328,419794944,114090264,95883264,18123768,2904,7449760,22132800,958,7676,7676,0,0,0,0,0,0,0,0,0.061,0.067,0.000,0,0,0,7676,7676,0,0
travel,36.189,868.3,742.450,742.450,fly,0.821,ok,2601,0,0,192.00,305635328,419794944,114090264,95883264,18123768,2904,7449760,22132800,958,7676,7676,0,0,0,0,0,0,0,0,0.060,0.064,0.000,0,0,0,7676,7676,0,0
travel,36.222,869.0,743.008,743.008,fly,0.899,ok,2601,0,0,192.00,305635328,419794944,114090264,95883264,18123768,2904,7449760,22132800,958,7676,7676,0,0,0,0,0,0,0,0,0.061,0.070,0.000,0,0,0,7676,7676,0,0
travel,36.254,869.8,743.544,743.544,fly,0.989,ok,2601,0,0,192.00,305635328,419794944,114090264,95883264,18123768,2904,7449760,22132800,958,7676,7676,0,0,0,0,0,0,0,0,0.064,0.126,0.000,0,0,0,7676,7676,0,0
travel,36.297,870.8,744.277,744.277,fly,1.541,ok,2601,0,0,192.00,305635328,419794944,114090264,95883264,18123768,2904,11174640,22132800,958,7777,7777,0,0,44,0,0,0,0,0,0.384,0.149,0.000,0,0,0,7777,7777,0,0
travel,36.330,871.7,744.850,744.850,fly,1.160,ok,2601,0,0,192.00,305635328,419794944,114090264,95883264,18123768,2904,11174640,22132800,958,7777,7777,0,0,0,0,0,0,0,0,0.100,0.288,0.000,0,0,0,7777,7777,0,0
travel,36.363,872.4,745.402,745.402,fly,0.827,ok,2601,0,0,192.00,305635328,419794944,114090264,95883264,18123768,2904,11174640,22132800,958,7777,7777,0,0,0,0,0,0,0,0,0.063,0.069,0.000,0,0,0,7777,7777,0,0
travel,36.395,873.2,745.940,745.940,fly,0.882,ok,2601,0,0,192.00,305635328,419794944,114090264,95883264,18123768,2904,11174640,22132800,958,7777,7777,0,0,0,0,0,0,0,0,0.061,0.132,0.000,0,0,0,7777,7777,0,0
travel,36.426,873.9,746.474,746.474,fly,0.903,ok,2601,0,0,192.00,305635328,419794944,114090264,95883264,18123768,2904,7449760,22132800,958,7777,7777,0,0,0,0,0,0,0,0,0.062,0.072,0.000,0,0,0,7777,7777,0,0
travel,36.460,874.8,747.043,747.043,fly,0.831,ok,2601,0,0,192.00,305635328,419794944,114090264,95883264,18123768,2904,7449760,22132800,958,7777,7777,0,0,0,0,0,0,0,0,0.062,0.067,0.000,0,0,0,7777,7777,0,0
travel,36.491,875.5,747.576,747.576,fly,0.826,ok,2601,0,0,192.00,305635328,419794944,114090264,95883264,18123768,2904,7449760,22132800,958,7777,7777,0,0,0,0,0,0,0,0,0.062,0.065,0.000,0,0,0,7777,7777,0,0
travel,36.523,876.3,748.121,748.121,fly,1.265,ok,2601,0,0,192.00,305635328,419794944,114090264,95883264,18123768,2904,7449760,22132800,958,7777,7777,0,0,0,0,0,0,0,0,0.074,0.137,0.000,0,0,0,7777,7777,0,0
travel,36.559,877.1,748.732,748.732,fly,1.118,ok,2601,0,0,192.00,305635328,419794944,114090264,95883264,18123768,2904,7449760,22132800,958,7777,7777,0,0,0,0,0,0,0,0,0.073,0.130,0.000,0,0,0,7777,7777,0,0
travel,36.592,877.9,749.281,749.281,fly,1.018,ok,2601,0,0,192.00,305635328,419794944,114090264,95883264,18123768,2904,7449760,22132800,958,7777,7777,0,0,0,0,0,0,0,0,0.144,0.086,0.000,0,0,0,7777,7777,0,0
travel,36.624,878.7,749.829,749.829,fly,0.817,ok,2601,0,0,192.00,305635328,419794944,114090264,95883264,18123768,2904,7449760,22132800,958,7777,7777,0,0,0,0,0,0,0,0,0.060,0.067,0.000,0,0,0,7777,7777,0,0
travel,36.657,879.5,750.386,750.386,fly,0.829,ok,2601,0,0,192.00,305635328,419794944,114090264,95883264,18123768,2904,7449760,22132800,958,7777,7777,0,0,0,0,0,0,0,0,0.061,0.067,0.000,0,0,0,7777,7777,0,0
travel,36.689,880.2,750.924,750.924,fly,0.813,ok,2601,0,0,192.00,305635328,419794944,114090264,95883264,18123768,2904,7449760,22132800,958,7777,7777,0,0,0,0,0,0,0,0,0.060,0.065,0.000,0,0,0,7777,7777,0,0
travel,36.719,881.0,751.440,751.440,fly,1.737,ok,2601,0,0,192.00,305635328,419794944,114090264,95883264,18123768,2904,7449760,22132800,958,7777,7777,0,0,0,0,0,0,0,0,0.759,0.124,0.000,0,0,0,7777,7777,0,0
travel,36.752,881.8,752.009,752.009,fly,5.533,ok,2530,71,67,192.00,305635328,419794944,110975920,93265920,17629040,2904,11174640,17123088,958,7807,7878,30,101,30,30,30,0,0,0,0.885,0.321,0.000,0,0,0,7807,7807,0,0
travel,36.798,882.9,752.775,752.775,fly,0.873,ok,2601,0,0,192.00,305635328,419794944,114090264,95883264,18123768,2904,11174640,22132800,958,7878,7878,0,0,0,0,0,0,0,0,0.071,0.105,0.000,0,0,0,7878,7878,0,0
travel,36.830,883.6,753.318,753.318,fly,1.184,ok,2601,0,0,192.00,305635328,419794944,114090264,95883264,18123768,2904,11174640,22132800,958,7878,7878,0,0,0,0,0,0,0,0,0.147,0.136,0.000,0,0,0,7878,7878,0,0
travel,36.863,884.4,753.881,753.881,fly,1.003,ok,2601,0,0,192.00,305635328,419794944,114090264,95883264,18123768,2904,11174640,22132800,958,7878,7878,0,0,0,0,0,0,0,0,0.199,0.073,0.000,0,0,0,7878,7878,0,0
travel,36.894,885.2,754.409,754.409,fly,0.799,ok,2601,0,0,192.00,305635328,419794944,114090264,95883264,18123768,2904,7449760,22132800,958,7878,7878,0,0,0,0,0,0,0,0,0.062,0.061,0.000,0,0,0,7878,7878,0,0
travel,36.926,885.9,754.950,754.950,fly,1.090,ok,2601,0,0,192.00,305635328,419794944,114090264,95883264,18123768,2904,7449760,22132800,958,7878,7878,0,0,0,0,0,0,0,0,0.065,0.086,0.000,0,0,0,7878,7878,0,0
travel,36.957,886.7,755.480,755.480,fly,1.238,ok,2601,0,0,192.00,305635328,419794944,114090264,95883264,18123768,2904,7449760,22132800,958,7878,7878,0,0,0,0,0,0,0,0,0.145,0.152,0.000,0,0,0,7878,7878,0,0
travel,36.991,887.5,756.049,756.049,fly,0.977,ok,2601,0,0,192.00,305635328,419794944,114090264,95883264,18123768,2904,7449760,22132800,958,7878,7878,0,0,0,0,0,0,0,0,0.071,0.113,0.000,0,0,0,7878,7878,0,0
travel,37.023,888.3,756.597,756.597,fly,0.942,ok,2601,0,0,192.00,305635328,419794944,114090264,95883264,18123768,2904,7449760,22132800,958,7878,7878,0,0,0,0,0,0,0,0,0.079,0.146,0.000,0,0,0,7878,7878,0,0
travel,37.056,889.1,757.165,757.165,fly,1.041,ok,2601,0,0,192.00,305635328,419794944,114090264,95883264,18123768,2904,7449760,22132800,958,7878,7878,0,0,0,0,0,0,0,0,0.072,0.110,0.000,0,0,0,7878,7878,0,0
travel,37.088,889.8,757.702,757.702,fly,0.818,ok,2601,0,0,192.00,305635328,419794944,114090264,95883264,18123768,2904,7449760,22132800,958,7878,7878,0,0,0,0,0,0,0,0,0.062,0.065,0.000,0,0,0,7878,7878,0,0
travel,37.120,890.6,758.238,758.238,fly,1.235,ok,2601,0,0,192.00,305635328,419794944,114090264,95883264,18123768,2904,7449760,22132800,958,7878,7878,0,0,0,0,0,0,0,0,0.073,0.129,0.000,0,0,0,7878,7878,0,0
travel,37.152,891.4,758.790,758.790,fly,0.880,ok,2601,0,0,192.00,305635328,419794944,114090264,95883264,18123768,2904,7449760,22132800,958,7878,7878,0,0,0,0,0,0,0,0,0.135,0.063,0.000,0,0,0,7878,7878,0,0
travel,37.185,892.1,759.343,759.343,fly,0.829,ok,2601,0,0,192.00,305635328,419794944,114090264,95883264,18123768,2904,7449760,22132800,958,7878,7878,0,0,0,0,0,0,0,0,0.063,0.069,0.000,0,0,0,7878,7878,0,0
travel,37.216,892.9,759.877,759.877,fly,0.822,ok,2601,0,0,192.00,305635328,419794944,114090264,95883264,18123768,2904,7449760,22132800,958,7878,7878,0,0,0,0,0,0,0,0,0.061,0.067,0.000,0,0,0,7878,7878,0,0
travel,37.261,894.0,760.638,760.638,fly,1.181,ok,2601,0,0,192.00,306028544,420319232,114090264,95883264,18123768,2904,11174640,22132800,958,7979,7979,0,0,0,0,0,0,0,0,0.161,0.145,0.000,0,0,0,7979,7979,0,0
travel,37.294,894.8,761.190,761.190,fly,1.091,ok,2601,0,0,192.00,306028544,420319232,114090264,95883264,18123768,2904,11174640,22132800,958,7979,7979,0,0,0,0,0,0,0,0,0.143,0.118,0.000,0,0,0,7979,7979,0,0
travel,37.328,895.6,761.773,761.773,fly,0.991,ok,2601,0,0,192.00,306028544,420319232,114090264,95883264,18123768,2904,11174640,22132800,958,7979,7979,0,0,0,0,0,0,0,0,0.072,0.111,0.000,0,0,0,7979,7979,0,0
travel,37.361,896.4,762.332,762.332,fly,0.950,ok,2601,0,0,192.00,306028544,420319232,114090264,95883264,18123768,2904,7449760,22132800,958,7979,7979,0,0,0,0,0,0,0,0,0.071,0.109,0.000,0,0,0,7979,7979,0,0
travel,37.392,897.1,762.851,762.851,fly,0.851,ok,2601,0,0,192.00,306028544,420319232,114090264,95883264,18123768,2904,7449760,22132800,958,7979,7979,0,0,0,0,0,0,0,0,0.063,0.074,0.000,0,0,0,7979,7979,0,0
travel,37.424,897.9,763.401,763.401,fly,0.925,ok,2601,0,0,192.00,306028544,420319232,114090264,95883264,18123768,2904,7449760,22132800,958,7979,7979,0,0,0,0,0,0,0,0,0.062,0.129,0.000,0,0,0,7979,7979,0,0
travel,37.457,898.7,763.970,763.970,fly,0.829,ok,2601,0,0,192.00,306028544,420319232,114090264,95883264,18123768,2904,7449760,22132800,958,7979,7979,0,0,0,0,0,0,0,0,0.063,0.075,0.000,0,0,0,7979,7979,0,0
travel,37.490,899.5,764.525,764.525,fly,0.829,ok,2601,0,0,192.00,306028544,420319232,114090264,95883264,18123768,2904,7449760,22132800,958,7979,7979,0,0,0,0,0,0,0,0,0.062,0.067,0.000,0,0,0,7979,7979,0,0
travel,37.522,900.2,765.071,765.071,fly,0.989,ok,2601,0,0,192.00,306028544,420319232,114090264,95883264,18123768,2904,7449760,22132800,958,7979,7979,0,0,0,0,0,0,0,0,0.063,0.086,0.000,0,0,0,7979,7979,0,0
travel,37.554,901.0,765.602,765.602,fly,1.154,ok,2601,0,0,192.00,306028544,420319232,114090264,95883264,18123768,2904,7449760,22132800,958,7979,7979,0,0,0,0,0,0,0,0,0.065,0.106,0.000,0,0,0,7979,7979,0,0
travel,37.586,901.8,766.158,766.158,fly,1.025,ok,2601,0,0,192.00,306028544,420319232,114090264,95883264,18123768,2904,7449760,22132800,958,7979,7979,0,0,0,0,0,0,0,0,0.148,0.143,0.000,0,0,0,7979,7979,0,0
travel,37.619,902.6,766.718,766.718,fly,0.847,ok,2601,0,0,192.00,306028544,420319232,114090264,95883264,18123768,2904,7449760,22132800,958,7979,7979,0,0,0,0,0,0,0,0,0.061,0.067,0.000,0,0,0,7979,7979,0,0
travel,37.652,903.4,767.268,767.268,fly,1.044,ok,2601,0,0,192.00,306028544,420319232,114090264,95883264,18123768,2904,7449760,22132800,958,7979,7979,0,0,0,0,0,0,0,0,0.070,0.123,0.000,0,0,0,7979,7979,0,0
travel,37.685,904.2,767.836,767.836,fly,0.964,ok,2601,0,0,192.00,306028544,420319232,114090264,95883264,18123768,2904,7449760,22132800,958,7979,7979,0,0,0,0,0,0,0,0,0.069,0.111,0.000,0,0,0,7979,7979,0,0
travel,37.735,905.4,768.679,768.679,fly,1.209,ok,2601,0,0,192.00,307208192,423469056,114090264,95883264,18123768,2904,11174640,22132800,958,8080,8080,0,0,0,0,0,0,0,0,0.068,0.099,0.000,0,0,0,8080,8080,0,0
travel,37.773,906.3,769.324,769.324,fly,1.235,ok,2601,0,0,192.00,307208192,423469056,114090264,95883264,18123768,2904,11174640,22132800,958,8080,8080,0,0,0,0,0,0,0,0,0.070,0.113,0.000,0,0,0,8080,8080,0,0
travel,37.808,907.1,769.925,769.925,fly,0.828,ok,2601,0,0,192.00,307208192,423469056,114090264,95883264,18123768,2904,11174640,22132800,958,8080,8080,0,0,0,0,0,0,0,0,0.062,0.068,0.000,0,0,0,8080,8080,0,0
travel,37.840,907.9,770.464,770.464,fly,1.012,ok,2601,0,0,192.00,307208192,423469056,114090264,95883264,18123768,2904,7449760,22132800,958,8080,8080,0,0,0,0,0,0,0,0,0.067,0.098,0.000,0,0,0,8080,8080,0,0
travel,37.872,908.6,770.996,770.996,fly,0.833,ok,2601,0,0,192.00,307208192,423469056,114090264,95883264,18123768,2904,7449760,22132800,958,8080,8080,0,0,0,0,0,0,0,0,0.062,0.069,0.000,0,0,0,8080,8080,0,0
travel,37.903,909.4,771.534,771.534,fly,0.841,ok,2601,0,0,192.00,307208192,423469056,114090264,95883264,18123768,2904,7449760,22132800,958,8080,8080,0,0,0,0,0,0,0,0,0.063,0.075,0.000,0,0,0,8080,8080,0,0
travel,37.937,910.2,772.101,772.101,fly,0.911,ok,2601,0,0,192.00,307208192,423469056,114090264,95883264,18123768,2904,7449760,22132800,958,8080,8080,0,0,0,0,0,0,0,0,0.069,0.108,0.000,0,0,0,8080,8080,0,0
travel,37.970,911.0,772.666,772.666,fly,1.066,ok,2601,0,0,192.00,307208192,423469056,114090264,95883264,18123768,2904,7449760,22132800,958,8080,8080,0,0,0,0,0,0,0,0,0.071,0.270,0.000,0,0,0,8080,8080,0,0
travel,38.003,911.8,773.232,773.232,fly,0.930,ok,2601,0,0,192.00,307208192,423469056,114090264,95883264,18123768,2904,7449760,22132800,958,8080,8080,0,0,0,0,0,0,0,0,0.073,0.116,0.000,0,0,0,8080,8080,0,0
travel,38.036,912.6,773.778,773.778,fly,0.818,ok,2601,0,0,192.00,307208192,423469056,114090264,95883264,18123768,2904,7449760,22132800,958,8080,8080,0,0,0,0,0,0,0,0,0.062,0.065,0.000,0,0,0,8080,8080,0,0
travel,38.067,913.3,774.304,774.304,fly,1.103,ok,2601,0,0,192.00,307208192,423469056,114090264,95883264,18123768,2904,7449760,22132800,958,8080,8080,0,0,0,0,0,0,0,0,0.151,0.134,0.000,0,0,0,8080,8080,0,0
travel,38.100,914.1,774.871,774.871,fly,0.995,ok,2601,0,0,192.00,307208192,423469056,114090264,95883264,18123768,2904,7449760,22132800,958,8080,8080,0,0,0,0,0,0,0,0,0.151,0.072,0.000,0,0,0,8080,8080,0,0
travel,38.132,914.9,775.406,775.406,fly,0.856,ok,2601,0,0,192.00,307208192,423469056,114090264,95883264,18123768,2904,7449760,22132800,958,8080,8080,0,0,0,0,0,0,0,0,0.061,0.070,0.000,0,0,0,8080,8080,0,0
travel,38.163,915.6,775.948,775.948,fly,0.835,ok,2601,0,0,192.00,307208192,423469056,114090264,95883264,18123768,2904,7449760,22132800,958,8080,8080,0,0,0,0,0,0,0,0,0.060,0.066,0.000,0,0,0,8080,8080,0,0
travel,38.207,916.7,776.689,776.689,fly,0.890,ok,2601,0,0,192.00,308842496,425570304,114090264,95883264,18123768,2904,11174640,22132800,958,8181,8181,0,0,0,0,0,0,0,0,0.136,0.070,0.000,0,0,0,8181,8181,0,0
travel,38.240,917.5,777.249,777.249,fly,0.890,ok,2601,0,0,192.00,308842496,425570304,114090264,95883264,18123768,2904,11174640,22132800,958,8181,8181,0,0,0,0,0,0,0,0,0.066,0.072,0.000,0,0,0,8181,8181,0,0
travel,38.275,918.3,777.835,777.835,fly,0.987,ok,2601,0,0,192.00,308842496,425570304,114090264,95883264,18123768,2904,11174640,22132800,958,8181,8181,0,0,0,0,0,0,0,0,0.070,0.106,0.000,0,0,0,8181,8181,0,0
travel,38.305,919.0,778.355,778.355,fly,0.816,ok,2601,0,0,192.00,308842496,425570304,114090264,95883264,18123768,2904,7449760,22132800,958,8181,8181,0,0,0,0,0,0,0,0,0.062,0.067,0.000,0,0,0,8181,8181,0,0
travel,38.337,919.8,778.888,778.888,fly,0.936,ok,2601,0,0,192.00,308842496,425570304,114090264,95883264,18123768,2904,7449760,22132800,958,8181,8181,0,0,0,0,0,0,0,0,0.118,0.112,0.000,0,0,0,8181,8181,0,0
travel,38.370,920.6,779.445,779.445,fly,0.835,ok,2601,0,0,192.00,308842496,425570304,114090264,95883264,18123768,2904,7449760,22132800,958,8181,8181,0,0,0,0,0,0,0,0,0.062,0.068,0.000,0,0,0,8181,8181,0,0
travel,38.402,921.4,779.997,779.997,fly,1.129,ok,2601,0,0,192.00,308842496,425570304,114090264,95883264,18123768,2904,7449760,22132800,958,8181,8181,0,0,0,0,0,0,0,0,0.065,0.090,0.000,0,0,0,8181,8181,0,0
travel,38.433,922.1,780.520,780.520,fly,0.808,ok,2601,0,0,192.00,308842496,425570304,114090264,95883264,18123768,2904,7449760,22132800,958,8181,8181,0,0,0,0,0,0,0,0,0.062,0.066,0.000,0,0,0,8181,8181,0,0
travel,38.464,922.8,781.052,781.052,fly,1.210,ok,2601,0,0,192.00,308842496,425570304,114090264,95883264,18123768,2904,7449760,22132800,958,8181,8181,0,0,0,0,0,0,0,0,0.139,0.213,0.000,0,0,0,8181,8181,0,0
travel,38.497,923.6,781.609,781.609,fly,0.903,ok,2601,0,0,192.00,308842496,425570304,114090264,95883264,18123768,2904,7449760,22132800,958,8181,8181,0,0,0,0,0,0,0,0,0.131,0.065,0.000,0,0,0,8181,8181,0,0
travel,38.531,924.4,782.178,782.178,fly,0.829,ok,2601,0,0,192.00,308842496,425570304,114090264,95883264,18123768,2904,7449760,22132800,958,8181,8181,0,0,0,0,0,0,0,0,0.060,0.065,0.000,0,0,0,8181,8181,0,0
travel,38.562,925.2,782.711,782.711,fly,0.825,ok,2601,0,0,192.00,308842496,425570304,114090264,95883264,18123768,2904,7449760,22132800,958,8181,8181,0,0,0,0,0,0,0,0,0.061,0.067,0.000,0,0,0,8181,8181,0,0
travel,38.594,926.0,783.260,783.260,fly,0.860,ok,2601,0,0,192.00,308842496,425570304,114090264,95883264,18123768,2904,7449760,22132800,958,8181,8181,0,0,0,0,0,0,0,0,0.062,0.073,0.000,0,0,0,8181,8181,0,0
travel,38.626,926.7,783.799,783.799,fly,1.232,ok,2601,0,0,192.00,308842496,425570304,114090264,95883264,18123768,2904,7449760,22132800,958,8181,8181,0,0,0,0,0,0,0,0,0.066,0.100,0.000,0,0,0,8181,8181,0,0
travel,38.671,927.8,784.564,784.564,fly,0.930,ok,2601,0,0,192.00,310202368,427147264,114090264,95883264,18123768,2904,11174640,22132800,958,8282,8282,0,0,0,0,0,0,0,0,0.063,0.072,0.000,0,0,0,8282,8282,0,0
travel,38.704,928.6,785.122,785.122,fly,0.996,ok,2601,0,0,192.00,310202368,427147264,114090264,95883264,18123768,2904,11174640,22132800,958,8282,8282,0,0,0,0,0,0,0,0,0.140,0.077,0.000,0,0,0,8282,8282,0,0
travel,38.737,929.4,785.671,785.671,fly,1.113,ok,2601,0,0,192.00,310202368,427147264,114090264,95883264,18123768,2904,11174640,22132800,958,8282,8282,0,0,0,0,0,0,0,0,0.066,0.086,0.000,0,0,0,8282,8282,0,0
travel,38.770,930.2,786.234,786.234,fly,1.030,ok,2601,0,0,192.00,310202368,427147264,114090264,95883264,18123768,2904,7449760,22132800,958,8282,8282,0,0,0,0,0,0,0,0,0.075,0.136,0.000,0,0,0,8282,8282,0,0
travel,38.802,931.0,786.784,786.784,fly,0.912,ok,2601,0,0,192.00,310202368,427147264,114090264,95883264,18123768,2904,7449760,22132800,958,8282,8282,0,0,0,0,0,0,0,0,0.065,0.109,0.000,0,0,0,8282,8282,0,0
travel,38.834,931.7,787.326,787.326,fly,1.092,ok,2601,0,0,192.00,310202368,427147264,114090264,95883264,18123768,2904,7449760,22132800,958,8282,8282,0,0,0,0,0,0,0,0,0.071,0.113,0.000,0,0,0,8282,8282,0,0
travel,38.868,932.5,787.900,787.900,fly,0.939,ok,2601,0,0,192.00,310202368,427147264,114090264,95883264,18123768,2904,7449760,22132800,958,8282,8282,0,0,0,0,0,0,0,0,0.065,0.083,0.000,0,0,0,8282,8282,0,0
travel,38.900,933.3,788.445,788.445,fly,0.812,ok,2601,0,0,192.00,310202368,427147264,114090264,95883264,18123768,2904,7449760,22132800,958,8282,8282,0,0,0,0,0,0,0,0,0.061,0.067,0.000,0,0,0,8282,8282,0,0
travel,38.931,934.0,788.962,788.962,fly,0.800,ok,2601,0,0,192.00,310202368,427147264,114090264,95883264,18123768,2904,7449760,22132800,958,8282,8282,0,0,0,0,0,0,0,0,0.062,0.062,0.000,0,0,0,8282,8282,0,0
travel,38.963,934.8,789.517,789.517,fly,0.945,ok,2601,0,0,192.00,310202368,427147264,114090264,95883264,18123768,2904,7449760,22132800,958,8282,8282,0,0,0,0,0,0,0,0,0.138,0.073,0.000,0,0,0,8282,8282,0,0
travel,38.996,935.6,790.067,790.067,fly,0.801,ok,2601,0,0,192.00,310202368,427147264,114090264,95883264,18123768,2904,7449760,22132800,958,8282,8282,0,0,0,0,0,0,0,0,0.060,0.066,0.000,0,0,0,8282,8282,0,0
travel,39.026,936.3,790.587,790.587,fly,1.428,ok,2601,0,0,192.00,310202368,427147264,114090264,95883264,18123768,2904,7449760,22132800,958,8282,8282,0,0,0,0,0,0,0,0,0.150,0.162,0.000,0,0,0,8282,8282,0,0
travel,39.059,937.1,791.134,791.134,fly,0.943,ok,2601,0,0,192.00,310202368,427147264,114090264,95883264,18123768,2904,7449760,22132800,958,8282,8282,0,0,0,0,0,0,0,0,0.064,0.083,0.000,0,0,0,8282,8282,0,0
travel,39.092,937.9,791.696,791.696,fly,0.844,ok,2601,0,0,192.00,310202368,427147264,114090264,95883264,18123768,2904,7449760,22132800,958,8282,8282,0,0,0,0,0,0,0,0,0.061,0.069,0.000,0,0,0,8282,8282,0,0
travel,39.139,939.0,792.500,792.500,fly,0.826,ok,2601,0,0,192.00,311566336,430301184,114090264,95883264,18123768,2904,11174640,22132800,958,8383,8383,0,0,0,0,0,0,0,0,0.062,0.068,0.000,0,0,0,8383,8383,0,0
travel,39.173,939.9,793.077,793.077,fly,0.863,ok,2601,0,0,192.00,311566336,430301184,114090264,95883264,18123768,2904,11174640,22132800,958,8383,8383,0,0,0,0,0,0,0,0,0.062,0.068,0.000,0,0,0,8383,8383,0,0
travel,39.206,940.6,793.638,793.638,fly,0.824,ok,2601,0,0,192.00,311566336,430301184,114090264,95883264,18123768,2904,11174640,22132800,958,8383,8383,0,0,0,0,0,0,0,0,0.062,0.068,0.000,0,0,0,8383,8383,0,0
travel,39.239,941.4,794.199,794.199,fly,1.115,ok,2601,0,0,192.00,311566336,430301184,114090264,95883264,18123768,2904,7449760,22132800,958,8383,8383,0,0,0,0,0,0,0,0,0.066,0.090,0.000,0,0,0,8383,8383,0,0
travel,39.271,942.2,794.741,794.741,fly,0.821,ok,2601,0,0,192.00,311566336,430301184,114090264,95883264,18123768,2904,7449760,22132800,958,8383,8383,0,0,0,0,0,0,0,0,0.062,0.066,0.000,0,0,0,8383,8383,0,0
travel,39.303,943.0,795.287,795.287,fly,0.884,ok,2601,0,0,192.00,311566336,430301184,114090264,95883264,18123768,2904,7449760,22132800,958,8383,8383,0,0,0,0,0,0,0,0,0.141,0.065,0.000,0,0,0,8383,8383,0,0
travel,39.337,943.8,795.854,795.854,fly,0.829,ok,2601,0,0,192.00,311566336,430301184,114090264,95883264,18123768,2904,7449760,22132800,958,8383,8383,0,0,0,0,0,0,0,0,0.064,0.066,0.000,0,0,0,8383,8383,0,0
travel,39.369,944.5,796.392,796.392,fly,0.821,ok,2601,0,0,192.00,311566336,430301184,114090264,95883264,18123768,2904,7449760,22132800,958,8383,8383,0,0,0,0,0,0,0,0,0.062,0.066,0.000,0,0,0,8383,8383,0,0
travel,39.401,945.3,796.940,796.940,fly,0.939,ok,2601,0,0,192.00,311566336,430301184,114090264,95883264,18123768,2904,7449760,22132800,958,8383,8383,0,0,0,0,0,0,0,0,0.069,0.108,0.000,0,0,0,8383,8383,0,0
travel,39.434,946.1,797.496,797.496,fly,1.220,ok,2601,0,0,192.00,311566336,430301184,114090264,95883264,18123768,2904,7449760,22132800,958,8383,8383,0,0,0,0,0,0,0,0,0.147,0.257,0.000,0,0,0,8383,8383,0,0
travel,39.466,946.9,798.047,798.047,fly,0.824,ok,2601,0,0,192.00,311566336,430301184,114090264,95883264,18123768,2904,7449760,22132800,958,8383,8383,0,0,0,0,0,0,0,0,0.062,0.066,0.000,0,0,0,8383,8383,0,0
travel,39.499,947.7,798.609,798.609,fly,0.834,ok,2601,0,0,192.00,311566336,430301184,114090264,95883264,18123768,2904,7449760,22132800,958,8383,8383,0,0,0,0,0,0,0,0,0.060,0.065,0.000,0,0,0,8383,8383,0,0
travel,39.532,948.5,799.168,799.168,fly,0.839,ok,2601,0,0,192.00,311566336,430301184,114090264,95883264,18123768,2904,7449760,22132800,958,8383,8383,0,0,0,0,0,0,0,0,0.061,0.070,0.000,0,0,0,8383,8383,0,0
travel,39.564,949.2,799.715,799.715,fly,0.925,ok,2601,0,0,192.00,311566336,430301184,114090264,95883264,18123768,2904,7449760,22132800,958,8383,8383,0,0,0,0,0,0,0,0,0.062,0.083,0.000,0,0,0,8383,8383,0,0
travel,39.615,950.5,800.581,800.581,fly,1.207,ok,2601,0,0,192.00,312958976,431874048,114090264,95883264,18123768,2904,11174640,22132800,958,8484,8484,0,0,0,0,0,0,0,0,0.067,0.159,0.000,0,0,0,8484,8484,0,0
travel,39.657,951.5,801.284,801.284,fly,1.196,ok,2601,0,0,192.00,312958976,431874048,114090264,95883264,18123768,2904,11174640,22132800,958,8484,8484,0,0,0,0,0,0,0,0,0.067,0.097,0.000,0,0,0,8484,8484,0,0
travel,39.694,952.4,801.917,801.917,fly,1.157,ok,2601,0,0,192.00,312958976,431874048,114090264,95883264,18123768,2904,11174640,22132800,958,8484,8484,0,0,0,0,0,0,0,0,0.080,0.141,0.000,0,0,0,8484,8484,0,0
travel,39.728,953.2,802.487,802.487,fly,0.907,ok,2601,0,0,192.00,312958976,431874048,114090264,95883264,18123768,2904,7449760,22132800,958,8484,8484,0,0,0,0,0,0,0,0,0.132,0.067,0.000,0,0,0,8484,8484,0,0
travel,39.761,954.0,803.058,803.058,fly,1.183,ok,2601,0,0,192.00,312958976,431874048,114090264,95883264,18123768,2904,7449760,22132800,958,8484,8484,0,0,0,0,0,0,0,0,0.238,0.110,0.000,0,0,0,8484,8484,0,0
travel,39.793,954.7,803.598,803.598,fly,0.824,ok,2601,0,0,192.00,312958976,431874048,114090264,95883264,18123768,2904,7449760,22132800,958,8484,8484,0,0,0,0,0,0,0,0,0.062,0.067,0.000,0,0,0,8484,8484,0,0
travel,39.826,955.5,804.151,804.151,fly,0.807,ok,2601,0,0,192.00,312958976,431874048,114090264,95883264,18123768,2904,7449760,22132800,958,8484,8484,0,0,0,0,0,0,0,0,0.061,0.066,0.000,0,0,0,8484,8484,0,0
travel,39.859,956.3,804.715,804.715,fly,0.843,ok,2601,0,0,192.00,312958976,431874048,114090264,95883264,18123768,2904,7449760,22132800,958,8484,8484,0,0,0,0,0,0,0,0,0.061,0.071,0.000,0,0,0,8484,8484,0,0
travel,39.892,957.1,805.273,805.273,fly,1.153,ok,2601,0,0,192.00,312958976,431874048,114090264,95883264,18123768,2904,7449760,22132800,958,8484,8484,0,0,0,0,0,0,0,0,0.140,0.133,0.000,0,0,0,8484,8484,0,0
travel,39.924,957.9,805.821,805.821,fly,1.164,ok,2601,0,0,192.00,312958976,431874048,114090264,95883264,18123768,2904,7449760,22132800,958,8484,8484,0,0,0,0,0,0,0,0,0.187,0.143,0.000,0,0,0,8484,8484,0,0
travel,39.956,958.6,806.367,806.367,fly,0.826,ok,2601,0,0,192.00,312958976,431874048,114090264,95883264,18123768,2904,7449760,22132800,958,8484,8484,0,0,0,0,0,0,0,0,0.060,0.068,0.000,0,0,0,8484,8484,0,0
travel,39.989,959.4,806.925,806.925,fly,0.850,ok,2601,0,0,192.00,312958976,431874048,114090264,95883264,18123768,2904,7449760,22132800,958,8484,8484,0,0,0,0,0,0,0,0,0.061,0.071,0.000,0,0,0,8484,8484,0,0
travel,40.020,960.2,807.454,807.454,fly,1.597,ok,2601,0,0,192.00,312958976,431874048,114090264,95883264,18123768,2904,7449760,22132800,958,8484,8484,0,0,0,0,0,0,0,0,0.483,0.152,0.000,0,0,0,8484,8484,0,0
travel,40.053,961.0,807.999,807.999,fly,0.824,ok,2601,0,0,192.00,312958976,431874048,114090264,95883264,18123768,2904,7449760,22132800,958,8484,8484,0,0,0,0,0,0,0,0,0.061,0.067,0.000,0,0,0,8484,8484,0,0
travel,40.097,962.0,808.754,808.754,fly,0.820,ok,2601,0,0,192.00,313524224,432926720,114090264,95883264,18123768,2904,11174640,22132800,958,8585,8585,0,0,0,0,0,0,0,0,0.061,0.064,0.000,0,0,0,8585,8585,0,0
travel,40.131,962.8,809.324,809.324,fly,1.021,ok,2601,0,0,192.00,313524224,432926720,114090264,95883264,18123768,2904,11174640,22132800,958,8585,8585,0,0,0,0,0,0,0,0,0.064,0.075,0.000,0,0,0,8585,8585,0,0
travel,40.163,963.6,809.872,809.872,fly,1.148,ok,2601,0,0,192.00,313524224,432926720,114090264,95883264,18123768,2904,11174640,22132800,958,8585,8585,0,0,0,0,0,0,0,0,0.072,0.126,0.000,0,0,0,8585,8585,0,0
travel,40.196,964.4,810.435,810.435,fly,1.233,ok,2601,0,0,192.00,313524224,432926720,114090264,95883264,18123768,2904,7449760,22132800,958,8585,8585,0,0,0,0,0,0,0,0,0.221,0.142,0.000,0,0,0,8585,8585,0,0
travel,40.229,965.2,810.990,810.990,fly,0.880,ok,2601,0,0,192.00,313524224,432926720,114090264,95883264,18123768,2904,7449760,22132800,958,8585,8585,0,0,0,0,0,0,0,0,0.063,0.078,0.000,0,0,0,8585,8585,0,0
travel,40.260,965.9,811.520,811.520,fly,0.817,ok,2601,0,0,192.00,313524224,432926720,114090264,95883264,18123768,2904,7449760,22132800,958,8585,8585,0,0,0,0,0,0,0,0,0.064,0.064,0.000,0,0,0,8585,8585,0,0
travel,40.292,966.7,812.061,812.061,fly,1.068,ok,2601,0,0,192.00,313524224,432926720,114090264,95883264,18123768,2904,7449760,22132800,958,8585,8585,0,0,0,0,0,0,0,0,0.064,0.080,0.000,0,0,0,8585,8585,0,0
travel,40.323,967.4,812.586,812.586,fly,0.907,ok,2601,0,0,192.00,313524224,432926720,114090264,95883264,18123768,2904,7449760,22132800,958,8585,8585,0,0,0,0,0,0,0,0,0.064,0.077,0.000,0,0,0,8585,8585,0,0
travel,40.356,968.2,813.148,813.148,fly,1.034,ok,2601,0,0,192.00,313524224,432926720,114090264,95883264,18123768,2904,7449760,22132800,958,8585,8585,0,0,0,0,0,0,0,0,0.139,0.112,0.000,0,0,0,8585,8585,0,0
travel,40.389,969.0,813.701,813.701,fly,1.206,ok,2601,0,0,192.00,313524224,432926720,114090264,95883264,18123768,2904,7449760,22132800,958,8585,8585,0,0,0,0,0,0,0,0,0.071,0.160,0.000,0,0,0,8585,8585,0,0
travel,40.420,969.8,814.240,814.240,fly,0.817,ok,2601,0,0,192.00,313524224,432926720,114090264,95883264,18123768,2904,7449760,22132800,958,8585,8585,0,0,0,0,0,0,0,0,0.062,0.065,0.000,0,0,0,8585,8585,0,0
travel,40.455,970.6,814.826,814.826,fly,0.831,ok,2601,0,0,192.00,313524224,432926720,114090264,95883264,18123768,2904,7449760,22132800,958,8585,8585,0,0,0,0,0,0,0,0,0.060,0.070,0.000,0,0,0,8585,8585,0,0
travel,40.487,971.4,815.370,815.370,fly,1.192,ok,2601,0,0,192.00,313524224,432926720,114090264,95883264,18123768,2904,7449760,22132800,958,8585,8585,0,0,0,0,0,0,0,0,0.072,0.134,0.000,0,0,0,8585,8585,0,0
travel,40.520,972.2,815.930,815.930,fly,1.034,ok,2601,0,0,192.00,313524224,432926720,114090264,95883264,18123768,2904,7449760,22132800,958,8585,8585,0,0,0,0,0,0,0,0,0.135,0.152,0.000,0,0,0,8585,8585,0,0
travel,40.569,973.3,816.760,816.760,fly,1.310,ok,2601,0,0,192.00,314441728,433451008,114090264,95883264,18123768,2904,11174640,22132800,958,8686,8686,0,0,0,0,0,0,0,0,0.146,0.143,0.000,0,0,0,8686,8686,0,0
travel,40.605,974.2,817.371,817.371,fly,1.019,ok,2601,0,0,192.00,314441728,433451008,114090264,95883264,18123768,2904,11174640,22132800,958,8686,8686,0,0,0,0,0,0,0,0,0.139,0.142,0.000,0,0,0,8686,8686,0,0
travel,40.637,975.0,817.910,817.910,fly,1.866,ok,2601,0,0,192.00,314441728,433451008,114090264,95883264,18123768,2904,11174640,22132800,958,8686,8686,0,0,0,0,0,0,0,0,0.750,0.110,0.000,0,0,0,8686,8686,0,0
travel,40.670,975.8,818.481,818.481,fly,1.017,ok,2601,0,0,192.00,314441728,433451008,114090264,95883264,18123768,2904,7449760,22132800,958,8686,8686,0,0,0,0,0,0,0,0,0.073,0.167,0.000,0,0,0,8686,8686,0,0
travel,40.704,976.6,819.053,819.053,fly,0.819,ok,2601,0,0,192.00,314441728,433451008,114090264,95883264,18123768,2904,7449760,22132800,958,8686,8686,0,0,0,0,0,0,0,0,0.062,0.066,0.000,0,0,0,8686,8686,0,0
travel,40.739,977.4,819.638,819.638,fly,0.999,ok,2601,0,0,192.00,314441728,433451008,114090264,95883264,18123768,2904,7449760,22132800,958,8686,8686,0,0,0,0,0,0,0,0,0.071,0.109,0.000,0,0,0,8686,8686,0,0
travel,40.771,978.2,820.179,820.179,fly,0.895,ok,2601,0,0,192.00,314441728,433451008,114090264,95883264,18123768,2904,7449760,22132800,958,8686,8686,0,0,0,0,0,0,0,0,0.069,0.087,0.000,0,0,0,8686,8686,0,0
travel,40.802,978.9,820.711,820.711,fly,0.999,ok,2601,0,0,192.00,314441728,433451008,114090264,95883264,18123768,2904,7449760,22132800,958,8686,8686,0,0,0,0,0,0,0,0,0.071,0.150,0.000,0,0,0,8686,8686,0,0
travel,40.833,979.7,821.236,821.236,fly,0.800,ok,2601,0,0,192.00,314441728,433451008,114090264,95883264,18123768,2904,7449760,22132800,958,8686,8686,0,0,0,0,0,0,0,0,0.061,0.063,0.000,0,0,0,8686,8686,0,0
travel,40.865,980.5,821.787,821.787,fly,0.802,ok,2601,0,0,192.00,314441728,433451008,114090264,95883264,18123768,2904,7449760,22132800,958,8686,8686,0,0,0,0,0,0,0,0,0.061,0.063,0.000,0,0,0,8686,8686,0,0
travel,40.898,981.2,822.339,822.339,fly,0.952,ok,2601,0,0,192.00,314441728,433451008,114090264,95883264,18123768,2904,7449760,22132800,958,8686,8686,0,0,0,0,0,0,0,0,0.069,0.110,0.000,0,0,0,8686,8686,0,0
travel,40.932,982.1,822.920,822.920,fly,1.272,ok,2601,0,0,192.00,314441728,433451008,114090264,95883264,18123768,2904,7449760,22132800,958,8686,8686,0,0,0,0,0,0,0,0,0.071,0.149,0.000,0,0,0,8686,8686,0,0
travel,40.965,982.9,823.482,823.482,fly,0.840,ok,2601,0,0,192.00,314441728,433451008,114090264,95883264,18123768,2904,7449760,22132800,958,8686,8686,0,0,0,0,0,0,0,0,0.062,0.071,0.000,0,0,0,8686,8686,0,0
travel,41.006,983.8,824.173,824.173,fly,3.807,ok,2580,21,66,192.00,314552320,433451008,113169120,95109120,17977440,2904,11174640,19785288,958,8766,8787,23,0,78,23,23,0,0,0,0.078,0.131,0.000,0,0,0,8766,8766,0,0
travel,41.044,984.7,824.821,824.821,fly,1.035,ok,2601,0,0,192.00,315006976,434503680,114090264,95883264,18123768,2904,11174640,22132800,958,8787,8787,0,0,0,0,0,0,0,0,0.068,0.119,0.000,0,0,0,8787,8787,0,0
travel,41.077,985.5,825.373,825.373,fly,0.840,ok,2601,0,0,192.00,315006976,434503680,114090264,95883264,18123768,2904,11174640,22132800,958,8787,8787,0,0,0,0,0,0,0,0,0.062,0.067,0.000,0,0,0,8787,8787,0,0
travel,41.108,986.3,825.908,825.908,fly,1.213,ok,2601,0,0,192.00,315006976,434503680,114090264,95883264,18123768,2904,11174640,22132800,958,8787,8787,0,0,0,0,0,0,0,0,0.150,0.120,0.000,0,0,0,8787,8787,0,0
travel,41.155,987.4,826.695,826.695,fly,0.934,ok,2601,0,0,192.00,315006976,434503680,114090264,95883264,18123768,2904,7449760,22132800,958,8787,8787,0,0,0,0,0,0,0,0,0.074,0.118,0.000,0,0,0,8787,8787,0,0
travel,41.188,988.2,827.264,827.264,fly,0.826,ok,2601,0,0,192.00,315006976,434503680,114090264,95883264,18123768,2904,7449760,22132800,958,8787,8787,0,0,0,0,0,0,0,0,0.061,0.065,0.000,0,0,0,8787,8787,0,0
travel,41.225,989.1,827.896,827.896,fly,1.519,ok,2601,0,0,192.00,315006976,434503680,114090264,95883264,18123768,2904,7449760,22132800,958,8787,8787,0,0,0,0,0,0,0,0,0.075,0.348,0.000,0,0,0,8787,8787,0,0
travel,41.261,989.9,828.496,828.496,fly,1.124,ok,2601,0,0,192.00,315006976,434503680,114090264,95883264,18123768,2904,7449760,22132800,958,8787,8787,0,0,0,0,0,0,0,0,0.173,0.122,0.000,0,0,0,8787,8787,0,0
travel,41.297,990.8,829.103,829.103,fly,0.897,ok,2601,0,0,192.00,315006976,434503680,114090264,95883264,18123768,2904,7449760,22132800,958,8787,8787,0,0,0,0,0,0,0,0,0.139,0.065,0.000,0,0,0,8787,8787,0,0
travel,41.328,991.6,829.641,829.641,fly,1.022,ok,2601,0,0,192.00,315006976,434503680,114090264,95883264,18123768,2904,7449760,22132800,958,8787,8787,0,0,0,0,0,0,0,0,0.074,0.113,0.000,0,0,0,8787,8787,0,0
travel,41.359,992.3,830.170,830.170,fly,0.825,ok,2601,0,0,192.00,315006976,434503680,114090264,95883264,18123768,2904,7449760,22132800,958,8787,8787,0,0,0,0,0,0,0,0,0.060,0.064,0.000,0,0,0,8787,8787,0,0
travel,41.392,993.1,830.715,830.715,fly,1.081,ok,2601,0,0,192.00,315006976,434503680,114090264,95883264,18123768,2904,7449760,22132800,958,8787,8787,0,0,0,0,0,0,0,0,0.197,0.110,0.000,0,0,0,8787,8787,0,0
travel,41.424,993.9,831.272,831.272,fly,0.875,ok,2601,0,0,192.00,315006976,434503680,114090264,95883264,18123768,2904,7449760,22132800,958,8787,8787,0,0,0,0,0,0,0,0,0.063,0.076,0.000,0,0,0,8787,8787,0,0
travel,41.455,994.6,831.792,831.792,fly,0.813,ok,2601,0,0,192.00,315006976,434503680,114090264,95883264,18123768,2904,7449760,22132800,958,8787,8787,0,0,0,0,0,0,0,0,0.060,0.064,0.000,0,0,0,8787,8787,0,0
travel,41.500,995.7,832.552,832.552,fly,0.848,ok,2601,0,0,192.00,315629568,436604928,114090264,95883264,18123768,2904,11174640,22132800,958,8888,8888,0,0,0,0,0,0,0,0,0.069,0.071,0.000,0,0,0,8888,8888,0,0
travel,41.532,996.5,833.103,833.103,fly,1.015,ok,2601,0,0,192.00,315629568,436604928,114090264,95883264,18123768,2904,11174640,22132800,958,8888,8888,0,0,0,0,0,0,0,0,0.136,0.161,0.000,0,0,0,8888,8888,0,0
travel,41.564,997.2,833.642,833.642,fly,0.825,ok,2601,0,0,192.00,315629568,436604928,114090264,95883264,18123768,2904,11174640,22132800,958,8888,8888,0,0,0,0,0,0,0,0,0.061,0.068,0.000,0,0,0,8888,8888,0,0
travel,41.595,998.0,834.171,834.171,fly,1.113,ok,2601,0,0,192.00,315629568,436604928,114090264,95883264,18123768,2904,7449760,22132800,958,8888,8888,0,0,0,0,0,0,0,0,0.067,0.115,0.001,0,0,0,8888,8888,0,0
travel,41.627,998.7,834.702,834.702,fly,0.954,ok,2601,0,0,192.00,315695104,436604928,114090264,95883264,18123768,2904,7449760,22132800,958,8888,8888,0,0,0,0,0,0,0,0,0.071,0.129,0.000,0,0,0,8888,8888,0,0
travel,41.659,999.5,835.250,835.250,fly,0.892,ok,2601,0,0,192.00,315695104,436604928,114090264,95883264,18123768,2904,7449760,22132800,958,8888,8888,0,0,0,0,0,0,0,0,0.136,0.065,0.000,0,0,0,8888,8888,0,0
drain,41.681,1000.0,835.618,835.618,fly,3.309,ok,2601,0,405,192.00,303194112,427139072,0,0,0,0,0,0,0,8888,8888,0,0,0,0,0,0,0,0,0.161,0.132,0.000,0,0,0,8888,8888,0,0
travel,41.691,1000.3,835.793,835.793,fly,0.870,ok,2601,0,0,192.00,303427584,427339776,114090264,95883264,18123768,2601,0,22132800,958,8888,8888,0,0,0,0,0,0,0,0,0.061,0.067,0.000,0,0,0,8888,8888,0,0
travel,41.723,1001.0,836.334,836.334,fly,0.982,ok,2601,0,0,192.00,303427584,427339776,114090264,95883264,18123768,2601,0,22132800,958,8888,8888,0,0,0,0,0,0,0,0,0.172,0.068,0.000,0,0,0,8888,8888,0,0
travel,41.756,1001.8,836.897,836.897,fly,0.863,ok,2601,0,0,192.00,303427584,427339776,114090264,95883264,18123768,2601,0,22132800,958,8888,8888,0,0,0,0,0,0,0,0,0.059,0.064,0.000,0,0,0,8888,8888,0,0
travel,41.786,1002.6,837.413,837.413,fly,1.059,ok,2601,0,0,192.00,303427584,427339776,114090264,95883264,18123768,2601,0,22132800,958,8888,8888,0,0,0,0,0,0,0,0,0.067,0.176,0.000,0,0,0,8888,8888,0,0
travel,41.818,1003.3,837.948,837.948,fly,1.081,ok,2601,0,0,192.00,303427584,427339776,114090264,95883264,18123768,2601,0,22132800,958,8888,8888,0,0,0,0,0,0,0,0,0.141,0.112,0.000,0,0,0,8888,8888,0,0
travel,41.850,1004.1,838.496,838.496,fly,0.938,ok,2601,0,0,192.00,303427584,427339776,114090264,95883264,18123768,2601,0,22132800,958,8888,8888,0,0,0,0,0,0,0,0,0.133,0.065,0.000,0,0,0,8888,8888,0,0
travel,41.883,1004.9,839.058,839.058,fly,0.919,ok,2601,0,0,192.00,303427584,427339776,114090264,95883264,18123768,2601,0,22132800,958,8888,8888,0,0,0,0,0,0,0,0,0.060,0.070,0.000,0,0,0,8888,8888,0,0
travel,41.915,1005.6,839.602,839.602,fly,0.857,ok,2601,0,0,192.00,303427584,427339776,114090264,95883264,18123768,2601,0,22132800,958,8888,8888,0,0,0,0,0,0,0,0,0.060,0.067,0.000,0,0,0,8888,8888,0,0
travel,41.957,1006.7,840.315,840.315,fly,1.876,ok,2601,0,0,192.00,303443968,427339776,114090264,95883264,18123768,2702,3724880,22132800,958,8989,8989,0,0,6,0,0,0,0,0,0.151,0.186,0.000,0,0,0,8989,8989,0,0
travel,41.989,1007.4,840.855,840.855,fly,0.882,ok,2601,0,0,192.00,303443968,427339776,114090264,95883264,18123768,2702,3724880,22132800,958,8989,8989,0,0,0,0,0,0,0,0,0.062,0.066,0.000,0,0,0,8989,8989,0,0
travel,42.020,1008.2,841.382,841.382,fly,1.035,ok,2601,0,0,192.00,303443968,427339776,114090264,95883264,18123768,2702,3724880,22132800,958,8989,8989,0,0,0,0,0,0,0,0,0.071,0.135,0.000,0,0,0,8989,8989,0,0
travel,42.053,1008.9,841.933,841.933,fly,0.851,ok,2601,0,0,192.00,303443968,427339776,114090264,95883264,18123768,2702,3724880,22132800,958,8989,8989,0,0,0,0,0,0,0,0,0.061,0.068,0.000,0,0,0,8989,8989,0,0
travel,42.083,1009.7,842.448,842.448,fly,0.914,ok,2601,0,0,192.00,303443968,427339776,114090264,95883264,18123768,2702,3724880,22132800,958,8989,8989,0,0,0,0,0,0,0,0,0.131,0.063,0.000,0,0,0,8989,8989,0,0
travel,42.115,1010.4,842.986,842.986,fly,0.841,ok,2601,0,0,192.00,303443968,427339776,114090264,95883264,18123768,2702,3724880,22132800,958,8989,8989,0,0,0,0,0,0,0,0,0.061,0.064,0.000,0,0,0,8989,8989,0,0
travel,42.147,1011.2,843.530,843.530,fly,0.954,ok,2601,0,0,192.00,303443968,427339776,114090264,95883264,18123768,2702,3724880,22132800,958,8989,8989,0,0,0,0,0,0,0,0,0.064,0.086,0.000,0,0,0,8989,8989,0,0
travel,42.178,1011.9,844.054,844.054,fly,0.900,ok,2601,0,0,192.00,303443968,427339776,114090264,95883264,18123768,2702,3724880,22132800,958,8989,8989,0,0,0,0,0,0,0,0,0.060,0.120,0.000,0,0,0,8989,8989,0,0
travel,42.211,1012.7,844.611,844.611,fly,0.915,ok,2601,0,0,192.00,303443968,427339776,114090264,95883264,18123768,2702,3724880,22132800,958,8989,8989,0,0,0,0,0,0,0,0,0.071,0.107,0.000,0,0,0,8989,8989,0,0
travel,42.241,1013.5,845.127,845.127,fly,0.841,ok,2601,0,0,192.00,303443968,427339776,114090264,95883264,18123768,2702,3724880,22132800,958,8989,8989,0,0,0,0,0,0,0,0,0.061,0.063,0.000,0,0,0,8989,8989,0,0
travel,42.273,1014.2,845.677,845.677,fly,0.847,ok,2601,0,0,192.00,303443968,427339776,114090264,95883264,18123768,2702,3724880,22132800,958,8989,8989,0,0,0,0,0,0,0,0,0.061,0.064,0.000,0,0,0,8989,8989,0,0
travel,42.305,1015.0,846.219,846.219,fly,1.411,ok,2601,0,0,192.00,303443968,427339776,114090264,95883264,18123768,2702,3724880,22132800,958,8989,8989,0,0,0,0,0,0,0,0,0.143,0.113,0.000,0,0,0,8989,8989,0,0
travel,42.337,1015.8,846.751,846.751,fly,0.852,ok,2601,0,0,192.00,303443968,427339776,114090264,95883264,18123768,2702,3724880,22132800,958,8989,8989,0,0,0,0,0,0,0,0,0.059,0.063,0.000,0,0,0,8989,8989,0,0
travel,42.368,1016.5,847.274,847.274,fly,1.014,ok,2601,0,0,192.00,303443968,427339776,114090264,95883264,18123768,2702,3724880,22132800,958,8989,8989,0,0,0,0,0,0,0,0,0.061,0.066,0.000,0,0,0,8989,8989,0,0
travel,42.399,1017.3,847.811,847.811,fly,0.860,ok,2601,0,0,192.00,303443968,427339776,114090264,95883264,18123768,2702,3724880,22132800,958,8989,8989,0,0,0,0,0,0,0,0,0.060,0.070,0.000,0,0,0,8989,8989,0,0
travel,42.444,1018.3,848.572,848.572,fly,0.902,ok,2601,0,0,192.00,303448064,427339776,114090264,95883264,18123768,2803,7449760,22132800,958,9090,9090,0,0,0,0,0,0,0,0,0.137,0.060,0.000,0,0,0,9090,9090,0,0
travel,42.477,1019.1,849.124,849.124,fly,0.853,ok,2601,0,0,192.00,303448064,427339776,114090264,95883264,18123768,2803,7449760,22132800,958,9090,9090,0,0,0,0,0,0,0,0,0.061,0.065,0.000,0,0,0,9090,9090,0,0
travel,42.509,1019.9,849.672,849.672,fly,0.858,ok,2601,0,0,192.00,303448064,427339776,114090264,95883264,18123768,2803,7449760,22132800,958,9090,9090,0,0,0,0,0,0,0,0,0.060,0.069,0.000,0,0,0,9090,9090,0,0
travel,42.540,1020.6,850.190,850.190,fly,0.890,ok,2601,0,0,192.00,303448064,427339776,114090264,95883264,18123768,2803,7449760,22132800,958,9090,9090,0,0,0,0,0,0,0,0,0.066,0.084,0.000,0,0,0,9090,9090,0,0
travel,42.571,1021.4,850.718,850.718,fly,0.905,ok,2601,0,0,192.00,303448064,427339776,114090264,95883264,18123768,2803,7449760,22132800,958,9090,9090,0,0,0,0,0,0,0,0,0.131,0.063,0.000,0,0,0,9090,9090,0,0
travel,42.603,1022.1,851.262,851.262,fly,0.831,ok,2601,0,0,192.00,303448064,427339776,114090264,95883264,18123768,2803,7449760,22132800,958,9090,9090,0,0,0,0,0,0,0,0,0.060,0.067,0.000,0,0,0,9090,9090,0,0
travel,42.636,1022.9,851.820,851.820,fly,0.924,ok,2601,0,0,192.00,303448064,427339776,114090264,95883264,18123768,2803,7449760,22132800,958,9090,9090,0,0,0,0,0,0,0,0,0.061,0.076,0.000,0,0,0,9090,9090,0,0
travel,42.666,1023.7,852.340,852.340,fly,1.055,ok,2601,0,0,192.00,303448064,427339776,114090264,95883264,18123768,2803,7449760,22132800,958,9090,9090,0,0,0,0,0,0,0,0,0.131,0.078,0.000,0,0,0,9090,9090,0,0
travel,42.698,1024.4,852.874,852.874,fly,1.544,ok,2601,0,0,192.00,303448064,427339776,114090264,95883264,18123768,2803,7449760,22132800,958,9090,9090,0,0,0,0,0,0,0,0,0.598,0.109,0.000,0,0,0,9090,9090,0,0
travel,42.731,1025.2,853.433,853.433,fly,1.130,ok,2601,0,0,192.00,303448064,427339776,114090264,95883264,18123768,2803,7449760,22132800,958,9090,9090,0,0,0,0,0,0,0,0,0.074,0.294,0.000,0,0,0,9090,9090,0,0
travel,42.763,1026.0,853.976,853.976,fly,0.832,ok,2601,0,0,192.00,303448064,427339776,114090264,95883264,18123768,2803,7449760,22132800,958,9090,9090,0,0,0,0,0,0,0,0,0.060,0.064,0.000,0,0,0,9090,9090,0,0
travel,42.794,1026.7,854.510,854.510,fly,0.945,ok,2601,0,0,192.00,303448064,427339776,114090264,95883264,18123768,2803,7449760,22132800,958,9090,9090,0,0,0,0,0,0,0,0,0.072,0.111,0.000,0,0,0,9090,9090,0,0
travel,42.826,1027.5,855.053,855.053,fly,0.957,ok,2601,0,0,192.00,303448064,427339776,114090264,95883264,18123768,2803,7449760,22132800,958,9090,9090,0,0,0,0,0,0,0,0,0.140,0.066,0.000,0,0,0,9090,9090,0,0
travel,42.858,1028.3,855.600,855.600,fly,1.159,ok,2601,0,0,192.00,303448064,427339776,114090264,95883264,18123768,2803,7449760,22132800,958,9090,9090,0,0,0,0,0,0,0,0,0.069,0.143,0.000,0,0,0,9090,9090,0,0
travel,42.908,1029.5,856.444,856.444,fly,0.825,ok,2601,0,0,192.00,303448064,427339776,114090264,95883264,18123768,2904,11174640,22132800,958,9191,9191,0,0,0,0,0,0,0,0,0.061,0.065,0.000,0,0,0,9191,9191,0,0
travel,42.941,1030.3,857.001,857.001,fly,0.933,ok,2601,0,0,192.00,303448064,427339776,114090264,95883264,18123768,2904,11174640,22132800,958,9191,9191,0,0,0,0,0,0,0,0,0.061,0.115,0.000,0,0,0,9191,9191,0,0
travel,42.973,1031.0,857.556,857.556,fly,0.850,ok,2601,0,0,192.00,303448064,427339776,114090264,95883264,18123768,2904,11174640,22132800,958,9191,9191,0,0,0,0,0,0,0,0,0.063,0.071,0.000,0,0,0,9191,9191,0,0
travel,43.005,1031.8,858.098,858.098,fly,1.026,ok,2601,0,0,192.00,303448064,427339776,114090264,95883264,18123768,2904,11174640,22132800,958,9191,9191,0,0,0,0,0,0,0,0,0.138,0.083,0.000,0,0,0,9191,9191,0,0
travel,43.036,1032.5,858.614,858.614,fly,0.972,ok,2601,0,0,192.00,303448064,427339776,114090264,95883264,18123768,2904,7449760,22132800,958,9191,9191,0,0,0,0,0,0,0,0,0.141,0.077,0.000,0,0,0,9191,9191,0,0
travel,43.067,1033.3,859.146,859.146,fly,0.816,ok,2601,0,0,192.00,303448064,427339776,114090264,95883264,18123768,2904,7449760,22132800,958,9191,9191,0,0,0,0,0,0,0,0,0.061,0.068,0.000,0,0,0,9191,9191,0,0
travel,43.098,1034.0,859.677,859.677,fly,1.028,ok,2601,0,0,192.00,303448064,427339776,114090264,95883264,18123768,2904,7449760,22132800,958,9191,9191,0,0,0,0,0,0,0,0,0.244,0.075,0.000,0,0,0,9191,9191,0,0
travel,43.130,1034.8,860.219,860.219,fly,0.986,ok,2601,0,0,192.00,303448064,427339776,114090264,95883264,18123768,2904,7449760,22132800,958,9191,9191,0,0,0,0,0,0,0,0,0.064,0.084,0.000,0,0,0,9191,9191,0,0
travel,43.160,1035.5,860.735,860.735,fly,0.813,ok,2601,0,0,192.00,303448064,427339776,114090264,95883264,18123768,2904,7449760,22132800,958,9191,9191,0,0,0,0,0,0,0,0,0.061,0.071,0.000,0,0,0,9191,9191,0,0
travel,43.193,1036.3,861.285,861.285,fly,0.991,ok,2601,0,0,192.00,303448064,427339776,114090264,95883264,18123768,2904,7449760,22132800,958,9191,9191,0,0,0,0,0,0,0,0,0.137,0.098,0.000,0,0,0,9191,9191,0,0
travel,43.223,1037.0,861.800,861.800,fly,0.818,ok,2601,0,0,192.00,303448064,427339776,114090264,95883264,18123768,2904,7449760,22132800,958,9191,9191,0,0,0,0,0,0,0,0,0.061,0.064,0.000,0,0,0,9191,9191,0,0
travel,43.254,1037.8,862.329,862.329,fly,0.819,ok,2601,0,0,192.00,303448064,427339776,114090264,95883264,18123768,2904,7449760,22132800,958,9191,9191,0,0,0,0,0,0,0,0,0.060,0.065,0.000,0,0,0,9191,9191,0,0
travel,43.285,1038.5,862.857,862.857,fly,0.867,ok,2601,0,0,192.00,303448064,427339776,114090264,95883264,18123768,2904,7449760,22132800,958,9191,9191,0,0,0,0,0,0,0,0,0.064,0.073,0.000,0,0,0,9191,9191,0,0
travel,43.315,1039.3,863.373,863.373,fly,0.820,ok,2601,0,0,192.00,303448064,427339776,114090264,95883264,18123768,2904,7449760,22132800,958,9191,9191,0,0,0,0,0,0,0,0,0.060,0.064,0.000,0,0,0,9191,9191,0,0
travel,43.346,1040.0,863.896,863.896,fly,0.932,ok,2601,0,0,192.00,303448064,427339776,114090264,95883264,18123768,2904,7449760,22132800,958,9191,9191,0,0,0,0,0,0,0,0,0.070,0.108,0.000,0,0,0,9191,9191,0,0
travel,43.388,1041.0,864.599,864.599,fly,0.922,ok,2601,0,0,192.00,303464448,427425792,114090264,95883264,18123768,2904,11174640,22132800,958,9292,9292,0,0,0,0,0,0,0,0,0.065,0.079,0.000,0,0,0,9292,9292,0,0
travel,43.418,1041.7,865.110,865.110,fly,0.932,ok,2601,0,0,192.00,303464448,427425792,114090264,95883264,18123768,2904,11174640,22132800,958,9292,9292,0,0,0,0,0,0,0,0,0.070,0.108,0.000,0,0,0,9292,9292,0,0
travel,43.448,1042.5,865.633,865.633,fly,0.818,ok,2601,0,0,192.00,303464448,427425792,114090264,95883264,18123768,2904,11174640,22132800,958,9292,9292,0,0,0,0,0,0,0,0,0.061,0.064,0.000,0,0,0,9292,9292,0,0
travel,43.480,1043.2,866.171,866.171,fly,0.854,ok,2601,0,0,192.00,303464448,427425792,114090264,95883264,18123768,2904,11174640,22132800,958,9292,9292,0,0,0,0,0,0,0,0,0.059,0.073,0.000,0,0,0,9292,9292,0,0
travel,43.512,1044.0,866.708,866.708,fly,0.892,ok,2601,0,0,192.00,303464448,427425792,114090264,95883264,18123768,2904,11174640,22132800,958,9292,9292,0,0,0,0,0,0,0,0,0.130,0.064,0.000,0,0,0,9292,9292,0,0
travel,43.542,1044.7,867.227,867.227,fly,1.149,ok,2601,0,0,192.00,303464448,427425792,114090264,95883264,18123768,2904,7449760,22132800,958,9292,9292,0,0,0,0,0,0,0,0,0.150,0.173,0.000,0,0,0,9292,9292,0,0
travel,43.575,1045.5,867.780,867.780,fly,0.891,ok,2601,0,0,192.00,303464448,427425792,114090264,95883264,18123768,2904,7449760,22132800,958,9292,9292,0,0,0,0,0,0,0,0,0.063,0.080,0.000,0,0,0,9292,9292,0,0
travel,43.606,1046.2,868.303,868.303,fly,0.929,ok,2601,0,0,192.00,303464448,427425792,114090264,95883264,18123768,2904,7449760,22132800,958,9292,9292,0,0,0,0,0,0,0,0,0.074,0.148,0.000,0,0,0,9292,9292,0,0
travel,43.637,1047.0,868.843,868.843,fly,0.809,ok,2601,0,0,192.00,303464448,427425792,114090264,95883264,18123768,2904,7449760,22132800,958,9292,9292,0,0,0,0,0,0,0,0,0.060,0.065,0.000,0,0,0,9292,9292,0,0
travel,43.668,1047.7,869.369,869.369,fly,0.863,ok,2601,0,0,192.00,303464448,427425792,114090264,95883264,18123768,2904,7449760,22132800,958,9292,9292,0,0,0,0,0,0,0,0,0.061,0.074,0.000,0,0,0,9292,9292,0,0
travel,43.700,1048.5,869.911,869.911,fly,0.972,ok,2601,0,0,192.00,303464448,427425792,114090264,95883264,18123768,2904,7449760,22132800,958,9292,9292,0,0,0,0,0,0,0,0,0.136,0.102,0.000,0,0,0,9292,9292,0,0
travel,43.730,1049.2,870.425,870.425,fly,0.828,ok,2601,0,0,192.00,303464448,427425792,114090264,95883264,18123768,2904,7449760,22132800,958,9292,9292,0,0,0,0,0,0,0,0,0.060,0.068,0.000,0,0,0,9292,9292,0,0
travel,43.763,1050.0,870.975,870.975,fly,0.820,ok,2601,0,0,192.00,303464448,427425792,114090264,95883264,18123768,2904,7449760,22132800,958,9292,9292,0,0,0,0,0,0,0,0,0.060,0.067,0.000,0,0,0,9292,9292,0,0
travel,43.795,1050.8,871.525,871.525,fly,0.806,ok,2601,0,0,192.00,303464448,427425792,114090264,95883264,18123768,2904,7449760,22132800,958,9292,9292,0,0,0,0,0,0,0,0,0.060,0.063,0.000,0,0,0,9292,9292,0,0
travel,43.836,1051.8,872.222,872.222,fly,3.108,ok,2601,0,11,192.00,303988736,427950080,114090264,95883264,18123768,2904,11174640,21715296,958,9393,9393,16,0,75,16,16,0,0,0,0.473,0.113,0.000,0,0,0,9393,9393,0,0
travel,43.870,1052.6,872.794,872.794,fly,0.809,ok,2601,0,0,192.00,303988736,427950080,114090264,95883264,18123768,2904,11174640,22132800,958,9393,9393,0,0,0,0,0,0,0,0,0.060,0.067,0.000,0,0,0,9393,9393,0,0
travel,43.902,1053.4,873.340,873.340,fly,0.818,ok,2601,0,0,192.00,303988736,427950080,114090264,95883264,18123768,2904,11174640,22132800,958,9393,9393,0,0,0,0,0,0,0,0,0.061,0.075,0.000,0,0,0,9393,9393,0,0
travel,43.933,1054.1,873.868,873.868,fly,0.904,ok,2601,0,0,192.00,303988736,427950080,114090264,95883264,18123768,2904,11174640,22132800,958,9393,9393,0,0,0,0,0,0,0,0,0.060,0.078,0.000,0,0,0,9393,9393,0,0
travel,43.963,1054.8,874.384,874.384,fly,0.831,ok,2601,0,0,192.00,303988736,427950080,114090264,95883264,18123768,2904,11174640,22132800,958,9393,9393,0,0,0,0,0,0,0,0,0.061,0.074,0.000,0,0,0,9393,9393,0,0
travel,43.995,1055.6,874.929,874.929,fly,1.125,ok,2601,0,0,192.00,303988736,427950080,114090264,95883264,18123768,2904,7449760,22132800,958,9393,9393,0,0,0,0,0,0,0,0,0.140,0.115,0.000,0,0,0,9393,9393,0,0
travel,44.027,1056.4,875.464,875.464,fly,0.817,ok,2601,0,0,192.00,303988736,427950080,114090264,95883264,18123768,2904,7449760,22132800,958,9393,9393,0,0,0,0,0,0,0,0,0.059,0.064,0.000,0,0,0,9393,9393,0,0
travel,44.058,1057.1,875.988,875.988,fly,0.803,ok,2601,0,0,192.00,303988736,427950080,114090264,95883264,18123768,2904,7449760,22132800,958,9393,9393,0,0,0,0,0,0,0,0,0.063,0.064,0.000,0,0,0,9393,9393,0,0
travel,44.088,1057.8,876.510,876.510,fly,0.820,ok,2601,0,0,192.00,303988736,427950080,114090264,95883264,18123768,2904,7449760,22132800,958,9393,9393,0,0,0,0,0,0,0,0,0.062,0.068,0.000,0,0,0,9393,9393,0,0
travel,44.119,1058.6,877.029,877.029,fly,0.970,ok,2601,0,0,192.00,303988736,427950080,114090264,95883264,18123768,2904,7449760,22132800,958,9393,9393,0,0,0,0,0,0,0,0,0.135,0.075,0.000,0,0,0,9393,9393,0,0
travel,44.151,1059.3,877.568,877.568,fly,0.807,ok,2601,0,0,192.00,303988736,427950080,114090264,95883264,18123768,2904,7449760,22132800,958,9393,9393,0,0,0,0,0,0,0,0,0.060,0.070,0.000,0,0,0,9393,9393,0,0
travel,44.182,1060.1,878.094,878.094,fly,0.832,ok,2601,0,0,192.00,303988736,427950080,114090264,95883264,18123768,2904,7449760,22132800,958,9393,9393,0,0,0,0,0,0,0,0,0.061,0.064,0.000,0,0,0,9393,9393,0,0
travel,44.213,1060.8,878.632,878.632,fly,0.847,ok,2601,0,0,192.00,303988736,427950080,114090264,95883264,18123768,2904,7449760,22132800,958,9393,9393,0,0,0,0,0,0,0,0,0.063,0.071,0.000,0,0,0,9393,9393,0,0
travel,44.244,1061.6,879.162,879.162,fly,1.236,ok,2601,0,0,192.00,303988736,427950080,114090264,95883264,18123768,2904,7449760,22132800,958,9393,9393,0,0,0,0,0,0,0,0,0.077,0.159,0.000,0,0,0,9393,9393,0,0
travel,44.276,1062.4,879.697,879.697,fly,0.908,ok,2601,0,0,192.00,303988736,427950080,114090264,95883264,18123768,2904,7449760,22132800,958,9393,9393,0,0,0,0,0,0,0,0,0.067,0.107,0.000,0,0,0,9393,9393,0,0
travel,44.320,1063.4,880.452,880.452,fly,0.805,ok,2601,0,0,192.00,304201728,428494848,114090264,95883264,18123768,2904,11174640,22132800,958,9494,9494,0,0,0,0,0,0,0,0,0.060,0.064,0.000,0,0,0,9494,9494,0,0
travel,44.352,1064.2,880.989,880.989,fly,0.816,ok,2601,0,0,192.00,304201728,428494848,114090264,95883264,18123768,2904,11174640,22132800,958,9494,9494,0,0,0,0,0,0,0,0,0.061,0.070,0.000,0,0,0,9494,9494,0,0
travel,44.382,1064.9,881.506,881.506,fly,0.823,ok,2601,0,0,192.00,304201728,428494848,114090264,95883264,18123768,2904,11174640,22132800,958,9494,9494,0,0,0,0,0,0,0,0,0.061,0.069,0.000,0,0,0,9494,9494,0,0
travel,44.414,1065.7,882.042,882.042,fly,0.819,ok,2601,0,0,192.00,304201728,428494848,114090264,95883264,18123768,2904,11174640,22132800,958,9494,9494,0,0,0,0,0,0,0,0,0.060,0.068,0.000,0,0,0,9494,9494,0,0
travel,44.444,1066.4,882.558,882.558,fly,1.826,ok,2601,0,0,192.00,304201728,428494848,114090264,95883264,18123768,2904,11174640,22132800,958,9494,9494,0,0,0,0,0,0,0,0,0.914,0.113,0.000,0,0,0,9494,9494,0,0
travel,44.476,1067.2,883.104,883.104,fly,0.843,ok,2601,0,0,192.00,304201728,428494848,114090264,95883264,18123768,2904,7449760,22132800,958,9494,9494,0,0,0,0,0,0,0,0,0.063,0.072,0.000,0,0,0,9494,9494,0,0
travel,44.508,1067.9,883.642,883.642,fly,0.824,ok,2601,0,0,192.00,304201728,428494848,114090264,95883264,18123768,2904,7449760,22132800,958,9494,9494,0,0,0,0,0,0,0,0,0.061,0.064,0.000,0,0,0,9494,9494,0,0
travel,44.540,1068.7,884.181,884.181,fly,1.037,ok,2601,0,0,192.00,304201728,428494848,114090264,95883264,18123768,2904,7449760,22132800,958,9494,9494,0,0,0,0,0,0,0,0,0.073,0.113,0.000,0,0,0,9494,9494,0,0
travel,44.570,1069.4,884.703,884.703,fly,0.889,ok,2601,0,0,192.00,304201728,428494848,114090264,95883264,18123768,2904,7449760,22132800,958,9494,9494,0,0,0,0,0,0,0,0,0.131,0.064,0.000,0,0,0,9494,9494,0,0
travel,44.602,1070.2,885.241,885.241,fly,0.817,ok,2601,0,0,192.00,304201728,428494848,114090264,95883264,18123768,2904,7449760,22132800,958,9494,9494,0,0,0,0,0,0,0,0,0.061,0.067,0.000,0,0,0,9494,9494,0,0
travel,44.634,1071.0,885.779,885.779,fly,0.824,ok,2601,0,0,192.00,304201728,428494848,114090264,95883264,18123768,2904,7449760,22132800,958,9494,9494,0,0,0,0,0,0,0,0,0.061,0.069,0.000,0,0,0,9494,9494,0,0
travel,44.664,1071.7,886.301,886.301,fly,0.901,ok,2601,0,0,192.00,304201728,428494848,114090264,95883264,18123768,2904,7449760,22132800,958,9494,9494,0,0,0,0,0,0,0,0,0.134,0.067,0.000,0,0,0,9494,9494,0,0
travel,44.696,1072.5,886.845,886.845,fly,0.816,ok,2601,0,0,192.00,304201728,428494848,114090264,95883264,18123768,2904,7449760,22132800,958,9494,9494,0,0,0,0,0,0,0,0,0.060,0.064,0.000,0,0,0,9494,9494,0,0
travel,44.728,1073.2,887.384,887.384,fly,0.819,ok,2601,0,0,192.00,304201728,428494848,114090264,95883264,18123768,2904,7449760,22132800,958,9494,9494,0,0,0,0,0,0,0,0,0.060,0.067,0.000,0,0,0,9494,9494,0,0
travel,44.759,1074.0,887.899,887.899,fly,1.137,ok,2601,0,0,192.00,304201728,428494848,114090264,95883264,18123768,2904,7449760,22132800,958,9494,9494,0,0,0,0,0,0,0,0,0.082,0.325,0.000,0,0,0,9494,9494,0,0
travel,44.803,1075.0,888.661,888.661,fly,0.799,ok,2601,0,0,192.00,304529408,428494848,114090264,95883264,18123768,2904,11174640,22132800,958,9595,9595,0,0,0,0,0,0,0,0,0.061,0.066,0.000,0,0,0,9595,9595,0,0
travel,44.835,1075.8,889.199,889.199,fly,0.823,ok,2601,0,0,192.00,304529408,428494848,114090264,95883264,18123768,2904,11174640,22132800,958,9595,9595,0,0,0,0,0,0,0,0,0.061,0.066,0.000,0,0,0,9595,9595,0,0
travel,44.867,1076.5,889.734,889.734,fly,1.074,ok,2601,0,0,192.00,304529408,428494848,114090264,95883264,18123768,2904,11174640,22132800,958,9595,9595,0,0,0,0,0,0,0,0,0.065,0.105,0.000,0,0,0,9595,9595,0,0
travel,44.897,1077.3,890.251,890.251,fly,1.464,ok,2601,0,0,192.00,304529408,428494848,114090264,95883264,18123768,2904,11174640,22132800,958,9595,9595,0,0,0,0,0,0,0,0,0.566,0.117,0.000,0,0,0,9595,9595,0,0
travel,44.929,1078.0,890.793,890.793,fly,0.822,ok,2601,0,0,192.00,304529408,428494848,114090264,95883264,18123768,2904,7449760,22132800,958,9595,9595,0,0,0,0,0,0,0,0,0.061,0.062,0.000,0,0,0,9595,9595,0,0
travel,44.960,1078.8,891.322,891.322,fly,0.869,ok,2601,0,0,192.00,304529408,428494848,114090264,95883264,18123768,2904,7449760,22132800,958,9595,9595,0,0,0,0,0,0,0,0,0.102,0.069,0.000,0,0,0,9595,9595,0,0
travel,44.990,1079.5,891.841,891.841,fly,0.814,ok,2601,0,0,192.00,304529408,428494848,114090264,95883264,18123768,2904,7449760,22132800,958,9595,9595,0,0,0,0,0,0,0,0,0.060,0.064,0.000,0,0,0,9595,9595,0,0
travel,45.022,1080.3,892.383,892.383,fly,0.828,ok,2601,0,0,192.00,304529408,428494848,114090264,95883264,18123768,2904,7449760,22132800,958,9595,9595,0,0,0,0,0,0,0,0,0.060,0.067,0.000,0,0,0,9595,9595,0,0
travel,45.053,1081.0,892.904,892.904,fly,1.157,ok,2601,0,0,192.00,304529408,428494848,114090264,95883264,18123768,2904,7449760,22132800,958,9595,9595,0,0,0,0,0,0,0,0,0.147,0.119,0.000,0,0,0,9595,9595,0,0
travel,45.085,1081.8,893.448,893.448,fly,0.831,ok,2601,0,0,192.00,304529408,428494848,114090264,95883264,18123768,2904,7449760,22132800,958,9595,9595,0,0,0,0,0,0,0,0,0.060,0.067,0.000,0,0,0,9595,9595,0,0
travel,45.117,1082.6,893.985,893.985,fly,0.853,ok,2601,0,0,192.00,304529408,428494848,114090264,95883264,18123768,2904,7449760,22132800,958,9595,9595,0,0,0,0,0,0,0,0,0.061,0.074,0.000,0,0,0,9595,9595,0,0
travel,45.147,1083.3,894.501,894.501,fly,0.909,ok,2601,0,0,192.00,304529408,428494848,114090264,95883264,18123768,2904,7449760,22132800,958,9595,9595,0,0,0,0,0,0,0,0,0.134,0.067,0.000,0,0,0,9595,9595,0,0
travel,45.179,1084.0,895.039,895.039,fly,0.818,ok,2601,0,0,192.00,304529408,428494848,114090264,95883264,18123768,2904,7449760,22132800,958,9595,9595,0,0,0,0,0,0,0,0,0.060,0.066,0.000,0,0,0,9595,9595,0,0
travel,45.209,1084.8,895.553,895.553,fly,0.822,ok,2601,0,0,192.00,304529408,428494848,114090264,95883264,18123768,2904,7449760,22132800,958,9595,9595,0,0,0,0,0,0,0,0,0.060,0.065,0.000,0,0,0,9595,9595,0,0
travel,45.252,1085.8,896.279,896.279,fly,0.939,ok,2601,0,0,192.00,305119232,429563904,114090264,95883264,18123768,2904,11174640,22132800,958,9696,9696,0,0,16,0,0,0,0,0,0.063,0.082,0.000,0,0,0,9696,9696,0,0
travel,45.283,1086.6,896.810,896.810,fly,0.928,ok,2601,0,0,192.00,305119232,429563904,114090264,95883264,18123768,2904,11174640,22132800,958,9696,9696,0,0,0,0,0,0,0,0,0.062,0.147,0.000,0,0,0,9696,9696,0,0
travel,45.314,1087.3,897.339,897.339,fly,0.966,ok,2601,0,0,192.00,305119232,429563904,114090264,95883264,18123768,2904,11174640,22132800,958,9696,9696,0,0,0,0,0,0,0,0,0.143,0.107,0.000,0,0,0,9696,9696,0,0
travel,45.346,1088.1,897.880,897.880,fly,0.856,ok,2601,0,0,192.00,305119232,429563904,114090264,95883264,18123768,2904,11174640,22132800,958,9696,9696,0,0,0,0,0,0,0,0,0.062,0.071,0.000,0,0,0,9696,9696,0,0
travel,45.376,1088.8,898.397,898.397,fly,0.831,ok,2601,0,0,192.00,305119232,429563904,114090264,95883264,18123768,2904,11174640,22132800,958,9696,9696,0,0,0,0,0,0,0,0,0.061,0.067,0.000,0,0,0,9696,9696,0,0
travel,45.408,1089.6,898.935,898.935,fly,0.819,ok,2601,0,0,192.00,305119232,429563904,114090264,95883264,18123768,2904,7449760,22132800,958,9696,9696,0,0,0,0,0,0,0,0,0.062,0.065,0.000,0,0,0,9696,9696,0,0
travel,45.438,1090.3,899.451,899.451,fly,1.209,ok,2601,0,0,192.00,305119232,429563904,114090264,95883264,18123768,2904,7449760,22132800,958,9696,9696,0,0,0,0,0,0,0,0,0.063,0.378,0.000,0,0,0,9696,9696,0,0
travel,45.470,1091.1,899.991,899.991,fly,0.833,ok,2601,0,0,192.00,305119232,429563904,114090264,95883264,18123768,2904,7449760,22132800,958,9696,9696,0,0,0,0,0,0,0,0,0.061,0.069,0.000,0,0,0,9696,9696,0,0
travel,45.501,1091.8,900.524,900.524,fly,1.016,ok,2601,0,0,192.00,305119232,429563904,114090264,95883264,18123768,2904,7449760,22132800,958,9696,9696,0,0,0,0,0,0,0,0,0.249,0.071,0.000,0,0,0,9696,9696,0,0
travel,45.532,1092.5,901.042,901.042,fly,0.863,ok,2601,0,0,192.00,305119232,429563904,114090264,95883264,18123768,2904,7449760,22132800,958,9696,9696,0,0,0,0,0,0,0,0,0.061,0.071,0.000,0,0,0,9696,9696,0,0
travel,45.563,1093.3,901.572,901.572,fly,1.018,ok,2601,0,0,192.00,305119232,429563904,114090264,95883264,18123768,2904,7449760,22132800,958,9696,9696,0,0,0,0,0,0,0,0,0.069,0.124,0.000,0,0,0,9696,9696,0,0
travel,45.595,1094.1,902.115,902.115,fly,0.896,ok,2601,0,0,192.00,305119232,429563904,114090264,95883264,18123768,2904,7449760,22132800,958,9696,9696,0,0,0,0,0,0,0,0,0.136,0.067,0.000,0,0,0,9696,9696,0,0
travel,45.627,1094.8,902.659,902.659,fly,0.885,ok,2601,0,0,192.00,305119232,429563904,114090264,95883264,18123768,2904,7449760,22132800,958,9696,9696,0,0,0,0,0,0,0,0,0.061,0.074,0.000,0,0,0,9696,9696,0,0
travel,45.659,1095.6,903.200,903.200,fly,0.857,ok,2601,0,0,192.00,305119232,429563904,114090264,95883264,18123768,2904,7449760,22132800,958,9696,9696,0,0,0,0,0,0,0,0,0.060,0.072,0.000,0,0,0,9696,9696,0,0
travel,45.689,1096.3,903.722,903.722,fly,0.835,ok,2601,0,0,192.00,305119232,429563904,114090264,95883264,18123768,2904,7449760,22132800,958,9696,9696,0,0,0,0,0,0,0,0,0.059,0.070,0.000,0,0,0,9696,9696,0,0
travel,45.733,1097.4,904.454,904.454,fly,0.818,ok,2601,0,0,192.00,305512448,429563904,114090264,95883264,18123768,2904,11174640,22132800,958,9797,9797,0,0,0,0,0,0,0,0,0.061,0.075,0.000,0,0,0,9797,9797,0,0
travel,45.764,1098.1,904.989,904.989,fly,0.943,ok,2601,0,0,192.00,305512448,429563904,114090264,95883264,18123768,2904,11174640,22132800,958,9797,9797,0,0,0,0,0,0,0,0,0.132,0.074,0.000,0,0,0,9797,9797,0,0
travel,45.795,1098.9,905.513,905.513,fly,1.343,ok,2601,0,0,192.00,305512448,429563904,114090264,95883264,18123768,2904,11174640,22132800,958,9797,9797,0,0,0,0,0,0,0,0,0.088,0.133,0.000,0,0,0,9797,9797,0,0
travel,45.827,1099.6,906.056,906.056,fly,1.082,ok,2601,0,0,192.00,305512448,429563904,114090264,95883264,18123768,2904,11174640,22132800,958,9797,9797,0,0,0,0,0,0,0,0,0.141,0.131,0.000,0,0,0,9797,9797,0,0
travel,45.858,1100.4,906.592,906.592,fly,0.848,ok,2601,0,0,192.00,305512448,429563904,114090264,95883264,18123768,2904,11174640,22132800,958,9797,9797,0,0,0,0,0,0,0,0,0.062,0.070,0.000,0,0,0,9797,9797,0,0
travel,45.890,1101.1,907.126,907.126,fly,1.129,ok,2601,0,0,192.00,305512448,429563904,114090264,95883264,18123768,2904,7449760,22132800,958,9797,9797,0,0,0,0,0,0,0,0,0.322,0.123,0.000,0,0,0,9797,9797,0,0
travel,45.920,1101.9,907.648,907.648,fly,0.821,ok,2601,0,0,192.00,305512448,429563904,114090264,95883264,18123768,2904,7449760,22132800,958,9797,9797,0,0,0,0,0,0,0,0,0.060,0.083,0.000,0,0,0,9797,9797,0,0
travel,45.952,1102.7,908.192,908.192,fly,0.809,ok,2601,0,0,192.00,305512448,429563904,114090264,95883264,18123768,2904,7449760,22132800,958,9797,9797,0,0,0,0,0,0,0,0,0.060,0.067,0.000,0,0,0,9797,9797,0,0
travel,45.984,1103.4,908.728,908.728,fly,0.887,ok,2601,0,0,192.00,305512448,429563904,114090264,95883264,18123768,2904,7449760,22132800,958,9797,9797,0,0,0,0,0,0,0,0,0.135,0.068,0.000,0,0,0,9797,9797,0,0
travel,46.014,1104.1,909.242,909.242,fly,0.803,ok,2601,0,0,192.00,305512448,429563904,114090264,95883264,18123768,2904,7449760,22132800,958,9797,9797,0,0,0,0,0,0,0,0,0.060,0.064,0.000,0,0,0,9797,9797,0,0
travel,46.047,1104.9,909.792,909.792,fly,0.875,ok,2601,0,0,192.00,305512448,429563904,114090264,95883264,18123768,2904,7449760,22132800,958,9797,9797,0,0,0,0,0,0,0,0,0.063,0.077,0.000,0,0,0,9797,9797,0,0
travel,46.078,1105.7,910.328,910.328,fly,0.857,ok,2601,0,0,192.00,305512448,429563904,114090264,95883264,18123768,2904,7449760,22132800,958,9797,9797,0,0,0,0,0,0,0,0,0.061,0.091,0.000,0,0,0,9797,9797,0,0
travel,46.110,1106.4,910.873,910.873,fly,0.902,ok,2601,0,0,192.00,305512448,429563904,114090264,95883264,18123768,2904,7449760,22132800,958,9797,9797,0,0,0,0,0,0,0,0,0.062,0.076,0.000,0,0,0,9797,9797,0,0
travel,46.141,1107.2,911.393,911.393,fly,0.956,ok,2601,0,0,192.00,305512448,429563904,114090264,95883264,18123768,2904,7449760,22132800,958,9797,9797,0,0,0,0,0,0,0,0,0.062,0.100,0.000,0,0,0,9797,9797,0,0
travel,46.172,1107.9,911.923,911.923,fly,0.950,ok,2601,0,0,192.00,305512448,429563904,114090264,95883264,18123768,2904,7449760,22132800,958,9797,9797,0,0,0,0,0,0,0,0,0.071,0.111,0.000,0,0,0,9797,9797,0,0
travel,46.216,1109.0,912.664,912.664,fly,0.810,ok,2601,0,0,192.00,305512448,431665152,114090264,95883264,18123768,2904,11174640,22132800,958,9898,9898,0,0,0,0,0,0,0,0,0.060,0.063,0.000,0,0,0,9898,9898,0,0
travel,46.248,1109.7,913.210,913.210,fly,0.946,ok,2601,0,0,192.00,305512448,431665152,114090264,95883264,18123768,2904,11174640,22132800,958,9898,9898,0,0,0,0,0,0,0,0,0.065,0.080,0.000,0,0,0,9898,9898,0,0
travel,46.278,1110.5,913.731,913.731,fly,0.958,ok,2601,0,0,192.00,305512448,431665152,114090264,95883264,18123768,2904,11174640,22132800,958,9898,9898,0,0,0,0,0,0,0,0,0.140,0.076,0.000,0,0,0,9898,9898,0,0
travel,46.310,1111.2,914.264,914.264,fly,0.816,ok,2601,0,0,192.00,305512448,431665152,114090264,95883264,18123768,2904,11174640,22132800,958,9898,9898,0,0,0,0,0,0,0,0,0.060,0.064,0.000,0,0,0,9898,9898,0,0
travel,46.342,1112.0,914.812,914.812,fly,0.818,ok,2601,0,0,192.00,305512448,431665152,114090264,95883264,18123768,2904,7449760,22132800,958,9898,9898,0,0,0,0,0,0,0,0,0.061,0.069,0.000,0,0,0,9898,9898,0,0
travel,46.373,1112.8,915.346,915.346,fly,0.969,ok,2601,0,0,192.00,305512448,431665152,114090264,95883264,18123768,2904,7449760,22132800,958,9898,9898,0,0,0,0,0,0,0,0,0.223,0.064,0.000,0,0,0,9898,9898,0,0
travel,46.404,1113.5,915.870,915.870,fly,1.177,ok,2601,0,0,192.00,305512448,431665152,114090264,95883264,18123768,2904,7449760,22132800,958,9898,9898,0,0,0,0,0,0,0,0,0.067,0.114,0.000,0,0,0,9898,9898,0,0
travel,46.435,1114.2,916.389,916.389,fly,0.818,ok,2601,0,0,192.00,305512448,431665152,114090264,95883264,18123768,2904,7449760,22132800,958,9898,9898,0,0,0,0,0,0,0,0,0.060,0.069,0.000,0,0,0,9898,9898,0,0
travel,46.467,1115.0,916.938,916.938,fly,1.060,ok,2601,0,0,192.00,305512448,431665152,114090264,95883264,18123768,2904,7449760,22132800,958,9898,9898,0,0,0,0,0,0,0,0,0.143,0.108,0.000,0,0,0,9898,9898,0,0
travel,46.499,1115.8,917.478,917.478,fly,0.858,ok,2601,0,0,192.00,305512448,431665152,114090264,95883264,18123768,2904,7449760,22132800,958,9898,9898,0,0,0,0,0,0,0,0,0.062,0.074,0.000,0,0,0,9898,9898,0,0
travel,46.531,1116.5,918.020,918.020,fly,0.873,ok,2601,0,0,192.00,305512448,431665152,114090264,95883264,18123768,2904,7449760,22132800,958,9898,9898,0,0,0,0,0,0,0,0,0.062,0.071,0.000,0,0,0,9898,9898,0,0
travel,46.561,1117.3,918.539,918.539,fly,0.829,ok,2601,0,0,192.00,305512448,431665152,114090264,95883264,18123768,2904,7449760,22132800,958,9898,9898,0,0,0,0,0,0,0,0,0.060,0.071,0.000,0,0,0,9898,9898,0,0
travel,46.592,1118.0,919.057,919.057,fly,0.916,ok,2601,0,0,192.00,305512448,431665152,114090264,95883264,18123768,2904,7449760,22132800,958,9898,9898,0,0,0,0,0,0,0,0,0.085,0.114,0.000,0,0,0,9898,9898,0,0
travel,46.623,1118.8,919.581,919.581,fly,0.813,ok,2601,0,0,192.00,305512448,431665152,114090264,95883264,18123768,2904,7449760,22132800,958,9898,9898,0,0,0,0,0,0,0,0,0.060,0.068,0.000,0,0,0,9898,9898,0,0
travel,46.666,1119.8,920.313,920.313,fly,1.105,ok,2601,0,0,192.00,305512448,431665152,114090264,95883264,18123768,2904,11174640,22132800,958,9999,9999,0,0,7,0,0,0,0,0,0.074,0.119,0.000,0,0,0,9999,9999,0,0
travel,46.696,1120.5,920.831,920.831,fly,1.148,ok,2601,0,0,192.00,305512448,431665152,114090264,95883264,18123768,2904,11174640,22132800,958,9999,9999,0,0,0,0,0,0,0,0,0.148,0.136,0.000,0,0,0,9999,9999,0,0
travel,46.727,1121.3,921.355,921.355,fly,0.882,ok,2601,0,0,192.00,305512448,431665152,114090264,95883264,18123768,2904,11174640,22132800,958,9999,9999,0,0,0,0,0,0,0,0,0.136,0.068,0.000,0,0,0,9999,9999,0,0
travel,46.759,1122.0,921.893,921.893,fly,0.820,ok,2601,0,0,192.00,305512448,431665152,114090264,95883264,18123768,2904,11174640,22132800,958,9999,9999,0,0,0,0,0,0,0,0,0.060,0.066,0.000,0,0,0,9999,9999,0,0
travel,46.789,1122.8,922.408,922.408,fly,0.834,ok,2601,0,0,192.00,305512448,431665152,114090264,95883264,18123768,2904,11174640,22132800,958,9999,9999,0,0,0,0,0,0,0,0,0.059,0.071,0.000,0,0,0,9999,9999,0,0
travel,46.820,1123.5,922.939,922.939,fly,0.900,ok,2601,0,0,192.00,305512448,431665152,114090264,95883264,18123768,2904,7449760,22132800,958,9999,9999,0,0,0,0,0,0,0,0,0.137,0.070,0.000,0,0,0,9999,9999,0,0
travel,46.851,1124.3,923.467,923.467,fly,0.934,ok,2601,0,0,192.00,305512448,431665152,114090264,95883264,18123768,2904,7449760,22132800,958,9999,9999,0,0,0,0,0,0,0,0,0.067,0.107,0.000,0,0,0,9999,9999,0,0
travel,46.882,1125.0,923.991,923.991,fly,0.894,ok,2601,0,0,192.00,305512448,431665152,114090264,95883264,18123768,2904,7449760,22132800,958,9999,9999,0,0,0,0,0,0,0,0,0.067,0.109,0.000,0,0,0,9999,9999,0,0
travel,46.913,1125.7,924.518,924.518,fly,0.803,ok,2601,0,0,192.00,305512448,431665152,114090264,95883264,18123768,2904,7449760,22132800,958,9999,9999,0,0,0,0,0,0,0,0,0.061,0.066,0.000,0,0,0,9999,9999,0,0
travel,46.945,1126.5,925.055,925.055,fly,0.822,ok,2601,0,0,192.00,305512448,431665152,114090264,95883264,18123768,2904,7449760,22132800,958,9999,9999,0,0,0,0,0,0,0,0,0.061,0.071,0.000,0,0,0,9999,9999,0,0
travel,46.975,1127.2,925.577,925.577,fly,0.824,ok,2601,0,0,192.00,305512448,431665152,114090264,95883264,18123768,2904,7449760,22132800,958,9999,9999,0,0,0,0,0,0,0,0,0.063,0.067,0.000,0,0,0,9999,9999,0,0
travel,47.007,1128.0,926.113,926.113,fly,1.061,ok,2601,0,0,192.00,305512448,431665152,114090264,95883264,18123768,2904,7449760,22132800,958,9999,9999,0,0,0,0,0,0,0,0,0.141,0.109,0.000,0,0,0,9999,9999,0,0
travel,47.037,1128.7,926.630,926.630,fly,0.836,ok,2601,0,0,192.00,305512448,431665152,114090264,95883264,18123768,2904,7449760,22132800,958,9999,9999,0,0,0,0,0,0,0,0,0.060,0.068,0.000,0,0,0,9999,9999,0,0
travel,47.069,1129.5,927.161,927.161,fly,0.812,ok,2601,0,0,192.00,305512448,431665152,114090264,95883264,18123768,2904,7449760,22132800,958,9999,9999,0,0,0,0,0,0,0,0,0.061,0.069,0.000,0,0,0,9999,9999,0,0
travel,47.099,1130.2,927.674,927.674,fly,1.000,ok,2601,0,0,192.00,305512448,431665152,114090264,95883264,18123768,2904,7449760,22132800,958,9999,9999,0,0,0,0,0,0,0,0,0.125,0.076,0.000,0,0,0,9999,9999,0,0
travel,47.142,1131.2,928.402,928.402,fly,0.868,ok,2601,0,0,192.00,305512448,431665152,114090264,95883264,18123768,2904,11174640,22132800,958,10100,10100,0,0,0,0,0,0,0,0,0.062,0.075,0.000,0,0,0,10100,10100,0,0
travel,47.173,1132.0,928.931,928.931,fly,0.896,ok,2601,0,0,192.00,305512448,431665152,114090264,95883264,18123768,2904,11174640,22132800,958,10100,10100,0,0,0,0,0,0,0,0,0.134,0.064,0.000,0,0,0,10100,10100,0,0
travel,47.204,1132.7,929.454,929.454,fly,0.938,ok,2601,0,0,192.00,305512448,431665152,114090264,95883264,18123768,2904,11174640,22132800,958,10100,10100,0,0,0,0,0,0,0,0,0.064,0.086,0.000,0,0,0,10100,10100,0,0
travel,47.235,1133.5,929.983,929.983,fly,1.228,ok,2601,0,0,192.00,305512448,431665152,114090264,95883264,18123768,2904,11174640,22132800,958,10100,10100,0,0,0,0,0,0,0,0,0.322,0.111,0.000,0,0,0,10100,10100,0,0
travel,47.266,1134.2,930.519,930.519,fly,0.804,ok,2601,0,0,192.00,305512448,431665152,114090264,95883264,18123768,2904,11174640,22132800,958,10100,10100,0,0,0,0,0,0,0,0,0.060,0.067,0.000,0,0,0,10100,10100,0,0
travel,47.297,1135.0,931.048,931.048,fly,0.835,ok,2601,0,0,192.00,305512448,431665152,114090264,95883264,18123768,2904,7449760,22132800,958,10100,10100,0,0,0,0,0,0,0,0,0.060,0.067,0.000,0,0,0,10100,10100,0,0
travel,47.328,1135.7,931.577,931.577,fly,0.896,ok,2601,0,0,192.00,305512448,431665152,114090264,95883264,18123768,2904,7449760,22132800,958,10100,10100,0,0,0,0,0,0,0,0,0.069,0.106,0.000,0,0,0,10100,10100,0,0
travel,47.361,1136.5,932.123,932.123,fly,0.830,ok,2601,0,0,192.00,305512448,431665152,114090264,95883264,18123768,2904,7449760,22132800,958,10100,10100,0,0,0,0,0,0,0,0,0.061,0.073,0.000,0,0,0,10100,10100,0,0
travel,47.391,1137.2,932.637,932.637,fly,0.880,ok,2601,0,0,192.00,305512448,431665152,114090264,95883264,18123768,2904,7449760,22132800,958,10100,10100,0,0,0,0,0,0,0,0,0.062,0.080,0.000,0,0,0,10100,10100,0,0
travel,47.422,1138.0,933.172,933.172,fly,0.956,ok,2601,0,0,192.00,305512448,431665152,114090264,95883264,18123768,2904,7449760,22132800,958,10100,10100,0,0,0,0,0,0,0,0,0.117,0.141,0.000,0,0,0,10100,10100,0,0
travel,47.454,1138.8,933.719,933.719,fly,1.127,ok,2601,0,0,192.00,305512448,431665152,114090264,95883264,18123768,2904,7449760,22132800,958,10100,10100,0,0,0,0,0,0,0,0,0.064,0.095,0.000,0,0,0,10100,10100,0,0
travel,47.486,1139.5,934.261,934.261,fly,0.881,ok,2601,0,0,192.00,305512448,431665152,114090264,95883264,18123768,2904,7449760,22132800,958,10100,10100,0,0,0,0,0,0,0,0,0.061,0.093,0.000,0,0,0,10100,10100,0,0
travel,47.518,1140.3,934.806,934.806,fly,1.131,ok,2601,0,0,192.00,305512448,431665152,114090264,95883264,18123768,2904,7449760,22132800,958,10100,10100,0,0,0,0,0,0,0,0,0.065,0.112,0.000,0,0,0,10100,10100,0,0
travel,47.549,1141.0,935.327,935.327,fly,1.198,ok,2601,0,0,192.00,305512448,431665152,114090264,95883264,18123768,2904,7449760,22132800,958,10100,10100,0,0,0,0,0,0,0,0,0.283,0.107,0.000,0,0,0,10100,10100,0,0
travel,47.581,1141.8,935.874,935.874,fly,0.813,ok,2601,0,0,192.00,305512448,431665152,114090264,95883264,18123768,2904,7449760,22132800,958,10100,10100,0,0,0,0,0,0,0,0,0.059,0.066,0.000,0,0,0,10100,10100,0,0
travel,47.625,1142.9,936.618,936.618,fly,0.835,ok,2601,0,0,192.00,306561024,432713728,114090264,95883264,18123768,2904,11174640,22132800,958,10201,10201,0,0,0,0,0,0,0,0,0.060,0.077,0.000,0,0,0,10201,10201,0,0
travel,47.657,1143.6,937.155,937.155,fly,1.391,ok,2601,0,0,192.00,306561024,432713728,114090264,95883264,18123768,2904,11174640,22132800,958,10201,10201,0,0,0,0,0,0,0,0,0.183,0.155,0.000,0,0,0,10201,10201,0,0
travel,47.692,1144.5,937.751,937.751,fly,1.063,ok,2601,0,0,192.00,306561024,432713728,114090264,95883264,18123768,2904,11174640,22132800,958,10201,10201,0,0,0,0,0,0,0,0,0.062,0.095,0.000,0,0,0,10201,10201,0,0
travel,47.732,1145.4,938.437,938.437,fly,2.381,ok,2601,0,0,192.00,306561024,432713728,114090264,95883264,18123768,2904,11174640,22132800,958,10201,10201,0,0,0,0,0,0,0,0,0.955,0.164,0.000,0,0,0,10201,10201,0,0
travel,47.772,1146.4,939.112,939.112,fly,1.167,ok,2601,0,0,192.00,306561024,432713728,114090264,95883264,18123768,2904,7449760,22132800,958,10201,10201,0,0,0,0,0,0,0,0,0.064,0.094,0.000,0,0,0,10201,10201,0,0
travel,47.810,1147.3,939.751,939.751,fly,2.406,ok,2601,0,0,192.00,306561024,432713728,114090264,95883264,18123768,2904,7449760,22132800,958,10201,10201,0,0,0,0,0,0,0,0,0.939,0.170,0.000,0,0,0,10201,10201,0,0
travel,47.843,1148.1,940.323,940.323,fly,0.813,ok,2601,0,0,192.00,306561024,432713728,114090264,95883264,18123768,2904,7449760,22132800,958,10201,10201,0,0,0,0,0,0,0,0,0.060,0.067,0.000,0,0,0,10201,10201,0,0
travel,47.874,1148.8,940.849,940.849,fly,0.840,ok,2601,0,0,192.00,306561024,432713728,114090264,95883264,18123768,2904,7449760,22132800,958,10201,10201,0,0,0,0,0,0,0,0,0.059,0.080,0.000,0,0,0,10201,10201,0,0
travel,47.906,1149.6,941.385,941.385,fly,0.919,ok,2601,0,0,192.00,306561024,432713728,114090264,95883264,18123768,2904,7449760,22132800,958,10201,10201,0,0,0,0,0,0,0,0,0.148,0.072,0.000,0,0,0,10201,10201,0,0
travel,47.937,1150.3,941.916,941.916,fly,1.322,ok,2601,0,0,192.00,306561024,432713728,114090264,95883264,18123768,2904,7449760,22132800,958,10201,10201,0,0,0,0,0,0,0,0,0.084,0.117,0.000,0,0,0,10201,10201,0,0
travel,47.968,1151.1,942.447,942.447,fly,0.829,ok,2601,0,0,192.00,306561024,432713728,114090264,95883264,18123768,2904,7449760,22132800,958,10201,10201,0,0,0,0,0,0,0,0,0.060,0.074,0.000,0,0,0,10201,10201,0,0
travel,47.999,1151.8,942.965,942.965,fly,0.873,ok,2601,0,0,192.00,306561024,432713728,114090264,95883264,18123768,2904,7449760,22132800,958,10201,10201,0,0,0,0,0,0,0,0,0.129,0.066,0.000,0,0,0,10201,10201,0,0
travel,48.032,1152.6,943.535,943.535,fly,0.804,ok,2601,0,0,192.00,306561024,432713728,114090264,95883264,18123768,2904,7449760,22132800,958,10201,10201,0,0,0,0,0,0,0,0,0.059,0.064,0.000,0,0,0,10201,10201,0,0
travel,48.073,1153.6,944.223,944.223,fly,3.885,ok,2601,0,19,192.00,307331072,433766400,114090264,95883264,18123768,2904,11174640,21141360,958,10302,10302,19,0,75,19,19,0,0,528384,0.156,0.131,0.000,0,0,0,10302,10302,0,0
travel,48.106,1154.4,944.794,944.794,fly,0.885,ok,2601,0,0,192.00,307331072,433766400,114090264,95883264,18123768,2904,11174640,22132800,958,10302,10302,0,0,0,0,0,0,0,0,0.107,0.069,0.000,0,0,0,10302,10302,0,0
travel,48.138,1155.2,945.331,945.331,fly,0.815,ok,2601,0,0,192.00,307331072,433766400,114090264,95883264,18123768,2904,11174640,22132800,958,10302,10302,0,0,0,0,0,0,0,0,0.062,0.069,0.000,0,0,0,10302,10302,0,0
travel,48.168,1155.9,945.844,945.844,fly,0.901,ok,2601,0,0,192.00,307331072,433766400,114090264,95883264,18123768,2904,11174640,22132800,958,10302,10302,0,0,0,0,0,0,0,0,0.071,0.104,0.000,0,0,0,10302,10302,0,0
travel,48.199,1156.6,946.366,946.366,fly,0.806,ok,2601,0,0,192.00,307331072,433766400,114090264,95883264,18123768,2904,11174640,22132800,958,10302,10302,0,0,0,0,0,0,0,0,0.060,0.065,0.000,0,0,0,10302,10302,0,0
travel,48.230,1157.4,946.902,946.902,fly,0.802,ok,2601,0,0,192.00,307331072,433766400,114090264,95883264,18123768,2904,7449760,22132800,958,10302,10302,0,0,0,0,0,0,0,0,0.060,0.067,0.000,0,0,0,10302,10302,0,0
travel,48.261,1158.1,947.414,947.414,fly,1.203,ok,2601,0,0,192.00,307331072,433766400,114090264,95883264,18123768,2904,7449760,22132800,958,10302,10302,0,0,0,0,0,0,0,0,0.367,0.110,0.000,0,0,0,10302,10302,0,0
travel,48.292,1158.9,947.950,947.950,fly,0.801,ok,2601,0,0,192.00,307331072,433766400,114090264,95883264,18123768,2904,7449760,22132800,958,10302,10302,0,0,0,0,0,0,0,0,0.060,0.066,0.000,0,0,0,10302,10302,0,0
travel,48.324,1159.6,948.487,948.487,fly,0.828,ok,2601,0,0,192.00,307331072,433766400,114090264,95883264,18123768,2904,7449760,22132800,958,10302,10302,0,0,0,0,0,0,0,0,0.061,0.069,0.000,0,0,0,10302,10302,0,0
travel,48.356,1160.4,949.031,949.031,fly,1.026,ok,2601,0,0,192.00,307331072,433766400,114090264,95883264,18123768,2904,7449760,22132800,958,10302,10302,0,0,0,0,0,0,0,0,0.139,0.113,0.000,0,0,0,10302,10302,0,0
travel,48.387,1161.2,949.569,949.569,fly,0.855,ok,2601,0,0,192.00,307331072,433766400,114090264,95883264,18123768,2904,7449760,22132800,958,10302,10302,0,0,0,0,0,0,0,0,0.061,0.070,0.000,0,0,0,10302,10302,0,0
travel,48.418,1161.9,950.099,950.099,fly,0.791,ok,2601,0,0,192.00,307331072,433766400,114090264,95883264,18123768,2904,7449760,22132800,958,10302,10302,0,0,0,0,0,0,0,0,0.060,0.062,0.000,0,0,0,10302,10302,0,0
travel,48.450,1162.7,950.629,950.629,fly,0.894,ok,2601,0,0,192.00,307331072,433766400,114090264,95883264,18123768,2904,7449760,22132800,958,10302,10302,0,0,0,0,0,0,0,0,0.132,0.069,0.000,0,0,0,10302,10302,0,0
travel,48.481,1163.4,951.163,951.163,fly,0.829,ok,2601,0,0,192.00,307331072,433766400,114090264,95883264,18123768,2904,7449760,22132800,958,10302,10302,0,0,0,0,0,0,0,0,0.061,0.070,0.000,0,0,0,10302,10302,0,0
travel,48.513,1164.2,951.707,951.707,fly,0.810,ok,2601,0,0,192.00,307331072,433766400,114090264,95883264,18123768,2904,7449760,22132800,958,10302,10302,0,0,0,0,0,0,0,0,0.060,0.066,0.000,0,0,0,10302,10302,0,0
travel,48.556,1165.2,952.432,952.432,fly,1.282,ok,2601,0,0,192.00,308051968,434290688,114090264,95883264,18123768,2904,11174640,22132800,958,10403,10403,0,0,0,0,0,0,0,0,0.147,0.120,0.000,0,0,0,10403,10403,0,0
travel,48.587,1166.0,952.967,952.967,fly,1.210,ok,2601,0,0,192.00,308051968,434290688,114090264,95883264,18123768,2904,11174640,22132800,958,10403,10403,0,0,0,0,0,0,0,0,0.149,0.153,0.000,0,0,0,10403,10403,0,0
travel,48.618,1166.7,953.497,953.497,fly,0.805,ok,2601,0,0,192.00,308051968,434290688,114090264,95883264,18123768,2904,11174640,22132800,958,10403,10403,0,0,0,0,0,0,0,0,0.060,0.068,0.000,0,0,0,10403,10403,0,0
travel,48.649,1167.5,954.024,954.024,fly,0.834,ok,2601,0,0,192.00,308051968,434290688,114090264,95883264,18123768,2904,11174640,22132800,958,10403,10403,0,0,0,0,0,0,0,0,0.061,0.069,0.000,0,0,0,10403,10403,0,0
travel,48.680,1168.2,954.538,954.538,fly,0.819,ok,2601,0,0,192.00,308051968,434290688,114090264,95883264,18123768,2904,11174640,22132800,958,10403,10403,0,0,0,0,0,0,0,0,0.061,0.066,0.000,0,0,0,10403,10403,0,0
travel,48.711,1168.9,955.069,955.069,fly,1.066,ok,2601,0,0,192.00,308051968,434290688,114090264,95883264,18123768,2904,7449760,22132800,958,10403,10403,0,0,0,0,0,0,0,0,0.142,0.109,0.000,0,0,0,10403,10403,0,0
travel,48.741,1169.7,955.586,955.586,fly,0.816,ok,2601,0,0,192.00,308051968,434290688,114090264,95883264,18123768,2904,7449760,22132800,958,10403,10403,0,0,0,0,0,0,0,0,0.060,0.065,0.000,0,0,0,10403,10403,0,0
travel,48.773,1170.4,956.126,956.126,fly,0.833,ok,2601,0,0,192.00,308051968,434290688,114090264,95883264,18123768,2904,7449760,22132800,958,10403,10403,0,0,0,0,0,0,0,0,0.061,0.068,0.000,0,0,0,10403,10403,0,0
travel,48.804,1171.2,956.660,956.660,fly,1.005,ok,2601,0,0,192.00,308051968,434290688,114090264,95883264,18123768,2904,7449760,22132800,958,10403,10403,0,0,0,0,0,0,0,0,0.142,0.112,0.000,0,0,0,10403,10403,0,0
travel,48.836,1171.9,957.190,957.190,fly,0.890,ok,2601,0,0,192.00,308051968,434290688,114090264,95883264,18123768,2904,7449760,22132800,958,10403,10403,0,0,0,0,0,0,0,0,0.063,0.076,0.000,0,0,0,10403,10403,0,0
travel,48.866,1172.7,957.704,957.704,fly,0.797,ok,2601,0,0,192.00,308051968,434290688,114090264,95883264,18123768,2904,7449760,22132800,958,10403,10403,0,0,0,0,0,0,0,0,0.060,0.063,0.000,0,0,0,10403,10403,0,0
travel,48.898,1173.4,958.245,958.245,fly,0.884,ok,2601,0,0,192.00,308051968,434290688,114090264,95883264,18123768,2904,7449760,22132800,958,10403,10403,0,0,0,0,0,0,0,0,0.060,0.127,0.000,0,0,0,10403,10403,0,0
travel,48.930,1174.2,958.788,958.788,fly,1.122,ok,2601,0,0,192.00,308051968,434290688,114090264,95883264,18123768,2904,7449760,22132800,958,10403,10403,0,0,0,0,0,0,0,0,0.066,0.099,0.000,0,0,0,10403,10403,0,0
travel,48.962,1175.0,959.343,959.343,fly,1.147,ok,2601,0,0,192.00,308051968,434290688,114090264,95883264,18123768,2904,7449760,22132800,958,10403,10403,0,0,0,0,0,0,0,0,0.064,0.094,0.000,0,0,0,10403,10403,0,0
travel,48.993,1175.7,959.867,959.867,fly,1.283,ok,2601,0,0,192.00,308051968,434290688,114090264,95883264,18123768,2904,7449760,22132800,958,10403,10403,0,0,0,0,0,0,0,0,0.081,0.096,0.000,0,0,0,10403,10403,0,0
travel,49.035,1176.7,960.575,960.575,fly,0.818,ok,2601,0,0,192.00,308248576,434814976,114090264,95883264,18123768,2904,11174640,22132800,958,10504,10504,0,0,0,0,0,0,0,0,0.061,0.069,0.000,0,0,0,10504,10504,0,0
travel,49.067,1177.5,961.113,961.113,fly,0.824,ok,2601,0,0,192.00,308248576,434814976,114090264,95883264,18123768,2904,11174640,22132800,958,10504,10504,0,0,0,0,0,0,0,0,0.060,0.068,0.000,0,0,0,10504,10504,0,0
travel,49.098,1178.2,961.644,961.644,fly,0.962,ok,2601,0,0,192.00,308248576,434814976,114090264,95883264,18123768,2904,11174640,22132800,958,10504,10504,0,0,0,0,0,0,0,0,0.065,0.097,0.000,0,0,0,10504,10504,0,0
travel,49.129,1179.0,962.168,962.168,fly,0.823,ok,2601,0,0,192.00,308248576,434814976,114090264,95883264,18123768,2904,11174640,22132800,958,10504,10504,0,0,0,0,0,0,0,0,0.059,0.064,0.000,0,0,0,10504,10504,0,0
travel,49.161,1179.8,962.715,962.715,fly,0.837,ok,2601,0,0,192.00,308248576,434814976,114090264,95883264,18123768,2904,11174640,22132800,958,10504,10504,0,0,0,0,0,0,0,0,0.060,0.071,0.000,0,0,0,10504,10504,0,0
travel,49.191,1180.5,963.230,963.230,fly,1.183,ok,2601,0,0,192.00,308248576,434814976,114090264,95883264,18123768,2904,7449760,22132800,958,10504,10504,0,0,0,0,0,0,0,0,0.132,0.160,0.000,0,0,0,10504,10504,0,0
travel,49.223,1181.2,963.768,963.768,fly,0.822,ok,2601,0,0,192.00,308248576,434814976,114090264,95883264,18123768,2904,7449760,22132800,958,10504,10504,0,0,0,0,0,0,0,0,0.061,0.068,0.000,0,0,0,10504,10504,0,0
travel,49.254,1182.0,964.302,964.302,fly,0.826,ok,2601,0,0,192.00,308248576,434814976,114090264,95883264,18123768,2904,7449760,22132800,958,10504,10504,0,0,0,0,0,0,0,0,0.061,0.068,0.000,0,0,0,10504,10504,0,0
travel,49.286,1182.8,964.835,964.835,fly,0.963,ok,2601,0,0,192.00,308248576,434814976,114090264,95883264,18123768,2904,7449760,22132800,958,10504,10504,0,0,0,0,0,0,0,0,0.132,0.080,0.000,0,0,0,10504,10504,0,0
travel,49.316,1183.5,965.351,965.351,fly,0.858,ok,2601,0,0,192.00,308248576,434814976,114090264,95883264,18123768,2904,7449760,22132800,958,10504,10504,0,0,0,0,0,0,0,0,0.061,0.073,0.000,0,0,0,10504,10504,0,0
travel,49.348,1184.2,965.889,965.889,fly,0.801,ok,2601,0,0,192.00,308248576,434814976,114090264,95883264,18123768,2904,7449760,22132800,958,10504,10504,0,0,0,0,0,0,0,0,0.060,0.065,0.000,0,0,0,10504,10504,0,0
travel,49.379,1185.0,966.417,966.417,fly,0.971,ok,2601,0,0,192.00,308248576,434814976,114090264,95883264,18123768,2904,7449760,22132800,958,10504,10504,0,0,0,0,0,0,0,0,0.069,0.135,0.000,0,0,0,10504,10504,0,0
travel,49.409,1185.7,966.939,966.939,fly,0.985,ok,2601,0,0,192.00,308248576,434814976,114090264,95883264,18123768,2904,7449760,22132800,958,10504,10504,0,0,0,0,0,0,0,0,0.067,0.088,0.000,0,0,0,10504,10504,0,0
travel,49.440,1186.5,967.456,967.456,fly,1.150,ok,2601,0,0,192.00,308248576,434814976,114090264,95883264,18123768,2904,7449760,22132800,958,10504,10504,0,0,0,0,0,0,0,0,0.077,0.116,0.000,0,0,0,10504,10504,0,0
travel,49.471,1187.2,967.979,967.979,fly,0.832,ok,2601,0,0,192.00,308248576,434814976,114090264,95883264,18123768,2904,7449760,22132800,958,10504,10504,0,0,0,0,0,0,0,0,0.060,0.070,0.000,0,0,0,10504,10504,0,0
travel,49.516,1188.3,968.749,968.749,fly,0.900,ok,2601,0,0,192.00,309018624,435339264,114090264,95883264,18123768,2904,11174640,22132800,958,10605,10605,0,0,0,0,0,0,0,0,0.062,0.078,0.000,0,0,0,10605,10605,0,0
travel,49.546,1189.0,969.269,969.269,fly,0.860,ok,2601,0,0,192.00,309018624,435339264,114090264,95883264,18123768,2904,11174640,22132800,958,10605,10605,0,0,0,0,0,0,0,0,0.062,0.073,0.000,0,0,0,10605,10605,0,0
travel,49.578,1189.8,969.812,969.812,fly,0.933,ok,2601,0,0,192.00,309018624,435339264,114090264,95883264,18123768,2904,11174640,22132800,958,10605,10605,0,0,0,0,0,0,0,0,0.074,0.112,0.000,0,0,0,10605,10605,0,0
travel,49.610,1190.5,970.343,970.343,fly,0.826,ok,2601,0,0,192.00,309018624,435339264,114090264,95883264,18123768,2904,11174640,22132800,958,10605,10605,0,0,0,0,0,0,0,0,0.062,0.070,0.000,0,0,0,10605,10605,0,0
travel,49.641,1191.3,970.872,970.872,fly,0.823,ok,2601,0,0,192.00,309018624,435339264,114090264,95883264,18123768,2904,7449760,22132800,958,10605,10605,0,0,0,0,0,0,0,0,0.062,0.067,0.000,0,0,0,10605,10605,0,0
travel,49.672,1192.0,971.406,971.406,fly,0.887,ok,2601,0,0,192.00,309018624,435339264,114090264,95883264,18123768,2904,7449760,22132800,958,10605,10605,0,0,0,0,0,0,0,0,0.134,0.063,0.000,0,0,0,10605,10605,0,0
travel,49.703,1192.8,971.934,971.934,fly,0.809,ok,2601,0,0,192.00,309018624,435339264,114090264,95883264,18123768,2904,7449760,22132800,958,10605,10605,0,0,0,0,0,0,0,0,0.060,0.064,0.000,0,0,0,10605,10605,0,0
travel,49.733,1193.5,972.447,972.447,fly,0.815,ok,2601,0,0,192.00,309018624,435339264,114090264,95883264,18123768,2904,7449760,22132800,958,10605,10605,0,0,0,0,0,0,0,0,0.061,0.071,0.000,0,0,0,10605,10605,0,0
travel,49.764,1194.3,972.966,972.966,fly,0.966,ok,2601,0,0,192.00,309018624,435339264,114090264,95883264,18123768,2904,7449760,22132800,958,10605,10605,0,0,0,0,0,0,0,0,0.223,0.063,0.000,0,0,0,10605,10605,0,0
travel,49.794,1195.0,973.480,973.480,fly,1.216,ok,2601,0,0,192.00,309018624,435339264,114090264,95883264,18123768,2904,7449760,22132800,958,10605,10605,0,0,0,0,0,0,0,0,0.067,0.092,0.000,0,0,0,10605,10605,0,0
travel,49.825,1195.7,974.002,974.002,fly,0.974,ok,2601,0,0,192.00,309018624,435339264,114090264,95883264,18123768,2904,7449760,22132800,958,10605,10605,0,0,0,0,0,0,0,0,0.136,0.071,0.000,0,0,0,10605,10605,0,0
travel,49.856,1196.5,974.536,974.536,fly,0.803,ok,2601,0,0,192.00,309018624,435339264,114090264,95883264,18123768,2904,7449760,22132800,958,10605,10605,0,0,0,0,0,0,0,0,0.061,0.068,0.000,0,0,0,10605,10605,0,0
travel,49.887,1197.2,975.064,975.064,fly,0.858,ok,2601,0,0,192.00,309018624,435339264,114090264,95883264,18123768,2904,7449760,22132800,958,10605,10605,0,0,0,0,0,0,0,0,0.061,0.091,0.000,0,0,0,10605,10605,0,0
travel,49.918,1198.0,975.587,975.587,fly,0.821,ok,2601,0,0,192.00,309018624,435339264,114090264,95883264,18123768,2904,7449760,22132800,958,10605,10605,0,0,0,0,0,0,0,0,0.061,0.067,0.000,0,0,0,10605,10605,0,0
travel,49.960,1199.0,976.303,976.303,fly,0.866,ok,2601,0,0,192.00,309018624,435339264,114090264,95883264,18123768,2904,11174640,22132800,958,10706,10706,0,0,12,0,0,0,0,0,0.061,0.072,0.000,0,0,0,10706,10706,0,0
travel,49.990,1199.7,976.816,976.816,fly,0.800,ok,2601,0,0,192.00,309018624,435339264,114090264,95883264,18123768,2904,11174640,22132800,958,10706,10706,0,0,0,0,0,0,0,0,0.061,0.068,0.000,0,0,0,10706,10706,0,0
travel,50.022,1200.4,977.346,977.346,fly,0.809,ok,2601,0,0,192.00,309018624,435339264,114090264,95883264,18123768,2904,11174640,22132800,958,10706,10706,0,0,0,0,0,0,0,0,0.063,0.068,0.000,0,0,0,10706,10706,0,0
travel,50.052,1201.2,977.859,977.859,fly,0.802,ok,2601,0,0,192.00,309018624,435339264,114090264,95883264,18123768,2904,11174640,22132800,958,10706,10706,0,0,0,0,0,0,0,0,0.061,0.066,0.000,0,0,0,10706,10706,0,0
travel,50.082,1201.9,978.374,978.374,fly,0.814,ok,2601,0,0,192.00,309018624,435339264,114090264,95883264,18123768,2904,11174640,22132800,958,10706,10706,0,0,0,0,0,0,0,0,0.061,0.071,0.000,0,0,0,10706,10706,0,0
travel,50.113,1202.6,978.896,978.896,fly,0.829,ok,2601,0,0,192.00,309018624,435339264,114090264,95883264,18123768,2904,11174640,22132800,958,10706,10706,0,0,0,0,0,0,0,0,0.062,0.067,0.000,0,0,0,10706,10706,0,0
travel,50.143,1203.4,979.411,979.411,fly,1.001,ok,2601,0,0,192.00,309018624,435339264,114090264,95883264,18123768,2904,7449760,22132800,958,10706,10706,0,0,0,0,0,0,0,0,0.258,0.068,0.000,0,0,0,10706,10706,0,0
travel,50.175,1204.1,979.951,979.951,fly,0.792,ok,2601,0,0,192.00,309018624,435339264,114090264,95883264,18123768,2904,7449760,22132800,958,10706,10706,0,0,0,0,0,0,0,0,0.060,0.064,0.000,0,0,0,10706,10706,0,0
travel,50.206,1204.9,980.482,980.482,fly,0.860,ok,2601,0,0,192.00,309018624,435339264,114090264,95883264,18123768,2904,7449760,22132800,958,10706,10706,0,0,0,0,0,0,0,0,0.062,0.074,0.000,0,0,0,10706,10706,0,0
travel,50.236,1205.6,980.997,980.997,fly,0.808,ok,2601,0,0,192.00,309018624,435339264,114090264,95883264,18123768,2904,7449760,22132800,958,10706,10706,0,0,0,0,0,0,0,0,0.060,0.064,0.000,0,0,0,10706,10706,0,0
travel,50.268,1206.4,981.539,981.539,fly,0.833,ok,2601,0,0,192.00,309018624,435339264,114090264,95883264,18123768,2904,7449760,22132800,958,10706,10706,0,0,0,0,0,0,0,0,0.062,0.072,0.000,0,0,0,10706,10706,0,0
travel,50.299,1207.1,982.061,982.061,fly,1.249,ok,2601,0,0,192.00,309018624,435339264,114090264,95883264,18123768,2904,7449760,22132800,958,10706,10706,0,0,0,0,0,0,0,0,0.072,0.145,0.000,0,0,0,10706,10706,0,0
travel,50.330,1207.9,982.592,982.592,fly,0.880,ok,2601,0,0,192.00,309018624,435339264,114090264,95883264,18123768,2904,7449760,22132800,958,10706,10706,0,0,0,0,0,0,0,0,0.070,0.116,0.000,0,0,0,10706,10706,0,0
travel,50.363,1208.6,983.143,983.143,fly,0.819,ok,2601,0,0,192.00,309018624,435339264,114090264,95883264,18123768,2904,7449760,22132800,958,10706,10706,0,0,0,0,0,0,0,0,0.060,0.077,0.000,0,0,0,10706,10706,0,0
travel,50.393,1209.4,983.662,983.662,fly,0.834,ok,2601,0,0,192.00,309018624,435339264,114090264,95883264,18123768,2904,7449760,22132800,958,10706,10706,0,0,0,0,0,0,0,0,0.061,0.070,0.000,0,0,0,10706,10706,0,0
travel,50.436,1210.4,984.396,984.396,fly,1.181,ok,2601,0,0,192.00,309022720,437440512,114090264,95883264,18123768,2904,11174640,22132800,958,10807,10807,0,0,0,0,0,0,0,0,0.065,0.091,0.000,0,0,0,10807,10807,0,0
travel,50.467,1211.2,984.912,984.912,fly,1.222,ok,2601,0,0,192.00,309022720,437440512,114090264,95883264,18123768,2904,11174640,22132800,958,10807,10807,0,0,0,0,0,0,0,0,0.144,0.275,0.000,0,0,0,10807,10807,0,0
travel,50.498,1211.9,985.438,985.438,fly,0.798,ok,2601,0,0,192.00,309022720,437440512,114090264,95883264,18123768,2904,11174640,22132800,958,10807,10807,0,0,0,0,0,0,0,0,0.061,0.063,0.000,0,0,0,10807,10807,0,0
travel,50.528,1212.6,985.959,985.959,fly,0.944,ok,2601,0,0,192.00,309022720,437440512,114090264,95883264,18123768,2904,11174640,22132800,958,10807,10807,0,0,0,0,0,0,0,0,0.066,0.104,0.000,0,0,0,10807,10807,0,0
travel,50.560,1213.4,986.490,986.490,fly,1.252,ok,2601,0,0,192.00,309022720,437440512,114090264,95883264,18123768,2904,11174640,22132800,958,10807,10807,0,0,0,0,0,0,0,0,0.152,0.128,0.000,0,0,0,10807,10807,0,0
travel,50.592,1214.1,987.033,987.033,fly,0.802,ok,2601,0,0,192.00,309022720,437440512,114090264,95883264,18123768,2904,11174640,22132800,958,10807,10807,0,0,0,0,0,0,0,0,0.061,0.064,0.000,0,0,0,10807,10807,0,0
travel,50.625,1215.0,987.600,987.600,fly,0.806,ok,2601,0,0,192.00,309022720,437440512,114090264,95883264,18123768,2904,7449760,22132800,958,10807,10807,0,0,0,0,0,0,0,0,0.061,0.067,0.000,0,0,0,10807,10807,0,0
travel,50.657,1215.7,988.144,988.144,fly,0.910,ok,2601,0,0,192.00,309022720,437440512,114090264,95883264,18123768,2904,7449760,22132800,958,10807,10807,0,0,0,0,0,0,0,0,0.065,0.098,0.000,0,0,0,10807,10807,0,0
travel,50.688,1216.5,988.664,988.664,fly,1.211,ok,2601,0,0,192.00,309022720,437440512,114090264,95883264,18123768,2904,7449760,22132800,958,10807,10807,0,0,0,0,0,0,0,0,0.072,0.113,0.000,0,0,0,10807,10807,0,0
travel,50.718,1217.2,989.186,989.186,fly,0.807,ok,2601,0,0,192.00,309022720,437440512,114090264,95883264,18123768,2904,7449760,22132800,958,10807,10807,0,0,0,0,0,0,0,0,0.061,0.065,0.000,0,0,0,10807,10807,0,0
travel,50.748,1217.9,989.700,989.700,fly,0.958,ok,2601,0,0,192.00,309022720,437440512,114090264,95883264,18123768,2904,7449760,22132800,958,10807,10807,0,0,0,0,0,0,0,0,0.210,0.068,0.000,0,0,0,10807,10807,0,0
travel,50.779,1218.6,990.215,990.215,fly,0.834,ok,2601,0,0,192.00,309022720,437440512,114090264,95883264,18123768,2904,7449760,22132800,958,10807,10807,0,0,0,0,0,0,0,0,0.061,0.070,0.000,0,0,0,10807,10807,0,0
travel,50.811,1219.4,990.766,990.766,fly,0.826,ok,2601,0,0,192.00,309022720,437440512,114090264,95883264,18123768,2904,7449760,22132800,958,10807,10807,0,0,0,0,0,0,0,0,0.061,0.066,0.000,0,0,0,10807,10807,0,0
travel,50.842,1220.2,991.294,991.294,fly,1.217,ok,2601,0,0,192.00,309022720,437440512,114090264,95883264,18123768,2904,7449760,22132800,958,10807,10807,0,0,0,0,0,0,0,0,0.133,0.089,0.000,0,0,0,10807,10807,0,0
travel,50.873,1220.9,991.818,991.818,fly,0.794,ok,2601,0,0,192.00,309022720,437440512,114090264,95883264,18123768,2904,7449760,22132800,958,10807,10807,0,0,0,0,0,0,0,0,0.060,0.063,0.000,0,0,0,10807,10807,0,0
travel,50.915,1221.9,992.534,992.534,fly,0.896,ok,2601,0,0,192.00,309022720,437440512,114090264,95883264,18123768,2904,11174640,22132800,958,10908,10908,0,0,0,0,0,0,0,0,0.135,0.067,0.000,0,0,0,10908,10908,0,0
travel,50.947,1222.7,993.068,993.068,fly,0.862,ok,2601,0,0,192.00,309022720,437440512,114090264,95883264,18123768,2904,11174640,22132800,958,10908,10908,0,0,0,0,0,0,0,0,0.065,0.073,0.000,0,0,0,10908,10908,0,0
travel,50.977,1223.4,993.589,993.589,fly,0.833,ok,2601,0,0,192.00,309026816,437440512,114090264,95883264,18123768,2904,11174640,22132800,958,10908,10908,0,0,0,0,0,0,0,0,0.062,0.067,0.000,0,0,0,10908,10908,0,0
travel,51.008,1224.2,994.116,994.116,fly,0.878,ok,2601,0,0,192.00,309026816,437440512,114090264,95883264,18123768,2904,11174640,22132800,958,10908,10908,0,0,0,0,0,0,0,0,0.131,0.062,0.000,0,0,0,10908,10908,0,0
travel,51.040,1224.9,994.653,994.653,fly,0.894,ok,2601,0,0,192.00,309026816,437440512,114090264,95883264,18123768,2904,11174640,22132800,958,10908,10908,0,0,0,0,0,0,0,0,0.062,0.077,0.000,0,0,0,10908,10908,0,0
travel,51.071,1225.7,995.183,995.183,fly,0.896,ok,2601,0,0,192.00,309026816,437440512,114090264,95883264,18123768,2904,7449760,22132800,958,10908,10908,0,0,0,0,0,0,0,0,0.063,0.132,0.000,0,0,0,10908,10908,0,0
travel,51.102,1226.4,995.703,995.703,fly,0.917,ok,2601,0,0,192.00,309026816,437440512,114090264,95883264,18123768,2904,7449760,22132800,958,10908,10908,0,0,0,0,0,0,0,0,0.134,0.077,0.000,0,0,0,10908,10908,0,0
travel,51.133,1227.2,996.235,996.235,fly,0.946,ok,2601,0,0,192.00,309026816,437440512,114090264,95883264,18123768,2904,7449760,22132800,958,10908,10908,0,0,0,0,0,0,0,0,0.070,0.131,0.000,0,0,0,10908,10908,0,0
travel,51.164,1227.9,996.759,996.759,fly,0.812,ok,2601,0,0,192.00,309026816,437440512,114090264,95883264,18123768,2904,7449760,22132800,958,10908,10908,0,0,0,0,0,0,0,0,0.060,0.066,0.000,0,0,0,10908,10908,0,0
travel,51.194,1228.6,997.272,997.272,fly,0.967,ok,2601,0,0,192.00,309026816,437440512,114090264,95883264,18123768,2904,7449760,22132800,958,10908,10908,0,0,0,0,0,0,0,0,0.224,0.066,0.000,0,0,0,10908,10908,0,0
travel,51.225,1229.4,997.795,997.795,fly,0.844,ok,2601,0,0,192.00,309026816,437440512,114090264,95883264,18123768,2904,7449760,22132800,958,10908,10908,0,0,0,0,0,0,0,0,0.061,0.067,0.000,0,0,0,10908,10908,0,0
travel,51.255,1230.1,998.310,998.310,fly,0.806,ok,2601,0,0,192.00,309026816,437440512,114090264,95883264,18123768,2904,7449760,22132800,958,10908,10908,0,0,0,0,0,0,0,0,0.061,0.066,0.000,0,0,0,10908,10908,0,0
travel,51.287,1230.9,998.852,998.852,fly,0.834,ok,2601,0,0,192.00,309026816,437440512,114090264,95883264,18123768,2904,7449760,22132800,958,10908,10908,0,0,0,0,0,0,0,0,0.062,0.067,0.000,0,0,0,10908,10908,0,0
travel,51.318,1231.6,999.374,999.374,fly,0.946,ok,2601,0,0,192.00,309026816,437440512,114090264,95883264,18123768,2904,7449760,22132800,958,10908,10908,0,0,0,0,0,0,0,0,0.063,0.097,0.000,0,0,0,10908,10908,0,0
travel,51.348,1232.3,999.893,999.893,fly,0.820,ok,2601,0,0,192.00,309026816,437440512,114090264,95883264,18123768,2904,7449760,22132800,958,10908,10908,0,0,0,0,0,0,0,0,0.061,0.067,0.000,0,0,0,10908,10908,0,0
travel,51.391,1233.4,1000.622,1000.622,fly,0.812,ok,2601,0,0,192.00,309026816,437440512,114090264,95883264,18123768,2904,11174640,22132800,958,11009,11009,0,0,0,0,0,0,0,0,0.062,0.069,0.000,0,0,0,11009,11009,0,0
travel,51.423,1234.1,1001.158,1001.158,fly,1.284,ok,2601,0,0,192.00,309026816,437440512,114090264,95883264,18123768,2904,11174640,22132800,958,11009,11009,0,0,0,0,0,0,0,0,0.143,0.132,0.000,0,0,0,11009,11009,0,0
travel,51.455,1234.9,1001.700,1001.700,fly,0.893,ok,2601,0,0,192.00,309026816,437440512,114090264,95883264,18123768,2904,11174640,22132800,958,11009,11009,0,0,0,0,0,0,0,0,0.064,0.077,0.000,0,0,0,11009,11009,0,0
travel,51.486,1235.6,1002.235,1002.235,fly,0.868,ok,2601,0,0,192.00,309026816,437440512,114090264,95883264,18123768,2904,11174640,22132800,958,11009,11009,0,0,0,0,0,0,0,0,0.063,0.077,0.000,0,0,0,11009,11009,0,0
travel,51.517,1236.4,1002.758,1002.758,fly,0.897,ok,2601,0,0,192.00,309026816,437440512,114090264,95883264,18123768,2904,11174640,22132800,958,11009,11009,0,0,0,0,0,0,0,0,0.063,0.077,0.000,0,0,0,11009,11009,0,0
travel,51.548,1237.1,1003.289,1003.289,fly,0.826,ok,2601,0,0,192.00,309030912,437440512,114090264,95883264,18123768,2904,7449760,22132800,958,11009,11009,0,0,0,0,0,0,0,0,0.061,0.069,0.000,0,0,0,11009,11009,0,0
travel,51.579,1237.9,1003.823,1003.823,fly,0.807,ok,2601,0,0,192.00,309030912,437440512,114090264,95883264,18123768,2904,7449760,22132800,958,11009,11009,0,0,0,0,0,0,0,0,0.061,0.068,0.000,0,0,0,11009,11009,0,0
travel,51.610,1238.6,1004.337,1004.337,fly,0.853,ok,2601,0,0,192.00,309030912,437440512,114090264,95883264,18123768,2904,7449760,22132800,958,11009,11009,0,0,0,0,0,0,0,0,0.063,0.081,0.000,0,0,0,11009,11009,0,0
travel,51.641,1239.4,1004.866,1004.866,fly,0.805,ok,2601,0,0,192.00,309030912,437440512,114090264,95883264,18123768,2904,7449760,22132800,958,11009,11009,0,0,0,0,0,0,0,0,0.060,0.064,0.000,0,0,0,11009,11009,0,0
travel,51.673,1240.1,1005.404,1005.404,fly,0.802,ok,2601,0,0,192.00,309030912,437440512,114090264,95883264,18123768,2904,7449760,22132800,958,11009,11009,0,0,0,0,0,0,0,0,0.061,0.066,0.000,0,0,0,11009,11009,0,0
travel,51.703,1240.9,1005.920,1005.920,fly,0.857,ok,2601,0,0,192.00,309030912,437440512,114090264,95883264,18123768,2904,7449760,22132800,958,11009,11009,0,0,0,0,0,0,0,0,0.063,0.081,0.000,0,0,0,11009,11009,0,0
travel,51.734,1241.6,1006.444,1006.444,fly,0.860,ok,2601,0,0,192.00,309030912,437440512,114090264,95883264,18123768,2904,7449760,22132800,958,11009,11009,0,0,0,0,0,0,0,0,0.061,0.105,0.000,0,0,0,11009,11009,0,0
travel,51.765,1242.3,1006.971,1006.971,fly,1.003,ok,2601,0,0,192.00,309030912,437440512,114090264,95883264,18123768,2904,7449760,22132800,958,11009,11009,0,0,0,0,0,0,0,0,0.065,0.092,0.000,0,0,0,11009,11009,0,0
travel,51.795,1243.1,1007.485,1007.485,fly,0.828,ok,2601,0,0,192.00,309030912,437440512,114090264,95883264,18123768,2904,7449760,22132800,958,11009,11009,0,0,0,0,0,0,0,0,0.060,0.068,0.000,0,0,0,11009,11009,0,0
travel,51.830,1243.9,1008.087,1008.087,fly,3.895,ok,2558,43,127,192.00,309030912,437440512,112204112,94298112,17824144,2904,11174640,17750952,958,11067,11110,24,0,55,24,24,0,0,0,0.137,0.105,0.000,0,0,0,11067,11067,0,0
travel,51.870,1244.9,1008.755,1008.755,fly,0.944,ok,2601,0,0,192.00,309030912,437440512,114090264,95883264,18123768,2904,11174640,22132800,958,11110,11110,0,0,0,0,0,0,0,0,0.135,0.079,0.000,0,0,0,11110,11110,0,0
travel,51.901,1245.6,1009.290,1009.290,fly,0.835,ok,2601,0,0,192.00,309030912,437440512,114090264,95883264,18123768,2904,11174640,22132800,958,11110,11110,0,0,0,0,0,0,0,0,0.063,0.077,0.000,0,0,0,11110,11110,0,0
travel,51.932,1246.4,1009.823,1009.823,fly,0.835,ok,2601,0,0,192.00,309030912,437440512,114090264,95883264,18123768,2904,11174640,22132800,958,11110,11110,0,0,0,0,0,0,0,0,0.063,0.073,0.000,0,0,0,11110,11110,0,0
travel,51.963,1247.1,1010.345,1010.345,fly,0.882,ok,2601,0,0,192.00,309030912,437440512,114090264,95883264,18123768,2904,11174640,22132800,958,11110,11110,0,0,0,0,0,0,0,0,0.106,0.072,0.000,0,0,0,11110,11110,0,0
travel,51.994,1247.9,1010.877,1010.877,fly,0.813,ok,2601,0,0,192.00,309030912,437440512,114090264,95883264,18123768,2904,7449760,22132800,958,11110,11110,0,0,0,0,0,0,0,0,0.062,0.067,0.001,0,0,0,11110,11110,0,0
travel,52.027,1248.6,1011.426,1011.426,fly,0.834,ok,2601,0,0,192.00,309030912,437440512,114090264,95883264,18123768,2904,7449760,22132800,958,11110,11110,0,0,0,0,0,0,0,0,0.062,0.070,0.000,0,0,0,11110,11110,0,0
travel,52.057,1249.4,1011.939,1011.939,fly,0.915,ok,2601,0,0,192.00,309030912,437440512,114090264,95883264,18123768,2904,7449760,22132800,958,11110,11110,0,0,0,0,0,0,0,0,0.069,0.113,0.000,0,0,0,11110,11110,0,0
travel,52.090,1250.2,1012.496,1012.496,fly,0.910,ok,2601,0,0,192.00,309071872,437440512,114090264,95883264,18123768,2904,7449760,22132800,958,11110,11110,0,0,0,0,0,0,0,0,0.161,0.065,0.000,0,0,0,11110,11110,0,0
travel,52.121,1250.9,1013.025,1013.025,fly,0.909,ok,2601,0,0,192.00,309071872,437440512,114090264,95883264,18123768,2904,7449760,22132800,958,11110,11110,0,0,0,0,0,0,0,0,0.062,0.073,0.000,0,0,0,11110,11110,0,0
travel,52.151,1251.6,1013.543,1013.543,fly,1.379,ok,2601,0,0,192.00,309071872,437440512,114090264,95883264,18123768,2904,7449760,22132800,958,11110,11110,0,0,0,0,0,0,0,0,0.364,0.141,0.000,0,0,0,11110,11110,0,0
travel,52.183,1252.4,1014.084,1014.084,fly,0.899,ok,2601,0,0,192.00,309071872,437440512,114090264,95883264,18123768,2904,7449760,22132800,958,11110,11110,0,0,0,0,0,0,0,0,0.136,0.064,0.000,0,0,0,11110,11110,0,0
travel,52.215,1253.2,1014.619,1014.619,fly,0.908,ok,2601,0,0,192.00,309071872,437440512,114090264,95883264,18123768,2904,7449760,22132800,958,11110,11110,0,0,0,0,0,0,0,0,0.069,0.110,0.000,0,0,0,11110,11110,0,0
travel,52.246,1253.9,1015.151,1015.151,fly,0.960,ok,2601,0,0,192.00,309071872,437440512,114090264,95883264,18123768,2904,7449760,22132800,958,11110,11110,0,0,0,0,0,0,0,0,0.064,0.083,0.000,0,0,0,11110,11110,0,0
travel,52.276,1254.6,1015.665,1015.665,fly,0.809,ok,2601,0,0,192.00,309071872,437440512,114090264,95883264,18123768,2904,7449760,22132800,958,11110,11110,0,0,0,0,0,0,0,0,0.062,0.067,0.000,0,0,0,11110,11110,0,0
travel,52.317,1255.6,1016.360,1016.360,fly,0.960,ok,2601,0,0,192.00,309071872,437440512,114090264,95883264,18123768,2904,11174640,22132800,958,11211,11211,0,0,0,0,0,0,0,0,0.136,0.075,0.000,0,0,0,11211,11211,0,0
travel,52.348,1256.4,1016.879,1016.879,fly,1.032,ok,2601,0,0,192.00,309071872,437440512,114090264,95883264,18123768,2904,11174640,22132800,958,11211,11211,0,0,0,0,0,0,0,0,0.069,0.111,0.000,0,0,0,11211,11211,0,0
travel,52.378,1257.1,1017.393,1017.393,fly,0.804,ok,2601,0,0,192.00,309071872,437440512,114090264,95883264,18123768,2904,11174640,22132800,958,11211,11211,0,0,0,0,0,0,0,0,0.062,0.064,0.000,0,0,0,11211,11211,0,0
travel,52.409,1257.8,1017.924,1017.924,fly,1.017,ok,2601,0,0,192.00,309071872,437440512,114090264,95883264,18123768,2904,11174640,22132800,958,11211,11211,0,0,0,0,0,0,0,0,0.146,0.111,0.000,0,0,0,11211,11211,0,0
travel,52.439,1258.6,1018.440,1018.440,fly,0.830,ok,2601,0,0,192.00,309071872,437440512,114090264,95883264,18123768,2904,11174640,22132800,958,11211,11211,0,0,0,0,0,0,0,0,0.062,0.063,0.000,0,0,0,11211,11211,0,0
travel,52.472,1259.3,1018.985,1018.985,fly,0.827,ok,2601,0,0,192.00,309071872,437440512,114090264,95883264,18123768,2904,7449760,22132800,958,11211,11211,0,0,0,0,0,0,0,0,0.062,0.067,0.000,0,0,0,11211,11211,0,0
travel,52.504,1260.1,1019.541,1019.541,fly,0.816,ok,2601,0,0,192.00,309071872,437440512,114090264,95883264,18123768,2904,7449760,22132800,958,11211,11211,0,0,0,0,0,0,0,0,0.061,0.069,0.000,0,0,0,11211,11211,0,0
travel,52.536,1260.9,1020.086,1020.086,fly,0.838,ok,2601,0,0,192.00,309071872,437440512,114090264,95883264,18123768,2904,7449760,22132800,958,11211,11211,0,0,0,0,0,0,0,0,0.066,0.070,0.000,0,0,0,11211,11211,0,0
travel,52.567,1261.6,1020.607,1020.607,fly,1.341,ok,2601,0,0,192.00,309071872,437440512,114090264,95883264,18123768,2904,7449760,22132800,958,11211,11211,0,0,0,0,0,0,0,0,0.309,0.136,0.000,0,0,0,11211,11211,0,0
travel,52.599,1262.4,1021.147,1021.147,fly,0.816,ok,2601,0,0,192.00,309071872,437440512,114090264,95883264,18123768,2904,7449760,22132800,958,11211,11211,0,0,0,0,0,0,0,0,0.061,0.064,0.000,0,0,0,11211,11211,0,0
travel,52.631,1263.2,1021.702,1021.702,fly,1.265,ok,2601,0,0,192.00,309075968,437440512,114090264,95883264,18123768,2904,7449760,22132800,958,11211,11211,0,0,0,0,0,0,0,0,0.071,0.119,0.000,0,0,0,11211,11211,0,0
travel,52.663,1263.9,1022.232,1022.232,fly,0.826,ok,2601,0,0,192.00,309075968,437440512,114090264,95883264,18123768,2904,7449760,22132800,958,11211,11211,0,0,0,0,0,0,0,0,0.062,0.065,0.000,0,0,0,11211,11211,0,0
travel,52.694,1264.7,1022.760,1022.760,fly,0.829,ok,2601,0,0,192.00,309075968,437440512,114090264,95883264,18123768,2904,7449760,22132800,958,11211,11211,0,0,0,0,0,0,0,0,0.063,0.069,0.000,0,0,0,11211,11211,0,0
travel,52.726,1265.4,1023.305,1023.305,fly,0.875,ok,2601,0,0,192.00,309075968,437440512,114090264,95883264,18123768,2904,7449760,22132800,958,11211,11211,0,0,0,0,0,0,0,0,0.063,0.073,0.000,0,0,0,11211,11211,0,0
travel,52.756,1266.2,1023.824,1023.824,fly,1.824,ok,2601,0,0,192.00,309075968,437440512,114090264,95883264,18123768,2904,7449760,22132800,958,11211,11211,0,0,0,0,0,0,0,0,0.885,0.158,0.000,0,0,0,11211,11211,0,0
travel,52.799,1267.2,1024.547,1024.547,fly,0.922,ok,2601,0,0,192.00,309075968,437440512,114090264,95883264,18123768,2904,11174640,22132800,958,11312,11312,0,0,0,0,0,0,0,0,0.073,0.109,0.000,0,0,0,11312,11312,0,0
travel,52.830,1268.0,1025.080,1025.080,fly,0.910,ok,2601,0,0,192.00,309075968,437440512,114090264,95883264,18123768,2904,11174640,22132800,958,11312,11312,0,0,0,0,0,0,0,0,0.132,0.067,0.000,0,0,0,11312,11312,0,0
travel,52.861,1268.7,1025.605,1025.605,fly,0.808,ok,2601,0,0,192.00,309075968,437440512,114090264,95883264,18123768,2904,11174640,22132800,958,11312,11312,0,0,0,0,0,0,0,0,0.061,0.063,0.000,0,0,0,11312,11312,0,0
travel,52.891,1269.4,1026.117,1026.117,fly,0.919,ok,2601,0,0,192.00,309075968,437440512,114090264,95883264,18123768,2904,11174640,22132800,958,11312,11312,0,0,0,0,0,0,0,0,0.132,0.074,0.000,0,0,0,11312,11312,0,0
travel,52.922,1270.2,1026.646,1026.646,fly,0.906,ok,2601,0,0,192.00,309075968,437440512,114090264,95883264,18123768,2904,11174640,22132800,958,11312,11312,0,0,0,0,0,0,0,0,0.159,0.062,0.000,0,0,0,11312,11312,0,0
travel,52.954,1270.9,1027.187,1027.187,fly,0.807,ok,2601,0,0,192.00,309075968,437440512,114090264,95883264,18123768,2904,7449760,22132800,958,11312,11312,0,0,0,0,0,0,0,0,0.061,0.064,0.000,0,0,0,11312,11312,0,0
travel,52.985,1271.7,1027.710,1027.710,fly,1.050,ok,2601,0,0,192.00,309075968,437440512,114090264,95883264,18123768,2904,7449760,22132800,958,11312,11312,0,0,0,0,0,0,0,0,0.135,0.117,0.000,0,0,0,11312,11312,0,0
travel,53.018,1272.5,1028.264,1028.264,fly,0.914,ok,2601,0,0,192.00,309075968,437440512,114090264,95883264,18123768,2904,7449760,22132800,958,11312,11312,0,0,0,0,0,0,0,0,0.138,0.069,0.000,0,0,0,11312,11312,0,0
travel,53.048,1273.2,1028.788,1028.788,fly,0.835,ok,2601,0,0,192.00,309075968,437440512,114090264,95883264,18123768,2904,7449760,22132800,958,11312,11312,0,0,0,0,0,0,0,0,0.063,0.070,0.000,0,0,0,11312,11312,0,0
travel,53.080,1274.0,1029.328,1029.328,fly,0.806,ok,2601,0,0,192.00,309075968,437440512,114090264,95883264,18123768,2904,7449760,22132800,958,11312,11312,0,0,0,0,0,0,0,0,0.061,0.065,0.000,0,0,0,11312,11312,0,0
travel,53.112,1274.7,1029.864,1029.864,fly,0.838,ok,2601,0,0,192.00,309075968,437440512,114090264,95883264,18123768,2904,7449760,22132800,958,11312,11312,0,0,0,0,0,0,0,0,0.063,0.072,0.000,0,0,0,11312,11312,0,0
travel,53.144,1275.5,1030.409,1030.409,fly,0.841,ok,2601,0,0,192.00,309075968,437440512,114090264,95883264,18123768,2904,7449760,22132800,958,11312,11312,0,0,0,0,0,0,0,0,0.063,0.068,0.000,0,0,0,11312,11312,0,0
travel,53.174,1276.2,1030.925,1030.925,fly,1.239,ok,2601,0,0,192.00,309080064,437440512,114090264,95883264,18123768,2904,7449760,22132800,958,11312,11312,0,0,0,0,0,0,0,0,0.068,0.429,0.000,0,0,0,11312,11312,0,0
travel,53.206,1277.0,1031.468,1031.468,fly,0.891,ok,2601,0,0,192.00,309080064,437440512,114090264,95883264,18123768,2904,7449760,22132800,958,11312,11312,0,0,0,0,0,0,0,0,0.060,0.142,0.000,0,0,0,11312,11312,0,0
travel,53.237,1277.7,1031.989,1031.989,fly,0.836,ok,2601,0,0,192.00,309080064,437440512,114090264,95883264,18123768,2904,7449760,22132800,958,11312,11312,0,0,0,0,0,0,0,0,0.061,0.067,0.000,0,0,0,11312,11312,0,0
travel,53.278,1278.7,1032.697,1032.697,fly,1.083,ok,2601,0,0,192.00,309080064,437440512,114090264,95883264,18123768,2904,11174640,22132800,958,11413,11413,0,0,0,0,0,0,0,0,0.141,0.124,0.000,0,0,0,11413,11413,0,0
travel,53.311,1279.5,1033.248,1033.248,fly,0.910,ok,2601,0,0,192.00,309080064,437440512,114090264,95883264,18123768,2904,11174640,22132800,958,11413,11413,0,0,0,0,0,0,0,0,0.070,0.112,0.000,0,0,0,11413,11413,0,0
travel,53.342,1280.3,1033.782,1033.782,fly,0.995,ok,2601,0,0,192.00,309080064,437440512,114090264,95883264,18123768,2904,11174640,22132800,958,11413,11413,0,0,0,0,0,0,0,0,0.067,0.110,0.000,0,0,0,11413,11413,0,0
travel,53.379,1281.1,1034.405,1034.405,fly,1.192,ok,2601,0,0,192.00,309080064,437440512,114090264,95883264,18123768,2904,11174640,22132800,958,11413,11413,0,0,0,0,0,0,0,0,0.077,0.165,0.000,0,0,0,11413,11413,0,0
travel,53.418,1282.1,1035.065,1035.065,fly,1.233,ok,2601,0,0,192.00,309080064,437440512,114090264,95883264,18123768,2904,7449760,22132800,958,11413,11413,0,0,0,0,0,0,0,0,0.132,0.095,0.000,0,0,0,11413,11413,0,0
travel,53.455,1283.0,1035.703,1035.703,fly,1.062,ok,2601,0,0,192.00,309080064,437440512,114090264,95883264,18123768,2904,7449760,22132800,958,11413,11413,0,0,0,0,0,0,0,0,0.066,0.086,0.000,0,0,0,11413,11413,0,0
travel,53.487,1283.7,1036.234,1036.234,fly,0.876,ok,2601,0,0,192.00,309080064,437440512,114090264,95883264,18123768,2904,7449760,22132800,958,11413,11413,0,0,0,0,0,0,0,0,0.132,0.061,0.000,0,0,0,11413,11413,0,0
travel,53.517,1284.5,1036.757,1036.757,fly,0.803,ok,2601,0,0,192.00,309080064,437440512,114090264,95883264,18123768,2904,7449760,22132800,958,11413,11413,0,0,0,0,0,0,0,0,0.062,0.063,0.000,0,0,0,11413,11413,0,0
travel,53.549,1285.2,1037.294,1037.294,fly,0.811,ok,2601,0,0,192.00,309080064,437440512,114090264,95883264,18123768,2904,7449760,22132800,958,11413,11413,0,0,0,0,0,0,0,0,0.062,0.063,0.000,0,0,0,11413,11413,0,0
travel,53.586,1286.1,1037.921,1037.921,fly,0.989,ok,2601,0,0,192.00,309080064,437440512,114090264,95883264,18123768,2904,7449760,22132800,958,11413,11413,0,0,0,0,0,0,0,0,0.063,0.162,0.000,0,0,0,11413,11413,0,0
travel,53.623,1287.0,1038.552,1038.552,fly,1.671,ok,2601,0,0,192.00,309080064,437440512,114090264,95883264,18123768,2904,7449760,22132800,958,11413,11413,0,0,0,0,0,0,0,0,0.091,0.221,0.000,0,0,0,11413,11413,0,0
travel,53.658,1287.9,1039.150,1039.150,fly,1.006,ok,2601,0,0,192.00,309080064,437440512,114090264,95883264,18123768,2904,7449760,22132800,958,11413,11413,0,0,0,0,0,0,0,0,0.073,0.133,0.000,0,0,0,11413,11413,0,0
travel,53.695,1288.7,1039.772,1039.772,fly,1.020,ok,2601,0,0,192.00,309080064,437440512,114090264,95883264,18123768,2904,7449760,22132800,958,11413,11413,0,0,0,0,0,0,0,0,0.064,0.084,0.000,0,0,0,11413,11413,0,0
travel,53.740,1289.8,1040.544,1040.544,fly,0.846,ok,2601,0,0,192.00,309080064,437440512,114090264,95883264,18123768,2904,11174640,22132800,958,11514,11514,0,0,0,0,0,0,0,0,0.062,0.070,0.000,0,0,0,11514,11514,0,0
travel,53.771,1290.6,1041.068,1041.068,fly,0.962,ok,2601,0,0,192.00,309084160,437440512,114090264,95883264,18123768,2904,11174640,22132800,958,11514,11514,0,0,0,0,0,0,0,0,0.134,0.078,0.000,0,0,0,11514,11514,0,0
travel,53.803,1291.3,1041.605,1041.605,fly,0.836,ok,2601,0,0,192.00,309084160,437440512,114090264,95883264,18123768,2904,11174640,22132800,958,11514,11514,0,0,0,0,0,0,0,0,0.063,0.070,0.000,0,0,0,11514,11514,0,0
travel,53.833,1292.1,1042.122,1042.122,fly,0.832,ok,2601,0,0,192.00,309084160,437440512,114090264,95883264,18123768,2904,11174640,22132800,958,11514,11514,0,0,0,0,0,0,0,0,0.062,0.066,0.000,0,0,0,11514,11514,0,0
travel,53.864,1292.8,1042.650,1042.650,fly,0.909,ok,2601,0,0,192.00,309084160,437440512,114090264,95883264,18123768,2904,7449760,22132800,958,11514,11514,0,0,0,0,0,0,0,0,0.072,0.111,0.000,0,0,0,11514,11514,0,0
travel,53.895,1293.5,1043.165,1043.165,fly,1.007,ok,2601,0,0,192.00,309084160,437440512,114090264,95883264,18123768,2904,7449760,22132800,958,11514,11514,0,0,0,0,0,0,0,0,0.072,0.149,0.000,0,0,0,11514,11514,0,0
travel,53.926,1294.3,1043.701,1043.701,fly,0.824,ok,2601,0,0,192.00,309084160,437440512,114090264,95883264,18123768,2904,7449760,22132800,958,11514,11514,0,0,0,0,0,0,0,0,0.062,0.065,0.000,0,0,0,11514,11514,0,0
travel,53.958,1295.0,1044.236,1044.236,fly,0.920,ok,2601,0,0,192.00,309084160,437440512,114090264,95883264,18123768,2904,7449760,22132800,958,11514,11514,0,0,0,0,0,0,0,0,0.071,0.110,0.000,0,0,0,11514,11514,0,0
travel,53.988,1295.8,1044.758,1044.758,fly,1.273,ok,2601,0,0,192.00,309084160,437440512,114090264,95883264,18123768,2904,7449760,22132800,958,11514,11514,0,0,0,0,0,0,0,0,0.069,0.117,0.000,0,0,0,11514,11514,0,0
travel,54.019,1296.5,1045.283,1045.283,fly,0.844,ok,2601,0,0,192.00,309084160,437440512,114090264,95883264,18123768,2904,7449760,22132800,958,11514,11514,0,0,0,0,0,0,0,0,0.062,0.073,0.000,0,0,0,11514,11514,0,0
travel,54.050,1297.3,1045.812,1045.812,fly,0.884,ok,2601,0,0,192.00,309084160,437440512,114090264,95883264,18123768,2904,7449760,22132800,958,11514,11514,0,0,0,0,0,0,0,0,0.136,0.066,0.000,0,0,0,11514,11514,0,0
travel,54.081,1298.0,1046.336,1046.336,fly,0.833,ok,2601,0,0,192.00,309084160,437440512,114090264,95883264,18123768,2904,7449760,22132800,958,11514,11514,0,0,0,0,0,0,0,0,0.062,0.068,0.000,0,0,0,11514,11514,0,0
travel,54.112,1298.8,1046.863,1046.863,fly,0.811,ok,2601,0,0,192.00,309084160,437440512,114090264,95883264,18123768,2904,7449760,22132800,958,11514,11514,0,0,0,0,0,0,0,0,0.060,0.063,0.000,0,0,0,11514,11514,0,0
travel,54.144,1299.5,1047.411,1047.411,fly,1.052,ok,2601,0,0,192.00,309084160,437440512,114090264,95883264,18123768,2904,7449760,22132800,958,11514,11514,0,0,0,0,0,0,0,0,0.066,0.090,0.000,0,0,0,11514,11514,0,0
travel,54.175,1300.3,1047.936,1047.936,fly,1.087,ok,2601,0,0,192.00,309084160,437440512,114090264,95883264,18123768,2904,7449760,22132800,958,11514,11514,0,0,0,0,0,0,0,0,0.075,0.231,0.000,0,0,0,11514,11514,0,0
travel,54.218,1301.3,1048.664,1048.664,fly,0.826,ok,2601,0,0,192.00,309084160,437440512,114090264,95883264,18123768,2904,11174640,22132800,958,11615,11615,0,0,0,0,0,0,0,0,0.063,0.068,0.000,0,0,0,11615,11615,0,0
travel,54.249,1302.0,1049.186,1049.186,fly,0.877,ok,2601,0,0,192.00,309084160,437440512,114090264,95883264,18123768,2904,11174640,22132800,958,11615,11615,0,0,0,0,0,0,0,0,0.063,0.080,0.000,0,0,0,11615,11615,0,0
travel,54.279,1302.8,1049.706,1049.706,fly,0.830,ok,2601,0,0,192.00,309084160,437440512,114090264,95883264,18123768,2904,11174640,22132800,958,11615,11615,0,0,0,0,0,0,0,0,0.063,0.073,0.000,0,0,0,11615,11615,0,0
travel,54.311,1303.5,1050.237,1050.237,fly,1.014,ok,2601,0,0,192.00,309088256,437440512,114090264,95883264,18123768,2904,11174640,22132800,958,11615,11615,0,0,0,0,0,0,0,0,0.264,0.069,0.000,0,0,0,11615,11615,0,0
travel,54.341,1304.3,1050.752,1050.752,fly,0.806,ok,2601,0,0,192.00,309088256,437440512,114090264,95883264,18123768,2904,7449760,22132800,958,11615,11615,0,0,0,0,0,0,0,0,0.061,0.066,0.000,0,0,0,11615,11615,0,0
travel,54.372,1305.0,1051.287,1051.287,fly,0.917,ok,2601,0,0,192.00,309088256,437440512,114090264,95883264,18123768,2904,7449760,22132800,958,11615,11615,0,0,0,0,0,0,0,0,0.134,0.068,0.000,0,0,0,11615,11615,0,0
travel,54.405,1305.8,1051.834,1051.834,fly,0.850,ok,2601,0,0,192.00,309088256,437440512,114090264,95883264,18123768,2904,7449760,22132800,958,11615,11615,0,0,0,0,0,0,0,0,0.063,0.074,0.000,0,0,0,11615,11615,0,0
travel,54.435,1306.5,1052.353,1052.353,fly,0.826,ok,2601,0,0,192.00,309088256,437440512,114090264,95883264,18123768,2904,7449760,22132800,958,11615,11615,0,0,0,0,0,0,0,0,0.062,0.068,0.000,0,0,0,11615,11615,0,0
travel,54.467,1307.3,1052.894,1052.894,fly,0.844,ok,2601,0,0,192.00,309088256,437440512,114090264,95883264,18123768,2904,7449760,22132800,958,11615,11615,0,0,0,0,0,0,0,0,0.064,0.067,0.000,0,0,0,11615,11615,0,0
travel,54.498,1308.0,1053.418,1053.418,fly,0.892,ok,2601,0,0,192.00,309088256,437440512,114090264,95883264,18123768,2904,7449760,22132800,958,11615,11615,0,0,0,0,0,0,0,0,0.133,0.070,0.000,0,0,0,11615,11615,0,0
travel,54.529,1308.8,1053.955,1053.955,fly,1.101,ok,2601,0,0,192.00,309088256,437440512,114090264,95883264,18123768,2904,7449760,22132800,958,11615,11615,0,0,0,0,0,0,0,0,0.065,0.086,0.000,0,0,0,11615,11615,0,0
travel,54.560,1309.5,1054.476,1054.476,fly,1.135,ok,2601,0,0,192.00,309088256,437440512,114090264,95883264,18123768,2904,7449760,22132800,958,11615,11615,0,0,0,0,0,0,0,0,0.235,0.112,0.000,0,0,0,11615,11615,0,0
travel,54.591,1310.3,1055.001,1055.001,fly,0.946,ok,2601,0,0,192.00,309088256,437440512,114090264,95883264,18123768,2904,7449760,22132800,958,11615,11615,0,0,0,0,0,0,0,0,0.133,0.063,0.000,0,0,0,11615,11615,0,0
travel,54.622,1311.0,1055.527,1055.527,fly,0.806,ok,2601,0,0,192.00,309088256,437440512,114090264,95883264,18123768,2904,7449760,22132800,958,11615,11615,0,0,0,0,0,0,0,0,0.060,0.065,0.000,0,0,0,11615,11615,0,0
travel,54.659,1311.9,1056.158,1056.158,fly,3.798,ok,2583,18,66,192.00,309088256,437440512,113300712,95219712,17998344,2904,11174640,19628688,958,11698,11716,24,0,77,24,24,0,0,0,0.082,0.096,0.000,0,0,0,11698,11698,0,0
travel,54.695,1312.8,1056.774,1056.774,fly,0.829,ok,2601,0,0,192.00,309088256,437440512,114090264,95883264,18123768,2904,11174640,22132800,958,11716,11716,0,0,0,0,0,0,0,0,0.063,0.067,0.000,0,0,0,11716,11716,0,0
travel,54.726,1313.5,1057.299,1057.299,fly,0.823,ok,2601,0,0,192.00,309088256,437440512,114090264,95883264,18123768,2904,11174640,22132800,958,11716,11716,0,0,0,0,0,0,0,0,0.062,0.070,0.000,0,0,0,11716,11716,0,0
travel,54.757,1314.3,1057.828,1057.828,fly,1.014,ok,2601,0,0,192.00,309088256,437440512,114090264,95883264,18123768,2904,11174640,22132800,958,11716,11716,0,0,0,0,0,0,0,0,0.203,0.073,0.000,0,0,0,11716,11716,0,0
travel,54.788,1315.0,1058.352,1058.352,fly,0.839,ok,2601,0,0,192.00,309088256,437440512,114090264,95883264,18123768,2904,11174640,22132800,958,11716,11716,0,0,0,0,0,0,0,0,0.061,0.090,0.000,0,0,0,11716,11716,0,0
travel,54.819,1315.8,1058.879,1058.879,fly,0.941,ok,2601,0,0,192.00,309088256,437440512,114090264,95883264,18123768,2904,11174640,22132800,958,11716,11716,0,0,0,0,0,0,0,0,0.075,0.117,0.000,0,0,0,11716,11716,0,0
travel,54.850,1316.5,1059.395,1059.395,fly,0.905,ok,2601,0,0,192.00,309092352,437440512,114090264,95883264,18123768,2904,7449760,22132800,958,11716,11716,0,0,0,0,0,0,0,0,0.135,0.070,0.000,0,0,0,11716,11716,0,0
travel,54.881,1317.3,1059.937,1059.937,fly,0.836,ok,2601,0,0,192.00,309092352,437440512,114090264,95883264,18123768,2904,7449760,22132800,958,11716,11716,0,0,0,0,0,0,0,0,0.063,0.069,0.000,0,0,0,11716,11716,0,0
travel,54.913,1318.0,1060.469,1060.469,fly,0.906,ok,2601,0,0,192.00,309092352,437440512,114090264,95883264,18123768,2904,7449760,22132800,958,11716,11716,0,0,0,0,0,0,0,0,0.066,0.074,0.000,0,0,0,11716,11716,0,0
travel,54.943,1318.7,1060.986,1060.986,fly,0.838,ok,2601,0,0,192.00,309092352,437440512,114090264,95883264,18123768,2904,7449760,22132800,958,11716,11716,0,0,0,0,0,0,0,0,0.062,0.076,0.000,0,0,0,11716,11716,0,0
travel,54.974,1319.5,1061.515,1061.515,fly,0.832,ok,2601,0,0,192.00,309092352,437440512,114090264,95883264,18123768,2904,7449760,22132800,958,11716,11716,0,0,0,0,0,0,0,0,0.062,0.072,0.000,0,0,0,11716,11716,0,0
travel,55.004,1320.2,1062.028,1062.028,fly,0.819,ok,2601,0,0,192.00,309092352,437440512,114090264,95883264,18123768,2904,7449760,22132800,958,11716,11716,0,0,0,0,0,0,0,0,0.061,0.068,0.000,0,0,0,11716,11716,0,0
travel,55.036,1321.0,1062.564,1062.564,fly,0.901,ok,2601,0,0,192.00,309092352,437440512,114090264,95883264,18123768,2904,7449760,22132800,958,11716,11716,0,0,0,0,0,0,0,0,0.133,0.063,0.000,0,0,0,11716,11716,0,0
travel,55.068,1321.7,1063.104,1063.104,fly,0.833,ok,2601,0,0,192.00,309092352,437440512,114090264,95883264,18123768,2904,7449760,22132800,958,11716,11716,0,0,0,0,0,0,0,0,0.063,0.067,0.000,0,0,0,11716,11716,0,0
travel,55.098,1322.5,1063.621,1063.621,fly,1.267,ok,2601,0,0,192.00,309092352,437440512,114090264,95883264,18123768,2904,7449760,22132800,958,11716,11716,0,0,0,0,0,0,0,0,0.326,0.089,0.000,0,0,0,11716,11716,0,0
travel,55.141,1323.5,1064.350,1064.350,fly,0.825,ok,2601,0,0,192.00,309092352,437440512,114090264,95883264,18123768,2904,11174640,22132800,958,11817,11817,0,0,0,0,0,0,0,0,0.061,0.069,0.000,0,0,0,11817,11817,0,0
travel,55.173,1324.3,1064.896,1064.896,fly,0.820,ok,2601,0,0,192.00,309092352,437440512,114090264,95883264,18123768,2904,11174640,22132800,958,11817,11817,0,0,0,0,0,0,0,0,0.062,0.074,0.000,0,0,0,11817,11817,0,0
travel,55.204,1325.0,1065.415,1065.415,fly,1.164,ok,2601,0,0,192.00,309092352,437440512,114090264,95883264,18123768,2904,11174640,22132800,958,11817,11817,0,0,0,0,0,0,0,0,0.068,0.092,0.000,0,0,0,11817,11817,0,0
travel,55.235,1325.7,1065.946,1065.946,fly,0.799,ok,2601,0,0,192.00,309092352,437440512,114090264,95883264,18123768,2904,11174640,22132800,958,11817,11817,0,0,0,0,0,0,0,0,0.062,0.062,0.000,0,0,0,11817,11817,0,0
travel,55.267,1326.5,1066.493,1066.493,fly,0.810,ok,2601,0,0,192.00,309092352,437440512,114090264,95883264,18123768,2904,11174640,22132800,958,11817,11817,0,0,0,0,0,0,0,0,0.062,0.067,0.000,0,0,0,11817,11817,0,0
travel,55.297,1327.3,1067.008,1067.008,fly,0.939,ok,2601,0,0,192.00,309092352,437440512,114090264,95883264,18123768,2904,7449760,22132800,958,11817,11817,0,0,0,0,0,0,0,0,0.064,0.074,0.000,0,0,0,11817,11817,0,0
travel,55.329,1328.0,1067.548,1067.548,fly,0.810,ok,2601,0,0,192.00,309092352,437440512,114090264,95883264,18123768,2904,7449760,22132800,958,11817,11817,0,0,0,0,0,0,0,0,0.062,0.064,0.000,0,0,0,11817,11817,0,0
travel,55.360,1328.7,1068.063,1068.063,fly,1.171,ok,2601,0,0,192.00,309092352,437440512,114090264,95883264,18123768,2904,7449760,22132800,958,11817,11817,0,0,0,0,0,0,0,0,0.152,0.244,0.000,0,0,0,11817,11817,0,0
travel,55.391,1329.5,1068.594,1068.594,fly,0.808,ok,2601,0,0,192.00,309096448,437440512,114090264,95883264,18123768,2904,7449760,22132800,958,11817,11817,0,0,0,0,0,0,0,0,0.061,0.066,0.000,0,0,0,11817,11817,0,0
travel,55.423,1330.3,1069.136,1069.136,fly,0.834,ok,2601,0,0,192.00,309096448,437440512,114090264,95883264,18123768,2904,7449760,22132800,958,11817,11817,0,0,0,0,0,0,0,0,0.063,0.067,0.000,0,0,0,11817,11817,0,0
travel,55.455,1331.0,1069.688,1069.688,fly,0.858,ok,2601,0,0,192.00,309096448,437440512,114090264,95883264,18123768,2904,7449760,22132800,958,11817,11817,0,0,0,0,0,0,0,0,0.063,0.077,0.000,0,0,0,11817,11817,0,0
travel,55.487,1331.8,1070.229,1070.229,fly,0.880,ok,2601,0,0,192.00,309096448,437440512,114090264,95883264,18123768,2904,7449760,22132800,958,11817,11817,0,0,0,0,0,0,0,0,0.063,0.073,0.000,0,0,0,11817,11817,0,0
travel,55.519,1332.6,1070.774,1070.774,fly,0.939,ok,2601,0,0,192.00,309096448,437440512,114090264,95883264,18123768,2904,7449760,22132800,958,11817,11817,0,0,0,0,0,0,0,0,0.134,0.083,0.000,0,0,0,11817,11817,0,0
travel,55.549,1333.3,1071.292,1071.292,fly,0.821,ok,2601,0,0,192.00,309096448,437440512,114090264,95883264,18123768,2904,7449760,22132800,958,11817,11817,0,0,0,0,0,0,0,0,0.062,0.065,0.000,0,0,0,11817,11817,0,0
travel,55.581,1334.1,1071.823,1071.823,fly,0.835,ok,2601,0,0,192.00,309096448,437440512,114090264,95883264,18123768,2904,7449760,22132800,958,11817,11817,0,0,0,0,0,0,0,0,0.063,0.068,0.000,0,0,0,11817,11817,0,0
travel,55.623,1335.1,1072.537,1072.537,fly,0.830,ok,2601,0,0,192.00,309096448,437440512,114090264,95883264,18123768,2904,11174640,22132800,958,11918,11918,0,0,0,0,0,0,0,0,0.062,0.070,0.000,0,0,0,11918,11918,0,0
travel,55.654,1335.8,1073.075,1073.075,fly,1.220,ok,2601,0,0,192.00,309096448,437440512,114090264,95883264,18123768,2904,11174640,22132800,958,11918,11918,0,0,0,0,0,0,0,0,0.073,0.130,0.000,0,0,0,11918,11918,0,0
travel,55.686,1336.6,1073.610,1073.610,fly,0.958,ok,2601,0,0,192.00,309096448,437440512,114090264,95883264,18123768,2904,11174640,22132800,958,11918,11918,0,0,0,0,0,0,0,0,0.158,0.076,0.000,0,0,0,11918,11918,0,0
travel,55.717,1337.3,1074.131,1074.131,fly,0.809,ok,2601,0,0,192.00,309096448,437440512,114090264,95883264,18123768,2904,11174640,22132800,958,11918,11918,0,0,0,0,0,0,0,0,0.062,0.067,0.000,0,0,0,11918,11918,0,0
travel,55.747,1338.1,1074.655,1074.655,fly,0.986,ok,2601,0,0,192.00,309096448,437440512,114090264,95883264,18123768,2904,11174640,22132800,958,11918,11918,0,0,0,0,0,0,0,0,0.066,0.103,0.000,0,0,0,11918,11918,0,0
travel,55.778,1338.8,1075.175,1075.175,fly,0.822,ok,2601,0,0,192.00,309096448,437440512,114090264,95883264,18123768,2904,7449760,22132800,958,11918,11918,0,0,0,0,0,0,0,0,0.063,0.069,0.000,0,0,0,11918,11918,0,0
travel,55.810,1339.6,1075.721,1075.721,fly,0.824,ok,2601,0,0,192.00,309096448,437440512,114090264,95883264,18123768,2904,7449760,22132800,958,11918,11918,0,0,0,0,0,0,0,0,0.062,0.068,0.000,0,0,0,11918,11918,0,0
travel,55.841,1340.3,1076.245,1076.245,fly,0.832,ok,2601,0,0,192.00,309096448,437440512,114090264,95883264,18123768,2904,7449760,22132800,958,11918,11918,0,0,0,0,0,0,0,0,0.062,0.069,0.000,0,0,0,11918,11918,0,0
travel,55.872,1341.1,1076.778,1076.778,fly,0.902,ok,2601,0,0,192.00,309096448,437440512,114090264,95883264,18123768,2904,7449760,22132800,958,11918,11918,0,0,0,0,0,0,0,0,0.080,0.122,0.000,0,0,0,11918,11918,0,0
travel,55.903,1341.8,1077.308,1077.308,fly,0.993,ok,2601,0,0,192.00,309096448,437440512,114090264,95883264,18123768,2904,7449760,22132800,958,11918,11918,0,0,0,0,0,0,0,0,0.073,0.119,0.000,0,0,0,11918,11918,0,0
travel,55.935,1342.6,1077.849,1077.849,fly,1.270,ok,2601,0,0,192.00,309100544,437440512,114090264,95883264,18123768,2904,7449760,22132800,958,11918,11918,0,0,0,0,0,0,0,0,0.388,0.081,0.000,0,0,0,11918,11918,0,0
travel,55.967,1343.3,1078.389,1078.389,fly,0.938,ok,2601,0,0,192.00,309100544,437440512,114090264,95883264,18123768,2904,7449760,22132800,958,11918,11918,0,0,0,0,0,0,0,0,0.071,0.128,0.000,0,0,0,11918,11918,0,0
travel,55.998,1344.1,1078.913,1078.913,fly,0.957,ok,2601,0,0,192.00,309100544,437440512,114090264,95883264,18123768,2904,7449760,22132800,958,11918,11918,0,0,0,0,0,0,0,0,0.183,0.071,0.000,0,0,0,11918,11918,0,0
travel,56.030,1344.9,1079.457,1079.457,fly,0.829,ok,2601,0,0,192.00,309100544,437440512,114090264,95883264,18123768,2904,7449760,22132800,958,11918,11918,0,0,0,0,0,0,0,0,0.061,0.067,0.000,0,0,0,11918,11918,0,0
travel,56.060,1345.6,1079.975,1079.975,fly,0.829,ok,2601,0,0,192.00,309100544,437440512,114090264,95883264,18123768,2904,7449760,22132800,958,11918,11918,0,0,0,0,0,0,0,0,0.062,0.066,0.000,0,0,0,11918,11918,0,0
travel,56.103,1346.6,1080.694,1080.694,fly,0.840,ok,2601,0,0,192.00,309100544,437440512,114090264,95883264,18123768,2904,11174640,22132800,958,12019,12019,0,0,0,0,0,0,0,0,0.063,0.068,0.000,0,0,0,12019,12019,0,0
travel,56.134,1347.4,1081.229,1081.229,fly,0.832,ok,2601,0,0,192.00,309100544,437440512,114090264,95883264,18123768,2904,11174640,22132800,958,12019,12019,0,0,0,0,0,0,0,0,0.062,0.070,0.000,0,0,0,12019,12019,0,0
travel,56.165,1348.1,1081.752,1081.752,fly,0.820,ok,2601,0,0,192.00,309100544,437440512,114090264,95883264,18123768,2904,11174640,22132800,958,12019,12019,0,0,0,0,0,0,0,0,0.063,0.065,0.000,0,0,0,12019,12019,0,0
travel,56.196,1348.8,1082.280,1082.280,fly,0.829,ok,2601,0,0,192.00,309100544,437440512,114090264,95883264,18123768,2904,11174640,22132800,958,12019,12019,0,0,0,0,0,0,0,0,0.064,0.065,0.000,0,0,0,12019,12019,0,0
travel,56.227,1349.6,1082.804,1082.804,fly,1.359,ok,2601,0,0,192.00,309100544,437440512,114090264,95883264,18123768,2904,11174640,22132800,958,12019,12019,0,0,0,0,0,0,0,0,0.442,0.089,0.000,0,0,0,12019,12019,0,0
travel,56.259,1350.4,1083.345,1083.345,fly,1.149,ok,2601,0,0,192.00,309100544,437440512,114090264,95883264,18123768,2904,7449760,22132800,958,12019,12019,0,0,0,0,0,0,0,0,0.150,0.187,0.000,0,0,0,12019,12019,0,0
travel,56.290,1351.1,1083.876,1083.876,fly,0.803,ok,2601,0,0,192.00,309100544,437440512,114090264,95883264,18123768,2904,7449760,22132800,958,12019,12019,0,0,0,0,0,0,0,0,0.061,0.065,0.000,0,0,0,12019,12019,0,0
travel,56.320,1351.8,1084.391,1084.391,fly,0.848,ok,2601,0,0,192.00,309100544,437440512,114090264,95883264,18123768,2904,7449760,22132800,958,12019,12019,0,0,0,0,0,0,0,0,0.062,0.073,0.000,0,0,0,12019,12019,0,0
travel,56.352,1352.6,1084.929,1084.929,fly,0.897,ok,2601,0,0,192.00,309100544,437440512,114090264,95883264,18123768,2904,7449760,22132800,958,12019,12019,0,0,0,0,0,0,0,0,0.133,0.075,0.000,0,0,0,12019,12019,0,0
travel,56.382,1353.3,1085.448,1085.448,fly,0.829,ok,2601,0,0,192.00,309100544,437440512,114090264,95883264,18123768,2904,7449760,22132800,958,12019,12019,0,0,0,0,0,0,0,0,0.062,0.066,0.000,0,0,0,12019,12019,0,0
travel,56.415,1354.1,1085.997,1085.997,fly,0.873,ok,2601,0,0,192.00,309100544,437440512,114090264,95883264,18123768,2904,7449760,22132800,958,12019,12019,0,0,0,0,0,0,0,0,0.062,0.076,0.000,0,0,0,12019,12019,0,0
travel,56.447,1354.9,1086.542,1086.542,fly,0.914,ok,2601,0,0,192.00,309100544,437440512,114090264,95883264,18123768,2904,7449760,22132800,958,12019,12019,0,0,0,0,0,0,0,0,0.132,0.070,0.000,0,0,0,12019,12019,0,0
travel,56.477,1355.6,1087.061,1087.061,fly,0.851,ok,2601,0,0,192.00,309104640,437440512,114090264,95883264,18123768,2904,7449760,22132800,958,12019,12019,0,0,0,0,0,0,0,0,0.062,0.070,0.000,0,0,0,12019,12019,0,0
travel,56.509,1356.4,1087.597,1087.597,fly,1.064,ok,2601,0,0,192.00,309104640,437440512,114090264,95883264,18123768,2904,7449760,22132800,958,12019,12019,0,0,0,0,0,0,0,0,0.141,0.093,0.000,0,0,0,12019,12019,0,0
travel,56.553,1357.4,1088.349,1088.349,fly,0.904,ok,2601,0,0,192.00,309104640,437440512,114090264,95883264,18123768,2904,11174640,22132800,958,12120,12120,0,0,0,0,0,0,0,0,0.137,0.067,0.000,0,0,0,12120,12120,0,0
travel,56.585,1358.2,1088.893,1088.893,fly,0.829,ok,2601,0,0,192.00,309104640,437440512,114090264,95883264,18123768,2904,11174640,22132800,958,12120,12120,0,0,0,0,0,0,0,0,0.062,0.066,0.000,0,0,0,12120,12120,0,0
travel,56.617,1359.0,1089.430,1089.430,fly,0.988,ok,2601,0,0,192.00,309104640,437440512,114090264,95883264,18123768,2904,11174640,22132800,958,12120,12120,0,0,0,0,0,0,0,0,0.070,0.109,0.000,0,0,0,12120,12120,0,0
travel,56.647,1359.7,1089.946,1089.946,fly,1.326,ok,2601,0,0,192.00,309104640,437440512,114090264,95883264,18123768,2904,11174640,22132800,958,12120,12120,0,0,0,0,0,0,0,0,0.096,0.125,0.000,0,0,0,12120,12120,0,0
travel,56.678,1360.4,1090.479,1090.479,fly,1.109,ok,2601,0,0,192.00,309104640,437440512,114090264,95883264,18123768,2904,11174640,22132800,958,12120,12120,0,0,0,0,0,0,0,0,0.064,0.075,0.000,0,0,0,12120,12120,0,0
travel,56.709,1361.2,1091.006,1091.006,fly,0.878,ok,2601,0,0,192.00,309104640,437440512,114090264,95883264,18123768,2904,7449760,22132800,958,12120,12120,0,0,0,0,0,0,0,0,0.062,0.064,0.000,0,0,0,12120,12120,0,0
travel,56.740,1361.9,1091.518,1091.518,fly,0.807,ok,2601,0,0,192.00,309104640,437440512,114090264,95883264,18123768,2904,7449760,22132800,958,12120,12120,0,0,0,0,0,0,0,0,0.062,0.063,0.000,0,0,0,12120,12120,0,0
travel,56.771,1362.7,1092.044,1092.044,fly,0.823,ok,2601,0,0,192.00,309104640,437440512,114090264,95883264,18123768,2904,7449760,22132800,958,12120,12120,0,0,0,0,0,0,0,0,0.063,0.064,0.000,0,0,0,12120,12120,0,0
travel,56.802,1363.4,1092.573,1092.573,fly,0.839,ok,2601,0,0,192.00,309104640,437440512,114090264,95883264,18123768,2904,7449760,22132800,958,12120,12120,0,0,0,0,0,0,0,0,0.065,0.070,0.000,0,0,0,12120,12120,0,0
travel,56.832,1364.1,1093.096,1093.096,fly,0.892,ok,2601,0,0,192.00,309104640,437440512,114090264,95883264,18123768,2904,7449760,22132800,958,12120,12120,0,0,0,0,0,0,0,0,0.132,0.064,0.000,0,0,0,12120,12120,0,0
travel,56.863,1364.9,1093.612,1093.612,fly,0.812,ok,2601,0,0,192.00,309104640,437440512,114090264,95883264,18123768,2904,7449760,22132800,958,12120,12120,0,0,0,0,0,0,0,0,0.061,0.063,0.000,0,0,0,12120,12120,0,0
travel,56.894,1365.6,1094.142,1094.142,fly,0.823,ok,2601,0,0,192.00,309104640,437440512,114090264,95883264,18123768,2904,7449760,22132800,958,12120,12120,0,0,0,0,0,0,0,0,0.062,0.065,0.000,0,0,0,12120,12120,0,0
travel,56.925,1366.4,1094.666,1094.666,fly,1.411,ok,2601,0,0,192.00,309104640,437440512,114090264,95883264,18123768,2904,7449760,22132800,958,12120,12120,0,0,0,0,0,0,0,0,0.135,0.252,0.000,0,0,0,12120,12120,0,0
travel,56.957,1367.1,1095.210,1095.210,fly,1.052,ok,2601,0,0,192.00,309104640,437440512,114090264,95883264,18123768,2904,7449760,22132800,958,12120,12120,0,0,0,0,0,0,0,0,0.069,0.107,0.000,0,0,0,12120,12120,0,0
travel,56.988,1367.9,1095.745,1095.745,fly,0.823,ok,2601,0,0,192.00,309104640,437440512,114090264,95883264,18123768,2904,7449760,22132800,958,12120,12120,0,0,0,0,0,0,0,0,0.062,0.067,0.000,0,0,0,12120,12120,0,0
travel,57.031,1368.9,1096.468,1096.468,fly,1.209,ok,2601,0,0,192.00,309108736,437440512,114090264,95883264,18123768,2904,11174640,22132800,958,12221,12221,0,0,0,0,0,0,0,0,0.078,0.105,0.000,0,0,0,12221,12221,0,0
travel,57.062,1369.7,1096.993,1096.993,fly,0.822,ok,2601,0,0,192.00,309108736,437440512,114090264,95883264,18123768,2904,11174640,22132800,958,12221,12221,0,0,0,0,0,0,0,0,0.062,0.066,0.000,0,0,0,12221,12221,0,0
travel,57.093,1370.4,1097.527,1097.527,fly,1.248,ok,2601,0,0,192.00,309108736,437440512,114090264,95883264,18123768,2904,11174640,22132800,958,12221,12221,0,0,0,0,0,0,0,0,0.078,0.246,0.000,0,0,0,12221,12221,0,0
travel,57.125,1371.2,1098.068,1098.068,fly,0.820,ok,2601,0,0,192.00,309108736,437440512,114090264,95883264,18123768,2904,11174640,22132800,958,12221,12221,0,0,0,0,0,0,0,0,0.062,0.065,0.000,0,0,0,12221,12221,0,0
travel,57.156,1371.9,1098.599,1098.599,fly,0.837,ok,2601,0,0,192.00,309108736,437440512,114090264,95883264,18123768,2904,11174640,22132800,958,12221,12221,0,0,0,0,0,0,0,0,0.062,0.069,0.000,0,0,0,12221,12221,0,0
travel,57.187,1372.7,1099.124,1099.124,fly,1.087,ok,2601,0,0,192.00,309108736,437440512,114090264,95883264,18123768,2904,7449760,22132800,958,12221,12221,0,0,0,0,0,0,0,0,0.146,0.128,0.000,0,0,0,12221,12221,0,0
travel,57.219,1373.4,1099.662,1099.662,fly,1.194,ok,2601,0,0,192.00,309108736,437440512,114090264,95883264,18123768,2904,7449760,22132800,958,12221,12221,0,0,0,0,0,0,0,0,0.140,0.105,0.000,0,0,0,12221,12221,0,0
travel,57.251,1374.2,1100.207,1100.207,fly,0.816,ok,2601,0,0,192.00,309108736,437440512,114090264,95883264,18123768,2904,7449760,22132800,958,12221,12221,0,0,0,0,0,0,0,0,0.061,0.065,0.000,0,0,0,12221,12221,0,0
travel,57.281,1374.9,1100.724,1100.724,fly,0.827,ok,2601,0,0,192.00,309108736,437440512,114090264,95883264,18123768,2904,7449760,22132800,958,12221,12221,0,0,0,0,0,0,0,0,0.061,0.068,0.000,0,0,0,12221,12221,0,0
travel,57.313,1375.7,1101.255,1101.255,fly,0.896,ok,2601,0,0,192.00,309108736,437440512,114090264,95883264,18123768,2904,7449760,22132800,958,12221,12221,0,0,0,0,0,0,0,0,0.132,0.063,0.000,0,0,0,12221,12221,0,0
travel,57.343,1376.4,1101.779,1101.779,fly,0.954,ok,2601,0,0,192.00,309108736,437440512,114090264,95883264,18123768,2904,7449760,22132800,958,12221,12221,0,0,0,0,0,0,0,0,0.065,0.091,0.000,0,0,0,12221,12221,0,0
travel,57.374,1377.2,1102.298,1102.298,fly,0.837,ok,2601,0,0,192.00,309108736,437440512,114090264,95883264,18123768,2904,7449760,22132800,958,12221,12221,0,0,0,0,0,0,0,0,0.063,0.072,0.000,0,0,0,12221,12221,0,0
travel,57.405,1377.9,1102.832,1102.832,fly,0.824,ok,2601,0,0,192.00,309108736,437440512,114090264,95883264,18123768,2904,7449760,22132800,958,12221,12221,0,0,0,0,0,0,0,0,0.061,0.068,0.000,0,0,0,12221,12221,0,0
travel,57.436,1378.7,1103.358,1103.358,fly,0.856,ok,2601,0,0,192.00,309108736,437440512,114090264,95883264,18123768,2904,7449760,22132800,958,12221,12221,0,0,0,0,0,0,0,0,0.063,0.069,0.000,0,0,0,12221,12221,0,0
travel,57.467,1379.4,1103.887,1103.887,fly,0.822,ok,2601,0,0,192.00,309108736,437440512,114090264,95883264,18123768,2904,7449760,22132800,958,12221,12221,0,0,0,0,0,0,0,0,0.061,0.071,0.000,0,0,0,12221,12221,0,0
travel,57.512,1380.5,1104.641,1104.641,fly,0.915,ok,2601,0,0,192.00,309108736,437440512,114090264,95883264,18123768,2904,11174640,22132800,958,12322,12322,0,0,0,0,0,0,0,0,0.062,0.129,0.000,0,0,0,12322,12322,0,0
travel,57.543,1381.2,1105.171,1105.171,fly,1.202,ok,2601,0,0,192.00,309108736,437440512,114090264,95883264,18123768,2904,11174640,22132800,958,12322,12322,0,0,0,0,0,0,0,0,0.071,0.133,0.000,0,0,0,12322,12322,0,0
travel,57.574,1382.0,1105.698,1105.698,fly,0.996,ok,2601,0,0,192.00,309112832,437440512,114090264,95883264,18123768,2904,11174640,22132800,958,12322,12322,0,0,0,0,0,0,0,0,0.071,0.111,0.000,0,0,0,12322,12322,0,0
travel,57.606,1382.7,1106.240,1106.240,fly,0.998,ok,2601,0,0,192.00,309112832,437440512,114090264,95883264,18123768,2904,11174640,22132800,958,12322,12322,0,0,0,0,0,0,0,0,0.156,0.090,0.000,0,0,0,12322,12322,0,0
travel,57.637,1383.5,1106.769,1106.769,fly,0.867,ok,2601,0,0,192.00,309112832,437440512,114090264,95883264,18123768,2904,7449760,22132800,958,12322,12322,0,0,0,0,0,0,0,0,0.062,0.071,0.000,0,0,0,12322,12322,0,0
travel,57.668,1384.2,1107.289,1107.289,fly,0.941,ok,2601,0,0,192.00,309112832,437440512,114090264,95883264,18123768,2904,7449760,22132800,958,12322,12322,0,0,0,0,0,0,0,0,0.135,0.074,0.000,0,0,0,12322,12322,0,0
travel,57.700,1385.0,1107.843,1107.843,fly,0.912,ok,2601,0,0,192.00,309112832,437440512,114090264,95883264,18123768,2904,7449760,22132800,958,12322,12322,0,0,0,0,0,0,0,0,0.146,0.065,0.000,0,0,0,12322,12322,0,0
travel,57.732,1385.8,1108.380,1108.380,fly,0.889,ok,2601,0,0,192.00,309112832,437440512,114090264,95883264,18123768,2904,7449760,22132800,958,12322,12322,0,0,0,0,0,0,0,0,0.067,0.073,0.000,0,0,0,12322,12322,0,0
travel,57.762,1386.5,1108.896,1108.896,fly,0.842,ok,2601,0,0,192.00,309112832,437440512,114090264,95883264,18123768,2904,7449760,22132800,958,12322,12322,0,0,0,0,0,0,0,0,0.062,0.078,0.000,0,0,0,12322,12322,0,0
travel,57.794,1387.2,1109.431,1109.431,fly,0.848,ok,2601,0,0,192.00,309112832,437440512,114090264,95883264,18123768,2904,7449760,22132800,958,12322,12322,0,0,0,0,0,0,0,0,0.063,0.068,0.000,0,0,0,12322,12322,0,0
travel,57.824,1388.0,1109.951,1109.951,fly,0.858,ok,2601,0,0,192.00,309112832,437440512,114090264,95883264,18123768,2904,7449760,22132800,958,12322,12322,0,0,0,0,0,0,0,0,0.063,0.069,0.000,0,0,0,12322,12322,0,0
travel,57.856,1388.7,1110.488,1110.488,fly,1.240,ok,2601,0,0,192.00,309112832,437440512,114090264,95883264,18123768,2904,7449760,22132800,958,12322,12322,0,0,0,0,0,0,0,0,0.341,0.090,0.000,0,0,0,12322,12322,0,0
travel,57.887,1389.5,1111.019,1111.019,fly,0.817,ok,2601,0,0,192.00,309112832,437440512,114090264,95883264,18123768,2904,7449760,22132800,958,12322,12322,0,0,0,0,0,0,0,0,0.062,0.067,0.000,0,0,0,12322,12322,0,0
travel,57.919,1390.2,1111.554,1111.554,fly,0.837,ok,2601,0,0,192.00,309112832,437440512,114090264,95883264,18123768,2904,7449760,22132800,958,12322,12322,0,0,0,0,0,0,0,0,0.061,0.068,0.000,0,0,0,12322,12322,0,0
travel,57.961,1391.3,1112.268,1112.268,fly,1.250,ok,2601,0,4,192.00,309112832,437440512,114090264,95883264,18123768,2904,11174640,21976200,958,12423,12423,0,0,45,0,0,0,0,0,0.076,0.167,0.000,0,0,0,12423,12423,0,0
travel,57.992,1392.0,1112.808,1112.808,fly,1.236,ok,2601,0,0,192.00,309112832,437440512,114090264,95883264,18123768,2904,11174640,22132800,958,12423,12423,0,0,0,0,0,0,0,0,0.360,0.081,0.000,0,0,0,12423,12423,0,0
travel,58.024,1392.8,1113.352,1113.352,fly,0.828,ok,2601,0,0,192.00,309112832,437440512,114090264,95883264,18123768,2904,11174640,22132800,958,12423,12423,0,0,0,0,0,0,0,0,0.063,0.064,0.000,0,0,0,12423,12423,0,0
travel,58.057,1393.6,1113.904,1113.904,fly,0.847,ok,2601,0,0,192.00,309112832,437440512,114090264,95883264,18123768,2904,11174640,22132800,958,12423,12423,0,0,0,0,0,0,0,0,0.064,0.071,0.000,0,0,0,12423,12423,0,0
travel,58.087,1394.3,1114.420,1114.420,fly,0.891,ok,2601,0,0,192.00,309112832,437440512,114090264,95883264,18123768,2904,11174640,22132800,958,12423,12423,0,0,0,0,0,0,0,0,0.132,0.060,0.000,0,0,0,12423,12423,0,0
travel,58.118,1395.0,1114.943,1114.943,fly,0.820,ok,2601,0,0,192.00,309116928,437440512,114090264,95883264,18123768,2904,7449760,22132800,958,12423,12423,0,0,0,0,0,0,0,0,0.062,0.063,0.000,0,0,0,12423,12423,0,0
travel,58.149,1395.8,1115.472,1115.472,fly,1.087,ok,2601,0,0,192.00,309116928,437440512,114090264,95883264,18123768,2904,7449760,22132800,958,12423,12423,0,0,0,0,0,0,0,0,0.075,0.127,0.000,0,0,0,12423,12423,0,0
travel,58.180,1396.5,1116.006,1116.006,fly,1.056,ok,2601,0,0,192.00,309116928,437440512,114090264,95883264,18123768,2904,7449760,22132800,958,12423,12423,0,0,0,0,0,0,0,0,0.196,0.076,0.000,0,0,0,12423,12423,0,0
travel,58.212,1397.3,1116.549,1116.549,fly,0.831,ok,2601,0,0,192.00,309116928,437440512,114090264,95883264,18123768,2904,7449760,22132800,958,12423,12423,0,0,0,0,0,0,0,0,0.062,0.066,0.000,0,0,0,12423,12423,0,0
travel,58.243,1398.0,1117.062,1117.062,fly,0.849,ok,2601,0,0,192.00,309116928,437440512,114090264,95883264,18123768,2904,7449760,22132800,958,12423,12423,0,0,0,0,0,0,0,0,0.065,0.069,0.000,0,0,0,12423,12423,0,0
travel,58.274,1398.8,1117.599,1117.599,fly,0.938,ok,2601,0,0,192.00,309116928,437440512,114090264,95883264,18123768,2904,7449760,22132800,958,12423,12423,0,0,0,0,0,0,0,0,0.187,0.064,0.000,0,0,0,12423,12423,0,0
travel,58.304,1399.5,1118.112,1118.112,fly,1.095,ok,2601,0,0,192.00,309116928,437440512,114090264,95883264,18123768,2904,7449760,22132800,958,12423,12423,0,0,0,0,0,0,0,0,0.066,0.131,0.000,0,0,0,12423,12423,0,0
travel,58.336,1400.3,1118.654,1118.654,fly,0.822,ok,2601,0,0,192.00,309116928,437440512,114090264,95883264,18123768,2904,7449760,22132800,958,12423,12423,0,0,0,0,0,0,0,0,0.062,0.063,0.000,0,0,0,12423,12423,0,0
travel,58.368,1401.1,1119.198,1119.198,fly,0.814,ok,2601,0,0,192.00,309116928,437440512,114090264,95883264,18123768,2904,7449760,22132800,958,12423,12423,0,0,0,0,0,0,0,0,0.061,0.063,0.000,0,0,0,12423,12423,0,0
travel,58.400,1401.8,1119.731,1119.731,fly,0.963,ok,2601,0,0,192.00,309116928,437440512,114090264,95883264,18123768,2904,7449760,22132800,958,12423,12423,0,0,0,0,0,0,0,0,0.072,0.112,0.000,0,0,0,12423,12423,0,0
travel,58.442,1402.8,1120.443,1120.443,fly,0.972,ok,2601,0,0,192.00,309116928,437440512,114090264,95883264,18123768,2904,11174640,22132800,958,12524,12524,0,0,0,0,0,0,0,0,0.143,0.076,0.000,0,0,0,12524,12524,0,0
travel,58.473,1403.6,1120.985,1120.985,fly,0.805,ok,2601,0,0,192.00,309116928,437440512,114090264,95883264,18123768,2904,11174640,22132800,958,12524,12524,0,0,0,0,0,0,0,0,0.061,0.062,0.000,0,0,0,12524,12524,0,0
travel,58.506,1404.4,1121.543,1121.543,fly,0.814,ok,2601,0,0,192.00,309116928,437440512,114090264,95883264,18123768,2904,11174640,22132800,958,12524,12524,0,0,0,0,0,0,0,0,0.062,0.065,0.000,0,0,0,12524,12524,0,0
travel,58.538,1405.1,1122.087,1122.087,fly,0.903,ok,2601,0,0,192.00,309116928,437440512,114090264,95883264,18123768,2904,11174640,22132800,958,12524,12524,0,0,0,0,0,0,0,0,0.064,0.075,0.000,0,0,0,12524,12524,0,0
travel,58.569,1405.9,1122.602,1122.602,fly,0.920,ok,2601,0,0,192.00,309116928,437440512,114090264,95883264,18123768,2904,11174640,22132800,958,12524,12524,0,0,0,0,0,0,0,0,0.158,0.067,0.000,0,0,0,12524,12524,0,0
travel,58.600,1406.6,1123.139,1123.139,fly,0.837,ok,2601,0,0,192.00,309116928,437440512,114090264,95883264,18123768,2904,7449760,22132800,958,12524,12524,0,0,0,0,0,0,0,0,0.063,0.069,0.000,0,0,0,12524,12524,0,0
travel,58.632,1407.4,1123.672,1123.672,fly,0.917,ok,2601,0,0,192.00,309116928,437440512,114090264,95883264,18123768,2904,7449760,22132800,958,12524,12524,0,0,0,0,0,0,0,0,0.061,0.152,0.000,0,0,0,12524,12524,0,0
travel,58.662,1408.1,1124.197,1124.197,fly,0.844,ok,2601,0,0,192.00,309121024,437440512,114090264,95883264,18123768,2904,7449760,22132800,958,12524,12524,0,0,0,0,0,0,0,0,0.064,0.071,0.000,0,0,0,12524,12524,0,0
travel,58.694,1408.9,1124.732,1124.732,fly,0.816,ok,2601,0,0,192.00,309121024,437440512,114090264,95883264,18123768,2904,7449760,22132800,958,12524,12524,0,0,0,0,0,0,0,0,0.062,0.068,0.000,0,0,0,12524,12524,0,0
travel,58.724,1409.6,1125.249,1125.249,fly,1.319,ok,2601,0,0,192.00,309121024,437440512,114090264,95883264,18123768,2904,7449760,22132800,958,12524,12524,0,0,0,0,0,0,0,0,0.152,0.176,0.000,0,0,0,12524,12524,0,0
travel,58.756,1410.4,1125.783,1125.783,fly,1.036,ok,2601,0,0,192.00,309121024,437440512,114090264,95883264,18123768,2904,7449760,22132800,958,12524,12524,0,0,0,0,0,0,0,0,0.144,0.109,0.000,0,0,0,12524,12524,0,0
travel,58.787,1411.1,1126.322,1126.322,fly,0.825,ok,2601,0,0,192.00,309121024,437440512,114090264,95883264,18123768,2904,7449760,22132800,958,12524,12524,0,0,0,0,0,0,0,0,0.061,0.064,0.000,0,0,0,12524,12524,0,0
travel,58.820,1411.9,1126.869,1126.869,fly,0.859,ok,2601,0,0,192.00,309121024,437440512,114090264,95883264,18123768,2904,7449760,22132800,958,12524,12524,0,0,0,0,0,0,0,0,0.061,0.070,0.000,0,0,0,12524,12524,0,0
travel,58.850,1412.6,1127.385,1127.385,fly,2.180,ok,2601,0,0,192.00,309121024,437440512,114090264,95883264,18123768,2904,7449760,22132800,958,12524,12524,0,0,0,0,0,0,0,0,0.163,0.234,0.000,0,0,0,12524,12524,0,0
travel,58.882,1413.4,1127.925,1127.925,fly,0.970,ok,2601,0,0,192.00,309121024,437440512,114090264,95883264,18123768,2904,7449760,22132800,958,12524,12524,0,0,0,0,0,0,0,0,0.109,0.080,0.000,0,0,0,12524,12524,0,0
travel,58.926,1414.5,1128.675,1128.675,fly,0.948,ok,2601,0,0,192.00,309121024,437440512,114090264,95883264,18123768,2904,11174640,22132800,958,12625,12625,0,0,0,0,0,0,0,0,0.135,0.077,0.000,0,0,0,12625,12625,0,0
travel,58.957,1415.2,1129.210,1129.210,fly,0.832,ok,2601,0,0,192.00,309121024,437440512,114090264,95883264,18123768,2904,11174640,22132800,958,12625,12625,0,0,0,0,0,0,0,0,0.069,0.067,0.000,0,0,0,12625,12625,0,0
travel,58.988,1416.0,1129.731,1129.731,fly,1.252,ok,2601,0,0,192.00,309121024,437440512,114090264,95883264,18123768,2904,11174640,22132800,958,12625,12625,0,0,0,0,0,0,0,0,0.080,0.171,0.000,0,0,0,12625,12625,0,0
travel,59.019,1416.7,1130.257,1130.257,fly,1.778,ok,2601,0,0,192.00,309121024,437440512,114090264,95883264,18123768,2904,11174640,22132800,958,12625,12625,0,0,0,0,0,0,0,0,0.897,0.114,0.000,0,0,0,12625,12625,0,0
travel,59.051,1417.5,1130.809,1130.809,fly,0.888,ok,2601,0,0,192.00,309121024,437440512,114090264,95883264,18123768,2904,11174640,22132800,958,12625,12625,0,0,0,0,0,0,0,0,0.137,0.066,0.000,0,0,0,12625,12625,0,0
travel,59.083,1418.2,1131.338,1131.338,fly,0.829,ok,2601,0,0,192.00,309121024,437440512,114090264,95883264,18123768,2904,7449760,22132800,958,12625,12625,0,0,0,0,0,0,0,0,0.061,0.065,0.000,0,0,0,12625,12625,0,0
travel,59.115,1419.0,1131.885,1131.885,fly,0.843,ok,2601,0,0,192.00,309121024,437440512,114090264,95883264,18123768,2904,7449760,22132800,958,12625,12625,0,0,0,0,0,0,0,0,0.062,0.070,0.000,0,0,0,12625,12625,0,0
travel,59.145,1419.7,1132.405,1132.405,fly,0.899,ok,2601,0,0,192.00,309121024,437440512,114090264,95883264,18123768,2904,7449760,22132800,958,12625,12625,0,0,0,0,0,0,0,0,0.139,0.073,0.000,0,0,0,12625,12625,0,0
travel,59.176,1420.5,1132.932,1132.932,fly,0.918,ok,2601,0,0,192.00,309121024,437440512,114090264,95883264,18123768,2904,7449760,22132800,958,12625,12625,0,0,0,0,0,0,0,0,0.070,0.111,0.000,0,0,0,12625,12625,0,0
travel,59.208,1421.3,1133.477,1133.477,fly,1.032,ok,2601,0,0,192.00,309186560,437440512,114090264,95883264,18123768,2904,7449760,22132800,958,12625,12625,0,0,0,0,0,0,0,0,0.075,0.235,0.000,0,0,0,12625,12625,0,0
travel,59.239,1422.0,1133.995,1133.995,fly,0.818,ok,2601,0,0,192.00,309186560,437440512,114090264,95883264,18123768,2904,7449760,22132800,958,12625,12625,0,0,0,0,0,0,0,0,0.061,0.062,0.000,0,0,0,12625,12625,0,0
travel,59.271,1422.7,1134.534,1134.534,fly,0.815,ok,2601,0,0,192.00,309186560,437440512,114090264,95883264,18123768,2904,7449760,22132800,958,12625,12625,0,0,0,0,0,0,0,0,0.062,0.063,0.000,0,0,0,12625,12625,0,0
travel,59.303,1423.5,1135.092,1135.092,fly,1.326,ok,2601,0,0,192.00,309186560,437440512,114090264,95883264,18123768,2904,7449760,22132800,958,12625,12625,0,0,0,0,0,0,0,0,0.082,0.121,0.000,0,0,0,12625,12625,0,0
travel,59.334,1424.3,1135.612,1135.612,fly,0.913,ok,2601,0,0,192.00,309186560,437440512,114090264,95883264,18123768,2904,7449760,22132800,958,12625,12625,0,0,0,0,0,0,0,0,0.064,0.148,0.000,0,0,0,12625,12625,0,0
travel,59.378,1425.3,1136.359,1136.359,fly,0.858,ok,2601,0,0,192.00,309186560,437440512,114090264,95883264,18123768,2904,11174640,22132800,958,12726,12726,0,0,0,0,0,0,0,0,0.064,0.069,0.000,0,0,0,12726,12726,0,0
travel,59.410,1426.1,1136.910,1136.910,fly,0.853,ok,2601,0,0,192.00,309186560,437440512,114090264,95883264,18123768,2904,11174640,22132800,958,12726,12726,0,0,0,0,0,0,0,0,0.063,0.072,0.000,0,0,0,12726,12726,0,0
travel,59.442,1426.9,1137.443,1137.443,fly,0.989,ok,2601,0,0,192.00,309186560,437440512,114090264,95883264,18123768,2904,11174640,22132800,958,12726,12726,0,0,0,0,0,0,0,0,0.142,0.110,0.000,0,0,0,12726,12726,0,0
travel,59.473,1427.6,1137.979,1137.979,fly,0.889,ok,2601,0,0,192.00,309186560,437440512,114090264,95883264,18123768,2904,11174640,22132800,958,12726,12726,0,0,0,0,0,0,0,0,0.063,0.080,0.000,0,0,0,12726,12726,0,0
travel,59.504,1428.4,1138.496,1138.496,fly,0.817,ok,2601,0,0,192.00,309186560,437440512,114090264,95883264,18123768,2904,11174640,22132800,958,12726,12726,0,0,0,0,0,0,0,0,0.062,0.066,0.000,0,0,0,12726,12726,0,0
travel,59.535,1429.1,1139.034,1139.034,fly,0.924,ok,2601,0,0,192.00,309186560,437440512,114090264,95883264,18123768,2904,7449760,22132800,958,12726,12726,0,0,0,0,0,0,0,0,0.069,0.117,0.000,0,0,0,12726,12726,0,0
travel,59.566,1429.9,1139.557,1139.557,fly,0.813,ok,2601,0,0,192.00,309186560,437440512,114090264,95883264,18123768,2904,7449760,22132800,958,12726,12726,0,0,0,0,0,0,0,0,0.061,0.064,0.000,0,0,0,12726,12726,0,0
travel,59.597,1430.6,1140.080,1140.080,fly,0.835,ok,2601,0,0,192.00,309186560,437440512,114090264,95883264,18123768,2904,7449760,22132800,958,12726,12726,0,0,0,0,0,0,0,0,0.062,0.070,0.000,0,0,0,12726,12726,0,0
travel,59.628,1431.3,1140.606,1140.606,fly,0.903,ok,2601,0,0,192.00,309186560,437440512,114090264,95883264,18123768,2904,7449760,22132800,958,12726,12726,0,0,0,0,0,0,0,0,0.132,0.067,0.000,0,0,0,12726,12726,0,0
travel,59.658,1432.1,1141.124,1141.124,fly,1.560,ok,2601,0,0,192.00,309186560,437440512,114090264,95883264,18123768,2904,7449760,22132800,958,12726,12726,0,0,0,0,0,0,0,0,0.710,0.118,0.000,0,0,0,12726,12726,0,0
travel,59.690,1432.8,1141.667,1141.667,fly,0.813,ok,2601,0,0,192.00,309186560,437440512,114090264,95883264,18123768,2904,7449760,22132800,958,12726,12726,0,0,0,0,0,0,0,0,0.061,0.062,0.000,0,0,0,12726,12726,0,0
travel,59.722,1433.6,1142.203,1142.203,fly,0.882,ok,2601,0,0,192.00,309186560,437440512,114090264,95883264,18123768,2904,7449760,22132800,958,12726,12726,0,0,0,0,0,0,0,0,0.131,0.065,0.000,0,0,0,12726,12726,0,0
travel,59.753,1434.3,1142.735,1142.735,fly,1.064,ok,2601,0,0,192.00,309186560,437440512,114090264,95883264,18123768,2904,7449760,22132800,958,12726,12726,0,0,0,0,0,0,0,0,0.064,0.091,0.000,0,0,0,12726,12726,0,0
travel,59.784,1435.1,1143.257,1143.257,fly,0.861,ok,2601,0,0,192.00,309186560,437440512,114090264,95883264,18123768,2904,7449760,22132800,958,12726,12726,0,0,0,0,0,0,0,0,0.060,0.073,0.000,0,0,0,12726,12726,0,0
travel,59.815,1435.8,1143.792,1143.792,fly,0.909,ok,2601,0,0,192.00,309186560,437440512,114090264,95883264,18123768,2904,7449760,22132800,958,12726,12726,0,0,0,0,0,0,0,0,0.070,0.110,0.000,0,0,0,12726,12726,0,0
travel,59.858,1436.9,1144.517,1144.517,fly,0.815,ok,2601,0,0,192.00,309186560,437440512,114090264,95883264,18123768,2904,11174640,22132800,958,12827,12827,0,0,0,0,0,0,0,0,0.062,0.066,0.000,0,0,0,12827,12827,0,0
travel,59.890,1437.6,1145.067,1145.067,fly,0.908,ok,2601,0,0,192.00,309186560,437440512,114090264,95883264,18123768,2904,11174640,22132800,958,12827,12827,0,0,0,0,0,0,0,0,0.064,0.080,0.000,0,0,0,12827,12827,0,0
travel,59.921,1438.4,1145.584,1145.584,fly,0.887,ok,2601,0,0,192.00,309186560,437440512,114090264,95883264,18123768,2904,11174640,22132800,958,12827,12827,0,0,0,0,0,0,0,0,0.132,0.063,0.000,0,0,0,12827,12827,0,0
travel,59.952,1439.1,1146.122,1146.122,fly,0.855,ok,2601,0,0,192.00,309186560,437440512,114090264,95883264,18123768,2904,11174640,22132800,958,12827,12827,0,0,0,0,0,0,0,0,0.062,0.070,0.000,0,0,0,12827,12827,0,0
travel,59.983,1439.9,1146.637,1146.637,fly,0.864,ok,2601,0,0,192.00,309186560,437440512,114090264,95883264,18123768,2904,11174640,22132800,958,12827,12827,0,0,0,0,0,0,0,0,0.063,0.073,0.000,0,0,0,12827,12827,0,0
travel,60.014,1440.6,1147.173,1147.173,fly,0.823,ok,2601,0,0,192.00,309186560,437440512,114090264,95883264,18123768,2904,7449760,22132800,958,12827,12827,0,0,0,0,0,0,0,0,0.062,0.065,0.000,0,0,0,12827,12827,0,0
travel,60.046,1441.4,1147.714,1147.714,fly,0.833,ok,2601,0,0,192.00,309186560,437440512,114090264,95883264,18123768,2904,7449760,22132800,958,12827,12827,0,0,0,0,0,0,0,0,0.061,0.066,0.000,0,0,0,12827,12827,0,0
travel,60.078,1442.2,1148.259,1148.259,fly,1.010,ok,2601,0,0,192.00,309186560,437440512,114090264,95883264,18123768,2904,7449760,22132800,958,12827,12827,0,0,0,0,0,0,0,0,0.063,0.130,0.000,0,0,0,12827,12827,0,0
travel,60.109,1442.9,1148.783,1148.783,fly,0.885,ok,2601,0,0,192.00,309186560,437440512,114090264,95883264,18123768,2904,7449760,22132800,958,12827,12827,0,0,0,0,0,0,0,0,0.065,0.081,0.000,0,0,0,12827,12827,0,0
travel,60.141,1443.7,1149.329,1149.329,fly,0.824,ok,2601,0,0,192.00,309186560,437440512,114090264,95883264,18123768,2904,7449760,22132800,958,12827,12827,0,0,0,0,0,0,0,0,0.061,0.065,0.000,0,0,0,12827,12827,0,0
travel,60.171,1444.4,1149.844,1149.844,fly,0.817,ok,2601,0,0,192.00,309186560,437440512,114090264,95883264,18123768,2904,7449760,22132800,958,12827,12827,0,0,0,0,0,0,0,0,0.061,0.065,0.000,0,0,0,12827,12827,0,0
travel,60.202,1445.1,1150.368,1150.368,fly,1.415,ok,2601,0,0,192.00,309186560,437440512,114090264,95883264,18123768,2904,7449760,22132800,958,12827,12827,0,0,0,0,0,0,0,0,0.141,0.111,0.000,0,0,0,12827,12827,0,0
travel,60.234,1445.9,1150.906,1150.906,fly,0.906,ok,2601,0,0,192.00,309186560,437440512,114090264,95883264,18123768,2904,7449760,22132800,958,12827,12827,0,0,0,0,0,0,0,0,0.137,0.067,0.000,0,0,0,12827,12827,0,0
travel,60.265,1446.6,1151.436,1151.436,fly,0.964,ok,2601,0,0,192.00,309186560,437440512,114090264,95883264,18123768,2904,7449760,22132800,958,12827,12827,0,0,0,0,0,0,0,0,0.062,0.071,0.000,0,0,0,12827,12827,0,0
travel,60.297,1447.4,1151.973,1151.973,fly,0.991,ok,2601,0,0,192.00,309186560,437440512,114090264,95883264,18123768,2904,7449760,22132800,958,12827,12827,0,0,0,0,0,0,0,0,0.069,0.109,0.000,0,0,0,12827,12827,0,0
travel,60.343,1448.5,1152.764,1152.764,fly,1.320,ok,2601,0,0,192.00,309186560,437440512,114090264,95883264,18123768,2904,11174640,22132800,958,12928,12928,0,0,0,0,0,0,0,0,0.149,0.208,0.000,0,0,0,12928,12928,0,0
travel,60.382,1449.5,1153.419,1153.419,fly,1.050,ok,2601,0,0,192.00,309186560,437440512,114090264,95883264,18123768,2904,11174640,22132800,958,12928,12928,0,0,0,0,0,0,0,0,0.073,0.178,0.000,0,0,0,12928,12928,0,0
travel,60.417,1450.3,1154.007,1154.007,fly,0.974,ok,2601,0,0,192.00,309186560,437440512,114090264,95883264,18123768,2904,11174640,22132800,958,12928,12928,0,0,0,0,0,0,0,0,0.062,0.073,0.000,0,0,0,12928,12928,0,0
travel,60.448,1451.0,1154.534,1154.534,fly,0.823,ok,2601,0,0,192.00,309186560,437440512,114090264,95883264,18123768,2904,11174640,22132800,958,12928,12928,0,0,0,0,0,0,0,0,0.062,0.074,0.000,0,0,0,12928,12928,0,0
travel,60.478,1451.8,1155.049,1155.049,fly,0.813,ok,2601,0,0,192.00,309186560,437440512,114090264,95883264,18123768,2904,7449760,22132800,958,12928,12928,0,0,0,0,0,0,0,0,0.062,0.065,0.000,0,0,0,12928,12928,0,0
travel,60.510,1452.5,1155.590,1155.590,fly,0.965,ok,2601,0,0,192.00,309186560,437440512,114090264,95883264,18123768,2904,7449760,22132800,958,12928,12928,0,0,0,0,0,0,0,0,0.073,0.109,0.000,0,0,0,12928,12928,0,0
travel,60.540,1453.3,1156.103,1156.103,fly,0.896,ok,2601,0,0,192.00,309186560,437440512,114090264,95883264,18123768,2904,7449760,22132800,958,12928,12928,0,0,0,0,0,0,0,0,0.131,0.064,0.000,0,0,0,12928,12928,0,0
travel,60.573,1454.0,1156.662,1156.662,fly,0.827,ok,2601,0,0,192.00,309186560,437440512,114090264,95883264,18123768,2904,7449760,22132800,958,12928,12928,0,0,0,0,0,0,0,0,0.064,0.061,0.000,0,0,0,12928,12928,0,0
travel,60.605,1454.8,1157.203,1157.203,fly,0.812,ok,2601,0,0,192.00,309186560,437440512,114090264,95883264,18123768,2904,7449760,22132800,958,12928,12928,0,0,0,0,0,0,0,0,0.061,0.065,0.000,0,0,0,12928,12928,0,0
travel,60.636,1455.6,1157.737,1157.737,fly,0.917,ok,2601,0,0,192.00,309186560,437440512,114090264,95883264,18123768,2904,7449760,22132800,958,12928,12928,0,0,0,0,0,0,0,0,0.138,0.068,0.000,0,0,0,12928,12928,0,0
travel,60.668,1456.3,1158.282,1158.282,fly,1.078,ok,2601,0,0,192.00,309186560,437440512,114090264,95883264,18123768,2904,7449760,22132800,958,12928,12928,0,0,0,0,0,0,0,0,0.235,0.093,0.000,0,0,0,12928,12928,0,0
travel,60.701,1457.1,1158.838,1158.838,fly,0.861,ok,2601,0,0,192.00,309186560,437440512,114090264,95883264,18123768,2904,7449760,22132800,958,12928,12928,0,0,0,0,0,0,0,0,0.063,0.074,0.000,0,0,0,12928,12928,0,0
travel,60.733,1457.9,1159.381,1159.381,fly,0.821,ok,2601,0,0,192.00,309186560,437440512,114090264,95883264,18123768,2904,7449760,22132800,958,12928,12928,0,0,0,0,0,0,0,0,0.060,0.072,0.000,0,0,0,12928,12928,0,0
travel,60.764,1458.6,1159.904,1159.904,fly,0.985,ok,2601,0,0,192.00,309186560,437440512,114090264,95883264,18123768,2904,7449760,22132800,958,12928,12928,0,0,0,0,0,0,0,0,0.071,0.111,0.000,0,0,0,12928,12928,0,0
travel,60.808,1459.7,1160.658,1160.658,fly,0.808,ok,2601,0,0,192.00,309186560,437440512,114090264,95883264,18123768,2904,11174640,22132800,958,13029,13029,0,0,0,0,0,0,0,0,0.062,0.064,0.000,0,0,0,13029,13029,0,0
travel,60.839,1460.4,1161.184,1161.184,fly,0.838,ok,2601,0,0,192.00,309186560,437440512,114090264,95883264,18123768,2904,11174640,22132800,958,13029,13029,0,0,0,0,0,0,0,0,0.063,0.073,0.000,0,0,0,13029,13029,0,0
travel,60.870,1461.2,1161.713,1161.713,fly,0.929,ok,2601,0,0,192.00,309186560,437440512,114090264,95883264,18123768,2904,11174640,22132800,958,13029,13029,0,0,0,0,0,0,0,0,0.161,0.062,0.000,0,0,0,13029,13029,0,0
travel,60.901,1461.9,1162.246,1162.246,fly,0.825,ok,2601,0,0,192.00,309186560,437440512,114090264,95883264,18123768,2904,11174640,22132800,958,13029,13029,0,0,0,0,0,0,0,0,0.062,0.064,0.000,0,0,0,13029,13029,0,0
travel,60.935,1462.7,1162.817,1162.817,fly,0.889,ok,2601,0,0,192.00,309186560,437440512,114090264,95883264,18123768,2904,7449760,22132800,958,13029,13029,0,0,0,0,0,0,0,0,0.064,0.074,0.000,0,0,0,13029,13029,0,0
travel,60.967,1463.5,1163.365,1163.365,fly,0.902,ok,2601,0,0,192.00,309186560,437440512,114090264,95883264,18123768,2904,7449760,22132800,958,13029,13029,0,0,0,0,0,0,0,0,0.062,0.072,0.000,0,0,0,13029,13029,0,0
travel,60.998,1464.3,1163.891,1163.891,fly,1.211,ok,2601,0,0,192.00,309186560,437440512,114090264,95883264,18123768,2904,7449760,22132800,958,13029,13029,0,0,0,0,0,0,0,0,0.146,0.140,0.000,0,0,0,13029,13029,0,0
travel,61.029,1465.0,1164.420,1164.420,fly,1.614,ok,2601,0,0,192.00,309186560,437440512,114090264,95883264,18123768,2904,7449760,22132800,958,13029,13029,0,0,0,0,0,0,0,0,0.607,0.124,0.000,0,0,0,13029,13029,0,0
travel,61.061,1465.8,1164.959,1164.959,fly,0.837,ok,2601,0,0,192.00,309186560,437440512,114090264,95883264,18123768,2904,7449760,22132800,958,13029,13029,0,0,0,0,0,0,0,0,0.061,0.078,0.000,0,0,0,13029,13029,0,0
travel,61.093,1466.5,1165.496,1165.496,fly,1.002,ok,2601,0,0,192.00,309186560,437440512,114090264,95883264,18123768,2904,7449760,22132800,958,13029,13029,0,0,0,0,0,0,0,0,0.130,0.153,0.000,0,0,0,13029,13029,0,0
travel,61.123,1467.3,1166.020,1166.020,fly,1.120,ok,2601,0,0,192.00,309186560,437440512,114090264,95883264,18123768,2904,7449760,22132800,958,13029,13029,0,0,0,0,0,0,0,0,0.066,0.089,0.000,0,0,0,13029,13029,0,0
travel,61.154,1468.0,1166.538,1166.538,fly,0.830,ok,2601,0,0,192.00,309186560,437440512,114090264,95883264,18123768,2904,7449760,22132800,958,13029,13029,0,0,0,0,0,0,0,0,0.062,0.078,0.000,0,0,0,13029,13029,0,0
travel,61.185,1468.8,1167.073,1167.073,fly,0.889,ok,2601,0,0,192.00,309186560,437440512,114090264,95883264,18123768,2904,7449760,22132800,958,13029,13029,0,0,0,0,0,0,0,0,0.130,0.068,0.000,0,0,0,13029,13029,0,0
travel,61.219,1469.6,1167.649,1167.649,fly,0.857,ok,2601,0,0,192.00,309186560,437440512,114090264,95883264,18123768,2904,7449760,22132800,958,13029,13029,0,0,0,0,0,0,0,0,0.062,0.072,0.000,0,0,0,13029,13029,0,0
travel,61.263,1470.6,1168.399,1168.399,fly,0.985,ok,2601,0,0,192.00,309186560,437440512,114090264,95883264,18123768,2904,11174640,22132800,958,13130,13130,0,0,0,0,0,0,0,0,0.076,0.117,0.000,0,0,0,13130,13130,0,0
travel,61.294,1471.4,1168.918,1168.918,fly,0.974,ok,2601,0,0,192.00,309186560,437440512,114090264,95883264,18123768,2904,11174640,22132800,958,13130,13130,0,0,0,0,0,0,0,0,0.139,0.071,0.000,0,0,0,13130,13130,0,0
travel,61.326,1472.1,1169.464,1169.464,fly,1.148,ok,2601,0,0,192.00,309186560,437440512,114090264,95883264,18123768,2904,11174640,22132800,958,13130,13130,0,0,0,0,0,0,0,0,0.066,0.139,0.000,0,0,0,13130,13130,0,0
travel,61.359,1472.9,1170.027,1170.027,fly,0.982,ok,2601,0,0,192.00,309186560,437440512,114090264,95883264,18123768,2904,11174640,22132800,958,13130,13130,0,0,0,0,0,0,0,0,0.070,0.109,0.000,0,0,0,13130,13130,0,0
travel,61.390,1473.7,1170.544,1170.544,fly,0.952,ok,2601,0,0,192.00,309186560,437440512,114090264,95883264,18123768,2904,7449760,22132800,958,13130,13130,0,0,0,0,0,0,0,0,0.073,0.114,0.000,0,0,0,13130,13130,0,0
travel,61.421,1474.4,1171.069,1171.069,fly,0.827,ok,2601,0,0,192.00,309186560,437440512,114090264,95883264,18123768,2904,7449760,22132800,958,13130,13130,0,0,0,0,0,0,0,0,0.062,0.067,0.000,0,0,0,13130,13130,0,0
travel,61.451,1475.1,1171.584,1171.584,fly,0.998,ok,2601,0,0,192.00,309186560,437440512,114090264,95883264,18123768,2904,7449760,22132800,958,13130,13130,0,0,0,0,0,0,0,0,0.194,0.078,0.000,0,0,0,13130,13130,0,0
travel,61.482,1475.9,1172.114,1172.114,fly,0.939,ok,2601,0,0,192.00,309186560,437440512,114090264,95883264,18123768,2904,7449760,22132800,958,13130,13130,0,0,0,0,0,0,0,0,0.071,0.121,0.000,0,0,0,13130,13130,0,0
travel,61.514,1476.7,1172.660,1172.660,fly,0.918,ok,2601,0,0,192.00,309186560,437440512,114090264,95883264,18123768,2904,7449760,22132800,958,13130,13130,0,0,0,0,0,0,0,0,0.139,0.068,0.000,0,0,0,13130,13130,0,0
travel,61.547,1477.5,1173.218,1173.218,fly,0.840,ok,2601,0,0,192.00,309186560,437440512,114090264,95883264,18123768,2904,7449760,22132800,958,13130,13130,0,0,0,0,0,0,0,0,0.061,0.069,0.000,0,0,0,13130,13130,0,0
travel,61.579,1478.2,1173.759,1173.759,fly,0.864,ok,2601,0,0,192.00,309186560,437440512,114090264,95883264,18123768,2904,7449760,22132800,958,13130,13130,0,0,0,0,0,0,0,0,0.062,0.075,0.000,0,0,0,13130,13130,0,0
travel,61.609,1478.9,1174.273,1174.273,fly,0.910,ok,2601,0,0,192.00,309186560,437440512,114090264,95883264,18123768,2904,7449760,22132800,958,13130,13130,0,0,0,0,0,0,0,0,0.157,0.068,0.000,0,0,0,13130,13130,0,0
travel,61.642,1479.7,1174.830,1174.830,fly,0.853,ok,2601,0,0,192.00,309186560,437440512,114090264,95883264,18123768,2904,7449760,22132800,958,13130,13130,0,0,0,0,0,0,0,0,0.062,0.071,0.000,0,0,0,13130,13130,0,0
travel,61.674,1480.5,1175.369,1175.369,fly,0.822,ok,2601,0,0,192.00,309186560,437440512,114090264,95883264,18123768,2904,7449760,22132800,958,13130,13130,0,0,0,0,0,0,0,0,0.061,0.063,0.000,0,0,0,13130,13130,0,0
travel,61.704,1481.2,1175.885,1175.885,fly,0.820,ok,2601,0,0,192.00,309186560,437440512,114090264,95883264,18123768,2904,7449760,22132800,958,13130,13130,0,0,0,0,0,0,0,0,0.060,0.063,0.000,0,0,0,13130,13130,0,0
travel,61.748,1482.3,1176.639,1176.639,fly,0.821,ok,2601,0,0,192.00,309186560,437440512,114090264,95883264,18123768,2904,11174640,22132800,958,13231,13231,0,0,0,0,0,0,0,0,0.061,0.065,0.000,0,0,0,13231,13231,0,0
travel,61.780,1483.1,1177.184,1177.184,fly,0.824,ok,2601,0,0,192.00,309186560,437440512,114090264,95883264,18123768,2904,11174640,22132800,958,13231,13231,0,0,0,0,0,0,0,0,0.062,0.067,0.000,0,0,0,13231,13231,0,0
travel,61.812,1483.8,1177.728,1177.728,fly,0.952,ok,2601,0,0,192.00,309186560,437440512,114090264,95883264,18123768,2904,11174640,22132800,958,13231,13231,0,0,0,0,0,0,0,0,0.165,0.075,0.000,0,0,0,13231,13231,0,0
travel,61.843,1484.6,1178.242,1178.242,fly,0.804,ok,2601,0,0,192.00,309186560,437440512,114090264,95883264,18123768,2904,11174640,22132800,958,13231,13231,0,0,0,0,0,0,0,0,0.061,0.062,0.000,0,0,0,13231,13231,0,0
travel,61.875,1485.3,1178.788,1178.788,fly,0.821,ok,2601,0,0,192.00,309186560,437440512,114090264,95883264,18123768,2904,7449760,22132800,958,13231,13231,0,0,0,0,0,0,0,0,0.061,0.063,0.000,0,0,0,13231,13231,0,0
travel,61.905,1486.1,1179.311,1179.311,fly,1.304,ok,2601,0,0,192.00,309186560,437440512,114090264,95883264,18123768,2904,7449760,22132800,958,13231,13231,0,0,0,0,0,0,0,0,0.478,0.077,0.000,0,0,0,13231,13231,0,0
travel,61.937,1486.8,1179.853,1179.853,fly,0.821,ok,2601,0,0,192.00,309186560,437440512,114090264,95883264,18123768,2904,7449760,22132800,958,13231,13231,0,0,0,0,0,0,0,0,0.061,0.064,0.000,0,0,0,13231,13231,0,0
travel,61.969,1487.6,1180.398,1180.398,fly,0.814,ok,2601,0,0,192.00,309186560,437440512,114090264,95883264,18123768,2904,7449760,22132800,958,13231,13231,0,0,0,0,0,0,0,0,0.061,0.064,0.000,0,0,0,13231,13231,0,0
travel,62.000,1488.4,1180.924,1180.924,fly,0.971,ok,2601,0,0,192.00,309186560,437440512,114090264,95883264,18123768,2904,7449760,22132800,958,13231,13231,0,0,0,0,0,0,0,0,0.074,0.109,0.000,0,0,0,13231,13231,0,0
travel,62.031,1489.1,1181.441,1181.441,fly,0.856,ok,2601,0,0,192.00,309186560,437440512,114090264,95883264,18123768,2904,7449760,22132800,958,13231,13231,0,0,0,0,0,0,0,0,0.062,0.071,0.000,0,0,0,13231,13231,0,0
travel,62.062,1489.8,1181.977,1181.977,fly,0.856,ok,2601,0,0,192.00,309186560,437440512,114090264,95883264,18123768,2904,7449760,22132800,958,13231,13231,0,0,0,0,0,0,0,0,0.061,0.081,0.000,0,0,0,13231,13231,0,0
travel,62.093,1490.6,1182.491,1182.491,fly,0.871,ok,2601,0,0,192.00,309186560,437440512,114090264,95883264,18123768,2904,7449760,22132800,958,13231,13231,0,0,0,0,0,0,0,0,0.106,0.067,0.000,0,0,0,13231,13231,0,0
travel,62.124,1491.3,1183.027,1183.027,fly,0.827,ok,2601,0,0,192.00,309186560,437440512,114090264,95883264,18123768,2904,7449760,22132800,958,13231,13231,0,0,0,0,0,0,0,0,0.060,0.065,0.000,0,0,0,13231,13231,0,0
travel,62.156,1492.1,1183.575,1183.575,fly,0.818,ok,2601,0,0,192.00,309186560,437440512,114090264,95883264,18123768,2904,7449760,22132800,958,13231,13231,0,0,0,0,0,0,0,0,0.061,0.068,0.000,0,0,0,13231,13231,0,0
travel,62.200,1493.2,1184.320,1184.320,fly,0.836,ok,2601,0,0,192.00,309186560,437440512,114090264,95883264,18123768,2904,11174640,22132800,958,13332,13332,0,0,9,0,0,0,0,0,0.063,0.067,0.000,0,0,0,13332,13332,0,0
travel,62.233,1493.9,1184.869,1184.869,fly,0.810,ok,2601,0,0,192.00,309186560,437440512,114090264,95883264,18123768,2904,11174640,22132800,958,13332,13332,0,0,0,0,0,0,0,0,0.062,0.064,0.000,0,0,0,13332,13332,0,0
travel,62.265,1494.7,1185.417,1185.417,fly,1.044,ok,2601,0,0,192.00,309186560,437440512,114090264,95883264,18123768,2904,11174640,22132800,958,13332,13332,0,0,0,0,0,0,0,0,0.075,0.122,0.000,0,0,0,13332,13332,0,0
travel,62.296,1495.5,1185.943,1185.943,fly,1.379,ok,2601,0,0,192.00,309186560,437440512,114090264,95883264,18123768,2904,11174640,22132800,958,13332,13332,0,0,0,0,0,0,0,0,0.170,0.116,0.000,0,0,0,13332,13332,0,0
travel,62.327,1496.2,1186.468,1186.468,fly,0.833,ok,2601,0,0,192.00,309186560,437440512,114090264,95883264,18123768,2904,11174640,22132800,958,13332,13332,0,0,0,0,0,0,0,0,0.062,0.067,0.000,0,0,0,13332,13332,0,0
travel,62.359,1497.0,1187.022,1187.022,fly,0.913,ok,2601,0,0,192.00,309186560,437440512,114090264,95883264,18123768,2904,7449760,22132800,958,13332,13332,0,0,0,0,0,0,0,0,0.064,0.078,0.000,0,0,0,13332,13332,0,0
travel,62.389,1497.7,1187.534,1187.534,fly,0.807,ok,2601,0,0,192.00,309186560,437440512,114090264,95883264,18123768,2904,7449760,22132800,958,13332,13332,0,0,0,0,0,0,0,0,0.061,0.061,0.000,0,0,0,13332,13332,0,0
travel,62.420,1498.4,1188.064,1188.064,fly,0.815,ok,2601,0,0,192.00,309186560,437440512,114090264,95883264,18123768,2904,7449760,22132800,958,13332,13332,0,0,0,0,0,0,0,0,0.061,0.066,0.000,0,0,0,13332,13332,0,0
travel,62.458,1499.3,1188.700,1188.700,fly,1.260,ok,2601,0,0,192.00,309186560,437440512,114090264,95883264,18123768,2904,7449760,22132800,958,13332,13332,0,0,0,0,0,0,0,0,0.067,0.105,0.000,0,0,0,13332,13332,0,0
travel,62.499,1500.3,1189.390,1189.390,fly,1.394,ok,2601,0,0,192.00,309186560,437440512,114090264,95883264,18123768,2904,7449760,22132800,958,13332,13332,0,0,0,0,0,0,0,0,0.085,0.169,0.000,0,0,0,13332,13332,0,0
travel,62.530,1501.1,1189.922,1189.922,fly,0.830,ok,2601,0,0,192.00,309186560,437440512,114090264,95883264,18123768,2904,7449760,22132800,958,13332,13332,0,0,0,0,0,0,0,0,0.062,0.065,0.000,0,0,0,13332,13332,0,0
travel,62.562,1501.8,1190.460,1190.460,fly,0.823,ok,2601,0,0,192.00,309186560,437440512,114090264,95883264,18123768,2904,7449760,22132800,958,13332,13332,0,0,0,0,0,0,0,0,0.061,0.066,0.000,0,0,0,13332,13332,0,0
travel,62.594,1502.6,1191.003,1191.003,fly,1.077,ok,2601,0,0,192.00,309186560,437440512,114090264,95883264,18123768,2904,7449760,22132800,958,13332,13332,0,0,0,0,0,0,0,0,0.063,0.126,0.000,0,0,0,13332,13332,0,0
travel,62.624,1503.3,1191.529,1191.529,fly,0.949,ok,2601,0,0,192.00,309186560,437440512,114090264,95883264,18123768,2904,7449760,22132800,958,13332,13332,0,0,0,0,0,0,0,0,0.132,0.070,0.000,0,0,0,13332,13332,0,0
travel,62.666,1504.3,1192.227,1192.227,fly,3.049,ok,2601,0,32,192.00,309186560,437440512,114090264,95883264,18123768,2904,11174640,20463072,958,13433,13433,17,0,69,17,17,0,0,0,0.063,0.096,0.000,0,0,0,13433,13433,0,0
travel,62.701,1505.2,1192.836,1192.836,fly,0.827,ok,2601,0,0,192.00,309186560,437440512,114090264,95883264,18123768,2904,11174640,22132800,958,13433,13433,0,0,0,0,0,0,0,0,0.062,0.064,0.000,0,0,0,13433,13433,0,0
travel,62.732,1505.9,1193.360,1193.360,fly,2.238,ok,2601,0,0,192.00,309186560,437440512,114090264,95883264,18123768,2904,11174640,22132800,958,13433,13433,0,0,0,0,0,0,0,0,0.154,0.165,0.000,0,0,0,13433,13433,0,0
travel,62.764,1506.7,1193.905,1193.905,fly,0.833,ok,2601,0,0,192.00,309186560,437440512,114090264,95883264,18123768,2904,11174640,22132800,958,13433,13433,0,0,0,0,0,0,0,0,0.065,0.064,0.000,0,0,0,13433,13433,0,0
travel,62.796,1507.5,1194.442,1194.442,fly,0.928,ok,2601,0,0,192.00,309186560,437440512,114090264,95883264,18123768,2904,11174640,22132800,958,13433,13433,0,0,0,0,0,0,0,0,0.072,0.110,0.000,0,0,0,13433,13433,0,0
travel,62.828,1508.2,1194.982,1194.982,fly,0.842,ok,2601,0,0,192.00,309186560,437440512,114090264,95883264,18123768,2904,7449760,22132800,958,13433,13433,0,0,0,0,0,0,0,0,0.061,0.066,0.000,0,0,0,13433,13433,0,0
travel,62.859,1509.0,1195.510,1195.510,fly,0.832,ok,2601,0,0,192.00,309186560,437440512,114090264,95883264,18123768,2904,7449760,22132800,958,13433,13433,0,0,0,0,0,0,0,0,0.066,0.069,0.000,0,0,0,13433,13433,0,0
travel,62.889,1509.7,1196.028,1196.028,fly,0.828,ok,2601,0,0,192.00,309186560,437440512,114090264,95883264,18123768,2904,7449760,22132800,958,13433,13433,0,0,0,0,0,0,0,0,0.063,0.066,0.000,0,0,0,13433,13433,0,0
travel,62.921,1510.5,1196.563,1196.563,fly,0.814,ok,2601,0,0,192.00,309186560,437440512,114090264,95883264,18123768,2904,7449760,22132800,958,13433,13433,0,0,0,0,0,0,0,0,0.060,0.070,0.000,0,0,0,13433,13433,0,0
travel,62.951,1511.2,1197.075,1197.075,fly,0.836,ok,2601,0,0,192.00,309186560,437440512,114090264,95883264,18123768,2904,7449760,22132800,958,13433,13433,0,0,0,0,0,0,0,0,0.061,0.069,0.000,0,0,0,13433,13433,0,0
travel,62.982,1511.9,1197.598,1197.598,fly,0.825,ok,2601,0,0,192.00,309186560,437440512,114090264,95883264,18123768,2904,7449760,22132800,958,13433,13433,0,0,0,0,0,0,0,0,0.061,0.066,0.000,0,0,0,13433,13433,0,0
travel,63.014,1512.7,1198.152,1198.152,fly,0.829,ok,2601,0,0,192.00,309186560,437440512,114090264,95883264,18123768,2904,7449760,22132800,958,13433,13433,0,0,0,0,0,0,0,0,0.061,0.066,0.000,0,0,0,13433,13433,0,0
travel,63.044,1513.4,1198.665,1198.665,fly,0.814,ok,2601,0,0,192.00,309186560,437440512,114090264,95883264,18123768,2904,7449760,22132800,958,13433,13433,0,0,0,0,0,0,0,0,0.062,0.064,0.000,0,0,0,13433,13433,0,0
travel,63.076,1514.2,1199.199,1199.199,fly,0.811,ok,2601,0,0,192.00,309186560,437440512,114090264,95883264,18123768,2904,7449760,22132800,958,13433,13433,0,0,0,0,0,0,0,0,0.061,0.063,0.000,0,0,0,13433,13433,0,0
travel,63.108,1515.0,1199.740,1199.740,fly,0.976,ok,2601,0,0,192.00,309186560,437440512,114090264,95883264,18123768,2904,7449760,22132800,958,13433,13433,0,0,0,0,0,0,0,0,0.061,0.206,0.000,0,0,0,13433,13433,0,0
travel,63.150,1516.0,1200.454,1200.454,fly,0.820,ok,2601,0,0,192.00,309186560,437440512,114090264,95883264,18123768,2904,11174640,22132800,958,13534,13534,0,0,0,0,0,0,0,0,0.065,0.068,0.000,0,0,0,13534,13534,0,0
travel,63.183,1516.8,1201.013,1201.013,fly,1.285,ok,2601,0,0,192.00,309186560,437440512,114090264,95883264,18123768,2904,11174640,22132800,958,13534,13534,0,0,0,0,0,0,0,0,0.071,0.092,0.000,0,0,0,13534,13534,0,0
travel,63.221,1517.7,1201.665,1201.665,fly,1.348,ok,2601,0,0,192.00,309186560,437440512,114090264,95883264,18123768,2904,11174640,22132800,958,13534,13534,0,0,0,0,0,0,0,0,0.200,0.105,0.000,0,0,0,13534,13534,0,0
travel,63.255,1518.5,1202.238,1202.238,fly,1.327,ok,2601,0,0,192.00,309186560,437440512,114090264,95883264,18123768,2904,11174640,22132800,958,13534,13534,0,0,0,0,0,0,0,0,0.154,0.461,0.000,0,0,0,13534,13534,0,0
travel,63.287,1519.3,1202.782,1202.782,fly,0.807,ok,2601,0,0,192.00,309186560,437440512,114090264,95883264,18123768,2904,7449760,22132800,958,13534,13534,0,0,0,0,0,0,0,0,0.062,0.062,0.000,0,0,0,13534,13534,0,0
travel,63.319,1520.0,1203.328,1203.328,fly,0.834,ok,2601,0,0,192.00,309186560,437440512,114090264,95883264,18123768,2904,7449760,22132800,958,13534,13534,0,0,0,0,0,0,0,0,0.061,0.066,0.000,0,0,0,13534,13534,0,0
travel,63.349,1520.8,1203.844,1203.844,fly,0.934,ok,2601,0,0,192.00,309186560,437440512,114090264,95883264,18123768,2904,7449760,22132800,958,13534,13534,0,0,0,0,0,0,0,0,0.152,0.067,0.000,0,0,0,13534,13534,0,0
travel,63.381,1521.5,1204.386,1204.386,fly,0.825,ok,2601,0,0,192.00,309186560,437440512,114090264,95883264,18123768,2904,7449760,22132800,958,13534,13534,0,0,0,0,0,0,0,0,0.062,0.069,0.000,0,0,0,13534,13534,0,0
travel,63.411,1522.3,1204.900,1204.900,fly,0.827,ok,2601,0,0,192.00,309186560,437440512,114090264,95883264,18123768,2904,7449760,22132800,958,13534,13534,0,0,0,0,0,0,0,0,0.062,0.070,0.000,0,0,0,13534,13534,0,0
travel,63.443,1523.0,1205.435,1205.435,fly,0.916,ok,2601,0,0,192.00,309186560,437440512,114090264,95883264,18123768,2904,7449760,22132800,958,13534,13534,0,0,0,0,0,0,0,0,0.131,0.065,0.000,0,0,0,13534,13534,0,0
travel,63.475,1523.8,1205.978,1205.978,fly,0.854,ok,2601,0,0,192.00,309186560,437440512,114090264,95883264,18123768,2904,7449760,22132800,958,13534,13534,0,0,0,0,0,0,0,0,0.062,0.070,0.000,0,0,0,13534,13534,0,0
travel,63.505,1524.5,1206.495,1206.495,fly,1.543,ok,2601,0,0,192.00,309186560,437440512,114090264,95883264,18123768,2904,7449760,22132800,958,13534,13534,0,0,0,0,0,0,0,0,0.092,0.139,0.000,0,0,0,13534,13534,0,0
travel,63.537,1525.3,1207.028,1207.028,fly,0.936,ok,2601,0,0,192.00,309186560,437440512,114090264,95883264,18123768,2904,7449760,22132800,958,13534,13534,0,0,0,0,0,0,0,0,0.152,0.076,0.000,0,0,0,13534,13534,0,0
travel,63.569,1526.0,1207.572,1207.572,fly,1.290,ok,2601,0,0,192.00,309186560,437440512,114090264,95883264,18123768,2904,7449760,22132800,958,13534,13534,0,0,0,0,0,0,0,0,0.085,0.116,0.000,0,0,0,13534,13534,0,0
travel,63.612,1527.1,1208.315,1208.315,fly,1.363,ok,2601,0,2,192.00,309186560,437440512,114090264,95883264,18123768,2904,11174640,22080600,958,13635,13635,0,0,16,0,0,0,0,0,0.140,0.118,0.000,0,0,0,13635,13635,0,0
travel,63.643,1527.8,1208.843,1208.843,fly,1.003,ok,2601,0,0,192.00,309186560,437440512,114090264,95883264,18123768,2904,11174640,22132800,958,13635,13635,0,0,0,0,0,0,0,0,0.237,0.067,0.000,0,0,0,13635,13635,0,0
travel,63.675,1528.6,1209.384,1209.384,fly,0.827,ok,2601,0,0,192.00,309186560,437440512,114090264,95883264,18123768,2904,11174640,22132800,958,13635,13635,0,0,0,0,0,0,0,0,0.061,0.065,0.000,0,0,0,13635,13635,0,0
travel,63.707,1529.4,1209.923,1209.923,fly,0.929,ok,2601,0,0,192.00,309186560,437440512,114090264,95883264,18123768,2904,11174640,22132800,958,13635,13635,0,0,0,0,0,0,0,0,0.064,0.080,0.000,0,0,0,13635,13635,0,0
travel,63.738,1530.1,1210.448,1210.448,fly,0.840,ok,2601,0,0,192.00,309186560,437440512,114090264,95883264,18123768,2904,11174640,22132800,958,13635,13635,0,0,0,0,0,0,0,0,0.068,0.069,0.000,0,0,0,13635,13635,0,0
travel,63.768,1530.8,1210.968,1210.968,fly,0.827,ok,2601,0,0,192.00,309186560,437440512,114090264,95883264,18123768,2904,7449760,22132800,958,13635,13635,0,0,0,0,0,0,0,0,0.062,0.067,0.000,0,0,0,13635,13635,0,0
travel,63.801,1531.6,1211.522,1211.522,fly,0.810,ok,2601,0,0,192.00,309186560,437440512,114090264,95883264,18123768,2904,7449760,22132800,958,13635,13635,0,0,0,0,0,0,0,0,0.062,0.064,0.000,0,0,0,13635,13635,0,0
travel,63.833,1532.4,1212.064,1212.064,fly,1.206,ok,2601,0,0,192.00,309186560,437440512,114090264,95883264,18123768,2904,7449760,22132800,958,13635,13635,0,0,0,0,0,0,0,0,0.083,0.133,0.000,0,0,0,13635,13635,0,0
travel,63.864,1533.1,1212.598,1212.598,fly,1.265,ok,2601,0,0,192.00,309186560,437440512,114090264,95883264,18123768,2904,7449760,22132800,958,13635,13635,0,0,0,0,0,0,0,0,0.075,0.121,0.000,0,0,0,13635,13635,0,0
travel,63.897,1533.9,1213.146,1213.146,fly,0.846,ok,2601,0,0,192.00,309186560,437440512,114090264,95883264,18123768,2904,7449760,22132800,958,13635,13635,0,0,0,0,0,0,0,0,0.062,0.073,0.000,0,0,0,13635,13635,0,0
travel,63.927,1534.7,1213.670,1213.670,fly,0.867,ok,2601,0,0,192.00,309186560,437440512,114090264,95883264,18123768,2904,7449760,22132800,958,13635,13635,0,0,0,0,0,0,0,0,0.061,0.076,0.000,0,0,0,13635,13635,0,0
travel,63.958,1535.4,1214.196,1214.196,fly,0.866,ok,2601,0,0,192.00,309186560,437440512,114090264,95883264,18123768,2904,7449760,22132800,958,13635,13635,0,0,0,0,0,0,0,0,0.064,0.073,0.000,0,0,0,13635,13635,0,0
travel,63.989,1536.1,1214.719,1214.719,fly,0.815,ok,2601,0,0,192.00,309186560,437440512,114090264,95883264,18123768,2904,7449760,22132800,958,13635,13635,0,0,0,0,0,0,0,0,0.061,0.067,0.000,0,0,0,13635,13635,0,0
travel,64.022,1536.9,1215.272,1215.272,fly,0.977,ok,2601,0,0,192.00,309186560,437440512,114090264,95883264,18123768,2904,7449760,22132800,958,13635,13635,0,0,0,0,0,0,0,0,0.074,0.118,0.000,0,0,0,13635,13635,0,0
travel,64.052,1537.7,1215.789,1215.789,fly,1.053,ok,2601,0,0,192.00,309186560,437440512,114090264,95883264,18123768,2904,7449760,22132800,958,13635,13635,0,0,0,0,0,0,0,0,0.144,0.087,0.000,0,0,0,13635,13635,0,0
travel,64.094,1538.7,1216.504,1216.504,fly,0.844,ok,2601,0,0,192.00,309186560,437440512,114090264,95883264,18123768,2904,11174640,22132800,958,13736,13736,0,0,0,0,0,0,0,0,0.061,0.071,0.000,0,0,0,13736,13736,0,0
travel,64.124,1539.4,1217.017,1217.017,fly,0.973,ok,2601,0,0,192.00,309186560,437440512,114090264,95883264,18123768,2904,11174640,22132800,958,13736,13736,0,0,0,0,0,0,0,0,0.145,0.106,0.000,0,0,0,13736,13736,0,0
travel,64.156,1540.2,1217.562,1217.562,fly,0.819,ok,2601,0,0,192.00,309186560,437440512,114090264,95883264,18123768,2904,11174640,22132800,958,13736,13736,0,0,0,0,0,0,0,0,0.062,0.063,0.000,0,0,0,13736,13736,0,0
travel,64.187,1540.9,1218.076,1218.076,fly,0.976,ok,2601,0,0,192.00,309186560,437440512,114090264,95883264,18123768,2904,11174640,22132800,958,13736,13736,0,0,0,0,0,0,0,0,0.073,0.149,0.000,0,0,0,13736,13736,0,0
travel,64.219,1541.7,1218.622,1218.622,fly,0.831,ok,2601,0,0,192.00,309186560,437440512,114090264,95883264,18123768,2904,7449760,22132800,958,13736,13736,0,0,0,0,0,0,0,0,0.062,0.061,0.000,0,0,0,13736,13736,0,0
travel,64.251,1542.4,1219.174,1219.174,fly,0.821,ok,2601,0,0,192.00,309186560,437440512,114090264,95883264,18123768,2904,7449760,22132800,958,13736,13736,0,0,0,0,0,0,0,0,0.061,0.065,0.000,0,0,0,13736,13736,0,0
travel,64.282,1543.2,1219.689,1219.689,fly,0.813,ok,2601,0,0,192.00,309186560,437440512,114090264,95883264,18123768,2904,7449760,22132800,958,13736,13736,0,0,0,0,0,0,0,0,0.062,0.064,0.000,0,0,0,13736,13736,0,0
travel,64.313,1543.9,1220.226,1220.226,fly,0.966,ok,2601,0,0,192.00,309186560,437440512,114090264,95883264,18123768,2904,7449760,22132800,958,13736,13736,0,0,0,0,0,0,0,0,0.074,0.112,0.000,0,0,0,13736,13736,0,0
travel,64.344,1544.7,1220.759,1220.759,fly,0.837,ok,2601,0,0,192.00,309186560,437440512,114090264,95883264,18123768,2904,7449760,22132800,958,13736,13736,0,0,0,0,0,0,0,0,0.061,0.067,0.000,0,0,0,13736,13736,0,0
travel,64.375,1545.4,1221.277,1221.277,fly,0.830,ok,2601,0,0,192.00,309186560,437440512,114090264,95883264,18123768,2904,7449760,22132800,958,13736,13736,0,0,0,0,0,0,0,0,0.062,0.067,0.000,0,0,0,13736,13736,0,0
travel,64.406,1546.2,1221.806,1221.806,fly,0.887,ok,2601,0,0,192.00,309186560,437440512,114090264,95883264,18123768,2904,7449760,22132800,958,13736,13736,0,0,0,0,0,0,0,0,0.063,0.077,0.000,0,0,0,13736,13736,0,0
travel,64.437,1546.9,1222.331,1222.331,fly,0.906,ok,2601,0,0,192.00,309186560,437440512,114090264,95883264,18123768,2904,7449760,22132800,958,13736,13736,0,0,0,0,0,0,0,0,0.150,0.067,0.000,0,0,0,13736,13736,0,0
travel,64.467,1547.6,1222.848,1222.848,fly,1.107,ok,2601,0,0,192.00,309186560,437440512,114090264,95883264,18123768,2904,7449760,22132800,958,13736,13736,0,0,0,0,0,0,0,0,0.152,0.118,0.000,0,0,0,13736,13736,0,0
travel,64.498,1548.4,1223.375,1223.375,fly,1.172,ok,2601,0,0,192.00,309186560,437440512,114090264,95883264,18123768,2904,7449760,22132800,958,13736,13736,0,0,0,0,0,0,0,0,0.075,0.114,0.000,0,0,0,13736,13736,0,0
travel,64.530,1549.1,1223.913,1223.913,fly,0.832,ok,2601,0,0,192.00,309186560,437440512,114090264,95883264,18123768,2904,7449760,22132800,958,13736,13736,0,0,0,0,0,0,0,0,0.061,0.065,0.000,0,0,0,13736,13736,0,0
travel,64.574,1550.2,1224.662,1224.662,fly,1.088,ok,2601,0,0,192.00,309186560,437440512,114090264,95883264,18123768,2904,11174640,22132800,958,13837,13837,0,0,0,0,0,0,0,0,0.064,0.093,0.000,0,0,0,13837,13837,0,0
travel,64.605,1550.9,1225.182,1225.182,fly,0.843,ok,2601,0,0,192.00,309186560,437440512,114090264,95883264,18123768,2904,11174640,22132800,958,13837,13837,0,0,0,0,0,0,0,0,0.063,0.070,0.000,0,0,0,13837,13837,0,0
travel,64.636,1551.7,1225.719,1225.719,fly,0.875,ok,2601,0,0,192.00,309186560,437440512,114090264,95883264,18123768,2904,11174640,22132800,958,13837,13837,0,0,0,0,0,0,0,0,0.062,0.073,0.000,0,0,0,13837,13837,0,0
travel,64.668,1552.5,1226.259,1226.259,fly,1.038,ok,2601,0,0,192.00,309186560,437440512,114090264,95883264,18123768,2904,11174640,22132800,958,13837,13837,0,0,0,0,0,0,0,0,0.076,0.181,0.000,0,0,0,13837,13837,0,0
travel,64.698,1553.2,1226.776,1226.776,fly,0.893,ok,2601,0,0,192.00,309186560,437440512,114090264,95883264,18123768,2904,7449760,22132800,958,13837,13837,0,0,0,0,0,0,0,0,0.130,0.061,0.000,0,0,0,13837,13837,0,0
travel,64.730,1554.0,1227.313,1227.313,fly,1.105,ok,2601,0,0,192.00,309186560,437440512,114090264,95883264,18123768,2904,7449760,22132800,958,13837,13837,0,0,0,0,0,0,0,0,0.227,0.082,0.000,0,0,0,13837,13837,0,0
travel,64.763,1554.7,1227.870,1227.870,fly,0.822,ok,2601,0,0,192.00,309186560,437440512,114090264,95883264,18123768,2904,7449760,22132800,958,13837,13837,0,0,0,0,0,0,0,0,0.061,0.065,0.000,0,0,0,13837,13837,0,0
travel,64.795,1555.5,1228.411,1228.411,fly,1.223,ok,2601,0,0,192.00,309186560,437440512,114090264,95883264,18123768,2904,7449760,22132800,958,13837,13837,0,0,0,0,0,0,0,0,0.073,0.124,0.000,0,0,0,13837,13837,0,0
travel,64.826,1556.3,1228.947,1228.947,fly,1.017,ok,2601,0,0,192.00,309186560,437440512,114090264,95883264,18123768,2904,7449760,22132800,958,13837,13837,0,0,0,0,0,0,0,0,0.137,0.095,0.000,0,0,0,13837,13837,0,0
travel,64.859,1557.0,1229.500,1229.500,fly,0.809,ok,2601,0,0,192.00,309186560,437440512,114090264,95883264,18123768,2904,7449760,22132800,958,13837,13837,0,0,0,0,0,0,0,0,0.060,0.063,0.000,0,0,0,13837,13837,0,0
travel,64.889,1557.8,1230.018,1230.018,fly,0.825,ok,2601,0,0,192.00,309186560,437440512,114090264,95883264,18123768,2904,7449760,22132800,958,13837,13837,0,0,0,0,0,0,0,0,0.061,0.064,0.000,0,0,0,13837,13837,0,0
travel,64.923,1558.6,1230.583,1230.583,fly,0.861,ok,2601,0,0,192.00,309186560,437440512,114090264,95883264,18123768,2904,7449760,22132800,958,13837,13837,0,0,0,0,0,0,0,0,0.062,0.073,0.000,0,0,0,13837,13837,0,0
travel,64.955,1559.4,1231.127,1231.127,fly,0.967,ok,2601,0,0,192.00,309186560,437440512,114090264,95883264,18123768,2904,7449760,22132800,958,13837,13837,0,0,0,0,0,0,0,0,0.070,0.109,0.000,0,0,0,13837,13837,0,0
travel,64.986,1560.1,1231.668,1231.668,fly,0.841,ok,2601,0,0,192.00,309186560,437440512,114090264,95883264,18123768,2904,7449760,22132800,958,13837,13837,0,0,0,0,0,0,0,0,0.064,0.069,0.000,0,0,0,13837,13837,0,0
travel,65.030,1561.2,1232.406,1232.406,fly,1.246,ok,2601,0,0,192.00,309186560,437440512,114090264,95883264,18123768,2904,11174640,22132800,958,13938,13938,0,0,0,0,0,0,0,0,0.154,0.164,0.000,0,0,0,13938,13938,0,0
travel,65.062,1561.9,1232.959,1232.959,fly,0.964,ok,2601,0,0,192.00,309186560,437440512,114090264,95883264,18123768,2904,11174640,22132800,958,13938,13938,0,0,0,0,0,0,0,0,0.140,0.100,0.000,0,0,0,13938,13938,0,0
travel,65.093,1562.7,1233.478,1233.478,fly,0.828,ok,2601,0,0,192.00,309186560,437440512,114090264,95883264,18123768,2904,11174640,22132800,958,13938,13938,0,0,0,0,0,0,0,0,0.065,0.065,0.000,0,0,0,13938,13938,0,0
travel,65.125,1563.4,1234.022,1234.022,fly,0.882,ok,2601,0,0,192.00,309186560,437440512,114090264,95883264,18123768,2904,11174640,22132800,958,13938,13938,0,0,0,0,0,0,0,0,0.065,0.074,0.000,0,0,0,13938,13938,0,0
travel,65.157,1564.2,1234.568,1234.568,fly,0.858,ok,2601,0,0,192.00,309186560,437440512,114090264,95883264,18123768,2904,7449760,22132800,958,13938,13938,0,0,0,0,0,0,0,0,0.063,0.072,0.000,0,0,0,13938,13938,0,0
travel,65.187,1564.9,1235.084,1235.084,fly,0.910,ok,2601,0,0,192.00,309186560,437440512,114090264,95883264,18123768,2904,7449760,22132800,958,13938,13938,0,0,0,0,0,0,0,0,0.139,0.067,0.000,0,0,0,13938,13938,0,0
travel,65.220,1565.7,1235.634,1235.634,fly,0.833,ok,2601,0,0,192.00,309186560,437440512,114090264,95883264,18123768,2904,7449760,22132800,958,13938,13938,0,0,0,0,0,0,0,0,0.062,0.069,0.000,0,0,0,13938,13938,0,0
travel,65.251,1566.5,1236.165,1236.165,fly,1.030,ok,2601,0,0,192.00,309186560,437440512,114090264,95883264,18123768,2904,7449760,22132800,958,13938,13938,0,0,0,0,0,0,0,0,0.099,0.085,0.000,0,0,0,13938,13938,0,0
travel,65.282,1567.2,1236.696,1236.696,fly,0.987,ok,2601,0,0,192.00,309186560,437440512,114090264,95883264,18123768,2904,7449760,22132800,958,13938,13938,0,0,0,0,0,0,0,0,0.093,0.205,0.000,0,0,0,13938,13938,0,0
travel,65.314,1568.0,1237.244,1237.244,fly,1.014,ok,2601,0,0,192.00,309186560,437440512,114090264,95883264,18123768,2904,7449760,22132800,958,13938,13938,0,0,0,0,0,0,0,0,0.252,0.067,0.000,0,0,0,13938,13938,0,0
travel,65.347,1568.8,1237.791,1237.791,fly,0.818,ok,2601,0,0,192.00,309186560,437440512,114090264,95883264,18123768,2904,7449760,22132800,958,13938,13938,0,0,0,0,0,0,0,0,0.060,0.067,0.000,0,0,0,13938,13938,0,0
travel,65.378,1569.5,1238.330,1238.330,fly,1.196,ok,2601,0,0,192.00,309186560,437440512,114090264,95883264,18123768,2904,7449760,22132800,958,13938,13938,0,0,0,0,0,0,0,0,0.065,0.097,0.000,0,0,0,13938,13938,0,0
travel,65.409,1570.3,1238.852,1238.852,fly,0.913,ok,2601,0,0,192.00,309186560,437440512,114090264,95883264,18123768,2904,7449760,22132800,958,13938,13938,0,0,0,0,0,0,0,0,0.132,0.070,0.000,0,0,0,13938,13938,0,0
travel,65.440,1571.0,1239.379,1239.379,fly,0.957,ok,2601,0,0,192.00,309186560,437440512,114090264,95883264,18123768,2904,7449760,22132800,958,13938,13938,0,0,0,0,0,0,0,0,0.070,0.108,0.000,0,0,0,13938,13938,0,0
travel,65.470,1571.7,1239.894,1239.894,fly,0.922,ok,2601,0,0,192.00,309186560,437440512,114090264,95883264,18123768,2904,7449760,22132800,958,13938,13938,0,0,0,0,0,0,0,0,0.130,0.067,0.000,0,0,0,13938,13938,0,0
travel,65.516,1572.9,1240.676,1240.676,fly,0.848,ok,2601,0,0,192.00,309694464,437440512,114090264,95883264,18123768,2904,11174640,22132800,958,14039,14039,0,0,0,0,0,0,0,0,0.063,0.071,0.000,0,0,0,14039,14039,0,0
travel,65.547,1573.6,1241.192,1241.192,fly,0.841,ok,2601,0,0,192.00,309694464,437440512,114090264,95883264,18123768,2904,11174640,22132800,958,14039,14039,0,0,0,0,0,0,0,0,0.062,0.066,0.000,0,0,0,14039,14039,0,0
travel,65.578,1574.3,1241.729,1241.729,fly,0.944,ok,2601,0,0,192.00,309694464,437440512,114090264,95883264,18123768,2904,11174640,22132800,958,14039,14039,0,0,0,0,0,0,0,0,0.066,0.095,0.000,0,0,0,14039,14039,0,0
travel,65.609,1575.1,1242.250,1242.250,fly,0.845,ok,2601,0,0,192.00,309694464,437440512,114090264,95883264,18123768,2904,11174640,22132800,958,14039,14039,0,0,0,0,0,0,0,0,0.061,0.069,0.000,0,0,0,14039,14039,0,0
travel,65.641,1575.8,1242.788,1242.788,fly,0.829,ok,2601,0,0,192.00,309694464,437440512,114090264,95883264,18123768,2904,7449760,22132800,958,14039,14039,0,0,0,0,0,0,0,0,0.061,0.066,0.000,0,0,0,14039,14039,0,0
travel,65.672,1576.6,1243.322,1243.322,fly,0.831,ok,2601,0,0,192.00,309694464,437440512,114090264,95883264,18123768,2904,7449760,22132800,958,14039,14039,0,0,0,0,0,0,0,0,0.062,0.068,0.000,0,0,0,14039,14039,0,0
travel,65.705,1577.4,1243.878,1243.878,fly,1.210,ok,2601,0,0,192.00,309694464,437440512,114090264,95883264,18123768,2904,7449760,22132800,958,14039,14039,0,0,0,0,0,0,0,0,0.311,0.120,0.000,0,0,0,14039,14039,0,0
travel,65.736,1578.1,1244.402,1244.402,fly,0.977,ok,2601,0,0,192.00,309694464,437440512,114090264,95883264,18123768,2904,7449760,22132800,958,14039,14039,0,0,0,0,0,0,0,0,0.066,0.101,0.000,0,0,0,14039,14039,0,0
travel,65.767,1578.9,1244.930,1244.930,fly,0.872,ok,2601,0,0,192.00,309694464,437440512,114090264,95883264,18123768,2904,7449760,22132800,958,14039,14039,0,0,0,0,0,0,0,0,0.062,0.073,0.000,0,0,0,14039,14039,0,0
travel,65.798,1579.6,1245.465,1245.465,fly,0.996,ok,2601,0,0,192.00,309694464,437440512,114090264,95883264,18123768,2904,7449760,22132800,958,14039,14039,0,0,0,0,0,0,0,0,0.124,0.147,0.000,0,0,0,14039,14039,0,0
travel,65.829,1580.4,1245.996,1245.996,fly,0.835,ok,2601,0,0,192.00,309694464,437440512,114090264,95883264,18123768,2904,7449760,22132800,958,14039,14039,0,0,0,0,0,0,0,0,0.060,0.064,0.000,0,0,0,14039,14039,0,0
travel,65.862,1581.1,1246.541,1246.541,fly,0.831,ok,2601,0,0,192.00,309694464,437440512,114090264,95883264,18123768,2904,7449760,22132800,958,14039,14039,0,0,0,0,0,0,0,0,0.061,0.065,0.000,0,0,0,14039,14039,0,0
travel,65.895,1581.9,1247.105,1247.105,fly,0.841,ok,2601,0,0,192.00,309694464,437440512,114090264,95883264,18123768,2904,7449760,22132800,958,14039,14039,0,0,0,0,0,0,0,0,0.061,0.072,0.000,0,0,0,14039,14039,0,0
travel,65.925,1582.7,1247.619,1247.619,fly,0.904,ok,2601,0,0,192.00,309694464,437440512,114090264,95883264,18123768,2904,7449760,22132800,958,14039,14039,0,0,0,0,0,0,0,0,0.139,0.073,0.000,0,0,0,14039,14039,0,0
travel,65.965,1583.6,1248.293,1248.293,fly,0.889,ok,2601,0,0,192.00,309694464,437440512,114090264,95883264,18123768,2904,11174640,22132800,958,14140,14140,0,0,0,0,0,0,0,0,0.065,0.076,0.000,0,0,0,14140,14140,0,0
travel,65.996,1584.4,1248.821,1248.821,fly,0.865,ok,2601,0,0,192.00,309694464,437440512,114090264,95883264,18123768,2904,11174640,22132800,958,14140,14140,0,0,0,0,0,0,0,0,0.062,0.070,0.000,0,0,0,14140,14140,0,0
travel,66.027,1585.1,1249.361,1249.361,fly,1.088,ok,2601,0,0,192.00,309694464,437440512,114090264,95883264,18123768,2904,11174640,22132800,958,14140,14140,0,0,0,0,0,0,0,0,0.075,0.183,0.000,0,0,0,14140,14140,0,0
travel,66.058,1585.9,1249.881,1249.881,fly,0.926,ok,2601,0,0,192.00,309694464,437440512,114090264,95883264,18123768,2904,11174640,22132800,958,14140,14140,0,0,0,0,0,0,0,0,0.063,0.080,0.000,0,0,0,14140,14140,0,0
travel,66.090,1586.6,1250.419,1250.419,fly,0.908,ok,2601,0,0,192.00,309694464,437440512,114090264,95883264,18123768,2904,11174640,22132800,958,14140,14140,0,0,0,0,0,0,0,0,0.132,0.065,0.000,0,0,0,14140,14140,0,0
travel,66.122,1587.4,1250.964,1250.964,fly,0.829,ok,2601,0,0,192.00,309694464,437440512,114090264,95883264,18123768,2904,7449760,22132800,958,14140,14140,0,0,0,0,0,0,0,0,0.060,0.065,0.000,0,0,0,14140,14140,0,0
travel,66.153,1588.2,1251.498,1251.498,fly,0.894,ok,2601,0,0,192.00,309694464,437440512,114090264,95883264,18123768,2904,7449760,22132800,958,14140,14140,0,0,0,0,0,0,0,0,0.063,0.075,0.000,0,0,0,14140,14140,0,0
travel,66.185,1588.9,1252.039,1252.039,fly,1.073,ok,2601,0,0,192.00,309694464,437440512,114090264,95883264,18123768,2904,7449760,22132800,958,14140,14140,0,0,0,0,0,0,0,0,0.145,0.117,0.000,0,0,0,14140,14140,0,0
travel,66.215,1589.7,1252.556,1252.556,fly,0.836,ok,2601,0,0,192.00,309694464,437440512,114090264,95883264,18123768,2904,7449760,22132800,958,14140,14140,0,0,0,0,0,0,0,0,0.062,0.062,0.000,0,0,0,14140,14140,0,0
travel,66.247,1590.4,1253.093,1253.093,fly,0.838,ok,2601,0,0,192.00,309694464,437440512,114090264,95883264,18123768,2904,7449760,22132800,958,14140,14140,0,0,0,0,0,0,0,0,0.061,0.069,0.000,0,0,0,14140,14140,0,0
travel,66.278,1591.1,1253.612,1253.612,fly,0.860,ok,2601,0,0,192.00,309694464,437440512,114090264,95883264,18123768,2904,7449760,22132800,958,14140,14140,0,0,0,0,0,0,0,0,0.062,0.071,0.000,0,0,0,14140,14140,0,0
travel,66.308,1591.9,1254.136,1254.136,fly,0.914,ok,2601,0,0,192.00,309637120,437342208,114090264,95883264,18123768,2904,7449760,22132800,958,14140,14140,0,0,0,0,0,0,0,0,0.138,0.070,0.000,0,0,0,14140,14140,0,0
travel,66.340,1592.6,1254.673,1254.673,fly,0.872,ok,2601,0,0,192.00,309637120,437342208,114090264,95883264,18123768,2904,7449760,22132800,958,14140,14140,0,0,0,0,0,0,0,0,0.063,0.073,0.000,0,0,0,14140,14140,0,0
travel,66.370,1593.4,1255.190,1255.190,fly,0.939,ok,2601,0,0,192.00,309637120,437342208,114090264,95883264,18123768,2904,7449760,22132800,958,14140,14140,0,0,0,0,0,0,0,0,0.135,0.091,0.000,0,0,0,14140,14140,0,0
travel,66.402,1594.1,1255.720,1255.720,fly,0.821,ok,2601,0,0,192.00,309637120,437342208,114090264,95883264,18123768,2904,7449760,22132800,958,14140,14140,0,0,0,0,0,0,0,0,0.061,0.064,0.000,0,0,0,14140,14140,0,0
travel,66.446,1595.2,1256.481,1256.481,fly,0.818,ok,2601,0,0,192.00,309637120,437342208,114090264,95883264,18123768,2904,11174640,22132800,958,14241,14241,0,0,0,0,0,0,0,0,0.062,0.064,0.000,0,0,0,14241,14241,0,0
travel,66.482,1596.1,1257.086,1257.086,fly,0.936,ok,2601,0,0,192.00,309637120,437342208,114090264,95883264,18123768,2904,11174640,22132800,958,14241,14241,0,0,0,0,0,0,0,0,0.063,0.135,0.000,0,0,0,14241,14241,0,0
travel,66.515,1596.8,1257.640,1257.640,fly,1.229,ok,2601,0,0,192.00,309637120,437342208,114090264,95883264,18123768,2904,11174640,22132800,958,14241,14241,0,0,0,0,0,0,0,0,0.073,0.132,0.000,0,0,0,14241,14241,0,0
travel,66.549,1597.7,1258.223,1258.223,fly,1.155,ok,2601,0,0,192.00,309637120,437342208,114090264,95883264,18123768,2904,11174640,22132800,958,14241,14241,0,0,0,0,0,0,0,0,0.079,0.137,0.000,0,0,0,14241,14241,0,0
travel,66.581,1598.5,1258.776,1258.776,fly,1.113,ok,2601,0,0,192.00,309637120,437342208,114090264,95883264,18123768,2904,7449760,22132800,958,14241,14241,0,0,0,0,0,0,0,0,0.074,0.129,0.000,0,0,0,14241,14241,0,0
travel,66.619,1599.4,1259.412,1259.412,fly,1.354,ok,2601,0,0,192.00,309637120,437342208,114090264,95883264,18123768,2904,7449760,22132800,958,14241,14241,0,0,0,0,0,0,0,0,0.078,0.095,0.000,0,0,0,14241,14241,0,0
travel,66.656,1600.2,1260.032,1260.032,fly,1.085,ok,2601,0,0,192.00,309637120,437342208,114090264,95883264,18123768,2904,7449760,22132800,958,14241,14241,0,0,0,0,0,0,0,0,0.064,0.081,0.000,0,0,0,14241,14241,0,0
travel,66.694,1601.2,1260.687,1260.687,fly,1.159,ok,2601,0,0,192.00,309637120,437342208,114090264,95883264,18123768,2904,7449760,22132800,958,14241,14241,0,0,0,0,0,0,0,0,0.150,0.116,0.000,0,0,0,14241,14241,0,0
travel,66.730,1602.0,1261.288,1261.288,fly,1.229,ok,2601,0,0,192.00,309637120,437342208,114090264,95883264,18123768,2904,7449760,22132800,958,14241,14241,0,0,0,0,0,0,0,0,0.136,0.100,0.000,0,0,0,14241,14241,0,0
travel,66.765,1602.9,1261.894,1261.894,fly,1.289,ok,2601,0,0,192.00,309637120,437342208,114090264,95883264,18123768,2904,7449760,22132800,958,14241,14241,0,0,0,0,0,0,0,0,0.138,0.101,0.000,0,0,0,14241,14241,0,0
travel,66.798,1603.7,1262.459,1262.459,fly,0.832,ok,2601,0,0,192.00,309637120,437342208,114090264,95883264,18123768,2904,7449760,22132800,958,14241,14241,0,0,0,0,0,0,0,0,0.061,0.065,0.000,0,0,0,14241,14241,0,0
travel,66.833,1604.5,1263.052,1263.052,fly,0.827,ok,2601,0,0,192.00,309637120,437342208,114090264,95883264,18123768,2904,7449760,22132800,958,14241,14241,0,0,0,0,0,0,0,0,0.060,0.068,0.000,0,0,0,14241,14241,0,0
travel,66.866,1605.3,1263.610,1263.610,fly,1.193,ok,2601,0,0,192.00,309637120,437342208,114090264,95883264,18123768,2904,7449760,22132800,958,14241,14241,0,0,0,0,0,0,0,0,0.074,0.142,0.000,0,0,0,14241,14241,0,0
travel,66.912,1606.4,1264.393,1264.393,fly,1.014,ok,2601,0,0,192.00,309637120,437342208,114090264,95883264,18123768,2904,11174640,22132800,958,14342,14342,0,0,0,0,0,0,0,0,0.076,0.121,0.000,0,0,0,14342,14342,0,0
travel,66.944,1607.2,1264.937,1264.937,fly,1.452,ok,2601,0,0,192.00,309637120,437342208,114090264,95883264,18123768,2904,11174640,22132800,958,14342,14342,0,0,0,0,0,0,0,0,0.257,0.134,0.000,0,0,0,14342,14342,0,0
travel,66.976,1607.9,1265.474,1265.474,fly,0.925,ok,2601,0,0,192.00,309637120,437342208,114090264,95883264,18123768,2904,11174640,22132800,958,14342,14342,0,0,0,0,0,0,0,0,0.150,0.066,0.000,0,0,0,14342,14342,0,0
travel,67.009,1608.7,1266.035,1266.035,fly,0.831,ok,2601,0,0,192.00,309637120,437342208,114090264,95883264,18123768,2904,11174640,22132800,958,14342,14342,0,0,0,0,0,0,0,0,0.061,0.065,0.000,0,0,0,14342,14342,0,0
travel,67.040,1609.5,1266.567,1266.567,fly,1.012,ok,2601,0,0,192.00,309637120,437342208,114090264,95883264,18123768,2904,7449760,22132800,958,14342,14342,0,0,0,0,0,0,0,0,0.138,0.080,0.000,0,0,0,14342,14342,0,0
travel,67.071,1610.2,1267.097,1267.097,fly,0.909,ok,2601,0,0,192.00,309637120,437342208,114090264,95883264,18123768,2904,7449760,22132800,958,14342,14342,0,0,0,0,0,0,0,0,0.071,0.128,0.000,0,0,0,14342,14342,0,0
travel,67.104,1611.0,1267.649,1267.649,fly,0.923,ok,2601,0,0,192.00,309637120,437342208,114090264,95883264,18123768,2904,7449760,22132800,958,14342,14342,0,0,0,0,0,0,0,0,0.137,0.067,0.000,0,0,0,14342,14342,0,0
travel,67.137,1611.8,1268.219,1268.219,fly,0.832,ok,2601,0,0,192.00,309637120,437342208,114090264,95883264,18123768,2904,7449760,22132800,958,14342,14342,0,0,0,0,0,0,0,0,0.061,0.065,0.000,0,0,0,14342,14342,0,0
travel,67.170,1612.6,1268.763,1268.763,fly,0.833,ok,2601,0,0,192.00,309637120,437342208,114090264,95883264,18123768,2904,7449760,22132800,958,14342,14342,0,0,0,0,0,0,0,0,0.061,0.064,0.000,0,0,0,14342,14342,0,0
travel,67.200,1613.3,1269.282,1269.282,fly,1.027,ok,2601,0,0,192.00,309637120,437342208,114090264,95883264,18123768,2904,7449760,22132800,958,14342,14342,0,0,0,0,0,0,0,0,0.176,0.110,0.000,0,0,0,14342,14342,0,0
travel,67.232,1614.1,1269.821,1269.821,fly,0.924,ok,2601,0,0,192.00,309637120,437342208,114090264,95883264,18123768,2904,7449760,22132800,958,14342,14342,0,0,0,0,0,0,0,0,0.149,0.067,0.000,0,0,0,14342,14342,0,0
travel,67.264,1614.9,1270.372,1270.372,fly,0.832,ok,2601,0,0,192.00,309637120,437342208,114090264,95883264,18123768,2904,7449760,22132800,958,14342,14342,0,0,0,0,0,0,0,0,0.061,0.064,0.000,0,0,0,14342,14342,0,0
travel,67.294,1615.6,1270.885,1270.885,fly,0.848,ok,2601,0,0,192.00,309637120,437342208,114090264,95883264,18123768,2904,7449760,22132800,958,14342,14342,0,0,0,0,0,0,0,0,0.062,0.069,0.000,0,0,0,14342,14342,0,0
travel,67.325,1616.3,1271.415,1271.415,fly,0.934,ok,2601,0,0,192.00,309637120,437342208,114090264,95883264,18123768,2904,7449760,22132800,958,14342,14342,0,0,0,0,0,0,0,0,0.134,0.069,0.000,0,0,0,14342,14342,0,0
travel,67.357,1617.1,1271.956,1271.956,fly,0.833,ok,2601,0,0,192.00,309637120,437342208,114090264,95883264,18123768,2904,7449760,22132800,958,14342,14342,0,0,0,0,0,0,0,0,0.058,0.065,0.000,0,0,0,14342,14342,0,0
travel,67.401,1618.1,1272.705,1272.705,fly,1.063,ok,2601,0,0,192.00,309637120,437342208,114090264,95883264,18123768,2904,11174640,22132800,958,14443,14443,0,0,0,0,0,0,0,0,0.136,0.088,0.000,0,0,0,14443,14443,0,0
travel,67.432,1618.9,1273.219,1273.219,fly,0.990,ok,2601,0,0,192.00,309637120,437342208,114090264,95883264,18123768,2904,11174640,22132800,958,14443,14443,0,0,0,0,0,0,0,0,0.138,0.073,0.000,0,0,0,14443,14443,0,0
travel,67.463,1619.6,1273.753,1273.753,fly,0.953,ok,2601,0,0,192.00,309637120,437342208,114090264,95883264,18123768,2904,11174640,22132800,958,14443,14443,0,0,0,0,0,0,0,0,0.064,0.076,0.000,0,0,0,14443,14443,0,0
travel,67.493,1620.4,1274.266,1274.266,fly,0.921,ok,2601,0,0,192.00,309637120,437342208,114090264,95883264,18123768,2904,7449760,22132800,958,14443,14443,0,0,0,0,0,0,0,0,0.070,0.109,0.000,0,0,0,14443,14443,0,0
travel,67.526,1621.1,1274.814,1274.814,fly,0.879,ok,2601,0,0,192.00,309637120,437342208,114090264,95883264,18123768,2904,7449760,22132800,958,14443,14443,0,0,0,0,0,0,0,0,0.063,0.073,0.000,0,0,0,14443,14443,0,0
travel,67.557,1621.9,1275.353,1275.353,fly,1.052,ok,2601,0,0,192.00,309637120,437342208,114090264,95883264,18123768,2904,7449760,22132800,958,14443,14443,0,0,0,0,0,0,0,0,0.071,0.114,0.000,0,0,0,14443,14443,0,0
travel,67.588,1622.6,1275.872,1275.872,fly,0.833,ok,2601,0,0,192.00,309637120,437342208,114090264,95883264,18123768,2904,7449760,22132800,958,14443,14443,0,0,0,0,0,0,0,0,0.062,0.068,0.000,0,0,0,14443,14443,0,0
travel,67.620,1623.4,1276.412,1276.412,fly,0.883,ok,2601,0,0,192.00,309637120,437342208,114090264,95883264,18123768,2904,7449760,22132800,958,14443,14443,0,0,0,0,0,0,0,0,0.107,0.067,0.000,0,0,0,14443,14443,0,0
travel,67.652,1624.2,1276.961,1276.961,fly,0.837,ok,2601,0,0,192.00,309637120,437342208,114090264,95883264,18123768,2904,7449760,22132800,958,14443,14443,0,0,0,0,0,0,0,0,0.060,0.070,0.000,0,0,0,14443,14443,0,0
travel,67.682,1624.9,1277.479,1277.479,fly,0.825,ok,2601,0,0,192.00,309637120,437342208,114090264,95883264,18123768,2904,7449760,22132800,958,14443,14443,0,0,0,0,0,0,0,0,0.062,0.064,0.000,0,0,0,14443,14443,0,0
travel,67.715,1625.7,1278.031,1278.031,fly,0.922,ok,2601,0,0,192.00,309637120,437342208,114090264,95883264,18123768,2904,7449760,22132800,958,14443,14443,0,0,0,0,0,0,0,0,0.131,0.073,0.000,0,0,0,14443,14443,0,0
travel,67.746,1626.4,1278.568,1278.568,fly,0.919,ok,2601,0,0,192.00,309637120,437342208,114090264,95883264,18123768,2904,7449760,22132800,958,14443,14443,0,0,0,0,0,0,0,0,0.135,0.068,0.000,0,0,0,14443,14443,0,0
travel,67.777,1627.2,1279.092,1279.092,fly,0.984,ok,2601,0,0,192.00,309637120,437342208,114090264,95883264,18123768,2904,7449760,22132800,958,14443,14443,0,0,0,0,0,0,0,0,0.162,0.077,0.000,0,0,0,14443,14443,0,0
travel,67.809,1627.9,1279.624,1279.624,fly,1.241,ok,2601,0,0,192.00,309637120,437342208,114090264,95883264,18123768,2904,7449760,22132800,958,14443,14443,0,0,0,0,0,0,0,0,0.074,0.427,0.000,0,0,0,14443,14443,0,0
travel,67.852,1629.0,1280.364,1280.364,fly,0.847,ok,2601,0,0,192.00,309637120,437342208,114090264,95883264,18123768,2904,11174640,22132800,958,14544,14544,0,0,0,0,0,0,0,0,0.062,0.063,0.000,0,0,0,14544,14544,0,0
travel,67.883,1629.7,1280.897,1280.897,fly,0.834,ok,2601,0,0,192.00,309637120,437342208,114090264,95883264,18123768,2904,11174640,22132800,958,14544,14544,0,0,0,0,0,0,0,0,0.061,0.067,0.000,0,0,0,14544,14544,0,0
travel,67.914,1630.5,1281.422,1281.422,fly,1.077,ok,2601,0,0,192.00,309637120,437342208,114090264,95883264,18123768,2904,11174640,22132800,958,14544,14544,0,0,0,0,0,0,0,0,0.068,0.167,0.000,0,0,0,14544,14544,0,0
travel,67.946,1631.2,1281.958,1281.958,fly,0.922,ok,2601,0,0,192.00,309637120,437342208,114090264,95883264,18123768,2904,11174640,22132800,958,14544,14544,0,0,0,0,0,0,0,0,0.065,0.080,0.000,0,0,0,14544,14544,0,0
travel,67.978,1632.0,1282.498,1282.498,fly,0.823,ok,2601,0,0,192.00,309637120,437342208,114090264,95883264,18123768,2904,11174640,22132800,958,14544,14544,0,0,0,0,0,0,0,0,0.062,0.066,0.000,0,0,0,14544,14544,0,0
travel,68.008,1632.7,1283.014,1283.014,fly,0.993,ok,2601,0,0,192.00,309637120,437342208,114090264,95883264,18123768,2904,7449760,22132800,958,14544,14544,0,0,0,0,0,0,0,0,0.072,0.120,0.000,0,0,0,14544,14544,0,0
travel,68.040,1633.5,1283.552,1283.552,fly,0.921,ok,2601,0,0,192.00,309637120,437342208,114090264,95883264,18123768,2904,7449760,22132800,958,14544,14544,0,0,0,0,0,0,0,0,0.163,0.065,0.000,0,0,0,14544,14544,0,0
travel,68.070,1634.2,1284.072,1284.072,fly,0.938,ok,2601,0,0,192.00,309637120,437342208,114090264,95883264,18123768,2904,7449760,22132800,958,14544,14544,0,0,0,0,0,0,0,0,0.063,0.072,0.000,0,0,0,14544,14544,0,0
travel,68.101,1635.0,1284.600,1284.600,fly,1.230,ok,2601,0,0,192.00,309637120,437342208,114090264,95883264,18123768,2904,7449760,22132800,958,14544,14544,0,0,0,0,0,0,0,0,0.070,0.396,0.000,0,0,0,14544,14544,0,0
travel,68.134,1635.8,1285.162,1285.162,fly,0.906,ok,2601,0,0,192.00,309702656,437342208,114090264,95883264,18123768,2904,7449760,22132800,958,14544,14544,0,0,0,0,0,0,0,0,0.136,0.066,0.000,0,0,0,14544,14544,0,0
travel,68.165,1636.5,1285.690,1285.690,fly,0.822,ok,2601,0,0,192.00,309702656,437342208,114090264,95883264,18123768,2904,7449760,22132800,958,14544,14544,0,0,0,0,0,0,0,0,0.061,0.064,0.000,0,0,0,14544,14544,0,0
travel,68.198,1637.3,1286.247,1286.247,fly,0.893,ok,2601,0,0,192.00,309702656,437342208,114090264,95883264,18123768,2904,7449760,22132800,958,14544,14544,0,0,0,0,0,0,0,0,0.062,0.072,0.000,0,0,0,14544,14544,0,0
travel,68.229,1638.0,1286.769,1286.769,fly,0.911,ok,2601,0,0,192.00,309702656,437342208,114090264,95883264,18123768,2904,7449760,22132800,958,14544,14544,0,0,0,0,0,0,0,0,0.070,0.108,0.000,0,0,0,14544,14544,0,0
travel,68.261,1638.8,1287.312,1287.312,fly,0.859,ok,2601,0,0,192.00,309702656,437342208,114090264,95883264,18123768,2904,7449760,22132800,958,14544,14544,0,0,0,0,0,0,0,0,0.061,0.068,0.000,0,0,0,14544,14544,0,0
travel,68.292,1639.6,1287.848,1287.848,fly,0.819,ok,2601,0,0,192.00,309702656,437342208,114090264,95883264,18123768,2904,7449760,22132800,958,14544,14544,0,0,0,0,0,0,0,0,0.060,0.066,0.000,0,0,0,14544,14544,0,0
travel,68.336,1640.6,1288.585,1288.585,fly,0.819,ok,2601,0,0,192.00,309702656,437342208,114090264,95883264,18123768,2904,11174640,22132800,958,14645,14645,0,0,0,0,0,0,0,0,0.064,0.067,0.000,0,0,0,14645,14645,0,0
travel,68.367,1641.3,1289.107,1289.107,fly,0.820,ok,2601,0,0,192.00,309702656,437342208,114090264,95883264,18123768,2904,11174640,22132800,958,14645,14645,0,0,0,0,0,0,0,0,0.062,0.068,0.000,0,0,0,14645,14645,0,0
travel,68.397,1642.1,1289.625,1289.625,fly,0.943,ok,2601,0,0,192.00,309702656,437342208,114090264,95883264,18123768,2904,11174640,22132800,958,14645,14645,0,0,0,0,0,0,0,0,0.063,0.135,0.000,0,0,0,14645,14645,0,0
travel,68.429,1642.8,1290.161,1290.161,fly,0.839,ok,2601,0,0,192.00,309702656,437342208,114090264,95883264,18123768,2904,11174640,22132800,958,14645,14645,0,0,0,0,0,0,0,0,0.062,0.068,0.000,0,0,0,14645,14645,0,0
travel,68.460,1643.6,1290.699,1290.699,fly,0.833,ok,2601,0,0,192.00,309702656,437342208,114090264,95883264,18123768,2904,11174640,22132800,958,14645,14645,0,0,0,0,0,0,0,0,0.061,0.067,0.000,0,0,0,14645,14645,0,0
travel,68.492,1644.4,1291.239,1291.239,fly,0.831,ok,2601,0,0,192.00,309702656,437342208,114090264,95883264,18123768,2904,7449760,22132800,958,14645,14645,0,0,0,0,0,0,0,0,0.061,0.067,0.000,0,0,0,14645,14645,0,0
travel,68.523,1645.1,1291.763,1291.763,fly,0.946,ok,2601,0,0,192.00,309702656,437342208,114090264,95883264,18123768,2904,7449760,22132800,958,14645,14645,0,0,0,0,0,0,0,0,0.071,0.121,0.000,0,0,0,14645,14645,0,0
travel,68.555,1645.9,1292.309,1292.309,fly,0.880,ok,2601,0,0,192.00,309702656,437342208,114090264,95883264,18123768,2904,7449760,22132800,958,14645,14645,0,0,0,0,0,0,0,0,0.063,0.072,0.000,0,0,0,14645,14645,0,0
travel,68.585,1646.6,1292.824,1292.824,fly,1.236,ok,2601,0,0,192.00,309702656,437342208,114090264,95883264,18123768,2904,7449760,22132800,958,14645,14645,0,0,0,0,0,0,0,0,0.071,0.113,0.000,0,0,0,14645,14645,0,0
travel,68.617,1647.4,1293.360,1293.360,fly,0.946,ok,2601,0,0,192.00,309702656,437342208,114090264,95883264,18123768,2904,7449760,22132800,958,14645,14645,0,0,0,0,0,0,0,0,0.133,0.071,0.000,0,0,0,14645,14645,0,0
travel,68.649,1648.1,1293.904,1293.904,fly,0.879,ok,2601,0,0,192.00,309702656,437342208,114090264,95883264,18123768,2904,7449760,22132800,958,14645,14645,0,0,0,0,0,0,0,0,0.061,0.071,0.000,0,0,0,14645,14645,0,0
travel,68.680,1648.9,1294.429,1294.429,fly,0.808,ok,2601,0,0,192.00,309702656,437342208,114090264,95883264,18123768,2904,7449760,22132800,958,14645,14645,0,0,0,0,0,0,0,0,0.060,0.063,0.000,0,0,0,14645,14645,0,0
travel,68.711,1649.6,1294.961,1294.961,fly,0.839,ok,2601,0,0,192.00,309702656,437342208,114090264,95883264,18123768,2904,7449760,22132800,958,14645,14645,0,0,0,0,0,0,0,0,0.061,0.068,0.000,0,0,0,14645,14645,0,0
travel,68.742,1650.4,1295.483,1295.483,fly,1.930,ok,2601,0,0,192.00,309702656,437342208,114090264,95883264,18123768,2904,7449760,22132800,958,14645,14645,0,0,0,0,0,0,0,0,0.147,0.145,0.000,0,0,0,14645,14645,0,0
travel,68.777,1651.2,1296.090,1296.090,fly,4.483,ok,2554,47,130,192.00,309702656,437342208,112028656,94150656,17796272,2904,11174640,17803224,958,14699,14746,21,0,51,21,21,0,0,0,0.172,0.244,0.000,0,0,0,14699,14699,0,0
travel,68.816,1652.2,1296.749,1296.749,fly,0.811,ok,2601,0,0,192.00,309702656,437342208,114090264,95883264,18123768,2904,11174640,22132800,958,14746,14746,0,0,0,0,0,0,0,0,0.061,0.063,0.000,0,0,0,14746,14746,0,0
travel,68.848,1652.9,1297.293,1297.293,fly,0.839,ok,2601,0,0,192.00,309702656,437342208,114090264,95883264,18123768,2904,11174640,22132800,958,14746,14746,0,0,0,0,0,0,0,0,0.061,0.065,0.000,0,0,0,14746,14746,0,0
travel,68.879,1653.7,1297.819,1297.819,fly,1.827,ok,2601,0,0,192.00,309702656,437342208,114090264,95883264,18123768,2904,11174640,22132800,958,14746,14746,0,0,0,0,0,0,0,0,0.123,0.133,0.000,0,0,0,14746,14746,0,0
travel,68.911,1654.4,1298.357,1298.357,fly,0.948,ok,2601,0,0,192.00,309702656,437342208,114090264,95883264,18123768,2904,11174640,22132800,958,14746,14746,0,0,0,0,0,0,0,0,0.134,0.078,0.000,0,0,0,14746,14746,0,0
travel,68.943,1655.2,1298.910,1298.910,fly,0.831,ok,2601,0,0,192.00,309702656,437342208,114090264,95883264,18123768,2904,7449760,22132800,958,14746,14746,0,0,0,0,0,0,0,0,0.064,0.069,0.000,0,0,0,14746,14746,0,0
travel,68.974,1655.9,1299.428,1299.428,fly,0.817,ok,2601,0,0,192.00,309702656,437342208,114090264,95883264,18123768,2904,7449760,22132800,958,14746,14746,0,0,0,0,0,0,0,0,0.062,0.065,0.000,0,0,0,14746,14746,0,0
travel,69.005,1656.7,1299.952,1299.952,fly,0.972,ok,2601,0,0,192.00,309702656,437342208,114090264,95883264,18123768,2904,7449760,22132800,958,14746,14746,0,0,0,0,0,0,0,0,0.169,0.076,0.000,0,0,0,14746,14746,0,0
travel,69.036,1657.4,1300.487,1300.487,fly,1.032,ok,2601,0,0,192.00,309702656,437342208,114090264,95883264,18123768,2904,7449760,22132800,958,14746,14746,0,0,0,0,0,0,0,0,0.065,0.092,0.000,0,0,0,14746,14746,0,0
travel,69.068,1658.2,1301.021,1301.021,fly,0.991,ok,2601,0,0,192.00,309702656,437342208,114090264,95883264,18123768,2904,7449760,22132800,958,14746,14746,0,0,0,0,0,0,0,0,0.063,0.136,0.000,0,0,0,14746,14746,0,0
travel,69.099,1659.0,1301.560,1301.560,fly,0.838,ok,2601,0,0,192.00,309702656,437342208,114090264,95883264,18123768,2904,7449760,22132800,958,14746,14746,0,0,0,0,0,0,0,0,0.061,0.069,0.000,0,0,0,14746,14746,0,0
travel,69.131,1659.7,1302.097,1302.097,fly,0.903,ok,2601,0,0,192.00,309702656,437342208,114090264,95883264,18123768,2904,7449760,22132800,958,14746,14746,0,0,0,0,0,0,0,0,0.137,0.064,0.000,0,0,0,14746,14746,0,0
travel,69.162,1660.5,1302.620,1302.620,fly,0.840,ok,2601,0,0,192.00,309702656,437342208,114090264,95883264,18123768,2904,7449760,22132800,958,14746,14746,0,0,0,0,0,0,0,0,0.060,0.066,0.000,0,0,0,14746,14746,0,0
travel,69.195,1661.2,1303.179,1303.179,fly,0.838,ok,2601,0,0,192.00,309702656,437342208,114090264,95883264,18123768,2904,7449760,22132800,958,14746,14746,0,0,0,0,0,0,0,0,0.061,0.066,0.000,0,0,0,14746,14746,0,0
travel,69.226,1662.0,1303.714,1303.714,fly,0.827,ok,2601,0,0,192.00,309702656,437342208,114090264,95883264,18123768,2904,7449760,22132800,958,14746,14746,0,0,0,0,0,0,0,0,0.061,0.067,0.000,0,0,0,14746,14746,0,0
travel,69.272,1663.1,1304.503,1304.503,fly,0.892,ok,2601,0,0,192.00,309702656,437342208,114090264,95883264,18123768,2904,11174640,22132800,958,14847,14847,0,0,0,0,0,0,0,0,0.063,0.069,0.000,0,0,0,14847,14847,0,0
travel,69.303,1663.9,1305.028,1305.028,fly,1.539,ok,2601,0,0,192.00,309702656,437342208,114090264,95883264,18123768,2904,11174640,22132800,958,14847,14847,0,0,0,0,0,0,0,0,0.620,0.113,0.000,0,0,0,14847,14847,0,0
travel,69.335,1664.6,1305.571,1305.571,fly,0.838,ok,2601,0,0,192.00,309702656,437342208,114090264,95883264,18123768,2904,11174640,22132800,958,14847,14847,0,0,0,0,0,0,0,0,0.062,0.063,0.000,0,0,0,14847,14847,0,0
travel,69.368,1665.4,1306.128,1306.128,fly,0.902,ok,2601,0,0,192.00,309702656,437342208,114090264,95883264,18123768,2904,11174640,22132800,958,14847,14847,0,0,0,0,0,0,0,0,0.070,0.108,0.000,0,0,0,14847,14847,0,0
travel,69.400,1666.2,1306.665,1306.665,fly,0.847,ok,2601,0,0,192.00,309702656,437342208,114090264,95883264,18123768,2904,7449760,22132800,958,14847,14847,0,0,0,0,0,0,0,0,0.061,0.069,0.000,0,0,0,14847,14847,0,0
travel,69.430,1666.9,1307.186,1307.186,fly,0.825,ok,2601,0,0,192.00,309702656,437342208,114090264,95883264,18123768,2904,7449760,22132800,958,14847,14847,0,0,0,0,0,0,0,0,0.061,0.063,0.000,0,0,0,14847,14847,0,0
travel,69.462,1667.7,1307.727,1307.727,fly,0.935,ok,2601,0,0,192.00,309702656,437342208,114090264,95883264,18123768,2904,7449760,22132800,958,14847,14847,0,0,0,0,0,0,0,0,0.132,0.074,0.000,0,0,0,14847,14847,0,0
travel,69.493,1668.4,1308.246,1308.246,fly,1.370,ok,2601,0,0,192.00,309702656,437342208,114090264,95883264,18123768,2904,7449760,22132800,958,14847,14847,0,0,0,0,0,0,0,0,0.546,0.068,0.000,0,0,0,14847,14847,0,0
travel,69.524,1669.2,1308.784,1308.784,fly,0.926,ok,2601,0,0,192.00,309702656,437342208,114090264,95883264,18123768,2904,7449760,22132800,958,14847,14847,0,0,0,0,0,0,0,0,0.070,0.109,0.000,0,0,0,14847,14847,0,0
travel,69.556,1669.9,1309.323,1309.323,fly,0.867,ok,2601,0,0,192.00,309702656,437342208,114090264,95883264,18123768,2904,7449760,22132800,958,14847,14847,0,0,0,0,0,0,0,0,0.062,0.085,0.000,0,0,0,14847,14847,0,0
travel,69.586,1670.7,1309.836,1309.836,fly,0.903,ok,2601,0,0,192.00,309702656,437342208,114090264,95883264,18123768,2904,7449760,22132800,958,14847,14847,0,0,0,0,0,0,0,0,0.131,0.067,0.000,0,0,0,14847,14847,0,0
travel,69.617,1671.4,1310.366,1310.366,fly,0.853,ok,2601,0,0,192.00,309702656,437342208,114090264,95883264,18123768,2904,7449760,22132800,958,14847,14847,0,0,0,0,0,0,0,0,0.061,0.086,0.000,0,0,0,14847,14847,0,0
travel,69.648,1672.1,1310.881,1310.881,fly,1.090,ok,2601,0,0,192.00,309702656,437342208,114090264,95883264,18123768,2904,7449760,22132800,958,14847,14847,0,0,0,0,0,0,0,0,0.158,0.118,0.000,0,0,0,14847,14847,0,0
travel,69.679,1672.9,1311.412,1311.412,fly,0.921,ok,2601,0,0,192.00,309702656,437342208,114090264,95883264,18123768,2904,7449760,22132800,958,14847,14847,0,0,0,0,0,0,0,0,0.131,0.067,0.000,0,0,0,14847,14847,0,0
travel,69.710,1673.6,1311.945,1311.945,fly,0.838,ok,2601,0,0,192.00,309702656,437342208,114090264,95883264,18123768,2904,7449760,22132800,958,14847,14847,0,0,0,0,0,0,0,0,0.060,0.066,0.000,0,0,0,14847,14847,0,0
travel,69.756,1674.7,1312.721,1312.721,fly,0.829,ok,2601,0,0,192.00,309702656,437342208,114090264,95883264,18123768,2904,11174640,22132800,958,14948,14948,0,0,0,0,0,0,0,0,0.061,0.069,0.000,0,0,0,14948,14948,0,0
travel,69.787,1675.5,1313.244,1313.244,fly,1.119,ok,2601,0,0,192.00,309702656,437342208,114090264,95883264,18123768,2904,11174640,22132800,958,14948,14948,0,0,0,0,0,0,0,0,0.138,0.162,0.000,0,0,0,14948,14948,0,0
travel,69.818,1676.2,1313.780,1313.780,fly,1.516,ok,2601,0,0,192.00,309702656,437342208,114090264,95883264,18123768,2904,11174640,22132800,958,14948,14948,0,0,0,0,0,0,0,0,0.455,0.120,0.000,0,0,0,14948,14948,0,0
travel,69.851,1677.0,1314.331,1314.331,fly,0.830,ok,2601,0,0,192.00,309702656,437342208,114090264,95883264,18123768,2904,11174640,22132800,958,14948,14948,0,0,0,0,0,0,0,0,0.063,0.063,0.000,0,0,0,14948,14948,0,0
travel,69.882,1677.8,1314.870,1314.870,fly,0.866,ok,2601,0,0,192.00,309702656,437342208,114090264,95883264,18123768,2904,7449760,22132800,958,14948,14948,0,0,0,0,0,0,0,0,0.062,0.072,0.000,0,0,0,14948,14948,0,0
travel,69.914,1678.5,1315.406,1315.406,fly,1.096,ok,2601,0,0,192.00,309702656,437342208,114090264,95883264,18123768,2904,7449760,22132800,958,14948,14948,0,0,0,0,0,0,0,0,0.072,0.201,0.000,0,0,0,14948,14948,0,0
travel,69.945,1679.3,1315.935,1315.935,fly,0.986,ok,2601,0,0,192.00,309702656,437342208,114090264,95883264,18123768,2904,7449760,22132800,958,14948,14948,0,0,0,0,0,0,0,0,0.141,0.080,0.000,0,0,0,14948,14948,0,0
travel,69.976,1680.0,1316.465,1316.465,fly,0.926,ok,2601,0,0,192.00,309702656,437342208,114090264,95883264,18123768,2904,7449760,22132800,958,14948,14948,0,0,0,0,0,0,0,0,0.061,0.170,0.000,0,0,0,14948,14948,0,0
travel,70.007,1680.8,1316.988,1316.988,fly,0.819,ok,2601,0,0,192.00,309702656,437342208,114090264,95883264,18123768,2904,7449760,22132800,958,14948,14948,0,0,0,0,0,0,0,0,0.061,0.062,0.000,0,0,0,14948,14948,0,0
travel,70.038,1681.5,1317.514,1317.514,fly,0.832,ok,2601,0,0,192.00,309702656,437342208,114090264,95883264,18123768,2904,7449760,22132800,958,14948,14948,0,0,0,0,0,0,0,0,0.062,0.067,0.000,0,0,0,14948,14948,0,0
travel,70.069,1682.3,1318.034,1318.034,fly,1.086,ok,2601,0,0,192.00,309702656,437342208,114090264,95883264,18123768,2904,7449760,22132800,958,14948,14948,0,0,0,0,0,0,0,0,0.138,0.110,0.000,0,0,0,14948,14948,0,0
travel,70.101,1683.0,1318.592,1318.592,fly,1.099,ok,2601,0,0,192.00,309702656,437342208,114090264,95883264,18123768,2904,7449760,22132800,958,14948,14948,0,0,0,0,0,0,0,0,0.235,0.087,0.000,0,0,0,14948,14948,0,0
travel,70.134,1683.8,1319.140,1319.140,fly,0.857,ok,2601,0,0,192.00,309702656,437342208,114090264,95883264,18123768,2904,7449760,22132800,958,14948,14948,0,0,0,0,0,0,0,0,0.062,0.071,0.000,0,0,0,14948,14948,0,0
travel,70.166,1684.6,1319.686,1319.686,fly,0.869,ok,2601,0,0,192.00,309702656,437342208,114090264,95883264,18123768,2904,7449760,22132800,958,14948,14948,0,0,0,0,0,0,0,0,0.062,0.073,0.000,0,0,0,14948,14948,0,0
travel,70.210,1685.7,1320.436,1320.436,fly,0.830,ok,2601,0,0,192.00,309714944,437342208,114090264,95883264,18123768,2904,11174640,22132800,958,15049,15049,0,0,0,0,0,0,0,0,0.062,0.065,0.000,0,0,0,15049,15049,0,0
travel,70.241,1686.4,1320.971,1320.971,fly,0.833,ok,2601,0,0,192.00,309714944,437342208,114090264,95883264,18123768,2904,11174640,22132800,958,15049,15049,0,0,0,0,0,0,0,0,0.062,0.069,0.000,0,0,0,15049,15049,0,0
travel,70.273,1687.2,1321.513,1321.513,fly,0.831,ok,2601,0,0,192.00,309714944,437342208,114090264,95883264,18123768,2904,11174640,22132800,958,15049,15049,0,0,0,0,0,0,0,0,0.063,0.067,0.000,0,0,0,15049,15049,0,0
travel,70.304,1687.9,1322.031,1322.031,fly,1.031,ok,2601,0,0,192.00,309714944,437342208,114090264,95883264,18123768,2904,11174640,22132800,958,15049,15049,0,0,0,0,0,0,0,0,0.072,0.115,0.000,0,0,0,15049,15049,0,0
travel,70.336,1688.7,1322.573,1322.573,fly,0.919,ok,2601,0,0,192.00,309714944,437342208,114090264,95883264,18123768,2904,11174640,22132800,958,15049,15049,0,0,0,0,0,0,0,0,0.131,0.069,0.000,0,0,0,15049,15049,0,0
travel,70.367,1689.4,1323.106,1323.106,fly,0.822,ok,2601,0,0,192.00,309714944,437342208,114090264,95883264,18123768,2904,7449760,22132800,958,15049,15049,0,0,0,0,0,0,0,0,0.061,0.062,0.000,0,0,0,15049,15049,0,0
travel,70.397,1690.2,1323.622,1323.622,fly,0.932,ok,2601,0,0,192.00,309714944,437342208,114090264,95883264,18123768,2904,7449760,22132800,958,15049,15049,0,0,0,0,0,0,0,0,0.071,0.108,0.000,0,0,0,15049,15049,0,0
travel,70.430,1690.9,1324.172,1324.172,fly,0.899,ok,2601,0,0,192.00,309714944,437342208,114090264,95883264,18123768,2904,7449760,22132800,958,15049,15049,0,0,0,0,0,0,0,0,0.130,0.066,0.000,0,0,0,15049,15049,0,0
travel,70.461,1691.7,1324.705,1324.705,fly,0.831,ok,2601,0,0,192.00,309714944,437342208,114090264,95883264,18123768,2904,7449760,22132800,958,15049,15049,0,0,0,0,0,0,0,0,0.061,0.064,0.000,0,0,0,15049,15049,0,0
travel,70.492,1692.4,1325.234,1325.234,fly,0.833,ok,2601,0,0,192.00,309714944,437342208,114090264,95883264,18123768,2904,7449760,22132800,958,15049,15049,0,0,0,0,0,0,0,0,0.062,0.065,0.000,0,0,0,15049,15049,0,0
travel,70.522,1693.2,1325.747,1325.747,fly,0.895,ok,2601,0,0,192.00,309714944,437342208,114090264,95883264,18123768,2904,7449760,22132800,958,15049,15049,0,0,0,0,0,0,0,0,0.131,0.063,0.000,0,0,0,15049,15049,0,0
travel,70.554,1693.9,1326.282,1326.282,fly,0.832,ok,2601,0,0,192.00,309714944,437342208,114090264,95883264,18123768,2904,7449760,22132800,958,15049,15049,0,0,0,0,0,0,0,0,0.060,0.068,0.000,0,0,0,15049,15049,0,0
travel,70.585,1694.7,1326.818,1326.818,fly,0.825,ok,2601,0,0,192.00,309714944,437342208,114090264,95883264,18123768,2904,7449760,22132800,958,15049,15049,0,0,0,0,0,0,0,0,0.061,0.064,0.000,0,0,0,15049,15049,0,0
travel,70.619,1695.5,1327.382,1327.382,fly,0.944,ok,2601,0,0,192.00,309714944,437342208,114090264,95883264,18123768,2904,7449760,22132800,958,15049,15049,0,0,0,0,0,0,0,0,0.133,0.076,0.000,0,0,0,15049,15049,0,0
travel,70.649,1696.2,1327.898,1327.898,fly,0.952,ok,2601,0,0,192.00,309714944,437342208,114090264,95883264,18123768,2904,7449760,22132800,958,15049,15049,0,0,0,0,0,0,0,0,0.184,0.063,0.000,0,0,0,15049,15049,0,0
travel,70.692,1697.2,1328.633,1328.633,fly,0.839,ok,2601,0,0,192.00,309776384,437342208,114090264,95883264,18123768,2904,11174640,22132800,958,15150,15150,0,0,0,0,0,0,0,0,0.062,0.065,0.000,0,0,0,15150,15150,0,0
travel,70.724,1698.0,1329.167,1329.167,fly,0.842,ok,2601,0,0,192.00,309776384,437342208,114090264,95883264,18123768,2904,11174640,22132800,958,15150,15150,0,0,0,0,0,0,0,0,0.062,0.067,0.000,0,0,0,15150,15150,0,0
travel,70.755,1698.8,1329.704,1329.704,fly,0.868,ok,2601,0,0,192.00,309776384,437342208,114090264,95883264,18123768,2904,11174640,22132800,958,15150,15150,0,0,0,0,0,0,0,0,0.062,0.070,0.000,0,0,0,15150,15150,0,0
travel,70.787,1699.5,1330.235,1330.235,fly,1.125,ok,2601,0,0,192.00,309776384,437342208,114090264,95883264,18123768,2904,11174640,22132800,958,15150,15150,0,0,0,0,0,0,0,0,0.067,0.124,0.000,0,0,0,15150,15150,0,0
travel,70.818,1700.3,1330.763,1330.763,fly,0.943,ok,2601,0,0,192.00,309776384,437342208,114090264,95883264,18123768,2904,7449760,22132800,958,15150,15150,0,0,0,0,0,0,0,0,0.133,0.093,0.000,0,0,0,15150,15150,0,0
travel,70.850,1701.0,1331.310,1331.310,fly,0.982,ok,2601,0,0,192.00,309776384,437342208,114090264,95883264,18123768,2904,7449760,22132800,958,15150,15150,0,0,0,0,0,0,0,0,0.135,0.118,0.000,0,0,0,15150,15150,0,0
travel,70.881,1701.8,1331.834,1331.834,fly,0.820,ok,2601,0,0,192.00,309776384,437342208,114090264,95883264,18123768,2904,7449760,22132800,958,15150,15150,0,0,0,0,0,0,0,0,0.061,0.063,0.000,0,0,0,15150,15150,0,0
travel,70.913,1702.5,1332.379,1332.379,fly,0.863,ok,2601,0,0,192.00,309776384,437342208,114090264,95883264,18123768,2904,7449760,22132800,958,15150,15150,0,0,0,0,0,0,0,0,0.061,0.073,0.000,0,0,0,15150,15150,0,0
travel,70.945,1703.3,1332.928,1332.928,fly,1.001,ok,2601,0,0,192.00,309776384,437342208,114090264,95883264,18123768,2904,7449760,22132800,958,15150,15150,0,0,0,0,0,0,0,0,0.071,0.111,0.000,0,0,0,15150,15150,0,0
travel,70.977,1704.1,1333.468,1333.468,fly,0.908,ok,2601,0,0,192.00,309776384,437342208,114090264,95883264,18123768,2904,7449760,22132800,958,15150,15150,0,0,0,0,0,0,0,0,0.062,0.070,0.000,0,0,0,15150,15150,0,0
travel,71.007,1704.8,1333.984,1333.984,fly,0.867,ok,2601,0,0,192.00,309776384,437342208,114090264,95883264,18123768,2904,7449760,22132800,958,15150,15150,0,0,0,0,0,0,0,0,0.061,0.073,0.000,0,0,0,15150,15150,0,0
travel,71.039,1705.6,1334.520,1334.520,fly,0.948,ok,2601,0,0,192.00,309776384,437342208,114090264,95883264,18123768,2904,7449760,22132800,958,15150,15150,0,0,0,0,0,0,0,0,0.139,0.079,0.000,0,0,0,15150,15150,0,0
travel,71.069,1706.3,1335.034,1335.034,fly,0.841,ok,2601,0,0,192.00,309776384,437342208,114090264,95883264,18123768,2904,7449760,22132800,958,15150,15150,0,0,0,0,0,0,0,0,0.060,0.067,0.000,0,0,0,15150,15150,0,0
travel,71.101,1707.1,1335.573,1335.573,fly,0.858,ok,2601,0,0,192.00,309776384,437342208,114090264,95883264,18123768,2904,7449760,22132800,958,15150,15150,0,0,0,0,0,0,0,0,0.060,0.068,0.000,0,0,0,15150,15150,0,0
travel,71.144,1708.1,1336.311,1336.311,fly,1.272,ok,2601,0,9,192.00,309776384,437342208,114090264,95883264,18123768,2904,11174640,21715296,958,15251,15251,0,0,17,0,0,0,0,0,0.143,0.093,0.000,0,0,0,15251,15251,0,0
travel,71.176,1708.9,1336.854,1336.854,fly,0.919,ok,2601,0,0,192.00,309776384,437342208,114090264,95883264,18123768,2904,11174640,22132800,958,15251,15251,0,0,0,0,0,0,0,0,0.064,0.073,0.000,0,0,0,15251,15251,0,0
travel,71.207,1709.6,1337.379,1337.379,fly,0.824,ok,2601,0,0,192.00,309776384,437342208,114090264,95883264,18123768,2904,11174640,22132800,958,15251,15251,0,0,0,0,0,0,0,0,0.062,0.066,0.000,0,0,0,15251,15251,0,0
travel,71.239,1710.4,1337.924,1337.924,fly,1.092,ok,2601,0,0,192.00,309776384,437342208,114090264,95883264,18123768,2904,11174640,22132800,958,15251,15251,0,0,0,0,0,0,0,0,0.144,0.108,0.000,0,0,0,15251,15251,0,0
travel,71.271,1711.2,1338.469,1338.469,fly,1.110,ok,2601,0,0,192.00,309776384,437342208,114090264,95883264,18123768,2904,7449760,22132800,958,15251,15251,0,0,0,0,0,0,0,0,0.335,0.069,0.000,0,0,0,15251,15251,0,0
travel,71.302,1711.9,1338.990,1338.990,fly,0.829,ok,2601,0,0,192.00,309776384,437342208,114090264,95883264,18123768,2904,7449760,22132800,958,15251,15251,0,0,0,0,0,0,0,0,0.061,0.064,0.000,0,0,0,15251,15251,0,0
travel,71.338,1712.8,1339.613,1339.613,fly,1.395,ok,2601,0,0,192.00,309776384,437342208,114090264,95883264,18123768,2904,7449760,22132800,958,15251,15251,0,0,0,0,0,0,0,0,0.083,0.148,0.000,0,0,0,15251,15251,0,0
travel,71.374,1713.6,1340.225,1340.225,fly,0.859,ok,2601,0,0,192.00,309776384,437342208,114090264,95883264,18123768,2904,7449760,22132800,958,15251,15251,0,0,0,0,0,0,0,0,0.061,0.070,0.000,0,0,0,15251,15251,0,0
travel,71.406,1714.4,1340.754,1340.754,fly,0.865,ok,2601,0,0,192.00,309776384,437342208,114090264,95883264,18123768,2904,7449760,22132800,958,15251,15251,0,0,0,0,0,0,0,0,0.061,0.069,0.000,0,0,0,15251,15251,0,0
travel,71.438,1715.2,1341.307,1341.307,fly,0.867,ok,2601,0,0,192.00,309776384,437342208,114090264,95883264,18123768,2904,7449760,22132800,958,15251,15251,0,0,0,0,0,0,0,0,0.061,0.072,0.000,0,0,0,15251,15251,0,0
travel,71.468,1715.9,1341.822,1341.822,fly,0.826,ok,2601,0,0,192.00,309776384,437342208,114090264,95883264,18123768,2904,7449760,22132800,958,15251,15251,0,0,0,0,0,0,0,0,0.063,0.066,0.000,0,0,0,15251,15251,0,0
travel,71.499,1716.6,1342.349,1342.349,fly,0.829,ok,2601,0,0,192.00,309776384,437342208,114090264,95883264,18123768,2904,7449760,22132800,958,15251,15251,0,0,0,0,0,0,0,0,0.061,0.067,0.000,0,0,0,15251,15251,0,0
travel,71.530,1717.4,1342.869,1342.869,fly,0.983,ok,2601,0,0,192.00,309776384,437342208,114090264,95883264,18123768,2904,7449760,22132800,958,15251,15251,0,0,0,0,0,0,0,0,0.132,0.075,0.000,0,0,0,15251,15251,0,0
travel,71.561,1718.1,1343.401,1343.401,fly,0.912,ok,2601,0,0,192.00,309776384,437342208,114090264,95883264,18123768,2904,7449760,22132800,958,15251,15251,0,0,0,0,0,0,0,0,0.136,0.066,0.000,0,0,0,15251,15251,0,0
travel,71.593,1718.9,1343.944,1343.944,fly,0.832,ok,2601,0,0,192.00,309776384,437342208,114090264,95883264,18123768,2904,7449760,22132800,958,15251,15251,0,0,0,0,0,0,0,0,0.060,0.072,0.000,0,0,0,15251,15251,0,0
travel,71.637,1719.9,1344.688,1344.688,fly,1.256,ok,2601,0,0,192.00,309796864,437342208,114090264,95883264,18123768,2904,11174640,22132800,958,15352,15352,0,0,0,0,0,0,0,0,0.071,0.124,0.000,0,0,0,15352,15352,0,0
travel,71.668,1720.7,1345.220,1345.220,fly,0.984,ok,2601,0,0,192.00,309796864,437342208,114090264,95883264,18123768,2904,11174640,22132800,958,15352,15352,0,0,0,0,0,0,0,0,0.140,0.075,0.000,0,0,0,15352,15352,0,0
travel,71.700,1721.5,1345.756,1345.756,fly,0.873,ok,2601,0,0,192.00,309796864,437342208,114090264,95883264,18123768,2904,11174640,22132800,958,15352,15352,0,0,0,0,0,0,0,0,0.063,0.072,0.000,0,0,0,15352,15352,0,0
travel,71.732,1722.2,1346.299,1346.299,fly,0.834,ok,2601,0,0,192.00,309796864,437342208,114090264,95883264,18123768,2904,11174640,22132800,958,15352,15352,0,0,0,0,0,0,0,0,0.063,0.069,0.000,0,0,0,15352,15352,0,0
travel,71.762,1723.0,1346.815,1346.815,fly,0.930,ok,2601,0,0,192.00,309796864,437342208,114090264,95883264,18123768,2904,7449760,22132800,958,15352,15352,0,0,0,0,0,0,0,0,0.138,0.086,0.000,0,0,0,15352,15352,0,0
travel,71.793,1723.7,1347.337,1347.337,fly,0.828,ok,2601,0,0,192.00,309796864,437342208,114090264,95883264,18123768,2904,7449760,22132800,958,15352,15352,0,0,0,0,0,0,0,0,0.061,0.066,0.000,0,0,0,15352,15352,0,0
travel,71.824,1724.4,1347.859,1347.859,fly,1.015,ok,2601,0,0,192.00,309796864,437342208,114090264,95883264,18123768,2904,7449760,22132800,958,15352,15352,0,0,0,0,0,0,0,0,0.072,0.108,0.000,0,0,0,15352,15352,0,0
travel,71.856,1725.2,1348.411,1348.411,fly,0.994,ok,2601,0,0,192.00,309796864,437342208,114090264,95883264,18123768,2904,7449760,22132800,958,15352,15352,0,0,0,0,0,0,0,0,0.141,0.111,0.000,0,0,0,15352,15352,0,0
travel,71.888,1726.0,1348.954,1348.954,fly,0.931,ok,2601,0,0,192.00,309796864,437342208,114090264,95883264,18123768,2904,7449760,22132800,958,15352,15352,0,0,0,0,0,0,0,0,0.070,0.111,0.000,0,0,0,15352,15352,0,0
travel,71.920,1726.7,1349.496,1349.496,fly,0.842,ok,2601,0,0,192.00,309796864,437342208,114090264,95883264,18123768,2904,7449760,22132800,958,15352,15352,0,0,0,0,0,0,0,0,0.062,0.066,0.000,0,0,0,15352,15352,0,0
travel,71.950,1727.5,1350.012,1350.012,fly,1.091,ok,2601,0,0,192.00,309796864,437342208,114090264,95883264,18123768,2904,7449760,22132800,958,15352,15352,0,0,0,0,0,0,0,0,0.061,0.247,0.000,0,0,0,15352,15352,0,0
travel,71.982,1728.2,1350.557,1350.557,fly,0.834,ok,2601,0,0,192.00,309796864,437342208,114090264,95883264,18123768,2904,7449760,22132800,958,15352,15352,0,0,0,0,0,0,0,0,0.062,0.068,0.000,0,0,0,15352,15352,0,0
travel,72.013,1729.0,1351.075,1351.075,fly,1.403,ok,2601,0,0,192.00,309796864,437342208,114090264,95883264,18123768,2904,7449760,22132800,958,15352,15352,0,0,0,0,0,0,0,0,0.093,0.154,0.000,0,0,0,15352,15352,0,0
travel,72.044,1729.7,1351.604,1351.604,fly,1.876,ok,2601,0,0,192.00,309796864,437342208,114090264,95883264,18123768,2904,7449760,22132800,958,15352,15352,0,0,0,0,0,0,0,0,0.694,0.120,0.000,0,0,0,15352,15352,0,0
travel,72.089,1730.8,1352.371,1352.371,fly,0.829,ok,2601,0,0,192.00,309886976,437342208,114090264,95883264,18123768,2904,11174640,22132800,958,15453,15453,0,0,0,0,0,0,0,0,0.060,0.070,0.000,0,0,0,15453,15453,0,0
travel,72.120,1731.6,1352.901,1352.901,fly,0.825,ok,2601,0,0,192.00,309886976,437342208,114090264,95883264,18123768,2904,11174640,22132800,958,15453,15453,0,0,0,0,0,0,0,0,0.061,0.065,0.000,0,0,0,15453,15453,0,0
travel,72.153,1732.4,1353.463,1353.463,fly,1.033,ok,2601,0,0,192.00,309886976,437342208,114090264,95883264,18123768,2904,11174640,22132800,958,15453,15453,0,0,0,0,0,0,0,0,0.074,0.115,0.000,0,0,0,15453,15453,0,0
travel,72.184,1733.1,1353.987,1353.987,fly,0.977,ok,2601,0,0,192.00,309886976,437342208,114090264,95883264,18123768,2904,11174640,22132800,958,15453,15453,0,0,0,0,0,0,0,0,0.063,0.077,0.000,0,0,0,15453,15453,0,0
travel,72.216,1733.9,1354.525,1354.525,fly,0.836,ok,2601,0,0,192.00,309886976,437342208,114090264,95883264,18123768,2904,7449760,22132800,958,15453,15453,0,0,0,0,0,0,0,0,0.062,0.069,0.000,0,0,0,15453,15453,0,0
travel,72.248,1734.6,1355.080,1355.080,fly,0.900,ok,2601,0,0,192.00,309886976,437342208,114090264,95883264,18123768,2904,7449760,22132800,958,15453,15453,0,0,0,0,0,0,0,0,0.063,0.078,0.000,0,0,0,15453,15453,0,0
travel,72.279,1735.4,1355.593,1355.593,fly,0.826,ok,2601,0,0,192.00,309886976,437342208,114090264,95883264,18123768,2904,7449760,22132800,958,15453,15453,0,0,0,0,0,0,0,0,0.062,0.067,0.000,0,0,0,15453,15453,0,0
travel,72.309,1736.1,1356.113,1356.113,fly,0.829,ok,2601,0,0,192.00,309886976,437342208,114090264,95883264,18123768,2904,7449760,22132800,958,15453,15453,0,0,0,0,0,0,0,0,0.061,0.062,0.000,0,0,0,15453,15453,0,0
travel,72.341,1736.9,1356.653,1356.653,fly,0.990,ok,2601,0,0,192.00,309886976,437342208,114090264,95883264,18123768,2904,7449760,22132800,958,15453,15453,0,0,0,0,0,0,0,0,0.071,0.081,0.000,0,0,0,15453,15453,0,0
travel,72.373,1737.6,1357.188,1357.188,fly,0.988,ok,2601,0,0,192.00,309886976,437342208,114090264,95883264,18123768,2904,7449760,22132800,958,15453,15453,0,0,0,0,0,0,0,0,0.141,0.074,0.000,0,0,0,15453,15453,0,0
travel,72.405,1738.4,1357.738,1357.738,fly,0.865,ok,2601,0,0,192.00,309886976,437342208,114090264,95883264,18123768,2904,7449760,22132800,958,15453,15453,0,0,0,0,0,0,0,0,0.062,0.071,0.000,0,0,0,15453,15453,0,0
travel,72.437,1739.2,1358.288,1358.288,fly,0.828,ok,2601,0,0,192.00,309886976,437342208,114090264,95883264,18123768,2904,7449760,22132800,958,15453,15453,0,0,0,0,0,0,0,0,0.061,0.066,0.000,0,0,0,15453,15453,0,0
travel,72.468,1739.9,1358.807,1358.807,fly,0.961,ok,2601,0,0,192.00,309886976,437342208,114090264,95883264,18123768,2904,7449760,22132800,958,15453,15453,0,0,0,0,0,0,0,0,0.068,0.103,0.000,0,0,0,15453,15453,0,0
travel,72.499,1740.7,1359.336,1359.336,fly,0.896,ok,2601,0,0,192.00,309886976,437342208,114090264,95883264,18123768,2904,7449760,22132800,958,15453,15453,0,0,0,0,0,0,0,0,0.138,0.061,0.000,0,0,0,15453,15453,0,0
travel,72.530,1741.4,1359.859,1359.859,fly,0.995,ok,2601,0,0,192.00,309886976,437342208,114090264,95883264,18123768,2904,7449760,22132800,958,15453,15453,0,0,0,0,0,0,0,0,0.063,0.099,0.000,0,0,0,15453,15453,0,0
travel,72.575,1742.5,1360.625,1360.625,fly,1.037,ok,2601,0,0,192.00,309997568,437342208,114090264,95883264,18123768,2904,11174640,22132800,958,15554,15554,0,0,0,0,0,0,0,0,0.149,0.121,0.000,0,0,0,15554,15554,0,0
travel,72.605,1743.2,1361.143,1361.143,fly,0.826,ok,2601,0,0,192.00,309997568,437342208,114090264,95883264,18123768,2904,11174640,22132800,958,15554,15554,0,0,0,0,0,0,0,0,0.062,0.066,0.000,0,0,0,15554,15554,0,0
travel,72.639,1744.0,1361.710,1361.710,fly,0.834,ok,2601,0,0,192.00,309997568,437342208,114090264,95883264,18123768,2904,11174640,22132800,958,15554,15554,0,0,0,0,0,0,0,0,0.061,0.066,0.000,0,0,0,15554,15554,0,0
travel,72.670,1744.8,1362.250,1362.250,fly,0.834,ok,2601,0,0,192.00,309997568,437342208,114090264,95883264,18123768,2904,11174640,22132800,958,15554,15554,0,0,0,0,0,0,0,0,0.061,0.066,0.000,0,0,0,15554,15554,0,0
travel,72.702,1745.5,1362.783,1362.783,fly,1.274,ok,2601,0,0,192.00,309997568,437342208,114090264,95883264,18123768,2904,7449760,22132800,958,15554,15554,0,0,0,0,0,0,0,0,0.139,0.093,0.000,0,0,0,15554,15554,0,0
travel,72.732,1746.3,1363.304,1363.304,fly,0.830,ok,2601,0,0,192.00,309997568,437342208,114090264,95883264,18123768,2904,7449760,22132800,958,15554,15554,0,0,0,0,0,0,0,0,0.061,0.066,0.000,0,0,0,15554,15554,0,0
travel,72.764,1747.0,1363.843,1363.843,fly,0.833,ok,2601,0,0,192.00,309997568,437342208,114090264,95883264,18123768,2904,7449760,22132800,958,15554,15554,0,0,0,0,0,0,0,0,0.060,0.069,0.000,0,0,0,15554,15554,0,0
travel,72.795,1747.8,1364.366,1364.366,fly,0.969,ok,2601,0,0,192.00,309997568,437342208,114090264,95883264,18123768,2904,7449760,22132800,958,15554,15554,0,0,0,0,0,0,0,0,0.061,0.210,0.000,0,0,0,15554,15554,0,0
travel,72.828,1748.6,1364.922,1364.922,fly,0.902,ok,2601,0,0,192.00,309997568,437342208,114090264,95883264,18123768,2904,7449760,22132800,958,15554,15554,0,0,0,0,0,0,0,0,0.131,0.066,0.000,0,0,0,15554,15554,0,0
travel,72.859,1749.3,1365.461,1365.461,fly,0.917,ok,2601,0,0,192.00,309997568,437342208,114090264,95883264,18123768,2904,7449760,22132800,958,15554,15554,0,0,0,0,0,0,0,0,0.064,0.082,0.000,0,0,0,15554,15554,0,0
travel,72.891,1750.1,1365.996,1365.996,fly,0.841,ok,2601,0,0,192.00,309997568,437342208,114090264,95883264,18123768,2904,7449760,22132800,958,15554,15554,0,0,0,0,0,0,0,0,0.062,0.065,0.000,0,0,0,15554,15554,0,0
travel,72.923,1750.9,1366.540,1366.540,fly,0.893,ok,2601,0,0,192.00,309997568,437342208,114090264,95883264,18123768,2904,7449760,22132800,958,15554,15554,0,0,0,0,0,0,0,0,0.063,0.083,0.000,0,0,0,15554,15554,0,0
travel,72.954,1751.6,1367.070,1367.070,fly,1.517,ok,2601,0,0,192.00,309997568,437342208,114090264,95883264,18123768,2904,7449760,22132800,958,15554,15554,0,0,0,0,0,0,0,0,0.092,0.168,0.000,0,0,0,15554,15554,0,0
travel,72.985,1752.4,1367.606,1367.606,fly,0.833,ok,2601,0,0,192.00,309997568,437342208,114090264,95883264,18123768,2904,7449760,22132800,958,15554,15554,0,0,0,0,0,0,0,0,0.061,0.065,0.000,0,0,0,15554,15554,0,0
travel,73.031,1753.5,1368.385,1368.385,fly,2.947,ok,2601,0,0,192.00,310063104,437870592,114090264,95883264,18123768,2904,11174640,22132800,958,15655,15655,0,0,0,0,0,0,0,0,1.272,0.177,0.000,0,0,0,15655,15655,0,0
travel,73.076,1754.5,1369.149,1369.149,fly,1.019,ok,2601,0,0,192.00,310063104,437870592,114090264,95883264,18123768,2904,11174640,22132800,958,15655,15655,0,0,0,0,0,0,0,0,0.071,0.167,0.000,0,0,0,15655,15655,0,0
travel,73.124,1755.7,1369.958,1369.958,fly,1.474,ok,2601,0,0,192.00,310063104,437870592,114090264,95883264,18123768,2904,11174640,22132800,958,15655,15655,0,0,0,0,0,0,0,0,0.095,0.236,0.000,0,0,0,15655,15655,0,0
travel,73.167,1756.7,1370.689,1370.689,fly,1.366,ok,2601,0,0,192.00,310063104,437870592,114090264,95883264,18123768,2904,7449760,22132800,958,15655,15655,0,0,0,0,0,0,0,0,0.154,0.136,0.000,0,0,0,15655,15655,0,0
travel,73.202,1757.6,1371.276,1371.276,fly,0.974,ok,2601,0,0,192.00,310063104,437870592,114090264,95883264,18123768,2904,7449760,22132800,958,15655,15655,0,0,0,0,0,0,0,0,0.070,0.164,0.000,0,0,0,15655,15655,0,0
travel,73.234,1758.3,1371.821,1371.821,fly,0.930,ok,2601,0,0,192.00,310063104,437870592,114090264,95883264,18123768,2904,7449760,22132800,958,15655,15655,0,0,0,0,0,0,0,0,0.070,0.113,0.000,0,0,0,15655,15655,0,0
travel,73.265,1759.1,1372.354,1372.354,fly,0.837,ok,2601,0,0,192.00,310063104,437870592,114090264,95883264,18123768,2904,7449760,22132800,958,15655,15655,0,0,0,0,0,0,0,0,0.062,0.068,0.000,0,0,0,15655,15655,0,0
travel,73.296,1759.8,1372.876,1372.876,fly,0.953,ok,2601,0,0,192.00,310063104,437870592,114090264,95883264,18123768,2904,7449760,22132800,958,15655,15655,0,0,0,0,0,0,0,0,0.141,0.075,0.000,0,0,0,15655,15655,0,0
travel,73.327,1760.6,1373.410,1373.410,fly,1.013,ok,2601,0,0,192.00,310063104,437870592,114090264,95883264,18123768,2904,7449760,22132800,958,15655,15655,0,0,0,0,0,0,0,0,0.070,0.121,0.000,0,0,0,15655,15655,0,0
travel,73.359,1761.3,1373.955,1373.955,fly,0.812,ok,2601,0,0,192.00,310063104,437870592,114090264,95883264,18123768,2904,7449760,22132800,958,15655,15655,0,0,0,0,0,0,0,0,0.060,0.065,0.000,0,0,0,15655,15655,0,0
travel,73.390,1762.1,1374.470,1374.470,fly,0.812,ok,2601,0,0,192.00,310063104,437870592,114090264,95883264,18123768,2904,7449760,22132800,958,15655,15655,0,0,0,0,0,0,0,0,0.061,0.065,0.000,0,0,0,15655,15655,0,0
travel,73.423,1762.9,1375.038,1375.038,fly,0.876,ok,2601,0,0,192.00,310063104,437870592,114090264,95883264,18123768,2904,7449760,22132800,958,15655,15655,0,0,0,0,0,0,0,0,0.062,0.075,0.000,0,0,0,15655,15655,0,0
travel,73.457,1763.7,1375.614,1375.614,fly,1.255,ok,2601,0,0,192.00,310063104,437870592,114090264,95883264,18123768,2904,7449760,22132800,958,15655,15655,0,0,0,0,0,0,0,0,0.376,0.112,0.000,0,0,0,15655,15655,0,0
travel,73.501,1764.7,1376.365,1376.365,fly,1.066,ok,2601,0,0,192.00,310116352,437870592,114090264,95883264,18123768,2904,11174640,22132800,958,15756,15756,0,0,17,0,0,0,0,0,0.062,0.075,0.000,0,0,0,15756,15756,0,0
travel,73.534,1765.5,1376.921,1376.921,fly,0.898,ok,2601,0,0,192.00,310116352,437870592,114090264,95883264,18123768,2904,11174640,22132800,958,15756,15756,0,0,0,0,0,0,0,0,0.062,0.102,0.000,0,0,0,15756,15756,0,0
travel,73.564,1766.3,1377.436,1377.436,fly,0.897,ok,2601,0,0,192.00,310116352,437870592,114090264,95883264,18123768,2904,11174640,22132800,958,15756,15756,0,0,0,0,0,0,0,0,0.070,0.108,0.000,0,0,0,15756,15756,0,0
travel,73.596,1767.0,1377.980,1377.980,fly,0.816,ok,2601,0,0,192.00,310116352,437870592,114090264,95883264,18123768,2904,11174640,22132800,958,15756,15756,0,0,0,0,0,0,0,0,0.061,0.069,0.000,0,0,0,15756,15756,0,0
travel,73.629,1767.8,1378.539,1378.539,fly,0.853,ok,2601,0,0,192.00,310116352,437870592,114090264,95883264,18123768,2904,7449760,22132800,958,15756,15756,0,0,0,0,0,0,0,0,0.064,0.072,0.000,0,0,0,15756,15756,0,0
travel,73.661,1768.6,1379.089,1379.089,fly,0.896,ok,2601,0,0,192.00,310116352,437870592,114090264,95883264,18123768,2904,7449760,22132800,958,15756,15756,0,0,0,0,0,0,0,0,0.134,0.068,0.000,0,0,0,15756,15756,0,0
travel,73.692,1769.3,1379.611,1379.611,fly,0.996,ok,2601,0,0,192.00,310116352,437870592,114090264,95883264,18123768,2904,7449760,22132800,958,15756,15756,0,0,0,0,0,0,0,0,0.064,0.116,0.000,0,0,0,15756,15756,0,0
travel,73.723,1770.1,1380.142,1380.142,fly,1.563,ok,2601,0,0,192.00,310116352,437870592,114090264,95883264,18123768,2904,7449760,22132800,958,15756,15756,0,0,0,0,0,0,0,0,0.470,0.137,0.000,0,0,0,15756,15756,0,0
travel,73.756,1770.9,1380.703,1380.703,fly,0.829,ok,2601,0,0,192.00,310116352,437870592,114090264,95883264,18123768,2904,7449760,22132800,958,15756,15756,0,0,0,0,0,0,0,0,0.062,0.070,0.000,0,0,0,15756,15756,0,0
travel,73.788,1771.6,1381.237,1381.237,fly,0.921,ok,2601,0,0,192.00,310116352,437870592,114090264,95883264,18123768,2904,7449760,22132800,958,15756,15756,0,0,0,0,0,0,0,0,0.070,0.111,0.000,0,0,0,15756,15756,0,0
travel,73.819,1772.4,1381.767,1381.767,fly,1.006,ok,2601,0,0,192.00,310116352,437870592,114090264,95883264,18123768,2904,7449760,22132800,958,15756,15756,0,0,0,0,0,0,0,0,0.223,0.072,0.000,0,0,0,15756,15756,0,0
travel,73.850,1773.1,1382.284,1382.284,fly,0.843,ok,2601,0,0,192.00,310116352,437870592,114090264,95883264,18123768,2904,7449760,22132800,958,15756,15756,0,0,0,0,0,0,0,0,0.062,0.068,0.000,0,0,0,15756,15756,0,0
travel,73.881,1773.9,1382.818,1382.818,fly,0.816,ok,2601,0,0,192.00,310116352,437870592,114090264,95883264,18123768,2904,7449760,22132800,958,15756,15756,0,0,0,0,0,0,0,0,0.061,0.065,0.000,0,0,0,15756,15756,0,0
travel,73.913,1774.7,1383.368,1383.368,fly,0.889,ok,2601,0,0,192.00,310116352,437870592,114090264,95883264,18123768,2904,7449760,22132800,958,15756,15756,0,0,0,0,0,0,0,0,0.132,0.066,0.000,0,0,0,15756,15756,0,0
travel,73.944,1775.4,1383.889,1383.889,fly,0.805,ok,2601,0,0,192.00,310116352,437870592,114090264,95883264,18123768,2904,7449760,22132800,958,15756,15756,0,0,0,0,0,0,0,0,0.060,0.062,0.000,0,0,0,15756,15756,0,0
travel,73.990,1776.5,1384.669,1384.669,fly,0.860,ok,2601,0,0,192.00,310145024,437870592,114090264,95883264,18123768,2904,11174640,22132800,958,15857,15857,0,0,0,0,0,0,0,0,0.062,0.067,0.000,0,0,0,15857,15857,0,0
travel,74.031,1777.5,1385.365,1385.365,fly,1.097,ok,2601,0,0,192.00,310145024,437870592,114090264,95883264,18123768,2904,11174640,22132800,958,15857,15857,0,0,0,0,0,0,0,0,0.078,0.140,0.000,0,0,0,15857,15857,0,0
travel,74.068,1778.4,1385.996,1385.996,fly,1.056,ok,2601,0,0,192.00,310145024,437870592,114090264,95883264,18123768,2904,11174640,22132800,958,15857,15857,0,0,0,0,0,0,0,0,0.143,0.097,0.000,0,0,0,15857,15857,0,0
travel,74.107,1779.3,1386.665,1386.665,fly,1.033,ok,2601,0,0,192.00,310145024,437870592,114090264,95883264,18123768,2904,7449760,22132800,958,15857,15857,0,0,0,0,0,0,0,0,0.070,0.164,0.000,0,0,0,15857,15857,0,0
travel,74.142,1780.1,1387.244,1387.244,fly,0.947,ok,2601,0,0,192.00,310145024,437870592,114090264,95883264,18123768,2904,7449760,22132800,958,15857,15857,0,0,0,0,0,0,0,0,0.133,0.080,0.000,0,0,0,15857,15857,0,0
travel,74.175,1780.9,1387.818,1387.818,fly,1.192,ok,2601,0,0,192.00,310145024,437870592,114090264,95883264,18123768,2904,7449760,22132800,958,15857,15857,0,0,0,0,0,0,0,0,0.154,0.160,0.000,0,0,0,15857,15857,0,0
travel,74.207,1781.7,1388.358,1388.358,fly,0.969,ok,2601,0,0,192.00,310145024,437870592,114090264,95883264,18123768,2904,7449760,22132800,958,15857,15857,0,0,0,0,0,0,0,0,0.070,0.140,0.000,0,0,0,15857,15857,0,0
travel,74.240,1782.5,1388.920,1388.920,fly,0.883,ok,2601,0,0,192.00,310145024,437870592,114090264,95883264,18123768,2904,7449760,22132800,958,15857,15857,0,0,0,0,0,0,0,0,0.070,0.107,0.000,0,0,0,15857,15857,0,0
travel,74.271,1783.2,1389.440,1389.440,fly,1.157,ok,2601,0,0,192.00,310145024,437870592,114090264,95883264,18123768,2904,7449760,22132800,958,15857,15857,0,0,0,0,0,0,0,0,0.158,0.124,0.000,0,0,0,15857,15857,0,0
travel,74.302,1784.0,1389.972,1389.972,fly,0.930,ok,2601,0,0,192.00,310145024,437870592,114090264,95883264,18123768,2904,7449760,22132800,958,15857,15857,0,0,0,0,0,0,0,0,0.134,0.073,0.000,0,0,0,15857,15857,0,0
travel,74.334,1784.8,1390.517,1390.517,fly,0.979,ok,2601,0,0,192.00,310145024,437870592,114090264,95883264,18123768,2904,7449760,22132800,958,15857,15857,0,0,0,0,0,0,0,0,0.221,0.069,0.000,0,0,0,15857,15857,0,0
travel,74.366,1785.5,1391.066,1391.066,fly,0.832,ok,2601,0,0,192.00,310145024,437870592,114090264,95883264,18123768,2904,7449760,22132800,958,15857,15857,0,0,0,0,0,0,0,0,0.067,0.070,0.000,0,0,0,15857,15857,0,0
travel,74.397,1786.3,1391.579,1391.579,fly,0.821,ok,2601,0,0,192.00,310145024,437870592,114090264,95883264,18123768,2904,7449760,22132800,958,15857,15857,0,0,0,0,0,0,0,0,0.061,0.067,0.000,0,0,0,15857,15857,0,0
travel,74.440,1787.3,1392.319,1392.319,fly,0.928,ok,2601,0,0,192.00,310263808,437870592,114090264,95883264,18123768,2904,11174640,22132800,958,15958,15958,0,0,17,0,0,0,0,0,0.063,0.074,0.000,0,0,0,15958,15958,0,0
travel,74.473,1788.1,1392.872,1392.872,fly,0.818,ok,2601,0,0,192.00,310263808,437870592,114090264,95883264,18123768,2904,11174640,22132800,958,15958,15958,0,0,0,0,0,0,0,0,0.062,0.067,0.000,0,0,0,15958,15958,0,0
travel,74.503,1788.8,1393.389,1393.389,fly,1.021,ok,2601,0,0,192.00,310263808,437870592,114090264,95883264,18123768,2904,11174640,22132800,958,15958,15958,0,0,0,0,0,0,0,0,0.074,0.128,0.000,0,0,0,15958,15958,0,0
travel,74.536,1789.6,1393.949,1393.949,fly,0.888,ok,2601,0,0,192.00,310263808,437870592,114090264,95883264,18123768,2904,11174640,22132800,958,15958,15958,0,0,0,0,0,0,0,0,0.133,0.067,0.000,0,0,0,15958,15958,0,0
travel,74.567,1790.4,1394.478,1394.478,fly,0.933,ok,2601,0,0,192.00,310263808,437870592,114090264,95883264,18123768,2904,7449760,22132800,958,15958,15958,0,0,0,0,0,0,0,0,0.063,0.075,0.000,0,0,0,15958,15958,0,0
travel,74.599,1791.1,1395.011,1395.011,fly,1.004,ok,2601,0,0,192.00,310263808,437870592,114090264,95883264,18123768,2904,7449760,22132800,958,15958,15958,0,0,0,0,0,0,0,0,0.069,0.109,0.000,0,0,0,15958,15958,0,0
travel,74.630,1791.9,1395.545,1395.545,fly,0.903,ok,2601,0,0,192.00,310263808,437870592,114090264,95883264,18123768,2904,7449760,22132800,958,15958,15958,0,0,0,0,0,0,0,0,0.143,0.069,0.000,0,0,0,15958,15958,0,0
travel,74.662,1792.6,1396.091,1396.091,fly,0.838,ok,2601,0,0,192.00,310263808,437870592,114090264,95883264,18123768,2904,7449760,22132800,958,15958,15958,0,0,0,0,0,0,0,0,0.061,0.070,0.000,0,0,0,15958,15958,0,0
travel,74.693,1793.4,1396.619,1396.619,fly,0.818,ok,2601,0,0,192.00,310263808,437870592,114090264,95883264,18123768,2904,7449760,22132800,958,15958,15958,0,0,0,0,0,0,0,0,0.062,0.064,0.000,0,0,0,15958,15958,0,0
travel,74.725,1794.2,1397.161,1397.161,fly,0.939,ok,2601,0,0,192.00,310263808,437870592,114090264,95883264,18123768,2904,7449760,22132800,958,15958,15958,0,0,0,0,0,0,0,0,0.070,0.107,0.000,0,0,0,15958,15958,0,0
travel,74.756,1794.9,1397.685,1397.685,fly,1.200,ok,2601,0,0,192.00,310263808,437870592,114090264,95883264,18123768,2904,7449760,22132800,958,15958,15958,0,0,0,0,0,0,0,0,0.087,0.202,0.000,0,0,0,15958,15958,0,0
travel,74.788,1795.7,1398.231,1398.231,fly,0.951,ok,2601,0,0,192.00,310263808,437870592,114090264,95883264,18123768,2904,7449760,22132800,958,15958,15958,0,0,0,0,0,0,0,0,0.071,0.106,0.000,0,0,0,15958,15958,0,0
travel,74.820,1796.4,1398.775,1398.775,fly,0.922,ok,2601,0,0,192.00,310263808,437870592,114090264,95883264,18123768,2904,7449760,22132800,958,15958,15958,0,0,0,0,0,0,0,0,0.131,0.069,0.000,0,0,0,15958,15958,0,0
travel,74.850,1797.2,1399.291,1399.291,fly,0.887,ok,2601,0,0,192.00,310263808,437870592,114090264,95883264,18123768,2904,7449760,22132800,958,15958,15958,0,0,0,0,0,0,0,0,0.134,0.066,0.000,0,0,0,15958,15958,0,0
travel,74.882,1797.9,1399.820,1399.820,fly,0.913,ok,2601,0,0,192.00,310263808,437870592,114090264,95883264,18123768,2904,7449760,22132800,958,15958,15958,0,0,0,0,0,0,0,0,0.071,0.106,0.000,0,0,0,15958,15958,0,0
travel,74.925,1799.0,1400.565,1400.565,fly,0.934,ok,2601,0,0,192.00,310358016,437870592,114090264,95883264,18123768,2904,11174640,22132800,958,16059,16059,0,0,0,0,0,0,0,0,0.071,0.106,0.000,0,0,0,16059,16059,0,0
travel,74.956,1799.7,1401.092,1401.092,fly,0.816,ok,2601,0,0,192.00,310358016,437870592,114090264,95883264,18123768,2904,11174640,22132800,958,16059,16059,0,0,0,0,0,0,0,0,0.061,0.063,0.000,0,0,0,16059,16059,0,0
travel,74.989,1800.5,1401.644,1401.644,fly,0.913,ok,2601,0,0,192.00,310358016,437870592,114090264,95883264,18123768,2904,11174640,22132800,958,16059,16059,0,0,0,0,0,0,0,0,0.063,0.075,0.000,0,0,0,16059,16059,0,0
travel,75.022,1801.3,1402.207,1402.207,fly,1.009,ok,2601,0,0,192.00,310358016,437870592,114090264,95883264,18123768,2904,11174640,22132800,958,16059,16059,0,0,0,0,0,0,0,0,0.065,0.224,0.000,0,0,0,16059,16059,0,0
travel,75.053,1802.0,1402.730,1402.730,fly,1.241,ok,2601,0,0,192.00,310358016,437870592,114090264,95883264,18123768,2904,7449760,22132800,958,16059,16059,0,0,0,0,0,0,0,0,0.420,0.076,0.000,0,0,0,16059,16059,0,0
travel,75.085,1802.8,1403.281,1403.281,fly,0.887,ok,2601,0,0,192.00,310358016,437870592,114090264,95883264,18123768,2904,7449760,22132800,958,16059,16059,0,0,0,0,0,0,0,0,0.105,0.066,0.000,0,0,0,16059,16059,0,0
travel,75.118,1803.6,1403.830,1403.830,fly,0.939,ok,2601,0,0,192.00,310358016,437870592,114090264,95883264,18123768,2904,7449760,22132800,958,16059,16059,0,0,0,0,0,0,0,0,0.069,0.110,0.000,0,0,0,16059,16059,0,0
travel,75.148,1804.3,1404.347,1404.347,fly,0.813,ok,2601,0,0,192.00,310358016,437870592,114090264,95883264,18123768,2904,7449760,22132800,958,16059,16059,0,0,0,0,0,0,0,0,0.061,0.066,0.000,0,0,0,16059,16059,0,0
travel,75.181,1805.1,1404.908,1404.908,fly,1.164,ok,2601,0,0,192.00,310358016,437870592,114090264,95883264,18123768,2904,7449760,22132800,958,16059,16059,0,0,0,0,0,0,0,0,0.070,0.107,0.000,0,0,0,16059,16059,0,0
travel,75.213,1805.9,1405.453,1405.453,fly,1.122,ok,2601,0,0,192.00,310358016,437870592,114090264,95883264,18123768,2904,7449760,22132800,958,16059,16059,0,0,0,0,0,0,0,0,0.221,0.112,0.000,0,0,0,16059,16059,0,0
travel,75.244,1806.6,1405.972,1405.972,fly,0.834,ok,2601,0,0,192.00,310358016,437870592,114090264,95883264,18123768,2904,7449760,22132800,958,16059,16059,0,0,0,0,0,0,0,0,0.061,0.063,0.000,0,0,0,16059,16059,0,0
travel,75.276,1807.4,1406.521,1406.521,fly,0.820,ok,2601,0,0,192.00,310358016,437870592,114090264,95883264,18123768,2904,7449760,22132800,958,16059,16059,0,0,0,0,0,0,0,0,0.061,0.068,0.000,0,0,0,16059,16059,0,0
travel,75.307,1808.1,1407.050,1407.050,fly,1.029,ok,2601,0,0,192.00,310358016,437870592,114090264,95883264,18123768,2904,7449760,22132800,958,16059,16059,0,0,0,0,0,0,0,0,0.146,0.118,0.000,0,0,0,16059,16059,0,0
travel,75.338,1808.9,1407.579,1407.579,fly,0.828,ok,2601,0,0,192.00,310358016,437870592,114090264,95883264,18123768,2904,7449760,22132800,958,16059,16059,0,0,0,0,0,0,0,0,0.061,0.068,0.000,0,0,0,16059,16059,0,0
travel,75.379,1809.9,1408.266,1408.266,fly,0.900,ok,2601,0,47,192.00,310411264,437870592,114090264,95883264,18123768,2904,11174640,19680432,958,16160,16160,0,0,12,0,0,0,0,0,0.133,0.063,0.000,0,0,0,16160,16160,0,0
travel,75.412,1810.7,1408.833,1408.833,fly,0.815,ok,2601,0,0,192.00,310411264,437870592,114090264,95883264,18123768,2904,11174640,22132800,958,16160,16160,0,0,0,0,0,0,0,0,0.060,0.068,0.000,0,0,0,16160,16160,0,0
travel,75.442,1811.4,1409.351,1409.351,fly,0.807,ok,2601,0,0,192.00,310411264,437870592,114090264,95883264,18123768,2904,11174640,22132800,958,16160,16160,0,0,0,0,0,0,0,0,0.061,0.062,0.000,0,0,0,16160,16160,0,0
travel,75.473,1812.1,1409.879,1409.879,fly,0.858,ok,2601,0,0,192.00,310411264,437870592,114090264,95883264,18123768,2904,11174640,22132800,958,16160,16160,0,0,0,0,0,0,0,0,0.063,0.073,0.000,0,0,0,16160,16160,0,0
travel,75.505,1812.9,1410.410,1410.410,fly,2.019,ok,2601,0,0,192.00,310411264,437870592,114090264,95883264,18123768,2904,11174640,22132800,958,16160,16160,0,0,0,0,0,0,0,0,0.096,0.139,0.000,0,0,0,16160,16160,0,0
travel,75.537,1813.7,1410.959,1410.959,fly,0.970,ok,2601,0,0,192.00,310411264,437870592,114090264,95883264,18123768,2904,7449760,22132800,958,16160,16160,0,0,0,0,0,0,0,0,0.063,0.163,0.000,0,0,0,16160,16160,0,0
travel,75.569,1814.4,1411.505,1411.505,fly,1.042,ok,2601,0,0,192.00,310411264,437870592,114090264,95883264,18123768,2904,7449760,22132800,958,16160,16160,0,0,0,0,0,0,0,0,0.072,0.244,0.000,0,0,0,16160,16160,0,0
travel,75.601,1815.2,1412.044,1412.044,fly,1.086,ok,2601,0,0,192.00,310411264,437870592,114090264,95883264,18123768,2904,7449760,22132800,958,16160,16160,0,0,0,0,0,0,0,0,0.075,0.130,0.000,0,0,0,16160,16160,0,0
travel,75.632,1816.0,1412.581,1412.581,fly,0.833,ok,2601,0,0,192.00,310411264,437870592,114090264,95883264,18123768,2904,7449760,22132800,958,16160,16160,0,0,0,0,0,0,0,0,0.061,0.068,0.000,0,0,0,16160,16160,0,0
travel,75.663,1816.7,1413.108,1413.108,fly,0.817,ok,2601,0,0,192.00,310411264,437870592,114090264,95883264,18123768,2904,7449760,22132800,958,16160,16160,0,0,0,0,0,0,0,0,0.060,0.067,0.000,0,0,0,16160,16160,0,0
travel,75.695,1817.5,1413.651,1413.651,fly,0.920,ok,2601,0,0,192.00,310411264,437870592,114090264,95883264,18123768,2904,7449760,22132800,958,16160,16160,0,0,0,0,0,0,0,0,0.139,0.069,0.000,0,0,0,16160,16160,0,0
travel,75.728,1818.3,1414.209,1414.209,fly,1.166,ok,2601,0,0,192.00,310411264,437870592,114090264,95883264,18123768,2904,7449760,22132800,958,16160,16160,0,0,0,0,0,0,0,0,0.070,0.121,0.000,0,0,0,16160,16160,0,0
travel,75.759,1819.0,1414.728,1414.728,fly,1.479,ok,2601,0,0,192.00,310411264,437870592,114090264,95883264,18123768,2904,7449760,22132800,958,16160,16160,0,0,0,0,0,0,0,0,0.524,0.114,0.000,0,0,0,16160,16160,0,0
travel,75.791,1819.8,1415.275,1415.275,fly,0.839,ok,2601,0,0,192.00,310411264,437870592,114090264,95883264,18123768,2904,7449760,22132800,958,16160,16160,0,0,0,0,0,0,0,0,0.061,0.068,0.000,0,0,0,16160,16160,0,0
travel,75.822,1820.5,1415.807,1415.807,fly,0.862,ok,2601,0,0,192.00,310411264,437870592,114090264,95883264,18123768,2904,7449760,22132800,958,16160,16160,0,0,0,0,0,0,0,0,0.062,0.072,0.000,0,0,0,16160,16160,0,0
travel,75.865,1821.6,1416.536,1416.536,fly,0.831,ok,2601,0,0,192.00,310476800,437870592,114090264,95883264,18123768,2904,11174640,22132800,958,16261,16261,0,0,0,0,0,0,0,0,0.061,0.064,0.000,0,0,0,16261,16261,0,0
travel,75.897,1822.3,1417.073,1417.073,fly,0.973,ok,2601,0,0,192.00,310476800,437870592,114090264,95883264,18123768,2904,11174640,22132800,958,16261,16261,0,0,0,0,0,0,0,0,0.137,0.085,0.000,0,0,0,16261,16261,0,0
travel,75.928,1823.1,1417.606,1417.606,fly,0.937,ok,2601,0,0,192.00,310476800,437870592,114090264,95883264,18123768,2904,11174640,22132800,958,16261,16261,0,0,0,0,0,0,0,0,0.073,0.110,0.000,0,0,0,16261,16261,0,0
travel,75.959,1823.8,1418.127,1418.127,fly,0.809,ok,2601,0,0,192.00,310476800,437870592,114090264,95883264,18123768,2904,11174640,22132800,958,16261,16261,0,0,0,0,0,0,0,0,0.059,0.063,0.000,0,0,0,16261,16261,0,0
travel,75.992,1824.6,1418.684,1418.684,fly,0.833,ok,2601,0,0,192.00,310476800,437870592,114090264,95883264,18123768,2904,7449760,22132800,958,16261,16261,0,0,0,0,0,0,0,0,0.062,0.068,0.000,0,0,0,16261,16261,0,0
travel,76.023,1825.3,1419.210,1419.210,fly,1.411,ok,2601,0,0,192.00,310476800,437870592,114090264,95883264,18123768,2904,7449760,22132800,958,16261,16261,0,0,0,0,0,0,0,0,0.088,0.144,0.000,0,0,0,16261,16261,0,0
travel,76.054,1826.1,1419.752,1419.752,fly,1.137,ok,2601,0,0,192.00,310476800,437870592,114090264,95883264,18123768,2904,7449760,22132800,958,16261,16261,0,0,0,0,0,0,0,0,0.266,0.084,0.000,0,0,0,16261,16261,0,0
travel,76.087,1826.9,1420.304,1420.304,fly,0.996,ok,2601,0,0,192.00,310476800,437870592,114090264,95883264,18123768,2904,7449760,22132800,958,16261,16261,0,0,0,0,0,0,0,0,0.071,0.117,0.000,0,0,0,16261,16261,0,0
travel,76.119,1827.7,1420.849,1420.849,fly,0.879,ok,2601,0,0,192.00,310476800,437870592,114090264,95883264,18123768,2904,7449760,22132800,958,16261,16261,0,0,0,0,0,0,0,0,0.061,0.070,0.000,0,0,0,16261,16261,0,0
travel,76.149,1828.4,1421.363,1421.363,fly,0.831,ok,2601,0,0,192.00,310476800,437870592,114090264,95883264,18123768,2904,7449760,22132800,958,16261,16261,0,0,0,0,0,0,0,0,0.061,0.067,0.000,0,0,0,16261,16261,0,0
travel,76.182,1829.2,1421.912,1421.912,fly,0.916,ok,2601,0,0,192.00,310476800,437870592,114090264,95883264,18123768,2904,7449760,22132800,958,16261,16261,0,0,0,0,0,0,0,0,0.142,0.068,0.000,0,0,0,16261,16261,0,0
travel,76.213,1829.9,1422.446,1422.446,fly,1.350,ok,2601,0,0,192.00,310476800,437870592,114090264,95883264,18123768,2904,7449760,22132800,958,16261,16261,0,0,0,0,0,0,0,0,0.080,0.130,0.000,0,0,0,16261,16261,0,0
travel,76.244,1830.7,1422.975,1422.975,fly,1.076,ok,2601,0,0,192.00,310476800,437870592,114090264,95883264,18123768,2904,7449760,22132800,958,16261,16261,0,0,0,0,0,0,0,0,0.275,0.075,0.000,0,0,0,16261,16261,0,0
travel,76.276,1831.4,1423.516,1423.516,fly,0.900,ok,2601,0,0,192.00,310476800,437870592,114090264,95883264,18123768,2904,7449760,22132800,958,16261,16261,0,0,0,0,0,0,0,0,0.131,0.062,0.000,0,0,0,16261,16261,0,0
travel,76.319,1832.5,1424.247,1424.247,fly,2.116,ok,2601,0,45,192.00,310648832,437870592,114090264,95883264,18123768,2904,11174640,19784784,958,16362,16362,7,0,67,7,7,0,0,0,0.148,0.155,0.000,0,0,0,16362,16362,0,0
travel,76.352,1833.2,1424.801,1424.801,fly,0.892,ok,2601,0,0,192.00,310648832,437870592,114090264,95883264,18123768,2904,11174640,22132800,958,16362,16362,0,0,0,0,0,0,0,0,0.067,0.079,0.000,0,0,0,16362,16362,0,0
travel,76.383,1834.0,1425.342,1425.342,fly,0.841,ok,2601,0,0,192.00,310648832,437870592,114090264,95883264,18123768,2904,11174640,22132800,958,16362,16362,0,0,0,0,0,0,0,0,0.060,0.073,0.000,0,0,0,16362,16362,0,0
travel,76.414,1834.7,1425.856,1425.856,fly,1.493,ok,2601,0,0,192.00,310648832,437870592,114090264,95883264,18123768,2904,11174640,22132800,958,16362,16362,0,0,0,0,0,0,0,0,0.587,0.117,0.000,0,0,0,16362,16362,0,0
travel,76.446,1835.5,1426.403,1426.403,fly,0.824,ok,2601,0,0,192.00,310648832,437870592,114090264,95883264,18123768,2904,11174640,22132800,958,16362,16362,0,0,0,0,0,0,0,0,0.061,0.069,0.000,0,0,0,16362,16362,0,0
travel,76.478,1836.3,1426.951,1426.951,fly,0.943,ok,2601,0,0,192.00,310648832,437870592,114090264,95883264,18123768,2904,7449760,22132800,958,16362,16362,0,0,0,0,0,0,0,0,0.179,0.066,0.000,0,0,0,16362,16362,0,0
travel,76.508,1837.0,1427.467,1427.467,fly,0.845,ok,2601,0,0,192.00,310648832,437870592,114090264,95883264,18123768,2904,7449760,22132800,958,16362,16362,0,0,0,0,0,0,0,0,0.062,0.070,0.000,0,0,0,16362,16362,0,0
travel,76.540,1837.8,1427.998,1427.998,fly,0.907,ok,2601,0,0,192.00,310648832,437870592,114090264,95883264,18123768,2904,7449760,22132800,958,16362,16362,0,0,0,0,0,0,0,0,0.138,0.066,0.000,0,0,0,16362,16362,0,0
travel,76.571,1838.5,1428.526,1428.526,fly,0.902,ok,2601,0,0,192.00,310648832,437870592,114090264,95883264,18123768,2904,7449760,22132800,958,16362,16362,0,0,0,0,0,0,0,0,0.064,0.081,0.000,0,0,0,16362,16362,0,0
travel,76.602,1839.3,1429.065,1429.065,fly,0.815,ok,2601,0,0,192.00,310648832,437870592,114090264,95883264,18123768,2904,7449760,22132800,958,16362,16362,0,0,0,0,0,0,0,0,0.061,0.067,0.000,0,0,0,16362,16362,0,0
travel,76.635,1840.1,1429.614,1429.614,fly,0.831,ok,2601,0,0,192.00,310648832,437870592,114090264,95883264,18123768,2904,7449760,22132800,958,16362,16362,0,0,0,0,0,0,0,0,0.061,0.067,0.000,0,0,0,16362,16362,0,0
travel,76.665,1840.8,1430.127,1430.127,fly,0.821,ok,2601,0,0,192.00,310648832,437870592,114090264,95883264,18123768,2904,7449760,22132800,958,16362,16362,0,0,0,0,0,0,0,0,0.062,0.063,0.000,0,0,0,16362,16362,0,0
travel,76.696,1841.5,1430.663,1430.663,fly,0.841,ok,2601,0,0,192.00,310648832,437870592,114090264,95883264,18123768,2904,7449760,22132800,958,16362,16362,0,0,0,0,0,0,0,0,0.061,0.082,0.000,0,0,0,16362,16362,0,0
travel,76.727,1842.3,1431.185,1431.185,fly,1.029,ok,2601,0,0,192.00,310648832,437870592,114090264,95883264,18123768,2904,7449760,22132800,958,16362,16362,0,0,0,0,0,0,0,0,0.070,0.168,0.000,0,0,0,16362,16362,0,0
travel,76.758,1843.0,1431.717,1431.717,fly,1.052,ok,2601,0,0,192.00,310648832,437870592,114090264,95883264,18123768,2904,7449760,22132800,958,16362,16362,0,0,0,0,0,0,0,0,0.071,0.125,0.000,0,0,0,16362,16362,0,0
travel,76.804,1844.1,1432.490,1432.490,fly,0.845,ok,2601,0,0,192.00,311447552,438394880,114090264,95883264,18123768,2904,11174640,22132800,958,16463,16463,0,0,0,0,0,0,0,0,0.062,0.068,0.000,0,0,0,16463,16463,0,0
travel,76.837,1844.9,1433.047,1433.047,fly,0.874,ok,2601,0,0,192.00,311447552,438394880,114090264,95883264,18123768,2904,11174640,22132800,958,16463,16463,0,0,0,0,0,0,0,0,0.062,0.076,0.000,0,0,0,16463,16463,0,0
travel,76.867,1845.6,1433.560,1433.560,fly,0.821,ok,2601,0,0,192.00,311447552,438394880,114090264,95883264,18123768,2904,11174640,22132800,958,16463,16463,0,0,0,0,0,0,0,0,0.061,0.063,0.000,0,0,0,16463,16463,0,0
travel,76.899,1846.4,1434.099,1434.099,fly,0.825,ok,2601,0,0,192.00,311447552,438394880,114090264,95883264,18123768,2904,11174640,22132800,958,16463,16463,0,0,0,0,0,0,0,0,0.062,0.064,0.000,0,0,0,16463,16463,0,0
travel,76.929,1847.1,1434.613,1434.613,fly,0.820,ok,2601,0,0,192.00,311447552,438394880,114090264,95883264,18123768,2904,7449760,22132800,958,16463,16463,0,0,0,0,0,0,0,0,0.061,0.064,0.000,0,0,0,16463,16463,0,0
travel,76.961,1847.9,1435.158,1435.158,fly,1.010,ok,2601,0,0,192.00,311447552,438394880,114090264,95883264,18123768,2904,7449760,22132800,958,16463,16463,0,0,0,0,0,0,0,0,0.072,0.112,0.000,0,0,0,16463,16463,0,0
travel,76.993,1848.7,1435.700,1435.700,fly,0.862,ok,2601,0,0,192.00,311447552,438394880,114090264,95883264,18123768,2904,7449760,22132800,958,16463,16463,0,0,0,0,0,0,0,0,0.061,0.072,0.000,0,0,0,16463,16463,0,0
travel,77.025,1849.4,1436.246,1436.246,fly,0.851,ok,2601,0,0,192.00,311447552,438394880,114090264,95883264,18123768,2904,7449760,22132800,958,16463,16463,0,0,0,0,0,0,0,0,0.061,0.070,0.000,0,0,0,16463,16463,0,0
travel,77.055,1850.2,1436.761,1436.761,fly,1.003,ok,2601,0,0,192.00,311513088,438394880,114090264,95883264,18123768,2904,7449760,22132800,958,16463,16463,0,0,0,0,0,0,0,0,0.227,0.073,0.000,0,0,0,16463,16463,0,0
travel,77.089,1851.0,1437.331,1437.331,fly,1.210,ok,2601,0,0,192.00,311513088,438394880,114090264,95883264,18123768,2904,7449760,22132800,958,16463,16463,0,0,0,0,0,0,0,0,0.067,0.101,0.000,0,0,0,16463,16463,0,0
travel,77.121,1851.7,1437.874,1437.874,fly,0.846,ok,2601,0,0,192.00,311513088,438394880,114090264,95883264,18123768,2904,7449760,22132800,958,16463,16463,0,0,0,0,0,0,0,0,0.066,0.073,0.000,0,0,0,16463,16463,0,0
travel,77.151,1852.5,1438.390,1438.390,fly,0.820,ok,2601,0,0,192.00,311513088,438394880,114090264,95883264,18123768,2904,7449760,22132800,958,16463,16463,0,0,0,0,0,0,0,0,0.060,0.064,0.000,0,0,0,16463,16463,0,0
travel,77.182,1853.2,1438.916,1438.916,fly,0.965,ok,2601,0,0,192.00,311513088,438394880,114090264,95883264,18123768,2904,7449760,22132800,958,16463,16463,0,0,0,0,0,0,0,0,0.071,0.111,0.000,0,0,0,16463,16463,0,0
travel,77.214,1854.0,1439.463,1439.463,fly,0.892,ok,2601,0,0,192.00,311513088,438394880,114090264,95883264,18123768,2904,7449760,22132800,958,16463,16463,0,0,0,0,0,0,0,0,0.133,0.065,0.000,0,0,0,16463,16463,0,0
travel,77.245,1854.7,1439.986,1439.986,fly,0.902,ok,2601,0,0,192.00,311513088,438394880,114090264,95883264,18123768,2904,7449760,22132800,958,16463,16463,0,0,0,0,0,0,0,0,0.062,0.082,0.000,0,0,0,16463,16463,0,0
travel,77.292,1855.8,1440.776,1440.776,fly,0.867,ok,2601,0,0,192.00,311734272,438394880,114090264,95883264,18123768,2904,11174640,22132800,958,16564,16564,0,0,0,0,0,0,0,0,0.063,0.071,0.000,0,0,0,16564,16564,0,0
travel,77.322,1856.6,1441.295,1441.295,fly,0.821,ok,2601,0,0,192.00,311734272,438394880,114090264,95883264,18123768,2904,11174640,22132800,958,16564,16564,0,0,0,0,0,0,0,0,0.061,0.066,0.000,0,0,0,16564,16564,0,0
travel,77.354,1857.3,1441.841,1441.841,fly,0.864,ok,2601,0,0,192.00,311734272,438394880,114090264,95883264,18123768,2904,11174640,22132800,958,16564,16564,0,0,0,0,0,0,0,0,0.063,0.071,0.000,0,0,0,16564,16564,0,0
travel,77.385,1858.1,1442.358,1442.358,fly,1.017,ok,2601,0,0,192.00,311734272,438394880,114090264,95883264,18123768,2904,11174640,22132800,958,16564,16564,0,0,0,0,0,0,0,0,0.073,0.113,0.000,0,0,0,16564,16564,0,0
travel,77.416,1858.8,1442.891,1442.891,fly,0.829,ok,2601,0,0,192.00,311734272,438394880,114090264,95883264,18123768,2904,7449760,22132800,958,16564,16564,0,0,0,0,0,0,0,0,0.061,0.068,0.000,0,0,0,16564,16564,0,0
travel,77.448,1859.6,1443.428,1443.428,fly,0.823,ok,2601,0,0,192.00,311734272,438394880,114090264,95883264,18123768,2904,7449760,22132800,958,16564,16564,0,0,0,0,0,0,0,0,0.061,0.067,0.000,0,0,0,16564,16564,0,0
travel,77.479,1860.3,1443.963,1443.963,fly,0.840,ok,2601,0,0,192.00,311734272,438394880,114090264,95883264,18123768,2904,7449760,22132800,958,16564,16564,0,0,0,0,0,0,0,0,0.061,0.069,0.000,0,0,0,16564,16564,0,0
travel,77.510,1861.1,1444.481,1444.481,fly,0.893,ok,2601,0,0,192.00,311734272,438394880,114090264,95883264,18123768,2904,7449760,22132800,958,16564,16564,0,0,0,0,0,0,0,0,0.134,0.063,0.000,0,0,0,16564,16564,0,0
travel,77.541,1861.8,1445.019,1445.019,fly,0.910,ok,2601,0,0,192.00,311734272,438394880,114090264,95883264,18123768,2904,7449760,22132800,958,16564,16564,0,0,0,0,0,0,0,0,0.062,0.071,0.000,0,0,0,16564,16564,0,0
travel,77.574,1862.6,1445.569,1445.569,fly,0.855,ok,2601,0,0,192.00,311734272,438394880,114090264,95883264,18123768,2904,7449760,22132800,958,16564,16564,0,0,0,0,0,0,0,0,0.063,0.073,0.000,0,0,0,16564,16564,0,0
travel,77.604,1863.4,1446.094,1446.094,fly,1.009,ok,2601,0,0,192.00,311734272,438394880,114090264,95883264,18123768,2904,7449760,22132800,958,16564,16564,0,0,0,0,0,0,0,0,0.132,0.183,0.000,0,0,0,16564,16564,0,0
travel,77.636,1864.1,1446.623,1446.623,fly,0.834,ok,2601,0,0,192.00,311734272,438394880,114090264,95883264,18123768,2904,7449760,22132800,958,16564,16564,0,0,0,0,0,0,0,0,0.062,0.066,0.000,0,0,0,16564,16564,0,0
travel,77.667,1864.9,1447.163,1447.163,fly,0.806,ok,2601,0,0,192.00,311734272,438394880,114090264,95883264,18123768,2904,7449760,22132800,958,16564,16564,0,0,0,0,0,0,0,0,0.059,0.066,0.000,0,0,0,16564,16564,0,0
travel,77.698,1865.6,1447.683,1447.683,fly,1.218,ok,2601,0,0,192.00,311734272,438394880,114090264,95883264,18123768,2904,7449760,22132800,958,16564,16564,0,0,0,0,0,0,0,0,0.078,0.163,0.000,0,0,0,16564,16564,0,0
travel,77.741,1866.6,1448.411,1448.411,fly,0.820,ok,2601,0,0,192.00,311853056,438394880,114090264,95883264,18123768,2904,11174640,22132800,958,16665,16665,0,0,0,0,0,0,0,0,0.061,0.064,0.000,0,0,0,16665,16665,0,0
travel,77.772,1867.4,1448.949,1448.949,fly,0.848,ok,2601,0,0,192.00,311853056,438394880,114090264,95883264,18123768,2904,11174640,22132800,958,16665,16665,0,0,0,0,0,0,0,0,0.062,0.075,0.000,0,0,0,16665,16665,0,0
travel,77.804,1868.1,1449.479,1449.479,fly,0.912,ok,2601,0,0,192.00,311853056,438394880,114090264,95883264,18123768,2904,11174640,22132800,958,16665,16665,0,0,0,0,0,0,0,0,0.063,0.073,0.000,0,0,0,16665,16665,0,0
travel,77.836,1868.9,1450.035,1450.035,fly,0.931,ok,2601,0,0,192.00,311853056,438394880,114090264,95883264,18123768,2904,11174640,22132800,958,16665,16665,0,0,0,0,0,0,0,0,0.064,0.079,0.000,0,0,0,16665,16665,0,0
travel,77.868,1869.7,1450.575,1450.575,fly,0.820,ok,2601,0,0,192.00,311853056,438394880,114090264,95883264,18123768,2904,11174640,22132800,958,16665,16665,0,0,0,0,0,0,0,0,0.061,0.064,0.000,0,0,0,16665,16665,0,0
travel,77.901,1870.5,1451.137,1451.137,fly,0.874,ok,2601,0,0,192.00,311853056,438394880,114090264,95883264,18123768,2904,7449760,22132800,958,16665,16665,0,0,0,0,0,0,0,0,0.062,0.072,0.000,0,0,0,16665,16665,0,0
travel,77.934,1871.3,1451.694,1451.694,fly,0.897,ok,2601,0,0,192.00,311853056,438394880,114090264,95883264,18123768,2904,7449760,22132800,958,16665,16665,0,0,0,0,0,0,0,0,0.131,0.068,0.000,0,0,0,16665,16665,0,0
travel,77.964,1872.0,1452.211,1452.211,fly,0.825,ok,2601,0,0,192.00,311853056,438394880,114090264,95883264,18123768,2904,7449760,22132800,958,16665,16665,0,0,0,0,0,0,0,0,0.062,0.070,0.000,0,0,0,16665,16665,0,0
travel,77.997,1872.8,1452.768,1452.768,fly,0.836,ok,2601,0,0,192.00,311853056,438394880,114090264,95883264,18123768,2904,7449760,22132800,958,16665,16665,0,0,0,0,0,0,0,0,0.061,0.067,0.000,0,0,0,16665,16665,0,0
travel,78.029,1873.6,1453.314,1453.314,fly,0.868,ok,2601,0,0,192.00,311853056,438394880,114090264,95883264,18123768,2904,7449760,22132800,958,16665,16665,0,0,0,0,0,0,0,0,0.063,0.074,0.000,0,0,0,16665,16665,0,0
travel,78.060,1874.3,1453.830,1453.830,fly,0.825,ok,2601,0,0,192.00,311853056,438394880,114090264,95883264,18123768,2904,7449760,22132800,958,16665,16665,0,0,0,0,0,0,0,0,0.061,0.065,0.000,0,0,0,16665,16665,0,0
travel,78.090,1875.0,1454.352,1454.352,fly,0.823,ok,2601,0,0,192.00,311853056,438394880,114090264,95883264,18123768,2904,7449760,22132800,958,16665,16665,0,0,0,0,0,0,0,0,0.060,0.064,0.000,0,0,0,16665,16665,0,0
travel,78.121,1875.8,1454.874,1454.874,fly,0.979,ok,2601,0,0,192.00,311853056,438394880,114090264,95883264,18123768,2904,7449760,22132800,958,16665,16665,0,0,0,0,0,0,0,0,0.074,0.147,0.000,0,0,0,16665,16665,0,0
travel,78.153,1876.5,1455.412,1455.412,fly,0.945,ok,2601,0,0,192.00,311853056,438394880,114090264,95883264,18123768,2904,7449760,22132800,958,16665,16665,0,0,0,0,0,0,0,0,0.184,0.061,0.000,0,0,0,16665,16665,0,0
travel,78.185,1877.3,1455.966,1455.966,fly,0.819,ok,2601,0,0,192.00,311853056,438394880,114090264,95883264,18123768,2904,7449760,22132800,958,16665,16665,0,0,0,0,0,0,0,0,0.062,0.061,0.000,0,0,0,16665,16665,0,0
travel,78.230,1878.4,1456.720,1456.720,fly,0.856,ok,2601,0,0,192.00,311984128,438919168,114090264,95883264,18123768,2904,11174640,22132800,958,16766,16766,0,0,0,0,0,0,0,0,0.062,0.077,0.000,0,0,0,16766,16766,0,0
travel,78.261,1879.1,1457.251,1457.251,fly,1.233,ok,2601,0,0,192.00,311984128,438919168,114090264,95883264,18123768,2904,11174640,22132800,958,16766,16766,0,0,0,0,0,0,0,0,0.355,0.092,0.000,0,0,0,16766,16766,0,0
travel,78.293,1879.9,1457.792,1457.792,fly,1.000,ok,2601,0,0,192.00,311984128,438919168,114090264,95883264,18123768,2904,11174640,22132800,958,16766,16766,0,0,0,0,0,0,0,0,0.073,0.114,0.000,0,0,0,16766,16766,0,0
travel,78.324,1880.7,1458.324,1458.324,fly,0.806,ok,2601,0,0,192.00,311984128,438919168,114090264,95883264,18123768,2904,11174640,22132800,958,16766,16766,0,0,0,0,0,0,0,0,0.061,0.062,0.000,0,0,0,16766,16766,0,0
travel,78.356,1881.4,1458.858,1458.858,fly,1.097,ok,2601,0,0,192.00,311984128,438919168,114090264,95883264,18123768,2904,7449760,22132800,958,16766,16766,0,0,0,0,0,0,0,0,0.343,0.067,0.000,0,0,0,16766,16766,0,0
travel,78.386,1882.1,1459.377,1459.377,fly,0.846,ok,2601,0,0,192.00,311984128,438919168,114090264,95883264,18123768,2904,7449760,22132800,958,16766,16766,0,0,0,0,0,0,0,0,0.062,0.067,0.000,0,0,0,16766,16766,0,0
travel,78.418,1882.9,1459.918,1459.918,fly,1.319,ok,2601,0,0,192.00,311984128,438919168,114090264,95883264,18123768,2904,7449760,22132800,958,16766,16766,0,0,0,0,0,0,0,0,0.319,0.116,0.000,0,0,0,16766,16766,0,0
travel,78.450,1883.7,1460.468,1460.468,fly,0.890,ok,2601,0,0,192.00,311984128,438919168,114090264,95883264,18123768,2904,7449760,22132800,958,16766,16766,0,0,0,0,0,0,0,0,0.134,0.062,0.000,0,0,0,16766,16766,0,0
travel,78.481,1884.4,1460.983,1460.983,fly,0.834,ok,2601,0,0,192.00,311984128,438919168,114090264,95883264,18123768,2904,7449760,22132800,958,16766,16766,0,0,0,0,0,0,0,0,0.061,0.070,0.000,0,0,0,16766,16766,0,0
travel,78.512,1885.2,1461.517,1461.517,fly,0.814,ok,2601,0,0,192.00,311984128,438919168,114090264,95883264,18123768,2904,7449760,22132800,958,16766,16766,0,0,0,0,0,0,0,0,0.061,0.065,0.000,0,0,0,16766,16766,0,0
travel,78.544,1885.9,1462.057,1462.057,fly,1.027,ok,2601,0,0,192.00,311984128,438919168,114090264,95883264,18123768,2904,7449760,22132800,958,16766,16766,0,0,0,0,0,0,0,0,0.160,0.155,0.000,0,0,0,16766,16766,0,0
travel,78.577,1886.7,1462.621,1462.621,fly,0.890,ok,2601,0,0,192.00,311984128,438919168,114090264,95883264,18123768,2904,7449760,22132800,958,16766,16766,0,0,0,0,0,0,0,0,0.062,0.076,0.000,0,0,0,16766,16766,0,0
travel,78.607,1887.5,1463.138,1463.138,fly,0.804,ok,2601,0,0,192.00,311984128,438919168,114090264,95883264,18123768,2904,7449760,22132800,958,16766,16766,0,0,0,0,0,0,0,0,0.060,0.064,0.000,0,0,0,16766,16766,0,0
travel,78.639,1888.2,1463.673,1463.673,fly,0.885,ok,2601,0,0,192.00,311984128,438919168,114090264,95883264,18123768,2904,7449760,22132800,958,16766,16766,0,0,0,0,0,0,0,0,0.061,0.072,0.000,0,0,0,16766,16766,0,0
travel,78.683,1889.3,1464.417,1464.417,fly,0.814,ok,2601,0,0,192.00,312639488,439443456,114090264,95883264,18123768,2904,11174640,22132800,958,16867,16867,0,0,0,0,0,0,0,0,0.061,0.065,0.000,0,0,0,16867,16867,0,0
travel,78.714,1890.0,1464.956,1464.956,fly,0.921,ok,2601,0,0,192.00,312639488,439443456,114090264,95883264,18123768,2904,11174640,22132800,958,16867,16867,0,0,0,0,0,0,0,0,0.132,0.074,0.000,0,0,0,16867,16867,0,0
travel,78.745,1890.8,1465.472,1465.472,fly,0.885,ok,2601,0,0,192.00,312639488,439443456,114090264,95883264,18123768,2904,11174640,22132800,958,16867,16867,0,0,0,0,0,0,0,0,0.134,0.066,0.000,0,0,0,16867,16867,0,0
travel,78.776,1891.5,1466.000,1466.000,fly,0.878,ok,2601,0,0,192.00,312639488,439443456,114090264,95883264,18123768,2904,11174640,22132800,958,16867,16867,0,0,0,0,0,0,0,0,0.061,0.065,0.000,0,0,0,16867,16867,0,0
travel,78.806,1892.2,1466.518,1466.518,fly,0.983,ok,2601,0,0,192.00,312639488,439443456,114090264,95883264,18123768,2904,11174640,22132800,958,16867,16867,0,0,0,0,0,0,0,0,0.141,0.115,0.000,0,0,0,16867,16867,0,0
travel,78.837,1893.0,1467.050,1467.050,fly,0.873,ok,2601,0,0,192.00,312639488,439443456,114090264,95883264,18123768,2904,7449760,22132800,958,16867,16867,0,0,0,0,0,0,0,0,0.133,0.063,0.000,0,0,0,16867,16867,0,0
travel,78.868,1893.7,1467.571,1467.571,fly,1.004,ok,2601,0,0,192.00,312639488,439443456,114090264,95883264,18123768,2904,7449760,22132800,958,16867,16867,0,0,0,0,0,0,0,0,0.069,0.119,0.000,0,0,0,16867,16867,0,0
travel,78.899,1894.5,1468.098,1468.098,fly,1.655,ok,2601,0,0,192.00,312639488,439443456,114090264,95883264,18123768,2904,7449760,22132800,958,16867,16867,0,0,0,0,0,0,0,0,0.766,0.112,0.000,0,0,0,16867,16867,0,0
travel,78.931,1895.3,1468.646,1468.646,fly,0.952,ok,2601,0,0,192.00,312639488,439443456,114090264,95883264,18123768,2904,7449760,22132800,958,16867,16867,0,0,0,0,0,0,0,0,0.165,0.072,0.000,0,0,0,16867,16867,0,0
travel,78.964,1896.0,1469.199,1469.199,fly,0.817,ok,2601,0,0,192.00,312639488,439443456,114090264,95883264,18123768,2904,7449760,22132800,958,16867,16867,0,0,0,0,0,0,0,0,0.061,0.064,0.000,0,0,0,16867,16867,0,0
travel,78.997,1896.8,1469.755,1469.755,fly,0.917,ok,2601,0,0,192.00,312639488,439443456,114090264,95883264,18123768,2904,7449760,22132800,958,16867,16867,0,0,0,0,0,0,0,0,0.062,0.071,0.000,0,0,0,16867,16867,0,0
travel,79.027,1897.6,1470.274,1470.274,fly,1.186,ok,2601,0,0,192.00,312639488,439443456,114090264,95883264,18123768,2904,7449760,22132800,958,16867,16867,0,0,0,0,0,0,0,0,0.065,0.100,0.000,0,0,0,16867,16867,0,0
travel,79.060,1898.3,1470.822,1470.822,fly,0.877,ok,2601,0,0,192.00,312639488,439443456,114090264,95883264,18123768,2904,7449760,22132800,958,16867,16867,0,0,0,0,0,0,0,0,0.130,0.064,0.000,0,0,0,16867,16867,0,0
travel,79.091,1899.1,1471.360,1471.360,fly,0.960,ok,2601,0,0,192.00,312639488,439443456,114090264,95883264,18123768,2904,7449760,22132800,958,16867,16867,0,0,0,0,0,0,0,0,0.071,0.115,0.000,0,0,0,16867,16867,0,0
travel,79.122,1899.8,1471.891,1471.891,fly,0.901,ok,2601,0,0,192.00,312639488,439443456,114090264,95883264,18123768,2904,7449760,22132800,958,16867,16867,0,0,0,0,0,0,0,0,0.132,0.069,0.000,0,0,0,16867,16867,0,0
travel,79.167,1900.9,1472.647,1472.647,fly,0.893,ok,2601,0,0,192.00,312938496,439443456,114090264,95883264,18123768,2904,11174640,22132800,958,16968,16968,0,0,0,0,0,0,0,0,0.134,0.065,0.000,0,0,0,16968,16968,0,0
travel,79.198,1901.7,1473.179,1473.179,fly,0.801,ok,2601,0,0,192.00,312938496,439443456,114090264,95883264,18123768,2904,11174640,22132800,958,16968,16968,0,0,0,0,0,0,0,0,0.061,0.063,0.000,0,0,0,16968,16968,0,0
travel,79.230,1902.4,1473.716,1473.716,fly,1.067,ok,2601,0,0,192.00,312938496,439443456,114090264,95883264,18123768,2904,11174640,22132800,958,16968,16968,0,0,0,0,0,0,0,0,0.255,0.077,0.000,0,0,0,16968,16968,0,0
travel,79.262,1903.2,1474.258,1474.258,fly,0.825,ok,2601,0,0,192.00,312938496,439443456,114090264,95883264,18123768,2904,11174640,22132800,958,16968,16968,0,0,0,0,0,0,0,0,0.062,0.074,0.000,0,0,0,16968,16968,0,0
travel,79.294,1904.0,1474.807,1474.807,fly,0.821,ok,2601,0,0,192.00,312938496,439443456,114090264,95883264,18123768,2904,7449760,22132800,958,16968,16968,0,0,0,0,0,0,0,0,0.061,0.065,0.000,0,0,0,16968,16968,0,0
travel,79.326,1904.7,1475.344,1475.344,fly,0.984,ok,2601,0,0,192.00,312938496,439443456,114090264,95883264,18123768,2904,7449760,22132800,958,16968,16968,0,0,0,0,0,0,0,0,0.151,0.122,0.000,0,0,0,16968,16968,0,0
travel,79.357,1905.5,1475.870,1475.870,fly,0.893,ok,2601,0,0,192.00,312938496,439443456,114090264,95883264,18123768,2904,7449760,22132800,958,16968,16968,0,0,0,0,0,0,0,0,0.072,0.109,0.000,0,0,0,16968,16968,0,0
travel,79.387,1906.2,1476.391,1476.391,fly,0.825,ok,2601,0,0,192.00,312938496,439443456,114090264,95883264,18123768,2904,7449760,22132800,958,16968,16968,0,0,0,0,0,0,0,0,0.060,0.071,0.000,0,0,0,16968,16968,0,0
travel,79.417,1906.9,1476.904,1476.904,fly,0.815,ok,2601,0,0,192.00,312938496,439443456,114090264,95883264,18123768,2904,7449760,22132800,958,16968,16968,0,0,0,0,0,0,0,0,0.061,0.064,0.000,0,0,0,16968,16968,0,0
travel,79.449,1907.7,1477.450,1477.450,fly,0.812,ok,2601,0,0,192.00,312938496,439443456,114090264,95883264,18123768,2904,7449760,22132800,958,16968,16968,0,0,0,0,0,0,0,0,0.061,0.067,0.000,0,0,0,16968,16968,0,0
travel,79.480,1908.4,1477.977,1477.977,fly,0.819,ok,2601,0,0,192.00,312938496,439443456,114090264,95883264,18123768,2904,7449760,22132800,958,16968,16968,0,0,0,0,0,0,0,0,0.059,0.064,0.000,0,0,0,16968,16968,0,0
travel,79.513,1909.2,1478.522,1478.522,fly,0.807,ok,2601,0,0,192.00,312938496,439443456,114090264,95883264,18123768,2904,7449760,22132800,958,16968,16968,0,0,0,0,0,0,0,0,0.059,0.067,0.000,0,0,0,16968,16968,0,0
travel,79.544,1910.0,1479.053,1479.053,fly,0.854,ok,2601,0,0,192.00,312938496,439443456,114090264,95883264,18123768,2904,7449760,22132800,958,16968,16968,0,0,0,0,0,0,0,0,0.061,0.073,0.000,0,0,0,16968,16968,0,0
travel,79.574,1910.7,1479.566,1479.566,fly,0.801,ok,2601,0,0,192.00,312938496,439443456,114090264,95883264,18123768,2904,7449760,22132800,958,16968,16968,0,0,0,0,0,0,0,0,0.059,0.067,0.000,0,0,0,16968,16968,0,0
travel,79.619,1911.8,1480.324,1480.324,fly,1.013,ok,2601,0,0,192.00,313397248,440496128,114090264,95883264,18123768,2904,11174640,22132800,958,17069,17069,0,0,15,0,0,0,0,0,0.134,0.123,0.000,0,0,0,17069,17069,0,0
travel,79.651,1912.6,1480.882,1480.882,fly,0.904,ok,2601,0,0,192.00,313397248,440496128,114090264,95883264,18123768,2904,11174640,22132800,958,17069,17069,0,0,0,0,0,0,0,0,0.069,0.107,0.000,0,0,0,17069,17069,0,0
travel,79.683,1913.3,1481.416,1481.416,fly,1.872,ok,2601,0,0,192.00,313397248,440496128,114090264,95883264,18123768,2904,11174640,22132800,958,17069,17069,0,0,0,0,0,0,0,0,0.095,0.171,0.000,0,0,0,17069,17069,0,0
travel,79.715,1914.1,1481.956,1481.956,fly,0.866,ok,2601,0,0,192.00,313397248,440496128,114090264,95883264,18123768,2904,11174640,22132800,958,17069,17069,0,0,0,0,0,0,0,0,0.062,0.077,0.000,0,0,0,17069,17069,0,0
travel,79.746,1914.8,1482.491,1482.491,fly,1.090,ok,2601,0,0,192.00,313397248,440496128,114090264,95883264,18123768,2904,11174640,22132800,958,17069,17069,0,0,0,0,0,0,0,0,0.072,0.133,0.000,0,0,0,17069,17069,0,0
travel,79.778,1915.6,1483.033,1483.033,fly,0.950,ok,2601,0,0,192.00,313397248,440496128,114090264,95883264,18123768,2904,7449760,22132800,958,17069,17069,0,0,0,0,0,0,0,0,0.183,0.070,0.000,0,0,0,17069,17069,0,0
travel,79.810,1916.4,1483.576,1483.576,fly,0.870,ok,2601,0,0,192.00,313397248,440496128,114090264,95883264,18123768,2904,7449760,22132800,958,17069,17069,0,0,0,0,0,0,0,0,0.062,0.071,0.000,0,0,0,17069,17069,0,0
travel,79.841,1917.1,1484.098,1484.098,fly,0.824,ok,2601,0,0,192.00,313397248,440496128,114090264,95883264,18123768,2904,7449760,22132800,958,17069,17069,0,0,0,0,0,0,0,0,0.062,0.065,0.000,0,0,0,17069,17069,0,0
travel,79.872,1917.9,1484.639,1484.639,fly,0.958,ok,2601,0,0,192.00,313397248,440496128,114090264,95883264,18123768,2904,7449760,22132800,958,17069,17069,0,0,0,0,0,0,0,0,0.137,0.118,0.000,0,0,0,17069,17069,0,0
travel,79.903,1918.6,1485.155,1485.155,fly,1.144,ok,2601,0,0,192.00,313397248,440496128,114090264,95883264,18123768,2904,7449760,22132800,958,17069,17069,0,0,0,0,0,0,0,0,0.078,0.362,0.000,0,0,0,17069,17069,0,0
travel,79.935,1919.4,1485.703,1485.703,fly,0.922,ok,2601,0,0,192.00,313397248,440496128,114090264,95883264,18123768,2904,7449760,22132800,958,17069,17069,0,0,0,0,0,0,0,0,0.071,0.127,0.000,0,0,0,17069,17069,0,0
travel,79.967,1920.1,1486.245,1486.245,fly,0.845,ok,2601,0,0,192.00,313397248,440496128,114090264,95883264,18123768,2904,7449760,22132800,958,17069,17069,0,0,0,0,0,0,0,0,0.062,0.079,0.000,0,0,0,17069,17069,0,0
travel,79.999,1920.9,1486.792,1486.792,fly,0.966,ok,2601,0,0,192.00,313397248,440496128,114090264,95883264,18123768,2904,7449760,22132800,958,17069,17069,0,0,0,0,0,0,0,0,0.073,0.115,0.000,0,0,0,17069,17069,0,0
travel,80.031,1921.7,1487.326,1487.326,fly,1.346,ok,2601,0,0,192.00,313397248,440496128,114090264,95883264,18123768,2904,7449760,22132800,958,17069,17069,0,0,0,0,0,0,0,0,0.089,0.121,0.000,0,0,0,17069,17069,0,0
travel,80.062,1922.4,1487.856,1487.856,fly,0.959,ok,2601,0,0,192.00,313397248,440496128,114090264,95883264,18123768,2904,7449760,22132800,958,17069,17069,0,0,0,0,0,0,0,0,0.133,0.079,0.000,0,0,0,17069,17069,0,0
travel,80.104,1923.4,1488.573,1488.573,fly,0.800,ok,2601,0,0,192.00,314548224,441020416,114090264,95883264,18123768,2904,11174640,22132800,958,17170,17170,0,0,0,0,0,0,0,0,0.061,0.063,0.000,0,0,0,17170,17170,0,0
travel,80.136,1924.2,1489.122,1489.122,fly,0.824,ok,2601,0,0,192.00,314548224,441020416,114090264,95883264,18123768,2904,11174640,22132800,958,17170,17170,0,0,0,0,0,0,0,0,0.062,0.064,0.000,0,0,0,17170,17170,0,0
travel,80.167,1924.9,1489.642,1489.642,fly,1.436,ok,2601,0,0,192.00,314548224,441020416,114090264,95883264,18123768,2904,11174640,22132800,958,17170,17170,0,0,0,0,0,0,0,0,0.086,0.225,0.000,0,0,0,17170,17170,0,0
travel,80.198,1925.7,1490.174,1490.174,fly,0.804,ok,2601,0,0,192.00,314548224,441020416,114090264,95883264,18123768,2904,11174640,22132800,958,17170,17170,0,0,0,0,0,0,0,0,0.062,0.064,0.000,0,0,0,17170,17170,0,0
travel,80.229,1926.4,1490.701,1490.701,fly,0.910,ok,2601,0,0,192.00,314548224,441020416,114090264,95883264,18123768,2904,7449760,22132800,958,17170,17170,0,0,0,0,0,0,0,0,0.138,0.067,0.000,0,0,0,17170,17170,0,0
travel,80.260,1927.2,1491.223,1491.223,fly,0.838,ok,2601,0,0,192.00,314548224,441020416,114090264,95883264,18123768,2904,7449760,22132800,958,17170,17170,0,0,0,0,0,0,0,0,0.061,0.072,0.000,0,0,0,17170,17170,0,0
travel,80.290,1927.9,1491.741,1491.741,fly,0.823,ok,2601,0,0,192.00,314548224,441020416,114090264,95883264,18123768,2904,7449760,22132800,958,17170,17170,0,0,0,0,0,0,0,0,0.061,0.065,0.000,0,0,0,17170,17170,0,0
travel,80.322,1928.7,1492.280,1492.280,fly,0.815,ok,2601,0,0,192.00,314548224,441020416,114090264,95883264,18123768,2904,7449760,22132800,958,17170,17170,0,0,0,0,0,0,0,0,0.061,0.070,0.000,0,0,0,17170,17170,0,0
travel,80.352,1929.4,1492.794,1492.794,fly,1.089,ok,2601,0,0,192.00,314548224,441020416,114090264,95883264,18123768,2904,7449760,22132800,958,17170,17170,0,0,0,0,0,0,0,0,0.336,0.065,0.000,0,0,0,17170,17170,0,0
travel,80.384,1930.2,1493.329,1493.329,fly,0.804,ok,2601,0,0,192.00,314548224,441020416,114090264,95883264,18123768,2904,7449760,22132800,958,17170,17170,0,0,0,0,0,0,0,0,0.061,0.064,0.000,0,0,0,17170,17170,0,0
travel,80.415,1930.9,1493.864,1493.864,fly,1.026,ok,2601,0,0,192.00,314548224,441020416,114090264,95883264,18123768,2904,7449760,22132800,958,17170,17170,0,0,0,0,0,0,0,0,0.071,0.114,0.000,0,0,0,17170,17170,0,0
travel,80.446,1931.6,1494.380,1494.380,fly,0.819,ok,2601,0,0,192.00,314548224,441020416,114090264,95883264,18123768,2904,7449760,22132800,958,17170,17170,0,0,0,0,0,0,0,0,0.061,0.064,0.000,0,0,0,17170,17170,0,0
travel,80.478,1932.4,1494.928,1494.928,fly,1.185,ok,2601,0,0,192.00,314548224,441020416,114090264,95883264,18123768,2904,7449760,22132800,958,17170,17170,0,0,0,0,0,0,0,0,0.067,0.104,0.000,0,0,0,17170,17170,0,0
travel,80.510,1933.2,1495.478,1495.478,fly,1.008,ok,2601,0,0,192.00,314548224,441020416,114090264,95883264,18123768,2904,7449760,22132800,958,17170,17170,0,0,0,0,0,0,0,0,0.140,0.109,0.000,0,0,0,17170,17170,0,0
travel,80.540,1933.9,1495.992,1495.992,fly,0.870,ok,2601,0,0,192.00,314548224,441020416,114090264,95883264,18123768,2904,7449760,22132800,958,17170,17170,0,0,0,0,0,0,0,0,0.129,0.066,0.000,0,0,0,17170,17170,0,0
travel,80.583,1934.9,1496.713,1496.713,fly,0.928,ok,2601,0,0,192.00,315330560,442073088,114090264,95883264,18123768,2904,11174640,22132800,958,17271,17271,0,0,0,0,0,0,0,0,0.172,0.070,0.000,0,0,0,17271,17271,0,0
travel,80.615,1935.7,1497.250,1497.250,fly,0.924,ok,2601,0,0,192.00,315330560,442073088,114090264,95883264,18123768,2904,11174640,22132800,958,17271,17271,0,0,0,0,0,0,0,0,0.134,0.072,0.000,0,0,0,17271,17271,0,0
travel,80.645,1936.4,1497.769,1497.769,fly,0.820,ok,2601,0,0,192.00,315330560,442073088,114090264,95883264,18123768,2904,11174640,22132800,958,17271,17271,0,0,0,0,0,0,0,0,0.062,0.065,0.000,0,0,0,17271,17271,0,0
travel,80.677,1937.2,1498.312,1498.312,fly,0.821,ok,2601,0,0,192.00,315330560,442073088,114090264,95883264,18123768,2904,11174640,22132800,958,17271,17271,0,0,0,0,0,0,0,0,0.062,0.069,0.000,0,0,0,17271,17271,0,0
travel,80.707,1937.9,1498.827,1498.827,fly,1.316,ok,2601,0,0,192.00,315330560,442073088,114090264,95883264,18123768,2904,7449760,22132800,958,17271,17271,0,0,0,0,0,0,0,0,0.077,0.155,0.000,0,0,0,17271,17271,0,0
travel,80.739,1938.7,1499.366,1499.366,fly,0.889,ok,2601,0,0,192.00,315330560,442073088,114090264,95883264,18123768,2904,7449760,22132800,958,17271,17271,0,0,0,0,0,0,0,0,0.063,0.083,0.000,0,0,0,17271,17271,0,0
travel,80.771,1939.5,1499.901,1499.901,fly,1.377,ok,2601,0,0,192.00,315330560,442073088,114090264,95883264,18123768,2904,7449760,22132800,958,17271,17271,0,0,0,0,0,0,0,0,0.520,0.147,0.000,0,0,0,17271,17271,0,0
travel,80.801,1940.2,1500.428,1500.428,fly,0.826,ok,2601,0,0,192.00,315330560,442073088,114090264,95883264,18123768,2904,7449760,22132800,958,17271,17271,0,0,0,0,0,0,0,0,0.061,0.067,0.000,0,0,0,17271,17271,0,0
travel,80.833,1940.9,1500.955,1500.955,fly,0.842,ok,2601,0,0,192.00,315330560,442073088,114090264,95883264,18123768,2904,7449760,22132800,958,17271,17271,0,0,0,0,0,0,0,0,0.061,0.070,0.000,0,0,0,17271,17271,0,0
travel,80.864,1941.7,1501.492,1501.492,fly,0.883,ok,2601,0,0,192.00,315330560,442073088,114090264,95883264,18123768,2904,7449760,22132800,958,17271,17271,0,0,0,0,0,0,0,0,0.131,0.065,0.000,0,0,0,17271,17271,0,0
travel,80.894,1942.4,1502.007,1502.007,fly,0.969,ok,2601,0,0,192.00,315330560,442073088,114090264,95883264,18123768,2904,7449760,22132800,958,17271,17271,0,0,0,0,0,0,0,0,0.131,0.068,0.000,0,0,0,17271,17271,0,0
travel,80.927,1943.2,1502.557,1502.557,fly,0.894,ok,2601,0,0,192.00,315330560,442073088,114090264,95883264,18123768,2904,7449760,22132800,958,17271,17271,0,0,0,0,0,0,0,0,0.062,0.112,0.000,0,0,0,17271,17271,0,0
travel,80.959,1944.0,1503.104,1503.104,fly,0.829,ok,2601,0,0,192.00,315330560,442073088,114090264,95883264,18123768,2904,7449760,22132800,958,17271,17271,0,0,0,0,0,0,0,0,0.060,0.070,0.000,0,0,0,17271,17271,0,0
travel,80.989,1944.7,1503.621,1503.621,fly,0.809,ok,2601,0,0,192.00,315330560,442073088,114090264,95883264,18123768,2904,7449760,22132800,958,17271,17271,0,0,0,0,0,0,0,0,0.060,0.063,0.000,0,0,0,17271,17271,0,0
travel,81.033,1945.8,1504.363,1504.363,fly,0.891,ok,2601,0,0,192.00,316411904,443645952,114090264,95883264,18123768,2904,11174640,22132800,958,17372,17372,0,0,0,0,0,0,0,0,0.062,0.077,0.000,0,0,0,17372,17372,0,0
travel,81.064,1946.5,1504.890,1504.890,fly,0.845,ok,2601,0,0,192.00,316411904,443645952,114090264,95883264,18123768,2904,11174640,22132800,958,17372,17372,0,0,0,0,0,0,0,0,0.063,0.078,0.000,0,0,0,17372,17372,0,0
travel,81.095,1947.3,1505.417,1505.417,fly,0.897,ok,2601,0,0,192.00,316411904,443645952,114090264,95883264,18123768,2904,11174640,22132800,958,17372,17372,0,0,0,0,0,0,0,0,0.134,0.068,0.000,0,0,0,17372,17372,0,0
travel,81.128,1948.0,1505.977,1505.977,fly,0.863,ok,2601,0,0,192.00,316411904,443645952,114090264,95883264,18123768,2904,11174640,22132800,958,17372,17372,0,0,0,0,0,0,0,0,0.062,0.070,0.000,0,0,0,17372,17372,0,0
travel,81.159,1948.8,1506.505,1506.505,fly,0.848,ok,2601,0,0,192.00,316411904,443645952,114090264,95883264,18123768,2904,11174640,22132800,958,17372,17372,0,0,0,0,0,0,0,0,0.065,0.068,0.000,0,0,0,17372,17372,0,0
travel,81.191,1949.6,1507.047,1507.047,fly,0.968,ok,2601,0,0,192.00,316411904,443645952,114090264,95883264,18123768,2904,7449760,22132800,958,17372,17372,0,0,0,0,0,0,0,0,0.141,0.113,0.000,0,0,0,17372,17372,0,0
travel,81.221,1950.3,1507.561,1507.561,fly,0.994,ok,2601,0,0,192.00,316411904,443645952,114090264,95883264,18123768,2904,7449760,22132800,958,17372,17372,0,0,0,0,0,0,0,0,0.137,0.076,0.000,0,0,0,17372,17372,0,0
travel,81.253,1951.0,1508.098,1508.098,fly,0.824,ok,2601,0,0,192.00,316411904,443645952,114090264,95883264,18123768,2904,7449760,22132800,958,17372,17372,0,0,0,0,0,0,0,0,0.064,0.066,0.000,0,0,0,17372,17372,0,0
travel,81.284,1951.8,1508.635,1508.635,fly,0.965,ok,2601,0,0,192.00,316411904,443645952,114090264,95883264,18123768,2904,7449760,22132800,958,17372,17372,0,0,0,0,0,0,0,0,0.137,0.091,0.000,0,0,0,17372,17372,0,0
travel,81.315,1952.6,1509.162,1509.162,fly,1.089,ok,2601,0,0,192.00,316411904,443645952,114090264,95883264,18123768,2904,7449760,22132800,958,17372,17372,0,0,0,0,0,0,0,0,0.299,0.096,0.000,0,0,0,17372,17372,0,0
travel,81.348,1953.3,1509.719,1509.719,fly,0.806,ok,2601,0,0,192.00,316411904,443645952,114090264,95883264,18123768,2904,7449760,22132800,958,17372,17372,0,0,0,0,0,0,0,0,0.060,0.064,0.000,0,0,0,17372,17372,0,0
travel,81.380,1954.1,1510.256,1510.256,fly,1.022,ok,2601,0,0,192.00,316411904,443645952,114090264,95883264,18123768,2904,7449760,22132800,958,17372,17372,0,0,0,0,0,0,0,0,0.063,0.086,0.000,0,0,0,17372,17372,0,0
travel,81.411,1954.8,1510.783,1510.783,fly,0.939,ok,2601,0,0,192.00,316411904,443645952,114090264,95883264,18123768,2904,7449760,22132800,958,17372,17372,0,0,0,0,0,0,0,0,0.134,0.071,0.000,0,0,0,17372,17372,0,0
travel,81.443,1955.6,1511.330,1511.330,fly,1.011,ok,2601,0,0,192.00,316411904,443645952,114090264,95883264,18123768,2904,7449760,22132800,958,17372,17372,0,0,0,0,0,0,0,0,0.075,0.118,0.000,0,0,0,17372,17372,0,0
travel,81.474,1956.4,1511.850,1511.850,fly,0.811,ok,2601,0,0,192.00,316411904,443645952,114090264,95883264,18123768,2904,7449760,22132800,958,17372,17372,0,0,0,0,0,0,0,0,0.061,0.067,0.000,0,0,0,17372,17372,0,0
travel,81.518,1957.4,1512.609,1512.609,fly,1.095,ok,2601,0,0,192.00,317427712,444698624,114090264,95883264,18123768,2904,11174640,22132800,958,17473,17473,0,0,0,0,0,0,0,0,0.254,0.157,0.000,0,0,0,17473,17473,0,0
travel,81.550,1958.2,1513.153,1513.153,fly,0.841,ok,2601,0,0,192.00,317427712,444698624,114090264,95883264,18123768,2904,11174640,22132800,958,17473,17473,0,0,0,0,0,0,0,0,0.062,0.070,0.000,0,0,0,17473,17473,0,0
travel,81.581,1958.9,1513.670,1513.670,fly,1.159,ok,2601,0,0,192.00,317427712,444698624,114090264,95883264,18123768,2904,11174640,22132800,958,17473,17473,0,0,0,0,0,0,0,0,0.066,0.085,0.000,0,0,0,17473,17473,0,0
travel,81.613,1959.7,1514.213,1514.213,fly,0.987,ok,2601,0,0,192.00,317427712,444698624,114090264,95883264,18123768,2904,11174640,22132800,958,17473,17473,0,0,0,0,0,0,0,0,0.141,0.105,0.000,0,0,0,17473,17473,0,0
travel,81.645,1960.5,1514.763,1514.763,fly,0.810,ok,2601,0,0,192.00,317427712,444698624,114090264,95883264,18123768,2904,11174640,22132800,958,17473,17473,0,0,0,0,0,0,0,0,0.062,0.067,0.000,0,0,0,17473,17473,0,0
travel,81.676,1961.2,1515.295,1515.295,fly,0.835,ok,2601,0,0,192.00,317427712,444698624,114090264,95883264,18123768,2904,7449760,22132800,958,17473,17473,0,0,0,0,0,0,0,0,0.061,0.068,0.000,0,0,0,17473,17473,0,0
travel,81.707,1962.0,1515.823,1515.823,fly,0.812,ok,2601,0,0,192.00,317427712,444698624,114090264,95883264,18123768,2904,7449760,22132800,958,17473,17473,0,0,0,0,0,0,0,0,0.064,0.068,0.000,0,0,0,17473,17473,0,0
travel,81.739,1962.7,1516.361,1516.361,fly,0.805,ok,2601,0,0,192.00,317427712,444698624,114090264,95883264,18123768,2904,7449760,22132800,958,17473,17473,0,0,0,0,0,0,0,0,0.060,0.063,0.000,0,0,0,17473,17473,0,0
travel,81.769,1963.5,1516.874,1516.874,fly,0.807,ok,2601,0,0,192.00,317427712,444698624,114090264,95883264,18123768,2904,7449760,22132800,958,17473,17473,0,0,0,0,0,0,0,0,0.060,0.064,0.000,0,0,0,17473,17473,0,0
travel,81.801,1964.2,1517.406,1517.406,fly,0.836,ok,2601,0,0,192.00,317427712,444698624,114090264,95883264,18123768,2904,7449760,22132800,958,17473,17473,0,0,0,0,0,0,0,0,0.061,0.064,0.000,0,0,0,17473,17473,0,0
travel,81.832,1965.0,1517.945,1517.945,fly,0.914,ok,2601,0,0,192.00,317427712,444698624,114090264,95883264,18123768,2904,7449760,22132800,958,17473,17473,0,0,0,0,0,0,0,0,0.062,0.071,0.000,0,0,0,17473,17473,0,0
travel,81.862,1965.7,1518.460,1518.460,fly,0.829,ok,2601,0,0,192.00,317427712,444698624,114090264,95883264,18123768,2904,7449760,22132800,958,17473,17473,0,0,0,0,0,0,0,0,0.061,0.074,0.000,0,0,0,17473,17473,0,0
travel,81.894,1966.5,1519.002,1519.002,fly,0.979,ok,2601,0,0,192.00,317427712,444698624,114090264,95883264,18123768,2904,7449760,22132800,958,17473,17473,0,0,0,0,0,0,0,0,0.132,0.069,0.000,0,0,0,17473,17473,0,0
travel,81.926,1967.2,1519.541,1519.541,fly,0.819,ok,2601,0,0,192.00,317427712,444698624,114090264,95883264,18123768,2904,7449760,22132800,958,17473,17473,0,0,0,0,0,0,0,0,0.059,0.067,0.000,0,0,0,17473,17473,0,0
travel,81.966,1968.2,1520.212,1520.212,fly,2.056,ok,2601,0,42,192.00,318345216,445747200,114090264,95883264,18123768,2904,11174640,19993488,958,17574,17574,9,0,64,9,9,0,0,524288,0.145,0.159,0.000,0,0,0,17574,17574,0,0
travel,81.998,1969.0,1520.769,1520.769,fly,1.782,ok,2601,0,0,192.00,318345216,445747200,114090264,95883264,18123768,2904,11174640,22132800,958,17574,17574,0,0,0,0,0,0,0,0,0.156,0.143,0.000,0,0,0,17574,17574,0,0
travel,82.035,1969.9,1521.394,1521.394,fly,0.878,ok,2601,0,0,192.00,318345216,445747200,114090264,95883264,18123768,2904,11174640,22132800,958,17574,17574,0,0,0,0,0,0,0,0,0.063,0.077,0.000,0,0,0,17574,17574,0,0
travel,82.067,1970.6,1521.935,1521.935,fly,0.924,ok,2601,0,0,192.00,318345216,445747200,114090264,95883264,18123768,2904,11174640,22132800,958,17574,17574,0,0,0,0,0,0,0,0,0.071,0.110,0.000,0,0,0,17574,17574,0,0
travel,82.097,1971.3,1522.448,1522.448,fly,0.911,ok,2601,0,0,192.00,318345216,445747200,114090264,95883264,18123768,2904,11174640,22132800,958,17574,17574,0,0,0,0,0,0,0,0,0.070,0.108,0.000,0,0,0,17574,17574,0,0
travel,82.135,1972.2,1523.090,1523.090,fly,1.390,ok,2601,0,0,192.00,318345216,445747200,114090264,95883264,18123768,2904,7449760,22132800,958,17574,17574,0,0,0,0,0,0,0,0,0.144,0.119,0.000,0,0,0,17574,17574,0,0
travel,82.175,1973.2,1523.764,1523.764,fly,1.228,ok,2601,0,0,192.00,318345216,445747200,114090264,95883264,18123768,2904,7449760,22132800,958,17574,17574,0,0,0,0,0,0,0,0,0.065,0.093,0.000,0,0,0,17574,17574,0,0
travel,82.207,1974.0,1524.308,1524.308,fly,0.825,ok,2601,0,0,192.00,318345216,445747200,114090264,95883264,18123768,2904,7449760,22132800,958,17574,17574,0,0,0,0,0,0,0,0,0.061,0.065,0.000,0,0,0,17574,17574,0,0
travel,82.239,1974.7,1524.852,1524.852,fly,0.895,ok,2601,0,0,192.00,318345216,445747200,114090264,95883264,18123768,2904,7449760,22132800,958,17574,17574,0,0,0,0,0,0,0,0,0.067,0.090,0.000,0,0,0,17574,17574,0,0
travel,82.269,1975.5,1525.371,1525.371,fly,0.943,ok,2601,0,0,192.00,318345216,445747200,114090264,95883264,18123768,2904,7449760,22132800,958,17574,17574,0,0,0,0,0,0,0,0,0.149,0.069,0.000,0,0,0,17574,17574,0,0
travel,82.301,1976.2,1525.907,1525.907,fly,0.831,ok,2601,0,0,192.00,318345216,445747200,114090264,95883264,18123768,2904,7449760,22132800,958,17574,17574,0,0,0,0,0,0,0,0,0.062,0.071,0.000,0,0,0,17574,17574,0,0
travel,82.331,1977.0,1526.420,1526.420,fly,0.882,ok,2601,0,0,192.00,318345216,445747200,114090264,95883264,18123768,2904,7449760,22132800,958,17574,17574,0,0,0,0,0,0,0,0,0.066,0.097,0.000,0,0,0,17574,17574,0,0
travel,82.362,1977.7,1526.954,1526.954,fly,0.892,ok,2601,0,0,192.00,318345216,445747200,114090264,95883264,18123768,2904,7449760,22132800,958,17574,17574,0,0,0,0,0,0,0,0,0.130,0.068,0.000,0,0,0,17574,17574,0,0
travel,82.394,1978.5,1527.484,1527.484,fly,0.811,ok,2601,0,0,192.00,318345216,445747200,114090264,95883264,18123768,2904,7449760,22132800,958,17574,17574,0,0,0,0,0,0,0,0,0.060,0.067,0.000,0,0,0,17574,17574,0,0
travel,82.424,1979.2,1527.997,1527.997,fly,0.930,ok,2601,0,0,192.00,318345216,445747200,114090264,95883264,18123768,2904,7449760,22132800,958,17574,17574,0,0,0,0,0,0,0,0,0.068,0.108,0.000,0,0,0,17574,17574,0,0
travel,82.469,1980.3,1528.759,1528.759,fly,0.809,ok,2601,0,0,192.00,319365120,446799872,114090264,95883264,18123768,2904,11174640,22132800,958,17675,17675,0,0,0,0,0,0,0,0,0.061,0.064,0.000,0,0,0,17675,17675,0,0
travel,82.500,1981.0,1529.299,1529.299,fly,0.899,ok,2601,0,0,192.00,319365120,446799872,114090264,95883264,18123768,2904,11174640,22132800,958,17675,17675,0,0,0,0,0,0,0,0,0.132,0.066,0.000,0,0,0,17675,17675,0,0
travel,82.533,1981.8,1529.847,1529.847,fly,0.981,ok,2601,0,0,192.00,319365120,446799872,114090264,95883264,18123768,2904,11174640,22132800,958,17675,17675,0,0,0,0,0,0,0,0,0.233,0.068,0.000,0,0,0,17675,17675,0,0
travel,82.563,1982.5,1530.370,1530.370,fly,0.964,ok,2601,0,0,192.00,319365120,446799872,114090264,95883264,18123768,2904,11174640,22132800,958,17675,17675,0,0,0,0,0,0,0,0,0.138,0.073,0.000,0,0,0,17675,17675,0,0
travel,82.595,1983.3,1530.901,1530.901,fly,0.810,ok,2601,0,0,192.00,319365120,446799872,114090264,95883264,18123768,2904,7449760,22132800,958,17675,17675,0,0,0,0,0,0,0,0,0.061,0.066,0.000,0,0,0,17675,17675,0,0
travel,82.626,1984.0,1531.429,1531.429,fly,0.906,ok,2601,0,0,192.00,319365120,446799872,114090264,95883264,18123768,2904,7449760,22132800,958,17675,17675,0,0,0,0,0,0,0,0,0.133,0.066,0.000,0,0,0,17675,17675,0,0
travel,82.656,1984.8,1531.952,1531.952,fly,0.828,ok,2601,0,0,192.00,319365120,446799872,114090264,95883264,18123768,2904,7449760,22132800,958,17675,17675,0,0,0,0,0,0,0,0,0.061,0.067,0.000,0,0,0,17675,17675,0,0
travel,82.689,1985.6,1532.510,1532.510,fly,0.958,ok,2601,0,0,192.00,319365120,446799872,114090264,95883264,18123768,2904,7449760,22132800,958,17675,17675,0,0,0,0,0,0,0,0,0.063,0.083,0.000,0,0,0,17675,17675,0,0
travel,82.722,1986.4,1533.066,1533.066,fly,1.113,ok,2601,0,0,192.00,319365120,446799872,114090264,95883264,18123768,2904,7449760,22132800,958,17675,17675,0,0,0,0,0,0,0,0,0.073,0.117,0.000,0,0,0,17675,17675,0,0
travel,82.754,1987.1,1533.603,1533.603,fly,1.147,ok,2601,0,0,192.00,319365120,446799872,114090264,95883264,18123768,2904,7449760,22132800,958,17675,17675,0,0,0,0,0,0,0,0,0.143,0.141,0.000,0,0,0,17675,17675,0,0
travel,82.785,1987.9,1534.140,1534.140,fly,0.801,ok,2601,0,0,192.00,319365120,446799872,114090264,95883264,18123768,2904,7449760,22132800,958,17675,17675,0,0,0,0,0,0,0,0,0.060,0.064,0.000,0,0,0,17675,17675,0,0
travel,82.818,1988.7,1534.691,1534.691,fly,0.836,ok,2601,0,0,192.00,319365120,446799872,114090264,95883264,18123768,2904,7449760,22132800,958,17675,17675,0,0,0,0,0,0,0,0,0.061,0.070,0.000,0,0,0,17675,17675,0,0
travel,82.853,1989.5,1535.297,1535.297,fly,1.275,ok,2601,0,0,192.00,319365120,446799872,114090264,95883264,18123768,2904,7449760,22132800,958,17675,17675,0,0,0,0,0,0,0,0,0.076,0.141,0.000,0,0,0,17675,17675,0,0
travel,82.887,1990.3,1535.869,1535.869,fly,1.203,ok,2601,0,0,192.00,319365120,446799872,114090264,95883264,18123768,2904,7449760,22132800,958,17675,17675,0,0,0,0,0,0,0,0,0.135,0.099,0.000,0,0,0,17675,17675,0,0
travel,82.938,1991.6,1536.740,1536.740,fly,1.008,ok,2601,0,0,192.00,320151552,446799872,114090264,95883264,18123768,2904,11174640,22132800,958,17776,17776,0,0,0,0,0,0,0,0,0.073,0.177,0.000,0,0,0,17776,17776,0,0
travel,82.969,1992.3,1537.265,1537.265,fly,1.104,ok,2601,0,0,192.00,320151552,446799872,114090264,95883264,18123768,2904,11174640,22132800,958,17776,17776,0,0,0,0,0,0,0,0,0.138,0.090,0.000,0,0,0,17776,17776,0,0
travel,83.002,1993.1,1537.815,1537.815,fly,1.036,ok,2601,0,0,192.00,320151552,446799872,114090264,95883264,18123768,2904,11174640,22132800,958,17776,17776,0,0,0,0,0,0,0,0,0.144,0.087,0.000,0,0,0,17776,17776,0,0
travel,83.033,1993.8,1538.354,1538.354,fly,0.817,ok,2601,0,0,192.00,320151552,446799872,114090264,95883264,18123768,2904,11174640,22132800,958,17776,17776,0,0,0,0,0,0,0,0,0.061,0.064,0.000,0,0,0,17776,17776,0,0
travel,83.065,1994.6,1538.887,1538.887,fly,0.999,ok,2601,0,0,192.00,320151552,446799872,114090264,95883264,18123768,2904,7449760,22132800,958,17776,17776,0,0,0,0,0,0,0,0,0.141,0.110,0.000,0,0,0,17776,17776,0,0
travel,83.095,1995.3,1539.402,1539.402,fly,0.849,ok,2601,0,0,192.00,320151552,446799872,114090264,95883264,18123768,2904,7449760,22132800,958,17776,17776,0,0,0,0,0,0,0,0,0.103,0.062,0.000,0,0,0,17776,17776,0,0
travel,83.126,1996.1,1539.937,1539.937,fly,0.828,ok,2601,0,0,192.00,320151552,446799872,114090264,95883264,18123768,2904,7449760,22132800,958,17776,17776,0,0,0,0,0,0,0,0,0.061,0.067,0.000,0,0,0,17776,17776,0,0
travel,83.158,1996.8,1540.469,1540.469,fly,1.149,ok,2601,0,0,192.00,320151552,446799872,114090264,95883264,18123768,2904,7449760,22132800,958,17776,17776,0,0,0,0,0,0,0,0,0.333,0.124,0.000,0,0,0,17776,17776,0,0
travel,83.189,1997.6,1541.008,1541.008,fly,0.956,ok,2601,0,0,192.00,320151552,446799872,114090264,95883264,18123768,2904,7449760,22132800,958,17776,17776,0,0,0,0,0,0,0,0,0.134,0.067,0.000,0,0,0,17776,17776,0,0
travel,83.220,1998.3,1541.523,1541.523,fly,0.833,ok,2601,0,0,192.00,320151552,446799872,114090264,95883264,18123768,2904,7449760,22132800,958,17776,17776,0,0,0,0,0,0,0,0,0.061,0.067,0.000,0,0,0,17776,17776,0,0
travel,83.252,1999.1,1542.074,1542.074,fly,0.832,ok,2601,0,0,192.00,320151552,446799872,114090264,95883264,18123768,2904,7449760,22132800,958,17776,17776,0,0,0,0,0,0,0,0,0.061,0.067,0.000,0,0,0,17776,17776,0,0
travel,83.285,1999.9,1542.632,1542.632,fly,0.854,ok,2601,0,0,192.00,320151552,446799872,114090264,95883264,18123768,2904,7449760,22132800,958,17776,17776,0,0,0,0,0,0,0,0,0.062,0.070,0.000,0,0,0,17776,17776,0,0
travel,83.317,2000.6,1543.172,1543.172,fly,0.917,ok,2601,0,0,192.00,320159744,446799872,114090264,95883264,18123768,2601,0,22132800,958,17776,17776,0,0,0,0,0,0,0,0,0.062,0.074,0.000,0,0,0,17776,17776,0,0
travel,83.347,2001.4,1543.685,1543.685,fly,0.980,ok,2601,0,0,192.00,320159744,446799872,114090264,95883264,18123768,2601,0,22132800,958,17776,17776,0,0,0,0,0,0,0,0,0.134,0.074,0.000,0,0,0,17776,17776,0,0
travel,83.392,2002.5,1544.457,1544.457,fly,0.865,ok,2601,0,0,192.00,320167936,446799872,114090264,95883264,18123768,2702,3724880,22132800,958,17877,17877,0,0,0,0,0,0,0,0,0.062,0.065,0.000,0,0,0,17877,17877,0,0
travel,83.424,2003.2,1544.985,1544.985,fly,0.844,ok,2601,0,0,192.00,320167936,446799872,114090264,95883264,18123768,2702,3724880,22132800,958,17877,17877,0,0,0,0,0,0,0,0,0.061,0.063,0.000,0,0,0,17877,17877,0,0
travel,83.456,2004.0,1545.536,1545.536,fly,0.877,ok,2601,0,0,192.00,320167936,446799872,114090264,95883264,18123768,2702,3724880,22132800,958,17877,17877,0,0,0,0,0,0,0,0,0.061,0.068,0.000,0,0,0,17877,17877,0,0
travel,83.487,2004.7,1546.065,1546.065,fly,1.829,ok,2601,0,0,192.00,320167936,446799872,114090264,95883264,18123768,2702,3724880,22132800,958,17877,17877,0,0,0,0,0,0,0,0,0.088,0.197,0.000,0,0,0,17877,17877,0,0
travel,83.521,2005.5,1546.636,1546.636,fly,1.335,ok,2601,0,0,192.00,320167936,446799872,114090264,95883264,18123768,2702,3724880,22132800,958,17877,17877,0,0,0,0,0,0,0,0,0.151,0.151,0.000,0,0,0,17877,17877,0,0
travel,83.552,2006.3,1547.170,1547.170,fly,0.859,ok,2601,0,0,192.00,320167936,446799872,114090264,95883264,18123768,2702,3724880,22132800,958,17877,17877,0,0,0,0,0,0,0,0,0.060,0.069,0.000,0,0,0,17877,17877,0,0
travel,83.584,2007.1,1547.715,1547.715,fly,0.979,ok,2601,0,0,192.00,320167936,446799872,114090264,95883264,18123768,2702,3724880,22132800,958,17877,17877,0,0,0,0,0,0,0,0,0.070,0.109,0.000,0,0,0,17877,17877,0,0
travel,83.616,2007.8,1548.254,1548.254,fly,0.968,ok,2601,0,0,192.00,320167936,446799872,114090264,95883264,18123768,2702,3724880,22132800,958,17877,17877,0,0,0,0,0,0,0,0,0.131,0.068,0.000,0,0,0,17877,17877,0,0
travel,83.647,2008.6,1548.792,1548.792,fly,1.066,ok,2601,0,0,192.00,320167936,446799872,114090264,95883264,18123768,2702,3724880,22132800,958,17877,17877,0,0,0,0,0,0,0,0,0.146,0.120,0.000,0,0,0,17877,17877,0,0
travel,83.678,2009.3,1549.316,1549.316,fly,0.846,ok,2601,0,0,192.00,320167936,446799872,114090264,95883264,18123768,2702,3724880,22132800,958,17877,17877,0,0,0,0,0,0,0,0,0.060,0.066,0.000,0,0,0,17877,17877,0,0
travel,83.709,2010.1,1549.841,1549.841,fly,0.844,ok,2601,0,0,192.00,320167936,446799872,114090264,95883264,18123768,2702,3724880,22132800,958,17877,17877,0,0,0,0,0,0,0,0,0.059,0.070,0.000,0,0,0,17877,17877,0,0
travel,83.742,2010.9,1550.391,1550.391,fly,0.921,ok,2601,0,0,192.00,320167936,446799872,114090264,95883264,18123768,2702,3724880,22132800,958,17877,17877,0,0,0,0,0,0,0,0,0.130,0.065,0.000,0,0,0,17877,17877,0,0
travel,83.773,2011.6,1550.922,1550.922,fly,1.038,ok,2601,0,0,192.00,320167936,446799872,114090264,95883264,18123768,2702,3724880,22132800,958,17877,17877,0,0,0,0,0,0,0,0,0.133,0.073,0.000,0,0,0,17877,17877,0,0
travel,83.805,2012.4,1551.461,1551.461,fly,0.881,ok,2601,0,0,192.00,320167936,446799872,114090264,95883264,18123768,2702,3724880,22132800,958,17877,17877,0,0,0,0,0,0,0,0,0.063,0.074,0.000,0,0,0,17877,17877,0,0
travel,83.837,2013.1,1552.005,1552.005,fly,4.802,ok,2537,64,90,192.00,320167936,446799872,111282968,93523968,17677816,2739,7449760,15505464,958,17914,17978,37,101,37,37,37,37,0,0,0.396,0.133,0.000,0,0,0,17914,17914,0,0
travel,83.880,2014.2,1552.751,1552.751,fly,0.992,ok,2601,0,0,192.00,320495616,447324160,114090264,95883264,18123768,2803,7449760,22132800,958,17978,17978,0,0,0,0,0,0,0,0,0.134,0.134,0.000,0,0,0,17978,17978,0,0
travel,83.913,2015.0,1553.297,1553.297,fly,0.853,ok,2601,0,0,192.00,320495616,447324160,114090264,95883264,18123768,2803,7449760,22132800,958,17978,17978,0,0,0,0,0,0,0,0,0.060,0.066,0.000,0,0,0,17978,17978,0,0
travel,83.943,2015.7,1553.822,1553.822,fly,0.845,ok,2601,0,0,192.00,320495616,447324160,114090264,95883264,18123768,2803,7449760,22132800,958,17978,17978,0,0,0,0,0,0,0,0,0.060,0.067,0.000,0,0,0,17978,17978,0,0
travel,83.976,2016.5,1554.373,1554.373,fly,0.857,ok,2601,0,0,192.00,320495616,447324160,114090264,95883264,18123768,2803,7449760,22132800,958,17978,17978,0,0,0,0,0,0,0,0,0.061,0.067,0.000,0,0,0,17978,17978,0,0
travel,84.008,2017.3,1554.919,1554.919,fly,0.877,ok,2601,0,0,192.00,320495616,447324160,114090264,95883264,18123768,2803,7449760,22132800,958,17978,17978,0,0,0,0,0,0,0,0,0.061,0.080,0.000,0,0,0,17978,17978,0,0
travel,84.040,2018.0,1555.455,1555.455,fly,1.010,ok,2601,0,0,192.00,320495616,447324160,114090264,95883264,18123768,2803,7449760,22132800,958,17978,17978,0,0,0,0,0,0,0,0,0.072,0.116,0.000,0,0,0,17978,17978,0,0
travel,84.070,2018.8,1555.979,1555.979,fly,0.828,ok,2601,0,0,192.00,320495616,447324160,114090264,95883264,18123768,2803,7449760,22132800,958,17978,17978,0,0,0,0,0,0,0,0,0.061,0.064,0.000,0,0,0,17978,17978,0,0
travel,84.103,2019.5,1556.532,1556.532,fly,0.847,ok,2601,0,0,192.00,320495616,447324160,114090264,95883264,18123768,2803,7449760,22132800,958,17978,17978,0,0,0,0,0,0,0,0,0.061,0.063,0.000,0,0,0,17978,17978,0,0
travel,84.136,2020.3,1557.086,1557.086,fly,0.844,ok,2601,0,0,192.00,320495616,447324160,114090264,95883264,18123768,2803,7449760,22132800,958,17978,17978,0,0,0,0,0,0,0,0,0.060,0.069,0.000,0,0,0,17978,17978,0,0
travel,84.167,2021.1,1557.625,1557.625,fly,0.929,ok,2601,0,0,192.00,320495616,447324160,114090264,95883264,18123768,2803,7449760,22132800,958,17978,17978,0,0,0,0,0,0,0,0,0.071,0.111,0.000,0,0,0,17978,17978,0,0
travel,84.198,2021.8,1558.151,1558.151,fly,0.862,ok,2601,0,0,192.00,320495616,447324160,114090264,95883264,18123768,2803,7449760,22132800,958,17978,17978,0,0,0,0,0,0,0,0,0.059,0.068,0.000,0,0,0,17978,17978,0,0
travel,84.231,2022.6,1558.702,1558.702,fly,0.855,ok,2601,0,0,192.00,320495616,447324160,114090264,95883264,18123768,2803,7449760,22132800,958,17978,17978,0,0,0,0,0,0,0,0,0.059,0.068,0.000,0,0,0,17978,17978,0,0
travel,84.262,2023.4,1559.234,1559.234,fly,1.227,ok,2601,0,0,192.00,320495616,447324160,114090264,95883264,18123768,2803,7449760,22132800,958,17978,17978,0,0,0,0,0,0,0,0,0.076,0.187,0.000,0,0,0,17978,17978,0,0
travel,84.294,2024.1,1559.776,1559.776,fly,0.925,ok,2601,0,0,192.00,320495616,447324160,114090264,95883264,18123768,2803,7449760,22132800,958,17978,17978,0,0,0,0,0,0,0,0,0.130,0.072,0.000,0,0,0,17978,17978,0,0
travel,84.339,2025.2,1560.543,1560.543,fly,0.800,ok,2601,0,0,192.00,321937408,448901120,114090264,95883264,18123768,2904,11174640,22132800,958,18079,18079,0,0,0,0,0,0,0,0,0.061,0.063,0.000,0,0,0,18079,18079,0,0
travel,84.370,2026.0,1561.068,1561.068,fly,1.072,ok,2601,0,0,192.00,321937408,448901120,114090264,95883264,18123768,2904,11174640,22132800,958,18079,18079,0,0,0,0,0,0,0,0,0.168,0.112,0.000,0,0,0,18079,18079,0,0
travel,84.402,2026.7,1561.606,1561.606,fly,0.986,ok,2601,0,0,192.00,321937408,448901120,114090264,95883264,18123768,2904,11174640,22132800,958,18079,18079,0,0,0,0,0,0,0,0,0.073,0.116,0.000,0,0,0,18079,18079,0,0
travel,84.432,2027.4,1562.123,1562.123,fly,0.816,ok,2601,0,0,192.00,321937408,448901120,114090264,95883264,18123768,2904,11174640,22132800,958,18079,18079,0,0,0,0,0,0,0,0,0.060,0.066,0.000,0,0,0,18079,18079,0,0
travel,84.464,2028.2,1562.673,1562.673,fly,0.843,ok,2601,0,0,192.00,321937408,448901120,114090264,95883264,18123768,2904,7449760,22132800,958,18079,18079,0,0,0,0,0,0,0,0,0.060,0.072,0.000,0,0,0,18079,18079,0,0
travel,84.495,2029.0,1563.187,1563.187,fly,0.849,ok,2601,0,0,192.00,321937408,448901120,114090264,95883264,18123768,2904,7449760,22132800,958,18079,18079,0,0,0,0,0,0,0,0,0.061,0.072,0.000,0,0,0,18079,18079,0,0
travel,84.526,2029.7,1563.729,1563.729,fly,0.818,ok,2601,0,0,192.00,321937408,448901120,114090264,95883264,18123768,2904,7449760,22132800,958,18079,18079,0,0,0,0,0,0,0,0,0.060,0.066,0.000,0,0,0,18079,18079,0,0
travel,84.559,2030.5,1564.276,1564.276,fly,0.881,ok,2601,0,0,192.00,321937408,448901120,114090264,95883264,18123768,2904,7449760,22132800,958,18079,18079,0,0,0,0,0,0,0,0,0.129,0.064,0.000,0,0,0,18079,18079,0,0
travel,84.589,2031.2,1564.791,1564.791,fly,1.001,ok,2601,0,0,192.00,321937408,448901120,114090264,95883264,18123768,2904,7449760,22132800,958,18079,18079,0,0,0,0,0,0,0,0,0.066,0.114,0.000,0,0,0,18079,18079,0,0
travel,84.621,2032.0,1565.333,1565.333,fly,0.948,ok,2601,0,0,192.00,321937408,448901120,114090264,95883264,18123768,2904,7449760,22132800,958,18079,18079,0,0,0,0,0,0,0,0,0.063,0.086,0.000,0,0,0,18079,18079,0,0
travel,84.653,2032.8,1565.872,1565.872,fly,0.886,ok,2601,0,0,192.00,321937408,448901120,114090264,95883264,18123768,2904,7449760,22132800,958,18079,18079,0,0,0,0,0,0,0,0,0.132,0.069,0.000,0,0,0,18079,18079,0,0
travel,84.685,2033.5,1566.424,1566.424,fly,0.881,ok,2601,0,0,192.00,321937408,448901120,114090264,95883264,18123768,2904,7449760,22132800,958,18079,18079,0,0,0,0,0,0,0,0,0.131,0.068,0.000,0,0,0,18079,18079,0,0
travel,84.715,2034.3,1566.942,1566.942,fly,0.817,ok,2601,0,0,192.00,321937408,448901120,114090264,95883264,18123768,2904,7449760,22132800,958,18079,18079,0,0,0,0,0,0,0,0,0.060,0.064,0.000,0,0,0,18079,18079,0,0
travel,84.748,2035.0,1567.491,1567.491,fly,0.816,ok,2601,0,0,192.00,321937408,448901120,114090264,95883264,18123768,2904,7449760,22132800,958,18079,18079,0,0,0,0,0,0,0,0,0.060,0.067,0.000,0,0,0,18079,18079,0,0
travel,84.779,2035.8,1568.014,1568.014,fly,5.888,ok,2525,76,77,192.00,322330624,449425408,110756600,93081600,17594200,2904,11174640,16810152,958,18104,18180,25,101,25,25,25,0,0,524288,0.393,0.210,0.000,0,0,0,18104,18104,0,0
travel,84.825,2036.9,1568.801,1568.801,fly,0.803,ok,2601,0,0,192.00,322985984,449949696,114090264,95883264,18123768,2904,11174640,22132800,958,18180,18180,0,0,0,0,0,0,0,0,0.060,0.067,0.000,0,0,0,18180,18180,0,0
travel,84.858,2037.7,1569.355,1569.355,fly,0.832,ok,2601,0,0,192.00,322985984,449949696,114090264,95883264,18123768,2904,11174640,22132800,958,18180,18180,0,0,0,0,0,0,0,0,0.061,0.069,0.000,0,0,0,18180,18180,0,0
travel,84.888,2038.4,1569.869,1569.869,fly,0.816,ok,2601,0,0,192.00,322985984,449949696,114090264,95883264,18123768,2904,11174640,22132800,958,18180,18180,0,0,0,0,0,0,0,0,0.060,0.064,0.000,0,0,0,18180,18180,0,0
travel,84.920,2039.2,1570.426,1570.426,fly,0.885,ok,2601,0,0,192.00,322985984,449949696,114090264,95883264,18123768,2904,11174640,22132800,958,18180,18180,0,0,0,0,0,0,0,0,0.132,0.061,0.000,0,0,0,18180,18180,0,0
travel,84.951,2039.9,1570.942,1570.942,fly,0.984,ok,2601,0,0,192.00,322985984,449949696,114090264,95883264,18123768,2904,7449760,22132800,958,18180,18180,0,0,0,0,0,0,0,0,0.139,0.085,0.000,0,0,0,18180,18180,0,0
travel,84.982,2040.7,1571.474,1571.474,fly,1.051,ok,2601,0,0,192.00,322985984,449949696,114090264,95883264,18123768,2904,7449760,22132800,958,18180,18180,0,0,0,0,0,0,0,0,0.072,0.159,0.000,0,0,0,18180,18180,0,0
travel,85.014,2041.4,1572.013,1572.013,fly,0.888,ok,2601,0,0,192.00,322985984,449949696,114090264,95883264,18123768,2904,7449760,22132800,958,18180,18180,0,0,0,0,0,0,0,0,0.060,0.065,0.000,0,0,0,18180,18180,0,0
travel,85.044,2042.2,1572.527,1572.527,fly,0.818,ok,2601,0,0,192.00,322985984,449949696,114090264,95883264,18123768,2904,7449760,22132800,958,18180,18180,0,0,0,0,0,0,0,0,0.060,0.072,0.000,0,0,0,18180,18180,0,0
travel,85.076,2042.9,1573.076,1573.076,fly,0.818,ok,2601,0,0,192.00,322985984,449949696,114090264,95883264,18123768,2904,7449760,22132800,958,18180,18180,0,0,0,0,0,0,0,0,0.061,0.070,0.000,0,0,0,18180,18180,0,0
travel,85.107,2043.7,1573.595,1573.595,fly,1.020,ok,2601,0,0,192.00,322985984,449949696,114090264,95883264,18123768,2904,7449760,22132800,958,18180,18180,0,0,0,0,0,0,0,0,0.137,0.076,0.000,0,0,0,18180,18180,0,0
travel,85.138,2044.4,1574.128,1574.128,fly,0.815,ok,2601,0,0,192.00,322985984,449949696,114090264,95883264,18123768,2904,7449760,22132800,958,18180,18180,0,0,0,0,0,0,0,0,0.060,0.065,0.000,0,0,0,18180,18180,0,0
travel,85.170,2045.2,1574.664,1574.664,fly,0.818,ok,2601,0,0,192.00,322985984,449949696,114090264,95883264,18123768,2904,7449760,22132800,958,18180,18180,0,0,0,0,0,0,0,0,0.060,0.070,0.000,0,0,0,18180,18180,0,0
travel,85.202,2046.0,1575.207,1575.207,fly,0.856,ok,2601,0,0,192.00,322985984,449949696,114090264,95883264,18123768,2904,7449760,22132800,958,18180,18180,0,0,0,0,0,0,0,0,0.061,0.075,0.000,0,0,0,18180,18180,0,0
travel,85.232,2046.7,1575.724,1575.724,fly,0.815,ok,2601,0,0,192.00,322985984,449949696,114090264,95883264,18123768,2904,7449760,22132800,958,18180,18180,0,0,0,0,0,0,0,0,0.061,0.067,0.000,0,0,0,18180,18180,0,0
travel,85.277,2047.8,1576.480,1576.480,fly,0.845,ok,2601,0,0,192.00,323362816,450478080,114090264,95883264,18123768,2904,11174640,22132800,958,18281,18281,0,0,0,0,0,0,0,0,0.061,0.076,0.000,0,0,0,18281,18281,0,0
travel,85.308,2048.5,1577.012,1577.012,fly,0.889,ok,2601,0,0,192.00,323362816,450478080,114090264,95883264,18123768,2904,11174640,22132800,958,18281,18281,0,0,0,0,0,0,0,0,0.060,0.068,0.000,0,0,0,18281,18281,0,0
travel,85.338,2049.2,1577.523,1577.523,fly,0.820,ok,2601,0,0,192.00,323362816,450478080,114090264,95883264,18123768,2904,11174640,22132800,958,18281,18281,0,0,0,0,0,0,0,0,0.060,0.064,0.000,0,0,0,18281,18281,0,0
travel,85.370,2050.0,1578.053,1578.053,fly,0.806,ok,2601,0,0,192.00,323362816,450478080,114090264,95883264,18123768,2904,11174640,22132800,958,18281,18281,0,0,0,0,0,0,0,0,0.061,0.066,0.000,0,0,0,18281,18281,0,0
travel,85.402,2050.7,1578.598,1578.598,fly,0.826,ok,2601,0,0,192.00,323362816,450478080,114090264,95883264,18123768,2904,11174640,22132800,958,18281,18281,0,0,0,0,0,0,0,0,0.059,0.068,0.000,0,0,0,18281,18281,0,0
travel,85.432,2051.5,1579.109,1579.109,fly,0.889,ok,2601,0,0,192.00,323362816,450478080,114090264,95883264,18123768,2904,7449760,22132800,958,18281,18281,0,0,0,0,0,0,0,0,0.139,0.066,0.000,0,0,0,18281,18281,0,0
travel,85.464,2052.2,1579.648,1579.648,fly,0.844,ok,2601,0,0,192.00,323362816,450478080,114090264,95883264,18123768,2904,7449760,22132800,958,18281,18281,0,0,0,0,0,0,0,0,0.063,0.071,0.000,0,0,0,18281,18281,0,0
travel,85.496,2053.0,1580.188,1580.188,fly,0.819,ok,2601,0,0,192.00,323362816,450478080,114090264,95883264,18123768,2904,7449760,22132800,958,18281,18281,0,0,0,0,0,0,0,0,0.060,0.071,0.000,0,0,0,18281,18281,0,0
travel,85.527,2053.8,1580.722,1580.722,fly,0.815,ok,2601,0,0,192.00,323362816,450478080,114090264,95883264,18123768,2904,7449760,22132800,958,18281,18281,0,0,0,0,0,0,0,0,0.060,0.066,0.000,0,0,0,18281,18281,0,0
travel,85.558,2054.5,1581.237,1581.237,fly,0.899,ok,2601,0,0,192.00,323362816,450478080,114090264,95883264,18123768,2904,7449760,22132800,958,18281,18281,0,0,0,0,0,0,0,0,0.104,0.104,0.000,0,0,0,18281,18281,0,0
travel,85.589,2055.2,1581.772,1581.772,fly,0.812,ok,2601,0,0,192.00,323362816,450478080,114090264,95883264,18123768,2904,7449760,22132800,958,18281,18281,0,0,0,0,0,0,0,0,0.060,0.064,0.000,0,0,0,18281,18281,0,0
travel,85.621,2056.0,1582.311,1582.311,fly,0.852,ok,2601,0,0,192.00,323362816,450478080,114090264,95883264,18123768,2904,7449760,22132800,958,18281,18281,0,0,0,0,0,0,0,0,0.061,0.070,0.000,0,0,0,18281,18281,0,0
travel,85.651,2056.7,1582.825,1582.825,fly,0.799,ok,2601,0,0,192.00,323362816,450478080,114090264,95883264,18123768,2904,7449760,22132800,958,18281,18281,0,0,0,0,0,0,0,0,0.060,0.063,0.000,0,0,0,18281,18281,0,0
travel,85.683,2057.5,1583.365,1583.365,fly,0.839,ok,2601,0,0,192.00,323362816,450478080,114090264,95883264,18123768,2904,7449760,22132800,958,18281,18281,0,0,0,0,0,0,0,0,0.061,0.075,0.000,0,0,0,18281,18281,0,0
travel,85.715,2058.2,1583.897,1583.897,fly,0.939,ok,2601,0,0,192.00,323362816,450478080,114090264,95883264,18123768,2904,7449760,22132800,958,18281,18281,0,0,0,0,0,0,0,0,0.063,0.082,0.000,0,0,0,18281,18281,0,0
travel,85.759,2059.3,1584.646,1584.646,fly,0.913,ok,2601,0,0,192.00,324362240,451002368,114090264,95883264,18123768,2904,11174640,22132800,958,18382,18382,0,0,0,0,0,0,0,0,0.170,0.067,0.000,0,0,0,18382,18382,0,0
travel,85.791,2060.1,1585.189,1585.189,fly,0.820,ok,2601,0,0,192.00,324362240,451002368,114090264,95883264,18123768,2904,11174640,22132800,958,18382,18382,0,0,0,0,0,0,0,0,0.060,0.064,0.000,0,0,0,18382,18382,0,0
travel,85.823,2060.8,1585.724,1585.724,fly,0.904,ok,2601,0,0,192.00,324362240,451002368,114090264,95883264,18123768,2904,11174640,22132800,958,18382,18382,0,0,0,0,0,0,0,0,0.130,0.066,0.000,0,0,0,18382,18382,0,0
travel,85.853,2061.6,1586.240,1586.240,fly,0.819,ok,2601,0,0,192.00,324362240,451002368,114090264,95883264,18123768,2904,11174640,22132800,958,18382,18382,0,0,0,0,0,0,0,0,0.060,0.064,0.000,0,0,0,18382,18382,0,0
travel,85.885,2062.3,1586.786,1586.786,fly,0.822,ok,2601,0,0,192.00,324362240,451002368,114090264,95883264,18123768,2904,11174640,22132800,958,18382,18382,0,0,0,0,0,0,0,0,0.061,0.068,0.000,0,0,0,18382,18382,0,0
travel,85.916,2063.0,1587.296,1587.296,fly,0.843,ok,2601,0,0,192.00,324427776,451002368,114090264,95883264,18123768,2904,7449760,22132800,958,18382,18382,0,0,0,0,0,0,0,0,0.061,0.069,0.000,0,0,0,18382,18382,0,0
travel,85.947,2063.8,1587.837,1587.837,fly,0.832,ok,2601,0,0,192.00,324427776,451002368,114090264,95883264,18123768,2904,7449760,22132800,958,18382,18382,0,0,0,0,0,0,0,0,0.062,0.069,0.000,0,0,0,18382,18382,0,0
travel,85.980,2064.6,1588.387,1588.387,fly,0.821,ok,2601,0,0,192.00,324427776,451002368,114090264,95883264,18123768,2904,7449760,22132800,958,18382,18382,0,0,0,0,0,0,0,0,0.061,0.072,0.000,0,0,0,18382,18382,0,0
travel,86.011,2065.3,1588.905,1588.905,fly,0.815,ok,2601,0,0,192.00,324427776,451002368,114090264,95883264,18123768,2904,7449760,22132800,958,18382,18382,0,0,0,0,0,0,0,0,0.061,0.064,0.000,0,0,0,18382,18382,0,0
travel,86.044,2066.1,1589.465,1589.465,fly,0.898,ok,2601,0,0,192.00,324427776,451002368,114090264,95883264,18123768,2904,7449760,22132800,958,18382,18382,0,0,0,0,0,0,0,0,0.131,0.069,0.000,0,0,0,18382,18382,0,0
travel,86.075,2066.9,1589.993,1589.993,fly,0.933,ok,2601,0,0,192.00,324427776,451002368,114090264,95883264,18123768,2904,7449760,22132800,958,18382,18382,0,0,0,0,0,0,0,0,0.134,0.075,0.000,0,0,0,18382,18382,0,0
travel,86.106,2067.6,1590.529,1590.529,fly,0.806,ok,2601,0,0,192.00,324427776,451002368,114090264,95883264,18123768,2904,7449760,22132800,958,18382,18382,0,0,0,0,0,0,0,0,0.059,0.063,0.000,0,0,0,18382,18382,0,0
travel,86.138,2068.4,1591.068,1591.068,fly,1.003,ok,2601,0,0,192.00,324427776,451002368,114090264,95883264,18123768,2904,7449760,22132800,958,18382,18382,0,0,0,0,0,0,0,0,0.231,0.071,0.000,0,0,0,18382,18382,0,0
travel,86.170,2069.1,1591.601,1591.601,fly,0.909,ok,2601,0,0,192.00,324427776,451002368,114090264,95883264,18123768,2904,7449760,22132800,958,18382,18382,0,0,0,0,0,0,0,0,0.141,0.072,0.000,0,0,0,18382,18382,0,0
travel,86.213,2070.2,1592.329,1592.329,fly,1.100,ok,2601,0,0,192.00,324427776,451002368,114090264,95883264,18123768,2904,11174640,22132800,958,18483,18483,0,0,24,0,0,0,0,0,0.074,0.170,0.000,0,0,0,18483,18483,0,0
travel,86.244,2070.9,1592.867,1592.867,fly,0.900,ok,2601,0,0,192.00,324427776,451002368,114090264,95883264,18123768,2904,11174640,22132800,958,18483,18483,0,0,0,0,0,0,0,0,0.069,0.117,0.000,0,0,0,18483,18483,0,0
travel,86.277,2071.7,1593.421,1593.421,fly,0.891,ok,2601,0,0,192.00,324427776,451002368,114090264,95883264,18123768,2904,11174640,22132800,958,18483,18483,0,0,0,0,0,0,0,0,0.133,0.067,0.000,0,0,0,18483,18483,0,0
travel,86.309,2072.5,1593.958,1593.958,fly,0.814,ok,2601,0,0,192.00,324427776,451002368,114090264,95883264,18123768,2904,11174640,22132800,958,18483,18483,0,0,0,0,0,0,0,0,0.060,0.070,0.000,0,0,0,18483,18483,0,0
travel,86.340,2073.2,1594.485,1594.485,fly,1.657,ok,2601,0,0,192.00,324427776,451002368,114090264,95883264,18123768,2904,11174640,22132800,958,18483,18483,0,0,0,0,0,0,0,0,0.088,0.134,0.000,0,0,0,18483,18483,0,0
travel,86.372,2074.0,1595.029,1595.029,fly,0.815,ok,2601,0,0,192.00,324427776,451002368,114090264,95883264,18123768,2904,7449760,22132800,958,18483,18483,0,0,0,0,0,0,0,0,0.061,0.065,0.000,0,0,0,18483,18483,0,0
travel,86.404,2074.8,1595.570,1595.570,fly,1.079,ok,2601,0,0,192.00,324427776,451002368,114090264,95883264,18123768,2904,7449760,22132800,958,18483,18483,0,0,0,0,0,0,0,0,0.164,0.212,0.000,0,0,0,18483,18483,0,0
travel,86.437,2075.5,1596.121,1596.121,fly,0.817,ok,2601,0,0,192.00,324427776,451002368,114090264,95883264,18123768,2904,7449760,22132800,958,18483,18483,0,0,0,0,0,0,0,0,0.061,0.065,0.000,0,0,0,18483,18483,0,0
travel,86.467,2076.3,1596.632,1596.632,fly,0.914,ok,2601,0,0,192.00,324427776,451002368,114090264,95883264,18123768,2904,7449760,22132800,958,18483,18483,0,0,0,0,0,0,0,0,0.061,0.178,0.000,0,0,0,18483,18483,0,0
travel,86.498,2077.0,1597.153,1597.153,fly,0.795,ok,2601,0,0,192.00,324427776,451002368,114090264,95883264,18123768,2904,7449760,22132800,958,18483,18483,0,0,0,0,0,0,0,0,0.060,0.062,0.000,0,0,0,18483,18483,0,0
travel,86.529,2077.7,1597.680,1597.680,fly,0.810,ok,2601,0,0,192.00,324427776,451002368,114090264,95883264,18123768,2904,7449760,22132800,958,18483,18483,0,0,0,0,0,0,0,0,0.060,0.069,0.000,0,0,0,18483,18483,0,0
travel,86.559,2078.5,1598.190,1598.190,fly,0.836,ok,2601,0,0,192.00,324427776,451002368,114090264,95883264,18123768,2904,7449760,22132800,958,18483,18483,0,0,0,0,0,0,0,0,0.102,0.063,0.000,0,0,0,18483,18483,0,0
travel,86.591,2079.2,1598.739,1598.739,fly,0.816,ok,2601,0,0,192.00,324427776,451002368,114090264,95883264,18123768,2904,7449760,22132800,958,18483,18483,0,0,0,0,0,0,0,0,0.060,0.068,0.000,0,0,0,18483,18483,0,0
travel,86.623,2080.0,1599.275,1599.275,fly,0.827,ok,2601,0,0,192.00,324427776,451002368,114090264,95883264,18123768,2904,7449760,22132800,958,18483,18483,0,0,0,0,0,0,0,0,0.060,0.070,0.000,0,0,0,18483,18483,0,0
travel,86.654,2080.7,1599.795,1599.795,fly,1.072,ok,2601,0,0,192.00,324427776,451002368,114090264,95883264,18123768,2904,7449760,22132800,958,18483,18483,0,0,0,0,0,0,0,0,0.071,0.182,0.000,0,0,0,18483,18483,0,0
travel,86.697,2081.8,1600.535,1600.535,fly,0.829,ok,2601,0,0,192.00,324689920,451526656,114090264,95883264,18123768,2904,11174640,22132800,958,18584,18584,0,0,0,0,0,0,0,0,0.060,0.067,0.000,0,0,0,18584,18584,0,0
travel,86.729,2082.5,1601.073,1601.073,fly,0.896,ok,2601,0,0,192.00,324689920,451526656,114090264,95883264,18123768,2904,11174640,22132800,958,18584,18584,0,0,0,0,0,0,0,0,0.132,0.070,0.000,0,0,0,18584,18584,0,0
travel,86.761,2083.3,1601.607,1601.607,fly,0.974,ok,2601,0,0,192.00,324689920,451526656,114090264,95883264,18123768,2904,11174640,22132800,958,18584,18584,0,0,0,0,0,0,0,0,0.140,0.108,0.000,0,0,0,18584,18584,0,0
travel,86.791,2084.0,1602.122,1602.122,fly,1.046,ok,2601,0,0,192.00,324689920,451526656,114090264,95883264,18123768,2904,11174640,22132800,958,18584,18584,0,0,0,0,0,0,0,0,0.073,0.180,0.000,0,0,0,18584,18584,0,0
travel,86.823,2084.8,1602.666,1602.666,fly,0.942,ok,2601,0,0,192.00,324689920,451526656,114090264,95883264,18123768,2904,11174640,22132800,958,18584,18584,0,0,0,0,0,0,0,0,0.132,0.071,0.000,0,0,0,18584,18584,0,0
travel,86.855,2085.6,1603.210,1603.210,fly,0.917,ok,2601,0,0,192.00,324689920,451526656,114090264,95883264,18123768,2904,7449760,22132800,958,18584,18584,0,0,0,0,0,0,0,0,0.133,0.071,0.000,0,0,0,18584,18584,0,0
travel,86.888,2086.3,1603.759,1603.759,fly,0.806,ok,2601,0,0,192.00,324689920,451526656,114090264,95883264,18123768,2904,7449760,22132800,958,18584,18584,0,0,0,0,0,0,0,0,0.060,0.068,0.000,0,0,0,18584,18584,0,0
travel,86.919,2087.1,1604.280,1604.280,fly,1.878,ok,2601,0,0,192.00,324689920,451526656,114090264,95883264,18123768,2904,7449760,22132800,958,18584,18584,0,0,0,0,0,0,0,0,0.167,0.195,0.000,0,0,0,18584,18584,0,0
travel,86.950,2087.8,1604.813,1604.813,fly,0.929,ok,2601,0,0,192.00,324689920,451526656,114090264,95883264,18123768,2904,7449760,22132800,958,18584,18584,0,0,0,0,0,0,0,0,0.130,0.072,0.000,0,0,0,18584,18584,0,0
travel,86.980,2088.5,1605.328,1605.328,fly,0.800,ok,2601,0,0,192.00,324689920,451526656,114090264,95883264,18123768,2904,7449760,22132800,958,18584,18584,0,0,0,0,0,0,0,0,0.059,0.065,0.000,0,0,0,18584,18584,0,0
travel,87.012,2089.3,1605.870,1605.870,fly,0.807,ok,2601,0,0,192.00,324689920,451526656,114090264,95883264,18123768,2904,7449760,22132800,958,18584,18584,0,0,0,0,0,0,0,0,0.059,0.067,0.000,0,0,0,18584,18584,0,0
travel,87.043,2090.0,1606.381,1606.381,fly,0.802,ok,2601,0,0,192.00,324689920,451526656,114090264,95883264,18123768,2904,7449760,22132800,958,18584,18584,0,0,0,0,0,0,0,0,0.059,0.062,0.000,0,0,0,18584,18584,0,0
travel,87.075,2090.8,1606.920,1606.920,fly,0.899,ok,2601,0,0,192.00,324689920,451526656,114090264,95883264,18123768,2904,7449760,22132800,958,18584,18584,0,0,0,0,0,0,0,0,0.066,0.089,0.000,0,0,0,18584,18584,0,0
travel,87.107,2091.6,1607.464,1607.464,fly,0.943,ok,2601,0,0,192.00,324689920,451526656,114090264,95883264,18123768,2904,7449760,22132800,958,18584,18584,0,0,0,0,0,0,0,0,0.131,0.075,0.000,0,0,0,18584,18584,0,0
travel,87.137,2092.3,1607.979,1607.979,fly,0.874,ok,2601,0,0,192.00,324689920,451526656,114090264,95883264,18123768,2904,7449760,22132800,958,18584,18584,0,0,0,0,0,0,0,0,0.133,0.066,0.000,0,0,0,18584,18584,0,0
travel,87.181,2093.3,1608.720,1608.720,fly,1.255,ok,2601,0,0,192.00,324952064,451526656,114090264,95883264,18123768,2904,11174640,22132800,958,18685,18685,0,0,0,0,0,0,0,0,0.503,0.070,0.000,0,0,0,18685,18685,0,0
travel,87.212,2094.1,1609.249,1609.249,fly,0.904,ok,2601,0,0,192.00,324952064,451526656,114090264,95883264,18123768,2904,11174640,22132800,958,18685,18685,0,0,0,0,0,0,0,0,0.145,0.068,0.000,0,0,0,18685,18685,0,0
travel,87.243,2094.8,1609.779,1609.779,fly,0.900,ok,2601,0,0,192.00,324952064,451526656,114090264,95883264,18123768,2904,11174640,22132800,958,18685,18685,0,0,0,0,0,0,0,0,0.062,0.073,0.000,0,0,0,18685,18685,0,0
travel,87.274,2095.6,1610.291,1610.291,fly,0.830,ok,2601,0,0,192.00,324952064,451526656,114090264,95883264,18123768,2904,11174640,22132800,958,18685,18685,0,0,0,0,0,0,0,0,0.061,0.065,0.000,0,0,0,18685,18685,0,0
travel,87.306,2096.3,1610.837,1610.837,fly,0.907,ok,2601,0,0,192.00,324952064,451526656,114090264,95883264,18123768,2904,11174640,22132800,958,18685,18685,0,0,0,0,0,0,0,0,0.139,0.065,0.000,0,0,0,18685,18685,0,0
travel,87.337,2097.1,1611.366,1611.366,fly,0.815,ok,2601,0,0,192.00,324952064,451526656,114090264,95883264,18123768,2904,7449760,22132800,958,18685,18685,0,0,0,0,0,0,0,0,0.060,0.067,0.000,0,0,0,18685,18685,0,0
travel,87.369,2097.8,1611.902,1611.902,fly,0.899,ok,2601,0,0,192.00,324952064,451526656,114090264,95883264,18123768,2904,7449760,22132800,958,18685,18685,0,0,0,0,0,0,0,0,0.138,0.064,0.000,0,0,0,18685,18685,0,0
travel,87.399,2098.6,1612.417,1612.417,fly,0.931,ok,2601,0,0,192.00,324952064,451526656,114090264,95883264,18123768,2904,7449760,22132800,958,18685,18685,0,0,0,0,0,0,0,0,0.132,0.081,0.000,0,0,0,18685,18685,0,0
travel,87.431,2099.3,1612.959,1612.959,fly,0.820,ok,2601,0,0,192.00,324952064,451526656,114090264,95883264,18123768,2904,7449760,22132800,958,18685,18685,0,0,0,0,0,0,0,0,0.060,0.064,0.000,0,0,0,18685,18685,0,0
travel,87.461,2100.1,1613.469,1613.469,fly,1.771,ok,2601,0,0,192.00,324952064,451526656,114090264,95883264,18123768,2904,7449760,22132800,958,18685,18685,0,0,0,0,0,0,0,0,0.836,0.121,0.000,0,0,0,18685,18685,0,0
travel,87.494,2100.8,1614.020,1614.020,fly,0.818,ok,2601,0,0,192.00,324952064,451526656,114090264,95883264,18123768,2904,7449760,22132800,958,18685,18685,0,0,0,0,0,0,0,0,0.061,0.067,0.000,0,0,0,18685,18685,0,0
travel,87.526,2101.6,1614.569,1614.569,fly,0.837,ok,2601,0,0,192.00,324952064,451526656,114090264,95883264,18123768,2904,7449760,22132800,958,18685,18685,0,0,0,0,0,0,0,0,0.060,0.087,0.000,0,0,0,18685,18685,0,0
travel,87.558,2102.4,1615.107,1615.107,fly,0.925,ok,2601,0,0,192.00,324952064,451526656,114090264,95883264,18123768,2904,7449760,22132800,958,18685,18685,0,0,0,0,0,0,0,0,0.072,0.119,0.000,0,0,0,18685,18685,0,0
travel,87.589,2103.1,1615.628,1615.628,fly,1.108,ok,2601,0,0,192.00,324952064,451526656,114090264,95883264,18123768,2904,7449760,22132800,958,18685,18685,0,0,0,0,0,0,0,0,0.144,0.118,0.000,0,0,0,18685,18685,0,0
travel,87.632,2104.2,1616.361,1616.361,fly,0.818,ok,2601,0,0,192.00,325279744,452050944,114090264,95883264,18123768,2904,11174640,22132800,958,18786,18786,0,0,0,0,0,0,0,0,0.061,0.065,0.000,0,0,0,18786,18786,0,0
travel,87.664,2104.9,1616.897,1616.897,fly,0.841,ok,2601,0,0,192.00,325279744,452050944,114090264,95883264,18123768,2904,11174640,22132800,958,18786,18786,0,0,0,0,0,0,0,0,0.061,0.072,0.000,0,0,0,18786,18786,0,0
travel,87.696,2105.7,1617.434,1617.434,fly,0.890,ok,2601,0,0,192.00,325279744,452050944,114090264,95883264,18123768,2904,11174640,22132800,958,18786,18786,0,0,0,0,0,0,0,0,0.131,0.063,0.000,0,0,0,18786,18786,0,0
travel,87.728,2106.4,1617.980,1617.980,fly,0.808,ok,2601,0,0,192.00,325279744,452050944,114090264,95883264,18123768,2904,11174640,22132800,958,18786,18786,0,0,0,0,0,0,0,0,0.061,0.065,0.000,0,0,0,18786,18786,0,0
travel,87.759,2107.2,1618.501,1618.501,fly,0.920,ok,2601,0,0,192.00,325279744,452050944,114090264,95883264,18123768,2904,11174640,22132800,958,18786,18786,0,0,0,0,0,0,0,0,0.158,0.062,0.000,0,0,0,18786,18786,0,0
travel,87.790,2107.9,1619.031,1619.031,fly,0.894,ok,2601,0,0,192.00,325279744,452050944,114090264,95883264,18123768,2904,7449760,22132800,958,18786,18786,0,0,0,0,0,0,0,0,0.131,0.063,0.000,0,0,0,18786,18786,0,0
travel,87.821,2108.7,1619.566,1619.566,fly,0.865,ok,2601,0,0,192.00,325279744,452050944,114090264,95883264,18123768,2904,7449760,22132800,958,18786,18786,0,0,0,0,0,0,0,0,0.062,0.075,0.000,0,0,0,18786,18786,0,0
travel,87.852,2109.4,1620.083,1620.083,fly,0.930,ok,2601,0,0,192.00,325279744,452050944,114090264,95883264,18123768,2904,7449760,22132800,958,18786,18786,0,0,0,0,0,0,0,0,0.062,0.074,0.000,0,0,0,18786,18786,0,0
travel,87.883,2110.2,1620.611,1620.611,fly,1.003,ok,2601,0,0,192.00,325279744,452050944,114090264,95883264,18123768,2904,7449760,22132800,958,18786,18786,0,0,0,0,0,0,0,0,0.073,0.117,0.000,0,0,0,18786,18786,0,0
travel,87.915,2110.9,1621.146,1621.146,fly,0.801,ok,2601,0,0,192.00,325279744,452050944,114090264,95883264,18123768,2904,7449760,22132800,958,18786,18786,0,0,0,0,0,0,0,0,0.060,0.064,0.000,0,0,0,18786,18786,0,0
travel,87.945,2111.7,1621.663,1621.663,fly,0.799,ok,2601,0,0,192.00,325279744,452050944,114090264,95883264,18123768,2904,7449760,22132800,958,18786,18786,0,0,0,0,0,0,0,0,0.060,0.065,0.000,0,0,0,18786,18786,0,0
travel,87.977,2112.4,1622.206,1622.206,fly,1.047,ok,2601,0,0,192.00,325279744,452050944,114090264,95883264,18123768,2904,7449760,22132800,958,18786,18786,0,0,0,0,0,0,0,0,0.145,0.116,0.000,0,0,0,18786,18786,0,0
travel,88.009,2113.2,1622.744,1622.744,fly,0.815,ok,2601,0,0,192.00,325279744,452050944,114090264,95883264,18123768,2904,7449760,22132800,958,18786,18786,0,0,0,0,0,0,0,0,0.060,0.065,0.000,0,0,0,18786,18786,0,0
travel,88.040,2113.9,1623.260,1623.260,fly,0.799,ok,2601,0,0,192.00,325279744,452050944,114090264,95883264,18123768,2904,7449760,22132800,958,18786,18786,0,0,0,0,0,0,0,0,0.060,0.064,0.000,0,0,0,18786,18786,0,0
travel,88.071,2114.7,1623.792,1623.792,fly,0.913,ok,2601,0,0,192.00,325279744,452050944,114090264,95883264,18123768,2904,7449760,22132800,958,18786,18786,0,0,0,0,0,0,0,0,0.063,0.085,0.000,0,0,0,18786,18786,0,0
travel,88.115,2115.7,1624.540,1624.540,fly,0.798,ok,2601,0,0,192.00,325476352,452050944,114090264,95883264,18123768,2904,11174640,22132800,958,18887,18887,0,0,0,0,0,0,0,0,0.060,0.062,0.000,0,0,0,18887,18887,0,0
travel,88.147,2116.5,1625.083,1625.083,fly,0.841,ok,2601,0,0,192.00,325476352,452050944,114090264,95883264,18123768,2904,11174640,22132800,958,18887,18887,0,0,0,0,0,0,0,0,0.061,0.073,0.000,0,0,0,18887,18887,0,0
travel,88.178,2117.2,1625.599,1625.599,fly,0.886,ok,2601,0,0,192.00,325476352,452050944,114090264,95883264,18123768,2904,11174640,22132800,958,18887,18887,0,0,0,0,0,0,0,0,0.132,0.069,0.000,0,0,0,18887,18887,0,0
travel,88.209,2118.0,1626.136,1626.136,fly,0.817,ok,2601,0,0,192.00,325476352,452050944,114090264,95883264,18123768,2904,11174640,22132800,958,18887,18887,0,0,0,0,0,0,0,0,0.062,0.076,0.000,0,0,0,18887,18887,0,0
travel,88.241,2118.7,1626.663,1626.663,fly,0.950,ok,2601,0,0,192.00,325476352,452050944,114090264,95883264,18123768,2904,11174640,22132800,958,18887,18887,0,0,0,0,0,0,0,0,0.075,0.111,0.000,0,0,0,18887,18887,0,0
travel,88.272,2119.5,1627.195,1627.195,fly,0.910,ok,2601,0,0,192.00,325476352,452050944,114090264,95883264,18123768,2904,7449760,22132800,958,18887,18887,0,0,0,0,0,0,0,0,0.061,0.145,0.000,0,0,0,18887,18887,0,0
travel,88.304,2120.2,1627.731,1627.731,fly,0.816,ok,2601,0,0,192.00,325476352,452050944,114090264,95883264,18123768,2904,7449760,22132800,958,18887,18887,0,0,0,0,0,0,0,0,0.060,0.066,0.000,0,0,0,18887,18887,0,0
travel,88.334,2121.0,1628.244,1628.244,fly,0.807,ok,2601,0,0,192.00,325476352,452050944,114090264,95883264,18123768,2904,7449760,22132800,958,18887,18887,0,0,0,0,0,0,0,0,0.061,0.064,0.000,0,0,0,18887,18887,0,0
travel,88.366,2121.7,1628.786,1628.786,fly,0.922,ok,2601,0,0,192.00,325476352,452050944,114090264,95883264,18123768,2904,7449760,22132800,958,18887,18887,0,0,0,0,0,0,0,0,0.063,0.146,0.000,0,0,0,18887,18887,0,0
travel,88.396,2122.4,1629.297,1629.297,fly,0.800,ok,2601,0,0,192.00,325476352,452050944,114090264,95883264,18123768,2904,7449760,22132800,958,18887,18887,0,0,0,0,0,0,0,0,0.060,0.066,0.000,0,0,0,18887,18887,0,0
travel,88.428,2123.2,1629.828,1629.828,fly,0.812,ok,2601,0,0,192.00,325476352,452050944,114090264,95883264,18123768,2904,7449760,22132800,958,18887,18887,0,0,0,0,0,0,0,0,0.063,0.071,0.000,0,0,0,18887,18887,0,0
travel,88.459,2124.0,1630.366,1630.366,fly,0.904,ok,2601,0,0,192.00,325476352,452050944,114090264,95883264,18123768,2904,7449760,22132800,958,18887,18887,0,0,0,0,0,0,0,0,0.069,0.113,0.000,0,0,0,18887,18887,0,0
travel,88.491,2124.7,1630.896,1630.896,fly,0.946,ok,2601,0,0,192.00,325476352,452050944,114090264,95883264,18123768,2904,7449760,22132800,958,18887,18887,0,0,0,0,0,0,0,0,0.063,0.074,0.000,0,0,0,18887,18887,0,0
travel,88.524,2125.5,1631.458,1631.458,fly,0.899,ok,2601,0,0,192.00,325476352,452050944,114090264,95883264,18123768,2904,7449760,22132800,958,18887,18887,0,0,0,0,0,0,0,0,0.062,0.105,0.000,0,0,0,18887,18887,0,0
travel,88.555,2126.3,1631.995,1631.995,fly,1.110,ok,2601,0,0,192.00,325476352,452050944,114090264,95883264,18123768,2904,7449760,22132800,958,18887,18887,0,0,0,0,0,0,0,0,0.145,0.204,0.000,0,0,0,18887,18887,0,0
travel,88.599,2127.3,1632.736,1632.736,fly,0.816,ok,2601,0,0,192.00,325476352,452050944,114090264,95883264,18123768,2904,11174640,22132800,958,18988,18988,0,0,0,0,0,0,0,0,0.060,0.064,0.000,0,0,0,18988,18988,0,0
travel,88.632,2128.1,1633.284,1633.284,fly,0.896,ok,2601,0,0,192.00,325476352,452050944,114090264,95883264,18123768,2904,11174640,22132800,958,18988,18988,0,0,0,0,0,0,0,0,0.062,0.074,0.000,0,0,0,18988,18988,0,0
travel,88.662,2128.8,1633.796,1633.796,fly,0.826,ok,2601,0,0,192.00,325476352,452050944,114090264,95883264,18123768,2904,11174640,22132800,958,18988,18988,0,0,0,0,0,0,0,0,0.062,0.065,0.000,0,0,0,18988,18988,0,0
travel,88.693,2129.6,1634.329,1634.329,fly,0.828,ok,2601,0,0,192.00,325476352,452050944,114090264,95883264,18123768,2904,11174640,22132800,958,18988,18988,0,0,0,0,0,0,0,0,0.061,0.066,0.000,0,0,0,18988,18988,0,0
travel,88.725,2130.3,1634.870,1634.870,fly,0.802,ok,2601,0,0,192.00,325476352,452050944,114090264,95883264,18123768,2904,7449760,22132800,958,18988,18988,0,0,0,0,0,0,0,0,0.061,0.063,0.000,0,0,0,18988,18988,0,0
travel,88.757,2131.1,1635.411,1635.411,fly,0.829,ok,2601,0,0,192.00,325476352,452050944,114090264,95883264,18123768,2904,7449760,22132800,958,18988,18988,0,0,0,0,0,0,0,0,0.061,0.064,0.000,0,0,0,18988,18988,0,0
travel,88.788,2131.8,1635.926,1635.926,fly,0.890,ok,2601,0,0,192.00,325476352,452050944,114090264,95883264,18123768,2904,7449760,22132800,958,18988,18988,0,0,0,0,0,0,0,0,0.131,0.065,0.000,0,0,0,18988,18988,0,0
travel,88.819,2132.6,1636.456,1636.456,fly,0.862,ok,2601,0,0,192.00,325476352,452050944,114090264,95883264,18123768,2904,7449760,22132800,958,18988,18988,0,0,0,0,0,0,0,0,0.060,0.119,0.000,0,0,0,18988,18988,0,0
travel,88.850,2133.3,1636.982,1636.982,fly,0.901,ok,2601,0,0,192.00,325476352,452050944,114090264,95883264,18123768,2904,7449760,22132800,958,18988,18988,0,0,0,0,0,0,0,0,0.061,0.112,0.000,0,0,0,18988,18988,0,0
travel,88.881,2134.0,1637.500,1637.500,fly,0.833,ok,2601,0,0,192.00,325476352,452050944,114090264,95883264,18123768,2904,7449760,22132800,958,18988,18988,0,0,0,0,0,0,0,0,0.061,0.074,0.000,0,0,0,18988,18988,0,0
travel,88.915,2134.9,1638.075,1638.075,fly,0.815,ok,2601,0,0,192.00,325476352,452050944,114090264,95883264,18123768,2904,7449760,22132800,958,18988,18988,0,0,0,0,0,0,0,0,0.060,0.065,0.000,0,0,0,18988,18988,0,0
travel,88.947,2135.6,1638.629,1638.629,fly,1.016,ok,2601,0,0,192.00,325476352,452050944,114090264,95883264,18123768,2904,7449760,22132800,958,18988,18988,0,0,0,0,0,0,0,0,0.218,0.071,0.000,0,0,0,18988,18988,0,0
travel,88.978,2136.4,1639.151,1639.151,fly,1.763,ok,2601,0,0,192.00,325476352,452050944,114090264,95883264,18123768,2904,7449760,22132800,958,18988,18988,0,0,0,0,0,0,0,0,0.450,0.177,0.000,0,0,0,18988,18988,0,0
travel,89.010,2137.1,1639.687,1639.687,fly,1.228,ok,2601,0,0,192.00,325476352,452050944,114090264,95883264,18123768,2904,7449760,22132800,958,18988,18988,0,0,0,0,0,0,0,0,0.064,0.079,0.000,0,0,0,18988,18988,0,0
travel,89.055,2138.2,1640.460,1640.460,fly,0.907,ok,2601,0,0,192.00,325533696,452579328,114090264,95883264,18123768,2904,11174640,22132800,958,19089,19089,0,0,0,0,0,0,0,0,0.134,0.067,0.000,0,0,0,19089,19089,0,0
travel,89.087,2139.0,1640.994,1640.994,fly,0.824,ok,2601,0,0,192.00,325533696,452579328,114090264,95883264,18123768,2904,11174640,22132800,958,19089,19089,0,0,0,0,0,0,0,0,0.061,0.068,0.000,0,0,0,19089,19089,0,0
travel,89.120,2139.8,1641.546,1641.546,fly,0.928,ok,2601,0,0,192.00,325533696,452579328,114090264,95883264,18123768,2904,11174640,22132800,958,19089,19089,0,0,0,0,0,0,0,0,0.062,0.073,0.000,0,0,0,19089,19089,0,0
travel,89.150,2140.5,1642.061,1642.061,fly,0.807,ok,2601,0,0,192.00,325533696,452579328,114090264,95883264,18123768,2904,11174640,22132800,958,19089,19089,0,0,0,0,0,0,0,0,0.060,0.069,0.000,0,0,0,19089,19089,0,0
travel,89.183,2141.3,1642.613,1642.613,fly,0.819,ok,2601,0,0,192.00,325533696,452579328,114090264,95883264,18123768,2904,11174640,22132800,958,19089,19089,0,0,0,0,0,0,0,0,0.061,0.068,0.000,0,0,0,19089,19089,0,0
travel,89.213,2142.0,1643.124,1643.124,fly,0.833,ok,2601,0,0,192.00,325533696,452579328,114090264,95883264,18123768,2904,7449760,22132800,958,19089,19089,0,0,0,0,0,0,0,0,0.061,0.070,0.000,0,0,0,19089,19089,0,0
travel,89.244,2142.8,1643.656,1643.656,fly,0.841,ok,2601,0,0,192.00,325533696,452579328,114090264,95883264,18123768,2904,7449760,22132800,958,19089,19089,0,0,0,0,0,0,0,0,0.061,0.071,0.000,0,0,0,19089,19089,0,0
travel,89.276,2143.5,1644.203,1644.203,fly,1.060,ok,2601,0,0,192.00,325533696,452579328,114090264,95883264,18123768,2904,7449760,22132800,958,19089,19089,0,0,0,0,0,0,0,0,0.070,0.110,0.000,0,0,0,19089,19089,0,0
travel,89.308,2144.3,1644.734,1644.734,fly,1.188,ok,2601,0,0,192.00,325533696,452579328,114090264,95883264,18123768,2904,7449760,22132800,958,19089,19089,0,0,0,0,0,0,0,0,0.066,0.102,0.000,0,0,0,19089,19089,0,0
travel,89.339,2145.0,1645.261,1645.261,fly,1.016,ok,2601,0,0,192.00,325533696,452579328,114090264,95883264,18123768,2904,7449760,22132800,958,19089,19089,0,0,0,0,0,0,0,0,0.181,0.075,0.000,0,0,0,19089,19089,0,0
travel,89.370,2145.8,1645.791,1645.791,fly,0.858,ok,2601,0,0,192.00,325533696,452579328,114090264,95883264,18123768,2904,7449760,22132800,958,19089,19089,0,0,0,0,0,0,0,0,0.061,0.076,0.000,0,0,0,19089,19089,0,0
travel,89.402,2146.5,1646.324,1646.324,fly,0.896,ok,2601,0,0,192.00,325533696,452579328,114090264,95883264,18123768,2904,7449760,22132800,958,19089,19089,0,0,0,0,0,0,0,0,0.133,0.065,0.000,0,0,0,19089,19089,0,0
travel,89.434,2147.3,1646.863,1646.863,fly,0.821,ok,2601,0,0,192.00,325533696,452579328,114090264,95883264,18123768,2904,7449760,22132800,958,19089,19089,0,0,0,0,0,0,0,0,0.060,0.064,0.000,0,0,0,19089,19089,0,0
travel,89.464,2148.0,1647.383,1647.383,fly,0.818,ok,2601,0,0,192.00,325533696,452579328,114090264,95883264,18123768,2904,7449760,22132800,958,19089,19089,0,0,0,0,0,0,0,0,0.060,0.067,0.000,0,0,0,19089,19089,0,0
travel,89.496,2148.8,1647.923,1647.923,fly,0.892,ok,2601,0,0,192.00,325533696,452579328,114090264,95883264,18123768,2904,7449760,22132800,958,19089,19089,0,0,0,0,0,0,0,0,0.132,0.064,0.000,0,0,0,19089,19089,0,0
travel,89.539,2149.8,1648.653,1648.653,fly,0.819,ok,2601,0,0,192.00,326041600,453103616,114090264,95883264,18123768,2904,11174640,22132800,958,19190,19190,0,0,0,0,0,0,0,0,0.060,0.066,0.000,0,0,0,19190,19190,0,0
travel,89.572,2150.6,1649.203,1649.203,fly,0.891,ok,2601,0,0,192.00,326041600,453103616,114090264,95883264,18123768,2904,11174640,22132800,958,19190,19190,0,0,0,0,0,0,0,0,0.133,0.067,0.000,0,0,0,19190,19190,0,0
travel,89.603,2151.4,1649.740,1649.740,fly,0.825,ok,2601,0,0,192.00,326041600,453103616,114090264,95883264,18123768,2904,11174640,22132800,958,19190,19190,0,0,0,0,0,0,0,0,0.061,0.068,0.000,0,0,0,19190,19190,0,0
travel,89.635,2152.1,1650.278,1650.278,fly,1.055,ok,2601,0,0,192.00,326041600,453103616,114090264,95883264,18123768,2904,11174640,22132800,958,19190,19190,0,0,0,0,0,0,0,0,0.064,0.092,0.000,0,0,0,19190,19190,0,0
travel,89.666,2152.8,1650.792,1650.792,fly,0.934,ok,2601,0,0,192.00,326041600,453103616,114090264,95883264,18123768,2904,11174640,22132800,958,19190,19190,0,0,0,0,0,0,0,0,0.071,0.116,0.000,0,0,0,19190,19190,0,0
travel,89.698,2153.6,1651.332,1651.332,fly,0.875,ok,2601,0,0,192.00,326041600,453103616,114090264,95883264,18123768,2904,7449760,22132800,958,19190,19190,0,0,0,0,0,0,0,0,0.063,0.077,0.000,0,0,0,19190,19190,0,0
travel,89.728,2154.3,1651.849,1651.849,fly,0.826,ok,2601,0,0,192.00,326041600,453103616,114090264,95883264,18123768,2904,7449760,22132800,958,19190,19190,0,0,0,0,0,0,0,0,0.063,0.067,0.000,0,0,0,19190,19190,0,0
travel,89.760,2155.1,1652.396,1652.396,fly,0.814,ok,2601,0,0,192.00,326041600,453103616,114090264,95883264,18123768,2904,7449760,22132800,958,19190,19190,0,0,0,0,0,0,0,0,0.061,0.064,0.000,0,0,0,19190,19190,0,0
travel,89.792,2155.9,1652.925,1652.925,fly,0.943,ok,2601,0,0,192.00,326041600,453103616,114090264,95883264,18123768,2904,7449760,22132800,958,19190,19190,0,0,0,0,0,0,0,0,0.073,0.117,0.000,0,0,0,19190,19190,0,0
travel,89.822,2156.6,1653.438,1653.438,fly,0.807,ok,2601,0,0,192.00,326041600,453103616,114090264,95883264,18123768,2904,7449760,22132800,958,19190,19190,0,0,0,0,0,0,0,0,0.060,0.061,0.000,0,0,0,19190,19190,0,0
travel,89.853,2157.3,1653.972,1653.972,fly,0.810,ok,2601,0,0,192.00,326041600,453103616,114090264,95883264,18123768,2904,7449760,22132800,958,19190,19190,0,0,0,0,0,0,0,0,0.062,0.068,0.000,0,0,0,19190,19190,0,0
travel,89.884,2158.1,1654.482,1654.482,fly,0.795,ok,2601,0,0,192.00,326041600,453103616,114090264,95883264,18123768,2904,7449760,22132800,958,19190,19190,0,0,0,0,0,0,0,0,0.059,0.063,0.000,0,0,0,19190,19190,0,0
travel,89.915,2158.8,1655.007,1655.007,fly,0.885,ok,2601,0,0,192.00,326041600,453103616,114090264,95883264,18123768,2904,7449760,22132800,958,19190,19190,0,0,0,0,0,0,0,0,0.060,0.066,0.000,0,0,0,19190,19190,0,0
travel,89.946,2159.6,1655.536,1655.536,fly,0.816,ok,2601,0,0,192.00,326041600,453103616,114090264,95883264,18123768,2904,7449760,22132800,958,19190,19190,0,0,0,0,0,0,0,0,0.060,0.065,0.000,0,0,0,19190,19190,0,0
travel,89.989,2160.6,1656.269,1656.269,fly,1.318,ok,2601,0,27,192.00,326328320,453103616,114090264,95883264,18123768,2904,11174640,20828304,958,19291,19291,0,0,39,0,0,0,0,0,0.230,0.087,0.000,0,0,0,19291,19291,0,0
stop,90.001,2160.9,1656.466,1656.466,fly,4.764,ok,2601,0,0,192.00,326332416,453103616,0,0,0,0,0,0,0,19291,19291,0,0,0,0,0,0,0,0,0.077,0.079,0.000,0,0,0,19291,19291,0,0
