stage,bearing,phase,distance_m,x,y,mode,resident_cells,resident_packages,frame_ms,pending_packages,workers_idle,column_queue,pending_kind
stage16f3,north,1,0.0,128.500,128.500,settle_origin,797,1125,0.4221,1476,0,0,0
stage16f3,north,1,0.0,128.500,128.500,settle_origin,797,1249,0.4486,1352,0,0,0
stage16f3,north,1,0.0,128.500,128.500,settle_origin,797,1376,0.4567,1225,0,0,0
stage16f3,north,1,0.0,128.500,128.500,settle_origin,797,1515,0.6931,1086,0,0,0
stage16f3,north,1,0.0,128.500,128.500,settle_origin,797,1664,0.5846,937,0,0,0
stage16f3,north,1,0.0,128.500,128.500,settle_origin,797,1836,0.7746,765,0,0,0
stage16f3,north,1,0.0,128.500,128.500,settle_origin,797,2068,0.5513,533,0,0,0
stage16f3,north,1,0.0,128.500,128.500,settle_origin,797,2262,0.5563,339,0,0,0
stage16f3,north,1,0.0,128.500,128.500,settle_origin,797,2392,0.6399,209,0,0,0
stage16f3,north,1,0.0,128.500,128.500,settle_origin,797,2588,0.5833,13,0,0,0
stage16f3,north,1,0.0,128.500,128.500,settle_origin,797,2601,0.5909,0,0,0,0
stage16f3,north,1,0.0,128.500,128.500,settle_origin,797,2601,0.6646,0,0,0,0
stage16f3,north,3,1.0,128.500,129.500,walk,830,2601,0.8133,0,1,0,0
stage16f3,north,3,2.0,128.500,130.500,walk,863,2601,0.8787,0,1,0,0
stage16f3,north,3,3.0,128.500,131.500,walk,896,2601,0.8141,0,1,0,0
stage16f3,north,3,4.0,128.500,132.500,walk,929,2601,0.7965,0,1,0,0
stage16f3,north,3,5.0,128.500,133.500,walk,947,2601,0.8197,0,1,0,0
stage16f3,north,3,6.0,128.500,134.500,walk,957,2601,0.8079,0,1,0,0
stage16f3,north,3,7.0,128.500,135.500,walk,963,2601,0.8058,0,1,0,0
stage16f3,north,3,8.0,128.500,136.500,walk,967,2601,0.8126,51,1,0,0
stage16f3,north,3,9.0,128.500,137.500,walk,969,2601,5.3239,0,0,0,0
stage16f3,north,3,10.0,128.500,138.500,walk,971,2601,0.8564,0,0,0,0
stage16f3,north,3,11.0,128.500,139.500,walk,973,2601,1.0088,0,0,0,0
stage16f3,north,3,12.0,128.500,140.500,walk,975,2601,1.1842,0,0,0,0
stage16f3,north,3,13.0,128.500,141.500,walk,975,2601,1.2421,0,0,0,0
stage16f3,north,3,14.0,128.500,142.500,walk,975,2601,0.8473,0,0,0,0
stage16f3,north,3,15.0,128.500,143.500,walk,975,2601,0.8190,0,0,0,0
stage16f3,north,3,16.0,128.500,144.500,walk,975,2601,0.8327,51,0,0,0
stage16f3,north,3,17.0,128.500,145.500,walk,975,2601,5.7334,0,0,0,0
stage16f3,north,3,18.0,128.500,146.500,walk,975,2601,0.8924,0,0,0,0
stage16f3,north,3,19.0,128.500,147.500,walk,975,2601,0.8420,0,0,0,0
stage16f3,north,3,20.0,128.500,148.500,walk,975,2601,0.9205,0,0,0,0
stage16f3,north,3,21.0,128.500,149.500,walk,975,2601,0.9665,0,0,0,0
stage16f3,north,3,22.0,128.500,150.500,walk,975,2601,0.9718,0,0,0,0
stage16f3,north,3,23.0,128.500,151.500,walk,975,2601,1.0979,0,0,0,0
stage16f3,north,3,24.0,128.500,152.500,walk,975,2601,1.0473,51,0,0,0
stage16f3,north,3,25.0,128.500,153.500,walk,975,2579,3.6338,22,0,0,0
stage16f3,north,3,26.0,128.500,154.500,walk,975,2586,1.6554,15,0,0,0
stage16f3,north,3,27.0,128.500,155.500,walk,975,2589,1.5584,12,0,0,0
stage16f3,north,3,28.0,128.500,156.500,walk,975,2592,1.4809,9,0,0,0
stage16f3,north,3,29.0,128.500,157.500,walk,975,2595,1.3943,6,0,0,0
stage16f3,north,3,30.0,128.500,158.500,walk,975,2598,1.4735,3,0,0,0
stage16f3,north,3,31.0,128.500,159.500,walk,975,2600,1.3933,1,0,0,0
stage16f3,north,3,32.0,128.500,160.500,walk,975,2601,1.3337,51,0,0,0
stage16f3,north,3,33.0,128.500,161.500,walk,975,2550,1.9320,51,0,0,0
stage16f3,north,3,34.0,128.500,162.500,walk,975,2550,1.5458,51,0,0,0
stage16f3,north,3,35.0,128.500,163.500,walk,975,2550,1.5292,51,0,0,0
stage16f3,north,3,36.0,128.500,164.500,walk,975,2550,1.3837,51,0,0,0
stage16f3,north,3,37.0,128.500,165.500,walk,975,2550,1.5394,51,0,0,0
stage16f3,north,3,38.0,128.500,166.500,walk,975,2550,1.5072,51,0,0,0
stage16f3,north,3,39.0,128.500,167.500,walk,975,2550,1.4383,51,0,0,0
stage16f3,north,3,40.0,128.500,168.500,walk,975,2550,1.4109,102,0,0,0
stage16f3,north,3,41.0,128.500,169.500,walk,975,2499,1.4284,102,0,0,0
stage16f3,north,3,42.0,128.500,170.500,walk,975,2499,1.3671,102,0,0,0
stage16f3,north,3,43.0,128.500,171.500,walk,975,2499,1.3395,102,0,0,0
stage16f3,north,3,44.0,128.500,172.500,walk,975,2499,1.3468,102,0,0,0
stage16f3,north,3,45.0,128.500,173.500,walk,975,2499,1.8627,102,0,0,0
stage16f3,north,3,46.0,128.500,174.500,walk,975,2499,1.4673,102,0,0,0
stage16f3,north,3,47.0,128.500,175.500,walk,975,2499,1.4936,102,0,0,0
stage16f3,north,3,48.0,128.500,176.500,walk,975,2499,1.5126,153,0,0,0
stage16f3,north,3,49.0,128.500,177.500,walk,975,2448,1.4590,153,0,0,0
stage16f3,north,3,50.0,128.500,178.500,walk,975,2448,1.4597,153,0,0,0
stage16f3,north,3,51.0,128.500,179.500,walk,975,2448,1.4286,153,0,0,0
stage16f3,north,3,52.0,128.500,180.500,walk,975,2448,1.5788,153,0,0,0
stage16f3,north,3,53.0,128.500,181.500,walk,975,2448,1.6141,153,0,0,0
stage16f3,north,3,54.0,128.500,182.500,walk,975,2448,1.4952,153,0,0,0
stage16f3,north,3,55.0,128.500,183.500,walk,975,2448,1.4625,153,0,0,0
stage16f3,north,3,56.0,128.500,184.500,walk,975,2448,2.4067,204,0,0,0
stage16f3,north,3,57.0,128.500,185.500,walk,975,2397,1.6801,204,0,0,0
stage16f3,north,3,58.0,128.500,186.500,walk,975,2397,1.6973,204,0,0,0
stage16f3,north,3,59.0,128.500,187.500,walk,975,2397,1.5701,204,0,0,0
stage16f3,north,3,60.0,128.500,188.500,walk,975,2397,1.5773,204,0,0,0
stage16f3,north,3,61.0,128.500,189.500,walk,975,2397,1.6179,204,0,0,0
stage16f3,north,3,62.0,128.500,190.500,walk,975,2397,1.5121,204,0,0,0
stage16f3,north,3,63.0,128.500,191.500,walk,975,2397,1.5040,204,0,0,0
stage16f3,north,3,64.0,128.500,192.500,walk,975,2397,1.4461,255,0,0,0
stage16f3,north,3,66.0,128.500,194.500,sprint,973,2346,1.5382,255,0,0,0
stage16f3,north,3,68.0,128.500,196.500,sprint,971,2346,3.4571,255,0,0,0
stage16f3,north,3,70.0,128.500,198.500,sprint,969,2346,2.3777,255,0,0,0
stage16f3,north,3,72.0,128.500,200.500,sprint,967,2346,2.2256,306,0,0,0
stage16f3,north,3,74.0,128.500,202.500,sprint,965,2295,2.2206,306,0,0,0
stage16f3,north,3,76.0,128.500,204.500,sprint,963,2295,2.3452,306,0,0,0
stage16f3,north,3,78.0,128.500,206.500,sprint,963,2295,2.0986,306,0,0,0
stage16f3,north,3,80.0,128.500,208.500,sprint,963,2296,2.0336,356,0,0,0
stage16f3,north,3,82.0,128.500,210.500,sprint,963,2250,2.8429,351,0,0,0
stage16f3,north,3,84.0,128.500,212.500,sprint,963,2253,2.1036,348,0,0,0
stage16f3,north,3,86.0,128.500,214.500,sprint,963,2254,1.7188,347,0,0,0
stage16f3,north,3,88.0,128.500,216.500,sprint,963,2254,1.6221,398,0,0,0
stage16f3,north,3,90.0,128.500,218.500,sprint,963,2206,1.8380,395,0,0,0
stage16f3,north,3,92.0,128.500,220.500,sprint,963,2208,1.6172,393,0,0,0
stage16f3,north,3,94.0,128.500,222.500,sprint,963,2212,1.7354,389,0,0,0
stage16f3,north,3,96.0,128.500,224.500,sprint,963,2215,1.5642,437,0,0,0
stage16f3,north,3,98.0,128.500,226.500,sprint,963,2167,1.6681,434,0,0,0
stage16f3,north,3,100.0,128.500,228.500,sprint,963,2170,2.3856,431,0,0,0
stage16f3,north,3,102.0,128.500,230.500,sprint,963,2173,1.6957,428,0,0,0
stage16f3,north,3,104.0,128.500,232.500,sprint,963,2176,1.5135,476,0,0,0
stage16f3,north,3,106.0,128.500,234.500,sprint,963,2129,1.5393,472,0,0,0
stage16f3,north,3,108.0,128.500,236.500,sprint,963,2131,1.3131,470,0,0,0
stage16f3,north,3,110.0,128.500,238.500,sprint,963,2132,1.1813,469,0,0,0
stage16f3,north,3,112.0,128.500,240.500,sprint,963,2136,1.3999,516,0,0,0
stage16f3,north,3,114.0,128.500,242.500,sprint,963,2088,1.3728,513,0,0,0
stage16f3,north,3,116.0,128.500,244.500,sprint,963,2089,1.1032,512,0,0,0
stage16f3,north,3,118.0,128.500,246.500,sprint,963,2091,1.3693,510,0,0,0
stage16f3,north,3,120.0,128.500,248.500,sprint,963,2091,1.0634,561,0,0,0
stage16f3,north,3,122.0,128.500,250.500,sprint,963,2040,1.1724,561,0,0,0
stage16f3,north,3,124.0,128.500,252.500,sprint,963,2040,1.0705,561,0,0,0
stage16f3,north,3,126.0,128.500,254.500,sprint,963,2040,1.1362,561,0,0,0
stage16f3,north,3,128.0,128.500,256.500,sprint,963,2040,1.0894,612,0,0,0
stage16f3,north,3,132.0,128.500,260.500,free_fly,961,1989,1.0130,612,0,0,0
stage16f3,north,3,136.0,128.500,264.500,free_fly,959,1989,1.3895,663,0,0,0
stage16f3,north,3,140.0,128.500,268.500,free_fly,957,1938,1.4149,663,0,0,0
stage16f3,north,3,144.0,128.500,272.500,free_fly,957,1938,1.4927,714,0,0,0
stage16f3,north,3,148.0,128.500,276.500,free_fly,957,1887,1.4011,714,0,0,0
stage16f3,north,3,152.0,128.500,280.500,free_fly,957,1887,1.3925,765,0,0,0
stage16f3,north,3,156.0,128.500,284.500,free_fly,957,1836,1.5699,765,0,0,0
stage16f3,north,3,160.0,128.500,288.500,free_fly,957,1836,1.5814,816,0,0,0
stage16f3,north,3,164.0,128.500,292.500,free_fly,957,1785,1.3594,816,0,0,0
stage16f3,north,3,168.0,128.500,296.500,free_fly,957,1785,1.3974,867,0,0,0
stage16f3,north,3,172.0,128.500,300.500,free_fly,957,1734,1.7347,867,0,0,0
stage16f3,north,3,176.0,128.500,304.500,free_fly,957,1734,1.2978,918,0,0,0
stage16f3,north,3,180.0,128.500,308.500,free_fly,957,1683,1.2426,918,0,0,0
stage16f3,north,3,184.0,128.500,312.500,free_fly,957,1683,1.2476,969,0,0,0
stage16f3,north,3,188.0,128.500,316.500,free_fly,957,1632,1.2083,969,0,0,0
stage16f3,north,3,192.0,128.500,320.500,free_fly,957,1632,1.1965,1020,0,0,0
stage16f3,north,3,196.0,128.500,324.500,free_fly,957,1581,1.2659,1020,0,0,0
stage16f3,north,3,200.0,128.500,328.500,free_fly,957,1581,2.3969,1071,0,0,0
stage16f3,north,3,204.0,128.500,332.500,free_fly,957,1530,1.5555,1071,0,0,0
stage16f3,north,3,208.0,128.500,336.500,free_fly,957,1530,1.4609,1122,0,0,0
stage16f3,north,3,212.0,128.500,340.500,free_fly,957,1479,1.5857,1122,0,0,0
stage16f3,north,3,216.0,128.500,344.500,free_fly,957,1479,1.4365,1173,0,0,0
stage16f3,north,3,220.0,128.500,348.500,free_fly,957,1428,1.4569,1173,0,0,0
stage16f3,north,3,224.0,128.500,352.500,free_fly,957,1428,1.4128,1224,0,0,0
stage16f3,north,3,228.0,128.500,356.500,free_fly,957,1377,1.3033,1224,0,0,0
stage16f3,north,3,232.0,128.500,360.500,free_fly,957,1377,1.4065,1275,0,0,0
stage16f3,north,3,236.0,128.500,364.500,free_fly,957,1326,1.4365,1275,0,0,0
stage16f3,north,3,240.0,128.500,368.500,free_fly,957,1326,1.4239,1326,0,0,0
stage16f3,north,3,244.0,128.500,372.500,free_fly,957,1275,1.8376,1326,0,0,0
stage16f3,north,3,248.0,128.500,376.500,free_fly,957,1275,2.2410,1377,0,0,0
stage16f3,north,3,252.0,128.500,380.500,free_fly,957,1224,1.8179,1377,0,0,0
stage16f3,north,3,256.0,128.500,384.500,free_fly,957,1224,1.8403,1428,0,0,0
stage16f3,north,3,260.0,128.500,388.500,free_fly,957,1173,2.0190,1428,0,0,0
stage16f3,north,3,264.0,128.500,392.500,free_fly,957,1173,1.7174,1479,0,0,0
stage16f3,north,3,268.0,128.500,396.500,free_fly,957,1122,1.6892,1479,0,0,0
stage16f3,north,3,272.0,128.500,400.500,free_fly,957,1122,1.6085,1530,0,0,0
stage16f3,north,3,276.0,128.500,404.500,free_fly,957,1071,1.7063,1530,0,0,0
stage16f3,north,3,280.0,128.500,408.500,free_fly,957,1071,1.9080,1581,0,0,0
stage16f3,north,3,284.0,128.500,412.500,free_fly,957,1020,1.6567,1581,0,0,0
stage16f3,north,3,288.0,128.500,416.500,free_fly,957,1023,1.8100,1629,0,0,0
stage16f3,north,3,292.0,128.500,420.500,free_fly,957,975,1.8749,1626,0,0,0
stage16f3,north,3,296.0,128.500,424.500,free_fly,957,977,2.0934,1675,0,0,0
stage16f3,north,3,300.0,128.500,428.500,free_fly,957,927,1.6852,1674,0,0,0
stage16f3,north,3,304.0,128.500,432.500,free_fly,957,929,1.7545,1723,0,0,0
stage16f3,north,3,308.0,128.500,436.500,free_fly,957,881,1.8633,1720,0,0,0
stage16f3,north,3,312.0,128.500,440.500,free_fly,957,885,2.0679,1767,0,0,0
stage16f3,north,3,316.0,128.500,444.500,free_fly,957,838,1.9929,1763,0,0,0
stage16f3,north,3,320.0,128.500,448.500,free_fly,957,843,1.9996,1809,0,0,0
stage16f3,north,3,324.0,128.500,452.500,free_fly,957,796,1.9736,1805,0,0,0
stage16f3,north,3,328.0,128.500,456.500,free_fly,957,799,2.0387,1853,0,0,0
stage16f3,north,3,332.0,128.500,460.500,free_fly,957,751,1.9442,1850,0,0,0
stage16f3,north,3,336.0,128.500,464.500,free_fly,957,755,1.9819,1897,0,0,0
stage16f3,north,3,340.0,128.500,468.500,free_fly,957,708,1.9928,1893,0,0,0
stage16f3,north,3,344.0,128.500,472.500,free_fly,957,712,2.1102,1940,0,0,0
stage16f3,north,3,348.0,128.500,476.500,free_fly,957,663,1.8505,1938,0,0,0
stage16f3,north,3,352.0,128.500,480.500,free_fly,957,663,1.6290,1989,0,0,0
stage16f3,north,3,356.0,128.500,484.500,free_fly,957,612,1.6649,1989,0,0,0
stage16f3,north,3,360.0,128.500,488.500,free_fly,957,612,1.6553,2040,0,0,0
stage16f3,north,3,364.0,128.500,492.500,free_fly,957,561,2.8668,2040,0,0,0
stage16f3,north,3,368.0,128.500,496.500,free_fly,957,561,2.0284,2091,0,0,0
stage16f3,north,3,372.0,128.500,500.500,free_fly,957,510,1.7258,2091,0,0,0
stage16f3,north,3,376.0,128.500,504.500,free_fly,957,510,2.1239,2142,0,0,0
stage16f3,north,3,380.0,128.500,508.500,free_fly,957,459,1.7396,2142,0,0,0
stage16f3,north,3,384.0,128.500,512.500,free_fly,957,459,2.1119,2193,0,0,0
stage16f3,north,3,388.0,128.500,516.500,free_fly,957,408,2.7202,2193,0,0,0
stage16f3,north,3,392.0,128.500,520.500,free_fly,957,408,3.0176,2244,0,0,0
stage16f3,north,3,396.0,128.500,524.500,free_fly,957,357,3.1342,2244,0,0,0
stage16f3,north,3,400.0,128.500,528.500,free_fly,957,357,2.7339,2295,0,0,0
stage16f3,north,3,404.0,128.500,532.500,free_fly,957,306,2.4200,2295,0,0,0
stage16f3,north,3,408.0,128.500,536.500,free_fly,957,306,2.5828,2346,0,0,0
stage16f3,north,4,408.0,128.500,536.500,settle_outer,957,306,0.4218,2295,0,0,0
stage16f3,north,4,408.0,128.500,536.500,settle_outer,957,386,0.6342,2215,0,0,0
stage16f3,north,4,408.0,128.500,536.500,settle_outer,957,459,0.5936,2142,0,0,0
stage16f3,north,4,408.0,128.500,536.500,settle_outer,957,510,0.4569,2091,0,0,0
stage16f3,north,4,408.0,128.500,536.500,settle_outer,957,612,0.4581,1989,0,0,0
stage16f3,north,4,408.0,128.500,536.500,settle_outer,957,680,0.5540,1921,0,0,0
stage16f3,north,4,408.0,128.500,536.500,settle_outer,957,765,0.7459,1836,0,0,0
stage16f3,north,4,408.0,128.500,536.500,settle_outer,957,867,0.5000,1734,0,0,0
stage16f3,north,4,408.0,128.500,536.500,settle_outer,957,969,0.5847,1632,0,0,0
stage16f3,north,4,408.0,128.500,536.500,settle_outer,957,1071,0.5324,1530,0,0,0
stage16f3,north,4,408.0,128.500,536.500,settle_outer,957,1173,0.5672,1428,0,0,0
stage16f3,north,4,408.0,128.500,536.500,settle_outer,957,1275,0.5805,1326,0,0,0
stage16f3,north,4,408.0,128.500,536.500,settle_outer,957,1377,0.5824,1224,0,0,0
stage16f3,north,4,408.0,128.500,536.500,settle_outer,957,1479,0.6468,1122,0,0,0
stage16f3,north,4,408.0,128.500,536.500,settle_outer,957,1632,0.6425,969,0,0,0
stage16f3,north,4,408.0,128.500,536.500,settle_outer,957,1785,0.6887,816,0,0,0
stage16f3,north,4,408.0,128.500,536.500,settle_outer,957,1938,0.8749,663,0,0,0
stage16f3,north,4,408.0,128.500,536.500,settle_outer,957,2091,0.7408,510,0,0,0
stage16f3,north,4,408.0,128.500,536.500,settle_outer,957,2244,0.8744,357,0,0,0
stage16f3,north,4,408.0,128.500,536.500,settle_outer,957,2448,0.8414,153,0,0,0
stage16f3,north,4,408.0,128.500,536.500,settle_outer,957,2601,0.9754,0,0,0,0
stage16f3,north,6,404.0,128.500,532.500,free_fly,957,2601,1.2373,51,1,0,0
stage16f3,north,6,400.0,128.500,528.500,free_fly,957,2601,4.9471,0,1,0,0
stage16f3,north,6,396.0,128.500,524.500,free_fly,957,2601,1.8283,51,0,0,0
stage16f3,north,6,392.0,128.500,520.500,free_fly,957,2601,5.8074,0,0,0,0
stage16f3,north,6,388.0,128.500,516.500,free_fly,957,2601,1.7236,51,0,0,0
stage16f3,north,6,384.0,128.500,512.500,free_fly,957,2601,5.8135,0,0,0,0
stage16f3,north,6,380.0,128.500,508.500,free_fly,957,2601,1.7286,51,0,0,0
stage16f3,north,6,376.0,128.500,504.500,free_fly,957,2601,5.6646,0,0,0,0
stage16f3,north,6,372.0,128.500,500.500,free_fly,957,2601,1.6428,51,0,0,0
stage16f3,north,6,368.0,128.500,496.500,free_fly,957,2601,5.5662,0,0,0,0
stage16f3,north,6,364.0,128.500,492.500,free_fly,957,2601,1.6155,51,0,0,0
stage16f3,north,6,360.0,128.500,488.500,free_fly,957,2601,5.7950,0,0,0,0
stage16f3,north,6,356.0,128.500,484.500,free_fly,957,2601,1.6172,51,0,0,0
stage16f3,north,6,352.0,128.500,480.500,free_fly,957,2601,5.4378,0,0,0,0
stage16f3,north,6,348.0,128.500,476.500,free_fly,957,2601,1.7375,51,0,0,0
stage16f3,north,6,344.0,128.500,472.500,free_fly,957,2601,6.4718,0,0,0,0
stage16f3,north,6,340.0,128.500,468.500,free_fly,957,2601,1.7232,51,0,0,0
stage16f3,north,6,336.0,128.500,464.500,free_fly,957,2601,5.4831,0,0,0,0
stage16f3,north,6,332.0,128.500,460.500,free_fly,957,2601,1.7095,51,0,0,0
stage16f3,north,6,328.0,128.500,456.500,free_fly,957,2601,5.6005,0,0,0,0
stage16f3,north,6,324.0,128.500,452.500,free_fly,957,2601,1.7480,51,0,0,0
stage16f3,north,6,320.0,128.500,448.500,free_fly,957,2601,5.4751,0,0,0,0
stage16f3,north,6,316.0,128.500,444.500,free_fly,957,2601,1.6763,51,0,0,0
stage16f3,north,6,312.0,128.500,440.500,free_fly,957,2601,5.3397,0,0,0,0
stage16f3,north,6,308.0,128.500,436.500,free_fly,957,2601,1.5456,51,0,0,0
stage16f3,north,6,304.0,128.500,432.500,free_fly,957,2601,5.6179,0,0,0,0
stage16f3,north,6,300.0,128.500,428.500,free_fly,957,2601,1.5451,51,0,0,0
stage16f3,north,6,296.0,128.500,424.500,free_fly,957,2601,5.7753,0,0,0,0
stage16f3,north,6,292.0,128.500,420.500,free_fly,957,2601,1.5000,51,0,0,0
stage16f3,north,6,288.0,128.500,416.500,free_fly,957,2601,5.9923,0,0,0,0
stage16f3,north,6,284.0,128.500,412.500,free_fly,957,2601,2.0446,51,0,0,0
stage16f3,north,6,280.0,128.500,408.500,free_fly,957,2601,5.9590,0,0,0,0
stage16f3,north,6,276.0,128.500,404.500,free_fly,957,2601,1.6766,51,0,0,0
stage16f3,north,6,272.0,128.500,400.500,free_fly,957,2601,6.2100,0,0,0,0
stage16f3,north,6,268.0,128.500,396.500,free_fly,957,2601,1.6971,51,0,0,0
stage16f3,north,6,264.0,128.500,392.500,free_fly,957,2601,8.8606,0,0,0,0
stage16f3,north,6,260.0,128.500,388.500,free_fly,957,2601,1.5743,51,0,0,0
stage16f3,north,6,256.0,128.500,384.500,free_fly,957,2601,6.9748,0,0,0,0
stage16f3,north,6,252.0,128.500,380.500,free_fly,957,2601,1.5371,51,0,0,0
stage16f3,north,6,248.0,128.500,376.500,free_fly,957,2601,5.8803,0,0,0,0
stage16f3,north,6,244.0,128.500,372.500,free_fly,957,2601,1.4810,51,0,0,0
stage16f3,north,6,240.0,128.500,368.500,free_fly,957,2601,6.1194,0,0,0,0
stage16f3,north,6,236.0,128.500,364.500,free_fly,957,2601,2.1374,51,0,0,0
stage16f3,north,6,232.0,128.500,360.500,free_fly,957,2601,6.2301,0,0,0,0
stage16f3,north,6,228.0,128.500,356.500,free_fly,957,2601,2.0651,51,0,0,0
stage16f3,north,6,224.0,128.500,352.500,free_fly,957,2601,7.5365,0,0,0,0
stage16f3,north,6,220.0,128.500,348.500,free_fly,957,2601,1.6544,51,0,0,0
stage16f3,north,6,216.0,128.500,344.500,free_fly,957,2601,5.7571,0,0,0,0
stage16f3,north,6,212.0,128.500,340.500,free_fly,957,2601,1.5701,51,0,0,0
stage16f3,north,6,208.0,128.500,336.500,free_fly,957,2601,6.5919,0,0,0,0
stage16f3,north,6,204.0,128.500,332.500,free_fly,957,2601,1.7065,51,0,0,0
stage16f3,north,6,200.0,128.500,328.500,free_fly,957,2601,5.9977,0,0,0,0
stage16f3,north,6,196.0,128.500,324.500,free_fly,957,2601,1.6202,51,0,0,0
stage16f3,north,6,192.0,128.500,320.500,free_fly,957,2601,6.5928,0,0,0,0
stage16f3,north,6,188.0,128.500,316.500,free_fly,957,2601,1.5478,51,0,0,0
stage16f3,north,6,184.0,128.500,312.500,free_fly,957,2601,5.5952,0,0,0,0
stage16f3,north,6,180.0,128.500,308.500,free_fly,957,2601,1.5589,51,0,0,0
stage16f3,north,6,176.0,128.500,304.500,free_fly,957,2601,6.2278,0,0,0,0
stage16f3,north,6,172.0,128.500,300.500,free_fly,957,2601,1.7378,51,0,0,0
stage16f3,north,6,168.0,128.500,296.500,free_fly,957,2601,5.5386,0,0,0,0
stage16f3,north,6,164.0,128.500,292.500,free_fly,957,2601,1.4797,51,0,0,0
stage16f3,north,6,160.0,128.500,288.500,free_fly,957,2601,5.7921,0,0,0,0
stage16f3,north,6,156.0,128.500,284.500,free_fly,957,2601,1.7446,51,0,0,0
stage16f3,north,6,152.0,128.500,280.500,free_fly,957,2601,6.1371,0,0,0,0
stage16f3,north,6,148.0,128.500,276.500,free_fly,957,2601,1.5212,51,0,0,0
stage16f3,north,6,144.0,128.500,272.500,free_fly,957,2601,5.6418,0,0,0,0
stage16f3,north,6,140.0,128.500,268.500,free_fly,957,2601,1.5264,51,0,0,0
stage16f3,north,6,136.0,128.500,264.500,free_fly,957,2601,6.7374,0,0,0,0
stage16f3,north,6,132.0,128.500,260.500,free_fly,957,2601,1.5083,51,0,0,0
stage16f3,north,6,128.0,128.500,256.500,free_fly,957,2601,5.7412,0,0,0,0
stage16f3,north,6,126.0,128.500,254.500,sprint,957,2601,2.0806,51,0,0,0
stage16f3,north,6,124.0,128.500,252.500,sprint,959,2601,8.0180,0,0,0,0
stage16f3,north,6,122.0,128.500,250.500,sprint,959,2601,1.4654,0,0,0,0
stage16f3,north,6,120.0,128.500,248.500,sprint,961,2601,1.7031,0,0,0,0
stage16f3,north,6,118.0,128.500,246.500,sprint,961,2601,1.8016,51,0,0,0
stage16f3,north,6,116.0,128.500,244.500,sprint,963,2601,6.2573,0,0,0,0
stage16f3,north,6,114.0,128.500,242.500,sprint,963,2601,2.0509,0,0,0,0
stage16f3,north,6,112.0,128.500,240.500,sprint,963,2601,1.7362,0,0,0,0
stage16f3,north,6,110.0,128.500,238.500,sprint,963,2601,1.6688,51,0,0,0
stage16f3,north,6,108.0,128.500,236.500,sprint,963,2601,6.1113,0,0,0,0
stage16f3,north,6,106.0,128.500,234.500,sprint,963,2601,1.7137,0,0,0,0
stage16f3,north,6,104.0,128.500,232.500,sprint,963,2601,2.0574,0,0,0,0
stage16f3,north,6,102.0,128.500,230.500,sprint,963,2601,2.5485,51,0,0,0
stage16f3,north,6,100.0,128.500,228.500,sprint,963,2601,6.4251,0,0,0,0
stage16f3,north,6,98.0,128.500,226.500,sprint,963,2601,2.3730,0,0,0,0
stage16f3,north,6,96.0,128.500,224.500,sprint,963,2601,2.2404,0,0,0,0
stage16f3,north,6,94.0,128.500,222.500,sprint,963,2601,2.2654,51,0,0,0
stage16f3,north,6,92.0,128.500,220.500,sprint,963,2601,6.7535,0,0,0,0
stage16f3,north,6,90.0,128.500,218.500,sprint,963,2601,2.6160,0,0,0,0
stage16f3,north,6,88.0,128.500,216.500,sprint,963,2601,2.4647,0,0,0,0
stage16f3,north,6,86.0,128.500,214.500,sprint,963,2601,2.3003,51,0,0,0
stage16f3,north,6,84.0,128.500,212.500,sprint,963,2601,6.6309,0,0,0,0
stage16f3,north,6,82.0,128.500,210.500,sprint,963,2601,2.6005,0,0,0,0
stage16f3,north,6,80.0,128.500,208.500,sprint,963,2601,2.8728,0,0,0,0
stage16f3,north,6,78.0,128.500,206.500,sprint,963,2601,2.5676,51,0,0,0
stage16f3,north,6,76.0,128.500,204.500,sprint,963,2601,7.3038,0,0,0,0
stage16f3,north,6,74.0,128.500,202.500,sprint,963,2601,2.7022,0,0,0,0
stage16f3,north,6,72.0,128.500,200.500,sprint,963,2601,2.6232,0,0,0,0
stage16f3,north,6,70.0,128.500,198.500,sprint,963,2601,2.4724,51,0,0,0
stage16f3,north,6,68.0,128.500,196.500,sprint,963,2601,6.7053,0,0,0,0
stage16f3,north,6,66.0,128.500,194.500,sprint,963,2601,3.8237,0,0,0,0
stage16f3,north,6,64.0,128.500,192.500,sprint,963,2601,2.9524,0,0,0,0
stage16f3,north,6,63.0,128.500,191.500,walk,963,2601,2.4730,51,0,0,0
stage16f3,north,6,62.0,128.500,190.500,walk,965,2601,5.8983,0,0,0,0
stage16f3,north,6,61.0,128.500,189.500,walk,965,2601,1.6005,0,0,0,0
stage16f3,north,6,60.0,128.500,188.500,walk,967,2601,2.2741,0,0,0,0
stage16f3,north,6,59.0,128.500,187.500,walk,967,2601,1.9096,0,0,0,0
stage16f3,north,6,58.0,128.500,186.500,walk,969,2601,1.4559,0,0,0,0
stage16f3,north,6,57.0,128.500,185.500,walk,969,2601,1.3622,0,0,0,0
stage16f3,north,6,56.0,128.500,184.500,walk,971,2601,1.3590,0,0,0,0
stage16f3,north,6,55.0,128.500,183.500,walk,971,2601,1.3272,51,0,0,0
stage16f3,north,6,54.0,128.500,182.500,walk,973,2601,5.4666,0,0,0,0
stage16f3,north,6,53.0,128.500,181.500,walk,973,2601,1.3810,0,0,0,0
stage16f3,north,6,52.0,128.500,180.500,walk,975,2601,1.2906,0,0,0,0
stage16f3,north,6,51.0,128.500,179.500,walk,975,2601,1.6214,0,0,0,0
stage16f3,north,6,50.0,128.500,178.500,walk,975,2601,1.3432,0,0,0,0
stage16f3,north,6,49.0,128.500,177.500,walk,975,2601,1.1818,0,0,0,0
stage16f3,north,6,48.0,128.500,176.500,walk,975,2601,1.1418,0,0,0,0
stage16f3,north,6,47.0,128.500,175.500,walk,975,2601,1.0774,51,0,0,0
stage16f3,north,6,46.0,128.500,174.500,walk,975,2601,5.2909,0,0,0,0
stage16f3,north,6,45.0,128.500,173.500,walk,975,2601,1.1448,0,0,0,0
stage16f3,north,6,44.0,128.500,172.500,walk,975,2601,1.0971,0,0,0,0
stage16f3,north,6,43.0,128.500,171.500,walk,975,2601,1.0688,0,0,0,0
stage16f3,north,6,42.0,128.500,170.500,walk,975,2601,1.0820,0,0,0,0
stage16f3,north,6,41.0,128.500,169.500,walk,975,2601,1.2002,0,0,0,0
stage16f3,north,6,40.0,128.500,168.500,walk,975,2601,1.4829,0,0,0,0
stage16f3,north,6,39.0,128.500,167.500,walk,975,2601,1.1213,51,0,0,0
stage16f3,north,6,38.0,128.500,166.500,walk,975,2601,5.1495,0,0,0,0
stage16f3,north,6,37.0,128.500,165.500,walk,975,2601,1.0203,0,0,0,0
stage16f3,north,6,36.0,128.500,164.500,walk,975,2601,1.0017,0,0,0,0
stage16f3,north,6,35.0,128.500,163.500,walk,975,2601,0.9863,0,0,0,0
stage16f3,north,6,34.0,128.500,162.500,walk,975,2601,0.9958,0,0,0,0
stage16f3,north,6,33.0,128.500,161.500,walk,975,2601,1.0087,0,0,0,0
stage16f3,north,6,32.0,128.500,160.500,walk,975,2601,1.0003,0,0,0,0
stage16f3,north,6,31.0,128.500,159.500,walk,975,2601,1.3211,51,0,0,0
stage16f3,north,6,30.0,128.500,158.500,walk,975,2601,5.7157,0,0,0,0
stage16f3,north,6,29.0,128.500,157.500,walk,975,2601,1.1215,0,0,0,0
stage16f3,north,6,28.0,128.500,156.500,walk,975,2601,1.0402,0,0,0,0
stage16f3,north,6,27.0,128.500,155.500,walk,975,2601,0.9858,0,0,0,0
stage16f3,north,6,26.0,128.500,154.500,walk,975,2601,0.9772,0,0,0,0
stage16f3,north,6,25.0,128.500,153.500,walk,975,2601,1.0127,0,0,0,0
stage16f3,north,6,24.0,128.500,152.500,walk,975,2601,0.9999,0,0,0,0
stage16f3,north,6,23.0,128.500,151.500,walk,975,2601,1.0181,51,0,0,0
stage16f3,north,6,22.0,128.500,150.500,walk,975,2601,5.5935,0,0,0,0
stage16f3,north,6,21.0,128.500,149.500,walk,975,2601,1.1317,0,0,0,0
stage16f3,north,6,20.0,128.500,148.500,walk,975,2601,1.1866,0,0,0,0
stage16f3,north,6,19.0,128.500,147.500,walk,975,2601,1.1197,0,0,0,0
stage16f3,north,6,18.0,128.500,146.500,walk,975,2601,1.0582,0,0,0,0
stage16f3,north,6,17.0,128.500,145.500,walk,975,2601,1.2714,0,0,0,0
stage16f3,north,6,16.0,128.500,144.500,walk,975,2601,1.1147,0,0,0,0
stage16f3,north,6,15.0,128.500,143.500,walk,975,2601,1.0879,51,0,0,0
stage16f3,north,6,14.0,128.500,142.500,walk,975,2601,5.4823,0,0,0,0
stage16f3,north,6,13.0,128.500,141.500,walk,975,2601,1.0723,0,0,0,0
stage16f3,north,6,12.0,128.500,140.500,walk,975,2601,1.0642,0,0,0,0
stage16f3,north,6,11.0,128.500,139.500,walk,975,2601,1.1019,0,0,0,0
stage16f3,north,6,10.0,128.500,138.500,walk,975,2601,1.0170,0,0,0,0
stage16f3,north,6,9.0,128.500,137.500,walk,975,2601,0.9546,0,0,0,0
stage16f3,north,6,8.0,128.500,136.500,walk,975,2601,0.9405,0,0,0,0
stage16f3,north,6,7.0,128.500,135.500,walk,975,2601,0.9582,51,0,0,0
stage16f3,north,6,6.0,128.500,134.500,walk,975,2601,5.1229,0,0,0,0
stage16f3,north,6,5.0,128.500,133.500,walk,975,2601,0.9694,0,0,0,0
stage16f3,north,6,4.0,128.500,132.500,walk,975,2601,0.9229,0,0,0,0
stage16f3,north,6,3.0,128.500,131.500,walk,975,2601,1.2638,0,0,0,0
stage16f3,north,6,2.0,128.500,130.500,walk,975,2601,1.1285,0,0,0,0
stage16f3,north,6,1.0,128.500,129.500,walk,975,2601,1.0643,0,0,0,0
stage16f3,north,6,0.0,128.500,128.500,walk,975,2601,1.1890,0,0,0,0
stage16f3,north,7,0.0,128.500,128.500,settle_return,975,2601,0.9149,0,0,0,0
stage16f3,north,7,0.0,128.500,128.500,settle_return,975,2601,0.8884,0,0,0,0
stage16f3,north,7,0.0,128.500,128.500,settle_return,975,2601,1.0034,0,0,0,0
stage16f3,east,1,0.0,128.500,128.500,settle_origin,797,120,0.2672,2481,0,0,0
stage16f3,east,1,0.0,128.500,128.500,settle_origin,797,187,0.2731,2414,0,0,0
stage16f3,east,1,0.0,128.500,128.500,settle_origin,797,272,0.3005,2329,0,0,0
stage16f3,east,1,0.0,128.500,128.500,settle_origin,797,355,0.3296,2246,0,0,0
stage16f3,east,1,0.0,128.500,128.500,settle_origin,797,457,0.6030,2144,0,0,0
stage16f3,east,1,0.0,128.500,128.500,settle_origin,797,592,0.3402,2009,0,0,0
stage16f3,east,1,0.0,128.500,128.500,settle_origin,797,730,0.3614,1871,0,0,0
stage16f3,east,1,0.0,128.500,128.500,settle_origin,797,867,0.5302,1734,0,0,0
stage16f3,east,1,0.0,128.500,128.500,settle_origin,797,994,0.4496,1607,0,0,0
stage16f3,east,1,0.0,128.500,128.500,settle_origin,797,1100,0.6109,1501,0,0,0
stage16f3,east,1,0.0,128.500,128.500,settle_origin,797,1207,0.4841,1394,0,0,0
stage16f3,east,1,0.0,128.500,128.500,settle_origin,797,1340,0.4507,1261,0,0,0
stage16f3,east,1,0.0,128.500,128.500,settle_origin,797,1483,0.7813,1118,0,0,0
stage16f3,east,1,0.0,128.500,128.500,settle_origin,797,1642,0.6412,959,0,0,0
stage16f3,east,1,0.0,128.500,128.500,settle_origin,797,1816,0.6780,785,0,0,0
stage16f3,east,1,0.0,128.500,128.500,settle_origin,797,2039,0.7306,562,0,0,0
stage16f3,east,1,0.0,128.500,128.500,settle_origin,797,2244,0.6774,357,0,0,0
stage16f3,east,1,0.0,128.500,128.500,settle_origin,797,2368,0.7967,233,0,0,0
stage16f3,east,1,0.0,128.500,128.500,settle_origin,797,2573,0.6640,28,0,0,0
stage16f3,east,1,0.0,128.500,128.500,settle_origin,797,2601,0.6554,0,0,0,0
stage16f3,east,1,0.0,128.500,128.500,settle_origin,797,2601,0.6098,0,0,0,0
stage16f3,east,3,1.0,129.500,128.500,walk,830,2601,0.7656,0,1,0,0
stage16f3,east,3,2.0,130.500,128.500,walk,863,2601,0.8502,0,1,0,0
stage16f3,east,3,3.0,131.500,128.500,walk,896,2601,1.0198,0,1,0,0
stage16f3,east,3,4.0,132.500,128.500,walk,929,2601,1.0855,0,1,0,0
stage16f3,east,3,5.0,133.500,128.500,walk,947,2601,1.0165,0,1,0,0
stage16f3,east,3,6.0,134.500,128.500,walk,957,2601,1.1387,0,1,0,0
stage16f3,east,3,7.0,135.500,128.500,walk,963,2601,0.9273,0,1,0,0
stage16f3,east,3,8.0,136.500,128.500,walk,967,2601,0.9193,51,1,0,0
stage16f3,east,3,9.0,137.500,128.500,walk,969,2601,4.9194,0,0,0,0
stage16f3,east,3,10.0,138.500,128.500,walk,971,2601,0.8362,0,0,0,0
stage16f3,east,3,11.0,139.500,128.500,walk,973,2601,0.8105,0,0,0,0
stage16f3,east,3,12.0,140.500,128.500,walk,975,2601,0.7936,0,0,0,0
stage16f3,east,3,13.0,141.500,128.500,walk,975,2601,0.8461,0,0,0,0
stage16f3,east,3,14.0,142.500,128.500,walk,975,2601,0.9037,0,0,0,0
stage16f3,east,3,15.0,143.500,128.500,walk,975,2601,1.2353,0,0,0,0
stage16f3,east,3,16.0,144.500,128.500,walk,975,2601,1.2432,51,0,0,0
stage16f3,east,3,17.0,145.500,128.500,walk,975,2601,6.3847,0,0,0,0
stage16f3,east,3,18.0,146.500,128.500,walk,975,2601,1.2812,0,0,0,0
stage16f3,east,3,19.0,147.500,128.500,walk,975,2601,1.2593,0,0,0,0
stage16f3,east,3,20.0,148.500,128.500,walk,975,2601,1.2791,0,0,0,0
stage16f3,east,3,21.0,149.500,128.500,walk,975,2601,1.3107,0,0,0,0
stage16f3,east,3,22.0,150.500,128.500,walk,975,2601,1.3399,0,0,0,0
stage16f3,east,3,23.0,151.500,128.500,walk,975,2601,1.4933,0,0,0,0
stage16f3,east,3,24.0,152.500,128.500,walk,975,2601,1.3951,51,0,0,0
stage16f3,east,3,25.0,153.500,128.500,walk,975,2563,2.7928,38,0,0,0
stage16f3,east,3,26.0,154.500,128.500,walk,975,2566,2.5029,35,0,0,0
stage16f3,east,3,27.0,155.500,128.500,walk,975,2568,1.6526,33,0,0,0
stage16f3,east,3,28.0,156.500,128.500,walk,975,2571,1.7432,30,0,0,0
stage16f3,east,3,29.0,157.500,128.500,walk,975,2574,1.6865,27,0,0,0
stage16f3,east,3,30.0,158.500,128.500,walk,975,2577,1.6627,24,0,0,0
stage16f3,east,3,31.0,159.500,128.500,walk,975,2579,1.6831,22,0,0,0
stage16f3,east,3,32.0,160.500,128.500,walk,975,2580,1.5893,72,0,0,0
stage16f3,east,3,33.0,161.500,128.500,walk,975,2529,1.7920,72,0,0,0
stage16f3,east,3,34.0,162.500,128.500,walk,975,2529,1.5390,72,0,0,0
stage16f3,east,3,35.0,163.500,128.500,walk,975,2531,2.6029,70,0,0,0
stage16f3,east,3,36.0,164.500,128.500,walk,975,2533,1.9273,68,0,0,0
stage16f3,east,3,37.0,165.500,128.500,walk,975,2533,1.5647,68,0,0,0
stage16f3,east,3,38.0,166.500,128.500,walk,975,2534,1.5697,67,0,0,0
stage16f3,east,3,39.0,167.500,128.500,walk,975,2539,1.8779,62,0,0,0
stage16f3,east,3,40.0,168.500,128.500,walk,975,2543,2.1110,109,0,0,0
stage16f3,east,3,41.0,169.500,128.500,walk,975,2495,1.8593,106,0,0,0
stage16f3,east,3,42.0,170.500,128.500,walk,975,2499,1.8946,102,0,0,0
stage16f3,east,3,43.0,171.500,128.500,walk,975,2499,1.5381,102,0,0,0
stage16f3,east,3,44.0,172.500,128.500,walk,975,2499,1.6104,102,0,0,0
stage16f3,east,3,45.0,173.500,128.500,walk,975,2499,1.4621,102,0,0,0
stage16f3,east,3,46.0,174.500,128.500,walk,975,2499,1.3199,102,0,0,0
stage16f3,east,3,47.0,175.500,128.500,walk,975,2499,1.2987,102,0,0,0
stage16f3,east,3,48.0,176.500,128.500,walk,975,2499,1.2413,153,0,0,0
stage16f3,east,3,49.0,177.500,128.500,walk,975,2448,1.2310,153,0,0,0
stage16f3,east,3,50.0,178.500,128.500,walk,975,2448,1.2497,153,0,0,0
stage16f3,east,3,51.0,179.500,128.500,walk,975,2448,1.1975,153,0,0,0
stage16f3,east,3,52.0,180.500,128.500,walk,975,2448,1.0960,153,0,0,0
stage16f3,east,3,53.0,181.500,128.500,walk,975,2448,1.0417,153,0,0,0
stage16f3,east,3,54.0,182.500,128.500,walk,975,2448,1.0445,153,0,0,0
stage16f3,east,3,55.0,183.500,128.500,walk,975,2448,1.0026,153,0,0,0
stage16f3,east,3,56.0,184.500,128.500,walk,975,2448,0.9844,204,0,0,0
stage16f3,east,3,57.0,185.500,128.500,walk,975,2397,1.1330,204,0,0,0
stage16f3,east,3,58.0,186.500,128.500,walk,975,2397,1.4046,204,0,0,0
stage16f3,east,3,59.0,187.500,128.500,walk,975,2397,1.4818,204,0,0,0
stage16f3,east,3,60.0,188.500,128.500,walk,975,2397,0.9620,204,0,0,0
stage16f3,east,3,61.0,189.500,128.500,walk,975,2397,0.9468,204,0,0,0
stage16f3,east,3,62.0,190.500,128.500,walk,975,2397,0.9315,204,0,0,0
stage16f3,east,3,63.0,191.500,128.500,walk,975,2397,0.9294,204,0,0,0
stage16f3,east,3,64.0,192.500,128.500,walk,975,2397,1.0239,255,0,0,0
stage16f3,east,3,66.0,194.500,128.500,sprint,973,2346,0.9512,255,0,0,0
stage16f3,east,3,68.0,196.500,128.500,sprint,971,2346,1.0524,255,0,0,0
stage16f3,east,3,70.0,198.500,128.500,sprint,969,2346,1.0049,255,0,0,0
stage16f3,east,3,72.0,200.500,128.500,sprint,967,2346,0.9860,306,0,0,0
stage16f3,east,3,74.0,202.500,128.500,sprint,965,2295,0.9971,306,0,0,0
stage16f3,east,3,76.0,204.500,128.500,sprint,963,2295,0.9772,306,0,0,0
stage16f3,east,3,78.0,206.500,128.500,sprint,963,2295,0.9537,306,0,0,0
stage16f3,east,3,80.0,208.500,128.500,sprint,963,2295,0.9951,357,0,0,0
stage16f3,east,3,82.0,210.500,128.500,sprint,963,2244,1.1490,357,0,0,0
stage16f3,east,3,84.0,212.500,128.500,sprint,963,2244,1.4389,357,0,0,0
stage16f3,east,3,86.0,214.500,128.500,sprint,963,2244,1.4692,357,0,0,0
stage16f3,east,3,88.0,216.500,128.500,sprint,963,2244,0.9974,408,0,0,0
stage16f3,east,3,90.0,218.500,128.500,sprint,963,2193,0.9973,408,0,0,0
stage16f3,east,3,92.0,220.500,128.500,sprint,963,2193,1.0293,408,0,0,0
stage16f3,east,3,94.0,222.500,128.500,sprint,963,2193,1.2155,408,0,0,0
stage16f3,east,3,96.0,224.500,128.500,sprint,963,2193,1.1023,459,0,0,0
stage16f3,east,3,98.0,226.500,128.500,sprint,963,2142,1.0053,459,0,0,0
stage16f3,east,3,100.0,228.500,128.500,sprint,963,2142,0.9728,459,0,0,0
stage16f3,east,3,102.0,230.500,128.500,sprint,963,2142,0.9672,459,0,0,0
stage16f3,east,3,104.0,232.500,128.500,sprint,963,2142,1.1480,510,0,0,0
stage16f3,east,3,106.0,234.500,128.500,sprint,963,2091,1.0637,510,0,0,0
stage16f3,east,3,108.0,236.500,128.500,sprint,963,2091,1.0786,510,0,0,0
stage16f3,east,3,110.0,238.500,128.500,sprint,963,2091,1.0107,510,0,0,0
stage16f3,east,3,112.0,240.500,128.500,sprint,963,2091,1.0319,561,0,0,0
stage16f3,east,3,114.0,242.500,128.500,sprint,963,2040,1.0322,561,0,0,0
stage16f3,east,3,116.0,244.500,128.500,sprint,963,2040,1.3761,561,0,0,0
stage16f3,east,3,118.0,246.500,128.500,sprint,963,2040,1.1880,561,0,0,0
stage16f3,east,3,120.0,248.500,128.500,sprint,963,2040,1.1167,612,0,0,0
stage16f3,east,3,122.0,250.500,128.500,sprint,963,1989,1.3386,612,0,0,0
stage16f3,east,3,124.0,252.500,128.500,sprint,963,1989,1.4102,612,0,0,0
stage16f3,east,3,126.0,254.500,128.500,sprint,963,1989,1.5869,612,0,0,0
stage16f3,east,3,128.0,256.500,128.500,sprint,963,1989,2.0396,663,0,0,0
stage16f3,east,3,132.0,260.500,128.500,free_fly,961,1942,2.2953,659,0,0,0
stage16f3,east,3,136.0,264.500,128.500,free_fly,959,1945,4.0848,707,0,0,0
stage16f3,east,3,140.0,268.500,128.500,free_fly,957,1894,4.1913,707,0,0,0
stage16f3,east,3,144.0,272.500,128.500,free_fly,957,1898,3.9277,754,0,0,0
stage16f3,east,3,148.0,276.500,128.500,free_fly,957,1848,3.7372,753,0,0,0
stage16f3,east,3,152.0,280.500,128.500,free_fly,957,1850,4.2871,802,0,0,0
stage16f3,east,3,156.0,284.500,128.500,free_fly,957,1807,5.0817,794,0,0,0
stage16f3,east,3,160.0,288.500,128.500,free_fly,957,1813,5.1767,839,0,0,0
stage16f3,east,3,164.0,292.500,128.500,free_fly,957,1762,4.7548,839,0,0,0
stage16f3,east,3,168.0,296.500,128.500,free_fly,957,1766,5.0104,886,0,0,0
stage16f3,east,3,172.0,300.500,128.500,free_fly,957,1720,4.6149,881,0,0,0
stage16f3,east,3,176.0,304.500,128.500,free_fly,957,1727,3.3200,925,0,0,0
stage16f3,east,3,180.0,308.500,128.500,free_fly,957,1682,2.6372,919,0,0,0
stage16f3,east,3,184.0,312.500,128.500,free_fly,957,1683,1.8616,969,0,0,0
stage16f3,east,3,188.0,316.500,128.500,free_fly,957,1632,1.8242,969,0,0,0
stage16f3,east,3,192.0,320.500,128.500,free_fly,957,1632,1.6070,1020,0,0,0
stage16f3,east,3,196.0,324.500,128.500,free_fly,957,1581,1.2924,1020,0,0,0
stage16f3,east,3,200.0,328.500,128.500,free_fly,957,1581,1.2884,1071,0,0,0
stage16f3,east,3,204.0,332.500,128.500,free_fly,957,1530,1.2411,1071,0,0,0
stage16f3,east,3,208.0,336.500,128.500,free_fly,957,1530,1.2414,1122,0,0,0
stage16f3,east,3,212.0,340.500,128.500,free_fly,957,1479,1.2943,1122,0,0,0
stage16f3,east,3,216.0,344.500,128.500,free_fly,957,1479,1.3025,1173,0,0,0
stage16f3,east,3,220.0,348.500,128.500,free_fly,957,1428,1.2434,1173,0,0,0
stage16f3,east,3,224.0,352.500,128.500,free_fly,957,1428,1.2422,1224,0,0,0
stage16f3,east,3,228.0,356.500,128.500,free_fly,957,1377,1.2664,1224,0,0,0
stage16f3,east,3,232.0,360.500,128.500,free_fly,957,1377,1.4746,1275,0,0,0
stage16f3,east,3,236.0,364.500,128.500,free_fly,957,1326,1.7588,1275,0,0,0
stage16f3,east,3,240.0,368.500,128.500,free_fly,957,1326,3.6767,1326,0,0,0
stage16f3,east,3,244.0,372.500,128.500,free_fly,957,1275,4.4399,1326,0,0,0
stage16f3,east,3,248.0,376.500,128.500,free_fly,957,1275,4.9689,1377,0,0,0
stage16f3,east,3,252.0,380.500,128.500,free_fly,957,1224,6.6663,1377,0,0,0
stage16f3,east,3,256.0,384.500,128.500,free_fly,957,1224,5.4336,1428,0,0,0
stage16f3,east,3,260.0,388.500,128.500,free_fly,957,1173,5.6802,1428,0,0,0
stage16f3,east,3,264.0,392.500,128.500,free_fly,957,1173,5.6856,1479,0,0,0
stage16f3,east,3,268.0,396.500,128.500,free_fly,957,1122,5.5034,1479,0,0,0
stage16f3,east,3,272.0,400.500,128.500,free_fly,957,1122,5.7408,1530,0,0,0
stage16f3,east,3,276.0,404.500,128.500,free_fly,957,1072,6.1842,1529,0,0,0
stage16f3,east,3,280.0,408.500,128.500,free_fly,957,1077,6.2538,1575,0,0,0
stage16f3,east,3,284.0,412.500,128.500,free_fly,957,1029,6.2313,1572,0,0,0
stage16f3,east,3,288.0,416.500,128.500,free_fly,957,1033,6.5232,1619,0,0,0
stage16f3,east,3,292.0,420.500,128.500,free_fly,957,991,5.5997,1610,0,0,0
stage16f3,east,3,296.0,424.500,128.500,free_fly,957,996,6.2754,1656,0,0,0
stage16f3,east,3,300.0,428.500,128.500,free_fly,957,945,4.5757,1656,0,0,0
stage16f3,east,3,304.0,432.500,128.500,free_fly,957,948,3.9260,1704,0,0,0
stage16f3,east,3,308.0,436.500,128.500,free_fly,957,897,2.2409,1704,0,0,0
stage16f3,east,3,312.0,440.500,128.500,free_fly,957,898,1.9091,1754,0,0,0
stage16f3,east,3,316.0,444.500,128.500,free_fly,957,849,1.8945,1752,0,0,0
stage16f3,east,3,320.0,448.500,128.500,free_fly,957,854,2.1128,1798,0,0,0
stage16f3,east,3,324.0,452.500,128.500,free_fly,957,806,1.8313,1795,0,0,0
stage16f3,east,3,328.0,456.500,128.500,free_fly,957,810,1.9124,1842,0,0,0
stage16f3,east,3,332.0,460.500,128.500,free_fly,957,762,1.8153,1839,0,0,0
stage16f3,east,3,336.0,464.500,128.500,free_fly,957,763,2.0266,1889,0,0,0
stage16f3,east,3,340.0,468.500,128.500,free_fly,957,712,2.3145,1889,0,0,0
stage16f3,east,3,344.0,472.500,128.500,free_fly,957,713,2.4210,1939,0,0,0
stage16f3,east,3,348.0,476.500,128.500,free_fly,957,663,2.6605,1938,0,0,0
stage16f3,east,3,352.0,480.500,128.500,free_fly,957,663,1.9706,1989,0,0,0
stage16f3,east,3,356.0,484.500,128.500,free_fly,957,612,1.8664,1989,0,0,0
stage16f3,east,3,360.0,488.500,128.500,free_fly,957,612,3.8842,2040,0,0,0
stage16f3,east,3,364.0,492.500,128.500,free_fly,957,561,5.6099,2040,0,0,0
stage16f3,east,3,368.0,496.500,128.500,free_fly,957,561,5.9124,2091,0,0,0
stage16f3,east,3,372.0,500.500,128.500,free_fly,957,510,5.6972,2091,0,0,0
stage16f3,east,3,376.0,504.500,128.500,free_fly,957,510,5.4894,2142,0,0,0
stage16f3,east,3,380.0,508.500,128.500,free_fly,957,459,7.8346,2142,0,0,0
stage16f3,east,3,384.0,512.500,128.500,free_fly,957,459,6.9170,2193,0,0,0
stage16f3,east,3,388.0,516.500,128.500,free_fly,957,408,8.2635,2193,0,0,0
stage16f3,east,3,392.0,520.500,128.500,free_fly,957,408,6.6204,2244,0,0,0
stage16f3,east,3,396.0,524.500,128.500,free_fly,957,361,7.3369,2240,0,0,0
stage16f3,east,3,400.0,528.500,128.500,free_fly,957,364,8.3572,2288,0,0,0
stage16f3,east,3,404.0,532.500,128.500,free_fly,957,315,4.1799,2286,0,0,0
stage16f3,east,3,408.0,536.500,128.500,free_fly,957,317,4.1045,2335,0,0,0
stage16f3,east,4,408.0,536.500,128.500,settle_outer,957,351,0.4446,2250,0,0,0
stage16f3,east,4,408.0,536.500,128.500,settle_outer,957,408,0.4532,2193,0,0,0
stage16f3,east,4,408.0,536.500,128.500,settle_outer,957,461,0.5603,2140,0,0,0
stage16f3,east,4,408.0,536.500,128.500,settle_outer,957,553,0.5341,2048,0,0,0
stage16f3,east,4,408.0,536.500,128.500,settle_outer,957,612,0.5878,1989,0,0,0
stage16f3,east,4,408.0,536.500,128.500,settle_outer,957,714,0.5137,1887,0,0,0
stage16f3,east,4,408.0,536.500,128.500,settle_outer,957,782,0.6124,1819,0,0,0
stage16f3,east,4,408.0,536.500,128.500,settle_outer,957,867,0.6515,1734,0,0,0
stage16f3,east,4,408.0,536.500,128.500,settle_outer,957,934,0.6650,1667,0,0,0
stage16f3,east,4,408.0,536.500,128.500,settle_outer,957,1020,0.5657,1581,0,0,0
stage16f3,east,4,408.0,536.500,128.500,settle_outer,957,1122,0.6116,1479,0,0,0
stage16f3,east,4,408.0,536.500,128.500,settle_outer,957,1214,0.5992,1387,0,0,0
stage16f3,east,4,408.0,536.500,128.500,settle_outer,957,1312,0.8497,1289,0,0,0
stage16f3,east,4,408.0,536.500,128.500,settle_outer,957,1398,0.6582,1203,0,0,0
stage16f3,east,4,408.0,536.500,128.500,settle_outer,957,1495,0.6316,1106,0,0,0
stage16f3,east,4,408.0,536.500,128.500,settle_outer,957,1595,0.7836,1006,0,0,0
stage16f3,east,4,408.0,536.500,128.500,settle_outer,957,1714,0.7228,887,0,0,0
stage16f3,east,4,408.0,536.500,128.500,settle_outer,957,1836,0.8612,765,0,0,0
stage16f3,east,4,408.0,536.500,128.500,settle_outer,957,1929,0.8009,672,0,0,0
stage16f3,east,4,408.0,536.500,128.500,settle_outer,957,2039,0.8124,562,0,0,0
stage16f3,east,4,408.0,536.500,128.500,settle_outer,957,2141,0.8322,460,0,0,0
stage16f3,east,4,408.0,536.500,128.500,settle_outer,957,2244,0.8389,357,0,0,0
stage16f3,east,4,408.0,536.500,128.500,settle_outer,957,2359,0.8431,242,0,0,0
stage16f3,east,4,408.0,536.500,128.500,settle_outer,957,2474,0.9562,127,0,0,0
stage16f3,east,4,408.0,536.500,128.500,settle_outer,957,2601,0.8903,0,0,0,0
stage16f3,east,4,408.0,536.500,128.500,settle_outer,957,2601,0.9512,0,0,0,0
stage16f3,east,6,404.0,532.500,128.500,free_fly,957,2601,1.2594,51,1,0,0
stage16f3,east,6,400.0,528.500,128.500,free_fly,957,2601,4.8425,0,1,0,0
stage16f3,east,6,396.0,524.500,128.500,free_fly,957,2601,3.5710,51,0,0,0
stage16f3,east,6,392.0,520.500,128.500,free_fly,957,2601,9.4329,0,0,0,0
stage16f3,east,6,388.0,516.500,128.500,free_fly,957,2601,4.4788,51,0,0,0
stage16f3,east,6,384.0,512.500,128.500,free_fly,957,2601,9.9149,0,0,0,0
stage16f3,east,6,380.0,508.500,128.500,free_fly,957,2601,3.5057,51,0,0,0
stage16f3,east,6,376.0,504.500,128.500,free_fly,957,2601,6.9957,0,0,0,0
stage16f3,east,6,372.0,500.500,128.500,free_fly,957,2601,2.6330,51,0,0,0
stage16f3,east,6,368.0,496.500,128.500,free_fly,957,2601,6.7038,0,0,0,0
stage16f3,east,6,364.0,492.500,128.500,free_fly,957,2601,1.9100,51,0,0,0
stage16f3,east,6,360.0,488.500,128.500,free_fly,957,2601,5.8744,0,0,0,0
stage16f3,east,6,356.0,484.500,128.500,free_fly,957,2601,1.9044,51,0,0,0
stage16f3,east,6,352.0,480.500,128.500,free_fly,957,2601,6.5728,0,0,0,0
stage16f3,east,6,348.0,476.500,128.500,free_fly,957,2601,1.6622,51,0,0,0
stage16f3,east,6,344.0,472.500,128.500,free_fly,957,2601,5.7497,0,0,0,0
stage16f3,east,6,340.0,468.500,128.500,free_fly,957,2601,1.5665,51,0,0,0
stage16f3,east,6,336.0,464.500,128.500,free_fly,957,2601,6.8300,0,0,0,0
stage16f3,east,6,332.0,460.500,128.500,free_fly,957,2601,1.6390,51,0,0,0
stage16f3,east,6,328.0,456.500,128.500,free_fly,957,2601,5.7433,0,0,0,0
stage16f3,east,6,324.0,452.500,128.500,free_fly,957,2601,1.5703,51,0,0,0
stage16f3,east,6,320.0,448.500,128.500,free_fly,957,2601,6.9555,0,0,0,0
stage16f3,east,6,316.0,444.500,128.500,free_fly,957,2601,2.1972,51,0,0,0
stage16f3,east,6,312.0,440.500,128.500,free_fly,957,2601,7.3348,0,0,0,0
stage16f3,east,6,308.0,436.500,128.500,free_fly,957,2601,4.8143,51,0,0,0
stage16f3,east,6,304.0,432.500,128.500,free_fly,957,2601,8.1631,0,0,0,0
stage16f3,east,6,300.0,428.500,128.500,free_fly,957,2601,3.8088,51,0,0,0
stage16f3,east,6,296.0,424.500,128.500,free_fly,957,2601,10.5639,0,0,0,0
stage16f3,east,6,292.0,420.500,128.500,free_fly,957,2601,4.1658,51,0,0,0
stage16f3,east,6,288.0,416.500,128.500,free_fly,957,2601,9.7177,0,0,0,0
stage16f3,east,6,284.0,412.500,128.500,free_fly,957,2601,4.1503,51,0,0,0
stage16f3,east,6,280.0,408.500,128.500,free_fly,957,2601,9.6997,0,0,0,0
stage16f3,east,6,276.0,404.500,128.500,free_fly,957,2601,4.1615,51,0,0,0
stage16f3,east,6,272.0,400.500,128.500,free_fly,957,2601,8.7001,0,0,0,0
stage16f3,east,6,268.0,396.500,128.500,free_fly,957,2601,5.6152,51,0,0,0
stage16f3,east,6,264.0,392.500,128.500,free_fly,957,2601,8.1321,0,0,0,0
stage16f3,east,6,260.0,388.500,128.500,free_fly,957,2601,2.9587,51,0,0,0
stage16f3,east,6,256.0,384.500,128.500,free_fly,957,2601,7.7024,0,0,0,0
stage16f3,east,6,252.0,380.500,128.500,free_fly,957,2601,2.1569,51,0,0,0
stage16f3,east,6,248.0,376.500,128.500,free_fly,957,2601,11.2307,0,0,0,0
stage16f3,east,6,244.0,372.500,128.500,free_fly,957,2601,2.0833,51,0,0,0
stage16f3,east,6,240.0,368.500,128.500,free_fly,957,2601,6.2923,0,0,0,0
stage16f3,east,6,236.0,364.500,128.500,free_fly,957,2601,1.6926,51,0,0,0
stage16f3,east,6,232.0,360.500,128.500,free_fly,957,2601,6.3565,0,0,0,0
stage16f3,east,6,228.0,356.500,128.500,free_fly,957,2601,1.6189,51,0,0,0
stage16f3,east,6,224.0,352.500,128.500,free_fly,957,2601,5.7678,0,0,0,0
stage16f3,east,6,220.0,348.500,128.500,free_fly,957,2601,1.6421,51,0,0,0
stage16f3,east,6,216.0,344.500,128.500,free_fly,957,2601,6.9810,0,0,0,0
stage16f3,east,6,212.0,340.500,128.500,free_fly,957,2601,1.5576,51,0,0,0
stage16f3,east,6,208.0,336.500,128.500,free_fly,957,2601,5.6742,0,0,0,0
stage16f3,east,6,204.0,332.500,128.500,free_fly,957,2601,1.7503,51,0,0,0
stage16f3,east,6,200.0,328.500,128.500,free_fly,957,2601,6.6490,0,0,0,0
stage16f3,east,6,196.0,324.500,128.500,free_fly,957,2601,2.4387,51,0,0,0
stage16f3,east,6,192.0,320.500,128.500,free_fly,957,2601,7.8646,0,0,0,0
stage16f3,east,6,188.0,316.500,128.500,free_fly,957,2601,4.1607,51,0,0,0
stage16f3,east,6,184.0,312.500,128.500,free_fly,957,2601,9.2797,0,0,0,0
stage16f3,east,6,180.0,308.500,128.500,free_fly,957,2601,4.4665,51,0,0,0
stage16f3,east,6,176.0,304.500,128.500,free_fly,957,2601,9.4443,0,0,0,0
stage16f3,east,6,172.0,300.500,128.500,free_fly,957,2601,4.6378,51,0,0,0
stage16f3,east,6,168.0,296.500,128.500,free_fly,957,2601,9.7122,0,0,0,0
stage16f3,east,6,164.0,292.500,128.500,free_fly,957,2601,4.4848,51,0,0,0
stage16f3,east,6,160.0,288.500,128.500,free_fly,957,2601,9.1359,0,0,0,0
stage16f3,east,6,156.0,284.500,128.500,free_fly,957,2601,5.7536,51,0,0,0
stage16f3,east,6,152.0,280.500,128.500,free_fly,957,2601,7.5803,0,0,0,0
stage16f3,east,6,148.0,276.500,128.500,free_fly,957,2601,3.0873,51,0,0,0
stage16f3,east,6,144.0,272.500,128.500,free_fly,957,2601,7.1024,0,0,0,0
stage16f3,east,6,140.0,268.500,128.500,free_fly,957,2601,1.9502,51,0,0,0
stage16f3,east,6,136.0,264.500,128.500,free_fly,957,2601,5.8775,0,0,0,0
stage16f3,east,6,132.0,260.500,128.500,free_fly,957,2601,2.1737,51,0,0,0
stage16f3,east,6,128.0,256.500,128.500,free_fly,957,2601,6.2624,0,0,0,0
stage16f3,east,6,126.0,254.500,128.500,sprint,957,2601,1.5256,51,0,0,0
stage16f3,east,6,124.0,252.500,128.500,sprint,959,2601,5.3125,0,0,0,0
stage16f3,east,6,122.0,250.500,128.500,sprint,959,2601,1.1705,0,0,0,0
stage16f3,east,6,120.0,248.500,128.500,sprint,961,2601,1.5202,0,0,0,0
stage16f3,east,6,118.0,246.500,128.500,sprint,961,2601,1.9395,51,0,0,0
stage16f3,east,6,116.0,244.500,128.500,sprint,963,2601,5.4249,0,0,0,0
stage16f3,east,6,114.0,242.500,128.500,sprint,963,2601,1.1750,0,0,0,0
stage16f3,east,6,112.0,240.500,128.500,sprint,963,2601,1.1410,0,0,0,0
stage16f3,east,6,110.0,238.500,128.500,sprint,963,2601,1.1448,51,0,0,0
stage16f3,east,6,108.0,236.500,128.500,sprint,963,2601,5.3509,0,0,0,0
stage16f3,east,6,106.0,234.500,128.500,sprint,963,2601,1.8478,0,0,0,0
stage16f3,east,6,104.0,232.500,128.500,sprint,963,2601,1.4756,0,0,0,0
stage16f3,east,6,102.0,230.500,128.500,sprint,963,2601,1.1434,51,0,0,0
stage16f3,east,6,100.0,228.500,128.500,sprint,963,2601,7.2391,0,0,0,0
stage16f3,east,6,98.0,226.500,128.500,sprint,963,2601,1.1296,0,0,0,0
stage16f3,east,6,96.0,224.500,128.500,sprint,963,2601,1.2121,0,0,0,0
stage16f3,east,6,94.0,222.500,128.500,sprint,963,2601,1.1017,51,0,0,0
stage16f3,east,6,92.0,220.500,128.500,sprint,963,2601,6.7426,0,0,0,0
stage16f3,east,6,90.0,218.500,128.500,sprint,963,2601,1.1887,0,0,0,0
stage16f3,east,6,88.0,216.500,128.500,sprint,963,2601,1.1640,0,0,0,0
stage16f3,east,6,86.0,214.500,128.500,sprint,963,2601,1.1377,51,0,0,0
stage16f3,east,6,84.0,212.500,128.500,sprint,963,2601,5.3972,0,0,0,0
stage16f3,east,6,82.0,210.500,128.500,sprint,963,2601,1.1763,0,0,0,0
stage16f3,east,6,80.0,208.500,128.500,sprint,963,2601,1.4743,0,0,0,0
stage16f3,east,6,78.0,206.500,128.500,sprint,963,2601,2.1126,51,0,0,0
stage16f3,east,6,76.0,204.500,128.500,sprint,963,2601,6.1735,0,0,0,0
stage16f3,east,6,74.0,202.500,128.500,sprint,963,2601,1.9452,0,0,0,0
stage16f3,east,6,72.0,200.500,128.500,sprint,963,2601,2.0573,0,0,0,0
stage16f3,east,6,70.0,198.500,128.500,sprint,963,2601,2.1938,51,0,0,0
stage16f3,east,6,68.0,196.500,128.500,sprint,963,2601,6.9137,0,0,0,0
stage16f3,east,6,66.0,194.500,128.500,sprint,963,2601,2.2289,0,0,0,0
stage16f3,east,6,64.0,192.500,128.500,sprint,963,2601,2.2614,0,0,0,0
stage16f3,east,6,63.0,191.500,128.500,walk,963,2601,2.2877,51,0,0,0
stage16f3,east,6,62.0,190.500,128.500,walk,965,2601,6.7785,0,0,0,0
stage16f3,east,6,61.0,189.500,128.500,walk,965,2601,1.7686,0,0,0,0
stage16f3,east,6,60.0,188.500,128.500,walk,967,2601,1.6473,0,0,0,0
stage16f3,east,6,59.0,187.500,128.500,walk,967,2601,1.5930,0,0,0,0
stage16f3,east,6,58.0,186.500,128.500,walk,969,2601,1.7361,0,0,0,0
stage16f3,east,6,57.0,185.500,128.500,walk,969,2601,1.6994,0,0,0,0
stage16f3,east,6,56.0,184.500,128.500,walk,971,2601,1.6131,0,0,0,0
stage16f3,east,6,55.0,183.500,128.500,walk,971,2601,1.7539,51,0,0,0
stage16f3,east,6,54.0,182.500,128.500,walk,973,2601,6.0765,0,0,0,0
stage16f3,east,6,53.0,181.500,128.500,walk,973,2601,1.6260,0,0,0,0
stage16f3,east,6,52.0,180.500,128.500,walk,975,2601,1.6068,0,0,0,0
stage16f3,east,6,51.0,179.500,128.500,walk,975,2601,1.5407,0,0,0,0
stage16f3,east,6,50.0,178.500,128.500,walk,975,2601,1.6091,0,0,0,0
stage16f3,east,6,49.0,177.500,128.500,walk,975,2601,1.6679,0,0,0,0
stage16f3,east,6,48.0,176.500,128.500,walk,975,2601,1.8106,0,0,0,0
stage16f3,east,6,47.0,175.500,128.500,walk,975,2601,1.6676,51,0,0,0
stage16f3,east,6,46.0,174.500,128.500,walk,975,2601,6.3278,0,0,0,0
stage16f3,east,6,45.0,173.500,128.500,walk,975,2601,1.7404,0,0,0,0
stage16f3,east,6,44.0,172.500,128.500,walk,975,2601,1.4981,0,0,0,0
stage16f3,east,6,43.0,171.500,128.500,walk,975,2601,1.4017,0,0,0,0
stage16f3,east,6,42.0,170.500,128.500,walk,975,2601,1.3373,0,0,0,0
stage16f3,east,6,41.0,169.500,128.500,walk,975,2601,1.3375,0,0,0,0
stage16f3,east,6,40.0,168.500,128.500,walk,975,2601,1.3702,0,0,0,0
stage16f3,east,6,39.0,167.500,128.500,walk,975,2601,1.2369,51,0,0,0
stage16f3,east,6,38.0,166.500,128.500,walk,975,2601,6.0398,0,0,0,0
stage16f3,east,6,37.0,165.500,128.500,walk,975,2601,1.2497,0,0,0,0
stage16f3,east,6,36.0,164.500,128.500,walk,975,2601,1.1149,0,0,0,0
stage16f3,east,6,35.0,163.500,128.500,walk,975,2601,1.1009,0,0,0,0
stage16f3,east,6,34.0,162.500,128.500,walk,975,2601,1.0917,0,0,0,0
stage16f3,east,6,33.0,161.500,128.500,walk,975,2601,1.0509,0,0,0,0
stage16f3,east,6,32.0,160.500,128.500,walk,975,2601,1.0838,0,0,0,0
stage16f3,east,6,31.0,159.500,128.500,walk,975,2601,1.1458,51,0,0,0
stage16f3,east,6,30.0,158.500,128.500,walk,975,2601,5.6075,0,0,0,0
stage16f3,east,6,29.0,157.500,128.500,walk,975,2601,1.0889,0,0,0,0
stage16f3,east,6,28.0,156.500,128.500,walk,975,2601,1.3355,0,0,0,0
stage16f3,east,6,27.0,155.500,128.500,walk,975,2601,1.0202,0,0,0,0
stage16f3,east,6,26.0,154.500,128.500,walk,975,2601,1.0286,0,0,0,0
stage16f3,east,6,25.0,153.500,128.500,walk,975,2601,0.9930,0,0,0,0
stage16f3,east,6,24.0,152.500,128.500,walk,975,2601,1.0116,0,0,0,0
stage16f3,east,6,23.0,151.500,128.500,walk,975,2601,0.9825,51,0,0,0
stage16f3,east,6,22.0,150.500,128.500,walk,975,2601,5.4518,0,0,0,0
stage16f3,east,6,21.0,149.500,128.500,walk,975,2601,1.0746,0,0,0,0
stage16f3,east,6,20.0,148.500,128.500,walk,975,2601,0.9830,0,0,0,0
stage16f3,east,6,19.0,147.500,128.500,walk,975,2601,1.0314,0,0,0,0
stage16f3,east,6,18.0,146.500,128.500,walk,975,2601,1.0461,0,0,0,0
stage16f3,east,6,17.0,145.500,128.500,walk,975,2601,1.1388,0,0,0,0
stage16f3,east,6,16.0,144.500,128.500,walk,975,2601,0.9436,0,0,0,0
stage16f3,east,6,15.0,143.500,128.500,walk,975,2601,0.9112,51,0,0,0
stage16f3,east,6,14.0,142.500,128.500,walk,975,2601,5.1392,0,0,0,0
stage16f3,east,6,13.0,141.500,128.500,walk,975,2601,0.9617,0,0,0,0
stage16f3,east,6,12.0,140.500,128.500,walk,975,2601,0.9225,0,0,0,0
stage16f3,east,6,11.0,139.500,128.500,walk,975,2601,0.9180,0,0,0,0
stage16f3,east,6,10.0,138.500,128.500,walk,975,2601,0.9377,0,0,0,0
stage16f3,east,6,9.0,137.500,128.500,walk,975,2601,0.9076,0,0,0,0
stage16f3,east,6,8.0,136.500,128.500,walk,975,2601,0.9095,0,0,0,0
stage16f3,east,6,7.0,135.500,128.500,walk,975,2601,0.9171,51,0,0,0
stage16f3,east,6,6.0,134.500,128.500,walk,975,2601,6.8696,0,0,0,0
stage16f3,east,6,5.0,133.500,128.500,walk,975,2601,1.0371,0,0,0,0
stage16f3,east,6,4.0,132.500,128.500,walk,975,2601,0.9290,0,0,0,0
stage16f3,east,6,3.0,131.500,128.500,walk,975,2601,1.0402,0,0,0,0
stage16f3,east,6,2.0,130.500,128.500,walk,975,2601,0.9324,0,0,0,0
stage16f3,east,6,1.0,129.500,128.500,walk,975,2601,0.9250,0,0,0,0
stage16f3,east,6,0.0,128.500,128.500,walk,975,2601,0.9163,0,0,0,0
stage16f3,east,7,0.0,128.500,128.500,settle_return,975,2601,1.0527,0,0,0,0
stage16f3,east,7,0.0,128.500,128.500,settle_return,975,2601,1.0013,0,0,0,0
stage16f3,east,7,0.0,128.500,128.500,settle_return,975,2601,1.3516,0,0,0,0
stage16f3,east,7,0.0,128.500,128.500,settle_return,975,2601,0.8684,0,0,0,0
stage16f3,east,7,0.0,128.500,128.500,settle_return,975,2601,0.8535,0,0,0,0
stage16f3,east,7,0.0,128.500,128.500,settle_return,975,2601,0.8793,0,0,0,0
stage16f3,east,7,0.0,128.500,128.500,settle_return,975,2601,1.0065,0,0,0,0
stage16f3,east,7,0.0,128.500,128.500,settle_return,975,2601,1.2789,0,0,0,0
stage16f3,south,1,0.0,128.500,128.500,settle_origin,797,123,0.3030,2478,0,0,0
stage16f3,south,1,0.0,128.500,128.500,settle_origin,797,197,0.4714,2404,0,0,0
stage16f3,south,1,0.0,128.500,128.500,settle_origin,797,287,0.3052,2314,0,0,0
stage16f3,south,1,0.0,128.500,128.500,settle_origin,797,393,0.3464,2208,0,0,0
stage16f3,south,1,0.0,128.500,128.500,settle_origin,797,509,0.4710,2092,0,0,0
stage16f3,south,1,0.0,128.500,128.500,settle_origin,797,644,0.3956,1957,0,0,0
stage16f3,south,1,0.0,128.500,128.500,settle_origin,797,787,0.6892,1814,0,0,0
stage16f3,south,1,0.0,128.500,128.500,settle_origin,797,923,0.4064,1678,0,0,0
stage16f3,south,1,0.0,128.500,128.500,settle_origin,797,1051,0.4460,1550,0,0,0
stage16f3,south,1,0.0,128.500,128.500,settle_origin,797,1171,0.4350,1430,0,0,0
stage16f3,south,1,0.0,128.500,128.500,settle_origin,797,1308,0.4741,1293,0,0,0
stage16f3,south,1,0.0,128.500,128.500,settle_origin,797,1445,0.5799,1156,0,0,0
stage16f3,south,1,0.0,128.500,128.500,settle_origin,797,1610,0.6605,991,0,0,0
stage16f3,south,1,0.0,128.500,128.500,settle_origin,797,1786,0.5481,815,0,0,0
stage16f3,south,1,0.0,128.500,128.500,settle_origin,797,2011,0.6805,590,0,0,0
stage16f3,south,1,0.0,128.500,128.500,settle_origin,797,2249,0.9978,352,0,0,0
stage16f3,south,1,0.0,128.500,128.500,settle_origin,797,2391,0.7731,210,0,0,0
stage16f3,south,1,0.0,128.500,128.500,settle_origin,797,2601,0.6193,0,0,0,0
stage16f3,south,1,0.0,128.500,128.500,settle_origin,797,2601,0.6154,0,0,0,0
stage16f3,south,3,1.0,128.500,127.500,walk,830,2601,0.7399,51,1,0,0
stage16f3,south,3,2.0,128.500,126.500,walk,863,2601,5.0442,0,0,0,0
stage16f3,south,3,3.0,128.500,125.500,walk,896,2601,0.8575,0,0,0,0
stage16f3,south,3,4.0,128.500,124.500,walk,929,2601,0.8420,0,0,0,0
stage16f3,south,3,5.0,128.500,123.500,walk,947,2601,0.8060,0,0,0,0
stage16f3,south,3,6.0,128.500,122.500,walk,957,2601,0.8114,0,0,0,0
stage16f3,south,3,7.0,128.500,121.500,walk,963,2601,0.8804,0,0,0,0
stage16f3,south,3,8.0,128.500,120.500,walk,967,2601,0.8069,0,0,0,0
stage16f3,south,3,9.0,128.500,119.500,walk,969,2601,0.7916,51,0,0,0
stage16f3,south,3,10.0,128.500,118.500,walk,971,2601,5.1124,0,0,0,0
stage16f3,south,3,11.0,128.500,117.500,walk,973,2601,0.9853,0,0,0,0
stage16f3,south,3,12.0,128.500,116.500,walk,975,2601,1.1580,0,0,0,0
stage16f3,south,3,13.0,128.500,115.500,walk,975,2601,1.4416,0,0,0,0
stage16f3,south,3,14.0,128.500,114.500,walk,975,2601,0.8581,0,0,0,0
stage16f3,south,3,15.0,128.500,113.500,walk,975,2601,0.8284,0,0,0,0
stage16f3,south,3,16.0,128.500,112.500,walk,975,2601,0.8122,0,0,0,0
stage16f3,south,3,17.0,128.500,111.500,walk,975,2601,0.8260,51,0,0,0
stage16f3,south,3,18.0,128.500,110.500,walk,975,2566,2.3513,35,0,0,0
stage16f3,south,3,19.0,128.500,109.500,walk,975,2567,1.0018,34,0,0,0
stage16f3,south,3,20.0,128.500,108.500,walk,975,2568,0.9081,33,0,0,0
stage16f3,south,3,21.0,128.500,107.500,walk,975,2568,0.9990,33,0,0,0
stage16f3,south,3,22.0,128.500,106.500,walk,975,2568,0.8461,33,0,0,0
stage16f3,south,3,23.0,128.500,105.500,walk,975,2568,0.8288,33,0,0,0
stage16f3,south,3,24.0,128.500,104.500,walk,975,2568,0.8160,33,0,0,0
stage16f3,south,3,25.0,128.500,103.500,walk,975,2568,0.8088,84,0,0,0
stage16f3,south,3,26.0,128.500,102.500,walk,975,2517,0.9784,84,0,0,0
stage16f3,south,3,27.0,128.500,101.500,walk,975,2517,0.9053,84,0,0,0
stage16f3,south,3,28.0,128.500,100.500,walk,975,2520,1.9431,81,0,0,0
stage16f3,south,3,29.0,128.500,99.500,walk,975,2522,1.5912,79,0,0,0
stage16f3,south,3,30.0,128.500,98.500,walk,975,2523,1.2256,78,0,0,0
stage16f3,south,3,31.0,128.500,97.500,walk,975,2525,1.1169,76,0,0,0
stage16f3,south,3,32.0,128.500,96.500,walk,975,2527,1.0821,74,0,0,0
stage16f3,south,3,33.0,128.500,95.500,walk,975,2528,1.0525,124,0,0,0
stage16f3,south,3,34.0,128.500,94.500,walk,975,2478,1.1003,123,0,0,0
stage16f3,south,3,35.0,128.500,93.500,walk,975,2478,1.1712,123,0,0,0
stage16f3,south,3,36.0,128.500,92.500,walk,975,2478,0.8825,123,0,0,0
stage16f3,south,3,37.0,128.500,91.500,walk,975,2479,0.9344,122,0,0,0
stage16f3,south,3,38.0,128.500,90.500,walk,975,2480,0.9294,121,0,0,0
stage16f3,south,3,39.0,128.500,89.500,walk,975,2480,0.8425,121,0,0,0
stage16f3,south,3,40.0,128.500,88.500,walk,975,2480,0.9179,121,0,0,0
stage16f3,south,3,41.0,128.500,87.500,walk,975,2481,1.1172,171,0,0,0
stage16f3,south,3,42.0,128.500,86.500,walk,975,2431,1.3107,170,0,0,0
stage16f3,south,3,43.0,128.500,85.500,walk,975,2431,1.4731,170,0,0,0
stage16f3,south,3,44.0,128.500,84.500,walk,975,2432,1.2489,169,0,0,0
stage16f3,south,3,45.0,128.500,83.500,walk,975,2433,1.2663,168,0,0,0
stage16f3,south,3,46.0,128.500,82.500,walk,975,2435,1.3588,166,0,0,0
stage16f3,south,3,47.0,128.500,81.500,walk,975,2439,1.6444,162,0,0,0
stage16f3,south,3,48.0,128.500,80.500,walk,975,2441,1.5149,160,0,0,0
stage16f3,south,3,49.0,128.500,79.500,walk,975,2444,1.6168,208,0,0,0
stage16f3,south,3,50.0,128.500,78.500,walk,975,2393,1.2657,208,0,0,0
stage16f3,south,3,51.0,128.500,77.500,walk,975,2393,1.2803,208,0,0,0
stage16f3,south,3,52.0,128.500,76.500,walk,975,2394,1.3898,207,0,0,0
stage16f3,south,3,53.0,128.500,75.500,walk,975,2394,1.3070,207,0,0,0
stage16f3,south,3,54.0,128.500,74.500,walk,975,2394,1.4330,207,0,0,0
stage16f3,south,3,55.0,128.500,73.500,walk,975,2396,1.6697,205,0,0,0
stage16f3,south,3,56.0,128.500,72.500,walk,975,2397,1.4649,204,0,0,0
stage16f3,south,3,57.0,128.500,71.500,walk,975,2397,1.3300,255,0,0,0
stage16f3,south,3,58.0,128.500,70.500,walk,975,2346,1.5171,255,0,0,0
stage16f3,south,3,59.0,128.500,69.500,walk,975,2346,1.4142,255,0,0,0
stage16f3,south,3,60.0,128.500,68.500,walk,975,2346,1.4049,255,0,0,0
stage16f3,south,3,61.0,128.500,67.500,walk,975,2346,1.4457,255,0,0,0
stage16f3,south,3,62.0,128.500,66.500,walk,975,2346,1.3946,255,0,0,0
stage16f3,south,3,63.0,128.500,65.500,walk,975,2346,1.4230,255,0,0,0
stage16f3,south,3,64.0,128.500,64.500,walk,975,2346,1.4489,255,0,0,0
stage16f3,south,3,66.0,128.500,62.500,sprint,973,2346,1.4959,306,0,0,0
stage16f3,south,3,68.0,128.500,60.500,sprint,971,2295,2.4436,306,0,0,0
stage16f3,south,3,70.0,128.500,58.500,sprint,969,2295,2.6567,306,0,0,0
stage16f3,south,3,72.0,128.500,56.500,sprint,967,2295,2.4901,306,0,0,0
stage16f3,south,3,74.0,128.500,54.500,sprint,965,2295,2.3670,357,0,0,0
stage16f3,south,3,76.0,128.500,52.500,sprint,963,2244,2.3729,357,0,0,0
stage16f3,south,3,78.0,128.500,50.500,sprint,963,2244,2.2029,357,0,0,0
stage16f3,south,3,80.0,128.500,48.500,sprint,963,2244,2.3199,357,0,0,0
stage16f3,south,3,82.0,128.500,46.500,sprint,963,2244,2.5681,408,0,0,0
stage16f3,south,3,84.0,128.500,44.500,sprint,963,2195,2.7854,406,0,0,0
stage16f3,south,3,86.0,128.500,42.500,sprint,963,2197,2.5607,404,0,0,0
stage16f3,south,3,88.0,128.500,40.500,sprint,963,2197,2.4108,404,0,0,0
stage16f3,south,3,90.0,128.500,38.500,sprint,963,2197,2.3882,455,0,0,0
stage16f3,south,3,92.0,128.500,36.500,sprint,963,2150,2.8448,451,0,0,0
stage16f3,south,3,94.0,128.500,34.500,sprint,963,2153,3.4026,448,0,0,0
stage16f3,south,3,96.0,128.500,32.500,sprint,963,2159,3.5609,442,0,0,0
stage16f3,south,3,98.0,128.500,30.500,sprint,963,2161,2.9087,491,0,0,0
stage16f3,south,3,100.0,128.500,28.500,sprint,963,2110,2.7084,491,0,0,0
stage16f3,south,3,102.0,128.500,26.500,sprint,963,2112,2.8492,489,0,0,0
stage16f3,south,3,104.0,128.500,24.500,sprint,963,2114,2.9376,487,0,0,0
stage16f3,south,3,106.0,128.500,22.500,sprint,963,2118,3.3903,534,0,0,0
stage16f3,south,3,108.0,128.500,20.500,sprint,963,2072,3.1050,529,0,0,0
stage16f3,south,3,110.0,128.500,18.500,sprint,963,2072,2.3196,529,0,0,0
stage16f3,south,3,112.0,128.500,16.500,sprint,963,2073,2.1706,528,0,0,0
stage16f3,south,3,114.0,128.500,14.500,sprint,963,2075,2.1493,577,0,0,0
stage16f3,south,3,116.0,128.500,12.500,sprint,963,2025,2.0060,576,0,0,0
stage16f3,south,3,118.0,128.500,10.500,sprint,963,2028,2.6591,573,0,0,0
stage16f3,south,3,120.0,128.500,8.500,sprint,963,2032,2.1500,569,0,0,0
stage16f3,south,3,122.0,128.500,6.500,sprint,963,2036,2.0745,616,0,0,0
stage16f3,south,3,124.0,128.500,4.500,sprint,963,1986,1.6820,615,0,0,0
stage16f3,south,3,126.0,128.500,2.500,sprint,963,1986,1.5733,615,0,0,0
stage16f3,south,3,128.0,128.500,0.500,sprint,963,1986,1.5049,615,0,0,0
stage16f3,south,3,132.0,128.500,-3.500,free_fly,961,1986,1.4968,666,0,0,0
stage16f3,south,3,136.0,128.500,-7.500,free_fly,959,1936,2.3188,665,0,0,0
stage16f3,south,3,140.0,128.500,-11.500,free_fly,957,1938,2.3358,714,0,0,0
stage16f3,south,3,144.0,128.500,-15.500,free_fly,957,1887,2.0762,714,0,0,0
stage16f3,south,3,148.0,128.500,-19.500,free_fly,957,1887,1.9325,765,0,0,0
stage16f3,south,3,152.0,128.500,-23.500,free_fly,957,1836,1.5343,765,0,0,0
stage16f3,south,3,156.0,128.500,-27.500,free_fly,957,1836,1.4407,816,0,0,0
stage16f3,south,3,160.0,128.500,-31.500,free_fly,957,1785,1.3854,816,0,0,0
stage16f3,south,3,164.0,128.500,-35.500,free_fly,957,1785,1.3422,867,0,0,0
stage16f3,south,3,168.0,128.500,-39.500,free_fly,957,1734,1.3467,867,0,0,0
stage16f3,south,3,172.0,128.500,-43.500,free_fly,957,1734,1.3509,918,0,0,0
stage16f3,south,3,176.0,128.500,-47.500,free_fly,957,1683,1.2946,918,0,0,0
stage16f3,south,3,180.0,128.500,-51.500,free_fly,957,1683,1.3356,969,0,0,0
stage16f3,south,3,184.0,128.500,-55.500,free_fly,957,1632,1.4510,969,0,0,0
stage16f3,south,3,188.0,128.500,-59.500,free_fly,957,1632,1.7864,1020,0,0,0
stage16f3,south,3,192.0,128.500,-63.500,free_fly,957,1581,1.6218,1020,0,0,0
stage16f3,south,3,196.0,128.500,-67.500,free_fly,957,1581,1.3353,1071,0,0,0
stage16f3,south,3,200.0,128.500,-71.500,free_fly,957,1530,1.3669,1071,0,0,0
stage16f3,south,3,204.0,128.500,-75.500,free_fly,957,1530,1.3274,1122,0,0,0
stage16f3,south,3,208.0,128.500,-79.500,free_fly,957,1479,1.3224,1122,0,0,0
stage16f3,south,3,212.0,128.500,-83.500,free_fly,957,1479,1.3271,1173,0,0,0
stage16f3,south,3,216.0,128.500,-87.500,free_fly,957,1428,1.4165,1173,0,0,0
stage16f3,south,3,220.0,128.500,-91.500,free_fly,957,1428,1.5068,1224,0,0,0
stage16f3,south,3,224.0,128.500,-95.500,free_fly,957,1377,2.9293,1224,0,0,0
stage16f3,south,3,228.0,128.500,-99.500,free_fly,957,1382,3.8605,1270,0,0,0
stage16f3,south,3,232.0,128.500,-103.500,free_fly,957,1331,3.6153,1270,0,0,0
stage16f3,south,3,236.0,128.500,-107.500,free_fly,957,1332,4.2893,1320,0,0,0
stage16f3,south,3,240.0,128.500,-111.500,free_fly,957,1288,5.4604,1313,0,0,0
stage16f3,south,3,244.0,128.500,-115.500,free_fly,957,1294,5.7233,1358,0,0,0
stage16f3,south,3,248.0,128.500,-119.500,free_fly,957,1244,5.4206,1357,0,0,0
stage16f3,south,3,252.0,128.500,-123.500,free_fly,957,1250,6.2810,1402,0,0,0
stage16f3,south,3,256.0,128.500,-127.500,free_fly,957,1206,5.5971,1395,0,0,0
stage16f3,south,3,260.0,128.500,-131.500,free_fly,957,1208,5.2788,1444,0,0,0
stage16f3,south,3,264.0,128.500,-135.500,free_fly,957,1161,5.7756,1440,0,0,0
stage16f3,south,3,268.0,128.500,-139.500,free_fly,957,1170,5.6737,1482,0,0,0
stage16f3,south,3,272.0,128.500,-143.500,free_fly,957,1120,4.9101,1481,0,0,0
stage16f3,south,3,276.0,128.500,-147.500,free_fly,957,1121,4.7435,1531,0,0,0
stage16f3,south,3,280.0,128.500,-151.500,free_fly,957,1071,3.5853,1530,0,0,0
stage16f3,south,3,284.0,128.500,-155.500,free_fly,957,1071,2.9674,1581,0,0,0
stage16f3,south,3,288.0,128.500,-159.500,free_fly,957,1020,2.7863,1581,0,0,0
stage16f3,south,3,292.0,128.500,-163.500,free_fly,957,1020,3.5333,1632,0,0,0
stage16f3,south,3,296.0,128.500,-167.500,free_fly,957,969,3.6428,1632,0,0,0
stage16f3,south,3,300.0,128.500,-171.500,free_fly,957,969,2.6751,1683,0,0,0
stage16f3,south,3,304.0,128.500,-175.500,free_fly,957,918,2.4615,1683,0,0,0
stage16f3,south,3,308.0,128.500,-179.500,free_fly,957,918,2.2255,1734,0,0,0
stage16f3,south,3,312.0,128.500,-183.500,free_fly,957,867,2.1855,1734,0,0,0
stage16f3,south,3,316.0,128.500,-187.500,free_fly,957,867,1.9597,1785,0,0,0
stage16f3,south,3,320.0,128.500,-191.500,free_fly,957,816,1.7856,1785,0,0,0
stage16f3,south,3,324.0,128.500,-195.500,free_fly,957,816,1.7171,1836,0,0,0
stage16f3,south,3,328.0,128.500,-199.500,free_fly,957,765,1.6683,1836,0,0,0
stage16f3,south,3,332.0,128.500,-203.500,free_fly,957,765,2.5438,1887,0,0,0
stage16f3,south,3,336.0,128.500,-207.500,free_fly,957,714,1.8001,1887,0,0,0
stage16f3,south,3,340.0,128.500,-211.500,free_fly,957,715,1.7205,1937,0,0,0
stage16f3,south,3,344.0,128.500,-215.500,free_fly,957,667,1.8615,1934,0,0,0
stage16f3,south,3,348.0,128.500,-219.500,free_fly,957,669,1.9825,1983,0,0,0
stage16f3,south,3,352.0,128.500,-223.500,free_fly,957,618,1.6310,1983,0,0,0
stage16f3,south,3,356.0,128.500,-227.500,free_fly,957,618,1.6189,2034,0,0,0
stage16f3,south,3,360.0,128.500,-231.500,free_fly,957,568,1.7395,2033,0,0,0
stage16f3,south,3,364.0,128.500,-235.500,free_fly,957,569,1.7089,2083,0,0,0
stage16f3,south,3,368.0,128.500,-239.500,free_fly,957,520,2.1150,2081,0,0,0
stage16f3,south,3,372.0,128.500,-243.500,free_fly,957,523,1.9648,2129,0,0,0
stage16f3,south,3,376.0,128.500,-247.500,free_fly,957,476,2.1253,2125,0,0,0
stage16f3,south,3,380.0,128.500,-251.500,free_fly,957,479,2.4308,2173,0,0,0
stage16f3,south,3,384.0,128.500,-255.500,free_fly,957,428,1.6685,2173,0,0,0
stage16f3,south,3,388.0,128.500,-259.500,free_fly,957,428,1.6214,2224,0,0,0
stage16f3,south,3,392.0,128.500,-263.500,free_fly,957,377,1.6078,2224,0,0,0
stage16f3,south,3,396.0,128.500,-267.500,free_fly,957,380,1.8595,2272,0,0,0
stage16f3,south,3,400.0,128.500,-271.500,free_fly,957,331,1.8080,2270,0,0,0
stage16f3,south,3,404.0,128.500,-275.500,free_fly,957,334,2.7573,2318,0,0,0
stage16f3,south,3,408.0,128.500,-279.500,free_fly,957,287,3.8275,2314,0,0,0
stage16f3,south,4,408.0,128.500,-279.500,settle_outer,957,357,0.5485,2244,0,0,0
stage16f3,south,4,408.0,128.500,-279.500,settle_outer,957,459,0.4367,2142,0,0,0
stage16f3,south,4,408.0,128.500,-279.500,settle_outer,957,518,0.6901,2083,0,0,0
stage16f3,south,4,408.0,128.500,-279.500,settle_outer,957,612,0.4707,1989,0,0,0
stage16f3,south,4,408.0,128.500,-279.500,settle_outer,957,702,0.9392,1899,0,0,0
stage16f3,south,4,408.0,128.500,-279.500,settle_outer,957,778,0.6010,1823,0,0,0
stage16f3,south,4,408.0,128.500,-279.500,settle_outer,957,867,0.5288,1734,0,0,0
stage16f3,south,4,408.0,128.500,-279.500,settle_outer,957,969,0.5819,1632,0,0,0
stage16f3,south,4,408.0,128.500,-279.500,settle_outer,957,1101,0.5805,1500,0,0,0
stage16f3,south,4,408.0,128.500,-279.500,settle_outer,957,1224,0.5929,1377,0,0,0
stage16f3,south,4,408.0,128.500,-279.500,settle_outer,957,1349,0.7553,1252,0,0,0
stage16f3,south,4,408.0,128.500,-279.500,settle_outer,957,1479,0.6533,1122,0,0,0
stage16f3,south,4,408.0,128.500,-279.500,settle_outer,957,1605,0.6962,996,0,0,0
stage16f3,south,4,408.0,128.500,-279.500,settle_outer,957,1734,0.6981,867,0,0,0
stage16f3,south,4,408.0,128.500,-279.500,settle_outer,957,1836,0.9443,765,0,0,0
stage16f3,south,4,408.0,128.500,-279.500,settle_outer,957,1989,0.8002,612,0,0,0
stage16f3,south,4,408.0,128.500,-279.500,settle_outer,957,2142,0.8079,459,0,0,0
stage16f3,south,4,408.0,128.500,-279.500,settle_outer,957,2298,1.3298,303,0,0,0
stage16f3,south,4,408.0,128.500,-279.500,settle_outer,957,2448,1.3107,153,0,0,0
stage16f3,south,4,408.0,128.500,-279.500,settle_outer,957,2601,0.8984,0,0,0,0
stage16f3,south,6,404.0,128.500,-275.500,free_fly,957,2601,1.2806,0,1,0,0
stage16f3,south,6,400.0,128.500,-271.500,free_fly,957,2601,1.0082,51,1,0,0
stage16f3,south,6,396.0,128.500,-267.500,free_fly,957,2601,5.4514,0,1,0,0
stage16f3,south,6,392.0,128.500,-263.500,free_fly,957,2601,1.6170,51,0,0,0
stage16f3,south,6,388.0,128.500,-259.500,free_fly,957,2601,7.3441,0,0,0,0
stage16f3,south,6,384.0,128.500,-255.500,free_fly,957,2601,2.0920,51,0,0,0
stage16f3,south,6,380.0,128.500,-251.500,free_fly,957,2601,6.1622,0,0,0,0
stage16f3,south,6,376.0,128.500,-247.500,free_fly,957,2601,1.6798,51,0,0,0
stage16f3,south,6,372.0,128.500,-243.500,free_fly,957,2601,6.6101,0,0,0,0
stage16f3,south,6,368.0,128.500,-239.500,free_fly,957,2601,2.1203,51,0,0,0
stage16f3,south,6,364.0,128.500,-235.500,free_fly,957,2601,6.3158,0,0,0,0
stage16f3,south,6,360.0,128.500,-231.500,free_fly,957,2601,1.7777,51,0,0,0
stage16f3,south,6,356.0,128.500,-227.500,free_fly,957,2601,6.4401,0,0,0,0
stage16f3,south,6,352.0,128.500,-223.500,free_fly,957,2601,1.7223,51,0,0,0
stage16f3,south,6,348.0,128.500,-219.500,free_fly,957,2601,5.9986,0,0,0,0
stage16f3,south,6,344.0,128.500,-215.500,free_fly,957,2601,1.6015,51,0,0,0
stage16f3,south,6,340.0,128.500,-211.500,free_fly,957,2601,6.0749,0,0,0,0
stage16f3,south,6,336.0,128.500,-207.500,free_fly,957,2601,1.6554,51,0,0,0
stage16f3,south,6,332.0,128.500,-203.500,free_fly,957,2601,5.9157,0,0,0,0
stage16f3,south,6,328.0,128.500,-199.500,free_fly,957,2601,1.5481,51,0,0,0
stage16f3,south,6,324.0,128.500,-195.500,free_fly,957,2601,7.1878,0,0,0,0
stage16f3,south,6,320.0,128.500,-191.500,free_fly,957,2601,2.1395,51,0,0,0
stage16f3,south,6,316.0,128.500,-187.500,free_fly,957,2601,6.5243,0,0,0,0
stage16f3,south,6,312.0,128.500,-183.500,free_fly,957,2601,2.3675,51,0,0,0
stage16f3,south,6,308.0,128.500,-179.500,free_fly,957,2601,7.0386,0,0,0,0
stage16f3,south,6,304.0,128.500,-175.500,free_fly,957,2601,2.5781,51,0,0,0
stage16f3,south,6,300.0,128.500,-171.500,free_fly,957,2601,6.7555,0,0,0,0
stage16f3,south,6,296.0,128.500,-167.500,free_fly,957,2601,2.7765,51,0,0,0
stage16f3,south,6,292.0,128.500,-163.500,free_fly,957,2601,6.9499,0,0,0,0
stage16f3,south,6,288.0,128.500,-159.500,free_fly,957,2601,3.2587,51,0,0,0
stage16f3,south,6,284.0,128.500,-155.500,free_fly,957,2601,8.3723,0,0,0,0
stage16f3,south,6,280.0,128.500,-151.500,free_fly,957,2601,3.7975,51,0,0,0
stage16f3,south,6,276.0,128.500,-147.500,free_fly,957,2601,8.4658,0,0,0,0
stage16f3,south,6,272.0,128.500,-143.500,free_fly,957,2601,5.7450,51,0,0,0
stage16f3,south,6,268.0,128.500,-139.500,free_fly,957,2601,10.8291,0,0,0,0
stage16f3,south,6,264.0,128.500,-135.500,free_fly,957,2601,4.1377,51,0,0,0
stage16f3,south,6,260.0,128.500,-131.500,free_fly,957,2601,8.0553,0,0,0,0
stage16f3,south,6,256.0,128.500,-127.500,free_fly,957,2601,3.1298,51,0,0,0
stage16f3,south,6,252.0,128.500,-123.500,free_fly,957,2601,7.9346,0,0,0,0
stage16f3,south,6,248.0,128.500,-119.500,free_fly,957,2601,2.5777,51,0,0,0
stage16f3,south,6,244.0,128.500,-115.500,free_fly,957,2601,6.8770,0,0,0,0
stage16f3,south,6,240.0,128.500,-111.500,free_fly,957,2601,2.3874,51,0,0,0
stage16f3,south,6,236.0,128.500,-107.500,free_fly,957,2601,6.6487,0,0,0,0
stage16f3,south,6,232.0,128.500,-103.500,free_fly,957,2601,2.0610,51,0,0,0
stage16f3,south,6,228.0,128.500,-99.500,free_fly,957,2601,6.8428,0,0,0,0
stage16f3,south,6,224.0,128.500,-95.500,free_fly,957,2601,2.6055,51,0,0,0
stage16f3,south,6,220.0,128.500,-91.500,free_fly,957,2601,6.8168,0,0,0,0
stage16f3,south,6,216.0,128.500,-87.500,free_fly,957,2601,1.6380,51,0,0,0
stage16f3,south,6,212.0,128.500,-83.500,free_fly,957,2601,5.8384,0,0,0,0
stage16f3,south,6,208.0,128.500,-79.500,free_fly,957,2601,1.6297,51,0,0,0
stage16f3,south,6,204.0,128.500,-75.500,free_fly,957,2601,6.1069,0,0,0,0
stage16f3,south,6,200.0,128.500,-71.500,free_fly,957,2601,1.8305,51,0,0,0
stage16f3,south,6,196.0,128.500,-67.500,free_fly,957,2601,6.6828,0,0,0,0
stage16f3,south,6,192.0,128.500,-63.500,free_fly,957,2601,1.8504,51,0,0,0
stage16f3,south,6,188.0,128.500,-59.500,free_fly,957,2601,6.3066,0,0,0,0
stage16f3,south,6,184.0,128.500,-55.500,free_fly,957,2601,1.8223,51,0,0,0
stage16f3,south,6,180.0,128.500,-51.500,free_fly,957,2601,6.3706,0,0,0,0
stage16f3,south,6,176.0,128.500,-47.500,free_fly,957,2601,1.8419,51,0,0,0
stage16f3,south,6,172.0,128.500,-43.500,free_fly,957,2601,6.3376,0,0,0,0
stage16f3,south,6,168.0,128.500,-39.500,free_fly,957,2601,1.8261,51,0,0,0
stage16f3,south,6,164.0,128.500,-35.500,free_fly,957,2601,6.3473,0,0,0,0
stage16f3,south,6,160.0,128.500,-31.500,free_fly,957,2601,1.6645,51,0,0,0
stage16f3,south,6,156.0,128.500,-27.500,free_fly,957,2601,10.5712,0,0,0,0
stage16f3,south,6,152.0,128.500,-23.500,free_fly,957,2601,2.6408,51,0,0,0
stage16f3,south,6,148.0,128.500,-19.500,free_fly,957,2601,7.3694,0,0,0,0
stage16f3,south,6,144.0,128.500,-15.500,free_fly,957,2601,3.0952,51,0,0,0
stage16f3,south,6,140.0,128.500,-11.500,free_fly,957,2601,10.6823,0,0,0,0
stage16f3,south,6,136.0,128.500,-7.500,free_fly,957,2601,5.1160,51,0,0,0
stage16f3,south,6,132.0,128.500,-3.500,free_fly,957,2601,8.4859,0,0,0,0
stage16f3,south,6,128.0,128.500,0.500,free_fly,957,2601,4.5367,51,0,0,0
stage16f3,south,6,126.0,128.500,2.500,sprint,957,2601,8.9535,0,0,0,0
stage16f3,south,6,124.0,128.500,4.500,sprint,959,2601,3.0062,0,0,0,0
stage16f3,south,6,122.0,128.500,6.500,sprint,959,2601,3.0648,0,0,0,0
stage16f3,south,6,120.0,128.500,8.500,sprint,961,2601,3.3142,51,0,0,0
stage16f3,south,6,118.0,128.500,10.500,sprint,961,2601,7.4890,0,0,0,0
stage16f3,south,6,116.0,128.500,12.500,sprint,963,2601,2.9379,0,0,0,0
stage16f3,south,6,114.0,128.500,14.500,sprint,963,2601,3.1591,0,0,0,0
stage16f3,south,6,112.0,128.500,16.500,sprint,963,2601,3.3622,51,0,0,0
stage16f3,south,6,110.0,128.500,18.500,sprint,963,2601,7.1556,0,0,0,0
stage16f3,south,6,108.0,128.500,20.500,sprint,963,2601,2.9778,0,0,0,0
stage16f3,south,6,106.0,128.500,22.500,sprint,963,2601,3.0735,0,0,0,0
stage16f3,south,6,104.0,128.500,24.500,sprint,963,2601,3.6739,51,0,0,0
stage16f3,south,6,102.0,128.500,26.500,sprint,963,2601,7.2844,0,0,0,0
stage16f3,south,6,100.0,128.500,28.500,sprint,963,2601,3.2019,0,0,0,0
stage16f3,south,6,98.0,128.500,30.500,sprint,963,2601,3.7852,0,0,0,0
stage16f3,south,6,96.0,128.500,32.500,sprint,963,2601,3.1650,51,0,0,0
stage16f3,south,6,94.0,128.500,34.500,sprint,963,2601,7.3365,0,0,0,0
stage16f3,south,6,92.0,128.500,36.500,sprint,963,2601,2.5418,0,0,0,0
stage16f3,south,6,90.0,128.500,38.500,sprint,963,2601,2.6223,0,0,0,0
stage16f3,south,6,88.0,128.500,40.500,sprint,963,2601,2.4565,51,0,0,0
stage16f3,south,6,86.0,128.500,42.500,sprint,963,2601,6.3733,0,0,0,0
stage16f3,south,6,84.0,128.500,44.500,sprint,963,2601,2.1715,0,0,0,0
stage16f3,south,6,82.0,128.500,46.500,sprint,963,2601,2.0861,0,0,0,0
stage16f3,south,6,80.0,128.500,48.500,sprint,963,2601,2.0531,51,0,0,0
stage16f3,south,6,78.0,128.500,50.500,sprint,963,2601,6.6347,0,0,0,0
stage16f3,south,6,76.0,128.500,52.500,sprint,963,2601,1.9296,0,0,0,0
stage16f3,south,6,74.0,128.500,54.500,sprint,963,2601,1.8156,0,0,0,0
stage16f3,south,6,72.0,128.500,56.500,sprint,963,2601,1.7382,51,0,0,0
stage16f3,south,6,70.0,128.500,58.500,sprint,963,2601,6.6987,0,0,0,0
stage16f3,south,6,68.0,128.500,60.500,sprint,963,2601,1.8949,0,0,0,0
stage16f3,south,6,66.0,128.500,62.500,sprint,963,2601,1.6360,0,0,0,0
stage16f3,south,6,64.0,128.500,64.500,sprint,963,2601,1.5369,51,0,0,0
stage16f3,south,6,63.0,128.500,65.500,walk,963,2601,5.7651,0,0,0,0
stage16f3,south,6,62.0,128.500,66.500,walk,965,2601,1.5569,0,0,0,0
stage16f3,south,6,61.0,128.500,67.500,walk,965,2601,1.2616,0,0,0,0
stage16f3,south,6,60.0,128.500,68.500,walk,967,2601,1.2608,0,0,0,0
stage16f3,south,6,59.0,128.500,69.500,walk,967,2601,1.1699,0,0,0,0
stage16f3,south,6,58.0,128.500,70.500,walk,969,2601,1.3342,0,0,0,0
stage16f3,south,6,57.0,128.500,71.500,walk,969,2601,1.2863,0,0,0,0
stage16f3,south,6,56.0,128.500,72.500,walk,971,2601,1.2713,51,0,0,0
stage16f3,south,6,55.0,128.500,73.500,walk,971,2601,5.6808,0,0,0,0
stage16f3,south,6,54.0,128.500,74.500,walk,973,2601,1.2256,0,0,0,0
stage16f3,south,6,53.0,128.500,75.500,walk,973,2601,1.1443,0,0,0,0
stage16f3,south,6,52.0,128.500,76.500,walk,975,2601,1.2642,0,0,0,0
stage16f3,south,6,51.0,128.500,77.500,walk,975,2601,1.1557,0,0,0,0
stage16f3,south,6,50.0,128.500,78.500,walk,975,2601,1.2084,0,0,0,0
stage16f3,south,6,49.0,128.500,79.500,walk,975,2601,1.1110,0,0,0,0
stage16f3,south,6,48.0,128.500,80.500,walk,975,2601,1.1302,51,0,0,0
stage16f3,south,6,47.0,128.500,81.500,walk,975,2601,5.2693,0,0,0,0
stage16f3,south,6,46.0,128.500,82.500,walk,975,2601,1.0564,0,0,0,0
stage16f3,south,6,45.0,128.500,83.500,walk,975,2601,1.0273,0,0,0,0
stage16f3,south,6,44.0,128.500,84.500,walk,975,2601,1.0270,0,0,0,0
stage16f3,south,6,43.0,128.500,85.500,walk,975,2601,1.1269,0,0,0,0
stage16f3,south,6,42.0,128.500,86.500,walk,975,2601,1.1816,0,0,0,0
stage16f3,south,6,41.0,128.500,87.500,walk,975,2601,1.3659,0,0,0,0
stage16f3,south,6,40.0,128.500,88.500,walk,975,2601,1.0826,51,0,0,0
stage16f3,south,6,39.0,128.500,89.500,walk,975,2601,5.4542,0,0,0,0
stage16f3,south,6,38.0,128.500,90.500,walk,975,2601,1.0422,0,0,0,0
stage16f3,south,6,37.0,128.500,91.500,walk,975,2601,1.0264,0,0,0,0
stage16f3,south,6,36.0,128.500,92.500,walk,975,2601,1.0172,0,0,0,0
stage16f3,south,6,35.0,128.500,93.500,walk,975,2601,1.0153,0,0,0,0
stage16f3,south,6,34.0,128.500,94.500,walk,975,2601,1.0612,0,0,0,0
stage16f3,south,6,33.0,128.500,95.500,walk,975,2601,1.0259,0,0,0,0
stage16f3,south,6,32.0,128.500,96.500,walk,975,2601,1.0678,51,0,0,0
stage16f3,south,6,31.0,128.500,97.500,walk,975,2601,5.4545,0,0,0,0
stage16f3,south,6,30.0,128.500,98.500,walk,975,2601,1.8083,0,0,0,0
stage16f3,south,6,29.0,128.500,99.500,walk,975,2601,1.1781,0,0,0,0
stage16f3,south,6,28.0,128.500,100.500,walk,975,2601,1.0668,0,0,0,0
stage16f3,south,6,27.0,128.500,101.500,walk,975,2601,1.0692,0,0,0,0
stage16f3,south,6,26.0,128.500,102.500,walk,975,2601,1.0760,0,0,0,0
stage16f3,south,6,25.0,128.500,103.500,walk,975,2601,1.0444,0,0,0,0
stage16f3,south,6,24.0,128.500,104.500,walk,975,2601,1.1297,51,0,0,0
stage16f3,south,6,23.0,128.500,105.500,walk,975,2601,5.4931,0,0,0,0
stage16f3,south,6,22.0,128.500,106.500,walk,975,2601,1.1093,0,0,0,0
stage16f3,south,6,21.0,128.500,107.500,walk,975,2601,1.1680,0,0,0,0
stage16f3,south,6,20.0,128.500,108.500,walk,975,2601,1.8551,0,0,0,0
stage16f3,south,6,19.0,128.500,109.500,walk,975,2601,1.4586,0,0,0,0
stage16f3,south,6,18.0,128.500,110.500,walk,975,2601,1.3370,0,0,0,0
stage16f3,south,6,17.0,128.500,111.500,walk,975,2601,1.3588,0,0,0,0
stage16f3,south,6,16.0,128.500,112.500,walk,975,2601,1.3526,51,0,0,0
stage16f3,south,6,15.0,128.500,113.500,walk,975,2601,5.5757,0,0,0,0
stage16f3,south,6,14.0,128.500,114.500,walk,975,2601,1.0998,0,0,0,0
stage16f3,south,6,13.0,128.500,115.500,walk,975,2601,1.0049,0,0,0,0
stage16f3,south,6,12.0,128.500,116.500,walk,975,2601,1.0468,0,0,0,0
stage16f3,south,6,11.0,128.500,117.500,walk,975,2601,1.0995,0,0,0,0
stage16f3,south,6,10.0,128.500,118.500,walk,975,2601,1.1331,0,0,0,0
stage16f3,south,6,9.0,128.500,119.500,walk,975,2601,1.3030,0,0,0,0
stage16f3,south,6,8.0,128.500,120.500,walk,975,2601,1.0094,51,0,0,0
stage16f3,south,6,7.0,128.500,121.500,walk,975,2601,5.3372,0,0,0,0
stage16f3,south,6,6.0,128.500,122.500,walk,975,2601,1.0751,0,0,0,0
stage16f3,south,6,5.0,128.500,123.500,walk,975,2601,1.0282,0,0,0,0
stage16f3,south,6,4.0,128.500,124.500,walk,975,2601,1.0099,0,0,0,0
stage16f3,south,6,3.0,128.500,125.500,walk,975,2601,1.0117,0,0,0,0
stage16f3,south,6,2.0,128.500,126.500,walk,975,2601,1.0015,0,0,0,0
stage16f3,south,6,1.0,128.500,127.500,walk,975,2601,1.0088,0,0,0,0
stage16f3,south,6,0.0,128.500,128.500,walk,975,2601,1.1006,51,0,0,0
stage16f3,south,7,0.0,128.500,128.500,settle_return,975,2601,0.9283,0,0,0,0
stage16f3,south,7,0.0,128.500,128.500,settle_return,975,2601,0.8897,0,0,0,0
stage16f3,south,7,0.0,128.500,128.500,settle_return,975,2601,0.8913,0,0,0,0
stage16f3,south,7,0.0,128.500,128.500,settle_return,975,2601,1.0495,0,0,0,0
stage16f3,west,1,0.0,128.500,128.500,settle_origin,797,127,0.3750,2474,0,0,0
stage16f3,west,1,0.0,128.500,128.500,settle_origin,797,214,0.4095,2387,0,0,0
stage16f3,west,1,0.0,128.500,128.500,settle_origin,797,296,0.3226,2305,0,0,0
stage16f3,west,1,0.0,128.500,128.500,settle_origin,797,402,0.3417,2199,0,0,0
stage16f3,west,1,0.0,128.500,128.500,settle_origin,797,539,0.4462,2062,0,0,0
stage16f3,west,1,0.0,128.500,128.500,settle_origin,797,691,0.5810,1910,0,0,0
stage16f3,west,1,0.0,128.500,128.500,settle_origin,797,832,0.4476,1769,0,0,0
stage16f3,west,1,0.0,128.500,128.500,settle_origin,797,977,0.4501,1624,0,0,0
stage16f3,west,1,0.0,128.500,128.500,settle_origin,797,1098,0.7304,1503,0,0,0
stage16f3,west,1,0.0,128.500,128.500,settle_origin,797,1228,0.7967,1373,0,0,0
stage16f3,west,1,0.0,128.500,128.500,settle_origin,797,1376,0.6553,1225,0,0,0
stage16f3,west,1,0.0,128.500,128.500,settle_origin,797,1541,0.5337,1060,0,0,0
stage16f3,west,1,0.0,128.500,128.500,settle_origin,797,1719,0.5465,882,0,0,0
stage16f3,west,1,0.0,128.500,128.500,settle_origin,797,1919,0.6840,682,0,0,0
stage16f3,west,1,0.0,128.500,128.500,settle_origin,797,2178,0.7358,423,0,0,0
stage16f3,west,1,0.0,128.500,128.500,settle_origin,797,2333,0.9786,268,0,0,0
stage16f3,west,1,0.0,128.500,128.500,settle_origin,797,2543,1.0848,58,0,0,0
stage16f3,west,1,0.0,128.500,128.500,settle_origin,797,2601,0.6410,0,0,0,0
stage16f3,west,1,0.0,128.500,128.500,settle_origin,797,2601,0.8477,0,0,0,0
stage16f3,west,3,1.0,127.500,128.500,walk,830,2601,0.7553,51,1,0,0
stage16f3,west,3,2.0,126.500,128.500,walk,863,2601,5.1927,0,0,0,0
stage16f3,west,3,3.0,125.500,128.500,walk,896,2601,1.2936,0,0,0,0
stage16f3,west,3,4.0,124.500,128.500,walk,929,2601,1.1205,0,0,0,0
stage16f3,west,3,5.0,123.500,128.500,walk,947,2601,0.8639,0,0,0,0
stage16f3,west,3,6.0,122.500,128.500,walk,957,2601,0.8349,0,0,0,0
stage16f3,west,3,7.0,121.500,128.500,walk,963,2601,0.8425,0,0,0,0
stage16f3,west,3,8.0,120.500,128.500,walk,967,2601,0.8453,0,0,0,0
stage16f3,west,3,9.0,119.500,128.500,walk,969,2601,1.0698,51,0,0,0
stage16f3,west,3,10.0,118.500,128.500,walk,971,2601,5.2431,0,0,0,0
stage16f3,west,3,11.0,117.500,128.500,walk,973,2601,0.9348,0,0,0,0
stage16f3,west,3,12.0,116.500,128.500,walk,975,2601,0.9368,0,0,0,0
stage16f3,west,3,13.0,115.500,128.500,walk,975,2601,0.9348,0,0,0,0
stage16f3,west,3,14.0,114.500,128.500,walk,975,2601,0.9133,0,0,0,0
stage16f3,west,3,15.0,113.500,128.500,walk,975,2601,0.9319,0,0,0,0
stage16f3,west,3,16.0,112.500,128.500,walk,975,2601,1.2887,0,0,0,0
stage16f3,west,3,17.0,111.500,128.500,walk,975,2601,0.9453,51,0,0,0
stage16f3,west,3,18.0,110.500,128.500,walk,975,2562,2.2258,39,0,0,0
stage16f3,west,3,19.0,109.500,128.500,walk,975,2565,1.2939,36,0,0,0
stage16f3,west,3,20.0,108.500,128.500,walk,975,2568,1.1367,33,0,0,0
stage16f3,west,3,21.0,107.500,128.500,walk,975,2570,1.0132,31,0,0,0
stage16f3,west,3,22.0,106.500,128.500,walk,975,2572,1.0131,29,0,0,0
stage16f3,west,3,23.0,105.500,128.500,walk,975,2574,1.0650,27,0,0,0
stage16f3,west,3,24.0,104.500,128.500,walk,975,2576,1.0331,25,0,0,0
stage16f3,west,3,25.0,103.500,128.500,walk,975,2576,0.9312,76,0,0,0
stage16f3,west,3,26.0,102.500,128.500,walk,975,2526,1.2317,75,0,0,0
stage16f3,west,3,27.0,101.500,128.500,walk,975,2526,0.8833,75,0,0,0
stage16f3,west,3,28.0,100.500,128.500,walk,975,2526,0.8563,75,0,0,0
stage16f3,west,3,29.0,99.500,128.500,walk,975,2526,0.8508,75,0,0,0
stage16f3,west,3,30.0,98.500,128.500,walk,975,2526,1.0050,75,0,0,0
stage16f3,west,3,31.0,97.500,128.500,walk,975,2527,1.1690,74,0,0,0
stage16f3,west,3,32.0,96.500,128.500,walk,975,2527,1.1013,74,0,0,0
stage16f3,west,3,33.0,95.500,128.500,walk,975,2528,1.2572,124,0,0,0
stage16f3,west,3,34.0,94.500,128.500,walk,975,2478,1.2961,123,0,0,0
stage16f3,west,3,35.0,93.500,128.500,walk,975,2478,1.4181,123,0,0,0
stage16f3,west,3,36.0,92.500,128.500,walk,975,2479,1.3663,122,0,0,0
stage16f3,west,3,37.0,91.500,128.500,walk,975,2479,1.3485,122,0,0,0
stage16f3,west,3,38.0,90.500,128.500,walk,975,2480,1.4853,121,0,0,0
stage16f3,west,3,39.0,89.500,128.500,walk,975,2482,1.7605,119,0,0,0
stage16f3,west,3,40.0,88.500,128.500,walk,975,2485,1.9688,116,0,0,0
stage16f3,west,3,41.0,87.500,128.500,walk,975,2489,2.0396,163,0,0,0
stage16f3,west,3,42.0,86.500,128.500,walk,975,2442,2.1802,159,0,0,0
stage16f3,west,3,43.0,85.500,128.500,walk,975,2446,2.0806,155,0,0,0
stage16f3,west,3,44.0,84.500,128.500,walk,975,2446,1.5364,155,0,0,0
stage16f3,west,3,45.0,83.500,128.500,walk,975,2447,1.6486,154,0,0,0
stage16f3,west,3,46.0,82.500,128.500,walk,975,2447,1.5603,154,0,0,0
stage16f3,west,3,47.0,81.500,128.500,walk,975,2447,1.5567,154,0,0,0
stage16f3,west,3,48.0,80.500,128.500,walk,975,2447,1.5311,154,0,0,0
stage16f3,west,3,49.0,79.500,128.500,walk,975,2448,1.6029,204,0,0,0
stage16f3,west,3,50.0,78.500,128.500,walk,975,2397,1.6050,204,0,0,0
stage16f3,west,3,51.0,77.500,128.500,walk,975,2397,1.8088,204,0,0,0
stage16f3,west,3,52.0,76.500,128.500,walk,975,2397,2.0423,204,0,0,0
stage16f3,west,3,53.0,75.500,128.500,walk,975,2397,1.8145,204,0,0,0
stage16f3,west,3,54.0,74.500,128.500,walk,975,2397,1.5861,204,0,0,0
stage16f3,west,3,55.0,73.500,128.500,walk,975,2397,1.4996,204,0,0,0
stage16f3,west,3,56.0,72.500,128.500,walk,975,2397,1.4427,204,0,0,0
stage16f3,west,3,57.0,71.500,128.500,walk,975,2397,1.4391,255,0,0,0
stage16f3,west,3,58.0,70.500,128.500,walk,975,2346,1.4488,255,0,0,0
stage16f3,west,3,59.0,69.500,128.500,walk,975,2346,1.4546,255,0,0,0
stage16f3,west,3,60.0,68.500,128.500,walk,975,2346,1.5376,255,0,0,0
stage16f3,west,3,61.0,67.500,128.500,walk,975,2346,1.6700,255,0,0,0
stage16f3,west,3,62.0,66.500,128.500,walk,975,2346,2.5261,255,0,0,0
stage16f3,west,3,63.0,65.500,128.500,walk,975,2346,2.4084,255,0,0,0
stage16f3,west,3,64.0,64.500,128.500,walk,975,2346,2.1593,255,0,0,0
stage16f3,west,3,66.0,62.500,128.500,sprint,973,2346,1.7573,306,0,0,0
stage16f3,west,3,68.0,60.500,128.500,sprint,971,2295,2.8718,306,0,0,0
stage16f3,west,3,70.0,58.500,128.500,sprint,969,2295,2.8577,306,0,0,0
stage16f3,west,3,72.0,56.500,128.500,sprint,967,2295,3.1787,306,0,0,0
stage16f3,west,3,74.0,54.500,128.500,sprint,965,2295,3.0080,357,0,0,0
stage16f3,west,3,76.0,52.500,128.500,sprint,963,2244,2.5214,357,0,0,0
stage16f3,west,3,78.0,50.500,128.500,sprint,963,2244,2.0374,357,0,0,0
stage16f3,west,3,80.0,48.500,128.500,sprint,963,2244,1.7784,357,0,0,0
stage16f3,west,3,82.0,46.500,128.500,sprint,963,2245,1.7352,407,0,0,0
stage16f3,west,3,84.0,44.500,128.500,sprint,963,2197,1.7599,404,0,0,0
stage16f3,west,3,86.0,42.500,128.500,sprint,963,2199,1.7631,402,0,0,0
stage16f3,west,3,88.0,40.500,128.500,sprint,963,2200,1.4827,401,0,0,0
stage16f3,west,3,90.0,38.500,128.500,sprint,963,2200,1.5943,452,0,0,0
stage16f3,west,3,92.0,36.500,128.500,sprint,963,2149,1.2824,452,0,0,0
stage16f3,west,3,94.0,34.500,128.500,sprint,963,2149,1.2105,452,0,0,0
stage16f3,west,3,96.0,32.500,128.500,sprint,963,2150,1.1550,451,0,0,0
stage16f3,west,3,98.0,30.500,128.500,sprint,963,2150,1.0482,502,0,0,0
stage16f3,west,3,100.0,28.500,128.500,sprint,963,2102,1.3190,499,0,0,0
stage16f3,west,3,102.0,26.500,128.500,sprint,963,2102,1.0154,499,0,0,0
stage16f3,west,3,104.0,24.500,128.500,sprint,963,2102,1.0722,499,0,0,0
stage16f3,west,3,106.0,22.500,128.500,sprint,963,2102,1.0121,550,0,0,0
stage16f3,west,3,108.0,20.500,128.500,sprint,963,2052,1.1163,549,0,0,0
stage16f3,west,3,110.0,18.500,128.500,sprint,963,2052,1.0166,549,0,0,0
stage16f3,west,3,112.0,16.500,128.500,sprint,963,2052,1.1794,549,0,0,0
stage16f3,west,3,114.0,14.500,128.500,sprint,963,2052,1.0264,600,0,0,0
stage16f3,west,3,116.0,12.500,128.500,sprint,963,2002,1.3079,599,0,0,0
stage16f3,west,3,118.0,10.500,128.500,sprint,963,2004,1.7487,597,0,0,0
stage16f3,west,3,120.0,8.500,128.500,sprint,963,2006,1.5832,595,0,0,0
stage16f3,west,3,122.0,6.500,128.500,sprint,963,2009,1.2634,643,0,0,0
stage16f3,west,3,124.0,4.500,128.500,sprint,963,1962,1.3781,639,0,0,0
stage16f3,west,3,126.0,2.500,128.500,sprint,963,1964,1.1930,637,0,0,0
stage16f3,west,3,128.0,0.500,128.500,sprint,963,1966,1.2623,635,0,0,0
stage16f3,west,3,132.0,-3.500,128.500,free_fly,961,1966,1.0025,686,0,0,0
stage16f3,west,3,136.0,-7.500,128.500,free_fly,959,1915,1.4264,686,0,0,0
stage16f3,west,3,140.0,-11.500,128.500,free_fly,957,1916,1.6217,736,0,0,0
stage16f3,west,3,144.0,-15.500,128.500,free_fly,957,1865,1.4619,736,0,0,0
stage16f3,west,3,148.0,-19.500,128.500,free_fly,957,1867,1.5847,785,0,0,0
stage16f3,west,3,152.0,-23.500,128.500,free_fly,957,1817,3.3724,784,0,0,0
stage16f3,west,3,156.0,-27.500,128.500,free_fly,957,1817,3.4947,835,0,0,0
stage16f3,west,3,160.0,-31.500,128.500,free_fly,957,1770,3.8982,831,0,0,0
stage16f3,west,3,164.0,-35.500,128.500,free_fly,957,1780,4.7363,872,0,0,0
stage16f3,west,3,168.0,-39.500,128.500,free_fly,957,1734,4.5382,867,0,0,0
stage16f3,west,3,172.0,-43.500,128.500,free_fly,957,1734,3.8751,918,0,0,0
stage16f3,west,3,176.0,-47.500,128.500,free_fly,957,1683,3.9285,918,0,0,0
stage16f3,west,3,180.0,-51.500,128.500,free_fly,957,1683,4.2202,969,0,0,0
stage16f3,west,3,184.0,-55.500,128.500,free_fly,957,1632,5.2579,969,0,0,0
stage16f3,west,3,188.0,-59.500,128.500,free_fly,957,1632,4.4366,1020,0,0,0
stage16f3,west,3,192.0,-63.500,128.500,free_fly,957,1581,4.5959,1020,0,0,0
stage16f3,west,3,196.0,-67.500,128.500,free_fly,957,1581,3.3872,1071,0,0,0
stage16f3,west,3,200.0,-71.500,128.500,free_fly,957,1530,2.7551,1071,0,0,0
stage16f3,west,3,204.0,-75.500,128.500,free_fly,957,1530,2.2815,1122,0,0,0
stage16f3,west,3,208.0,-79.500,128.500,free_fly,957,1479,1.9452,1122,0,0,0
stage16f3,west,3,212.0,-83.500,128.500,free_fly,957,1479,1.7335,1173,0,0,0
stage16f3,west,3,216.0,-87.500,128.500,free_fly,957,1428,1.6483,1173,0,0,0
stage16f3,west,3,220.0,-91.500,128.500,free_fly,957,1428,1.5837,1224,0,0,0
stage16f3,west,3,224.0,-95.500,128.500,free_fly,957,1377,1.6255,1224,0,0,0
stage16f3,west,3,228.0,-99.500,128.500,free_fly,957,1377,1.6295,1275,0,0,0
stage16f3,west,3,232.0,-103.500,128.500,free_fly,957,1326,1.7433,1275,0,0,0
stage16f3,west,3,236.0,-107.500,128.500,free_fly,957,1326,1.8427,1326,0,0,0
stage16f3,west,3,240.0,-111.500,128.500,free_fly,957,1275,2.0158,1326,0,0,0
stage16f3,west,3,244.0,-115.500,128.500,free_fly,957,1275,1.7080,1377,0,0,0
stage16f3,west,3,248.0,-119.500,128.500,free_fly,957,1224,1.6802,1377,0,0,0
stage16f3,west,3,252.0,-123.500,128.500,free_fly,957,1225,1.9132,1427,0,0,0
stage16f3,west,3,256.0,-127.500,128.500,free_fly,957,1178,2.1588,1423,0,0,0
stage16f3,west,3,260.0,-131.500,128.500,free_fly,957,1181,1.9432,1471,0,0,0
stage16f3,west,3,264.0,-135.500,128.500,free_fly,957,1130,1.6912,1471,0,0,0
stage16f3,west,3,268.0,-139.500,128.500,free_fly,957,1130,1.6659,1522,0,0,0
stage16f3,west,3,272.0,-143.500,128.500,free_fly,957,1081,3.4679,1520,0,0,0
stage16f3,west,3,276.0,-147.500,128.500,free_fly,957,1084,5.5441,1568,0,0,0
stage16f3,west,3,280.0,-151.500,128.500,free_fly,957,1036,5.8056,1565,0,0,0
stage16f3,west,3,284.0,-155.500,128.500,free_fly,957,1048,7.1916,1604,0,0,0
stage16f3,west,3,288.0,-159.500,128.500,free_fly,957,999,6.7158,1602,0,0,0
stage16f3,west,3,292.0,-163.500,128.500,free_fly,957,1002,7.3325,1650,0,0,0
stage16f3,west,3,296.0,-167.500,128.500,free_fly,957,960,7.7429,1641,0,0,0
stage16f3,west,3,300.0,-171.500,128.500,free_fly,957,969,6.7790,1683,0,0,0
stage16f3,west,3,304.0,-175.500,128.500,free_fly,957,918,5.6433,1683,0,0,0
stage16f3,west,3,308.0,-179.500,128.500,free_fly,957,918,4.0406,1734,0,0,0
stage16f3,west,3,312.0,-183.500,128.500,free_fly,957,867,3.5210,1734,0,0,0
stage16f3,west,3,316.0,-187.500,128.500,free_fly,957,867,3.0769,1785,0,0,0
stage16f3,west,3,320.0,-191.500,128.500,free_fly,957,816,2.9358,1785,0,0,0
stage16f3,west,3,324.0,-195.500,128.500,free_fly,957,816,2.8070,1836,0,0,0
stage16f3,west,3,328.0,-199.500,128.500,free_fly,957,765,1.9697,1836,0,0,0
stage16f3,west,3,332.0,-203.500,128.500,free_fly,957,765,1.7944,1887,0,0,0
stage16f3,west,3,336.0,-207.500,128.500,free_fly,957,714,1.7128,1887,0,0,0
stage16f3,west,3,340.0,-211.500,128.500,free_fly,957,714,1.7116,1938,0,0,0
stage16f3,west,3,344.0,-215.500,128.500,free_fly,957,663,1.6958,1938,0,0,0
stage16f3,west,3,348.0,-219.500,128.500,free_fly,957,663,1.6579,1989,0,0,0
stage16f3,west,3,352.0,-223.500,128.500,free_fly,957,612,2.0054,1989,0,0,0
stage16f3,west,3,356.0,-227.500,128.500,free_fly,957,612,2.4081,2040,0,0,0
stage16f3,west,3,360.0,-231.500,128.500,free_fly,957,561,1.6646,2040,0,0,0
stage16f3,west,3,364.0,-235.500,128.500,free_fly,957,561,1.6580,2091,0,0,0
stage16f3,west,3,368.0,-239.500,128.500,free_fly,957,510,1.6256,2091,0,0,0
stage16f3,west,3,372.0,-243.500,128.500,free_fly,957,510,1.6323,2142,0,0,0
stage16f3,west,3,376.0,-247.500,128.500,free_fly,957,459,1.7003,2142,0,0,0
stage16f3,west,3,380.0,-251.500,128.500,free_fly,957,459,1.6210,2193,0,0,0
stage16f3,west,3,384.0,-255.500,128.500,free_fly,957,408,1.6226,2193,0,0,0
stage16f3,west,3,388.0,-259.500,128.500,free_fly,957,408,1.7523,2244,0,0,0
stage16f3,west,3,392.0,-263.500,128.500,free_fly,957,357,4.0261,2244,0,0,0
stage16f3,west,3,396.0,-267.500,128.500,free_fly,957,365,5.3011,2287,0,0,0
stage16f3,west,3,400.0,-271.500,128.500,free_fly,957,316,5.8856,2285,0,0,0
stage16f3,west,3,404.0,-275.500,128.500,free_fly,957,320,7.5024,2332,0,0,0
stage16f3,west,3,408.0,-279.500,128.500,free_fly,957,272,6.9085,2329,0,0,0
stage16f3,west,4,408.0,-279.500,128.500,settle_outer,957,357,0.4621,2244,0,0,0
stage16f3,west,4,408.0,-279.500,128.500,settle_outer,957,408,0.4572,2193,0,0,0
stage16f3,west,4,408.0,-279.500,128.500,settle_outer,957,478,0.4802,2123,0,0,0
stage16f3,west,4,408.0,-279.500,128.500,settle_outer,957,561,0.5986,2040,0,0,0
stage16f3,west,4,408.0,-279.500,128.500,settle_outer,957,612,0.5562,1989,0,0,0
stage16f3,west,4,408.0,-279.500,128.500,settle_outer,957,714,0.5962,1887,0,0,0
stage16f3,west,4,408.0,-279.500,128.500,settle_outer,957,769,0.7404,1832,0,0,0
stage16f3,west,4,408.0,-279.500,128.500,settle_outer,957,867,0.5879,1734,0,0,0
stage16f3,west,4,408.0,-279.500,128.500,settle_outer,957,968,0.8378,1633,0,0,0
stage16f3,west,4,408.0,-279.500,128.500,settle_outer,957,1050,0.7499,1551,0,0,0
stage16f3,west,4,408.0,-279.500,128.500,settle_outer,957,1144,1.0804,1457,0,0,0
stage16f3,west,4,408.0,-279.500,128.500,settle_outer,957,1241,0.7159,1360,0,0,0
stage16f3,west,4,408.0,-279.500,128.500,settle_outer,957,1330,0.6766,1271,0,0,0
stage16f3,west,4,408.0,-279.500,128.500,settle_outer,957,1428,0.8252,1173,0,0,0
stage16f3,west,4,408.0,-279.500,128.500,settle_outer,957,1530,0.8691,1071,0,0,0
stage16f3,west,4,408.0,-279.500,128.500,settle_outer,957,1632,0.8197,969,0,0,0
stage16f3,west,4,408.0,-279.500,128.500,settle_outer,957,1734,0.7720,867,0,0,0
stage16f3,west,4,408.0,-279.500,128.500,settle_outer,957,1850,0.7641,751,0,0,0
stage16f3,west,4,408.0,-279.500,128.500,settle_outer,957,1955,0.7825,646,0,0,0
stage16f3,west,4,408.0,-279.500,128.500,settle_outer,957,2059,0.7894,542,0,0,0
stage16f3,west,4,408.0,-279.500,128.500,settle_outer,957,2185,1.4952,416,0,0,0
stage16f3,west,4,408.0,-279.500,128.500,settle_outer,957,2295,0.8604,306,0,0,0
stage16f3,west,4,408.0,-279.500,128.500,settle_outer,957,2431,1.2028,170,0,0,0
stage16f3,west,4,408.0,-279.500,128.500,settle_outer,957,2550,1.2717,51,0,0,0
stage16f3,west,4,408.0,-279.500,128.500,settle_outer,957,2601,1.6197,0,0,0,0
stage16f3,west,6,404.0,-275.500,128.500,free_fly,957,2601,2.7037,0,1,0,0
stage16f3,west,6,400.0,-271.500,128.500,free_fly,957,2601,1.6729,51,1,0,0
stage16f3,west,6,396.0,-267.500,128.500,free_fly,957,2601,6.4078,0,1,0,0
stage16f3,west,6,392.0,-263.500,128.500,free_fly,957,2601,2.1571,51,0,0,0
stage16f3,west,6,388.0,-259.500,128.500,free_fly,957,2601,6.9024,0,0,0,0
stage16f3,west,6,384.0,-255.500,128.500,free_fly,957,2601,2.0547,51,0,0,0
stage16f3,west,6,380.0,-251.500,128.500,free_fly,957,2601,9.1495,0,0,0,0
stage16f3,west,6,376.0,-247.500,128.500,free_fly,957,2601,4.4487,51,0,0,0
stage16f3,west,6,372.0,-243.500,128.500,free_fly,957,2601,9.2380,0,0,0,0
stage16f3,west,6,368.0,-239.500,128.500,free_fly,957,2601,2.5474,51,0,0,0
stage16f3,west,6,364.0,-235.500,128.500,free_fly,957,2601,9.9679,0,0,0,0
stage16f3,west,6,360.0,-231.500,128.500,free_fly,957,2601,2.2024,51,0,0,0
stage16f3,west,6,356.0,-227.500,128.500,free_fly,957,2601,7.0505,0,0,0,0
stage16f3,west,6,352.0,-223.500,128.500,free_fly,957,2601,1.8535,51,0,0,0
stage16f3,west,6,348.0,-219.500,128.500,free_fly,957,2601,7.0184,0,0,0,0
stage16f3,west,6,344.0,-215.500,128.500,free_fly,957,2601,1.8512,51,0,0,0
stage16f3,west,6,340.0,-211.500,128.500,free_fly,957,2601,7.0750,0,0,0,0
stage16f3,west,6,336.0,-207.500,128.500,free_fly,957,2601,2.3701,51,0,0,0
stage16f3,west,6,332.0,-203.500,128.500,free_fly,957,2601,10.2703,0,0,0,0
stage16f3,west,6,328.0,-199.500,128.500,free_fly,957,2601,4.8342,51,0,0,0
stage16f3,west,6,324.0,-195.500,128.500,free_fly,957,2601,8.2514,0,0,0,0
stage16f3,west,6,320.0,-191.500,128.500,free_fly,957,2601,4.0210,51,0,0,0
stage16f3,west,6,316.0,-187.500,128.500,free_fly,957,2601,9.8823,0,0,0,0
stage16f3,west,6,312.0,-183.500,128.500,free_fly,957,2601,4.4181,51,0,0,0
stage16f3,west,6,308.0,-179.500,128.500,free_fly,957,2601,10.2755,0,0,0,0
stage16f3,west,6,304.0,-175.500,128.500,free_fly,957,2601,4.8729,51,0,0,0
stage16f3,west,6,300.0,-171.500,128.500,free_fly,957,2601,11.9779,0,0,0,0
stage16f3,west,6,296.0,-167.500,128.500,free_fly,957,2601,6.8673,51,0,0,0
stage16f3,west,6,292.0,-163.500,128.500,free_fly,957,2601,8.2933,0,0,0,0
stage16f3,west,6,288.0,-159.500,128.500,free_fly,957,2601,2.7646,51,0,0,0
stage16f3,west,6,284.0,-155.500,128.500,free_fly,957,2601,6.9986,0,0,0,0
stage16f3,west,6,280.0,-151.500,128.500,free_fly,957,2601,2.4184,51,0,0,0
stage16f3,west,6,276.0,-147.500,128.500,free_fly,957,2601,6.4948,0,0,0,0
stage16f3,west,6,272.0,-143.500,128.500,free_fly,957,2601,1.6708,51,0,0,0
stage16f3,west,6,268.0,-139.500,128.500,free_fly,957,2601,6.3588,0,0,0,0
stage16f3,west,6,264.0,-135.500,128.500,free_fly,957,2601,2.1751,51,0,0,0
stage16f3,west,6,260.0,-131.500,128.500,free_fly,957,2601,6.2811,0,0,0,0
stage16f3,west,6,256.0,-127.500,128.500,free_fly,957,2601,1.6376,51,0,0,0
stage16f3,west,6,252.0,-123.500,128.500,free_fly,957,2601,6.4047,0,0,0,0
stage16f3,west,6,248.0,-119.500,128.500,free_fly,957,2601,2.1532,51,0,0,0
stage16f3,west,6,244.0,-115.500,128.500,free_fly,957,2601,6.6389,0,0,0,0
stage16f3,west,6,240.0,-111.500,128.500,free_fly,957,2601,1.8008,51,0,0,0
stage16f3,west,6,236.0,-107.500,128.500,free_fly,957,2601,9.9494,0,0,0,0
stage16f3,west,6,232.0,-103.500,128.500,free_fly,957,2601,2.7127,51,0,0,0
stage16f3,west,6,228.0,-99.500,128.500,free_fly,957,2601,9.2338,0,0,0,0
stage16f3,west,6,224.0,-95.500,128.500,free_fly,957,2601,2.3070,51,0,0,0
stage16f3,west,6,220.0,-91.500,128.500,free_fly,957,2601,8.3313,0,0,0,0
stage16f3,west,6,216.0,-87.500,128.500,free_fly,957,2601,5.0076,51,0,0,0
stage16f3,west,6,212.0,-83.500,128.500,free_fly,957,2601,13.8871,0,0,0,0
stage16f3,west,6,208.0,-79.500,128.500,free_fly,957,2601,7.3180,51,0,0,0
stage16f3,west,6,204.0,-75.500,128.500,free_fly,957,2601,14.4659,0,0,0,0
stage16f3,west,6,200.0,-71.500,128.500,free_fly,957,2601,7.0843,51,0,0,0
stage16f3,west,6,196.0,-67.500,128.500,free_fly,957,2601,9.6634,0,0,0,0
stage16f3,west,6,192.0,-63.500,128.500,free_fly,957,2601,5.7991,51,0,0,0
stage16f3,west,6,188.0,-59.500,128.500,free_fly,957,2601,9.8540,0,0,0,0
stage16f3,west,6,184.0,-55.500,128.500,free_fly,957,2601,6.8965,51,0,0,0
stage16f3,west,6,180.0,-51.500,128.500,free_fly,957,2601,12.3552,0,0,0,0
stage16f3,west,6,176.0,-47.500,128.500,free_fly,957,2601,10.2046,51,0,0,0
stage16f3,west,6,172.0,-43.500,128.500,free_fly,957,2601,11.4892,0,0,0,0
stage16f3,west,6,168.0,-39.500,128.500,free_fly,957,2601,2.9641,51,0,0,0
stage16f3,west,6,164.0,-35.500,128.500,free_fly,957,2601,11.4726,0,0,0,0
stage16f3,west,6,160.0,-31.500,128.500,free_fly,957,2601,2.0694,51,0,0,0
stage16f3,west,6,156.0,-27.500,128.500,free_fly,957,2601,6.2180,0,0,0,0
stage16f3,west,6,152.0,-23.500,128.500,free_fly,957,2601,1.6302,51,0,0,0
stage16f3,west,6,148.0,-19.500,128.500,free_fly,957,2601,7.2909,0,0,0,0
stage16f3,west,6,144.0,-15.500,128.500,free_fly,957,2601,1.6930,51,0,0,0
stage16f3,west,6,140.0,-11.500,128.500,free_fly,957,2601,6.7846,0,0,0,0
stage16f3,west,6,136.0,-7.500,128.500,free_fly,957,2601,1.6310,51,0,0,0
stage16f3,west,6,132.0,-3.500,128.500,free_fly,957,2601,7.0228,0,0,0,0
stage16f3,west,6,128.0,0.500,128.500,free_fly,957,2601,1.6182,51,0,0,0
stage16f3,west,6,126.0,2.500,128.500,sprint,957,2601,6.2761,0,0,0,0
stage16f3,west,6,124.0,4.500,128.500,sprint,959,2601,1.5875,0,0,0,0
stage16f3,west,6,122.0,6.500,128.500,sprint,959,2601,1.3736,0,0,0,0
stage16f3,west,6,120.0,8.500,128.500,sprint,961,2601,1.4249,51,0,0,0
stage16f3,west,6,118.0,10.500,128.500,sprint,961,2601,6.2021,0,0,0,0
stage16f3,west,6,116.0,12.500,128.500,sprint,963,2601,1.3300,0,0,0,0
stage16f3,west,6,114.0,14.500,128.500,sprint,963,2601,1.3451,0,0,0,0
stage16f3,west,6,112.0,16.500,128.500,sprint,963,2601,1.3108,51,0,0,0
stage16f3,west,6,110.0,18.500,128.500,sprint,963,2601,6.8877,0,0,0,0
stage16f3,west,6,108.0,20.500,128.500,sprint,963,2601,1.8195,0,0,0,0
stage16f3,west,6,106.0,22.500,128.500,sprint,963,2601,1.5440,0,0,0,0
stage16f3,west,6,104.0,24.500,128.500,sprint,963,2601,1.8590,51,0,0,0
stage16f3,west,6,102.0,26.500,128.500,sprint,963,2601,6.8914,0,0,0,0
stage16f3,west,6,100.0,28.500,128.500,sprint,963,2601,2.5402,0,0,0,0
stage16f3,west,6,98.0,30.500,128.500,sprint,963,2601,3.8760,0,0,0,0
stage16f3,west,6,96.0,32.500,128.500,sprint,963,2601,3.4087,51,0,0,0
stage16f3,west,6,94.0,34.500,128.500,sprint,963,2601,8.1940,0,0,0,0
stage16f3,west,6,92.0,36.500,128.500,sprint,963,2601,4.2120,0,0,0,0
stage16f3,west,6,90.0,38.500,128.500,sprint,963,2601,3.1568,0,0,0,0
stage16f3,west,6,88.0,40.500,128.500,sprint,963,2601,3.1084,51,0,0,0
stage16f3,west,6,86.0,42.500,128.500,sprint,963,2601,7.6377,0,0,0,0
stage16f3,west,6,84.0,44.500,128.500,sprint,963,2601,3.6506,0,0,0,0
stage16f3,west,6,82.0,46.500,128.500,sprint,963,2601,4.2116,0,0,0,0
stage16f3,west,6,80.0,48.500,128.500,sprint,963,2601,3.2756,51,0,0,0
stage16f3,west,6,78.0,50.500,128.500,sprint,963,2601,10.9532,0,0,0,0
stage16f3,west,6,76.0,52.500,128.500,sprint,963,2601,5.0678,0,0,0,0
stage16f3,west,6,74.0,54.500,128.500,sprint,963,2601,5.0653,0,0,0,0
stage16f3,west,6,72.0,56.500,128.500,sprint,963,2601,4.3948,51,0,0,0
stage16f3,west,6,70.0,58.500,128.500,sprint,963,2601,11.7976,0,0,0,0
stage16f3,west,6,68.0,60.500,128.500,sprint,963,2601,4.1270,0,0,0,0
stage16f3,west,6,66.0,62.500,128.500,sprint,963,2601,3.4733,0,0,0,0
stage16f3,west,6,64.0,64.500,128.500,sprint,963,2601,3.1298,51,0,0,0
stage16f3,west,6,63.0,65.500,128.500,walk,963,2601,9.4878,0,0,0,0
stage16f3,west,6,62.0,66.500,128.500,walk,965,2601,2.0063,0,0,0,0
stage16f3,west,6,61.0,67.500,128.500,walk,965,2601,1.9673,0,0,0,0
stage16f3,west,6,60.0,68.500,128.500,walk,967,2601,1.9132,0,0,0,0
stage16f3,west,6,59.0,69.500,128.500,walk,967,2601,2.1809,0,0,0,0
stage16f3,west,6,58.0,70.500,128.500,walk,969,2601,1.7980,0,0,0,0
stage16f3,west,6,57.0,71.500,128.500,walk,969,2601,1.6269,0,0,0,0
stage16f3,west,6,56.0,72.500,128.500,walk,971,2601,1.5847,51,0,0,0
stage16f3,west,6,55.0,73.500,128.500,walk,971,2601,8.6780,0,0,0,0
stage16f3,west,6,54.0,74.500,128.500,walk,973,2601,1.5884,0,0,0,0
stage16f3,west,6,53.0,75.500,128.500,walk,973,2601,1.5643,0,0,0,0
stage16f3,west,6,52.0,76.500,128.500,walk,975,2601,1.2338,0,0,0,0
stage16f3,west,6,51.0,77.500,128.500,walk,975,2601,1.1747,0,0,0,0
stage16f3,west,6,50.0,78.500,128.500,walk,975,2601,1.1314,0,0,0,0
stage16f3,west,6,49.0,79.500,128.500,walk,975,2601,1.0900,0,0,0,0
stage16f3,west,6,48.0,80.500,128.500,walk,975,2601,1.0633,51,0,0,0
stage16f3,west,6,47.0,81.500,128.500,walk,975,2601,6.9834,0,0,0,0
stage16f3,west,6,46.0,82.500,128.500,walk,975,2601,1.6750,0,0,0,0
stage16f3,west,6,45.0,83.500,128.500,walk,975,2601,2.1058,0,0,0,0
stage16f3,west,6,44.0,84.500,128.500,walk,975,2601,1.8704,0,0,0,0
stage16f3,west,6,43.0,85.500,128.500,walk,975,2601,1.3823,0,0,0,0
stage16f3,west,6,42.0,86.500,128.500,walk,975,2601,1.6182,0,0,0,0
stage16f3,west,6,41.0,87.500,128.500,walk,975,2601,2.1398,0,0,0,0
stage16f3,west,6,40.0,88.500,128.500,walk,975,2601,1.7047,51,0,0,0
stage16f3,west,6,39.0,89.500,128.500,walk,975,2601,6.8290,0,0,0,0
stage16f3,west,6,38.0,90.500,128.500,walk,975,2601,1.4487,0,0,0,0
stage16f3,west,6,37.0,91.500,128.500,walk,975,2601,1.0789,0,0,0,0
stage16f3,west,6,36.0,92.500,128.500,walk,975,2601,1.0800,0,0,0,0
stage16f3,west,6,35.0,93.500,128.500,walk,975,2601,1.0424,0,0,0,0
stage16f3,west,6,34.0,94.500,128.500,walk,975,2601,1.0155,0,0,0,0
stage16f3,west,6,33.0,95.500,128.500,walk,975,2601,1.0180,0,0,0,0
stage16f3,west,6,32.0,96.500,128.500,walk,975,2601,0.9629,51,0,0,0
stage16f3,west,6,31.0,97.500,128.500,walk,975,2601,7.7160,0,0,0,0
stage16f3,west,6,30.0,98.500,128.500,walk,975,2601,1.3627,0,0,0,0
stage16f3,west,6,29.0,99.500,128.500,walk,975,2601,1.3305,0,0,0,0
stage16f3,west,6,28.0,100.500,128.500,walk,975,2601,1.3247,0,0,0,0
stage16f3,west,6,27.0,101.500,128.500,walk,975,2601,1.2775,0,0,0,0
stage16f3,west,6,26.0,102.500,128.500,walk,975,2601,1.3511,0,0,0,0
stage16f3,west,6,25.0,103.500,128.500,walk,975,2601,1.2797,0,0,0,0
stage16f3,west,6,24.0,104.500,128.500,walk,975,2601,1.2840,51,0,0,0
stage16f3,west,6,23.0,105.500,128.500,walk,975,2601,6.7839,0,0,0,0
stage16f3,west,6,22.0,106.500,128.500,walk,975,2601,1.4300,0,0,0,0
stage16f3,west,6,21.0,107.500,128.500,walk,975,2601,1.3184,0,0,0,0
stage16f3,west,6,20.0,108.500,128.500,walk,975,2601,1.3956,0,0,0,0
stage16f3,west,6,19.0,109.500,128.500,walk,975,2601,1.1482,0,0,0,0
stage16f3,west,6,18.0,110.500,128.500,walk,975,2601,1.0353,0,0,0,0
stage16f3,west,6,17.0,111.500,128.500,walk,975,2601,1.1371,0,0,0,0
stage16f3,west,6,16.0,112.500,128.500,walk,975,2601,1.0630,51,0,0,0
stage16f3,west,6,15.0,113.500,128.500,walk,975,2601,6.3324,0,0,0,0
stage16f3,west,6,14.0,114.500,128.500,walk,975,2601,1.1369,0,0,0,0
stage16f3,west,6,13.0,115.500,128.500,walk,975,2601,1.0363,0,0,0,0
stage16f3,west,6,12.0,116.500,128.500,walk,975,2601,0.9956,0,0,0,0
stage16f3,west,6,11.0,117.500,128.500,walk,975,2601,1.0076,0,0,0,0
stage16f3,west,6,10.0,118.500,128.500,walk,975,2601,1.0993,0,0,0,0
stage16f3,west,6,9.0,119.500,128.500,walk,975,2601,1.0966,0,0,0,0
stage16f3,west,6,8.0,120.500,128.500,walk,975,2601,1.2343,51,0,0,0
stage16f3,west,6,7.0,121.500,128.500,walk,975,2601,8.2608,0,0,0,0
stage16f3,west,6,6.0,122.500,128.500,walk,975,2601,1.5559,0,0,0,0
stage16f3,west,6,5.0,123.500,128.500,walk,975,2601,1.1953,0,0,0,0
stage16f3,west,6,4.0,124.500,128.500,walk,975,2601,1.1589,0,0,0,0
stage16f3,west,6,3.0,125.500,128.500,walk,975,2601,1.1037,0,0,0,0
stage16f3,west,6,2.0,126.500,128.500,walk,975,2601,1.1336,0,0,0,0
stage16f3,west,6,1.0,127.500,128.500,walk,975,2601,1.2775,0,0,0,0
stage16f3,west,6,0.0,128.500,128.500,walk,975,2601,1.1603,51,0,0,0
stage16f3,west,7,0.0,128.500,128.500,settle_return,975,2601,0.8029,0,0,0,0
stage16f3,west,7,0.0,128.500,128.500,settle_return,975,2601,0.8328,0,0,0,0
stage16f3,west,7,0.0,128.500,128.500,settle_return,975,2601,1.1963,0,0,0,0
stage16f3,west,7,0.0,128.500,128.500,settle_return,975,2601,0.8734,0,0,0,0
stage16f3,west,7,0.0,128.500,128.500,settle_return,975,2601,1.1238,0,0,0,0
stage16f3,west,7,0.0,128.500,128.500,settle_return,975,2601,0.8813,0,0,0,0
stage16f3,west,7,0.0,128.500,128.500,settle_return,975,2601,0.8947,0,0,0,0
stage16f3,west,7,0.0,128.500,128.500,settle_return,975,2601,1.3073,0,0,0,0
