phase,elapsed_s,distance_m,x,y,mode,frame_ms,primary,resident_packages,pending_packages,worker_queue,complete_radius_m,working_set_bytes,private_bytes,live_package_bytes,live_mesh_bytes,live_collision_bytes,live_gl_resources,retirement_queue_bytes,worker_result_bytes,cache_entries,packages_created,packages_retired,pkg_create,pkg_retire,worker_batch,collision,mesh,gl_create,gl_delete,alloc_delta,finish_ms,swap_ms,retire_ms,wake_water_body,wake_topology,wake_terrain_state,wake_mesh,wake_collision,wake_grass,wake_tree
travel,0.029,0.7,128.999,128.999,fly,0.802,ok,2601,0,0,192.00,394432512,517316608,114090264,95883264,18123768,2601,0,22132800,925945,0,0,0,0,0,0,0,0,0,0,0.393,0.011,0.000,0,0,0,0,0,0,0
travel,0.059,1.4,129.509,129.509,fly,0.848,ok,2601,0,0,192.00,394432512,517316608,114090264,95883264,18123768,2601,0,22132800,925990,0,0,0,0,0,0,0,0,0,0,0.423,0.021,0.000,0,0,0,0,0,0,0
travel,0.090,2.1,130.020,130.020,fly,1.185,ok,2601,0,0,192.00,394432512,517316608,114090264,95883264,18123768,2601,0,22132800,926035,0,0,0,0,0,0,0,0,0,0,0.818,0.023,0.000,0,0,0,0,0,0,0
travel,0.120,2.9,130.535,130.535,fly,0.750,ok,2601,0,0,192.00,394432512,517316608,114090264,95883264,18123768,2601,0,22132800,926035,0,0,0,0,0,0,0,0,0,0,0.402,0.010,0.000,0,0,0,0,0,0,0
travel,0.150,3.6,131.044,131.044,fly,0.760,ok,2601,0,0,192.00,394432512,517316608,114090264,95883264,18123768,2601,0,22132800,926080,0,0,0,0,0,0,0,0,0,0,0.414,0.010,0.000,0,0,0,0,0,0,0
travel,0.180,4.3,131.557,131.557,fly,0.924,ok,2601,0,0,192.00,394432512,517316608,114090264,95883264,18123768,2601,0,22132800,926080,0,0,0,0,0,0,0,0,0,0,0.502,0.023,0.000,0,0,0,0,0,0,0
travel,0.211,5.1,132.074,132.074,fly,0.752,ok,2601,0,0,192.00,394432512,517316608,114090264,95883264,18123768,2601,0,22132800,926098,0,0,0,0,0,0,0,0,0,0,0.405,0.010,0.000,0,0,0,0,0,0,0
travel,0.241,5.8,132.587,132.587,fly,0.764,ok,2601,0,0,192.00,394432512,517316608,114090264,95883264,18123768,2601,0,22132800,926098,0,0,0,0,0,0,0,0,0,0,0.390,0.011,0.000,0,0,0,0,0,0,0
travel,0.271,6.5,133.098,133.098,fly,0.751,ok,2601,0,0,192.00,394432512,517316608,114090264,95883264,18123768,2601,0,22132800,926104,0,0,0,0,0,0,0,0,0,0,0.405,0.010,0.000,0,0,0,0,0,0,0
travel,0.301,7.2,133.613,133.613,fly,0.806,ok,2601,0,0,192.00,394432512,517316608,114090264,95883264,18123768,2601,0,22132800,926104,0,0,0,0,0,0,0,0,0,0,0.407,0.011,0.000,0,0,0,0,0,0,0
travel,0.331,8.0,134.124,134.124,fly,0.752,ok,2601,0,0,192.00,394432512,517316608,114090264,95883264,18123768,2601,0,22132800,926106,0,0,0,0,0,0,0,0,0,0,0.408,0.010,0.000,0,0,0,0,0,0,0
travel,0.362,8.7,134.644,134.644,fly,0.795,ok,2601,0,0,192.00,394436608,517316608,114090264,95883264,18123768,2601,0,22132800,926106,0,0,0,0,0,0,0,0,0,0,0.404,0.011,0.000,0,0,0,0,0,0,0
travel,0.392,9.4,135.157,135.157,fly,0.861,ok,2601,0,0,192.00,394436608,517316608,114090264,95883264,18123768,2601,0,22132800,926106,0,0,0,0,0,0,0,0,0,0,0.435,0.020,0.000,0,0,0,0,0,0,0
travel,0.423,10.1,135.674,135.674,fly,1.020,ok,2601,0,0,192.00,394436608,517316608,114090264,95883264,18123768,2601,0,22132800,926106,0,0,0,0,0,0,0,0,0,0,0.526,0.059,0.000,0,0,0,0,0,0,0
travel,0.463,11.1,136.350,136.350,fly,0.802,ok,2601,0,110,192.00,398921728,525791232,114090264,95883264,18123768,2702,3724880,16393344,958318,101,101,0,0,6,0,0,0,0,0,0.427,0.010,0.000,0,0,0,101,101,0,0
travel,0.493,11.8,136.859,136.859,fly,0.883,ok,2601,0,12,192.00,398946304,525791232,114090264,95883264,18123768,2702,3724880,21506592,978318,101,101,0,0,3,0,0,0,0,0,0.474,0.024,0.000,0,0,0,101,101,0,0
travel,0.523,12.5,137.369,137.369,fly,0.740,ok,2601,0,0,192.00,398950400,525791232,114090264,95883264,18123768,2702,3724880,22132800,980470,101,101,0,0,0,0,0,0,0,0,0.392,0.010,0.000,0,0,0,101,101,0,0
travel,0.553,13.3,137.879,137.879,fly,0.808,ok,2601,0,0,192.00,398950400,525791232,114090264,95883264,18123768,2702,3724880,22132800,980470,101,101,0,0,0,0,0,0,0,0,0.406,0.020,0.000,0,0,0,101,101,0,0
travel,0.583,14.0,138.400,138.400,fly,0.845,ok,2601,0,0,192.00,398950400,525791232,114090264,95883264,18123768,2702,3724880,22132800,980470,101,101,0,0,0,0,0,0,0,0,0.417,0.021,0.000,0,0,0,101,101,0,0
travel,0.614,14.7,138.917,138.917,fly,0.846,ok,2601,0,0,192.00,398950400,525791232,114090264,95883264,18123768,2702,3724880,22132800,980470,101,101,0,0,0,0,0,0,0,0,0.428,0.021,0.000,0,0,0,101,101,0,0
travel,0.645,15.5,139.441,139.441,fly,0.829,ok,2601,0,0,192.00,398950400,525791232,114090264,95883264,18123768,2702,3724880,22132800,980470,101,101,0,0,0,0,0,0,0,0,0.414,0.016,0.000,0,0,0,101,101,0,0
travel,0.675,16.2,139.954,139.954,fly,0.857,ok,2601,0,0,192.00,398950400,525791232,114090264,95883264,18123768,2702,3724880,22132800,980470,101,101,0,0,0,0,0,0,0,0,0.436,0.021,0.000,0,0,0,101,101,0,0
travel,0.705,16.9,140.470,140.470,fly,0.852,ok,2601,0,0,192.00,398950400,525791232,114090264,95883264,18123768,2702,3724880,22132800,980470,101,101,0,0,0,0,0,0,0,0,0.432,0.021,0.000,0,0,0,101,101,0,0
travel,0.736,17.7,140.983,140.983,fly,1.069,ok,2601,0,0,192.00,398950400,525791232,114090264,95883264,18123768,2702,3724880,22132800,980470,101,101,0,0,0,0,0,0,0,0,0.624,0.023,0.000,0,0,0,101,101,0,0
travel,0.766,18.4,141.498,141.498,fly,0.753,ok,2601,0,0,192.00,398950400,525791232,114090264,95883264,18123768,2702,3724880,22132800,980470,101,101,0,0,0,0,0,0,0,0,0.408,0.010,0.000,0,0,0,101,101,0,0
travel,0.796,19.1,142.011,142.011,fly,0.963,ok,2601,0,0,192.00,398950400,525791232,114090264,95883264,18123768,2702,3724880,22132800,980470,101,101,0,0,0,0,0,0,0,0,0.559,0.011,0.000,0,0,0,101,101,0,0
travel,0.826,19.8,142.523,142.523,fly,0.740,ok,2601,0,0,192.00,398950400,525791232,114090264,95883264,18123768,2702,3724880,22132800,980470,101,101,0,0,0,0,0,0,0,0,0.395,0.010,0.000,0,0,0,101,101,0,0
travel,0.856,20.6,143.032,143.032,fly,0.785,ok,2601,0,0,192.00,398950400,525791232,114090264,95883264,18123768,2702,3724880,22132800,980470,101,101,0,0,0,0,0,0,0,0,0.412,0.010,0.000,0,0,0,101,101,0,0
travel,0.887,21.3,143.545,143.545,fly,0.738,ok,2601,0,0,192.00,398950400,525791232,114090264,95883264,18123768,2702,3724880,22132800,980470,101,101,0,0,0,0,0,0,0,0,0.390,0.010,0.000,0,0,0,101,101,0,0
travel,0.925,22.2,144.206,144.206,fly,1.622,ok,2601,0,161,192.00,403374080,532619264,114090264,95883264,18123768,2803,7449760,13732368,996116,202,202,7,0,21,7,7,7,0,524288,0.446,0.018,0.000,0,0,0,202,202,0,0
travel,0.956,22.9,144.728,144.728,fly,0.823,ok,2601,0,48,192.00,403869696,533200896,114090264,95883264,18123768,2803,7449760,19628256,1025178,202,202,0,0,1,0,0,0,0,0,0.406,0.021,0.000,0,0,0,202,202,0,0
travel,0.987,23.7,145.243,145.243,fly,0.758,ok,2601,0,0,192.00,404578304,533962752,114090264,95883264,18123768,2803,7449760,22132800,1033442,202,202,0,0,0,0,0,0,0,0,0.411,0.010,0.000,0,0,0,202,202,0,0
travel,1.017,24.4,145.752,145.752,fly,0.790,ok,2601,0,0,192.00,404578304,533962752,114090264,95883264,18123768,2803,7449760,22132800,1033442,202,202,0,0,0,0,0,0,0,0,0.405,0.011,0.000,0,0,0,202,202,0,0
travel,1.047,25.1,146.269,146.269,fly,0.752,ok,2601,0,0,192.00,404586496,533962752,114090264,95883264,18123768,2803,7449760,22132800,1033442,202,202,0,0,0,0,0,0,0,0,0.405,0.010,0.000,0,0,0,202,202,0,0
travel,1.078,25.9,146.787,146.787,fly,0.770,ok,2601,0,0,192.00,404586496,533962752,114090264,95883264,18123768,2803,7449760,22132800,1033442,202,202,0,0,0,0,0,0,0,0,0.424,0.010,0.000,0,0,0,202,202,0,0
travel,1.108,26.6,147.299,147.299,fly,0.773,ok,2601,0,0,192.00,404586496,533962752,114090264,95883264,18123768,2803,7449760,22132800,1033442,202,202,0,0,0,0,0,0,0,0,0.415,0.011,0.000,0,0,0,202,202,0,0
travel,1.138,27.3,147.815,147.815,fly,0.799,ok,2601,0,0,192.00,404586496,533962752,114090264,95883264,18123768,2803,7449760,22132800,1033442,202,202,0,0,0,0,0,0,0,0,0.448,0.010,0.000,0,0,0,202,202,0,0
travel,1.168,28.0,148.327,148.327,fly,0.760,ok,2601,0,0,192.00,404586496,533962752,114090264,95883264,18123768,2803,7449760,22132800,1033442,202,202,0,0,0,0,0,0,0,0,0.408,0.010,0.000,0,0,0,202,202,0,0
travel,1.198,28.8,148.836,148.836,fly,0.757,ok,2601,0,0,192.00,404586496,533962752,114090264,95883264,18123768,2803,7449760,22132800,1033442,202,202,0,0,0,0,0,0,0,0,0.406,0.010,0.000,0,0,0,202,202,0,0
travel,1.229,29.5,149.352,149.352,fly,0.760,ok,2601,0,0,192.00,404586496,533962752,114090264,95883264,18123768,2803,7449760,22132800,1033442,202,202,0,0,0,0,0,0,0,0,0.407,0.010,0.000,0,0,0,202,202,0,0
travel,1.259,30.2,149.864,149.864,fly,0.776,ok,2601,0,0,192.00,404586496,533962752,114090264,95883264,18123768,2803,7449760,22132800,1033442,202,202,0,0,0,0,0,0,0,0,0.409,0.022,0.000,0,0,0,202,202,0,0
travel,1.289,30.9,150.380,150.380,fly,0.776,ok,2601,0,0,192.00,404586496,533962752,114090264,95883264,18123768,2803,7449760,22132800,1033442,202,202,0,0,0,0,0,0,0,0,0.417,0.010,0.000,0,0,0,202,202,0,0
travel,1.319,31.7,150.891,150.891,fly,0.742,ok,2601,0,0,192.00,404586496,533962752,114090264,95883264,18123768,2803,7449760,22132800,1033442,202,202,0,0,0,0,0,0,0,0,0.391,0.010,0.000,0,0,0,202,202,0,0
travel,1.350,32.4,151.407,151.407,fly,0.772,ok,2601,0,0,192.00,404586496,533962752,114090264,95883264,18123768,2803,7449760,22132800,1033442,202,202,0,0,0,0,0,0,0,0,0.407,0.017,0.000,0,0,0,202,202,0,0
travel,1.380,33.1,151.924,151.924,fly,0.855,ok,2601,0,0,192.00,404586496,533962752,114090264,95883264,18123768,2803,7449760,22132800,1033442,202,202,0,0,0,0,0,0,0,0,0.422,0.020,0.000,0,0,0,202,202,0,0
travel,1.420,34.1,152.599,152.599,fly,0.775,ok,2601,0,77,192.00,411623424,545083392,114090264,95883264,18123768,2904,11174640,18167328,1073155,303,303,0,0,4,0,0,0,0,77824,0.397,0.010,0.000,0,0,0,303,303,0,0
travel,1.450,34.8,153.108,153.108,fly,0.951,ok,2601,0,0,192.00,412913664,546426880,114090264,95883264,18123768,2904,11174640,22132800,1088870,303,303,0,0,0,0,0,0,0,0,0.484,0.023,0.000,0,0,0,303,303,0,0
travel,1.480,35.5,153.617,153.617,fly,0.823,ok,2601,0,0,192.00,412913664,546426880,114090264,95883264,18123768,2904,11174640,22132800,1088870,303,303,0,0,0,0,0,0,0,0,0.438,0.025,0.000,0,0,0,303,303,0,0
travel,1.510,36.2,154.126,154.126,fly,0.771,ok,2601,0,0,192.00,412913664,546426880,114090264,95883264,18123768,2904,11174640,22132800,1088870,303,303,0,0,0,0,0,0,0,0,0.416,0.010,0.000,0,0,0,303,303,0,0
travel,1.540,37.0,154.637,154.637,fly,0.761,ok,2601,0,0,192.00,412913664,546426880,114090264,95883264,18123768,2904,11174640,22132800,1088870,303,303,0,0,0,0,0,0,0,0,0.409,0.010,0.000,0,0,0,303,303,0,0
travel,1.570,37.7,155.152,155.152,fly,0.794,ok,2601,0,0,192.00,412921856,546426880,114090264,95883264,18123768,2904,11174640,22132800,1088870,303,303,0,0,0,0,0,0,0,0,0.408,0.023,0.000,0,0,0,303,303,0,0
travel,1.601,38.4,155.664,155.664,fly,0.759,ok,2601,0,0,192.00,412921856,546426880,114090264,95883264,18123768,2904,11174640,22132800,1088870,303,303,0,0,0,0,0,0,0,0,0.396,0.011,0.000,0,0,0,303,303,0,0
travel,1.631,39.1,156.178,156.178,fly,0.793,ok,2601,0,0,192.00,412921856,546426880,114090264,95883264,18123768,2904,11174640,22132800,1088870,303,303,0,0,0,0,0,0,0,0,0.405,0.011,0.000,0,0,0,303,303,0,0
travel,1.661,39.9,156.695,156.695,fly,0.821,ok,2601,0,0,192.00,412921856,546426880,114090264,95883264,18123768,2904,7449760,22132800,1088870,303,303,0,0,0,0,0,0,0,0,0.399,0.018,0.000,0,0,0,303,303,0,0
travel,1.692,40.6,157.208,157.208,fly,0.874,ok,2601,0,0,192.00,412921856,546426880,114090264,95883264,18123768,2904,7449760,22132800,1088870,303,303,0,0,0,0,0,0,0,0,0.425,0.021,0.000,0,0,0,303,303,0,0
travel,1.722,41.3,157.726,157.726,fly,0.843,ok,2601,0,0,192.00,412921856,546426880,114090264,95883264,18123768,2904,7449760,22132800,1088870,303,303,0,0,0,0,0,0,0,0,0.411,0.020,0.000,0,0,0,303,303,0,0
travel,1.752,42.1,158.239,158.239,fly,0.830,ok,2601,0,0,192.00,412921856,546426880,114090264,95883264,18123768,2904,7449760,22132800,1088870,303,303,0,0,0,0,0,0,0,0,0.476,0.010,0.000,0,0,0,303,303,0,0
travel,1.783,42.8,158.756,158.756,fly,0.744,ok,2601,0,0,192.00,412921856,546426880,114090264,95883264,18123768,2904,7449760,22132800,1088870,303,303,0,0,0,0,0,0,0,0,0.390,0.010,0.000,0,0,0,303,303,0,0
travel,1.813,43.5,159.265,159.265,fly,0.762,ok,2601,0,0,192.00,412921856,546426880,114090264,95883264,18123768,2904,7449760,22132800,1088870,303,303,0,0,0,0,0,0,0,0,0.406,0.010,0.000,0,0,0,303,303,0,0
travel,1.843,44.2,159.774,159.774,fly,0.811,ok,2601,0,0,192.00,412921856,546426880,114090264,95883264,18123768,2904,7449760,22132800,1088870,303,303,0,0,0,0,0,0,0,0,0.425,0.011,0.000,0,0,0,303,303,0,0
travel,1.880,45.1,160.410,160.410,fly,0.781,ok,2601,0,116,192.00,416882688,554778624,114090264,95883264,18123768,2904,11174640,16080288,1119340,404,404,0,0,5,0,0,0,0,110592,0.427,0.010,0.000,0,0,0,404,404,0,0
travel,1.912,45.9,160.942,160.942,fly,0.963,ok,2601,0,14,192.00,419446784,557449216,114090264,95883264,18123768,2904,11174640,21402240,1143968,404,404,0,0,4,0,0,0,0,225280,0.488,0.032,0.000,0,0,0,404,404,0,0
travel,1.944,46.6,161.485,161.485,fly,1.217,ok,2601,0,0,192.00,419581952,557596672,114090264,95883264,18123768,2904,11174640,22132800,1146130,404,404,0,0,0,0,0,0,0,0,0.580,0.027,0.000,0,0,0,404,404,0,0
travel,1.981,47.5,162.112,162.112,fly,1.424,ok,2601,0,0,192.00,419586048,557600768,114090264,95883264,18123768,2904,11174640,22132800,1146130,404,404,0,0,0,0,0,0,0,0,0.099,0.149,0.000,0,0,0,404,404,0,0
travel,2.023,48.5,162.824,162.824,fly,1.629,ok,2601,0,0,192.00,419590144,557666304,114090264,95883264,18123768,2904,11174640,22132800,1146130,404,404,0,0,0,0,0,0,0,0,0.094,0.470,0.000,0,0,0,404,404,0,0
travel,2.058,49.4,163.417,163.417,fly,1.161,ok,2601,0,0,192.00,419590144,557666304,114090264,95883264,18123768,2904,11174640,22132800,1146130,404,404,0,0,0,0,0,0,0,0,0.076,0.094,0.000,0,0,0,404,404,0,0
travel,2.092,50.2,164.009,164.009,fly,1.129,ok,2601,0,0,192.00,419590144,557666304,114090264,95883264,18123768,2904,7449760,22132800,1146130,404,404,0,0,0,0,0,0,0,0,0.075,0.155,0.000,0,0,0,404,404,0,0
travel,2.125,51.0,164.563,164.563,fly,0.936,ok,2601,0,0,192.00,419598336,557666304,114090264,95883264,18123768,2904,7449760,22132800,1146130,404,404,0,0,0,0,0,0,0,0,0.070,0.073,0.000,0,0,0,404,404,0,0
travel,2.156,51.7,165.085,165.085,fly,0.873,ok,2601,0,0,192.00,419598336,557666304,114090264,95883264,18123768,2904,7449760,22132800,1146130,404,404,0,0,0,0,0,0,0,0,0.069,0.071,0.000,0,0,0,404,404,0,0
travel,2.190,52.6,165.661,165.661,fly,1.070,ok,2601,0,0,192.00,419598336,557666304,114090264,95883264,18123768,2904,7449760,22132800,1146130,404,404,0,0,0,0,0,0,0,0,0.070,0.079,0.000,0,0,0,404,404,0,0
travel,2.222,53.3,166.205,166.205,fly,0.882,ok,2601,0,0,192.00,419598336,557666304,114090264,95883264,18123768,2904,7449760,22132800,1146130,404,404,0,0,0,0,0,0,0,0,0.069,0.072,0.000,0,0,0,404,404,0,0
travel,2.253,54.1,166.734,166.734,fly,1.246,ok,2601,0,0,192.00,418549760,556617728,114090264,95883264,18123768,2904,7449760,22132800,1146130,404,404,0,0,0,0,0,0,0,0,0.160,0.152,0.000,0,0,0,404,404,0,0
travel,2.285,54.8,167.272,167.272,fly,1.189,ok,2601,0,0,192.00,418549760,556617728,114090264,95883264,18123768,2904,7449760,22132800,1146130,404,404,0,0,0,0,0,0,0,0,0.075,0.258,0.000,0,0,0,404,404,0,0
travel,2.316,55.6,167.804,167.804,fly,0.914,ok,2601,0,0,192.00,418549760,556617728,114090264,95883264,18123768,2904,7449760,22132800,1146130,404,404,0,0,0,0,0,0,0,0,0.069,0.071,0.000,0,0,0,404,404,0,0
travel,2.365,56.8,168.637,168.637,fly,0.878,ok,2601,0,90,192.00,422543360,567070720,114090264,95883264,18123768,2904,11174640,17436864,1183698,505,505,0,0,1,0,0,0,0,147456,0.071,0.068,0.000,0,0,0,505,505,0,0
travel,2.398,57.6,169.202,169.202,fly,0.996,ok,2601,0,0,192.00,424357888,568979456,114090264,95883264,18123768,2904,11174640,22132800,1200898,505,505,0,0,0,0,0,0,0,0,0.073,0.165,0.000,0,0,0,505,505,0,0
travel,2.430,58.3,169.735,169.735,fly,0.872,ok,2601,0,0,192.00,424357888,568979456,114090264,95883264,18123768,2904,11174640,22132800,1200898,505,505,0,0,0,0,0,0,0,0,0.071,0.071,0.000,0,0,0,505,505,0,0
travel,2.465,59.2,170.326,170.326,fly,1.448,ok,2601,0,0,192.00,424357888,568979456,114090264,95883264,18123768,2904,11174640,22132800,1200898,505,505,0,0,0,0,0,0,0,0,0.093,0.139,0.000,0,0,0,505,505,0,0
travel,2.502,60.0,170.956,170.956,fly,0.892,ok,2601,0,0,192.00,424357888,568979456,114090264,95883264,18123768,2904,7449760,22132800,1200898,505,505,0,0,0,0,0,0,0,0,0.071,0.073,0.000,0,0,0,505,505,0,0
travel,2.533,60.8,171.478,171.478,fly,1.338,ok,2601,0,0,192.00,424357888,568979456,114090264,95883264,18123768,2904,7449760,22132800,1200898,505,505,0,0,0,0,0,0,0,0,0.153,0.117,0.000,0,0,0,505,505,0,0
travel,2.566,61.6,172.042,172.042,fly,1.431,ok,2601,0,0,192.00,424357888,568979456,114090264,95883264,18123768,2904,7449760,22132800,1200898,505,505,0,0,0,0,0,0,0,0,0.256,0.173,0.000,0,0,0,505,505,0,0
travel,2.598,62.4,172.593,172.593,fly,1.407,ok,2601,0,0,192.00,424357888,568979456,114090264,95883264,18123768,2904,7449760,22132800,1200898,505,505,0,0,0,0,0,0,0,0,0.519,0.082,0.000,0,0,0,505,505,0,0
travel,2.629,63.1,173.113,173.113,fly,0.866,ok,2601,0,0,192.00,424357888,568979456,114090264,95883264,18123768,2904,7449760,22132800,1200898,505,505,0,0,0,0,0,0,0,0,0.070,0.069,0.000,0,0,0,505,505,0,0
travel,2.660,63.8,173.635,173.635,fly,0.909,ok,2601,0,0,192.00,424357888,568979456,114090264,95883264,18123768,2904,7449760,22132800,1200898,505,505,0,0,0,0,0,0,0,0,0.070,0.072,0.000,0,0,0,505,505,0,0
travel,2.693,64.6,174.196,174.196,fly,1.543,ok,2601,0,0,192.00,424366080,568979456,114090264,95883264,18123768,2904,7449760,22132800,1200898,505,505,0,0,0,0,0,0,0,0,0.106,0.151,0.000,0,0,0,505,505,0,0
travel,2.736,65.7,174.935,174.935,fly,1.401,ok,2601,0,0,192.00,424366080,568979456,114090264,95883264,18123768,2904,7449760,22132800,1200898,505,505,0,0,0,0,0,0,0,0,0.151,0.152,0.000,0,0,0,505,505,0,0
travel,2.770,66.5,175.506,175.506,fly,0.906,ok,2601,0,0,192.00,424366080,568979456,114090264,95883264,18123768,2904,7449760,22132800,1200898,505,505,0,0,0,0,0,0,0,0,0.069,0.066,0.000,0,0,0,505,505,0,0
travel,2.809,67.4,176.162,176.162,fly,3.339,ok,2601,0,170,192.00,425480192,570048512,114090264,95883264,18123768,2904,11174640,13262784,1214349,606,606,29,0,45,29,29,0,0,311296,0.378,0.114,0.000,0,0,0,606,606,0,0
travel,2.847,68.3,176.821,176.821,fly,1.228,ok,2601,0,30,192.00,428007424,572604416,114090264,95883264,18123768,2904,11174640,20619600,1252823,606,606,0,0,3,0,0,0,0,114688,0.145,0.088,0.000,0,0,0,606,606,0,0
travel,2.878,69.1,177.340,177.340,fly,0.862,ok,2601,0,0,192.00,428449792,573050880,114090264,95883264,18123768,2904,11174640,22132800,1257558,606,606,0,0,0,0,0,0,0,0,0.071,0.073,0.000,0,0,0,606,606,0,0
travel,2.908,69.8,177.852,177.852,fly,0.878,ok,2601,0,0,192.00,428449792,573050880,114090264,95883264,18123768,2904,7449760,22132800,1257558,606,606,0,0,0,0,0,0,0,0,0.073,0.074,0.000,0,0,0,606,606,0,0
travel,2.938,70.5,178.362,178.362,fly,0.841,ok,2601,0,0,192.00,428449792,573050880,114090264,95883264,18123768,2904,7449760,22132800,1257558,606,606,0,0,0,0,0,0,0,0,0.070,0.065,0.000,0,0,0,606,606,0,0
travel,2.969,71.2,178.878,178.878,fly,0.881,ok,2601,0,0,192.00,428449792,573050880,114090264,95883264,18123768,2904,7449760,22132800,1257558,606,606,0,0,0,0,0,0,0,0,0.069,0.069,0.000,0,0,0,606,606,0,0
travel,2.999,72.0,179.398,179.398,fly,0.858,ok,2601,0,0,192.00,428449792,573050880,114090264,95883264,18123768,2904,7449760,22132800,1257558,606,606,0,0,0,0,0,0,0,0,0.069,0.068,0.000,0,0,0,606,606,0,0
travel,3.029,72.7,179.908,179.908,fly,0.940,ok,2601,0,0,192.00,428449792,573050880,114090264,95883264,18123768,2904,7449760,22132800,1257558,606,606,0,0,0,0,0,0,0,0,0.146,0.069,0.000,0,0,0,606,606,0,0
travel,3.060,73.4,180.433,180.433,fly,0.870,ok,2601,0,0,192.00,428449792,573050880,114090264,95883264,18123768,2904,7449760,22132800,1257558,606,606,0,0,0,0,0,0,0,0,0.070,0.069,0.000,0,0,0,606,606,0,0
travel,3.091,74.2,180.957,180.957,fly,0.898,ok,2601,0,0,192.00,428449792,573050880,114090264,95883264,18123768,2904,7449760,22132800,1257558,606,606,0,0,0,0,0,0,0,0,0.070,0.094,0.000,0,0,0,606,606,0,0
travel,3.121,74.9,181.467,181.467,fly,0.954,ok,2601,0,0,192.00,428449792,573050880,114090264,95883264,18123768,2904,7449760,22132800,1257558,606,606,0,0,0,0,0,0,0,0,0.071,0.071,0.000,0,0,0,606,606,0,0
travel,3.155,75.7,182.038,182.038,fly,1.347,ok,2601,0,0,192.00,428449792,573050880,114090264,95883264,18123768,2904,7449760,22132800,1257558,606,606,0,0,0,0,0,0,0,0,0.095,0.156,0.000,0,0,0,606,606,0,0
travel,3.194,76.7,182.700,182.700,fly,1.650,ok,2601,0,0,192.00,428449792,573050880,114090264,95883264,18123768,2904,7449760,22132800,1257558,606,606,0,0,0,0,0,0,0,0,0.190,0.229,0.000,0,0,0,606,606,0,0
travel,3.232,77.6,183.343,183.343,fly,1.111,ok,2601,0,0,192.00,428449792,573050880,114090264,95883264,18123768,2904,7449760,22132800,1257558,606,606,0,0,0,0,0,0,0,0,0.082,0.143,0.000,0,0,0,606,606,0,0
travel,3.266,78.4,183.933,183.933,fly,0.897,ok,2601,0,0,192.00,428449792,573050880,114090264,95883264,18123768,2904,7449760,22132800,1257558,606,606,0,0,0,0,0,0,0,0,0.070,0.078,0.000,0,0,0,606,606,0,0
travel,3.314,79.5,184.739,184.739,fly,0.920,ok,2601,0,64,192.00,432054272,576786432,114090264,95883264,18123768,2904,11174640,18793440,1299245,707,707,0,0,3,0,0,0,0,0,0.074,0.121,0.000,0,0,0,707,707,0,0
travel,3.345,80.3,185.264,185.264,fly,0.982,ok,2601,0,0,192.00,432947200,577773568,114090264,95883264,18123768,2904,11174640,22132800,1312058,707,707,0,0,0,0,0,0,0,0,0.182,0.071,0.000,0,0,0,707,707,0,0
travel,3.375,81.0,185.778,185.778,fly,0.863,ok,2601,0,0,192.00,432947200,577773568,114090264,95883264,18123768,2904,11174640,22132800,1312058,707,707,0,0,0,0,0,0,0,0,0.070,0.070,0.000,0,0,0,707,707,0,0
travel,3.406,81.7,186.298,186.298,fly,0.868,ok,2601,0,0,192.00,432947200,577773568,114090264,95883264,18123768,2904,7449760,22132800,1312058,707,707,0,0,0,0,0,0,0,0,0.069,0.080,0.000,0,0,0,707,707,0,0
travel,3.436,82.5,186.813,186.813,fly,0.953,ok,2601,0,0,192.00,432947200,577773568,114090264,95883264,18123768,2904,7449760,22132800,1312058,707,707,0,0,0,0,0,0,0,0,0.148,0.073,0.000,0,0,0,707,707,0,0
travel,3.467,83.2,187.329,187.329,fly,0.856,ok,2601,0,0,192.00,432947200,577773568,114090264,95883264,18123768,2904,7449760,22132800,1312058,707,707,0,0,0,0,0,0,0,0,0.070,0.065,0.000,0,0,0,707,707,0,0
travel,3.497,83.9,187.848,187.848,fly,1.010,ok,2601,0,0,192.00,432947200,577773568,114090264,95883264,18123768,2904,7449760,22132800,1312058,707,707,0,0,0,0,0,0,0,0,0.147,0.080,0.000,0,0,0,707,707,0,0
travel,3.528,84.7,188.366,188.366,fly,0.868,ok,2601,0,0,192.00,432947200,577773568,114090264,95883264,18123768,2904,7449760,22132800,1312058,707,707,0,0,0,0,0,0,0,0,0.070,0.071,0.000,0,0,0,707,707,0,0
travel,3.558,85.4,188.882,188.882,fly,0.899,ok,2601,0,0,192.00,432947200,577773568,114090264,95883264,18123768,2904,7449760,22132800,1312058,707,707,0,0,0,0,0,0,0,0,0.071,0.077,0.000,0,0,0,707,707,0,0
travel,3.589,86.1,189.399,189.399,fly,0.961,ok,2601,0,0,192.00,432947200,577773568,114090264,95883264,18123768,2904,7449760,22132800,1312058,707,707,0,0,0,0,0,0,0,0,0.154,0.066,0.000,0,0,0,707,707,0,0
travel,3.619,86.9,189.914,189.914,fly,0.865,ok,2601,0,0,192.00,432947200,577773568,114090264,95883264,18123768,2904,7449760,22132800,1312058,707,707,0,0,0,0,0,0,0,0,0.070,0.068,0.000,0,0,0,707,707,0,0
travel,3.650,87.6,190.439,190.439,fly,0.864,ok,2601,0,0,192.00,432947200,577773568,114090264,95883264,18123768,2904,7449760,22132800,1312058,707,707,0,0,0,0,0,0,0,0,0.069,0.070,0.000,0,0,0,707,707,0,0
travel,3.680,88.3,190.949,190.949,fly,1.060,ok,2601,0,0,192.00,432947200,577773568,114090264,95883264,18123768,2904,7449760,22132800,1312058,707,707,0,0,0,0,0,0,0,0,0.261,0.071,0.000,0,0,0,707,707,0,0
travel,3.711,89.1,191.473,191.473,fly,0.868,ok,2601,0,0,192.00,432947200,577773568,114090264,95883264,18123768,2904,7449760,22132800,1312058,707,707,0,0,0,0,0,0,0,0,0.070,0.068,0.000,0,0,0,707,707,0,0
travel,3.741,89.8,191.993,191.993,fly,0.862,ok,2601,0,0,192.00,432947200,577773568,114090264,95883264,18123768,2904,7449760,22132800,1312058,707,707,0,0,0,0,0,0,0,0,0.069,0.068,0.000,0,0,0,707,707,0,0
travel,3.781,90.7,192.666,192.666,fly,0.897,ok,2601,0,68,192.00,434896896,579710976,114090264,95883264,18123768,2904,11174640,18584736,1231935,808,808,0,0,8,0,0,0,0,0,0.072,0.074,0.000,0,0,0,808,808,0,0
travel,3.812,91.5,193.190,193.190,fly,0.863,ok,2601,0,0,192.00,434896896,579710976,114090264,95883264,18123768,2904,11174640,22132800,1243720,808,808,0,0,0,0,0,0,0,0,0.070,0.069,0.000,0,0,0,808,808,0,0
travel,3.842,92.2,193.704,193.704,fly,0.864,ok,2601,0,0,192.00,434905088,579710976,114090264,95883264,18123768,2904,11174640,22132800,1243720,808,808,0,0,0,0,0,0,0,0,0.073,0.066,0.000,0,0,0,808,808,0,0
travel,3.873,92.9,194.219,194.219,fly,0.917,ok,2601,0,0,192.00,434905088,579710976,114090264,95883264,18123768,2904,11174640,22132800,1243720,808,808,0,0,0,0,0,0,0,0,0.071,0.079,0.000,0,0,0,808,808,0,0
travel,3.903,93.7,194.733,194.733,fly,0.862,ok,2601,0,0,192.00,434905088,579710976,114090264,95883264,18123768,2904,7449760,22132800,1243720,808,808,0,0,0,0,0,0,0,0,0.072,0.067,0.000,0,0,0,808,808,0,0
travel,3.933,94.4,195.246,195.246,fly,0.977,ok,2601,0,0,192.00,434905088,579710976,114090264,95883264,18123768,2904,7449760,22132800,1243720,808,808,0,0,0,0,0,0,0,0,0.180,0.070,0.000,0,0,0,808,808,0,0
travel,3.963,95.1,195.763,195.763,fly,0.871,ok,2601,0,0,192.00,434905088,579710976,114090264,95883264,18123768,2904,7449760,22132800,1243720,808,808,0,0,0,0,0,0,0,0,0.071,0.071,0.000,0,0,0,808,808,0,0
travel,3.994,95.9,196.283,196.283,fly,0.890,ok,2601,0,0,192.00,434905088,579710976,114090264,95883264,18123768,2904,7449760,22132800,1243720,808,808,0,0,0,0,0,0,0,0,0.074,0.072,0.000,0,0,0,808,808,0,0
travel,4.024,96.6,196.792,196.792,fly,0.858,ok,2601,0,0,192.00,434905088,579710976,114090264,95883264,18123768,2904,7449760,22132800,1243720,808,808,0,0,0,0,0,0,0,0,0.068,0.065,0.000,0,0,0,808,808,0,0
travel,4.055,97.3,197.314,197.314,fly,0.894,ok,2601,0,0,192.00,434905088,579710976,114090264,95883264,18123768,2904,7449760,22132800,1243720,808,808,0,0,0,0,0,0,0,0,0.071,0.074,0.000,0,0,0,808,808,0,0
travel,4.085,98.0,197.823,197.823,fly,0.878,ok,2601,0,0,192.00,434905088,579710976,114090264,95883264,18123768,2904,7449760,22132800,1243720,808,808,0,0,0,0,0,0,0,0,0.071,0.076,0.000,0,0,0,808,808,0,0
travel,4.115,98.8,198.341,198.341,fly,0.860,ok,2601,0,0,192.00,434905088,579710976,114090264,95883264,18123768,2904,7449760,22132800,1243720,808,808,0,0,0,0,0,0,0,0,0.070,0.067,0.000,0,0,0,808,808,0,0
travel,4.146,99.5,198.855,198.855,fly,0.862,ok,2601,0,0,192.00,434905088,579710976,114090264,95883264,18123768,2904,7449760,22132800,1243720,808,808,0,0,0,0,0,0,0,0,0.069,0.070,0.000,0,0,0,808,808,0,0
travel,4.176,100.2,199.368,199.368,fly,0.861,ok,2601,0,0,192.00,434905088,579710976,114090264,95883264,18123768,2904,7449760,22132800,1243720,808,808,0,0,0,0,0,0,0,0,0.069,0.066,0.000,0,0,0,808,808,0,0
travel,4.206,100.9,199.878,199.878,fly,0.979,ok,2601,0,0,192.00,434905088,579710976,114090264,95883264,18123768,2904,7449760,22132800,1243720,808,808,0,0,0,0,0,0,0,0,0.083,0.116,0.000,0,0,0,808,808,0,0
travel,4.244,101.9,200.530,200.530,fly,0.866,ok,2601,0,79,192.00,435433472,580235264,114090264,95883264,18123768,2904,11174640,18010800,1282481,909,909,0,0,2,0,0,0,0,0,0.071,0.065,0.000,0,0,0,909,909,0,0
travel,4.275,102.6,201.047,201.047,fly,0.873,ok,2601,0,0,192.00,435712000,580513792,114090264,95883264,18123768,2904,11174640,22132800,1298528,909,909,0,0,0,0,0,0,0,0,0.070,0.074,0.000,0,0,0,909,909,0,0
travel,4.306,103.3,201.569,201.569,fly,0.898,ok,2601,0,0,192.00,435712000,580513792,114090264,95883264,18123768,2904,11174640,22132800,1298528,909,909,0,0,0,0,0,0,0,0,0.070,0.071,0.000,0,0,0,909,909,0,0
travel,4.337,104.1,202.102,202.102,fly,0.890,ok,2601,0,0,192.00,435712000,580513792,114090264,95883264,18123768,2904,11174640,22132800,1298528,909,909,0,0,0,0,0,0,0,0,0.070,0.074,0.000,0,0,0,909,909,0,0
travel,4.368,104.8,202.623,202.623,fly,0.869,ok,2601,0,0,192.00,435720192,580513792,114090264,95883264,18123768,2904,7449760,22132800,1298528,909,909,0,0,0,0,0,0,0,0,0.071,0.070,0.000,0,0,0,909,909,0,0
travel,4.398,105.6,203.143,203.143,fly,0.876,ok,2601,0,0,192.00,435720192,580513792,114090264,95883264,18123768,2904,7449760,22132800,1298528,909,909,0,0,0,0,0,0,0,0,0.072,0.072,0.000,0,0,0,909,909,0,0
travel,4.429,106.3,203.659,203.659,fly,1.031,ok,2601,0,0,192.00,435720192,580513792,114090264,95883264,18123768,2904,7449760,22132800,1298528,909,909,0,0,0,0,0,0,0,0,0.171,0.078,0.000,0,0,0,909,909,0,0
travel,4.459,107.0,204.178,204.178,fly,0.862,ok,2601,0,0,192.00,435720192,580513792,114090264,95883264,18123768,2904,7449760,22132800,1298528,909,909,0,0,0,0,0,0,0,0,0.071,0.069,0.000,0,0,0,909,909,0,0
travel,4.490,107.8,204.698,204.698,fly,0.996,ok,2601,0,0,192.00,435720192,580513792,114090264,95883264,18123768,2904,7449760,22132800,1298528,909,909,0,0,0,0,0,0,0,0,0.081,0.111,0.000,0,0,0,909,909,0,0
travel,4.521,108.5,205.226,205.226,fly,0.869,ok,2601,0,0,192.00,435720192,580513792,114090264,95883264,18123768,2904,7449760,22132800,1298528,909,909,0,0,0,0,0,0,0,0,0.071,0.070,0.000,0,0,0,909,909,0,0
travel,4.552,109.2,205.746,205.746,fly,0.862,ok,2601,0,0,192.00,435720192,580513792,114090264,95883264,18123768,2904,7449760,22132800,1298528,909,909,0,0,0,0,0,0,0,0,0.071,0.069,0.000,0,0,0,909,909,0,0
travel,4.582,110.0,206.265,206.265,fly,0.907,ok,2601,0,0,192.00,435720192,580513792,114090264,95883264,18123768,2904,7449760,22132800,1298528,909,909,0,0,0,0,0,0,0,0,0.072,0.078,0.000,0,0,0,909,909,0,0
travel,4.613,110.7,206.786,206.786,fly,0.958,ok,2601,0,0,192.00,435720192,580513792,114090264,95883264,18123768,2904,7449760,22132800,1298528,909,909,0,0,0,0,0,0,0,0,0.072,0.084,0.000,0,0,0,909,909,0,0
travel,4.643,111.4,207.302,207.302,fly,0.861,ok,2601,0,0,192.00,435724288,580513792,114090264,95883264,18123768,2904,7449760,22132800,1298528,909,909,0,0,0,0,0,0,0,0,0.070,0.068,0.000,0,0,0,909,909,0,0
travel,4.674,112.2,207.819,207.819,fly,0.861,ok,2601,0,0,192.00,435724288,580513792,114090264,95883264,18123768,2904,7449760,22132800,1298528,909,909,0,0,0,0,0,0,0,0,0.069,0.069,0.000,0,0,0,909,909,0,0
travel,4.713,113.1,208.490,208.490,fly,0.873,ok,2601,0,79,192.00,437301248,582111232,114090264,95883264,18123768,2904,11174640,18010800,1336798,1010,1010,0,0,3,0,0,0,0,0,0.073,0.068,0.000,0,0,0,1010,1010,0,0
travel,4.744,113.9,209.014,209.014,fly,0.936,ok,2601,0,0,192.00,438464512,583323648,114090264,95883264,18123768,2904,11174640,22132800,1353092,1010,1010,0,0,0,0,0,0,0,0,0.072,0.073,0.000,0,0,0,1010,1010,0,0
travel,4.774,114.6,209.526,209.526,fly,0.864,ok,2601,0,0,192.00,438464512,583323648,114090264,95883264,18123768,2904,11174640,22132800,1353092,1010,1010,0,0,0,0,0,0,0,0,0.072,0.066,0.000,0,0,0,1010,1010,0,0
travel,4.805,115.3,210.039,210.039,fly,0.881,ok,2601,0,0,192.00,438464512,583323648,114090264,95883264,18123768,2904,11174640,22132800,1353092,1010,1010,0,0,0,0,0,0,0,0,0.073,0.067,0.000,0,0,0,1010,1010,0,0
travel,4.835,116.0,210.558,210.558,fly,0.858,ok,2601,0,0,192.00,438464512,583323648,114090264,95883264,18123768,2904,11174640,22132800,1353092,1010,1010,0,0,0,0,0,0,0,0,0.072,0.069,0.000,0,0,0,1010,1010,0,0
travel,4.866,116.8,211.079,211.079,fly,0.945,ok,2601,0,0,192.00,438464512,583323648,114090264,95883264,18123768,2904,7449760,22132800,1353092,1010,1010,0,0,0,0,0,0,0,0,0.086,0.087,0.000,0,0,0,1010,1010,0,0
travel,4.896,117.5,211.595,211.595,fly,0.916,ok,2601,0,0,192.00,438472704,583323648,114090264,95883264,18123768,2904,7449760,22132800,1353092,1010,1010,0,0,0,0,0,0,0,0,0.072,0.077,0.000,0,0,0,1010,1010,0,0
travel,4.927,118.3,212.116,212.116,fly,0.876,ok,2601,0,0,192.00,438472704,583323648,114090264,95883264,18123768,2904,7449760,22132800,1353092,1010,1010,0,0,0,0,0,0,0,0,0.071,0.068,0.000,0,0,0,1010,1010,0,0
travel,4.957,119.0,212.630,212.630,fly,0.961,ok,2601,0,0,192.00,438472704,583323648,114090264,95883264,18123768,2904,7449760,22132800,1353092,1010,1010,0,0,0,0,0,0,0,0,0.144,0.074,0.000,0,0,0,1010,1010,0,0
travel,4.988,119.7,213.146,213.146,fly,0.916,ok,2601,0,0,192.00,438472704,583323648,114090264,95883264,18123768,2904,7449760,22132800,1353092,1010,1010,0,0,0,0,0,0,0,0,0.072,0.077,0.000,0,0,0,1010,1010,0,0
travel,5.018,120.4,213.663,213.663,fly,0.871,ok,2601,0,0,192.00,438472704,583323648,114090264,95883264,18123768,2904,7449760,22132800,1353092,1010,1010,0,0,0,0,0,0,0,0,0.072,0.070,0.000,0,0,0,1010,1010,0,0
travel,5.049,121.2,214.181,214.181,fly,0.891,ok,2601,0,0,192.00,438472704,583323648,114090264,95883264,18123768,2904,7449760,22132800,1353092,1010,1010,0,0,0,0,0,0,0,0,0.091,0.067,0.000,0,0,0,1010,1010,0,0
travel,5.079,121.9,214.692,214.692,fly,0.878,ok,2601,0,0,192.00,438472704,583323648,114090264,95883264,18123768,2904,7449760,22132800,1353092,1010,1010,0,0,0,0,0,0,0,0,0.072,0.069,0.000,0,0,0,1010,1010,0,0
travel,5.109,122.6,215.210,215.210,fly,0.916,ok,2601,0,0,192.00,438472704,583323648,114090264,95883264,18123768,2904,7449760,22132800,1353092,1010,1010,0,0,0,0,0,0,0,0,0.073,0.075,0.000,0,0,0,1010,1010,0,0
travel,5.140,123.4,215.723,215.723,fly,1.194,ok,2601,0,0,192.00,438472704,583323648,114090264,95883264,18123768,2904,7449760,22132800,1353092,1010,1010,0,0,0,0,0,0,0,0,0.396,0.068,0.000,0,0,0,1010,1010,0,0
travel,5.179,124.3,216.390,216.390,fly,1.135,ok,2601,0,101,192.00,440672256,585641984,114090264,95883264,18123768,2904,11174640,16862928,1387405,1111,1111,0,0,11,0,0,0,0,77824,0.146,0.129,0.000,0,0,0,1111,1111,0,0
travel,5.210,125.0,216.912,216.912,fly,1.052,ok,2601,0,0,192.00,442130432,587206656,114090264,95883264,18123768,2904,11174640,22132800,1406904,1111,1111,0,0,0,0,0,0,0,0,0.083,0.117,0.000,0,0,0,1111,1111,0,0
travel,5.240,125.8,217.430,217.430,fly,0.865,ok,2601,0,0,192.00,442130432,587206656,114090264,95883264,18123768,2904,11174640,22132800,1406904,1111,1111,0,0,0,0,0,0,0,0,0.072,0.068,0.000,0,0,0,1111,1111,0,0
travel,5.271,126.5,217.948,217.948,fly,0.970,ok,2601,0,0,192.00,442130432,587206656,114090264,95883264,18123768,2904,11174640,22132800,1406904,1111,1111,0,0,0,0,0,0,0,0,0.147,0.071,0.000,0,0,0,1111,1111,0,0
travel,5.301,127.2,218.463,218.463,fly,0.894,ok,2601,0,0,192.00,442130432,587206656,114090264,95883264,18123768,2904,11174640,22132800,1406904,1111,1111,0,0,0,0,0,0,0,0,0.072,0.071,0.000,0,0,0,1111,1111,0,0
travel,5.331,128.0,218.979,218.979,fly,0.901,ok,2601,0,0,192.00,442130432,587206656,114090264,95883264,18123768,2904,7449760,22132800,1406904,1111,1111,0,0,0,0,0,0,0,0,0.073,0.073,0.000,0,0,0,1111,1111,0,0
travel,5.362,128.7,219.495,219.495,fly,1.204,ok,2601,0,0,192.00,442130432,587206656,114090264,95883264,18123768,2904,7449760,22132800,1406904,1111,1111,0,0,0,0,0,0,0,0,0.371,0.077,0.000,0,0,0,1111,1111,0,0
travel,5.393,129.4,220.022,220.022,fly,1.087,ok,2601,0,0,192.00,442130432,587206656,114090264,95883264,18123768,2904,7449760,22132800,1406904,1111,1111,0,0,0,0,0,0,0,0,0.293,0.071,0.000,0,0,0,1111,1111,0,0
travel,5.424,130.2,220.545,220.545,fly,0.885,ok,2601,0,0,192.00,442138624,587206656,114090264,95883264,18123768,2904,7449760,22132800,1406904,1111,1111,0,0,0,0,0,0,0,0,0.073,0.069,0.000,0,0,0,1111,1111,0,0
travel,5.455,130.9,221.069,221.069,fly,0.896,ok,2601,0,0,192.00,442138624,587206656,114090264,95883264,18123768,2904,7449760,22132800,1406904,1111,1111,0,0,0,0,0,0,0,0,0.073,0.070,0.000,0,0,0,1111,1111,0,0
travel,5.485,131.6,221.589,221.589,fly,0.981,ok,2601,0,0,192.00,442138624,587206656,114090264,95883264,18123768,2904,7449760,22132800,1406904,1111,1111,0,0,0,0,0,0,0,0,0.081,0.109,0.000,0,0,0,1111,1111,0,0
travel,5.516,132.4,222.114,222.114,fly,0.882,ok,2601,0,0,192.00,442138624,587206656,114090264,95883264,18123768,2904,7449760,22132800,1406904,1111,1111,0,0,0,0,0,0,0,0,0.071,0.071,0.000,0,0,0,1111,1111,0,0
travel,5.547,133.1,222.640,222.640,fly,0.881,ok,2601,0,0,192.00,442138624,587206656,114090264,95883264,18123768,2904,7449760,22132800,1406904,1111,1111,0,0,0,0,0,0,0,0,0.072,0.068,0.000,0,0,0,1111,1111,0,0
travel,5.578,133.9,223.164,223.164,fly,0.878,ok,2601,0,0,192.00,442138624,587206656,114090264,95883264,18123768,2904,7449760,22132800,1406904,1111,1111,0,0,0,0,0,0,0,0,0.071,0.070,0.000,0,0,0,1111,1111,0,0
travel,5.609,134.6,223.682,223.682,fly,0.982,ok,2601,0,0,192.00,442138624,587206656,114090264,95883264,18123768,2904,7449760,22132800,1406904,1111,1111,0,0,0,0,0,0,0,0,0.176,0.070,0.000,0,0,0,1111,1111,0,0
travel,5.649,135.6,224.365,224.365,fly,0.884,ok,2601,0,139,192.00,443994112,589094912,114090264,95883264,18123768,2904,11174640,14932416,1211813,1212,1212,0,0,4,0,0,0,0,0,0.072,0.068,0.000,0,0,0,1212,1212,0,0
travel,5.679,136.3,224.877,224.877,fly,0.994,ok,2601,0,20,192.00,443998208,589094912,114090264,95883264,18123768,2904,11174640,21089184,1239789,1212,1212,0,0,4,0,0,0,0,0,0.183,0.074,0.000,0,0,0,1212,1212,0,0
travel,5.709,137.0,225.390,225.390,fly,0.865,ok,2601,0,0,192.00,443998208,589094912,114090264,95883264,18123768,2904,11174640,22132800,1242840,1212,1212,0,0,0,0,0,0,0,0,0.074,0.072,0.000,0,0,0,1212,1212,0,0
travel,5.739,137.7,225.902,225.902,fly,0.955,ok,2601,0,0,192.00,443998208,589094912,114090264,95883264,18123768,2904,11174640,22132800,1242840,1212,1212,0,0,0,0,0,0,0,0,0.144,0.076,0.000,0,0,0,1212,1212,0,0
travel,5.770,138.5,226.418,226.418,fly,0.862,ok,2601,0,0,192.00,443998208,589094912,114090264,95883264,18123768,2904,11174640,22132800,1242840,1212,1212,0,0,0,0,0,0,0,0,0.072,0.068,0.000,0,0,0,1212,1212,0,0
travel,5.800,139.2,226.935,226.935,fly,0.860,ok,2601,0,0,192.00,443998208,589094912,114090264,95883264,18123768,2904,7449760,22132800,1242840,1212,1212,0,0,0,0,0,0,0,0,0.071,0.068,0.000,0,0,0,1212,1212,0,0
travel,5.831,140.0,227.466,227.466,fly,1.024,ok,2601,0,0,192.00,443998208,589094912,114090264,95883264,18123768,2904,7449760,22132800,1242840,1212,1212,0,0,0,0,0,0,0,0,0.203,0.072,0.000,0,0,0,1212,1212,0,0
travel,5.862,140.7,227.981,227.981,fly,1.079,ok,2601,0,0,192.00,443998208,589094912,114090264,95883264,18123768,2904,7449760,22132800,1242840,1212,1212,0,0,0,0,0,0,0,0,0.262,0.068,0.000,0,0,0,1212,1212,0,0
travel,5.892,141.4,228.499,228.499,fly,0.885,ok,2601,0,0,192.00,443998208,589094912,114090264,95883264,18123768,2904,7449760,22132800,1242840,1212,1212,0,0,0,0,0,0,0,0,0.072,0.068,0.000,0,0,0,1212,1212,0,0
travel,5.923,142.1,229.014,229.014,fly,1.004,ok,2601,0,0,192.00,443998208,589094912,114090264,95883264,18123768,2904,7449760,22132800,1242840,1212,1212,0,0,0,0,0,0,0,0,0.147,0.073,0.000,0,0,0,1212,1212,0,0
travel,5.953,142.9,229.529,229.529,fly,1.272,ok,2601,0,0,192.00,444006400,589094912,114090264,95883264,18123768,2904,7449760,22132800,1242840,1212,1212,0,0,0,0,0,0,0,0,0.460,0.072,0.000,0,0,0,1212,1212,0,0
travel,5.983,143.6,230.045,230.045,fly,0.916,ok,2601,0,0,192.00,444006400,589094912,114090264,95883264,18123768,2904,7449760,22132800,1242840,1212,1212,0,0,0,0,0,0,0,0,0.072,0.079,0.000,0,0,0,1212,1212,0,0
travel,6.014,144.3,230.566,230.566,fly,0.878,ok,2601,0,0,192.00,444006400,589094912,114090264,95883264,18123768,2904,7449760,22132800,1242840,1212,1212,0,0,0,0,0,0,0,0,0.071,0.068,0.000,0,0,0,1212,1212,0,0
travel,6.045,145.1,231.084,231.084,fly,0.975,ok,2601,0,0,192.00,444006400,589094912,114090264,95883264,18123768,2904,7449760,22132800,1242840,1212,1212,0,0,0,0,0,0,0,0,0.167,0.071,0.000,0,0,0,1212,1212,0,0
travel,6.075,145.8,231.603,231.603,fly,0.876,ok,2601,0,0,192.00,444006400,589094912,114090264,95883264,18123768,2904,7449760,22132800,1242840,1212,1212,0,0,0,0,0,0,0,0,0.071,0.068,0.000,0,0,0,1212,1212,0,0
travel,6.114,146.7,232.257,232.257,fly,0.889,ok,2601,0,170,192.00,444547072,589619200,114090264,95883264,18123768,2904,11174640,13262784,1256514,1313,1313,0,0,7,0,0,0,0,0,0.073,0.072,0.000,0,0,0,1313,1313,0,0
travel,6.146,147.5,232.809,232.809,fly,0.889,ok,2601,0,27,192.00,444547072,589619200,114090264,95883264,18123768,2904,11174640,20723952,1292256,1313,1313,0,0,4,0,0,0,0,0,0.072,0.069,0.000,0,0,0,1313,1313,0,0
travel,6.177,148.2,233.328,233.328,fly,0.866,ok,2601,0,0,192.00,444547072,589619200,114090264,95883264,18123768,2904,11174640,22132800,1297236,1313,1313,0,0,0,0,0,0,0,0,0.073,0.068,0.000,0,0,0,1313,1313,0,0
travel,6.207,149.0,233.843,233.843,fly,0.862,ok,2601,0,0,192.00,444547072,589619200,114090264,95883264,18123768,2904,11174640,22132800,1297236,1313,1313,0,0,0,0,0,0,0,0,0.072,0.070,0.000,0,0,0,1313,1313,0,0
travel,6.237,149.7,234.354,234.354,fly,0.914,ok,2601,0,0,192.00,444530688,589602816,114090264,95883264,18123768,2904,7449760,22132800,1297236,1313,1313,0,0,0,0,0,0,0,0,0.077,0.076,0.000,0,0,0,1313,1313,0,0
travel,6.268,150.4,234.868,234.868,fly,0.923,ok,2601,0,0,192.00,444530688,589602816,114090264,95883264,18123768,2904,7449760,22132800,1297236,1313,1313,0,0,0,0,0,0,0,0,0.143,0.064,0.000,0,0,0,1313,1313,0,0
travel,6.298,151.2,235.385,235.385,fly,0.944,ok,2601,0,0,192.00,444530688,589602816,114090264,95883264,18123768,2904,7449760,22132800,1297236,1313,1313,0,0,0,0,0,0,0,0,0.168,0.065,0.000,0,0,0,1313,1313,0,0
travel,6.328,151.9,235.897,235.897,fly,0.881,ok,2601,0,0,192.00,444530688,589602816,114090264,95883264,18123768,2904,7449760,22132800,1297236,1313,1313,0,0,0,0,0,0,0,0,0.072,0.077,0.000,0,0,0,1313,1313,0,0
travel,6.358,152.6,236.409,236.409,fly,0.931,ok,2601,0,0,192.00,444530688,589602816,114090264,95883264,18123768,2904,7449760,22132800,1297236,1313,1313,0,0,0,0,0,0,0,0,0.073,0.081,0.000,0,0,0,1313,1313,0,0
travel,6.389,153.3,236.931,236.931,fly,0.867,ok,2601,0,0,192.00,444530688,589602816,114090264,95883264,18123768,2904,7449760,22132800,1297236,1313,1313,0,0,0,0,0,0,0,0,0.071,0.066,0.000,0,0,0,1313,1313,0,0
travel,6.419,154.1,237.445,237.445,fly,0.852,ok,2601,0,0,192.00,444530688,589602816,114090264,95883264,18123768,2904,7449760,22132800,1297236,1313,1313,0,0,0,0,0,0,0,0,0.070,0.067,0.000,0,0,0,1313,1313,0,0
travel,6.450,154.8,237.959,237.959,fly,0.847,ok,2601,0,0,192.00,444530688,589602816,114090264,95883264,18123768,2904,7449760,22132800,1297236,1313,1313,0,0,0,0,0,0,0,0,0.072,0.068,0.000,0,0,0,1313,1313,0,0
travel,6.480,155.5,238.471,238.471,fly,0.869,ok,2601,0,0,192.00,444538880,589602816,114090264,95883264,18123768,2904,7449760,22132800,1297236,1313,1313,0,0,0,0,0,0,0,0,0.071,0.074,0.000,0,0,0,1313,1313,0,0
travel,6.510,156.2,238.985,238.985,fly,0.931,ok,2601,0,0,192.00,444538880,589602816,114090264,95883264,18123768,2904,7449760,22132800,1297236,1313,1313,0,0,0,0,0,0,0,0,0.155,0.066,0.000,0,0,0,1313,1313,0,0
travel,6.540,157.0,239.497,239.497,fly,0.862,ok,2601,0,0,192.00,444538880,589602816,114090264,95883264,18123768,2904,7449760,22132800,1297236,1313,1313,0,0,0,0,0,0,0,0,0.070,0.068,0.000,0,0,0,1313,1313,0,0
travel,6.576,157.8,240.098,240.098,fly,3.675,ok,2571,30,188,192.00,444571648,589602816,112774344,94777344,17914728,2904,11174640,13889616,1305364,1384,1414,37,0,41,37,37,0,0,0,0.237,0.088,0.000,0,0,0,1384,1384,0,0
travel,6.615,158.8,240.761,240.761,fly,0.894,ok,2601,0,37,192.00,444571648,589602816,114090264,95883264,18123768,2904,11174640,20202192,1345170,1414,1414,0,0,1,0,0,0,0,0,0.071,0.085,0.000,0,0,0,1414,1414,0,0
travel,6.646,159.5,241.285,241.285,fly,0.974,ok,2601,0,0,192.00,444571648,589602816,114090264,95883264,18123768,2904,11174640,22132800,1352552,1414,1414,0,0,0,0,0,0,0,0,0.078,0.093,0.000,0,0,0,1414,1414,0,0
travel,6.676,160.2,241.807,241.807,fly,0.902,ok,2601,0,0,192.00,444571648,589602816,114090264,95883264,18123768,2904,11174640,22132800,1352552,1414,1414,0,0,0,0,0,0,0,0,0.073,0.078,0.000,0,0,0,1414,1414,0,0
travel,6.707,161.0,242.321,242.321,fly,1.142,ok,2601,0,0,192.00,444571648,589602816,114090264,95883264,18123768,2904,11174640,22132800,1352552,1414,1414,0,0,0,0,0,0,0,0,0.332,0.075,0.000,0,0,0,1414,1414,0,0
travel,6.737,161.7,242.840,242.840,fly,0.867,ok,2601,0,0,192.00,444571648,589602816,114090264,95883264,18123768,2904,7449760,22132800,1352552,1414,1414,0,0,0,0,0,0,0,0,0.071,0.066,0.000,0,0,0,1414,1414,0,0
travel,6.768,162.4,243.362,243.362,fly,0.879,ok,2601,0,0,192.00,444571648,589602816,114090264,95883264,18123768,2904,7449760,22132800,1352552,1414,1414,0,0,0,0,0,0,0,0,0.071,0.071,0.000,0,0,0,1414,1414,0,0
travel,6.799,163.2,243.885,243.885,fly,1.016,ok,2601,0,0,192.00,444571648,589602816,114090264,95883264,18123768,2904,7449760,22132800,1352552,1414,1414,0,0,0,0,0,0,0,0,0.082,0.104,0.000,0,0,0,1414,1414,0,0
travel,6.829,163.9,244.399,244.399,fly,1.244,ok,2601,0,0,192.00,444571648,589602816,114090264,95883264,18123768,2904,7449760,22132800,1352552,1414,1414,0,0,0,0,0,0,0,0,0.451,0.067,0.000,0,0,0,1414,1414,0,0
travel,6.860,164.6,244.913,244.913,fly,0.873,ok,2601,0,0,192.00,444571648,589602816,114090264,95883264,18123768,2904,7449760,22132800,1352552,1414,1414,0,0,0,0,0,0,0,0,0.070,0.070,0.000,0,0,0,1414,1414,0,0
travel,6.890,165.4,245.429,245.429,fly,0.931,ok,2601,0,0,192.00,444571648,589602816,114090264,95883264,18123768,2904,7449760,22132800,1352552,1414,1414,0,0,0,0,0,0,0,0,0.140,0.070,0.000,0,0,0,1414,1414,0,0
travel,6.920,166.1,245.940,245.940,fly,0.866,ok,2601,0,0,192.00,444571648,589602816,114090264,95883264,18123768,2904,7449760,22132800,1352552,1414,1414,0,0,0,0,0,0,0,0,0.070,0.073,0.000,0,0,0,1414,1414,0,0
travel,6.950,166.8,246.454,246.454,fly,0.849,ok,2601,0,0,192.00,444571648,589602816,114090264,95883264,18123768,2904,7449760,22132800,1352552,1414,1414,0,0,0,0,0,0,0,0,0.070,0.068,0.000,0,0,0,1414,1414,0,0
travel,6.980,167.5,246.966,246.966,fly,0.878,ok,2601,0,0,192.00,444571648,589602816,114090264,95883264,18123768,2904,7449760,22132800,1352552,1414,1414,0,0,0,0,0,0,0,0,0.071,0.074,0.000,0,0,0,1414,1414,0,0
travel,7.011,168.3,247.481,247.481,fly,0.877,ok,2601,0,0,192.00,444579840,589602816,114090264,95883264,18123768,2904,7449760,22132800,1352552,1414,1414,0,0,0,0,0,0,0,0,0.071,0.070,0.000,0,0,0,1414,1414,0,0
travel,7.042,169.0,248.004,248.004,fly,4.323,ok,2537,64,106,192.00,444596224,589602816,111282968,93523968,17677816,2904,11174640,14670648,1354364,1451,1515,37,101,37,37,37,0,0,0,0.434,0.089,0.000,0,0,0,1451,1451,0,0
travel,7.080,169.9,248.651,248.651,fly,0.880,ok,2601,0,44,192.00,445120512,590127104,114090264,95883264,18123768,2904,11174640,19836960,1398292,1515,1515,0,0,7,0,0,0,0,0,0.074,0.071,0.000,0,0,0,1515,1515,0,0
travel,7.110,170.6,249.163,249.163,fly,0.891,ok,2601,0,0,192.00,445124608,590127104,114090264,95883264,18123768,2904,11174640,22132800,1406212,1515,1515,0,0,0,0,0,0,0,0,0.073,0.074,0.000,0,0,0,1515,1515,0,0
travel,7.140,171.4,249.678,249.678,fly,0.872,ok,2601,0,0,192.00,445124608,590127104,114090264,95883264,18123768,2904,11174640,22132800,1406212,1515,1515,0,0,0,0,0,0,0,0,0.073,0.070,0.000,0,0,0,1515,1515,0,0
travel,7.171,172.1,250.193,250.193,fly,0.887,ok,2601,0,0,192.00,445124608,590127104,114090264,95883264,18123768,2904,11174640,22132800,1406212,1515,1515,0,0,0,0,0,0,0,0,0.071,0.083,0.000,0,0,0,1515,1515,0,0
travel,7.201,172.8,250.707,250.707,fly,0.863,ok,2601,0,0,192.00,445124608,590127104,114090264,95883264,18123768,2904,7449760,22132800,1406212,1515,1515,0,0,0,0,0,0,0,0,0.073,0.066,0.000,0,0,0,1515,1515,0,0
travel,7.231,173.6,251.224,251.224,fly,0.880,ok,2601,0,0,192.00,445124608,590127104,114090264,95883264,18123768,2904,7449760,22132800,1406212,1515,1515,0,0,0,0,0,0,0,0,0.070,0.072,0.000,0,0,0,1515,1515,0,0
travel,7.262,174.3,251.741,251.741,fly,0.988,ok,2601,0,0,192.00,445124608,590127104,114090264,95883264,18123768,2904,7449760,22132800,1406212,1515,1515,0,0,0,0,0,0,0,0,0.079,0.110,0.000,0,0,0,1515,1515,0,0
travel,7.292,175.0,252.254,252.254,fly,0.867,ok,2601,0,0,192.00,445124608,590127104,114090264,95883264,18123768,2904,7449760,22132800,1406212,1515,1515,0,0,0,0,0,0,0,0,0.072,0.067,0.000,0,0,0,1515,1515,0,0
travel,7.322,175.7,252.769,252.769,fly,0.900,ok,2601,0,0,192.00,445124608,590127104,114090264,95883264,18123768,2904,7449760,22132800,1406212,1515,1515,0,0,0,0,0,0,0,0,0.072,0.075,0.000,0,0,0,1515,1515,0,0
travel,7.352,176.5,253.280,253.280,fly,0.869,ok,2601,0,0,192.00,445124608,590127104,114090264,95883264,18123768,2904,7449760,22132800,1406212,1515,1515,0,0,0,0,0,0,0,0,0.070,0.068,0.000,0,0,0,1515,1515,0,0
travel,7.382,177.2,253.789,253.789,fly,0.875,ok,2601,0,0,192.00,445124608,590127104,114090264,95883264,18123768,2904,7449760,22132800,1406212,1515,1515,0,0,0,0,0,0,0,0,0.071,0.070,0.000,0,0,0,1515,1515,0,0
travel,7.413,177.9,254.303,254.303,fly,0.873,ok,2601,0,0,192.00,445124608,590127104,114090264,95883264,18123768,2904,7449760,22132800,1406212,1515,1515,0,0,0,0,0,0,0,0,0.077,0.067,0.000,0,0,0,1515,1515,0,0
travel,7.443,178.6,254.815,254.815,fly,0.866,ok,2601,0,0,192.00,445124608,590127104,114090264,95883264,18123768,2904,7449760,22132800,1406212,1515,1515,0,0,0,0,0,0,0,0,0.070,0.066,0.000,0,0,0,1515,1515,0,0
travel,7.473,179.4,255.333,255.333,fly,0.865,ok,2601,0,0,192.00,445124608,590127104,114090264,95883264,18123768,2904,7449760,22132800,1406212,1515,1515,0,0,0,0,0,0,0,0,0.071,0.066,0.000,0,0,0,1515,1515,0,0
travel,7.504,180.1,255.850,255.850,fly,0.932,ok,2601,0,0,192.00,445124608,590127104,114090264,95883264,18123768,2904,7449760,22132800,1406212,1515,1515,0,0,0,0,0,0,0,0,0.072,0.079,0.000,0,0,0,1515,1515,0,0
travel,7.543,181.0,256.513,256.513,fly,0.871,ok,2601,0,96,192.00,445607936,590622720,114090264,95883264,18123768,2904,11174640,17123808,1225148,1616,1616,0,0,5,0,0,0,0,0,0.072,0.068,0.000,0,0,0,1616,1616,0,0
travel,7.574,181.8,257.032,257.032,fly,0.872,ok,2601,0,0,192.00,445607936,590622720,114090264,95883264,18123768,2904,11174640,22132800,1244712,1616,1616,0,0,0,0,0,0,0,0,0.072,0.068,0.000,0,0,0,1616,1616,0,0
travel,7.604,182.5,257.543,257.543,fly,1.099,ok,2601,0,0,192.00,445607936,590622720,114090264,95883264,18123768,2904,11174640,22132800,1244712,1616,1616,0,0,0,0,0,0,0,0,0.190,0.111,0.000,0,0,0,1616,1616,0,0
travel,7.634,183.2,258.060,258.060,fly,0.869,ok,2601,0,0,192.00,445607936,590622720,114090264,95883264,18123768,2904,11174640,22132800,1244712,1616,1616,0,0,0,0,0,0,0,0,0.074,0.069,0.000,0,0,0,1616,1616,0,0
travel,7.664,183.9,258.572,258.572,fly,1.139,ok,2601,0,0,192.00,445607936,590622720,114090264,95883264,18123768,2904,11174640,22132800,1244712,1616,1616,0,0,0,0,0,0,0,0,0.283,0.083,0.000,0,0,0,1616,1616,0,0
travel,7.695,184.7,259.091,259.091,fly,1.095,ok,2601,0,0,192.00,445607936,590622720,114090264,95883264,18123768,2904,7449760,22132800,1244712,1616,1616,0,0,0,0,0,0,0,0,0.197,0.128,0.000,0,0,0,1616,1616,0,0
travel,7.726,185.4,259.620,259.620,fly,0.875,ok,2601,0,0,192.00,445607936,590622720,114090264,95883264,18123768,2904,7449760,22132800,1244712,1616,1616,0,0,0,0,0,0,0,0,0.070,0.068,0.000,0,0,0,1616,1616,0,0
travel,7.757,186.2,260.139,260.139,fly,1.141,ok,2601,0,0,192.00,445607936,590622720,114090264,95883264,18123768,2904,7449760,22132800,1244712,1616,1616,0,0,0,0,0,0,0,0,0.079,0.295,0.000,0,0,0,1616,1616,0,0
travel,7.787,186.9,260.655,260.655,fly,0.869,ok,2601,0,0,192.00,445607936,590622720,114090264,95883264,18123768,2904,7449760,22132800,1244712,1616,1616,0,0,0,0,0,0,0,0,0.071,0.070,0.000,0,0,0,1616,1616,0,0
travel,7.818,187.6,261.176,261.176,fly,0.871,ok,2601,0,0,192.00,445607936,590622720,114090264,95883264,18123768,2904,7449760,22132800,1244712,1616,1616,0,0,0,0,0,0,0,0,0.072,0.072,0.000,0,0,0,1616,1616,0,0
travel,7.848,188.4,261.691,261.691,fly,0.912,ok,2601,0,0,192.00,445607936,590622720,114090264,95883264,18123768,2904,7449760,22132800,1244712,1616,1616,0,0,0,0,0,0,0,0,0.070,0.070,0.000,0,0,0,1616,1616,0,0
travel,7.879,189.1,262.209,262.209,fly,0.881,ok,2601,0,0,192.00,445607936,590622720,114090264,95883264,18123768,2904,7449760,22132800,1244712,1616,1616,0,0,0,0,0,0,0,0,0.071,0.073,0.000,0,0,0,1616,1616,0,0
travel,7.909,189.8,262.724,262.724,fly,0.863,ok,2601,0,0,192.00,445607936,590622720,114090264,95883264,18123768,2904,7449760,22132800,1244712,1616,1616,0,0,0,0,0,0,0,0,0.070,0.068,0.000,0,0,0,1616,1616,0,0
travel,7.940,190.6,263.246,263.246,fly,0.894,ok,2601,0,0,192.00,445607936,590622720,114090264,95883264,18123768,2904,7449760,22132800,1244712,1616,1616,0,0,0,0,0,0,0,0,0.070,0.075,0.000,0,0,0,1616,1616,0,0
travel,7.970,191.3,263.766,263.766,fly,0.893,ok,2601,0,0,192.00,445607936,590622720,114090264,95883264,18123768,2904,7449760,22132800,1244712,1616,1616,0,0,0,0,0,0,0,0,0.093,0.071,0.000,0,0,0,1616,1616,0,0
travel,8.008,192.2,264.410,264.410,fly,0.870,ok,2601,0,93,192.00,445607936,590622720,114090264,95883264,18123768,2904,11174640,17280336,1281127,1717,1717,0,0,1,0,0,0,0,0,0.071,0.067,0.000,0,0,0,1717,1717,0,0
travel,8.039,192.9,264.924,264.924,fly,0.875,ok,2601,0,0,192.00,445607936,590622720,114090264,95883264,18123768,2904,11174640,22132800,1299396,1717,1717,0,0,0,0,0,0,0,0,0.073,0.070,0.000,0,0,0,1717,1717,0,0
travel,8.069,193.7,265.438,265.438,fly,0.870,ok,2601,0,0,192.00,445616128,590622720,114090264,95883264,18123768,2904,11174640,22132800,1299396,1717,1717,0,0,0,0,0,0,0,0,0.070,0.067,0.000,0,0,0,1717,1717,0,0
travel,8.099,194.4,265.947,265.947,fly,1.056,ok,2601,0,0,192.00,445616128,590622720,114090264,95883264,18123768,2904,11174640,22132800,1299396,1717,1717,0,0,0,0,0,0,0,0,0.081,0.110,0.000,0,0,0,1717,1717,0,0
travel,8.129,195.1,266.460,266.460,fly,0.875,ok,2601,0,0,192.00,445616128,590622720,114090264,95883264,18123768,2904,7449760,22132800,1299396,1717,1717,0,0,0,0,0,0,0,0,0.071,0.068,0.000,0,0,0,1717,1717,0,0
travel,8.160,195.8,266.982,266.982,fly,0.864,ok,2601,0,0,192.00,445616128,590622720,114090264,95883264,18123768,2904,7449760,22132800,1299396,1717,1717,0,0,0,0,0,0,0,0,0.071,0.068,0.000,0,0,0,1717,1717,0,0
travel,8.190,196.6,267.500,267.500,fly,1.070,ok,2601,0,0,192.00,445616128,590622720,114090264,95883264,18123768,2904,7449760,22132800,1299396,1717,1717,0,0,0,0,0,0,0,0,0.288,0.071,0.000,0,0,0,1717,1717,0,0
travel,8.221,197.3,268.017,268.017,fly,1.014,ok,2601,0,0,192.00,445616128,590622720,114090264,95883264,18123768,2904,7449760,22132800,1299396,1717,1717,0,0,0,0,0,0,0,0,0.079,0.109,0.000,0,0,0,1717,1717,0,0
travel,8.252,198.0,268.539,268.539,fly,0.870,ok,2601,0,0,192.00,445616128,590622720,114090264,95883264,18123768,2904,7449760,22132800,1299396,1717,1717,0,0,0,0,0,0,0,0,0.070,0.070,0.000,0,0,0,1717,1717,0,0
travel,8.282,198.8,269.049,269.049,fly,1.281,ok,2601,0,0,192.00,445616128,590622720,114090264,95883264,18123768,2904,7449760,22132800,1299396,1717,1717,0,0,0,0,0,0,0,0,0.458,0.070,0.000,0,0,0,1717,1717,0,0
travel,8.312,199.5,269.564,269.564,fly,0.896,ok,2601,0,0,192.00,445616128,590622720,114090264,95883264,18123768,2904,7449760,22132800,1299396,1717,1717,0,0,0,0,0,0,0,0,0.071,0.076,0.000,0,0,0,1717,1717,0,0
travel,8.342,200.2,270.075,270.075,fly,0.978,ok,2601,0,0,192.00,445616128,590622720,114090264,95883264,18123768,2904,7449760,22132800,1299396,1717,1717,0,0,0,0,0,0,0,0,0.141,0.079,0.000,0,0,0,1717,1717,0,0
travel,8.372,200.9,270.586,270.586,fly,0.868,ok,2601,0,0,192.00,445616128,590622720,114090264,95883264,18123768,2904,7449760,22132800,1299396,1717,1717,0,0,0,0,0,0,0,0,0.069,0.070,0.000,0,0,0,1717,1717,0,0
travel,8.403,201.7,271.103,271.103,fly,0.860,ok,2601,0,0,192.00,445616128,590622720,114090264,95883264,18123768,2904,7449760,22132800,1299396,1717,1717,0,0,0,0,0,0,0,0,0.069,0.067,0.000,0,0,0,1717,1717,0,0
travel,8.433,202.4,271.614,271.614,fly,0.859,ok,2601,0,0,192.00,445616128,590622720,114090264,95883264,18123768,2904,7449760,22132800,1299396,1717,1717,0,0,0,0,0,0,0,0,0.070,0.070,0.000,0,0,0,1717,1717,0,0
travel,8.472,203.3,272.280,272.280,fly,0.989,ok,2601,0,126,192.00,445960192,591147008,114090264,95883264,18123768,2904,11174640,15558528,1327144,1818,1818,0,0,8,0,0,0,0,0,0.144,0.077,0.000,0,0,0,1818,1818,0,0
travel,8.504,204.1,272.816,272.816,fly,0.863,ok,2601,0,2,192.00,445960192,591147008,114090264,95883264,18123768,2904,11174640,22028400,1355552,1818,1818,0,0,2,0,0,0,0,0,0.071,0.070,0.000,0,0,0,1818,1818,0,0
travel,8.534,204.8,273.328,273.328,fly,0.848,ok,2601,0,0,192.00,445960192,591147008,114090264,95883264,18123768,2904,11174640,22132800,1355552,1818,1818,0,0,0,0,0,0,0,0,0.070,0.068,0.000,0,0,0,1818,1818,0,0
travel,8.564,205.5,273.842,273.842,fly,0.873,ok,2601,0,0,192.00,445960192,591147008,114090264,95883264,18123768,2904,11174640,22132800,1355552,1818,1818,0,0,0,0,0,0,0,0,0.071,0.070,0.000,0,0,0,1818,1818,0,0
travel,8.594,206.3,274.353,274.353,fly,0.879,ok,2601,0,0,192.00,445964288,591147008,114090264,95883264,18123768,2904,11174640,22132800,1355552,1818,1818,0,0,0,0,0,0,0,0,0.069,0.070,0.000,0,0,0,1818,1818,0,0
travel,8.624,207.0,274.867,274.867,fly,0.886,ok,2601,0,0,192.00,445964288,591147008,114090264,95883264,18123768,2904,7449760,22132800,1355552,1818,1818,0,0,0,0,0,0,0,0,0.070,0.071,0.000,0,0,0,1818,1818,0,0
travel,8.655,207.7,275.382,275.382,fly,0.941,ok,2601,0,0,192.00,445964288,591147008,114090264,95883264,18123768,2904,7449760,22132800,1355552,1818,1818,0,0,0,0,0,0,0,0,0.075,0.088,0.000,0,0,0,1818,1818,0,0
travel,8.685,208.4,275.893,275.893,fly,0.847,ok,2601,0,0,192.00,445964288,591147008,114090264,95883264,18123768,2904,7449760,22132800,1355552,1818,1818,0,0,0,0,0,0,0,0,0.068,0.066,0.000,0,0,0,1818,1818,0,0
travel,8.715,209.2,276.403,276.403,fly,0.851,ok,2601,0,0,192.00,445964288,591147008,114090264,95883264,18123768,2904,7449760,22132800,1355552,1818,1818,0,0,0,0,0,0,0,0,0.069,0.069,0.000,0,0,0,1818,1818,0,0
travel,8.745,209.9,276.912,276.912,fly,0.963,ok,2601,0,0,192.00,445964288,591147008,114090264,95883264,18123768,2904,7449760,22132800,1355552,1818,1818,0,0,0,0,0,0,0,0,0.178,0.068,0.000,0,0,0,1818,1818,0,0
travel,8.775,210.6,277.428,277.428,fly,0.851,ok,2601,0,0,192.00,445964288,591147008,114090264,95883264,18123768,2904,7449760,22132800,1355552,1818,1818,0,0,0,0,0,0,0,0,0.069,0.068,0.000,0,0,0,1818,1818,0,0
travel,8.806,211.3,277.946,277.946,fly,0.865,ok,2601,0,0,192.00,445964288,591147008,114090264,95883264,18123768,2904,7449760,22132800,1355552,1818,1818,0,0,0,0,0,0,0,0,0.070,0.077,0.000,0,0,0,1818,1818,0,0
travel,8.837,212.1,278.475,278.475,fly,0.994,ok,2601,0,0,192.00,445964288,591147008,114090264,95883264,18123768,2904,7449760,22132800,1355552,1818,1818,0,0,0,0,0,0,0,0,0.077,0.108,0.000,0,0,0,1818,1818,0,0
travel,8.869,212.9,279.013,279.013,fly,0.940,ok,2601,0,0,192.00,445964288,591147008,114090264,95883264,18123768,2904,7449760,22132800,1355552,1818,1818,0,0,0,0,0,0,0,0,0.069,0.069,0.000,0,0,0,1818,1818,0,0
travel,8.900,213.6,279.546,279.546,fly,0.883,ok,2601,0,0,192.00,445964288,591147008,114090264,95883264,18123768,2904,7449760,22132800,1355552,1818,1818,0,0,0,0,0,0,0,0,0.070,0.073,0.000,0,0,0,1818,1818,0,0
travel,8.938,214.5,280.197,280.197,fly,1.013,ok,2601,0,169,192.00,446189568,591147008,114090264,95883264,18123768,2904,11174640,13314960,1369454,1919,1919,0,0,18,0,0,0,0,0,0.075,0.115,0.000,0,0,0,1919,1919,0,0
travel,8.969,215.3,280.718,280.718,fly,1.107,ok,2601,0,11,192.00,446189568,591147008,114090264,95883264,18123768,2904,11174640,21558768,1409170,1919,1919,0,0,5,0,0,0,0,0,0.078,0.132,0.000,0,0,0,1919,1919,0,0
travel,9.000,216.0,281.238,281.238,fly,0.890,ok,2601,0,0,192.00,446189568,591147008,114090264,95883264,18123768,2904,11174640,22132800,1410636,1919,1919,0,0,0,0,0,0,0,0,0.072,0.071,0.000,0,0,0,1919,1919,0,0
travel,9.030,216.7,281.752,281.752,fly,0.898,ok,2601,0,0,192.00,446189568,591147008,114090264,95883264,18123768,2904,11174640,22132800,1410636,1919,1919,0,0,0,0,0,0,0,0,0.071,0.075,0.000,0,0,0,1919,1919,0,0
travel,9.061,217.5,282.276,282.276,fly,0.868,ok,2601,0,0,192.00,446189568,591147008,114090264,95883264,18123768,2904,11174640,22132800,1410636,1919,1919,0,0,0,0,0,0,0,0,0.073,0.069,0.000,0,0,0,1919,1919,0,0
travel,9.091,218.2,282.792,282.792,fly,0.875,ok,2601,0,0,192.00,446189568,591147008,114090264,95883264,18123768,2904,7449760,22132800,1410636,1919,1919,0,0,0,0,0,0,0,0,0.070,0.066,0.000,0,0,0,1919,1919,0,0
travel,9.121,218.9,283.303,283.303,fly,0.878,ok,2601,0,0,192.00,446193664,591147008,114090264,95883264,18123768,2904,7449760,22132800,1410636,1919,1919,0,0,0,0,0,0,0,0,0.069,0.068,0.000,0,0,0,1919,1919,0,0
travel,9.152,219.7,283.817,283.817,fly,0.912,ok,2601,0,0,192.00,446193664,591147008,114090264,95883264,18123768,2904,7449760,22132800,1410636,1919,1919,0,0,0,0,0,0,0,0,0.072,0.075,0.000,0,0,0,1919,1919,0,0
travel,9.182,220.4,284.333,284.333,fly,0.870,ok,2601,0,0,192.00,446193664,591147008,114090264,95883264,18123768,2904,7449760,22132800,1410636,1919,1919,0,0,0,0,0,0,0,0,0.068,0.068,0.000,0,0,0,1919,1919,0,0
travel,9.212,221.1,284.846,284.846,fly,0.880,ok,2601,0,0,192.00,446193664,591147008,114090264,95883264,18123768,2904,7449760,22132800,1410636,1919,1919,0,0,0,0,0,0,0,0,0.069,0.070,0.000,0,0,0,1919,1919,0,0
travel,9.242,221.8,285.356,285.356,fly,0.875,ok,2601,0,0,192.00,446193664,591147008,114090264,95883264,18123768,2904,7449760,22132800,1410636,1919,1919,0,0,0,0,0,0,0,0,0.069,0.067,0.000,0,0,0,1919,1919,0,0
travel,9.273,222.6,285.880,285.880,fly,0.891,ok,2601,0,0,192.00,446193664,591147008,114090264,95883264,18123768,2904,7449760,22132800,1410636,1919,1919,0,0,0,0,0,0,0,0,0.069,0.071,0.000,0,0,0,1919,1919,0,0
travel,9.304,223.3,286.398,286.398,fly,0.893,ok,2601,0,0,192.00,446193664,591147008,114090264,95883264,18123768,2904,7449760,22132800,1410636,1919,1919,0,0,0,0,0,0,0,0,0.071,0.070,0.000,0,0,0,1919,1919,0,0
travel,9.334,224.0,286.916,286.916,fly,0.876,ok,2601,0,0,192.00,446193664,591147008,114090264,95883264,18123768,2904,7449760,22132800,1410636,1919,1919,0,0,0,0,0,0,0,0,0.067,0.068,0.000,0,0,0,1919,1919,0,0
travel,9.365,224.8,287.433,287.433,fly,0.876,ok,2601,0,0,192.00,446193664,591147008,114090264,95883264,18123768,2904,7449760,22132800,1410636,1919,1919,0,0,0,0,0,0,0,0,0.068,0.070,0.000,0,0,0,1919,1919,0,0
travel,9.395,225.5,287.947,287.947,fly,0.877,ok,2601,0,0,192.00,446193664,591147008,114090264,95883264,18123768,2904,7449760,22132800,1410636,1919,1919,0,0,0,0,0,0,0,0,0.070,0.067,0.000,0,0,0,1919,1919,0,0
travel,9.435,226.4,288.619,288.619,fly,1.040,ok,2601,0,52,192.00,446521344,591482880,114090264,95883264,18123768,2904,11174640,19419552,1241242,2020,2020,0,0,2,0,0,0,0,0,0.075,0.144,0.000,0,0,0,2020,2020,0,0
travel,9.466,227.2,289.146,289.146,fly,0.873,ok,2601,0,0,192.00,446521344,591482880,114090264,95883264,18123768,2904,11174640,22132800,1250791,2020,2020,0,0,0,0,0,0,0,0,0.069,0.067,0.000,0,0,0,2020,2020,0,0
travel,9.497,227.9,289.671,289.671,fly,0.881,ok,2601,0,0,192.00,446521344,591482880,114090264,95883264,18123768,2904,11174640,22132800,1250791,2020,2020,0,0,0,0,0,0,0,0,0.069,0.075,0.000,0,0,0,2020,2020,0,0
travel,9.527,228.7,290.182,290.182,fly,1.000,ok,2601,0,0,192.00,446521344,591482880,114090264,95883264,18123768,2904,11174640,22132800,1250791,2020,2020,0,0,0,0,0,0,0,0,0.175,0.074,0.000,0,0,0,2020,2020,0,0
travel,9.557,229.4,290.698,290.698,fly,0.883,ok,2601,0,0,192.00,446521344,591482880,114090264,95883264,18123768,2904,7449760,22132800,1250791,2020,2020,0,0,0,0,0,0,0,0,0.069,0.071,0.000,0,0,0,2020,2020,0,0
travel,9.587,230.1,291.212,291.212,fly,0.901,ok,2601,0,0,192.00,446521344,591482880,114090264,95883264,18123768,2904,7449760,22132800,1250791,2020,2020,0,0,0,0,0,0,0,0,0.069,0.073,0.000,0,0,0,2020,2020,0,0
travel,9.618,230.8,291.723,291.723,fly,0.879,ok,2601,0,0,192.00,446521344,591482880,114090264,95883264,18123768,2904,7449760,22132800,1250791,2020,2020,0,0,0,0,0,0,0,0,0.069,0.070,0.000,0,0,0,2020,2020,0,0
travel,9.648,231.6,292.238,292.238,fly,0.871,ok,2601,0,0,192.00,446525440,591482880,114090264,95883264,18123768,2904,7449760,22132800,1250791,2020,2020,0,0,0,0,0,0,0,0,0.068,0.068,0.000,0,0,0,2020,2020,0,0
travel,9.679,232.3,292.760,292.760,fly,0.879,ok,2601,0,0,192.00,446525440,591482880,114090264,95883264,18123768,2904,7449760,22132800,1250791,2020,2020,0,0,0,0,0,0,0,0,0.068,0.070,0.000,0,0,0,2020,2020,0,0
travel,9.709,233.0,293.279,293.279,fly,1.000,ok,2601,0,0,192.00,446525440,591482880,114090264,95883264,18123768,2904,7449760,22132800,1250791,2020,2020,0,0,0,0,0,0,0,0,0.082,0.115,0.000,0,0,0,2020,2020,0,0
travel,9.740,233.8,293.802,293.802,fly,0.884,ok,2601,0,0,192.00,446525440,591482880,114090264,95883264,18123768,2904,7449760,22132800,1250791,2020,2020,0,0,0,0,0,0,0,0,0.068,0.070,0.000,0,0,0,2020,2020,0,0
travel,9.771,234.5,294.322,294.322,fly,0.872,ok,2601,0,0,192.00,446525440,591482880,114090264,95883264,18123768,2904,7449760,22132800,1250791,2020,2020,0,0,0,0,0,0,0,0,0.067,0.067,0.000,0,0,0,2020,2020,0,0
travel,9.801,235.2,294.836,294.836,fly,0.857,ok,2601,0,0,192.00,446525440,591482880,114090264,95883264,18123768,2904,7449760,22132800,1250791,2020,2020,0,0,0,0,0,0,0,0,0.069,0.066,0.000,0,0,0,2020,2020,0,0
travel,9.831,236.0,295.349,295.349,fly,0.904,ok,2601,0,0,192.00,446525440,591482880,114090264,95883264,18123768,2904,7449760,22132800,1250791,2020,2020,0,0,0,0,0,0,0,0,0.068,0.075,0.000,0,0,0,2020,2020,0,0
travel,9.861,236.7,295.859,295.859,fly,0.859,ok,2601,0,0,192.00,446525440,591482880,114090264,95883264,18123768,2904,7449760,22132800,1250791,2020,2020,0,0,0,0,0,0,0,0,0.068,0.067,0.000,0,0,0,2020,2020,0,0
travel,9.901,237.6,296.528,296.528,fly,0.882,ok,2601,0,75,192.00,447049728,592011264,114090264,95883264,18123768,2904,11174640,18219504,1291550,2121,2121,0,0,5,0,0,0,0,0,0.070,0.067,0.000,0,0,0,2121,2121,0,0
travel,9.932,238.4,297.062,297.062,fly,1.003,ok,2601,0,0,192.00,447049728,592011264,114090264,95883264,18123768,2904,11174640,22132800,1307007,2121,2121,0,0,0,0,0,0,0,0,0.077,0.098,0.000,0,0,0,2121,2121,0,0
travel,9.963,239.1,297.585,297.585,fly,0.969,ok,2601,0,0,192.00,447049728,592011264,114090264,95883264,18123768,2904,11174640,22132800,1307007,2121,2121,0,0,0,0,0,0,0,0,0.070,0.148,0.000,0,0,0,2121,2121,0,0
travel,9.994,239.9,298.110,298.110,fly,0.879,ok,2601,0,0,192.00,447049728,592011264,114090264,95883264,18123768,2904,11174640,22132800,1307007,2121,2121,0,0,0,0,0,0,0,0,0.069,0.070,0.000,0,0,0,2121,2121,0,0
travel,10.025,240.6,298.643,298.643,fly,0.868,ok,2601,0,0,192.00,447049728,592011264,114090264,95883264,18123768,2904,7449760,22132800,1307007,2121,2121,0,0,0,0,0,0,0,0,0.069,0.069,0.000,0,0,0,2121,2121,0,0
travel,10.056,241.3,299.158,299.158,fly,0.954,ok,2601,0,0,192.00,447049728,592011264,114090264,95883264,18123768,2904,7449760,22132800,1307007,2121,2121,0,0,0,0,0,0,0,0,0.138,0.073,0.000,0,0,0,2121,2121,0,0
travel,10.086,242.1,299.675,299.675,fly,0.884,ok,2601,0,0,192.00,447049728,592011264,114090264,95883264,18123768,2904,7449760,22132800,1307007,2121,2121,0,0,0,0,0,0,0,0,0.067,0.071,0.000,0,0,0,2121,2121,0,0
travel,10.117,242.8,300.193,300.193,fly,0.981,ok,2601,0,0,192.00,447049728,592011264,114090264,95883264,18123768,2904,7449760,22132800,1307007,2121,2121,0,0,0,0,0,0,0,0,0.075,0.111,0.000,0,0,0,2121,2121,0,0
travel,10.147,243.5,300.707,300.707,fly,0.894,ok,2601,0,0,192.00,447049728,592011264,114090264,95883264,18123768,2904,7449760,22132800,1307007,2121,2121,0,0,0,0,0,0,0,0,0.074,0.068,0.000,0,0,0,2121,2121,0,0
travel,10.177,244.3,301.221,301.221,fly,0.873,ok,2601,0,0,192.00,447053824,592011264,114090264,95883264,18123768,2904,7449760,22132800,1307007,2121,2121,0,0,0,0,0,0,0,0,0.066,0.070,0.000,0,0,0,2121,2121,0,0
travel,10.208,245.0,301.743,301.743,fly,0.874,ok,2601,0,0,192.00,447053824,592011264,114090264,95883264,18123768,2904,7449760,22132800,1307007,2121,2121,0,0,0,0,0,0,0,0,0.067,0.074,0.000,0,0,0,2121,2121,0,0
travel,10.238,245.7,302.256,302.256,fly,0.882,ok,2601,0,0,192.00,447053824,592011264,114090264,95883264,18123768,2904,7449760,22132800,1307007,2121,2121,0,0,0,0,0,0,0,0,0.067,0.067,0.000,0,0,0,2121,2121,0,0
travel,10.269,246.5,302.776,302.776,fly,0.872,ok,2601,0,0,192.00,447053824,592011264,114090264,95883264,18123768,2904,7449760,22132800,1307007,2121,2121,0,0,0,0,0,0,0,0,0.066,0.064,0.000,0,0,0,2121,2121,0,0
travel,10.299,247.2,303.293,303.293,fly,0.885,ok,2601,0,0,192.00,447053824,592011264,114090264,95883264,18123768,2904,7449760,22132800,1307007,2121,2121,0,0,0,0,0,0,0,0,0.067,0.069,0.000,0,0,0,2121,2121,0,0
travel,10.330,247.9,303.809,303.809,fly,0.908,ok,2601,0,0,192.00,447053824,592011264,114090264,95883264,18123768,2904,7449760,22132800,1307007,2121,2121,0,0,0,0,0,0,0,0,0.068,0.075,0.000,0,0,0,2121,2121,0,0
travel,10.369,248.9,304.484,304.484,fly,0.878,ok,2601,0,76,192.00,447053824,592011264,114090264,95883264,18123768,2904,11174640,18167328,1346713,2222,2222,0,0,0,0,0,0,0,0,0.069,0.068,0.000,0,0,0,2222,2222,0,0
travel,10.400,249.6,304.995,304.995,fly,0.881,ok,2601,0,0,192.00,447053824,592011264,114090264,95883264,18123768,2904,11174640,22132800,1361803,2222,2222,0,0,0,0,0,0,0,0,0.072,0.071,0.000,0,0,0,2222,2222,0,0
travel,10.431,250.3,305.520,305.520,fly,0.885,ok,2601,0,0,192.00,447053824,592011264,114090264,95883264,18123768,2904,11174640,22132800,1361803,2222,2222,0,0,0,0,0,0,0,0,0.067,0.069,0.000,0,0,0,2222,2222,0,0
travel,10.461,251.1,306.036,306.036,fly,0.947,ok,2601,0,0,192.00,447053824,592011264,114090264,95883264,18123768,2904,11174640,22132800,1361803,2222,2222,0,0,0,0,0,0,0,0,0.068,0.077,0.000,0,0,0,2222,2222,0,0
travel,10.491,251.8,306.553,306.553,fly,0.878,ok,2601,0,0,192.00,447053824,592011264,114090264,95883264,18123768,2904,7449760,22132800,1361803,2222,2222,0,0,0,0,0,0,0,0,0.067,0.069,0.000,0,0,0,2222,2222,0,0
travel,10.526,252.6,307.137,307.137,fly,0.931,ok,2601,0,0,192.00,447053824,592011264,114090264,95883264,18123768,2904,7449760,22132800,1361803,2222,2222,0,0,0,0,0,0,0,0,0.143,0.066,0.000,0,0,0,2222,2222,0,0
travel,10.556,253.4,307.649,307.649,fly,0.849,ok,2601,0,0,192.00,447053824,592011264,114090264,95883264,18123768,2904,7449760,22132800,1361803,2222,2222,0,0,0,0,0,0,0,0,0.067,0.069,0.000,0,0,0,2222,2222,0,0
travel,10.586,254.1,308.164,308.164,fly,0.852,ok,2601,0,0,192.00,447053824,592011264,114090264,95883264,18123768,2904,7449760,22132800,1361803,2222,2222,0,0,0,0,0,0,0,0,0.068,0.070,0.000,0,0,0,2222,2222,0,0
travel,10.617,254.8,308.677,308.677,fly,0.842,ok,2601,0,0,192.00,447053824,592011264,114090264,95883264,18123768,2904,7449760,22132800,1361803,2222,2222,0,0,0,0,0,0,0,0,0.067,0.066,0.000,0,0,0,2222,2222,0,0
travel,10.647,255.5,309.191,309.191,fly,0.856,ok,2601,0,0,192.00,447053824,592011264,114090264,95883264,18123768,2904,7449760,22132800,1361803,2222,2222,0,0,0,0,0,0,0,0,0.066,0.071,0.000,0,0,0,2222,2222,0,0
travel,10.677,256.3,309.703,309.703,fly,0.965,ok,2601,0,0,192.00,447053824,592011264,114090264,95883264,18123768,2904,7449760,22132800,1361803,2222,2222,0,0,0,0,0,0,0,0,0.177,0.070,0.000,0,0,0,2222,2222,0,0
travel,10.707,257.0,310.216,310.216,fly,0.857,ok,2601,0,0,192.00,447057920,592011264,114090264,95883264,18123768,2904,7449760,22132800,1361803,2222,2222,0,0,0,0,0,0,0,0,0.067,0.072,0.000,0,0,0,2222,2222,0,0
travel,10.737,257.7,310.725,310.725,fly,0.870,ok,2601,0,0,192.00,447057920,592011264,114090264,95883264,18123768,2904,7449760,22132800,1361803,2222,2222,0,0,0,0,0,0,0,0,0.068,0.070,0.000,0,0,0,2222,2222,0,0
travel,10.767,258.4,311.237,311.237,fly,0.853,ok,2601,0,0,192.00,447057920,592011264,114090264,95883264,18123768,2904,7449760,22132800,1361803,2222,2222,0,0,0,0,0,0,0,0,0.066,0.069,0.000,0,0,0,2222,2222,0,0
travel,10.798,259.2,311.759,311.759,fly,0.868,ok,2601,0,0,192.00,447057920,592011264,114090264,95883264,18123768,2904,7449760,22132800,1361803,2222,2222,0,0,0,0,0,0,0,0,0.066,0.070,0.000,0,0,0,2222,2222,0,0
travel,10.836,260.1,312.403,312.403,fly,0.870,ok,2601,0,97,192.00,447582208,592535552,114090264,95883264,18123768,2904,11174640,17071632,1397527,2323,2323,0,0,6,0,0,0,0,0,0.068,0.070,0.000,0,0,0,2323,2323,0,0
travel,10.867,260.8,312.930,312.930,fly,1.047,ok,2601,0,0,192.00,447582208,592535552,114090264,95883264,18123768,2904,11174640,22132800,1415887,2323,2323,0,0,0,0,0,0,0,0,0.143,0.085,0.000,0,0,0,2323,2323,0,0
travel,10.898,261.6,313.445,313.445,fly,0.869,ok,2601,0,0,192.00,447582208,592535552,114090264,95883264,18123768,2904,11174640,22132800,1415887,2323,2323,0,0,0,0,0,0,0,0,0.067,0.073,0.000,0,0,0,2323,2323,0,0
travel,10.928,262.3,313.964,313.964,fly,0.859,ok,2601,0,0,192.00,447582208,592535552,114090264,95883264,18123768,2904,11174640,22132800,1415887,2323,2323,0,0,0,0,0,0,0,0,0.066,0.070,0.000,0,0,0,2323,2323,0,0
travel,10.958,263.0,314.475,314.475,fly,0.881,ok,2601,0,0,192.00,447582208,592535552,114090264,95883264,18123768,2904,11174640,22132800,1415887,2323,2323,0,0,0,0,0,0,0,0,0.067,0.071,0.000,0,0,0,2323,2323,0,0
travel,10.989,263.7,314.991,314.991,fly,0.858,ok,2601,0,0,192.00,447582208,592535552,114090264,95883264,18123768,2904,7449760,22132800,1415887,2323,2323,0,0,0,0,0,0,0,0,0.065,0.070,0.000,0,0,0,2323,2323,0,0
travel,11.020,264.5,315.514,315.514,fly,0.853,ok,2601,0,0,192.00,447582208,592535552,114090264,95883264,18123768,2904,7449760,22132800,1415887,2323,2323,0,0,0,0,0,0,0,0,0.065,0.069,0.000,0,0,0,2323,2323,0,0
travel,11.050,265.2,316.028,316.028,fly,0.869,ok,2601,0,0,192.00,447582208,592535552,114090264,95883264,18123768,2904,7449760,22132800,1415887,2323,2323,0,0,0,0,0,0,0,0,0.067,0.071,0.000,0,0,0,2323,2323,0,0
travel,11.081,265.9,316.548,316.548,fly,1.003,ok,2601,0,0,192.00,447582208,592535552,114090264,95883264,18123768,2904,7449760,22132800,1415887,2323,2323,0,0,0,0,0,0,0,0,0.077,0.116,0.000,0,0,0,2323,2323,0,0
travel,11.111,266.7,317.072,317.072,fly,0.907,ok,2601,0,0,192.00,447582208,592535552,114090264,95883264,18123768,2904,7449760,22132800,1415887,2323,2323,0,0,0,0,0,0,0,0,0.065,0.078,0.000,0,0,0,2323,2323,0,0
travel,11.142,267.4,317.587,317.587,fly,0.901,ok,2601,0,0,192.00,447582208,592535552,114090264,95883264,18123768,2904,7449760,22132800,1415887,2323,2323,0,0,0,0,0,0,0,0,0.065,0.084,0.000,0,0,0,2323,2323,0,0
travel,11.172,268.1,318.105,318.105,fly,0.857,ok,2601,0,0,192.00,447582208,592535552,114090264,95883264,18123768,2904,7449760,22132800,1415887,2323,2323,0,0,0,0,0,0,0,0,0.063,0.068,0.000,0,0,0,2323,2323,0,0
travel,11.203,268.9,318.619,318.619,fly,0.858,ok,2601,0,0,192.00,447582208,592535552,114090264,95883264,18123768,2904,7449760,22132800,1415887,2323,2323,0,0,0,0,0,0,0,0,0.065,0.069,0.000,0,0,0,2323,2323,0,0
travel,11.233,269.6,319.139,319.139,fly,0.923,ok,2601,0,0,192.00,447582208,592535552,114090264,95883264,18123768,2904,7449760,22132800,1415887,2323,2323,0,0,0,0,0,0,0,0,0.073,0.132,0.000,0,0,0,2323,2323,0,0
travel,11.264,270.3,319.664,319.664,fly,0.863,ok,2601,0,0,192.00,447586304,592535552,114090264,95883264,18123768,2904,7449760,22132800,1415887,2323,2323,0,0,0,0,0,0,0,0,0.069,0.069,0.000,0,0,0,2323,2323,0,0
travel,11.308,271.4,320.401,320.401,fly,1.222,ok,2601,0,116,192.00,448663552,593661952,114090264,95883264,18123768,2904,11174640,16184640,1230685,2424,2424,0,0,2,0,0,0,0,0,0.140,0.087,0.000,0,0,0,2424,2424,0,0
travel,11.339,272.1,320.938,320.938,fly,0.862,ok,2601,0,0,192.00,448663552,593661952,114090264,95883264,18123768,2904,11174640,22132800,1254494,2424,2424,0,0,0,0,0,0,0,0,0.067,0.068,0.000,0,0,0,2424,2424,0,0
travel,11.370,272.9,321.452,321.452,fly,0.894,ok,2601,0,0,192.00,448663552,593661952,114090264,95883264,18123768,2904,11174640,22132800,1254494,2424,2424,0,0,0,0,0,0,0,0,0.067,0.074,0.000,0,0,0,2424,2424,0,0
travel,11.400,273.6,321.968,321.968,fly,0.865,ok,2601,0,0,192.00,448663552,593661952,114090264,95883264,18123768,2904,11174640,22132800,1254494,2424,2424,0,0,0,0,0,0,0,0,0.066,0.074,0.000,0,0,0,2424,2424,0,0
travel,11.430,274.3,322.482,322.482,fly,1.278,ok,2601,0,0,192.00,448663552,593661952,114090264,95883264,18123768,2904,11174640,22132800,1254494,2424,2424,0,0,0,0,0,0,0,0,0.476,0.074,0.000,0,0,0,2424,2424,0,0
travel,11.461,275.1,323.003,323.003,fly,0.918,ok,2601,0,0,192.00,448663552,593661952,114090264,95883264,18123768,2904,7449760,22132800,1254494,2424,2424,0,0,0,0,0,0,0,0,0.066,0.071,0.000,0,0,0,2424,2424,0,0
travel,11.492,275.8,323.521,323.521,fly,0.930,ok,2601,0,0,192.00,448663552,593661952,114090264,95883264,18123768,2904,7449760,22132800,1254494,2424,2424,0,0,0,0,0,0,0,0,0.069,0.082,0.000,0,0,0,2424,2424,0,0
travel,11.522,276.5,324.033,324.033,fly,0.861,ok,2601,0,0,192.00,448663552,593661952,114090264,95883264,18123768,2904,7449760,22132800,1254494,2424,2424,0,0,0,0,0,0,0,0,0.064,0.070,0.000,0,0,0,2424,2424,0,0
travel,11.552,277.3,324.553,324.553,fly,0.860,ok,2601,0,0,192.00,448663552,593661952,114090264,95883264,18123768,2904,7449760,22132800,1254494,2424,2424,0,0,0,0,0,0,0,0,0.065,0.070,0.000,0,0,0,2424,2424,0,0
travel,11.583,278.0,325.069,325.069,fly,0.869,ok,2601,0,0,192.00,448663552,593661952,114090264,95883264,18123768,2904,7449760,22132800,1254494,2424,2424,0,0,0,0,0,0,0,0,0.067,0.075,0.000,0,0,0,2424,2424,0,0
travel,11.614,278.7,325.592,325.592,fly,0.876,ok,2601,0,0,192.00,448663552,593661952,114090264,95883264,18123768,2904,7449760,22132800,1254494,2424,2424,0,0,0,0,0,0,0,0,0.066,0.083,0.000,0,0,0,2424,2424,0,0
travel,11.644,279.5,326.110,326.110,fly,0.839,ok,2601,0,0,192.00,448663552,593661952,114090264,95883264,18123768,2904,7449760,22132800,1254494,2424,2424,0,0,0,0,0,0,0,0,0.065,0.065,0.000,0,0,0,2424,2424,0,0
travel,11.675,280.2,326.624,326.624,fly,0.833,ok,2601,0,0,192.00,448663552,593661952,114090264,95883264,18123768,2904,7449760,22132800,1254494,2424,2424,0,0,0,0,0,0,0,0,0.064,0.062,0.000,0,0,0,2424,2424,0,0
travel,11.705,280.9,327.134,327.134,fly,0.897,ok,2601,0,0,192.00,448663552,593661952,114090264,95883264,18123768,2904,7449760,22132800,1254494,2424,2424,0,0,0,0,0,0,0,0,0.066,0.078,0.000,0,0,0,2424,2424,0,0
travel,11.735,281.6,327.646,327.646,fly,0.972,ok,2601,0,0,192.00,448663552,593661952,114090264,95883264,18123768,2904,7449760,22132800,1254494,2424,2424,0,0,0,0,0,0,0,0,0.191,0.069,0.000,0,0,0,2424,2424,0,0
travel,11.778,282.7,328.379,328.379,fly,1.020,ok,2601,0,105,192.00,449187840,594186240,114090264,95883264,18123768,2904,11174640,16654224,1288638,2525,2525,0,0,9,0,0,0,0,0,0.070,0.099,0.000,0,0,0,2525,2525,0,0
travel,11.809,283.4,328.901,328.901,fly,0.877,ok,2601,0,0,192.00,449191936,594186240,114090264,95883264,18123768,2904,11174640,22132800,1309270,2525,2525,0,0,0,0,0,0,0,0,0.065,0.072,0.000,0,0,0,2525,2525,0,0
travel,11.839,284.1,329.410,329.410,fly,0.860,ok,2601,0,0,192.00,449191936,594186240,114090264,95883264,18123768,2904,11174640,22132800,1309270,2525,2525,0,0,0,0,0,0,0,0,0.066,0.069,0.000,0,0,0,2525,2525,0,0
travel,11.869,284.9,329.924,329.924,fly,0.862,ok,2601,0,0,192.00,449191936,594186240,114090264,95883264,18123768,2904,11174640,22132800,1309270,2525,2525,0,0,0,0,0,0,0,0,0.067,0.067,0.000,0,0,0,2525,2525,0,0
travel,11.899,285.6,330.436,330.436,fly,0.891,ok,2601,0,0,192.00,449191936,594186240,114090264,95883264,18123768,2904,11174640,22132800,1309270,2525,2525,0,0,0,0,0,0,0,0,0.068,0.078,0.000,0,0,0,2525,2525,0,0
travel,11.929,286.3,330.948,330.948,fly,1.050,ok,2601,0,0,192.00,449191936,594186240,114090264,95883264,18123768,2904,7449760,22132800,1309270,2525,2525,0,0,0,0,0,0,0,0,0.147,0.101,0.000,0,0,0,2525,2525,0,0
travel,11.960,287.0,331.467,331.467,fly,0.866,ok,2601,0,0,192.00,449191936,594186240,114090264,95883264,18123768,2904,7449760,22132800,1309270,2525,2525,0,0,0,0,0,0,0,0,0.067,0.070,0.000,0,0,0,2525,2525,0,0
travel,11.990,287.8,331.979,331.979,fly,0.954,ok,2601,0,0,192.00,449191936,594186240,114090264,95883264,18123768,2904,7449760,22132800,1309270,2525,2525,0,0,0,0,0,0,0,0,0.138,0.071,0.000,0,0,0,2525,2525,0,0
travel,12.021,288.5,332.497,332.497,fly,0.927,ok,2601,0,0,192.00,449191936,594186240,114090264,95883264,18123768,2904,7449760,22132800,1309270,2525,2525,0,0,0,0,0,0,0,0,0.069,0.088,0.000,0,0,0,2525,2525,0,0
travel,12.051,289.2,333.013,333.013,fly,0.903,ok,2601,0,0,192.00,449191936,594186240,114090264,95883264,18123768,2904,7449760,22132800,1309270,2525,2525,0,0,0,0,0,0,0,0,0.064,0.070,0.000,0,0,0,2525,2525,0,0
travel,12.081,289.9,333.523,333.523,fly,0.876,ok,2601,0,0,192.00,449191936,594186240,114090264,95883264,18123768,2904,7449760,22132800,1309270,2525,2525,0,0,0,0,0,0,0,0,0.066,0.069,0.000,0,0,0,2525,2525,0,0
travel,12.112,290.7,334.044,334.044,fly,0.989,ok,2601,0,0,192.00,449191936,594186240,114090264,95883264,18123768,2904,7449760,22132800,1309270,2525,2525,0,0,0,0,0,0,0,0,0.072,0.131,0.000,0,0,0,2525,2525,0,0
travel,12.143,291.4,334.579,334.579,fly,0.953,ok,2601,0,0,192.00,449191936,594186240,114090264,95883264,18123768,2904,7449760,22132800,1309270,2525,2525,0,0,0,0,0,0,0,0,0.068,0.084,0.000,0,0,0,2525,2525,0,0
travel,12.174,292.2,335.098,335.098,fly,0.974,ok,2601,0,0,192.00,449191936,594186240,114090264,95883264,18123768,2904,7449760,22132800,1309270,2525,2525,0,0,0,0,0,0,0,0,0.077,0.112,0.000,0,0,0,2525,2525,0,0
travel,12.206,292.9,335.631,335.631,fly,0.885,ok,2601,0,0,192.00,449191936,594186240,114090264,95883264,18123768,2904,7449760,22132800,1309270,2525,2525,0,0,0,0,0,0,0,0,0.073,0.069,0.000,0,0,0,2525,2525,0,0
travel,12.246,293.9,336.321,336.321,fly,1.095,ok,2601,0,130,192.00,449191936,594186240,114090264,95883264,18123768,2904,11174640,15349824,1335365,2626,2626,0,0,8,0,0,0,0,0,0.075,0.103,0.000,0,0,0,2626,2626,0,0
travel,12.278,294.7,336.853,336.853,fly,0.887,ok,2601,0,0,192.00,449191936,594186240,114090264,95883264,18123768,2904,11174640,22132800,1363990,2626,2626,0,0,0,0,0,0,0,0,0.068,0.075,0.000,0,0,0,2626,2626,0,0
travel,12.308,295.4,337.371,337.371,fly,0.950,ok,2601,0,0,192.00,449191936,594186240,114090264,95883264,18123768,2904,11174640,22132800,1363990,2626,2626,0,0,0,0,0,0,0,0,0.073,0.085,0.000,0,0,0,2626,2626,0,0
travel,12.338,296.1,337.886,337.886,fly,0.869,ok,2601,0,0,192.00,449196032,594186240,114090264,95883264,18123768,2904,11174640,22132800,1363990,2626,2626,0,0,0,0,0,0,0,0,0.067,0.072,0.000,0,0,0,2626,2626,0,0
travel,12.369,296.8,338.402,338.402,fly,0.864,ok,2601,0,0,192.00,449196032,594186240,114090264,95883264,18123768,2904,11174640,22132800,1363990,2626,2626,0,0,0,0,0,0,0,0,0.067,0.067,0.000,0,0,0,2626,2626,0,0
travel,12.399,297.6,338.912,338.912,fly,0.899,ok,2601,0,0,192.00,449196032,594186240,114090264,95883264,18123768,2904,7449760,22132800,1363990,2626,2626,0,0,0,0,0,0,0,0,0.066,0.076,0.000,0,0,0,2626,2626,0,0
travel,12.429,298.3,339.421,339.421,fly,0.931,ok,2601,0,0,192.00,449196032,594186240,114090264,95883264,18123768,2904,7449760,22132800,1363990,2626,2626,0,0,0,0,0,0,0,0,0.139,0.067,0.000,0,0,0,2626,2626,0,0
travel,12.459,299.0,339.933,339.933,fly,0.861,ok,2601,0,0,192.00,449196032,594186240,114090264,95883264,18123768,2904,7449760,22132800,1363990,2626,2626,0,0,0,0,0,0,0,0,0.065,0.068,0.000,0,0,0,2626,2626,0,0
travel,12.489,299.7,340.447,340.447,fly,0.892,ok,2601,0,0,192.00,449196032,594186240,114090264,95883264,18123768,2904,7449760,22132800,1363990,2626,2626,0,0,0,0,0,0,0,0,0.068,0.075,0.000,0,0,0,2626,2626,0,0
travel,12.520,300.5,340.965,340.965,fly,0.845,ok,2601,0,0,192.00,449196032,594186240,114090264,95883264,18123768,2904,7449760,22132800,1363990,2626,2626,0,0,0,0,0,0,0,0,0.066,0.067,0.000,0,0,0,2626,2626,0,0
travel,12.550,301.2,341.477,341.477,fly,0.869,ok,2601,0,0,192.00,449196032,594186240,114090264,95883264,18123768,2904,7449760,22132800,1363990,2626,2626,0,0,0,0,0,0,0,0,0.062,0.080,0.000,0,0,0,2626,2626,0,0
travel,12.581,301.9,342.002,342.002,fly,0.915,ok,2601,0,0,192.00,449196032,594186240,114090264,95883264,18123768,2904,7449760,22132800,1363990,2626,2626,0,0,0,0,0,0,0,0,0.065,0.072,0.000,0,0,0,2626,2626,0,0
travel,12.612,302.7,342.520,342.520,fly,1.268,ok,2601,0,0,192.00,449196032,594186240,114090264,95883264,18123768,2904,7449760,22132800,1363990,2626,2626,0,0,0,0,0,0,0,0,0.093,0.110,0.000,0,0,0,2626,2626,0,0
travel,12.643,303.4,343.049,343.049,fly,0.869,ok,2601,0,0,192.00,449196032,594186240,114090264,95883264,18123768,2904,7449760,22132800,1363990,2626,2626,0,0,0,0,0,0,0,0,0.064,0.071,0.000,0,0,0,2626,2626,0,0
travel,12.673,304.1,343.558,343.558,fly,0.856,ok,2601,0,0,192.00,449196032,594186240,114090264,95883264,18123768,2904,7449760,22132800,1363990,2626,2626,0,0,0,0,0,0,0,0,0.064,0.067,0.000,0,0,0,2626,2626,0,0
travel,12.711,305.1,344.204,344.204,fly,0.925,ok,2601,0,167,192.00,449196032,594186240,114090264,95883264,18123768,2904,11174640,13419312,1378762,2727,2727,0,0,20,0,0,0,0,0,0.067,0.076,0.000,0,0,0,2727,2727,0,0
travel,12.741,305.8,344.722,344.722,fly,0.917,ok,2601,0,5,192.00,449204224,594186240,114090264,95883264,18123768,2904,11174640,21871824,1418043,2727,2727,0,0,7,0,0,0,0,0,0.065,0.105,0.000,0,0,0,2727,2727,0,0
travel,12.772,306.5,345.234,345.234,fly,0.867,ok,2601,0,0,192.00,449204224,594186240,114090264,95883264,18123768,2904,11174640,22132800,1418526,2727,2727,0,0,0,0,0,0,0,0,0.066,0.072,0.000,0,0,0,2727,2727,0,0
travel,12.802,307.2,345.752,345.752,fly,1.038,ok,2601,0,0,192.00,449204224,594186240,114090264,95883264,18123768,2904,11174640,22132800,1418526,2727,2727,0,0,0,0,0,0,0,0,0.070,0.199,0.000,0,0,0,2727,2727,0,0
travel,12.833,308.0,346.282,346.282,fly,0.964,ok,2601,0,0,192.00,449204224,594186240,114090264,95883264,18123768,2904,11174640,22132800,1418526,2727,2727,0,0,0,0,0,0,0,0,0.067,0.158,0.000,0,0,0,2727,2727,0,0
travel,12.864,308.7,346.800,346.800,fly,0.855,ok,2601,0,0,192.00,449208320,594186240,114090264,95883264,18123768,2904,7449760,22132800,1418526,2727,2727,0,0,0,0,0,0,0,0,0.065,0.066,0.000,0,0,0,2727,2727,0,0
travel,12.895,309.5,347.320,347.320,fly,0.857,ok,2601,0,0,192.00,449208320,594186240,114090264,95883264,18123768,2904,7449760,22132800,1418526,2727,2727,0,0,0,0,0,0,0,0,0.066,0.065,0.000,0,0,0,2727,2727,0,0
travel,12.925,310.2,347.838,347.838,fly,0.891,ok,2601,0,0,192.00,449208320,594186240,114090264,95883264,18123768,2904,7449760,22132800,1418526,2727,2727,0,0,0,0,0,0,0,0,0.066,0.072,0.000,0,0,0,2727,2727,0,0
travel,12.955,310.9,348.351,348.351,fly,0.854,ok,2601,0,0,192.00,449208320,594186240,114090264,95883264,18123768,2904,7449760,22132800,1418526,2727,2727,0,0,0,0,0,0,0,0,0.065,0.066,0.000,0,0,0,2727,2727,0,0
travel,12.986,311.7,348.870,348.870,fly,0.855,ok,2601,0,0,192.00,449208320,594186240,114090264,95883264,18123768,2904,7449760,22132800,1418526,2727,2727,0,0,0,0,0,0,0,0,0.066,0.071,0.000,0,0,0,2727,2727,0,0
travel,13.016,312.4,349.381,349.381,fly,0.846,ok,2601,0,0,192.00,449208320,594186240,114090264,95883264,18123768,2904,7449760,22132800,1418526,2727,2727,0,0,0,0,0,0,0,0,0.069,0.066,0.000,0,0,0,2727,2727,0,0
travel,13.046,313.1,349.890,349.890,fly,0.874,ok,2601,0,0,192.00,449208320,594186240,114090264,95883264,18123768,2904,7449760,22132800,1418526,2727,2727,0,0,0,0,0,0,0,0,0.066,0.077,0.000,0,0,0,2727,2727,0,0
travel,13.076,313.8,350.399,350.399,fly,0.846,ok,2601,0,0,192.00,449208320,594186240,114090264,95883264,18123768,2904,7449760,22132800,1418526,2727,2727,0,0,0,0,0,0,0,0,0.064,0.069,0.000,0,0,0,2727,2727,0,0
travel,13.106,314.5,350.911,350.911,fly,0.842,ok,2601,0,0,192.00,449208320,594186240,114090264,95883264,18123768,2904,7449760,22132800,1418526,2727,2727,0,0,0,0,0,0,0,0,0.068,0.068,0.000,0,0,0,2727,2727,0,0
travel,13.137,315.3,351.426,351.426,fly,0.895,ok,2601,0,0,192.00,449208320,594186240,114090264,95883264,18123768,2904,7449760,22132800,1418526,2727,2727,0,0,0,0,0,0,0,0,0.066,0.077,0.000,0,0,0,2727,2727,0,0
travel,13.168,316.0,351.950,351.950,fly,0.862,ok,2601,0,0,192.00,449208320,594186240,114090264,95883264,18123768,2904,7449760,22132800,1418526,2727,2727,0,0,0,0,0,0,0,0,0.064,0.070,0.000,0,0,0,2727,2727,0,0
travel,13.207,316.9,352.617,352.617,fly,0.878,ok,2601,0,50,192.00,449724416,594710528,114090264,95883264,18123768,2904,11174640,19523904,1244500,2828,2828,0,0,4,0,0,0,0,0,0.070,0.070,0.000,0,0,0,2828,2828,0,0
travel,13.237,317.7,353.136,353.136,fly,1.141,ok,2601,0,0,192.00,449724416,594710528,114090264,95883264,18123768,2904,11174640,22132800,1253345,2828,2828,0,0,0,0,0,0,0,0,0.149,0.119,0.000,0,0,0,2828,2828,0,0
travel,13.268,318.4,353.655,353.655,fly,0.863,ok,2601,0,0,192.00,449724416,594710528,114090264,95883264,18123768,2904,11174640,22132800,1253345,2828,2828,0,0,0,0,0,0,0,0,0.066,0.069,0.000,0,0,0,2828,2828,0,0
travel,13.299,319.2,354.180,354.180,fly,0.934,ok,2601,0,0,192.00,449724416,594710528,114090264,95883264,18123768,2904,11174640,22132800,1253345,2828,2828,0,0,0,0,0,0,0,0,0.066,0.077,0.000,0,0,0,2828,2828,0,0
travel,13.330,319.9,354.714,354.714,fly,0.870,ok,2601,0,0,192.00,449724416,594710528,114090264,95883264,18123768,2904,7449760,22132800,1253345,2828,2828,0,0,0,0,0,0,0,0,0.065,0.072,0.000,0,0,0,2828,2828,0,0
travel,13.361,320.6,355.231,355.231,fly,1.010,ok,2601,0,0,192.00,449724416,594710528,114090264,95883264,18123768,2904,7449760,22132800,1253345,2828,2828,0,0,0,0,0,0,0,0,0.075,0.116,0.000,0,0,0,2828,2828,0,0
travel,13.392,321.4,355.753,355.753,fly,0.892,ok,2601,0,0,192.00,449728512,594710528,114090264,95883264,18123768,2904,7449760,22132800,1253345,2828,2828,0,0,0,0,0,0,0,0,0.065,0.070,0.000,0,0,0,2828,2828,0,0
travel,13.422,322.1,356.272,356.272,fly,0.933,ok,2601,0,0,192.00,449728512,594710528,114090264,95883264,18123768,2904,7449760,22132800,1253345,2828,2828,0,0,0,0,0,0,0,0,0.138,0.067,0.000,0,0,0,2828,2828,0,0
travel,13.453,322.8,356.786,356.786,fly,0.852,ok,2601,0,0,192.00,449728512,594710528,114090264,95883264,18123768,2904,7449760,22132800,1253345,2828,2828,0,0,0,0,0,0,0,0,0.064,0.067,0.000,0,0,0,2828,2828,0,0
travel,13.484,323.6,357.317,357.317,fly,0.872,ok,2601,0,0,192.00,449728512,594710528,114090264,95883264,18123768,2904,7449760,22132800,1253345,2828,2828,0,0,0,0,0,0,0,0,0.064,0.070,0.000,0,0,0,2828,2828,0,0
travel,13.514,324.3,357.833,357.833,fly,1.058,ok,2601,0,0,192.00,449728512,594710528,114090264,95883264,18123768,2904,7449760,22132800,1253345,2828,2828,0,0,0,0,0,0,0,0,0.142,0.088,0.000,0,0,0,2828,2828,0,0
travel,13.545,325.1,358.345,358.345,fly,0.935,ok,2601,0,0,192.00,449728512,594710528,114090264,95883264,18123768,2904,7449760,22132800,1253345,2828,2828,0,0,0,0,0,0,0,0,0.068,0.089,0.000,0,0,0,2828,2828,0,0
travel,13.575,325.8,358.864,358.864,fly,0.877,ok,2601,0,0,192.00,449728512,594710528,114090264,95883264,18123768,2904,7449760,22132800,1253345,2828,2828,0,0,0,0,0,0,0,0,0.064,0.070,0.000,0,0,0,2828,2828,0,0
travel,13.606,326.5,359.379,359.379,fly,0.950,ok,2601,0,0,192.00,449728512,594710528,114090264,95883264,18123768,2904,7449760,22132800,1253345,2828,2828,0,0,0,0,0,0,0,0,0.134,0.070,0.000,0,0,0,2828,2828,0,0
travel,13.636,327.2,359.894,359.894,fly,0.870,ok,2601,0,0,192.00,449728512,594710528,114090264,95883264,18123768,2904,7449760,22132800,1253345,2828,2828,0,0,0,0,0,0,0,0,0.064,0.071,0.000,0,0,0,2828,2828,0,0
travel,13.679,328.3,360.632,360.632,fly,0.903,ok,2601,0,20,192.00,449732608,594714624,114090264,95883264,18123768,2904,11174640,21089184,1301885,2929,2929,0,0,6,0,0,0,0,0,0.066,0.090,0.000,0,0,0,2929,2929,0,0
travel,13.710,329.0,361.148,361.148,fly,0.917,ok,2601,0,0,192.00,449732608,594714624,114090264,95883264,18123768,2904,11174640,22132800,1306305,2929,2929,0,0,0,0,0,0,0,0,0.109,0.066,0.000,0,0,0,2929,2929,0,0
travel,13.740,329.7,361.663,361.663,fly,0.878,ok,2601,0,0,192.00,449732608,594714624,114090264,95883264,18123768,2904,11174640,22132800,1306305,2929,2929,0,0,0,0,0,0,0,0,0.064,0.071,0.000,0,0,0,2929,2929,0,0
travel,13.771,330.5,362.182,362.182,fly,0.910,ok,2601,0,0,192.00,449732608,594714624,114090264,95883264,18123768,2904,11174640,22132800,1306305,2929,2929,0,0,0,0,0,0,0,0,0.067,0.077,0.000,0,0,0,2929,2929,0,0
travel,13.801,331.2,362.701,362.701,fly,0.881,ok,2601,0,0,192.00,449732608,594714624,114090264,95883264,18123768,2904,7449760,22132800,1306305,2929,2929,0,0,0,0,0,0,0,0,0.065,0.073,0.000,0,0,0,2929,2929,0,0
travel,13.832,331.9,363.217,363.217,fly,0.853,ok,2601,0,0,192.00,449732608,594714624,114090264,95883264,18123768,2904,7449760,22132800,1306305,2929,2929,0,0,0,0,0,0,0,0,0.065,0.068,0.000,0,0,0,2929,2929,0,0
travel,13.862,332.7,363.734,363.734,fly,0.868,ok,2601,0,0,192.00,449732608,594714624,114090264,95883264,18123768,2904,7449760,22132800,1306305,2929,2929,0,0,0,0,0,0,0,0,0.071,0.072,0.000,0,0,0,2929,2929,0,0
travel,13.893,333.4,364.251,364.251,fly,0.864,ok,2601,0,0,192.00,449732608,594714624,114090264,95883264,18123768,2904,7449760,22132800,1306305,2929,2929,0,0,0,0,0,0,0,0,0.065,0.069,0.000,0,0,0,2929,2929,0,0
travel,13.923,334.1,364.765,364.765,fly,0.880,ok,2601,0,0,192.00,449736704,594714624,114090264,95883264,18123768,2904,7449760,22132800,1306305,2929,2929,0,0,0,0,0,0,0,0,0.065,0.068,0.000,0,0,0,2929,2929,0,0
travel,13.954,334.9,365.285,365.285,fly,0.872,ok,2601,0,0,192.00,449736704,594714624,114090264,95883264,18123768,2904,7449760,22132800,1306305,2929,2929,0,0,0,0,0,0,0,0,0.064,0.068,0.000,0,0,0,2929,2929,0,0
travel,13.984,335.6,365.798,365.798,fly,0.915,ok,2601,0,0,192.00,449736704,594714624,114090264,95883264,18123768,2904,7449760,22132800,1306305,2929,2929,0,0,0,0,0,0,0,0,0.068,0.073,0.000,0,0,0,2929,2929,0,0
travel,14.014,336.3,366.310,366.310,fly,0.866,ok,2601,0,0,192.00,449736704,594714624,114090264,95883264,18123768,2904,7449760,22132800,1306305,2929,2929,0,0,0,0,0,0,0,0,0.063,0.067,0.000,0,0,0,2929,2929,0,0
travel,14.045,337.0,366.827,366.827,fly,0.867,ok,2601,0,0,192.00,449736704,594714624,114090264,95883264,18123768,2904,7449760,22132800,1306305,2929,2929,0,0,0,0,0,0,0,0,0.063,0.069,0.000,0,0,0,2929,2929,0,0
travel,14.075,337.8,367.341,367.341,fly,0.888,ok,2601,0,0,192.00,449736704,594714624,114090264,95883264,18123768,2904,7449760,22132800,1306305,2929,2929,0,0,0,0,0,0,0,0,0.085,0.069,0.000,0,0,0,2929,2929,0,0
travel,14.105,338.5,367.854,367.854,fly,0.868,ok,2601,0,0,192.00,449736704,594714624,114090264,95883264,18123768,2904,7449760,22132800,1306305,2929,2929,0,0,0,0,0,0,0,0,0.062,0.069,0.000,0,0,0,2929,2929,0,0
travel,14.145,339.5,368.530,368.530,fly,0.884,ok,2601,0,60,192.00,450277376,595243008,114090264,95883264,18123768,2904,11174640,19002144,1349223,3030,3030,0,0,6,0,0,0,0,0,0.065,0.071,0.000,0,0,0,3030,3030,0,0
travel,14.175,340.2,369.048,369.048,fly,0.865,ok,2601,0,0,192.00,450277376,595243008,114090264,95883264,18123768,2904,11174640,22132800,1361533,3030,3030,0,0,0,0,0,0,0,0,0.064,0.069,0.000,0,0,0,3030,3030,0,0
travel,14.206,340.9,369.565,369.565,fly,1.027,ok,2601,0,0,192.00,450277376,595243008,114090264,95883264,18123768,2904,11174640,22132800,1361533,3030,3030,0,0,0,0,0,0,0,0,0.142,0.076,0.000,0,0,0,3030,3030,0,0
travel,14.236,341.6,370.077,370.077,fly,0.872,ok,2601,0,0,192.00,450277376,595243008,114090264,95883264,18123768,2904,11174640,22132800,1361533,3030,3030,0,0,0,0,0,0,0,0,0.063,0.068,0.000,0,0,0,3030,3030,0,0
travel,14.266,342.4,370.591,370.591,fly,0.877,ok,2601,0,0,192.00,450277376,595243008,114090264,95883264,18123768,2904,7449760,22132800,1361533,3030,3030,0,0,0,0,0,0,0,0,0.063,0.071,0.000,0,0,0,3030,3030,0,0
travel,14.297,343.1,371.107,371.107,fly,0.881,ok,2601,0,0,192.00,450277376,595243008,114090264,95883264,18123768,2904,7449760,22132800,1361533,3030,3030,0,0,0,0,0,0,0,0,0.064,0.066,0.000,0,0,0,3030,3030,0,0
travel,14.327,343.8,371.618,371.618,fly,0.880,ok,2601,0,0,192.00,450277376,595243008,114090264,95883264,18123768,2904,7449760,22132800,1361533,3030,3030,0,0,0,0,0,0,0,0,0.062,0.068,0.000,0,0,0,3030,3030,0,0
travel,14.358,344.6,372.138,372.138,fly,0.850,ok,2601,0,0,192.00,450277376,595243008,114090264,95883264,18123768,2904,7449760,22132800,1361533,3030,3030,0,0,0,0,0,0,0,0,0.063,0.070,0.000,0,0,0,3030,3030,0,0
travel,14.389,345.3,372.663,372.663,fly,0.943,ok,2601,0,0,192.00,450277376,595243008,114090264,95883264,18123768,2904,7449760,22132800,1361533,3030,3030,0,0,0,0,0,0,0,0,0.132,0.068,0.000,0,0,0,3030,3030,0,0
travel,14.419,346.0,373.177,373.177,fly,0.902,ok,2601,0,0,192.00,450277376,595243008,114090264,95883264,18123768,2904,7449760,22132800,1361533,3030,3030,0,0,0,0,0,0,0,0,0.063,0.076,0.000,0,0,0,3030,3030,0,0
travel,14.450,346.8,373.711,373.711,fly,0.902,ok,2601,0,0,192.00,450281472,595243008,114090264,95883264,18123768,2904,7449760,22132800,1361533,3030,3030,0,0,0,0,0,0,0,0,0.064,0.080,0.000,0,0,0,3030,3030,0,0
travel,14.481,347.5,374.230,374.230,fly,1.083,ok,2601,0,0,192.00,450281472,595243008,114090264,95883264,18123768,2904,7449760,22132800,1361533,3030,3030,0,0,0,0,0,0,0,0,0.147,0.108,0.000,0,0,0,3030,3030,0,0
travel,14.511,348.2,374.747,374.747,fly,0.865,ok,2601,0,0,192.00,450281472,595243008,114090264,95883264,18123768,2904,7449760,22132800,1361533,3030,3030,0,0,0,0,0,0,0,0,0.063,0.068,0.000,0,0,0,3030,3030,0,0
travel,14.542,349.0,375.265,375.265,fly,0.868,ok,2601,0,0,192.00,450281472,595243008,114090264,95883264,18123768,2904,7449760,22132800,1361533,3030,3030,0,0,0,0,0,0,0,0,0.064,0.069,0.000,0,0,0,3030,3030,0,0
travel,14.572,349.7,375.778,375.778,fly,0.947,ok,2601,0,0,192.00,450281472,595243008,114090264,95883264,18123768,2904,7449760,22132800,1361533,3030,3030,0,0,0,0,0,0,0,0,0.133,0.072,0.000,0,0,0,3030,3030,0,0
travel,14.611,350.6,376.432,376.432,fly,0.857,ok,2601,0,80,192.00,450281472,595243008,114090264,95883264,18123768,2904,11174640,17958624,1399682,3131,3131,0,0,5,0,0,0,0,0,0.065,0.070,0.000,0,0,0,3131,3131,0,0
travel,14.642,351.4,376.966,376.966,fly,0.868,ok,2601,0,0,192.00,450281472,595243008,114090264,95883264,18123768,2904,11174640,22132800,1415013,3131,3131,0,0,0,0,0,0,0,0,0.067,0.067,0.000,0,0,0,3131,3131,0,0
travel,14.673,352.1,377.480,377.480,fly,0.942,ok,2601,0,0,192.00,450281472,595243008,114090264,95883264,18123768,2904,11174640,22132800,1415013,3131,3131,0,0,0,0,0,0,0,0,0.073,0.089,0.000,0,0,0,3131,3131,0,0
travel,14.703,352.8,377.994,377.994,fly,0.860,ok,2601,0,0,192.00,450281472,595243008,114090264,95883264,18123768,2904,11174640,22132800,1415013,3131,3131,0,0,0,0,0,0,0,0,0.064,0.069,0.000,0,0,0,3131,3131,0,0
travel,14.733,353.6,378.505,378.505,fly,0.949,ok,2601,0,0,192.00,450281472,595243008,114090264,95883264,18123768,2904,7449760,22132800,1415013,3131,3131,0,0,0,0,0,0,0,0,0.149,0.068,0.000,0,0,0,3131,3131,0,0
travel,14.763,354.3,379.018,379.018,fly,0.949,ok,2601,0,0,192.00,450281472,595243008,114090264,95883264,18123768,2904,7449760,22132800,1415013,3131,3131,0,0,0,0,0,0,0,0,0.064,0.105,0.000,0,0,0,3131,3131,0,0
travel,14.794,355.0,379.533,379.533,fly,0.933,ok,2601,0,0,192.00,450281472,595243008,114090264,95883264,18123768,2904,7449760,22132800,1415013,3131,3131,0,0,0,0,0,0,0,0,0.133,0.071,0.000,0,0,0,3131,3131,0,0
travel,14.824,355.7,380.046,380.046,fly,0.867,ok,2601,0,0,192.00,450281472,595243008,114090264,95883264,18123768,2904,7449760,22132800,1415013,3131,3131,0,0,0,0,0,0,0,0,0.067,0.067,0.000,0,0,0,3131,3131,0,0
travel,14.854,356.5,380.560,380.560,fly,0.867,ok,2601,0,0,192.00,450281472,595243008,114090264,95883264,18123768,2904,7449760,22132800,1415013,3131,3131,0,0,0,0,0,0,0,0,0.062,0.072,0.000,0,0,0,3131,3131,0,0
travel,14.885,357.2,381.078,381.078,fly,1.046,ok,2601,0,0,192.00,450281472,595243008,114090264,95883264,18123768,2904,7449760,22132800,1415013,3131,3131,0,0,0,0,0,0,0,0,0.098,0.111,0.000,0,0,0,3131,3131,0,0
travel,14.915,357.9,381.589,381.589,fly,0.881,ok,2601,0,0,192.00,450281472,595243008,114090264,95883264,18123768,2904,7449760,22132800,1415013,3131,3131,0,0,0,0,0,0,0,0,0.064,0.074,0.000,0,0,0,3131,3131,0,0
travel,14.945,358.7,382.104,382.104,fly,0.884,ok,2601,0,0,192.00,450281472,595243008,114090264,95883264,18123768,2904,7449760,22132800,1415013,3131,3131,0,0,0,0,0,0,0,0,0.063,0.075,0.000,0,0,0,3131,3131,0,0
travel,14.975,359.4,382.615,382.615,fly,0.941,ok,2601,0,0,192.00,450285568,595243008,114090264,95883264,18123768,2904,7449760,22132800,1415013,3131,3131,0,0,0,0,0,0,0,0,0.132,0.073,0.000,0,0,0,3131,3131,0,0
travel,15.006,360.1,383.128,383.128,fly,0.857,ok,2601,0,0,192.00,450285568,595243008,114090264,95883264,18123768,2904,7449760,22132800,1415013,3131,3131,0,0,0,0,0,0,0,0,0.061,0.070,0.000,0,0,0,3131,3131,0,0
travel,15.036,360.8,383.639,383.639,fly,0.933,ok,2601,0,0,192.00,450285568,595243008,114090264,95883264,18123768,2904,7449760,22132800,1415013,3131,3131,0,0,0,0,0,0,0,0,0.134,0.071,0.000,0,0,0,3131,3131,0,0
travel,15.075,361.8,384.304,384.304,fly,0.862,ok,2601,0,139,192.00,450674688,595615744,114090264,95883264,18123768,2904,11174640,14880240,1221332,3232,3232,0,0,0,0,0,0,0,0,0.065,0.068,0.000,0,0,0,3232,3232,0,0
travel,15.105,362.5,384.814,384.814,fly,0.968,ok,2601,0,0,192.00,450674688,595615744,114090264,95883264,18123768,2904,11174640,22132800,1254266,3232,3232,0,0,0,0,0,0,0,0,0.172,0.070,0.000,0,0,0,3232,3232,0,0
travel,15.135,363.2,385.331,385.331,fly,0.854,ok,2601,0,0,192.00,450674688,595615744,114090264,95883264,18123768,2904,11174640,22132800,1254266,3232,3232,0,0,0,0,0,0,0,0,0.062,0.066,0.000,0,0,0,3232,3232,0,0
travel,15.166,363.9,385.843,385.843,fly,1.054,ok,2601,0,0,192.00,450674688,595615744,114090264,95883264,18123768,2904,11174640,22132800,1254266,3232,3232,0,0,0,0,0,0,0,0,0.149,0.110,0.000,0,0,0,3232,3232,0,0
travel,15.196,364.7,386.354,386.354,fly,0.873,ok,2601,0,0,192.00,450674688,595615744,114090264,95883264,18123768,2904,11174640,22132800,1254266,3232,3232,0,0,0,0,0,0,0,0,0.065,0.068,0.000,0,0,0,3232,3232,0,0
travel,15.226,365.4,386.867,386.867,fly,0.866,ok,2601,0,0,192.00,450674688,595615744,114090264,95883264,18123768,2904,7449760,22132800,1254266,3232,3232,0,0,0,0,0,0,0,0,0.068,0.070,0.000,0,0,0,3232,3232,0,0
travel,15.256,366.1,387.382,387.382,fly,0.866,ok,2601,0,0,192.00,450674688,595615744,114090264,95883264,18123768,2904,7449760,22132800,1254266,3232,3232,0,0,0,0,0,0,0,0,0.066,0.068,0.000,0,0,0,3232,3232,0,0
travel,15.287,366.8,387.897,387.897,fly,0.872,ok,2601,0,0,192.00,450674688,595615744,114090264,95883264,18123768,2904,7449760,22132800,1254266,3232,3232,0,0,0,0,0,0,0,0,0.063,0.068,0.000,0,0,0,3232,3232,0,0
travel,15.317,367.6,388.418,388.418,fly,0.865,ok,2601,0,0,192.00,450674688,595615744,114090264,95883264,18123768,2904,7449760,22132800,1254266,3232,3232,0,0,0,0,0,0,0,0,0.062,0.071,0.000,0,0,0,3232,3232,0,0
travel,15.348,368.3,388.929,388.929,fly,0.865,ok,2601,0,0,192.00,450674688,595615744,114090264,95883264,18123768,2904,7449760,22132800,1254266,3232,3232,0,0,0,0,0,0,0,0,0.063,0.067,0.000,0,0,0,3232,3232,0,0
travel,15.378,369.0,389.440,389.440,fly,0.906,ok,2601,0,0,192.00,450674688,595615744,114090264,95883264,18123768,2904,7449760,22132800,1254266,3232,3232,0,0,0,0,0,0,0,0,0.064,0.077,0.000,0,0,0,3232,3232,0,0
travel,15.408,369.7,389.949,389.949,fly,0.916,ok,2601,0,0,192.00,450674688,595615744,114090264,95883264,18123768,2904,7449760,22132800,1254266,3232,3232,0,0,0,0,0,0,0,0,0.131,0.067,0.000,0,0,0,3232,3232,0,0
travel,15.438,370.5,390.460,390.460,fly,0.876,ok,2601,0,0,192.00,450674688,595615744,114090264,95883264,18123768,2904,7449760,22132800,1254266,3232,3232,0,0,0,0,0,0,0,0,0.062,0.075,0.000,0,0,0,3232,3232,0,0
travel,15.468,371.2,390.979,390.979,fly,1.038,ok,2601,0,0,192.00,450674688,595615744,114090264,95883264,18123768,2904,7449760,22132800,1254266,3232,3232,0,0,0,0,0,0,0,0,0.071,0.111,0.000,0,0,0,3232,3232,0,0
travel,15.499,371.9,391.500,391.500,fly,0.860,ok,2601,0,0,192.00,450740224,595615744,114090264,95883264,18123768,2904,7449760,22132800,1254266,3232,3232,0,0,0,0,0,0,0,0,0.063,0.076,0.000,0,0,0,3232,3232,0,0
travel,15.529,372.7,392.013,392.013,fly,4.822,ok,2536,65,105,192.00,450740224,595615744,111239104,93487104,17670848,2904,11174640,14775024,1256716,3268,3333,36,101,36,36,36,0,0,0,0.692,0.119,0.000,0,0,0,3268,3268,0,0
travel,15.570,373.7,392.710,392.710,fly,1.281,ok,2601,0,0,192.00,450744320,595615744,114090264,95883264,18123768,2904,11174640,22132800,1309666,3333,3333,0,0,8,0,0,0,0,0,0.069,0.148,0.000,0,0,0,3333,3333,0,0
travel,15.602,374.4,393.249,393.249,fly,0.859,ok,2601,0,0,192.00,450744320,595615744,114090264,95883264,18123768,2904,11174640,22132800,1309666,3333,3333,0,0,0,0,0,0,0,0,0.064,0.067,0.000,0,0,0,3333,3333,0,0
travel,15.633,375.1,393.766,393.766,fly,0.848,ok,2601,0,0,192.00,450744320,595615744,114090264,95883264,18123768,2904,11174640,22132800,1309666,3333,3333,0,0,0,0,0,0,0,0,0.066,0.068,0.000,0,0,0,3333,3333,0,0
travel,15.663,375.9,394.286,394.286,fly,0.974,ok,2601,0,0,192.00,450744320,595615744,114090264,95883264,18123768,2904,11174640,22132800,1309666,3333,3333,0,0,0,0,0,0,0,0,0.193,0.068,0.000,0,0,0,3333,3333,0,0
travel,15.694,376.6,394.800,394.800,fly,0.923,ok,2601,0,0,192.00,450744320,595615744,114090264,95883264,18123768,2904,7449760,22132800,1309666,3333,3333,0,0,0,0,0,0,0,0,0.065,0.080,0.000,0,0,0,3333,3333,0,0
travel,15.724,377.3,395.321,395.321,fly,0.859,ok,2601,0,0,192.00,450744320,595615744,114090264,95883264,18123768,2904,7449760,22132800,1309666,3333,3333,0,0,0,0,0,0,0,0,0.062,0.070,0.000,0,0,0,3333,3333,0,0
travel,15.755,378.1,395.836,395.836,fly,0.851,ok,2601,0,0,192.00,450744320,595615744,114090264,95883264,18123768,2904,7449760,22132800,1309666,3333,3333,0,0,0,0,0,0,0,0,0.063,0.065,0.000,0,0,0,3333,3333,0,0
travel,15.785,378.8,396.351,396.351,fly,0.862,ok,2601,0,0,192.00,450744320,595615744,114090264,95883264,18123768,2904,7449760,22132800,1309666,3333,3333,0,0,0,0,0,0,0,0,0.065,0.068,0.000,0,0,0,3333,3333,0,0
travel,15.815,379.5,396.866,396.866,fly,0.884,ok,2601,0,0,192.00,450744320,595615744,114090264,95883264,18123768,2904,7449760,22132800,1309666,3333,3333,0,0,0,0,0,0,0,0,0.062,0.074,0.000,0,0,0,3333,3333,0,0
travel,15.846,380.3,397.380,397.380,fly,0.883,ok,2601,0,0,192.00,450744320,595615744,114090264,95883264,18123768,2904,7449760,22132800,1309666,3333,3333,0,0,0,0,0,0,0,0,0.062,0.074,0.000,0,0,0,3333,3333,0,0
travel,15.876,381.0,397.898,397.898,fly,0.852,ok,2601,0,0,192.00,450744320,595615744,114090264,95883264,18123768,2904,7449760,22132800,1309666,3333,3333,0,0,0,0,0,0,0,0,0.061,0.069,0.000,0,0,0,3333,3333,0,0
travel,15.907,381.7,398.415,398.415,fly,0.897,ok,2601,0,0,192.00,450744320,595615744,114090264,95883264,18123768,2904,7449760,22132800,1309666,3333,3333,0,0,0,0,0,0,0,0,0.064,0.076,0.000,0,0,0,3333,3333,0,0
travel,15.937,382.4,398.931,398.931,fly,1.211,ok,2601,0,0,192.00,450744320,595615744,114090264,95883264,18123768,2904,7449760,22132800,1309666,3333,3333,0,0,0,0,0,0,0,0,0.171,0.106,0.000,0,0,0,3333,3333,0,0
travel,15.967,383.2,399.445,399.445,fly,0.860,ok,2601,0,0,192.00,450744320,595615744,114090264,95883264,18123768,2904,7449760,22132800,1309666,3333,3333,0,0,0,0,0,0,0,0,0.062,0.072,0.000,0,0,0,3333,3333,0,0
travel,15.998,383.9,399.960,399.960,fly,0.853,ok,2601,0,0,192.00,450744320,595615744,114090264,95883264,18123768,2904,7449760,22132800,1309666,3333,3333,0,0,0,0,0,0,0,0,0.062,0.064,0.000,0,0,0,3333,3333,0,0
travel,16.037,384.8,400.627,400.627,fly,0.863,ok,2601,0,33,192.00,450764800,595615744,114090264,95883264,18123768,2904,11174640,20410896,1358675,3434,3434,0,0,4,0,0,0,0,0,0.064,0.068,0.000,0,0,0,3434,3434,0,0
travel,16.067,385.6,401.141,401.141,fly,0.859,ok,2601,0,0,192.00,450764800,595615744,114090264,95883264,18123768,2904,11174640,22132800,1364862,3434,3434,0,0,0,0,0,0,0,0,0.063,0.067,0.000,0,0,0,3434,3434,0,0
travel,16.098,386.3,401.651,401.651,fly,0.856,ok,2601,0,0,192.00,450764800,595615744,114090264,95883264,18123768,2904,11174640,22132800,1364862,3434,3434,0,0,0,0,0,0,0,0,0.063,0.067,0.000,0,0,0,3434,3434,0,0
travel,16.128,387.0,402.168,402.168,fly,0.993,ok,2601,0,0,192.00,450764800,595615744,114090264,95883264,18123768,2904,11174640,22132800,1364862,3434,3434,0,0,0,0,0,0,0,0,0.141,0.078,0.000,0,0,0,3434,3434,0,0
travel,16.158,387.7,402.678,402.678,fly,0.861,ok,2601,0,0,192.00,450764800,595615744,114090264,95883264,18123768,2904,11174640,22132800,1364862,3434,3434,0,0,0,0,0,0,0,0,0.064,0.068,0.000,0,0,0,3434,3434,0,0
travel,16.189,388.5,403.197,403.197,fly,0.855,ok,2601,0,0,192.00,450764800,595615744,114090264,95883264,18123768,2904,7449760,22132800,1364862,3434,3434,0,0,0,0,0,0,0,0,0.063,0.068,0.000,0,0,0,3434,3434,0,0
travel,16.219,389.2,403.710,403.710,fly,0.860,ok,2601,0,0,192.00,450764800,595615744,114090264,95883264,18123768,2904,7449760,22132800,1364862,3434,3434,0,0,0,0,0,0,0,0,0.067,0.064,0.000,0,0,0,3434,3434,0,0
travel,16.249,389.9,404.222,404.222,fly,0.966,ok,2601,0,0,192.00,450764800,595615744,114090264,95883264,18123768,2904,7449760,22132800,1364862,3434,3434,0,0,0,0,0,0,0,0,0.073,0.106,0.000,0,0,0,3434,3434,0,0
travel,16.280,390.7,404.738,404.738,fly,0.868,ok,2601,0,0,192.00,450764800,595615744,114090264,95883264,18123768,2904,7449760,22132800,1364862,3434,3434,0,0,0,0,0,0,0,0,0.064,0.071,0.000,0,0,0,3434,3434,0,0
travel,16.310,391.4,405.253,405.253,fly,0.881,ok,2601,0,0,192.00,450764800,595615744,114090264,95883264,18123768,2904,7449760,22132800,1364862,3434,3434,0,0,0,0,0,0,0,0,0.062,0.095,0.000,0,0,0,3434,3434,0,0
travel,16.340,392.1,405.763,405.763,fly,0.872,ok,2601,0,0,192.00,450764800,595615744,114090264,95883264,18123768,2904,7449760,22132800,1364862,3434,3434,0,0,0,0,0,0,0,0,0.064,0.069,0.000,0,0,0,3434,3434,0,0
travel,16.370,392.8,406.273,406.273,fly,0.886,ok,2601,0,0,192.00,450764800,595615744,114090264,95883264,18123768,2904,7449760,22132800,1364862,3434,3434,0,0,0,0,0,0,0,0,0.067,0.073,0.000,0,0,0,3434,3434,0,0
travel,16.400,393.6,406.789,406.789,fly,1.273,ok,2601,0,0,192.00,450764800,595615744,114090264,95883264,18123768,2904,7449760,22132800,1364862,3434,3434,0,0,0,0,0,0,0,0,0.472,0.073,0.000,0,0,0,3434,3434,0,0
travel,16.431,394.3,407.305,407.305,fly,0.859,ok,2601,0,0,192.00,450764800,595615744,114090264,95883264,18123768,2904,7449760,22132800,1364862,3434,3434,0,0,0,0,0,0,0,0,0.061,0.070,0.000,0,0,0,3434,3434,0,0
travel,16.461,395.0,407.821,407.821,fly,0.970,ok,2601,0,0,192.00,450764800,595615744,114090264,95883264,18123768,2904,7449760,22132800,1364862,3434,3434,0,0,0,0,0,0,0,0,0.131,0.079,0.000,0,0,0,3434,3434,0,0
travel,16.499,395.9,408.468,408.468,fly,0.858,ok,2601,0,69,192.00,450764800,595615744,114090264,95883264,18123768,2904,11174640,18532560,1405426,3535,3535,0,0,8,0,0,0,0,0,0.061,0.070,0.000,0,0,0,3535,3535,0,0
travel,16.530,396.7,408.989,408.989,fly,1.033,ok,2601,0,0,192.00,450764800,595615744,114090264,95883264,18123768,2904,11174640,22132800,1418310,3535,3535,0,0,0,0,0,0,0,0,0.142,0.083,0.000,0,0,0,3535,3535,0,0
travel,16.561,397.4,409.515,409.515,fly,0.862,ok,2601,0,0,192.00,450764800,595615744,114090264,95883264,18123768,2904,11174640,22132800,1418310,3535,3535,0,0,0,0,0,0,0,0,0.061,0.073,0.000,0,0,0,3535,3535,0,0
travel,16.592,398.2,410.042,410.042,fly,0.839,ok,2601,0,0,192.00,450764800,595615744,114090264,95883264,18123768,2904,11174640,22132800,1418310,3535,3535,0,0,0,0,0,0,0,0,0.059,0.066,0.000,0,0,0,3535,3535,0,0
travel,16.623,398.9,410.562,410.562,fly,0.928,ok,2601,0,0,192.00,450764800,595615744,114090264,95883264,18123768,2904,11174640,22132800,1418310,3535,3535,0,0,0,0,0,0,0,0,0.064,0.137,0.000,0,0,0,3535,3535,0,0
travel,16.653,399.6,411.080,411.080,fly,0.866,ok,2601,0,0,192.00,450764800,595615744,114090264,95883264,18123768,2904,7449760,22132800,1418310,3535,3535,0,0,0,0,0,0,0,0,0.066,0.069,0.000,0,0,0,3535,3535,0,0
travel,16.684,400.4,411.606,411.606,fly,0.858,ok,2601,0,0,192.00,450764800,595615744,114090264,95883264,18123768,2904,7449760,22132800,1418310,3535,3535,0,0,0,0,0,0,0,0,0.063,0.066,0.000,0,0,0,3535,3535,0,0
travel,16.715,401.1,412.125,412.125,fly,0.998,ok,2601,0,0,192.00,450764800,595615744,114090264,95883264,18123768,2904,7449760,22132800,1418310,3535,3535,0,0,0,0,0,0,0,0,0.064,0.188,0.000,0,0,0,3535,3535,0,0
travel,16.746,401.8,412.644,412.644,fly,0.859,ok,2601,0,0,192.00,450764800,595615744,114090264,95883264,18123768,2904,7449760,22132800,1418310,3535,3535,0,0,0,0,0,0,0,0,0.062,0.071,0.000,0,0,0,3535,3535,0,0
travel,16.776,402.6,413.168,413.168,fly,0.861,ok,2601,0,0,192.00,450764800,595615744,114090264,95883264,18123768,2904,7449760,22132800,1418310,3535,3535,0,0,0,0,0,0,0,0,0.062,0.070,0.000,0,0,0,3535,3535,0,0
travel,16.807,403.3,413.693,413.693,fly,0.881,ok,2601,0,0,192.00,450764800,595615744,114090264,95883264,18123768,2904,7449760,22132800,1418310,3535,3535,0,0,0,0,0,0,0,0,0.063,0.073,0.000,0,0,0,3535,3535,0,0
travel,16.838,404.1,414.210,414.210,fly,0.887,ok,2601,0,0,192.00,450764800,595615744,114090264,95883264,18123768,2904,7449760,22132800,1418310,3535,3535,0,0,0,0,0,0,0,0,0.066,0.075,0.000,0,0,0,3535,3535,0,0
travel,16.869,404.8,414.729,414.729,fly,0.854,ok,2601,0,0,192.00,450764800,595615744,114090264,95883264,18123768,2904,7449760,22132800,1418310,3535,3535,0,0,0,0,0,0,0,0,0.061,0.067,0.000,0,0,0,3535,3535,0,0
travel,16.899,405.5,415.238,415.238,fly,0.861,ok,2601,0,0,192.00,450764800,595615744,114090264,95883264,18123768,2904,7449760,22132800,1418310,3535,3535,0,0,0,0,0,0,0,0,0.063,0.068,0.000,0,0,0,3535,3535,0,0
travel,16.929,406.2,415.754,415.754,fly,0.862,ok,2601,0,0,192.00,450764800,595615744,114090264,95883264,18123768,2904,7449760,22132800,1418310,3535,3535,0,0,0,0,0,0,0,0,0.062,0.070,0.000,0,0,0,3535,3535,0,0
travel,16.968,407.2,416.413,416.413,fly,0.865,ok,2601,0,101,192.00,451035136,595877888,114090264,95883264,18123768,2904,11174640,16862928,1238816,3636,3636,0,0,8,0,0,0,0,0,0.062,0.070,0.000,0,0,0,3636,3636,0,0
travel,16.998,407.9,416.930,416.930,fly,0.945,ok,2601,0,0,192.00,451035136,595877888,114090264,95883264,18123768,2904,11174640,22132800,1259884,3636,3636,0,0,0,0,0,0,0,0,0.074,0.148,0.000,0,0,0,3636,3636,0,0
travel,17.029,408.6,417.448,417.448,fly,0.905,ok,2601,0,0,192.00,451035136,595877888,114090264,95883264,18123768,2904,11174640,22132800,1259884,3636,3636,0,0,0,0,0,0,0,0,0.064,0.119,0.000,0,0,0,3636,3636,0,0
travel,17.059,409.4,417.958,417.958,fly,0.873,ok,2601,0,0,192.00,451035136,595877888,114090264,95883264,18123768,2904,11174640,22132800,1259884,3636,3636,0,0,0,0,0,0,0,0,0.069,0.072,0.000,0,0,0,3636,3636,0,0
travel,17.089,410.1,418.469,418.469,fly,0.953,ok,2601,0,0,192.00,451035136,595877888,114090264,95883264,18123768,2904,11174640,22132800,1259884,3636,3636,0,0,0,0,0,0,0,0,0.071,0.105,0.000,0,0,0,3636,3636,0,0
travel,17.119,410.8,418.979,418.979,fly,1.073,ok,2601,0,0,192.00,451035136,595877888,114090264,95883264,18123768,2904,7449760,22132800,1259884,3636,3636,0,0,0,0,0,0,0,0,0.295,0.062,0.000,0,0,0,3636,3636,0,0
travel,17.149,411.5,419.493,419.493,fly,0.858,ok,2601,0,0,192.00,451035136,595877888,114090264,95883264,18123768,2904,7449760,22132800,1259884,3636,3636,0,0,0,0,0,0,0,0,0.061,0.070,0.000,0,0,0,3636,3636,0,0
travel,17.180,412.3,420.010,420.010,fly,0.999,ok,2601,0,0,192.00,451035136,595877888,114090264,95883264,18123768,2904,7449760,22132800,1259884,3636,3636,0,0,0,0,0,0,0,0,0.136,0.073,0.000,0,0,0,3636,3636,0,0
travel,17.210,413.0,420.525,420.525,fly,0.863,ok,2601,0,0,192.00,451035136,595877888,114090264,95883264,18123768,2904,7449760,22132800,1259884,3636,3636,0,0,0,0,0,0,0,0,0.063,0.075,0.000,0,0,0,3636,3636,0,0
travel,17.241,413.7,421.039,421.039,fly,0.858,ok,2601,0,0,192.00,451035136,595877888,114090264,95883264,18123768,2904,7449760,22132800,1259884,3636,3636,0,0,0,0,0,0,0,0,0.063,0.068,0.000,0,0,0,3636,3636,0,0
travel,17.271,414.4,421.559,421.559,fly,0.842,ok,2601,0,0,192.00,451035136,595877888,114090264,95883264,18123768,2904,7449760,22132800,1259884,3636,3636,0,0,0,0,0,0,0,0,0.062,0.064,0.000,0,0,0,3636,3636,0,0
travel,17.301,415.2,422.072,422.072,fly,0.886,ok,2601,0,0,192.00,451035136,595877888,114090264,95883264,18123768,2904,7449760,22132800,1259884,3636,3636,0,0,0,0,0,0,0,0,0.064,0.079,0.000,0,0,0,3636,3636,0,0
travel,17.332,415.9,422.583,422.583,fly,0.915,ok,2601,0,0,192.00,451035136,595877888,114090264,95883264,18123768,2904,7449760,22132800,1259884,3636,3636,0,0,0,0,0,0,0,0,0.136,0.067,0.000,0,0,0,3636,3636,0,0
travel,17.362,416.6,423.092,423.092,fly,0.836,ok,2601,0,0,192.00,451035136,595877888,114090264,95883264,18123768,2904,7449760,22132800,1259884,3636,3636,0,0,0,0,0,0,0,0,0.063,0.067,0.000,0,0,0,3636,3636,0,0
travel,17.392,417.3,423.608,423.608,fly,0.846,ok,2601,0,0,192.00,451035136,595877888,114090264,95883264,18123768,2904,7449760,22132800,1259884,3636,3636,0,0,0,0,0,0,0,0,0.062,0.071,0.000,0,0,0,3636,3636,0,0
travel,17.430,418.3,424.256,424.256,fly,0.854,ok,2601,0,133,192.00,451035136,595877888,114090264,95883264,18123768,2904,11174640,15193296,1284694,3737,3737,0,0,8,0,0,0,0,0,0.065,0.069,0.000,0,0,0,3737,3737,0,0
travel,17.461,419.0,424.771,424.771,fly,1.037,ok,2601,0,8,192.00,451035136,595877888,114090264,95883264,18123768,2904,11174640,21715296,1315290,3737,3737,0,0,6,0,0,0,0,0,0.073,0.115,0.000,0,0,0,3737,3737,0,0
travel,17.491,419.7,425.287,425.287,fly,0.843,ok,2601,0,0,192.00,451035136,595877888,114090264,95883264,18123768,2904,11174640,22132800,1316156,3737,3737,0,0,0,0,0,0,0,0,0.065,0.070,0.000,0,0,0,3737,3737,0,0
travel,17.522,420.5,425.806,425.806,fly,0.844,ok,2601,0,0,192.00,451035136,595877888,114090264,95883264,18123768,2904,11174640,22132800,1316156,3737,3737,0,0,0,0,0,0,0,0,0.063,0.070,0.000,0,0,0,3737,3737,0,0
travel,17.552,421.2,426.315,426.315,fly,0.928,ok,2601,0,0,192.00,451035136,595877888,114090264,95883264,18123768,2904,11174640,22132800,1316156,3737,3737,0,0,0,0,0,0,0,0,0.142,0.068,0.000,0,0,0,3737,3737,0,0
travel,17.582,421.9,426.826,426.826,fly,0.946,ok,2601,0,0,192.00,451035136,595877888,114090264,95883264,18123768,2904,7449760,22132800,1316156,3737,3737,0,0,0,0,0,0,0,0,0.070,0.098,0.000,0,0,0,3737,3737,0,0
travel,17.612,422.6,427.349,427.349,fly,1.100,ok,2601,0,0,192.00,451035136,595877888,114090264,95883264,18123768,2904,7449760,22132800,1316156,3737,3737,0,0,0,0,0,0,0,0,0.151,0.112,0.000,0,0,0,3737,3737,0,0
travel,17.643,423.4,427.865,427.865,fly,0.864,ok,2601,0,0,192.00,451035136,595877888,114090264,95883264,18123768,2904,7449760,22132800,1316156,3737,3737,0,0,0,0,0,0,0,0,0.064,0.070,0.000,0,0,0,3737,3737,0,0
travel,17.673,424.1,428.382,428.382,fly,0.854,ok,2601,0,0,192.00,451035136,595877888,114090264,95883264,18123768,2904,7449760,22132800,1316156,3737,3737,0,0,0,0,0,0,0,0,0.064,0.069,0.000,0,0,0,3737,3737,0,0
travel,17.704,424.8,428.893,428.893,fly,0.964,ok,2601,0,0,192.00,451035136,595877888,114090264,95883264,18123768,2904,7449760,22132800,1316156,3737,3737,0,0,0,0,0,0,0,0,0.072,0.127,0.000,0,0,0,3737,3737,0,0
travel,17.734,425.6,429.418,429.418,fly,0.878,ok,2601,0,0,192.00,451035136,595877888,114090264,95883264,18123768,2904,7449760,22132800,1316156,3737,3737,0,0,0,0,0,0,0,0,0.064,0.082,0.000,0,0,0,3737,3737,0,0
travel,17.765,426.3,429.936,429.936,fly,0.891,ok,2601,0,0,192.00,451035136,595877888,114090264,95883264,18123768,2904,7449760,22132800,1316156,3737,3737,0,0,0,0,0,0,0,0,0.064,0.075,0.000,0,0,0,3737,3737,0,0
travel,17.795,427.0,430.449,430.449,fly,1.017,ok,2601,0,0,192.00,451035136,595877888,114090264,95883264,18123768,2904,7449760,22132800,1316156,3737,3737,0,0,0,0,0,0,0,0,0.072,0.111,0.000,0,0,0,3737,3737,0,0
travel,17.826,427.8,430.968,430.968,fly,0.988,ok,2601,0,0,192.00,451035136,595877888,114090264,95883264,18123768,2904,7449760,22132800,1316156,3737,3737,0,0,0,0,0,0,0,0,0.062,0.178,0.000,0,0,0,3737,3737,0,0
travel,17.857,428.5,431.489,431.489,fly,0.845,ok,2601,0,0,192.00,451035136,595877888,114090264,95883264,18123768,2904,7449760,22132800,1316156,3737,3737,0,0,0,0,0,0,0,0,0.062,0.067,0.000,0,0,0,3737,3737,0,0
travel,17.887,429.2,432.008,432.008,fly,5.863,ok,2536,65,102,192.00,451035136,595877888,111239104,93487104,17670848,2904,11174640,14983728,1319609,3773,3838,36,101,36,36,36,0,0,0,0.477,0.115,0.000,0,0,0,3773,3773,0,0
travel,17.927,430.2,432.688,432.688,fly,0.848,ok,2601,0,45,192.00,451039232,595877888,114090264,95883264,18123768,2904,11174640,19784784,1362328,3838,3838,0,0,4,0,0,0,0,0,0.064,0.070,0.000,0,0,0,3838,3838,0,0
travel,17.957,430.9,433.198,433.198,fly,0.903,ok,2601,0,0,192.00,451039232,595877888,114090264,95883264,18123768,2904,11174640,22132800,1371248,3838,3838,0,0,0,0,0,0,0,0,0.094,0.071,0.000,0,0,0,3838,3838,0,0
travel,17.988,431.6,433.719,433.719,fly,0.868,ok,2601,0,0,192.00,451039232,595877888,114090264,95883264,18123768,2904,11174640,22132800,1371248,3838,3838,0,0,0,0,0,0,0,0,0.065,0.072,0.000,0,0,0,3838,3838,0,0
travel,18.018,432.4,434.232,434.232,fly,0.961,ok,2601,0,0,192.00,451039232,595877888,114090264,95883264,18123768,2904,11174640,22132800,1371248,3838,3838,0,0,0,0,0,0,0,0,0.074,0.112,0.000,0,0,0,3838,3838,0,0
travel,18.049,433.1,434.749,434.749,fly,1.040,ok,2601,0,0,192.00,451039232,595877888,114090264,95883264,18123768,2904,11174640,22132800,1371248,3838,3838,0,0,0,0,0,0,0,0,0.247,0.065,0.000,0,0,0,3838,3838,0,0
travel,18.079,433.8,435.261,435.261,fly,0.869,ok,2601,0,0,192.00,451039232,595877888,114090264,95883264,18123768,2904,7449760,22132800,1371248,3838,3838,0,0,0,0,0,0,0,0,0.066,0.080,0.000,0,0,0,3838,3838,0,0
travel,18.110,434.6,435.782,435.782,fly,0.986,ok,2601,0,0,192.00,451039232,595877888,114090264,95883264,18123768,2904,7449760,22132800,1371248,3838,3838,0,0,0,0,0,0,0,0,0.150,0.079,0.000,0,0,0,3838,3838,0,0
travel,18.140,435.3,436.296,436.296,fly,0.853,ok,2601,0,0,192.00,451039232,595877888,114090264,95883264,18123768,2904,7449760,22132800,1371248,3838,3838,0,0,0,0,0,0,0,0,0.064,0.069,0.000,0,0,0,3838,3838,0,0
travel,18.171,436.0,436.817,436.817,fly,0.839,ok,2601,0,0,192.00,451039232,595877888,114090264,95883264,18123768,2904,7449760,22132800,1371248,3838,3838,0,0,0,0,0,0,0,0,0.063,0.070,0.000,0,0,0,3838,3838,0,0
travel,18.201,436.8,437.335,437.335,fly,0.833,ok,2601,0,0,192.00,451039232,595877888,114090264,95883264,18123768,2904,7449760,22132800,1371248,3838,3838,0,0,0,0,0,0,0,0,0.062,0.068,0.000,0,0,0,3838,3838,0,0
travel,18.231,437.5,437.844,437.844,fly,0.941,ok,2601,0,0,192.00,451039232,595877888,114090264,95883264,18123768,2904,7449760,22132800,1371248,3838,3838,0,0,0,0,0,0,0,0,0.066,0.091,0.000,0,0,0,3838,3838,0,0
travel,18.261,438.2,438.355,438.355,fly,0.924,ok,2601,0,0,192.00,451039232,595877888,114090264,95883264,18123768,2904,7449760,22132800,1371248,3838,3838,0,0,0,0,0,0,0,0,0.137,0.070,0.000,0,0,0,3838,3838,0,0
travel,18.291,438.9,438.863,438.863,fly,0.881,ok,2601,0,0,192.00,451039232,595877888,114090264,95883264,18123768,2904,7449760,22132800,1371248,3838,3838,0,0,0,0,0,0,0,0,0.062,0.073,0.000,0,0,0,3838,3838,0,0
travel,18.322,439.7,439.380,439.380,fly,0.899,ok,2601,0,0,192.00,451039232,595877888,114090264,95883264,18123768,2904,7449760,22132800,1371248,3838,3838,0,0,0,0,0,0,0,0,0.064,0.075,0.000,0,0,0,3838,3838,0,0
travel,18.352,440.4,439.896,439.896,fly,0.856,ok,2601,0,0,192.00,451039232,595877888,114090264,95883264,18123768,2904,7449760,22132800,1371248,3838,3838,0,0,0,0,0,0,0,0,0.062,0.069,0.000,0,0,0,3838,3838,0,0
travel,18.390,441.3,440.541,440.541,fly,1.151,ok,2601,0,54,192.00,451563520,596402176,114090264,95883264,18123768,2904,11174640,19315200,1414568,3939,3939,0,0,2,0,0,0,0,0,0.225,0.133,0.000,0,0,0,3939,3939,0,0
travel,18.421,442.0,441.058,441.058,fly,0.869,ok,2601,0,0,192.00,451698688,596541440,114090264,95883264,18123768,2904,11174640,22132800,1425384,3939,3939,0,0,0,0,0,0,0,0,0.064,0.067,0.000,0,0,0,3939,3939,0,0
travel,18.451,442.8,441.578,441.578,fly,0.865,ok,2601,0,0,192.00,451698688,596541440,114090264,95883264,18123768,2904,11174640,22132800,1425384,3939,3939,0,0,0,0,0,0,0,0,0.063,0.068,0.000,0,0,0,3939,3939,0,0
travel,18.482,443.5,442.090,442.090,fly,0.868,ok,2601,0,0,192.00,451698688,596541440,114090264,95883264,18123768,2904,11174640,22132800,1425384,3939,3939,0,0,0,0,0,0,0,0,0.063,0.081,0.000,0,0,0,3939,3939,0,0
travel,18.512,444.2,442.605,442.605,fly,0.858,ok,2601,0,0,192.00,451698688,596541440,114090264,95883264,18123768,2904,11174640,22132800,1425384,3939,3939,0,0,0,0,0,0,0,0,0.064,0.067,0.000,0,0,0,3939,3939,0,0
travel,18.542,444.9,443.120,443.120,fly,0.852,ok,2601,0,0,192.00,451698688,596541440,114090264,95883264,18123768,2904,7449760,22132800,1425384,3939,3939,0,0,0,0,0,0,0,0,0.063,0.069,0.000,0,0,0,3939,3939,0,0
travel,18.572,445.7,443.629,443.629,fly,0.974,ok,2601,0,0,192.00,451698688,596541440,114090264,95883264,18123768,2904,7449760,22132800,1425384,3939,3939,0,0,0,0,0,0,0,0,0.176,0.076,0.000,0,0,0,3939,3939,0,0
travel,18.602,446.4,444.138,444.138,fly,1.056,ok,2601,0,0,192.00,451698688,596541440,114090264,95883264,18123768,2904,7449760,22132800,1425384,3939,3939,0,0,0,0,0,0,0,0,0.070,0.107,0.000,0,0,0,3939,3939,0,0
travel,18.633,447.1,444.654,444.654,fly,0.930,ok,2601,0,0,192.00,451698688,596541440,114090264,95883264,18123768,2904,7449760,22132800,1425384,3939,3939,0,0,0,0,0,0,0,0,0.132,0.070,0.000,0,0,0,3939,3939,0,0
travel,18.663,447.8,445.167,445.167,fly,0.856,ok,2601,0,0,192.00,451698688,596541440,114090264,95883264,18123768,2904,7449760,22132800,1425384,3939,3939,0,0,0,0,0,0,0,0,0.064,0.070,0.000,0,0,0,3939,3939,0,0
travel,18.693,448.6,445.682,445.682,fly,0.854,ok,2601,0,0,192.00,451698688,596541440,114090264,95883264,18123768,2904,7449760,22132800,1425384,3939,3939,0,0,0,0,0,0,0,0,0.064,0.068,0.000,0,0,0,3939,3939,0,0
travel,18.723,449.3,446.193,446.193,fly,0.854,ok,2601,0,0,192.00,451698688,596541440,114090264,95883264,18123768,2904,7449760,22132800,1425384,3939,3939,0,0,0,0,0,0,0,0,0.064,0.070,0.000,0,0,0,3939,3939,0,0
travel,18.754,450.0,446.705,446.705,fly,0.883,ok,2601,0,0,192.00,451698688,596541440,114090264,95883264,18123768,2904,7449760,22132800,1425384,3939,3939,0,0,0,0,0,0,0,0,0.063,0.074,0.000,0,0,0,3939,3939,0,0
travel,18.784,450.7,447.216,447.216,fly,0.944,ok,2601,0,0,192.00,451698688,596541440,114090264,95883264,18123768,2904,7449760,22132800,1425384,3939,3939,0,0,0,0,0,0,0,0,0.139,0.066,0.000,0,0,0,3939,3939,0,0
travel,18.814,451.5,447.730,447.730,fly,0.999,ok,2601,0,0,192.00,451698688,596541440,114090264,95883264,18123768,2904,7449760,22132800,1425384,3939,3939,0,0,0,0,0,0,0,0,0.071,0.150,0.000,0,0,0,3939,3939,0,0
travel,18.858,452.5,448.468,448.468,fly,0.960,ok,2601,0,84,192.00,452149248,597000192,114090264,95883264,18123768,2904,11174640,17749920,1244918,4040,4040,0,0,1,0,0,0,0,0,0.069,0.119,0.000,0,0,0,4040,4040,0,0
travel,18.889,453.3,448.999,448.999,fly,0.851,ok,2601,0,0,192.00,452149248,597000192,114090264,95883264,18123768,2904,11174640,22132800,1262602,4040,4040,0,0,0,0,0,0,0,0,0.065,0.070,0.000,0,0,0,4040,4040,0,0
travel,18.920,454.0,449.524,449.524,fly,0.846,ok,2601,0,0,192.00,452149248,597000192,114090264,95883264,18123768,2904,11174640,22132800,1262602,4040,4040,0,0,0,0,0,0,0,0,0.067,0.066,0.000,0,0,0,4040,4040,0,0
travel,18.950,454.7,450.042,450.042,fly,0.870,ok,2601,0,0,192.00,452149248,597000192,114090264,95883264,18123768,2904,11174640,22132800,1262602,4040,4040,0,0,0,0,0,0,0,0,0.064,0.071,0.000,0,0,0,4040,4040,0,0
travel,18.981,455.5,450.565,450.565,fly,0.972,ok,2601,0,0,192.00,452149248,597000192,114090264,95883264,18123768,2904,11174640,22132800,1262602,4040,4040,0,0,0,0,0,0,0,0,0.163,0.072,0.000,0,0,0,4040,4040,0,0
travel,19.012,456.2,451.085,451.085,fly,0.857,ok,2601,0,0,192.00,452149248,597000192,114090264,95883264,18123768,2904,7449760,22132800,1262602,4040,4040,0,0,0,0,0,0,0,0,0.068,0.065,0.000,0,0,0,4040,4040,0,0
travel,19.042,456.9,451.599,451.599,fly,0.859,ok,2601,0,0,192.00,452149248,597000192,114090264,95883264,18123768,2904,7449760,22132800,1262602,4040,4040,0,0,0,0,0,0,0,0,0.063,0.071,0.000,0,0,0,4040,4040,0,0
travel,19.072,457.7,452.112,452.112,fly,0.914,ok,2601,0,0,192.00,452149248,597000192,114090264,95883264,18123768,2904,7449760,22132800,1262602,4040,4040,0,0,0,0,0,0,0,0,0.063,0.076,0.000,0,0,0,4040,4040,0,0
travel,19.102,458.4,452.622,452.622,fly,0.851,ok,2601,0,0,192.00,452149248,597000192,114090264,95883264,18123768,2904,7449760,22132800,1262602,4040,4040,0,0,0,0,0,0,0,0,0.062,0.070,0.000,0,0,0,4040,4040,0,0
travel,19.133,459.1,453.139,453.139,fly,0.854,ok,2601,0,0,192.00,452149248,597000192,114090264,95883264,18123768,2904,7449760,22132800,1262602,4040,4040,0,0,0,0,0,0,0,0,0.065,0.067,0.000,0,0,0,4040,4040,0,0
travel,19.163,459.8,453.651,453.651,fly,1.138,ok,2601,0,0,192.00,452149248,597000192,114090264,95883264,18123768,2904,7449760,22132800,1262602,4040,4040,0,0,0,0,0,0,0,0,0.335,0.071,0.000,0,0,0,4040,4040,0,0
travel,19.193,460.6,454.164,454.164,fly,1.035,ok,2601,0,0,192.00,452149248,597000192,114090264,95883264,18123768,2904,7449760,22132800,1262602,4040,4040,0,0,0,0,0,0,0,0,0.068,0.232,0.000,0,0,0,4040,4040,0,0
travel,19.224,461.3,454.678,454.678,fly,0.872,ok,2601,0,0,192.00,452149248,597000192,114090264,95883264,18123768,2904,7449760,22132800,1262602,4040,4040,0,0,0,0,0,0,0,0,0.064,0.072,0.000,0,0,0,4040,4040,0,0
travel,19.254,462.0,455.190,455.190,fly,0.838,ok,2601,0,0,192.00,452149248,597000192,114090264,95883264,18123768,2904,7449760,22132800,1262602,4040,4040,0,0,0,0,0,0,0,0,0.064,0.064,0.000,0,0,0,4040,4040,0,0
travel,19.284,462.7,455.699,455.699,fly,0.914,ok,2601,0,0,192.00,452149248,597000192,114090264,95883264,18123768,2904,7449760,22132800,1262602,4040,4040,0,0,0,0,0,0,0,0,0.136,0.065,0.000,0,0,0,4040,4040,0,0
travel,19.322,463.6,456.338,456.338,fly,0.858,ok,2601,0,92,192.00,452149248,597000192,114090264,95883264,18123768,2904,11174640,17332512,1299903,4141,4141,0,0,4,0,0,0,0,0,0.065,0.072,0.000,0,0,0,4141,4141,0,0
travel,19.352,464.4,456.850,456.850,fly,1.030,ok,2601,0,0,192.00,452149248,597000192,114090264,95883264,18123768,2904,11174640,22132800,1317846,4141,4141,0,0,0,0,0,0,0,0,0.242,0.074,0.000,0,0,0,4141,4141,0,0
travel,19.382,465.1,457.362,457.362,fly,0.861,ok,2601,0,0,192.00,452149248,597000192,114090264,95883264,18123768,2904,11174640,22132800,1317846,4141,4141,0,0,0,0,0,0,0,0,0.067,0.069,0.000,0,0,0,4141,4141,0,0
travel,19.412,465.8,457.881,457.881,fly,1.000,ok,2601,0,0,192.00,452149248,597000192,114090264,95883264,18123768,2904,11174640,22132800,1317846,4141,4141,0,0,0,0,0,0,0,0,0.196,0.071,0.000,0,0,0,4141,4141,0,0
travel,19.443,466.5,458.397,458.397,fly,0.872,ok,2601,0,0,192.00,452149248,597000192,114090264,95883264,18123768,2904,11174640,22132800,1317846,4141,4141,0,0,0,0,0,0,0,0,0.067,0.084,0.000,0,0,0,4141,4141,0,0
travel,19.473,467.3,458.915,458.915,fly,0.856,ok,2601,0,0,192.00,452149248,597000192,114090264,95883264,18123768,2904,11174640,22132800,1317846,4141,4141,0,0,0,0,0,0,0,0,0.066,0.069,0.000,0,0,0,4141,4141,0,0
travel,19.504,468.0,459.427,459.427,fly,0.871,ok,2601,0,0,192.00,452149248,597000192,114090264,95883264,18123768,2904,7449760,22132800,1317846,4141,4141,0,0,0,0,0,0,0,0,0.068,0.072,0.000,0,0,0,4141,4141,0,0
travel,19.534,468.7,459.940,459.940,fly,0.865,ok,2601,0,0,192.00,452149248,597000192,114090264,95883264,18123768,2904,7449760,22132800,1317846,4141,4141,0,0,0,0,0,0,0,0,0.065,0.072,0.000,0,0,0,4141,4141,0,0
travel,19.564,469.5,460.456,460.456,fly,0.866,ok,2601,0,0,192.00,452149248,597000192,114090264,95883264,18123768,2904,7449760,22132800,1317846,4141,4141,0,0,0,0,0,0,0,0,0.065,0.070,0.000,0,0,0,4141,4141,0,0
travel,19.595,470.2,460.974,460.974,fly,0.860,ok,2601,0,0,192.00,452149248,597000192,114090264,95883264,18123768,2904,7449760,22132800,1317846,4141,4141,0,0,0,0,0,0,0,0,0.069,0.067,0.000,0,0,0,4141,4141,0,0
travel,19.625,470.9,461.487,461.487,fly,0.864,ok,2601,0,0,192.00,452149248,597000192,114090264,95883264,18123768,2904,7449760,22132800,1317846,4141,4141,0,0,0,0,0,0,0,0,0.067,0.068,0.000,0,0,0,4141,4141,0,0
travel,19.656,471.7,462.008,462.008,fly,1.026,ok,2601,0,0,192.00,452149248,597000192,114090264,95883264,18123768,2904,7449760,22132800,1317846,4141,4141,0,0,0,0,0,0,0,0,0.075,0.105,0.000,0,0,0,4141,4141,0,0
travel,19.686,472.4,462.521,462.521,fly,0.883,ok,2601,0,0,192.00,452149248,597000192,114090264,95883264,18123768,2904,7449760,22132800,1317846,4141,4141,0,0,0,0,0,0,0,0,0.065,0.076,0.000,0,0,0,4141,4141,0,0
travel,19.716,473.1,463.033,463.033,fly,0.855,ok,2601,0,0,192.00,452149248,597000192,114090264,95883264,18123768,2904,7449760,22132800,1317846,4141,4141,0,0,0,0,0,0,0,0,0.065,0.069,0.000,0,0,0,4141,4141,0,0
travel,19.747,473.8,463.547,463.547,fly,0.898,ok,2601,0,0,192.00,452149248,597000192,114090264,95883264,18123768,2904,7449760,22132800,1317846,4141,4141,0,0,0,0,0,0,0,0,0.064,0.076,0.000,0,0,0,4141,4141,0,0
travel,19.786,474.8,464.212,464.212,fly,0.890,ok,2601,0,136,192.00,452149248,597000192,114090264,95883264,18123768,2904,11174640,15036768,1342135,4242,4242,0,0,22,0,0,0,0,0,0.065,0.070,0.000,0,0,0,4242,4242,0,0
travel,19.817,475.5,464.741,464.741,fly,0.854,ok,2601,0,0,192.00,452149248,597000192,114090264,95883264,18123768,2904,11174640,22132800,1373242,4242,4242,0,0,0,0,0,0,0,0,0.066,0.072,0.000,0,0,0,4242,4242,0,0
travel,19.847,476.2,465.250,465.250,fly,0.859,ok,2601,0,0,192.00,452149248,597000192,114090264,95883264,18123768,2904,11174640,22132800,1373242,4242,4242,0,0,0,0,0,0,0,0,0.068,0.073,0.000,0,0,0,4242,4242,0,0
travel,19.877,477.0,465.764,465.764,fly,0.927,ok,2601,0,0,192.00,452149248,597000192,114090264,95883264,18123768,2904,11174640,22132800,1373242,4242,4242,0,0,0,0,0,0,0,0,0.135,0.062,0.000,0,0,0,4242,4242,0,0
travel,19.907,477.7,466.277,466.277,fly,0.851,ok,2601,0,0,192.00,452149248,597000192,114090264,95883264,18123768,2904,11174640,22132800,1373242,4242,4242,0,0,0,0,0,0,0,0,0.065,0.066,0.000,0,0,0,4242,4242,0,0
travel,19.938,478.4,466.799,466.799,fly,1.093,ok,2601,0,0,192.00,452149248,597000192,114090264,95883264,18123768,2904,11174640,22132800,1373242,4242,4242,0,0,0,0,0,0,0,0,0.075,0.128,0.000,0,0,0,4242,4242,0,0
travel,19.970,479.2,467.342,467.342,fly,0.874,ok,2601,0,0,192.00,452149248,597000192,114090264,95883264,18123768,2904,7449760,22132800,1373242,4242,4242,0,0,0,0,0,0,0,0,0.064,0.074,0.000,0,0,0,4242,4242,0,0
travel,20.001,479.9,467.868,467.868,fly,0.937,ok,2601,0,0,192.00,452149248,597000192,114090264,95883264,18123768,2904,7449760,22132800,1373242,4242,4242,0,0,0,0,0,0,0,0,0.138,0.068,0.000,0,0,0,4242,4242,0,0
travel,20.032,480.7,468.386,468.386,fly,0.891,ok,2601,0,0,192.00,452149248,597000192,114090264,95883264,18123768,2904,7449760,22132800,1373242,4242,4242,0,0,0,0,0,0,0,0,0.066,0.076,0.000,0,0,0,4242,4242,0,0
travel,20.063,481.4,468.908,468.908,fly,0.856,ok,2601,0,0,192.00,452149248,597000192,114090264,95883264,18123768,2904,7449760,22132800,1373242,4242,4242,0,0,0,0,0,0,0,0,0.064,0.068,0.000,0,0,0,4242,4242,0,0
travel,20.093,482.1,469.419,469.419,fly,1.099,ok,2601,0,0,192.00,452149248,597000192,114090264,95883264,18123768,2904,7449760,22132800,1373242,4242,4242,0,0,0,0,0,0,0,0,0.190,0.109,0.000,0,0,0,4242,4242,0,0
travel,20.123,482.9,469.935,469.935,fly,0.848,ok,2601,0,0,192.00,452149248,597000192,114090264,95883264,18123768,2904,7449760,22132800,1373242,4242,4242,0,0,0,0,0,0,0,0,0.064,0.066,0.000,0,0,0,4242,4242,0,0
travel,20.154,483.6,470.451,470.451,fly,0.894,ok,2601,0,0,192.00,452149248,597000192,114090264,95883264,18123768,2904,7449760,22132800,1373242,4242,4242,0,0,0,0,0,0,0,0,0.065,0.077,0.000,0,0,0,4242,4242,0,0
travel,20.184,484.3,470.966,470.966,fly,0.853,ok,2601,0,0,192.00,452149248,597000192,114090264,95883264,18123768,2904,7449760,22132800,1373242,4242,4242,0,0,0,0,0,0,0,0,0.064,0.067,0.000,0,0,0,4242,4242,0,0
travel,20.215,485.1,471.487,471.487,fly,0.950,ok,2601,0,0,192.00,452149248,597000192,114090264,95883264,18123768,2904,7449760,22132800,1373242,4242,4242,0,0,0,0,0,0,0,0,0.069,0.138,0.000,0,0,0,4242,4242,0,0
travel,20.245,485.8,472.008,472.008,fly,4.352,ok,2536,65,100,192.00,452149248,597000192,111239104,93487104,17670848,2904,11174640,15035904,1377181,4278,4343,36,101,36,36,36,0,0,0,0.437,0.087,0.000,0,0,0,4278,4278,0,0
travel,20.283,486.7,472.654,472.654,fly,0.911,ok,2601,0,0,192.00,452149248,597000192,114090264,95883264,18123768,2904,11174640,22132800,1428014,4343,4343,0,0,8,0,0,0,0,0,0.069,0.081,0.000,0,0,0,4343,4343,0,0
travel,20.314,487.4,473.169,473.169,fly,1.181,ok,2601,0,0,192.00,452149248,597000192,114090264,95883264,18123768,2904,11174640,22132800,1428014,4343,4343,0,0,0,0,0,0,0,0,0.392,0.065,0.000,0,0,0,4343,4343,0,0
travel,20.344,488.2,473.689,473.689,fly,0.858,ok,2601,0,0,192.00,452149248,597000192,114090264,95883264,18123768,2904,11174640,22132800,1428014,4343,4343,0,0,0,0,0,0,0,0,0.067,0.071,0.000,0,0,0,4343,4343,0,0
travel,20.375,488.9,474.201,474.201,fly,0.869,ok,2601,0,0,192.00,452149248,597000192,114090264,95883264,18123768,2904,11174640,22132800,1428014,4343,4343,0,0,0,0,0,0,0,0,0.066,0.078,0.000,0,0,0,4343,4343,0,0
travel,20.405,489.6,474.718,474.718,fly,0.854,ok,2601,0,0,192.00,452149248,597000192,114090264,95883264,18123768,2904,11174640,22132800,1428014,4343,4343,0,0,0,0,0,0,0,0,0.067,0.065,0.000,0,0,0,4343,4343,0,0
travel,20.435,490.4,475.232,475.232,fly,0.892,ok,2601,0,0,192.00,452149248,597000192,114090264,95883264,18123768,2904,7449760,22132800,1428014,4343,4343,0,0,0,0,0,0,0,0,0.068,0.074,0.000,0,0,0,4343,4343,0,0
travel,20.466,491.1,475.744,475.744,fly,0.841,ok,2601,0,0,192.00,452149248,597000192,114090264,95883264,18123768,2904,7449760,22132800,1428014,4343,4343,0,0,0,0,0,0,0,0,0.067,0.066,0.000,0,0,0,4343,4343,0,0
travel,20.496,491.8,476.258,476.258,fly,0.856,ok,2601,0,0,192.00,452149248,597000192,114090264,95883264,18123768,2904,7449760,22132800,1428014,4343,4343,0,0,0,0,0,0,0,0,0.066,0.073,0.000,0,0,0,4343,4343,0,0
travel,20.526,492.5,476.768,476.768,fly,0.925,ok,2601,0,0,192.00,452149248,597000192,114090264,95883264,18123768,2904,7449760,22132800,1428014,4343,4343,0,0,0,0,0,0,0,0,0.142,0.070,0.000,0,0,0,4343,4343,0,0
travel,20.556,493.2,477.278,477.278,fly,0.845,ok,2601,0,0,192.00,452149248,597000192,114090264,95883264,18123768,2904,7449760,22132800,1428014,4343,4343,0,0,0,0,0,0,0,0,0.067,0.072,0.000,0,0,0,4343,4343,0,0
travel,20.586,494.0,477.794,477.794,fly,0.876,ok,2601,0,0,192.00,452149248,597000192,114090264,95883264,18123768,2904,7449760,22132800,1428014,4343,4343,0,0,0,0,0,0,0,0,0.065,0.070,0.000,0,0,0,4343,4343,0,0
travel,20.617,494.7,478.310,478.310,fly,1.009,ok,2601,0,0,192.00,452149248,597000192,114090264,95883264,18123768,2904,7449760,22132800,1428014,4343,4343,0,0,0,0,0,0,0,0,0.066,0.215,0.000,0,0,0,4343,4343,0,0
travel,20.648,495.5,478.836,478.836,fly,0.840,ok,2601,0,0,192.00,452149248,597000192,114090264,95883264,18123768,2904,7449760,22132800,1428014,4343,4343,0,0,0,0,0,0,0,0,0.063,0.066,0.000,0,0,0,4343,4343,0,0
travel,20.679,496.2,479.356,479.356,fly,0.881,ok,2601,0,0,192.00,452149248,597000192,114090264,95883264,18123768,2904,7449760,22132800,1428014,4343,4343,0,0,0,0,0,0,0,0,0.065,0.075,0.000,0,0,0,4343,4343,0,0
travel,20.709,496.9,479.877,479.877,fly,0.863,ok,2601,0,0,192.00,452149248,597000192,114090264,95883264,18123768,2904,7449760,22132800,1428014,4343,4343,0,0,0,0,0,0,0,0,0.066,0.071,0.000,0,0,0,4343,4343,0,0
travel,20.749,497.9,480.547,480.547,fly,0.916,ok,2601,0,56,192.00,452481024,597340160,114090264,95883264,18123768,2904,11174640,19210848,1253186,4444,4444,0,0,6,0,0,0,0,0,0.070,0.087,0.000,0,0,0,4444,4444,0,0
travel,20.779,498.6,481.066,481.066,fly,0.854,ok,2601,0,0,192.00,452481024,597340160,114090264,95883264,18123768,2904,11174640,22132800,1263510,4444,4444,0,0,0,0,0,0,0,0,0.065,0.067,0.000,0,0,0,4444,4444,0,0
travel,20.809,499.3,481.578,481.578,fly,0.873,ok,2601,0,0,192.00,452481024,597340160,114090264,95883264,18123768,2904,11174640,22132800,1263510,4444,4444,0,0,0,0,0,0,0,0,0.066,0.072,0.000,0,0,0,4444,4444,0,0
travel,20.841,500.1,482.112,482.112,fly,0.912,ok,2601,0,0,192.00,452485120,597340160,114090264,95883264,18123768,2904,11174640,22132800,1263510,4444,4444,0,0,0,0,0,0,0,0,0.067,0.075,0.000,0,0,0,4444,4444,0,0
travel,20.871,500.8,482.627,482.627,fly,0.864,ok,2601,0,0,192.00,452485120,597340160,114090264,95883264,18123768,2904,11174640,22132800,1263510,4444,4444,0,0,0,0,0,0,0,0,0.065,0.070,0.000,0,0,0,4444,4444,0,0
travel,20.902,501.5,483.143,483.143,fly,0.882,ok,2601,0,0,192.00,452485120,597340160,114090264,95883264,18123768,2904,7449760,22132800,1263510,4444,4444,0,0,0,0,0,0,0,0,0.066,0.075,0.000,0,0,0,4444,4444,0,0
travel,20.932,502.3,483.658,483.658,fly,0.856,ok,2601,0,0,192.00,452485120,597340160,114090264,95883264,18123768,2904,7449760,22132800,1263510,4444,4444,0,0,0,0,0,0,0,0,0.066,0.075,0.000,0,0,0,4444,4444,0,0
travel,20.963,503.0,484.175,484.175,fly,1.170,ok,2601,0,0,192.00,452485120,597340160,114090264,95883264,18123768,2904,7449760,22132800,1263510,4444,4444,0,0,0,0,0,0,0,0,0.260,0.170,0.000,0,0,0,4444,4444,0,0
travel,20.993,503.7,484.691,484.691,fly,0.866,ok,2601,0,0,192.00,452485120,597340160,114090264,95883264,18123768,2904,7449760,22132800,1263510,4444,4444,0,0,0,0,0,0,0,0,0.066,0.070,0.000,0,0,0,4444,4444,0,0
travel,21.023,504.5,485.205,485.205,fly,0.921,ok,2601,0,0,192.00,452485120,597340160,114090264,95883264,18123768,2904,7449760,22132800,1263510,4444,4444,0,0,0,0,0,0,0,0,0.136,0.071,0.000,0,0,0,4444,4444,0,0
travel,21.053,505.2,485.715,485.715,fly,0.894,ok,2601,0,0,192.00,452485120,597340160,114090264,95883264,18123768,2904,7449760,22132800,1263510,4444,4444,0,0,0,0,0,0,0,0,0.074,0.073,0.000,0,0,0,4444,4444,0,0
travel,21.084,505.9,486.234,486.234,fly,0.838,ok,2601,0,0,192.00,452485120,597340160,114090264,95883264,18123768,2904,7449760,22132800,1263510,4444,4444,0,0,0,0,0,0,0,0,0.066,0.066,0.000,0,0,0,4444,4444,0,0
travel,21.114,506.6,486.748,486.748,fly,0.977,ok,2601,0,0,192.00,452485120,597340160,114090264,95883264,18123768,2904,7449760,22132800,1263510,4444,4444,0,0,0,0,0,0,0,0,0.069,0.084,0.000,0,0,0,4444,4444,0,0
travel,21.145,507.4,487.270,487.270,fly,0.899,ok,2601,0,0,192.00,452485120,597340160,114090264,95883264,18123768,2904,7449760,22132800,1263510,4444,4444,0,0,0,0,0,0,0,0,0.067,0.074,0.000,0,0,0,4444,4444,0,0
travel,21.176,508.1,487.789,487.789,fly,0.938,ok,2601,0,0,192.00,452485120,597340160,114090264,95883264,18123768,2904,7449760,22132800,1263510,4444,4444,0,0,0,0,0,0,0,0,0.074,0.082,0.000,0,0,0,4444,4444,0,0
travel,21.215,509.1,488.463,488.463,fly,0.850,ok,2601,0,60,192.00,452485120,597340160,114090264,95883264,18123768,2904,11174640,19002144,1305846,4545,4545,0,0,4,0,0,0,0,0,0.067,0.069,0.000,0,0,0,4545,4545,0,0
travel,21.247,509.8,488.993,488.993,fly,0.860,ok,2601,0,0,192.00,452485120,597340160,114090264,95883264,18123768,2904,11174640,22132800,1317194,4545,4545,0,0,0,0,0,0,0,0,0.068,0.067,0.000,0,0,0,4545,4545,0,0
travel,21.277,510.5,489.513,489.513,fly,0.881,ok,2601,0,0,192.00,452485120,597340160,114090264,95883264,18123768,2904,11174640,22132800,1317194,4545,4545,0,0,0,0,0,0,0,0,0.068,0.070,0.000,0,0,0,4545,4545,0,0
travel,21.308,511.3,490.029,490.029,fly,0.859,ok,2601,0,0,192.00,452485120,597340160,114090264,95883264,18123768,2904,11174640,22132800,1317194,4545,4545,0,0,0,0,0,0,0,0,0.065,0.067,0.000,0,0,0,4545,4545,0,0
travel,21.338,512.0,490.544,490.544,fly,0.868,ok,2601,0,0,192.00,452485120,597340160,114090264,95883264,18123768,2904,11174640,22132800,1317194,4545,4545,0,0,0,0,0,0,0,0,0.066,0.070,0.000,0,0,0,4545,4545,0,0
travel,21.368,512.7,491.056,491.056,fly,0.863,ok,2601,0,0,192.00,452485120,597340160,114090264,95883264,18123768,2904,7449760,22132800,1317194,4545,4545,0,0,0,0,0,0,0,0,0.069,0.070,0.000,0,0,0,4545,4545,0,0
travel,21.399,513.5,491.576,491.576,fly,0.920,ok,2601,0,0,192.00,452485120,597340160,114090264,95883264,18123768,2904,7449760,22132800,1317194,4545,4545,0,0,0,0,0,0,0,0,0.069,0.077,0.000,0,0,0,4545,4545,0,0
travel,21.430,514.2,492.096,492.096,fly,0.998,ok,2601,0,0,192.00,452485120,597340160,114090264,95883264,18123768,2904,7449760,22132800,1317194,4545,4545,0,0,0,0,0,0,0,0,0.076,0.117,0.000,0,0,0,4545,4545,0,0
travel,21.460,514.9,492.607,492.607,fly,1.198,ok,2601,0,0,192.00,452485120,597340160,114090264,95883264,18123768,2904,7449760,22132800,1317194,4545,4545,0,0,0,0,0,0,0,0,0.409,0.065,0.000,0,0,0,4545,4545,0,0
travel,21.491,515.7,493.133,493.133,fly,0.855,ok,2601,0,0,192.00,452485120,597340160,114090264,95883264,18123768,2904,7449760,22132800,1317194,4545,4545,0,0,0,0,0,0,0,0,0.064,0.066,0.000,0,0,0,4545,4545,0,0
travel,21.522,516.4,493.658,493.658,fly,0.859,ok,2601,0,0,192.00,452485120,597340160,114090264,95883264,18123768,2904,7449760,22132800,1317194,4545,4545,0,0,0,0,0,0,0,0,0.065,0.069,0.000,0,0,0,4545,4545,0,0
travel,21.552,517.1,494.174,494.174,fly,0.879,ok,2601,0,0,192.00,452485120,597340160,114090264,95883264,18123768,2904,7449760,22132800,1317194,4545,4545,0,0,0,0,0,0,0,0,0.066,0.073,0.000,0,0,0,4545,4545,0,0
travel,21.583,517.9,494.691,494.691,fly,0.879,ok,2601,0,0,192.00,452485120,597340160,114090264,95883264,18123768,2904,7449760,22132800,1317194,4545,4545,0,0,0,0,0,0,0,0,0.066,0.090,0.000,0,0,0,4545,4545,0,0
travel,21.613,518.6,495.211,495.211,fly,0.962,ok,2601,0,0,192.00,452485120,597340160,114090264,95883264,18123768,2904,7449760,22132800,1317194,4545,4545,0,0,0,0,0,0,0,0,0.136,0.074,0.000,0,0,0,4545,4545,0,0
travel,21.643,519.3,495.721,495.721,fly,0.852,ok,2601,0,0,192.00,452485120,597340160,114090264,95883264,18123768,2904,7449760,22132800,1317194,4545,4545,0,0,0,0,0,0,0,0,0.064,0.068,0.000,0,0,0,4545,4545,0,0
travel,21.685,520.3,496.428,496.428,fly,1.301,ok,2601,0,62,192.00,452485120,597340160,114090264,95883264,18123768,2904,11174640,18897792,1360123,4646,4646,0,0,4,0,0,0,0,0,0.152,0.128,0.000,0,0,0,4646,4646,0,0
travel,21.716,521.1,496.958,496.958,fly,0.854,ok,2601,0,0,192.00,452485120,597340160,114090264,95883264,18123768,2904,11174640,22132800,1371174,4646,4646,0,0,0,0,0,0,0,0,0.066,0.067,0.000,0,0,0,4646,4646,0,0
travel,21.747,521.8,497.474,497.474,fly,0.901,ok,2601,0,0,192.00,452485120,597340160,114090264,95883264,18123768,2904,11174640,22132800,1371174,4646,4646,0,0,0,0,0,0,0,0,0.068,0.073,0.000,0,0,0,4646,4646,0,0
travel,21.777,522.5,497.993,497.993,fly,0.875,ok,2601,0,0,192.00,452485120,597340160,114090264,95883264,18123768,2904,11174640,22132800,1371174,4646,4646,0,0,0,0,0,0,0,0,0.067,0.067,0.000,0,0,0,4646,4646,0,0
travel,21.808,523.3,498.510,498.510,fly,0.959,ok,2601,0,0,192.00,452485120,597340160,114090264,95883264,18123768,2904,11174640,22132800,1371174,4646,4646,0,0,0,0,0,0,0,0,0.076,0.109,0.000,0,0,0,4646,4646,0,0
travel,21.838,524.0,499.029,499.029,fly,0.869,ok,2601,0,0,192.00,452485120,597340160,114090264,95883264,18123768,2904,7449760,22132800,1371174,4646,4646,0,0,0,0,0,0,0,0,0.067,0.070,0.000,0,0,0,4646,4646,0,0
travel,21.869,524.7,499.553,499.553,fly,0.872,ok,2601,0,0,192.00,452485120,597340160,114090264,95883264,18123768,2904,7449760,22132800,1371174,4646,4646,0,0,0,0,0,0,0,0,0.067,0.071,0.000,0,0,0,4646,4646,0,0
travel,21.900,525.5,500.071,500.071,fly,0.864,ok,2601,0,0,192.00,452485120,597340160,114090264,95883264,18123768,2904,7449760,22132800,1371174,4646,4646,0,0,0,0,0,0,0,0,0.066,0.069,0.000,0,0,0,4646,4646,0,0
travel,21.930,526.2,500.587,500.587,fly,0.874,ok,2601,0,0,192.00,452485120,597340160,114090264,95883264,18123768,2904,7449760,22132800,1371174,4646,4646,0,0,0,0,0,0,0,0,0.066,0.070,0.000,0,0,0,4646,4646,0,0
travel,21.961,526.9,501.104,501.104,fly,0.986,ok,2601,0,0,192.00,452485120,597340160,114090264,95883264,18123768,2904,7449760,22132800,1371174,4646,4646,0,0,0,0,0,0,0,0,0.078,0.108,0.000,0,0,0,4646,4646,0,0
travel,21.991,527.7,501.618,501.618,fly,0.859,ok,2601,0,0,192.00,452485120,597340160,114090264,95883264,18123768,2904,7449760,22132800,1371174,4646,4646,0,0,0,0,0,0,0,0,0.065,0.069,0.000,0,0,0,4646,4646,0,0
travel,22.021,528.4,502.134,502.134,fly,0.860,ok,2601,0,0,192.00,452485120,597340160,114090264,95883264,18123768,2904,7449760,22132800,1371174,4646,4646,0,0,0,0,0,0,0,0,0.066,0.071,0.000,0,0,0,4646,4646,0,0
travel,22.052,529.1,502.657,502.657,fly,0.992,ok,2601,0,0,192.00,452485120,597340160,114090264,95883264,18123768,2904,7449760,22132800,1371174,4646,4646,0,0,0,0,0,0,0,0,0.076,0.116,0.000,0,0,0,4646,4646,0,0
travel,22.082,529.9,503.172,503.172,fly,0.888,ok,2601,0,0,192.00,452485120,597340160,114090264,95883264,18123768,2904,7449760,22132800,1371174,4646,4646,0,0,0,0,0,0,0,0,0.066,0.076,0.000,0,0,0,4646,4646,0,0
travel,22.113,530.6,503.688,503.688,fly,0.860,ok,2601,0,0,192.00,452485120,597340160,114090264,95883264,18123768,2904,7449760,22132800,1371174,4646,4646,0,0,0,0,0,0,0,0,0.067,0.067,0.000,0,0,0,4646,4646,0,0
travel,22.153,531.6,504.363,504.363,fly,1.022,ok,2601,0,88,192.00,452550656,597405696,114090264,95883264,18123768,2904,11174640,17541216,1409589,4747,4747,0,0,4,0,0,0,0,0,0.069,0.090,0.000,0,0,0,4747,4747,0,0
travel,22.183,532.3,504.881,504.881,fly,1.021,ok,2601,0,0,192.00,452550656,597405696,114090264,95883264,18123768,2904,11174640,22132800,1427598,4747,4747,0,0,0,0,0,0,0,0,0.139,0.098,0.000,0,0,0,4747,4747,0,0
travel,22.214,533.0,505.395,505.395,fly,0.904,ok,2601,0,0,192.00,452550656,597405696,114090264,95883264,18123768,2904,11174640,22132800,1427598,4747,4747,0,0,0,0,0,0,0,0,0.069,0.083,0.000,0,0,0,4747,4747,0,0
travel,22.244,533.7,505.911,505.911,fly,0.848,ok,2601,0,0,192.00,452550656,597405696,114090264,95883264,18123768,2904,11174640,22132800,1427598,4747,4747,0,0,0,0,0,0,0,0,0.067,0.070,0.000,0,0,0,4747,4747,0,0
travel,22.275,534.5,506.434,506.434,fly,0.851,ok,2601,0,0,192.00,452550656,597405696,114090264,95883264,18123768,2904,11174640,22132800,1427598,4747,4747,0,0,0,0,0,0,0,0,0.066,0.070,0.000,0,0,0,4747,4747,0,0
travel,22.305,535.2,506.948,506.948,fly,0.848,ok,2601,0,0,192.00,452550656,597405696,114090264,95883264,18123768,2904,7449760,22132800,1427598,4747,4747,0,0,0,0,0,0,0,0,0.067,0.068,0.000,0,0,0,4747,4747,0,0
travel,22.335,535.9,507.463,507.463,fly,0.871,ok,2601,0,0,192.00,452550656,597405696,114090264,95883264,18123768,2904,7449760,22132800,1427598,4747,4747,0,0,0,0,0,0,0,0,0.067,0.071,0.000,0,0,0,4747,4747,0,0
travel,22.366,536.7,507.980,507.980,fly,0.906,ok,2601,0,0,192.00,452550656,597405696,114090264,95883264,18123768,2904,7449760,22132800,1427598,4747,4747,0,0,0,0,0,0,0,0,0.069,0.079,0.000,0,0,0,4747,4747,0,0
travel,22.397,537.4,508.503,508.503,fly,0.869,ok,2601,0,0,192.00,452550656,597405696,114090264,95883264,18123768,2904,7449760,22132800,1427598,4747,4747,0,0,0,0,0,0,0,0,0.066,0.070,0.000,0,0,0,4747,4747,0,0
travel,22.427,538.1,509.018,509.018,fly,0.880,ok,2601,0,0,192.00,452550656,597405696,114090264,95883264,18123768,2904,7449760,22132800,1427598,4747,4747,0,0,0,0,0,0,0,0,0.066,0.083,0.000,0,0,0,4747,4747,0,0
travel,22.458,538.9,509.538,509.538,fly,0.862,ok,2601,0,0,192.00,452550656,597405696,114090264,95883264,18123768,2904,7449760,22132800,1427598,4747,4747,0,0,0,0,0,0,0,0,0.066,0.069,0.000,0,0,0,4747,4747,0,0
travel,22.489,539.6,510.059,510.059,fly,0.874,ok,2601,0,0,192.00,452550656,597405696,114090264,95883264,18123768,2904,7449760,22132800,1427598,4747,4747,0,0,0,0,0,0,0,0,0.066,0.071,0.000,0,0,0,4747,4747,0,0
travel,22.519,540.3,510.580,510.580,fly,0.865,ok,2601,0,0,192.00,452550656,597405696,114090264,95883264,18123768,2904,7449760,22132800,1427598,4747,4747,0,0,0,0,0,0,0,0,0.065,0.070,0.000,0,0,0,4747,4747,0,0
travel,22.550,541.1,511.103,511.103,fly,0.957,ok,2601,0,0,192.00,452550656,597405696,114090264,95883264,18123768,2904,7449760,22132800,1427598,4747,4747,0,0,0,0,0,0,0,0,0.066,0.098,0.000,0,0,0,4747,4747,0,0
travel,22.580,541.8,511.614,511.614,fly,0.867,ok,2601,0,0,192.00,452550656,597405696,114090264,95883264,18123768,2904,7449760,22132800,1427598,4747,4747,0,0,0,0,0,0,0,0,0.065,0.067,0.000,0,0,0,4747,4747,0,0
travel,22.620,542.8,512.283,512.283,fly,0.942,ok,2601,0,139,192.00,452550656,597405696,114090264,95883264,18123768,2904,11174640,14880240,1450326,4848,4848,0,0,0,0,0,0,0,0,0.066,0.075,0.000,0,0,0,4848,4848,0,0
travel,22.651,543.5,512.808,512.808,fly,0.860,ok,2601,0,0,192.00,452550656,597405696,114090264,95883264,18123768,2904,11174640,22132800,1261570,4848,4848,0,0,0,0,0,0,0,0,0.069,0.067,0.000,0,0,0,4848,4848,0,0
travel,22.681,544.2,513.332,513.332,fly,1.170,ok,2601,0,0,192.00,452550656,597405696,114090264,95883264,18123768,2904,11174640,22132800,1261570,4848,4848,0,0,0,0,0,0,0,0,0.366,0.072,0.000,0,0,0,4848,4848,0,0
travel,22.712,545.0,513.850,513.850,fly,0.867,ok,2601,0,0,192.00,452550656,597405696,114090264,95883264,18123768,2904,11174640,22132800,1261570,4848,4848,0,0,0,0,0,0,0,0,0.068,0.071,0.000,0,0,0,4848,4848,0,0
travel,22.742,545.7,514.364,514.364,fly,0.862,ok,2601,0,0,192.00,452550656,597405696,114090264,95883264,18123768,2904,11174640,22132800,1261570,4848,4848,0,0,0,0,0,0,0,0,0.068,0.067,0.000,0,0,0,4848,4848,0,0
travel,22.773,546.4,514.877,514.877,fly,0.856,ok,2601,0,0,192.00,452550656,597405696,114090264,95883264,18123768,2904,7449760,22132800,1261570,4848,4848,0,0,0,0,0,0,0,0,0.066,0.066,0.000,0,0,0,4848,4848,0,0
travel,22.803,547.2,515.396,515.396,fly,0.864,ok,2601,0,0,192.00,452550656,597405696,114090264,95883264,18123768,2904,7449760,22132800,1261570,4848,4848,0,0,0,0,0,0,0,0,0.067,0.068,0.000,0,0,0,4848,4848,0,0
travel,22.833,547.9,515.911,515.911,fly,0.882,ok,2601,0,0,192.00,452550656,597405696,114090264,95883264,18123768,2904,7449760,22132800,1261570,4848,4848,0,0,0,0,0,0,0,0,0.068,0.073,0.000,0,0,0,4848,4848,0,0
travel,22.864,548.6,516.428,516.428,fly,0.843,ok,2601,0,0,192.00,452550656,597405696,114090264,95883264,18123768,2904,7449760,22132800,1261570,4848,4848,0,0,0,0,0,0,0,0,0.067,0.068,0.000,0,0,0,4848,4848,0,0
travel,22.895,549.3,516.946,516.946,fly,0.870,ok,2601,0,0,192.00,452550656,597405696,114090264,95883264,18123768,2904,7449760,22132800,1261570,4848,4848,0,0,0,0,0,0,0,0,0.066,0.074,0.000,0,0,0,4848,4848,0,0
travel,22.925,550.1,517.469,517.469,fly,0.860,ok,2601,0,0,192.00,452550656,597405696,114090264,95883264,18123768,2904,7449760,22132800,1261570,4848,4848,0,0,0,0,0,0,0,0,0.066,0.067,0.000,0,0,0,4848,4848,0,0
travel,22.956,550.8,517.985,517.985,fly,1.095,ok,2601,0,0,192.00,452550656,597405696,114090264,95883264,18123768,2904,7449760,22132800,1261570,4848,4848,0,0,0,0,0,0,0,0,0.178,0.115,0.000,0,0,0,4848,4848,0,0
travel,22.986,551.5,518.502,518.502,fly,0.863,ok,2601,0,0,192.00,452550656,597405696,114090264,95883264,18123768,2904,7449760,22132800,1261570,4848,4848,0,0,0,0,0,0,0,0,0.066,0.070,0.000,0,0,0,4848,4848,0,0
travel,23.016,552.3,519.014,519.014,fly,0.906,ok,2601,0,0,192.00,452550656,597405696,114090264,95883264,18123768,2904,7449760,22132800,1261570,4848,4848,0,0,0,0,0,0,0,0,0.065,0.068,0.000,0,0,0,4848,4848,0,0
travel,23.047,553.0,519.526,519.526,fly,1.228,ok,2601,0,0,192.00,452550656,597405696,114090264,95883264,18123768,2904,7449760,22132800,1261570,4848,4848,0,0,0,0,0,0,0,0,0.431,0.066,0.000,0,0,0,4848,4848,0,0
travel,23.083,553.9,520.147,520.147,fly,2.902,ok,2601,0,157,192.00,452550656,597405696,114090264,95883264,18123768,2904,11174640,13941072,1279516,4949,4949,27,0,55,27,27,0,0,0,0.198,0.081,0.000,0,0,0,4949,4949,0,0
travel,23.116,554.6,520.695,520.695,fly,0.866,ok,2601,0,0,192.00,452550656,597405696,114090264,95883264,18123768,2904,11174640,22132800,1316846,4949,4949,0,0,0,0,0,0,0,0,0.067,0.069,0.000,0,0,0,4949,4949,0,0
travel,23.146,555.4,521.212,521.212,fly,0.876,ok,2601,0,0,192.00,452550656,597405696,114090264,95883264,18123768,2904,11174640,22132800,1316846,4949,4949,0,0,0,0,0,0,0,0,0.066,0.076,0.000,0,0,0,4949,4949,0,0
travel,23.176,556.1,521.726,521.726,fly,0.869,ok,2601,0,0,192.00,452550656,597405696,114090264,95883264,18123768,2904,11174640,22132800,1316846,4949,4949,0,0,0,0,0,0,0,0,0.068,0.070,0.000,0,0,0,4949,4949,0,0
travel,23.207,556.8,522.242,522.242,fly,0.869,ok,2601,0,0,192.00,452550656,597405696,114090264,95883264,18123768,2904,11174640,22132800,1316846,4949,4949,0,0,0,0,0,0,0,0,0.067,0.066,0.000,0,0,0,4949,4949,0,0
travel,23.238,557.6,522.770,522.770,fly,0.864,ok,2601,0,0,192.00,452550656,597405696,114090264,95883264,18123768,2904,7449760,22132800,1316846,4949,4949,0,0,0,0,0,0,0,0,0.066,0.068,0.000,0,0,0,4949,4949,0,0
travel,23.268,558.3,523.280,523.280,fly,0.985,ok,2601,0,0,192.00,452550656,597405696,114090264,95883264,18123768,2904,7449760,22132800,1316846,4949,4949,0,0,0,0,0,0,0,0,0.182,0.070,0.000,0,0,0,4949,4949,0,0
travel,23.298,559.0,523.797,523.797,fly,0.996,ok,2601,0,0,192.00,452550656,597405696,114090264,95883264,18123768,2904,7449760,22132800,1316846,4949,4949,0,0,0,0,0,0,0,0,0.071,0.099,0.000,0,0,0,4949,4949,0,0
travel,23.329,559.8,524.321,524.321,fly,0.845,ok,2601,0,0,192.00,452550656,597405696,114090264,95883264,18123768,2904,7449760,22132800,1316846,4949,4949,0,0,0,0,0,0,0,0,0.064,0.069,0.000,0,0,0,4949,4949,0,0
travel,23.360,560.5,524.838,524.838,fly,1.168,ok,2601,0,0,192.00,452550656,597405696,114090264,95883264,18123768,2904,7449760,22132800,1316846,4949,4949,0,0,0,0,0,0,0,0,0.386,0.070,0.000,0,0,0,4949,4949,0,0
travel,23.391,561.3,525.365,525.365,fly,0.850,ok,2601,0,0,192.00,452550656,597405696,114090264,95883264,18123768,2904,7449760,22132800,1316846,4949,4949,0,0,0,0,0,0,0,0,0.065,0.073,0.000,0,0,0,4949,4949,0,0
travel,23.422,562.0,525.896,525.896,fly,0.877,ok,2601,0,0,192.00,452550656,597405696,114090264,95883264,18123768,2904,7449760,22132800,1316846,4949,4949,0,0,0,0,0,0,0,0,0.065,0.073,0.000,0,0,0,4949,4949,0,0
travel,23.453,562.7,526.415,526.415,fly,0.985,ok,2601,0,0,192.00,452550656,597405696,114090264,95883264,18123768,2904,7449760,22132800,1316846,4949,4949,0,0,0,0,0,0,0,0,0.069,0.098,0.000,0,0,0,4949,4949,0,0
travel,23.483,563.5,526.933,526.933,fly,0.883,ok,2601,0,0,192.00,452550656,597405696,114090264,95883264,18123768,2904,7449760,22132800,1316846,4949,4949,0,0,0,0,0,0,0,0,0.066,0.071,0.000,0,0,0,4949,4949,0,0
travel,23.513,564.2,527.445,527.445,fly,0.854,ok,2601,0,0,192.00,452550656,597405696,114090264,95883264,18123768,2904,7449760,22132800,1316846,4949,4949,0,0,0,0,0,0,0,0,0.066,0.066,0.000,0,0,0,4949,4949,0,0
travel,23.544,564.9,527.964,527.964,fly,0.885,ok,2601,0,0,192.00,452550656,597405696,114090264,95883264,18123768,2904,7449760,22132800,1316846,4949,4949,0,0,0,0,0,0,0,0,0.065,0.074,0.000,0,0,0,4949,4949,0,0
travel,23.584,565.9,528.642,528.642,fly,0.870,ok,2601,0,0,192.00,452550656,597405696,114090264,95883264,18123768,2904,11174640,22132800,1371446,5050,5050,0,0,7,0,0,0,0,0,0.067,0.071,0.000,0,0,0,5050,5050,0,0
travel,23.615,566.6,529.160,529.160,fly,0.843,ok,2601,0,0,192.00,452550656,597405696,114090264,95883264,18123768,2904,11174640,22132800,1371446,5050,5050,0,0,0,0,0,0,0,0,0.067,0.068,0.000,0,0,0,5050,5050,0,0
travel,23.645,567.3,529.675,529.675,fly,0.849,ok,2601,0,0,192.00,452550656,597405696,114090264,95883264,18123768,2904,11174640,22132800,1371446,5050,5050,0,0,0,0,0,0,0,0,0.065,0.072,0.000,0,0,0,5050,5050,0,0
travel,23.675,568.1,530.192,530.192,fly,0.894,ok,2601,0,0,192.00,452550656,597405696,114090264,95883264,18123768,2904,11174640,22132800,1371446,5050,5050,0,0,0,0,0,0,0,0,0.065,0.122,0.000,0,0,0,5050,5050,0,0
travel,23.706,568.8,530.705,530.705,fly,0.864,ok,2601,0,0,192.00,452550656,597405696,114090264,95883264,18123768,2904,7449760,22132800,1371446,5050,5050,0,0,0,0,0,0,0,0,0.066,0.071,0.000,0,0,0,5050,5050,0,0
travel,23.737,569.6,531.235,531.235,fly,0.867,ok,2601,0,0,192.00,452550656,597405696,114090264,95883264,18123768,2904,7449760,22132800,1371446,5050,5050,0,0,0,0,0,0,0,0,0.067,0.070,0.000,0,0,0,5050,5050,0,0
travel,23.768,570.3,531.757,531.757,fly,0.938,ok,2601,0,0,192.00,452550656,597405696,114090264,95883264,18123768,2904,7449760,22132800,1371446,5050,5050,0,0,0,0,0,0,0,0,0.067,0.144,0.000,0,0,0,5050,5050,0,0
travel,23.798,571.0,532.274,532.274,fly,0.923,ok,2601,0,0,192.00,452550656,597405696,114090264,95883264,18123768,2904,7449760,22132800,1371446,5050,5050,0,0,0,0,0,0,0,0,0.069,0.082,0.000,0,0,0,5050,5050,0,0
travel,23.829,571.8,532.798,532.798,fly,0.868,ok,2601,0,0,192.00,452550656,597405696,114090264,95883264,18123768,2904,7449760,22132800,1371446,5050,5050,0,0,0,0,0,0,0,0,0.067,0.067,0.000,0,0,0,5050,5050,0,0
travel,23.859,572.5,533.311,533.311,fly,0.855,ok,2601,0,0,192.00,452550656,597405696,114090264,95883264,18123768,2904,7449760,22132800,1371446,5050,5050,0,0,0,0,0,0,0,0,0.067,0.066,0.000,0,0,0,5050,5050,0,0
travel,23.890,573.2,533.824,533.824,fly,0.872,ok,2601,0,0,192.00,452550656,597405696,114090264,95883264,18123768,2904,7449760,22132800,1371446,5050,5050,0,0,0,0,0,0,0,0,0.068,0.072,0.000,0,0,0,5050,5050,0,0
travel,23.920,573.9,534.342,534.342,fly,0.976,ok,2601,0,0,192.00,452550656,597405696,114090264,95883264,18123768,2904,7449760,22132800,1371446,5050,5050,0,0,0,0,0,0,0,0,0.067,0.079,0.000,0,0,0,5050,5050,0,0
travel,23.950,574.7,534.854,534.854,fly,0.945,ok,2601,0,0,192.00,452550656,597405696,114090264,95883264,18123768,2904,7449760,22132800,1371446,5050,5050,0,0,0,0,0,0,0,0,0.145,0.072,0.000,0,0,0,5050,5050,0,0
travel,23.981,575.4,535.369,535.369,fly,0.852,ok,2601,0,0,192.00,452616192,597405696,114090264,95883264,18123768,2904,7449760,22132800,1371446,5050,5050,0,0,0,0,0,0,0,0,0.066,0.066,0.000,0,0,0,5050,5050,0,0
travel,24.011,576.1,535.887,535.887,fly,0.972,ok,2601,0,0,192.00,452616192,597405696,114090264,95883264,18123768,2904,7449760,22132800,1371446,5050,5050,0,0,0,0,0,0,0,0,0.141,0.075,0.000,0,0,0,5050,5050,0,0
travel,24.050,577.1,536.542,536.542,fly,0.867,ok,2601,0,40,192.00,452616192,597405696,114090264,95883264,18123768,2904,11174640,20045664,1418399,5151,5151,0,0,2,0,0,0,0,0,0.067,0.068,0.000,0,0,0,5151,5151,0,0
travel,24.080,577.8,537.057,537.057,fly,0.862,ok,2601,0,0,192.00,452616192,597405696,114090264,95883264,18123768,2904,11174640,22132800,1425162,5151,5151,0,0,0,0,0,0,0,0,0.068,0.066,0.000,0,0,0,5151,5151,0,0
travel,24.113,578.6,537.608,537.608,fly,0.845,ok,2601,0,0,192.00,452616192,597405696,114090264,95883264,18123768,2904,11174640,22132800,1425162,5151,5151,0,0,0,0,0,0,0,0,0.068,0.069,0.000,0,0,0,5151,5151,0,0
travel,24.143,579.3,538.120,538.120,fly,0.840,ok,2601,0,0,192.00,452616192,597405696,114090264,95883264,18123768,2904,11174640,22132800,1425162,5151,5151,0,0,0,0,0,0,0,0,0.067,0.068,0.000,0,0,0,5151,5151,0,0
travel,24.174,580.0,538.643,538.643,fly,0.842,ok,2601,0,0,192.00,452616192,597405696,114090264,95883264,18123768,2904,11174640,22132800,1425162,5151,5151,0,0,0,0,0,0,0,0,0.066,0.069,0.000,0,0,0,5151,5151,0,0
travel,24.204,580.7,539.152,539.152,fly,0.837,ok,2601,0,0,192.00,452616192,597405696,114090264,95883264,18123768,2904,7449760,22132800,1425162,5151,5151,0,0,0,0,0,0,0,0,0.066,0.065,0.000,0,0,0,5151,5151,0,0
travel,24.234,581.5,539.662,539.662,fly,1.062,ok,2601,0,0,192.00,452616192,597405696,114090264,95883264,18123768,2904,7449760,22132800,1425162,5151,5151,0,0,0,0,0,0,0,0,0.194,0.109,0.000,0,0,0,5151,5151,0,0
travel,24.264,582.2,540.177,540.177,fly,0.853,ok,2601,0,0,192.00,452616192,597405696,114090264,95883264,18123768,2904,7449760,22132800,1425162,5151,5151,0,0,0,0,0,0,0,0,0.069,0.067,0.000,0,0,0,5151,5151,0,0
travel,24.294,582.9,540.687,540.687,fly,0.859,ok,2601,0,0,192.00,452616192,597405696,114090264,95883264,18123768,2904,7449760,22132800,1425162,5151,5151,0,0,0,0,0,0,0,0,0.066,0.071,0.000,0,0,0,5151,5151,0,0
travel,24.325,583.6,541.203,541.203,fly,0.906,ok,2601,0,0,192.00,452616192,597405696,114090264,95883264,18123768,2904,7449760,22132800,1425162,5151,5151,0,0,0,0,0,0,0,0,0.068,0.086,0.000,0,0,0,5151,5151,0,0
travel,24.355,584.4,541.719,541.719,fly,0.856,ok,2601,0,0,192.00,452616192,597405696,114090264,95883264,18123768,2904,7449760,22132800,1425162,5151,5151,0,0,0,0,0,0,0,0,0.067,0.069,0.000,0,0,0,5151,5151,0,0
travel,24.385,585.1,542.232,542.232,fly,0.851,ok,2601,0,0,192.00,452616192,597405696,114090264,95883264,18123768,2904,7449760,22132800,1425162,5151,5151,0,0,0,0,0,0,0,0,0.064,0.069,0.000,0,0,0,5151,5151,0,0
travel,24.416,585.8,542.747,542.747,fly,0.979,ok,2601,0,0,192.00,452616192,597405696,114090264,95883264,18123768,2904,7449760,22132800,1425162,5151,5151,0,0,0,0,0,0,0,0,0.180,0.068,0.000,0,0,0,5151,5151,0,0
travel,24.446,586.6,543.268,543.268,fly,0.852,ok,2601,0,0,192.00,452616192,597405696,114090264,95883264,18123768,2904,7449760,22132800,1425162,5151,5151,0,0,0,0,0,0,0,0,0.064,0.067,0.000,0,0,0,5151,5151,0,0
travel,24.477,587.3,543.787,543.787,fly,0.954,ok,2601,0,0,192.00,452616192,597405696,114090264,95883264,18123768,2904,7449760,22132800,1425162,5151,5151,0,0,0,0,0,0,0,0,0.067,0.085,0.000,0,0,0,5151,5151,0,0
travel,24.519,588.3,544.499,544.499,fly,0.850,ok,2601,0,65,192.00,452616192,597405696,114090264,95883264,18123768,2904,11174640,18741264,1249852,5252,5252,0,0,6,0,0,0,0,0,0.066,0.070,0.000,0,0,0,5252,5252,0,0
travel,24.549,589.0,545.013,545.013,fly,0.938,ok,2601,0,0,192.00,452616192,597405696,114090264,95883264,18123768,2904,11174640,22132800,1261784,5252,5252,0,0,0,0,0,0,0,0,0.069,0.073,0.000,0,0,0,5252,5252,0,0
travel,24.580,589.8,545.535,545.535,fly,0.854,ok,2601,0,0,192.00,452616192,597405696,114090264,95883264,18123768,2904,11174640,22132800,1261784,5252,5252,0,0,0,0,0,0,0,0,0.067,0.073,0.000,0,0,0,5252,5252,0,0
travel,24.610,590.5,546.045,546.045,fly,0.842,ok,2601,0,0,192.00,452616192,597405696,114090264,95883264,18123768,2904,11174640,22132800,1261784,5252,5252,0,0,0,0,0,0,0,0,0.065,0.066,0.000,0,0,0,5252,5252,0,0
travel,24.640,591.2,546.562,546.562,fly,0.864,ok,2601,0,0,192.00,452616192,597405696,114090264,95883264,18123768,2904,11174640,22132800,1261784,5252,5252,0,0,0,0,0,0,0,0,0.067,0.068,0.000,0,0,0,5252,5252,0,0
travel,24.671,592.0,547.075,547.075,fly,0.854,ok,2601,0,0,192.00,452616192,597405696,114090264,95883264,18123768,2904,7449760,22132800,1261784,5252,5252,0,0,0,0,0,0,0,0,0.066,0.065,0.000,0,0,0,5252,5252,0,0
travel,24.701,592.7,547.588,547.588,fly,0.912,ok,2601,0,0,192.00,452616192,597405696,114090264,95883264,18123768,2904,7449760,22132800,1261784,5252,5252,0,0,0,0,0,0,0,0,0.067,0.078,0.000,0,0,0,5252,5252,0,0
travel,24.731,593.4,548.097,548.097,fly,0.846,ok,2601,0,0,192.00,452616192,597405696,114090264,95883264,18123768,2904,7449760,22132800,1261784,5252,5252,0,0,0,0,0,0,0,0,0.065,0.065,0.000,0,0,0,5252,5252,0,0
travel,24.762,594.1,548.617,548.617,fly,0.863,ok,2601,0,0,192.00,452616192,597405696,114090264,95883264,18123768,2904,7449760,22132800,1261784,5252,5252,0,0,0,0,0,0,0,0,0.066,0.067,0.000,0,0,0,5252,5252,0,0
travel,24.792,594.9,549.136,549.136,fly,0.876,ok,2601,0,0,192.00,452616192,597405696,114090264,95883264,18123768,2904,7449760,22132800,1261784,5252,5252,0,0,0,0,0,0,0,0,0.067,0.073,0.000,0,0,0,5252,5252,0,0
travel,24.822,595.6,549.649,549.649,fly,0.872,ok,2601,0,0,192.00,452616192,597405696,114090264,95883264,18123768,2904,7449760,22132800,1261784,5252,5252,0,0,0,0,0,0,0,0,0.066,0.074,0.000,0,0,0,5252,5252,0,0
travel,24.853,596.3,550.166,550.166,fly,0.856,ok,2601,0,0,192.00,452616192,597405696,114090264,95883264,18123768,2904,7449760,22132800,1261784,5252,5252,0,0,0,0,0,0,0,0,0.066,0.067,0.000,0,0,0,5252,5252,0,0
travel,24.883,597.0,550.675,550.675,fly,0.861,ok,2601,0,0,192.00,452616192,597405696,114090264,95883264,18123768,2904,7449760,22132800,1261784,5252,5252,0,0,0,0,0,0,0,0,0.067,0.066,0.000,0,0,0,5252,5252,0,0
travel,24.913,597.8,551.184,551.184,fly,0.849,ok,2601,0,0,192.00,452616192,597405696,114090264,95883264,18123768,2904,7449760,22132800,1261784,5252,5252,0,0,0,0,0,0,0,0,0.066,0.066,0.000,0,0,0,5252,5252,0,0
travel,24.943,598.5,551.698,551.698,fly,0.890,ok,2601,0,0,192.00,452616192,597405696,114090264,95883264,18123768,2904,7449760,22132800,1261784,5252,5252,0,0,0,0,0,0,0,0,0.067,0.074,0.000,0,0,0,5252,5252,0,0
travel,24.982,599.4,552.349,552.349,fly,0.878,ok,2601,0,91,192.00,452616192,597405696,114090264,95883264,18123768,2904,11174640,17384688,1298889,5353,5353,0,0,4,0,0,0,0,0,0.069,0.074,0.000,0,0,0,5353,5353,0,0
travel,25.013,600.2,552.874,552.874,fly,1.059,ok,2601,0,0,192.00,452616192,597405696,114090264,95883264,18123768,2904,11174640,22132800,1318588,5353,5353,0,0,0,0,0,0,0,0,0.145,0.094,0.000,0,0,0,5353,5353,0,0
travel,25.043,600.9,553.392,553.392,fly,0.847,ok,2601,0,0,192.00,452616192,597405696,114090264,95883264,18123768,2904,11174640,22132800,1318588,5353,5353,0,0,0,0,0,0,0,0,0.067,0.065,0.000,0,0,0,5353,5353,0,0
travel,25.074,601.6,553.911,553.911,fly,0.863,ok,2601,0,0,192.00,452616192,597405696,114090264,95883264,18123768,2904,11174640,22132800,1318588,5353,5353,0,0,0,0,0,0,0,0,0.067,0.075,0.000,0,0,0,5353,5353,0,0
travel,25.104,602.4,554.429,554.429,fly,0.942,ok,2601,0,0,192.00,452616192,597405696,114090264,95883264,18123768,2904,11174640,22132800,1318588,5353,5353,0,0,0,0,0,0,0,0,0.137,0.071,0.000,0,0,0,5353,5353,0,0
travel,25.135,603.1,554.944,554.944,fly,0.858,ok,2601,0,0,192.00,452616192,597405696,114090264,95883264,18123768,2904,7449760,22132800,1318588,5353,5353,0,0,0,0,0,0,0,0,0.067,0.069,0.000,0,0,0,5353,5353,0,0
travel,25.165,603.8,555.466,555.466,fly,0.858,ok,2601,0,0,192.00,452616192,597405696,114090264,95883264,18123768,2904,7449760,22132800,1318588,5353,5353,0,0,0,0,0,0,0,0,0.067,0.070,0.000,0,0,0,5353,5353,0,0
travel,25.196,604.5,555.979,555.979,fly,0.851,ok,2601,0,0,192.00,452616192,597405696,114090264,95883264,18123768,2904,7449760,22132800,1318588,5353,5353,0,0,0,0,0,0,0,0,0.066,0.067,0.000,0,0,0,5353,5353,0,0
travel,25.226,605.3,556.498,556.498,fly,1.239,ok,2601,0,0,192.00,452616192,597405696,114090264,95883264,18123768,2904,7449760,22132800,1318588,5353,5353,0,0,0,0,0,0,0,0,0.080,0.134,0.000,0,0,0,5353,5353,0,0
travel,25.257,606.0,557.012,557.012,fly,0.903,ok,2601,0,0,192.00,452616192,597405696,114090264,95883264,18123768,2904,7449760,22132800,1318588,5353,5353,0,0,0,0,0,0,0,0,0.072,0.068,0.000,0,0,0,5353,5353,0,0
travel,25.287,606.7,557.526,557.526,fly,0.939,ok,2601,0,0,192.00,452616192,597405696,114090264,95883264,18123768,2904,7449760,22132800,1318588,5353,5353,0,0,0,0,0,0,0,0,0.145,0.078,0.000,0,0,0,5353,5353,0,0
travel,25.317,607.5,558.041,558.041,fly,0.854,ok,2601,0,0,192.00,452616192,597405696,114090264,95883264,18123768,2904,7449760,22132800,1318588,5353,5353,0,0,0,0,0,0,0,0,0.064,0.072,0.000,0,0,0,5353,5353,0,0
travel,25.347,608.2,558.550,558.550,fly,0.861,ok,2601,0,0,192.00,452616192,597405696,114090264,95883264,18123768,2904,7449760,22132800,1318588,5353,5353,0,0,0,0,0,0,0,0,0.065,0.071,0.000,0,0,0,5353,5353,0,0
travel,25.378,608.9,559.070,559.070,fly,0.857,ok,2601,0,0,192.00,452616192,597405696,114090264,95883264,18123768,2904,7449760,22132800,1318588,5353,5353,0,0,0,0,0,0,0,0,0.065,0.070,0.000,0,0,0,5353,5353,0,0
travel,25.408,609.6,559.579,559.579,fly,0.862,ok,2601,0,0,192.00,452616192,597405696,114090264,95883264,18123768,2904,7449760,22132800,1318588,5353,5353,0,0,0,0,0,0,0,0,0.065,0.068,0.000,0,0,0,5353,5353,0,0
travel,25.447,610.6,560.241,560.241,fly,0.865,ok,2601,0,139,192.00,452616192,597405696,114090264,95883264,18123768,2904,11174640,14932416,1341965,5454,5454,0,0,2,0,0,0,0,0,0.067,0.069,0.000,0,0,0,5454,5454,0,0
travel,25.477,611.3,560.752,560.752,fly,0.965,ok,2601,0,0,192.00,452616192,597405696,114090264,95883264,18123768,2904,11174640,22132800,1374128,5454,5454,0,0,0,0,0,0,0,0,0.137,0.073,0.000,0,0,0,5454,5454,0,0
travel,25.508,612.0,561.269,561.269,fly,0.869,ok,2601,0,0,192.00,452616192,597405696,114090264,95883264,18123768,2904,11174640,22132800,1374128,5454,5454,0,0,0,0,0,0,0,0,0.067,0.073,0.000,0,0,0,5454,5454,0,0
travel,25.538,612.8,561.780,561.780,fly,0.855,ok,2601,0,0,192.00,452616192,597405696,114090264,95883264,18123768,2904,11174640,22132800,1374128,5454,5454,0,0,0,0,0,0,0,0,0.070,0.066,0.000,0,0,0,5454,5454,0,0
travel,25.568,613.5,562.301,562.301,fly,0.883,ok,2601,0,0,192.00,452616192,597405696,114090264,95883264,18123768,2904,11174640,22132800,1374128,5454,5454,0,0,0,0,0,0,0,0,0.068,0.075,0.000,0,0,0,5454,5454,0,0
travel,25.599,614.2,562.819,562.819,fly,0.853,ok,2601,0,0,192.00,452616192,597405696,114090264,95883264,18123768,2904,7449760,22132800,1374128,5454,5454,0,0,0,0,0,0,0,0,0.066,0.068,0.000,0,0,0,5454,5454,0,0
travel,25.630,615.0,563.341,563.341,fly,0.914,ok,2601,0,0,192.00,452616192,597405696,114090264,95883264,18123768,2904,7449760,22132800,1374128,5454,5454,0,0,0,0,0,0,0,0,0.070,0.086,0.000,0,0,0,5454,5454,0,0
travel,25.661,615.7,563.867,563.867,fly,1.188,ok,2601,0,0,192.00,452616192,597405696,114090264,95883264,18123768,2904,7449760,22132800,1374128,5454,5454,0,0,0,0,0,0,0,0,0.151,0.142,0.000,0,0,0,5454,5454,0,0
travel,25.691,616.4,564.390,564.390,fly,0.865,ok,2601,0,0,192.00,452616192,597405696,114090264,95883264,18123768,2904,7449760,22132800,1374128,5454,5454,0,0,0,0,0,0,0,0,0.067,0.066,0.000,0,0,0,5454,5454,0,0
travel,25.722,617.2,564.903,564.903,fly,0.841,ok,2601,0,0,192.00,452616192,597405696,114090264,95883264,18123768,2904,7449760,22132800,1374128,5454,5454,0,0,0,0,0,0,0,0,0.066,0.066,0.000,0,0,0,5454,5454,0,0
travel,25.752,617.9,565.423,565.423,fly,0.844,ok,2601,0,0,192.00,452616192,597405696,114090264,95883264,18123768,2904,7449760,22132800,1374128,5454,5454,0,0,0,0,0,0,0,0,0.066,0.071,0.000,0,0,0,5454,5454,0,0
travel,25.783,618.6,565.944,565.944,fly,0.907,ok,2601,0,0,192.00,452616192,597405696,114090264,95883264,18123768,2904,7449760,22132800,1374128,5454,5454,0,0,0,0,0,0,0,0,0.068,0.079,0.000,0,0,0,5454,5454,0,0
travel,25.814,619.4,566.460,566.460,fly,0.857,ok,2601,0,0,192.00,452616192,597405696,114090264,95883264,18123768,2904,7449760,22132800,1374128,5454,5454,0,0,0,0,0,0,0,0,0.069,0.067,0.000,0,0,0,5454,5454,0,0
travel,25.844,620.1,566.978,566.978,fly,0.916,ok,2601,0,0,192.00,452616192,597405696,114090264,95883264,18123768,2904,7449760,22132800,1374128,5454,5454,0,0,0,0,0,0,0,0,0.117,0.072,0.000,0,0,0,5454,5454,0,0
travel,25.874,620.8,567.491,567.491,fly,0.884,ok,2601,0,0,192.00,452616192,597405696,114090264,95883264,18123768,2904,7449760,22132800,1374128,5454,5454,0,0,0,0,0,0,0,0,0.068,0.075,0.000,0,0,0,5454,5454,0,0
travel,25.910,621.7,568.093,568.093,fly,3.793,ok,2554,47,181,192.00,452616192,597405696,112028656,94150656,17796272,2904,11174640,15142248,1384332,5508,5555,23,0,32,23,23,0,0,0,0.080,0.107,0.000,0,0,0,5508,5508,0,0
travel,25.947,622.6,568.730,568.730,fly,0.898,ok,2601,0,4,192.00,452616192,597405696,114090264,95883264,18123768,2904,11174640,21924000,1428612,5555,5555,0,0,7,0,0,0,0,0,0.072,0.078,0.000,0,0,0,5555,5555,0,0
travel,25.978,623.3,569.244,569.244,fly,0.851,ok,2601,0,0,192.00,452616192,597405696,114090264,95883264,18123768,2904,11174640,22132800,1428612,5555,5555,0,0,0,0,0,0,0,0,0.067,0.066,0.000,0,0,0,5555,5555,0,0
travel,26.008,624.0,569.764,569.764,fly,0.860,ok,2601,0,0,192.00,452616192,597405696,114090264,95883264,18123768,2904,11174640,22132800,1428612,5555,5555,0,0,0,0,0,0,0,0,0.068,0.069,0.000,0,0,0,5555,5555,0,0
travel,26.039,624.8,570.277,570.277,fly,0.863,ok,2601,0,0,192.00,452616192,597405696,114090264,95883264,18123768,2904,11174640,22132800,1428612,5555,5555,0,0,0,0,0,0,0,0,0.069,0.067,0.000,0,0,0,5555,5555,0,0
travel,26.069,625.5,570.795,570.795,fly,0.888,ok,2601,0,0,192.00,452616192,597405696,114090264,95883264,18123768,2904,7449760,22132800,1428612,5555,5555,0,0,0,0,0,0,0,0,0.068,0.070,0.000,0,0,0,5555,5555,0,0
travel,26.099,626.2,571.310,571.310,fly,0.975,ok,2601,0,0,192.00,452616192,597405696,114090264,95883264,18123768,2904,7449760,22132800,1428612,5555,5555,0,0,0,0,0,0,0,0,0.145,0.078,0.000,0,0,0,5555,5555,0,0
travel,26.130,627.0,571.827,571.827,fly,0.858,ok,2601,0,0,192.00,452616192,597405696,114090264,95883264,18123768,2904,7449760,22132800,1428612,5555,5555,0,0,0,0,0,0,0,0,0.068,0.066,0.000,0,0,0,5555,5555,0,0
travel,26.160,627.7,572.343,572.343,fly,1.008,ok,2601,0,0,192.00,452616192,597405696,114090264,95883264,18123768,2904,7449760,22132800,1428612,5555,5555,0,0,0,0,0,0,0,0,0.207,0.071,0.000,0,0,0,5555,5555,0,0
travel,26.191,628.4,572.858,572.858,fly,0.866,ok,2601,0,0,192.00,452616192,597405696,114090264,95883264,18123768,2904,7449760,22132800,1428612,5555,5555,0,0,0,0,0,0,0,0,0.067,0.072,0.000,0,0,0,5555,5555,0,0
travel,26.221,629.2,573.376,573.376,fly,0.842,ok,2601,0,0,192.00,452616192,597405696,114090264,95883264,18123768,2904,7449760,22132800,1428612,5555,5555,0,0,0,0,0,0,0,0,0.067,0.066,0.000,0,0,0,5555,5555,0,0
travel,26.252,629.9,573.905,573.905,fly,0.858,ok,2601,0,0,192.00,452616192,597405696,114090264,95883264,18123768,2904,7449760,22132800,1428612,5555,5555,0,0,0,0,0,0,0,0,0.066,0.069,0.000,0,0,0,5555,5555,0,0
travel,26.283,630.6,574.420,574.420,fly,0.856,ok,2601,0,0,192.00,452616192,597405696,114090264,95883264,18123768,2904,7449760,22132800,1428612,5555,5555,0,0,0,0,0,0,0,0,0.068,0.068,0.000,0,0,0,5555,5555,0,0
travel,26.313,631.4,574.935,574.935,fly,0.856,ok,2601,0,0,192.00,452616192,597405696,114090264,95883264,18123768,2904,7449760,22132800,1428612,5555,5555,0,0,0,0,0,0,0,0,0.066,0.068,0.000,0,0,0,5555,5555,0,0
travel,26.344,632.1,575.453,575.453,fly,0.857,ok,2601,0,0,192.00,452616192,597405696,114090264,95883264,18123768,2904,7449760,22132800,1428612,5555,5555,0,0,0,0,0,0,0,0,0.066,0.068,0.000,0,0,0,5555,5555,0,0
travel,26.374,632.8,575.972,575.972,fly,0.851,ok,2601,0,0,192.00,452616192,597405696,114090264,95883264,18123768,2904,7449760,22132800,1428612,5555,5555,0,0,0,0,0,0,0,0,0.066,0.067,0.000,0,0,0,5555,5555,0,0
travel,26.413,633.8,576.634,576.634,fly,0.881,ok,2601,0,3,192.00,452616192,597405696,114090264,95883264,18123768,2904,11174640,21976200,1265749,5656,5656,0,0,7,0,0,0,0,0,0.069,0.070,0.000,0,0,0,5656,5656,0,0
travel,26.444,634.5,577.154,577.154,fly,0.838,ok,2601,0,0,192.00,452616192,597405696,114090264,95883264,18123768,2904,11174640,22132800,1265761,5656,5656,0,0,0,0,0,0,0,0,0.068,0.069,0.000,0,0,0,5656,5656,0,0
travel,26.474,635.2,577.668,577.668,fly,0.841,ok,2601,0,0,192.00,452616192,597405696,114090264,95883264,18123768,2904,11174640,22132800,1265761,5656,5656,0,0,0,0,0,0,0,0,0.068,0.067,0.000,0,0,0,5656,5656,0,0
travel,26.504,635.9,578.180,578.180,fly,0.843,ok,2601,0,0,192.00,452616192,597405696,114090264,95883264,18123768,2904,11174640,22132800,1265761,5656,5656,0,0,0,0,0,0,0,0,0.068,0.069,0.000,0,0,0,5656,5656,0,0
travel,26.535,636.7,578.694,578.694,fly,0.926,ok,2601,0,0,192.00,452616192,597405696,114090264,95883264,18123768,2904,7449760,22132800,1265761,5656,5656,0,0,0,0,0,0,0,0,0.142,0.067,0.000,0,0,0,5656,5656,0,0
travel,26.565,637.4,579.204,579.204,fly,0.846,ok,2601,0,0,192.00,452616192,597405696,114090264,95883264,18123768,2904,7449760,22132800,1265761,5656,5656,0,0,0,0,0,0,0,0,0.068,0.068,0.000,0,0,0,5656,5656,0,0
travel,26.595,638.1,579.713,579.713,fly,0.831,ok,2601,0,0,192.00,452616192,597405696,114090264,95883264,18123768,2904,7449760,22132800,1265761,5656,5656,0,0,0,0,0,0,0,0,0.068,0.065,0.000,0,0,0,5656,5656,0,0
travel,26.625,638.8,580.228,580.228,fly,0.835,ok,2601,0,0,192.00,452616192,597405696,114090264,95883264,18123768,2904,7449760,22132800,1265761,5656,5656,0,0,0,0,0,0,0,0,0.067,0.065,0.000,0,0,0,5656,5656,0,0
travel,26.655,639.6,580.742,580.742,fly,0.895,ok,2601,0,0,192.00,452616192,597405696,114090264,95883264,18123768,2904,7449760,22132800,1265761,5656,5656,0,0,0,0,0,0,0,0,0.069,0.076,0.000,0,0,0,5656,5656,0,0
travel,26.686,640.3,581.258,581.258,fly,0.889,ok,2601,0,0,192.00,452616192,597405696,114090264,95883264,18123768,2904,7449760,22132800,1265761,5656,5656,0,0,0,0,0,0,0,0,0.072,0.071,0.000,0,0,0,5656,5656,0,0
travel,26.717,641.0,581.781,581.781,fly,0.911,ok,2601,0,0,192.00,452616192,597405696,114090264,95883264,18123768,2904,7449760,22132800,1265761,5656,5656,0,0,0,0,0,0,0,0,0.069,0.081,0.000,0,0,0,5656,5656,0,0
travel,26.747,641.8,582.299,582.299,fly,0.858,ok,2601,0,0,192.00,452616192,597405696,114090264,95883264,18123768,2904,7449760,22132800,1265761,5656,5656,0,0,0,0,0,0,0,0,0.068,0.068,0.000,0,0,0,5656,5656,0,0
travel,26.779,642.5,582.831,582.831,fly,0.859,ok,2601,0,0,192.00,452616192,597405696,114090264,95883264,18123768,2904,7449760,22132800,1265761,5656,5656,0,0,0,0,0,0,0,0,0.067,0.069,0.000,0,0,0,5656,5656,0,0
travel,26.810,643.3,583.355,583.355,fly,0.896,ok,2601,0,0,192.00,452616192,597405696,114090264,95883264,18123768,2904,7449760,22132800,1265761,5656,5656,0,0,0,0,0,0,0,0,0.069,0.074,0.000,0,0,0,5656,5656,0,0
travel,26.840,644.0,583.873,583.873,fly,0.853,ok,2601,0,0,192.00,452616192,597405696,114090264,95883264,18123768,2904,7449760,22132800,1265761,5656,5656,0,0,0,0,0,0,0,0,0.067,0.069,0.000,0,0,0,5656,5656,0,0
travel,26.879,644.9,584.538,584.538,fly,0.898,ok,2601,0,17,192.00,452616192,597405696,114090264,95883264,18123768,2904,11174640,21245712,1318550,5757,5757,0,0,10,0,0,0,0,0,0.071,0.075,0.000,0,0,0,5757,5757,0,0
travel,26.910,645.7,585.057,585.057,fly,1.006,ok,2601,0,0,192.00,452616192,597405696,114090264,95883264,18123768,2904,11174640,22132800,1321129,5757,5757,0,0,0,0,0,0,0,0,0.080,0.111,0.000,0,0,0,5757,5757,0,0
travel,26.940,646.4,585.573,585.573,fly,0.882,ok,2601,0,0,192.00,452616192,597405696,114090264,95883264,18123768,2904,11174640,22132800,1321129,5757,5757,0,0,0,0,0,0,0,0,0.070,0.073,0.000,0,0,0,5757,5757,0,0
travel,26.971,647.1,586.088,586.088,fly,1.002,ok,2601,0,0,192.00,452616192,597405696,114090264,95883264,18123768,2904,11174640,22132800,1321129,5757,5757,0,0,0,0,0,0,0,0,0.184,0.086,0.000,0,0,0,5757,5757,0,0
travel,27.001,647.9,586.609,586.609,fly,0.860,ok,2601,0,0,192.00,452616192,597405696,114090264,95883264,18123768,2904,11174640,22132800,1321129,5757,5757,0,0,0,0,0,0,0,0,0.070,0.068,0.000,0,0,0,5757,5757,0,0
travel,27.032,648.6,587.122,587.122,fly,0.943,ok,2601,0,0,192.00,452616192,597405696,114090264,95883264,18123768,2904,7449760,22132800,1321129,5757,5757,0,0,0,0,0,0,0,0,0.144,0.068,0.000,0,0,0,5757,5757,0,0
travel,27.062,649.3,587.637,587.637,fly,0.853,ok,2601,0,0,192.00,452616192,597405696,114090264,95883264,18123768,2904,7449760,22132800,1321129,5757,5757,0,0,0,0,0,0,0,0,0.068,0.067,0.000,0,0,0,5757,5757,0,0
travel,27.092,650.0,588.154,588.154,fly,0.869,ok,2601,0,0,192.00,452616192,597405696,114090264,95883264,18123768,2904,7449760,22132800,1321129,5757,5757,0,0,0,0,0,0,0,0,0.068,0.069,0.000,0,0,0,5757,5757,0,0
travel,27.123,650.8,588.669,588.669,fly,0.859,ok,2601,0,0,192.00,452616192,597405696,114090264,95883264,18123768,2904,7449760,22132800,1321129,5757,5757,0,0,0,0,0,0,0,0,0.066,0.068,0.000,0,0,0,5757,5757,0,0
travel,27.154,651.5,589.190,589.190,fly,0.865,ok,2601,0,0,192.00,452616192,597405696,114090264,95883264,18123768,2904,7449760,22132800,1321129,5757,5757,0,0,0,0,0,0,0,0,0.067,0.072,0.000,0,0,0,5757,5757,0,0
travel,27.184,652.2,589.709,589.709,fly,0.855,ok,2601,0,0,192.00,452616192,597405696,114090264,95883264,18123768,2904,7449760,22132800,1321129,5757,5757,0,0,0,0,0,0,0,0,0.067,0.068,0.000,0,0,0,5757,5757,0,0
travel,27.214,653.0,590.222,590.222,fly,0.858,ok,2601,0,0,192.00,452616192,597405696,114090264,95883264,18123768,2904,7449760,22132800,1321129,5757,5757,0,0,0,0,0,0,0,0,0.068,0.069,0.000,0,0,0,5757,5757,0,0
travel,27.245,653.7,590.734,590.734,fly,0.861,ok,2601,0,0,192.00,452616192,597405696,114090264,95883264,18123768,2904,7449760,22132800,1321129,5757,5757,0,0,0,0,0,0,0,0,0.067,0.069,0.000,0,0,0,5757,5757,0,0
travel,27.275,654.4,591.244,591.244,fly,0.859,ok,2601,0,0,192.00,452616192,597405696,114090264,95883264,18123768,2904,7449760,22132800,1321129,5757,5757,0,0,0,0,0,0,0,0,0.067,0.067,0.000,0,0,0,5757,5757,0,0
travel,27.305,655.1,591.756,591.756,fly,0.853,ok,2601,0,0,192.00,452616192,597405696,114090264,95883264,18123768,2904,7449760,22132800,1321129,5757,5757,0,0,0,0,0,0,0,0,0.066,0.068,0.000,0,0,0,5757,5757,0,0
travel,27.345,656.1,592.430,592.430,fly,1.089,ok,2601,0,67,192.00,452616192,597405696,114090264,95883264,18123768,2904,11174640,18636912,1362481,5858,5858,0,0,7,0,0,0,0,0,0.079,0.207,0.000,0,0,0,5858,5858,0,0
travel,27.375,656.8,592.950,592.950,fly,0.885,ok,2601,0,0,192.00,452616192,597405696,114090264,95883264,18123768,2904,11174640,22132800,1374645,5858,5858,0,0,0,0,0,0,0,0,0.070,0.073,0.000,0,0,0,5858,5858,0,0
travel,27.406,657.6,593.468,593.468,fly,0.888,ok,2601,0,0,192.00,452616192,597405696,114090264,95883264,18123768,2904,11174640,22132800,1374645,5858,5858,0,0,0,0,0,0,0,0,0.069,0.074,0.000,0,0,0,5858,5858,0,0
travel,27.436,658.3,593.984,593.984,fly,0.864,ok,2601,0,0,192.00,452616192,597405696,114090264,95883264,18123768,2904,11174640,22132800,1374645,5858,5858,0,0,0,0,0,0,0,0,0.070,0.069,0.000,0,0,0,5858,5858,0,0
travel,27.467,659.0,594.499,594.499,fly,0.868,ok,2601,0,0,192.00,452616192,597405696,114090264,95883264,18123768,2904,11174640,22132800,1374645,5858,5858,0,0,0,0,0,0,0,0,0.069,0.071,0.000,0,0,0,5858,5858,0,0
travel,27.497,659.7,595.011,595.011,fly,0.908,ok,2601,0,0,192.00,452616192,597405696,114090264,95883264,18123768,2904,7449760,22132800,1374645,5858,5858,0,0,0,0,0,0,0,0,0.069,0.069,0.000,0,0,0,5858,5858,0,0
travel,27.527,660.5,595.527,595.527,fly,0.977,ok,2601,0,0,192.00,452616192,597405696,114090264,95883264,18123768,2904,7449760,22132800,1374645,5858,5858,0,0,0,0,0,0,0,0,0.183,0.070,0.000,0,0,0,5858,5858,0,0
travel,27.558,661.2,596.044,596.044,fly,0.857,ok,2601,0,0,192.00,452616192,597405696,114090264,95883264,18123768,2904,7449760,22132800,1374645,5858,5858,0,0,0,0,0,0,0,0,0.068,0.068,0.000,0,0,0,5858,5858,0,0
travel,27.588,661.9,596.568,596.568,fly,0.890,ok,2601,0,0,192.00,452616192,597405696,114090264,95883264,18123768,2904,7449760,22132800,1374645,5858,5858,0,0,0,0,0,0,0,0,0.071,0.079,0.000,0,0,0,5858,5858,0,0
travel,27.619,662.7,597.078,597.078,fly,0.860,ok,2601,0,0,192.00,452616192,597405696,114090264,95883264,18123768,2904,7449760,22132800,1374645,5858,5858,0,0,0,0,0,0,0,0,0.067,0.068,0.000,0,0,0,5858,5858,0,0
travel,27.649,663.4,597.596,597.596,fly,0.868,ok,2601,0,0,192.00,452616192,597405696,114090264,95883264,18123768,2904,7449760,22132800,1374645,5858,5858,0,0,0,0,0,0,0,0,0.068,0.068,0.000,0,0,0,5858,5858,0,0
travel,27.679,664.1,598.106,598.106,fly,0.859,ok,2601,0,0,192.00,452616192,597405696,114090264,95883264,18123768,2904,7449760,22132800,1374645,5858,5858,0,0,0,0,0,0,0,0,0.067,0.069,0.000,0,0,0,5858,5858,0,0
travel,27.710,664.9,598.623,598.623,fly,0.984,ok,2601,0,0,192.00,452616192,597405696,114090264,95883264,18123768,2904,7449760,22132800,1374645,5858,5858,0,0,0,0,0,0,0,0,0.078,0.110,0.000,0,0,0,5858,5858,0,0
travel,27.740,665.6,599.146,599.146,fly,0.847,ok,2601,0,0,192.00,452616192,597405696,114090264,95883264,18123768,2904,7449760,22132800,1374645,5858,5858,0,0,0,0,0,0,0,0,0.068,0.067,0.000,0,0,0,5858,5858,0,0
travel,27.771,666.3,599.664,599.664,fly,0.855,ok,2601,0,0,192.00,452616192,597405696,114090264,95883264,18123768,2904,7449760,22132800,1374645,5858,5858,0,0,0,0,0,0,0,0,0.067,0.066,0.000,0,0,0,5858,5858,0,0
travel,27.810,667.3,600.328,600.328,fly,0.880,ok,2601,0,99,192.00,452616192,597405696,114090264,95883264,18123768,2904,11174640,16967280,1409267,5959,5959,0,0,8,0,0,0,0,0,0.073,0.071,0.000,0,0,0,5959,5959,0,0
travel,27.842,668.0,600.864,600.864,fly,0.858,ok,2601,0,0,192.00,452616192,597405696,114090264,95883264,18123768,2904,11174640,22132800,1429269,5959,5959,0,0,0,0,0,0,0,0,0.071,0.071,0.000,0,0,0,5959,5959,0,0
travel,27.873,668.8,601.388,601.388,fly,0.910,ok,2601,0,0,192.00,452616192,597405696,114090264,95883264,18123768,2904,11174640,22132800,1429269,5959,5959,0,0,0,0,0,0,0,0,0.070,0.079,0.000,0,0,0,5959,5959,0,0
travel,27.904,669.5,601.915,601.915,fly,0.876,ok,2601,0,0,192.00,452616192,597405696,114090264,95883264,18123768,2904,11174640,22132800,1429269,5959,5959,0,0,0,0,0,0,0,0,0.069,0.071,0.000,0,0,0,5959,5959,0,0
travel,27.935,670.3,602.441,602.441,fly,0.966,ok,2601,0,0,192.00,452616192,597405696,114090264,95883264,18123768,2904,11174640,22132800,1429269,5959,5959,0,0,0,0,0,0,0,0,0.143,0.075,0.000,0,0,0,5959,5959,0,0
travel,27.965,671.0,602.957,602.957,fly,0.870,ok,2601,0,0,192.00,452616192,597405696,114090264,95883264,18123768,2904,7449760,22132800,1429269,5959,5959,0,0,0,0,0,0,0,0,0.068,0.069,0.000,0,0,0,5959,5959,0,0
travel,27.996,671.7,603.489,603.489,fly,0.861,ok,2601,0,0,192.00,452616192,597405696,114090264,95883264,18123768,2904,7449760,22132800,1429269,5959,5959,0,0,0,0,0,0,0,0,0.068,0.069,0.000,0,0,0,5959,5959,0,0
travel,28.027,672.5,604.005,604.005,fly,0.934,ok,2601,0,0,192.00,452616192,597405696,114090264,95883264,18123768,2904,7449760,22132800,1429269,5959,5959,0,0,0,0,0,0,0,0,0.072,0.070,0.000,0,0,0,5959,5959,0,0
travel,28.057,673.2,604.515,604.515,fly,0.898,ok,2601,0,0,192.00,452616192,597405696,114090264,95883264,18123768,2904,7449760,22132800,1429269,5959,5959,0,0,0,0,0,0,0,0,0.071,0.072,0.000,0,0,0,5959,5959,0,0
travel,28.087,673.9,605.028,605.028,fly,0.877,ok,2601,0,0,192.00,452616192,597405696,114090264,95883264,18123768,2904,7449760,22132800,1429269,5959,5959,0,0,0,0,0,0,0,0,0.069,0.067,0.000,0,0,0,5959,5959,0,0
travel,28.118,674.6,605.547,605.547,fly,1.070,ok,2601,0,0,192.00,452616192,597405696,114090264,95883264,18123768,2904,7449760,22132800,1429269,5959,5959,0,0,0,0,0,0,0,0,0.204,0.078,0.000,0,0,0,5959,5959,0,0
travel,28.148,675.4,606.063,606.063,fly,0.867,ok,2601,0,0,192.00,452616192,597405696,114090264,95883264,18123768,2904,7449760,22132800,1429269,5959,5959,0,0,0,0,0,0,0,0,0.067,0.069,0.000,0,0,0,5959,5959,0,0
travel,28.179,676.1,606.585,606.585,fly,0.867,ok,2601,0,0,192.00,452616192,597405696,114090264,95883264,18123768,2904,7449760,22132800,1429269,5959,5959,0,0,0,0,0,0,0,0,0.066,0.068,0.000,0,0,0,5959,5959,0,0
travel,28.209,676.8,607.098,607.098,fly,0.860,ok,2601,0,0,192.00,452616192,597405696,114090264,95883264,18123768,2904,7449760,22132800,1429269,5959,5959,0,0,0,0,0,0,0,0,0.068,0.068,0.000,0,0,0,5959,5959,0,0
travel,28.240,677.6,607.611,607.611,fly,0.860,ok,2601,0,0,192.00,452616192,597405696,114090264,95883264,18123768,2904,7449760,22132800,1429269,5959,5959,0,0,0,0,0,0,0,0,0.068,0.067,0.000,0,0,0,5959,5959,0,0
travel,28.279,678.5,608.275,608.275,fly,0.908,ok,2601,0,135,192.00,452616192,597405696,114090264,95883264,18123768,2904,11174640,15088944,1453488,6060,6060,0,0,0,0,0,0,0,0,0.069,0.069,0.000,0,0,0,6060,6060,0,0
travel,28.309,679.2,608.795,608.795,fly,0.864,ok,2601,0,0,192.00,452616192,597405696,114090264,95883264,18123768,2904,11174640,22132800,1265179,6060,6060,0,0,0,0,0,0,0,0,0.069,0.068,0.000,0,0,0,6060,6060,0,0
travel,28.339,680.0,609.307,609.307,fly,0.899,ok,2601,0,0,192.00,452616192,597405696,114090264,95883264,18123768,2904,11174640,22132800,1265179,6060,6060,0,0,0,0,0,0,0,0,0.069,0.081,0.000,0,0,0,6060,6060,0,0
travel,28.370,680.7,609.824,609.824,fly,0.915,ok,2601,0,0,192.00,452616192,597405696,114090264,95883264,18123768,2904,11174640,22132800,1265179,6060,6060,0,0,0,0,0,0,0,0,0.071,0.078,0.000,0,0,0,6060,6060,0,0
travel,28.400,681.4,610.336,610.336,fly,0.856,ok,2601,0,0,192.00,452616192,597405696,114090264,95883264,18123768,2904,11174640,22132800,1265179,6060,6060,0,0,0,0,0,0,0,0,0.069,0.066,0.000,0,0,0,6060,6060,0,0
travel,28.430,682.1,610.848,610.848,fly,0.861,ok,2601,0,0,192.00,452616192,597405696,114090264,95883264,18123768,2904,7449760,22132800,1265179,6060,6060,0,0,0,0,0,0,0,0,0.069,0.067,0.000,0,0,0,6060,6060,0,0
travel,28.461,682.9,611.366,611.366,fly,0.866,ok,2601,0,0,192.00,452616192,597405696,114090264,95883264,18123768,2904,7449760,22132800,1265179,6060,6060,0,0,0,0,0,0,0,0,0.069,0.070,0.000,0,0,0,6060,6060,0,0
travel,28.491,683.6,611.882,611.882,fly,0.887,ok,2601,0,0,192.00,452673536,597430272,114090264,95883264,18123768,2904,7449760,22132800,1265179,6060,6060,0,0,0,0,0,0,0,0,0.071,0.075,0.000,0,0,0,6060,6060,0,0
travel,28.521,684.3,612.392,612.392,fly,1.164,ok,2601,0,0,192.00,452673536,597430272,114090264,95883264,18123768,2904,7449760,22132800,1265179,6060,6060,0,0,0,0,0,0,0,0,0.364,0.072,0.000,0,0,0,6060,6060,0,0
travel,28.552,685.1,612.912,612.912,fly,0.865,ok,2601,0,0,192.00,452673536,597430272,114090264,95883264,18123768,2904,7449760,22132800,1265179,6060,6060,0,0,0,0,0,0,0,0,0.068,0.068,0.000,0,0,0,6060,6060,0,0
travel,28.582,685.8,613.427,613.427,fly,0.937,ok,2601,0,0,192.00,452673536,597430272,114090264,95883264,18123768,2904,7449760,22132800,1265179,6060,6060,0,0,0,0,0,0,0,0,0.138,0.074,0.000,0,0,0,6060,6060,0,0
travel,28.613,686.5,613.950,613.950,fly,0.996,ok,2601,0,0,192.00,452751360,597622784,114090264,95883264,18123768,2904,7449760,22132800,1265179,6060,6060,0,0,0,0,0,0,0,0,0.076,0.105,0.000,0,0,0,6060,6060,0,0
travel,28.643,687.3,614.464,614.464,fly,0.865,ok,2601,0,0,192.00,452751360,597622784,114090264,95883264,18123768,2904,7449760,22132800,1265179,6060,6060,0,0,0,0,0,0,0,0,0.069,0.069,0.000,0,0,0,6060,6060,0,0
travel,28.677,688.1,615.033,615.033,fly,0.866,ok,2601,0,0,192.00,452751360,597622784,114090264,95883264,18123768,2904,7449760,22132800,1265179,6060,6060,0,0,0,0,0,0,0,0,0.069,0.067,0.000,0,0,0,6060,6060,0,0
travel,28.708,688.8,615.559,615.559,fly,0.842,ok,2601,0,0,192.00,452751360,597622784,114090264,95883264,18123768,2904,7449760,22132800,1265179,6060,6060,0,0,0,0,0,0,0,0,0.068,0.064,0.000,0,0,0,6060,6060,0,0
travel,28.747,689.7,616.217,616.217,fly,0.886,ok,2601,0,142,192.00,452820992,597757952,114090264,95883264,18123768,2904,11174640,14723712,1287231,6161,6161,0,0,1,0,0,0,0,0,0.071,0.071,0.000,0,0,0,6161,6161,0,0
travel,28.777,690.5,616.736,616.736,fly,0.982,ok,2601,0,0,192.00,452931584,597893120,114090264,95883264,18123768,2904,11174640,22132800,1320051,6161,6161,0,0,0,0,0,0,0,0,0.182,0.071,0.000,0,0,0,6161,6161,0,0
travel,28.808,691.2,617.251,617.251,fly,0.902,ok,2601,0,0,192.00,452931584,597893120,114090264,95883264,18123768,2904,11174640,22132800,1320051,6161,6161,0,0,0,0,0,0,0,0,0.070,0.076,0.000,0,0,0,6161,6161,0,0
travel,28.838,691.9,617.770,617.770,fly,0.887,ok,2601,0,0,192.00,452931584,597893120,114090264,95883264,18123768,2904,11174640,22132800,1320051,6161,6161,0,0,0,0,0,0,0,0,0.071,0.072,0.000,0,0,0,6161,6161,0,0
travel,28.869,692.7,618.292,618.292,fly,1.218,ok,2601,0,0,192.00,452931584,597893120,114090264,95883264,18123768,2904,11174640,22132800,1320051,6161,6161,0,0,0,0,0,0,0,0,0.425,0.068,0.000,0,0,0,6161,6161,0,0
travel,28.900,693.4,618.816,618.816,fly,1.001,ok,2601,0,0,192.00,452931584,597893120,114090264,95883264,18123768,2904,7449760,22132800,1320051,6161,6161,0,0,0,0,0,0,0,0,0.077,0.112,0.000,0,0,0,6161,6161,0,0
travel,28.931,694.2,619.339,619.339,fly,0.889,ok,2601,0,0,192.00,452931584,597893120,114090264,95883264,18123768,2904,7449760,22132800,1320051,6161,6161,0,0,0,0,0,0,0,0,0.071,0.076,0.000,0,0,0,6161,6161,0,0
travel,28.961,694.9,619.856,619.856,fly,0.872,ok,2601,0,0,192.00,452931584,597893120,114090264,95883264,18123768,2904,7449760,22132800,1320051,6161,6161,0,0,0,0,0,0,0,0,0.069,0.069,0.000,0,0,0,6161,6161,0,0
travel,28.992,695.6,620.383,620.383,fly,0.867,ok,2601,0,0,192.00,452931584,597893120,114090264,95883264,18123768,2904,7449760,22132800,1320051,6161,6161,0,0,0,0,0,0,0,0,0.069,0.069,0.000,0,0,0,6161,6161,0,0
travel,29.023,696.4,620.905,620.905,fly,0.980,ok,2601,0,0,192.00,452931584,597893120,114090264,95883264,18123768,2904,7449760,22132800,1320051,6161,6161,0,0,0,0,0,0,0,0,0.072,0.093,0.000,0,0,0,6161,6161,0,0
travel,29.054,697.1,621.431,621.431,fly,0.942,ok,2601,0,0,192.00,452931584,597893120,114090264,95883264,18123768,2904,7449760,22132800,1320051,6161,6161,0,0,0,0,0,0,0,0,0.137,0.068,0.000,0,0,0,6161,6161,0,0
travel,29.085,697.8,621.946,621.946,fly,0.866,ok,2601,0,0,192.00,452931584,597893120,114090264,95883264,18123768,2904,7449760,22132800,1320051,6161,6161,0,0,0,0,0,0,0,0,0.069,0.070,0.000,0,0,0,6161,6161,0,0
travel,29.115,698.6,622.467,622.467,fly,0.865,ok,2601,0,0,192.00,452931584,597893120,114090264,95883264,18123768,2904,7449760,22132800,1320051,6161,6161,0,0,0,0,0,0,0,0,0.068,0.070,0.000,0,0,0,6161,6161,0,0
travel,29.146,699.3,622.987,622.987,fly,0.872,ok,2601,0,0,192.00,452931584,597893120,114090264,95883264,18123768,2904,7449760,22132800,1320051,6161,6161,0,0,0,0,0,0,0,0,0.075,0.070,0.000,0,0,0,6161,6161,0,0
travel,29.176,700.0,623.498,623.498,fly,0.971,ok,2601,0,0,192.00,452931584,597893120,114090264,95883264,18123768,2904,7449760,22132800,1320051,6161,6161,0,0,0,0,0,0,0,0,0.077,0.116,0.000,0,0,0,6161,6161,0,0
travel,29.207,700.8,624.015,624.015,fly,5.368,ok,2537,64,92,192.00,452939776,597893120,111282968,93523968,17677816,2904,11174640,15401112,1326302,6198,6262,37,101,37,37,37,0,0,0,0.432,0.112,0.000,0,0,0,6198,6198,0,0
travel,29.246,701.7,624.676,624.676,fly,0.883,ok,2601,0,0,192.00,452947968,597893120,114090264,95883264,18123768,2904,11174640,22132800,1375319,6262,6262,0,0,3,0,0,0,0,0,0.071,0.076,0.000,0,0,0,6262,6262,0,0
travel,29.277,702.4,625.205,625.205,fly,1.005,ok,2601,0,0,192.00,452947968,597893120,114090264,95883264,18123768,2904,11174640,22132800,1375319,6262,6262,0,0,0,0,0,0,0,0,0.080,0.112,0.000,0,0,0,6262,6262,0,0
travel,29.307,703.2,625.715,625.715,fly,1.036,ok,2601,0,0,192.00,452947968,597893120,114090264,95883264,18123768,2904,11174640,22132800,1375319,6262,6262,0,0,0,0,0,0,0,0,0.264,0.063,0.000,0,0,0,6262,6262,0,0
travel,29.337,703.9,626.226,626.226,fly,0.849,ok,2601,0,0,192.00,452947968,597893120,114090264,95883264,18123768,2904,11174640,22132800,1375319,6262,6262,0,0,0,0,0,0,0,0,0.072,0.071,0.000,0,0,0,6262,6262,0,0
travel,29.368,704.6,626.757,626.757,fly,1.111,ok,2601,0,0,192.00,452947968,597893120,114090264,95883264,18123768,2904,7449760,22132800,1375319,6262,6262,0,0,0,0,0,0,0,0,0.151,0.108,0.000,0,0,0,6262,6262,0,0
travel,29.399,705.4,627.274,627.274,fly,0.867,ok,2601,0,0,192.00,452947968,597893120,114090264,95883264,18123768,2904,7449760,22132800,1375319,6262,6262,0,0,0,0,0,0,0,0,0.069,0.071,0.000,0,0,0,6262,6262,0,0
travel,29.430,706.1,627.798,627.798,fly,0.868,ok,2601,0,0,192.00,452947968,597893120,114090264,95883264,18123768,2904,7449760,22132800,1375319,6262,6262,0,0,0,0,0,0,0,0,0.069,0.070,0.000,0,0,0,6262,6262,0,0
travel,29.460,706.8,628.313,628.313,fly,0.951,ok,2601,0,0,192.00,452947968,597893120,114090264,95883264,18123768,2904,7449760,22132800,1375319,6262,6262,0,0,0,0,0,0,0,0,0.142,0.072,0.000,0,0,0,6262,6262,0,0
travel,29.491,707.6,628.841,628.841,fly,1.257,ok,2601,0,0,192.00,452947968,597893120,114090264,95883264,18123768,2904,7449760,22132800,1375319,6262,6262,0,0,0,0,0,0,0,0,0.414,0.079,0.000,0,0,0,6262,6262,0,0
travel,29.521,708.3,629.355,629.355,fly,0.849,ok,2601,0,0,192.00,452947968,597893120,114090264,95883264,18123768,2904,7449760,22132800,1375319,6262,6262,0,0,0,0,0,0,0,0,0.069,0.068,0.000,0,0,0,6262,6262,0,0
travel,29.551,709.0,629.866,629.866,fly,0.855,ok,2601,0,0,192.00,452947968,597893120,114090264,95883264,18123768,2904,7449760,22132800,1375319,6262,6262,0,0,0,0,0,0,0,0,0.069,0.069,0.000,0,0,0,6262,6262,0,0
travel,29.582,709.8,630.376,630.376,fly,0.842,ok,2601,0,0,192.00,452947968,597893120,114090264,95883264,18123768,2904,7449760,22132800,1375319,6262,6262,0,0,0,0,0,0,0,0,0.068,0.065,0.000,0,0,0,6262,6262,0,0
travel,29.612,710.5,630.894,630.894,fly,0.847,ok,2601,0,0,192.00,452947968,597893120,114090264,95883264,18123768,2904,7449760,22132800,1375319,6262,6262,0,0,0,0,0,0,0,0,0.067,0.069,0.000,0,0,0,6262,6262,0,0
travel,29.642,711.2,631.403,631.403,fly,1.032,ok,2601,0,0,192.00,452947968,597893120,114090264,95883264,18123768,2904,7449760,22132800,1375319,6262,6262,0,0,0,0,0,0,0,0,0.251,0.069,0.000,0,0,0,6262,6262,0,0
travel,29.672,711.9,631.914,631.914,fly,0.842,ok,2601,0,0,192.00,452947968,597893120,114090264,95883264,18123768,2904,7449760,22132800,1375319,6262,6262,0,0,0,0,0,0,0,0,0.067,0.066,0.000,0,0,0,6262,6262,0,0
travel,29.711,712.9,632.566,632.566,fly,0.905,ok,2601,0,29,192.00,452947968,597893120,114090264,95883264,18123768,2904,11174640,20619600,1424539,6363,6363,0,0,0,0,0,0,0,0,0.071,0.073,0.000,0,0,0,6363,6363,0,0
travel,29.741,713.6,633.079,633.079,fly,0.879,ok,2601,0,0,192.00,452947968,597893120,114090264,95883264,18123768,2904,11174640,22132800,1430131,6363,6363,0,0,0,0,0,0,0,0,0.075,0.074,0.000,0,0,0,6363,6363,0,0
travel,29.771,714.3,633.590,633.590,fly,0.849,ok,2601,0,0,192.00,452947968,597893120,114090264,95883264,18123768,2904,11174640,22132800,1430131,6363,6363,0,0,0,0,0,0,0,0,0.068,0.068,0.000,0,0,0,6363,6363,0,0
travel,29.802,715.0,634.109,634.109,fly,0.868,ok,2601,0,0,192.00,452947968,597893120,114090264,95883264,18123768,2904,11174640,22132800,1430131,6363,6363,0,0,0,0,0,0,0,0,0.068,0.072,0.000,0,0,0,6363,6363,0,0
travel,29.832,715.8,634.621,634.621,fly,0.845,ok,2601,0,0,192.00,452947968,597893120,114090264,95883264,18123768,2904,7449760,22132800,1430131,6363,6363,0,0,0,0,0,0,0,0,0.068,0.063,0.001,0,0,0,6363,6363,0,0
travel,29.862,716.5,635.130,635.130,fly,1.141,ok,2601,0,0,192.00,452947968,597893120,114090264,95883264,18123768,2904,7449760,22132800,1430131,6363,6363,0,0,0,0,0,0,0,0,0.096,0.277,0.000,0,0,0,6363,6363,0,0
travel,29.893,717.2,635.658,635.658,fly,0.846,ok,2601,0,0,192.00,452947968,597893120,114090264,95883264,18123768,2904,7449760,22132800,1430131,6363,6363,0,0,0,0,0,0,0,0,0.069,0.065,0.000,0,0,0,6363,6363,0,0
travel,29.923,718.0,636.174,636.174,fly,0.851,ok,2601,0,0,192.00,452947968,597893120,114090264,95883264,18123768,2904,7449760,22132800,1430131,6363,6363,0,0,0,0,0,0,0,0,0.069,0.068,0.000,0,0,0,6363,6363,0,0
travel,29.953,718.7,636.685,636.685,fly,0.896,ok,2601,0,0,192.00,452947968,597893120,114090264,95883264,18123768,2904,7449760,22132800,1430131,6363,6363,0,0,0,0,0,0,0,0,0.070,0.077,0.000,0,0,0,6363,6363,0,0
travel,29.984,719.4,637.199,637.199,fly,0.847,ok,2601,0,0,192.00,452947968,597893120,114090264,95883264,18123768,2904,7449760,22132800,1430131,6363,6363,0,0,0,0,0,0,0,0,0.068,0.067,0.000,0,0,0,6363,6363,0,0
travel,30.014,720.1,637.711,637.711,fly,1.389,ok,2601,0,0,192.00,452947968,597893120,114090264,95883264,18123768,2904,7449760,22132800,1430131,6363,6363,0,0,0,0,0,0,0,0,0.499,0.111,0.000,0,0,0,6363,6363,0,0
travel,30.045,720.9,638.244,638.244,fly,0.869,ok,2601,0,0,192.00,452947968,597893120,114090264,95883264,18123768,2904,7449760,22132800,1430131,6363,6363,0,0,0,0,0,0,0,0,0.068,0.068,0.000,0,0,0,6363,6363,0,0
travel,30.076,721.6,638.771,638.771,fly,0.893,ok,2601,0,0,192.00,452947968,597893120,114090264,95883264,18123768,2904,7449760,22132800,1430131,6363,6363,0,0,0,0,0,0,0,0,0.069,0.074,0.000,0,0,0,6363,6363,0,0
travel,30.107,722.4,639.295,639.295,fly,0.860,ok,2601,0,0,192.00,452947968,597893120,114090264,95883264,18123768,2904,7449760,22132800,1430131,6363,6363,0,0,0,0,0,0,0,0,0.068,0.068,0.000,0,0,0,6363,6363,0,0
travel,30.138,723.1,639.814,639.814,fly,0.848,ok,2601,0,0,192.00,452947968,597893120,114090264,95883264,18123768,2904,7449760,22132800,1430131,6363,6363,0,0,0,0,0,0,0,0,0.068,0.069,0.000,0,0,0,6363,6363,0,0
travel,30.177,724.1,640.485,640.485,fly,0.895,ok,2601,0,85,192.00,453079040,598040576,114090264,95883264,18123768,2904,11174640,17697744,1244754,6464,6464,0,0,8,0,0,0,0,0,0.070,0.073,0.000,0,0,0,6464,6464,0,0
travel,30.209,724.8,641.026,641.026,fly,0.925,ok,2601,0,0,192.00,453079040,598040576,114090264,95883264,18123768,2904,11174640,22132800,1260786,6464,6464,0,0,0,0,0,0,0,0,0.071,0.081,0.000,0,0,0,6464,6464,0,0
travel,30.240,725.6,641.542,641.542,fly,0.872,ok,2601,0,0,192.00,453079040,598040576,114090264,95883264,18123768,2904,11174640,22132800,1260786,6464,6464,0,0,0,0,0,0,0,0,0.070,0.066,0.000,0,0,0,6464,6464,0,0
travel,30.270,726.3,642.059,642.059,fly,0.884,ok,2601,0,0,192.00,453079040,598040576,114090264,95883264,18123768,2904,11174640,22132800,1260786,6464,6464,0,0,0,0,0,0,0,0,0.070,0.071,0.000,0,0,0,6464,6464,0,0
travel,30.300,727.0,642.571,642.571,fly,0.839,ok,2601,0,0,192.00,453079040,598040576,114090264,95883264,18123768,2904,11174640,22132800,1260786,6464,6464,0,0,0,0,0,0,0,0,0.068,0.064,0.000,0,0,0,6464,6464,0,0
travel,30.331,727.7,643.083,643.083,fly,0.841,ok,2601,0,0,192.00,453079040,598040576,114090264,95883264,18123768,2904,7449760,22132800,1260786,6464,6464,0,0,0,0,0,0,0,0,0.068,0.065,0.000,0,0,0,6464,6464,0,0
travel,30.361,728.5,643.595,643.595,fly,1.145,ok,2601,0,0,192.00,453079040,598040576,114090264,95883264,18123768,2904,7449760,22132800,1260786,6464,6464,0,0,0,0,0,0,0,0,0.366,0.065,0.000,0,0,0,6464,6464,0,0
travel,30.392,729.2,644.117,644.117,fly,0.855,ok,2601,0,0,192.00,453079040,598040576,114090264,95883264,18123768,2904,7449760,22132800,1260786,6464,6464,0,0,0,0,0,0,0,0,0.068,0.067,0.000,0,0,0,6464,6464,0,0
travel,30.422,729.9,644.631,644.631,fly,1.205,ok,2601,0,0,192.00,453079040,598040576,114090264,95883264,18123768,2904,7449760,22132800,1260786,6464,6464,0,0,0,0,0,0,0,0,0.302,0.117,0.000,0,0,0,6464,6464,0,0
travel,30.452,730.6,645.147,645.147,fly,0.845,ok,2601,0,0,192.00,453079040,598040576,114090264,95883264,18123768,2904,7449760,22132800,1260786,6464,6464,0,0,0,0,0,0,0,0,0.068,0.063,0.000,0,0,0,6464,6464,0,0
travel,30.483,731.4,645.663,645.663,fly,0.844,ok,2601,0,0,192.00,453079040,598040576,114090264,95883264,18123768,2904,7449760,22132800,1260786,6464,6464,0,0,0,0,0,0,0,0,0.068,0.065,0.000,0,0,0,6464,6464,0,0
travel,30.513,732.1,646.181,646.181,fly,0.853,ok,2601,0,0,192.00,453079040,598040576,114090264,95883264,18123768,2904,7449760,22132800,1260786,6464,6464,0,0,0,0,0,0,0,0,0.069,0.065,0.000,0,0,0,6464,6464,0,0
travel,30.544,732.8,646.695,646.695,fly,0.872,ok,2601,0,0,192.00,453079040,598040576,114090264,95883264,18123768,2904,7449760,22132800,1260786,6464,6464,0,0,0,0,0,0,0,0,0.068,0.071,0.000,0,0,0,6464,6464,0,0
travel,30.574,733.6,647.210,647.210,fly,0.852,ok,2601,0,0,192.00,453079040,598040576,114090264,95883264,18123768,2904,7449760,22132800,1260786,6464,6464,0,0,0,0,0,0,0,0,0.070,0.069,0.000,0,0,0,6464,6464,0,0
travel,30.604,734.3,647.718,647.718,fly,0.849,ok,2601,0,0,192.00,453079040,598040576,114090264,95883264,18123768,2904,7449760,22132800,1260786,6464,6464,0,0,0,0,0,0,0,0,0.066,0.066,0.000,0,0,0,6464,6464,0,0
travel,30.643,735.2,648.387,648.387,fly,0.936,ok,2601,0,69,192.00,453148672,598040576,114090264,95883264,18123768,2904,11174640,18532560,1302246,6565,6565,0,0,9,0,0,0,0,0,0.070,0.118,0.000,0,0,0,6565,6565,0,0
travel,30.674,736.0,648.908,648.908,fly,0.874,ok,2601,0,0,192.00,453148672,598040576,114090264,95883264,18123768,2904,11174640,22132800,1316138,6565,6565,0,0,0,0,0,0,0,0,0.071,0.071,0.000,0,0,0,6565,6565,0,0
travel,30.705,736.7,649.428,649.428,fly,0.869,ok,2601,0,0,192.00,453148672,598040576,114090264,95883264,18123768,2904,11174640,22132800,1316138,6565,6565,0,0,0,0,0,0,0,0,0.069,0.070,0.000,0,0,0,6565,6565,0,0
travel,30.735,737.4,649.945,649.945,fly,1.015,ok,2601,0,0,192.00,453148672,598040576,114090264,95883264,18123768,2904,11174640,22132800,1316138,6565,6565,0,0,0,0,0,0,0,0,0.075,0.110,0.000,0,0,0,6565,6565,0,0
travel,30.766,738.2,650.467,650.467,fly,0.842,ok,2601,0,0,192.00,453148672,598040576,114090264,95883264,18123768,2904,11174640,22132800,1316138,6565,6565,0,0,0,0,0,0,0,0,0.068,0.067,0.000,0,0,0,6565,6565,0,0
travel,30.796,738.9,650.985,650.985,fly,0.844,ok,2601,0,0,192.00,453148672,598040576,114090264,95883264,18123768,2904,7449760,22132800,1316138,6565,6565,0,0,0,0,0,0,0,0,0.068,0.065,0.000,0,0,0,6565,6565,0,0
travel,30.827,739.6,651.502,651.502,fly,0.855,ok,2601,0,0,192.00,453148672,598040576,114090264,95883264,18123768,2904,7449760,22132800,1316138,6565,6565,0,0,0,0,0,0,0,0,0.068,0.069,0.000,0,0,0,6565,6565,0,0
travel,30.857,740.4,652.011,652.011,fly,0.889,ok,2601,0,0,192.00,453148672,598040576,114090264,95883264,18123768,2904,7449760,22132800,1316138,6565,6565,0,0,0,0,0,0,0,0,0.067,0.068,0.000,0,0,0,6565,6565,0,0
travel,30.887,741.1,652.520,652.520,fly,0.921,ok,2601,0,0,192.00,453148672,598040576,114090264,95883264,18123768,2904,7449760,22132800,1316138,6565,6565,0,0,0,0,0,0,0,0,0.144,0.067,0.000,0,0,0,6565,6565,0,0
travel,30.917,741.8,653.034,653.034,fly,0.840,ok,2601,0,0,192.00,453148672,598040576,114090264,95883264,18123768,2904,7449760,22132800,1316138,6565,6565,0,0,0,0,0,0,0,0,0.067,0.067,0.000,0,0,0,6565,6565,0,0
travel,30.947,742.5,653.543,653.543,fly,0.845,ok,2601,0,0,192.00,453148672,598040576,114090264,95883264,18123768,2904,7449760,22132800,1316138,6565,6565,0,0,0,0,0,0,0,0,0.067,0.068,0.000,0,0,0,6565,6565,0,0
travel,30.978,743.3,654.065,654.065,fly,0.890,ok,2601,0,0,192.00,453148672,598040576,114090264,95883264,18123768,2904,7449760,22132800,1316138,6565,6565,0,0,0,0,0,0,0,0,0.069,0.076,0.000,0,0,0,6565,6565,0,0
travel,31.009,744.0,654.582,654.582,fly,0.988,ok,2601,0,0,192.00,453148672,598040576,114090264,95883264,18123768,2904,7449760,22132800,1316138,6565,6565,0,0,0,0,0,0,0,0,0.076,0.121,0.000,0,0,0,6565,6565,0,0
travel,31.039,744.7,655.092,655.092,fly,1.282,ok,2601,0,0,192.00,453148672,598040576,114090264,95883264,18123768,2904,7449760,22132800,1316138,6565,6565,0,0,0,0,0,0,0,0,0.091,0.111,0.000,0,0,0,6565,6565,0,0
travel,31.070,745.5,655.618,655.618,fly,0.869,ok,2601,0,0,192.00,453148672,598040576,114090264,95883264,18123768,2904,7449760,22132800,1316138,6565,6565,0,0,0,0,0,0,0,0,0.070,0.067,0.000,0,0,0,6565,6565,0,0
travel,31.109,746.4,656.290,656.290,fly,1.093,ok,2601,0,115,192.00,453148672,598040576,114090264,95883264,18123768,2904,11174640,16132464,1347346,6666,6666,0,0,8,0,0,0,0,0,0.298,0.070,0.000,0,0,0,6666,6666,0,0
travel,31.140,747.1,656.813,656.813,fly,0.938,ok,2601,0,0,192.00,453165056,598040576,114090264,95883264,18123768,2904,11174640,22132800,1372254,6666,6666,0,0,0,0,0,0,0,0,0.072,0.083,0.000,0,0,0,6666,6666,0,0
travel,31.171,747.9,657.336,657.336,fly,0.952,ok,2601,0,0,192.00,453165056,598040576,114090264,95883264,18123768,2904,11174640,22132800,1372254,6666,6666,0,0,0,0,0,0,0,0,0.073,0.129,0.000,0,0,0,6666,6666,0,0
travel,31.201,748.6,657.852,657.852,fly,0.938,ok,2601,0,0,192.00,453165056,598040576,114090264,95883264,18123768,2904,11174640,22132800,1372254,6666,6666,0,0,0,0,0,0,0,0,0.071,0.081,0.000,0,0,0,6666,6666,0,0
travel,31.233,749.4,658.381,658.381,fly,0.866,ok,2601,0,0,192.00,453165056,598040576,114090264,95883264,18123768,2904,11174640,22132800,1372254,6666,6666,0,0,0,0,0,0,0,0,0.070,0.070,0.000,0,0,0,6666,6666,0,0
travel,31.265,750.1,658.931,658.931,fly,0.931,ok,2601,0,0,192.00,453177344,598040576,114090264,95883264,18123768,2904,7449760,22132800,1372254,6666,6666,0,0,0,0,0,0,0,0,0.072,0.076,0.000,0,0,0,6666,6666,0,0
travel,31.296,750.9,659.450,659.450,fly,0.878,ok,2601,0,0,192.00,453177344,598040576,114090264,95883264,18123768,2904,7449760,22132800,1372254,6666,6666,0,0,0,0,0,0,0,0,0.069,0.072,0.000,0,0,0,6666,6666,0,0
travel,31.326,751.6,659.972,659.972,fly,0.969,ok,2601,0,0,192.00,453177344,598040576,114090264,95883264,18123768,2904,7449760,22132800,1372254,6666,6666,0,0,0,0,0,0,0,0,0.171,0.068,0.000,0,0,0,6666,6666,0,0
travel,31.357,752.3,660.490,660.490,fly,1.254,ok,2601,0,0,192.00,453177344,598040576,114090264,95883264,18123768,2904,7449760,22132800,1372254,6666,6666,0,0,0,0,0,0,0,0,0.463,0.066,0.000,0,0,0,6666,6666,0,0
travel,31.388,753.1,661.013,661.013,fly,0.928,ok,2601,0,0,192.00,453177344,598040576,114090264,95883264,18123768,2904,7449760,22132800,1372254,6666,6666,0,0,0,0,0,0,0,0,0.067,0.071,0.000,0,0,0,6666,6666,0,0
travel,31.418,753.8,661.531,661.531,fly,0.870,ok,2601,0,0,192.00,453177344,598040576,114090264,95883264,18123768,2904,7449760,22132800,1372254,6666,6666,0,0,0,0,0,0,0,0,0.069,0.071,0.000,0,0,0,6666,6666,0,0
travel,31.450,754.6,662.063,662.063,fly,1.132,ok,2601,0,0,192.00,453177344,598040576,114090264,95883264,18123768,2904,7449760,22132800,1372254,6666,6666,0,0,0,0,0,0,0,0,0.082,0.163,0.000,0,0,0,6666,6666,0,0
travel,31.480,755.3,662.581,662.581,fly,0.863,ok,2601,0,0,192.00,453177344,598040576,114090264,95883264,18123768,2904,7449760,22132800,1372254,6666,6666,0,0,0,0,0,0,0,0,0.068,0.067,0.000,0,0,0,6666,6666,0,0
travel,31.510,756.0,663.093,663.093,fly,0.918,ok,2601,0,0,192.00,453177344,598040576,114090264,95883264,18123768,2904,7449760,22132800,1372254,6666,6666,0,0,0,0,0,0,0,0,0.145,0.065,0.000,0,0,0,6666,6666,0,0
travel,31.540,756.7,663.602,663.602,fly,0.837,ok,2601,0,0,192.00,453177344,598040576,114090264,95883264,18123768,2904,7449760,22132800,1372254,6666,6666,0,0,0,0,0,0,0,0,0.066,0.064,0.000,0,0,0,6666,6666,0,0
travel,31.579,757.7,664.252,664.252,fly,0.976,ok,2601,0,136,192.00,453177344,598040576,114090264,95883264,18123768,2904,11174640,15036768,1396595,6767,6767,0,0,6,0,0,0,0,0,0.180,0.072,0.000,0,0,0,6767,6767,0,0
travel,31.609,758.4,664.766,664.766,fly,0.859,ok,2601,0,0,192.00,453177344,598040576,114090264,95883264,18123768,2904,11174640,22132800,1427970,6767,6767,0,0,0,0,0,0,0,0,0.068,0.072,0.000,0,0,0,6767,6767,0,0
travel,31.639,759.1,665.281,665.281,fly,0.917,ok,2601,0,0,192.00,453177344,598040576,114090264,95883264,18123768,2904,11174640,22132800,1427970,6767,6767,0,0,0,0,0,0,0,0,0.138,0.069,0.000,0,0,0,6767,6767,0,0
travel,31.669,759.8,665.792,665.792,fly,0.878,ok,2601,0,0,192.00,453177344,598040576,114090264,95883264,18123768,2904,11174640,22132800,1427970,6767,6767,0,0,0,0,0,0,0,0,0.068,0.074,0.000,0,0,0,6767,6767,0,0
travel,31.699,760.6,666.302,666.302,fly,0.857,ok,2601,0,0,192.00,453177344,598040576,114090264,95883264,18123768,2904,11174640,22132800,1427970,6767,6767,0,0,0,0,0,0,0,0,0.068,0.071,0.000,0,0,0,6767,6767,0,0
travel,31.730,761.3,666.815,666.815,fly,1.057,ok,2601,0,0,192.00,453177344,598040576,114090264,95883264,18123768,2904,7449760,22132800,1427970,6767,6767,0,0,0,0,0,0,0,0,0.103,0.109,0.000,0,0,0,6767,6767,0,0
travel,31.760,762.0,667.332,667.332,fly,0.845,ok,2601,0,0,192.00,453177344,598040576,114090264,95883264,18123768,2904,7449760,22132800,1427970,6767,6767,0,0,0,0,0,0,0,0,0.069,0.065,0.000,0,0,0,6767,6767,0,0
travel,31.790,762.7,667.841,667.841,fly,0.930,ok,2601,0,0,192.00,453177344,598040576,114090264,95883264,18123768,2904,7449760,22132800,1427970,6767,6767,0,0,0,0,0,0,0,0,0.142,0.066,0.000,0,0,0,6767,6767,0,0
travel,31.821,763.5,668.360,668.360,fly,0.851,ok,2601,0,0,192.00,453177344,598040576,114090264,95883264,18123768,2904,7449760,22132800,1427970,6767,6767,0,0,0,0,0,0,0,0,0.067,0.068,0.000,0,0,0,6767,6767,0,0
travel,31.851,764.2,668.871,668.871,fly,0.843,ok,2601,0,0,192.00,453177344,598040576,114090264,95883264,18123768,2904,7449760,22132800,1427970,6767,6767,0,0,0,0,0,0,0,0,0.067,0.065,0.000,0,0,0,6767,6767,0,0
travel,31.881,764.9,669.381,669.381,fly,0.840,ok,2601,0,0,192.00,453177344,598040576,114090264,95883264,18123768,2904,7449760,22132800,1427970,6767,6767,0,0,0,0,0,0,0,0,0.068,0.065,0.000,0,0,0,6767,6767,0,0
travel,31.911,765.6,669.892,669.892,fly,0.849,ok,2601,0,0,192.00,453177344,598040576,114090264,95883264,18123768,2904,7449760,22132800,1427970,6767,6767,0,0,0,0,0,0,0,0,0.067,0.067,0.000,0,0,0,6767,6767,0,0
travel,31.941,766.4,670.406,670.406,fly,0.931,ok,2601,0,0,192.00,453177344,598040576,114090264,95883264,18123768,2904,7449760,22132800,1427970,6767,6767,0,0,0,0,0,0,0,0,0.142,0.069,0.000,0,0,0,6767,6767,0,0
travel,31.972,767.1,670.918,670.918,fly,0.842,ok,2601,0,0,192.00,453177344,598040576,114090264,95883264,18123768,2904,7449760,22132800,1427970,6767,6767,0,0,0,0,0,0,0,0,0.067,0.065,0.000,0,0,0,6767,6767,0,0
travel,32.002,767.8,671.432,671.432,fly,0.848,ok,2601,0,0,192.00,453177344,598040576,114090264,95883264,18123768,2904,7449760,22132800,1427970,6767,6767,0,0,0,0,0,0,0,0,0.067,0.072,0.000,0,0,0,6767,6767,0,0
travel,32.032,768.5,671.946,671.946,fly,0.945,ok,2601,0,0,192.00,453177344,598040576,114090264,95883264,18123768,2904,7449760,22132800,1427970,6767,6767,0,0,0,0,0,0,0,0,0.076,0.109,0.000,0,0,0,6767,6767,0,0
travel,32.071,769.5,672.611,672.611,fly,0.966,ok,2601,0,17,192.00,453165056,598040576,114090264,95883264,18123768,2904,11174640,21245712,1259566,6868,6868,0,0,4,0,0,0,0,0,0.166,0.073,0.000,0,0,0,6868,6868,0,0
travel,32.102,770.2,673.124,673.124,fly,0.887,ok,2601,0,0,192.00,453165056,598040576,114090264,95883264,18123768,2904,11174640,22132800,1262254,6868,6868,0,0,0,0,0,0,0,0,0.071,0.076,0.000,0,0,0,6868,6868,0,0
travel,32.132,771.0,673.645,673.645,fly,0.904,ok,2601,0,0,192.00,453165056,598040576,114090264,95883264,18123768,2904,11174640,22132800,1262254,6868,6868,0,0,0,0,0,0,0,0,0.070,0.074,0.000,0,0,0,6868,6868,0,0
travel,32.163,771.7,674.157,674.157,fly,1.061,ok,2601,0,0,192.00,453165056,598040576,114090264,95883264,18123768,2904,11174640,22132800,1262254,6868,6868,0,0,0,0,0,0,0,0,0.277,0.071,0.000,0,0,0,6868,6868,0,0
travel,32.194,772.4,674.685,674.685,fly,1.203,ok,2601,0,0,192.00,453165056,598040576,114090264,95883264,18123768,2904,7449760,22132800,1262254,6868,6868,0,0,0,0,0,0,0,0,0.075,0.121,0.000,0,0,0,6868,6868,0,0
travel,32.224,773.2,675.208,675.208,fly,0.897,ok,2601,0,0,192.00,453165056,598040576,114090264,95883264,18123768,2904,7449760,22132800,1262254,6868,6868,0,0,0,0,0,0,0,0,0.069,0.079,0.000,0,0,0,6868,6868,0,0
travel,32.255,773.9,675.726,675.726,fly,0.976,ok,2601,0,0,192.00,453165056,598040576,114090264,95883264,18123768,2904,7449760,22132800,1262254,6868,6868,0,0,0,0,0,0,0,0,0.139,0.095,0.000,0,0,0,6868,6868,0,0
travel,32.285,774.6,676.241,676.241,fly,0.866,ok,2601,0,0,192.00,453165056,598040576,114090264,95883264,18123768,2904,7449760,22132800,1262254,6868,6868,0,0,0,0,0,0,0,0,0.068,0.069,0.000,0,0,0,6868,6868,0,0
travel,32.317,775.4,676.780,676.780,fly,0.925,ok,2601,0,0,192.00,453165056,598040576,114090264,95883264,18123768,2904,7449760,22132800,1262254,6868,6868,0,0,0,0,0,0,0,0,0.069,0.077,0.000,0,0,0,6868,6868,0,0
travel,32.348,776.1,677.305,677.305,fly,0.936,ok,2601,0,0,192.00,453165056,598040576,114090264,95883264,18123768,2904,7449760,22132800,1262254,6868,6868,0,0,0,0,0,0,0,0,0.070,0.085,0.000,0,0,0,6868,6868,0,0
travel,32.379,776.9,677.828,677.828,fly,0.861,ok,2601,0,0,192.00,453165056,598040576,114090264,95883264,18123768,2904,7449760,22132800,1262254,6868,6868,0,0,0,0,0,0,0,0,0.069,0.069,0.000,0,0,0,6868,6868,0,0
travel,32.409,777.6,678.343,678.343,fly,0.847,ok,2601,0,0,192.00,453165056,598040576,114090264,95883264,18123768,2904,7449760,22132800,1262254,6868,6868,0,0,0,0,0,0,0,0,0.068,0.069,0.000,0,0,0,6868,6868,0,0
travel,32.439,778.3,678.855,678.855,fly,0.850,ok,2601,0,0,192.00,453165056,598040576,114090264,95883264,18123768,2904,7449760,22132800,1262254,6868,6868,0,0,0,0,0,0,0,0,0.068,0.070,0.000,0,0,0,6868,6868,0,0
travel,32.470,779.0,679.369,679.369,fly,0.930,ok,2601,0,0,192.00,453230592,598040576,114090264,95883264,18123768,2904,7449760,22132800,1262254,6868,6868,0,0,0,0,0,0,0,0,0.149,0.070,0.000,0,0,0,6868,6868,0,0
travel,32.500,779.8,679.886,679.886,fly,0.954,ok,2601,0,0,192.00,453230592,598040576,114090264,95883264,18123768,2904,7449760,22132800,1262254,6868,6868,0,0,0,0,0,0,0,0,0.078,0.106,0.000,0,0,0,6868,6868,0,0
travel,32.539,780.7,680.538,680.538,fly,0.858,ok,2601,0,9,192.00,453373952,598310912,114090264,95883264,18123768,2904,11174640,21715296,1316918,6969,6969,0,0,4,0,0,0,0,0,0.070,0.068,0.000,0,0,0,6969,6969,0,0
travel,32.570,781.4,681.064,681.064,fly,0.882,ok,2601,0,0,192.00,453373952,598310912,114090264,95883264,18123768,2904,11174640,22132800,1317822,6969,6969,0,0,0,0,0,0,0,0,0.070,0.073,0.000,0,0,0,6969,6969,0,0
travel,32.601,782.2,681.596,681.596,fly,0.873,ok,2601,0,0,192.00,453373952,598310912,114090264,95883264,18123768,2904,11174640,22132800,1317822,6969,6969,0,0,0,0,0,0,0,0,0.070,0.073,0.000,0,0,0,6969,6969,0,0
travel,32.631,782.9,682.106,682.106,fly,0.867,ok,2601,0,0,192.00,453373952,598310912,114090264,95883264,18123768,2904,11174640,22132800,1317822,6969,6969,0,0,0,0,0,0,0,0,0.072,0.068,0.000,0,0,0,6969,6969,0,0
travel,32.662,783.7,682.626,682.626,fly,0.939,ok,2601,0,0,192.00,453373952,598310912,114090264,95883264,18123768,2904,11174640,22132800,1317822,6969,6969,0,0,0,0,0,0,0,0,0.071,0.088,0.000,0,0,0,6969,6969,0,0
travel,32.692,784.4,683.145,683.145,fly,0.862,ok,2601,0,0,192.00,453373952,598310912,114090264,95883264,18123768,2904,7449760,22132800,1317822,6969,6969,0,0,0,0,0,0,0,0,0.069,0.071,0.000,0,0,0,6969,6969,0,0
travel,32.722,785.1,683.656,683.656,fly,0.849,ok,2601,0,0,192.00,453373952,598310912,114090264,95883264,18123768,2904,7449760,22132800,1317822,6969,6969,0,0,0,0,0,0,0,0,0.069,0.069,0.000,0,0,0,6969,6969,0,0
travel,32.752,785.8,684.164,684.164,fly,0.926,ok,2601,0,0,192.00,453373952,598310912,114090264,95883264,18123768,2904,7449760,22132800,1317822,6969,6969,0,0,0,0,0,0,0,0,0.138,0.066,0.000,0,0,0,6969,6969,0,0
travel,32.783,786.6,684.676,684.676,fly,0.842,ok,2601,0,0,192.00,453373952,598310912,114090264,95883264,18123768,2904,7449760,22132800,1317822,6969,6969,0,0,0,0,0,0,0,0,0.070,0.065,0.000,0,0,0,6969,6969,0,0
travel,32.813,787.3,685.190,685.190,fly,0.862,ok,2601,0,0,192.00,453373952,598310912,114090264,95883264,18123768,2904,7449760,22132800,1317822,6969,6969,0,0,0,0,0,0,0,0,0.068,0.066,0.000,0,0,0,6969,6969,0,0
travel,32.843,788.0,685.706,685.706,fly,0.860,ok,2601,0,0,192.00,453373952,598310912,114090264,95883264,18123768,2904,7449760,22132800,1317822,6969,6969,0,0,0,0,0,0,0,0,0.068,0.066,0.000,0,0,0,6969,6969,0,0
travel,32.874,788.7,686.228,686.228,fly,0.867,ok,2601,0,0,192.00,453373952,598310912,114090264,95883264,18123768,2904,7449760,22132800,1317822,6969,6969,0,0,0,0,0,0,0,0,0.068,0.070,0.000,0,0,0,6969,6969,0,0
travel,32.905,789.5,686.744,686.744,fly,0.861,ok,2601,0,0,192.00,453373952,598310912,114090264,95883264,18123768,2904,7449760,22132800,1317822,6969,6969,0,0,0,0,0,0,0,0,0.067,0.068,0.000,0,0,0,6969,6969,0,0
travel,32.935,790.2,687.262,687.262,fly,1.017,ok,2601,0,0,192.00,453373952,598310912,114090264,95883264,18123768,2904,7449760,22132800,1317822,6969,6969,0,0,0,0,0,0,0,0,0.078,0.113,0.000,0,0,0,6969,6969,0,0
travel,32.965,790.9,687.774,687.774,fly,0.845,ok,2601,0,0,192.00,453373952,598310912,114090264,95883264,18123768,2904,7449760,22132800,1317822,6969,6969,0,0,0,0,0,0,0,0,0.066,0.068,0.000,0,0,0,6969,6969,0,0
travel,33.004,791.9,688.434,688.434,fly,0.971,ok,2601,0,45,192.00,453386240,598310912,114090264,95883264,18123768,2904,11174640,19784784,1365234,7070,7070,0,0,8,0,0,0,0,0,0.071,0.087,0.000,0,0,0,7070,7070,0,0
travel,33.035,792.6,688.951,688.951,fly,0.861,ok,2601,0,0,192.00,453386240,598310912,114090264,95883264,18123768,2904,11174640,22132800,1373174,7070,7070,0,0,0,0,0,0,0,0,0.070,0.066,0.000,0,0,0,7070,7070,0,0
travel,33.066,793.3,689.476,689.476,fly,0.910,ok,2601,0,0,192.00,453386240,598310912,114090264,95883264,18123768,2904,11174640,22132800,1373174,7070,7070,0,0,0,0,0,0,0,0,0.072,0.074,0.000,0,0,0,7070,7070,0,0
travel,33.096,794.1,689.990,689.990,fly,0.846,ok,2601,0,0,192.00,453386240,598310912,114090264,95883264,18123768,2904,11174640,22132800,1373174,7070,7070,0,0,0,0,0,0,0,0,0.069,0.067,0.000,0,0,0,7070,7070,0,0
travel,33.126,794.8,690.503,690.503,fly,0.935,ok,2601,0,0,192.00,453386240,598310912,114090264,95883264,18123768,2904,11174640,22132800,1373174,7070,7070,0,0,0,0,0,0,0,0,0.070,0.129,0.000,0,0,0,7070,7070,0,0
travel,33.156,795.5,691.013,691.013,fly,0.896,ok,2601,0,0,192.00,453386240,598310912,114090264,95883264,18123768,2904,7449760,22132800,1373174,7070,7070,0,0,0,0,0,0,0,0,0.070,0.066,0.000,0,0,0,7070,7070,0,0
travel,33.187,796.2,691.530,691.530,fly,0.844,ok,2601,0,0,192.00,453386240,598310912,114090264,95883264,18123768,2904,7449760,22132800,1373174,7070,7070,0,0,0,0,0,0,0,0,0.069,0.067,0.000,0,0,0,7070,7070,0,0
travel,33.217,797.0,692.043,692.043,fly,1.125,ok,2601,0,0,192.00,453386240,598310912,114090264,95883264,18123768,2904,7449760,22132800,1373174,7070,7070,0,0,0,0,0,0,0,0,0.227,0.117,0.000,0,0,0,7070,7070,0,0
travel,33.247,797.7,692.561,692.561,fly,0.851,ok,2601,0,0,192.00,453386240,598310912,114090264,95883264,18123768,2904,7449760,22132800,1373174,7070,7070,0,0,0,0,0,0,0,0,0.068,0.069,0.000,0,0,0,7070,7070,0,0
travel,33.278,798.4,693.079,693.079,fly,0.869,ok,2601,0,0,192.00,453386240,598310912,114090264,95883264,18123768,2904,7449760,22132800,1373174,7070,7070,0,0,0,0,0,0,0,0,0.068,0.070,0.000,0,0,0,7070,7070,0,0
travel,33.309,799.2,693.603,693.603,fly,1.006,ok,2601,0,0,192.00,453386240,598310912,114090264,95883264,18123768,2904,7449760,22132800,1373174,7070,7070,0,0,0,0,0,0,0,0,0.142,0.084,0.000,0,0,0,7070,7070,0,0
travel,33.339,799.9,694.117,694.117,fly,0.854,ok,2601,0,0,192.00,453386240,598310912,114090264,95883264,18123768,2904,7449760,22132800,1373174,7070,7070,0,0,0,0,0,0,0,0,0.069,0.066,0.000,0,0,0,7070,7070,0,0
travel,33.370,800.6,694.636,694.636,fly,0.858,ok,2601,0,0,192.00,453386240,598310912,114090264,95883264,18123768,2904,7449760,22132800,1373174,7070,7070,0,0,0,0,0,0,0,0,0.070,0.070,0.000,0,0,0,7070,7070,0,0
travel,33.401,801.4,695.164,695.164,fly,0.859,ok,2601,0,0,192.00,453386240,598310912,114090264,95883264,18123768,2904,7449760,22132800,1373174,7070,7070,0,0,0,0,0,0,0,0,0.070,0.069,0.000,0,0,0,7070,7070,0,0
travel,33.432,802.1,695.692,695.692,fly,0.939,ok,2601,0,0,192.00,453386240,598310912,114090264,95883264,18123768,2904,7449760,22132800,1373174,7070,7070,0,0,0,0,0,0,0,0,0.072,0.089,0.000,0,0,0,7070,7070,0,0
travel,33.475,803.2,696.423,696.423,fly,0.955,ok,2601,0,60,192.00,453386240,598310912,114090264,95883264,18123768,2904,11174640,19002144,1416453,7171,7171,0,0,8,0,0,0,0,0,0.073,0.081,0.000,0,0,0,7171,7171,0,0
travel,33.506,803.9,696.951,696.951,fly,0.946,ok,2601,0,0,192.00,453386240,598310912,114090264,95883264,18123768,2904,11174640,22132800,1428166,7171,7171,0,0,0,0,0,0,0,0,0.141,0.071,0.000,0,0,0,7171,7171,0,0
travel,33.537,804.6,697.471,697.471,fly,0.874,ok,2601,0,0,192.00,453386240,598310912,114090264,95883264,18123768,2904,11174640,22132800,1428166,7171,7171,0,0,0,0,0,0,0,0,0.070,0.072,0.000,0,0,0,7171,7171,0,0
travel,33.568,805.4,697.994,697.994,fly,0.866,ok,2601,0,0,192.00,453386240,598310912,114090264,95883264,18123768,2904,11174640,22132800,1428166,7171,7171,0,0,0,0,0,0,0,0,0.071,0.071,0.000,0,0,0,7171,7171,0,0
travel,33.598,806.1,698.507,698.507,fly,0.979,ok,2601,0,0,192.00,453386240,598310912,114090264,95883264,18123768,2904,11174640,22132800,1428166,7171,7171,0,0,0,0,0,0,0,0,0.142,0.079,0.000,0,0,0,7171,7171,0,0
travel,33.628,806.8,699.021,699.021,fly,0.842,ok,2601,0,0,192.00,453386240,598310912,114090264,95883264,18123768,2904,7449760,22132800,1428166,7171,7171,0,0,0,0,0,0,0,0,0.069,0.064,0.000,0,0,0,7171,7171,0,0
travel,33.659,807.6,699.533,699.533,fly,0.852,ok,2601,0,0,192.00,453386240,598310912,114090264,95883264,18123768,2904,7449760,22132800,1428166,7171,7171,0,0,0,0,0,0,0,0,0.068,0.068,0.000,0,0,0,7171,7171,0,0
travel,33.689,808.3,700.048,700.048,fly,0.872,ok,2601,0,0,192.00,453386240,598310912,114090264,95883264,18123768,2904,7449760,22132800,1428166,7171,7171,0,0,0,0,0,0,0,0,0.069,0.071,0.000,0,0,0,7171,7171,0,0
travel,33.719,809.0,700.562,700.562,fly,0.849,ok,2601,0,0,192.00,453386240,598310912,114090264,95883264,18123768,2904,7449760,22132800,1428166,7171,7171,0,0,0,0,0,0,0,0,0.069,0.068,0.000,0,0,0,7171,7171,0,0
travel,33.749,809.7,701.071,701.071,fly,0.852,ok,2601,0,0,192.00,453386240,598310912,114090264,95883264,18123768,2904,7449760,22132800,1428166,7171,7171,0,0,0,0,0,0,0,0,0.068,0.063,0.000,0,0,0,7171,7171,0,0
travel,33.779,810.5,701.580,701.580,fly,0.862,ok,2601,0,0,192.00,453386240,598310912,114090264,95883264,18123768,2904,7449760,22132800,1428166,7171,7171,0,0,0,0,0,0,0,0,0.069,0.077,0.000,0,0,0,7171,7171,0,0
travel,33.809,811.2,702.092,702.092,fly,0.842,ok,2601,0,0,192.00,453386240,598310912,114090264,95883264,18123768,2904,7449760,22132800,1428166,7171,7171,0,0,0,0,0,0,0,0,0.067,0.065,0.000,0,0,0,7171,7171,0,0
travel,33.840,811.9,702.605,702.605,fly,0.844,ok,2601,0,0,192.00,453386240,598310912,114090264,95883264,18123768,2904,7449760,22132800,1428166,7171,7171,0,0,0,0,0,0,0,0,0.067,0.068,0.000,0,0,0,7171,7171,0,0
travel,33.870,812.6,703.114,703.114,fly,0.847,ok,2601,0,0,192.00,453386240,598310912,114090264,95883264,18123768,2904,7449760,22132800,1428166,7171,7171,0,0,0,0,0,0,0,0,0.067,0.066,0.000,0,0,0,7171,7171,0,0
travel,33.900,813.4,703.627,703.627,fly,0.854,ok,2601,0,0,192.00,453386240,598310912,114090264,95883264,18123768,2904,7449760,22132800,1428166,7171,7171,0,0,0,0,0,0,0,0,0.067,0.070,0.000,0,0,0,7171,7171,0,0
travel,33.939,814.3,704.293,704.293,fly,0.855,ok,2601,0,124,192.00,453877760,598802432,114090264,95883264,18123768,2904,11174640,15662880,1402729,7272,7272,0,0,0,0,0,0,0,0,0.069,0.068,0.000,0,0,0,7272,7272,0,0
travel,33.970,815.0,704.816,704.816,fly,0.846,ok,2601,0,0,192.00,453877760,598802432,114090264,95883264,18123768,2904,11174640,22132800,1263880,7272,7272,0,0,0,0,0,0,0,0,0.069,0.066,0.000,0,0,0,7272,7272,0,0
travel,34.000,815.8,705.329,705.329,fly,0.849,ok,2601,0,0,192.00,453877760,598802432,114090264,95883264,18123768,2904,11174640,22132800,1263880,7272,7272,0,0,0,0,0,0,0,0,0.070,0.068,0.000,0,0,0,7272,7272,0,0
travel,34.030,816.5,705.843,705.843,fly,0.931,ok,2601,0,0,192.00,453877760,598802432,114090264,95883264,18123768,2904,11174640,22132800,1263880,7272,7272,0,0,0,0,0,0,0,0,0.143,0.067,0.000,0,0,0,7272,7272,0,0
travel,34.061,817.2,706.367,706.367,fly,0.878,ok,2601,0,0,192.00,453877760,598802432,114090264,95883264,18123768,2904,11174640,22132800,1263880,7272,7272,0,0,0,0,0,0,0,0,0.071,0.076,0.000,0,0,0,7272,7272,0,0
travel,34.092,818.0,706.888,706.888,fly,0.844,ok,2601,0,0,192.00,453877760,598802432,114090264,95883264,18123768,2904,7449760,22132800,1263880,7272,7272,0,0,0,0,0,0,0,0,0.070,0.065,0.000,0,0,0,7272,7272,0,0
travel,34.122,818.7,707.401,707.401,fly,0.884,ok,2601,0,0,192.00,453877760,598802432,114090264,95883264,18123768,2904,7449760,22132800,1263880,7272,7272,0,0,0,0,0,0,0,0,0.073,0.079,0.000,0,0,0,7272,7272,0,0
travel,34.153,819.4,707.917,707.917,fly,0.876,ok,2601,0,0,192.00,453877760,598802432,114090264,95883264,18123768,2904,7449760,22132800,1263880,7272,7272,0,0,0,0,0,0,0,0,0.069,0.072,0.000,0,0,0,7272,7272,0,0
travel,34.183,820.2,708.436,708.436,fly,0.912,ok,2601,0,0,192.00,453877760,598802432,114090264,95883264,18123768,2904,7449760,22132800,1263880,7272,7272,0,0,0,0,0,0,0,0,0.071,0.079,0.000,0,0,0,7272,7272,0,0
travel,34.214,820.9,708.962,708.962,fly,0.869,ok,2601,0,0,192.00,453877760,598802432,114090264,95883264,18123768,2904,7449760,22132800,1263880,7272,7272,0,0,0,0,0,0,0,0,0.069,0.065,0.000,0,0,0,7272,7272,0,0
travel,34.245,821.6,709.487,709.487,fly,0.862,ok,2601,0,0,192.00,453877760,598802432,114090264,95883264,18123768,2904,7449760,22132800,1263880,7272,7272,0,0,0,0,0,0,0,0,0.071,0.069,0.000,0,0,0,7272,7272,0,0
travel,34.276,822.4,710.009,710.009,fly,0.908,ok,2601,0,0,192.00,453877760,598802432,114090264,95883264,18123768,2904,7449760,22132800,1263880,7272,7272,0,0,0,0,0,0,0,0,0.068,0.066,0.000,0,0,0,7272,7272,0,0
travel,34.307,823.1,710.526,710.526,fly,0.888,ok,2601,0,0,192.00,453877760,598802432,114090264,95883264,18123768,2904,7449760,22132800,1263880,7272,7272,0,0,0,0,0,0,0,0,0.069,0.078,0.000,0,0,0,7272,7272,0,0
travel,34.337,823.8,711.036,711.036,fly,0.849,ok,2601,0,0,192.00,453877760,598802432,114090264,95883264,18123768,2904,7449760,22132800,1263880,7272,7272,0,0,0,0,0,0,0,0,0.067,0.068,0.000,0,0,0,7272,7272,0,0
travel,34.367,824.6,711.556,711.556,fly,0.839,ok,2601,0,0,192.00,453877760,598802432,114090264,95883264,18123768,2904,7449760,22132800,1263880,7272,7272,0,0,0,0,0,0,0,0,0.068,0.065,0.000,0,0,0,7272,7272,0,0
travel,34.405,825.5,712.204,712.204,fly,0.886,ok,2601,0,140,192.00,453935104,598802432,114090264,95883264,18123768,2904,11174640,14880240,1286786,7373,7373,0,0,24,0,0,0,0,0,0.070,0.070,0.000,0,0,0,7373,7373,0,0
travel,34.436,826.2,712.720,712.720,fly,0.855,ok,2601,0,0,192.00,453951488,598802432,114090264,95883264,18123768,2904,11174640,22132800,1318892,7373,7373,0,0,0,0,0,0,0,0,0.072,0.065,0.000,0,0,0,7373,7373,0,0
travel,34.466,826.9,713.235,713.235,fly,0.964,ok,2601,0,0,192.00,453951488,598802432,114090264,95883264,18123768,2904,11174640,22132800,1318892,7373,7373,0,0,0,0,0,0,0,0,0.079,0.118,0.000,0,0,0,7373,7373,0,0
travel,34.497,827.7,713.749,713.749,fly,0.874,ok,2601,0,0,192.00,453951488,598802432,114090264,95883264,18123768,2904,11174640,22132800,1318892,7373,7373,0,0,0,0,0,0,0,0,0.070,0.073,0.000,0,0,0,7373,7373,0,0
travel,34.527,828.4,714.272,714.272,fly,0.983,ok,2601,0,0,192.00,453951488,598802432,114090264,95883264,18123768,2904,11174640,22132800,1318892,7373,7373,0,0,0,0,0,0,0,0,0.142,0.086,0.000,0,0,0,7373,7373,0,0
travel,34.559,829.2,714.802,714.802,fly,0.871,ok,2601,0,0,192.00,453951488,598802432,114090264,95883264,18123768,2904,11174640,22132800,1318892,7373,7373,0,0,0,0,0,0,0,0,0.069,0.073,0.000,0,0,0,7373,7373,0,0
travel,34.590,829.9,715.341,715.341,fly,0.861,ok,2601,0,0,192.00,453951488,598802432,114090264,95883264,18123768,2904,7449760,22132800,1318892,7373,7373,0,0,0,0,0,0,0,0,0.069,0.070,0.000,0,0,0,7373,7373,0,0
travel,34.621,830.7,715.866,715.866,fly,0.864,ok,2601,0,0,192.00,453951488,598802432,114090264,95883264,18123768,2904,7449760,22132800,1318892,7373,7373,0,0,0,0,0,0,0,0,0.070,0.073,0.000,0,0,0,7373,7373,0,0
travel,34.651,831.4,716.376,716.376,fly,0.847,ok,2601,0,0,192.00,453951488,598802432,114090264,95883264,18123768,2904,7449760,22132800,1318892,7373,7373,0,0,0,0,0,0,0,0,0.067,0.066,0.000,0,0,0,7373,7373,0,0
travel,34.682,832.1,716.901,716.901,fly,0.882,ok,2601,0,0,192.00,453951488,598802432,114090264,95883264,18123768,2904,7449760,22132800,1318892,7373,7373,0,0,0,0,0,0,0,0,0.068,0.075,0.000,0,0,0,7373,7373,0,0
travel,34.716,832.9,717.467,717.467,fly,0.854,ok,2601,0,0,192.00,453951488,598802432,114090264,95883264,18123768,2904,7449760,22132800,1318892,7373,7373,0,0,0,0,0,0,0,0,0.068,0.067,0.000,0,0,0,7373,7373,0,0
travel,34.746,833.7,717.984,717.984,fly,0.983,ok,2601,0,0,192.00,453951488,598802432,114090264,95883264,18123768,2904,7449760,22132800,1318892,7373,7373,0,0,0,0,0,0,0,0,0.078,0.119,0.000,0,0,0,7373,7373,0,0
travel,34.777,834.4,718.501,718.501,fly,0.854,ok,2601,0,0,192.00,453951488,598802432,114090264,95883264,18123768,2904,7449760,22132800,1318892,7373,7373,0,0,0,0,0,0,0,0,0.067,0.069,0.000,0,0,0,7373,7373,0,0
travel,34.807,835.1,719.021,719.021,fly,0.845,ok,2601,0,0,192.00,453951488,598802432,114090264,95883264,18123768,2904,7449760,22132800,1318892,7373,7373,0,0,0,0,0,0,0,0,0.067,0.068,0.000,0,0,0,7373,7373,0,0
travel,34.838,835.9,719.536,719.536,fly,0.859,ok,2601,0,0,192.00,453951488,598802432,114090264,95883264,18123768,2904,7449760,22132800,1318892,7373,7373,0,0,0,0,0,0,0,0,0.080,0.068,0.000,0,0,0,7373,7373,0,0
travel,34.875,836.7,720.164,720.164,fly,2.703,ok,2601,0,147,192.00,453963776,598802432,114090264,95883264,18123768,2904,11174640,14462832,1339512,7474,7474,26,0,56,26,26,0,0,0,0.083,0.081,0.000,0,0,0,7474,7474,0,0
travel,34.907,837.5,720.711,720.711,fly,0.850,ok,2601,0,0,192.00,453980160,598802432,114090264,95883264,18123768,2904,11174640,22132800,1372572,7474,7474,0,0,0,0,0,0,0,0,0.068,0.069,0.000,0,0,0,7474,7474,0,0
travel,34.938,838.3,721.234,721.234,fly,0.858,ok,2601,0,0,192.00,453980160,598802432,114090264,95883264,18123768,2904,11174640,22132800,1372572,7474,7474,0,0,0,0,0,0,0,0,0.070,0.068,0.000,0,0,0,7474,7474,0,0
travel,34.968,839.0,721.743,721.743,fly,0.941,ok,2601,0,0,192.00,453980160,598802432,114090264,95883264,18123768,2904,11174640,22132800,1372572,7474,7474,0,0,0,0,0,0,0,0,0.071,0.126,0.000,0,0,0,7474,7474,0,0
travel,34.998,839.7,722.252,722.252,fly,0.856,ok,2601,0,0,192.00,453980160,598802432,114090264,95883264,18123768,2904,11174640,22132800,1372572,7474,7474,0,0,0,0,0,0,0,0,0.069,0.069,0.000,0,0,0,7474,7474,0,0
travel,35.028,840.4,722.771,722.771,fly,0.851,ok,2601,0,0,192.00,453980160,598802432,114090264,95883264,18123768,2904,11174640,22132800,1372572,7474,7474,0,0,0,0,0,0,0,0,0.070,0.065,0.000,0,0,0,7474,7474,0,0
travel,35.058,841.1,723.280,723.280,fly,0.912,ok,2601,0,0,192.00,453980160,598802432,114090264,95883264,18123768,2904,7449760,22132800,1372572,7474,7474,0,0,0,0,0,0,0,0,0.071,0.078,0.000,0,0,0,7474,7474,0,0
travel,35.089,841.9,723.795,723.795,fly,0.847,ok,2601,0,0,192.00,453980160,598802432,114090264,95883264,18123768,2904,7449760,22132800,1372572,7474,7474,0,0,0,0,0,0,0,0,0.068,0.068,0.000,0,0,0,7474,7474,0,0
travel,35.119,842.6,724.316,724.316,fly,0.847,ok,2601,0,0,192.00,453980160,598802432,114090264,95883264,18123768,2904,7449760,22132800,1372572,7474,7474,0,0,0,0,0,0,0,0,0.069,0.068,0.000,0,0,0,7474,7474,0,0
travel,35.150,843.3,724.826,724.826,fly,0.883,ok,2601,0,0,192.00,453980160,598802432,114090264,95883264,18123768,2904,7449760,22132800,1372572,7474,7474,0,0,0,0,0,0,0,0,0.068,0.072,0.000,0,0,0,7474,7474,0,0
travel,35.180,844.1,725.344,725.344,fly,0.847,ok,2601,0,0,192.00,453980160,598802432,114090264,95883264,18123768,2904,7449760,22132800,1372572,7474,7474,0,0,0,0,0,0,0,0,0.067,0.067,0.000,0,0,0,7474,7474,0,0
travel,35.210,844.8,725.853,725.853,fly,0.925,ok,2601,0,0,192.00,453980160,598802432,114090264,95883264,18123768,2904,7449760,22132800,1372572,7474,7474,0,0,0,0,0,0,0,0,0.147,0.069,0.000,0,0,0,7474,7474,0,0
travel,35.241,845.5,726.369,726.369,fly,0.899,ok,2601,0,0,192.00,453980160,598802432,114090264,95883264,18123768,2904,7449760,22132800,1372572,7474,7474,0,0,0,0,0,0,0,0,0.069,0.074,0.000,0,0,0,7474,7474,0,0
travel,35.271,846.3,726.892,726.892,fly,1.056,ok,2601,0,0,192.00,453980160,598802432,114090264,95883264,18123768,2904,7449760,22132800,1372572,7474,7474,0,0,0,0,0,0,0,0,0.075,0.108,0.000,0,0,0,7474,7474,0,0
travel,35.302,847.0,727.405,727.405,fly,1.127,ok,2601,0,0,192.00,453980160,598802432,114090264,95883264,18123768,2904,7449760,22132800,1372572,7474,7474,0,0,0,0,0,0,0,0,0.323,0.065,0.000,0,0,0,7474,7474,0,0
travel,35.332,847.7,727.920,727.920,fly,0.856,ok,2601,0,0,192.00,453980160,598802432,114090264,95883264,18123768,2904,7449760,22132800,1372572,7474,7474,0,0,0,0,0,0,0,0,0.066,0.076,0.000,0,0,0,7474,7474,0,0
travel,35.370,848.6,728.565,728.565,fly,0.850,ok,2601,0,10,192.00,453980160,598802432,114090264,95883264,18123768,2904,11174640,21610944,1426533,7575,7575,0,0,7,0,0,0,0,0,0.068,0.069,0.000,0,0,0,7575,7575,0,0
travel,35.400,849.4,729.082,729.082,fly,0.931,ok,2601,0,0,192.00,453980160,598802432,114090264,95883264,18123768,2904,11174640,22132800,1428020,7575,7575,0,0,0,0,0,0,0,0,0.143,0.070,0.000,0,0,0,7575,7575,0,0
travel,35.431,850.1,729.595,729.595,fly,0.854,ok,2601,0,0,192.00,453980160,598802432,114090264,95883264,18123768,2904,11174640,22132800,1428020,7575,7575,0,0,0,0,0,0,0,0,0.068,0.067,0.000,0,0,0,7575,7575,0,0
travel,35.461,850.8,730.112,730.112,fly,0.845,ok,2601,0,0,192.00,453980160,598802432,114090264,95883264,18123768,2904,11174640,22132800,1428020,7575,7575,0,0,0,0,0,0,0,0,0.067,0.066,0.000,0,0,0,7575,7575,0,0
travel,35.492,851.5,730.635,730.635,fly,0.863,ok,2601,0,0,192.00,453980160,598802432,114090264,95883264,18123768,2904,11174640,22132800,1428020,7575,7575,0,0,0,0,0,0,0,0,0.069,0.068,0.000,0,0,0,7575,7575,0,0
travel,35.523,852.3,731.152,731.152,fly,0.878,ok,2601,0,0,192.00,453980160,598802432,114090264,95883264,18123768,2904,7449760,22132800,1428020,7575,7575,0,0,0,0,0,0,0,0,0.070,0.070,0.000,0,0,0,7575,7575,0,0
travel,35.555,853.1,731.702,731.702,fly,0.873,ok,2601,0,0,192.00,453980160,598802432,114090264,95883264,18123768,2904,7449760,22132800,1428020,7575,7575,0,0,0,0,0,0,0,0,0.071,0.068,0.000,0,0,0,7575,7575,0,0
travel,35.594,854.0,732.363,732.363,fly,1.287,ok,2601,0,0,192.00,453980160,598802432,114090264,95883264,18123768,2904,7449760,22132800,1428020,7575,7575,0,0,0,0,0,0,0,0,0.073,0.157,0.000,0,0,0,7575,7575,0,0
travel,35.635,855.0,733.059,733.059,fly,1.201,ok,2601,0,0,192.00,453980160,598802432,114090264,95883264,18123768,2904,7449760,22132800,1428020,7575,7575,0,0,0,0,0,0,0,0,0.077,0.114,0.000,0,0,0,7575,7575,0,0
travel,35.669,855.8,733.641,733.641,fly,0.991,ok,2601,0,0,192.00,453980160,598802432,114090264,95883264,18123768,2904,7449760,22132800,1428020,7575,7575,0,0,0,0,0,0,0,0,0.069,0.085,0.000,0,0,0,7575,7575,0,0
travel,35.703,856.6,734.208,734.208,fly,1.045,ok,2601,0,0,192.00,453980160,598802432,114090264,95883264,18123768,2904,7449760,22132800,1428020,7575,7575,0,0,0,0,0,0,0,0,0.143,0.082,0.000,0,0,0,7575,7575,0,0
travel,35.734,857.4,734.743,734.743,fly,0.908,ok,2601,0,0,192.00,453980160,598802432,114090264,95883264,18123768,2904,7449760,22132800,1428020,7575,7575,0,0,0,0,0,0,0,0,0.068,0.075,0.000,0,0,0,7575,7575,0,0
travel,35.765,858.1,735.269,735.269,fly,0.960,ok,2601,0,0,192.00,453980160,598802432,114090264,95883264,18123768,2904,7449760,22132800,1428020,7575,7575,0,0,0,0,0,0,0,0,0.150,0.072,0.000,0,0,0,7575,7575,0,0
travel,35.796,858.8,735.788,735.788,fly,0.886,ok,2601,0,0,192.00,453980160,598802432,114090264,95883264,18123768,2904,7449760,22132800,1428020,7575,7575,0,0,0,0,0,0,0,0,0.069,0.077,0.000,0,0,0,7575,7575,0,0
travel,35.836,859.8,736.474,736.474,fly,1.262,ok,2601,0,59,192.00,453980160,598802432,114090264,95883264,18123768,2904,11174640,19106496,1249084,7676,7676,0,0,8,0,0,0,0,0,0.465,0.065,0.000,0,0,0,7676,7676,0,0
travel,35.867,860.5,736.992,736.992,fly,0.851,ok,2601,0,0,192.00,453980160,598802432,114090264,95883264,18123768,2904,11174640,22132800,1261030,7676,7676,0,0,0,0,0,0,0,0,0.068,0.065,0.000,0,0,0,7676,7676,0,0
travel,35.897,861.3,737.509,737.509,fly,0.902,ok,2601,0,0,192.00,453980160,598802432,114090264,95883264,18123768,2904,11174640,22132800,1261030,7676,7676,0,0,0,0,0,0,0,0,0.069,0.079,0.000,0,0,0,7676,7676,0,0
travel,35.927,862.0,738.022,738.022,fly,0.863,ok,2601,0,0,192.00,453980160,598802432,114090264,95883264,18123768,2904,11174640,22132800,1261030,7676,7676,0,0,0,0,0,0,0,0,0.069,0.071,0.000,0,0,0,7676,7676,0,0
travel,35.958,862.7,738.547,738.547,fly,0.890,ok,2601,0,0,192.00,453980160,598802432,114090264,95883264,18123768,2904,7449760,22132800,1261030,7676,7676,0,0,0,0,0,0,0,0,0.068,0.089,0.000,0,0,0,7676,7676,0,0
travel,35.989,863.5,739.068,739.068,fly,0.853,ok,2601,0,0,192.00,453980160,598802432,114090264,95883264,18123768,2904,7449760,22132800,1261030,7676,7676,0,0,0,0,0,0,0,0,0.068,0.066,0.000,0,0,0,7676,7676,0,0
travel,36.019,864.2,739.579,739.579,fly,0.854,ok,2601,0,0,192.00,453980160,598802432,114090264,95883264,18123768,2904,7449760,22132800,1261030,7676,7676,0,0,0,0,0,0,0,0,0.069,0.066,0.000,0,0,0,7676,7676,0,0
travel,36.050,864.9,740.097,740.097,fly,0.877,ok,2601,0,0,192.00,453980160,598802432,114090264,95883264,18123768,2904,7449760,22132800,1261030,7676,7676,0,0,0,0,0,0,0,0,0.068,0.067,0.000,0,0,0,7676,7676,0,0
travel,36.080,865.7,740.610,740.610,fly,0.846,ok,2601,0,0,192.00,453980160,598802432,114090264,95883264,18123768,2904,7449760,22132800,1261030,7676,7676,0,0,0,0,0,0,0,0,0.068,0.069,0.000,0,0,0,7676,7676,0,0
travel,36.110,866.4,741.122,741.122,fly,0.853,ok,2601,0,0,192.00,453980160,598802432,114090264,95883264,18123768,2904,7449760,22132800,1261030,7676,7676,0,0,0,0,0,0,0,0,0.069,0.072,0.000,0,0,0,7676,7676,0,0
travel,36.140,867.1,741.635,741.635,fly,0.926,ok,2601,0,0,192.00,453980160,598802432,114090264,95883264,18123768,2904,7449760,22132800,1261030,7676,7676,0,0,0,0,0,0,0,0,0.137,0.071,0.000,0,0,0,7676,7676,0,0
travel,36.171,867.8,742.157,742.157,fly,0.947,ok,2601,0,0,192.00,453980160,598802432,114090264,95883264,18123768,2904,7449760,22132800,1261030,7676,7676,0,0,0,0,0,0,0,0,0.144,0.075,0.000,0,0,0,7676,7676,0,0
travel,36.201,868.6,742.670,742.670,fly,0.878,ok,2601,0,0,192.00,453980160,598802432,114090264,95883264,18123768,2904,7449760,22132800,1261030,7676,7676,0,0,0,0,0,0,0,0,0.070,0.071,0.000,0,0,0,7676,7676,0,0
travel,36.232,869.3,743.188,743.188,fly,0.895,ok,2601,0,0,192.00,453980160,598802432,114090264,95883264,18123768,2904,7449760,22132800,1261030,7676,7676,0,0,0,0,0,0,0,0,0.069,0.072,0.000,0,0,0,7676,7676,0,0
travel,36.262,870.0,743.702,743.702,fly,0.907,ok,2601,0,0,192.00,453980160,598802432,114090264,95883264,18123768,2904,7449760,22132800,1261030,7676,7676,0,0,0,0,0,0,0,0,0.066,0.076,0.000,0,0,0,7676,7676,0,0
travel,36.301,871.0,744.358,744.358,fly,0.872,ok,2601,0,74,192.00,453980160,598802432,114090264,95883264,18123768,2904,11174640,18271680,1300770,7777,7777,0,0,6,0,0,0,0,0,0.069,0.067,0.000,0,0,0,7777,7777,0,0
travel,36.331,871.7,744.873,744.873,fly,0.882,ok,2601,0,0,192.00,453980160,598802432,114090264,95883264,18123768,2904,11174640,22132800,1314626,7777,7777,0,0,0,0,0,0,0,0,0.068,0.069,0.000,0,0,0,7777,7777,0,0
travel,36.362,872.4,745.387,745.387,fly,0.935,ok,2601,0,0,192.00,453980160,598802432,114090264,95883264,18123768,2904,11174640,22132800,1314626,7777,7777,0,0,0,0,0,0,0,0,0.144,0.069,0.000,0,0,0,7777,7777,0,0
travel,36.392,873.1,745.899,745.899,fly,1.144,ok,2601,0,0,192.00,453980160,598802432,114090264,95883264,18123768,2904,11174640,22132800,1314626,7777,7777,0,0,0,0,0,0,0,0,0.364,0.066,0.000,0,0,0,7777,7777,0,0
travel,36.423,873.9,746.425,746.425,fly,0.864,ok,2601,0,0,192.00,453980160,598802432,114090264,95883264,18123768,2904,7449760,22132800,1314626,7777,7777,0,0,0,0,0,0,0,0,0.072,0.070,0.000,0,0,0,7777,7777,0,0
travel,36.453,874.6,746.935,746.935,fly,0.845,ok,2601,0,0,192.00,453980160,598802432,114090264,95883264,18123768,2904,7449760,22132800,1314626,7777,7777,0,0,0,0,0,0,0,0,0.067,0.066,0.000,0,0,0,7777,7777,0,0
travel,36.483,875.3,747.452,747.452,fly,0.853,ok,2601,0,0,192.00,453980160,598802432,114090264,95883264,18123768,2904,7449760,22132800,1314626,7777,7777,0,0,0,0,0,0,0,0,0.068,0.068,0.000,0,0,0,7777,7777,0,0
travel,36.515,876.1,747.983,747.983,fly,0.856,ok,2601,0,0,192.00,453980160,598802432,114090264,95883264,18123768,2904,7449760,22132800,1314626,7777,7777,0,0,0,0,0,0,0,0,0.068,0.067,0.000,0,0,0,7777,7777,0,0
travel,36.545,876.8,748.502,748.502,fly,1.056,ok,2601,0,0,192.00,453980160,598802432,114090264,95883264,18123768,2904,7449760,22132800,1314626,7777,7777,0,0,0,0,0,0,0,0,0.073,0.106,0.000,0,0,0,7777,7777,0,0
travel,36.576,877.5,749.018,749.018,fly,0.920,ok,2601,0,0,192.00,453980160,598802432,114090264,95883264,18123768,2904,7449760,22132800,1314626,7777,7777,0,0,0,0,0,0,0,0,0.072,0.072,0.000,0,0,0,7777,7777,0,0
travel,36.606,878.3,749.535,749.535,fly,0.844,ok,2601,0,0,192.00,453980160,598802432,114090264,95883264,18123768,2904,7449760,22132800,1314626,7777,7777,0,0,0,0,0,0,0,0,0.067,0.069,0.000,0,0,0,7777,7777,0,0
travel,36.637,879.0,750.055,750.055,fly,0.894,ok,2601,0,0,192.00,453980160,598802432,114090264,95883264,18123768,2904,7449760,22132800,1314626,7777,7777,0,0,0,0,0,0,0,0,0.068,0.073,0.000,0,0,0,7777,7777,0,0
travel,36.667,879.7,750.565,750.565,fly,0.914,ok,2601,0,0,192.00,453980160,598802432,114090264,95883264,18123768,2904,7449760,22132800,1314626,7777,7777,0,0,0,0,0,0,0,0,0.068,0.080,0.000,0,0,0,7777,7777,0,0
travel,36.697,880.5,751.084,751.084,fly,0.845,ok,2601,0,0,192.00,453980160,598802432,114090264,95883264,18123768,2904,7449760,22132800,1314626,7777,7777,0,0,0,0,0,0,0,0,0.065,0.068,0.000,0,0,0,7777,7777,0,0
travel,36.728,881.2,751.598,751.598,fly,0.859,ok,2601,0,0,192.00,453980160,598802432,114090264,95883264,18123768,2904,7449760,22132800,1314626,7777,7777,0,0,0,0,0,0,0,0,0.068,0.071,0.000,0,0,0,7777,7777,0,0
travel,36.768,882.2,752.275,752.275,fly,0.872,ok,2601,0,118,192.00,453980160,598802432,114090264,95883264,18123768,2904,11174640,15975936,1344906,7878,7878,0,0,6,0,0,0,0,0,0.069,0.069,0.000,0,0,0,7878,7878,0,0
travel,36.801,882.9,752.839,752.839,fly,1.179,ok,2601,0,0,192.00,453980160,598802432,114090264,95883264,18123768,2904,11174640,22132800,1370582,7878,7878,0,0,0,0,0,0,0,0,0.149,0.100,0.000,0,0,0,7878,7878,0,0
travel,36.832,883.7,753.371,753.371,fly,0.888,ok,2601,0,0,192.00,453980160,598802432,114090264,95883264,18123768,2904,11174640,22132800,1370582,7878,7878,0,0,0,0,0,0,0,0,0.069,0.073,0.000,0,0,0,7878,7878,0,0
travel,36.863,884.4,753.884,753.884,fly,0.954,ok,2601,0,0,192.00,453980160,598802432,114090264,95883264,18123768,2904,11174640,22132800,1370582,7878,7878,0,0,0,0,0,0,0,0,0.068,0.103,0.000,0,0,0,7878,7878,0,0
travel,36.893,885.2,754.406,754.406,fly,0.899,ok,2601,0,0,192.00,453980160,598802432,114090264,95883264,18123768,2904,11174640,22132800,1370582,7878,7878,0,0,0,0,0,0,0,0,0.068,0.075,0.000,0,0,0,7878,7878,0,0
travel,36.924,885.9,754.920,754.920,fly,0.883,ok,2601,0,0,192.00,453980160,598802432,114090264,95883264,18123768,2904,7449760,22132800,1370582,7878,7878,0,0,0,0,0,0,0,0,0.068,0.074,0.000,0,0,0,7878,7878,0,0
travel,36.954,886.6,755.431,755.431,fly,0.886,ok,2601,0,0,192.00,453980160,598802432,114090264,95883264,18123768,2904,7449760,22132800,1370582,7878,7878,0,0,0,0,0,0,0,0,0.067,0.074,0.000,0,0,0,7878,7878,0,0
travel,36.984,887.3,755.940,755.940,fly,1.051,ok,2601,0,0,192.00,453980160,598802432,114090264,95883264,18123768,2904,7449760,22132800,1370582,7878,7878,0,0,0,0,0,0,0,0,0.268,0.068,0.000,0,0,0,7878,7878,0,0
travel,37.014,888.1,756.460,756.460,fly,0.843,ok,2601,0,0,192.00,453980160,598802432,114090264,95883264,18123768,2904,7449760,22132800,1370582,7878,7878,0,0,0,0,0,0,0,0,0.066,0.068,0.000,0,0,0,7878,7878,0,0
travel,37.045,888.8,756.974,756.974,fly,0.881,ok,2601,0,0,192.00,453980160,598802432,114090264,95883264,18123768,2904,7449760,22132800,1370582,7878,7878,0,0,0,0,0,0,0,0,0.066,0.072,0.000,0,0,0,7878,7878,0,0
travel,37.075,889.5,757.495,757.495,fly,0.849,ok,2601,0,0,192.00,453980160,598802432,114090264,95883264,18123768,2904,7449760,22132800,1370582,7878,7878,0,0,0,0,0,0,0,0,0.065,0.066,0.000,0,0,0,7878,7878,0,0
travel,37.106,890.3,758.020,758.020,fly,0.868,ok,2601,0,0,192.00,453980160,598802432,114090264,95883264,18123768,2904,7449760,22132800,1370582,7878,7878,0,0,0,0,0,0,0,0,0.066,0.070,0.000,0,0,0,7878,7878,0,0
travel,37.137,891.0,758.533,758.533,fly,0.853,ok,2601,0,0,192.00,453980160,598802432,114090264,95883264,18123768,2904,7449760,22132800,1370582,7878,7878,0,0,0,0,0,0,0,0,0.066,0.069,0.000,0,0,0,7878,7878,0,0
travel,37.167,891.7,759.046,759.046,fly,0.889,ok,2601,0,0,192.00,453980160,598802432,114090264,95883264,18123768,2904,7449760,22132800,1370582,7878,7878,0,0,0,0,0,0,0,0,0.069,0.073,0.000,0,0,0,7878,7878,0,0
travel,37.197,892.5,759.565,759.565,fly,0.864,ok,2601,0,0,192.00,453980160,598802432,114090264,95883264,18123768,2904,7449760,22132800,1370582,7878,7878,0,0,0,0,0,0,0,0,0.068,0.069,0.000,0,0,0,7878,7878,0,0
travel,37.236,893.4,760.210,760.210,fly,0.880,ok,2601,0,144,192.00,453980160,598802432,114090264,95883264,18123768,2904,11174640,14619360,1392381,7979,7979,0,0,5,0,0,0,0,0,0.068,0.079,0.000,0,0,0,7979,7979,0,0
travel,37.266,894.1,760.724,760.724,fly,0.850,ok,2601,0,0,192.00,453980160,598802432,114090264,95883264,18123768,2904,11174640,22132800,1426026,7979,7979,0,0,0,0,0,0,0,0,0.068,0.067,0.000,0,0,0,7979,7979,0,0
travel,37.296,894.8,761.238,761.238,fly,0.845,ok,2601,0,0,192.00,453980160,598802432,114090264,95883264,18123768,2904,11174640,22132800,1426026,7979,7979,0,0,0,0,0,0,0,0,0.068,0.068,0.000,0,0,0,7979,7979,0,0
travel,37.326,895.5,761.749,761.749,fly,0.846,ok,2601,0,0,192.00,453980160,598802432,114090264,95883264,18123768,2904,11174640,22132800,1426026,7979,7979,0,0,0,0,0,0,0,0,0.066,0.069,0.000,0,0,0,7979,7979,0,0
travel,37.356,896.3,762.258,762.258,fly,0.844,ok,2601,0,0,192.00,453980160,598802432,114090264,95883264,18123768,2904,11174640,22132800,1426026,7979,7979,0,0,0,0,0,0,0,0,0.065,0.064,0.000,0,0,0,7979,7979,0,0
travel,37.387,897.0,762.774,762.774,fly,0.855,ok,2601,0,0,192.00,453980160,598802432,114090264,95883264,18123768,2904,7449760,22132800,1426026,7979,7979,0,0,0,0,0,0,0,0,0.066,0.070,0.001,0,0,0,7979,7979,0,0
travel,37.417,897.7,763.286,763.286,fly,0.848,ok,2601,0,0,192.00,453980160,598802432,114090264,95883264,18123768,2904,7449760,22132800,1426026,7979,7979,0,0,0,0,0,0,0,0,0.071,0.067,0.000,0,0,0,7979,7979,0,0
travel,37.447,898.4,763.794,763.794,fly,0.848,ok,2601,0,0,192.00,453980160,598802432,114090264,95883264,18123768,2904,7449760,22132800,1426026,7979,7979,0,0,0,0,0,0,0,0,0.068,0.069,0.000,0,0,0,7979,7979,0,0
travel,37.477,899.2,764.307,764.307,fly,0.846,ok,2601,0,0,192.00,453980160,598802432,114090264,95883264,18123768,2904,7449760,22132800,1426026,7979,7979,0,0,0,0,0,0,0,0,0.064,0.068,0.000,0,0,0,7979,7979,0,0
travel,37.507,899.9,764.819,764.819,fly,0.885,ok,2601,0,0,192.00,453980160,598802432,114090264,95883264,18123768,2904,7449760,22132800,1426026,7979,7979,0,0,0,0,0,0,0,0,0.065,0.071,0.000,0,0,0,7979,7979,0,0
travel,37.538,900.6,765.335,765.335,fly,0.962,ok,2601,0,0,192.00,453980160,598802432,114090264,95883264,18123768,2904,7449760,22132800,1426026,7979,7979,0,0,0,0,0,0,0,0,0.074,0.120,0.000,0,0,0,7979,7979,0,0
travel,37.568,901.3,765.850,765.850,fly,0.846,ok,2601,0,0,192.00,453980160,598802432,114090264,95883264,18123768,2904,7449760,22132800,1426026,7979,7979,0,0,0,0,0,0,0,0,0.065,0.069,0.000,0,0,0,7979,7979,0,0
travel,37.599,902.1,766.379,766.379,fly,0.881,ok,2601,0,0,192.00,453980160,598802432,114090264,95883264,18123768,2904,7449760,22132800,1426026,7979,7979,0,0,0,0,0,0,0,0,0.066,0.075,0.000,0,0,0,7979,7979,0,0
travel,37.630,902.8,766.895,766.895,fly,0.843,ok,2601,0,0,192.00,453980160,598802432,114090264,95883264,18123768,2904,7449760,22132800,1426026,7979,7979,0,0,0,0,0,0,0,0,0.065,0.069,0.000,0,0,0,7979,7979,0,0
travel,37.660,903.5,767.404,767.404,fly,0.845,ok,2601,0,0,192.00,453980160,598802432,114090264,95883264,18123768,2904,7449760,22132800,1426026,7979,7979,0,0,0,0,0,0,0,0,0.066,0.070,0.000,0,0,0,7979,7979,0,0
travel,37.690,904.3,767.912,767.912,fly,1.126,ok,2601,0,0,192.00,453980160,598802432,114090264,95883264,18123768,2904,7449760,22132800,1426026,7979,7979,0,0,0,0,0,0,0,0,0.345,0.069,0.000,0,0,0,7979,7979,0,0
travel,37.729,905.2,768.576,768.576,fly,0.876,ok,2601,0,16,192.00,453980160,598802432,114090264,95883264,18123768,2904,11174640,21297888,1260841,8080,8080,0,0,7,0,0,0,0,0,0.069,0.075,0.000,0,0,0,8080,8080,0,0
travel,37.759,905.9,769.088,769.088,fly,0.842,ok,2601,0,0,192.00,453980160,598802432,114090264,95883264,18123768,2904,11174640,22132800,1263844,8080,8080,0,0,0,0,0,0,0,0,0.068,0.064,0.000,0,0,0,8080,8080,0,0
travel,37.789,906.7,769.601,769.601,fly,0.856,ok,2601,0,0,192.00,453980160,598802432,114090264,95883264,18123768,2904,11174640,22132800,1263844,8080,8080,0,0,0,0,0,0,0,0,0.069,0.067,0.000,0,0,0,8080,8080,0,0
travel,37.820,907.4,770.119,770.119,fly,0.961,ok,2601,0,0,192.00,453980160,598802432,114090264,95883264,18123768,2904,11174640,22132800,1263844,8080,8080,0,0,0,0,0,0,0,0,0.079,0.109,0.000,0,0,0,8080,8080,0,0
travel,37.850,908.1,770.638,770.638,fly,0.896,ok,2601,0,0,192.00,453980160,598802432,114090264,95883264,18123768,2904,11174640,22132800,1263844,8080,8080,0,0,0,0,0,0,0,0,0.069,0.071,0.000,0,0,0,8080,8080,0,0
travel,37.881,908.9,771.167,771.167,fly,0.945,ok,2601,0,0,192.00,453980160,598802432,114090264,95883264,18123768,2904,7449760,22132800,1263844,8080,8080,0,0,0,0,0,0,0,0,0.069,0.116,0.000,0,0,0,8080,8080,0,0
travel,37.913,909.6,771.704,771.704,fly,0.959,ok,2601,0,0,192.00,453980160,598802432,114090264,95883264,18123768,2904,7449760,22132800,1263844,8080,8080,0,0,0,0,0,0,0,0,0.079,0.120,0.000,0,0,0,8080,8080,0,0
travel,37.945,910.4,772.245,772.245,fly,1.065,ok,2601,0,0,192.00,453980160,598802432,114090264,95883264,18123768,2904,7449760,22132800,1263844,8080,8080,0,0,0,0,0,0,0,0,0.152,0.110,0.000,0,0,0,8080,8080,0,0
travel,37.976,911.1,772.771,772.771,fly,0.888,ok,2601,0,0,192.00,453980160,598802432,114090264,95883264,18123768,2904,7449760,22132800,1263844,8080,8080,0,0,0,0,0,0,0,0,0.067,0.073,0.000,0,0,0,8080,8080,0,0
travel,38.007,911.9,773.299,773.299,fly,0.870,ok,2601,0,0,192.00,453980160,598802432,114090264,95883264,18123768,2904,7449760,22132800,1263844,8080,8080,0,0,0,0,0,0,0,0,0.066,0.068,0.000,0,0,0,8080,8080,0,0
travel,38.038,912.6,773.820,773.820,fly,0.917,ok,2601,0,0,192.00,453980160,598802432,114090264,95883264,18123768,2904,7449760,22132800,1263844,8080,8080,0,0,0,0,0,0,0,0,0.067,0.082,0.000,0,0,0,8080,8080,0,0
travel,38.068,913.3,774.335,774.335,fly,0.841,ok,2601,0,0,192.00,453980160,598802432,114090264,95883264,18123768,2904,7449760,22132800,1263844,8080,8080,0,0,0,0,0,0,0,0,0.064,0.065,0.000,0,0,0,8080,8080,0,0
travel,38.099,914.1,774.856,774.856,fly,0.882,ok,2601,0,0,192.00,453980160,598802432,114090264,95883264,18123768,2904,7449760,22132800,1263844,8080,8080,0,0,0,0,0,0,0,0,0.069,0.074,0.000,0,0,0,8080,8080,0,0
travel,38.129,914.8,775.371,775.371,fly,0.842,ok,2601,0,0,192.00,453980160,598802432,114090264,95883264,18123768,2904,7449760,22132800,1263844,8080,8080,0,0,0,0,0,0,0,0,0.066,0.066,0.000,0,0,0,8080,8080,0,0
travel,38.159,915.5,775.883,775.883,fly,0.869,ok,2601,0,0,192.00,453980160,598802432,114090264,95883264,18123768,2904,7449760,22132800,1263844,8080,8080,0,0,0,0,0,0,0,0,0.067,0.072,0.000,0,0,0,8080,8080,0,0
travel,38.197,916.4,776.522,776.522,fly,0.961,ok,2601,0,0,192.00,454164480,599072768,114090264,95883264,18123768,2904,11174640,22132800,1317668,8181,8181,0,0,9,0,0,0,0,0,0.070,0.082,0.000,0,0,0,8181,8181,0,0
travel,38.228,917.2,777.045,777.045,fly,0.914,ok,2601,0,0,192.00,454164480,599072768,114090264,95883264,18123768,2904,11174640,22132800,1317668,8181,8181,0,0,0,0,0,0,0,0,0.068,0.080,0.000,0,0,0,8181,8181,0,0
travel,38.258,917.9,777.560,777.560,fly,0.853,ok,2601,0,0,192.00,454164480,599072768,114090264,95883264,18123768,2904,11174640,22132800,1317668,8181,8181,0,0,0,0,0,0,0,0,0.066,0.075,0.000,0,0,0,8181,8181,0,0
travel,38.289,918.6,778.073,778.073,fly,0.847,ok,2601,0,0,192.00,454164480,599072768,114090264,95883264,18123768,2904,11174640,22132800,1317668,8181,8181,0,0,0,0,0,0,0,0,0.070,0.065,0.000,0,0,0,8181,8181,0,0
travel,38.319,919.4,778.585,778.585,fly,1.063,ok,2601,0,0,192.00,454164480,599072768,114090264,95883264,18123768,2904,11174640,22132800,1317668,8181,8181,0,0,0,0,0,0,0,0,0.148,0.108,0.000,0,0,0,8181,8181,0,0
travel,38.349,920.1,779.103,779.103,fly,0.869,ok,2601,0,0,192.00,454164480,599072768,114090264,95883264,18123768,2904,7449760,22132800,1317668,8181,8181,0,0,0,0,0,0,0,0,0.091,0.068,0.000,0,0,0,8181,8181,0,0
travel,38.380,920.8,779.622,779.622,fly,0.867,ok,2601,0,0,192.00,454164480,599072768,114090264,95883264,18123768,2904,7449760,22132800,1317668,8181,8181,0,0,0,0,0,0,0,0,0.067,0.070,0.000,0,0,0,8181,8181,0,0
travel,38.410,921.6,780.139,780.139,fly,0.934,ok,2601,0,0,192.00,454164480,599072768,114090264,95883264,18123768,2904,7449760,22132800,1317668,8181,8181,0,0,0,0,0,0,0,0,0.138,0.068,0.000,0,0,0,8181,8181,0,0
travel,38.441,922.3,780.651,780.651,fly,0.841,ok,2601,0,0,192.00,454164480,599072768,114090264,95883264,18123768,2904,7449760,22132800,1317668,8181,8181,0,0,0,0,0,0,0,0,0.065,0.067,0.000,0,0,0,8181,8181,0,0
travel,38.471,923.0,781.168,781.168,fly,0.851,ok,2601,0,0,192.00,454164480,599072768,114090264,95883264,18123768,2904,7449760,22132800,1317668,8181,8181,0,0,0,0,0,0,0,0,0.067,0.069,0.000,0,0,0,8181,8181,0,0
travel,38.501,923.7,781.679,781.679,fly,0.843,ok,2601,0,0,192.00,454164480,599072768,114090264,95883264,18123768,2904,7449760,22132800,1317668,8181,8181,0,0,0,0,0,0,0,0,0.065,0.066,0.000,0,0,0,8181,8181,0,0
travel,38.531,924.5,782.191,782.191,fly,0.932,ok,2601,0,0,192.00,454164480,599072768,114090264,95883264,18123768,2904,7449760,22132800,1317668,8181,8181,0,0,0,0,0,0,0,0,0.077,0.116,0.000,0,0,0,8181,8181,0,0
travel,38.561,925.2,782.701,782.701,fly,0.964,ok,2601,0,0,192.00,454164480,599072768,114090264,95883264,18123768,2904,7449760,22132800,1317668,8181,8181,0,0,0,0,0,0,0,0,0.166,0.070,0.000,0,0,0,8181,8181,0,0
travel,38.591,925.9,783.210,783.210,fly,0.854,ok,2601,0,0,192.00,454164480,599072768,114090264,95883264,18123768,2904,7449760,22132800,1317668,8181,8181,0,0,0,0,0,0,0,0,0.066,0.074,0.000,0,0,0,8181,8181,0,0
travel,38.622,926.6,783.729,783.729,fly,0.947,ok,2601,0,0,192.00,454164480,599072768,114090264,95883264,18123768,2904,7449760,22132800,1317668,8181,8181,0,0,0,0,0,0,0,0,0.074,0.108,0.000,0,0,0,8181,8181,0,0
travel,38.661,927.6,784.394,784.394,fly,0.856,ok,2601,0,60,192.00,454180864,599072768,114090264,95883264,18123768,2904,11174640,19002144,1361136,8282,8282,0,0,7,0,0,0,0,0,0.068,0.069,0.000,0,0,0,8282,8282,0,0
travel,38.692,928.3,784.910,784.910,fly,0.926,ok,2601,0,0,192.00,454180864,599072768,114090264,95883264,18123768,2904,11174640,22132800,1372268,8282,8282,0,0,0,0,0,0,0,0,0.070,0.079,0.000,0,0,0,8282,8282,0,0
travel,38.722,929.0,785.425,785.425,fly,0.851,ok,2601,0,0,192.00,454180864,599072768,114090264,95883264,18123768,2904,11174640,22132800,1372268,8282,8282,0,0,0,0,0,0,0,0,0.066,0.066,0.000,0,0,0,8282,8282,0,0
travel,38.753,929.8,785.950,785.950,fly,0.897,ok,2601,0,0,192.00,454180864,599072768,114090264,95883264,18123768,2904,11174640,22132800,1372268,8282,8282,0,0,0,0,0,0,0,0,0.068,0.074,0.000,0,0,0,8282,8282,0,0
travel,38.784,930.5,786.470,786.470,fly,0.992,ok,2601,0,0,192.00,454180864,599072768,114090264,95883264,18123768,2904,11174640,22132800,1372268,8282,8282,0,0,0,0,0,0,0,0,0.185,0.070,0.000,0,0,0,8282,8282,0,0
travel,38.814,931.2,786.984,786.984,fly,0.995,ok,2601,0,0,192.00,454180864,599072768,114090264,95883264,18123768,2904,7449760,22132800,1372268,8282,8282,0,0,0,0,0,0,0,0,0.076,0.129,0.000,0,0,0,8282,8282,0,0
travel,38.845,932.0,787.503,787.503,fly,0.843,ok,2601,0,0,192.00,454180864,599072768,114090264,95883264,18123768,2904,7449760,22132800,1372268,8282,8282,0,0,0,0,0,0,0,0,0.066,0.067,0.000,0,0,0,8282,8282,0,0
travel,38.875,932.7,788.016,788.016,fly,0.898,ok,2601,0,0,192.00,454180864,599072768,114090264,95883264,18123768,2904,7449760,22132800,1372268,8282,8282,0,0,0,0,0,0,0,0,0.065,0.069,0.000,0,0,0,8282,8282,0,0
travel,38.905,933.4,788.529,788.529,fly,0.996,ok,2601,0,0,192.00,454180864,599072768,114090264,95883264,18123768,2904,7449760,22132800,1372268,8282,8282,0,0,0,0,0,0,0,0,0.074,0.115,0.000,0,0,0,8282,8282,0,0
travel,38.935,934.2,789.046,789.046,fly,0.870,ok,2601,0,0,192.00,454180864,599072768,114090264,95883264,18123768,2904,7449760,22132800,1372268,8282,8282,0,0,0,0,0,0,0,0,0.065,0.069,0.000,0,0,0,8282,8282,0,0
travel,38.966,934.9,789.573,789.573,fly,1.068,ok,2601,0,0,192.00,454180864,599072768,114090264,95883264,18123768,2904,7449760,22132800,1372268,8282,8282,0,0,0,0,0,0,0,0,0.075,0.105,0.000,0,0,0,8282,8282,0,0
travel,38.997,935.6,790.096,790.096,fly,0.898,ok,2601,0,0,192.00,454180864,599072768,114090264,95883264,18123768,2904,7449760,22132800,1372268,8282,8282,0,0,0,0,0,0,0,0,0.069,0.075,0.000,0,0,0,8282,8282,0,0
travel,39.029,936.4,790.626,790.626,fly,0.883,ok,2601,0,0,192.00,454180864,599072768,114090264,95883264,18123768,2904,7449760,22132800,1372268,8282,8282,0,0,0,0,0,0,0,0,0.066,0.073,0.000,0,0,0,8282,8282,0,0
travel,39.060,937.1,791.151,791.151,fly,0.930,ok,2601,0,0,192.00,454180864,599072768,114090264,95883264,18123768,2904,7449760,22132800,1372268,8282,8282,0,0,0,0,0,0,0,0,0.068,0.097,0.000,0,0,0,8282,8282,0,0
travel,39.090,937.9,791.672,791.672,fly,0.843,ok,2601,0,0,192.00,454180864,599072768,114090264,95883264,18123768,2904,7449760,22132800,1372268,8282,8282,0,0,0,0,0,0,0,0,0.066,0.066,0.000,0,0,0,8282,8282,0,0
travel,39.129,938.8,792.330,792.330,fly,0.946,ok,2601,0,86,192.00,454180864,599072768,114090264,95883264,18123768,2904,11174640,17645568,1410835,8383,8383,0,0,6,0,0,0,0,0,0.139,0.068,0.000,0,0,0,8383,8383,0,0
travel,39.160,939.5,792.852,792.852,fly,1.242,ok,2601,0,0,192.00,454180864,599072768,114090264,95883264,18123768,2904,11174640,22132800,1428240,8383,8383,0,0,0,0,0,0,0,0,0.154,0.111,0.000,0,0,0,8383,8383,0,0
travel,39.191,940.3,793.373,793.373,fly,0.846,ok,2601,0,0,192.00,454180864,599072768,114090264,95883264,18123768,2904,11174640,22132800,1428240,8383,8383,0,0,0,0,0,0,0,0,0.068,0.066,0.000,0,0,0,8383,8383,0,0
travel,39.221,941.0,793.885,793.885,fly,0.850,ok,2601,0,0,192.00,454180864,599072768,114090264,95883264,18123768,2904,11174640,22132800,1428240,8383,8383,0,0,0,0,0,0,0,0,0.071,0.066,0.000,0,0,0,8383,8383,0,0
travel,39.251,941.7,794.394,794.394,fly,0.856,ok,2601,0,0,192.00,454180864,599072768,114090264,95883264,18123768,2904,11174640,22132800,1428240,8383,8383,0,0,0,0,0,0,0,0,0.068,0.069,0.000,0,0,0,8383,8383,0,0
travel,39.281,942.4,794.910,794.910,fly,0.905,ok,2601,0,0,192.00,454180864,599072768,114090264,95883264,18123768,2904,7449760,22132800,1428240,8383,8383,0,0,0,0,0,0,0,0,0.069,0.072,0.000,0,0,0,8383,8383,0,0
travel,39.312,943.2,795.427,795.427,fly,0.854,ok,2601,0,0,192.00,454180864,599072768,114090264,95883264,18123768,2904,7449760,22132800,1428240,8383,8383,0,0,0,0,0,0,0,0,0.067,0.068,0.000,0,0,0,8383,8383,0,0
travel,39.342,943.9,795.943,795.943,fly,0.909,ok,2601,0,0,192.00,454180864,599072768,114090264,95883264,18123768,2904,7449760,22132800,1428240,8383,8383,0,0,0,0,0,0,0,0,0.067,0.076,0.000,0,0,0,8383,8383,0,0
travel,39.372,944.6,796.457,796.457,fly,0.873,ok,2601,0,0,192.00,454180864,599072768,114090264,95883264,18123768,2904,7449760,22132800,1428240,8383,8383,0,0,0,0,0,0,0,0,0.068,0.074,0.000,0,0,0,8383,8383,0,0
travel,39.402,945.4,796.965,796.965,fly,0.862,ok,2601,0,0,192.00,454180864,599072768,114090264,95883264,18123768,2904,7449760,22132800,1428240,8383,8383,0,0,0,0,0,0,0,0,0.067,0.068,0.000,0,0,0,8383,8383,0,0
travel,39.432,946.1,797.476,797.476,fly,0.851,ok,2601,0,0,192.00,454180864,599072768,114090264,95883264,18123768,2904,7449760,22132800,1428240,8383,8383,0,0,0,0,0,0,0,0,0.064,0.067,0.000,0,0,0,8383,8383,0,0
travel,39.462,946.8,797.985,797.985,fly,0.855,ok,2601,0,0,192.00,454180864,599072768,114090264,95883264,18123768,2904,7449760,22132800,1428240,8383,8383,0,0,0,0,0,0,0,0,0.066,0.069,0.000,0,0,0,8383,8383,0,0
travel,39.493,947.5,798.504,798.504,fly,0.881,ok,2601,0,0,192.00,454180864,599072768,114090264,95883264,18123768,2904,7449760,22132800,1428240,8383,8383,0,0,0,0,0,0,0,0,0.067,0.073,0.000,0,0,0,8383,8383,0,0
travel,39.523,948.3,799.018,799.018,fly,0.848,ok,2601,0,0,192.00,454180864,599072768,114090264,95883264,18123768,2904,7449760,22132800,1428240,8383,8383,0,0,0,0,0,0,0,0,0.064,0.068,0.000,0,0,0,8383,8383,0,0
travel,39.554,949.0,799.533,799.533,fly,0.854,ok,2601,0,0,192.00,454180864,599072768,114090264,95883264,18123768,2904,7449760,22132800,1428240,8383,8383,0,0,0,0,0,0,0,0,0.065,0.070,0.000,0,0,0,8383,8383,0,0
travel,39.591,949.9,800.161,800.161,fly,2.793,ok,2601,0,147,192.00,454184960,599072768,114090264,95883264,18123768,2904,11174640,14462832,1449340,8484,8484,27,0,54,27,27,0,0,0,0.078,0.087,0.000,0,0,0,8484,8484,0,0
travel,39.623,950.6,800.707,800.707,fly,0.849,ok,2601,0,0,192.00,454656000,599560192,114090264,95883264,18123768,2904,11174640,22132800,1266759,8484,8484,0,0,0,0,0,0,0,0,0.068,0.065,0.000,0,0,0,8484,8484,0,0
travel,39.653,951.4,801.226,801.226,fly,0.845,ok,2601,0,0,192.00,454656000,599560192,114090264,95883264,18123768,2904,11174640,22132800,1266759,8484,8484,0,0,0,0,0,0,0,0,0.066,0.066,0.000,0,0,0,8484,8484,0,0
travel,39.684,952.1,801.744,801.744,fly,0.939,ok,2601,0,0,192.00,454656000,599560192,114090264,95883264,18123768,2904,11174640,22132800,1266759,8484,8484,0,0,0,0,0,0,0,0,0.072,0.081,0.000,0,0,0,8484,8484,0,0
travel,39.715,952.8,802.262,802.262,fly,0.863,ok,2601,0,0,192.00,454656000,599560192,114090264,95883264,18123768,2904,11174640,22132800,1266759,8484,8484,0,0,0,0,0,0,0,0,0.066,0.073,0.000,0,0,0,8484,8484,0,0
travel,39.745,953.6,802.776,802.776,fly,0.863,ok,2601,0,0,192.00,454656000,599560192,114090264,95883264,18123768,2904,7449760,22132800,1266759,8484,8484,0,0,0,0,0,0,0,0,0.068,0.070,0.000,0,0,0,8484,8484,0,0
travel,39.775,954.3,803.289,803.289,fly,0.885,ok,2601,0,0,192.00,454656000,599560192,114090264,95883264,18123768,2904,7449760,22132800,1266759,8484,8484,0,0,0,0,0,0,0,0,0.069,0.072,0.000,0,0,0,8484,8484,0,0
travel,39.805,955.0,803.801,803.801,fly,0.845,ok,2601,0,0,192.00,454656000,599560192,114090264,95883264,18123768,2904,7449760,22132800,1266759,8484,8484,0,0,0,0,0,0,0,0,0.068,0.068,0.000,0,0,0,8484,8484,0,0
travel,39.835,955.7,804.310,804.310,fly,0.844,ok,2601,0,0,192.00,454656000,599560192,114090264,95883264,18123768,2904,7449760,22132800,1266759,8484,8484,0,0,0,0,0,0,0,0,0.068,0.068,0.000,0,0,0,8484,8484,0,0
travel,39.866,956.5,804.824,804.824,fly,0.999,ok,2601,0,0,192.00,454656000,599560192,114090264,95883264,18123768,2904,7449760,22132800,1266759,8484,8484,0,0,0,0,0,0,0,0,0.067,0.089,0.000,0,0,0,8484,8484,0,0
travel,39.896,957.2,805.348,805.348,fly,1.041,ok,2601,0,0,192.00,454656000,599560192,114090264,95883264,18123768,2904,7449760,22132800,1266759,8484,8484,0,0,0,0,0,0,0,0,0.075,0.111,0.000,0,0,0,8484,8484,0,0
travel,39.927,957.9,805.871,805.871,fly,0.895,ok,2601,0,0,192.00,454656000,599560192,114090264,95883264,18123768,2904,7449760,22132800,1266759,8484,8484,0,0,0,0,0,0,0,0,0.067,0.076,0.000,0,0,0,8484,8484,0,0
travel,39.957,958.7,806.381,806.381,fly,0.854,ok,2601,0,0,192.00,454656000,599560192,114090264,95883264,18123768,2904,7449760,22132800,1266759,8484,8484,0,0,0,0,0,0,0,0,0.066,0.068,0.000,0,0,0,8484,8484,0,0
travel,39.988,959.4,806.895,806.895,fly,0.873,ok,2601,0,0,192.00,454656000,599560192,114090264,95883264,18123768,2904,7449760,22132800,1266759,8484,8484,0,0,0,0,0,0,0,0,0.068,0.073,0.000,0,0,0,8484,8484,0,0
travel,40.018,960.1,807.405,807.405,fly,0.846,ok,2601,0,0,192.00,454656000,599560192,114090264,95883264,18123768,2904,7449760,22132800,1266759,8484,8484,0,0,0,0,0,0,0,0,0.067,0.067,0.000,0,0,0,8484,8484,0,0
travel,40.048,960.8,807.917,807.917,fly,0.916,ok,2601,0,0,192.00,454656000,599560192,114090264,95883264,18123768,2904,7449760,22132800,1266759,8484,8484,0,0,0,0,0,0,0,0,0.068,0.077,0.000,0,0,0,8484,8484,0,0
travel,40.089,961.8,808.611,808.611,fly,1.016,ok,2601,0,0,192.00,454688768,599560192,114090264,95883264,18123768,2904,11174640,22132800,1321255,8585,8585,0,0,0,0,0,0,0,0,0.185,0.085,0.000,0,0,0,8585,8585,0,0
travel,40.119,962.6,809.130,809.130,fly,0.868,ok,2601,0,0,192.00,454688768,599560192,114090264,95883264,18123768,2904,11174640,22132800,1321255,8585,8585,0,0,0,0,0,0,0,0,0.067,0.066,0.000,0,0,0,8585,8585,0,0
travel,40.150,963.3,809.653,809.653,fly,0.868,ok,2601,0,0,192.00,454688768,599560192,114090264,95883264,18123768,2904,11174640,22132800,1321255,8585,8585,0,0,0,0,0,0,0,0,0.067,0.069,0.000,0,0,0,8585,8585,0,0
travel,40.181,964.0,810.180,810.180,fly,0.976,ok,2601,0,0,192.00,454688768,599560192,114090264,95883264,18123768,2904,11174640,22132800,1321255,8585,8585,0,0,0,0,0,0,0,0,0.077,0.127,0.000,0,0,0,8585,8585,0,0
travel,40.212,964.8,810.699,810.699,fly,0.844,ok,2601,0,0,192.00,454688768,599560192,114090264,95883264,18123768,2904,7449760,22132800,1321255,8585,8585,0,0,0,0,0,0,0,0,0.069,0.065,0.000,0,0,0,8585,8585,0,0
travel,40.242,965.5,811.215,811.215,fly,1.027,ok,2601,0,0,192.00,454688768,599560192,114090264,95883264,18123768,2904,7449760,22132800,1321255,8585,8585,0,0,0,0,0,0,0,0,0.073,0.211,0.000,0,0,0,8585,8585,0,0
travel,40.273,966.2,811.736,811.736,fly,0.866,ok,2601,0,0,192.00,454688768,599560192,114090264,95883264,18123768,2904,7449760,22132800,1321255,8585,8585,0,0,0,0,0,0,0,0,0.066,0.067,0.000,0,0,0,8585,8585,0,0
travel,40.304,967.0,812.265,812.265,fly,0.850,ok,2601,0,0,192.00,454688768,599560192,114090264,95883264,18123768,2904,7449760,22132800,1321255,8585,8585,0,0,0,0,0,0,0,0,0.066,0.068,0.000,0,0,0,8585,8585,0,0
travel,40.335,967.7,812.779,812.779,fly,0.845,ok,2601,0,0,192.00,454688768,599560192,114090264,95883264,18123768,2904,7449760,22132800,1321255,8585,8585,0,0,0,0,0,0,0,0,0.066,0.067,0.000,0,0,0,8585,8585,0,0
travel,40.365,968.4,813.289,813.289,fly,0.838,ok,2601,0,0,192.00,454688768,599560192,114090264,95883264,18123768,2904,7449760,22132800,1321255,8585,8585,0,0,0,0,0,0,0,0,0.066,0.063,0.000,0,0,0,8585,8585,0,0
travel,40.395,969.2,813.799,813.799,fly,0.846,ok,2601,0,0,192.00,454688768,599560192,114090264,95883264,18123768,2904,7449760,22132800,1321255,8585,8585,0,0,0,0,0,0,0,0,0.068,0.066,0.000,0,0,0,8585,8585,0,0
travel,40.425,969.9,814.317,814.317,fly,0.890,ok,2601,0,0,192.00,454688768,599560192,114090264,95883264,18123768,2904,7449760,22132800,1321255,8585,8585,0,0,0,0,0,0,0,0,0.065,0.074,0.000,0,0,0,8585,8585,0,0
travel,40.455,970.6,814.828,814.828,fly,0.876,ok,2601,0,0,192.00,454688768,599560192,114090264,95883264,18123768,2904,7449760,22132800,1321255,8585,8585,0,0,0,0,0,0,0,0,0.065,0.073,0.000,0,0,0,8585,8585,0,0
travel,40.486,971.4,815.353,815.353,fly,0.840,ok,2601,0,0,192.00,454688768,599560192,114090264,95883264,18123768,2904,7449760,22132800,1321255,8585,8585,0,0,0,0,0,0,0,0,0.066,0.065,0.000,0,0,0,8585,8585,0,0
travel,40.517,972.1,815.869,815.869,fly,0.931,ok,2601,0,0,192.00,454688768,599560192,114090264,95883264,18123768,2904,7449760,22132800,1321255,8585,8585,0,0,0,0,0,0,0,0,0.066,0.138,0.000,0,0,0,8585,8585,0,0
travel,40.556,973.0,816.530,816.530,fly,1.242,ok,2601,0,4,192.00,454868992,599699456,114090264,95883264,18123768,2904,11174640,21924000,1377723,8686,8686,0,0,7,0,0,0,0,0,0.145,0.101,0.000,0,0,0,8686,8686,0,0
travel,40.586,973.8,817.052,817.052,fly,0.874,ok,2601,0,0,192.00,454868992,599699456,114090264,95883264,18123768,2904,11174640,22132800,1377723,8686,8686,0,0,0,0,0,0,0,0,0.069,0.073,0.000,0,0,0,8686,8686,0,0
travel,40.617,974.5,817.562,817.562,fly,0.910,ok,2601,0,0,192.00,454868992,599699456,114090264,95883264,18123768,2904,11174640,22132800,1377723,8686,8686,0,0,0,0,0,0,0,0,0.071,0.080,0.000,0,0,0,8686,8686,0,0
travel,40.647,975.2,818.071,818.071,fly,0.853,ok,2601,0,0,192.00,454868992,599699456,114090264,95883264,18123768,2904,11174640,22132800,1377723,8686,8686,0,0,0,0,0,0,0,0,0.070,0.068,0.000,0,0,0,8686,8686,0,0
travel,40.677,975.9,818.583,818.583,fly,0.852,ok,2601,0,0,192.00,454868992,599699456,114090264,95883264,18123768,2904,11174640,22132800,1377723,8686,8686,0,0,0,0,0,0,0,0,0.069,0.065,0.000,0,0,0,8686,8686,0,0
travel,40.707,976.6,819.094,819.094,fly,1.211,ok,2601,0,0,192.00,454868992,599699456,114090264,95883264,18123768,2904,7449760,22132800,1377723,8686,8686,0,0,0,0,0,0,0,0,0.382,0.082,0.000,0,0,0,8686,8686,0,0
travel,40.738,977.4,819.614,819.614,fly,1.195,ok,2601,0,0,192.00,454868992,599699456,114090264,95883264,18123768,2904,7449760,22132800,1377723,8686,8686,0,0,0,0,0,0,0,0,0.420,0.064,0.000,0,0,0,8686,8686,0,0
travel,40.768,978.1,820.129,820.129,fly,0.848,ok,2601,0,0,192.00,454868992,599699456,114090264,95883264,18123768,2904,7449760,22132800,1377723,8686,8686,0,0,0,0,0,0,0,0,0.069,0.069,0.000,0,0,0,8686,8686,0,0
travel,40.798,978.8,820.644,820.644,fly,0.854,ok,2601,0,0,192.00,454868992,599699456,114090264,95883264,18123768,2904,7449760,22132800,1377723,8686,8686,0,0,0,0,0,0,0,0,0.068,0.066,0.000,0,0,0,8686,8686,0,0
travel,40.828,979.6,821.154,821.154,fly,0.949,ok,2601,0,0,192.00,454868992,599699456,114090264,95883264,18123768,2904,7449760,22132800,1377723,8686,8686,0,0,0,0,0,0,0,0,0.071,0.082,0.000,0,0,0,8686,8686,0,0
travel,40.858,980.3,821.666,821.666,fly,0.875,ok,2601,0,0,192.00,454868992,599699456,114090264,95883264,18123768,2904,7449760,22132800,1377723,8686,8686,0,0,0,0,0,0,0,0,0.069,0.074,0.000,0,0,0,8686,8686,0,0
travel,40.889,981.0,822.179,822.179,fly,0.881,ok,2601,0,0,192.00,454868992,599699456,114090264,95883264,18123768,2904,7449760,22132800,1377723,8686,8686,0,0,0,0,0,0,0,0,0.068,0.080,0.000,0,0,0,8686,8686,0,0
travel,40.919,981.7,822.694,822.694,fly,0.853,ok,2601,0,0,192.00,454868992,599699456,114090264,95883264,18123768,2904,7449760,22132800,1377723,8686,8686,0,0,0,0,0,0,0,0,0.068,0.067,0.000,0,0,0,8686,8686,0,0
travel,40.949,982.5,823.209,823.209,fly,0.951,ok,2601,0,0,192.00,454868992,599699456,114090264,95883264,18123768,2904,7449760,22132800,1377723,8686,8686,0,0,0,0,0,0,0,0,0.140,0.086,0.000,0,0,0,8686,8686,0,0
travel,40.980,983.2,823.725,823.725,fly,0.925,ok,2601,0,0,192.00,454934528,599699456,114090264,95883264,18123768,2904,7449760,22132800,1377723,8686,8686,0,0,0,0,0,0,0,0,0.143,0.069,0.000,0,0,0,8686,8686,0,0
travel,41.019,984.1,824.384,824.384,fly,1.036,ok,2601,0,62,192.00,455262208,600047616,114090264,95883264,18123768,2904,11174640,18897792,1421255,8787,8787,0,0,6,0,0,0,0,0,0.079,0.112,0.000,0,0,0,8787,8787,0,0
travel,41.049,984.9,824.896,824.896,fly,0.864,ok,2601,0,0,192.00,455524352,600326144,114090264,95883264,18123768,2904,11174640,22132800,1432019,8787,8787,0,0,0,0,0,0,0,0,0.067,0.068,0.000,0,0,0,8787,8787,0,0
travel,41.080,985.6,825.420,825.420,fly,0.927,ok,2601,0,0,192.00,455524352,600326144,114090264,95883264,18123768,2904,11174640,22132800,1432019,8787,8787,0,0,0,0,0,0,0,0,0.069,0.073,0.000,0,0,0,8787,8787,0,0
travel,41.110,986.3,825.935,825.935,fly,0.870,ok,2601,0,0,192.00,455524352,600326144,114090264,95883264,18123768,2904,11174640,22132800,1432019,8787,8787,0,0,0,0,0,0,0,0,0.084,0.069,0.000,0,0,0,8787,8787,0,0
travel,41.141,987.1,826.451,826.451,fly,1.004,ok,2601,0,0,192.00,455524352,600326144,114090264,95883264,18123768,2904,11174640,22132800,1432019,8787,8787,0,0,0,0,0,0,0,0,0.080,0.110,0.000,0,0,0,8787,8787,0,0
travel,41.171,987.8,826.965,826.965,fly,0.875,ok,2601,0,0,192.00,455524352,600326144,114090264,95883264,18123768,2904,7449760,22132800,1432019,8787,8787,0,0,0,0,0,0,0,0,0.069,0.070,0.000,0,0,0,8787,8787,0,0
travel,41.202,988.5,827.485,827.485,fly,0.872,ok,2601,0,0,192.00,455524352,600326144,114090264,95883264,18123768,2904,7449760,22132800,1432019,8787,8787,0,0,0,0,0,0,0,0,0.067,0.072,0.000,0,0,0,8787,8787,0,0
travel,41.233,989.3,828.015,828.015,fly,1.056,ok,2601,0,0,192.00,455524352,600326144,114090264,95883264,18123768,2904,7449760,22132800,1432019,8787,8787,0,0,0,0,0,0,0,0,0.076,0.096,0.000,0,0,0,8787,8787,0,0
travel,41.265,990.0,828.561,828.561,fly,0.857,ok,2601,0,0,192.00,455524352,600326144,114090264,95883264,18123768,2904,7449760,22132800,1432019,8787,8787,0,0,0,0,0,0,0,0,0.068,0.071,0.000,0,0,0,8787,8787,0,0
travel,41.296,990.8,829.080,829.080,fly,0.871,ok,2601,0,0,192.00,455524352,600326144,114090264,95883264,18123768,2904,7449760,22132800,1432019,8787,8787,0,0,0,0,0,0,0,0,0.070,0.080,0.000,0,0,0,8787,8787,0,0
travel,41.326,991.5,829.595,829.595,fly,0.911,ok,2601,0,0,192.00,455524352,600326144,114090264,95883264,18123768,2904,7449760,22132800,1432019,8787,8787,0,0,0,0,0,0,0,0,0.139,0.065,0.000,0,0,0,8787,8787,0,0
travel,41.357,992.2,830.116,830.116,fly,0.842,ok,2601,0,0,192.00,455524352,600326144,114090264,95883264,18123768,2904,7449760,22132800,1432019,8787,8787,0,0,0,0,0,0,0,0,0.066,0.066,0.000,0,0,0,8787,8787,0,0
travel,41.387,993.0,830.639,830.639,fly,0.955,ok,2601,0,0,192.00,455524352,600326144,114090264,95883264,18123768,2904,7449760,22132800,1432019,8787,8787,0,0,0,0,0,0,0,0,0.137,0.075,0.000,0,0,0,8787,8787,0,0
travel,41.418,993.7,831.166,831.166,fly,0.866,ok,2601,0,0,192.00,455524352,600326144,114090264,95883264,18123768,2904,7449760,22132800,1432019,8787,8787,0,0,0,0,0,0,0,0,0.068,0.068,0.000,0,0,0,8787,8787,0,0
travel,41.449,994.4,831.680,831.680,fly,0.843,ok,2601,0,0,192.00,455524352,600326144,114090264,95883264,18123768,2904,7449760,22132800,1432019,8787,8787,0,0,0,0,0,0,0,0,0.068,0.067,0.000,0,0,0,8787,8787,0,0
travel,41.490,995.4,832.377,832.377,fly,1.306,ok,2601,0,88,192.00,455733248,600559616,114090264,95883264,18123768,2904,11174640,17541216,1247905,8888,8888,0,0,9,0,0,0,0,0,0.147,0.153,0.000,0,0,0,8888,8888,0,0
travel,41.521,996.2,832.909,832.909,fly,0.849,ok,2601,0,0,192.00,455733248,600559616,114090264,95883264,18123768,2904,11174640,22132800,1266510,8888,8888,0,0,0,0,0,0,0,0,0.070,0.068,0.000,0,0,0,8888,8888,0,0
travel,41.552,996.9,833.426,833.426,fly,0.941,ok,2601,0,0,192.00,455733248,600559616,114090264,95883264,18123768,2904,11174640,22132800,1266510,8888,8888,0,0,0,0,0,0,0,0,0.075,0.078,0.000,0,0,0,8888,8888,0,0
travel,41.582,997.6,833.943,833.943,fly,0.878,ok,2601,0,0,192.00,455733248,600559616,114090264,95883264,18123768,2904,11174640,22132800,1266510,8888,8888,0,0,0,0,0,0,0,0,0.071,0.071,0.000,0,0,0,8888,8888,0,0
travel,41.613,998.4,834.464,834.464,fly,0.851,ok,2601,0,0,192.00,455733248,600559616,114090264,95883264,18123768,2904,11174640,22132800,1266510,8888,8888,0,0,0,0,0,0,0,0,0.068,0.066,0.000,0,0,0,8888,8888,0,0
travel,41.643,999.1,834.977,834.977,fly,1.113,ok,2601,0,0,192.00,455733248,600559616,114090264,95883264,18123768,2904,7449760,22132800,1266510,8888,8888,0,0,0,0,0,0,0,0,0.304,0.073,0.000,0,0,0,8888,8888,0,0
travel,41.673,999.8,835.490,835.490,fly,0.846,ok,2601,0,0,192.00,455733248,600559616,114090264,95883264,18123768,2904,7449760,22132800,1266510,8888,8888,0,0,0,0,0,0,0,0,0.068,0.068,0.000,0,0,0,8888,8888,0,0
drain,41.681,1000.0,835.612,835.612,fly,1.323,ok,2601,0,417,192.00,455745536,600559616,0,0,0,0,0,0,0,8888,8888,0,0,0,0,0,0,0,0,0.143,0.078,0.000,0,0,0,8888,8888,0,0
drain,41.681,1000.0,835.612,835.612,fly,26.408,draw_submit,2601,0,0,192.00,455827456,600559616,114090264,95883264,18123768,2601,0,22132800,1335442,8888,8888,0,0,0,0,0,0,303,0,0.220,0.178,0.000,0,0,0,8888,8888,0,0
travel,41.705,1000.6,836.021,836.021,fly,1.203,ok,2601,0,0,192.00,455843840,600559616,114090264,95883264,18123768,2601,0,22132800,1335442,8888,8888,0,0,0,0,0,0,0,0,0.148,0.120,0.000,0,0,0,8888,8888,0,0
travel,41.736,1001.3,836.548,836.548,fly,0.902,ok,2601,0,0,192.00,455843840,600559616,114090264,95883264,18123768,2601,0,22132800,1335442,8888,8888,0,0,0,0,0,0,0,0,0.074,0.076,0.000,0,0,0,8888,8888,0,0
travel,41.767,1002.1,837.070,837.070,fly,0.904,ok,2601,0,0,192.00,455843840,600559616,114090264,95883264,18123768,2601,0,22132800,1335442,8888,8888,0,0,0,0,0,0,0,0,0.067,0.066,0.000,0,0,0,8888,8888,0,0
travel,41.797,1002.8,837.592,837.592,fly,0.906,ok,2601,0,0,192.00,455843840,600559616,114090264,95883264,18123768,2601,0,22132800,1335442,8888,8888,0,0,0,0,0,0,0,0,0.066,0.068,0.000,0,0,0,8888,8888,0,0
travel,41.828,1003.6,838.119,838.119,fly,0.912,ok,2601,0,0,192.00,455843840,600559616,114090264,95883264,18123768,2601,0,22132800,1335442,8888,8888,0,0,0,0,0,0,0,0,0.066,0.068,0.000,0,0,0,8888,8888,0,0
travel,41.859,1004.3,838.647,838.647,fly,0.893,ok,2601,0,0,192.00,455843840,600559616,114090264,95883264,18123768,2601,0,22132800,1335442,8888,8888,0,0,0,0,0,0,0,0,0.067,0.069,0.000,0,0,0,8888,8888,0,0
travel,41.890,1005.0,839.161,839.161,fly,0.881,ok,2601,0,0,192.00,455843840,600559616,114090264,95883264,18123768,2601,0,22132800,1335442,8888,8888,0,0,0,0,0,0,0,0,0.065,0.064,0.000,0,0,0,8888,8888,0,0
travel,41.920,1005.8,839.676,839.676,fly,0.891,ok,2601,0,0,192.00,455843840,600559616,114090264,95883264,18123768,2601,0,22132800,1335442,8888,8888,0,0,0,0,0,0,0,0,0.066,0.065,0.000,0,0,0,8888,8888,0,0
travel,41.958,1006.7,840.325,840.325,fly,0.935,ok,2601,0,77,192.00,455860224,600559616,114090264,95883264,18123768,2702,3724880,18115152,1374455,8989,8989,0,0,6,0,0,0,0,0,0.071,0.077,0.000,0,0,0,8989,8989,0,0
travel,41.989,1007.4,840.844,840.844,fly,0.961,ok,2601,0,0,192.00,455925760,600559616,114090264,95883264,18123768,2702,3724880,22132800,1389078,8989,8989,0,0,0,0,0,0,0,0,0.141,0.069,0.000,0,0,0,8989,8989,0,0
travel,42.019,1008.1,841.355,841.355,fly,1.209,ok,2601,0,0,192.00,455925760,600559616,114090264,95883264,18123768,2702,3724880,22132800,1389078,8989,8989,0,0,0,0,0,0,0,0,0.393,0.066,0.000,0,0,0,8989,8989,0,0
travel,42.050,1008.9,841.874,841.874,fly,0.883,ok,2601,0,0,192.00,455925760,600559616,114090264,95883264,18123768,2702,3724880,22132800,1389078,8989,8989,0,0,0,0,0,0,0,0,0.068,0.065,0.000,0,0,0,8989,8989,0,0
travel,42.080,1009.6,842.394,842.394,fly,1.160,ok,2601,0,0,192.00,455925760,600559616,114090264,95883264,18123768,2702,3724880,22132800,1389078,8989,8989,0,0,0,0,0,0,0,0,0.336,0.065,0.000,0,0,0,8989,8989,0,0
travel,42.111,1010.3,842.913,842.913,fly,1.039,ok,2601,0,0,192.00,455925760,600559616,114090264,95883264,18123768,2702,3724880,22132800,1389078,8989,8989,0,0,0,0,0,0,0,0,0.082,0.172,0.000,0,0,0,8989,8989,0,0
travel,42.141,1011.1,843.430,843.430,fly,0.879,ok,2601,0,0,192.00,455925760,600559616,114090264,95883264,18123768,2702,3724880,22132800,1389078,8989,8989,0,0,0,0,0,0,0,0,0.068,0.069,0.000,0,0,0,8989,8989,0,0
travel,42.172,1011.8,843.950,843.950,fly,0.899,ok,2601,0,0,192.00,455925760,600559616,114090264,95883264,18123768,2702,3724880,22132800,1389078,8989,8989,0,0,0,0,0,0,0,0,0.067,0.067,0.000,0,0,0,8989,8989,0,0
travel,42.203,1012.5,844.472,844.472,fly,1.050,ok,2601,0,0,192.00,455925760,600559616,114090264,95883264,18123768,2702,3724880,22132800,1389078,8989,8989,0,0,0,0,0,0,0,0,0.078,0.124,0.000,0,0,0,8989,8989,0,0
travel,42.234,1013.3,844.994,844.994,fly,0.878,ok,2601,0,0,192.00,455925760,600559616,114090264,95883264,18123768,2702,3724880,22132800,1389078,8989,8989,0,0,0,0,0,0,0,0,0.067,0.065,0.000,0,0,0,8989,8989,0,0
travel,42.265,1014.0,845.519,845.519,fly,0.898,ok,2601,0,0,192.00,455925760,600559616,114090264,95883264,18123768,2702,3724880,22132800,1389078,8989,8989,0,0,0,0,0,0,0,0,0.068,0.071,0.000,0,0,0,8989,8989,0,0
travel,42.295,1014.8,846.039,846.039,fly,0.935,ok,2601,0,0,192.00,455925760,600559616,114090264,95883264,18123768,2702,3724880,22132800,1389078,8989,8989,0,0,0,0,0,0,0,0,0.069,0.073,0.000,0,0,0,8989,8989,0,0
travel,42.326,1015.5,846.564,846.564,fly,0.904,ok,2601,0,0,192.00,455925760,600559616,114090264,95883264,18123768,2702,3724880,22132800,1389078,8989,8989,0,0,0,0,0,0,0,0,0.068,0.070,0.000,0,0,0,8989,8989,0,0
travel,42.357,1016.2,847.084,847.084,fly,0.899,ok,2601,0,0,192.00,455925760,600559616,114090264,95883264,18123768,2702,3724880,22132800,1389078,8989,8989,0,0,0,0,0,0,0,0,0.067,0.066,0.000,0,0,0,8989,8989,0,0
travel,42.388,1017.0,847.616,847.616,fly,0.876,ok,2601,0,0,192.00,455925760,600559616,114090264,95883264,18123768,2702,3724880,22132800,1389078,8989,8989,0,0,0,0,0,0,0,0,0.065,0.070,0.000,0,0,0,8989,8989,0,0
travel,42.427,1017.9,848.280,848.280,fly,0.893,ok,2601,0,104,192.00,455925760,600559616,114090264,95883264,18123768,2803,7449760,16706400,1422816,9090,9090,0,0,7,0,0,0,0,0,0.069,0.070,0.000,0,0,0,9090,9090,0,0
travel,42.458,1018.7,848.798,848.798,fly,0.904,ok,2601,0,0,192.00,455925760,600559616,114090264,95883264,18123768,2803,7449760,22132800,1445438,9090,9090,0,0,0,0,0,0,0,0,0.068,0.069,0.000,0,0,0,9090,9090,0,0
travel,42.489,1019.4,849.325,849.325,fly,0.997,ok,2601,0,0,192.00,455925760,600559616,114090264,95883264,18123768,2803,7449760,22132800,1445438,9090,9090,0,0,0,0,0,0,0,0,0.074,0.123,0.000,0,0,0,9090,9090,0,0
travel,42.520,1020.1,849.849,849.849,fly,0.922,ok,2601,0,0,192.00,455925760,600559616,114090264,95883264,18123768,2803,7449760,22132800,1445438,9090,9090,0,0,0,0,0,0,0,0,0.070,0.077,0.000,0,0,0,9090,9090,0,0
travel,42.551,1020.9,850.377,850.377,fly,0.917,ok,2601,0,0,192.00,455925760,600559616,114090264,95883264,18123768,2803,7449760,22132800,1445438,9090,9090,0,0,0,0,0,0,0,0,0.068,0.077,0.000,0,0,0,9090,9090,0,0
travel,42.582,1021.6,850.902,850.902,fly,1.117,ok,2601,0,0,192.00,455925760,600559616,114090264,95883264,18123768,2803,7449760,22132800,1445438,9090,9090,0,0,0,0,0,0,0,0,0.071,0.202,0.000,0,0,0,9090,9090,0,0
travel,42.613,1022.4,851.431,851.431,fly,0.991,ok,2601,0,0,192.00,455925760,600559616,114090264,95883264,18123768,2803,7449760,22132800,1445438,9090,9090,0,0,0,0,0,0,0,0,0.076,0.109,0.000,0,0,0,9090,9090,0,0
travel,42.644,1023.1,851.947,851.947,fly,0.890,ok,2601,0,0,192.00,455925760,600559616,114090264,95883264,18123768,2803,7449760,22132800,1445438,9090,9090,0,0,0,0,0,0,0,0,0.068,0.070,0.000,0,0,0,9090,9090,0,0
travel,42.674,1023.8,852.461,852.461,fly,0.877,ok,2601,0,0,192.00,455925760,600559616,114090264,95883264,18123768,2803,7449760,22132800,1445438,9090,9090,0,0,0,0,0,0,0,0,0.067,0.068,0.000,0,0,0,9090,9090,0,0
travel,42.704,1024.6,852.974,852.974,fly,0.901,ok,2601,0,0,192.00,455925760,600559616,114090264,95883264,18123768,2803,7449760,22132800,1445438,9090,9090,0,0,0,0,0,0,0,0,0.069,0.070,0.000,0,0,0,9090,9090,0,0
travel,42.734,1025.3,853.488,853.488,fly,0.918,ok,2601,0,0,192.00,455925760,600559616,114090264,95883264,18123768,2803,7449760,22132800,1445438,9090,9090,0,0,0,0,0,0,0,0,0.067,0.078,0.000,0,0,0,9090,9090,0,0
travel,42.765,1026.0,854.008,854.008,fly,0.984,ok,2601,0,0,192.00,455925760,600559616,114090264,95883264,18123768,2803,7449760,22132800,1445438,9090,9090,0,0,0,0,0,0,0,0,0.067,0.078,0.000,0,0,0,9090,9090,0,0
travel,42.796,1026.8,854.534,854.534,fly,1.091,ok,2601,0,0,192.00,455925760,600559616,114090264,95883264,18123768,2803,7449760,22132800,1445438,9090,9090,0,0,0,0,0,0,0,0,0.252,0.071,0.000,0,0,0,9090,9090,0,0
travel,42.826,1027.5,855.053,855.053,fly,0.896,ok,2601,0,0,192.00,455925760,600559616,114090264,95883264,18123768,2803,7449760,22132800,1445438,9090,9090,0,0,0,0,0,0,0,0,0.066,0.068,0.000,0,0,0,9090,9090,0,0
travel,42.857,1028.2,855.569,855.569,fly,0.883,ok,2601,0,0,192.00,455925760,600559616,114090264,95883264,18123768,2803,7449760,22132800,1445438,9090,9090,0,0,0,0,0,0,0,0,0.066,0.066,0.000,0,0,0,9090,9090,0,0
travel,42.895,1029.2,856.221,856.221,fly,0.854,ok,2601,0,132,192.00,456339456,601042944,114090264,95883264,18123768,2904,11174640,15245472,1470717,9191,9191,0,0,7,0,0,0,0,0,0.067,0.069,0.000,0,0,0,9191,9191,0,0
travel,42.926,1029.9,856.743,856.743,fly,0.846,ok,2601,0,0,192.00,458321920,603148288,114090264,95883264,18123768,2904,11174640,22132800,1499350,9191,9191,0,0,0,0,0,0,0,0,0.067,0.063,0.000,0,0,0,9191,9191,0,0
travel,42.956,1030.6,857.262,857.262,fly,0.913,ok,2601,0,0,192.00,458321920,603148288,114090264,95883264,18123768,2904,11174640,22132800,1499350,9191,9191,0,0,0,0,0,0,0,0,0.068,0.076,0.000,0,0,0,9191,9191,0,0
travel,42.987,1031.4,857.779,857.779,fly,1.016,ok,2601,0,0,192.00,458321920,603148288,114090264,95883264,18123768,2904,11174640,22132800,1499350,9191,9191,0,0,0,0,0,0,0,0,0.079,0.120,0.000,0,0,0,9191,9191,0,0
travel,43.017,1032.1,858.297,858.297,fly,0.839,ok,2601,0,0,192.00,458321920,603148288,114090264,95883264,18123768,2904,7449760,22132800,1499350,9191,9191,0,0,0,0,0,0,0,0,0.067,0.066,0.000,0,0,0,9191,9191,0,0
travel,43.048,1032.8,858.818,858.818,fly,0.843,ok,2601,0,0,192.00,458321920,603148288,114090264,95883264,18123768,2904,7449760,22132800,1499350,9191,9191,0,0,0,0,0,0,0,0,0.067,0.067,0.000,0,0,0,9191,9191,0,0
travel,43.078,1033.6,859.334,859.334,fly,0.890,ok,2601,0,0,192.00,458321920,603148288,114090264,95883264,18123768,2904,7449760,22132800,1499350,9191,9191,0,0,0,0,0,0,0,0,0.067,0.075,0.000,0,0,0,9191,9191,0,0
travel,43.109,1034.3,859.853,859.853,fly,0.881,ok,2601,0,0,192.00,458321920,603148288,114090264,95883264,18123768,2904,7449760,22132800,1499350,9191,9191,0,0,0,0,0,0,0,0,0.067,0.071,0.000,0,0,0,9191,9191,0,0
travel,43.139,1035.0,860.368,860.368,fly,0.837,ok,2601,0,0,192.00,458321920,603148288,114090264,95883264,18123768,2904,7449760,22132800,1499350,9191,9191,0,0,0,0,0,0,0,0,0.067,0.064,0.000,0,0,0,9191,9191,0,0
travel,43.170,1035.8,860.891,860.891,fly,0.841,ok,2601,0,0,192.00,458321920,603148288,114090264,95883264,18123768,2904,7449760,22132800,1499350,9191,9191,0,0,0,0,0,0,0,0,0.065,0.065,0.000,0,0,0,9191,9191,0,0
travel,43.200,1036.5,861.404,861.404,fly,0.910,ok,2601,0,0,192.00,458321920,603148288,114090264,95883264,18123768,2904,7449760,22132800,1499350,9191,9191,0,0,0,0,0,0,0,0,0.134,0.066,0.000,0,0,0,9191,9191,0,0
travel,43.230,1037.2,861.920,861.920,fly,0.979,ok,2601,0,0,192.00,458321920,603148288,114090264,95883264,18123768,2904,7449760,22132800,1499350,9191,9191,0,0,0,0,0,0,0,0,0.070,0.091,0.000,0,0,0,9191,9191,0,0
travel,43.261,1037.9,862.439,862.439,fly,0.859,ok,2601,0,0,192.00,458321920,603148288,114090264,95883264,18123768,2904,7449760,22132800,1499350,9191,9191,0,0,0,0,0,0,0,0,0.066,0.069,0.000,0,0,0,9191,9191,0,0
travel,43.291,1038.7,862.956,862.956,fly,0.889,ok,2601,0,0,192.00,458321920,603148288,114090264,95883264,18123768,2904,7449760,22132800,1499350,9191,9191,0,0,0,0,0,0,0,0,0.067,0.073,0.000,0,0,0,9191,9191,0,0
travel,43.322,1039.4,863.472,863.472,fly,0.862,ok,2601,0,0,192.00,458321920,603148288,114090264,95883264,18123768,2904,7449760,22132800,1499350,9191,9191,0,0,0,0,0,0,0,0,0.067,0.070,0.000,0,0,0,9191,9191,0,0
travel,43.352,1040.1,863.991,863.991,fly,0.946,ok,2601,0,0,192.00,458321920,603148288,114090264,95883264,18123768,2904,7449760,22132800,1499350,9191,9191,0,0,0,0,0,0,0,0,0.069,0.086,0.000,0,0,0,9191,9191,0,0
travel,43.392,1041.1,864.660,864.660,fly,0.888,ok,2601,0,0,192.00,459931648,604782592,114090264,95883264,18123768,2904,11174640,22132800,1331298,9292,9292,0,0,0,0,0,0,0,0,0.068,0.073,0.000,0,0,0,9292,9292,0,0
travel,43.422,1041.8,865.178,865.178,fly,0.843,ok,2601,0,0,192.00,459931648,604782592,114090264,95883264,18123768,2904,11174640,22132800,1331298,9292,9292,0,0,0,0,0,0,0,0,0.068,0.066,0.000,0,0,0,9292,9292,0,0
travel,43.452,1042.5,865.689,865.689,fly,0.919,ok,2601,0,0,192.00,459931648,604782592,114090264,95883264,18123768,2904,11174640,22132800,1331298,9292,9292,0,0,0,0,0,0,0,0,0.143,0.069,0.000,0,0,0,9292,9292,0,0
travel,43.482,1043.3,866.204,866.204,fly,0.861,ok,2601,0,0,192.00,459931648,604782592,114090264,95883264,18123768,2904,11174640,22132800,1331298,9292,9292,0,0,0,0,0,0,0,0,0.070,0.070,0.000,0,0,0,9292,9292,0,0
travel,43.513,1044.0,866.720,866.720,fly,1.014,ok,2601,0,0,192.00,459931648,604782592,114090264,95883264,18123768,2904,7449760,22132800,1331298,9292,9292,0,0,0,0,0,0,0,0,0.205,0.073,0.000,0,0,0,9292,9292,0,0
travel,43.543,1044.7,867.233,867.233,fly,0.840,ok,2601,0,0,192.00,459931648,604782592,114090264,95883264,18123768,2904,7449760,22132800,1331298,9292,9292,0,0,0,0,0,0,0,0,0.067,0.064,0.000,0,0,0,9292,9292,0,0
travel,43.573,1045.5,867.747,867.747,fly,0.837,ok,2601,0,0,192.00,459931648,604782592,114090264,95883264,18123768,2904,7449760,22132800,1331298,9292,9292,0,0,0,0,0,0,0,0,0.067,0.065,0.000,0,0,0,9292,9292,0,0
travel,43.603,1046.2,868.262,868.262,fly,0.858,ok,2601,0,0,192.00,459931648,604782592,114090264,95883264,18123768,2904,7449760,22132800,1331298,9292,9292,0,0,0,0,0,0,0,0,0.068,0.068,0.000,0,0,0,9292,9292,0,0
travel,43.634,1046.9,868.789,868.789,fly,0.966,ok,2601,0,0,192.00,459931648,604782592,114090264,95883264,18123768,2904,7449760,22132800,1331298,9292,9292,0,0,0,0,0,0,0,0,0.072,0.112,0.000,0,0,0,9292,9292,0,0
travel,43.667,1047.7,869.350,869.350,fly,1.030,ok,2601,0,0,192.00,459931648,604782592,114090264,95883264,18123768,2904,7449760,22132800,1331298,9292,9292,0,0,0,0,0,0,0,0,0.064,0.234,0.000,0,0,0,9292,9292,0,0
travel,43.698,1048.5,869.871,869.871,fly,0.948,ok,2601,0,0,192.00,459931648,604782592,114090264,95883264,18123768,2904,7449760,22132800,1331298,9292,9292,0,0,0,0,0,0,0,0,0.074,0.111,0.000,0,0,0,9292,9292,0,0
travel,43.729,1049.2,870.398,870.398,fly,0.893,ok,2601,0,0,192.00,459931648,604782592,114090264,95883264,18123768,2904,7449760,22132800,1331298,9292,9292,0,0,0,0,0,0,0,0,0.065,0.108,0.000,0,0,0,9292,9292,0,0
travel,43.760,1049.9,870.918,870.918,fly,0.858,ok,2601,0,0,192.00,459931648,604782592,114090264,95883264,18123768,2904,7449760,22132800,1331298,9292,9292,0,0,0,0,0,0,0,0,0.070,0.071,0.000,0,0,0,9292,9292,0,0
travel,43.790,1050.7,871.437,871.437,fly,0.981,ok,2601,0,0,192.00,459931648,604782592,114090264,95883264,18123768,2904,7449760,22132800,1331298,9292,9292,0,0,0,0,0,0,0,0,0.076,0.117,0.000,0,0,0,9292,9292,0,0
travel,43.821,1051.4,871.964,871.964,fly,0.898,ok,2601,0,0,192.00,459931648,604782592,114090264,95883264,18123768,2904,7449760,22132800,1331298,9292,9292,0,0,0,0,0,0,0,0,0.066,0.076,0.000,0,0,0,9292,9292,0,0
travel,43.860,1052.4,872.624,872.624,fly,0.953,ok,2601,0,0,192.00,459931648,604782592,114090264,95883264,18123768,2904,11174640,22132800,1387370,9393,9393,0,0,0,0,0,0,0,0,0.140,0.072,0.000,0,0,0,9393,9393,0,0
travel,43.891,1053.1,873.142,873.142,fly,0.958,ok,2601,0,0,192.00,459931648,604782592,114090264,95883264,18123768,2904,11174640,22132800,1387370,9393,9393,0,0,0,0,0,0,0,0,0.141,0.085,0.000,0,0,0,9393,9393,0,0
travel,43.921,1053.8,873.653,873.653,fly,0.840,ok,2601,0,0,192.00,459931648,604782592,114090264,95883264,18123768,2904,11174640,22132800,1387370,9393,9393,0,0,0,0,0,0,0,0,0.068,0.065,0.000,0,0,0,9393,9393,0,0
travel,43.951,1054.5,874.167,874.167,fly,0.888,ok,2601,0,0,192.00,459931648,604782592,114090264,95883264,18123768,2904,11174640,22132800,1387370,9393,9393,0,0,0,0,0,0,0,0,0.069,0.076,0.000,0,0,0,9393,9393,0,0
travel,43.981,1055.3,874.683,874.683,fly,0.838,ok,2601,0,0,192.00,459931648,604782592,114090264,95883264,18123768,2904,7449760,22132800,1387370,9393,9393,0,0,0,0,0,0,0,0,0.066,0.067,0.000,0,0,0,9393,9393,0,0
travel,44.011,1056.0,875.197,875.197,fly,1.004,ok,2601,0,0,192.00,459931648,604782592,114090264,95883264,18123768,2904,7449760,22132800,1387370,9393,9393,0,0,0,0,0,0,0,0,0.067,0.219,0.000,0,0,0,9393,9393,0,0
travel,44.042,1056.7,875.712,875.712,fly,0.878,ok,2601,0,0,192.00,459931648,604782592,114090264,95883264,18123768,2904,7449760,22132800,1387370,9393,9393,0,0,0,0,0,0,0,0,0.069,0.070,0.000,0,0,0,9393,9393,0,0
travel,44.073,1057.5,876.237,876.237,fly,0.860,ok,2601,0,0,192.00,459931648,604782592,114090264,95883264,18123768,2904,7449760,22132800,1387370,9393,9393,0,0,0,0,0,0,0,0,0.066,0.067,0.000,0,0,0,9393,9393,0,0
travel,44.103,1058.2,876.756,876.756,fly,0.847,ok,2601,0,0,192.00,459931648,604782592,114090264,95883264,18123768,2904,7449760,22132800,1387370,9393,9393,0,0,0,0,0,0,0,0,0.067,0.066,0.000,0,0,0,9393,9393,0,0
travel,44.133,1058.9,877.266,877.266,fly,0.830,ok,2601,0,0,192.00,459931648,604782592,114090264,95883264,18123768,2904,7449760,22132800,1387370,9393,9393,0,0,0,0,0,0,0,0,0.063,0.063,0.000,0,0,0,9393,9393,0,0
travel,44.164,1059.7,877.792,877.792,fly,0.863,ok,2601,0,0,192.00,459931648,604782592,114090264,95883264,18123768,2904,7449760,22132800,1387370,9393,9393,0,0,0,0,0,0,0,0,0.068,0.068,0.000,0,0,0,9393,9393,0,0
travel,44.195,1060.4,878.322,878.322,fly,0.989,ok,2601,0,0,192.00,459931648,604782592,114090264,95883264,18123768,2904,7449760,22132800,1387370,9393,9393,0,0,0,0,0,0,0,0,0.184,0.073,0.000,0,0,0,9393,9393,0,0
travel,44.226,1061.1,878.845,878.845,fly,1.281,ok,2601,0,0,192.00,459931648,604782592,114090264,95883264,18123768,2904,7449760,22132800,1387370,9393,9393,0,0,0,0,0,0,0,0,0.466,0.076,0.000,0,0,0,9393,9393,0,0
travel,44.256,1061.9,879.360,879.360,fly,0.841,ok,2601,0,0,192.00,459931648,604782592,114090264,95883264,18123768,2904,7449760,22132800,1387370,9393,9393,0,0,0,0,0,0,0,0,0.066,0.068,0.000,0,0,0,9393,9393,0,0
travel,44.287,1062.6,879.876,879.876,fly,0.846,ok,2601,0,0,192.00,459931648,604782592,114090264,95883264,18123768,2904,7449760,22132800,1387370,9393,9393,0,0,0,0,0,0,0,0,0.066,0.069,0.000,0,0,0,9393,9393,0,0
travel,44.326,1063.5,880.540,880.540,fly,0.948,ok,2601,0,0,192.00,459931648,604782592,114090264,95883264,18123768,2904,11174640,22132800,1442278,9494,9494,0,0,4,0,0,0,0,0,0.078,0.115,0.000,0,0,0,9494,9494,0,0
travel,44.357,1064.3,881.072,881.072,fly,0.850,ok,2601,0,0,192.00,459931648,604782592,114090264,95883264,18123768,2904,11174640,22132800,1442278,9494,9494,0,0,0,0,0,0,0,0,0.068,0.069,0.000,0,0,0,9494,9494,0,0
travel,44.387,1065.0,881.585,881.585,fly,0.837,ok,2601,0,0,192.00,459931648,604782592,114090264,95883264,18123768,2904,11174640,22132800,1442278,9494,9494,0,0,0,0,0,0,0,0,0.067,0.067,0.000,0,0,0,9494,9494,0,0
travel,44.418,1065.8,882.114,882.114,fly,0.911,ok,2601,0,0,192.00,459931648,604782592,114090264,95883264,18123768,2904,11174640,22132800,1442278,9494,9494,0,0,0,0,0,0,0,0,0.070,0.080,0.000,0,0,0,9494,9494,0,0
travel,44.449,1066.5,882.629,882.629,fly,1.101,ok,2601,0,0,192.00,459931648,604782592,114090264,95883264,18123768,2904,7449760,22132800,1442278,9494,9494,0,0,0,0,0,0,0,0,0.093,0.246,0.000,0,0,0,9494,9494,0,0
travel,44.480,1067.3,883.160,883.160,fly,0.851,ok,2601,0,0,192.00,459931648,604782592,114090264,95883264,18123768,2904,7449760,22132800,1442278,9494,9494,0,0,0,0,0,0,0,0,0.069,0.070,0.000,0,0,0,9494,9494,0,0
travel,44.510,1068.0,883.678,883.678,fly,0.962,ok,2601,0,0,192.00,459931648,604782592,114090264,95883264,18123768,2904,7449760,22132800,1442278,9494,9494,0,0,0,0,0,0,0,0,0.070,0.087,0.000,0,0,0,9494,9494,0,0
travel,44.541,1068.7,884.202,884.202,fly,0.889,ok,2601,0,0,192.00,459931648,604782592,114090264,95883264,18123768,2904,7449760,22132800,1442278,9494,9494,0,0,0,0,0,0,0,0,0.068,0.073,0.000,0,0,0,9494,9494,0,0
travel,44.572,1069.5,884.718,884.718,fly,0.838,ok,2601,0,0,192.00,459931648,604782592,114090264,95883264,18123768,2904,7449760,22132800,1442278,9494,9494,0,0,0,0,0,0,0,0,0.066,0.066,0.000,0,0,0,9494,9494,0,0
travel,44.602,1070.2,885.228,885.228,fly,0.952,ok,2601,0,0,192.00,459931648,604782592,114090264,95883264,18123768,2904,7449760,22132800,1442278,9494,9494,0,0,0,0,0,0,0,0,0.137,0.072,0.000,0,0,0,9494,9494,0,0
travel,44.632,1070.9,885.741,885.741,fly,0.862,ok,2601,0,0,192.00,459931648,604782592,114090264,95883264,18123768,2904,7449760,22132800,1442278,9494,9494,0,0,0,0,0,0,0,0,0.067,0.070,0.000,0,0,0,9494,9494,0,0
travel,44.662,1071.6,886.257,886.257,fly,0.854,ok,2601,0,0,192.00,459931648,604782592,114090264,95883264,18123768,2904,7449760,22132800,1442278,9494,9494,0,0,0,0,0,0,0,0,0.066,0.072,0.000,0,0,0,9494,9494,0,0
travel,44.692,1072.4,886.769,886.769,fly,0.837,ok,2601,0,0,192.00,459931648,604782592,114090264,95883264,18123768,2904,7449760,22132800,1442278,9494,9494,0,0,0,0,0,0,0,0,0.067,0.068,0.000,0,0,0,9494,9494,0,0
travel,44.723,1073.1,887.285,887.285,fly,0.860,ok,2601,0,0,192.00,459931648,604782592,114090264,95883264,18123768,2904,7449760,22132800,1442278,9494,9494,0,0,0,0,0,0,0,0,0.065,0.071,0.000,0,0,0,9494,9494,0,0
travel,44.754,1073.8,887.815,887.815,fly,0.938,ok,2601,0,0,192.00,459931648,604782592,114090264,95883264,18123768,2904,7449760,22132800,1442278,9494,9494,0,0,0,0,0,0,0,0,0.076,0.119,0.000,0,0,0,9494,9494,0,0
travel,44.794,1074.8,888.503,888.503,fly,0.869,ok,2601,0,16,192.00,459931648,604782592,114090264,95883264,18123768,2904,11174640,21297888,1493538,9595,9595,0,0,8,0,0,0,0,0,0.069,0.071,0.000,0,0,0,9595,9595,0,0
travel,44.826,1075.6,889.040,889.040,fly,0.891,ok,2601,0,0,192.00,459931648,604782592,114090264,95883264,18123768,2904,11174640,22132800,1496574,9595,9595,0,0,0,0,0,0,0,0,0.067,0.076,0.000,0,0,0,9595,9595,0,0
travel,44.857,1076.3,889.563,889.563,fly,0.855,ok,2601,0,0,192.00,459931648,604782592,114090264,95883264,18123768,2904,11174640,22132800,1496574,9595,9595,0,0,0,0,0,0,0,0,0.066,0.067,0.000,0,0,0,9595,9595,0,0
travel,44.887,1077.0,890.079,890.079,fly,0.860,ok,2601,0,0,192.00,459931648,604782592,114090264,95883264,18123768,2904,11174640,22132800,1496574,9595,9595,0,0,0,0,0,0,0,0,0.066,0.070,0.000,0,0,0,9595,9595,0,0
travel,44.918,1077.8,890.603,890.603,fly,0.868,ok,2601,0,0,192.00,459931648,604782592,114090264,95883264,18123768,2904,11174640,22132800,1496574,9595,9595,0,0,0,0,0,0,0,0,0.068,0.072,0.000,0,0,0,9595,9595,0,0
travel,44.949,1078.5,891.128,891.128,fly,0.850,ok,2601,0,0,192.00,459931648,604782592,114090264,95883264,18123768,2904,7449760,22132800,1496574,9595,9595,0,0,0,0,0,0,0,0,0.068,0.069,0.000,0,0,0,9595,9595,0,0
travel,44.979,1079.2,891.645,891.645,fly,0.957,ok,2601,0,0,192.00,459931648,604782592,114090264,95883264,18123768,2904,7449760,22132800,1496574,9595,9595,0,0,0,0,0,0,0,0,0.072,0.112,0.000,0,0,0,9595,9595,0,0
travel,45.009,1080.0,892.155,892.155,fly,0.841,ok,2601,0,0,192.00,459931648,604782592,114090264,95883264,18123768,2904,7449760,22132800,1496574,9595,9595,0,0,0,0,0,0,0,0,0.065,0.069,0.000,0,0,0,9595,9595,0,0
travel,45.039,1080.7,892.666,892.666,fly,0.958,ok,2601,0,0,192.00,459931648,604782592,114090264,95883264,18123768,2904,7449760,22132800,1496574,9595,9595,0,0,0,0,0,0,0,0,0.074,0.105,0.000,0,0,0,9595,9595,0,0
travel,45.070,1081.4,893.184,893.184,fly,0.873,ok,2601,0,0,192.00,459931648,604782592,114090264,95883264,18123768,2904,7449760,22132800,1496574,9595,9595,0,0,0,0,0,0,0,0,0.066,0.071,0.000,0,0,0,9595,9595,0,0
travel,45.100,1082.2,893.706,893.706,fly,0.951,ok,2601,0,0,192.00,459931648,604782592,114090264,95883264,18123768,2904,7449760,22132800,1496574,9595,9595,0,0,0,0,0,0,0,0,0.136,0.071,0.000,0,0,0,9595,9595,0,0
travel,45.131,1082.9,894.223,894.223,fly,1.411,ok,2601,0,0,192.00,459931648,604782592,114090264,95883264,18123768,2904,7449760,22132800,1496574,9595,9595,0,0,0,0,0,0,0,0,0.545,0.085,0.000,0,0,0,9595,9595,0,0
travel,45.162,1083.6,894.746,894.746,fly,0.834,ok,2601,0,0,192.00,459931648,604782592,114090264,95883264,18123768,2904,7449760,22132800,1496574,9595,9595,0,0,0,0,0,0,0,0,0.065,0.066,0.000,0,0,0,9595,9595,0,0
travel,45.192,1084.4,895.262,895.262,fly,0.876,ok,2601,0,0,192.00,459931648,604782592,114090264,95883264,18123768,2904,7449760,22132800,1496574,9595,9595,0,0,0,0,0,0,0,0,0.065,0.074,0.000,0,0,0,9595,9595,0,0
travel,45.222,1085.1,895.773,895.773,fly,0.839,ok,2601,0,0,192.00,459931648,604782592,114090264,95883264,18123768,2904,7449760,22132800,1496574,9595,9595,0,0,0,0,0,0,0,0,0.064,0.066,0.000,0,0,0,9595,9595,0,0
travel,45.261,1086.0,896.433,896.433,fly,0.852,ok,2601,0,78,192.00,459931648,604782592,114090264,95883264,18123768,2904,11174640,18062976,1285243,9696,9696,0,0,6,0,0,0,0,0,0.067,0.065,0.000,0,0,0,9696,9696,0,0
travel,45.291,1086.8,896.954,896.954,fly,0.848,ok,2601,0,0,192.00,459931648,604782592,114090264,95883264,18123768,2904,11174640,22132800,1298458,9696,9696,0,0,0,0,0,0,0,0,0.068,0.067,0.000,0,0,0,9696,9696,0,0
travel,45.322,1087.5,897.467,897.467,fly,0.841,ok,2601,0,0,192.00,459931648,604782592,114090264,95883264,18123768,2904,11174640,22132800,1298458,9696,9696,0,0,0,0,0,0,0,0,0.067,0.068,0.000,0,0,0,9696,9696,0,0
travel,45.352,1088.2,897.981,897.981,fly,0.840,ok,2601,0,0,192.00,459931648,604782592,114090264,95883264,18123768,2904,11174640,22132800,1298458,9696,9696,0,0,0,0,0,0,0,0,0.068,0.067,0.000,0,0,0,9696,9696,0,0
travel,45.382,1088.9,898.499,898.499,fly,0.861,ok,2601,0,0,192.00,459931648,604782592,114090264,95883264,18123768,2904,11174640,22132800,1298458,9696,9696,0,0,0,0,0,0,0,0,0.068,0.068,0.000,0,0,0,9696,9696,0,0
travel,45.412,1089.7,899.011,899.011,fly,1.070,ok,2601,0,0,192.00,459931648,604782592,114090264,95883264,18123768,2904,7449760,22132800,1298458,9696,9696,0,0,0,0,0,0,0,0,0.151,0.147,0.000,0,0,0,9696,9696,0,0
travel,45.443,1090.4,899.531,899.531,fly,0.840,ok,2601,0,0,192.00,459931648,604782592,114090264,95883264,18123768,2904,7449760,22132800,1298458,9696,9696,0,0,0,0,0,0,0,0,0.067,0.065,0.000,0,0,0,9696,9696,0,0
travel,45.473,1091.1,900.048,900.048,fly,1.013,ok,2601,0,0,192.00,459931648,604782592,114090264,95883264,18123768,2904,7449760,22132800,1298458,9696,9696,0,0,0,0,0,0,0,0,0.219,0.085,0.000,0,0,0,9696,9696,0,0
travel,45.504,1091.9,900.562,900.562,fly,0.875,ok,2601,0,0,192.00,459931648,604782592,114090264,95883264,18123768,2904,7449760,22132800,1298458,9696,9696,0,0,0,0,0,0,0,0,0.068,0.079,0.000,0,0,0,9696,9696,0,0
travel,45.534,1092.6,901.082,901.082,fly,0.864,ok,2601,0,0,192.00,459931648,604782592,114090264,95883264,18123768,2904,7449760,22132800,1298458,9696,9696,0,0,0,0,0,0,0,0,0.067,0.069,0.000,0,0,0,9696,9696,0,0
travel,45.565,1093.3,901.603,901.603,fly,0.858,ok,2601,0,0,192.00,459931648,604782592,114090264,95883264,18123768,2904,7449760,22132800,1298458,9696,9696,0,0,0,0,0,0,0,0,0.066,0.065,0.000,0,0,0,9696,9696,0,0
travel,45.595,1094.1,902.119,902.119,fly,0.836,ok,2601,0,0,192.00,459931648,604782592,114090264,95883264,18123768,2904,7449760,22132800,1298458,9696,9696,0,0,0,0,0,0,0,0,0.066,0.065,0.000,0,0,0,9696,9696,0,0
travel,45.625,1094.8,902.632,902.632,fly,0.841,ok,2601,0,0,192.00,459931648,604782592,114090264,95883264,18123768,2904,7449760,22132800,1298458,9696,9696,0,0,0,0,0,0,0,0,0.067,0.067,0.000,0,0,0,9696,9696,0,0
travel,45.656,1095.5,903.146,903.146,fly,1.193,ok,2601,0,0,192.00,459931648,604782592,114090264,95883264,18123768,2904,7449760,22132800,1298458,9696,9696,0,0,0,0,0,0,0,0,0.395,0.073,0.000,0,0,0,9696,9696,0,0
travel,45.686,1096.2,903.663,903.663,fly,0.839,ok,2601,0,0,192.00,459931648,604782592,114090264,95883264,18123768,2904,7449760,22132800,1298458,9696,9696,0,0,0,0,0,0,0,0,0.065,0.065,0.000,0,0,0,9696,9696,0,0
travel,45.725,1097.2,904.317,904.317,fly,0.849,ok,2601,0,90,192.00,459931648,604782592,114090264,95883264,18123768,2904,11174640,17436864,1336362,9797,9797,0,0,7,0,0,0,0,0,0.068,0.069,0.000,0,0,0,9797,9797,0,0
travel,45.755,1097.9,904.833,904.833,fly,0.931,ok,2601,0,0,192.00,459931648,604782592,114090264,95883264,18123768,2904,11174640,22132800,1354634,9797,9797,0,0,0,0,0,0,0,0,0.142,0.073,0.000,0,0,0,9797,9797,0,0
travel,45.785,1098.6,905.347,905.347,fly,0.862,ok,2601,0,0,192.00,459931648,604782592,114090264,95883264,18123768,2904,11174640,22132800,1354634,9797,9797,0,0,0,0,0,0,0,0,0.067,0.070,0.000,0,0,0,9797,9797,0,0
travel,45.815,1099.4,905.862,905.862,fly,0.840,ok,2601,0,0,192.00,459931648,604782592,114090264,95883264,18123768,2904,11174640,22132800,1354634,9797,9797,0,0,0,0,0,0,0,0,0.068,0.068,0.000,0,0,0,9797,9797,0,0
travel,45.846,1100.1,906.380,906.380,fly,1.276,ok,2601,0,0,192.00,459931648,604782592,114090264,95883264,18123768,2904,11174640,22132800,1354634,9797,9797,0,0,0,0,0,0,0,0,0.074,0.175,0.000,0,0,0,9797,9797,0,0
travel,45.877,1100.8,906.910,906.910,fly,0.875,ok,2601,0,0,192.00,459931648,604782592,114090264,95883264,18123768,2904,7449760,22132800,1354634,9797,9797,0,0,0,0,0,0,0,0,0.066,0.068,0.000,0,0,0,9797,9797,0,0
travel,45.908,1101.6,907.428,907.428,fly,1.006,ok,2601,0,0,192.00,459931648,604782592,114090264,95883264,18123768,2904,7449760,22132800,1354634,9797,9797,0,0,0,0,0,0,0,0,0.091,0.114,0.000,0,0,0,9797,9797,0,0
travel,45.939,1102.3,907.955,907.955,fly,0.976,ok,2601,0,0,192.00,459931648,604782592,114090264,95883264,18123768,2904,7449760,22132800,1354634,9797,9797,0,0,0,0,0,0,0,0,0.172,0.068,0.000,0,0,0,9797,9797,0,0
travel,45.970,1103.1,908.488,908.488,fly,0.846,ok,2601,0,0,192.00,459931648,604782592,114090264,95883264,18123768,2904,7449760,22132800,1354634,9797,9797,0,0,0,0,0,0,0,0,0.066,0.069,0.000,0,0,0,9797,9797,0,0
travel,46.000,1103.8,909.002,909.002,fly,0.910,ok,2601,0,0,192.00,459931648,604782592,114090264,95883264,18123768,2904,7449760,22132800,1354634,9797,9797,0,0,0,0,0,0,0,0,0.065,0.069,0.000,0,0,0,9797,9797,0,0
travel,46.031,1104.5,909.527,909.527,fly,0.954,ok,2601,0,0,192.00,459931648,604782592,114090264,95883264,18123768,2904,7449760,22132800,1354634,9797,9797,0,0,0,0,0,0,0,0,0.140,0.075,0.000,0,0,0,9797,9797,0,0
travel,46.061,1105.3,910.042,910.042,fly,0.927,ok,2601,0,0,192.00,459931648,604782592,114090264,95883264,18123768,2904,7449760,22132800,1354634,9797,9797,0,0,0,0,0,0,0,0,0.142,0.067,0.000,0,0,0,9797,9797,0,0
travel,46.092,1106.0,910.568,910.568,fly,0.868,ok,2601,0,0,192.00,459931648,604782592,114090264,95883264,18123768,2904,7449760,22132800,1354634,9797,9797,0,0,0,0,0,0,0,0,0.068,0.069,0.000,0,0,0,9797,9797,0,0
travel,46.123,1106.8,911.092,911.092,fly,0.933,ok,2601,0,0,192.00,459931648,604782592,114090264,95883264,18123768,2904,7449760,22132800,1354634,9797,9797,0,0,0,0,0,0,0,0,0.136,0.073,0.000,0,0,0,9797,9797,0,0
travel,46.153,1107.5,911.604,911.604,fly,1.109,ok,2601,0,0,192.00,459931648,604782592,114090264,95883264,18123768,2904,7449760,22132800,1354634,9797,9797,0,0,0,0,0,0,0,0,0.096,0.242,0.000,0,0,0,9797,9797,0,0
travel,46.193,1108.4,912.274,912.274,fly,0.867,ok,2601,0,105,192.00,459931648,604782592,114090264,95883264,18123768,2904,11174640,16654224,1388914,9898,9898,0,0,6,0,0,0,0,0,0.068,0.065,0.000,0,0,0,9898,9898,0,0
travel,46.223,1109.2,912.793,912.793,fly,0.872,ok,2601,0,0,192.00,459931648,604782592,114090264,95883264,18123768,2904,11174640,22132800,1408430,9898,9898,0,0,0,0,0,0,0,0,0.069,0.072,0.000,0,0,0,9898,9898,0,0
travel,46.254,1109.9,913.308,913.308,fly,0.873,ok,2601,0,0,192.00,459931648,604782592,114090264,95883264,18123768,2904,11174640,22132800,1408430,9898,9898,0,0,0,0,0,0,0,0,0.069,0.074,0.000,0,0,0,9898,9898,0,0
travel,46.284,1110.6,913.826,913.826,fly,0.862,ok,2601,0,0,192.00,459931648,604782592,114090264,95883264,18123768,2904,11174640,22132800,1408430,9898,9898,0,0,0,0,0,0,0,0,0.068,0.070,0.000,0,0,0,9898,9898,0,0
travel,46.314,1111.3,914.340,914.340,fly,0.866,ok,2601,0,0,192.00,459931648,604782592,114090264,95883264,18123768,2904,11174640,22132800,1408430,9898,9898,0,0,0,0,0,0,0,0,0.069,0.071,0.000,0,0,0,9898,9898,0,0
travel,46.345,1112.1,914.858,914.858,fly,0.865,ok,2601,0,0,192.00,459931648,604782592,114090264,95883264,18123768,2904,7449760,22132800,1408430,9898,9898,0,0,0,0,0,0,0,0,0.068,0.072,0.000,0,0,0,9898,9898,0,0
travel,46.375,1112.8,915.370,915.370,fly,1.283,ok,2601,0,0,192.00,459931648,604782592,114090264,95883264,18123768,2904,7449760,22132800,1408430,9898,9898,0,0,0,0,0,0,0,0,0.466,0.073,0.000,0,0,0,9898,9898,0,0
travel,46.405,1113.5,915.889,915.889,fly,0.838,ok,2601,0,0,192.00,459931648,604782592,114090264,95883264,18123768,2904,7449760,22132800,1408430,9898,9898,0,0,0,0,0,0,0,0,0.070,0.064,0.000,0,0,0,9898,9898,0,0
travel,46.436,1114.3,916.410,916.410,fly,0.922,ok,2601,0,0,192.00,459931648,604782592,114090264,95883264,18123768,2904,7449760,22132800,1408430,9898,9898,0,0,0,0,0,0,0,0,0.068,0.080,0.000,0,0,0,9898,9898,0,0
travel,46.466,1115.0,916.927,916.927,fly,1.087,ok,2601,0,0,192.00,459931648,604782592,114090264,95883264,18123768,2904,7449760,22132800,1408430,9898,9898,0,0,0,0,0,0,0,0,0.170,0.190,0.000,0,0,0,9898,9898,0,0
travel,46.498,1115.8,917.458,917.458,fly,0.860,ok,2601,0,0,192.00,459931648,604782592,114090264,95883264,18123768,2904,7449760,22132800,1408430,9898,9898,0,0,0,0,0,0,0,0,0.067,0.070,0.000,0,0,0,9898,9898,0,0
travel,46.528,1116.5,917.979,917.979,fly,0.841,ok,2601,0,0,192.00,459931648,604782592,114090264,95883264,18123768,2904,7449760,22132800,1408430,9898,9898,0,0,0,0,0,0,0,0,0.067,0.068,0.000,0,0,0,9898,9898,0,0
travel,46.558,1117.2,918.490,918.490,fly,0.844,ok,2601,0,0,192.00,459931648,604782592,114090264,95883264,18123768,2904,7449760,22132800,1408430,9898,9898,0,0,0,0,0,0,0,0,0.067,0.069,0.000,0,0,0,9898,9898,0,0
travel,46.589,1117.9,919.004,919.004,fly,0.890,ok,2601,0,0,192.00,459931648,604782592,114090264,95883264,18123768,2904,7449760,22132800,1408430,9898,9898,0,0,0,0,0,0,0,0,0.067,0.068,0.000,0,0,0,9898,9898,0,0
travel,46.619,1118.7,919.520,919.520,fly,0.840,ok,2601,0,0,192.00,459931648,604782592,114090264,95883264,18123768,2904,7449760,22132800,1408430,9898,9898,0,0,0,0,0,0,0,0,0.067,0.065,0.000,0,0,0,9898,9898,0,0
travel,46.652,1119.5,920.090,920.090,fly,3.668,ok,2575,26,172,192.00,459931648,604782592,112949800,94924800,17942600,2904,11174640,14515632,1421398,9973,9999,38,0,49,38,38,0,0,0,0.248,0.080,0.000,0,0,0,9973,9973,0,0
travel,46.688,1120.3,920.695,920.695,fly,0.863,ok,2601,0,0,192.00,459931648,604782592,114090264,95883264,18123768,2904,11174640,22132800,1461682,9999,9999,0,0,0,0,0,0,0,0,0.067,0.067,0.000,0,0,0,9999,9999,0,0
travel,46.719,1121.1,921.224,921.224,fly,0.887,ok,2601,0,0,192.00,459931648,604782592,114090264,95883264,18123768,2904,11174640,22132800,1461682,9999,9999,0,0,0,0,0,0,0,0,0.069,0.074,0.000,0,0,0,9999,9999,0,0
travel,46.750,1121.8,921.743,921.743,fly,0.843,ok,2601,0,0,192.00,459931648,604782592,114090264,95883264,18123768,2904,11174640,22132800,1461682,9999,9999,0,0,0,0,0,0,0,0,0.068,0.066,0.000,0,0,0,9999,9999,0,0
travel,46.780,1122.5,922.259,922.259,fly,0.916,ok,2601,0,0,192.00,459931648,604782592,114090264,95883264,18123768,2904,11174640,22132800,1461682,9999,9999,0,0,0,0,0,0,0,0,0.068,0.081,0.000,0,0,0,9999,9999,0,0
travel,46.810,1123.3,922.777,922.777,fly,0.859,ok,2601,0,0,192.00,459931648,604782592,114090264,95883264,18123768,2904,7449760,22132800,1461682,9999,9999,0,0,0,0,0,0,0,0,0.068,0.070,0.000,0,0,0,9999,9999,0,0
travel,46.841,1124.0,923.294,923.294,fly,0.854,ok,2601,0,0,192.00,459931648,604782592,114090264,95883264,18123768,2904,7449760,22132800,1461682,9999,9999,0,0,0,0,0,0,0,0,0.066,0.076,0.000,0,0,0,9999,9999,0,0
travel,46.871,1124.7,923.812,923.812,fly,0.842,ok,2601,0,0,192.00,459931648,604782592,114090264,95883264,18123768,2904,7449760,22132800,1461682,9999,9999,0,0,0,0,0,0,0,0,0.069,0.067,0.000,0,0,0,9999,9999,0,0
travel,46.902,1125.5,924.330,924.330,fly,0.844,ok,2601,0,0,192.00,459931648,604782592,114090264,95883264,18123768,2904,7449760,22132800,1461682,9999,9999,0,0,0,0,0,0,0,0,0.067,0.065,0.000,0,0,0,9999,9999,0,0
travel,46.933,1126.2,924.856,924.856,fly,0.868,ok,2601,0,0,192.00,459931648,604782592,114090264,95883264,18123768,2904,7449760,22132800,1461682,9999,9999,0,0,0,0,0,0,0,0,0.067,0.070,0.000,0,0,0,9999,9999,0,0
travel,46.964,1127.0,925.379,925.379,fly,0.900,ok,2601,0,0,192.00,459931648,604782592,114090264,95883264,18123768,2904,7449760,22132800,1461682,9999,9999,0,0,0,0,0,0,0,0,0.070,0.079,0.000,0,0,0,9999,9999,0,0
travel,46.994,1127.7,925.903,925.903,fly,0.892,ok,2601,0,0,192.00,459931648,604782592,114090264,95883264,18123768,2904,7449760,22132800,1461682,9999,9999,0,0,0,0,0,0,0,0,0.068,0.068,0.000,0,0,0,9999,9999,0,0
travel,47.025,1128.4,926.425,926.425,fly,0.900,ok,2601,0,0,192.00,459931648,604782592,114090264,95883264,18123768,2904,7449760,22132800,1461682,9999,9999,0,0,0,0,0,0,0,0,0.068,0.082,0.000,0,0,0,9999,9999,0,0
travel,47.055,1129.2,926.942,926.942,fly,0.882,ok,2601,0,0,192.00,459931648,604782592,114090264,95883264,18123768,2904,7449760,22132800,1461682,9999,9999,0,0,0,0,0,0,0,0,0.067,0.076,0.000,0,0,0,9999,9999,0,0
travel,47.087,1129.9,927.485,927.485,fly,0.864,ok,2601,0,0,192.00,459931648,604782592,114090264,95883264,18123768,2904,7449760,22132800,1461682,9999,9999,0,0,0,0,0,0,0,0,0.065,0.071,0.000,0,0,0,9999,9999,0,0
travel,47.118,1130.7,928.005,928.005,fly,5.371,ok,2535,66,92,192.00,459931648,604782592,111195240,93450240,17663880,2904,11174640,15557688,1468421,10034,10100,35,101,35,35,35,0,0,0,0.437,0.120,0.000,0,0,0,10034,10034,0,0
travel,47.158,1131.6,928.690,928.690,fly,0.861,ok,2601,0,0,192.00,459931648,604782592,114090264,95883264,18123768,2904,11174640,22132800,1291722,10100,10100,0,0,0,0,0,0,0,0,0.072,0.068,0.000,0,0,0,10100,10100,0,0
travel,47.189,1132.4,929.211,929.211,fly,0.849,ok,2601,0,0,192.00,459931648,604782592,114090264,95883264,18123768,2904,11174640,22132800,1291722,10100,10100,0,0,0,0,0,0,0,0,0.072,0.064,0.000,0,0,0,10100,10100,0,0
travel,47.219,1133.1,929.722,929.722,fly,0.841,ok,2601,0,0,192.00,459931648,604782592,114090264,95883264,18123768,2904,11174640,22132800,1291722,10100,10100,0,0,0,0,0,0,0,0,0.068,0.066,0.000,0,0,0,10100,10100,0,0
travel,47.249,1133.8,930.235,930.235,fly,0.857,ok,2601,0,0,192.00,459931648,604782592,114090264,95883264,18123768,2904,11174640,22132800,1291722,10100,10100,0,0,0,0,0,0,0,0,0.070,0.070,0.000,0,0,0,10100,10100,0,0
travel,47.280,1134.6,930.752,930.752,fly,0.849,ok,2601,0,0,192.00,459931648,604782592,114090264,95883264,18123768,2904,7449760,22132800,1291722,10100,10100,0,0,0,0,0,0,0,0,0.071,0.066,0.000,0,0,0,10100,10100,0,0
travel,47.310,1135.3,931.272,931.272,fly,0.855,ok,2601,0,0,192.00,459931648,604782592,114090264,95883264,18123768,2904,7449760,22132800,1291722,10100,10100,0,0,0,0,0,0,0,0,0.069,0.066,0.000,0,0,0,10100,10100,0,0
travel,47.341,1136.0,931.791,931.791,fly,0.876,ok,2601,0,0,192.00,459931648,604782592,114090264,95883264,18123768,2904,7449760,22132800,1291722,10100,10100,0,0,0,0,0,0,0,0,0.069,0.073,0.000,0,0,0,10100,10100,0,0
travel,47.371,1136.8,932.306,932.306,fly,0.849,ok,2601,0,0,192.00,459931648,604782592,114090264,95883264,18123768,2904,7449760,22132800,1291722,10100,10100,0,0,0,0,0,0,0,0,0.067,0.068,0.000,0,0,0,10100,10100,0,0
travel,47.402,1137.5,932.829,932.829,fly,0.859,ok,2601,0,0,192.00,459931648,604782592,114090264,95883264,18123768,2904,7449760,22132800,1291722,10100,10100,0,0,0,0,0,0,0,0,0.067,0.069,0.000,0,0,0,10100,10100,0,0
travel,47.433,1138.2,933.355,933.355,fly,0.932,ok,2601,0,0,192.00,459931648,604782592,114090264,95883264,18123768,2904,7449760,22132800,1291722,10100,10100,0,0,0,0,0,0,0,0,0.136,0.070,0.000,0,0,0,10100,10100,0,0
travel,47.463,1139.0,933.875,933.875,fly,0.867,ok,2601,0,0,192.00,459931648,604782592,114090264,95883264,18123768,2904,7449760,22132800,1291722,10100,10100,0,0,0,0,0,0,0,0,0.068,0.071,0.000,0,0,0,10100,10100,0,0
travel,47.494,1139.7,934.399,934.399,fly,0.936,ok,2601,0,0,192.00,459931648,604782592,114090264,95883264,18123768,2904,7449760,22132800,1291722,10100,10100,0,0,0,0,0,0,0,0,0.071,0.140,0.000,0,0,0,10100,10100,0,0
travel,47.525,1140.4,934.919,934.919,fly,0.846,ok,2601,0,0,192.00,459931648,604782592,114090264,95883264,18123768,2904,7449760,22132800,1291722,10100,10100,0,0,0,0,0,0,0,0,0.066,0.067,0.000,0,0,0,10100,10100,0,0
travel,47.555,1141.2,935.436,935.436,fly,0.863,ok,2601,0,0,192.00,459931648,604782592,114090264,95883264,18123768,2904,7449760,22132800,1291722,10100,10100,0,0,0,0,0,0,0,0,0.066,0.068,0.000,0,0,0,10100,10100,0,0
travel,47.586,1141.9,935.955,935.955,fly,0.880,ok,2601,0,0,192.00,459931648,604782592,114090264,95883264,18123768,2904,7449760,22132800,1291722,10100,10100,0,0,0,0,0,0,0,0,0.070,0.073,0.000,0,0,0,10100,10100,0,0
travel,47.624,1142.8,936.607,936.607,fly,0.899,ok,2601,0,0,192.00,459931648,604782592,114090264,95883264,18123768,2904,11174640,22132800,1347730,10201,10201,0,0,0,0,0,0,0,0,0.070,0.074,0.000,0,0,0,10201,10201,0,0
travel,47.655,1143.6,937.128,937.128,fly,1.366,ok,2601,0,0,192.00,459931648,604782592,114090264,95883264,18123768,2904,11174640,22132800,1347730,10201,10201,0,0,0,0,0,0,0,0,0.169,0.182,0.000,0,0,0,10201,10201,0,0
travel,47.685,1144.3,937.648,937.648,fly,1.548,ok,2601,0,0,192.00,459931648,604782592,114090264,95883264,18123768,2904,11174640,22132800,1347730,10201,10201,0,0,0,0,0,0,0,0,0.655,0.087,0.000,0,0,0,10201,10201,0,0
travel,47.716,1145.0,938.170,938.170,fly,0.862,ok,2601,0,0,192.00,459931648,604782592,114090264,95883264,18123768,2904,11174640,22132800,1347730,10201,10201,0,0,0,0,0,0,0,0,0.068,0.069,0.000,0,0,0,10201,10201,0,0
travel,47.746,1145.8,938.680,938.680,fly,0.842,ok,2601,0,0,192.00,459931648,604782592,114090264,95883264,18123768,2904,7449760,22132800,1347730,10201,10201,0,0,0,0,0,0,0,0,0.068,0.067,0.000,0,0,0,10201,10201,0,0
travel,47.777,1146.5,939.201,939.201,fly,0.865,ok,2601,0,0,192.00,459931648,604782592,114090264,95883264,18123768,2904,7449760,22132800,1347730,10201,10201,0,0,0,0,0,0,0,0,0.069,0.070,0.000,0,0,0,10201,10201,0,0
travel,47.807,1147.2,939.713,939.713,fly,0.900,ok,2601,0,0,192.00,459931648,604782592,114090264,95883264,18123768,2904,7449760,22132800,1347730,10201,10201,0,0,0,0,0,0,0,0,0.070,0.077,0.000,0,0,0,10201,10201,0,0
travel,47.837,1148.0,940.228,940.228,fly,0.853,ok,2601,0,0,192.00,459931648,604782592,114090264,95883264,18123768,2904,7449760,22132800,1347730,10201,10201,0,0,0,0,0,0,0,0,0.069,0.069,0.000,0,0,0,10201,10201,0,0
travel,47.867,1148.7,940.742,940.742,fly,0.858,ok,2601,0,0,192.00,459931648,604782592,114090264,95883264,18123768,2904,7449760,22132800,1347730,10201,10201,0,0,0,0,0,0,0,0,0.070,0.070,0.000,0,0,0,10201,10201,0,0
travel,47.897,1149.4,941.253,941.253,fly,0.847,ok,2601,0,0,192.00,459931648,604782592,114090264,95883264,18123768,2904,7449760,22132800,1347730,10201,10201,0,0,0,0,0,0,0,0,0.070,0.067,0.000,0,0,0,10201,10201,0,0
travel,47.927,1150.1,941.764,941.764,fly,0.833,ok,2601,0,0,192.00,459931648,604782592,114090264,95883264,18123768,2904,7449760,22132800,1347730,10201,10201,0,0,0,0,0,0,0,0,0.067,0.065,0.000,0,0,0,10201,10201,0,0
travel,47.958,1150.9,942.281,942.281,fly,0.836,ok,2601,0,0,192.00,459931648,604782592,114090264,95883264,18123768,2904,7449760,22132800,1347730,10201,10201,0,0,0,0,0,0,0,0,0.067,0.066,0.000,0,0,0,10201,10201,0,0
travel,47.988,1151.6,942.791,942.791,fly,0.847,ok,2601,0,0,192.00,459931648,604782592,114090264,95883264,18123768,2904,7449760,22132800,1347730,10201,10201,0,0,0,0,0,0,0,0,0.068,0.068,0.000,0,0,0,10201,10201,0,0
travel,48.018,1152.3,943.301,943.301,fly,0.844,ok,2601,0,0,192.00,459931648,604782592,114090264,95883264,18123768,2904,7449760,22132800,1347730,10201,10201,0,0,0,0,0,0,0,0,0.069,0.071,0.000,0,0,0,10201,10201,0,0
travel,48.048,1153.0,943.819,943.819,fly,0.847,ok,2601,0,0,192.00,459931648,604782592,114090264,95883264,18123768,2904,7449760,22132800,1347730,10201,10201,0,0,0,0,0,0,0,0,0.067,0.066,0.000,0,0,0,10201,10201,0,0
travel,48.090,1154.0,944.530,944.530,fly,0.851,ok,2601,0,0,192.00,459931648,604782592,114090264,95883264,18123768,2904,11174640,22132800,1402374,10302,10302,0,0,6,0,0,0,0,0,0.070,0.070,0.000,0,0,0,10302,10302,0,0
travel,48.121,1154.8,945.056,945.056,fly,0.943,ok,2601,0,0,192.00,459931648,604782592,114090264,95883264,18123768,2904,11174640,22132800,1402374,10302,10302,0,0,0,0,0,0,0,0,0.142,0.072,0.000,0,0,0,10302,10302,0,0
travel,48.153,1155.5,945.591,945.591,fly,0.874,ok,2601,0,0,192.00,459931648,604782592,114090264,95883264,18123768,2904,11174640,22132800,1402374,10302,10302,0,0,0,0,0,0,0,0,0.070,0.070,0.000,0,0,0,10302,10302,0,0
travel,48.183,1156.3,946.110,946.110,fly,0.884,ok,2601,0,0,192.00,459931648,604782592,114090264,95883264,18123768,2904,11174640,22132800,1402374,10302,10302,0,0,0,0,0,0,0,0,0.068,0.073,0.000,0,0,0,10302,10302,0,0
travel,48.214,1157.0,946.630,946.630,fly,0.886,ok,2601,0,0,192.00,459931648,604782592,114090264,95883264,18123768,2904,11174640,22132800,1402374,10302,10302,0,0,0,0,0,0,0,0,0.069,0.081,0.000,0,0,0,10302,10302,0,0
travel,48.244,1157.7,947.142,947.142,fly,0.959,ok,2601,0,0,192.00,459931648,604782592,114090264,95883264,18123768,2904,7449760,22132800,1402374,10302,10302,0,0,0,0,0,0,0,0,0.184,0.070,0.000,0,0,0,10302,10302,0,0
travel,48.275,1158.5,947.667,947.667,fly,0.906,ok,2601,0,0,192.00,459931648,604782592,114090264,95883264,18123768,2904,7449760,22132800,1402374,10302,10302,0,0,0,0,0,0,0,0,0.069,0.080,0.000,0,0,0,10302,10302,0,0
travel,48.305,1159.2,948.182,948.182,fly,0.916,ok,2601,0,0,192.00,459931648,604782592,114090264,95883264,18123768,2904,7449760,22132800,1402374,10302,10302,0,0,0,0,0,0,0,0,0.135,0.066,0.000,0,0,0,10302,10302,0,0
travel,48.335,1159.9,948.695,948.695,fly,0.866,ok,2601,0,0,192.00,459931648,604782592,114090264,95883264,18123768,2904,7449760,22132800,1402374,10302,10302,0,0,0,0,0,0,0,0,0.067,0.071,0.000,0,0,0,10302,10302,0,0
travel,48.365,1160.7,949.208,949.208,fly,0.844,ok,2601,0,0,192.00,459931648,604782592,114090264,95883264,18123768,2904,7449760,22132800,1402374,10302,10302,0,0,0,0,0,0,0,0,0.067,0.069,0.000,0,0,0,10302,10302,0,0
travel,48.395,1161.4,949.718,949.718,fly,0.837,ok,2601,0,0,192.00,459931648,604782592,114090264,95883264,18123768,2904,7449760,22132800,1402374,10302,10302,0,0,0,0,0,0,0,0,0.068,0.065,0.000,0,0,0,10302,10302,0,0
travel,48.426,1162.1,950.232,950.232,fly,0.841,ok,2601,0,0,192.00,459931648,604782592,114090264,95883264,18123768,2904,7449760,22132800,1402374,10302,10302,0,0,0,0,0,0,0,0,0.067,0.072,0.000,0,0,0,10302,10302,0,0
travel,48.456,1162.8,950.748,950.748,fly,0.844,ok,2601,0,0,192.00,459931648,604782592,114090264,95883264,18123768,2904,7449760,22132800,1402374,10302,10302,0,0,0,0,0,0,0,0,0.068,0.069,0.000,0,0,0,10302,10302,0,0
travel,48.486,1163.6,951.261,951.261,fly,0.852,ok,2601,0,0,192.00,459931648,604782592,114090264,95883264,18123768,2904,7449760,22132800,1402374,10302,10302,0,0,0,0,0,0,0,0,0.067,0.070,0.000,0,0,0,10302,10302,0,0
travel,48.516,1164.3,951.773,951.773,fly,0.956,ok,2601,0,0,192.00,459931648,604782592,114090264,95883264,18123768,2904,7449760,22132800,1402374,10302,10302,0,0,0,0,0,0,0,0,0.174,0.070,0.000,0,0,0,10302,10302,0,0
travel,48.554,1165.2,952.416,952.416,fly,0.846,ok,2601,0,51,192.00,459931648,604782592,114090264,95883264,18123768,2904,11174640,19471728,1447334,10403,10403,0,0,7,0,0,0,0,0,0.069,0.069,0.000,0,0,0,10403,10403,0,0
travel,48.584,1165.9,952.927,952.927,fly,0.841,ok,2601,0,0,192.00,459931648,604782592,114090264,95883264,18123768,2904,11174640,22132800,1457566,10403,10403,0,0,0,0,0,0,0,0,0.070,0.068,0.000,0,0,0,10403,10403,0,0
travel,48.614,1166.6,953.438,953.438,fly,0.843,ok,2601,0,0,192.00,459931648,604782592,114090264,95883264,18123768,2904,11174640,22132800,1457566,10403,10403,0,0,0,0,0,0,0,0,0.069,0.068,0.000,0,0,0,10403,10403,0,0
travel,48.644,1167.4,953.954,953.954,fly,0.843,ok,2601,0,0,192.00,459931648,604782592,114090264,95883264,18123768,2904,11174640,22132800,1457566,10403,10403,0,0,0,0,0,0,0,0,0.070,0.069,0.000,0,0,0,10403,10403,0,0
travel,48.675,1168.1,954.467,954.467,fly,0.841,ok,2601,0,0,192.00,459931648,604782592,114090264,95883264,18123768,2904,11174640,22132800,1457566,10403,10403,0,0,0,0,0,0,0,0,0.069,0.066,0.000,0,0,0,10403,10403,0,0
travel,48.705,1168.8,954.983,954.983,fly,0.866,ok,2601,0,0,192.00,459931648,604782592,114090264,95883264,18123768,2904,11174640,22132800,1457566,10403,10403,0,0,0,0,0,0,0,0,0.070,0.070,0.000,0,0,0,10403,10403,0,0
travel,48.735,1169.6,955.500,955.500,fly,0.953,ok,2601,0,0,192.00,459931648,604782592,114090264,95883264,18123768,2904,7449760,22132800,1457566,10403,10403,0,0,0,0,0,0,0,0,0.075,0.106,0.000,0,0,0,10403,10403,0,0
travel,48.765,1170.3,956.011,956.011,fly,0.883,ok,2601,0,0,192.00,459931648,604782592,114090264,95883264,18123768,2904,7449760,22132800,1457566,10403,10403,0,0,0,0,0,0,0,0,0.069,0.068,0.000,0,0,0,10403,10403,0,0
travel,48.796,1171.0,956.529,956.529,fly,0.861,ok,2601,0,0,192.00,459931648,604782592,114090264,95883264,18123768,2904,7449760,22132800,1457566,10403,10403,0,0,0,0,0,0,0,0,0.068,0.068,0.000,0,0,0,10403,10403,0,0
travel,48.826,1171.7,957.045,957.045,fly,0.881,ok,2601,0,0,192.00,459931648,604782592,114090264,95883264,18123768,2904,7449760,22132800,1457566,10403,10403,0,0,0,0,0,0,0,0,0.090,0.069,0.000,0,0,0,10403,10403,0,0
travel,48.857,1172.5,957.561,957.561,fly,0.913,ok,2601,0,0,192.00,459931648,604782592,114090264,95883264,18123768,2904,7449760,22132800,1457566,10403,10403,0,0,0,0,0,0,0,0,0.073,0.077,0.000,0,0,0,10403,10403,0,0
travel,48.887,1173.2,958.079,958.079,fly,0.933,ok,2601,0,0,192.00,459931648,604782592,114090264,95883264,18123768,2904,7449760,22132800,1457566,10403,10403,0,0,0,0,0,0,0,0,0.138,0.069,0.000,0,0,0,10403,10403,0,0
travel,48.918,1173.9,958.596,958.596,fly,1.218,ok,2601,0,0,192.00,459931648,604782592,114090264,95883264,18123768,2904,7449760,22132800,1457566,10403,10403,0,0,0,0,0,0,0,0,0.398,0.078,0.000,0,0,0,10403,10403,0,0
travel,48.949,1174.7,959.123,959.123,fly,0.838,ok,2601,0,0,192.00,459931648,604782592,114090264,95883264,18123768,2904,7449760,22132800,1457566,10403,10403,0,0,0,0,0,0,0,0,0.068,0.068,0.000,0,0,0,10403,10403,0,0
travel,48.979,1175.4,959.637,959.637,fly,0.856,ok,2601,0,0,192.00,459931648,604782592,114090264,95883264,18123768,2904,7449760,22132800,1457566,10403,10403,0,0,0,0,0,0,0,0,0.068,0.072,0.000,0,0,0,10403,10403,0,0
travel,49.018,1176.3,960.302,960.302,fly,0.853,ok,2601,0,119,192.00,459931648,604782592,114090264,95883264,18123768,2904,11174640,15975936,1265520,10504,10504,0,0,0,0,0,0,0,0,0.069,0.071,0.000,0,0,0,10504,10504,0,0
travel,49.048,1177.1,960.812,960.812,fly,1.336,ok,2601,0,0,192.00,459931648,604782592,114090264,95883264,18123768,2904,11174640,22132800,1289828,10504,10504,0,0,0,0,0,0,0,0,0.444,0.104,0.000,0,0,0,10504,10504,0,0
travel,49.078,1177.8,961.331,961.331,fly,0.844,ok,2601,0,0,192.00,459931648,604782592,114090264,95883264,18123768,2904,11174640,22132800,1289828,10504,10504,0,0,0,0,0,0,0,0,0.068,0.069,0.000,0,0,0,10504,10504,0,0
travel,49.108,1178.5,961.842,961.842,fly,0.847,ok,2601,0,0,192.00,459931648,604782592,114090264,95883264,18123768,2904,11174640,22132800,1289828,10504,10504,0,0,0,0,0,0,0,0,0.068,0.074,0.000,0,0,0,10504,10504,0,0
travel,49.139,1179.2,962.356,962.356,fly,0.845,ok,2601,0,0,192.00,459931648,604782592,114090264,95883264,18123768,2904,11174640,22132800,1289828,10504,10504,0,0,0,0,0,0,0,0,0.069,0.069,0.000,0,0,0,10504,10504,0,0
travel,49.169,1180.0,962.869,962.869,fly,0.838,ok,2601,0,0,192.00,459931648,604782592,114090264,95883264,18123768,2904,11174640,22132800,1289828,10504,10504,0,0,0,0,0,0,0,0,0.068,0.069,0.000,0,0,0,10504,10504,0,0
travel,49.199,1180.7,963.384,963.384,fly,0.835,ok,2601,0,0,192.00,459931648,604782592,114090264,95883264,18123768,2904,7449760,22132800,1289828,10504,10504,0,0,0,0,0,0,0,0,0.066,0.065,0.000,0,0,0,10504,10504,0,0
travel,49.230,1181.4,963.906,963.906,fly,0.862,ok,2601,0,0,192.00,459931648,604782592,114090264,95883264,18123768,2904,7449760,22132800,1289828,10504,10504,0,0,0,0,0,0,0,0,0.069,0.068,0.000,0,0,0,10504,10504,0,0
travel,49.261,1182.2,964.433,964.433,fly,1.094,ok,2601,0,0,192.00,459931648,604782592,114090264,95883264,18123768,2904,7449760,22132800,1289828,10504,10504,0,0,0,0,0,0,0,0,0.273,0.098,0.000,0,0,0,10504,10504,0,0
travel,49.291,1182.9,964.951,964.951,fly,1.151,ok,2601,0,0,192.00,459931648,604782592,114090264,95883264,18123768,2904,7449760,22132800,1289828,10504,10504,0,0,0,0,0,0,0,0,0.378,0.070,0.000,0,0,0,10504,10504,0,0
travel,49.322,1183.7,965.471,965.471,fly,0.848,ok,2601,0,0,192.00,459931648,604782592,114090264,95883264,18123768,2904,7449760,22132800,1289828,10504,10504,0,0,0,0,0,0,0,0,0.067,0.067,0.000,0,0,0,10504,10504,0,0
travel,49.353,1184.4,965.997,965.997,fly,0.912,ok,2601,0,0,192.00,459931648,604782592,114090264,95883264,18123768,2904,7449760,22132800,1289828,10504,10504,0,0,0,0,0,0,0,0,0.140,0.068,0.000,0,0,0,10504,10504,0,0
travel,49.383,1185.1,966.513,966.513,fly,0.869,ok,2601,0,0,192.00,459931648,604782592,114090264,95883264,18123768,2904,7449760,22132800,1289828,10504,10504,0,0,0,0,0,0,0,0,0.068,0.074,0.000,0,0,0,10504,10504,0,0
travel,49.414,1185.9,967.036,967.036,fly,0.834,ok,2601,0,0,192.00,459931648,604782592,114090264,95883264,18123768,2904,7449760,22132800,1289828,10504,10504,0,0,0,0,0,0,0,0,0.068,0.066,0.000,0,0,0,10504,10504,0,0
travel,49.444,1186.6,967.553,967.553,fly,0.867,ok,2601,0,0,192.00,459931648,604782592,114090264,95883264,18123768,2904,7449760,22132800,1289828,10504,10504,0,0,0,0,0,0,0,0,0.067,0.072,0.000,0,0,0,10504,10504,0,0
travel,49.483,1187.5,968.200,968.200,fly,0.961,ok,2601,0,137,192.00,459997184,604782592,114090264,95883264,18123768,2904,11174640,14984592,1314010,10605,10605,0,0,25,0,0,0,0,0,0.137,0.076,0.000,0,0,0,10605,10605,0,0
travel,49.513,1188.2,968.714,968.714,fly,0.872,ok,2601,0,0,192.00,459997184,604782592,114090264,95883264,18123768,2904,11174640,22132800,1344804,10605,10605,0,0,0,0,0,0,0,0,0.070,0.071,0.000,0,0,0,10605,10605,0,0
travel,49.544,1189.0,969.238,969.238,fly,0.865,ok,2601,0,0,192.00,459997184,604782592,114090264,95883264,18123768,2904,11174640,22132800,1344804,10605,10605,0,0,0,0,0,0,0,0,0.073,0.073,0.000,0,0,0,10605,10605,0,0
travel,49.574,1189.7,969.752,969.752,fly,0.959,ok,2601,0,0,192.00,459997184,604782592,114090264,95883264,18123768,2904,11174640,22132800,1344804,10605,10605,0,0,0,0,0,0,0,0,0.071,0.078,0.000,0,0,0,10605,10605,0,0
travel,49.604,1190.4,970.268,970.268,fly,0.880,ok,2601,0,0,192.00,459997184,604782592,114090264,95883264,18123768,2904,11174640,22132800,1344804,10605,10605,0,0,0,0,0,0,0,0,0.072,0.076,0.000,0,0,0,10605,10605,0,0
travel,49.634,1191.2,970.783,970.783,fly,0.837,ok,2601,0,0,192.00,459997184,604782592,114090264,95883264,18123768,2904,11174640,22132800,1344804,10605,10605,0,0,0,0,0,0,0,0,0.067,0.067,0.000,0,0,0,10605,10605,0,0
travel,49.665,1191.9,971.304,971.304,fly,0.909,ok,2601,0,0,192.00,459997184,604782592,114090264,95883264,18123768,2904,7449760,22132800,1344804,10605,10605,0,0,0,0,0,0,0,0,0.070,0.074,0.000,0,0,0,10605,10605,0,0
travel,49.695,1192.6,971.817,971.817,fly,0.881,ok,2601,0,0,192.00,459997184,604782592,114090264,95883264,18123768,2904,7449760,22132800,1344804,10605,10605,0,0,0,0,0,0,0,0,0.069,0.072,0.000,0,0,0,10605,10605,0,0
travel,49.726,1193.4,972.333,972.333,fly,0.886,ok,2601,0,0,192.00,459997184,604782592,114090264,95883264,18123768,2904,7449760,22132800,1344804,10605,10605,0,0,0,0,0,0,0,0,0.109,0.067,0.000,0,0,0,10605,10605,0,0
travel,49.756,1194.1,972.846,972.846,fly,0.841,ok,2601,0,0,192.00,459997184,604782592,114090264,95883264,18123768,2904,7449760,22132800,1344804,10605,10605,0,0,0,0,0,0,0,0,0.069,0.064,0.000,0,0,0,10605,10605,0,0
travel,49.786,1194.8,973.358,973.358,fly,0.836,ok,2601,0,0,192.00,459997184,604782592,114090264,95883264,18123768,2904,7449760,22132800,1344804,10605,10605,0,0,0,0,0,0,0,0,0.066,0.070,0.000,0,0,0,10605,10605,0,0
travel,49.816,1195.5,973.873,973.873,fly,0.833,ok,2601,0,0,192.00,459997184,604782592,114090264,95883264,18123768,2904,7449760,22132800,1344804,10605,10605,0,0,0,0,0,0,0,0,0.067,0.068,0.000,0,0,0,10605,10605,0,0
travel,49.847,1196.3,974.392,974.392,fly,0.861,ok,2601,0,0,192.00,459997184,604782592,114090264,95883264,18123768,2904,7449760,22132800,1344804,10605,10605,0,0,0,0,0,0,0,0,0.065,0.073,0.000,0,0,0,10605,10605,0,0
travel,49.877,1197.0,974.906,974.906,fly,0.994,ok,2601,0,0,192.00,459997184,604782592,114090264,95883264,18123768,2904,7449760,22132800,1344804,10605,10605,0,0,0,0,0,0,0,0,0.222,0.068,0.000,0,0,0,10605,10605,0,0
travel,49.907,1197.7,975.418,975.418,fly,0.853,ok,2601,0,0,192.00,459997184,604782592,114090264,95883264,18123768,2904,7449760,22132800,1344804,10605,10605,0,0,0,0,0,0,0,0,0.068,0.067,0.000,0,0,0,10605,10605,0,0
travel,49.937,1198.5,975.934,975.934,fly,0.852,ok,2601,0,0,192.00,459997184,604782592,114090264,95883264,18123768,2904,7449760,22132800,1344804,10605,10605,0,0,0,0,0,0,0,0,0.067,0.066,0.000,0,0,0,10605,10605,0,0
travel,49.977,1199.4,976.602,976.602,fly,0.872,ok,2601,0,0,192.00,459997184,604782592,114090264,95883264,18123768,2904,11174640,22132800,1399644,10706,10706,0,0,0,0,0,0,0,0,0.068,0.073,0.000,0,0,0,10706,10706,0,0
travel,50.008,1200.1,977.129,977.129,fly,0.922,ok,2601,0,0,192.00,459997184,604782592,114090264,95883264,18123768,2904,11174640,22132800,1399644,10706,10706,0,0,0,0,0,0,0,0,0.148,0.067,0.000,0,0,0,10706,10706,0,0
travel,50.038,1200.9,977.644,977.644,fly,0.982,ok,2601,0,0,192.00,459997184,604782592,114090264,95883264,18123768,2904,11174640,22132800,1399644,10706,10706,0,0,0,0,0,0,0,0,0.183,0.074,0.000,0,0,0,10706,10706,0,0
travel,50.068,1201.6,978.154,978.154,fly,0.865,ok,2601,0,0,192.00,459997184,604782592,114090264,95883264,18123768,2904,11174640,22132800,1399644,10706,10706,0,0,0,0,0,0,0,0,0.069,0.074,0.000,0,0,0,10706,10706,0,0
travel,50.098,1202.3,978.666,978.666,fly,0.867,ok,2601,0,0,192.00,459997184,604782592,114090264,95883264,18123768,2904,11174640,22132800,1399644,10706,10706,0,0,0,0,0,0,0,0,0.067,0.073,0.000,0,0,0,10706,10706,0,0
travel,50.128,1203.0,979.176,979.176,fly,0.855,ok,2601,0,0,192.00,459997184,604782592,114090264,95883264,18123768,2904,7449760,22132800,1399644,10706,10706,0,0,0,0,0,0,0,0,0.068,0.069,0.000,0,0,0,10706,10706,0,0
travel,50.159,1203.8,979.693,979.693,fly,0.966,ok,2601,0,0,192.00,459997184,604782592,114090264,95883264,18123768,2904,7449760,22132800,1399644,10706,10706,0,0,0,0,0,0,0,0,0.072,0.084,0.000,0,0,0,10706,10706,0,0
travel,50.189,1204.5,980.203,980.203,fly,0.858,ok,2601,0,0,192.00,459997184,604782592,114090264,95883264,18123768,2904,7449760,22132800,1399644,10706,10706,0,0,0,0,0,0,0,0,0.068,0.071,0.000,0,0,0,10706,10706,0,0
travel,50.219,1205.2,980.722,980.722,fly,0.952,ok,2601,0,0,192.00,459997184,604782592,114090264,95883264,18123768,2904,7449760,22132800,1399644,10706,10706,0,0,0,0,0,0,0,0,0.078,0.116,0.000,0,0,0,10706,10706,0,0
travel,50.249,1206.0,981.238,981.238,fly,0.870,ok,2601,0,0,192.00,459997184,604782592,114090264,95883264,18123768,2904,7449760,22132800,1399644,10706,10706,0,0,0,0,0,0,0,0,0.068,0.073,0.000,0,0,0,10706,10706,0,0
travel,50.280,1206.7,981.750,981.750,fly,0.844,ok,2601,0,0,192.00,459997184,604782592,114090264,95883264,18123768,2904,7449760,22132800,1399644,10706,10706,0,0,0,0,0,0,0,0,0.067,0.068,0.000,0,0,0,10706,10706,0,0
travel,50.310,1207.4,982.265,982.265,fly,0.838,ok,2601,0,0,192.00,459997184,604782592,114090264,95883264,18123768,2904,7449760,22132800,1399644,10706,10706,0,0,0,0,0,0,0,0,0.068,0.067,0.000,0,0,0,10706,10706,0,0
travel,50.340,1208.1,982.783,982.783,fly,0.970,ok,2601,0,0,192.00,459997184,604782592,114090264,95883264,18123768,2904,7449760,22132800,1399644,10706,10706,0,0,0,0,0,0,0,0,0.152,0.075,0.000,0,0,0,10706,10706,0,0
travel,50.371,1208.9,983.302,983.302,fly,0.845,ok,2601,0,0,192.00,459997184,604782592,114090264,95883264,18123768,2904,7449760,22132800,1399644,10706,10706,0,0,0,0,0,0,0,0,0.067,0.066,0.000,0,0,0,10706,10706,0,0
travel,50.401,1209.6,983.820,983.820,fly,0.837,ok,2601,0,0,192.00,459997184,604782592,114090264,95883264,18123768,2904,7449760,22132800,1399644,10706,10706,0,0,0,0,0,0,0,0,0.067,0.068,0.000,0,0,0,10706,10706,0,0
travel,50.442,1210.6,984.516,984.516,fly,1.005,ok,2601,0,10,192.00,459997184,604782592,114090264,95883264,18123768,2904,11174640,21610944,1452556,10807,10807,0,0,8,0,0,0,0,0,0.076,0.124,0.000,0,0,0,10807,10807,0,0
travel,50.474,1211.4,985.054,985.054,fly,1.256,ok,2601,0,0,192.00,459997184,604782592,114090264,95883264,18123768,2904,11174640,22132800,1453852,10807,10807,0,0,0,0,0,0,0,0,0.145,0.082,0.000,0,0,0,10807,10807,0,0
travel,50.505,1212.1,985.578,985.578,fly,0.906,ok,2601,0,0,192.00,459997184,604782592,114090264,95883264,18123768,2904,11174640,22132800,1453852,10807,10807,0,0,0,0,0,0,0,0,0.122,0.069,0.000,0,0,0,10807,10807,0,0
travel,50.535,1212.8,986.090,986.090,fly,0.847,ok,2601,0,0,192.00,459997184,604782592,114090264,95883264,18123768,2904,11174640,22132800,1453852,10807,10807,0,0,0,0,0,0,0,0,0.069,0.071,0.000,0,0,0,10807,10807,0,0
travel,50.565,1213.6,986.610,986.610,fly,0.942,ok,2601,0,0,192.00,459997184,604782592,114090264,95883264,18123768,2904,11174640,22132800,1453852,10807,10807,0,0,0,0,0,0,0,0,0.143,0.067,0.000,0,0,0,10807,10807,0,0
travel,50.596,1214.3,987.125,987.125,fly,1.075,ok,2601,0,0,192.00,459997184,604782592,114090264,95883264,18123768,2904,7449760,22132800,1453852,10807,10807,0,0,0,0,0,0,0,0,0.289,0.077,0.000,0,0,0,10807,10807,0,0
travel,50.626,1215.0,987.642,987.642,fly,0.856,ok,2601,0,0,192.00,459997184,604782592,114090264,95883264,18123768,2904,7449760,22132800,1453852,10807,10807,0,0,0,0,0,0,0,0,0.069,0.072,0.000,0,0,0,10807,10807,0,0
travel,50.656,1215.7,988.157,988.157,fly,0.844,ok,2601,0,0,192.00,459997184,604782592,114090264,95883264,18123768,2904,7449760,22132800,1453852,10807,10807,0,0,0,0,0,0,0,0,0.068,0.070,0.000,0,0,0,10807,10807,0,0
travel,50.687,1216.5,988.671,988.671,fly,0.883,ok,2601,0,0,192.00,459997184,604782592,114090264,95883264,18123768,2904,7449760,22132800,1453852,10807,10807,0,0,0,0,0,0,0,0,0.068,0.077,0.000,0,0,0,10807,10807,0,0
travel,50.717,1217.2,989.185,989.185,fly,0.910,ok,2601,0,0,192.00,459997184,604782592,114090264,95883264,18123768,2904,7449760,22132800,1453852,10807,10807,0,0,0,0,0,0,0,0,0.141,0.065,0.000,0,0,0,10807,10807,0,0
travel,50.748,1217.9,989.705,989.705,fly,0.889,ok,2601,0,0,192.00,459997184,604782592,114090264,95883264,18123768,2904,7449760,22132800,1453852,10807,10807,0,0,0,0,0,0,0,0,0.069,0.075,0.000,0,0,0,10807,10807,0,0
travel,50.778,1218.7,990.226,990.226,fly,0.852,ok,2601,0,0,192.00,459997184,604782592,114090264,95883264,18123768,2904,7449760,22132800,1453852,10807,10807,0,0,0,0,0,0,0,0,0.067,0.066,0.000,0,0,0,10807,10807,0,0
travel,50.809,1219.4,990.745,990.745,fly,0.852,ok,2601,0,0,192.00,459997184,604782592,114090264,95883264,18123768,2904,7449760,22132800,1453852,10807,10807,0,0,0,0,0,0,0,0,0.069,0.071,0.000,0,0,0,10807,10807,0,0
travel,50.839,1220.1,991.258,991.258,fly,0.839,ok,2601,0,0,192.00,459997184,604782592,114090264,95883264,18123768,2904,7449760,22132800,1453852,10807,10807,0,0,0,0,0,0,0,0,0.066,0.068,0.000,0,0,0,10807,10807,0,0
travel,50.869,1220.9,991.774,991.774,fly,0.837,ok,2601,0,0,192.00,459997184,604782592,114090264,95883264,18123768,2904,7449760,22132800,1453852,10807,10807,0,0,0,0,0,0,0,0,0.067,0.065,0.000,0,0,0,10807,10807,0,0
travel,50.908,1221.8,992.436,992.436,fly,0.871,ok,2601,0,73,192.00,459997184,604782592,114090264,95883264,18123768,2904,11174640,18323856,1276774,10908,10908,0,0,8,0,0,0,0,0,0.068,0.068,0.000,0,0,0,10908,10908,0,0
travel,50.939,1222.5,992.958,992.958,fly,0.924,ok,2601,0,0,192.00,459997184,604782592,114090264,95883264,18123768,2904,11174640,22132800,1289434,10908,10908,0,0,0,0,0,0,0,0,0.140,0.064,0.000,0,0,0,10908,10908,0,0
travel,50.969,1223.3,993.473,993.473,fly,0.971,ok,2601,0,0,192.00,459997184,604782592,114090264,95883264,18123768,2904,11174640,22132800,1289434,10908,10908,0,0,0,0,0,0,0,0,0.189,0.072,0.000,0,0,0,10908,10908,0,0
travel,50.999,1224.0,993.985,993.985,fly,1.004,ok,2601,0,0,192.00,459997184,604782592,114090264,95883264,18123768,2904,11174640,22132800,1289434,10908,10908,0,0,0,0,0,0,0,0,0.076,0.107,0.000,0,0,0,10908,10908,0,0
travel,51.030,1224.7,994.511,994.511,fly,0.843,ok,2601,0,0,192.00,459997184,604782592,114090264,95883264,18123768,2904,11174640,22132800,1289434,10908,10908,0,0,0,0,0,0,0,0,0.067,0.067,0.000,0,0,0,10908,10908,0,0
travel,51.060,1225.4,995.022,995.022,fly,0.878,ok,2601,0,0,192.00,459997184,604782592,114090264,95883264,18123768,2904,7449760,22132800,1289434,10908,10908,0,0,0,0,0,0,0,0,0.069,0.093,0.000,0,0,0,10908,10908,0,0
travel,51.091,1226.2,995.535,995.535,fly,0.847,ok,2601,0,0,192.00,459997184,604782592,114090264,95883264,18123768,2904,7449760,22132800,1289434,10908,10908,0,0,0,0,0,0,0,0,0.066,0.068,0.000,0,0,0,10908,10908,0,0
travel,51.121,1226.9,996.045,996.045,fly,1.062,ok,2601,0,0,192.00,459997184,604782592,114090264,95883264,18123768,2904,7449760,22132800,1289434,10908,10908,0,0,0,0,0,0,0,0,0.284,0.067,0.000,0,0,0,10908,10908,0,0
travel,51.151,1227.6,996.559,996.559,fly,0.834,ok,2601,0,0,192.00,459997184,604782592,114090264,95883264,18123768,2904,7449760,22132800,1289434,10908,10908,0,0,0,0,0,0,0,0,0.066,0.067,0.000,0,0,0,10908,10908,0,0
travel,51.181,1228.3,997.074,997.074,fly,0.926,ok,2601,0,0,192.00,459997184,604782592,114090264,95883264,18123768,2904,7449760,22132800,1289434,10908,10908,0,0,0,0,0,0,0,0,0.066,0.079,0.000,0,0,0,10908,10908,0,0
travel,51.211,1229.1,997.587,997.587,fly,0.850,ok,2601,0,0,192.00,459997184,604782592,114090264,95883264,18123768,2904,7449760,22132800,1289434,10908,10908,0,0,0,0,0,0,0,0,0.066,0.070,0.000,0,0,0,10908,10908,0,0
travel,51.242,1229.8,998.104,998.104,fly,0.841,ok,2601,0,0,192.00,459997184,604782592,114090264,95883264,18123768,2904,7449760,22132800,1289434,10908,10908,0,0,0,0,0,0,0,0,0.067,0.065,0.000,0,0,0,10908,10908,0,0
travel,51.272,1230.5,998.616,998.616,fly,0.926,ok,2601,0,0,192.00,459997184,604782592,114090264,95883264,18123768,2904,7449760,22132800,1289434,10908,10908,0,0,0,0,0,0,0,0,0.141,0.073,0.000,0,0,0,10908,10908,0,0
travel,51.302,1231.3,999.138,999.138,fly,0.835,ok,2601,0,0,192.00,459997184,604782592,114090264,95883264,18123768,2904,7449760,22132800,1289434,10908,10908,0,0,0,0,0,0,0,0,0.066,0.066,0.000,0,0,0,10908,10908,0,0
travel,51.333,1232.0,999.662,999.662,fly,0.958,ok,2601,0,0,192.00,459997184,604782592,114090264,95883264,18123768,2904,7449760,22132800,1289434,10908,10908,0,0,0,0,0,0,0,0,0.137,0.080,0.000,0,0,0,10908,10908,0,0
travel,51.371,1232.9,1000.308,1000.308,fly,0.857,ok,2601,0,87,192.00,459997184,604782592,114090264,95883264,18123768,2904,11174640,17593392,1327760,11009,11009,0,0,7,0,0,0,0,0,0.067,0.071,0.000,0,0,0,11009,11009,0,0
travel,51.401,1233.6,1000.821,1000.821,fly,1.004,ok,2601,0,0,192.00,459997184,604782592,114090264,95883264,18123768,2904,11174640,22132800,1345154,11009,11009,0,0,0,0,0,0,0,0,0.182,0.077,0.000,0,0,0,11009,11009,0,0
travel,51.432,1234.4,1001.334,1001.334,fly,0.843,ok,2601,0,0,192.00,459997184,604782592,114090264,95883264,18123768,2904,11174640,22132800,1345154,11009,11009,0,0,0,0,0,0,0,0,0.066,0.068,0.000,0,0,0,11009,11009,0,0
travel,51.462,1235.1,1001.848,1001.848,fly,0.907,ok,2601,0,0,192.00,459997184,604782592,114090264,95883264,18123768,2904,11174640,22132800,1345154,11009,11009,0,0,0,0,0,0,0,0,0.069,0.082,0.000,0,0,0,11009,11009,0,0
travel,51.493,1235.8,1002.372,1002.372,fly,0.842,ok,2601,0,0,192.00,459997184,604782592,114090264,95883264,18123768,2904,11174640,22132800,1345154,11009,11009,0,0,0,0,0,0,0,0,0.068,0.065,0.000,0,0,0,11009,11009,0,0
travel,51.523,1236.6,1002.893,1002.893,fly,0.851,ok,2601,0,0,192.00,459997184,604782592,114090264,95883264,18123768,2904,7449760,22132800,1345154,11009,11009,0,0,0,0,0,0,0,0,0.071,0.069,0.001,0,0,0,11009,11009,0,0
travel,51.555,1237.3,1003.426,1003.426,fly,1.008,ok,2601,0,0,192.00,459997184,604782592,114090264,95883264,18123768,2904,7449760,22132800,1345154,11009,11009,0,0,0,0,0,0,0,0,0.149,0.132,0.000,0,0,0,11009,11009,0,0
travel,51.586,1238.1,1003.953,1003.953,fly,0.880,ok,2601,0,0,192.00,459997184,604782592,114090264,95883264,18123768,2904,7449760,22132800,1345154,11009,11009,0,0,0,0,0,0,0,0,0.074,0.070,0.000,0,0,0,11009,11009,0,0
travel,51.616,1238.8,1004.475,1004.475,fly,1.130,ok,2601,0,0,192.00,459997184,604782592,114090264,95883264,18123768,2904,7449760,22132800,1345154,11009,11009,0,0,0,0,0,0,0,0,0.077,0.126,0.000,0,0,0,11009,11009,0,0
travel,51.648,1239.6,1005.007,1005.007,fly,0.929,ok,2601,0,0,192.00,459997184,604782592,114090264,95883264,18123768,2904,7449760,22132800,1345154,11009,11009,0,0,0,0,0,0,0,0,0.067,0.072,0.000,0,0,0,11009,11009,0,0
travel,51.678,1240.3,1005.524,1005.524,fly,0.870,ok,2601,0,0,192.00,459997184,604782592,114090264,95883264,18123768,2904,7449760,22132800,1345154,11009,11009,0,0,0,0,0,0,0,0,0.067,0.068,0.000,0,0,0,11009,11009,0,0
travel,51.708,1241.0,1006.035,1006.035,fly,0.855,ok,2601,0,0,192.00,459997184,604782592,114090264,95883264,18123768,2904,7449760,22132800,1345154,11009,11009,0,0,0,0,0,0,0,0,0.067,0.070,0.000,0,0,0,11009,11009,0,0
travel,51.738,1241.8,1006.550,1006.550,fly,0.919,ok,2601,0,0,192.00,459997184,604782592,114090264,95883264,18123768,2904,7449760,22132800,1345154,11009,11009,0,0,0,0,0,0,0,0,0.140,0.067,0.000,0,0,0,11009,11009,0,0
travel,51.769,1242.5,1007.063,1007.063,fly,0.983,ok,2601,0,0,192.00,459997184,604782592,114090264,95883264,18123768,2904,7449760,22132800,1345154,11009,11009,0,0,0,0,0,0,0,0,0.204,0.070,0.000,0,0,0,11009,11009,0,0
travel,51.799,1243.2,1007.578,1007.578,fly,0.982,ok,2601,0,0,192.00,459997184,604782592,114090264,95883264,18123768,2904,7449760,22132800,1345154,11009,11009,0,0,0,0,0,0,0,0,0.074,0.115,0.000,0,0,0,11009,11009,0,0
travel,51.842,1244.2,1008.303,1008.303,fly,1.580,ok,2601,0,94,192.00,459997184,604782592,114090264,95883264,18123768,2904,11174640,17228160,1380646,11110,11110,0,0,8,0,0,0,0,0,0.451,0.091,0.000,0,0,0,11110,11110,0,0
travel,51.873,1245.0,1008.838,1008.838,fly,0.862,ok,2601,0,0,192.00,459997184,604782592,114090264,95883264,18123768,2904,11174640,22132800,1398570,11110,11110,0,0,0,0,0,0,0,0,0.068,0.067,0.000,0,0,0,11110,11110,0,0
travel,51.904,1245.7,1009.362,1009.362,fly,0.861,ok,2601,0,0,192.00,459997184,604782592,114090264,95883264,18123768,2904,11174640,22132800,1398570,11110,11110,0,0,0,0,0,0,0,0,0.067,0.067,0.000,0,0,0,11110,11110,0,0
travel,51.935,1246.5,1009.891,1009.891,fly,0.850,ok,2601,0,0,192.00,459997184,604782592,114090264,95883264,18123768,2904,11174640,22132800,1398570,11110,11110,0,0,0,0,0,0,0,0,0.068,0.066,0.000,0,0,0,11110,11110,0,0
travel,51.965,1247.2,1010.402,1010.402,fly,0.843,ok,2601,0,0,192.00,459997184,604782592,114090264,95883264,18123768,2904,11174640,22132800,1398570,11110,11110,0,0,0,0,0,0,0,0,0.067,0.071,0.000,0,0,0,11110,11110,0,0
travel,51.996,1247.9,1010.920,1010.920,fly,0.929,ok,2601,0,0,192.00,459997184,604782592,114090264,95883264,18123768,2904,7449760,22132800,1398570,11110,11110,0,0,0,0,0,0,0,0,0.137,0.065,0.000,0,0,0,11110,11110,0,0
travel,52.026,1248.7,1011.436,1011.436,fly,0.846,ok,2601,0,0,192.00,459997184,604782592,114090264,95883264,18123768,2904,7449760,22132800,1398570,11110,11110,0,0,0,0,0,0,0,0,0.067,0.066,0.000,0,0,0,11110,11110,0,0
travel,52.056,1249.4,1011.952,1011.952,fly,0.838,ok,2601,0,0,192.00,459997184,604782592,114090264,95883264,18123768,2904,7449760,22132800,1398570,11110,11110,0,0,0,0,0,0,0,0,0.066,0.067,0.000,0,0,0,11110,11110,0,0
travel,52.087,1250.1,1012.478,1012.478,fly,0.880,ok,2601,0,0,192.00,459997184,604782592,114090264,95883264,18123768,2904,7449760,22132800,1398570,11110,11110,0,0,0,0,0,0,0,0,0.085,0.068,0.000,0,0,0,11110,11110,0,0
travel,52.118,1250.9,1012.993,1012.993,fly,0.841,ok,2601,0,0,192.00,459997184,604782592,114090264,95883264,18123768,2904,7449760,22132800,1398570,11110,11110,0,0,0,0,0,0,0,0,0.067,0.066,0.000,0,0,0,11110,11110,0,0
travel,52.148,1251.6,1013.512,1013.512,fly,0.861,ok,2601,0,0,192.00,459997184,604782592,114090264,95883264,18123768,2904,7449760,22132800,1398570,11110,11110,0,0,0,0,0,0,0,0,0.067,0.071,0.000,0,0,0,11110,11110,0,0
travel,52.178,1252.3,1014.024,1014.024,fly,0.971,ok,2601,0,0,192.00,459997184,604782592,114090264,95883264,18123768,2904,7449760,22132800,1398570,11110,11110,0,0,0,0,0,0,0,0,0.179,0.074,0.000,0,0,0,11110,11110,0,0
travel,52.208,1253.0,1014.538,1014.538,fly,0.835,ok,2601,0,0,192.00,459997184,604782592,114090264,95883264,18123768,2904,7449760,22132800,1398570,11110,11110,0,0,0,0,0,0,0,0,0.066,0.067,0.000,0,0,0,11110,11110,0,0
travel,52.238,1253.8,1015.048,1015.048,fly,0.906,ok,2601,0,0,192.00,459997184,604782592,114090264,95883264,18123768,2904,7449760,22132800,1398570,11110,11110,0,0,0,0,0,0,0,0,0.096,0.075,0.000,0,0,0,11110,11110,0,0
travel,52.269,1254.5,1015.563,1015.563,fly,0.863,ok,2601,0,0,192.00,459997184,604782592,114090264,95883264,18123768,2904,7449760,22132800,1398570,11110,11110,0,0,0,0,0,0,0,0,0.066,0.067,0.000,0,0,0,11110,11110,0,0
travel,52.307,1255.4,1016.215,1016.215,fly,0.972,ok,2601,0,135,192.00,460025856,604913664,114090264,95883264,18123768,2904,11174640,15088944,1423307,11211,11211,0,0,8,0,0,0,0,0,0.080,0.111,0.000,0,0,0,11211,11211,0,0
travel,52.338,1256.2,1016.746,1016.746,fly,0.876,ok,2601,0,0,192.00,460025856,604913664,114090264,95883264,18123768,2904,11174640,22132800,1452366,11211,11211,0,0,0,0,0,0,0,0,0.070,0.069,0.000,0,0,0,11211,11211,0,0
travel,52.369,1256.9,1017.264,1017.264,fly,1.006,ok,2601,0,0,192.00,460025856,604913664,114090264,95883264,18123768,2904,11174640,22132800,1452366,11211,11211,0,0,0,0,0,0,0,0,0.212,0.075,0.000,0,0,0,11211,11211,0,0
travel,52.399,1257.6,1017.781,1017.781,fly,0.837,ok,2601,0,0,192.00,460025856,604913664,114090264,95883264,18123768,2904,11174640,22132800,1452366,11211,11211,0,0,0,0,0,0,0,0,0.068,0.061,0.000,0,0,0,11211,11211,0,0
travel,52.429,1258.4,1018.292,1018.292,fly,0.871,ok,2601,0,0,192.00,460025856,604913664,114090264,95883264,18123768,2904,11174640,22132800,1452366,11211,11211,0,0,0,0,0,0,0,0,0.068,0.073,0.000,0,0,0,11211,11211,0,0
travel,52.460,1259.1,1018.807,1018.807,fly,0.863,ok,2601,0,0,192.00,460025856,604913664,114090264,95883264,18123768,2904,11174640,22132800,1452366,11211,11211,0,0,0,0,0,0,0,0,0.067,0.067,0.000,0,0,0,11211,11211,0,0
travel,52.490,1259.8,1019.325,1019.325,fly,0.847,ok,2601,0,0,192.00,460025856,604913664,114090264,95883264,18123768,2904,7449760,22132800,1452366,11211,11211,0,0,0,0,0,0,0,0,0.068,0.067,0.000,0,0,0,11211,11211,0,0
travel,52.520,1260.5,1019.842,1019.842,fly,1.218,ok,2601,0,0,192.00,460025856,604913664,114090264,95883264,18123768,2904,7449760,22132800,1452366,11211,11211,0,0,0,0,0,0,0,0,0.308,0.082,0.000,0,0,0,11211,11211,0,0
travel,52.551,1261.3,1020.357,1020.357,fly,0.917,ok,2601,0,0,192.00,460025856,604913664,114090264,95883264,18123768,2904,7449760,22132800,1452366,11211,11211,0,0,0,0,0,0,0,0,0.144,0.064,0.000,0,0,0,11211,11211,0,0
travel,52.581,1262.0,1020.869,1020.869,fly,0.861,ok,2601,0,0,192.00,460025856,604913664,114090264,95883264,18123768,2904,7449760,22132800,1452366,11211,11211,0,0,0,0,0,0,0,0,0.066,0.071,0.000,0,0,0,11211,11211,0,0
travel,52.612,1262.8,1021.400,1021.400,fly,1.007,ok,2601,0,0,192.00,460025856,604913664,114090264,95883264,18123768,2904,7449760,22132800,1452366,11211,11211,0,0,0,0,0,0,0,0,0.079,0.116,0.000,0,0,0,11211,11211,0,0
travel,52.642,1263.5,1021.914,1021.914,fly,1.265,ok,2601,0,0,192.00,460025856,604913664,114090264,95883264,18123768,2904,7449760,22132800,1452366,11211,11211,0,0,0,0,0,0,0,0,0.447,0.074,0.000,0,0,0,11211,11211,0,0
travel,52.673,1264.2,1022.434,1022.434,fly,0.864,ok,2601,0,0,192.00,460025856,604913664,114090264,95883264,18123768,2904,7449760,22132800,1452366,11211,11211,0,0,0,0,0,0,0,0,0.070,0.069,0.000,0,0,0,11211,11211,0,0
travel,52.704,1265.0,1022.958,1022.958,fly,0.962,ok,2601,0,0,192.00,460025856,604913664,114090264,95883264,18123768,2904,7449760,22132800,1452366,11211,11211,0,0,0,0,0,0,0,0,0.142,0.073,0.000,0,0,0,11211,11211,0,0
travel,52.734,1265.7,1023.473,1023.473,fly,1.318,ok,2601,0,0,192.00,460025856,604913664,114090264,95883264,18123768,2904,7449760,22132800,1452366,11211,11211,0,0,0,0,0,0,0,0,0.475,0.085,0.000,0,0,0,11211,11211,0,0
travel,52.765,1266.4,1023.993,1023.993,fly,0.874,ok,2601,0,0,192.00,460025856,604913664,114090264,95883264,18123768,2904,7449760,22132800,1452366,11211,11211,0,0,0,0,0,0,0,0,0.068,0.070,0.000,0,0,0,11211,11211,0,0
travel,52.806,1267.4,1024.694,1024.694,fly,0.911,ok,2601,0,0,192.00,460029952,604913664,114090264,95883264,18123768,2904,11174640,22132800,1287542,11312,11312,0,0,0,0,0,0,0,0,0.074,0.077,0.000,0,0,0,11312,11312,0,0
travel,52.836,1268.1,1025.210,1025.210,fly,0.847,ok,2601,0,0,192.00,460029952,604913664,114090264,95883264,18123768,2904,11174640,22132800,1287542,11312,11312,0,0,0,0,0,0,0,0,0.068,0.066,0.000,0,0,0,11312,11312,0,0
travel,52.867,1268.9,1025.728,1025.728,fly,1.018,ok,2601,0,0,192.00,460029952,604913664,114090264,95883264,18123768,2904,11174640,22132800,1287542,11312,11312,0,0,0,0,0,0,0,0,0.141,0.086,0.000,0,0,0,11312,11312,0,0
travel,52.897,1269.6,1026.247,1026.247,fly,1.299,ok,2601,0,0,192.00,460029952,604913664,114090264,95883264,18123768,2904,11174640,22132800,1287542,11312,11312,0,0,0,0,0,0,0,0,0.477,0.087,0.000,0,0,0,11312,11312,0,0
travel,52.928,1270.3,1026.765,1026.765,fly,0.869,ok,2601,0,0,192.00,460029952,604913664,114090264,95883264,18123768,2904,7449760,22132800,1287542,11312,11312,0,0,0,0,0,0,0,0,0.068,0.070,0.000,0,0,0,11312,11312,0,0
travel,52.958,1271.1,1027.283,1027.283,fly,0.866,ok,2601,0,0,192.00,460029952,604913664,114090264,95883264,18123768,2904,7449760,22132800,1287542,11312,11312,0,0,0,0,0,0,0,0,0.068,0.070,0.000,0,0,0,11312,11312,0,0
travel,52.989,1271.8,1027.800,1027.800,fly,0.885,ok,2601,0,0,192.00,460029952,604913664,114090264,95883264,18123768,2904,7449760,22132800,1287542,11312,11312,0,0,0,0,0,0,0,0,0.069,0.076,0.000,0,0,0,11312,11312,0,0
travel,53.019,1272.5,1028.321,1028.321,fly,0.873,ok,2601,0,0,192.00,460029952,604913664,114090264,95883264,18123768,2904,7449760,22132800,1287542,11312,11312,0,0,0,0,0,0,0,0,0.070,0.068,0.000,0,0,0,11312,11312,0,0
travel,53.049,1273.3,1028.833,1028.833,fly,0.877,ok,2601,0,0,192.00,460029952,604913664,114090264,95883264,18123768,2904,7449760,22132800,1287542,11312,11312,0,0,0,0,0,0,0,0,0.103,0.066,0.000,0,0,0,11312,11312,0,0
travel,53.080,1274.0,1029.346,1029.346,fly,0.862,ok,2601,0,0,192.00,460029952,604913664,114090264,95883264,18123768,2904,7449760,22132800,1287542,11312,11312,0,0,0,0,0,0,0,0,0.068,0.066,0.000,0,0,0,11312,11312,0,0
travel,53.110,1274.7,1029.859,1029.859,fly,0.960,ok,2601,0,0,192.00,460029952,604913664,114090264,95883264,18123768,2904,7449760,22132800,1287542,11312,11312,0,0,0,0,0,0,0,0,0.075,0.097,0.000,0,0,0,11312,11312,0,0
travel,53.140,1275.4,1030.376,1030.376,fly,0.889,ok,2601,0,0,192.00,460029952,604913664,114090264,95883264,18123768,2904,7449760,22132800,1287542,11312,11312,0,0,0,0,0,0,0,0,0.092,0.070,0.000,0,0,0,11312,11312,0,0
travel,53.170,1276.2,1030.887,1030.887,fly,0.859,ok,2601,0,0,192.00,460029952,604913664,114090264,95883264,18123768,2904,7449760,22132800,1287542,11312,11312,0,0,0,0,0,0,0,0,0.065,0.068,0.000,0,0,0,11312,11312,0,0
travel,53.201,1276.9,1031.405,1031.405,fly,0.992,ok,2601,0,0,192.00,460029952,604913664,114090264,95883264,18123768,2904,7449760,22132800,1287542,11312,11312,0,0,0,0,0,0,0,0,0.190,0.070,0.000,0,0,0,11312,11312,0,0
travel,53.231,1277.6,1031.917,1031.917,fly,0.922,ok,2601,0,0,192.00,460029952,604913664,114090264,95883264,18123768,2904,7449760,22132800,1287542,11312,11312,0,0,0,0,0,0,0,0,0.069,0.086,0.000,0,0,0,11312,11312,0,0
travel,53.269,1278.5,1032.562,1032.562,fly,0.948,ok,2601,0,0,192.00,460029952,604913664,114090264,95883264,18123768,2904,11174640,22132800,1342726,11413,11413,0,0,0,0,0,0,0,0,0.146,0.071,0.000,0,0,0,11413,11413,0,0
travel,53.299,1279.3,1033.073,1033.073,fly,0.966,ok,2601,0,0,192.00,460029952,604913664,114090264,95883264,18123768,2904,11174640,22132800,1342726,11413,11413,0,0,0,0,0,0,0,0,0.079,0.116,0.000,0,0,0,11413,11413,0,0
travel,53.329,1280.0,1033.586,1033.586,fly,0.958,ok,2601,0,0,192.00,460029952,604913664,114090264,95883264,18123768,2904,11174640,22132800,1342726,11413,11413,0,0,0,0,0,0,0,0,0.159,0.072,0.000,0,0,0,11413,11413,0,0
travel,53.359,1280.7,1034.102,1034.102,fly,0.889,ok,2601,0,0,192.00,460029952,604913664,114090264,95883264,18123768,2904,11174640,22132800,1342726,11413,11413,0,0,0,0,0,0,0,0,0.068,0.075,0.000,0,0,0,11413,11413,0,0
travel,53.390,1281.4,1034.616,1034.616,fly,0.867,ok,2601,0,0,192.00,460029952,604913664,114090264,95883264,18123768,2904,11174640,22132800,1342726,11413,11413,0,0,0,0,0,0,0,0,0.067,0.071,0.000,0,0,0,11413,11413,0,0
travel,53.420,1282.2,1035.141,1035.141,fly,0.863,ok,2601,0,0,192.00,460029952,604913664,114090264,95883264,18123768,2904,7449760,22132800,1342726,11413,11413,0,0,0,0,0,0,0,0,0.066,0.070,0.000,0,0,0,11413,11413,0,0
travel,53.451,1282.9,1035.662,1035.662,fly,0.858,ok,2601,0,0,192.00,460029952,604913664,114090264,95883264,18123768,2904,7449760,22132800,1342726,11413,11413,0,0,0,0,0,0,0,0,0.065,0.069,0.000,0,0,0,11413,11413,0,0
travel,53.482,1283.7,1036.179,1036.179,fly,0.865,ok,2601,0,0,192.00,460029952,604913664,114090264,95883264,18123768,2904,7449760,22132800,1342726,11413,11413,0,0,0,0,0,0,0,0,0.067,0.070,0.000,0,0,0,11413,11413,0,0
travel,53.512,1284.4,1036.691,1036.691,fly,0.910,ok,2601,0,0,192.00,460029952,604913664,114090264,95883264,18123768,2904,7449760,22132800,1342726,11413,11413,0,0,0,0,0,0,0,0,0.067,0.120,0.000,0,0,0,11413,11413,0,0
travel,53.542,1285.1,1037.209,1037.209,fly,0.887,ok,2601,0,0,192.00,460029952,604913664,114090264,95883264,18123768,2904,7449760,22132800,1342726,11413,11413,0,0,0,0,0,0,0,0,0.068,0.073,0.000,0,0,0,11413,11413,0,0
travel,53.572,1285.8,1037.726,1037.726,fly,0.857,ok,2601,0,0,192.00,460029952,604913664,114090264,95883264,18123768,2904,7449760,22132800,1342726,11413,11413,0,0,0,0,0,0,0,0,0.067,0.065,0.000,0,0,0,11413,11413,0,0
travel,53.603,1286.6,1038.238,1038.238,fly,0.873,ok,2601,0,0,192.00,460029952,604913664,114090264,95883264,18123768,2904,7449760,22132800,1342726,11413,11413,0,0,0,0,0,0,0,0,0.070,0.068,0.000,0,0,0,11413,11413,0,0
travel,53.633,1287.3,1038.749,1038.749,fly,0.905,ok,2601,0,0,192.00,460029952,604913664,114090264,95883264,18123768,2904,7449760,22132800,1342726,11413,11413,0,0,0,0,0,0,0,0,0.070,0.075,0.000,0,0,0,11413,11413,0,0
travel,53.663,1288.0,1039.264,1039.264,fly,0.861,ok,2601,0,0,192.00,460029952,604913664,114090264,95883264,18123768,2904,7449760,22132800,1342726,11413,11413,0,0,0,0,0,0,0,0,0.067,0.063,0.000,0,0,0,11413,11413,0,0
travel,53.693,1288.7,1039.781,1039.781,fly,0.913,ok,2601,0,0,192.00,460029952,604913664,114090264,95883264,18123768,2904,7449760,22132800,1342726,11413,11413,0,0,0,0,0,0,0,0,0.068,0.076,0.000,0,0,0,11413,11413,0,0
travel,53.733,1289.7,1040.457,1040.457,fly,0.955,ok,2601,0,34,192.00,460029952,604913664,114090264,95883264,18123768,2904,11174640,20358720,1391386,11514,11514,0,0,7,0,0,0,0,0,0.070,0.082,0.000,0,0,0,11514,11514,0,0
travel,53.765,1290.5,1040.989,1040.989,fly,0.893,ok,2601,0,0,192.00,460029952,604913664,114090264,95883264,18123768,2904,11174640,22132800,1398058,11514,11514,0,0,0,0,0,0,0,0,0.071,0.071,0.000,0,0,0,11514,11514,0,0
travel,53.795,1291.2,1041.508,1041.508,fly,0.867,ok,2601,0,0,192.00,460029952,604913664,114090264,95883264,18123768,2904,11174640,22132800,1398058,11514,11514,0,0,0,0,0,0,0,0,0.068,0.071,0.000,0,0,0,11514,11514,0,0
travel,53.826,1291.9,1042.033,1042.033,fly,0.911,ok,2601,0,0,192.00,460029952,604913664,114090264,95883264,18123768,2904,11174640,22132800,1398058,11514,11514,0,0,0,0,0,0,0,0,0.070,0.081,0.000,0,0,0,11514,11514,0,0
travel,53.856,1292.7,1042.549,1042.549,fly,1.220,ok,2601,0,0,192.00,460029952,604913664,114090264,95883264,18123768,2904,11174640,22132800,1398058,11514,11514,0,0,0,0,0,0,0,0,0.362,0.073,0.000,0,0,0,11514,11514,0,0
travel,53.895,1293.6,1043.200,1043.200,fly,1.211,ok,2601,0,0,192.00,460029952,604913664,114090264,95883264,18123768,2904,7449760,22132800,1398058,11514,11514,0,0,0,0,0,0,0,0,0.073,0.103,0.000,0,0,0,11514,11514,0,0
travel,53.932,1294.5,1043.827,1043.827,fly,0.901,ok,2601,0,0,192.00,460029952,604913664,114090264,95883264,18123768,2904,7449760,22132800,1398058,11514,11514,0,0,0,0,0,0,0,0,0.072,0.085,0.000,0,0,0,11514,11514,0,0
travel,53.964,1295.2,1044.377,1044.377,fly,0.912,ok,2601,0,0,192.00,460029952,604913664,114090264,95883264,18123768,2904,7449760,22132800,1398058,11514,11514,0,0,0,0,0,0,0,0,0.067,0.078,0.000,0,0,0,11514,11514,0,0
travel,53.994,1296.0,1044.891,1044.891,fly,0.865,ok,2601,0,0,192.00,460029952,604913664,114090264,95883264,18123768,2904,7449760,22132800,1398058,11514,11514,0,0,0,0,0,0,0,0,0.068,0.066,0.000,0,0,0,11514,11514,0,0
travel,54.025,1296.7,1045.418,1045.418,fly,0.865,ok,2601,0,0,192.00,460029952,604913664,114090264,95883264,18123768,2904,7449760,22132800,1398058,11514,11514,0,0,0,0,0,0,0,0,0.070,0.069,0.000,0,0,0,11514,11514,0,0
travel,54.056,1297.5,1045.937,1045.937,fly,0.865,ok,2601,0,0,192.00,460029952,604913664,114090264,95883264,18123768,2904,7449760,22132800,1398058,11514,11514,0,0,0,0,0,0,0,0,0.067,0.070,0.000,0,0,0,11514,11514,0,0
travel,54.086,1298.2,1046.452,1046.452,fly,1.071,ok,2601,0,0,192.00,460029952,604913664,114090264,95883264,18123768,2904,7449760,22132800,1398058,11514,11514,0,0,0,0,0,0,0,0,0.263,0.072,0.000,0,0,0,11514,11514,0,0
travel,54.117,1298.9,1046.976,1046.976,fly,0.895,ok,2601,0,0,192.00,460029952,604913664,114090264,95883264,18123768,2904,7449760,22132800,1398058,11514,11514,0,0,0,0,0,0,0,0,0.065,0.115,0.000,0,0,0,11514,11514,0,0
travel,54.147,1299.7,1047.497,1047.497,fly,0.900,ok,2601,0,0,192.00,460029952,604913664,114090264,95883264,18123768,2904,7449760,22132800,1398058,11514,11514,0,0,0,0,0,0,0,0,0.067,0.077,0.000,0,0,0,11514,11514,0,0
travel,54.178,1300.4,1048.016,1048.016,fly,4.422,ok,2535,66,98,192.00,460029952,604913664,111195240,93450240,17663880,2904,11174640,15192456,1402708,11549,11615,35,101,35,35,35,0,0,0,0.468,0.116,0.000,0,0,0,11549,11549,0,0
travel,54.217,1301.3,1048.671,1048.671,fly,0.896,ok,2601,0,0,192.00,460029952,604913664,114090264,95883264,18123768,2904,11174640,22132800,1451882,11615,11615,0,0,0,0,0,0,0,0,0.069,0.074,0.000,0,0,0,11615,11615,0,0
travel,54.247,1302.0,1049.188,1049.188,fly,0.858,ok,2601,0,0,192.00,460029952,604913664,114090264,95883264,18123768,2904,11174640,22132800,1451882,11615,11615,0,0,0,0,0,0,0,0,0.068,0.069,0.000,0,0,0,11615,11615,0,0
travel,54.278,1302.8,1049.709,1049.709,fly,0.884,ok,2601,0,0,192.00,460029952,604913664,114090264,95883264,18123768,2904,11174640,22132800,1451882,11615,11615,0,0,0,0,0,0,0,0,0.068,0.071,0.000,0,0,0,11615,11615,0,0
travel,54.308,1303.5,1050.225,1050.225,fly,0.864,ok,2601,0,0,192.00,460029952,604913664,114090264,95883264,18123768,2904,11174640,22132800,1451882,11615,11615,0,0,0,0,0,0,0,0,0.069,0.068,0.000,0,0,0,11615,11615,0,0
travel,54.338,1304.2,1050.738,1050.738,fly,0.890,ok,2601,0,0,192.00,460029952,604913664,114090264,95883264,18123768,2904,7449760,22132800,1451882,11615,11615,0,0,0,0,0,0,0,0,0.070,0.074,0.000,0,0,0,11615,11615,0,0
travel,54.368,1305.0,1051.248,1051.248,fly,0.864,ok,2601,0,0,192.00,460029952,604913664,114090264,95883264,18123768,2904,7449760,22132800,1451882,11615,11615,0,0,0,0,0,0,0,0,0.069,0.074,0.000,0,0,0,11615,11615,0,0
travel,54.398,1305.7,1051.762,1051.762,fly,0.937,ok,2601,0,0,192.00,460029952,604913664,114090264,95883264,18123768,2904,7449760,22132800,1451882,11615,11615,0,0,0,0,0,0,0,0,0.144,0.069,0.000,0,0,0,11615,11615,0,0
travel,54.429,1306.4,1052.278,1052.278,fly,0.863,ok,2601,0,0,192.00,460029952,604913664,114090264,95883264,18123768,2904,7449760,22132800,1451882,11615,11615,0,0,0,0,0,0,0,0,0.068,0.068,0.000,0,0,0,11615,11615,0,0
travel,54.459,1307.1,1052.791,1052.791,fly,0.981,ok,2601,0,0,192.00,460029952,604913664,114090264,95883264,18123768,2904,7449760,22132800,1451882,11615,11615,0,0,0,0,0,0,0,0,0.139,0.074,0.000,0,0,0,11615,11615,0,0
travel,54.489,1307.9,1053.303,1053.303,fly,0.862,ok,2601,0,0,192.00,460029952,604913664,114090264,95883264,18123768,2904,7449760,22132800,1451882,11615,11615,0,0,0,0,0,0,0,0,0.068,0.069,0.000,0,0,0,11615,11615,0,0
travel,54.520,1308.6,1053.831,1053.831,fly,0.866,ok,2601,0,0,192.00,460029952,604913664,114090264,95883264,18123768,2904,7449760,22132800,1451882,11615,11615,0,0,0,0,0,0,0,0,0.067,0.072,0.000,0,0,0,11615,11615,0,0
travel,54.550,1309.3,1054.346,1054.346,fly,0.886,ok,2601,0,0,192.00,460029952,604913664,114090264,95883264,18123768,2904,7449760,22132800,1451882,11615,11615,0,0,0,0,0,0,0,0,0.067,0.075,0.000,0,0,0,11615,11615,0,0
travel,54.580,1310.1,1054.858,1054.858,fly,0.860,ok,2601,0,0,192.00,460029952,604913664,114090264,95883264,18123768,2904,7449760,22132800,1451882,11615,11615,0,0,0,0,0,0,0,0,0.068,0.068,0.000,0,0,0,11615,11615,0,0
travel,54.611,1310.8,1055.373,1055.373,fly,0.870,ok,2601,0,0,192.00,460029952,604913664,114090264,95883264,18123768,2904,7449760,22132800,1451882,11615,11615,0,0,0,0,0,0,0,0,0.068,0.070,0.000,0,0,0,11615,11615,0,0
travel,54.641,1311.5,1055.892,1055.892,fly,0.860,ok,2601,0,0,192.00,460029952,604913664,114090264,95883264,18123768,2904,7449760,22132800,1451882,11615,11615,0,0,0,0,0,0,0,0,0.066,0.070,0.000,0,0,0,11615,11615,0,0
travel,54.680,1312.5,1056.552,1056.552,fly,0.945,ok,2601,0,21,192.00,460029952,604913664,114090264,95883264,18123768,2904,11174640,21037008,1282622,11716,11716,0,0,7,0,0,0,0,0,0.140,0.071,0.000,0,0,0,11716,11716,0,0
travel,54.711,1313.2,1057.069,1057.069,fly,0.850,ok,2601,0,0,192.00,460029952,604913664,114090264,95883264,18123768,2904,11174640,22132800,1286428,11716,11716,0,0,0,0,0,0,0,0,0.068,0.068,0.000,0,0,0,11716,11716,0,0
travel,54.741,1313.9,1057.592,1057.592,fly,0.853,ok,2601,0,0,192.00,460029952,604913664,114090264,95883264,18123768,2904,11174640,22132800,1286428,11716,11716,0,0,0,0,0,0,0,0,0.070,0.071,0.000,0,0,0,11716,11716,0,0
travel,54.772,1314.7,1058.109,1058.109,fly,0.935,ok,2601,0,0,192.00,460029952,604913664,114090264,95883264,18123768,2904,11174640,22132800,1286428,11716,11716,0,0,0,0,0,0,0,0,0.139,0.065,0.000,0,0,0,11716,11716,0,0
travel,54.802,1315.4,1058.627,1058.627,fly,0.861,ok,2601,0,0,192.00,460029952,604913664,114090264,95883264,18123768,2904,7449760,22132800,1286428,11716,11716,0,0,0,0,0,0,0,0,0.069,0.065,0.000,0,0,0,11716,11716,0,0
travel,54.833,1316.1,1059.152,1059.152,fly,0.931,ok,2601,0,0,192.00,460029952,604913664,114090264,95883264,18123768,2904,7449760,22132800,1286428,11716,11716,0,0,0,0,0,0,0,0,0.083,0.076,0.000,0,0,0,11716,11716,0,0
travel,54.864,1316.9,1059.674,1059.674,fly,0.926,ok,2601,0,0,192.00,460029952,604913664,114090264,95883264,18123768,2904,7449760,22132800,1286428,11716,11716,0,0,0,0,0,0,0,0,0.138,0.070,0.000,0,0,0,11716,11716,0,0
travel,54.895,1317.6,1060.206,1060.206,fly,0.900,ok,2601,0,0,192.00,460029952,604913664,114090264,95883264,18123768,2904,7449760,22132800,1286428,11716,11716,0,0,0,0,0,0,0,0,0.068,0.076,0.000,0,0,0,11716,11716,0,0
travel,54.926,1318.4,1060.729,1060.729,fly,0.956,ok,2601,0,0,192.00,460029952,604913664,114090264,95883264,18123768,2904,7449760,22132800,1286428,11716,11716,0,0,0,0,0,0,0,0,0.090,0.139,0.000,0,0,0,11716,11716,0,0
travel,54.957,1319.1,1061.250,1061.250,fly,0.864,ok,2601,0,0,192.00,460029952,604913664,114090264,95883264,18123768,2904,7449760,22132800,1286428,11716,11716,0,0,0,0,0,0,0,0,0.066,0.071,0.000,0,0,0,11716,11716,0,0
travel,54.987,1319.8,1061.765,1061.765,fly,0.865,ok,2601,0,0,192.00,460029952,604913664,114090264,95883264,18123768,2904,7449760,22132800,1286428,11716,11716,0,0,0,0,0,0,0,0,0.067,0.069,0.000,0,0,0,11716,11716,0,0
travel,55.017,1320.6,1062.278,1062.278,fly,0.850,ok,2601,0,0,192.00,460029952,604913664,114090264,95883264,18123768,2904,7449760,22132800,1286428,11716,11716,0,0,0,0,0,0,0,0,0.071,0.071,0.000,0,0,0,11716,11716,0,0
travel,55.047,1321.3,1062.790,1062.790,fly,0.924,ok,2601,0,0,192.00,460029952,604913664,114090264,95883264,18123768,2904,7449760,22132800,1286428,11716,11716,0,0,0,0,0,0,0,0,0.141,0.067,0.000,0,0,0,11716,11716,0,0
travel,55.077,1322.0,1063.302,1063.302,fly,0.850,ok,2601,0,0,192.00,460029952,604913664,114090264,95883264,18123768,2904,7449760,22132800,1286428,11716,11716,0,0,0,0,0,0,0,0,0.064,0.066,0.000,0,0,0,11716,11716,0,0
travel,55.108,1322.7,1063.824,1063.824,fly,0.856,ok,2601,0,0,192.00,460029952,604913664,114090264,95883264,18123768,2904,7449760,22132800,1286428,11716,11716,0,0,0,0,0,0,0,0,0.069,0.069,0.000,0,0,0,11716,11716,0,0
travel,55.146,1323.7,1064.472,1064.472,fly,0.858,ok,2601,0,25,192.00,460029952,604913664,114090264,95883264,18123768,2904,11174640,20828304,1336908,11817,11817,0,0,6,0,0,0,0,0,0.072,0.070,0.000,0,0,0,11817,11817,0,0
travel,55.176,1324.4,1064.988,1064.988,fly,1.043,ok,2601,0,0,192.00,460029952,604913664,114090264,95883264,18123768,2904,11174640,22132800,1341836,11817,11817,0,0,0,0,0,0,0,0,0.151,0.107,0.000,0,0,0,11817,11817,0,0
travel,55.207,1325.1,1065.501,1065.501,fly,0.865,ok,2601,0,0,192.00,460029952,604913664,114090264,95883264,18123768,2904,11174640,22132800,1341836,11817,11817,0,0,0,0,0,0,0,0,0.068,0.069,0.000,0,0,0,11817,11817,0,0
travel,55.237,1325.9,1066.018,1066.018,fly,0.863,ok,2601,0,0,192.00,460029952,604913664,114090264,95883264,18123768,2904,11174640,22132800,1341836,11817,11817,0,0,0,0,0,0,0,0,0.068,0.067,0.000,0,0,0,11817,11817,0,0
travel,55.268,1326.6,1066.546,1066.546,fly,0.872,ok,2601,0,0,192.00,460029952,604913664,114090264,95883264,18123768,2904,11174640,22132800,1341836,11817,11817,0,0,0,0,0,0,0,0,0.067,0.072,0.000,0,0,0,11817,11817,0,0
travel,55.298,1327.3,1067.062,1067.062,fly,0.868,ok,2601,0,0,192.00,460029952,604913664,114090264,95883264,18123768,2904,7449760,22132800,1341836,11817,11817,0,0,0,0,0,0,0,0,0.071,0.068,0.000,0,0,0,11817,11817,0,0
travel,55.329,1328.1,1067.583,1067.583,fly,0.906,ok,2601,0,0,192.00,460029952,604913664,114090264,95883264,18123768,2904,7449760,22132800,1341836,11817,11817,0,0,0,0,0,0,0,0,0.070,0.078,0.000,0,0,0,11817,11817,0,0
travel,55.359,1328.8,1068.098,1068.098,fly,0.868,ok,2601,0,0,192.00,460029952,604913664,114090264,95883264,18123768,2904,7449760,22132800,1341836,11817,11817,0,0,0,0,0,0,0,0,0.070,0.072,0.000,0,0,0,11817,11817,0,0
travel,55.390,1329.5,1068.614,1068.614,fly,0.864,ok,2601,0,0,192.00,460029952,604913664,114090264,95883264,18123768,2904,7449760,22132800,1341836,11817,11817,0,0,0,0,0,0,0,0,0.068,0.068,0.000,0,0,0,11817,11817,0,0
travel,55.420,1330.3,1069.130,1069.130,fly,0.896,ok,2601,0,0,192.00,460029952,604913664,114090264,95883264,18123768,2904,7449760,22132800,1341836,11817,11817,0,0,0,0,0,0,0,0,0.068,0.077,0.000,0,0,0,11817,11817,0,0
travel,55.450,1331.0,1069.645,1069.645,fly,0.876,ok,2601,0,0,192.00,460029952,604913664,114090264,95883264,18123768,2904,7449760,22132800,1341836,11817,11817,0,0,0,0,0,0,0,0,0.090,0.068,0.000,0,0,0,11817,11817,0,0
travel,55.481,1331.7,1070.166,1070.166,fly,0.862,ok,2601,0,0,192.00,460029952,604913664,114090264,95883264,18123768,2904,7449760,22132800,1341836,11817,11817,0,0,0,0,0,0,0,0,0.069,0.069,0.000,0,0,0,11817,11817,0,0
travel,55.512,1332.5,1070.686,1070.686,fly,0.860,ok,2601,0,0,192.00,460029952,604913664,114090264,95883264,18123768,2904,7449760,22132800,1341836,11817,11817,0,0,0,0,0,0,0,0,0.068,0.068,0.000,0,0,0,11817,11817,0,0
travel,55.542,1333.2,1071.201,1071.201,fly,0.950,ok,2601,0,0,192.00,460029952,604913664,114090264,95883264,18123768,2904,7449760,22132800,1341836,11817,11817,0,0,0,0,0,0,0,0,0.145,0.072,0.000,0,0,0,11817,11817,0,0
travel,55.572,1333.9,1071.717,1071.717,fly,0.858,ok,2601,0,0,192.00,460029952,604913664,114090264,95883264,18123768,2904,7449760,22132800,1341836,11817,11817,0,0,0,0,0,0,0,0,0.067,0.067,0.000,0,0,0,11817,11817,0,0
travel,55.611,1334.8,1072.381,1072.381,fly,0.879,ok,2601,0,59,192.00,460029952,604913664,114090264,95883264,18123768,2904,11174640,19054320,1386203,11918,11918,0,0,7,0,0,0,0,0,0.069,0.070,0.000,0,0,0,11918,11918,0,0
travel,55.642,1335.6,1072.896,1072.896,fly,0.916,ok,2601,0,0,192.00,460034048,604913664,114090264,95883264,18123768,2904,11174640,22132800,1397160,11918,11918,0,0,0,0,0,0,0,0,0.070,0.082,0.000,0,0,0,11918,11918,0,0
travel,55.672,1336.3,1073.414,1073.414,fly,0.889,ok,2601,0,0,192.00,460034048,604913664,114090264,95883264,18123768,2904,11174640,22132800,1397160,11918,11918,0,0,0,0,0,0,0,0,0.069,0.072,0.000,0,0,0,11918,11918,0,0
travel,55.702,1337.0,1073.925,1073.925,fly,0.856,ok,2601,0,0,192.00,460034048,604913664,114090264,95883264,18123768,2904,11174640,22132800,1397160,11918,11918,0,0,0,0,0,0,0,0,0.069,0.066,0.000,0,0,0,11918,11918,0,0
travel,55.733,1337.8,1074.445,1074.445,fly,0.890,ok,2601,0,0,192.00,460034048,604913664,114090264,95883264,18123768,2904,11174640,22132800,1397160,11918,11918,0,0,0,0,0,0,0,0,0.067,0.076,0.000,0,0,0,11918,11918,0,0
travel,55.763,1338.5,1074.960,1074.960,fly,0.855,ok,2601,0,0,192.00,460034048,604913664,114090264,95883264,18123768,2904,7449760,22132800,1397160,11918,11918,0,0,0,0,0,0,0,0,0.066,0.068,0.000,0,0,0,11918,11918,0,0
travel,55.794,1339.2,1075.481,1075.481,fly,0.891,ok,2601,0,0,192.00,460034048,604913664,114090264,95883264,18123768,2904,7449760,22132800,1397160,11918,11918,0,0,0,0,0,0,0,0,0.068,0.075,0.000,0,0,0,11918,11918,0,0
travel,55.824,1340.0,1076.000,1076.000,fly,0.991,ok,2601,0,0,192.00,460034048,604913664,114090264,95883264,18123768,2904,7449760,22132800,1397160,11918,11918,0,0,0,0,0,0,0,0,0.138,0.064,0.000,0,0,0,11918,11918,0,0
travel,55.854,1340.7,1076.511,1076.511,fly,0.885,ok,2601,0,0,192.00,460034048,604913664,114090264,95883264,18123768,2904,7449760,22132800,1397160,11918,11918,0,0,0,0,0,0,0,0,0.068,0.073,0.000,0,0,0,11918,11918,0,0
travel,55.885,1341.4,1077.033,1077.033,fly,0.861,ok,2601,0,0,192.00,460034048,604913664,114090264,95883264,18123768,2904,7449760,22132800,1397160,11918,11918,0,0,0,0,0,0,0,0,0.066,0.070,0.000,0,0,0,11918,11918,0,0
travel,55.915,1342.2,1077.552,1077.552,fly,1.167,ok,2601,0,0,192.00,460034048,604913664,114090264,95883264,18123768,2904,7449760,22132800,1397160,11918,11918,0,0,0,0,0,0,0,0,0.077,0.300,0.000,0,0,0,11918,11918,0,0
travel,55.946,1342.9,1078.075,1078.075,fly,0.926,ok,2601,0,0,192.00,460034048,604913664,114090264,95883264,18123768,2904,7449760,22132800,1397160,11918,11918,0,0,0,0,0,0,0,0,0.070,0.079,0.000,0,0,0,11918,11918,0,0
travel,55.977,1343.6,1078.594,1078.594,fly,0.853,ok,2601,0,0,192.00,460034048,604913664,114090264,95883264,18123768,2904,7449760,22132800,1397160,11918,11918,0,0,0,0,0,0,0,0,0.068,0.070,0.000,0,0,0,11918,11918,0,0
travel,56.008,1344.4,1079.122,1079.122,fly,0.939,ok,2601,0,0,192.00,460034048,604913664,114090264,95883264,18123768,2904,7449760,22132800,1397160,11918,11918,0,0,0,0,0,0,0,0,0.067,0.142,0.000,0,0,0,11918,11918,0,0
travel,56.039,1345.1,1079.645,1079.645,fly,1.414,ok,2601,0,0,192.00,460034048,604913664,114090264,95883264,18123768,2904,7449760,22132800,1397160,11918,11918,0,0,0,0,0,0,0,0,0.078,0.404,0.000,0,0,0,11918,11918,0,0
travel,56.079,1346.1,1080.332,1080.332,fly,1.015,ok,2601,0,86,192.00,460034048,604913664,114090264,95883264,18123768,2904,11174640,17645568,1434640,12019,12019,0,0,12,0,0,0,0,0,0.146,0.090,0.000,0,0,0,12019,12019,0,0
travel,56.109,1346.8,1080.848,1080.848,fly,0.908,ok,2601,0,0,192.00,460034048,604913664,114090264,95883264,18123768,2904,11174640,22132800,1450632,12019,12019,0,0,0,0,0,0,0,0,0.069,0.087,0.000,0,0,0,12019,12019,0,0
travel,56.140,1347.6,1081.366,1081.366,fly,0.862,ok,2601,0,0,192.00,460034048,604913664,114090264,95883264,18123768,2904,11174640,22132800,1450632,12019,12019,0,0,0,0,0,0,0,0,0.067,0.070,0.000,0,0,0,12019,12019,0,0
travel,56.170,1348.3,1081.879,1081.879,fly,0.938,ok,2601,0,0,192.00,460034048,604913664,114090264,95883264,18123768,2904,11174640,22132800,1450632,12019,12019,0,0,0,0,0,0,0,0,0.139,0.068,0.000,0,0,0,12019,12019,0,0
travel,56.200,1349.0,1082.395,1082.395,fly,0.867,ok,2601,0,0,192.00,460034048,604913664,114090264,95883264,18123768,2904,11174640,22132800,1450632,12019,12019,0,0,0,0,0,0,0,0,0.068,0.073,0.000,0,0,0,12019,12019,0,0
travel,56.231,1349.7,1082.912,1082.912,fly,0.929,ok,2601,0,0,192.00,460034048,604913664,114090264,95883264,18123768,2904,7449760,22132800,1450632,12019,12019,0,0,0,0,0,0,0,0,0.071,0.077,0.000,0,0,0,12019,12019,0,0
travel,56.261,1350.5,1083.432,1083.432,fly,0.860,ok,2601,0,0,192.00,460034048,604913664,114090264,95883264,18123768,2904,7449760,22132800,1450632,12019,12019,0,0,0,0,0,0,0,0,0.068,0.068,0.000,0,0,0,12019,12019,0,0
travel,56.292,1351.2,1083.944,1083.944,fly,0.861,ok,2601,0,0,192.00,460034048,604913664,114090264,95883264,18123768,2904,7449760,22132800,1450632,12019,12019,0,0,0,0,0,0,0,0,0.068,0.070,0.000,0,0,0,12019,12019,0,0
travel,56.322,1351.9,1084.460,1084.460,fly,0.860,ok,2601,0,0,192.00,460034048,604913664,114090264,95883264,18123768,2904,7449760,22132800,1450632,12019,12019,0,0,0,0,0,0,0,0,0.067,0.067,0.000,0,0,0,12019,12019,0,0
travel,56.352,1352.7,1084.977,1084.977,fly,0.902,ok,2601,0,0,192.00,460034048,604913664,114090264,95883264,18123768,2904,7449760,22132800,1450632,12019,12019,0,0,0,0,0,0,0,0,0.068,0.078,0.000,0,0,0,12019,12019,0,0
travel,56.383,1353.4,1085.494,1085.494,fly,0.864,ok,2601,0,0,192.00,460034048,604913664,114090264,95883264,18123768,2904,7449760,22132800,1450632,12019,12019,0,0,0,0,0,0,0,0,0.067,0.071,0.000,0,0,0,12019,12019,0,0
travel,56.413,1354.1,1086.012,1086.012,fly,0.908,ok,2601,0,0,192.00,460034048,604913664,114090264,95883264,18123768,2904,7449760,22132800,1450632,12019,12019,0,0,0,0,0,0,0,0,0.068,0.068,0.000,0,0,0,12019,12019,0,0
travel,56.444,1354.9,1086.528,1086.528,fly,1.249,ok,2601,0,0,192.00,460034048,604913664,114090264,95883264,18123768,2904,7449760,22132800,1450632,12019,12019,0,0,0,0,0,0,0,0,0.460,0.064,0.000,0,0,0,12019,12019,0,0
travel,56.474,1355.6,1087.043,1087.043,fly,0.871,ok,2601,0,0,192.00,460034048,604913664,114090264,95883264,18123768,2904,7449760,22132800,1450632,12019,12019,0,0,0,0,0,0,0,0,0.067,0.071,0.000,0,0,0,12019,12019,0,0
travel,56.504,1356.3,1087.558,1087.558,fly,0.866,ok,2601,0,0,192.00,460034048,604913664,114090264,95883264,18123768,2904,7449760,22132800,1450632,12019,12019,0,0,0,0,0,0,0,0,0.066,0.066,0.000,0,0,0,12019,12019,0,0
travel,56.543,1357.2,1088.218,1088.218,fly,0.981,ok,2601,0,131,192.00,460038144,604917760,114090264,95883264,18123768,2904,11174640,15297648,1476368,12120,12120,0,0,7,0,0,0,0,0,0.142,0.073,0.000,0,0,0,12120,12120,0,0
travel,56.574,1358.0,1088.738,1088.738,fly,0.866,ok,2601,0,0,192.00,460038144,604917760,114090264,95883264,18123768,2904,11174640,22132800,1285576,12120,12120,0,0,0,0,0,0,0,0,0.071,0.069,0.000,0,0,0,12120,12120,0,0
travel,56.604,1358.7,1089.256,1089.256,fly,0.868,ok,2601,0,0,192.00,460038144,604917760,114090264,95883264,18123768,2904,11174640,22132800,1285576,12120,12120,0,0,0,0,0,0,0,0,0.068,0.069,0.000,0,0,0,12120,12120,0,0
travel,56.634,1359.4,1089.771,1089.771,fly,0.957,ok,2601,0,0,192.00,460038144,604917760,114090264,95883264,18123768,2904,11174640,22132800,1285576,12120,12120,0,0,0,0,0,0,0,0,0.143,0.081,0.000,0,0,0,12120,12120,0,0
travel,56.664,1360.2,1090.283,1090.283,fly,0.894,ok,2601,0,0,192.00,460038144,604917760,114090264,95883264,18123768,2904,11174640,22132800,1285576,12120,12120,0,0,0,0,0,0,0,0,0.070,0.075,0.000,0,0,0,12120,12120,0,0
travel,56.695,1360.9,1090.808,1090.808,fly,0.861,ok,2601,0,0,192.00,460038144,604917760,114090264,95883264,18123768,2904,7449760,22132800,1285576,12120,12120,0,0,0,0,0,0,0,0,0.068,0.069,0.000,0,0,0,12120,12120,0,0
travel,56.726,1361.6,1091.324,1091.324,fly,0.990,ok,2601,0,0,192.00,460038144,604917760,114090264,95883264,18123768,2904,7449760,22132800,1285576,12120,12120,0,0,0,0,0,0,0,0,0.192,0.070,0.000,0,0,0,12120,12120,0,0
travel,56.756,1362.4,1091.839,1091.839,fly,0.864,ok,2601,0,0,192.00,460038144,604917760,114090264,95883264,18123768,2904,7449760,22132800,1285576,12120,12120,0,0,0,0,0,0,0,0,0.068,0.070,0.000,0,0,0,12120,12120,0,0
travel,56.786,1363.1,1092.353,1092.353,fly,0.854,ok,2601,0,0,192.00,460038144,604917760,114090264,95883264,18123768,2904,7449760,22132800,1285576,12120,12120,0,0,0,0,0,0,0,0,0.068,0.072,0.000,0,0,0,12120,12120,0,0
travel,56.817,1363.8,1092.869,1092.869,fly,0.876,ok,2601,0,0,192.00,460038144,604917760,114090264,95883264,18123768,2904,7449760,22132800,1285576,12120,12120,0,0,0,0,0,0,0,0,0.068,0.071,0.000,0,0,0,12120,12120,0,0
travel,56.847,1364.5,1093.381,1093.381,fly,0.878,ok,2601,0,0,192.00,460038144,604917760,114090264,95883264,18123768,2904,7449760,22132800,1285576,12120,12120,0,0,0,0,0,0,0,0,0.070,0.073,0.000,0,0,0,12120,12120,0,0
travel,56.877,1365.3,1093.896,1093.896,fly,0.855,ok,2601,0,0,192.00,460038144,604917760,114090264,95883264,18123768,2904,7449760,22132800,1285576,12120,12120,0,0,0,0,0,0,0,0,0.067,0.067,0.000,0,0,0,12120,12120,0,0
travel,56.907,1366.0,1094.412,1094.412,fly,0.953,ok,2601,0,0,192.00,460038144,604917760,114090264,95883264,18123768,2904,7449760,22132800,1285576,12120,12120,0,0,0,0,0,0,0,0,0.143,0.071,0.000,0,0,0,12120,12120,0,0
travel,56.938,1366.7,1094.932,1094.932,fly,0.860,ok,2601,0,0,192.00,460038144,604917760,114090264,95883264,18123768,2904,7449760,22132800,1285576,12120,12120,0,0,0,0,0,0,0,0,0.066,0.076,0.000,0,0,0,12120,12120,0,0
travel,56.968,1367.5,1095.451,1095.451,fly,0.939,ok,2601,0,0,192.00,460038144,604917760,114090264,95883264,18123768,2904,7449760,22132800,1285576,12120,12120,0,0,0,0,0,0,0,0,0.139,0.075,0.000,0,0,0,12120,12120,0,0
travel,56.998,1368.2,1095.962,1095.962,fly,0.876,ok,2601,0,0,192.00,460038144,604917760,114090264,95883264,18123768,2904,7449760,22132800,1285576,12120,12120,0,0,0,0,0,0,0,0,0.065,0.071,0.000,0,0,0,12120,12120,0,0
travel,57.038,1369.1,1096.628,1096.628,fly,0.869,ok,2601,0,0,192.00,460038144,604917760,114090264,95883264,18123768,2904,11174640,22132800,1341248,12221,12221,0,0,0,0,0,0,0,0,0.067,0.080,0.000,0,0,0,12221,12221,0,0
travel,57.068,1369.9,1097.151,1097.151,fly,1.267,ok,2601,0,0,192.00,460038144,604917760,114090264,95883264,18123768,2904,11174640,22132800,1341248,12221,12221,0,0,0,0,0,0,0,0,0.075,0.291,0.000,0,0,0,12221,12221,0,0
travel,57.100,1370.6,1097.682,1097.682,fly,0.859,ok,2601,0,0,192.00,460038144,604917760,114090264,95883264,18123768,2904,11174640,22132800,1341248,12221,12221,0,0,0,0,0,0,0,0,0.069,0.066,0.000,0,0,0,12221,12221,0,0
travel,57.130,1371.4,1098.203,1098.203,fly,0.965,ok,2601,0,0,192.00,460038144,604917760,114090264,95883264,18123768,2904,11174640,22132800,1341248,12221,12221,0,0,0,0,0,0,0,0,0.140,0.073,0.000,0,0,0,12221,12221,0,0
travel,57.161,1372.1,1098.719,1098.719,fly,0.923,ok,2601,0,0,192.00,460038144,604917760,114090264,95883264,18123768,2904,11174640,22132800,1341248,12221,12221,0,0,0,0,0,0,0,0,0.070,0.079,0.000,0,0,0,12221,12221,0,0
travel,57.191,1372.8,1099.241,1099.241,fly,0.891,ok,2601,0,0,192.00,460038144,604917760,114090264,95883264,18123768,2904,7449760,22132800,1341248,12221,12221,0,0,0,0,0,0,0,0,0.068,0.076,0.000,0,0,0,12221,12221,0,0
travel,57.222,1373.6,1099.757,1099.757,fly,0.854,ok,2601,0,0,192.00,460038144,604917760,114090264,95883264,18123768,2904,7449760,22132800,1341248,12221,12221,0,0,0,0,0,0,0,0,0.065,0.062,0.000,0,0,0,12221,12221,0,0
travel,57.252,1374.3,1100.278,1100.278,fly,0.886,ok,2601,0,0,192.00,460038144,604917760,114090264,95883264,18123768,2904,7449760,22132800,1341248,12221,12221,0,0,0,0,0,0,0,0,0.066,0.073,0.000,0,0,0,12221,12221,0,0
travel,57.283,1375.0,1100.796,1100.796,fly,0.874,ok,2601,0,0,192.00,460038144,604917760,114090264,95883264,18123768,2904,7449760,22132800,1341248,12221,12221,0,0,0,0,0,0,0,0,0.065,0.071,0.000,0,0,0,12221,12221,0,0
travel,57.313,1375.8,1101.306,1101.306,fly,0.906,ok,2601,0,0,192.00,460038144,604917760,114090264,95883264,18123768,2904,7449760,22132800,1341248,12221,12221,0,0,0,0,0,0,0,0,0.067,0.078,0.000,0,0,0,12221,12221,0,0
travel,57.343,1376.5,1101.820,1101.820,fly,0.859,ok,2601,0,0,192.00,460038144,604917760,114090264,95883264,18123768,2904,7449760,22132800,1341248,12221,12221,0,0,0,0,0,0,0,0,0.066,0.069,0.000,0,0,0,12221,12221,0,0
travel,57.373,1377.2,1102.330,1102.330,fly,0.853,ok,2601,0,0,192.00,460038144,604917760,114090264,95883264,18123768,2904,7449760,22132800,1341248,12221,12221,0,0,0,0,0,0,0,0,0.065,0.068,0.000,0,0,0,12221,12221,0,0
travel,57.403,1377.9,1102.844,1102.844,fly,1.010,ok,2601,0,0,192.00,460038144,604917760,114090264,95883264,18123768,2904,7449760,22132800,1341248,12221,12221,0,0,0,0,0,0,0,0,0.214,0.077,0.000,0,0,0,12221,12221,0,0
travel,57.433,1378.7,1103.356,1103.356,fly,0.865,ok,2601,0,0,192.00,460038144,604917760,114090264,95883264,18123768,2904,7449760,22132800,1341248,12221,12221,0,0,0,0,0,0,0,0,0.065,0.073,0.000,0,0,0,12221,12221,0,0
travel,57.464,1379.4,1103.870,1103.870,fly,0.869,ok,2601,0,0,192.00,460038144,604917760,114090264,95883264,18123768,2904,7449760,22132800,1341248,12221,12221,0,0,0,0,0,0,0,0,0.066,0.066,0.000,0,0,0,12221,12221,0,0
travel,57.503,1380.3,1104.533,1104.533,fly,0.860,ok,2601,0,3,192.00,460038144,604917760,114090264,95883264,18123768,2904,11174640,21976200,1396264,12322,12322,0,0,4,0,0,0,0,0,0.068,0.067,0.000,0,0,0,12322,12322,0,0
travel,57.533,1381.1,1105.055,1105.055,fly,1.004,ok,2601,0,0,192.00,460038144,604917760,114090264,95883264,18123768,2904,11174640,22132800,1396264,12322,12322,0,0,0,0,0,0,0,0,0.075,0.106,0.000,0,0,0,12322,12322,0,0
travel,57.564,1381.8,1105.575,1105.575,fly,0.881,ok,2601,0,0,192.00,460038144,604917760,114090264,95883264,18123768,2904,11174640,22132800,1396264,12322,12322,0,0,0,0,0,0,0,0,0.070,0.081,0.000,0,0,0,12322,12322,0,0
travel,57.594,1382.5,1106.086,1106.086,fly,0.947,ok,2601,0,0,192.00,460038144,604917760,114090264,95883264,18123768,2904,11174640,22132800,1396264,12322,12322,0,0,0,0,0,0,0,0,0.144,0.074,0.000,0,0,0,12322,12322,0,0
travel,57.624,1383.2,1106.599,1106.599,fly,0.858,ok,2601,0,0,192.00,460038144,604917760,114090264,95883264,18123768,2904,11174640,22132800,1396264,12322,12322,0,0,0,0,0,0,0,0,0.067,0.074,0.000,0,0,0,12322,12322,0,0
travel,57.654,1384.0,1107.111,1107.111,fly,0.858,ok,2601,0,0,192.00,460038144,604917760,114090264,95883264,18123768,2904,7449760,22132800,1396264,12322,12322,0,0,0,0,0,0,0,0,0.069,0.069,0.000,0,0,0,12322,12322,0,0
travel,57.685,1384.7,1107.638,1107.638,fly,0.947,ok,2601,0,0,192.00,460038144,604917760,114090264,95883264,18123768,2904,7449760,22132800,1396264,12322,12322,0,0,0,0,0,0,0,0,0.137,0.070,0.000,0,0,0,12322,12322,0,0
travel,57.716,1385.4,1108.153,1108.153,fly,0.862,ok,2601,0,0,192.00,460038144,604917760,114090264,95883264,18123768,2904,7449760,22132800,1396264,12322,12322,0,0,0,0,0,0,0,0,0.068,0.069,0.000,0,0,0,12322,12322,0,0
travel,57.746,1386.2,1108.672,1108.672,fly,0.857,ok,2601,0,0,192.00,460038144,604917760,114090264,95883264,18123768,2904,7449760,22132800,1396264,12322,12322,0,0,0,0,0,0,0,0,0.066,0.066,0.000,0,0,0,12322,12322,0,0
travel,57.777,1386.9,1109.190,1109.190,fly,0.956,ok,2601,0,0,192.00,460038144,604917760,114090264,95883264,18123768,2904,7449760,22132800,1396264,12322,12322,0,0,0,0,0,0,0,0,0.065,0.159,0.000,0,0,0,12322,12322,0,0
travel,57.807,1387.6,1109.708,1109.708,fly,0.873,ok,2601,0,0,192.00,460038144,604917760,114090264,95883264,18123768,2904,7449760,22132800,1396264,12322,12322,0,0,0,0,0,0,0,0,0.066,0.068,0.000,0,0,0,12322,12322,0,0
travel,57.837,1388.4,1110.224,1110.224,fly,0.861,ok,2601,0,0,192.00,460038144,604917760,114090264,95883264,18123768,2904,7449760,22132800,1396264,12322,12322,0,0,0,0,0,0,0,0,0.065,0.070,0.000,0,0,0,12322,12322,0,0
travel,57.868,1389.1,1110.737,1110.737,fly,1.071,ok,2601,0,0,192.00,460038144,604917760,114090264,95883264,18123768,2904,7449760,22132800,1396264,12322,12322,0,0,0,0,0,0,0,0,0.073,0.111,0.000,0,0,0,12322,12322,0,0
travel,57.898,1389.8,1111.249,1111.249,fly,0.857,ok,2601,0,0,192.00,460038144,604917760,114090264,95883264,18123768,2904,7449760,22132800,1396264,12322,12322,0,0,0,0,0,0,0,0,0.064,0.069,0.000,0,0,0,12322,12322,0,0
travel,57.928,1390.5,1111.763,1111.763,fly,0.960,ok,2601,0,0,192.00,460038144,604917760,114090264,95883264,18123768,2904,7449760,22132800,1396264,12322,12322,0,0,0,0,0,0,0,0,0.139,0.074,0.000,0,0,0,12322,12322,0,0
travel,57.968,1391.5,1112.436,1112.436,fly,0.862,ok,2601,0,35,192.00,460103680,604917760,114090264,95883264,18123768,2904,11174640,20306544,1444337,12423,12423,0,0,6,0,0,0,0,0,0.067,0.074,0.000,0,0,0,12423,12423,0,0
travel,57.998,1392.2,1112.955,1112.955,fly,0.983,ok,2601,0,0,192.00,460103680,604917760,114090264,95883264,18123768,2904,11174640,22132800,1450504,12423,12423,0,0,0,0,0,0,0,0,0.173,0.073,0.000,0,0,0,12423,12423,0,0
travel,58.029,1393.0,1113.473,1113.473,fly,0.859,ok,2601,0,0,192.00,460103680,604917760,114090264,95883264,18123768,2904,11174640,22132800,1450504,12423,12423,0,0,0,0,0,0,0,0,0.068,0.070,0.000,0,0,0,12423,12423,0,0
travel,58.059,1393.7,1113.987,1113.987,fly,0.886,ok,2601,0,0,192.00,460103680,604917760,114090264,95883264,18123768,2904,11174640,22132800,1450504,12423,12423,0,0,0,0,0,0,0,0,0.068,0.078,0.000,0,0,0,12423,12423,0,0
travel,58.089,1394.4,1114.500,1114.500,fly,0.863,ok,2601,0,0,192.00,460103680,604917760,114090264,95883264,18123768,2904,11174640,22132800,1450504,12423,12423,0,0,0,0,0,0,0,0,0.066,0.072,0.000,0,0,0,12423,12423,0,0
travel,58.119,1395.1,1115.012,1115.012,fly,0.908,ok,2601,0,0,192.00,460103680,604917760,114090264,95883264,18123768,2904,7449760,22132800,1450504,12423,12423,0,0,0,0,0,0,0,0,0.066,0.075,0.000,0,0,0,12423,12423,0,0
travel,58.150,1395.9,1115.534,1115.534,fly,0.985,ok,2601,0,0,192.00,460103680,604917760,114090264,95883264,18123768,2904,7449760,22132800,1450504,12423,12423,0,0,0,0,0,0,0,0,0.077,0.112,0.000,0,0,0,12423,12423,0,0
travel,58.181,1396.6,1116.056,1116.056,fly,0.888,ok,2601,0,0,192.00,460103680,604917760,114090264,95883264,18123768,2904,7449760,22132800,1450504,12423,12423,0,0,0,0,0,0,0,0,0.086,0.075,0.000,0,0,0,12423,12423,0,0
travel,58.211,1397.4,1116.578,1116.578,fly,0.855,ok,2601,0,0,192.00,460103680,604917760,114090264,95883264,18123768,2904,7449760,22132800,1450504,12423,12423,0,0,0,0,0,0,0,0,0.065,0.070,0.000,0,0,0,12423,12423,0,0
travel,58.242,1398.1,1117.102,1117.102,fly,0.871,ok,2601,0,0,192.00,460103680,604917760,114090264,95883264,18123768,2904,7449760,22132800,1450504,12423,12423,0,0,0,0,0,0,0,0,0.065,0.071,0.000,0,0,0,12423,12423,0,0
travel,58.273,1398.8,1117.625,1117.625,fly,0.964,ok,2601,0,0,192.00,460103680,604917760,114090264,95883264,18123768,2904,7449760,22132800,1450504,12423,12423,0,0,0,0,0,0,0,0,0.075,0.120,0.000,0,0,0,12423,12423,0,0
travel,58.306,1399.6,1118.195,1118.195,fly,1.003,ok,2601,0,0,192.00,460103680,604917760,114090264,95883264,18123768,2904,7449760,22132800,1450504,12423,12423,0,0,0,0,0,0,0,0,0.078,0.117,0.000,0,0,0,12423,12423,0,0
travel,58.337,1400.4,1118.712,1118.712,fly,0.889,ok,2601,0,0,192.00,460103680,604917760,114090264,95883264,18123768,2904,7449760,22132800,1450504,12423,12423,0,0,0,0,0,0,0,0,0.065,0.083,0.000,0,0,0,12423,12423,0,0
travel,58.367,1401.1,1119.225,1119.225,fly,0.851,ok,2601,0,0,192.00,460103680,604917760,114090264,95883264,18123768,2904,7449760,22132800,1450504,12423,12423,0,0,0,0,0,0,0,0,0.066,0.069,0.000,0,0,0,12423,12423,0,0
travel,58.397,1401.8,1119.740,1119.740,fly,1.013,ok,2601,0,0,192.00,460103680,604917760,114090264,95883264,18123768,2904,7449760,22132800,1450504,12423,12423,0,0,0,0,0,0,0,0,0.225,0.073,0.000,0,0,0,12423,12423,0,0
travel,58.436,1402.8,1120.404,1120.404,fly,0.996,ok,2601,0,81,192.00,460103680,604917760,114090264,95883264,18123768,2904,11174640,17906448,1265498,12524,12524,0,0,7,0,0,0,0,0,0.084,0.137,0.000,0,0,0,12524,12524,0,0
travel,58.466,1403.5,1120.916,1120.916,fly,0.861,ok,2601,0,0,192.00,460103680,604917760,114090264,95883264,18123768,2904,11174640,22132800,1281539,12524,12524,0,0,0,0,0,0,0,0,0.068,0.072,0.000,0,0,0,12524,12524,0,0
travel,58.497,1404.2,1121.433,1121.433,fly,0.863,ok,2601,0,0,192.00,460103680,604917760,114090264,95883264,18123768,2904,11174640,22132800,1281539,12524,12524,0,0,0,0,0,0,0,0,0.068,0.069,0.000,0,0,0,12524,12524,0,0
travel,58.527,1404.9,1121.948,1121.948,fly,0.972,ok,2601,0,0,192.00,460103680,604917760,114090264,95883264,18123768,2904,11174640,22132800,1281539,12524,12524,0,0,0,0,0,0,0,0,0.078,0.108,0.000,0,0,0,12524,12524,0,0
travel,58.558,1405.7,1122.469,1122.469,fly,0.862,ok,2601,0,0,192.00,460103680,604917760,114090264,95883264,18123768,2904,11174640,22132800,1281539,12524,12524,0,0,0,0,0,0,0,0,0.067,0.069,0.000,0,0,0,12524,12524,0,0
travel,58.589,1406.4,1122.991,1122.991,fly,0.890,ok,2601,0,0,192.00,460103680,604917760,114090264,95883264,18123768,2904,7449760,22132800,1281539,12524,12524,0,0,0,0,0,0,0,0,0.068,0.080,0.000,0,0,0,12524,12524,0,0
travel,58.619,1407.2,1123.507,1123.507,fly,0.850,ok,2601,0,0,192.00,460103680,604917760,114090264,95883264,18123768,2904,7449760,22132800,1281539,12524,12524,0,0,0,0,0,0,0,0,0.069,0.069,0.000,0,0,0,12524,12524,0,0
travel,58.649,1407.9,1124.022,1124.022,fly,1.077,ok,2601,0,0,192.00,460103680,604917760,114090264,95883264,18123768,2904,7449760,22132800,1281539,12524,12524,0,0,0,0,0,0,0,0,0.077,0.110,0.000,0,0,0,12524,12524,0,0
travel,58.680,1408.6,1124.541,1124.541,fly,0.864,ok,2601,0,0,192.00,460103680,604917760,114090264,95883264,18123768,2904,7449760,22132800,1281539,12524,12524,0,0,0,0,0,0,0,0,0.066,0.070,0.000,0,0,0,12524,12524,0,0
travel,58.710,1409.3,1125.052,1125.052,fly,1.286,ok,2601,0,0,192.00,460103680,604917760,114090264,95883264,18123768,2904,7449760,22132800,1281539,12524,12524,0,0,0,0,0,0,0,0,0.466,0.071,0.000,0,0,0,12524,12524,0,0
travel,58.740,1410.1,1125.569,1125.569,fly,0.863,ok,2601,0,0,192.00,460103680,604917760,114090264,95883264,18123768,2904,7449760,22132800,1281539,12524,12524,0,0,0,0,0,0,0,0,0.066,0.068,0.000,0,0,0,12524,12524,0,0
travel,58.771,1410.8,1126.086,1126.086,fly,0.890,ok,2601,0,0,192.00,460103680,604917760,114090264,95883264,18123768,2904,7449760,22132800,1281539,12524,12524,0,0,0,0,0,0,0,0,0.067,0.075,0.000,0,0,0,12524,12524,0,0
travel,58.801,1411.5,1126.605,1126.605,fly,0.864,ok,2601,0,0,192.00,460103680,604917760,114090264,95883264,18123768,2904,7449760,22132800,1281539,12524,12524,0,0,0,0,0,0,0,0,0.064,0.070,0.000,0,0,0,12524,12524,0,0
travel,58.832,1412.3,1127.124,1127.124,fly,0.854,ok,2601,0,0,192.00,460103680,604917760,114090264,95883264,18123768,2904,7449760,22132800,1281539,12524,12524,0,0,0,0,0,0,0,0,0.066,0.065,0.000,0,0,0,12524,12524,0,0
travel,58.862,1413.0,1127.645,1127.645,fly,0.870,ok,2601,0,0,192.00,460103680,604917760,114090264,95883264,18123768,2904,7449760,22132800,1281539,12524,12524,0,0,0,0,0,0,0,0,0.065,0.067,0.000,0,0,0,12524,12524,0,0
travel,58.900,1413.9,1128.294,1128.294,fly,0.926,ok,2601,0,88,192.00,460103680,604917760,114090264,95883264,18123768,2904,11174640,17541216,1319376,12625,12625,0,0,9,0,0,0,0,0,0.067,0.074,0.000,0,0,0,12625,12625,0,0
travel,58.931,1414.6,1128.807,1128.807,fly,1.051,ok,2601,0,0,192.00,460103680,604917760,114090264,95883264,18123768,2904,11174640,22132800,1337099,12625,12625,0,0,0,0,0,0,0,0,0.243,0.073,0.000,0,0,0,12625,12625,0,0
travel,58.961,1415.4,1129.328,1129.328,fly,0.897,ok,2601,0,0,192.00,460103680,604917760,114090264,95883264,18123768,2904,11174640,22132800,1337099,12625,12625,0,0,0,0,0,0,0,0,0.069,0.073,0.000,0,0,0,12625,12625,0,0
travel,58.992,1416.1,1129.842,1129.842,fly,0.961,ok,2601,0,0,192.00,460103680,604917760,114090264,95883264,18123768,2904,11174640,22132800,1337099,12625,12625,0,0,0,0,0,0,0,0,0.155,0.066,0.000,0,0,0,12625,12625,0,0
travel,59.022,1416.8,1130.353,1130.353,fly,0.858,ok,2601,0,0,192.00,460103680,604917760,114090264,95883264,18123768,2904,11174640,22132800,1337099,12625,12625,0,0,0,0,0,0,0,0,0.070,0.062,0.000,0,0,0,12625,12625,0,0
travel,59.052,1417.6,1130.865,1130.865,fly,0.898,ok,2601,0,0,192.00,460103680,604917760,114090264,95883264,18123768,2904,7449760,22132800,1337099,12625,12625,0,0,0,0,0,0,0,0,0.070,0.074,0.000,0,0,0,12625,12625,0,0
travel,59.082,1418.3,1131.377,1131.377,fly,0.862,ok,2601,0,0,192.00,460103680,604917760,114090264,95883264,18123768,2904,7449760,22132800,1337099,12625,12625,0,0,0,0,0,0,0,0,0.067,0.069,0.000,0,0,0,12625,12625,0,0
travel,59.112,1419.0,1131.894,1131.894,fly,0.861,ok,2601,0,0,192.00,460103680,604917760,114090264,95883264,18123768,2904,7449760,22132800,1337099,12625,12625,0,0,0,0,0,0,0,0,0.067,0.070,0.000,0,0,0,12625,12625,0,0
travel,59.142,1419.7,1132.408,1132.408,fly,0.865,ok,2601,0,0,192.00,460103680,604917760,114090264,95883264,18123768,2904,7449760,22132800,1337099,12625,12625,0,0,0,0,0,0,0,0,0.067,0.067,0.000,0,0,0,12625,12625,0,0
travel,59.173,1420.5,1132.925,1132.925,fly,0.972,ok,2601,0,0,192.00,460103680,604917760,114090264,95883264,18123768,2904,7449760,22132800,1337099,12625,12625,0,0,0,0,0,0,0,0,0.171,0.072,0.000,0,0,0,12625,12625,0,0
travel,59.203,1421.2,1133.436,1133.436,fly,0.861,ok,2601,0,0,192.00,460103680,604917760,114090264,95883264,18123768,2904,7449760,22132800,1337099,12625,12625,0,0,0,0,0,0,0,0,0.067,0.066,0.000,0,0,0,12625,12625,0,0
travel,59.233,1421.9,1133.953,1133.953,fly,0.943,ok,2601,0,0,192.00,460103680,604917760,114090264,95883264,18123768,2904,7449760,22132800,1337099,12625,12625,0,0,0,0,0,0,0,0,0.139,0.070,0.000,0,0,0,12625,12625,0,0
travel,59.264,1422.7,1134.469,1134.469,fly,0.900,ok,2601,0,0,192.00,460103680,604917760,114090264,95883264,18123768,2904,7449760,22132800,1337099,12625,12625,0,0,0,0,0,0,0,0,0.066,0.091,0.000,0,0,0,12625,12625,0,0
travel,59.295,1423.4,1134.996,1134.996,fly,0.866,ok,2601,0,0,192.00,460103680,604917760,114090264,95883264,18123768,2904,7449760,22132800,1337099,12625,12625,0,0,0,0,0,0,0,0,0.066,0.068,0.000,0,0,0,12625,12625,0,0
travel,59.328,1424.2,1135.563,1135.563,fly,0.878,ok,2601,0,0,192.00,460103680,604917760,114090264,95883264,18123768,2904,7449760,22132800,1337099,12625,12625,0,0,0,0,0,0,0,0,0.065,0.070,0.000,0,0,0,12625,12625,0,0
travel,59.370,1425.2,1136.267,1136.267,fly,0.938,ok,2601,0,114,192.00,460103680,604917760,114090264,95883264,18123768,2904,11174640,16184640,1368575,12726,12726,0,0,8,0,0,0,0,0,0.068,0.098,0.000,0,0,0,12726,12726,0,0
travel,59.401,1425.9,1136.797,1136.797,fly,0.864,ok,2601,0,0,192.00,460103680,604917760,114090264,95883264,18123768,2904,11174640,22132800,1389827,12726,12726,0,0,0,0,0,0,0,0,0.068,0.069,0.000,0,0,0,12726,12726,0,0
travel,59.432,1426.7,1137.331,1137.331,fly,1.174,ok,2601,0,0,192.00,460103680,604917760,114090264,95883264,18123768,2904,11174640,22132800,1389827,12726,12726,0,0,0,0,0,0,0,0,0.068,0.326,0.000,0,0,0,12726,12726,0,0
travel,59.463,1427.4,1137.853,1137.853,fly,0.865,ok,2601,0,0,192.00,460103680,604917760,114090264,95883264,18123768,2904,11174640,22132800,1389827,12726,12726,0,0,0,0,0,0,0,0,0.067,0.070,0.000,0,0,0,12726,12726,0,0
travel,59.494,1428.2,1138.376,1138.376,fly,0.871,ok,2601,0,0,192.00,460103680,604917760,114090264,95883264,18123768,2904,11174640,22132800,1389827,12726,12726,0,0,0,0,0,0,0,0,0.070,0.071,0.000,0,0,0,12726,12726,0,0
travel,59.524,1428.9,1138.896,1138.896,fly,0.871,ok,2601,0,0,192.00,460103680,604917760,114090264,95883264,18123768,2904,7449760,22132800,1389827,12726,12726,0,0,0,0,0,0,0,0,0.069,0.073,0.000,0,0,0,12726,12726,0,0
travel,59.555,1429.7,1139.417,1139.417,fly,0.876,ok,2601,0,0,192.00,460103680,604917760,114090264,95883264,18123768,2904,7449760,22132800,1389827,12726,12726,0,0,0,0,0,0,0,0,0.068,0.070,0.000,0,0,0,12726,12726,0,0
travel,59.585,1430.4,1139.932,1139.932,fly,0.900,ok,2601,0,0,192.00,460103680,604917760,114090264,95883264,18123768,2904,7449760,22132800,1389827,12726,12726,0,0,0,0,0,0,0,0,0.069,0.074,0.000,0,0,0,12726,12726,0,0
travel,59.615,1431.1,1140.444,1140.444,fly,0.877,ok,2601,0,0,192.00,460103680,604917760,114090264,95883264,18123768,2904,7449760,22132800,1389827,12726,12726,0,0,0,0,0,0,0,0,0.068,0.068,0.000,0,0,0,12726,12726,0,0
travel,59.646,1431.8,1140.961,1140.961,fly,0.858,ok,2601,0,0,192.00,460103680,604917760,114090264,95883264,18123768,2904,7449760,22132800,1389827,12726,12726,0,0,0,0,0,0,0,0,0.069,0.071,0.000,0,0,0,12726,12726,0,0
travel,59.676,1432.6,1141.473,1141.473,fly,0.899,ok,2601,0,0,192.00,460103680,604917760,114090264,95883264,18123768,2904,7449760,22132800,1389827,12726,12726,0,0,0,0,0,0,0,0,0.070,0.076,0.000,0,0,0,12726,12726,0,0
travel,59.707,1433.3,1142.005,1142.005,fly,0.951,ok,2601,0,0,192.00,460103680,604917760,114090264,95883264,18123768,2904,7449760,22132800,1389827,12726,12726,0,0,0,0,0,0,0,0,0.068,0.079,0.000,0,0,0,12726,12726,0,0
travel,59.738,1434.0,1142.525,1142.525,fly,0.862,ok,2601,0,0,192.00,460103680,604917760,114090264,95883264,18123768,2904,7449760,22132800,1389827,12726,12726,0,0,0,0,0,0,0,0,0.068,0.070,0.000,0,0,0,12726,12726,0,0
travel,59.768,1434.8,1143.039,1143.039,fly,0.867,ok,2601,0,0,192.00,460103680,604917760,114090264,95883264,18123768,2904,7449760,22132800,1389827,12726,12726,0,0,0,0,0,0,0,0,0.065,0.071,0.000,0,0,0,12726,12726,0,0
travel,59.799,1435.5,1143.560,1143.560,fly,0.876,ok,2601,0,0,192.00,460103680,604917760,114090264,95883264,18123768,2904,7449760,22132800,1389827,12726,12726,0,0,0,0,0,0,0,0,0.066,0.069,0.000,0,0,0,12726,12726,0,0
travel,59.837,1436.4,1144.214,1144.214,fly,0.904,ok,2601,0,135,192.00,460103680,604917760,114090264,95883264,18123768,2904,11174640,15141120,1414455,12827,12827,0,0,8,0,0,0,0,0,0.069,0.075,0.000,0,0,0,12827,12827,0,0
travel,59.867,1437.2,1144.728,1144.728,fly,0.861,ok,2601,0,0,192.00,460103680,604917760,114090264,95883264,18123768,2904,11174640,22132800,1444767,12827,12827,0,0,0,0,0,0,0,0,0.069,0.071,0.000,0,0,0,12827,12827,0,0
travel,59.898,1437.9,1145.245,1145.245,fly,0.893,ok,2601,0,0,192.00,460103680,604917760,114090264,95883264,18123768,2904,11174640,22132800,1444767,12827,12827,0,0,0,0,0,0,0,0,0.070,0.078,0.000,0,0,0,12827,12827,0,0
travel,59.928,1438.6,1145.761,1145.761,fly,0.864,ok,2601,0,0,192.00,460103680,604917760,114090264,95883264,18123768,2904,11174640,22132800,1444767,12827,12827,0,0,0,0,0,0,0,0,0.068,0.072,0.000,0,0,0,12827,12827,0,0
travel,59.959,1439.4,1146.281,1146.281,fly,0.947,ok,2601,0,0,192.00,460103680,604917760,114090264,95883264,18123768,2904,11174640,22132800,1444767,12827,12827,0,0,0,0,0,0,0,0,0.145,0.076,0.000,0,0,0,12827,12827,0,0
travel,59.989,1440.1,1146.796,1146.796,fly,0.859,ok,2601,0,0,192.00,460103680,604917760,114090264,95883264,18123768,2904,7449760,22132800,1444767,12827,12827,0,0,0,0,0,0,0,0,0.071,0.073,0.000,0,0,0,12827,12827,0,0
travel,60.019,1440.8,1147.309,1147.309,fly,0.872,ok,2601,0,0,192.00,460103680,604917760,114090264,95883264,18123768,2904,7449760,22132800,1444767,12827,12827,0,0,0,0,0,0,0,0,0.069,0.065,0.000,0,0,0,12827,12827,0,0
travel,60.050,1441.5,1147.828,1147.828,fly,0.890,ok,2601,0,0,192.00,460103680,604917760,114090264,95883264,18123768,2904,7449760,22132800,1444767,12827,12827,0,0,0,0,0,0,0,0,0.069,0.075,0.000,0,0,0,12827,12827,0,0
travel,60.080,1442.3,1148.348,1148.348,fly,0.865,ok,2601,0,0,192.00,460103680,604917760,114090264,95883264,18123768,2904,7449760,22132800,1444767,12827,12827,0,0,0,0,0,0,0,0,0.069,0.067,0.000,0,0,0,12827,12827,0,0
travel,60.111,1443.0,1148.865,1148.865,fly,0.906,ok,2601,0,0,192.00,460103680,604917760,114090264,95883264,18123768,2904,7449760,22132800,1444767,12827,12827,0,0,0,0,0,0,0,0,0.069,0.076,0.000,0,0,0,12827,12827,0,0
travel,60.141,1443.7,1149.379,1149.379,fly,0.860,ok,2601,0,0,192.00,460103680,604917760,114090264,95883264,18123768,2904,7449760,22132800,1444767,12827,12827,0,0,0,0,0,0,0,0,0.067,0.066,0.000,0,0,0,12827,12827,0,0
travel,60.171,1444.5,1149.889,1149.889,fly,0.886,ok,2601,0,0,192.00,460103680,604917760,114090264,95883264,18123768,2904,7449760,22132800,1444767,12827,12827,0,0,0,0,0,0,0,0,0.068,0.071,0.000,0,0,0,12827,12827,0,0
travel,60.201,1445.2,1150.405,1150.405,fly,0.849,ok,2601,0,0,192.00,460103680,604917760,114090264,95883264,18123768,2904,7449760,22132800,1444767,12827,12827,0,0,0,0,0,0,0,0,0.068,0.066,0.000,0,0,0,12827,12827,0,0
travel,60.231,1445.9,1150.916,1150.916,fly,0.889,ok,2601,0,0,192.00,460103680,604917760,114090264,95883264,18123768,2904,7449760,22132800,1444767,12827,12827,0,0,0,0,0,0,0,0,0.067,0.078,0.000,0,0,0,12827,12827,0,0
travel,60.262,1446.7,1151.441,1151.441,fly,0.871,ok,2601,0,0,192.00,460103680,604917760,114090264,95883264,18123768,2904,7449760,22132800,1444767,12827,12827,0,0,0,0,0,0,0,0,0.071,0.073,0.000,0,0,0,12827,12827,0,0
travel,60.292,1447.4,1151.953,1151.953,fly,0.859,ok,2601,0,0,192.00,460103680,604917760,114090264,95883264,18123768,2904,7449760,22132800,1444767,12827,12827,0,0,0,0,0,0,0,0,0.067,0.079,0.000,0,0,0,12827,12827,0,0
travel,60.332,1448.3,1152.624,1152.624,fly,0.864,ok,2601,0,3,192.00,460103680,604917760,114090264,95883264,18123768,2904,11174640,21976200,1279714,12928,12928,0,0,7,0,0,0,0,0,0.069,0.068,0.000,0,0,0,12928,12928,0,0
travel,60.363,1449.1,1153.148,1153.148,fly,0.869,ok,2601,0,0,192.00,460103680,604917760,114090264,95883264,18123768,2904,11174640,22132800,1279714,12928,12928,0,0,0,0,0,0,0,0,0.069,0.070,0.000,0,0,0,12928,12928,0,0
travel,60.394,1449.8,1153.673,1153.673,fly,0.927,ok,2601,0,0,192.00,460103680,604917760,114090264,95883264,18123768,2904,11174640,22132800,1279714,12928,12928,0,0,0,0,0,0,0,0,0.077,0.078,0.000,0,0,0,12928,12928,0,0
travel,60.424,1450.6,1154.196,1154.196,fly,0.940,ok,2601,0,0,192.00,460103680,604917760,114090264,95883264,18123768,2904,11174640,22132800,1279714,12928,12928,0,0,0,0,0,0,0,0,0.142,0.073,0.000,0,0,0,12928,12928,0,0
travel,60.455,1451.3,1154.717,1154.717,fly,1.149,ok,2601,0,0,192.00,460103680,604917760,114090264,95883264,18123768,2904,11174640,22132800,1279714,12928,12928,0,0,0,0,0,0,0,0,0.321,0.076,0.000,0,0,0,12928,12928,0,0
travel,60.485,1452.0,1155.234,1155.234,fly,0.896,ok,2601,0,0,192.00,460103680,604917760,114090264,95883264,18123768,2904,7449760,22132800,1279714,12928,12928,0,0,0,0,0,0,0,0,0.070,0.077,0.000,0,0,0,12928,12928,0,0
travel,60.516,1452.8,1155.755,1155.755,fly,0.866,ok,2601,0,0,192.00,460103680,604917760,114090264,95883264,18123768,2904,7449760,22132800,1279714,12928,12928,0,0,0,0,0,0,0,0,0.070,0.072,0.000,0,0,0,12928,12928,0,0
travel,60.547,1453.5,1156.279,1156.279,fly,1.217,ok,2601,0,0,192.00,460103680,604917760,114090264,95883264,18123768,2904,7449760,22132800,1279714,12928,12928,0,0,0,0,0,0,0,0,0.396,0.088,0.000,0,0,0,12928,12928,0,0
travel,60.578,1454.2,1156.801,1156.801,fly,0.844,ok,2601,0,0,192.00,460103680,604917760,114090264,95883264,18123768,2904,7449760,22132800,1279714,12928,12928,0,0,0,0,0,0,0,0,0.067,0.071,0.000,0,0,0,12928,12928,0,0
travel,60.608,1455.0,1157.317,1157.317,fly,0.924,ok,2601,0,0,192.00,460103680,604917760,114090264,95883264,18123768,2904,7449760,22132800,1279714,12928,12928,0,0,0,0,0,0,0,0,0.140,0.072,0.000,0,0,0,12928,12928,0,0
travel,60.638,1455.7,1157.830,1157.830,fly,0.870,ok,2601,0,0,192.00,460103680,604917760,114090264,95883264,18123768,2904,7449760,22132800,1279714,12928,12928,0,0,0,0,0,0,0,0,0.067,0.071,0.000,0,0,0,12928,12928,0,0
travel,60.669,1456.4,1158.354,1158.354,fly,0.866,ok,2601,0,0,192.00,460103680,604917760,114090264,95883264,18123768,2904,7449760,22132800,1279714,12928,12928,0,0,0,0,0,0,0,0,0.067,0.067,0.000,0,0,0,12928,12928,0,0
travel,60.699,1457.2,1158.870,1158.870,fly,0.942,ok,2601,0,0,192.00,460103680,604917760,114090264,95883264,18123768,2904,7449760,22132800,1279714,12928,12928,0,0,0,0,0,0,0,0,0.140,0.072,0.000,0,0,0,12928,12928,0,0
travel,60.729,1457.9,1159.381,1159.381,fly,0.859,ok,2601,0,0,192.00,460103680,604917760,114090264,95883264,18123768,2904,7449760,22132800,1279714,12928,12928,0,0,0,0,0,0,0,0,0.066,0.068,0.000,0,0,0,12928,12928,0,0
travel,60.760,1458.6,1159.901,1159.901,fly,0.864,ok,2601,0,0,192.00,460046336,604819456,114090264,95883264,18123768,2904,7449760,22132800,1279714,12928,12928,0,0,0,0,0,0,0,0,0.067,0.070,0.000,0,0,0,12928,12928,0,0
travel,60.798,1459.5,1160.547,1160.547,fly,0.861,ok,2601,0,0,192.00,460046336,604819456,114090264,95883264,18123768,2904,11174640,22132800,1334670,13029,13029,0,0,6,0,0,0,0,0,0.067,0.067,0.000,0,0,0,13029,13029,0,0
travel,60.828,1460.3,1161.061,1161.061,fly,0.986,ok,2601,0,0,192.00,460046336,604819456,114090264,95883264,18123768,2904,11174640,22132800,1334670,13029,13029,0,0,0,0,0,0,0,0,0.189,0.067,0.000,0,0,0,13029,13029,0,0
travel,60.858,1461.0,1161.577,1161.577,fly,0.863,ok,2601,0,0,192.00,460046336,604819456,114090264,95883264,18123768,2904,11174640,22132800,1334670,13029,13029,0,0,0,0,0,0,0,0,0.069,0.071,0.000,0,0,0,13029,13029,0,0
travel,60.889,1461.7,1162.093,1162.093,fly,0.907,ok,2601,0,0,192.00,460046336,604819456,114090264,95883264,18123768,2904,11174640,22132800,1334670,13029,13029,0,0,0,0,0,0,0,0,0.070,0.078,0.000,0,0,0,13029,13029,0,0
travel,60.919,1462.4,1162.607,1162.607,fly,0.887,ok,2601,0,0,192.00,460046336,604819456,114090264,95883264,18123768,2904,11174640,22132800,1334670,13029,13029,0,0,0,0,0,0,0,0,0.070,0.071,0.000,0,0,0,13029,13029,0,0
travel,60.950,1463.2,1163.125,1163.125,fly,0.855,ok,2601,0,0,192.00,460046336,604819456,114090264,95883264,18123768,2904,7449760,22132800,1334670,13029,13029,0,0,0,0,0,0,0,0,0.068,0.066,0.000,0,0,0,13029,13029,0,0
travel,60.980,1463.9,1163.645,1163.645,fly,0.860,ok,2601,0,0,192.00,460046336,604819456,114090264,95883264,18123768,2904,7449760,22132800,1334670,13029,13029,0,0,0,0,0,0,0,0,0.068,0.067,0.000,0,0,0,13029,13029,0,0
travel,61.010,1464.6,1164.159,1164.159,fly,0.883,ok,2601,0,0,192.00,460046336,604819456,114090264,95883264,18123768,2904,7449760,22132800,1334670,13029,13029,0,0,0,0,0,0,0,0,0.070,0.070,0.000,0,0,0,13029,13029,0,0
travel,61.040,1465.4,1164.671,1164.671,fly,0.854,ok,2601,0,0,192.00,460046336,604819456,114090264,95883264,18123768,2904,7449760,22132800,1334670,13029,13029,0,0,0,0,0,0,0,0,0.068,0.066,0.000,0,0,0,13029,13029,0,0
travel,61.071,1466.1,1165.186,1165.186,fly,0.866,ok,2601,0,0,192.00,460046336,604819456,114090264,95883264,18123768,2904,7449760,22132800,1334670,13029,13029,0,0,0,0,0,0,0,0,0.070,0.070,0.000,0,0,0,13029,13029,0,0
travel,61.101,1466.8,1165.700,1165.700,fly,1.339,ok,2601,0,0,192.00,460046336,604819456,114090264,95883264,18123768,2904,7449760,22132800,1334670,13029,13029,0,0,0,0,0,0,0,0,0.438,0.129,0.000,0,0,0,13029,13029,0,0
travel,61.131,1467.6,1166.218,1166.218,fly,0.915,ok,2601,0,0,192.00,460046336,604819456,114090264,95883264,18123768,2904,7449760,22132800,1334670,13029,13029,0,0,0,0,0,0,0,0,0.070,0.083,0.000,0,0,0,13029,13029,0,0
travel,61.162,1468.3,1166.730,1166.730,fly,0.933,ok,2601,0,0,192.00,460046336,604819456,114090264,95883264,18123768,2904,7449760,22132800,1334670,13029,13029,0,0,0,0,0,0,0,0,0.140,0.065,0.000,0,0,0,13029,13029,0,0
travel,61.192,1469.0,1167.246,1167.246,fly,0.860,ok,2601,0,0,192.00,460046336,604819456,114090264,95883264,18123768,2904,7449760,22132800,1334670,13029,13029,0,0,0,0,0,0,0,0,0.067,0.066,0.000,0,0,0,13029,13029,0,0
travel,61.222,1469.7,1167.756,1167.756,fly,0.868,ok,2601,0,0,192.00,460046336,604819456,114090264,95883264,18123768,2904,7449760,22132800,1334670,13029,13029,0,0,0,0,0,0,0,0,0.068,0.071,0.000,0,0,0,13029,13029,0,0
travel,61.261,1470.7,1168.424,1168.424,fly,0.883,ok,2601,0,44,192.00,460046336,604819456,114090264,95883264,18123768,2904,11174640,19836960,1382187,13130,13130,0,0,7,0,0,0,0,0,0.070,0.069,0.000,0,0,0,13130,13130,0,0
travel,61.291,1471.4,1168.938,1168.938,fly,0.864,ok,2601,0,0,192.00,460046336,604819456,114090264,95883264,18123768,2904,11174640,22132800,1390438,13130,13130,0,0,0,0,0,0,0,0,0.070,0.069,0.000,0,0,0,13130,13130,0,0
travel,61.322,1472.1,1169.455,1169.455,fly,1.200,ok,2601,0,0,192.00,460046336,604819456,114090264,95883264,18123768,2904,11174640,22132800,1390438,13130,13130,0,0,0,0,0,0,0,0,0.294,0.153,0.000,0,0,0,13130,13130,0,0
travel,61.352,1472.9,1169.973,1169.973,fly,0.886,ok,2601,0,0,192.00,460046336,604819456,114090264,95883264,18123768,2904,11174640,22132800,1390438,13130,13130,0,0,0,0,0,0,0,0,0.069,0.074,0.000,0,0,0,13130,13130,0,0
travel,61.383,1473.6,1170.487,1170.487,fly,1.029,ok,2601,0,0,192.00,460046336,604819456,114090264,95883264,18123768,2904,11174640,22132800,1390438,13130,13130,0,0,0,0,0,0,0,0,0.155,0.111,0.000,0,0,0,13130,13130,0,0
travel,61.413,1474.3,1171.005,1171.005,fly,0.933,ok,2601,0,0,192.00,460046336,604819456,114090264,95883264,18123768,2904,7449760,22132800,1390438,13130,13130,0,0,0,0,0,0,0,0,0.069,0.073,0.000,0,0,0,13130,13130,0,0
travel,61.444,1475.1,1171.527,1171.527,fly,0.975,ok,2601,0,0,192.00,460046336,604819456,114090264,95883264,18123768,2904,7449760,22132800,1390438,13130,13130,0,0,0,0,0,0,0,0,0.080,0.119,0.000,0,0,0,13130,13130,0,0
travel,61.475,1475.8,1172.051,1172.051,fly,1.003,ok,2601,0,0,192.00,460046336,604819456,114090264,95883264,18123768,2904,7449760,22132800,1390438,13130,13130,0,0,0,0,0,0,0,0,0.141,0.118,0.000,0,0,0,13130,13130,0,0
travel,61.505,1476.5,1172.570,1172.570,fly,0.976,ok,2601,0,0,192.00,460046336,604819456,114090264,95883264,18123768,2904,7449760,22132800,1390438,13130,13130,0,0,0,0,0,0,0,0,0.077,0.120,0.000,0,0,0,13130,13130,0,0
travel,61.535,1477.3,1173.085,1173.085,fly,0.862,ok,2601,0,0,192.00,460046336,604819456,114090264,95883264,18123768,2904,7449760,22132800,1390438,13130,13130,0,0,0,0,0,0,0,0,0.066,0.068,0.000,0,0,0,13130,13130,0,0
travel,61.566,1478.0,1173.606,1173.606,fly,1.217,ok,2601,0,0,192.00,460046336,604819456,114090264,95883264,18123768,2904,7449760,22132800,1390438,13130,13130,0,0,0,0,0,0,0,0,0.295,0.108,0.000,0,0,0,13130,13130,0,0
travel,61.597,1478.7,1174.133,1174.133,fly,1.077,ok,2601,0,0,192.00,460046336,604819456,114090264,95883264,18123768,2904,7449760,22132800,1390438,13130,13130,0,0,0,0,0,0,0,0,0.281,0.067,0.000,0,0,0,13130,13130,0,0
travel,61.628,1479.5,1174.659,1174.659,fly,1.000,ok,2601,0,0,192.00,460046336,604819456,114090264,95883264,18123768,2904,7449760,22132800,1390438,13130,13130,0,0,0,0,0,0,0,0,0.076,0.113,0.000,0,0,0,13130,13130,0,0
travel,61.659,1480.2,1175.186,1175.186,fly,0.917,ok,2601,0,0,192.00,460046336,604819456,114090264,95883264,18123768,2904,7449760,22132800,1390438,13130,13130,0,0,0,0,0,0,0,0,0.068,0.087,0.000,0,0,0,13130,13130,0,0
travel,61.689,1481.0,1175.700,1175.700,fly,0.891,ok,2601,0,0,192.00,460046336,604819456,114090264,95883264,18123768,2904,7449760,22132800,1390438,13130,13130,0,0,0,0,0,0,0,0,0.068,0.077,0.000,0,0,0,13130,13130,0,0
travel,61.728,1481.9,1176.349,1176.349,fly,0.870,ok,2601,0,77,192.00,460046336,604819456,114090264,95883264,18123768,2904,11174640,18115152,1430518,13231,13231,0,0,7,0,0,0,0,0,0.070,0.071,0.000,0,0,0,13231,13231,0,0
travel,61.758,1482.6,1176.864,1176.864,fly,0.886,ok,2601,0,0,192.00,460046336,604819456,114090264,95883264,18123768,2904,11174640,22132800,1445422,13231,13231,0,0,0,0,0,0,0,0,0.070,0.071,0.000,0,0,0,13231,13231,0,0
travel,61.788,1483.3,1177.385,1177.385,fly,0.953,ok,2601,0,0,192.00,460046336,604819456,114090264,95883264,18123768,2904,11174640,22132800,1445422,13231,13231,0,0,0,0,0,0,0,0,0.072,0.087,0.000,0,0,0,13231,13231,0,0
travel,61.819,1484.1,1177.900,1177.900,fly,0.871,ok,2601,0,0,192.00,460046336,604819456,114090264,95883264,18123768,2904,11174640,22132800,1445422,13231,13231,0,0,0,0,0,0,0,0,0.070,0.070,0.000,0,0,0,13231,13231,0,0
travel,61.849,1484.8,1178.416,1178.416,fly,0.863,ok,2601,0,0,192.00,460046336,604819456,114090264,95883264,18123768,2904,11174640,22132800,1445422,13231,13231,0,0,0,0,0,0,0,0,0.070,0.070,0.000,0,0,0,13231,13231,0,0
travel,61.879,1485.5,1178.929,1178.929,fly,0.875,ok,2601,0,0,192.00,460046336,604819456,114090264,95883264,18123768,2904,7449760,22132800,1445422,13231,13231,0,0,0,0,0,0,0,0,0.069,0.072,0.000,0,0,0,13231,13231,0,0
travel,61.910,1486.3,1179.455,1179.455,fly,0.913,ok,2601,0,0,192.00,460046336,604819456,114090264,95883264,18123768,2904,7449760,22132800,1445422,13231,13231,0,0,0,0,0,0,0,0,0.092,0.074,0.000,0,0,0,13231,13231,0,0
travel,61.941,1487.0,1179.979,1179.979,fly,0.859,ok,2601,0,0,192.00,460046336,604819456,114090264,95883264,18123768,2904,7449760,22132800,1445422,13231,13231,0,0,0,0,0,0,0,0,0.070,0.066,0.000,0,0,0,13231,13231,0,0
travel,61.971,1487.7,1180.492,1180.492,fly,0.861,ok,2601,0,0,192.00,460046336,604819456,114090264,95883264,18123768,2904,7449760,22132800,1445422,13231,13231,0,0,0,0,0,0,0,0,0.068,0.067,0.000,0,0,0,13231,13231,0,0
travel,62.002,1488.5,1181.017,1181.017,fly,0.894,ok,2601,0,0,192.00,460046336,604819456,114090264,95883264,18123768,2904,7449760,22132800,1445422,13231,13231,0,0,0,0,0,0,0,0,0.069,0.072,0.000,0,0,0,13231,13231,0,0
travel,62.032,1489.2,1181.528,1181.528,fly,1.046,ok,2601,0,0,192.00,460046336,604819456,114090264,95883264,18123768,2904,7449760,22132800,1445422,13231,13231,0,0,0,0,0,0,0,0,0.078,0.119,0.000,0,0,0,13231,13231,0,0
travel,62.063,1489.9,1182.052,1182.052,fly,0.863,ok,2601,0,0,192.00,460046336,604819456,114090264,95883264,18123768,2904,7449760,22132800,1445422,13231,13231,0,0,0,0,0,0,0,0,0.068,0.070,0.000,0,0,0,13231,13231,0,0
travel,62.093,1490.7,1182.570,1182.570,fly,0.886,ok,2601,0,0,192.00,460046336,604819456,114090264,95883264,18123768,2904,7449760,22132800,1445422,13231,13231,0,0,0,0,0,0,0,0,0.070,0.072,0.000,0,0,0,13231,13231,0,0
travel,62.124,1491.4,1183.086,1183.086,fly,0.866,ok,2601,0,0,192.00,460046336,604819456,114090264,95883264,18123768,2904,7449760,22132800,1445422,13231,13231,0,0,0,0,0,0,0,0,0.067,0.068,0.000,0,0,0,13231,13231,0,0
travel,62.154,1492.1,1183.600,1183.600,fly,0.859,ok,2601,0,0,192.00,460046336,604819456,114090264,95883264,18123768,2904,7449760,22132800,1445422,13231,13231,0,0,0,0,0,0,0,0,0.069,0.065,0.000,0,0,0,13231,13231,0,0
travel,62.193,1493.1,1184.258,1184.258,fly,0.907,ok,2601,0,126,192.00,460054528,604819456,114090264,95883264,18123768,2904,11174640,15558528,1472739,13332,13332,0,0,7,0,0,0,0,0,0.070,0.097,0.000,0,0,0,13332,13332,0,0
travel,62.223,1493.8,1184.774,1184.774,fly,0.875,ok,2601,0,0,192.00,460054528,604819456,114090264,95883264,18123768,2904,11174640,22132800,1277953,13332,13332,0,0,0,0,0,0,0,0,0.069,0.075,0.000,0,0,0,13332,13332,0,0
travel,62.254,1494.5,1185.291,1185.291,fly,0.865,ok,2601,0,0,192.00,460054528,604819456,114090264,95883264,18123768,2904,11174640,22132800,1277953,13332,13332,0,0,0,0,0,0,0,0,0.069,0.066,0.000,0,0,0,13332,13332,0,0
travel,62.284,1495.3,1185.808,1185.808,fly,0.868,ok,2601,0,0,192.00,460054528,604819456,114090264,95883264,18123768,2904,11174640,22132800,1277953,13332,13332,0,0,0,0,0,0,0,0,0.068,0.070,0.000,0,0,0,13332,13332,0,0
travel,62.314,1496.0,1186.320,1186.320,fly,0.905,ok,2601,0,0,192.00,460054528,604819456,114090264,95883264,18123768,2904,11174640,22132800,1277953,13332,13332,0,0,0,0,0,0,0,0,0.070,0.073,0.000,0,0,0,13332,13332,0,0
travel,62.344,1496.7,1186.835,1186.835,fly,0.877,ok,2601,0,0,192.00,460054528,604819456,114090264,95883264,18123768,2904,7449760,22132800,1277953,13332,13332,0,0,0,0,0,0,0,0,0.070,0.070,0.000,0,0,0,13332,13332,0,0
travel,62.375,1497.4,1187.349,1187.349,fly,0.867,ok,2601,0,0,192.00,460054528,604819456,114090264,95883264,18123768,2904,7449760,22132800,1277953,13332,13332,0,0,0,0,0,0,0,0,0.068,0.068,0.000,0,0,0,13332,13332,0,0
travel,62.405,1498.2,1187.863,1187.863,fly,0.870,ok,2601,0,0,192.00,460054528,604819456,114090264,95883264,18123768,2904,7449760,22132800,1277953,13332,13332,0,0,0,0,0,0,0,0,0.069,0.068,0.000,0,0,0,13332,13332,0,0
travel,62.435,1498.9,1188.378,1188.378,fly,0.914,ok,2601,0,0,192.00,460054528,604819456,114090264,95883264,18123768,2904,7449760,22132800,1277953,13332,13332,0,0,0,0,0,0,0,0,0.069,0.077,0.000,0,0,0,13332,13332,0,0
travel,62.465,1499.6,1188.894,1188.894,fly,0.864,ok,2601,0,0,192.00,460054528,604819456,114090264,95883264,18123768,2904,7449760,22132800,1277953,13332,13332,0,0,0,0,0,0,0,0,0.068,0.069,0.000,0,0,0,13332,13332,0,0
travel,62.497,1500.4,1189.428,1189.428,fly,0.861,ok,2601,0,0,192.00,460054528,604819456,114090264,95883264,18123768,2904,7449760,22132800,1277953,13332,13332,0,0,0,0,0,0,0,0,0.067,0.068,0.000,0,0,0,13332,13332,0,0
travel,62.527,1501.1,1189.942,1189.942,fly,0.887,ok,2601,0,0,192.00,460054528,604819456,114090264,95883264,18123768,2904,7449760,22132800,1277953,13332,13332,0,0,0,0,0,0,0,0,0.066,0.072,0.000,0,0,0,13332,13332,0,0
travel,62.558,1501.9,1190.469,1190.469,fly,0.872,ok,2601,0,0,192.00,460054528,604819456,114090264,95883264,18123768,2904,7449760,22132800,1277953,13332,13332,0,0,0,0,0,0,0,0,0.068,0.071,0.000,0,0,0,13332,13332,0,0
travel,62.589,1502.6,1190.991,1190.991,fly,0.913,ok,2601,0,0,192.00,460054528,604819456,114090264,95883264,18123768,2904,7449760,22132800,1277953,13332,13332,0,0,0,0,0,0,0,0,0.070,0.083,0.000,0,0,0,13332,13332,0,0
travel,62.619,1503.3,1191.511,1191.511,fly,0.861,ok,2601,0,0,192.00,460054528,604819456,114090264,95883264,18123768,2904,7449760,22132800,1277953,13332,13332,0,0,0,0,0,0,0,0,0.066,0.065,0.000,0,0,0,13332,13332,0,0
travel,62.658,1504.2,1192.158,1192.158,fly,3.673,ok,2597,4,139,192.00,460054528,604819456,113914808,95735808,18095896,2904,11174640,15141216,1301602,13429,13433,31,0,64,31,31,0,0,0,0.149,0.130,0.000,0,0,0,13429,13429,0,0
travel,62.692,1505.1,1192.745,1192.745,fly,1.036,ok,2601,0,0,192.00,460054528,604819456,114090264,95883264,18123768,2904,11174640,22132800,1333113,13433,13433,0,0,0,0,0,0,0,0,0.085,0.117,0.000,0,0,0,13433,13433,0,0
travel,62.723,1505.8,1193.274,1193.274,fly,0.876,ok,2601,0,0,192.00,460054528,604819456,114090264,95883264,18123768,2904,11174640,22132800,1333113,13433,13433,0,0,0,0,0,0,0,0,0.069,0.074,0.000,0,0,0,13433,13433,0,0
travel,62.754,1506.5,1193.791,1193.791,fly,0.941,ok,2601,0,0,192.00,460054528,604819456,114090264,95883264,18123768,2904,11174640,22132800,1333113,13433,13433,0,0,0,0,0,0,0,0,0.144,0.068,0.000,0,0,0,13433,13433,0,0
travel,62.784,1507.3,1194.315,1194.315,fly,0.993,ok,2601,0,0,192.00,460054528,604819456,114090264,95883264,18123768,2904,11174640,22132800,1333113,13433,13433,0,0,0,0,0,0,0,0,0.175,0.071,0.000,0,0,0,13433,13433,0,0
travel,62.815,1508.0,1194.834,1194.834,fly,0.888,ok,2601,0,0,192.00,460054528,604819456,114090264,95883264,18123768,2904,7449760,22132800,1333113,13433,13433,0,0,0,0,0,0,0,0,0.070,0.074,0.000,0,0,0,13433,13433,0,0
travel,62.845,1508.7,1195.347,1195.347,fly,0.888,ok,2601,0,0,192.00,460054528,604819456,114090264,95883264,18123768,2904,7449760,22132800,1333113,13433,13433,0,0,0,0,0,0,0,0,0.073,0.073,0.000,0,0,0,13433,13433,0,0
travel,62.877,1509.5,1195.881,1195.881,fly,1.018,ok,2601,0,0,192.00,460054528,604819456,114090264,95883264,18123768,2904,7449760,22132800,1333113,13433,13433,0,0,0,0,0,0,0,0,0.141,0.077,0.000,0,0,0,13433,13433,0,0
travel,62.907,1510.2,1196.404,1196.404,fly,0.863,ok,2601,0,0,192.00,460054528,604819456,114090264,95883264,18123768,2904,7449760,22132800,1333113,13433,13433,0,0,0,0,0,0,0,0,0.068,0.070,0.000,0,0,0,13433,13433,0,0
travel,62.938,1511.0,1196.918,1196.918,fly,0.865,ok,2601,0,0,192.00,460054528,604819456,114090264,95883264,18123768,2904,7449760,22132800,1333113,13433,13433,0,0,0,0,0,0,0,0,0.068,0.069,0.000,0,0,0,13433,13433,0,0
travel,62.968,1511.7,1197.433,1197.433,fly,0.911,ok,2601,0,0,192.00,460054528,604819456,114090264,95883264,18123768,2904,7449760,22132800,1333113,13433,13433,0,0,0,0,0,0,0,0,0.090,0.079,0.000,0,0,0,13433,13433,0,0
travel,62.998,1512.4,1197.946,1197.946,fly,1.011,ok,2601,0,0,192.00,460054528,604819456,114090264,95883264,18123768,2904,7449760,22132800,1333113,13433,13433,0,0,0,0,0,0,0,0,0.075,0.112,0.000,0,0,0,13433,13433,0,0
travel,63.028,1513.2,1198.462,1198.462,fly,0.971,ok,2601,0,0,192.00,460054528,604819456,114090264,95883264,18123768,2904,7449760,22132800,1333113,13433,13433,0,0,0,0,0,0,0,0,0.143,0.072,0.000,0,0,0,13433,13433,0,0
travel,63.058,1513.9,1198.973,1198.973,fly,0.876,ok,2601,0,0,192.00,460054528,604819456,114090264,95883264,18123768,2904,7449760,22132800,1333113,13433,13433,0,0,0,0,0,0,0,0,0.067,0.070,0.000,0,0,0,13433,13433,0,0
travel,63.089,1514.6,1199.493,1199.493,fly,0.907,ok,2601,0,0,192.00,460054528,604819456,114090264,95883264,18123768,2904,7449760,22132800,1333113,13433,13433,0,0,0,0,0,0,0,0,0.067,0.079,0.000,0,0,0,13433,13433,0,0
travel,63.124,1515.5,1200.095,1200.095,fly,3.573,ok,2573,28,162,192.00,460054528,604819456,112862072,94851072,17928664,2904,11174640,15141792,1349309,13506,13534,37,0,57,37,37,0,0,0,0.066,0.090,0.000,0,0,0,13506,13506,0,0
travel,63.160,1516.3,1200.693,1200.693,fly,0.931,ok,2601,0,0,192.00,460054528,604819456,114090264,95883264,18123768,2904,11174640,22132800,1389845,13534,13534,0,0,0,0,0,0,0,0,0.070,0.082,0.000,0,0,0,13534,13534,0,0
travel,63.190,1517.0,1201.211,1201.211,fly,0.904,ok,2601,0,0,192.00,460054528,604819456,114090264,95883264,18123768,2904,11174640,22132800,1389845,13534,13534,0,0,0,0,0,0,0,0,0.069,0.073,0.000,0,0,0,13534,13534,0,0
travel,63.221,1517.8,1201.731,1201.731,fly,0.867,ok,2601,0,0,192.00,460054528,604819456,114090264,95883264,18123768,2904,11174640,22132800,1389845,13534,13534,0,0,0,0,0,0,0,0,0.067,0.070,0.000,0,0,0,13534,13534,0,0
travel,63.251,1518.5,1202.248,1202.248,fly,0.864,ok,2601,0,0,192.00,460054528,604819456,114090264,95883264,18123768,2904,11174640,22132800,1389845,13534,13534,0,0,0,0,0,0,0,0,0.068,0.069,0.000,0,0,0,13534,13534,0,0
travel,63.281,1519.2,1202.762,1202.762,fly,0.869,ok,2601,0,0,192.00,460054528,604819456,114090264,95883264,18123768,2904,7449760,22132800,1389845,13534,13534,0,0,0,0,0,0,0,0,0.067,0.071,0.000,0,0,0,13534,13534,0,0
travel,63.312,1520.0,1203.280,1203.280,fly,0.963,ok,2601,0,0,192.00,460054528,604819456,114090264,95883264,18123768,2904,7449760,22132800,1389845,13534,13534,0,0,0,0,0,0,0,0,0.075,0.110,0.000,0,0,0,13534,13534,0,0
travel,63.342,1520.7,1203.794,1203.794,fly,0.857,ok,2601,0,0,192.00,460054528,604819456,114090264,95883264,18123768,2904,7449760,22132800,1389845,13534,13534,0,0,0,0,0,0,0,0,0.066,0.066,0.000,0,0,0,13534,13534,0,0
travel,63.372,1521.4,1204.307,1204.307,fly,0.884,ok,2601,0,0,192.00,460054528,604819456,114090264,95883264,18123768,2904,7449760,22132800,1389845,13534,13534,0,0,0,0,0,0,0,0,0.089,0.068,0.000,0,0,0,13534,13534,0,0
travel,63.402,1522.1,1204.818,1204.818,fly,0.866,ok,2601,0,0,192.00,460054528,604819456,114090264,95883264,18123768,2904,7449760,22132800,1389845,13534,13534,0,0,0,0,0,0,0,0,0.069,0.067,0.000,0,0,0,13534,13534,0,0
travel,63.433,1522.9,1205.332,1205.332,fly,1.052,ok,2601,0,0,192.00,460054528,604819456,114090264,95883264,18123768,2904,7449760,22132800,1389845,13534,13534,0,0,0,0,0,0,0,0,0.147,0.110,0.000,0,0,0,13534,13534,0,0
travel,63.463,1523.6,1205.846,1205.846,fly,0.863,ok,2601,0,0,192.00,460054528,604819456,114090264,95883264,18123768,2904,7449760,22132800,1389845,13534,13534,0,0,0,0,0,0,0,0,0.062,0.071,0.000,0,0,0,13534,13534,0,0
travel,63.493,1524.3,1206.362,1206.362,fly,0.864,ok,2601,0,0,192.00,460054528,604819456,114090264,95883264,18123768,2904,7449760,22132800,1389845,13534,13534,0,0,0,0,0,0,0,0,0.065,0.070,0.000,0,0,0,13534,13534,0,0
travel,63.523,1525.1,1206.875,1206.875,fly,0.886,ok,2601,0,0,192.00,460054528,604819456,114090264,95883264,18123768,2904,7449760,22132800,1389845,13534,13534,0,0,0,0,0,0,0,0,0.074,0.072,0.000,0,0,0,13534,13534,0,0
travel,63.554,1525.8,1207.391,1207.391,fly,1.016,ok,2601,0,0,192.00,460054528,604819456,114090264,95883264,18123768,2904,7449760,22132800,1389845,13534,13534,0,0,0,0,0,0,0,0,0.068,0.207,0.000,0,0,0,13534,13534,0,0
travel,63.585,1526.5,1207.915,1207.915,fly,0.868,ok,2601,0,0,192.00,460054528,604819456,114090264,95883264,18123768,2904,7449760,22132800,1389845,13534,13534,0,0,0,0,0,0,0,0,0.065,0.070,0.000,0,0,0,13534,13534,0,0
travel,63.623,1527.5,1208.576,1208.576,fly,0.912,ok,2601,0,0,192.00,460054528,604819456,114090264,95883264,18123768,2904,11174640,22132800,1445733,13635,13635,0,0,0,0,0,0,0,0,0.067,0.071,0.000,0,0,0,13635,13635,0,0
travel,63.654,1528.2,1209.091,1209.091,fly,0.872,ok,2601,0,0,192.00,460054528,604819456,114090264,95883264,18123768,2904,11174640,22132800,1445733,13635,13635,0,0,0,0,0,0,0,0,0.068,0.070,0.000,0,0,0,13635,13635,0,0
travel,63.684,1528.9,1209.606,1209.606,fly,1.177,ok,2601,0,0,192.00,460054528,604819456,114090264,95883264,18123768,2904,11174640,22132800,1445733,13635,13635,0,0,0,0,0,0,0,0,0.369,0.068,0.000,0,0,0,13635,13635,0,0
travel,63.715,1529.7,1210.135,1210.135,fly,0.870,ok,2601,0,0,192.00,460054528,604819456,114090264,95883264,18123768,2904,11174640,22132800,1445733,13635,13635,0,0,0,0,0,0,0,0,0.068,0.066,0.000,0,0,0,13635,13635,0,0
travel,63.746,1530.4,1210.658,1210.658,fly,0.880,ok,2601,0,0,192.00,460054528,604819456,114090264,95883264,18123768,2904,7449760,22132800,1445733,13635,13635,0,0,0,0,0,0,0,0,0.069,0.070,0.000,0,0,0,13635,13635,0,0
travel,63.776,1531.1,1211.177,1211.177,fly,1.029,ok,2601,0,0,192.00,460054528,604819456,114090264,95883264,18123768,2904,7449760,22132800,1445733,13635,13635,0,0,0,0,0,0,0,0,0.186,0.078,0.000,0,0,0,13635,13635,0,0
travel,63.808,1531.9,1211.709,1211.709,fly,0.888,ok,2601,0,0,192.00,460054528,604819456,114090264,95883264,18123768,2904,7449760,22132800,1445733,13635,13635,0,0,0,0,0,0,0,0,0.068,0.091,0.000,0,0,0,13635,13635,0,0
travel,63.838,1532.6,1212.230,1212.230,fly,0.851,ok,2601,0,0,192.00,460054528,604819456,114090264,95883264,18123768,2904,7449760,22132800,1445733,13635,13635,0,0,0,0,0,0,0,0,0.066,0.070,0.000,0,0,0,13635,13635,0,0
travel,63.869,1533.4,1212.754,1212.754,fly,0.863,ok,2601,0,0,192.00,460054528,604819456,114090264,95883264,18123768,2904,7449760,22132800,1445733,13635,13635,0,0,0,0,0,0,0,0,0.066,0.070,0.000,0,0,0,13635,13635,0,0
travel,63.900,1534.1,1213.283,1213.283,fly,0.869,ok,2601,0,0,192.00,460054528,604819456,114090264,95883264,18123768,2904,7449760,22132800,1445733,13635,13635,0,0,0,0,0,0,0,0,0.067,0.069,0.000,0,0,0,13635,13635,0,0
travel,63.931,1534.8,1213.802,1213.802,fly,0.874,ok,2601,0,0,192.00,460054528,604819456,114090264,95883264,18123768,2904,7449760,22132800,1445733,13635,13635,0,0,0,0,0,0,0,0,0.066,0.069,0.000,0,0,0,13635,13635,0,0
travel,63.961,1535.6,1214.316,1214.316,fly,0.866,ok,2601,0,0,192.00,460054528,604819456,114090264,95883264,18123768,2904,7449760,22132800,1445733,13635,13635,0,0,0,0,0,0,0,0,0.065,0.069,0.000,0,0,0,13635,13635,0,0
travel,63.991,1536.3,1214.829,1214.829,fly,0.861,ok,2601,0,0,192.00,460054528,604819456,114090264,95883264,18123768,2904,7449760,22132800,1445733,13635,13635,0,0,0,0,0,0,0,0,0.064,0.069,0.000,0,0,0,13635,13635,0,0
travel,64.021,1537.0,1215.342,1215.342,fly,0.869,ok,2601,0,0,192.00,460054528,604819456,114090264,95883264,18123768,2904,7449760,22132800,1445733,13635,13635,0,0,0,0,0,0,0,0,0.069,0.068,0.000,0,0,0,13635,13635,0,0
travel,64.052,1537.8,1215.859,1215.859,fly,1.021,ok,2601,0,0,192.00,460054528,604819456,114090264,95883264,18123768,2904,7449760,22132800,1445733,13635,13635,0,0,0,0,0,0,0,0,0.074,0.107,0.000,0,0,0,13635,13635,0,0
travel,64.092,1538.7,1216.538,1216.538,fly,0.944,ok,2601,0,31,192.00,460054528,604819456,114090264,95883264,18123768,2904,11174640,20515248,1270478,13736,13736,0,0,8,0,0,0,0,0,0.142,0.068,0.000,0,0,0,13736,13736,0,0
travel,64.122,1539.4,1217.053,1217.053,fly,1.207,ok,2601,0,0,192.00,460054528,604819456,114090264,95883264,18123768,2904,11174640,22132800,1276666,13736,13736,0,0,0,0,0,0,0,0,0.399,0.067,0.000,0,0,0,13736,13736,0,0
travel,64.153,1540.2,1217.574,1217.574,fly,0.892,ok,2601,0,0,192.00,460054528,604819456,114090264,95883264,18123768,2904,11174640,22132800,1276666,13736,13736,0,0,0,0,0,0,0,0,0.068,0.073,0.000,0,0,0,13736,13736,0,0
travel,64.183,1540.9,1218.091,1218.091,fly,0.945,ok,2601,0,0,192.00,460054528,604819456,114090264,95883264,18123768,2904,11174640,22132800,1276666,13736,13736,0,0,0,0,0,0,0,0,0.142,0.068,0.000,0,0,0,13736,13736,0,0
travel,64.214,1541.6,1218.609,1218.609,fly,0.873,ok,2601,0,0,192.00,460054528,604819456,114090264,95883264,18123768,2904,7449760,22132800,1276666,13736,13736,0,0,0,0,0,0,0,0,0.067,0.073,0.000,0,0,0,13736,13736,0,0
travel,64.244,1542.4,1219.126,1219.126,fly,0.874,ok,2601,0,0,192.00,460054528,604819456,114090264,95883264,18123768,2904,7449760,22132800,1276666,13736,13736,0,0,0,0,0,0,0,0,0.067,0.069,0.000,0,0,0,13736,13736,0,0
travel,64.274,1543.1,1219.639,1219.639,fly,0.868,ok,2601,0,0,192.00,460054528,604819456,114090264,95883264,18123768,2904,7449760,22132800,1276666,13736,13736,0,0,0,0,0,0,0,0,0.067,0.067,0.000,0,0,0,13736,13736,0,0
travel,64.304,1543.8,1220.151,1220.151,fly,0.873,ok,2601,0,0,192.00,460054528,604819456,114090264,95883264,18123768,2904,7449760,22132800,1276666,13736,13736,0,0,0,0,0,0,0,0,0.066,0.069,0.000,0,0,0,13736,13736,0,0
travel,64.335,1544.6,1220.675,1220.675,fly,0.892,ok,2601,0,0,192.00,460054528,604819456,114090264,95883264,18123768,2904,7449760,22132800,1276666,13736,13736,0,0,0,0,0,0,0,0,0.068,0.074,0.000,0,0,0,13736,13736,0,0
travel,64.366,1545.3,1221.193,1221.193,fly,0.881,ok,2601,0,0,192.00,460054528,604819456,114090264,95883264,18123768,2904,7449760,22132800,1276666,13736,13736,0,0,0,0,0,0,0,0,0.066,0.073,0.000,0,0,0,13736,13736,0,0
travel,64.396,1546.0,1221.713,1221.713,fly,0.870,ok,2601,0,0,192.00,460054528,604819456,114090264,95883264,18123768,2904,7449760,22132800,1276666,13736,13736,0,0,0,0,0,0,0,0,0.064,0.071,0.000,0,0,0,13736,13736,0,0
travel,64.427,1546.8,1222.234,1222.234,fly,0.900,ok,2601,0,0,192.00,460054528,604819456,114090264,95883264,18123768,2904,7449760,22132800,1276666,13736,13736,0,0,0,0,0,0,0,0,0.066,0.076,0.000,0,0,0,13736,13736,0,0
travel,64.457,1547.5,1222.750,1222.750,fly,0.873,ok,2601,0,0,192.00,460054528,604819456,114090264,95883264,18123768,2904,7449760,22132800,1276666,13736,13736,0,0,0,0,0,0,0,0,0.066,0.070,0.000,0,0,0,13736,13736,0,0
travel,64.487,1548.2,1223.261,1223.261,fly,0.977,ok,2601,0,0,192.00,460054528,604819456,114090264,95883264,18123768,2904,7449760,22132800,1276666,13736,13736,0,0,0,0,0,0,0,0,0.067,0.154,0.000,0,0,0,13736,13736,0,0
travel,64.518,1549.0,1223.786,1223.786,fly,0.883,ok,2601,0,0,192.00,460054528,604819456,114090264,95883264,18123768,2904,7449760,22132800,1276666,13736,13736,0,0,0,0,0,0,0,0,0.066,0.069,0.000,0,0,0,13736,13736,0,0
travel,64.557,1549.9,1224.439,1224.439,fly,0.911,ok,2601,0,30,192.00,460054528,604819456,114090264,95883264,18123768,2904,11174640,20567424,1325630,13837,13837,0,0,7,0,0,0,0,0,0.069,0.078,0.000,0,0,0,13837,13837,0,0
travel,64.587,1550.6,1224.951,1224.951,fly,0.875,ok,2601,0,0,192.00,460054528,604819456,114090264,95883264,18123768,2904,11174640,22132800,1331382,13837,13837,0,0,0,0,0,0,0,0,0.068,0.065,0.000,0,0,0,13837,13837,0,0
travel,64.617,1551.3,1225.464,1225.464,fly,0.880,ok,2601,0,0,192.00,460054528,604819456,114090264,95883264,18123768,2904,11174640,22132800,1331382,13837,13837,0,0,0,0,0,0,0,0,0.067,0.071,0.000,0,0,0,13837,13837,0,0
travel,64.647,1552.1,1225.979,1225.979,fly,0.860,ok,2601,0,0,192.00,460054528,604819456,114090264,95883264,18123768,2904,11174640,22132800,1331382,13837,13837,0,0,0,0,0,0,0,0,0.069,0.067,0.000,0,0,0,13837,13837,0,0
travel,64.677,1552.8,1226.494,1226.494,fly,0.913,ok,2601,0,0,192.00,460054528,604819456,114090264,95883264,18123768,2904,11174640,22132800,1331382,13837,13837,0,0,0,0,0,0,0,0,0.092,0.077,0.000,0,0,0,13837,13837,0,0
travel,64.708,1553.5,1227.011,1227.011,fly,0.951,ok,2601,0,0,192.00,460054528,604819456,114090264,95883264,18123768,2904,7449760,22132800,1331382,13837,13837,0,0,0,0,0,0,0,0,0.068,0.072,0.000,0,0,0,13837,13837,0,0
travel,64.739,1554.3,1227.535,1227.535,fly,0.871,ok,2601,0,0,192.00,460054528,604819456,114090264,95883264,18123768,2904,7449760,22132800,1331382,13837,13837,0,0,0,0,0,0,0,0,0.067,0.067,0.000,0,0,0,13837,13837,0,0
travel,64.769,1555.0,1228.055,1228.055,fly,0.892,ok,2601,0,0,192.00,460054528,604819456,114090264,95883264,18123768,2904,7449760,22132800,1331382,13837,13837,0,0,0,0,0,0,0,0,0.074,0.079,0.000,0,0,0,13837,13837,0,0
travel,64.800,1555.7,1228.573,1228.573,fly,0.884,ok,2601,0,0,192.00,460054528,604819456,114090264,95883264,18123768,2904,7449760,22132800,1331382,13837,13837,0,0,0,0,0,0,0,0,0.066,0.069,0.000,0,0,0,13837,13837,0,0
travel,64.831,1556.5,1229.100,1229.100,fly,0.934,ok,2601,0,0,192.00,460054528,604819456,114090264,95883264,18123768,2904,7449760,22132800,1331382,13837,13837,0,0,0,0,0,0,0,0,0.067,0.097,0.000,0,0,0,13837,13837,0,0
travel,64.861,1557.2,1229.621,1229.621,fly,1.161,ok,2601,0,0,192.00,460054528,604819456,114090264,95883264,18123768,2904,7449760,22132800,1331382,13837,13837,0,0,0,0,0,0,0,0,0.328,0.076,0.000,0,0,0,13837,13837,0,0
travel,64.892,1558.0,1230.146,1230.146,fly,0.863,ok,2601,0,0,192.00,460054528,604819456,114090264,95883264,18123768,2904,7449760,22132800,1331382,13837,13837,0,0,0,0,0,0,0,0,0.066,0.071,0.000,0,0,0,13837,13837,0,0
travel,64.923,1558.7,1230.672,1230.672,fly,0.865,ok,2601,0,0,192.00,460054528,604819456,114090264,95883264,18123768,2904,7449760,22132800,1331382,13837,13837,0,0,0,0,0,0,0,0,0.066,0.067,0.000,0,0,0,13837,13837,0,0
travel,64.954,1559.5,1231.200,1231.200,fly,0.888,ok,2601,0,0,192.00,460054528,604819456,114090264,95883264,18123768,2904,7449760,22132800,1331382,13837,13837,0,0,0,0,0,0,0,0,0.068,0.076,0.000,0,0,0,13837,13837,0,0
travel,64.985,1560.2,1231.714,1231.714,fly,0.947,ok,2601,0,0,192.00,460054528,604819456,114090264,95883264,18123768,2904,7449760,22132800,1331382,13837,13837,0,0,0,0,0,0,0,0,0.141,0.078,0.000,0,0,0,13837,13837,0,0
travel,65.023,1561.1,1232.372,1232.372,fly,0.868,ok,2601,0,70,192.00,460054528,604819456,114090264,95883264,18123768,2904,11174640,18480384,1371109,13938,13938,0,0,6,0,0,0,0,0,0.068,0.073,0.000,0,0,0,13938,13938,0,0
travel,65.054,1561.8,1232.891,1232.891,fly,0.886,ok,2601,0,0,192.00,460054528,604819456,114090264,95883264,18123768,2904,11174640,22132800,1383878,13938,13938,0,0,0,0,0,0,0,0,0.068,0.072,0.000,0,0,0,13938,13938,0,0
travel,65.084,1562.6,1233.404,1233.404,fly,0.865,ok,2601,0,0,192.00,460054528,604819456,114090264,95883264,18123768,2904,11174640,22132800,1383878,13938,13938,0,0,0,0,0,0,0,0,0.068,0.067,0.000,0,0,0,13938,13938,0,0
travel,65.115,1563.3,1233.927,1233.927,fly,0.888,ok,2601,0,0,192.00,460054528,604819456,114090264,95883264,18123768,2904,11174640,22132800,1383878,13938,13938,0,0,0,0,0,0,0,0,0.065,0.094,0.000,0,0,0,13938,13938,0,0
travel,65.145,1564.0,1234.443,1234.443,fly,0.861,ok,2601,0,0,192.00,460054528,604819456,114090264,95883264,18123768,2904,11174640,22132800,1383878,13938,13938,0,0,0,0,0,0,0,0,0.066,0.067,0.000,0,0,0,13938,13938,0,0
travel,65.176,1564.8,1234.961,1234.961,fly,0.871,ok,2601,0,0,192.00,460054528,604819456,114090264,95883264,18123768,2904,7449760,22132800,1383878,13938,13938,0,0,0,0,0,0,0,0,0.067,0.069,0.000,0,0,0,13938,13938,0,0
travel,65.206,1565.5,1235.479,1235.479,fly,0.953,ok,2601,0,0,192.00,460054528,604819456,114090264,95883264,18123768,2904,7449760,22132800,1383878,13938,13938,0,0,0,0,0,0,0,0,0.068,0.085,0.000,0,0,0,13938,13938,0,0
travel,65.237,1566.2,1235.997,1235.997,fly,0.861,ok,2601,0,0,192.00,460054528,604819456,114090264,95883264,18123768,2904,7449760,22132800,1383878,13938,13938,0,0,0,0,0,0,0,0,0.065,0.067,0.000,0,0,0,13938,13938,0,0
travel,65.267,1567.0,1236.510,1236.510,fly,0.874,ok,2601,0,0,192.00,460054528,604819456,114090264,95883264,18123768,2904,7449760,22132800,1383878,13938,13938,0,0,0,0,0,0,0,0,0.069,0.071,0.000,0,0,0,13938,13938,0,0
travel,65.298,1567.7,1237.034,1237.034,fly,0.872,ok,2601,0,0,192.00,460054528,604819456,114090264,95883264,18123768,2904,7449760,22132800,1383878,13938,13938,0,0,0,0,0,0,0,0,0.069,0.070,0.000,0,0,0,13938,13938,0,0
travel,65.328,1568.4,1237.545,1237.545,fly,0.874,ok,2601,0,0,192.00,460054528,604819456,114090264,95883264,18123768,2904,7449760,22132800,1383878,13938,13938,0,0,0,0,0,0,0,0,0.066,0.071,0.000,0,0,0,13938,13938,0,0
travel,65.358,1569.2,1238.059,1238.059,fly,0.944,ok,2601,0,0,192.00,460054528,604819456,114090264,95883264,18123768,2904,7449760,22132800,1383878,13938,13938,0,0,0,0,0,0,0,0,0.139,0.077,0.000,0,0,0,13938,13938,0,0
travel,65.388,1569.9,1238.573,1238.573,fly,0.860,ok,2601,0,0,192.00,460054528,604819456,114090264,95883264,18123768,2904,7449760,22132800,1383878,13938,13938,0,0,0,0,0,0,0,0,0.065,0.074,0.000,0,0,0,13938,13938,0,0
travel,65.418,1570.6,1239.089,1239.089,fly,0.876,ok,2601,0,0,192.00,460054528,604819456,114090264,95883264,18123768,2904,7449760,22132800,1383878,13938,13938,0,0,0,0,0,0,0,0,0.065,0.076,0.000,0,0,0,13938,13938,0,0
travel,65.449,1571.3,1239.603,1239.603,fly,0.876,ok,2601,0,0,192.00,460054528,604819456,114090264,95883264,18123768,2904,7449760,22132800,1383878,13938,13938,0,0,0,0,0,0,0,0,0.066,0.068,0.000,0,0,0,13938,13938,0,0
travel,65.487,1572.3,1240.261,1240.261,fly,0.879,ok,2601,0,116,192.00,460054528,604819456,114090264,95883264,18123768,2904,11174640,16080288,1414629,14039,14039,0,0,8,0,0,0,0,0,0.067,0.068,0.000,0,0,0,14039,14039,0,0
travel,65.518,1573.0,1240.776,1240.776,fly,0.977,ok,2601,0,0,192.00,460054528,604819456,114090264,95883264,18123768,2904,11174640,22132800,1439602,14039,14039,0,0,0,0,0,0,0,0,0.073,0.106,0.000,0,0,0,14039,14039,0,0
travel,65.548,1573.7,1241.292,1241.292,fly,0.882,ok,2601,0,0,192.00,460054528,604819456,114090264,95883264,18123768,2904,11174640,22132800,1439602,14039,14039,0,0,0,0,0,0,0,0,0.067,0.069,0.000,0,0,0,14039,14039,0,0
travel,65.579,1574.5,1241.812,1241.812,fly,0.864,ok,2601,0,0,192.00,460054528,604819456,114090264,95883264,18123768,2904,11174640,22132800,1439602,14039,14039,0,0,0,0,0,0,0,0,0.067,0.066,0.000,0,0,0,14039,14039,0,0
travel,65.609,1575.2,1242.336,1242.336,fly,0.866,ok,2601,0,0,192.00,460054528,604819456,114090264,95883264,18123768,2904,11174640,22132800,1439602,14039,14039,0,0,0,0,0,0,0,0,0.069,0.066,0.000,0,0,0,14039,14039,0,0
travel,65.640,1575.9,1242.850,1242.850,fly,0.882,ok,2601,0,0,192.00,460054528,604819456,114090264,95883264,18123768,2904,7449760,22132800,1439602,14039,14039,0,0,0,0,0,0,0,0,0.066,0.072,0.000,0,0,0,14039,14039,0,0
travel,65.670,1576.7,1243.373,1243.373,fly,0.903,ok,2601,0,0,192.00,460054528,604819456,114090264,95883264,18123768,2904,7449760,22132800,1439602,14039,14039,0,0,0,0,0,0,0,0,0.070,0.074,0.000,0,0,0,14039,14039,0,0
travel,65.701,1577.4,1243.897,1243.897,fly,0.873,ok,2601,0,0,192.00,460054528,604819456,114090264,95883264,18123768,2904,7449760,22132800,1439602,14039,14039,0,0,0,0,0,0,0,0,0.067,0.068,0.000,0,0,0,14039,14039,0,0
travel,65.732,1578.1,1244.412,1244.412,fly,0.869,ok,2601,0,0,192.00,460054528,604819456,114090264,95883264,18123768,2904,7449760,22132800,1439602,14039,14039,0,0,0,0,0,0,0,0,0.068,0.067,0.000,0,0,0,14039,14039,0,0
travel,65.762,1578.9,1244.935,1244.935,fly,0.887,ok,2601,0,0,192.00,460054528,604819456,114090264,95883264,18123768,2904,7449760,22132800,1439602,14039,14039,0,0,0,0,0,0,0,0,0.068,0.072,0.000,0,0,0,14039,14039,0,0
travel,65.793,1579.6,1245.452,1245.452,fly,0.945,ok,2601,0,0,192.00,460054528,604819456,114090264,95883264,18123768,2904,7449760,22132800,1439602,14039,14039,0,0,0,0,0,0,0,0,0.144,0.070,0.000,0,0,0,14039,14039,0,0
travel,65.823,1580.3,1245.966,1245.966,fly,0.869,ok,2601,0,0,192.00,460054528,604819456,114090264,95883264,18123768,2904,7449760,22132800,1439602,14039,14039,0,0,0,0,0,0,0,0,0.067,0.068,0.000,0,0,0,14039,14039,0,0
travel,65.853,1581.1,1246.478,1246.478,fly,0.989,ok,2601,0,0,192.00,460054528,604819456,114090264,95883264,18123768,2904,7449760,22132800,1439602,14039,14039,0,0,0,0,0,0,0,0,0.166,0.074,0.000,0,0,0,14039,14039,0,0
travel,65.883,1581.8,1246.989,1246.989,fly,0.916,ok,2601,0,0,192.00,460054528,604819456,114090264,95883264,18123768,2904,7449760,22132800,1439602,14039,14039,0,0,0,0,0,0,0,0,0.069,0.077,0.000,0,0,0,14039,14039,0,0
travel,65.914,1582.5,1247.520,1247.520,fly,0.869,ok,2601,0,0,192.00,460054528,604819456,114090264,95883264,18123768,2904,7449760,22132800,1439602,14039,14039,0,0,0,0,0,0,0,0,0.066,0.069,0.000,0,0,0,14039,14039,0,0
travel,65.952,1583.4,1248.160,1248.160,fly,3.849,ok,2601,0,138,192.00,460058624,604819456,114090264,95883264,18123768,2904,11174640,14932416,1463159,14140,14140,29,0,56,29,29,0,0,0,0.087,0.134,0.000,0,0,0,14140,14140,0,0
travel,65.987,1584.3,1248.761,1248.761,fly,0.890,ok,2601,0,0,192.00,460058624,604819456,114090264,95883264,18123768,2904,11174640,22132800,1267336,14140,14140,0,0,0,0,0,0,0,0,0.069,0.074,0.000,0,0,0,14140,14140,0,0
travel,66.018,1585.0,1249.278,1249.278,fly,0.988,ok,2601,0,0,192.00,460058624,604819456,114090264,95883264,18123768,2904,11174640,22132800,1267336,14140,14140,0,0,0,0,0,0,0,0,0.077,0.110,0.000,0,0,0,14140,14140,0,0
travel,66.048,1585.8,1249.797,1249.797,fly,0.919,ok,2601,0,0,192.00,460058624,604819456,114090264,95883264,18123768,2904,11174640,22132800,1267336,14140,14140,0,0,0,0,0,0,0,0,0.070,0.112,0.000,0,0,0,14140,14140,0,0
travel,66.079,1586.5,1250.320,1250.320,fly,1.011,ok,2601,0,0,192.00,460058624,604819456,114090264,95883264,18123768,2904,11174640,22132800,1267336,14140,14140,0,0,0,0,0,0,0,0,0.077,0.119,0.000,0,0,0,14140,14140,0,0
travel,66.110,1587.2,1250.844,1250.844,fly,0.867,ok,2601,0,0,192.00,460058624,604819456,114090264,95883264,18123768,2904,7449760,22132800,1267336,14140,14140,0,0,0,0,0,0,0,0,0.071,0.072,0.000,0,0,0,14140,14140,0,0
travel,66.141,1588.0,1251.365,1251.365,fly,1.194,ok,2601,0,0,192.00,460058624,604819456,114090264,95883264,18123768,2904,7449760,22132800,1267336,14140,14140,0,0,0,0,0,0,0,0,0.152,0.114,0.000,0,0,0,14140,14140,0,0
travel,66.171,1588.7,1251.882,1251.882,fly,0.871,ok,2601,0,0,192.00,460058624,604819456,114090264,95883264,18123768,2904,7449760,22132800,1267336,14140,14140,0,0,0,0,0,0,0,0,0.068,0.070,0.000,0,0,0,14140,14140,0,0
travel,66.201,1589.4,1252.392,1252.392,fly,0.860,ok,2601,0,0,192.00,460058624,604819456,114090264,95883264,18123768,2904,7449760,22132800,1267336,14140,14140,0,0,0,0,0,0,0,0,0.067,0.069,0.000,0,0,0,14140,14140,0,0
travel,66.232,1590.2,1252.916,1252.916,fly,0.888,ok,2601,0,0,192.00,460058624,604819456,114090264,95883264,18123768,2904,7449760,22132800,1267336,14140,14140,0,0,0,0,0,0,0,0,0.088,0.070,0.000,0,0,0,14140,14140,0,0
travel,66.263,1590.9,1253.449,1253.449,fly,0.921,ok,2601,0,0,192.00,460058624,604819456,114090264,95883264,18123768,2904,7449760,22132800,1267336,14140,14140,0,0,0,0,0,0,0,0,0.066,0.076,0.000,0,0,0,14140,14140,0,0
travel,66.294,1591.7,1253.968,1253.968,fly,0.881,ok,2601,0,0,192.00,460058624,604819456,114090264,95883264,18123768,2904,7449760,22132800,1267336,14140,14140,0,0,0,0,0,0,0,0,0.066,0.070,0.000,0,0,0,14140,14140,0,0
travel,66.324,1592.4,1254.489,1254.489,fly,0.874,ok,2601,0,0,192.00,460058624,604819456,114090264,95883264,18123768,2904,7449760,22132800,1267336,14140,14140,0,0,0,0,0,0,0,0,0.066,0.067,0.000,0,0,0,14140,14140,0,0
travel,66.355,1593.1,1255.006,1255.006,fly,0.909,ok,2601,0,0,192.00,460058624,604819456,114090264,95883264,18123768,2904,7449760,22132800,1267336,14140,14140,0,0,0,0,0,0,0,0,0.067,0.070,0.000,0,0,0,14140,14140,0,0
travel,66.385,1593.9,1255.525,1255.525,fly,0.873,ok,2601,0,0,192.00,460058624,604819456,114090264,95883264,18123768,2904,7449760,22132800,1267336,14140,14140,0,0,0,0,0,0,0,0,0.067,0.070,0.000,0,0,0,14140,14140,0,0
travel,66.422,1594.7,1256.147,1256.147,fly,2.740,ok,2601,0,143,192.00,460058624,604819456,114090264,95883264,18123768,2904,11174640,14671536,1289260,14241,14241,27,0,55,27,27,0,0,0,0.066,0.078,0.000,0,0,0,14241,14241,0,0
travel,66.454,1595.5,1256.694,1256.694,fly,0.877,ok,2601,0,0,192.00,460124160,604819456,114090264,95883264,18123768,2904,11174640,22132800,1322604,14241,14241,0,0,0,0,0,0,0,0,0.070,0.073,0.000,0,0,0,14241,14241,0,0
travel,66.484,1596.2,1257.205,1257.205,fly,1.464,ok,2601,0,0,192.00,460124160,604819456,114090264,95883264,18123768,2904,11174640,22132800,1322604,14241,14241,0,0,0,0,0,0,0,0,0.647,0.081,0.000,0,0,0,14241,14241,0,0
travel,66.515,1597.0,1257.727,1257.727,fly,0.870,ok,2601,0,0,192.00,460124160,604819456,114090264,95883264,18123768,2904,11174640,22132800,1322604,14241,14241,0,0,0,0,0,0,0,0,0.069,0.069,0.000,0,0,0,14241,14241,0,0
travel,66.546,1597.7,1258.249,1258.249,fly,0.875,ok,2601,0,0,192.00,460124160,604819456,114090264,95883264,18123768,2904,11174640,22132800,1322604,14241,14241,0,0,0,0,0,0,0,0,0.072,0.069,0.000,0,0,0,14241,14241,0,0
travel,66.576,1598.4,1258.763,1258.763,fly,0.986,ok,2601,0,0,192.00,460124160,604819456,114090264,95883264,18123768,2904,7449760,22132800,1322604,14241,14241,0,0,0,0,0,0,0,0,0.174,0.068,0.000,0,0,0,14241,14241,0,0
travel,66.606,1599.2,1259.275,1259.275,fly,0.947,ok,2601,0,0,192.00,460124160,604819456,114090264,95883264,18123768,2904,7449760,22132800,1322604,14241,14241,0,0,0,0,0,0,0,0,0.070,0.081,0.000,0,0,0,14241,14241,0,0
travel,66.636,1599.9,1259.792,1259.792,fly,0.877,ok,2601,0,0,192.00,460124160,604819456,114090264,95883264,18123768,2904,7449760,22132800,1322604,14241,14241,0,0,0,0,0,0,0,0,0.069,0.068,0.000,0,0,0,14241,14241,0,0
travel,66.667,1600.6,1260.311,1260.311,fly,1.283,ok,2601,0,0,192.00,460124160,604819456,114090264,95883264,18123768,2904,7449760,22132800,1322604,14241,14241,0,0,0,0,0,0,0,0,0.476,0.071,0.000,0,0,0,14241,14241,0,0
travel,66.697,1601.4,1260.831,1260.831,fly,0.880,ok,2601,0,0,192.00,460124160,604819456,114090264,95883264,18123768,2904,7449760,22132800,1322604,14241,14241,0,0,0,0,0,0,0,0,0.067,0.070,0.000,0,0,0,14241,14241,0,0
travel,66.728,1602.1,1261.354,1261.354,fly,0.872,ok,2601,0,0,192.00,460124160,604819456,114090264,95883264,18123768,2904,7449760,22132800,1322604,14241,14241,0,0,0,0,0,0,0,0,0.069,0.070,0.000,0,0,0,14241,14241,0,0
travel,66.759,1602.8,1261.870,1261.870,fly,1.564,ok,2601,0,0,192.00,460124160,604819456,114090264,95883264,18123768,2904,7449760,22132800,1322604,14241,14241,0,0,0,0,0,0,0,0,0.539,0.242,0.000,0,0,0,14241,14241,0,0
travel,66.790,1603.6,1262.397,1262.397,fly,0.872,ok,2601,0,0,192.00,460124160,604819456,114090264,95883264,18123768,2904,7449760,22132800,1322604,14241,14241,0,0,0,0,0,0,0,0,0.069,0.069,0.000,0,0,0,14241,14241,0,0
travel,66.821,1604.3,1262.924,1262.924,fly,0.894,ok,2601,0,0,192.00,460124160,604819456,114090264,95883264,18123768,2904,7449760,22132800,1322604,14241,14241,0,0,0,0,0,0,0,0,0.067,0.092,0.000,0,0,0,14241,14241,0,0
travel,66.851,1605.0,1263.440,1263.440,fly,1.018,ok,2601,0,0,192.00,460124160,604819456,114090264,95883264,18123768,2904,7449760,22132800,1322604,14241,14241,0,0,0,0,0,0,0,0,0.214,0.071,0.000,0,0,0,14241,14241,0,0
travel,66.881,1605.8,1263.950,1263.950,fly,0.864,ok,2601,0,0,192.00,460124160,604819456,114090264,95883264,18123768,2904,7449760,22132800,1322604,14241,14241,0,0,0,0,0,0,0,0,0.067,0.066,0.000,0,0,0,14241,14241,0,0
travel,66.920,1606.7,1264.619,1264.619,fly,0.863,ok,2601,0,0,192.00,460128256,604819456,114090264,95883264,18123768,2904,11174640,22132800,1377068,14342,14342,0,0,0,0,0,0,0,0,0.068,0.070,0.000,0,0,0,14342,14342,0,0
travel,66.951,1607.4,1265.132,1265.132,fly,0.969,ok,2601,0,0,192.00,460128256,604819456,114090264,95883264,18123768,2904,11174640,22132800,1377068,14342,14342,0,0,0,0,0,0,0,0,0.077,0.109,0.000,0,0,0,14342,14342,0,0
travel,66.981,1608.2,1265.653,1265.653,fly,0.871,ok,2601,0,0,192.00,460128256,604819456,114090264,95883264,18123768,2904,11174640,22132800,1377068,14342,14342,0,0,0,0,0,0,0,0,0.070,0.073,0.000,0,0,0,14342,14342,0,0
travel,67.012,1608.9,1266.176,1266.176,fly,0.869,ok,2601,0,0,192.00,460128256,604819456,114090264,95883264,18123768,2904,11174640,22132800,1377068,14342,14342,0,0,0,0,0,0,0,0,0.070,0.067,0.000,0,0,0,14342,14342,0,0
travel,67.043,1609.7,1266.706,1266.706,fly,0.887,ok,2601,0,0,192.00,460128256,604819456,114090264,95883264,18123768,2904,7449760,22132800,1377068,14342,14342,0,0,0,0,0,0,0,0,0.069,0.073,0.000,0,0,0,14342,14342,0,0
travel,67.074,1610.4,1267.239,1267.239,fly,0.882,ok,2601,0,0,192.00,460128256,604819456,114090264,95883264,18123768,2904,7449760,22132800,1377068,14342,14342,0,0,0,0,0,0,0,0,0.071,0.073,0.000,0,0,0,14342,14342,0,0
travel,67.105,1611.1,1267.754,1267.754,fly,1.069,ok,2601,0,0,192.00,460128256,604819456,114090264,95883264,18123768,2904,7449760,22132800,1377068,14342,14342,0,0,0,0,0,0,0,0,0.152,0.132,0.000,0,0,0,14342,14342,0,0
travel,67.135,1611.9,1268.271,1268.271,fly,0.874,ok,2601,0,0,192.00,460128256,604819456,114090264,95883264,18123768,2904,7449760,22132800,1377068,14342,14342,0,0,0,0,0,0,0,0,0.069,0.067,0.000,0,0,0,14342,14342,0,0
travel,67.166,1612.6,1268.788,1268.788,fly,0.878,ok,2601,0,0,192.00,460128256,604819456,114090264,95883264,18123768,2904,7449760,22132800,1377068,14342,14342,0,0,0,0,0,0,0,0,0.068,0.070,0.000,0,0,0,14342,14342,0,0
travel,67.196,1613.3,1269.303,1269.303,fly,1.243,ok,2601,0,0,192.00,460128256,604819456,114090264,95883264,18123768,2904,7449760,22132800,1377068,14342,14342,0,0,0,0,0,0,0,0,0.433,0.070,0.000,0,0,0,14342,14342,0,0
travel,67.226,1614.1,1269.819,1269.819,fly,0.883,ok,2601,0,0,192.00,460128256,604819456,114090264,95883264,18123768,2904,7449760,22132800,1377068,14342,14342,0,0,0,0,0,0,0,0,0.068,0.070,0.000,0,0,0,14342,14342,0,0
travel,67.257,1614.8,1270.343,1270.343,fly,0.878,ok,2601,0,0,192.00,460128256,604819456,114090264,95883264,18123768,2904,7449760,22132800,1377068,14342,14342,0,0,0,0,0,0,0,0,0.067,0.074,0.000,0,0,0,14342,14342,0,0
travel,67.287,1615.5,1270.856,1270.856,fly,1.240,ok,2601,0,0,192.00,460128256,604819456,114090264,95883264,18123768,2904,7449760,22132800,1377068,14342,14342,0,0,0,0,0,0,0,0,0.433,0.071,0.000,0,0,0,14342,14342,0,0
travel,67.319,1616.3,1271.389,1271.389,fly,0.866,ok,2601,0,0,192.00,460128256,604819456,114090264,95883264,18123768,2904,7449760,22132800,1377068,14342,14342,0,0,0,0,0,0,0,0,0.067,0.066,0.000,0,0,0,14342,14342,0,0
travel,67.350,1617.0,1271.914,1271.914,fly,0.896,ok,2601,0,0,192.00,460128256,604819456,114090264,95883264,18123768,2904,7449760,22132800,1377068,14342,14342,0,0,0,0,0,0,0,0,0.068,0.075,0.000,0,0,0,14342,14342,0,0
travel,67.388,1617.9,1272.563,1272.563,fly,0.872,ok,2601,0,0,192.00,460128256,604819456,114090264,95883264,18123768,2904,11174640,22132800,1432420,14443,14443,0,0,6,0,0,0,0,0,0.068,0.069,0.000,0,0,0,14443,14443,0,0
travel,67.418,1618.7,1273.077,1273.077,fly,0.895,ok,2601,0,0,192.00,460128256,604819456,114090264,95883264,18123768,2904,11174640,22132800,1432420,14443,14443,0,0,0,0,0,0,0,0,0.068,0.082,0.000,0,0,0,14443,14443,0,0
travel,67.448,1619.4,1273.595,1273.595,fly,0.868,ok,2601,0,0,192.00,460128256,604819456,114090264,95883264,18123768,2904,11174640,22132800,1432420,14443,14443,0,0,0,0,0,0,0,0,0.070,0.073,0.000,0,0,0,14443,14443,0,0
travel,67.479,1620.2,1274.119,1274.119,fly,0.914,ok,2601,0,0,192.00,460128256,604819456,114090264,95883264,18123768,2904,11174640,22132800,1432420,14443,14443,0,0,0,0,0,0,0,0,0.072,0.082,0.000,0,0,0,14443,14443,0,0
travel,67.510,1620.9,1274.649,1274.649,fly,0.883,ok,2601,0,0,192.00,460128256,604819456,114090264,95883264,18123768,2904,7449760,22132800,1432420,14443,14443,0,0,0,0,0,0,0,0,0.069,0.072,0.000,0,0,0,14443,14443,0,0
travel,67.541,1621.6,1275.164,1275.164,fly,0.906,ok,2601,0,0,192.00,460128256,604819456,114090264,95883264,18123768,2904,7449760,22132800,1432420,14443,14443,0,0,0,0,0,0,0,0,0.070,0.076,0.000,0,0,0,14443,14443,0,0
travel,67.571,1622.4,1275.682,1275.682,fly,0.878,ok,2601,0,0,192.00,460128256,604819456,114090264,95883264,18123768,2904,7449760,22132800,1432420,14443,14443,0,0,0,0,0,0,0,0,0.069,0.071,0.000,0,0,0,14443,14443,0,0
travel,67.602,1623.1,1276.199,1276.199,fly,0.938,ok,2601,0,0,192.00,460128256,604819456,114090264,95883264,18123768,2904,7449760,22132800,1432420,14443,14443,0,0,0,0,0,0,0,0,0.072,0.081,0.000,0,0,0,14443,14443,0,0
travel,67.632,1623.8,1276.724,1276.724,fly,0.861,ok,2601,0,0,192.00,460128256,604819456,114090264,95883264,18123768,2904,7449760,22132800,1432420,14443,14443,0,0,0,0,0,0,0,0,0.069,0.072,0.000,0,0,0,14443,14443,0,0
travel,67.663,1624.6,1277.251,1277.251,fly,0.853,ok,2601,0,0,192.00,460128256,604819456,114090264,95883264,18123768,2904,7449760,22132800,1432420,14443,14443,0,0,0,0,0,0,0,0,0.068,0.069,0.000,0,0,0,14443,14443,0,0
travel,67.694,1625.3,1277.776,1277.776,fly,0.871,ok,2601,0,0,192.00,460128256,604819456,114090264,95883264,18123768,2904,7449760,22132800,1432420,14443,14443,0,0,0,0,0,0,0,0,0.068,0.068,0.000,0,0,0,14443,14443,0,0
travel,67.725,1626.0,1278.290,1278.290,fly,0.970,ok,2601,0,0,192.00,460128256,604819456,114090264,95883264,18123768,2904,7449760,22132800,1432420,14443,14443,0,0,0,0,0,0,0,0,0.071,0.088,0.000,0,0,0,14443,14443,0,0
travel,67.756,1626.8,1278.816,1278.816,fly,0.944,ok,2601,0,0,192.00,460128256,604819456,114090264,95883264,18123768,2904,7449760,22132800,1432420,14443,14443,0,0,0,0,0,0,0,0,0.071,0.073,0.000,0,0,0,14443,14443,0,0
travel,67.787,1627.5,1279.348,1279.348,fly,0.903,ok,2601,0,0,192.00,460128256,604819456,114090264,95883264,18123768,2904,7449760,22132800,1432420,14443,14443,0,0,0,0,0,0,0,0,0.067,0.071,0.000,0,0,0,14443,14443,0,0
travel,67.821,1628.4,1279.936,1279.936,fly,1.375,ok,2601,0,0,192.00,460128256,604819456,114090264,95883264,18123768,2904,7449760,22132800,1432420,14443,14443,0,0,0,0,0,0,0,0,0.101,0.150,0.000,0,0,0,14443,14443,0,0
travel,67.878,1629.7,1280.901,1280.901,fly,0.967,ok,2601,0,0,192.00,460128256,604819456,114090264,95883264,18123768,2904,11174640,22132800,1260411,14544,14544,0,0,0,0,0,0,0,0,0.072,0.083,0.000,0,0,0,14544,14544,0,0
travel,67.911,1630.5,1281.454,1281.454,fly,0.899,ok,2601,0,0,192.00,460128256,604819456,114090264,95883264,18123768,2904,11174640,22132800,1260411,14544,14544,0,0,0,0,0,0,0,0,0.069,0.077,0.000,0,0,0,14544,14544,0,0
travel,67.942,1631.3,1281.982,1281.982,fly,0.983,ok,2601,0,0,192.00,460128256,604819456,114090264,95883264,18123768,2904,11174640,22132800,1260411,14544,14544,0,0,0,0,0,0,0,0,0.144,0.083,0.000,0,0,0,14544,14544,0,0
travel,67.973,1632.0,1282.504,1282.504,fly,1.065,ok,2601,0,0,192.00,460128256,604819456,114090264,95883264,18123768,2904,7449760,22132800,1260411,14544,14544,0,0,0,0,0,0,0,0,0.181,0.104,0.000,0,0,0,14544,14544,0,0
travel,68.003,1632.7,1283.025,1283.025,fly,0.860,ok,2601,0,0,192.00,460128256,604819456,114090264,95883264,18123768,2904,7449760,22132800,1260411,14544,14544,0,0,0,0,0,0,0,0,0.069,0.072,0.000,0,0,0,14544,14544,0,0
travel,68.034,1633.5,1283.552,1283.552,fly,0.951,ok,2601,0,0,192.00,460128256,604819456,114090264,95883264,18123768,2904,7449760,22132800,1260411,14544,14544,0,0,0,0,0,0,0,0,0.070,0.083,0.000,0,0,0,14544,14544,0,0
travel,68.065,1634.2,1284.072,1284.072,fly,0.874,ok,2601,0,0,192.00,460128256,604819456,114090264,95883264,18123768,2904,7449760,22132800,1260411,14544,14544,0,0,0,0,0,0,0,0,0.069,0.069,0.000,0,0,0,14544,14544,0,0
travel,68.095,1635.0,1284.591,1284.591,fly,0.889,ok,2601,0,0,192.00,460128256,604819456,114090264,95883264,18123768,2904,7449760,22132800,1260411,14544,14544,0,0,0,0,0,0,0,0,0.068,0.075,0.000,0,0,0,14544,14544,0,0
travel,68.126,1635.7,1285.109,1285.109,fly,0.908,ok,2601,0,0,192.00,460128256,604819456,114090264,95883264,18123768,2904,7449760,22132800,1260411,14544,14544,0,0,0,0,0,0,0,0,0.068,0.095,0.000,0,0,0,14544,14544,0,0
travel,68.157,1636.4,1285.629,1285.629,fly,0.871,ok,2601,0,0,192.00,460128256,604819456,114090264,95883264,18123768,2904,7449760,22132800,1260411,14544,14544,0,0,0,0,0,0,0,0,0.069,0.068,0.000,0,0,0,14544,14544,0,0
travel,68.187,1637.2,1286.152,1286.152,fly,0.880,ok,2601,0,0,192.00,460128256,604819456,114090264,95883264,18123768,2904,7449760,22132800,1260411,14544,14544,0,0,0,0,0,0,0,0,0.069,0.071,0.000,0,0,0,14544,14544,0,0
travel,68.218,1637.9,1286.674,1286.674,fly,0.849,ok,2601,0,0,192.00,460128256,604819456,114090264,95883264,18123768,2904,7449760,22132800,1260411,14544,14544,0,0,0,0,0,0,0,0,0.068,0.066,0.000,0,0,0,14544,14544,0,0
travel,68.248,1638.6,1287.191,1287.191,fly,1.011,ok,2601,0,0,192.00,460128256,604819456,114090264,95883264,18123768,2904,7449760,22132800,1260411,14544,14544,0,0,0,0,0,0,0,0,0.069,0.176,0.000,0,0,0,14544,14544,0,0
travel,68.279,1639.4,1287.707,1287.707,fly,0.870,ok,2601,0,0,192.00,460128256,604819456,114090264,95883264,18123768,2904,7449760,22132800,1260411,14544,14544,0,0,0,0,0,0,0,0,0.067,0.076,0.000,0,0,0,14544,14544,0,0
travel,68.318,1640.3,1288.370,1288.370,fly,0.915,ok,2601,0,63,192.00,460128256,604819456,114090264,95883264,18123768,2904,11174640,18845616,1303925,14645,14645,0,0,7,0,0,0,0,0,0.073,0.076,0.000,0,0,0,14645,14645,0,0
travel,68.348,1641.0,1288.884,1288.884,fly,0.985,ok,2601,0,0,192.00,460128256,604819456,114090264,95883264,18123768,2904,11174640,22132800,1316715,14645,14645,0,0,0,0,0,0,0,0,0.074,0.105,0.000,0,0,0,14645,14645,0,0
travel,68.379,1641.8,1289.411,1289.411,fly,0.885,ok,2601,0,0,192.00,460128256,604819456,114090264,95883264,18123768,2904,11174640,22132800,1316715,14645,14645,0,0,0,0,0,0,0,0,0.070,0.067,0.000,0,0,0,14645,14645,0,0
travel,68.412,1642.6,1289.972,1289.972,fly,0.877,ok,2601,0,0,192.00,460128256,604819456,114090264,95883264,18123768,2904,11174640,22132800,1316715,14645,14645,0,0,0,0,0,0,0,0,0.070,0.067,0.000,0,0,0,14645,14645,0,0
travel,68.442,1643.3,1290.490,1290.490,fly,0.866,ok,2601,0,0,192.00,460128256,604819456,114090264,95883264,18123768,2904,7449760,22132800,1316715,14645,14645,0,0,0,0,0,0,0,0,0.068,0.066,0.000,0,0,0,14645,14645,0,0
travel,68.473,1644.0,1291.012,1291.012,fly,0.933,ok,2601,0,0,192.00,460128256,604819456,114090264,95883264,18123768,2904,7449760,22132800,1316715,14645,14645,0,0,0,0,0,0,0,0,0.070,0.070,0.000,0,0,0,14645,14645,0,0
travel,68.503,1644.8,1291.526,1291.526,fly,0.892,ok,2601,0,0,192.00,460128256,604819456,114090264,95883264,18123768,2904,7449760,22132800,1316715,14645,14645,0,0,0,0,0,0,0,0,0.072,0.071,0.000,0,0,0,14645,14645,0,0
travel,68.534,1645.5,1292.042,1292.042,fly,0.876,ok,2601,0,0,192.00,460128256,604819456,114090264,95883264,18123768,2904,7449760,22132800,1316715,14645,14645,0,0,0,0,0,0,0,0,0.070,0.070,0.000,0,0,0,14645,14645,0,0
travel,68.564,1646.2,1292.563,1292.563,fly,0.866,ok,2601,0,0,192.00,460128256,604819456,114090264,95883264,18123768,2904,7449760,22132800,1316715,14645,14645,0,0,0,0,0,0,0,0,0.068,0.065,0.000,0,0,0,14645,14645,0,0
travel,68.595,1647.0,1293.078,1293.078,fly,0.925,ok,2601,0,0,192.00,460128256,604819456,114090264,95883264,18123768,2904,7449760,22132800,1316715,14645,14645,0,0,0,0,0,0,0,0,0.115,0.075,0.000,0,0,0,14645,14645,0,0
travel,68.625,1647.7,1293.592,1293.592,fly,0.878,ok,2601,0,0,192.00,460128256,604819456,114090264,95883264,18123768,2904,7449760,22132800,1316715,14645,14645,0,0,0,0,0,0,0,0,0.068,0.075,0.000,0,0,0,14645,14645,0,0
travel,68.655,1648.4,1294.110,1294.110,fly,0.869,ok,2601,0,0,192.00,460128256,604819456,114090264,95883264,18123768,2904,7449760,22132800,1316715,14645,14645,0,0,0,0,0,0,0,0,0.068,0.073,0.000,0,0,0,14645,14645,0,0
travel,68.686,1649.1,1294.625,1294.625,fly,0.880,ok,2601,0,0,192.00,460128256,604819456,114090264,95883264,18123768,2904,7449760,22132800,1316715,14645,14645,0,0,0,0,0,0,0,0,0.067,0.068,0.000,0,0,0,14645,14645,0,0
travel,68.716,1649.9,1295.138,1295.138,fly,0.897,ok,2601,0,0,192.00,460128256,604819456,114090264,95883264,18123768,2904,7449760,22132800,1316715,14645,14645,0,0,0,0,0,0,0,0,0.067,0.086,0.000,0,0,0,14645,14645,0,0
travel,68.747,1650.6,1295.665,1295.665,fly,0.926,ok,2601,0,0,192.00,460128256,604819456,114090264,95883264,18123768,2904,7449760,22132800,1316715,14645,14645,0,0,0,0,0,0,0,0,0.067,0.080,0.000,0,0,0,14645,14645,0,0
travel,68.787,1651.6,1296.344,1296.344,fly,0.914,ok,2601,0,75,192.00,460128256,604819456,114090264,95883264,18123768,2904,11174640,18219504,1356177,14746,14746,0,0,9,0,0,0,0,0,0.068,0.074,0.000,0,0,0,14746,14746,0,0
travel,68.817,1652.3,1296.861,1296.861,fly,0.877,ok,2601,0,0,192.00,460128256,604819456,114090264,95883264,18123768,2904,11174640,22132800,1372023,14746,14746,0,0,0,0,0,0,0,0,0.067,0.071,0.000,0,0,0,14746,14746,0,0
travel,68.848,1653.1,1297.392,1297.392,fly,0.904,ok,2601,0,0,192.00,460128256,604819456,114090264,95883264,18123768,2904,11174640,22132800,1372023,14746,14746,0,0,0,0,0,0,0,0,0.070,0.073,0.000,0,0,0,14746,14746,0,0
travel,68.879,1653.8,1297.906,1297.906,fly,0.880,ok,2601,0,0,192.00,460128256,604819456,114090264,95883264,18123768,2904,11174640,22132800,1372023,14746,14746,0,0,0,0,0,0,0,0,0.071,0.070,0.000,0,0,0,14746,14746,0,0
travel,68.910,1654.5,1298.439,1298.439,fly,1.008,ok,2601,0,0,192.00,460128256,604819456,114090264,95883264,18123768,2904,7449760,22132800,1372023,14746,14746,0,0,0,0,0,0,0,0,0.078,0.119,0.000,0,0,0,14746,14746,0,0
travel,68.941,1655.3,1298.956,1298.956,fly,0.887,ok,2601,0,0,192.00,460128256,604819456,114090264,95883264,18123768,2904,7449760,22132800,1372023,14746,14746,0,0,0,0,0,0,0,0,0.069,0.081,0.000,0,0,0,14746,14746,0,0
travel,68.971,1656.0,1299.481,1299.481,fly,0.905,ok,2601,0,0,192.00,460128256,604819456,114090264,95883264,18123768,2904,7449760,22132800,1372023,14746,14746,0,0,0,0,0,0,0,0,0.069,0.073,0.000,0,0,0,14746,14746,0,0
travel,69.002,1656.8,1300.002,1300.002,fly,0.934,ok,2601,0,0,192.00,460128256,604819456,114090264,95883264,18123768,2904,7449760,22132800,1372023,14746,14746,0,0,0,0,0,0,0,0,0.077,0.075,0.000,0,0,0,14746,14746,0,0
travel,69.033,1657.5,1300.521,1300.521,fly,0.866,ok,2601,0,0,192.00,460128256,604819456,114090264,95883264,18123768,2904,7449760,22132800,1372023,14746,14746,0,0,0,0,0,0,0,0,0.068,0.065,0.000,0,0,0,14746,14746,0,0
travel,69.063,1658.2,1301.046,1301.046,fly,0.869,ok,2601,0,0,192.00,460128256,604819456,114090264,95883264,18123768,2904,7449760,22132800,1372023,14746,14746,0,0,0,0,0,0,0,0,0.068,0.071,0.000,0,0,0,14746,14746,0,0
travel,69.094,1659.0,1301.570,1301.570,fly,0.866,ok,2601,0,0,192.00,460128256,604819456,114090264,95883264,18123768,2904,7449760,22132800,1372023,14746,14746,0,0,0,0,0,0,0,0,0.068,0.066,0.000,0,0,0,14746,14746,0,0
travel,69.124,1659.7,1302.084,1302.084,fly,0.884,ok,2601,0,0,192.00,460128256,604819456,114090264,95883264,18123768,2904,7449760,22132800,1372023,14746,14746,0,0,0,0,0,0,0,0,0.069,0.072,0.000,0,0,0,14746,14746,0,0
travel,69.155,1660.4,1302.607,1302.607,fly,0.862,ok,2601,0,0,192.00,460128256,604819456,114090264,95883264,18123768,2904,7449760,22132800,1372023,14746,14746,0,0,0,0,0,0,0,0,0.067,0.066,0.000,0,0,0,14746,14746,0,0
travel,69.186,1661.2,1303.131,1303.131,fly,0.990,ok,2601,0,0,192.00,460128256,604819456,114090264,95883264,18123768,2904,7449760,22132800,1372023,14746,14746,0,0,0,0,0,0,0,0,0.067,0.188,0.000,0,0,0,14746,14746,0,0
travel,69.218,1661.9,1303.672,1303.672,fly,0.850,ok,2601,0,0,192.00,460128256,604819456,114090264,95883264,18123768,2904,7449760,22132800,1372023,14746,14746,0,0,0,0,0,0,0,0,0.066,0.066,0.000,0,0,0,14746,14746,0,0
travel,69.262,1663.0,1304.420,1304.420,fly,0.900,ok,2601,0,56,192.00,460128256,604819456,114090264,95883264,18123768,2904,11174640,19263024,1416113,14847,14847,0,0,7,0,0,0,0,0,0.070,0.075,0.000,0,0,0,14847,14847,0,0
travel,69.293,1663.8,1304.949,1304.949,fly,1.009,ok,2601,0,0,192.00,460128256,604819456,114090264,95883264,18123768,2904,11174640,22132800,1426455,14847,14847,0,0,0,0,0,0,0,0,0.077,0.108,0.000,0,0,0,14847,14847,0,0
travel,69.324,1664.5,1305.477,1305.477,fly,1.092,ok,2601,0,0,192.00,460128256,604819456,114090264,95883264,18123768,2904,11174640,22132800,1426455,14847,14847,0,0,0,0,0,0,0,0,0.078,0.176,0.000,0,0,0,14847,14847,0,0
travel,69.355,1665.2,1305.994,1305.994,fly,0.880,ok,2601,0,0,192.00,460128256,604819456,114090264,95883264,18123768,2904,11174640,22132800,1426455,14847,14847,0,0,0,0,0,0,0,0,0.068,0.070,0.000,0,0,0,14847,14847,0,0
travel,69.385,1666.0,1306.518,1306.518,fly,0.881,ok,2601,0,0,192.00,460128256,604819456,114090264,95883264,18123768,2904,7449760,22132800,1426455,14847,14847,0,0,0,0,0,0,0,0,0.069,0.067,0.000,0,0,0,14847,14847,0,0
travel,69.416,1666.7,1307.041,1307.041,fly,0.876,ok,2601,0,0,192.00,460128256,604819456,114090264,95883264,18123768,2904,7449760,22132800,1426455,14847,14847,0,0,0,0,0,0,0,0,0.068,0.071,0.000,0,0,0,14847,14847,0,0
travel,69.447,1667.4,1307.560,1307.560,fly,0.933,ok,2601,0,0,192.00,460128256,604819456,114090264,95883264,18123768,2904,7449760,22132800,1426455,14847,14847,0,0,0,0,0,0,0,0,0.071,0.081,0.000,0,0,0,14847,14847,0,0
travel,69.477,1668.2,1308.077,1308.077,fly,0.868,ok,2601,0,0,192.00,460128256,604819456,114090264,95883264,18123768,2904,7449760,22132800,1426455,14847,14847,0,0,0,0,0,0,0,0,0.069,0.069,0.000,0,0,0,14847,14847,0,0
travel,69.508,1668.9,1308.594,1308.594,fly,0.866,ok,2601,0,0,192.00,460128256,604819456,114090264,95883264,18123768,2904,7449760,22132800,1426455,14847,14847,0,0,0,0,0,0,0,0,0.067,0.072,0.000,0,0,0,14847,14847,0,0
travel,69.538,1669.6,1309.106,1309.106,fly,0.976,ok,2601,0,0,192.00,460128256,604819456,114090264,95883264,18123768,2904,7449760,22132800,1426455,14847,14847,0,0,0,0,0,0,0,0,0.176,0.074,0.000,0,0,0,14847,14847,0,0
travel,69.568,1670.4,1309.620,1309.620,fly,0.865,ok,2601,0,0,192.00,460128256,604819456,114090264,95883264,18123768,2904,7449760,22132800,1426455,14847,14847,0,0,0,0,0,0,0,0,0.067,0.073,0.000,0,0,0,14847,14847,0,0
travel,69.599,1671.1,1310.143,1310.143,fly,0.858,ok,2601,0,0,192.00,460128256,604819456,114090264,95883264,18123768,2904,7449760,22132800,1426455,14847,14847,0,0,0,0,0,0,0,0,0.066,0.069,0.000,0,0,0,14847,14847,0,0
travel,69.629,1671.8,1310.659,1310.659,fly,1.173,ok,2601,0,0,192.00,460128256,604819456,114090264,95883264,18123768,2904,7449760,22132800,1426455,14847,14847,0,0,0,0,0,0,0,0,0.368,0.065,0.000,0,0,0,14847,14847,0,0
travel,69.659,1672.6,1311.176,1311.176,fly,0.873,ok,2601,0,0,192.00,460128256,604819456,114090264,95883264,18123768,2904,7449760,22132800,1426455,14847,14847,0,0,0,0,0,0,0,0,0.067,0.071,0.000,0,0,0,14847,14847,0,0
travel,69.690,1673.3,1311.700,1311.700,fly,0.997,ok,2601,0,0,192.00,460128256,604819456,114090264,95883264,18123768,2904,7449760,22132800,1426455,14847,14847,0,0,0,0,0,0,0,0,0.142,0.078,0.000,0,0,0,14847,14847,0,0
travel,69.730,1674.2,1312.371,1312.371,fly,0.872,ok,2601,0,91,192.00,460128256,604819456,114090264,95883264,18123768,2904,11174640,17384688,1245742,14948,14948,0,0,8,0,0,0,0,0,0.068,0.069,0.000,0,0,0,14948,14948,0,0
travel,69.760,1675.0,1312.889,1312.889,fly,0.874,ok,2601,0,0,192.00,460128256,604819456,114090264,95883264,18123768,2904,11174640,22132800,1264543,14948,14948,0,0,0,0,0,0,0,0,0.068,0.070,0.000,0,0,0,14948,14948,0,0
travel,69.791,1675.7,1313.409,1313.409,fly,0.898,ok,2601,0,0,192.00,460128256,604819456,114090264,95883264,18123768,2904,11174640,22132800,1264543,14948,14948,0,0,0,0,0,0,0,0,0.070,0.095,0.000,0,0,0,14948,14948,0,0
travel,69.821,1676.4,1313.927,1313.927,fly,0.877,ok,2601,0,0,192.00,460128256,604819456,114090264,95883264,18123768,2904,11174640,22132800,1264543,14948,14948,0,0,0,0,0,0,0,0,0.068,0.069,0.000,0,0,0,14948,14948,0,0
travel,69.852,1677.2,1314.450,1314.450,fly,0.870,ok,2601,0,0,192.00,460128256,604819456,114090264,95883264,18123768,2904,7449760,22132800,1264543,14948,14948,0,0,0,0,0,0,0,0,0.068,0.066,0.000,0,0,0,14948,14948,0,0
travel,69.883,1677.9,1314.979,1314.979,fly,0.877,ok,2601,0,0,192.00,460128256,604819456,114090264,95883264,18123768,2904,7449760,22132800,1264543,14948,14948,0,0,0,0,0,0,0,0,0.070,0.070,0.000,0,0,0,14948,14948,0,0
travel,69.914,1678.7,1315.497,1315.497,fly,0.872,ok,2601,0,0,192.00,460128256,604819456,114090264,95883264,18123768,2904,7449760,22132800,1264543,14948,14948,0,0,0,0,0,0,0,0,0.069,0.072,0.000,0,0,0,14948,14948,0,0
travel,69.944,1679.4,1316.018,1316.018,fly,1.275,ok,2601,0,0,192.00,460128256,604819456,114090264,95883264,18123768,2904,7449760,22132800,1264543,14948,14948,0,0,0,0,0,0,0,0,0.262,0.109,0.000,0,0,0,14948,14948,0,0
travel,69.975,1680.1,1316.535,1316.535,fly,0.872,ok,2601,0,0,192.00,460128256,604819456,114090264,95883264,18123768,2904,7449760,22132800,1264543,14948,14948,0,0,0,0,0,0,0,0,0.066,0.065,0.000,0,0,0,14948,14948,0,0
travel,70.005,1680.9,1317.053,1317.053,fly,0.874,ok,2601,0,0,192.00,460128256,604819456,114090264,95883264,18123768,2904,7449760,22132800,1264543,14948,14948,0,0,0,0,0,0,0,0,0.067,0.070,0.000,0,0,0,14948,14948,0,0
travel,70.035,1681.6,1317.568,1317.568,fly,0.883,ok,2601,0,0,192.00,460128256,604819456,114090264,95883264,18123768,2904,7449760,22132800,1264543,14948,14948,0,0,0,0,0,0,0,0,0.071,0.072,0.000,0,0,0,14948,14948,0,0
travel,70.066,1682.3,1318.079,1318.079,fly,0.976,ok,2601,0,0,192.00,460128256,604819456,114090264,95883264,18123768,2904,7449760,22132800,1264543,14948,14948,0,0,0,0,0,0,0,0,0.073,0.107,0.000,0,0,0,14948,14948,0,0
travel,70.096,1683.1,1318.604,1318.604,fly,0.866,ok,2601,0,0,192.00,460128256,604819456,114090264,95883264,18123768,2904,7449760,22132800,1264543,14948,14948,0,0,0,0,0,0,0,0,0.064,0.066,0.000,0,0,0,14948,14948,0,0
travel,70.127,1683.8,1319.123,1319.123,fly,0.880,ok,2601,0,0,192.00,460128256,604819456,114090264,95883264,18123768,2904,7449760,22132800,1264543,14948,14948,0,0,0,0,0,0,0,0,0.064,0.077,0.000,0,0,0,14948,14948,0,0
travel,70.157,1684.5,1319.642,1319.642,fly,0.867,ok,2601,0,0,192.00,460128256,604819456,114090264,95883264,18123768,2904,7449760,22132800,1264543,14948,14948,0,0,0,0,0,0,0,0,0.066,0.070,0.000,0,0,0,14948,14948,0,0
travel,70.196,1685.5,1320.298,1320.298,fly,1.251,ok,2601,0,90,192.00,460128256,604819456,114090264,95883264,18123768,2904,11174640,17436864,1301955,15049,15049,0,0,6,0,0,0,0,0,0.440,0.071,0.000,0,0,0,15049,15049,0,0
travel,70.227,1686.2,1320.820,1320.820,fly,0.859,ok,2601,0,0,192.00,460128256,604819456,114090264,95883264,18123768,2904,11174640,22132800,1320247,15049,15049,0,0,0,0,0,0,0,0,0.067,0.067,0.000,0,0,0,15049,15049,0,0
travel,70.258,1686.9,1321.343,1321.343,fly,0.904,ok,2601,0,0,192.00,460128256,604819456,114090264,95883264,18123768,2904,11174640,22132800,1320247,15049,15049,0,0,0,0,0,0,0,0,0.068,0.095,0.000,0,0,0,15049,15049,0,0
travel,70.288,1687.7,1321.862,1321.862,fly,1.380,ok,2601,0,0,192.00,460128256,604819456,114090264,95883264,18123768,2904,11174640,22132800,1320247,15049,15049,0,0,0,0,0,0,0,0,0.454,0.112,0.000,0,0,0,15049,15049,0,0
travel,70.319,1688.4,1322.394,1322.394,fly,0.893,ok,2601,0,0,192.00,460128256,604819456,114090264,95883264,18123768,2904,11174640,22132800,1320247,15049,15049,0,0,0,0,0,0,0,0,0.068,0.070,0.000,0,0,0,15049,15049,0,0
travel,70.351,1689.2,1322.927,1322.927,fly,0.910,ok,2601,0,0,192.00,460128256,604819456,114090264,95883264,18123768,2904,7449760,22132800,1320247,15049,15049,0,0,0,0,0,0,0,0,0.069,0.074,0.000,0,0,0,15049,15049,0,0
travel,70.382,1689.9,1323.455,1323.455,fly,0.977,ok,2601,0,0,192.00,460128256,604819456,114090264,95883264,18123768,2904,7449760,22132800,1320247,15049,15049,0,0,0,0,0,0,0,0,0.140,0.074,0.000,0,0,0,15049,15049,0,0
travel,70.413,1690.7,1323.979,1323.979,fly,1.400,ok,2601,0,0,192.00,460128256,604819456,114090264,95883264,18123768,2904,7449760,22132800,1320247,15049,15049,0,0,0,0,0,0,0,0,0.447,0.119,0.000,0,0,0,15049,15049,0,0
travel,70.444,1691.4,1324.514,1324.514,fly,0.887,ok,2601,0,0,192.00,460128256,604819456,114090264,95883264,18123768,2904,7449760,22132800,1320247,15049,15049,0,0,0,0,0,0,0,0,0.069,0.075,0.000,0,0,0,15049,15049,0,0
travel,70.475,1692.2,1325.033,1325.033,fly,0.868,ok,2601,0,0,192.00,460128256,604819456,114090264,95883264,18123768,2904,7449760,22132800,1320247,15049,15049,0,0,0,0,0,0,0,0,0.068,0.072,0.000,0,0,0,15049,15049,0,0
travel,70.505,1692.9,1325.550,1325.550,fly,0.870,ok,2601,0,0,192.00,460128256,604819456,114090264,95883264,18123768,2904,7449760,22132800,1320247,15049,15049,0,0,0,0,0,0,0,0,0.069,0.073,0.000,0,0,0,15049,15049,0,0
travel,70.535,1693.6,1326.065,1326.065,fly,0.884,ok,2601,0,0,192.00,460128256,604819456,114090264,95883264,18123768,2904,7449760,22132800,1320247,15049,15049,0,0,0,0,0,0,0,0,0.068,0.076,0.000,0,0,0,15049,15049,0,0
travel,70.566,1694.3,1326.583,1326.583,fly,0.880,ok,2601,0,0,192.00,460128256,604819456,114090264,95883264,18123768,2904,7449760,22132800,1320247,15049,15049,0,0,0,0,0,0,0,0,0.067,0.068,0.000,0,0,0,15049,15049,0,0
travel,70.596,1695.1,1327.095,1327.095,fly,0.954,ok,2601,0,0,192.00,460128256,604819456,114090264,95883264,18123768,2904,7449760,22132800,1320247,15049,15049,0,0,0,0,0,0,0,0,0.143,0.074,0.000,0,0,0,15049,15049,0,0
travel,70.626,1695.8,1327.612,1327.612,fly,0.865,ok,2601,0,0,192.00,460128256,604819456,114090264,95883264,18123768,2904,7449760,22132800,1320247,15049,15049,0,0,0,0,0,0,0,0,0.066,0.069,0.000,0,0,0,15049,15049,0,0
travel,70.666,1696.7,1328.277,1328.277,fly,0.885,ok,2601,0,109,192.00,460128256,604819456,114090264,95883264,18123768,2904,11174640,16445520,1353479,15150,15150,0,0,7,0,0,0,0,0,0.068,0.070,0.000,0,0,0,15150,15150,0,0
travel,70.696,1697.5,1328.798,1328.798,fly,0.974,ok,2601,0,0,192.00,460128256,604819456,114090264,95883264,18123768,2904,11174640,22132800,1374067,15150,15150,0,0,0,0,0,0,0,0,0.077,0.110,0.000,0,0,0,15150,15150,0,0
travel,70.727,1698.2,1329.317,1329.317,fly,0.875,ok,2601,0,0,192.00,460128256,604819456,114090264,95883264,18123768,2904,11174640,22132800,1374067,15150,15150,0,0,0,0,0,0,0,0,0.069,0.067,0.000,0,0,0,15150,15150,0,0
travel,70.757,1698.9,1329.836,1329.836,fly,0.868,ok,2601,0,0,192.00,460128256,604819456,114090264,95883264,18123768,2904,11174640,22132800,1374067,15150,15150,0,0,0,0,0,0,0,0,0.070,0.067,0.000,0,0,0,15150,15150,0,0
travel,70.788,1699.7,1330.355,1330.355,fly,0.866,ok,2601,0,0,192.00,460128256,604819456,114090264,95883264,18123768,2904,11174640,22132800,1374067,15150,15150,0,0,0,0,0,0,0,0,0.068,0.067,0.000,0,0,0,15150,15150,0,0
travel,70.818,1700.4,1330.870,1330.870,fly,0.878,ok,2601,0,0,192.00,460128256,604819456,114090264,95883264,18123768,2904,7449760,22132800,1374067,15150,15150,0,0,0,0,0,0,0,0,0.068,0.069,0.000,0,0,0,15150,15150,0,0
travel,70.849,1701.2,1331.395,1331.395,fly,0.881,ok,2601,0,0,192.00,460128256,604819456,114090264,95883264,18123768,2904,7449760,22132800,1374067,15150,15150,0,0,0,0,0,0,0,0,0.068,0.072,0.000,0,0,0,15150,15150,0,0
travel,70.879,1701.9,1331.911,1331.911,fly,0.877,ok,2601,0,0,192.00,460128256,604819456,114090264,95883264,18123768,2904,7449760,22132800,1374067,15150,15150,0,0,0,0,0,0,0,0,0.067,0.065,0.000,0,0,0,15150,15150,0,0
travel,70.910,1702.6,1332.435,1332.435,fly,0.882,ok,2601,0,0,192.00,460128256,604819456,114090264,95883264,18123768,2904,7449760,22132800,1374067,15150,15150,0,0,0,0,0,0,0,0,0.071,0.068,0.000,0,0,0,15150,15150,0,0
travel,70.941,1703.4,1332.956,1332.956,fly,0.887,ok,2601,0,0,192.00,460128256,604819456,114090264,95883264,18123768,2904,7449760,22132800,1374067,15150,15150,0,0,0,0,0,0,0,0,0.067,0.075,0.000,0,0,0,15150,15150,0,0
travel,70.971,1704.1,1333.470,1333.470,fly,0.863,ok,2601,0,0,192.00,460128256,604819456,114090264,95883264,18123768,2904,7449760,22132800,1374067,15150,15150,0,0,0,0,0,0,0,0,0.066,0.067,0.000,0,0,0,15150,15150,0,0
travel,71.002,1704.8,1333.988,1333.988,fly,0.862,ok,2601,0,0,192.00,460128256,604819456,114090264,95883264,18123768,2904,7449760,22132800,1374067,15150,15150,0,0,0,0,0,0,0,0,0.066,0.068,0.000,0,0,0,15150,15150,0,0
travel,71.032,1705.6,1334.506,1334.506,fly,0.869,ok,2601,0,0,192.00,460128256,604819456,114090264,95883264,18123768,2904,7449760,22132800,1374067,15150,15150,0,0,0,0,0,0,0,0,0.067,0.069,0.000,0,0,0,15150,15150,0,0
travel,71.063,1706.3,1335.029,1335.029,fly,0.886,ok,2601,0,0,192.00,460128256,604819456,114090264,95883264,18123768,2904,7449760,22132800,1374067,15150,15150,0,0,0,0,0,0,0,0,0.070,0.071,0.000,0,0,0,15150,15150,0,0
travel,71.093,1707.0,1335.551,1335.551,fly,1.021,ok,2601,0,0,192.00,460128256,604819456,114090264,95883264,18123768,2904,7449760,22132800,1374067,15150,15150,0,0,0,0,0,0,0,0,0.076,0.104,0.000,0,0,0,15150,15150,0,0
travel,71.133,1708.0,1336.222,1336.222,fly,1.211,ok,2601,0,128,192.00,460128256,604819456,114090264,95883264,18123768,2904,11174640,15454176,1400887,15251,15251,0,0,10,0,0,0,0,0,0.070,0.090,0.000,0,0,0,15251,15251,0,0
travel,71.166,1708.8,1336.789,1336.789,fly,0.880,ok,2601,0,0,192.00,460128256,604819456,114090264,95883264,18123768,2904,11174640,22132800,1429263,15251,15251,0,0,0,0,0,0,0,0,0.070,0.071,0.000,0,0,0,15251,15251,0,0
travel,71.197,1709.5,1337.302,1337.302,fly,0.910,ok,2601,0,0,192.00,460128256,604819456,114090264,95883264,18123768,2904,11174640,22132800,1429263,15251,15251,0,0,0,0,0,0,0,0,0.071,0.077,0.000,0,0,0,15251,15251,0,0
travel,71.227,1710.2,1337.820,1337.820,fly,0.866,ok,2601,0,0,192.00,460128256,604819456,114090264,95883264,18123768,2904,11174640,22132800,1429263,15251,15251,0,0,0,0,0,0,0,0,0.068,0.067,0.000,0,0,0,15251,15251,0,0
travel,71.258,1711.0,1338.343,1338.343,fly,0.906,ok,2601,0,0,192.00,460128256,604819456,114090264,95883264,18123768,2904,11174640,22132800,1429263,15251,15251,0,0,0,0,0,0,0,0,0.070,0.080,0.000,0,0,0,15251,15251,0,0
travel,71.288,1711.7,1338.860,1338.860,fly,1.156,ok,2601,0,0,192.00,460128256,604819456,114090264,95883264,18123768,2904,7449760,22132800,1429263,15251,15251,0,0,0,0,0,0,0,0,0.353,0.067,0.000,0,0,0,15251,15251,0,0
travel,71.319,1712.5,1339.385,1339.385,fly,0.937,ok,2601,0,0,192.00,460128256,604819456,114090264,95883264,18123768,2904,7449760,22132800,1429263,15251,15251,0,0,0,0,0,0,0,0,0.069,0.080,0.000,0,0,0,15251,15251,0,0
travel,71.350,1713.2,1339.906,1339.906,fly,0.866,ok,2601,0,0,192.00,460128256,604819456,114090264,95883264,18123768,2904,7449760,22132800,1429263,15251,15251,0,0,0,0,0,0,0,0,0.066,0.068,0.000,0,0,0,15251,15251,0,0
travel,71.381,1713.9,1340.435,1340.435,fly,0.922,ok,2601,0,0,192.00,460128256,604819456,114090264,95883264,18123768,2904,7449760,22132800,1429263,15251,15251,0,0,0,0,0,0,0,0,0.094,0.074,0.000,0,0,0,15251,15251,0,0
travel,71.412,1714.7,1340.959,1340.959,fly,0.857,ok,2601,0,0,192.00,460128256,604819456,114090264,95883264,18123768,2904,7449760,22132800,1429263,15251,15251,0,0,0,0,0,0,0,0,0.065,0.068,0.000,0,0,0,15251,15251,0,0
travel,71.442,1715.4,1341.482,1341.482,fly,0.869,ok,2601,0,0,192.00,460128256,604819456,114090264,95883264,18123768,2904,7449760,22132800,1429263,15251,15251,0,0,0,0,0,0,0,0,0.067,0.069,0.000,0,0,0,15251,15251,0,0
travel,71.473,1716.2,1342.008,1342.008,fly,1.097,ok,2601,0,0,192.00,460128256,604819456,114090264,95883264,18123768,2904,7449760,22132800,1429263,15251,15251,0,0,0,0,0,0,0,0,0.209,0.073,0.000,0,0,0,15251,15251,0,0
travel,71.504,1716.9,1342.532,1342.532,fly,0.878,ok,2601,0,0,192.00,460128256,604819456,114090264,95883264,18123768,2904,7449760,22132800,1429263,15251,15251,0,0,0,0,0,0,0,0,0.066,0.073,0.000,0,0,0,15251,15251,0,0
travel,71.535,1717.6,1343.056,1343.056,fly,0.914,ok,2601,0,0,192.00,460128256,604819456,114090264,95883264,18123768,2904,7449760,22132800,1429263,15251,15251,0,0,0,0,0,0,0,0,0.066,0.079,0.000,0,0,0,15251,15251,0,0
travel,71.566,1718.4,1343.579,1343.579,fly,0.974,ok,2601,0,0,192.00,460128256,604819456,114090264,95883264,18123768,2904,7449760,22132800,1429263,15251,15251,0,0,0,0,0,0,0,0,0.070,0.084,0.000,0,0,0,15251,15251,0,0
travel,71.605,1719.3,1344.239,1344.239,fly,0.899,ok,2601,0,127,192.00,460132352,604819456,114090264,95883264,18123768,2904,11174640,15506352,1456852,15352,15352,0,0,5,0,0,0,0,0,0.070,0.073,0.000,0,0,0,15352,15352,0,0
travel,71.636,1720.1,1344.766,1344.766,fly,1.176,ok,2601,0,0,192.00,460132352,604819456,114090264,95883264,18123768,2904,11174640,22132800,1265816,15352,15352,0,0,0,0,0,0,0,0,0.207,0.112,0.000,0,0,0,15352,15352,0,0
travel,71.666,1720.8,1345.284,1345.284,fly,0.872,ok,2601,0,0,192.00,460132352,604819456,114090264,95883264,18123768,2904,11174640,22132800,1265816,15352,15352,0,0,0,0,0,0,0,0,0.068,0.068,0.000,0,0,0,15352,15352,0,0
travel,71.696,1721.5,1345.799,1345.799,fly,0.908,ok,2601,0,0,192.00,460132352,604819456,114090264,95883264,18123768,2904,11174640,22132800,1265816,15352,15352,0,0,0,0,0,0,0,0,0.067,0.069,0.000,0,0,0,15352,15352,0,0
travel,71.727,1722.2,1346.314,1346.314,fly,0.913,ok,2601,0,0,192.00,460132352,604819456,114090264,95883264,18123768,2904,11174640,22132800,1265816,15352,15352,0,0,0,0,0,0,0,0,0.069,0.074,0.000,0,0,0,15352,15352,0,0
travel,71.757,1723.0,1346.829,1346.829,fly,0.909,ok,2601,0,0,192.00,460132352,604819456,114090264,95883264,18123768,2904,7449760,22132800,1265816,15352,15352,0,0,0,0,0,0,0,0,0.069,0.080,0.000,0,0,0,15352,15352,0,0
travel,71.787,1723.7,1347.343,1347.343,fly,0.890,ok,2601,0,0,192.00,460132352,604819456,114090264,95883264,18123768,2904,7449760,22132800,1265816,15352,15352,0,0,0,0,0,0,0,0,0.071,0.074,0.000,0,0,0,15352,15352,0,0
travel,71.818,1724.4,1347.864,1347.864,fly,0.874,ok,2601,0,0,192.00,460132352,604819456,114090264,95883264,18123768,2904,7449760,22132800,1265816,15352,15352,0,0,0,0,0,0,0,0,0.067,0.071,0.000,0,0,0,15352,15352,0,0
travel,71.848,1725.2,1348.374,1348.374,fly,0.947,ok,2601,0,0,192.00,460132352,604819456,114090264,95883264,18123768,2904,7449760,22132800,1265816,15352,15352,0,0,0,0,0,0,0,0,0.071,0.080,0.000,0,0,0,15352,15352,0,0
travel,71.878,1725.9,1348.891,1348.891,fly,0.983,ok,2601,0,0,192.00,460132352,604819456,114090264,95883264,18123768,2904,7449760,22132800,1265816,15352,15352,0,0,0,0,0,0,0,0,0.069,0.086,0.000,0,0,0,15352,15352,0,0
travel,71.909,1726.6,1349.412,1349.412,fly,0.891,ok,2601,0,0,192.00,460132352,604819456,114090264,95883264,18123768,2904,7449760,22132800,1265816,15352,15352,0,0,0,0,0,0,0,0,0.068,0.071,0.000,0,0,0,15352,15352,0,0
travel,71.939,1727.4,1349.922,1349.922,fly,0.870,ok,2601,0,0,192.00,460132352,604819456,114090264,95883264,18123768,2904,7449760,22132800,1265816,15352,15352,0,0,0,0,0,0,0,0,0.067,0.070,0.000,0,0,0,15352,15352,0,0
travel,71.969,1728.1,1350.440,1350.440,fly,0.858,ok,2601,0,0,192.00,460132352,604819456,114090264,95883264,18123768,2904,7449760,22132800,1265816,15352,15352,0,0,0,0,0,0,0,0,0.067,0.072,0.000,0,0,0,15352,15352,0,0
travel,72.000,1728.8,1350.961,1350.961,fly,1.140,ok,2601,0,0,192.00,460132352,604819456,114090264,95883264,18123768,2904,7449760,22132800,1265816,15352,15352,0,0,0,0,0,0,0,0,0.288,0.078,0.000,0,0,0,15352,15352,0,0
travel,72.031,1729.6,1351.480,1351.480,fly,0.860,ok,2601,0,0,192.00,460132352,604819456,114090264,95883264,18123768,2904,7449760,22132800,1265816,15352,15352,0,0,0,0,0,0,0,0,0.065,0.065,0.000,0,0,0,15352,15352,0,0
travel,72.061,1730.3,1351.996,1351.996,fly,0.935,ok,2601,0,0,192.00,460132352,604819456,114090264,95883264,18123768,2904,7449760,22132800,1265816,15352,15352,0,0,0,0,0,0,0,0,0.139,0.065,0.000,0,0,0,15352,15352,0,0
travel,72.099,1731.2,1352.645,1352.645,fly,0.864,ok,2601,0,0,192.00,460132352,604819456,114090264,95883264,18123768,2904,11174640,22132800,1321940,15453,15453,0,0,0,0,0,0,0,0,0.065,0.069,0.000,0,0,0,15453,15453,0,0
travel,72.130,1731.9,1353.171,1353.171,fly,0.866,ok,2601,0,0,192.00,460132352,604819456,114090264,95883264,18123768,2904,11174640,22132800,1321940,15453,15453,0,0,0,0,0,0,0,0,0.066,0.069,0.000,0,0,0,15453,15453,0,0
travel,72.160,1732.7,1353.682,1353.682,fly,0.877,ok,2601,0,0,192.00,460132352,604819456,114090264,95883264,18123768,2904,11174640,22132800,1321940,15453,15453,0,0,0,0,0,0,0,0,0.067,0.067,0.000,0,0,0,15453,15453,0,0
travel,72.191,1733.4,1354.200,1354.200,fly,0.878,ok,2601,0,0,192.00,460132352,604819456,114090264,95883264,18123768,2904,11174640,22132800,1321940,15453,15453,0,0,0,0,0,0,0,0,0.067,0.073,0.000,0,0,0,15453,15453,0,0
travel,72.221,1734.1,1354.717,1354.717,fly,0.864,ok,2601,0,0,192.00,460132352,604819456,114090264,95883264,18123768,2904,7449760,22132800,1321940,15453,15453,0,0,0,0,0,0,0,0,0.067,0.066,0.000,0,0,0,15453,15453,0,0
travel,72.252,1734.9,1355.238,1355.238,fly,0.865,ok,2601,0,0,192.00,460132352,604819456,114090264,95883264,18123768,2904,7449760,22132800,1321940,15453,15453,0,0,0,0,0,0,0,0,0.067,0.067,0.000,0,0,0,15453,15453,0,0
travel,72.282,1735.6,1355.753,1355.753,fly,0.879,ok,2601,0,0,192.00,460132352,604819456,114090264,95883264,18123768,2904,7449760,22132800,1321940,15453,15453,0,0,0,0,0,0,0,0,0.067,0.068,0.000,0,0,0,15453,15453,0,0
travel,72.312,1736.3,1356.264,1356.264,fly,1.095,ok,2601,0,0,192.00,460132352,604819456,114090264,95883264,18123768,2904,7449760,22132800,1321940,15453,15453,0,0,0,0,0,0,0,0,0.282,0.075,0.000,0,0,0,15453,15453,0,0
travel,72.342,1737.0,1356.780,1356.780,fly,0.865,ok,2601,0,0,192.00,460132352,604819456,114090264,95883264,18123768,2904,7449760,22132800,1321940,15453,15453,0,0,0,0,0,0,0,0,0.065,0.069,0.000,0,0,0,15453,15453,0,0
travel,72.372,1737.8,1357.292,1357.292,fly,0.920,ok,2601,0,0,192.00,460132352,604819456,114090264,95883264,18123768,2904,7449760,22132800,1321940,15453,15453,0,0,0,0,0,0,0,0,0.134,0.063,0.000,0,0,0,15453,15453,0,0
travel,72.403,1738.5,1357.807,1357.807,fly,0.848,ok,2601,0,0,192.00,460132352,604819456,114090264,95883264,18123768,2904,7449760,22132800,1321940,15453,15453,0,0,0,0,0,0,0,0,0.066,0.064,0.000,0,0,0,15453,15453,0,0
travel,72.433,1739.2,1358.319,1358.319,fly,0.852,ok,2601,0,0,192.00,460132352,604819456,114090264,95883264,18123768,2904,7449760,22132800,1321940,15453,15453,0,0,0,0,0,0,0,0,0.067,0.068,0.000,0,0,0,15453,15453,0,0
travel,72.463,1740.0,1358.836,1358.836,fly,0.879,ok,2601,0,0,192.00,460132352,604819456,114090264,95883264,18123768,2904,7449760,22132800,1321940,15453,15453,0,0,0,0,0,0,0,0,0.074,0.073,0.000,0,0,0,15453,15453,0,0
travel,72.494,1740.7,1359.360,1359.360,fly,0.853,ok,2601,0,0,192.00,460132352,604819456,114090264,95883264,18123768,2904,7449760,22132800,1321940,15453,15453,0,0,0,0,0,0,0,0,0.066,0.069,0.000,0,0,0,15453,15453,0,0
travel,72.525,1741.4,1359.885,1359.885,fly,0.971,ok,2601,0,0,192.00,460132352,604819456,114090264,95883264,18123768,2904,7449760,22132800,1321940,15453,15453,0,0,0,0,0,0,0,0,0.074,0.112,0.000,0,0,0,15453,15453,0,0
travel,72.566,1742.4,1360.586,1360.586,fly,1.059,ok,2601,0,0,192.00,460132352,604819456,114090264,95883264,18123768,2904,11174640,22132800,1373772,15554,15554,0,0,0,0,0,0,0,0,0.189,0.119,0.000,0,0,0,15554,15554,0,0
travel,72.597,1743.2,1361.105,1361.105,fly,0.860,ok,2601,0,0,192.00,460132352,604819456,114090264,95883264,18123768,2904,11174640,22132800,1373772,15554,15554,0,0,0,0,0,0,0,0,0.069,0.075,0.000,0,0,0,15554,15554,0,0
travel,72.627,1743.9,1361.625,1361.625,fly,0.900,ok,2601,0,0,192.00,460132352,604819456,114090264,95883264,18123768,2904,11174640,22132800,1373772,15554,15554,0,0,0,0,0,0,0,0,0.071,0.070,0.000,0,0,0,15554,15554,0,0
travel,72.658,1744.6,1362.139,1362.139,fly,0.919,ok,2601,0,0,192.00,460132352,604819456,114090264,95883264,18123768,2904,11174640,22132800,1373772,15554,15554,0,0,0,0,0,0,0,0,0.113,0.070,0.000,0,0,0,15554,15554,0,0
travel,72.688,1745.4,1362.653,1362.653,fly,0.875,ok,2601,0,0,192.00,460132352,604819456,114090264,95883264,18123768,2904,7449760,22132800,1373772,15554,15554,0,0,0,0,0,0,0,0,0.070,0.068,0.000,0,0,0,15554,15554,0,0
travel,72.718,1746.1,1363.167,1363.167,fly,0.865,ok,2601,0,0,192.00,460132352,604819456,114090264,95883264,18123768,2904,7449760,22132800,1373772,15554,15554,0,0,0,0,0,0,0,0,0.068,0.069,0.000,0,0,0,15554,15554,0,0
travel,72.748,1746.8,1363.683,1363.683,fly,1.066,ok,2601,0,0,192.00,460132352,604819456,114090264,95883264,18123768,2904,7449760,22132800,1373772,15554,15554,0,0,0,0,0,0,0,0,0.258,0.076,0.000,0,0,0,15554,15554,0,0
travel,72.779,1747.5,1364.199,1364.199,fly,0.871,ok,2601,0,0,192.00,460132352,604819456,114090264,95883264,18123768,2904,7449760,22132800,1373772,15554,15554,0,0,0,0,0,0,0,0,0.068,0.069,0.000,0,0,0,15554,15554,0,0
travel,72.809,1748.3,1364.714,1364.714,fly,1.016,ok,2601,0,0,192.00,460132352,604819456,114090264,95883264,18123768,2904,7449760,22132800,1373772,15554,15554,0,0,0,0,0,0,0,0,0.138,0.130,0.000,0,0,0,15554,15554,0,0
travel,72.840,1749.0,1365.241,1365.241,fly,0.866,ok,2601,0,0,192.00,460132352,604819456,114090264,95883264,18123768,2904,7449760,22132800,1373772,15554,15554,0,0,0,0,0,0,0,0,0.067,0.079,0.000,0,0,0,15554,15554,0,0
travel,72.870,1749.7,1365.756,1365.756,fly,0.874,ok,2601,0,0,192.00,460132352,604819456,114090264,95883264,18123768,2904,7449760,22132800,1373772,15554,15554,0,0,0,0,0,0,0,0,0.067,0.072,0.000,0,0,0,15554,15554,0,0
travel,72.901,1750.5,1366.283,1366.283,fly,0.947,ok,2601,0,0,192.00,460132352,604819456,114090264,95883264,18123768,2904,7449760,22132800,1373772,15554,15554,0,0,0,0,0,0,0,0,0.137,0.069,0.000,0,0,0,15554,15554,0,0
travel,72.931,1751.2,1366.794,1366.794,fly,0.873,ok,2601,0,0,192.00,460132352,604819456,114090264,95883264,18123768,2904,7449760,22132800,1373772,15554,15554,0,0,0,0,0,0,0,0,0.067,0.069,0.000,0,0,0,15554,15554,0,0
travel,72.962,1751.9,1367.313,1367.313,fly,0.870,ok,2601,0,0,192.00,460132352,604819456,114090264,95883264,18123768,2904,7449760,22132800,1373772,15554,15554,0,0,0,0,0,0,0,0,0.069,0.068,0.000,0,0,0,15554,15554,0,0
travel,72.992,1752.7,1367.826,1367.826,fly,0.867,ok,2601,0,0,192.00,460132352,604819456,114090264,95883264,18123768,2904,7449760,22132800,1373772,15554,15554,0,0,0,0,0,0,0,0,0.066,0.067,0.000,0,0,0,15554,15554,0,0
travel,73.030,1753.6,1368.471,1368.471,fly,0.880,ok,2601,0,31,192.00,460132352,604819456,114090264,95883264,18123768,2904,11174640,20515248,1424296,15655,15655,0,0,8,0,0,0,0,0,0.070,0.071,0.000,0,0,0,15655,15655,0,0
travel,73.060,1754.3,1368.982,1368.982,fly,0.869,ok,2601,0,0,192.00,460132352,604819456,114090264,95883264,18123768,2904,11174640,22132800,1431072,15655,15655,0,0,0,0,0,0,0,0,0.067,0.069,0.000,0,0,0,15655,15655,0,0
travel,73.091,1755.1,1369.510,1369.510,fly,0.925,ok,2601,0,0,192.00,460132352,604819456,114090264,95883264,18123768,2904,11174640,22132800,1431072,15655,15655,0,0,0,0,0,0,0,0,0.069,0.076,0.000,0,0,0,15655,15655,0,0
travel,73.122,1755.8,1370.028,1370.028,fly,0.950,ok,2601,0,0,192.00,460132352,604819456,114090264,95883264,18123768,2904,11174640,22132800,1431072,15655,15655,0,0,0,0,0,0,0,0,0.140,0.066,0.000,0,0,0,15655,15655,0,0
travel,73.152,1756.5,1370.543,1370.543,fly,0.873,ok,2601,0,0,192.00,460132352,604819456,114090264,95883264,18123768,2904,7449760,22132800,1431072,15655,15655,0,0,0,0,0,0,0,0,0.068,0.067,0.001,0,0,0,15655,15655,0,0
travel,73.183,1757.3,1371.068,1371.068,fly,0.931,ok,2601,0,0,192.00,460132352,604819456,114090264,95883264,18123768,2904,7449760,22132800,1431072,15655,15655,0,0,0,0,0,0,0,0,0.070,0.081,0.000,0,0,0,15655,15655,0,0
travel,73.213,1758.0,1371.587,1371.587,fly,0.960,ok,2601,0,0,192.00,460132352,604819456,114090264,95883264,18123768,2904,7449760,22132800,1431072,15655,15655,0,0,0,0,0,0,0,0,0.139,0.073,0.000,0,0,0,15655,15655,0,0
travel,73.244,1758.7,1372.099,1372.099,fly,0.897,ok,2601,0,0,192.00,460132352,604819456,114090264,95883264,18123768,2904,7449760,22132800,1431072,15655,15655,0,0,0,0,0,0,0,0,0.070,0.074,0.000,0,0,0,15655,15655,0,0
travel,73.274,1759.4,1372.614,1372.614,fly,0.860,ok,2601,0,0,192.00,460132352,604819456,114090264,95883264,18123768,2904,7449760,22132800,1431072,15655,15655,0,0,0,0,0,0,0,0,0.067,0.063,0.000,0,0,0,15655,15655,0,0
travel,73.304,1760.2,1373.126,1373.126,fly,0.891,ok,2601,0,0,192.00,460132352,604819456,114090264,95883264,18123768,2904,7449760,22132800,1431072,15655,15655,0,0,0,0,0,0,0,0,0.069,0.079,0.000,0,0,0,15655,15655,0,0
travel,73.334,1760.9,1373.636,1373.636,fly,0.866,ok,2601,0,0,192.00,460132352,604819456,114090264,95883264,18123768,2904,7449760,22132800,1431072,15655,15655,0,0,0,0,0,0,0,0,0.070,0.075,0.000,0,0,0,15655,15655,0,0
travel,73.365,1761.6,1374.163,1374.163,fly,0.908,ok,2601,0,0,192.00,460132352,604819456,114090264,95883264,18123768,2904,7449760,22132800,1431072,15655,15655,0,0,0,0,0,0,0,0,0.085,0.083,0.000,0,0,0,15655,15655,0,0
travel,73.395,1762.4,1374.678,1374.678,fly,0.862,ok,2601,0,0,192.00,460132352,604819456,114090264,95883264,18123768,2904,7449760,22132800,1431072,15655,15655,0,0,0,0,0,0,0,0,0.071,0.070,0.000,0,0,0,15655,15655,0,0
travel,73.426,1763.1,1375.193,1375.193,fly,0.869,ok,2601,0,0,192.00,460132352,604819456,114090264,95883264,18123768,2904,7449760,22132800,1431072,15655,15655,0,0,0,0,0,0,0,0,0.068,0.067,0.000,0,0,0,15655,15655,0,0
travel,73.456,1763.8,1375.707,1375.707,fly,0.867,ok,2601,0,0,192.00,460132352,604819456,114090264,95883264,18123768,2904,7449760,22132800,1431072,15655,15655,0,0,0,0,0,0,0,0,0.068,0.069,0.000,0,0,0,15655,15655,0,0
travel,73.495,1764.8,1376.369,1376.369,fly,0.882,ok,2601,0,101,192.00,460136448,604819456,114090264,95883264,18123768,2904,11174640,16862928,1243962,15756,15756,0,0,8,0,0,0,0,0,0.068,0.074,0.000,0,0,0,15756,15756,0,0
travel,73.525,1765.5,1376.885,1376.885,fly,0.981,ok,2601,0,0,192.00,460136448,604819456,114090264,95883264,18123768,2904,11174640,22132800,1262306,15756,15756,0,0,0,0,0,0,0,0,0.079,0.113,0.000,0,0,0,15756,15756,0,0
travel,73.556,1766.2,1377.404,1377.404,fly,0.868,ok,2601,0,0,192.00,460136448,604819456,114090264,95883264,18123768,2904,11174640,22132800,1262306,15756,15756,0,0,0,0,0,0,0,0,0.069,0.065,0.000,0,0,0,15756,15756,0,0
travel,73.586,1767.0,1377.925,1377.925,fly,0.870,ok,2601,0,0,192.00,460136448,604819456,114090264,95883264,18123768,2904,11174640,22132800,1262306,15756,15756,0,0,0,0,0,0,0,0,0.068,0.071,0.000,0,0,0,15756,15756,0,0
travel,73.617,1767.7,1378.446,1378.446,fly,1.016,ok,2601,0,0,192.00,460136448,604819456,114090264,95883264,18123768,2904,11174640,22132800,1262306,15756,15756,0,0,0,0,0,0,0,0,0.148,0.109,0.000,0,0,0,15756,15756,0,0
travel,73.647,1768.4,1378.965,1378.965,fly,0.966,ok,2601,0,0,192.00,460136448,604819456,114090264,95883264,18123768,2904,7449760,22132800,1262306,15756,15756,0,0,0,0,0,0,0,0,0.077,0.107,0.000,0,0,0,15756,15756,0,0
travel,73.678,1769.2,1379.490,1379.490,fly,0.878,ok,2601,0,0,192.00,460136448,604819456,114090264,95883264,18123768,2904,7449760,22132800,1262306,15756,15756,0,0,0,0,0,0,0,0,0.069,0.069,0.000,0,0,0,15756,15756,0,0
travel,73.709,1769.9,1380.014,1380.014,fly,0.982,ok,2601,0,0,192.00,460136448,604819456,114090264,95883264,18123768,2904,7449760,22132800,1262306,15756,15756,0,0,0,0,0,0,0,0,0.070,0.078,0.000,0,0,0,15756,15756,0,0
travel,73.740,1770.6,1380.535,1380.535,fly,0.872,ok,2601,0,0,192.00,460136448,604819456,114090264,95883264,18123768,2904,7449760,22132800,1262306,15756,15756,0,0,0,0,0,0,0,0,0.067,0.068,0.000,0,0,0,15756,15756,0,0
travel,73.772,1771.4,1381.075,1381.075,fly,1.235,ok,2601,0,0,192.00,460136448,604819456,114090264,95883264,18123768,2904,7449760,22132800,1262306,15756,15756,0,0,0,0,0,0,0,0,0.068,0.096,0.000,0,0,0,15756,15756,0,0
travel,73.805,1772.2,1381.635,1381.635,fly,0.862,ok,2601,0,0,192.00,460136448,604819456,114090264,95883264,18123768,2904,7449760,22132800,1262306,15756,15756,0,0,0,0,0,0,0,0,0.067,0.065,0.000,0,0,0,15756,15756,0,0
travel,73.835,1772.9,1382.157,1382.157,fly,0.892,ok,2601,0,0,192.00,460136448,604819456,114090264,95883264,18123768,2904,7449760,22132800,1262306,15756,15756,0,0,0,0,0,0,0,0,0.068,0.076,0.000,0,0,0,15756,15756,0,0
travel,73.866,1773.7,1382.683,1382.683,fly,0.866,ok,2601,0,0,192.00,460136448,604819456,114090264,95883264,18123768,2904,7449760,22132800,1262306,15756,15756,0,0,0,0,0,0,0,0,0.068,0.066,0.000,0,0,0,15756,15756,0,0
travel,73.897,1774.4,1383.206,1383.206,fly,0.869,ok,2601,0,0,192.00,460136448,604819456,114090264,95883264,18123768,2904,7449760,22132800,1262306,15756,15756,0,0,0,0,0,0,0,0,0.068,0.074,0.000,0,0,0,15756,15756,0,0
travel,73.927,1775.2,1383.722,1383.722,fly,0.863,ok,2601,0,0,192.00,460136448,604819456,114090264,95883264,18123768,2904,7449760,22132800,1262306,15756,15756,0,0,0,0,0,0,0,0,0.068,0.065,0.000,0,0,0,15756,15756,0,0
travel,73.966,1776.1,1384.381,1384.381,fly,0.908,ok,2601,0,55,192.00,460136448,604819456,114090264,95883264,18123768,2904,11174640,19263024,1307310,15857,15857,0,0,5,0,0,0,0,0,0.070,0.079,0.000,0,0,0,15857,15857,0,0
travel,73.996,1776.8,1384.896,1384.896,fly,0.952,ok,2601,0,0,192.00,460136448,604819456,114090264,95883264,18123768,2904,11174640,22132800,1317590,15857,15857,0,0,0,0,0,0,0,0,0.141,0.068,0.000,0,0,0,15857,15857,0,0
travel,74.027,1777.5,1385.412,1385.412,fly,0.871,ok,2601,0,0,192.00,460136448,604819456,114090264,95883264,18123768,2904,11174640,22132800,1317590,15857,15857,0,0,0,0,0,0,0,0,0.069,0.070,0.000,0,0,0,15857,15857,0,0
travel,74.058,1778.3,1385.935,1385.935,fly,0.909,ok,2601,0,0,192.00,460136448,604819456,114090264,95883264,18123768,2904,11174640,22132800,1317590,15857,15857,0,0,0,0,0,0,0,0,0.072,0.080,0.000,0,0,0,15857,15857,0,0
travel,74.088,1779.0,1386.451,1386.451,fly,0.949,ok,2601,0,0,192.00,460136448,604819456,114090264,95883264,18123768,2904,11174640,22132800,1317590,15857,15857,0,0,0,0,0,0,0,0,0.139,0.071,0.000,0,0,0,15857,15857,0,0
travel,74.118,1779.7,1386.964,1386.964,fly,0.866,ok,2601,0,0,192.00,460136448,604819456,114090264,95883264,18123768,2904,7449760,22132800,1317590,15857,15857,0,0,0,0,0,0,0,0,0.069,0.067,0.000,0,0,0,15857,15857,0,0
travel,74.149,1780.5,1387.484,1387.484,fly,0.877,ok,2601,0,0,192.00,460136448,604819456,114090264,95883264,18123768,2904,7449760,22132800,1317590,15857,15857,0,0,0,0,0,0,0,0,0.071,0.065,0.000,0,0,0,15857,15857,0,0
travel,74.179,1781.2,1388.001,1388.001,fly,0.932,ok,2601,0,0,192.00,460136448,604819456,114090264,95883264,18123768,2904,7449760,22132800,1317590,15857,15857,0,0,0,0,0,0,0,0,0.073,0.072,0.000,0,0,0,15857,15857,0,0
travel,74.209,1781.9,1388.512,1388.512,fly,0.873,ok,2601,0,0,192.00,460136448,604819456,114090264,95883264,18123768,2904,7449760,22132800,1317590,15857,15857,0,0,0,0,0,0,0,0,0.069,0.070,0.000,0,0,0,15857,15857,0,0
travel,74.240,1782.7,1389.031,1389.031,fly,0.862,ok,2601,0,0,192.00,460136448,604819456,114090264,95883264,18123768,2904,7449760,22132800,1317590,15857,15857,0,0,0,0,0,0,0,0,0.067,0.066,0.000,0,0,0,15857,15857,0,0
travel,74.270,1783.4,1389.546,1389.546,fly,0.868,ok,2601,0,0,192.00,460136448,604819456,114090264,95883264,18123768,2904,7449760,22132800,1317590,15857,15857,0,0,0,0,0,0,0,0,0.068,0.071,0.000,0,0,0,15857,15857,0,0
travel,74.300,1784.1,1390.062,1390.062,fly,1.011,ok,2601,0,0,192.00,460136448,604819456,114090264,95883264,18123768,2904,7449760,22132800,1317590,15857,15857,0,0,0,0,0,0,0,0,0.076,0.113,0.000,0,0,0,15857,15857,0,0
travel,74.331,1784.9,1390.580,1390.580,fly,0.875,ok,2601,0,0,192.00,460136448,604819456,114090264,95883264,18123768,2904,7449760,22132800,1317590,15857,15857,0,0,0,0,0,0,0,0,0.068,0.071,0.000,0,0,0,15857,15857,0,0
travel,74.363,1785.6,1391.123,1391.123,fly,0.865,ok,2601,0,0,192.00,460136448,604819456,114090264,95883264,18123768,2904,7449760,22132800,1317590,15857,15857,0,0,0,0,0,0,0,0,0.068,0.067,0.000,0,0,0,15857,15857,0,0
travel,74.393,1786.3,1391.639,1391.639,fly,0.845,ok,2601,0,0,192.00,460136448,604819456,114090264,95883264,18123768,2904,7449760,22132800,1317590,15857,15857,0,0,0,0,0,0,0,0,0.066,0.066,0.000,0,0,0,15857,15857,0,0
travel,74.433,1787.3,1392.314,1392.314,fly,0.872,ok,2601,0,87,192.00,460136448,604819456,114090264,95883264,18123768,2904,11174640,17593392,1355957,15958,15958,0,0,10,0,0,0,0,0,0.068,0.068,0.000,0,0,0,15958,15958,0,0
travel,74.463,1788.0,1392.833,1392.833,fly,0.883,ok,2601,0,0,192.00,460136448,604819456,114090264,95883264,18123768,2904,11174640,22132800,1373286,15958,15958,0,0,0,0,0,0,0,0,0.067,0.071,0.000,0,0,0,15958,15958,0,0
travel,74.494,1788.8,1393.354,1393.354,fly,0.869,ok,2601,0,0,192.00,460136448,604819456,114090264,95883264,18123768,2904,11174640,22132800,1373286,15958,15958,0,0,0,0,0,0,0,0,0.070,0.069,0.000,0,0,0,15958,15958,0,0
travel,74.524,1789.5,1393.871,1393.871,fly,0.867,ok,2601,0,0,192.00,460136448,604819456,114090264,95883264,18123768,2904,11174640,22132800,1373286,15958,15958,0,0,0,0,0,0,0,0,0.069,0.067,0.000,0,0,0,15958,15958,0,0
travel,74.555,1790.2,1394.388,1394.388,fly,0.951,ok,2601,0,0,192.00,460136448,604819456,114090264,95883264,18123768,2904,11174640,22132800,1373286,15958,15958,0,0,0,0,0,0,0,0,0.073,0.108,0.000,0,0,0,15958,15958,0,0
travel,74.585,1791.0,1394.904,1394.904,fly,0.863,ok,2601,0,0,192.00,460136448,604819456,114090264,95883264,18123768,2904,7449760,22132800,1373286,15958,15958,0,0,0,0,0,0,0,0,0.069,0.069,0.000,0,0,0,15958,15958,0,0
travel,74.615,1791.7,1395.419,1395.419,fly,0.891,ok,2601,0,0,192.00,460136448,604819456,114090264,95883264,18123768,2904,7449760,22132800,1373286,15958,15958,0,0,0,0,0,0,0,0,0.068,0.073,0.000,0,0,0,15958,15958,0,0
travel,74.646,1792.4,1395.934,1395.934,fly,0.882,ok,2601,0,0,192.00,460136448,604819456,114090264,95883264,18123768,2904,7449760,22132800,1373286,15958,15958,0,0,0,0,0,0,0,0,0.069,0.072,0.000,0,0,0,15958,15958,0,0
travel,74.676,1793.1,1396.446,1396.446,fly,0.851,ok,2601,0,0,192.00,460136448,604819456,114090264,95883264,18123768,2904,7449760,22132800,1373286,15958,15958,0,0,0,0,0,0,0,0,0.068,0.068,0.000,0,0,0,15958,15958,0,0
travel,74.707,1793.9,1396.982,1396.982,fly,1.094,ok,2601,0,0,192.00,460136448,604819456,114090264,95883264,18123768,2904,7449760,22132800,1373286,15958,15958,0,0,0,0,0,0,0,0,0.080,0.111,0.000,0,0,0,15958,15958,0,0
travel,74.738,1794.6,1397.508,1397.508,fly,0.881,ok,2601,0,0,192.00,460136448,604819456,114090264,95883264,18123768,2904,7449760,22132800,1373286,15958,15958,0,0,0,0,0,0,0,0,0.069,0.072,0.000,0,0,0,15958,15958,0,0
travel,74.769,1795.4,1398.024,1398.024,fly,1.256,ok,2601,0,0,192.00,460136448,604819456,114090264,95883264,18123768,2904,7449760,22132800,1373286,15958,15958,0,0,0,0,0,0,0,0,0.266,0.114,0.000,0,0,0,15958,15958,0,0
travel,74.799,1796.1,1398.547,1398.547,fly,0.845,ok,2601,0,0,192.00,460136448,604819456,114090264,95883264,18123768,2904,7449760,22132800,1373286,15958,15958,0,0,0,0,0,0,0,0,0.068,0.065,0.000,0,0,0,15958,15958,0,0
travel,74.830,1796.9,1399.074,1399.074,fly,0.892,ok,2601,0,0,192.00,460136448,604819456,114090264,95883264,18123768,2904,7449760,22132800,1373286,15958,15958,0,0,0,0,0,0,0,0,0.067,0.075,0.000,0,0,0,15958,15958,0,0
travel,74.861,1797.6,1399.591,1399.591,fly,0.943,ok,2601,0,0,192.00,460136448,604819456,114090264,95883264,18123768,2904,7449760,22132800,1373286,15958,15958,0,0,0,0,0,0,0,0,0.142,0.072,0.000,0,0,0,15958,15958,0,0
travel,74.900,1798.5,1400.247,1400.247,fly,0.871,ok,2601,0,120,192.00,460136448,604819456,114090264,95883264,18123768,2904,11174640,15871584,1402423,16059,16059,0,0,7,0,0,0,0,0,0.072,0.072,0.000,0,0,0,16059,16059,0,0
travel,74.930,1799.2,1400.760,1400.760,fly,0.896,ok,2601,0,0,192.00,460136448,604819456,114090264,95883264,18123768,2904,11174640,22132800,1428454,16059,16059,0,0,0,0,0,0,0,0,0.070,0.074,0.000,0,0,0,16059,16059,0,0
travel,74.960,1800.0,1401.275,1401.275,fly,0.872,ok,2601,0,0,192.00,460136448,604819456,114090264,95883264,18123768,2904,11174640,22132800,1428454,16059,16059,0,0,0,0,0,0,0,0,0.070,0.070,0.000,0,0,0,16059,16059,0,0
travel,74.991,1800.7,1401.794,1401.794,fly,0.875,ok,2601,0,0,192.00,460136448,604819456,114090264,95883264,18123768,2904,11174640,22132800,1428454,16059,16059,0,0,0,0,0,0,0,0,0.069,0.070,0.000,0,0,0,16059,16059,0,0
travel,75.021,1801.4,1402.306,1402.306,fly,1.147,ok,2601,0,0,192.00,460201984,604819456,114090264,95883264,18123768,2904,11174640,22132800,1428454,16059,16059,0,0,0,0,0,0,0,0,0.345,0.070,0.000,0,0,0,16059,16059,0,0
travel,75.051,1802.2,1402.824,1402.824,fly,0.891,ok,2601,0,0,192.00,460201984,604819456,114090264,95883264,18123768,2904,7449760,22132800,1428454,16059,16059,0,0,0,0,0,0,0,0,0.068,0.076,0.000,0,0,0,16059,16059,0,0
travel,75.081,1802.9,1403.338,1403.338,fly,0.949,ok,2601,0,0,192.00,460201984,604819456,114090264,95883264,18123768,2904,7449760,22132800,1428454,16059,16059,0,0,0,0,0,0,0,0,0.140,0.071,0.000,0,0,0,16059,16059,0,0
travel,75.112,1803.6,1403.859,1403.859,fly,0.846,ok,2601,0,0,192.00,460201984,604819456,114090264,95883264,18123768,2904,7449760,22132800,1428454,16059,16059,0,0,0,0,0,0,0,0,0.068,0.064,0.000,0,0,0,16059,16059,0,0
travel,75.143,1804.4,1404.385,1404.385,fly,0.888,ok,2601,0,0,192.00,460201984,604819456,114090264,95883264,18123768,2904,7449760,22132800,1428454,16059,16059,0,0,0,0,0,0,0,0,0.069,0.073,0.000,0,0,0,16059,16059,0,0
travel,75.174,1805.1,1404.905,1404.905,fly,1.097,ok,2601,0,0,192.00,460201984,604819456,114090264,95883264,18123768,2904,7449760,22132800,1428454,16059,16059,0,0,0,0,0,0,0,0,0.144,0.085,0.000,0,0,0,16059,16059,0,0
travel,75.204,1805.8,1405.421,1405.421,fly,0.899,ok,2601,0,0,192.00,460201984,604819456,114090264,95883264,18123768,2904,7449760,22132800,1428454,16059,16059,0,0,0,0,0,0,0,0,0.068,0.078,0.000,0,0,0,16059,16059,0,0
travel,75.234,1806.6,1405.936,1405.936,fly,0.868,ok,2601,0,0,192.00,460201984,604819456,114090264,95883264,18123768,2904,7449760,22132800,1428454,16059,16059,0,0,0,0,0,0,0,0,0.068,0.070,0.000,0,0,0,16059,16059,0,0
travel,75.264,1807.3,1406.448,1406.448,fly,0.864,ok,2601,0,0,192.00,460201984,604819456,114090264,95883264,18123768,2904,7449760,22132800,1428454,16059,16059,0,0,0,0,0,0,0,0,0.066,0.069,0.000,0,0,0,16059,16059,0,0
travel,75.294,1808.0,1406.961,1406.961,fly,0.884,ok,2601,0,0,192.00,460201984,604819456,114090264,95883264,18123768,2904,7449760,22132800,1428454,16059,16059,0,0,0,0,0,0,0,0,0.068,0.072,0.000,0,0,0,16059,16059,0,0
travel,75.325,1808.7,1407.475,1407.475,fly,0.858,ok,2601,0,0,192.00,460201984,604819456,114090264,95883264,18123768,2904,7449760,22132800,1428454,16059,16059,0,0,0,0,0,0,0,0,0.067,0.066,0.000,0,0,0,16059,16059,0,0
travel,75.355,1809.5,1407.986,1407.986,fly,0.848,ok,2601,0,0,192.00,460201984,604819456,114090264,95883264,18123768,2904,7449760,22132800,1428454,16059,16059,0,0,0,0,0,0,0,0,0.066,0.070,0.000,0,0,0,16059,16059,0,0
travel,75.394,1810.4,1408.647,1408.647,fly,0.863,ok,2601,0,0,192.00,460201984,604819456,114090264,95883264,18123768,2904,11174640,22132800,1263895,16160,16160,0,0,0,0,0,0,0,0,0.068,0.070,0.000,0,0,0,16160,16160,0,0
travel,75.424,1811.1,1409.166,1409.166,fly,0.873,ok,2601,0,0,192.00,460201984,604819456,114090264,95883264,18123768,2904,11174640,22132800,1263895,16160,16160,0,0,0,0,0,0,0,0,0.067,0.071,0.000,0,0,0,16160,16160,0,0
travel,75.455,1811.9,1409.686,1409.686,fly,0.869,ok,2601,0,0,192.00,460201984,604819456,114090264,95883264,18123768,2904,11174640,22132800,1263895,16160,16160,0,0,0,0,0,0,0,0,0.066,0.071,0.000,0,0,0,16160,16160,0,0
travel,75.485,1812.6,1410.200,1410.200,fly,0.872,ok,2601,0,0,192.00,460201984,604819456,114090264,95883264,18123768,2904,11174640,22132800,1263895,16160,16160,0,0,0,0,0,0,0,0,0.066,0.069,0.000,0,0,0,16160,16160,0,0
travel,75.515,1813.3,1410.716,1410.716,fly,0.868,ok,2601,0,0,192.00,460201984,604819456,114090264,95883264,18123768,2904,7449760,22132800,1263895,16160,16160,0,0,0,0,0,0,0,0,0.068,0.070,0.000,0,0,0,16160,16160,0,0
travel,75.546,1814.1,1411.238,1411.238,fly,0.863,ok,2601,0,0,192.00,460201984,604819456,114090264,95883264,18123768,2904,7449760,22132800,1263895,16160,16160,0,0,0,0,0,0,0,0,0.070,0.069,0.000,0,0,0,16160,16160,0,0
travel,75.576,1814.8,1411.754,1411.754,fly,0.875,ok,2601,0,0,192.00,460201984,604819456,114090264,95883264,18123768,2904,7449760,22132800,1263895,16160,16160,0,0,0,0,0,0,0,0,0.068,0.073,0.000,0,0,0,16160,16160,0,0
travel,75.607,1815.5,1412.268,1412.268,fly,0.854,ok,2601,0,0,192.00,460201984,604819456,114090264,95883264,18123768,2904,7449760,22132800,1263895,16160,16160,0,0,0,0,0,0,0,0,0.069,0.070,0.000,0,0,0,16160,16160,0,0
travel,75.637,1816.3,1412.784,1412.784,fly,0.919,ok,2601,0,0,192.00,460201984,604819456,114090264,95883264,18123768,2904,7449760,22132800,1263895,16160,16160,0,0,0,0,0,0,0,0,0.140,0.065,0.000,0,0,0,16160,16160,0,0
travel,75.667,1817.0,1413.295,1413.295,fly,0.851,ok,2601,0,0,192.00,460201984,604819456,114090264,95883264,18123768,2904,7449760,22132800,1263895,16160,16160,0,0,0,0,0,0,0,0,0.063,0.071,0.000,0,0,0,16160,16160,0,0
travel,75.697,1817.7,1413.806,1413.806,fly,0.853,ok,2601,0,0,192.00,460201984,604819456,114090264,95883264,18123768,2904,7449760,22132800,1263895,16160,16160,0,0,0,0,0,0,0,0,0.069,0.070,0.000,0,0,0,16160,16160,0,0
travel,75.727,1818.4,1414.322,1414.322,fly,0.853,ok,2601,0,0,192.00,460201984,604819456,114090264,95883264,18123768,2904,7449760,22132800,1263895,16160,16160,0,0,0,0,0,0,0,0,0.070,0.065,0.000,0,0,0,16160,16160,0,0
travel,75.758,1819.2,1414.837,1414.837,fly,0.866,ok,2601,0,0,192.00,460201984,604819456,114090264,95883264,18123768,2904,7449760,22132800,1263895,16160,16160,0,0,0,0,0,0,0,0,0.067,0.070,0.000,0,0,0,16160,16160,0,0
travel,75.788,1819.9,1415.356,1415.356,fly,0.858,ok,2601,0,0,192.00,460201984,604819456,114090264,95883264,18123768,2904,7449760,22132800,1263895,16160,16160,0,0,0,0,0,0,0,0,0.067,0.069,0.000,0,0,0,16160,16160,0,0
travel,75.819,1820.6,1415.879,1415.879,fly,1.084,ok,2601,0,0,192.00,460201984,604819456,114090264,95883264,18123768,2904,7449760,22132800,1263895,16160,16160,0,0,0,0,0,0,0,0,0.182,0.085,0.000,0,0,0,16160,16160,0,0
travel,75.859,1821.6,1416.553,1416.553,fly,0.893,ok,2601,0,3,192.00,460201984,604819456,114090264,95883264,18123768,2904,11174640,21976200,1318395,16261,16261,0,0,9,0,0,0,0,0,0.070,0.095,0.000,0,0,0,16261,16261,0,0
travel,75.892,1822.4,1417.116,1417.116,fly,0.891,ok,2601,0,0,192.00,460201984,604819456,114090264,95883264,18123768,2904,11174640,22132800,1318395,16261,16261,0,0,0,0,0,0,0,0,0.069,0.075,0.000,0,0,0,16261,16261,0,0
travel,75.922,1823.1,1417.632,1417.632,fly,1.104,ok,2601,0,0,192.00,460201984,604819456,114090264,95883264,18123768,2904,11174640,22132800,1318395,16261,16261,0,0,0,0,0,0,0,0,0.078,0.254,0.000,0,0,0,16261,16261,0,0
travel,75.953,1823.8,1418.157,1418.157,fly,0.948,ok,2601,0,0,192.00,460201984,604819456,114090264,95883264,18123768,2904,11174640,22132800,1318395,16261,16261,0,0,0,0,0,0,0,0,0.073,0.090,0.000,0,0,0,16261,16261,0,0
travel,75.983,1824.6,1418.670,1418.670,fly,0.869,ok,2601,0,0,192.00,460201984,604819456,114090264,95883264,18123768,2904,11174640,22132800,1318395,16261,16261,0,0,0,0,0,0,0,0,0.070,0.067,0.000,0,0,0,16261,16261,0,0
travel,76.014,1825.3,1419.193,1419.193,fly,0.865,ok,2601,0,0,192.00,460201984,604819456,114090264,95883264,18123768,2904,7449760,22132800,1318395,16261,16261,0,0,0,0,0,0,0,0,0.070,0.069,0.000,0,0,0,16261,16261,0,0
travel,76.044,1826.0,1419.708,1419.708,fly,0.868,ok,2601,0,0,192.00,460201984,604819456,114090264,95883264,18123768,2904,7449760,22132800,1318395,16261,16261,0,0,0,0,0,0,0,0,0.067,0.071,0.000,0,0,0,16261,16261,0,0
travel,76.075,1826.8,1420.224,1420.224,fly,0.868,ok,2601,0,0,192.00,460201984,604819456,114090264,95883264,18123768,2904,7449760,22132800,1318395,16261,16261,0,0,0,0,0,0,0,0,0.068,0.069,0.000,0,0,0,16261,16261,0,0
travel,76.105,1827.5,1420.736,1420.736,fly,0.897,ok,2601,0,0,192.00,460201984,604819456,114090264,95883264,18123768,2904,7449760,22132800,1318395,16261,16261,0,0,0,0,0,0,0,0,0.068,0.075,0.000,0,0,0,16261,16261,0,0
travel,76.135,1828.2,1421.255,1421.255,fly,0.868,ok,2601,0,0,192.00,460201984,604819456,114090264,95883264,18123768,2904,7449760,22132800,1318395,16261,16261,0,0,0,0,0,0,0,0,0.067,0.069,0.000,0,0,0,16261,16261,0,0
travel,76.166,1829.0,1421.770,1421.770,fly,0.934,ok,2601,0,0,192.00,460201984,604819456,114090264,95883264,18123768,2904,7449760,22132800,1318395,16261,16261,0,0,0,0,0,0,0,0,0.071,0.088,0.000,0,0,0,16261,16261,0,0
travel,76.196,1829.7,1422.286,1422.286,fly,0.856,ok,2601,0,0,192.00,460201984,604819456,114090264,95883264,18123768,2904,7449760,22132800,1318395,16261,16261,0,0,0,0,0,0,0,0,0.064,0.066,0.000,0,0,0,16261,16261,0,0
travel,76.226,1830.4,1422.803,1422.803,fly,0.893,ok,2601,0,0,192.00,460201984,604819456,114090264,95883264,18123768,2904,7449760,22132800,1318395,16261,16261,0,0,0,0,0,0,0,0,0.065,0.074,0.000,0,0,0,16261,16261,0,0
travel,76.256,1831.1,1423.315,1423.315,fly,1.237,ok,2601,0,0,192.00,460201984,604819456,114090264,95883264,18123768,2904,7449760,22132800,1318395,16261,16261,0,0,0,0,0,0,0,0,0.438,0.065,0.000,0,0,0,16261,16261,0,0
travel,76.287,1831.9,1423.836,1423.836,fly,0.893,ok,2601,0,0,192.00,460201984,604819456,114090264,95883264,18123768,2904,7449760,22132800,1318395,16261,16261,0,0,0,0,0,0,0,0,0.067,0.071,0.000,0,0,0,16261,16261,0,0
travel,76.326,1832.8,1424.498,1424.498,fly,0.863,ok,2601,0,10,192.00,460201984,604819456,114090264,95883264,18123768,2904,11174640,21610944,1370118,16362,16362,0,0,8,0,0,0,0,0,0.068,0.065,0.000,0,0,0,16362,16362,0,0
travel,76.356,1833.5,1425.010,1425.010,fly,0.922,ok,2601,0,0,192.00,460201984,604819456,114090264,95883264,18123768,2904,11174640,22132800,1371563,16362,16362,0,0,0,0,0,0,0,0,0.069,0.071,0.000,0,0,0,16362,16362,0,0
travel,76.387,1834.3,1425.528,1425.528,fly,0.846,ok,2601,0,0,192.00,460201984,604819456,114090264,95883264,18123768,2904,11174640,22132800,1371563,16362,16362,0,0,0,0,0,0,0,0,0.069,0.066,0.000,0,0,0,16362,16362,0,0
travel,76.417,1835.0,1426.044,1426.044,fly,0.846,ok,2601,0,0,192.00,460201984,604819456,114090264,95883264,18123768,2904,11174640,22132800,1371563,16362,16362,0,0,0,0,0,0,0,0,0.066,0.068,0.000,0,0,0,16362,16362,0,0
travel,76.447,1835.7,1426.560,1426.560,fly,1.033,ok,2601,0,0,192.00,460201984,604819456,114090264,95883264,18123768,2904,11174640,22132800,1371563,16362,16362,0,0,0,0,0,0,0,0,0.236,0.068,0.000,0,0,0,16362,16362,0,0
travel,76.478,1836.5,1427.077,1427.077,fly,0.878,ok,2601,0,0,192.00,460201984,604819456,114090264,95883264,18123768,2904,7449760,22132800,1371563,16362,16362,0,0,0,0,0,0,0,0,0.067,0.070,0.000,0,0,0,16362,16362,0,0
travel,76.508,1837.2,1427.594,1427.594,fly,0.871,ok,2601,0,0,192.00,460201984,604819456,114090264,95883264,18123768,2904,7449760,22132800,1371563,16362,16362,0,0,0,0,0,0,0,0,0.066,0.072,0.000,0,0,0,16362,16362,0,0
travel,76.539,1837.9,1428.110,1428.110,fly,0.858,ok,2601,0,0,192.00,460201984,604819456,114090264,95883264,18123768,2904,7449760,22132800,1371563,16362,16362,0,0,0,0,0,0,0,0,0.068,0.066,0.000,0,0,0,16362,16362,0,0
travel,76.569,1838.7,1428.624,1428.624,fly,0.845,ok,2601,0,0,192.00,460201984,604819456,114090264,95883264,18123768,2904,7449760,22132800,1371563,16362,16362,0,0,0,0,0,0,0,0,0.067,0.067,0.000,0,0,0,16362,16362,0,0
travel,76.599,1839.4,1429.135,1429.135,fly,0.850,ok,2601,0,0,192.00,460201984,604819456,114090264,95883264,18123768,2904,7449760,22132800,1371563,16362,16362,0,0,0,0,0,0,0,0,0.067,0.070,0.000,0,0,0,16362,16362,0,0
travel,76.629,1840.1,1429.650,1429.650,fly,1.495,ok,2601,0,0,192.00,460201984,604819456,114090264,95883264,18123768,2904,7449760,22132800,1371563,16362,16362,0,0,0,0,0,0,0,0,0.632,0.110,0.000,0,0,0,16362,16362,0,0
travel,76.660,1840.9,1430.179,1430.179,fly,0.867,ok,2601,0,0,192.00,460201984,604819456,114090264,95883264,18123768,2904,7449760,22132800,1371563,16362,16362,0,0,0,0,0,0,0,0,0.067,0.071,0.000,0,0,0,16362,16362,0,0
travel,76.691,1841.6,1430.694,1430.694,fly,0.868,ok,2601,0,0,192.00,460201984,604819456,114090264,95883264,18123768,2904,7449760,22132800,1371563,16362,16362,0,0,0,0,0,0,0,0,0.067,0.069,0.000,0,0,0,16362,16362,0,0
travel,76.721,1842.3,1431.207,1431.207,fly,0.855,ok,2601,0,0,192.00,460201984,604819456,114090264,95883264,18123768,2904,7449760,22132800,1371563,16362,16362,0,0,0,0,0,0,0,0,0.065,0.066,0.000,0,0,0,16362,16362,0,0
travel,76.752,1843.0,1431.733,1431.733,fly,0.966,ok,2601,0,0,192.00,460201984,604819456,114090264,95883264,18123768,2904,7449760,22132800,1371563,16362,16362,0,0,0,0,0,0,0,0,0.067,0.167,0.000,0,0,0,16362,16362,0,0
travel,76.790,1844.0,1432.390,1432.390,fly,0.879,ok,2601,0,62,192.00,460201984,604819456,114090264,95883264,18123768,2904,11174640,18897792,1415667,16463,16463,0,0,8,0,0,0,0,0,0.068,0.070,0.000,0,0,0,16463,16463,0,0
travel,76.821,1844.7,1432.915,1432.915,fly,0.890,ok,2601,0,0,192.00,460201984,604819456,114090264,95883264,18123768,2904,11174640,22132800,1427395,16463,16463,0,0,0,0,0,0,0,0,0.069,0.072,0.000,0,0,0,16463,16463,0,0
travel,76.852,1845.5,1433.437,1433.437,fly,0.879,ok,2601,0,0,192.00,460201984,604819456,114090264,95883264,18123768,2904,11174640,22132800,1427395,16463,16463,0,0,0,0,0,0,0,0,0.069,0.067,0.000,0,0,0,16463,16463,0,0
travel,76.882,1846.2,1433.954,1433.954,fly,0.867,ok,2601,0,0,192.00,460201984,604819456,114090264,95883264,18123768,2904,11174640,22132800,1427395,16463,16463,0,0,0,0,0,0,0,0,0.068,0.072,0.000,0,0,0,16463,16463,0,0
travel,76.913,1846.9,1434.473,1434.473,fly,0.844,ok,2601,0,0,192.00,460201984,604819456,114090264,95883264,18123768,2904,11174640,22132800,1427395,16463,16463,0,0,0,0,0,0,0,0,0.067,0.068,0.000,0,0,0,16463,16463,0,0
travel,76.944,1847.7,1434.995,1434.995,fly,0.938,ok,2601,0,0,192.00,460201984,604819456,114090264,95883264,18123768,2904,7449760,22132800,1427395,16463,16463,0,0,0,0,0,0,0,0,0.078,0.114,0.000,0,0,0,16463,16463,0,0
travel,76.975,1848.4,1435.521,1435.521,fly,0.921,ok,2601,0,0,192.00,460201984,604819456,114090264,95883264,18123768,2904,7449760,22132800,1427395,16463,16463,0,0,0,0,0,0,0,0,0.071,0.084,0.000,0,0,0,16463,16463,0,0
travel,77.005,1849.1,1436.040,1436.040,fly,0.939,ok,2601,0,0,192.00,460201984,604819456,114090264,95883264,18123768,2904,7449760,22132800,1427395,16463,16463,0,0,0,0,0,0,0,0,0.068,0.081,0.000,0,0,0,16463,16463,0,0
travel,77.037,1849.9,1436.574,1436.574,fly,1.122,ok,2601,0,0,192.00,460201984,604819456,114090264,95883264,18123768,2904,7449760,22132800,1427395,16463,16463,0,0,0,0,0,0,0,0,0.137,0.242,0.000,0,0,0,16463,16463,0,0
travel,77.067,1850.6,1437.099,1437.099,fly,0.845,ok,2601,0,0,192.00,460201984,604819456,114090264,95883264,18123768,2904,7449760,22132800,1427395,16463,16463,0,0,0,0,0,0,0,0,0.067,0.067,0.000,0,0,0,16463,16463,0,0
travel,77.098,1851.4,1437.612,1437.612,fly,0.853,ok,2601,0,0,192.00,460201984,604819456,114090264,95883264,18123768,2904,7449760,22132800,1427395,16463,16463,0,0,0,0,0,0,0,0,0.067,0.069,0.000,0,0,0,16463,16463,0,0
travel,77.128,1852.1,1438.130,1438.130,fly,0.892,ok,2601,0,0,192.00,460201984,604819456,114090264,95883264,18123768,2904,7449760,22132800,1427395,16463,16463,0,0,0,0,0,0,0,0,0.068,0.075,0.000,0,0,0,16463,16463,0,0
travel,77.158,1852.8,1438.645,1438.645,fly,0.867,ok,2601,0,0,192.00,460201984,604819456,114090264,95883264,18123768,2904,7449760,22132800,1427395,16463,16463,0,0,0,0,0,0,0,0,0.067,0.070,0.000,0,0,0,16463,16463,0,0
travel,77.189,1853.6,1439.174,1439.174,fly,0.865,ok,2601,0,0,192.00,460201984,604819456,114090264,95883264,18123768,2904,7449760,22132800,1427395,16463,16463,0,0,0,0,0,0,0,0,0.065,0.071,0.000,0,0,0,16463,16463,0,0
travel,77.220,1854.3,1439.688,1439.688,fly,0.857,ok,2601,0,0,192.00,460201984,604819456,114090264,95883264,18123768,2904,7449760,22132800,1427395,16463,16463,0,0,0,0,0,0,0,0,0.066,0.069,0.000,0,0,0,16463,16463,0,0
travel,77.259,1855.2,1440.352,1440.352,fly,0.870,ok,2601,0,103,192.00,460201984,604819456,114090264,95883264,18123768,2904,11174640,16810752,1244193,16564,16564,0,0,8,0,0,0,0,0,0.067,0.072,0.000,0,0,0,16564,16564,0,0
travel,77.289,1856.0,1440.865,1440.865,fly,0.858,ok,2601,0,0,192.00,460201984,604819456,114090264,95883264,18123768,2904,11174640,22132800,1263916,16564,16564,0,0,0,0,0,0,0,0,0.068,0.066,0.000,0,0,0,16564,16564,0,0
travel,77.319,1856.7,1441.381,1441.381,fly,0.978,ok,2601,0,0,192.00,460201984,604819456,114090264,95883264,18123768,2904,11174640,22132800,1263916,16564,16564,0,0,0,0,0,0,0,0,0.080,0.110,0.000,0,0,0,16564,16564,0,0
travel,77.350,1857.4,1441.895,1441.895,fly,0.956,ok,2601,0,0,192.00,460201984,604819456,114090264,95883264,18123768,2904,11174640,22132800,1263916,16564,16564,0,0,0,0,0,0,0,0,0.155,0.068,0.000,0,0,0,16564,16564,0,0
travel,77.380,1858.2,1442.412,1442.412,fly,0.860,ok,2601,0,0,192.00,460201984,604819456,114090264,95883264,18123768,2904,11174640,22132800,1263916,16564,16564,0,0,0,0,0,0,0,0,0.066,0.069,0.000,0,0,0,16564,16564,0,0
travel,77.411,1858.9,1442.938,1442.938,fly,0.867,ok,2601,0,0,192.00,460201984,604819456,114090264,95883264,18123768,2904,7449760,22132800,1263916,16564,16564,0,0,0,0,0,0,0,0,0.068,0.068,0.000,0,0,0,16564,16564,0,0
travel,77.442,1859.7,1443.474,1443.474,fly,0.971,ok,2601,0,0,192.00,460201984,604819456,114090264,95883264,18123768,2904,7449760,22132800,1263916,16564,16564,0,0,0,0,0,0,0,0,0.139,0.079,0.000,0,0,0,16564,16564,0,0
travel,77.473,1860.4,1443.986,1443.986,fly,0.845,ok,2601,0,0,192.00,460201984,604819456,114090264,95883264,18123768,2904,7449760,22132800,1263916,16564,16564,0,0,0,0,0,0,0,0,0.066,0.066,0.000,0,0,0,16564,16564,0,0
travel,77.504,1861.1,1444.517,1444.517,fly,0.871,ok,2601,0,0,192.00,460201984,604819456,114090264,95883264,18123768,2904,7449760,22132800,1263916,16564,16564,0,0,0,0,0,0,0,0,0.066,0.067,0.000,0,0,0,16564,16564,0,0
travel,77.534,1861.9,1445.028,1445.028,fly,0.866,ok,2601,0,0,192.00,460201984,604819456,114090264,95883264,18123768,2904,7449760,22132800,1263916,16564,16564,0,0,0,0,0,0,0,0,0.066,0.070,0.000,0,0,0,16564,16564,0,0
travel,77.565,1862.6,1445.549,1445.549,fly,0.947,ok,2601,0,0,192.00,460201984,604819456,114090264,95883264,18123768,2904,7449760,22132800,1263916,16564,16564,0,0,0,0,0,0,0,0,0.068,0.083,0.000,0,0,0,16564,16564,0,0
travel,77.595,1863.3,1446.065,1446.065,fly,0.846,ok,2601,0,0,192.00,460201984,604819456,114090264,95883264,18123768,2904,7449760,22132800,1263916,16564,16564,0,0,0,0,0,0,0,0,0.066,0.066,0.000,0,0,0,16564,16564,0,0
travel,77.625,1864.0,1446.581,1446.581,fly,0.868,ok,2601,0,0,192.00,460201984,604819456,114090264,95883264,18123768,2904,7449760,22132800,1263916,16564,16564,0,0,0,0,0,0,0,0,0.067,0.071,0.000,0,0,0,16564,16564,0,0
travel,77.655,1864.8,1447.091,1447.091,fly,0.844,ok,2601,0,0,192.00,460201984,604819456,114090264,95883264,18123768,2904,7449760,22132800,1263916,16564,16564,0,0,0,0,0,0,0,0,0.066,0.069,0.000,0,0,0,16564,16564,0,0
travel,77.685,1865.5,1447.604,1447.604,fly,0.870,ok,2601,0,0,192.00,460201984,604819456,114090264,95883264,18123768,2904,7449760,22132800,1263916,16564,16564,0,0,0,0,0,0,0,0,0.065,0.073,0.000,0,0,0,16564,16564,0,0
travel,77.724,1866.4,1448.256,1448.256,fly,0.974,ok,2601,0,115,192.00,460201984,604819456,114090264,95883264,18123768,2904,11174640,16132464,1294840,16665,16665,0,0,9,0,0,0,0,0,0.073,0.110,0.000,0,0,0,16665,16665,0,0
travel,77.754,1867.1,1448.772,1448.772,fly,1.013,ok,2601,0,0,192.00,460201984,604819456,114090264,95883264,18123768,2904,11174640,22132800,1318472,16665,16665,0,0,0,0,0,0,0,0,0.184,0.077,0.000,0,0,0,16665,16665,0,0
travel,77.785,1867.9,1449.298,1449.298,fly,0.861,ok,2601,0,0,192.00,460201984,604819456,114090264,95883264,18123768,2904,11174640,22132800,1318472,16665,16665,0,0,0,0,0,0,0,0,0.067,0.070,0.000,0,0,0,16665,16665,0,0
travel,77.816,1868.6,1449.818,1449.818,fly,0.850,ok,2601,0,0,192.00,460201984,604819456,114090264,95883264,18123768,2904,11174640,22132800,1318472,16665,16665,0,0,0,0,0,0,0,0,0.067,0.067,0.000,0,0,0,16665,16665,0,0
travel,77.846,1869.4,1450.331,1450.331,fly,0.851,ok,2601,0,0,192.00,460201984,604819456,114090264,95883264,18123768,2904,11174640,22132800,1318472,16665,16665,0,0,0,0,0,0,0,0,0.068,0.069,0.000,0,0,0,16665,16665,0,0
travel,77.876,1870.1,1450.843,1450.843,fly,0.841,ok,2601,0,0,192.00,460201984,604819456,114090264,95883264,18123768,2904,7449760,22132800,1318472,16665,16665,0,0,0,0,0,0,0,0,0.068,0.067,0.000,0,0,0,16665,16665,0,0
travel,77.907,1870.8,1451.363,1451.363,fly,0.862,ok,2601,0,0,192.00,460201984,604819456,114090264,95883264,18123768,2904,7449760,22132800,1318472,16665,16665,0,0,0,0,0,0,0,0,0.067,0.066,0.000,0,0,0,16665,16665,0,0
travel,77.937,1871.5,1451.880,1451.880,fly,0.857,ok,2601,0,0,192.00,460201984,604819456,114090264,95883264,18123768,2904,7449760,22132800,1318472,16665,16665,0,0,0,0,0,0,0,0,0.068,0.067,0.000,0,0,0,16665,16665,0,0
travel,77.967,1872.3,1452.395,1452.395,fly,0.848,ok,2601,0,0,192.00,460201984,604819456,114090264,95883264,18123768,2904,7449760,22132800,1318472,16665,16665,0,0,0,0,0,0,0,0,0.068,0.065,0.000,0,0,0,16665,16665,0,0
travel,77.997,1873.0,1452.907,1452.907,fly,1.301,ok,2601,0,0,192.00,460201984,604819456,114090264,95883264,18123768,2904,7449760,22132800,1318472,16665,16665,0,0,0,0,0,0,0,0,0.526,0.064,0.000,0,0,0,16665,16665,0,0
travel,78.028,1873.7,1453.430,1453.430,fly,1.034,ok,2601,0,0,192.00,460201984,604819456,114090264,95883264,18123768,2904,7449760,22132800,1318472,16665,16665,0,0,0,0,0,0,0,0,0.070,0.210,0.000,0,0,0,16665,16665,0,0
travel,78.060,1874.5,1453.972,1453.972,fly,0.988,ok,2601,0,0,192.00,460201984,604819456,114090264,95883264,18123768,2904,7449760,22132800,1318472,16665,16665,0,0,0,0,0,0,0,0,0.076,0.111,0.000,0,0,0,16665,16665,0,0
travel,78.092,1875.3,1454.512,1454.512,fly,1.272,ok,2601,0,0,192.00,460201984,604819456,114090264,95883264,18123768,2904,7449760,22132800,1318472,16665,16665,0,0,0,0,0,0,0,0,0.154,0.162,0.000,0,0,0,16665,16665,0,0
travel,78.127,1876.1,1455.112,1455.112,fly,1.139,ok,2601,0,0,192.00,460201984,604819456,114090264,95883264,18123768,2904,7449760,22132800,1318472,16665,16665,0,0,0,0,0,0,0,0,0.074,0.135,0.000,0,0,0,16665,16665,0,0
travel,78.161,1876.9,1455.692,1455.692,fly,1.028,ok,2601,0,0,192.00,460201984,604819456,114090264,95883264,18123768,2904,7449760,22132800,1318472,16665,16665,0,0,0,0,0,0,0,0,0.076,0.153,0.000,0,0,0,16665,16665,0,0
travel,78.205,1878.0,1456.436,1456.436,fly,1.264,ok,2601,0,49,192.00,460201984,604819456,114090264,95883264,18123768,2904,11174640,19628256,1364842,16766,16766,0,0,9,0,0,0,0,0,0.079,0.129,0.000,0,0,0,16766,16766,0,0
travel,78.238,1878.8,1456.991,1456.991,fly,0.962,ok,2601,0,0,192.00,460201984,604819456,114090264,95883264,18123768,2904,11174640,22132800,1373916,16766,16766,0,0,0,0,0,0,0,0,0.073,0.107,0.000,0,0,0,16766,16766,0,0
travel,78.269,1879.5,1457.520,1457.520,fly,0.913,ok,2601,0,0,192.00,460201984,604819456,114090264,95883264,18123768,2904,11174640,22132800,1373916,16766,16766,0,0,0,0,0,0,0,0,0.067,0.100,0.000,0,0,0,16766,16766,0,0
travel,78.300,1880.3,1458.055,1458.055,fly,0.916,ok,2601,0,0,192.00,460201984,604819456,114090264,95883264,18123768,2904,11174640,22132800,1373916,16766,16766,0,0,0,0,0,0,0,0,0.067,0.086,0.000,0,0,0,16766,16766,0,0
travel,78.332,1881.0,1458.591,1458.591,fly,1.034,ok,2601,0,0,192.00,460201984,604819456,114090264,95883264,18123768,2904,7449760,22132800,1373916,16766,16766,0,0,0,0,0,0,0,0,0.074,0.136,0.000,0,0,0,16766,16766,0,0
travel,78.363,1881.8,1459.111,1459.111,fly,0.891,ok,2601,0,0,192.00,460201984,604819456,114090264,95883264,18123768,2904,7449760,22132800,1373916,16766,16766,0,0,0,0,0,0,0,0,0.069,0.077,0.000,0,0,0,16766,16766,0,0
travel,78.393,1882.5,1459.635,1459.635,fly,0.859,ok,2601,0,0,192.00,460201984,604819456,114090264,95883264,18123768,2904,7449760,22132800,1373916,16766,16766,0,0,0,0,0,0,0,0,0.067,0.072,0.000,0,0,0,16766,16766,0,0
travel,78.424,1883.2,1460.154,1460.154,fly,0.980,ok,2601,0,0,192.00,460201984,604819456,114090264,95883264,18123768,2904,7449760,22132800,1373916,16766,16766,0,0,0,0,0,0,0,0,0.199,0.069,0.000,0,0,0,16766,16766,0,0
travel,78.454,1884.0,1460.669,1460.669,fly,1.103,ok,2601,0,0,192.00,460201984,604819456,114090264,95883264,18123768,2904,7449760,22132800,1373916,16766,16766,0,0,0,0,0,0,0,0,0.071,0.272,0.000,0,0,0,16766,16766,0,0
travel,78.486,1884.7,1461.206,1461.206,fly,0.853,ok,2601,0,0,192.00,460201984,604819456,114090264,95883264,18123768,2904,7449760,22132800,1373916,16766,16766,0,0,0,0,0,0,0,0,0.065,0.069,0.000,0,0,0,16766,16766,0,0
travel,78.516,1885.5,1461.719,1461.719,fly,0.862,ok,2601,0,0,192.00,460201984,604819456,114090264,95883264,18123768,2904,7449760,22132800,1373916,16766,16766,0,0,0,0,0,0,0,0,0.067,0.066,0.000,0,0,0,16766,16766,0,0
travel,78.546,1886.2,1462.233,1462.233,fly,0.866,ok,2601,0,0,192.00,460201984,604819456,114090264,95883264,18123768,2904,7449760,22132800,1373916,16766,16766,0,0,0,0,0,0,0,0,0.066,0.070,0.000,0,0,0,16766,16766,0,0
travel,78.576,1886.9,1462.746,1462.746,fly,0.856,ok,2601,0,0,192.00,460201984,604819456,114090264,95883264,18123768,2904,7449760,22132800,1373916,16766,16766,0,0,0,0,0,0,0,0,0.066,0.068,0.000,0,0,0,16766,16766,0,0
travel,78.607,1887.6,1463.261,1463.261,fly,0.854,ok,2601,0,0,192.00,460201984,604819456,114090264,95883264,18123768,2904,7449760,22132800,1373916,16766,16766,0,0,0,0,0,0,0,0,0.067,0.066,0.000,0,0,0,16766,16766,0,0
travel,78.637,1888.4,1463.777,1463.777,fly,0.863,ok,2601,0,0,192.00,460201984,604819456,114090264,95883264,18123768,2904,7449760,22132800,1373916,16766,16766,0,0,0,0,0,0,0,0,0.066,0.071,0.000,0,0,0,16766,16766,0,0
travel,78.675,1889.3,1464.428,1464.428,fly,0.868,ok,2601,0,42,192.00,460201984,604819456,114090264,95883264,18123768,2904,11174640,19993488,1421244,16867,16867,0,0,8,0,0,0,0,0,0.067,0.070,0.000,0,0,0,16867,16867,0,0
travel,78.706,1890.0,1464.943,1464.943,fly,0.863,ok,2601,0,0,192.00,460201984,604819456,114090264,95883264,18123768,2904,11174640,22132800,1429260,16867,16867,0,0,0,0,0,0,0,0,0.068,0.067,0.000,0,0,0,16867,16867,0,0
travel,78.736,1890.7,1465.456,1465.456,fly,1.135,ok,2601,0,0,192.00,460201984,604819456,114090264,95883264,18123768,2904,11174640,22132800,1429260,16867,16867,0,0,0,0,0,0,0,0,0.093,0.260,0.000,0,0,0,16867,16867,0,0
travel,78.767,1891.5,1465.980,1465.980,fly,0.851,ok,2601,0,0,192.00,460201984,604819456,114090264,95883264,18123768,2904,11174640,22132800,1429260,16867,16867,0,0,0,0,0,0,0,0,0.065,0.068,0.000,0,0,0,16867,16867,0,0
travel,78.797,1892.2,1466.494,1466.494,fly,0.860,ok,2601,0,0,192.00,460201984,604819456,114090264,95883264,18123768,2904,7449760,22132800,1429260,16867,16867,0,0,0,0,0,0,0,0,0.069,0.069,0.000,0,0,0,16867,16867,0,0
travel,78.827,1892.9,1467.007,1467.007,fly,1.057,ok,2601,0,0,192.00,460201984,604819456,114090264,95883264,18123768,2904,7449760,22132800,1429260,16867,16867,0,0,0,0,0,0,0,0,0.153,0.073,0.000,0,0,0,16867,16867,0,0
travel,78.857,1893.7,1467.520,1467.520,fly,0.846,ok,2601,0,0,192.00,460201984,604819456,114090264,95883264,18123768,2904,7449760,22132800,1429260,16867,16867,0,0,0,0,0,0,0,0,0.068,0.069,0.000,0,0,0,16867,16867,0,0
travel,78.888,1894.4,1468.047,1468.047,fly,1.022,ok,2601,0,0,192.00,460201984,604819456,114090264,95883264,18123768,2904,7449760,22132800,1429260,16867,16867,0,0,0,0,0,0,0,0,0.245,0.066,0.000,0,0,0,16867,16867,0,0
travel,78.918,1895.1,1468.560,1468.560,fly,0.847,ok,2601,0,0,192.00,460201984,604819456,114090264,95883264,18123768,2904,7449760,22132800,1429260,16867,16867,0,0,0,0,0,0,0,0,0.064,0.071,0.000,0,0,0,16867,16867,0,0
travel,78.948,1895.9,1469.072,1469.072,fly,0.880,ok,2601,0,0,192.00,460201984,604819456,114090264,95883264,18123768,2904,7449760,22132800,1429260,16867,16867,0,0,0,0,0,0,0,0,0.067,0.077,0.000,0,0,0,16867,16867,0,0
travel,78.979,1896.6,1469.584,1469.584,fly,0.903,ok,2601,0,0,192.00,460201984,604819456,114090264,95883264,18123768,2904,7449760,22132800,1429260,16867,16867,0,0,0,0,0,0,0,0,0.068,0.081,0.000,0,0,0,16867,16867,0,0
travel,79.009,1897.3,1470.096,1470.096,fly,0.855,ok,2601,0,0,192.00,460201984,604819456,114090264,95883264,18123768,2904,7449760,22132800,1429260,16867,16867,0,0,0,0,0,0,0,0,0.065,0.069,0.000,0,0,0,16867,16867,0,0
travel,79.039,1898.0,1470.608,1470.608,fly,0.902,ok,2601,0,0,192.00,460201984,604819456,114090264,95883264,18123768,2904,7449760,22132800,1429260,16867,16867,0,0,0,0,0,0,0,0,0.069,0.078,0.000,0,0,0,16867,16867,0,0
travel,79.069,1898.8,1471.123,1471.123,fly,0.860,ok,2601,0,0,192.00,460201984,604819456,114090264,95883264,18123768,2904,7449760,22132800,1429260,16867,16867,0,0,0,0,0,0,0,0,0.066,0.066,0.000,0,0,0,16867,16867,0,0
travel,79.099,1899.5,1471.635,1471.635,fly,0.879,ok,2601,0,0,192.00,460201984,604819456,114090264,95883264,18123768,2904,7449760,22132800,1429260,16867,16867,0,0,0,0,0,0,0,0,0.067,0.074,0.000,0,0,0,16867,16867,0,0
travel,79.143,1900.5,1472.386,1472.386,fly,1.231,ok,2601,0,86,192.00,460201984,604819456,114090264,95883264,18123768,2904,11174640,17645568,1248598,16968,16968,0,0,8,0,0,0,0,0,0.079,0.094,0.000,0,0,0,16968,16968,0,0
travel,79.177,1901.3,1472.947,1472.947,fly,0.911,ok,2601,0,0,192.00,460201984,604819456,114090264,95883264,18123768,2904,11174640,22132800,1266518,16968,16968,0,0,0,0,0,0,0,0,0.069,0.082,0.000,0,0,0,16968,16968,0,0
travel,79.208,1902.1,1473.477,1473.477,fly,0.969,ok,2601,0,0,192.00,460201984,604819456,114090264,95883264,18123768,2904,11174640,22132800,1266518,16968,16968,0,0,0,0,0,0,0,0,0.078,0.111,0.000,0,0,0,16968,16968,0,0
travel,79.240,1902.9,1474.020,1474.020,fly,0.980,ok,2601,0,0,192.00,460201984,604819456,114090264,95883264,18123768,2904,11174640,22132800,1266518,16968,16968,0,0,0,0,0,0,0,0,0.068,0.125,0.000,0,0,0,16968,16968,0,0
travel,79.270,1903.6,1474.537,1474.537,fly,1.061,ok,2601,0,0,192.00,460201984,604819456,114090264,95883264,18123768,2904,7449760,22132800,1266518,16968,16968,0,0,0,0,0,0,0,0,0.214,0.087,0.000,0,0,0,16968,16968,0,0
travel,79.301,1904.3,1475.057,1475.057,fly,0.863,ok,2601,0,0,192.00,460201984,604819456,114090264,95883264,18123768,2904,7449760,22132800,1266518,16968,16968,0,0,0,0,0,0,0,0,0.067,0.070,0.000,0,0,0,16968,16968,0,0
travel,79.332,1905.1,1475.587,1475.587,fly,0.849,ok,2601,0,0,192.00,460201984,604819456,114090264,95883264,18123768,2904,7449760,22132800,1266518,16968,16968,0,0,0,0,0,0,0,0,0.067,0.066,0.000,0,0,0,16968,16968,0,0
travel,79.363,1905.8,1476.118,1476.118,fly,0.917,ok,2601,0,0,192.00,460201984,604819456,114090264,95883264,18123768,2904,7449760,22132800,1266518,16968,16968,0,0,0,0,0,0,0,0,0.140,0.067,0.000,0,0,0,16968,16968,0,0
travel,79.393,1906.5,1476.633,1476.633,fly,0.838,ok,2601,0,0,192.00,460201984,604819456,114090264,95883264,18123768,2904,7449760,22132800,1266518,16968,16968,0,0,0,0,0,0,0,0,0.064,0.066,0.000,0,0,0,16968,16968,0,0
travel,79.424,1907.3,1477.152,1477.152,fly,0.843,ok,2601,0,0,192.00,460201984,604819456,114090264,95883264,18123768,2904,7449760,22132800,1266518,16968,16968,0,0,0,0,0,0,0,0,0.067,0.066,0.000,0,0,0,16968,16968,0,0
travel,79.454,1908.0,1477.667,1477.667,fly,0.876,ok,2601,0,0,192.00,460201984,604819456,114090264,95883264,18123768,2904,7449760,22132800,1266518,16968,16968,0,0,0,0,0,0,0,0,0.066,0.071,0.000,0,0,0,16968,16968,0,0
travel,79.485,1908.7,1478.186,1478.186,fly,0.866,ok,2601,0,0,192.00,460201984,604819456,114090264,95883264,18123768,2904,7449760,22132800,1266518,16968,16968,0,0,0,0,0,0,0,0,0.067,0.069,0.000,0,0,0,16968,16968,0,0
travel,79.515,1909.5,1478.701,1478.701,fly,0.856,ok,2601,0,0,192.00,460201984,604819456,114090264,95883264,18123768,2904,7449760,22132800,1266518,16968,16968,0,0,0,0,0,0,0,0,0.066,0.070,0.000,0,0,0,16968,16968,0,0
travel,79.545,1910.2,1479.215,1479.215,fly,0.859,ok,2601,0,0,192.00,460201984,604819456,114090264,95883264,18123768,2904,7449760,22132800,1266518,16968,16968,0,0,0,0,0,0,0,0,0.067,0.069,0.000,0,0,0,16968,16968,0,0
travel,79.575,1910.9,1479.727,1479.727,fly,0.864,ok,2601,0,0,192.00,460201984,604819456,114090264,95883264,18123768,2904,7449760,22132800,1266518,16968,16968,0,0,0,0,0,0,0,0,0.066,0.072,0.000,0,0,0,16968,16968,0,0
travel,79.614,1911.9,1480.390,1480.390,fly,0.866,ok,2601,0,59,192.00,460201984,604819456,114090264,95883264,18123768,2904,11174640,19054320,1310294,17069,17069,0,0,7,0,0,0,0,0,0.069,0.067,0.000,0,0,0,17069,17069,0,0
travel,79.645,1912.6,1480.903,1480.903,fly,0.863,ok,2601,0,0,192.00,460201984,604819456,114090264,95883264,18123768,2904,11174640,22132800,1320418,17069,17069,0,0,0,0,0,0,0,0,0.068,0.067,0.000,0,0,0,17069,17069,0,0
travel,79.675,1913.3,1481.419,1481.419,fly,0.872,ok,2601,0,0,192.00,460201984,604819456,114090264,95883264,18123768,2904,11174640,22132800,1320418,17069,17069,0,0,0,0,0,0,0,0,0.068,0.069,0.000,0,0,0,17069,17069,0,0
travel,79.705,1914.0,1481.937,1481.937,fly,0.855,ok,2601,0,0,192.00,460201984,604819456,114090264,95883264,18123768,2904,11174640,22132800,1320418,17069,17069,0,0,0,0,0,0,0,0,0.068,0.066,0.000,0,0,0,17069,17069,0,0
travel,79.736,1914.8,1482.463,1482.463,fly,0.870,ok,2601,0,0,192.00,460201984,604819456,114090264,95883264,18123768,2904,11174640,22132800,1320418,17069,17069,0,0,0,0,0,0,0,0,0.069,0.074,0.000,0,0,0,17069,17069,0,0
travel,79.766,1915.5,1482.974,1482.974,fly,0.859,ok,2601,0,0,192.00,460201984,604819456,114090264,95883264,18123768,2904,7449760,22132800,1320418,17069,17069,0,0,0,0,0,0,0,0,0.069,0.069,0.000,0,0,0,17069,17069,0,0
travel,79.797,1916.2,1483.493,1483.493,fly,0.875,ok,2601,0,0,192.00,460201984,604819456,114090264,95883264,18123768,2904,7449760,22132800,1320418,17069,17069,0,0,0,0,0,0,0,0,0.068,0.068,0.000,0,0,0,17069,17069,0,0
travel,79.827,1917.0,1484.006,1484.006,fly,0.917,ok,2601,0,0,192.00,460201984,604819456,114090264,95883264,18123768,2904,7449760,22132800,1320418,17069,17069,0,0,0,0,0,0,0,0,0.070,0.070,0.000,0,0,0,17069,17069,0,0
travel,79.857,1917.7,1484.520,1484.520,fly,1.171,ok,2601,0,0,192.00,460201984,604819456,114090264,95883264,18123768,2904,7449760,22132800,1320418,17069,17069,0,0,0,0,0,0,0,0,0.372,0.070,0.000,0,0,0,17069,17069,0,0
travel,79.888,1918.4,1485.039,1485.039,fly,0.859,ok,2601,0,0,192.00,460201984,604819456,114090264,95883264,18123768,2904,7449760,22132800,1320418,17069,17069,0,0,0,0,0,0,0,0,0.068,0.067,0.000,0,0,0,17069,17069,0,0
travel,79.918,1919.2,1485.553,1485.553,fly,0.945,ok,2601,0,0,192.00,460201984,604819456,114090264,95883264,18123768,2904,7449760,22132800,1320418,17069,17069,0,0,0,0,0,0,0,0,0.142,0.070,0.000,0,0,0,17069,17069,0,0
travel,79.948,1919.9,1486.064,1486.064,fly,0.859,ok,2601,0,0,192.00,460201984,604819456,114090264,95883264,18123768,2904,7449760,22132800,1320418,17069,17069,0,0,0,0,0,0,0,0,0.067,0.067,0.000,0,0,0,17069,17069,0,0
travel,79.979,1920.6,1486.580,1486.580,fly,0.867,ok,2601,0,0,192.00,460201984,604819456,114090264,95883264,18123768,2904,7449760,22132800,1320418,17069,17069,0,0,0,0,0,0,0,0,0.067,0.068,0.000,0,0,0,17069,17069,0,0
travel,80.009,1921.3,1487.094,1487.094,fly,0.860,ok,2601,0,0,192.00,460201984,604819456,114090264,95883264,18123768,2904,7449760,22132800,1320418,17069,17069,0,0,0,0,0,0,0,0,0.067,0.071,0.000,0,0,0,17069,17069,0,0
travel,80.039,1922.1,1487.609,1487.609,fly,0.943,ok,2601,0,0,192.00,460201984,604819456,114090264,95883264,18123768,2904,7449760,22132800,1320418,17069,17069,0,0,0,0,0,0,0,0,0.069,0.087,0.000,0,0,0,17069,17069,0,0
travel,80.078,1923.0,1488.270,1488.270,fly,0.887,ok,2601,0,103,192.00,460201984,604819456,114090264,95883264,18123768,2904,11174640,16758576,1354742,17170,17170,0,0,6,0,0,0,0,0,0.070,0.070,0.000,0,0,0,17170,17170,0,0
travel,80.108,1923.7,1488.788,1488.788,fly,0.928,ok,2601,0,0,192.00,460201984,604819456,114090264,95883264,18123768,2904,11174640,22132800,1375386,17170,17170,0,0,0,0,0,0,0,0,0.069,0.085,0.000,0,0,0,17170,17170,0,0
travel,80.139,1924.5,1489.305,1489.305,fly,0.861,ok,2601,0,0,192.00,460201984,604819456,114090264,95883264,18123768,2904,11174640,22132800,1375386,17170,17170,0,0,0,0,0,0,0,0,0.067,0.063,0.000,0,0,0,17170,17170,0,0
travel,80.170,1925.2,1489.827,1489.827,fly,0.863,ok,2601,0,0,192.00,460201984,604819456,114090264,95883264,18123768,2904,11174640,22132800,1375386,17170,17170,0,0,0,0,0,0,0,0,0.068,0.066,0.000,0,0,0,17170,17170,0,0
travel,80.202,1926.0,1490.371,1490.371,fly,0.870,ok,2601,0,0,192.00,460201984,604819456,114090264,95883264,18123768,2904,11174640,22132800,1375386,17170,17170,0,0,0,0,0,0,0,0,0.070,0.070,0.000,0,0,0,17170,17170,0,0
travel,80.232,1926.7,1490.891,1490.891,fly,0.872,ok,2601,0,0,192.00,460201984,604819456,114090264,95883264,18123768,2904,7449760,22132800,1375386,17170,17170,0,0,0,0,0,0,0,0,0.071,0.068,0.000,0,0,0,17170,17170,0,0
travel,80.263,1927.5,1491.416,1491.416,fly,1.274,ok,2601,0,0,192.00,460201984,604819456,114090264,95883264,18123768,2904,7449760,22132800,1375386,17170,17170,0,0,0,0,0,0,0,0,0.471,0.077,0.000,0,0,0,17170,17170,0,0
travel,80.294,1928.2,1491.938,1491.938,fly,0.993,ok,2601,0,0,192.00,460201984,604819456,114090264,95883264,18123768,2904,7449760,22132800,1375386,17170,17170,0,0,0,0,0,0,0,0,0.076,0.112,0.000,0,0,0,17170,17170,0,0
travel,80.325,1928.9,1492.462,1492.462,fly,0.954,ok,2601,0,0,192.00,460201984,604819456,114090264,95883264,18123768,2904,7449760,22132800,1375386,17170,17170,0,0,0,0,0,0,0,0,0.070,0.126,0.000,0,0,0,17170,17170,0,0
travel,80.355,1929.7,1492.987,1492.987,fly,0.877,ok,2601,0,0,192.00,460201984,604819456,114090264,95883264,18123768,2904,7449760,22132800,1375386,17170,17170,0,0,0,0,0,0,0,0,0.069,0.073,0.000,0,0,0,17170,17170,0,0
travel,80.386,1930.4,1493.511,1493.511,fly,0.887,ok,2601,0,0,192.00,460201984,604819456,114090264,95883264,18123768,2904,7449760,22132800,1375386,17170,17170,0,0,0,0,0,0,0,0,0.069,0.074,0.000,0,0,0,17170,17170,0,0
travel,80.417,1931.2,1494.037,1494.037,fly,0.949,ok,2601,0,0,192.00,460201984,604819456,114090264,95883264,18123768,2904,7449760,22132800,1375386,17170,17170,0,0,0,0,0,0,0,0,0.076,0.108,0.000,0,0,0,17170,17170,0,0
travel,80.448,1931.9,1494.552,1494.552,fly,0.902,ok,2601,0,0,192.00,460201984,604819456,114090264,95883264,18123768,2904,7449760,22132800,1375386,17170,17170,0,0,0,0,0,0,0,0,0.069,0.074,0.000,0,0,0,17170,17170,0,0
travel,80.478,1932.6,1495.068,1495.068,fly,0.858,ok,2601,0,0,192.00,460201984,604819456,114090264,95883264,18123768,2904,7449760,22132800,1375386,17170,17170,0,0,0,0,0,0,0,0,0.067,0.069,0.000,0,0,0,17170,17170,0,0
travel,80.508,1933.4,1495.586,1495.586,fly,0.899,ok,2601,0,0,192.00,460201984,604819456,114090264,95883264,18123768,2904,7449760,22132800,1375386,17170,17170,0,0,0,0,0,0,0,0,0.069,0.073,0.000,0,0,0,17170,17170,0,0
travel,80.547,1934.3,1496.235,1496.235,fly,0.855,ok,2601,0,128,192.00,460201984,604819456,114090264,95883264,18123768,2904,11174640,15454176,1401937,17271,17271,0,0,7,0,0,0,0,0,0.070,0.067,0.000,0,0,0,17271,17271,0,0
travel,80.577,1935.0,1496.759,1496.759,fly,0.877,ok,2601,0,0,192.00,460201984,604819456,114090264,95883264,18123768,2904,11174640,22132800,1429414,17271,17271,0,0,0,0,0,0,0,0,0.071,0.074,0.000,0,0,0,17271,17271,0,0
travel,80.608,1935.7,1497.271,1497.271,fly,0.842,ok,2601,0,0,192.00,460201984,604819456,114090264,95883264,18123768,2904,11174640,22132800,1429414,17271,17271,0,0,0,0,0,0,0,0,0.068,0.069,0.000,0,0,0,17271,17271,0,0
travel,80.638,1936.5,1497.788,1497.788,fly,0.877,ok,2601,0,0,192.00,460201984,604819456,114090264,95883264,18123768,2904,11174640,22132800,1429414,17271,17271,0,0,0,0,0,0,0,0,0.071,0.070,0.000,0,0,0,17271,17271,0,0
travel,80.668,1937.2,1498.299,1498.299,fly,0.847,ok,2601,0,0,192.00,460201984,604819456,114090264,95883264,18123768,2904,11174640,22132800,1429414,17271,17271,0,0,0,0,0,0,0,0,0.070,0.069,0.000,0,0,0,17271,17271,0,0
travel,80.698,1937.9,1498.811,1498.811,fly,0.939,ok,2601,0,0,192.00,460201984,604819456,114090264,95883264,18123768,2904,7449760,22132800,1429414,17271,17271,0,0,0,0,0,0,0,0,0.077,0.120,0.000,0,0,0,17271,17271,0,0
travel,80.728,1938.6,1499.327,1499.327,fly,0.922,ok,2601,0,0,192.00,460201984,604819456,114090264,95883264,18123768,2904,7449760,22132800,1429414,17271,17271,0,0,0,0,0,0,0,0,0.136,0.067,0.000,0,0,0,17271,17271,0,0
travel,80.759,1939.4,1499.844,1499.844,fly,0.988,ok,2601,0,0,192.00,460201984,604819456,114090264,95883264,18123768,2904,7449760,22132800,1429414,17271,17271,0,0,0,0,0,0,0,0,0.079,0.109,0.000,0,0,0,17271,17271,0,0
travel,80.790,1940.1,1500.368,1500.368,fly,1.254,ok,2601,0,0,192.00,460201984,604819456,114090264,95883264,18123768,2904,7449760,22132800,1429414,17271,17271,0,0,0,0,0,0,0,0,0.083,0.115,0.000,0,0,0,17271,17271,0,0
travel,80.823,1940.9,1500.938,1500.938,fly,0.935,ok,2601,0,0,192.00,460201984,604819456,114090264,95883264,18123768,2904,7449760,22132800,1429414,17271,17271,0,0,0,0,0,0,0,0,0.068,0.112,0.000,0,0,0,17271,17271,0,0
travel,80.856,1941.7,1501.490,1501.490,fly,0.876,ok,2601,0,0,192.00,460201984,604819456,114090264,95883264,18123768,2904,7449760,22132800,1429414,17271,17271,0,0,0,0,0,0,0,0,0.066,0.070,0.000,0,0,0,17271,17271,0,0
travel,80.890,1942.5,1502.064,1502.064,fly,0.872,ok,2601,0,0,192.00,460201984,604819456,114090264,95883264,18123768,2904,7449760,22132800,1429414,17271,17271,0,0,0,0,0,0,0,0,0.067,0.071,0.000,0,0,0,17271,17271,0,0
travel,80.921,1943.3,1502.592,1502.592,fly,0.934,ok,2601,0,0,192.00,460201984,604819456,114090264,95883264,18123768,2904,7449760,22132800,1429414,17271,17271,0,0,0,0,0,0,0,0,0.070,0.102,0.000,0,0,0,17271,17271,0,0
travel,80.952,1944.0,1503.131,1503.131,fly,0.859,ok,2601,0,0,192.00,460201984,604819456,114090264,95883264,18123768,2904,7449760,22132800,1429414,17271,17271,0,0,0,0,0,0,0,0,0.065,0.069,0.000,0,0,0,17271,17271,0,0
travel,80.983,1944.8,1503.649,1503.649,fly,0.861,ok,2601,0,0,192.00,460201984,604819456,114090264,95883264,18123768,2904,7449760,22132800,1429414,17271,17271,0,0,0,0,0,0,0,0,0.066,0.069,0.000,0,0,0,17271,17271,0,0
travel,81.022,1945.7,1504.319,1504.319,fly,0.876,ok,2601,0,123,192.00,460201984,604819456,114090264,95883264,18123768,2904,11174640,15715056,1239422,17372,17372,0,0,2,0,0,0,0,0,0.068,0.067,0.000,0,0,0,17372,17372,0,0
travel,81.055,1946.5,1504.869,1504.869,fly,0.867,ok,2601,0,0,192.00,460201984,604819456,114090264,95883264,18123768,2904,11174640,22132800,1264944,17372,17372,0,0,0,0,0,0,0,0,0.067,0.066,0.000,0,0,0,17372,17372,0,0
travel,81.085,1947.2,1505.387,1505.387,fly,1.048,ok,2601,0,0,192.00,460201984,604819456,114090264,95883264,18123768,2904,11174640,22132800,1264944,17372,17372,0,0,0,0,0,0,0,0,0.232,0.071,0.000,0,0,0,17372,17372,0,0
travel,81.115,1947.9,1505.902,1505.902,fly,0.870,ok,2601,0,0,192.00,460201984,604819456,114090264,95883264,18123768,2904,11174640,22132800,1264944,17372,17372,0,0,0,0,0,0,0,0,0.067,0.067,0.000,0,0,0,17372,17372,0,0
travel,81.146,1948.7,1506.421,1506.421,fly,0.867,ok,2601,0,0,192.00,460201984,604819456,114090264,95883264,18123768,2904,11174640,22132800,1264944,17372,17372,0,0,0,0,0,0,0,0,0.068,0.068,0.000,0,0,0,17372,17372,0,0
travel,81.176,1949.4,1506.939,1506.939,fly,0.861,ok,2601,0,0,192.00,460201984,604819456,114090264,95883264,18123768,2904,7449760,22132800,1264944,17372,17372,0,0,0,0,0,0,0,0,0.070,0.069,0.000,0,0,0,17372,17372,0,0
travel,81.207,1950.1,1507.455,1507.455,fly,0.866,ok,2601,0,0,192.00,460201984,604819456,114090264,95883264,18123768,2904,7449760,22132800,1264944,17372,17372,0,0,0,0,0,0,0,0,0.068,0.069,0.000,0,0,0,17372,17372,0,0
travel,81.237,1950.9,1507.972,1507.972,fly,0.889,ok,2601,0,0,192.00,460201984,604819456,114090264,95883264,18123768,2904,7449760,22132800,1264944,17372,17372,0,0,0,0,0,0,0,0,0.072,0.075,0.000,0,0,0,17372,17372,0,0
travel,81.267,1951.6,1508.486,1508.486,fly,0.929,ok,2601,0,0,192.00,460201984,604819456,114090264,95883264,18123768,2904,7449760,22132800,1264944,17372,17372,0,0,0,0,0,0,0,0,0.070,0.085,0.000,0,0,0,17372,17372,0,0
travel,81.298,1952.3,1509.006,1509.006,fly,0.932,ok,2601,0,0,192.00,460201984,604819456,114090264,95883264,18123768,2904,7449760,22132800,1264944,17372,17372,0,0,0,0,0,0,0,0,0.068,0.071,0.000,0,0,0,17372,17372,0,0
travel,81.328,1953.1,1509.522,1509.522,fly,0.853,ok,2601,0,0,192.00,460201984,604819456,114090264,95883264,18123768,2904,7449760,22132800,1264944,17372,17372,0,0,0,0,0,0,0,0,0.068,0.070,0.000,0,0,0,17372,17372,0,0
travel,81.359,1953.8,1510.037,1510.037,fly,0.852,ok,2601,0,0,192.00,460201984,604819456,114090264,95883264,18123768,2904,7449760,22132800,1264944,17372,17372,0,0,0,0,0,0,0,0,0.069,0.072,0.000,0,0,0,17372,17372,0,0
travel,81.389,1954.5,1510.558,1510.558,fly,0.879,ok,2601,0,0,192.00,460201984,604819456,114090264,95883264,18123768,2904,7449760,22132800,1264944,17372,17372,0,0,0,0,0,0,0,0,0.068,0.075,0.000,0,0,0,17372,17372,0,0
travel,81.420,1955.3,1511.087,1511.087,fly,0.850,ok,2601,0,0,192.00,460201984,604819456,114090264,95883264,18123768,2904,7449760,22132800,1264944,17372,17372,0,0,0,0,0,0,0,0,0.067,0.067,0.000,0,0,0,17372,17372,0,0
travel,81.451,1956.0,1511.614,1511.614,fly,0.851,ok,2601,0,0,192.00,460201984,604819456,114090264,95883264,18123768,2904,7449760,22132800,1264944,17372,17372,0,0,0,0,0,0,0,0,0.068,0.072,0.000,0,0,0,17372,17372,0,0
travel,81.492,1957.0,1512.299,1512.299,fly,0.890,ok,2601,0,103,192.00,460201984,604819456,114090264,95883264,18123768,2904,11174640,16758576,1299692,17473,17473,0,0,4,0,0,0,0,0,0.071,0.077,0.000,0,0,0,17473,17473,0,0
travel,81.524,1957.8,1512.845,1512.845,fly,1.115,ok,2601,0,0,192.00,460201984,604819456,114090264,95883264,18123768,2904,11174640,22132800,1320160,17473,17473,0,0,0,0,0,0,0,0,0.149,0.118,0.000,0,0,0,17473,17473,0,0
travel,81.555,1958.5,1513.370,1513.370,fly,1.129,ok,2601,0,0,192.00,460201984,604819456,114090264,95883264,18123768,2904,11174640,22132800,1320160,17473,17473,0,0,0,0,0,0,0,0,0.242,0.091,0.000,0,0,0,17473,17473,0,0
travel,81.585,1959.2,1513.885,1513.885,fly,0.864,ok,2601,0,0,192.00,460201984,604819456,114090264,95883264,18123768,2904,11174640,22132800,1320160,17473,17473,0,0,0,0,0,0,0,0,0.069,0.069,0.000,0,0,0,17473,17473,0,0
travel,81.615,1960.0,1514.402,1514.402,fly,0.877,ok,2601,0,0,192.00,460201984,604819456,114090264,95883264,18123768,2904,7449760,22132800,1320160,17473,17473,0,0,0,0,0,0,0,0,0.071,0.071,0.000,0,0,0,17473,17473,0,0
travel,81.646,1960.7,1514.917,1514.917,fly,1.249,ok,2601,0,0,192.00,460201984,604819456,114090264,95883264,18123768,2904,7449760,22132800,1320160,17473,17473,0,0,0,0,0,0,0,0,0.452,0.066,0.000,0,0,0,17473,17473,0,0
travel,81.677,1961.4,1515.446,1515.446,fly,0.873,ok,2601,0,0,192.00,460201984,604819456,114090264,95883264,18123768,2904,7449760,22132800,1320160,17473,17473,0,0,0,0,0,0,0,0,0.068,0.070,0.000,0,0,0,17473,17473,0,0
travel,81.707,1962.2,1515.966,1515.966,fly,0.925,ok,2601,0,0,192.00,460201984,604819456,114090264,95883264,18123768,2904,7449760,22132800,1320160,17473,17473,0,0,0,0,0,0,0,0,0.076,0.075,0.000,0,0,0,17473,17473,0,0
travel,81.738,1962.9,1516.483,1516.483,fly,0.960,ok,2601,0,0,192.00,460201984,604819456,114090264,95883264,18123768,2904,7449760,22132800,1320160,17473,17473,0,0,0,0,0,0,0,0,0.147,0.072,0.000,0,0,0,17473,17473,0,0
travel,81.768,1963.6,1516.998,1516.998,fly,0.872,ok,2601,0,0,192.00,460201984,604819456,114090264,95883264,18123768,2904,7449760,22132800,1320160,17473,17473,0,0,0,0,0,0,0,0,0.068,0.069,0.000,0,0,0,17473,17473,0,0
travel,81.799,1964.4,1517.516,1517.516,fly,0.883,ok,2601,0,0,192.00,460201984,604819456,114090264,95883264,18123768,2904,7449760,22132800,1320160,17473,17473,0,0,0,0,0,0,0,0,0.069,0.073,0.000,0,0,0,17473,17473,0,0
travel,81.829,1965.1,1518.029,1518.029,fly,0.863,ok,2601,0,0,192.00,460201984,604819456,114090264,95883264,18123768,2904,7449760,22132800,1320160,17473,17473,0,0,0,0,0,0,0,0,0.066,0.069,0.000,0,0,0,17473,17473,0,0
travel,81.859,1965.8,1518.548,1518.548,fly,0.870,ok,2601,0,0,192.00,460201984,604819456,114090264,95883264,18123768,2904,7449760,22132800,1320160,17473,17473,0,0,0,0,0,0,0,0,0.067,0.069,0.000,0,0,0,17473,17473,0,0
travel,81.890,1966.6,1519.072,1519.072,fly,0.944,ok,2601,0,0,192.00,460201984,604819456,114090264,95883264,18123768,2904,7449760,22132800,1320160,17473,17473,0,0,0,0,0,0,0,0,0.135,0.074,0.000,0,0,0,17473,17473,0,0
travel,81.920,1967.3,1519.584,1519.584,fly,0.893,ok,2601,0,0,192.00,460201984,604819456,114090264,95883264,18123768,2904,7449760,22132800,1320160,17473,17473,0,0,0,0,0,0,0,0,0.068,0.075,0.000,0,0,0,17473,17473,0,0
travel,81.959,1968.2,1520.247,1520.247,fly,0.952,ok,2601,0,116,192.00,460201984,604819456,114090264,95883264,18123768,2904,11174640,16080288,1350732,17574,17574,0,0,7,0,0,0,0,0,0.145,0.069,0.000,0,0,0,17574,17574,0,0
travel,81.990,1969.0,1520.775,1520.775,fly,0.904,ok,2601,0,0,192.00,460201984,604819456,114090264,95883264,18123768,2904,11174640,22132800,1375164,17574,17574,0,0,0,0,0,0,0,0,0.070,0.078,0.000,0,0,0,17574,17574,0,0
travel,82.021,1969.7,1521.289,1521.289,fly,0.865,ok,2601,0,0,192.00,460201984,604819456,114090264,95883264,18123768,2904,11174640,22132800,1375164,17574,17574,0,0,0,0,0,0,0,0,0.069,0.070,0.000,0,0,0,17574,17574,0,0
travel,82.051,1970.4,1521.803,1521.803,fly,1.025,ok,2601,0,0,192.00,460201984,604819456,114090264,95883264,18123768,2904,11174640,22132800,1375164,17574,17574,0,0,0,0,0,0,0,0,0.103,0.111,0.000,0,0,0,17574,17574,0,0
travel,82.082,1971.2,1522.327,1522.327,fly,0.869,ok,2601,0,0,192.00,460201984,604819456,114090264,95883264,18123768,2904,11174640,22132800,1375164,17574,17574,0,0,0,0,0,0,0,0,0.068,0.068,0.000,0,0,0,17574,17574,0,0
travel,82.112,1971.9,1522.844,1522.844,fly,0.848,ok,2601,0,0,192.00,460201984,604819456,114090264,95883264,18123768,2904,7449760,22132800,1375164,17574,17574,0,0,0,0,0,0,0,0,0.069,0.070,0.000,0,0,0,17574,17574,0,0
travel,82.143,1972.6,1523.362,1523.362,fly,0.877,ok,2601,0,0,192.00,460201984,604819456,114090264,95883264,18123768,2904,7449760,22132800,1375164,17574,17574,0,0,0,0,0,0,0,0,0.071,0.069,0.000,0,0,0,17574,17574,0,0
travel,82.173,1973.4,1523.875,1523.875,fly,0.898,ok,2601,0,0,192.00,460201984,604819456,114090264,95883264,18123768,2904,7449760,22132800,1375164,17574,17574,0,0,0,0,0,0,0,0,0.070,0.074,0.000,0,0,0,17574,17574,0,0
travel,82.203,1974.1,1524.395,1524.395,fly,0.921,ok,2601,0,0,192.00,460201984,604819456,114090264,95883264,18123768,2904,7449760,22132800,1375164,17574,17574,0,0,0,0,0,0,0,0,0.071,0.079,0.000,0,0,0,17574,17574,0,0
travel,82.234,1974.8,1524.923,1524.923,fly,0.890,ok,2601,0,0,192.00,460201984,604819456,114090264,95883264,18123768,2904,7449760,22132800,1375164,17574,17574,0,0,0,0,0,0,0,0,0.094,0.067,0.000,0,0,0,17574,17574,0,0
travel,82.265,1975.6,1525.441,1525.441,fly,0.873,ok,2601,0,0,192.00,460201984,604819456,114090264,95883264,18123768,2904,7449760,22132800,1375164,17574,17574,0,0,0,0,0,0,0,0,0.067,0.068,0.000,0,0,0,17574,17574,0,0
travel,82.296,1976.3,1525.962,1525.962,fly,0.890,ok,2601,0,0,192.00,460201984,604819456,114090264,95883264,18123768,2904,7449760,22132800,1375164,17574,17574,0,0,0,0,0,0,0,0,0.067,0.077,0.000,0,0,0,17574,17574,0,0
travel,82.326,1977.1,1526.486,1526.486,fly,0.883,ok,2601,0,0,192.00,460201984,604819456,114090264,95883264,18123768,2904,7449760,22132800,1375164,17574,17574,0,0,0,0,0,0,0,0,0.068,0.074,0.000,0,0,0,17574,17574,0,0
travel,82.356,1977.8,1526.996,1526.996,fly,0.868,ok,2601,0,0,192.00,460201984,604819456,114090264,95883264,18123768,2904,7449760,22132800,1375164,17574,17574,0,0,0,0,0,0,0,0,0.069,0.069,0.000,0,0,0,17574,17574,0,0
travel,82.388,1978.5,1527.527,1527.527,fly,0.855,ok,2601,0,0,192.00,460201984,604819456,114090264,95883264,18123768,2904,7449760,22132800,1375164,17574,17574,0,0,0,0,0,0,0,0,0.068,0.068,0.000,0,0,0,17574,17574,0,0
travel,82.424,1979.4,1528.150,1528.150,fly,2.826,ok,2601,0,148,192.00,460201984,604819456,114090264,95883264,18123768,2904,11174640,14410656,1395775,17675,17675,28,0,56,28,28,0,0,0,0.080,0.078,0.000,0,0,0,17675,17675,0,0
travel,82.456,1980.2,1528.696,1528.696,fly,0.898,ok,2601,0,0,192.00,460201984,604819456,114090264,95883264,18123768,2904,11174640,22132800,1428528,17675,17675,0,0,0,0,0,0,0,0,0.085,0.068,0.000,0,0,0,17675,17675,0,0
travel,82.488,1980.9,1529.231,1529.231,fly,0.878,ok,2601,0,0,192.00,460201984,604819456,114090264,95883264,18123768,2904,11174640,22132800,1428528,17675,17675,0,0,0,0,0,0,0,0,0.069,0.070,0.000,0,0,0,17675,17675,0,0
travel,82.518,1981.7,1529.751,1529.751,fly,0.885,ok,2601,0,0,192.00,460201984,604819456,114090264,95883264,18123768,2904,11174640,22132800,1428528,17675,17675,0,0,0,0,0,0,0,0,0.068,0.073,0.000,0,0,0,17675,17675,0,0
travel,82.549,1982.4,1530.272,1530.272,fly,0.856,ok,2601,0,0,192.00,460201984,604819456,114090264,95883264,18123768,2904,11174640,22132800,1428528,17675,17675,0,0,0,0,0,0,0,0,0.070,0.070,0.000,0,0,0,17675,17675,0,0
travel,82.580,1983.1,1530.797,1530.797,fly,1.912,ok,2601,0,0,192.00,460201984,604819456,114090264,95883264,18123768,2904,7449760,22132800,1428528,17675,17675,0,0,0,0,0,0,0,0,0.904,0.175,0.000,0,0,0,17675,17675,0,0
travel,82.615,1984.0,1531.395,1531.395,fly,0.866,ok,2601,0,0,192.00,460201984,604819456,114090264,95883264,18123768,2904,7449760,22132800,1428528,17675,17675,0,0,0,0,0,0,0,0,0.068,0.074,0.000,0,0,0,17675,17675,0,0
travel,82.649,1984.8,1531.967,1531.967,fly,1.190,ok,2601,0,0,192.00,460201984,604819456,114090264,95883264,18123768,2904,7449760,22132800,1428528,17675,17675,0,0,0,0,0,0,0,0,0.071,0.097,0.000,0,0,0,17675,17675,0,0
travel,82.682,1985.6,1532.524,1532.524,fly,0.882,ok,2601,0,0,192.00,460201984,604819456,114090264,95883264,18123768,2904,7449760,22132800,1428528,17675,17675,0,0,0,0,0,0,0,0,0.068,0.072,0.000,0,0,0,17675,17675,0,0
travel,82.713,1986.3,1533.054,1533.054,fly,0.867,ok,2601,0,0,192.00,460201984,604819456,114090264,95883264,18123768,2904,7449760,22132800,1428528,17675,17675,0,0,0,0,0,0,0,0,0.070,0.069,0.000,0,0,0,17675,17675,0,0
travel,82.743,1987.1,1533.567,1533.567,fly,0.941,ok,2601,0,0,192.00,460201984,604819456,114090264,95883264,18123768,2904,7449760,22132800,1428528,17675,17675,0,0,0,0,0,0,0,0,0.137,0.071,0.000,0,0,0,17675,17675,0,0
travel,82.774,1987.8,1534.101,1534.101,fly,0.886,ok,2601,0,0,192.00,460201984,604819456,114090264,95883264,18123768,2904,7449760,22132800,1428528,17675,17675,0,0,0,0,0,0,0,0,0.090,0.070,0.000,0,0,0,17675,17675,0,0
travel,82.805,1988.6,1534.619,1534.619,fly,0.857,ok,2601,0,0,192.00,460201984,604819456,114090264,95883264,18123768,2904,7449760,22132800,1428528,17675,17675,0,0,0,0,0,0,0,0,0.066,0.067,0.000,0,0,0,17675,17675,0,0
travel,82.835,1989.3,1535.131,1535.131,fly,0.884,ok,2601,0,0,192.00,460201984,604819456,114090264,95883264,18123768,2904,7449760,22132800,1428528,17675,17675,0,0,0,0,0,0,0,0,0.068,0.075,0.000,0,0,0,17675,17675,0,0
travel,82.866,1990.0,1535.651,1535.651,fly,0.873,ok,2601,0,0,192.00,460201984,604819456,114090264,95883264,18123768,2904,7449760,22132800,1428528,17675,17675,0,0,0,0,0,0,0,0,0.066,0.071,0.000,0,0,0,17675,17675,0,0
travel,82.905,1991.0,1536.318,1536.318,fly,0.893,ok,2601,0,113,192.00,460206080,604819456,114090264,95883264,18123768,2904,11174640,16236816,1292684,17776,17776,0,0,0,0,0,0,0,0,0.071,0.071,0.000,0,0,0,17776,17776,0,0
travel,82.935,1991.7,1536.836,1536.836,fly,0.865,ok,2601,0,0,192.00,460206080,604819456,114090264,95883264,18123768,2904,11174640,22132800,1260682,17776,17776,0,0,0,0,0,0,0,0,0.068,0.070,0.000,0,0,0,17776,17776,0,0
travel,82.966,1992.4,1537.355,1537.355,fly,0.863,ok,2601,0,0,192.00,460206080,604819456,114090264,95883264,18123768,2904,11174640,22132800,1260682,17776,17776,0,0,0,0,0,0,0,0,0.068,0.068,0.000,0,0,0,17776,17776,0,0
travel,82.996,1993.2,1537.871,1537.871,fly,0.858,ok,2601,0,0,192.00,460206080,604819456,114090264,95883264,18123768,2904,11174640,22132800,1260682,17776,17776,0,0,0,0,0,0,0,0,0.069,0.069,0.000,0,0,0,17776,17776,0,0
travel,83.026,1993.9,1538.383,1538.383,fly,0.851,ok,2601,0,0,192.00,460206080,604819456,114090264,95883264,18123768,2904,11174640,22132800,1260682,17776,17776,0,0,0,0,0,0,0,0,0.068,0.067,0.000,0,0,0,17776,17776,0,0
travel,83.056,1994.6,1538.894,1538.894,fly,0.926,ok,2601,0,0,192.00,460206080,604819456,114090264,95883264,18123768,2904,7449760,22132800,1260682,17776,17776,0,0,0,0,0,0,0,0,0.138,0.063,0.000,0,0,0,17776,17776,0,0
travel,83.087,1995.3,1539.407,1539.407,fly,0.871,ok,2601,0,0,192.00,460206080,604819456,114090264,95883264,18123768,2904,7449760,22132800,1260682,17776,17776,0,0,0,0,0,0,0,0,0.068,0.068,0.000,0,0,0,17776,17776,0,0
travel,83.117,1996.1,1539.924,1539.924,fly,0.869,ok,2601,0,0,192.00,460206080,604819456,114090264,95883264,18123768,2904,7449760,22132800,1260682,17776,17776,0,0,0,0,0,0,0,0,0.068,0.067,0.000,0,0,0,17776,17776,0,0
travel,83.148,1996.8,1540.444,1540.444,fly,0.926,ok,2601,0,0,192.00,460206080,604819456,114090264,95883264,18123768,2904,7449760,22132800,1260682,17776,17776,0,0,0,0,0,0,0,0,0.070,0.085,0.000,0,0,0,17776,17776,0,0
travel,83.178,1997.5,1540.959,1540.959,fly,0.865,ok,2601,0,0,192.00,460206080,604819456,114090264,95883264,18123768,2904,7449760,22132800,1260682,17776,17776,0,0,0,0,0,0,0,0,0.072,0.067,0.000,0,0,0,17776,17776,0,0
travel,83.209,1998.3,1541.486,1541.486,fly,0.870,ok,2601,0,0,192.00,460206080,604819456,114090264,95883264,18123768,2904,7449760,22132800,1260682,17776,17776,0,0,0,0,0,0,0,0,0.067,0.068,0.000,0,0,0,17776,17776,0,0
travel,83.240,1999.0,1542.013,1542.013,fly,0.926,ok,2601,0,0,192.00,460206080,604819456,114090264,95883264,18123768,2904,7449760,22132800,1260682,17776,17776,0,0,0,0,0,0,0,0,0.068,0.071,0.000,0,0,0,17776,17776,0,0
travel,83.270,1999.7,1542.526,1542.526,fly,0.901,ok,2601,0,0,192.00,460206080,604819456,114090264,95883264,18123768,2904,7449760,22132800,1260682,17776,17776,0,0,0,0,0,0,0,0,0.067,0.078,0.000,0,0,0,17776,17776,0,0
drain,83.281,2000.0,1542.717,1542.717,fly,26.495,draw_submit,2601,0,0,192.00,460226560,604819456,114090264,95883264,18123768,2601,0,22132800,1339034,17776,17776,0,0,0,0,0,0,303,0,0.187,0.203,0.000,0,0,0,17776,17776,0,0
travel,83.302,2000.5,1543.062,1543.062,fly,0.909,ok,2601,0,0,192.00,460234752,604819456,114090264,95883264,18123768,2601,0,22132800,1339034,17776,17776,0,0,0,0,0,0,0,0,0.066,0.068,0.000,0,0,0,17776,17776,0,0
travel,83.332,2001.2,1543.575,1543.575,fly,0.921,ok,2601,0,0,192.00,460234752,604819456,114090264,95883264,18123768,2601,0,22132800,1339034,17776,17776,0,0,0,0,0,0,0,0,0.067,0.070,0.000,0,0,0,17776,17776,0,0
travel,83.370,2002.1,1544.219,1544.219,fly,0.919,ok,2601,0,125,192.00,460234752,604819456,114090264,95883264,18123768,2702,3724880,15610704,1366243,17877,17877,0,0,7,0,0,0,0,0,0.068,0.068,0.000,0,0,0,17877,17877,0,0
travel,83.400,2002.9,1544.741,1544.741,fly,0.921,ok,2601,0,0,192.00,460242944,604819456,114090264,95883264,18123768,2702,3724880,22132800,1392286,17877,17877,0,0,0,0,0,0,0,0,0.068,0.070,0.000,0,0,0,17877,17877,0,0
travel,83.431,2003.6,1545.266,1545.266,fly,1.042,ok,2601,0,0,192.00,460242944,604819456,114090264,95883264,18123768,2702,3724880,22132800,1392286,17877,17877,0,0,0,0,0,0,0,0,0.193,0.072,0.000,0,0,0,17877,17877,0,0
travel,83.462,2004.3,1545.781,1545.781,fly,0.897,ok,2601,0,0,192.00,460242944,604819456,114090264,95883264,18123768,2702,3724880,22132800,1392286,17877,17877,0,0,0,0,0,0,0,0,0.067,0.069,0.000,0,0,0,17877,17877,0,0
travel,83.492,2005.1,1546.297,1546.297,fly,1.224,ok,2601,0,0,192.00,460242944,604819456,114090264,95883264,18123768,2702,3724880,22132800,1392286,17877,17877,0,0,0,0,0,0,0,0,0.382,0.075,0.000,0,0,0,17877,17877,0,0
travel,83.523,2005.8,1546.821,1546.821,fly,0.916,ok,2601,0,0,192.00,460242944,604819456,114090264,95883264,18123768,2702,3724880,22132800,1392286,17877,17877,0,0,0,0,0,0,0,0,0.070,0.074,0.000,0,0,0,17877,17877,0,0
travel,83.554,2006.5,1547.344,1547.344,fly,0.888,ok,2601,0,0,192.00,460308480,604819456,114090264,95883264,18123768,2702,3724880,22132800,1392286,17877,17877,0,0,0,0,0,0,0,0,0.068,0.066,0.000,0,0,0,17877,17877,0,0
travel,83.584,2007.3,1547.860,1547.860,fly,0.898,ok,2601,0,0,192.00,460308480,604819456,114090264,95883264,18123768,2702,3724880,22132800,1392286,17877,17877,0,0,0,0,0,0,0,0,0.067,0.068,0.000,0,0,0,17877,17877,0,0
travel,83.614,2008.0,1548.375,1548.375,fly,0.979,ok,2601,0,0,192.00,460308480,604819456,114090264,95883264,18123768,2702,3724880,22132800,1392286,17877,17877,0,0,0,0,0,0,0,0,0.069,0.085,0.000,0,0,0,17877,17877,0,0
travel,83.644,2008.7,1548.889,1548.889,fly,0.914,ok,2601,0,0,192.00,460308480,604819456,114090264,95883264,18123768,2702,3724880,22132800,1392286,17877,17877,0,0,0,0,0,0,0,0,0.066,0.070,0.000,0,0,0,17877,17877,0,0
travel,83.675,2009.5,1549.410,1549.410,fly,0.915,ok,2601,0,0,192.00,460308480,604819456,114090264,95883264,18123768,2702,3724880,22132800,1392286,17877,17877,0,0,0,0,0,0,0,0,0.067,0.070,0.000,0,0,0,17877,17877,0,0
travel,83.706,2010.2,1549.927,1549.927,fly,0.970,ok,2601,0,0,192.00,460308480,604819456,114090264,95883264,18123768,2702,3724880,22132800,1392286,17877,17877,0,0,0,0,0,0,0,0,0.068,0.079,0.000,0,0,0,17877,17877,0,0
travel,83.736,2010.9,1550.441,1550.441,fly,1.258,ok,2601,0,0,192.00,460308480,604819456,114090264,95883264,18123768,2702,3724880,22132800,1392286,17877,17877,0,0,0,0,0,0,0,0,0.420,0.062,0.000,0,0,0,17877,17877,0,0
travel,83.766,2011.7,1550.961,1550.961,fly,0.938,ok,2601,0,0,192.00,460308480,604819456,114090264,95883264,18123768,2702,3724880,22132800,1392286,17877,17877,0,0,0,0,0,0,0,0,0.067,0.079,0.000,0,0,0,17877,17877,0,0
travel,83.797,2012.4,1551.478,1551.478,fly,0.948,ok,2601,0,0,192.00,460308480,604819456,114090264,95883264,18123768,2702,3724880,22132800,1392286,17877,17877,0,0,0,0,0,0,0,0,0.065,0.071,0.000,0,0,0,17877,17877,0,0
travel,83.827,2013.1,1551.997,1551.997,fly,0.933,ok,2601,0,0,192.00,460308480,604819456,114090264,95883264,18123768,2702,3724880,22132800,1392286,17877,17877,0,0,0,0,0,0,0,0,0.066,0.075,0.000,0,0,0,17877,17877,0,0
travel,83.867,2014.1,1552.670,1552.670,fly,0.898,ok,2601,0,0,192.00,460312576,604819456,114090264,95883264,18123768,2803,7449760,22132800,1447726,17978,17978,0,0,0,0,0,0,0,0,0.069,0.066,0.000,0,0,0,17978,17978,0,0
travel,83.898,2014.8,1553.191,1553.191,fly,0.979,ok,2601,0,0,192.00,460312576,604819456,114090264,95883264,18123768,2803,7449760,22132800,1447726,17978,17978,0,0,0,0,0,0,0,0,0.072,0.085,0.000,0,0,0,17978,17978,0,0
travel,83.928,2015.5,1553.704,1553.704,fly,0.903,ok,2601,0,0,192.00,460312576,604819456,114090264,95883264,18123768,2803,7449760,22132800,1447726,17978,17978,0,0,0,0,0,0,0,0,0.067,0.068,0.000,0,0,0,17978,17978,0,0
travel,83.959,2016.3,1554.234,1554.234,fly,0.941,ok,2601,0,0,192.00,460312576,604819456,114090264,95883264,18123768,2803,7449760,22132800,1447726,17978,17978,0,0,0,0,0,0,0,0,0.068,0.074,0.000,0,0,0,17978,17978,0,0
travel,83.990,2017.0,1554.768,1554.768,fly,0.940,ok,2601,0,0,192.00,460312576,604819456,114090264,95883264,18123768,2803,7449760,22132800,1447726,17978,17978,0,0,0,0,0,0,0,0,0.068,0.074,0.000,0,0,0,17978,17978,0,0
travel,84.022,2017.8,1555.297,1555.297,fly,0.907,ok,2601,0,0,192.00,460312576,604819456,114090264,95883264,18123768,2803,7449760,22132800,1447726,17978,17978,0,0,0,0,0,0,0,0,0.068,0.071,0.000,0,0,0,17978,17978,0,0
travel,84.053,2018.5,1555.827,1555.827,fly,0.914,ok,2601,0,0,192.00,460312576,604819456,114090264,95883264,18123768,2803,7449760,22132800,1447726,17978,17978,0,0,0,0,0,0,0,0,0.069,0.075,0.000,0,0,0,17978,17978,0,0
travel,84.084,2019.3,1556.351,1556.351,fly,0.886,ok,2601,0,0,192.00,460312576,604819456,114090264,95883264,18123768,2803,7449760,22132800,1447726,17978,17978,0,0,0,0,0,0,0,0,0.067,0.071,0.000,0,0,0,17978,17978,0,0
travel,84.115,2020.0,1556.878,1556.878,fly,0.888,ok,2601,0,0,192.00,460312576,604819456,114090264,95883264,18123768,2803,7449760,22132800,1447726,17978,17978,0,0,0,0,0,0,0,0,0.068,0.069,0.000,0,0,0,17978,17978,0,0
travel,84.145,2020.8,1557.396,1557.396,fly,0.883,ok,2601,0,0,192.00,460312576,604819456,114090264,95883264,18123768,2803,7449760,22132800,1447726,17978,17978,0,0,0,0,0,0,0,0,0.066,0.074,0.000,0,0,0,17978,17978,0,0
travel,84.175,2021.5,1557.909,1557.909,fly,0.900,ok,2601,0,0,192.00,460312576,604819456,114090264,95883264,18123768,2803,7449760,22132800,1447726,17978,17978,0,0,0,0,0,0,0,0,0.066,0.067,0.000,0,0,0,17978,17978,0,0
travel,84.206,2022.2,1558.430,1558.430,fly,0.908,ok,2601,0,0,192.00,460312576,604819456,114090264,95883264,18123768,2803,7449760,22132800,1447726,17978,17978,0,0,0,0,0,0,0,0,0.067,0.070,0.000,0,0,0,17978,17978,0,0
travel,84.237,2023.0,1558.953,1558.953,fly,1.032,ok,2601,0,0,192.00,460312576,604819456,114090264,95883264,18123768,2803,7449760,22132800,1447726,17978,17978,0,0,0,0,0,0,0,0,0.074,0.109,0.000,0,0,0,17978,17978,0,0
travel,84.267,2023.7,1559.474,1559.474,fly,0.906,ok,2601,0,0,192.00,460312576,604819456,114090264,95883264,18123768,2803,7449760,22132800,1447726,17978,17978,0,0,0,0,0,0,0,0,0.068,0.068,0.000,0,0,0,17978,17978,0,0
travel,84.298,2024.4,1559.994,1559.994,fly,0.927,ok,2601,0,0,192.00,460312576,604819456,114090264,95883264,18123768,2803,7449760,22132800,1447726,17978,17978,0,0,0,0,0,0,0,0,0.071,0.082,0.000,0,0,0,17978,17978,0,0
travel,84.337,2025.4,1560.655,1560.655,fly,0.910,ok,2601,0,0,192.00,460267520,604819456,114090264,95883264,18123768,2904,11174640,22132800,1501326,18079,18079,0,0,0,0,0,0,0,0,0.069,0.077,0.000,0,0,0,18079,18079,0,0
travel,84.367,2026.1,1561.170,1561.170,fly,0.861,ok,2601,0,0,192.00,460267520,604819456,114090264,95883264,18123768,2904,11174640,22132800,1501326,18079,18079,0,0,0,0,0,0,0,0,0.067,0.067,0.000,0,0,0,18079,18079,0,0
travel,84.397,2026.8,1561.681,1561.681,fly,0.860,ok,2601,0,0,192.00,460267520,604819456,114090264,95883264,18123768,2904,11174640,22132800,1501326,18079,18079,0,0,0,0,0,0,0,0,0.066,0.070,0.000,0,0,0,18079,18079,0,0
travel,84.427,2027.5,1562.194,1562.194,fly,0.867,ok,2601,0,0,192.00,460267520,604819456,114090264,95883264,18123768,2904,7449760,22132800,1501326,18079,18079,0,0,0,0,0,0,0,0,0.066,0.070,0.000,0,0,0,18079,18079,0,0
travel,84.458,2028.3,1562.708,1562.708,fly,0.926,ok,2601,0,0,192.00,460267520,604819456,114090264,95883264,18123768,2904,7449760,22132800,1501326,18079,18079,0,0,0,0,0,0,0,0,0.141,0.065,0.000,0,0,0,18079,18079,0,0
travel,84.488,2029.0,1563.223,1563.223,fly,0.845,ok,2601,0,0,192.00,460267520,604819456,114090264,95883264,18123768,2904,7449760,22132800,1501326,18079,18079,0,0,0,0,0,0,0,0,0.065,0.070,0.000,0,0,0,18079,18079,0,0
travel,84.518,2029.7,1563.742,1563.742,fly,0.845,ok,2601,0,0,192.00,460267520,604819456,114090264,95883264,18123768,2904,7449760,22132800,1501326,18079,18079,0,0,0,0,0,0,0,0,0.066,0.068,0.000,0,0,0,18079,18079,0,0
travel,84.549,2030.5,1564.258,1564.258,fly,0.860,ok,2601,0,0,192.00,460267520,604819456,114090264,95883264,18123768,2904,7449760,22132800,1501326,18079,18079,0,0,0,0,0,0,0,0,0.066,0.071,0.000,0,0,0,18079,18079,0,0
travel,84.579,2031.2,1564.771,1564.771,fly,0.842,ok,2601,0,0,192.00,460267520,604819456,114090264,95883264,18123768,2904,7449760,22132800,1501326,18079,18079,0,0,0,0,0,0,0,0,0.067,0.068,0.000,0,0,0,18079,18079,0,0
travel,84.609,2031.9,1565.286,1565.286,fly,0.930,ok,2601,0,0,192.00,460267520,604819456,114090264,95883264,18123768,2904,7449760,22132800,1501326,18079,18079,0,0,0,0,0,0,0,0,0.143,0.070,0.000,0,0,0,18079,18079,0,0
travel,84.639,2032.6,1565.797,1565.797,fly,0.919,ok,2601,0,0,192.00,460267520,604819456,114090264,95883264,18123768,2904,7449760,22132800,1501326,18079,18079,0,0,0,0,0,0,0,0,0.141,0.069,0.000,0,0,0,18079,18079,0,0
travel,84.669,2033.4,1566.309,1566.309,fly,0.839,ok,2601,0,0,192.00,460267520,604819456,114090264,95883264,18123768,2904,7449760,22132800,1501326,18079,18079,0,0,0,0,0,0,0,0,0.064,0.068,0.000,0,0,0,18079,18079,0,0
travel,84.699,2034.1,1566.823,1566.823,fly,0.853,ok,2601,0,0,192.00,460267520,604819456,114090264,95883264,18123768,2904,7449760,22132800,1501326,18079,18079,0,0,0,0,0,0,0,0,0.066,0.069,0.000,0,0,0,18079,18079,0,0
travel,84.730,2034.8,1567.337,1567.337,fly,0.837,ok,2601,0,0,192.00,460267520,604819456,114090264,95883264,18123768,2904,7449760,22132800,1501326,18079,18079,0,0,0,0,0,0,0,0,0.065,0.066,0.000,0,0,0,18079,18079,0,0
travel,84.760,2035.5,1567.849,1567.849,fly,0.963,ok,2601,0,0,192.00,460267520,604819456,114090264,95883264,18123768,2904,7449760,22132800,1501326,18079,18079,0,0,0,0,0,0,0,0,0.142,0.077,0.000,0,0,0,18079,18079,0,0
travel,84.799,2036.5,1568.519,1568.519,fly,0.885,ok,2601,0,36,192.00,460189696,604819456,114090264,95883264,18123768,2904,11174640,20254368,1331022,18180,18180,0,0,7,0,0,0,0,0,0.072,0.075,0.000,0,0,0,18180,18180,0,0
travel,84.830,2037.2,1569.041,1569.041,fly,0.881,ok,2601,0,0,192.00,460189696,604819456,114090264,95883264,18123768,2904,11174640,22132800,1338036,18180,18180,0,0,0,0,0,0,0,0,0.068,0.080,0.000,0,0,0,18180,18180,0,0
travel,84.861,2038.0,1569.560,1569.560,fly,0.926,ok,2601,0,0,192.00,460189696,604819456,114090264,95883264,18123768,2904,11174640,22132800,1338036,18180,18180,0,0,0,0,0,0,0,0,0.070,0.079,0.000,0,0,0,18180,18180,0,0
travel,84.891,2038.7,1570.077,1570.077,fly,0.861,ok,2601,0,0,192.00,460189696,604819456,114090264,95883264,18123768,2904,11174640,22132800,1338036,18180,18180,0,0,0,0,0,0,0,0,0.069,0.066,0.000,0,0,0,18180,18180,0,0
travel,84.921,2039.4,1570.593,1570.593,fly,0.867,ok,2601,0,0,192.00,460189696,604819456,114090264,95883264,18123768,2904,11174640,22132800,1338036,18180,18180,0,0,0,0,0,0,0,0,0.070,0.070,0.000,0,0,0,18180,18180,0,0
travel,84.952,2040.2,1571.109,1571.109,fly,0.866,ok,2601,0,0,192.00,460189696,604819456,114090264,95883264,18123768,2904,7449760,22132800,1338036,18180,18180,0,0,0,0,0,0,0,0,0.068,0.070,0.000,0,0,0,18180,18180,0,0
travel,84.982,2040.9,1571.629,1571.629,fly,0.907,ok,2601,0,0,192.00,460189696,604819456,114090264,95883264,18123768,2904,7449760,22132800,1338036,18180,18180,0,0,0,0,0,0,0,0,0.068,0.079,0.000,0,0,0,18180,18180,0,0
travel,85.013,2041.6,1572.146,1572.146,fly,0.866,ok,2601,0,0,192.00,460189696,604819456,114090264,95883264,18123768,2904,7449760,22132800,1338036,18180,18180,0,0,0,0,0,0,0,0,0.069,0.070,0.000,0,0,0,18180,18180,0,0
travel,85.043,2042.3,1572.658,1572.658,fly,0.871,ok,2601,0,0,192.00,460189696,604819456,114090264,95883264,18123768,2904,7449760,22132800,1338036,18180,18180,0,0,0,0,0,0,0,0,0.067,0.076,0.000,0,0,0,18180,18180,0,0
travel,85.074,2043.1,1573.182,1573.182,fly,0.894,ok,2601,0,0,192.00,460189696,604819456,114090264,95883264,18123768,2904,7449760,22132800,1338036,18180,18180,0,0,0,0,0,0,0,0,0.068,0.075,0.000,0,0,0,18180,18180,0,0
travel,85.104,2043.8,1573.704,1573.704,fly,0.931,ok,2601,0,0,192.00,460189696,604819456,114090264,95883264,18123768,2904,7449760,22132800,1338036,18180,18180,0,0,0,0,0,0,0,0,0.071,0.082,0.000,0,0,0,18180,18180,0,0
travel,85.135,2044.6,1574.229,1574.229,fly,0.893,ok,2601,0,0,192.00,460189696,604819456,114090264,95883264,18123768,2904,7449760,22132800,1338036,18180,18180,0,0,0,0,0,0,0,0,0.073,0.073,0.000,0,0,0,18180,18180,0,0
travel,85.166,2045.3,1574.753,1574.753,fly,0.894,ok,2601,0,0,192.00,460189696,604819456,114090264,95883264,18123768,2904,7449760,22132800,1338036,18180,18180,0,0,0,0,0,0,0,0,0.067,0.073,0.000,0,0,0,18180,18180,0,0
travel,85.196,2046.0,1575.270,1575.270,fly,0.861,ok,2601,0,0,192.00,460189696,604819456,114090264,95883264,18123768,2904,7449760,22132800,1338036,18180,18180,0,0,0,0,0,0,0,0,0.071,0.086,0.000,0,0,0,18180,18180,0,0
travel,85.227,2046.8,1575.786,1575.786,fly,0.872,ok,2601,0,0,192.00,460189696,604819456,114090264,95883264,18123768,2904,7449760,22132800,1338036,18180,18180,0,0,0,0,0,0,0,0,0.066,0.075,0.000,0,0,0,18180,18180,0,0
travel,85.266,2047.7,1576.457,1576.457,fly,0.864,ok,2601,0,21,192.00,460189696,604819456,114090264,95883264,18123768,2904,11174640,21037008,1388731,18281,18281,0,0,12,0,0,0,0,0,0.070,0.071,0.000,0,0,0,18281,18281,0,0
travel,85.296,2048.4,1576.967,1576.967,fly,0.895,ok,2601,0,0,192.00,460189696,604819456,114090264,95883264,18123768,2904,11174640,22132800,1391828,18281,18281,0,0,0,0,0,0,0,0,0.072,0.073,0.000,0,0,0,18281,18281,0,0
travel,85.327,2049.2,1577.484,1577.484,fly,0.953,ok,2601,0,0,192.00,460189696,604819456,114090264,95883264,18123768,2904,11174640,22132800,1391828,18281,18281,0,0,0,0,0,0,0,0,0.142,0.071,0.000,0,0,0,18281,18281,0,0
travel,85.357,2049.9,1577.992,1577.992,fly,0.891,ok,2601,0,0,192.00,460189696,604819456,114090264,95883264,18123768,2904,11174640,22132800,1391828,18281,18281,0,0,0,0,0,0,0,0,0.069,0.074,0.000,0,0,0,18281,18281,0,0
travel,85.387,2050.6,1578.503,1578.503,fly,0.864,ok,2601,0,0,192.00,460189696,604819456,114090264,95883264,18123768,2904,11174640,22132800,1391828,18281,18281,0,0,0,0,0,0,0,0,0.069,0.071,0.000,0,0,0,18281,18281,0,0
travel,85.417,2051.3,1579.015,1579.015,fly,0.923,ok,2601,0,0,192.00,460189696,604819456,114090264,95883264,18123768,2904,7449760,22132800,1391828,18281,18281,0,0,0,0,0,0,0,0,0.068,0.069,0.000,0,0,0,18281,18281,0,0
travel,85.448,2052.1,1579.531,1579.531,fly,0.858,ok,2601,0,0,192.00,460189696,604819456,114090264,95883264,18123768,2904,7449760,22132800,1391828,18281,18281,0,0,0,0,0,0,0,0,0.067,0.067,0.000,0,0,0,18281,18281,0,0
travel,85.478,2052.8,1580.039,1580.039,fly,0.863,ok,2601,0,0,192.00,460189696,604819456,114090264,95883264,18123768,2904,7449760,22132800,1391828,18281,18281,0,0,0,0,0,0,0,0,0.068,0.069,0.000,0,0,0,18281,18281,0,0
travel,85.508,2053.5,1580.557,1580.557,fly,0.857,ok,2601,0,0,192.00,460189696,604819456,114090264,95883264,18123768,2904,7449760,22132800,1391828,18281,18281,0,0,0,0,0,0,0,0,0.067,0.070,0.000,0,0,0,18281,18281,0,0
travel,85.539,2054.2,1581.065,1581.065,fly,0.872,ok,2601,0,0,192.00,460189696,604819456,114090264,95883264,18123768,2904,7449760,22132800,1391828,18281,18281,0,0,0,0,0,0,0,0,0.070,0.071,0.000,0,0,0,18281,18281,0,0
travel,85.569,2055.0,1581.579,1581.579,fly,1.042,ok,2601,0,0,192.00,460189696,604819456,114090264,95883264,18123768,2904,7449760,22132800,1391828,18281,18281,0,0,0,0,0,0,0,0,0.152,0.110,0.000,0,0,0,18281,18281,0,0
travel,85.599,2055.7,1582.091,1582.091,fly,1.193,ok,2601,0,0,192.00,460189696,604819456,114090264,95883264,18123768,2904,7449760,22132800,1391828,18281,18281,0,0,0,0,0,0,0,0,0.396,0.065,0.000,0,0,0,18281,18281,0,0
travel,85.630,2056.4,1582.609,1582.609,fly,0.867,ok,2601,0,0,192.00,460189696,604819456,114090264,95883264,18123768,2904,7449760,22132800,1391828,18281,18281,0,0,0,0,0,0,0,0,0.065,0.072,0.000,0,0,0,18281,18281,0,0
travel,85.660,2057.2,1583.128,1583.128,fly,0.872,ok,2601,0,0,192.00,460189696,604819456,114090264,95883264,18123768,2904,7449760,22132800,1391828,18281,18281,0,0,0,0,0,0,0,0,0.065,0.076,0.000,0,0,0,18281,18281,0,0
travel,85.691,2057.9,1583.644,1583.644,fly,0.909,ok,2601,0,0,192.00,460189696,604819456,114090264,95883264,18123768,2904,7449760,22132800,1391828,18281,18281,0,0,0,0,0,0,0,0,0.068,0.081,0.000,0,0,0,18281,18281,0,0
travel,85.731,2058.8,1584.315,1584.315,fly,0.893,ok,2601,0,90,192.00,460189696,604819456,114090264,95883264,18123768,2904,11174640,17436864,1430164,18382,18382,0,0,7,0,0,0,0,0,0.069,0.078,0.000,0,0,0,18382,18382,0,0
travel,85.761,2059.6,1584.827,1584.827,fly,0.869,ok,2601,0,0,192.00,460189696,604819456,114090264,95883264,18123768,2904,11174640,22132800,1447068,18382,18382,0,0,0,0,0,0,0,0,0.068,0.068,0.000,0,0,0,18382,18382,0,0
travel,85.791,2060.3,1585.344,1585.344,fly,0.864,ok,2601,0,0,192.00,460189696,604819456,114090264,95883264,18123768,2904,11174640,22132800,1447068,18382,18382,0,0,0,0,0,0,0,0,0.067,0.075,0.000,0,0,0,18382,18382,0,0
travel,85.822,2061.0,1585.857,1585.857,fly,0.855,ok,2601,0,0,192.00,460189696,604819456,114090264,95883264,18123768,2904,11174640,22132800,1447068,18382,18382,0,0,0,0,0,0,0,0,0.065,0.068,0.000,0,0,0,18382,18382,0,0
travel,85.852,2061.7,1586.367,1586.367,fly,0.863,ok,2601,0,0,192.00,460189696,604819456,114090264,95883264,18123768,2904,11174640,22132800,1447068,18382,18382,0,0,0,0,0,0,0,0,0.068,0.070,0.000,0,0,0,18382,18382,0,0
travel,85.882,2062.5,1586.882,1586.882,fly,0.908,ok,2601,0,0,192.00,460189696,604819456,114090264,95883264,18123768,2904,7449760,22132800,1447068,18382,18382,0,0,0,0,0,0,0,0,0.069,0.078,0.000,0,0,0,18382,18382,0,0
travel,85.912,2063.2,1587.391,1587.391,fly,0.952,ok,2601,0,0,192.00,460189696,604819456,114090264,95883264,18123768,2904,7449760,22132800,1447068,18382,18382,0,0,0,0,0,0,0,0,0.149,0.069,0.000,0,0,0,18382,18382,0,0
travel,85.943,2063.9,1587.904,1587.904,fly,0.881,ok,2601,0,0,192.00,460189696,604819456,114090264,95883264,18123768,2904,7449760,22132800,1447068,18382,18382,0,0,0,0,0,0,0,0,0.068,0.072,0.000,0,0,0,18382,18382,0,0
travel,85.973,2064.6,1588.419,1588.419,fly,1.040,ok,2601,0,0,192.00,460189696,604819456,114090264,95883264,18123768,2904,7449760,22132800,1447068,18382,18382,0,0,0,0,0,0,0,0,0.137,0.128,0.000,0,0,0,18382,18382,0,0
travel,86.004,2065.4,1588.935,1588.935,fly,0.862,ok,2601,0,0,192.00,460189696,604819456,114090264,95883264,18123768,2904,7449760,22132800,1447068,18382,18382,0,0,0,0,0,0,0,0,0.065,0.066,0.000,0,0,0,18382,18382,0,0
travel,86.034,2066.1,1589.445,1589.445,fly,1.040,ok,2601,0,0,192.00,460189696,604819456,114090264,95883264,18123768,2904,7449760,22132800,1447068,18382,18382,0,0,0,0,0,0,0,0,0.074,0.111,0.000,0,0,0,18382,18382,0,0
travel,86.064,2066.8,1589.963,1589.963,fly,0.856,ok,2601,0,0,192.00,460189696,604819456,114090264,95883264,18123768,2904,7449760,22132800,1447068,18382,18382,0,0,0,0,0,0,0,0,0.066,0.068,0.000,0,0,0,18382,18382,0,0
travel,86.094,2067.5,1590.473,1590.473,fly,0.863,ok,2601,0,0,192.00,460189696,604819456,114090264,95883264,18123768,2904,7449760,22132800,1447068,18382,18382,0,0,0,0,0,0,0,0,0.067,0.073,0.000,0,0,0,18382,18382,0,0
travel,86.125,2068.3,1590.987,1590.987,fly,0.861,ok,2601,0,0,192.00,460189696,604819456,114090264,95883264,18123768,2904,7449760,22132800,1447068,18382,18382,0,0,0,0,0,0,0,0,0.066,0.070,0.000,0,0,0,18382,18382,0,0
travel,86.155,2069.0,1591.496,1591.496,fly,0.857,ok,2601,0,0,192.00,460189696,604819456,114090264,95883264,18123768,2904,7449760,22132800,1447068,18382,18382,0,0,0,0,0,0,0,0,0.068,0.067,0.000,0,0,0,18382,18382,0,0
travel,86.190,2069.8,1592.084,1592.084,fly,3.960,ok,2563,38,174,192.00,460189696,604819456,112423432,94482432,17858984,2904,11174640,15037680,1459460,18445,18483,26,0,34,26,26,0,0,0,0.174,0.132,0.000,0,0,0,18445,18445,0,0
travel,86.230,2070.8,1592.762,1592.762,fly,0.924,ok,2601,0,0,192.00,460189696,604819456,114090264,95883264,18123768,2904,11174640,22132800,1500592,18483,18483,0,0,0,0,0,0,0,0,0.139,0.067,0.000,0,0,0,18483,18483,0,0
travel,86.260,2071.5,1593.281,1593.281,fly,1.086,ok,2601,0,0,192.00,460189696,604819456,114090264,95883264,18123768,2904,11174640,22132800,1500592,18483,18483,0,0,0,0,0,0,0,0,0.193,0.093,0.000,0,0,0,18483,18483,0,0
travel,86.291,2072.2,1593.801,1593.801,fly,1.029,ok,2601,0,0,192.00,460189696,604819456,114090264,95883264,18123768,2904,11174640,22132800,1500592,18483,18483,0,0,0,0,0,0,0,0,0.076,0.107,0.000,0,0,0,18483,18483,0,0
travel,86.321,2073.0,1594.317,1594.317,fly,0.867,ok,2601,0,0,192.00,460189696,604819456,114090264,95883264,18123768,2904,11174640,22132800,1500592,18483,18483,0,0,0,0,0,0,0,0,0.069,0.069,0.000,0,0,0,18483,18483,0,0
travel,86.352,2073.7,1594.832,1594.832,fly,0.860,ok,2601,0,0,192.00,460189696,604819456,114090264,95883264,18123768,2904,7449760,22132800,1500592,18483,18483,0,0,0,0,0,0,0,0,0.069,0.066,0.000,0,0,0,18483,18483,0,0
travel,86.382,2074.4,1595.348,1595.348,fly,0.872,ok,2601,0,0,192.00,460189696,604819456,114090264,95883264,18123768,2904,7449760,22132800,1500592,18483,18483,0,0,0,0,0,0,0,0,0.069,0.067,0.000,0,0,0,18483,18483,0,0
travel,86.413,2075.2,1595.863,1595.863,fly,0.877,ok,2601,0,0,192.00,460189696,604819456,114090264,95883264,18123768,2904,7449760,22132800,1500592,18483,18483,0,0,0,0,0,0,0,0,0.069,0.071,0.000,0,0,0,18483,18483,0,0
travel,86.443,2075.9,1596.378,1596.378,fly,0.860,ok,2601,0,0,192.00,460189696,604819456,114090264,95883264,18123768,2904,7449760,22132800,1500592,18483,18483,0,0,0,0,0,0,0,0,0.075,0.071,0.000,0,0,0,18483,18483,0,0
travel,86.473,2076.6,1596.887,1596.887,fly,0.838,ok,2601,0,0,192.00,460189696,604819456,114090264,95883264,18123768,2904,7449760,22132800,1500592,18483,18483,0,0,0,0,0,0,0,0,0.067,0.069,0.000,0,0,0,18483,18483,0,0
travel,86.504,2077.3,1597.405,1597.405,fly,0.947,ok,2601,0,0,192.00,460189696,604819456,114090264,95883264,18123768,2904,7449760,22132800,1500592,18483,18483,0,0,0,0,0,0,0,0,0.138,0.071,0.000,0,0,0,18483,18483,0,0
travel,86.534,2078.1,1597.917,1597.917,fly,0.899,ok,2601,0,0,192.00,460189696,604819456,114090264,95883264,18123768,2904,7449760,22132800,1500592,18483,18483,0,0,0,0,0,0,0,0,0.066,0.127,0.000,0,0,0,18483,18483,0,0
travel,86.565,2078.8,1598.439,1598.439,fly,0.862,ok,2601,0,0,192.00,460189696,604819456,114090264,95883264,18123768,2904,7449760,22132800,1500592,18483,18483,0,0,0,0,0,0,0,0,0.070,0.070,0.000,0,0,0,18483,18483,0,0
travel,86.595,2079.5,1598.954,1598.954,fly,0.891,ok,2601,0,0,192.00,460189696,604819456,114090264,95883264,18123768,2904,7449760,22132800,1500592,18483,18483,0,0,0,0,0,0,0,0,0.096,0.074,0.000,0,0,0,18483,18483,0,0
travel,86.626,2080.3,1599.464,1599.464,fly,0.889,ok,2601,0,0,192.00,460189696,604819456,114090264,95883264,18123768,2904,7449760,22132800,1500592,18483,18483,0,0,0,0,0,0,0,0,0.066,0.074,0.000,0,0,0,18483,18483,0,0
travel,86.656,2081.0,1599.975,1599.975,fly,0.880,ok,2601,0,0,192.00,460189696,604819456,114090264,95883264,18123768,2904,7449760,22132800,1500592,18483,18483,0,0,0,0,0,0,0,0,0.067,0.072,0.000,0,0,0,18483,18483,0,0
travel,86.695,2081.9,1600.643,1600.643,fly,0.951,ok,2601,0,0,192.00,460193792,604819456,114090264,95883264,18123768,2904,11174640,22132800,1304535,18584,18584,0,0,7,0,0,0,0,0,0.070,0.097,0.000,0,0,0,18584,18584,0,0
travel,86.732,2082.8,1601.264,1601.264,fly,1.230,ok,2601,0,0,192.00,460193792,604819456,114090264,95883264,18123768,2904,11174640,22132800,1304535,18584,18584,0,0,0,0,0,0,0,0,0.078,0.114,0.000,0,0,0,18584,18584,0,0
travel,86.770,2083.7,1601.919,1601.919,fly,1.418,ok,2601,0,0,192.00,460193792,604819456,114090264,95883264,18123768,2904,11174640,22132800,1304535,18584,18584,0,0,0,0,0,0,0,0,0.098,0.183,0.000,0,0,0,18584,18584,0,0
travel,86.807,2084.6,1602.535,1602.535,fly,1.361,ok,2601,0,0,192.00,460193792,604819456,114090264,95883264,18123768,2904,7449760,22132800,1304535,18584,18584,0,0,0,0,0,0,0,0,0.173,0.129,0.000,0,0,0,18584,18584,0,0
travel,86.838,2085.3,1603.062,1603.062,fly,1.035,ok,2601,0,0,192.00,460193792,604819456,114090264,95883264,18123768,2904,7449760,22132800,1304535,18584,18584,0,0,0,0,0,0,0,0,0.079,0.133,0.000,0,0,0,18584,18584,0,0
travel,86.869,2086.1,1603.591,1603.591,fly,0.900,ok,2601,0,0,192.00,460193792,604819456,114090264,95883264,18123768,2904,7449760,22132800,1304535,18584,18584,0,0,0,0,0,0,0,0,0.068,0.071,0.000,0,0,0,18584,18584,0,0
travel,86.902,2086.9,1604.146,1604.146,fly,0.960,ok,2601,0,0,192.00,460193792,604819456,114090264,95883264,18123768,2904,7449760,22132800,1304535,18584,18584,0,0,0,0,0,0,0,0,0.069,0.078,0.000,0,0,0,18584,18584,0,0
travel,86.933,2087.6,1604.678,1604.678,fly,0.861,ok,2601,0,0,192.00,460193792,604819456,114090264,95883264,18123768,2904,7449760,22132800,1304535,18584,18584,0,0,0,0,0,0,0,0,0.068,0.071,0.000,0,0,0,18584,18584,0,0
travel,86.964,2088.4,1605.194,1605.194,fly,0.885,ok,2601,0,0,192.00,460193792,604819456,114090264,95883264,18123768,2904,7449760,22132800,1304535,18584,18584,0,0,0,0,0,0,0,0,0.090,0.068,0.000,0,0,0,18584,18584,0,0
travel,86.994,2089.1,1605.710,1605.710,fly,0.846,ok,2601,0,0,192.00,460193792,604819456,114090264,95883264,18123768,2904,7449760,22132800,1304535,18584,18584,0,0,0,0,0,0,0,0,0.066,0.070,0.000,0,0,0,18584,18584,0,0
travel,87.024,2089.8,1606.220,1606.220,fly,0.921,ok,2601,0,0,192.00,460193792,604819456,114090264,95883264,18123768,2904,7449760,22132800,1304535,18584,18584,0,0,0,0,0,0,0,0,0.140,0.066,0.000,0,0,0,18584,18584,0,0
travel,87.055,2090.5,1606.737,1606.737,fly,0.859,ok,2601,0,0,192.00,460193792,604819456,114090264,95883264,18123768,2904,7449760,22132800,1304535,18584,18584,0,0,0,0,0,0,0,0,0.079,0.072,0.000,0,0,0,18584,18584,0,0
travel,87.085,2091.3,1607.247,1607.247,fly,0.850,ok,2601,0,0,192.00,460193792,604819456,114090264,95883264,18123768,2904,7449760,22132800,1304535,18584,18584,0,0,0,0,0,0,0,0,0.067,0.069,0.000,0,0,0,18584,18584,0,0
travel,87.116,2092.0,1607.768,1607.768,fly,0.919,ok,2601,0,0,192.00,460193792,604819456,114090264,95883264,18123768,2904,7449760,22132800,1304535,18584,18584,0,0,0,0,0,0,0,0,0.069,0.076,0.000,0,0,0,18584,18584,0,0
travel,87.154,2092.9,1608.412,1608.412,fly,0.953,ok,2601,0,44,192.00,460193792,604819456,114090264,95883264,18123768,2904,11174640,19836960,1353075,18685,18685,0,0,8,0,0,0,0,0,0.142,0.072,0.000,0,0,0,18685,18685,0,0
travel,87.184,2093.6,1608.926,1608.926,fly,0.864,ok,2601,0,0,192.00,460193792,604819456,114090264,95883264,18123768,2904,11174640,22132800,1360887,18685,18685,0,0,0,0,0,0,0,0,0.068,0.069,0.000,0,0,0,18685,18685,0,0
travel,87.215,2094.4,1609.450,1609.450,fly,1.077,ok,2601,0,0,192.00,460193792,604819456,114090264,95883264,18123768,2904,11174640,22132800,1360887,18685,18685,0,0,0,0,0,0,0,0,0.068,0.275,0.000,0,0,0,18685,18685,0,0
travel,87.246,2095.1,1609.971,1609.971,fly,0.951,ok,2601,0,0,192.00,460193792,604819456,114090264,95883264,18123768,2904,11174640,22132800,1360887,18685,18685,0,0,0,0,0,0,0,0,0.142,0.072,0.000,0,0,0,18685,18685,0,0
travel,87.277,2095.8,1610.488,1610.488,fly,0.862,ok,2601,0,0,192.00,460193792,604819456,114090264,95883264,18123768,2904,7449760,22132800,1360887,18685,18685,0,0,0,0,0,0,0,0,0.069,0.066,0.000,0,0,0,18685,18685,0,0
travel,87.308,2096.6,1611.028,1611.028,fly,1.153,ok,2601,0,0,192.00,460193792,604819456,114090264,95883264,18123768,2904,7449760,22132800,1360887,18685,18685,0,0,0,0,0,0,0,0,0.083,0.141,0.000,0,0,0,18685,18685,0,0
travel,87.345,2097.5,1611.645,1611.645,fly,1.609,ok,2601,0,0,192.00,460193792,604819456,114090264,95883264,18123768,2904,7449760,22132800,1360887,18685,18685,0,0,0,0,0,0,0,0,0.104,0.286,0.000,0,0,0,18685,18685,0,0
travel,87.378,2098.3,1612.213,1612.213,fly,1.420,ok,2601,0,0,192.00,460193792,604819456,114090264,95883264,18123768,2904,7449760,22132800,1360887,18685,18685,0,0,0,0,0,0,0,0,0.097,0.157,0.000,0,0,0,18685,18685,0,0
travel,87.420,2099.3,1612.929,1612.929,fly,1.058,ok,2601,0,0,192.00,460193792,604819456,114090264,95883264,18123768,2904,7449760,22132800,1360887,18685,18685,0,0,0,0,0,0,0,0,0.070,0.129,0.000,0,0,0,18685,18685,0,0
travel,87.453,2100.1,1613.477,1613.477,fly,1.032,ok,2601,0,0,192.00,460193792,604819456,114090264,95883264,18123768,2904,7449760,22132800,1360887,18685,18685,0,0,0,0,0,0,0,0,0.073,0.103,0.000,0,0,0,18685,18685,0,0
travel,87.486,2100.9,1614.036,1614.036,fly,0.911,ok,2601,0,0,192.00,460193792,604819456,114090264,95883264,18123768,2904,7449760,22132800,1360887,18685,18685,0,0,0,0,0,0,0,0,0.113,0.068,0.000,0,0,0,18685,18685,0,0
travel,87.518,2101.6,1614.590,1614.590,fly,0.876,ok,2601,0,0,192.00,460193792,604819456,114090264,95883264,18123768,2904,7449760,22132800,1360887,18685,18685,0,0,0,0,0,0,0,0,0.070,0.073,0.000,0,0,0,18685,18685,0,0
travel,87.549,2102.4,1615.103,1615.103,fly,0.859,ok,2601,0,0,192.00,460193792,604819456,114090264,95883264,18123768,2904,7449760,22132800,1360887,18685,18685,0,0,0,0,0,0,0,0,0.067,0.068,0.000,0,0,0,18685,18685,0,0
travel,87.579,2103.1,1615.623,1615.623,fly,0.987,ok,2601,0,0,192.00,460193792,604819456,114090264,95883264,18123768,2904,7449760,22132800,1360887,18685,18685,0,0,0,0,0,0,0,0,0.184,0.068,0.000,0,0,0,18685,18685,0,0
travel,87.619,2104.1,1616.288,1616.288,fly,0.871,ok,2601,0,97,192.00,460193792,604819456,114090264,95883264,18123768,2904,11174640,17071632,1396928,18786,18786,0,0,8,0,0,0,0,0,0.071,0.071,0.000,0,0,0,18786,18786,0,0
travel,87.649,2104.8,1616.806,1616.806,fly,0.924,ok,2601,0,0,192.00,460193792,604819456,114090264,95883264,18123768,2904,11174640,22132800,1413935,18786,18786,0,0,0,0,0,0,0,0,0.071,0.120,0.000,0,0,0,18786,18786,0,0
travel,87.680,2105.5,1617.323,1617.323,fly,0.852,ok,2601,0,0,192.00,460193792,604819456,114090264,95883264,18123768,2904,11174640,22132800,1413935,18786,18786,0,0,0,0,0,0,0,0,0.068,0.067,0.000,0,0,0,18786,18786,0,0
travel,87.711,2106.3,1617.846,1617.846,fly,0.870,ok,2601,0,0,192.00,460193792,604819456,114090264,95883264,18123768,2904,11174640,22132800,1413935,18786,18786,0,0,0,0,0,0,0,0,0.069,0.067,0.000,0,0,0,18786,18786,0,0
travel,87.741,2107.0,1618.363,1618.363,fly,0.863,ok,2601,0,0,192.00,460193792,604819456,114090264,95883264,18123768,2904,7449760,22132800,1413935,18786,18786,0,0,0,0,0,0,0,0,0.068,0.067,0.000,0,0,0,18786,18786,0,0
travel,87.772,2107.7,1618.876,1618.876,fly,0.878,ok,2601,0,0,192.00,460193792,604819456,114090264,95883264,18123768,2904,7449760,22132800,1413935,18786,18786,0,0,0,0,0,0,0,0,0.070,0.070,0.000,0,0,0,18786,18786,0,0
travel,87.802,2108.4,1619.395,1619.395,fly,0.859,ok,2601,0,0,192.00,460193792,604819456,114090264,95883264,18123768,2904,7449760,22132800,1413935,18786,18786,0,0,0,0,0,0,0,0,0.070,0.066,0.000,0,0,0,18786,18786,0,0
travel,87.833,2109.2,1619.912,1619.912,fly,1.429,ok,2601,0,0,192.00,460193792,604819456,114090264,95883264,18123768,2904,7449760,22132800,1413935,18786,18786,0,0,0,0,0,0,0,0,0.092,0.135,0.000,0,0,0,18786,18786,0,0
travel,87.864,2109.9,1620.435,1620.435,fly,0.876,ok,2601,0,0,192.00,460193792,604819456,114090264,95883264,18123768,2904,7449760,22132800,1413935,18786,18786,0,0,0,0,0,0,0,0,0.068,0.077,0.000,0,0,0,18786,18786,0,0
travel,87.897,2110.7,1620.999,1620.999,fly,0.970,ok,2601,0,0,192.00,460193792,604819456,114090264,95883264,18123768,2904,7449760,22132800,1413935,18786,18786,0,0,0,0,0,0,0,0,0.071,0.085,0.000,0,0,0,18786,18786,0,0
travel,87.942,2111.8,1621.763,1621.763,fly,1.398,ok,2601,0,0,192.00,460193792,604819456,114090264,95883264,18123768,2904,7449760,22132800,1413935,18786,18786,0,0,0,0,0,0,0,0,0.082,0.221,0.000,0,0,0,18786,18786,0,0
travel,87.983,2112.8,1622.466,1622.466,fly,1.222,ok,2601,0,0,192.00,460193792,604819456,114090264,95883264,18123768,2904,7449760,22132800,1413935,18786,18786,0,0,0,0,0,0,0,0,0.081,0.126,0.000,0,0,0,18786,18786,0,0
travel,88.016,2113.6,1623.019,1623.019,fly,0.866,ok,2601,0,0,192.00,460193792,604819456,114090264,95883264,18123768,2904,7449760,22132800,1413935,18786,18786,0,0,0,0,0,0,0,0,0.071,0.071,0.000,0,0,0,18786,18786,0,0
travel,88.048,2114.3,1623.558,1623.558,fly,0.905,ok,2601,0,0,192.00,460193792,604819456,114090264,95883264,18123768,2904,7449760,22132800,1413935,18786,18786,0,0,0,0,0,0,0,0,0.068,0.077,0.000,0,0,0,18786,18786,0,0
travel,88.086,2115.2,1624.207,1624.207,fly,0.879,ok,2601,0,136,192.00,460197888,604819456,114090264,95883264,18123768,2904,11174640,15036768,1438049,18887,18887,0,0,6,0,0,0,0,0,0.070,0.071,0.000,0,0,0,18887,18887,0,0
travel,88.117,2116.0,1624.726,1624.726,fly,0.899,ok,2601,0,0,192.00,460197888,604819456,114090264,95883264,18123768,2904,11174640,22132800,1467803,18887,18887,0,0,0,0,0,0,0,0,0.069,0.075,0.000,0,0,0,18887,18887,0,0
travel,88.147,2116.7,1625.236,1625.236,fly,1.299,ok,2601,0,0,192.00,460197888,604819456,114090264,95883264,18123768,2904,11174640,22132800,1467803,18887,18887,0,0,0,0,0,0,0,0,0.461,0.074,0.000,0,0,0,18887,18887,0,0
travel,88.178,2117.4,1625.757,1625.757,fly,0.883,ok,2601,0,0,192.00,460197888,604819456,114090264,95883264,18123768,2904,11174640,22132800,1467803,18887,18887,0,0,0,0,0,0,0,0,0.069,0.077,0.000,0,0,0,18887,18887,0,0
travel,88.208,2118.2,1626.273,1626.273,fly,0.991,ok,2601,0,0,192.00,460197888,604819456,114090264,95883264,18123768,2904,7449760,22132800,1467803,18887,18887,0,0,0,0,0,0,0,0,0.143,0.078,0.000,0,0,0,18887,18887,0,0
travel,88.239,2118.9,1626.785,1626.785,fly,1.345,ok,2601,0,0,192.00,460197888,604819456,114090264,95883264,18123768,2904,7449760,22132800,1467803,18887,18887,0,0,0,0,0,0,0,0,0.543,0.073,0.000,0,0,0,18887,18887,0,0
travel,88.269,2119.6,1627.305,1627.305,fly,0.867,ok,2601,0,0,192.00,460197888,604819456,114090264,95883264,18123768,2904,7449760,22132800,1467803,18887,18887,0,0,0,0,0,0,0,0,0.071,0.068,0.000,0,0,0,18887,18887,0,0
travel,88.300,2120.4,1627.818,1627.818,fly,0.943,ok,2601,0,0,192.00,460197888,604819456,114090264,95883264,18123768,2904,7449760,22132800,1467803,18887,18887,0,0,0,0,0,0,0,0,0.138,0.069,0.000,0,0,0,18887,18887,0,0
travel,88.330,2121.1,1628.333,1628.333,fly,0.863,ok,2601,0,0,192.00,460197888,604819456,114090264,95883264,18123768,2904,7449760,22132800,1467803,18887,18887,0,0,0,0,0,0,0,0,0.067,0.069,0.000,0,0,0,18887,18887,0,0
travel,88.361,2121.8,1628.851,1628.851,fly,0.855,ok,2601,0,0,192.00,460197888,604819456,114090264,95883264,18123768,2904,7449760,22132800,1467803,18887,18887,0,0,0,0,0,0,0,0,0.068,0.067,0.000,0,0,0,18887,18887,0,0
travel,88.392,2122.6,1629.383,1629.383,fly,1.249,ok,2601,0,0,192.00,460197888,604819456,114090264,95883264,18123768,2904,7449760,22132800,1467803,18887,18887,0,0,0,0,0,0,0,0,0.343,0.120,0.000,0,0,0,18887,18887,0,0
travel,88.423,2123.3,1629.901,1629.901,fly,0.990,ok,2601,0,0,192.00,460197888,604819456,114090264,95883264,18123768,2904,7449760,22132800,1467803,18887,18887,0,0,0,0,0,0,0,0,0.075,0.112,0.000,0,0,0,18887,18887,0,0
travel,88.453,2124.0,1630.421,1630.421,fly,0.842,ok,2601,0,0,192.00,460197888,604819456,114090264,95883264,18123768,2904,7449760,22132800,1467803,18887,18887,0,0,0,0,0,0,0,0,0.066,0.068,0.000,0,0,0,18887,18887,0,0
travel,88.485,2124.8,1630.955,1630.955,fly,0.871,ok,2601,0,0,192.00,460197888,604819456,114090264,95883264,18123768,2904,7449760,22132800,1467803,18887,18887,0,0,0,0,0,0,0,0,0.067,0.080,0.000,0,0,0,18887,18887,0,0
travel,88.515,2125.5,1631.469,1631.469,fly,0.844,ok,2601,0,0,192.00,460197888,604819456,114090264,95883264,18123768,2904,7449760,22132800,1467803,18887,18887,0,0,0,0,0,0,0,0,0.067,0.070,0.000,0,0,0,18887,18887,0,0
travel,88.546,2126.3,1631.993,1631.993,fly,0.857,ok,2601,0,0,192.00,460197888,604819456,114090264,95883264,18123768,2904,7449760,22132800,1467803,18887,18887,0,0,0,0,0,0,0,0,0.068,0.073,0.000,0,0,0,18887,18887,0,0
travel,88.587,2127.2,1632.693,1632.693,fly,0.863,ok,2601,0,0,192.00,460197888,604819456,114090264,95883264,18123768,2904,11174640,22132800,1300360,18988,18988,0,0,0,0,0,0,0,0,0.070,0.066,0.000,0,0,0,18988,18988,0,0
travel,88.618,2128.0,1633.204,1633.204,fly,0.846,ok,2601,0,0,192.00,460197888,604819456,114090264,95883264,18123768,2904,11174640,22132800,1300360,18988,18988,0,0,0,0,0,0,0,0,0.070,0.064,0.000,0,0,0,18988,18988,0,0
travel,88.648,2128.7,1633.718,1633.718,fly,0.902,ok,2601,0,0,192.00,460197888,604819456,114090264,95883264,18123768,2904,11174640,22132800,1300360,18988,18988,0,0,0,0,0,0,0,0,0.071,0.077,0.000,0,0,0,18988,18988,0,0
travel,88.678,2129.4,1634.229,1634.229,fly,0.842,ok,2601,0,0,192.00,460197888,604819456,114090264,95883264,18123768,2904,11174640,22132800,1300360,18988,18988,0,0,0,0,0,0,0,0,0.069,0.067,0.000,0,0,0,18988,18988,0,0
travel,88.709,2130.2,1634.745,1634.745,fly,0.848,ok,2601,0,0,192.00,460197888,604819456,114090264,95883264,18123768,2904,7449760,22132800,1300360,18988,18988,0,0,0,0,0,0,0,0,0.073,0.069,0.000,0,0,0,18988,18988,0,0
travel,88.739,2130.9,1635.253,1635.253,fly,0.860,ok,2601,0,0,192.00,460197888,604819456,114090264,95883264,18123768,2904,7449760,22132800,1300360,18988,18988,0,0,0,0,0,0,0,0,0.068,0.068,0.000,0,0,0,18988,18988,0,0
travel,88.769,2131.6,1635.773,1635.773,fly,0.863,ok,2601,0,0,192.00,460197888,604819456,114090264,95883264,18123768,2904,7449760,22132800,1300360,18988,18988,0,0,0,0,0,0,0,0,0.069,0.067,0.000,0,0,0,18988,18988,0,0
travel,88.800,2132.3,1636.288,1636.288,fly,0.855,ok,2601,0,0,192.00,460197888,604819456,114090264,95883264,18123768,2904,7449760,22132800,1300360,18988,18988,0,0,0,0,0,0,0,0,0.069,0.066,0.000,0,0,0,18988,18988,0,0
travel,88.830,2133.1,1636.797,1636.797,fly,0.866,ok,2601,0,0,192.00,460197888,604819456,114090264,95883264,18123768,2904,7449760,22132800,1300360,18988,18988,0,0,0,0,0,0,0,0,0.069,0.070,0.000,0,0,0,18988,18988,0,0
travel,88.860,2133.8,1637.310,1637.310,fly,0.876,ok,2601,0,0,192.00,460197888,604819456,114090264,95883264,18123768,2904,7449760,22132800,1300360,18988,18988,0,0,0,0,0,0,0,0,0.070,0.074,0.000,0,0,0,18988,18988,0,0
travel,88.891,2134.5,1637.825,1637.825,fly,0.857,ok,2601,0,0,192.00,460197888,604819456,114090264,95883264,18123768,2904,7449760,22132800,1300360,18988,18988,0,0,0,0,0,0,0,0,0.068,0.068,0.000,0,0,0,18988,18988,0,0
travel,88.921,2135.2,1638.340,1638.340,fly,0.955,ok,2601,0,0,192.00,460197888,604819456,114090264,95883264,18123768,2904,7449760,22132800,1300360,18988,18988,0,0,0,0,0,0,0,0,0.158,0.070,0.000,0,0,0,18988,18988,0,0
travel,88.951,2136.0,1638.848,1638.848,fly,0.863,ok,2601,0,0,192.00,460197888,604819456,114090264,95883264,18123768,2904,7449760,22132800,1300360,18988,18988,0,0,0,0,0,0,0,0,0.068,0.069,0.000,0,0,0,18988,18988,0,0
travel,88.982,2136.7,1639.370,1639.370,fly,1.107,ok,2601,0,0,192.00,460197888,604819456,114090264,95883264,18123768,2904,7449760,22132800,1300360,18988,18988,0,0,0,0,0,0,0,0,0.153,0.117,0.000,0,0,0,18988,18988,0,0
travel,89.012,2137.4,1639.885,1639.885,fly,0.869,ok,2601,0,0,192.00,460197888,604819456,114090264,95883264,18123768,2904,7449760,22132800,1300360,18988,18988,0,0,0,0,0,0,0,0,0.067,0.069,0.000,0,0,0,18988,18988,0,0
travel,89.053,2138.4,1640.581,1640.581,fly,0.875,ok,2601,0,0,192.00,460197888,604819456,114090264,95883264,18123768,2904,11174640,22132800,1353996,19089,19089,0,0,0,0,0,0,0,0,0.069,0.072,0.000,0,0,0,19089,19089,0,0
travel,89.085,2139.1,1641.107,1641.107,fly,0.867,ok,2601,0,0,192.00,460197888,604819456,114090264,95883264,18123768,2904,11174640,22132800,1353996,19089,19089,0,0,0,0,0,0,0,0,0.070,0.069,0.000,0,0,0,19089,19089,0,0
travel,89.115,2139.9,1641.629,1641.629,fly,0.863,ok,2601,0,0,192.00,460197888,604819456,114090264,95883264,18123768,2904,11174640,22132800,1353996,19089,19089,0,0,0,0,0,0,0,0,0.070,0.068,0.000,0,0,0,19089,19089,0,0
travel,89.146,2140.6,1642.147,1642.147,fly,0.966,ok,2601,0,0,192.00,460197888,604819456,114090264,95883264,18123768,2904,11174640,22132800,1353996,19089,19089,0,0,0,0,0,0,0,0,0.079,0.109,0.000,0,0,0,19089,19089,0,0
travel,89.177,2141.4,1642.668,1642.668,fly,0.872,ok,2601,0,0,192.00,460197888,604819456,114090264,95883264,18123768,2904,7449760,22132800,1353996,19089,19089,0,0,0,0,0,0,0,0,0.069,0.067,0.000,0,0,0,19089,19089,0,0
travel,89.207,2142.1,1643.177,1643.177,fly,0.862,ok,2601,0,0,192.00,460197888,604819456,114090264,95883264,18123768,2904,7449760,22132800,1353996,19089,19089,0,0,0,0,0,0,0,0,0.069,0.067,0.000,0,0,0,19089,19089,0,0
travel,89.238,2142.8,1643.698,1643.698,fly,0.864,ok,2601,0,0,192.00,460197888,604819456,114090264,95883264,18123768,2904,7449760,22132800,1353996,19089,19089,0,0,0,0,0,0,0,0,0.070,0.069,0.000,0,0,0,19089,19089,0,0
travel,89.269,2143.6,1644.220,1644.220,fly,0.984,ok,2601,0,0,192.00,460197888,604819456,114090264,95883264,18123768,2904,7449760,22132800,1353996,19089,19089,0,0,0,0,0,0,0,0,0.144,0.080,0.000,0,0,0,19089,19089,0,0
travel,89.299,2144.3,1644.730,1644.730,fly,0.866,ok,2601,0,0,192.00,460197888,604819456,114090264,95883264,18123768,2904,7449760,22132800,1353996,19089,19089,0,0,0,0,0,0,0,0,0.069,0.069,0.000,0,0,0,19089,19089,0,0
travel,89.329,2145.0,1645.242,1645.242,fly,0.877,ok,2601,0,0,192.00,460197888,604819456,114090264,95883264,18123768,2904,7449760,22132800,1353996,19089,19089,0,0,0,0,0,0,0,0,0.069,0.071,0.000,0,0,0,19089,19089,0,0
travel,89.359,2145.7,1645.753,1645.753,fly,1.323,ok,2601,0,0,192.00,460197888,604819456,114090264,95883264,18123768,2904,7449760,22132800,1353996,19089,19089,0,0,0,0,0,0,0,0,0.520,0.070,0.000,0,0,0,19089,19089,0,0
travel,89.390,2146.5,1646.274,1646.274,fly,0.925,ok,2601,0,0,192.00,460197888,604819456,114090264,95883264,18123768,2904,7449760,22132800,1353996,19089,19089,0,0,0,0,0,0,0,0,0.068,0.078,0.000,0,0,0,19089,19089,0,0
travel,89.420,2147.2,1646.786,1646.786,fly,0.938,ok,2601,0,0,192.00,460197888,604819456,114090264,95883264,18123768,2904,7449760,22132800,1353996,19089,19089,0,0,0,0,0,0,0,0,0.141,0.067,0.000,0,0,0,19089,19089,0,0
travel,89.450,2147.9,1647.297,1647.297,fly,0.890,ok,2601,0,0,192.00,460197888,604819456,114090264,95883264,18123768,2904,7449760,22132800,1353996,19089,19089,0,0,0,0,0,0,0,0,0.068,0.072,0.000,0,0,0,19089,19089,0,0
travel,89.481,2148.6,1647.822,1647.822,fly,0.922,ok,2601,0,0,192.00,460197888,604819456,114090264,95883264,18123768,2904,7449760,22132800,1353996,19089,19089,0,0,0,0,0,0,0,0,0.066,0.132,0.000,0,0,0,19089,19089,0,0
travel,89.527,2149.7,1648.595,1648.595,fly,1.149,ok,2601,0,0,192.00,460197888,604819456,114090264,95883264,18123768,2904,11174640,22132800,1409840,19190,19190,0,0,5,0,0,0,0,0,0.160,0.115,0.000,0,0,0,19190,19190,0,0
travel,89.558,2150.5,1649.122,1649.122,fly,0.950,ok,2601,0,0,192.00,460197888,604819456,114090264,95883264,18123768,2904,11174640,22132800,1409840,19190,19190,0,0,0,0,0,0,0,0,0.145,0.069,0.000,0,0,0,19190,19190,0,0
travel,89.589,2151.2,1649.644,1649.644,fly,0.943,ok,2601,0,0,192.00,460197888,604819456,114090264,95883264,18123768,2904,11174640,22132800,1409840,19190,19190,0,0,0,0,0,0,0,0,0.071,0.085,0.000,0,0,0,19190,19190,0,0
travel,89.619,2152.0,1650.160,1650.160,fly,0.985,ok,2601,0,0,192.00,460197888,604819456,114090264,95883264,18123768,2904,11174640,22132800,1409840,19190,19190,0,0,0,0,0,0,0,0,0.068,0.170,0.000,0,0,0,19190,19190,0,0
travel,89.650,2152.7,1650.688,1650.688,fly,0.942,ok,2601,0,0,192.00,460197888,604819456,114090264,95883264,18123768,2904,7449760,22132800,1409840,19190,19190,0,0,0,0,0,0,0,0,0.072,0.082,0.000,0,0,0,19190,19190,0,0
travel,89.681,2153.4,1651.210,1651.210,fly,0.874,ok,2601,0,0,192.00,460197888,604819456,114090264,95883264,18123768,2904,7449760,22132800,1409840,19190,19190,0,0,0,0,0,0,0,0,0.067,0.072,0.000,0,0,0,19190,19190,0,0
travel,89.712,2154.2,1651.724,1651.724,fly,0.862,ok,2601,0,0,192.00,460197888,604819456,114090264,95883264,18123768,2904,7449760,22132800,1409840,19190,19190,0,0,0,0,0,0,0,0,0.068,0.066,0.000,0,0,0,19190,19190,0,0
travel,89.743,2154.9,1652.247,1652.247,fly,0.864,ok,2601,0,0,192.00,460197888,604819456,114090264,95883264,18123768,2904,7449760,22132800,1409840,19190,19190,0,0,0,0,0,0,0,0,0.069,0.070,0.000,0,0,0,19190,19190,0,0
travel,89.773,2155.6,1652.763,1652.763,fly,0.863,ok,2601,0,0,192.00,460197888,604819456,114090264,95883264,18123768,2904,7449760,22132800,1409840,19190,19190,0,0,0,0,0,0,0,0,0.068,0.067,0.000,0,0,0,19190,19190,0,0
travel,89.804,2156.4,1653.281,1653.281,fly,0.857,ok,2601,0,0,192.00,460197888,604819456,114090264,95883264,18123768,2904,7449760,22132800,1409840,19190,19190,0,0,0,0,0,0,0,0,0.065,0.066,0.000,0,0,0,19190,19190,0,0
travel,89.834,2157.1,1653.793,1653.793,fly,0.864,ok,2601,0,0,192.00,460197888,604819456,114090264,95883264,18123768,2904,7449760,22132800,1409840,19190,19190,0,0,0,0,0,0,0,0,0.065,0.069,0.000,0,0,0,19190,19190,0,0
travel,89.864,2157.8,1654.309,1654.309,fly,0.871,ok,2601,0,0,192.00,460197888,604819456,114090264,95883264,18123768,2904,7449760,22132800,1409840,19190,19190,0,0,0,0,0,0,0,0,0.064,0.070,0.000,0,0,0,19190,19190,0,0
travel,89.895,2158.6,1654.829,1654.829,fly,0.856,ok,2601,0,0,192.00,460197888,604819456,114090264,95883264,18123768,2904,7449760,22132800,1409840,19190,19190,0,0,0,0,0,0,0,0,0.065,0.066,0.000,0,0,0,19190,19190,0,0
travel,89.926,2159.3,1655.344,1655.344,fly,0.868,ok,2601,0,0,192.00,460197888,604819456,114090264,95883264,18123768,2904,7449760,22132800,1409840,19190,19190,0,0,0,0,0,0,0,0,0.066,0.070,0.000,0,0,0,19190,19190,0,0
travel,89.956,2160.0,1655.853,1655.853,fly,0.857,ok,2601,0,0,192.00,460197888,604819456,114090264,95883264,18123768,2904,7449760,22132800,1409840,19190,19190,0,0,0,0,0,0,0,0,0.066,0.067,0.000,0,0,0,19190,19190,0,0
travel,89.994,2160.9,1656.504,1656.504,fly,0.868,ok,2601,0,13,192.00,460197888,604819456,114090264,95883264,18123768,2904,11174640,21454416,1464733,19291,19291,0,0,8,0,0,0,0,0,0.066,0.067,0.000,0,0,0,19291,19291,0,0
stop,90.000,2161.1,1656.609,1656.609,fly,26.189,draw_submit,2601,0,0,192.00,460201984,604819456,114090264,95883264,18123768,2904,11174640,22132800,1466552,19291,19291,0,0,0,0,0,0,0,0,0.200,0.176,0.000,0,0,0,19291,19291,0,0
drain,90.000,2161.1,1656.609,1656.609,fly,27.332,draw_submit,2601,0,0,192.00,460431360,605085696,114090264,95883264,18123768,2601,0,22132800,1543816,19291,19291,0,0,0,0,0,0,303,0,0.214,0.210,0.000,0,0,0,19291,19291,0,0
