phase,elapsed_s,distance_m,x,y,mode,frame_ms,primary,resident_packages,pending_packages,worker_queue,complete_radius_m,working_set_bytes,private_bytes,live_package_bytes,live_mesh_bytes,live_collision_bytes,live_gl_resources,retirement_queue_bytes,worker_result_bytes,cache_entries,packages_created,packages_retired,pkg_create,pkg_retire,worker_batch,collision,mesh,gl_create,gl_delete,alloc_delta,finish_ms,swap_ms,retire_ms,wake_water_body,wake_topology,wake_terrain_state,wake_mesh,wake_collision,wake_grass,wake_tree
travel,0.029,0.7,128.994,128.994,fly,0.716,ok,2601,0,0,192.00,246165504,323334144,114090264,95883264,18123768,2601,0,22132800,797,0,0,0,0,0,0,0,0,0,0,0.369,0.011,0.000,0,0,0,0,0,0,0
travel,0.059,1.4,129.504,129.504,fly,0.710,ok,2601,0,0,192.00,246169600,323334144,114090264,95883264,18123768,2601,0,22132800,842,0,0,0,0,0,0,0,0,0,0,0.369,0.010,0.000,0,0,0,0,0,0,0
travel,0.089,2.1,130.016,130.016,fly,1.194,ok,2601,0,0,192.00,246169600,323334144,114090264,95883264,18123768,2601,0,22132800,887,0,0,0,0,0,0,0,0,0,0,0.479,0.023,0.000,0,0,0,0,0,0,0
travel,0.120,2.9,130.529,130.529,fly,0.807,ok,2601,0,0,192.00,246169600,323334144,114090264,95883264,18123768,2601,0,22132800,887,0,0,0,0,0,0,0,0,0,0,0.403,0.023,0.000,0,0,0,0,0,0,0
travel,0.150,3.6,131.039,131.039,fly,0.725,ok,2601,0,0,192.00,246169600,323334144,114090264,95883264,18123768,2601,0,22132800,932,0,0,0,0,0,0,0,0,0,0,0.376,0.010,0.000,0,0,0,0,0,0,0
travel,0.180,4.3,131.548,131.548,fly,0.814,ok,2601,0,0,192.00,246169600,323334144,114090264,95883264,18123768,2601,0,22132800,932,0,0,0,0,0,0,0,0,0,0,0.392,0.018,0.000,0,0,0,0,0,0,0
travel,0.210,5.0,132.059,132.059,fly,0.795,ok,2601,0,0,192.00,246169600,323334144,114090264,95883264,18123768,2601,0,22132800,950,0,0,0,0,0,0,0,0,0,0,0.415,0.022,0.000,0,0,0,0,0,0,0
travel,0.240,5.8,132.575,132.575,fly,0.718,ok,2601,0,0,192.00,246169600,323334144,114090264,95883264,18123768,2601,0,22132800,950,0,0,0,0,0,0,0,0,0,0,0.377,0.010,0.000,0,0,0,0,0,0,0
travel,0.270,6.5,133.084,133.084,fly,0.709,ok,2601,0,0,192.00,246169600,323334144,114090264,95883264,18123768,2601,0,22132800,956,0,0,0,0,0,0,0,0,0,0,0.369,0.010,0.000,0,0,0,0,0,0,0
travel,0.300,7.2,133.593,133.593,fly,0.805,ok,2601,0,0,192.00,246169600,323334144,114090264,95883264,18123768,2601,0,22132800,956,0,0,0,0,0,0,0,0,0,0,0.438,0.023,0.000,0,0,0,0,0,0,0
travel,0.330,7.9,134.105,134.105,fly,0.756,ok,2601,0,0,192.00,246169600,323334144,114090264,95883264,18123768,2601,0,22132800,958,0,0,0,0,0,0,0,0,0,0,0.365,0.011,0.000,0,0,0,0,0,0,0
travel,0.360,8.6,134.614,134.614,fly,0.859,ok,2601,0,0,192.00,246169600,323334144,114090264,95883264,18123768,2601,0,22132800,958,0,0,0,0,0,0,0,0,0,0,0.500,0.020,0.000,0,0,0,0,0,0,0
travel,0.390,9.4,135.125,135.125,fly,0.746,ok,2601,0,0,192.00,246169600,323334144,114090264,95883264,18123768,2601,0,22132800,958,0,0,0,0,0,0,0,0,0,0,0.377,0.011,0.000,0,0,0,0,0,0,0
travel,0.420,10.1,135.635,135.635,fly,0.736,ok,2601,0,0,192.00,246169600,323334144,114090264,95883264,18123768,2601,0,22132800,958,0,0,0,0,0,0,0,0,0,0,0.376,0.010,0.000,0,0,0,0,0,0,0
travel,0.460,11.0,136.308,136.308,fly,0.719,ok,2601,0,0,192.00,244506624,324292608,114090264,95883264,18123768,2702,3724880,22132800,958,101,101,0,0,0,0,0,0,0,0,0.374,0.010,0.000,0,0,0,101,101,0,0
travel,0.490,11.8,136.818,136.818,fly,0.727,ok,2601,0,0,192.00,244510720,324292608,114090264,95883264,18123768,2702,3724880,22132800,958,101,101,0,0,0,0,0,0,0,0,0.382,0.010,0.000,0,0,0,101,101,0,0
travel,0.520,12.5,137.331,137.331,fly,0.747,ok,2601,0,0,192.00,244514816,324292608,114090264,95883264,18123768,2702,3724880,22132800,958,101,101,0,0,0,0,0,0,0,0,0.383,0.010,0.000,0,0,0,101,101,0,0
travel,0.550,13.2,137.840,137.840,fly,0.711,ok,2601,0,0,192.00,244514816,324292608,114090264,95883264,18123768,2702,3724880,22132800,958,101,101,0,0,0,0,0,0,0,0,0.375,0.010,0.000,0,0,0,101,101,0,0
travel,0.580,13.9,138.351,138.351,fly,0.864,ok,2601,0,0,192.00,244523008,324292608,114090264,95883264,18123768,2702,3724880,22132800,958,101,101,0,0,0,0,0,0,0,0,0.388,0.019,0.000,0,0,0,101,101,0,0
travel,0.610,14.7,138.860,138.860,fly,0.883,ok,2601,0,0,192.00,244523008,324292608,114090264,95883264,18123768,2702,3724880,22132800,958,101,101,0,0,0,0,0,0,0,0,0.396,0.021,0.000,0,0,0,101,101,0,0
travel,0.641,15.4,139.374,139.374,fly,0.822,ok,2601,0,0,192.00,244523008,324292608,114090264,95883264,18123768,2702,3724880,22132800,958,101,101,0,0,0,0,0,0,0,0,0.399,0.023,0.000,0,0,0,101,101,0,0
travel,0.671,16.1,139.884,139.884,fly,0.795,ok,2601,0,0,192.00,244523008,324292608,114090264,95883264,18123768,2702,3724880,22132800,958,101,101,0,0,0,0,0,0,0,0,0.409,0.011,0.000,0,0,0,101,101,0,0
travel,0.701,16.8,140.395,140.395,fly,0.755,ok,2601,0,0,192.00,244523008,324292608,114090264,95883264,18123768,2702,3724880,22132800,958,101,101,0,0,0,0,0,0,0,0,0.388,0.011,0.000,0,0,0,101,101,0,0
travel,0.731,17.5,140.904,140.904,fly,0.705,ok,2601,0,0,192.00,244523008,324292608,114090264,95883264,18123768,2702,3724880,22132800,958,101,101,0,0,0,0,0,0,0,0,0.368,0.010,0.000,0,0,0,101,101,0,0
travel,0.765,18.4,141.479,141.479,fly,0.787,ok,2601,0,0,192.00,244523008,324292608,114090264,95883264,18123768,2702,3724880,22132800,958,101,101,0,0,0,0,0,0,0,0,0.369,0.011,0.000,0,0,0,101,101,0,0
travel,0.795,19.1,141.990,141.990,fly,0.776,ok,2601,0,0,192.00,244523008,324292608,114090264,95883264,18123768,2702,3724880,22132800,958,101,101,0,0,0,0,0,0,0,0,0.387,0.011,0.000,0,0,0,101,101,0,0
travel,0.825,19.8,142.504,142.504,fly,0.790,ok,2601,0,0,192.00,244523008,324292608,114090264,95883264,18123768,2702,3724880,22132800,958,101,101,0,0,0,0,0,0,0,0,0.391,0.011,0.000,0,0,0,101,101,0,0
travel,0.855,20.5,143.016,143.016,fly,0.789,ok,2601,0,0,192.00,244523008,324292608,114090264,95883264,18123768,2702,3724880,22132800,958,101,101,0,0,0,0,0,0,0,0,0.377,0.010,0.000,0,0,0,101,101,0,0
travel,0.885,21.2,143.526,143.526,fly,0.916,ok,2601,0,0,192.00,244523008,324292608,114090264,95883264,18123768,2702,3724880,22132800,958,101,101,0,0,0,0,0,0,0,0,0.502,0.023,0.000,0,0,0,101,101,0,0
travel,0.922,22.1,144.140,144.140,fly,3.484,ok,2595,6,15,192.00,247169024,329043968,113827080,95662080,18081960,2797,7449760,21663264,958,196,202,31,0,113,31,31,31,0,528384,0.555,0.021,0.000,0,0,0,196,196,0,0
travel,0.955,22.9,144.701,144.701,fly,0.709,ok,2601,0,0,192.00,247365632,329043968,114090264,95883264,18123768,2803,7449760,22132800,958,202,202,0,0,0,0,0,0,0,0,0.372,0.010,0.000,0,0,0,202,202,0,0
travel,0.985,23.6,145.210,145.210,fly,0.800,ok,2601,0,0,192.00,247365632,329043968,114090264,95883264,18123768,2803,7449760,22132800,958,202,202,0,0,0,0,0,0,0,0,0.444,0.023,0.000,0,0,0,202,202,0,0
travel,1.015,24.4,145.722,145.722,fly,0.728,ok,2601,0,0,192.00,247365632,329043968,114090264,95883264,18123768,2803,7449760,22132800,958,202,202,0,0,0,0,0,0,0,0,0.382,0.010,0.000,0,0,0,202,202,0,0
travel,1.045,25.1,146.231,146.231,fly,0.721,ok,2601,0,0,192.00,247369728,329043968,114090264,95883264,18123768,2803,7449760,22132800,958,202,202,0,0,0,0,0,0,0,0,0.384,0.010,0.000,0,0,0,202,202,0,0
travel,1.075,25.8,146.740,146.740,fly,0.709,ok,2601,0,0,192.00,247369728,329043968,114090264,95883264,18123768,2803,7449760,22132800,958,202,202,0,0,0,0,0,0,0,0,0.371,0.010,0.000,0,0,0,202,202,0,0
travel,1.105,26.5,147.250,147.250,fly,0.728,ok,2601,0,0,192.00,247373824,329043968,114090264,95883264,18123768,2803,7449760,22132800,958,202,202,0,0,0,0,0,0,0,0,0.369,0.010,0.000,0,0,0,202,202,0,0
travel,1.135,27.2,147.759,147.759,fly,0.909,ok,2601,0,0,192.00,247373824,329043968,114090264,95883264,18123768,2803,7449760,22132800,958,202,202,0,0,0,0,0,0,0,0,0.575,0.010,0.000,0,0,0,202,202,0,0
travel,1.165,28.0,148.269,148.269,fly,0.759,ok,2601,0,0,192.00,247373824,329043968,114090264,95883264,18123768,2803,7449760,22132800,958,202,202,0,0,0,0,0,0,0,0,0.380,0.011,0.000,0,0,0,202,202,0,0
travel,1.195,28.7,148.781,148.781,fly,0.714,ok,2601,0,0,192.00,247373824,329043968,114090264,95883264,18123768,2803,7449760,22132800,958,202,202,0,0,0,0,0,0,0,0,0.379,0.010,0.000,0,0,0,202,202,0,0
travel,1.225,29.4,149.291,149.291,fly,0.716,ok,2601,0,0,192.00,247373824,329043968,114090264,95883264,18123768,2803,7449760,22132800,958,202,202,0,0,0,0,0,0,0,0,0.381,0.010,0.000,0,0,0,202,202,0,0
travel,1.256,30.1,149.808,149.808,fly,0.707,ok,2601,0,0,192.00,247373824,329043968,114090264,95883264,18123768,2803,7449760,22132800,958,202,202,0,0,0,0,0,0,0,0,0.370,0.010,0.000,0,0,0,202,202,0,0
travel,1.286,30.9,150.317,150.317,fly,0.736,ok,2601,0,0,192.00,247373824,329043968,114090264,95883264,18123768,2803,7449760,22132800,958,202,202,0,0,0,0,0,0,0,0,0.370,0.011,0.000,0,0,0,202,202,0,0
travel,1.316,31.6,150.826,150.826,fly,0.793,ok,2601,0,0,192.00,247373824,329043968,114090264,95883264,18123768,2803,7449760,22132800,958,202,202,0,0,0,0,0,0,0,0,0.427,0.022,0.000,0,0,0,202,202,0,0
travel,1.346,32.3,151.337,151.337,fly,0.766,ok,2601,0,0,192.00,247373824,329043968,114090264,95883264,18123768,2803,7449760,22132800,958,202,202,0,0,0,0,0,0,0,0,0.381,0.011,0.000,0,0,0,202,202,0,0
travel,1.376,33.0,151.846,151.846,fly,0.721,ok,2601,0,0,192.00,247373824,329043968,114090264,95883264,18123768,2803,7449760,22132800,958,202,202,0,0,0,0,0,0,0,0,0.385,0.010,0.000,0,0,0,202,202,0,0
travel,1.415,33.9,152.506,152.506,fly,0.775,ok,2601,0,0,192.00,250241024,335413248,114090264,95883264,18123768,2904,11174640,22132800,958,303,303,0,0,0,0,0,0,0,0,0.392,0.013,0.000,0,0,0,303,303,0,0
travel,1.445,34.7,153.016,153.016,fly,0.819,ok,2601,0,0,192.00,250241024,335413248,114090264,95883264,18123768,2904,11174640,22132800,958,303,303,0,0,0,0,0,0,0,0,0.393,0.011,0.000,0,0,0,303,303,0,0
travel,1.475,35.4,153.526,153.526,fly,0.745,ok,2601,0,0,192.00,250241024,335413248,114090264,95883264,18123768,2904,11174640,22132800,958,303,303,0,0,0,0,0,0,0,0,0.409,0.010,0.000,0,0,0,303,303,0,0
travel,1.505,36.1,154.037,154.037,fly,0.813,ok,2601,0,0,192.00,250241024,335413248,114090264,95883264,18123768,2904,11174640,22132800,958,303,303,0,0,0,0,0,0,0,0,0.388,0.023,0.000,0,0,0,303,303,0,0
travel,1.535,36.8,154.547,154.547,fly,0.714,ok,2601,0,0,192.00,250241024,335413248,114090264,95883264,18123768,2904,11174640,22132800,958,303,303,0,0,0,0,0,0,0,0,0.380,0.010,0.000,0,0,0,303,303,0,0
travel,1.565,37.6,155.056,155.056,fly,0.936,ok,2601,0,0,192.00,250245120,335413248,114090264,95883264,18123768,2904,11174640,22132800,958,303,303,0,0,0,0,0,0,0,0,0.398,0.021,0.000,0,0,0,303,303,0,0
travel,1.595,38.3,155.565,155.565,fly,0.749,ok,2601,0,0,192.00,250245120,335413248,114090264,95883264,18123768,2904,11174640,22132800,958,303,303,0,0,0,0,0,0,0,0,0.378,0.011,0.000,0,0,0,303,303,0,0
travel,1.625,39.0,156.074,156.074,fly,0.736,ok,2601,0,0,192.00,250249216,335413248,114090264,95883264,18123768,2904,11174640,22132800,958,303,303,0,0,0,0,0,0,0,0,0.384,0.021,0.000,0,0,0,303,303,0,0
travel,1.655,39.7,156.584,156.584,fly,0.923,ok,2601,0,0,192.00,250249216,335413248,114090264,95883264,18123768,2904,11174640,22132800,958,303,303,0,0,0,0,0,0,0,0,0.502,0.020,0.000,0,0,0,303,303,0,0
travel,1.685,40.4,157.093,157.093,fly,0.705,ok,2601,0,0,192.00,250249216,335413248,114090264,95883264,18123768,2904,11174640,22132800,958,303,303,0,0,0,0,0,0,0,0,0.368,0.010,0.000,0,0,0,303,303,0,0
travel,1.715,41.2,157.604,157.604,fly,0.753,ok,2601,0,0,192.00,250249216,335413248,114090264,95883264,18123768,2904,7449760,22132800,958,303,303,0,0,0,0,0,0,0,0,0.378,0.011,0.000,0,0,0,303,303,0,0
travel,1.745,41.9,158.114,158.114,fly,0.712,ok,2601,0,0,192.00,250249216,335413248,114090264,95883264,18123768,2904,7449760,22132800,958,303,303,0,0,0,0,0,0,0,0,0.373,0.010,0.000,0,0,0,303,303,0,0
travel,1.775,42.6,158.623,158.623,fly,0.705,ok,2601,0,0,192.00,250249216,335413248,114090264,95883264,18123768,2904,7449760,22132800,958,303,303,0,0,0,0,0,0,0,0,0.369,0.010,0.000,0,0,0,303,303,0,0
travel,1.805,43.3,159.132,159.132,fly,0.775,ok,2601,0,0,192.00,250249216,335413248,114090264,95883264,18123768,2904,7449760,22132800,958,303,303,0,0,0,0,0,0,0,0,0.417,0.024,0.000,0,0,0,303,303,0,0
travel,1.835,44.0,159.647,159.647,fly,0.767,ok,2601,0,0,192.00,250249216,335413248,114090264,95883264,18123768,2904,7449760,22132800,958,303,303,0,0,0,0,0,0,0,0,0.379,0.011,0.000,0,0,0,303,303,0,0
travel,1.872,44.9,160.268,160.268,fly,0.738,ok,2601,0,0,192.00,252121088,341254144,114090264,95883264,18123768,2904,11174640,22132800,958,404,404,0,0,0,0,0,0,0,0,0.383,0.010,0.000,0,0,0,404,404,0,0
travel,1.902,45.6,160.777,160.777,fly,0.715,ok,2601,0,0,192.00,252121088,341254144,114090264,95883264,18123768,2904,11174640,22132800,958,404,404,0,0,0,0,0,0,0,0,0.381,0.010,0.000,0,0,0,404,404,0,0
travel,1.932,46.4,161.287,161.287,fly,0.987,ok,2601,0,0,192.00,252121088,341254144,114090264,95883264,18123768,2904,11174640,22132800,958,404,404,0,0,0,0,0,0,0,0,0.513,0.024,0.000,0,0,0,404,404,0,0
travel,1.962,47.1,161.796,161.796,fly,0.714,ok,2601,0,0,192.00,252121088,341254144,114090264,95883264,18123768,2904,11174640,22132800,958,404,404,0,0,0,0,0,0,0,0,0.380,0.010,0.000,0,0,0,404,404,0,0
travel,1.992,47.8,162.305,162.305,fly,0.726,ok,2601,0,0,192.00,252121088,341254144,114090264,95883264,18123768,2904,11174640,22132800,958,404,404,0,0,0,0,0,0,0,0,0.393,0.010,0.000,0,0,0,404,404,0,0
travel,2.022,48.5,162.814,162.814,fly,0.781,ok,2601,0,0,192.00,252121088,341254144,114090264,95883264,18123768,2904,11174640,22132800,958,404,404,0,0,0,0,0,0,0,0,0.384,0.022,0.000,0,0,0,404,404,0,0
travel,2.052,49.3,163.326,163.326,fly,0.870,ok,2601,0,0,192.00,252121088,341254144,114090264,95883264,18123768,2904,11174640,22132800,958,404,404,0,0,0,0,0,0,0,0,0.483,0.021,0.000,0,0,0,404,404,0,0
travel,2.083,50.0,163.842,163.842,fly,0.744,ok,2601,0,0,192.00,252125184,341254144,114090264,95883264,18123768,2904,11174640,22132800,958,404,404,0,0,0,0,0,0,0,0,0.381,0.010,0.000,0,0,0,404,404,0,0
travel,2.113,50.7,164.352,164.352,fly,0.838,ok,2601,0,0,192.00,252125184,341254144,114090264,95883264,18123768,2904,11174640,22132800,958,404,404,0,0,0,0,0,0,0,0,0.501,0.010,0.000,0,0,0,404,404,0,0
travel,2.143,51.4,164.861,164.861,fly,0.813,ok,2601,0,0,192.00,252129280,341254144,114090264,95883264,18123768,2904,11174640,22132800,958,404,404,0,0,0,0,0,0,0,0,0.428,0.022,0.000,0,0,0,404,404,0,0
travel,2.173,52.1,165.372,165.372,fly,0.709,ok,2601,0,0,192.00,252129280,341254144,114090264,95883264,18123768,2904,11174640,22132800,958,404,404,0,0,0,0,0,0,0,0,0.373,0.010,0.000,0,0,0,404,404,0,0
travel,2.203,52.9,165.881,165.881,fly,0.750,ok,2601,0,0,192.00,252129280,341254144,114090264,95883264,18123768,2904,7449760,22132800,958,404,404,0,0,0,0,0,0,0,0,0.387,0.011,0.000,0,0,0,404,404,0,0
travel,2.233,53.6,166.391,166.391,fly,0.707,ok,2601,0,0,192.00,252129280,341254144,114090264,95883264,18123768,2904,7449760,22132800,958,404,404,0,0,0,0,0,0,0,0,0.371,0.010,0.000,0,0,0,404,404,0,0
travel,2.263,54.3,166.903,166.903,fly,0.719,ok,2601,0,0,192.00,252129280,341254144,114090264,95883264,18123768,2904,7449760,22132800,958,404,404,0,0,0,0,0,0,0,0,0.379,0.010,0.000,0,0,0,404,404,0,0
travel,2.293,55.0,167.412,167.412,fly,0.872,ok,2601,0,0,192.00,252129280,341254144,114090264,95883264,18123768,2904,7449760,22132800,958,404,404,0,0,0,0,0,0,0,0,0.418,0.024,0.000,0,0,0,404,404,0,0
travel,2.323,55.8,167.926,167.926,fly,0.728,ok,2601,0,0,192.00,252129280,341254144,114090264,95883264,18123768,2904,7449760,22132800,958,404,404,0,0,0,0,0,0,0,0,0.367,0.010,0.000,0,0,0,404,404,0,0
travel,2.359,56.6,168.535,168.535,fly,0.716,ok,2601,0,0,192.00,253030400,340537344,114090264,95883264,18123768,2904,11174640,22132800,958,505,505,0,0,0,0,0,0,0,0,0.373,0.010,0.000,0,0,0,505,505,0,0
travel,2.389,57.3,169.044,169.044,fly,0.758,ok,2601,0,0,192.00,253030400,340537344,114090264,95883264,18123768,2904,11174640,22132800,958,505,505,0,0,0,0,0,0,0,0,0.383,0.011,0.000,0,0,0,505,505,0,0
travel,2.419,58.1,169.553,169.553,fly,0.763,ok,2601,0,0,192.00,253030400,340537344,114090264,95883264,18123768,2904,11174640,22132800,958,505,505,0,0,0,0,0,0,0,0,0.401,0.018,0.000,0,0,0,505,505,0,0
travel,2.449,58.8,170.062,170.062,fly,0.705,ok,2601,0,0,192.00,253030400,340537344,114090264,95883264,18123768,2904,11174640,22132800,958,505,505,0,0,0,0,0,0,0,0,0.370,0.010,0.000,0,0,0,505,505,0,0
travel,2.479,59.5,170.571,170.571,fly,0.924,ok,2601,0,0,192.00,253030400,340537344,114090264,95883264,18123768,2904,11174640,22132800,958,505,505,0,0,0,0,0,0,0,0,0.589,0.010,0.000,0,0,0,505,505,0,0
travel,2.509,60.2,171.083,171.083,fly,0.763,ok,2601,0,0,192.00,253030400,340537344,114090264,95883264,18123768,2904,11174640,22132800,958,505,505,0,0,0,0,0,0,0,0,0.402,0.011,0.000,0,0,0,505,505,0,0
travel,2.539,60.9,171.592,171.592,fly,0.706,ok,2601,0,0,192.00,253030400,340537344,114090264,95883264,18123768,2904,11174640,22132800,958,505,505,0,0,0,0,0,0,0,0,0.372,0.010,0.000,0,0,0,505,505,0,0
travel,2.569,61.7,172.101,172.101,fly,0.738,ok,2601,0,0,192.00,253030400,340537344,114090264,95883264,18123768,2904,11174640,22132800,958,505,505,0,0,0,0,0,0,0,0,0.381,0.010,0.000,0,0,0,505,505,0,0
travel,2.599,62.4,172.611,172.611,fly,0.713,ok,2601,0,0,192.00,253034496,340537344,114090264,95883264,18123768,2904,11174640,22132800,958,505,505,0,0,0,0,0,0,0,0,0.371,0.010,0.000,0,0,0,505,505,0,0
travel,2.629,63.1,173.120,173.120,fly,0.704,ok,2601,0,0,192.00,253034496,340537344,114090264,95883264,18123768,2904,11174640,22132800,958,505,505,0,0,0,0,0,0,0,0,0.370,0.010,0.000,0,0,0,505,505,0,0
travel,2.660,63.8,173.633,173.633,fly,0.728,ok,2601,0,0,192.00,253034496,340537344,114090264,95883264,18123768,2904,11174640,22132800,958,505,505,0,0,0,0,0,0,0,0,0.377,0.020,0.000,0,0,0,505,505,0,0
travel,2.690,64.6,174.145,174.145,fly,0.870,ok,2601,0,0,192.00,253034496,340537344,114090264,95883264,18123768,2904,7449760,22132800,958,505,505,0,0,0,0,0,0,0,0,0.399,0.020,0.000,0,0,0,505,505,0,0
travel,2.720,65.3,174.655,174.655,fly,0.883,ok,2601,0,0,192.00,253034496,340537344,114090264,95883264,18123768,2904,7449760,22132800,958,505,505,0,0,0,0,0,0,0,0,0.401,0.023,0.000,0,0,0,505,505,0,0
travel,2.750,66.0,175.166,175.166,fly,0.719,ok,2601,0,0,192.00,253034496,340537344,114090264,95883264,18123768,2904,7449760,22132800,958,505,505,0,0,0,0,0,0,0,0,0.373,0.010,0.000,0,0,0,505,505,0,0
travel,2.780,66.7,175.675,175.675,fly,0.715,ok,2601,0,0,192.00,253034496,340537344,114090264,95883264,18123768,2904,7449760,22132800,958,505,505,0,0,0,0,0,0,0,0,0.379,0.010,0.000,0,0,0,505,505,0,0
travel,2.816,67.6,176.289,176.289,fly,0.740,ok,2601,0,0,192.00,254025728,344244224,114090264,95883264,18123768,2904,11174640,22132800,958,606,606,0,0,0,0,0,0,0,0,0.370,0.010,0.000,0,0,0,606,606,0,0
travel,2.846,68.3,176.802,176.802,fly,0.792,ok,2601,0,0,192.00,254025728,344244224,114090264,95883264,18123768,2904,11174640,22132800,958,606,606,0,0,0,0,0,0,0,0,0.374,0.022,0.000,0,0,0,606,606,0,0
travel,2.877,69.0,177.315,177.315,fly,0.734,ok,2601,0,0,192.00,254025728,344244224,114090264,95883264,18123768,2904,11174640,22132800,958,606,606,0,0,0,0,0,0,0,0,0.386,0.010,0.000,0,0,0,606,606,0,0
travel,2.907,69.8,177.827,177.827,fly,0.715,ok,2601,0,0,192.00,254025728,344244224,114090264,95883264,18123768,2904,11174640,22132800,958,606,606,0,0,0,0,0,0,0,0,0.381,0.010,0.000,0,0,0,606,606,0,0
travel,2.937,70.5,178.338,178.338,fly,1.041,ok,2601,0,0,192.00,254025728,344244224,114090264,95883264,18123768,2904,11174640,22132800,958,606,606,0,0,0,0,0,0,0,0,0.565,0.023,0.000,0,0,0,606,606,0,0
travel,2.967,71.2,178.850,178.850,fly,0.797,ok,2601,0,0,192.00,254025728,344244224,114090264,95883264,18123768,2904,11174640,22132800,958,606,606,0,0,0,0,0,0,0,0,0.370,0.014,0.000,0,0,0,606,606,0,0
travel,2.997,71.9,179.367,179.367,fly,0.841,ok,2601,0,0,192.00,254025728,344244224,114090264,95883264,18123768,2904,11174640,22132800,958,606,606,0,0,0,0,0,0,0,0,0.411,0.022,0.000,0,0,0,606,606,0,0
travel,3.028,72.7,179.879,179.879,fly,0.907,ok,2601,0,0,192.00,254025728,344244224,114090264,95883264,18123768,2904,11174640,22132800,958,606,606,0,0,0,0,0,0,0,0,0.464,0.026,0.000,0,0,0,606,606,0,0
travel,3.058,73.4,180.400,180.400,fly,0.791,ok,2601,0,0,192.00,254025728,344244224,114090264,95883264,18123768,2904,11174640,22132800,958,606,606,0,0,0,0,0,0,0,0,0.371,0.014,0.000,0,0,0,606,606,0,0
travel,3.088,74.1,180.910,180.910,fly,0.785,ok,2601,0,0,192.00,254025728,344244224,114090264,95883264,18123768,2904,11174640,22132800,958,606,606,0,0,0,0,0,0,0,0,0.373,0.014,0.000,0,0,0,606,606,0,0
travel,3.118,74.8,181.420,181.420,fly,0.837,ok,2601,0,0,192.00,254025728,344244224,114090264,95883264,18123768,2904,7449760,22132800,958,606,606,0,0,0,0,0,0,0,0,0.379,0.014,0.000,0,0,0,606,606,0,0
travel,3.149,75.6,181.931,181.931,fly,0.793,ok,2601,0,0,192.00,254029824,344244224,114090264,95883264,18123768,2904,7449760,22132800,958,606,606,0,0,0,0,0,0,0,0,0.381,0.015,0.000,0,0,0,606,606,0,0
travel,3.179,76.3,182.446,182.446,fly,0.818,ok,2601,0,0,192.00,254033920,344244224,114090264,95883264,18123768,2904,7449760,22132800,958,606,606,0,0,0,0,0,0,0,0,0.382,0.015,0.000,0,0,0,606,606,0,0
travel,3.209,77.0,182.955,182.955,fly,0.782,ok,2601,0,0,192.00,254033920,344244224,114090264,95883264,18123768,2904,7449760,22132800,958,606,606,0,0,0,0,0,0,0,0,0.370,0.013,0.000,0,0,0,606,606,0,0
travel,3.239,77.7,183.470,183.470,fly,0.802,ok,2601,0,0,192.00,254033920,344244224,114090264,95883264,18123768,2904,7449760,22132800,958,606,606,0,0,0,0,0,0,0,0,0.371,0.015,0.000,0,0,0,606,606,0,0
travel,3.269,78.5,183.982,183.982,fly,0.782,ok,2601,0,0,192.00,254033920,344244224,114090264,95883264,18123768,2904,7449760,22132800,958,606,606,0,0,0,0,0,0,0,0,0.369,0.013,0.000,0,0,0,606,606,0,0
travel,3.307,79.4,184.626,184.626,fly,0.782,ok,2601,0,0,192.00,254971904,344772608,114090264,95883264,18123768,2904,11174640,22132800,958,707,707,0,0,0,0,0,0,0,0,0.369,0.014,0.000,0,0,0,707,707,0,0
travel,3.338,80.1,185.140,185.140,fly,0.848,ok,2601,0,0,192.00,254971904,344772608,114090264,95883264,18123768,2904,11174640,22132800,958,707,707,0,0,0,0,0,0,0,0,0.465,0.011,0.000,0,0,0,707,707,0,0
travel,3.368,80.8,185.652,185.652,fly,0.820,ok,2601,0,0,192.00,254971904,344772608,114090264,95883264,18123768,2904,11174640,22132800,958,707,707,0,0,0,0,0,0,0,0,0.403,0.015,0.000,0,0,0,707,707,0,0
travel,3.398,81.6,186.172,186.172,fly,0.788,ok,2601,0,0,192.00,254971904,344772608,114090264,95883264,18123768,2904,11174640,22132800,958,707,707,0,0,0,0,0,0,0,0,0.371,0.014,0.000,0,0,0,707,707,0,0
travel,3.429,82.3,186.686,186.686,fly,0.791,ok,2601,0,0,192.00,254971904,344772608,114090264,95883264,18123768,2904,11174640,22132800,958,707,707,0,0,0,0,0,0,0,0,0.380,0.013,0.000,0,0,0,707,707,0,0
travel,3.459,83.0,187.201,187.201,fly,0.795,ok,2601,0,0,192.00,254971904,344772608,114090264,95883264,18123768,2904,11174640,22132800,958,707,707,0,0,0,0,0,0,0,0,0.379,0.013,0.000,0,0,0,707,707,0,0
travel,3.489,83.7,187.715,187.715,fly,0.787,ok,2601,0,0,192.00,254971904,344772608,114090264,95883264,18123768,2904,11174640,22132800,958,707,707,0,0,0,0,0,0,0,0,0.371,0.014,0.000,0,0,0,707,707,0,0
travel,3.519,84.5,188.226,188.226,fly,0.775,ok,2601,0,0,192.00,254971904,344772608,114090264,95883264,18123768,2904,11174640,22132800,958,707,707,0,0,0,0,0,0,0,0,0.371,0.013,0.000,0,0,0,707,707,0,0
travel,3.550,85.2,188.743,188.743,fly,0.785,ok,2601,0,0,192.00,254971904,344772608,114090264,95883264,18123768,2904,11174640,22132800,958,707,707,0,0,0,0,0,0,0,0,0.370,0.014,0.000,0,0,0,707,707,0,0
travel,3.580,85.9,189.253,189.253,fly,0.791,ok,2601,0,0,192.00,254971904,344772608,114090264,95883264,18123768,2904,7449760,22132800,958,707,707,0,0,0,0,0,0,0,0,0.372,0.015,0.000,0,0,0,707,707,0,0
travel,3.610,86.6,189.766,189.766,fly,0.786,ok,2601,0,0,192.00,254971904,344772608,114090264,95883264,18123768,2904,7449760,22132800,958,707,707,0,0,0,0,0,0,0,0,0.372,0.014,0.000,0,0,0,707,707,0,0
travel,3.640,87.4,190.276,190.276,fly,0.808,ok,2601,0,0,192.00,254971904,344772608,114090264,95883264,18123768,2904,7449760,22132800,958,707,707,0,0,0,0,0,0,0,0,0.374,0.014,0.000,0,0,0,707,707,0,0
travel,3.670,88.1,190.786,190.786,fly,0.780,ok,2601,0,0,192.00,254976000,344772608,114090264,95883264,18123768,2904,7449760,22132800,958,707,707,0,0,0,0,0,0,0,0,0.370,0.013,0.000,0,0,0,707,707,0,0
travel,3.701,88.8,191.302,191.302,fly,0.782,ok,2601,0,0,192.00,254980096,344772608,114090264,95883264,18123768,2904,7449760,22132800,958,707,707,0,0,0,0,0,0,0,0,0.368,0.014,0.000,0,0,0,707,707,0,0
travel,3.731,89.5,191.813,191.813,fly,0.868,ok,2601,0,0,192.00,254980096,344772608,114090264,95883264,18123768,2904,7449760,22132800,958,707,707,0,0,0,0,0,0,0,0,0.430,0.027,0.000,0,0,0,707,707,0,0
travel,3.769,90.5,192.470,192.470,fly,0.825,ok,2601,0,0,192.00,255963136,345821184,114090264,95883264,18123768,2904,11174640,22132800,958,808,808,0,0,0,0,0,0,0,0,0.478,0.011,0.000,0,0,0,808,808,0,0
travel,3.800,91.2,192.983,192.983,fly,0.788,ok,2601,0,0,192.00,255963136,345821184,114090264,95883264,18123768,2904,11174640,22132800,958,808,808,0,0,0,0,0,0,0,0,0.374,0.014,0.000,0,0,0,808,808,0,0
travel,3.830,91.9,193.495,193.495,fly,0.786,ok,2601,0,0,192.00,255963136,345821184,114090264,95883264,18123768,2904,11174640,22132800,958,808,808,0,0,0,0,0,0,0,0,0.371,0.014,0.000,0,0,0,808,808,0,0
travel,3.860,92.6,194.007,194.007,fly,0.888,ok,2601,0,0,192.00,255963136,345821184,114090264,95883264,18123768,2904,11174640,22132800,958,808,808,0,0,0,0,0,0,0,0,0.385,0.015,0.000,0,0,0,808,808,0,0
travel,3.890,93.4,194.518,194.518,fly,1.040,ok,2601,0,0,192.00,255963136,345821184,114090264,95883264,18123768,2904,11174640,22132800,958,808,808,0,0,0,0,0,0,0,0,0.568,0.027,0.000,0,0,0,808,808,0,0
travel,3.921,94.1,195.033,195.033,fly,0.790,ok,2601,0,0,192.00,255963136,345821184,114090264,95883264,18123768,2904,11174640,22132800,958,808,808,0,0,0,0,0,0,0,0,0.373,0.014,0.000,0,0,0,808,808,0,0
travel,3.951,94.8,195.544,195.544,fly,1.002,ok,2601,0,0,192.00,255963136,345821184,114090264,95883264,18123768,2904,11174640,22132800,958,808,808,0,0,0,0,0,0,0,0,0.522,0.022,0.000,0,0,0,808,808,0,0
travel,3.981,95.5,196.056,196.056,fly,0.791,ok,2601,0,0,192.00,255963136,345821184,114090264,95883264,18123768,2904,11174640,22132800,958,808,808,0,0,0,0,0,0,0,0,0.372,0.014,0.000,0,0,0,808,808,0,0
travel,4.011,96.3,196.571,196.571,fly,0.964,ok,2601,0,0,192.00,255963136,345821184,114090264,95883264,18123768,2904,7449760,22132800,958,808,808,0,0,0,0,0,0,0,0,0.545,0.023,0.000,0,0,0,808,808,0,0
travel,4.041,97.0,197.081,197.081,fly,0.779,ok,2601,0,0,192.00,255963136,345821184,114090264,95883264,18123768,2904,7449760,22132800,958,808,808,0,0,0,0,0,0,0,0,0.368,0.013,0.000,0,0,0,808,808,0,0
travel,4.071,97.7,197.592,197.592,fly,0.864,ok,2601,0,0,192.00,255963136,345821184,114090264,95883264,18123768,2904,7449760,22132800,958,808,808,0,0,0,0,0,0,0,0,0.388,0.020,0.000,0,0,0,808,808,0,0
travel,4.102,98.4,198.106,198.106,fly,0.790,ok,2601,0,0,192.00,255963136,345821184,114090264,95883264,18123768,2904,7449760,22132800,958,808,808,0,0,0,0,0,0,0,0,0.368,0.017,0.000,0,0,0,808,808,0,0
travel,4.132,99.2,198.615,198.615,fly,1.188,ok,2601,0,0,192.00,255963136,345821184,114090264,95883264,18123768,2904,7449760,22132800,958,808,808,0,0,0,0,0,0,0,0,0.603,0.023,0.000,0,0,0,808,808,0,0
travel,4.162,99.9,199.136,199.136,fly,0.798,ok,2601,0,0,192.00,255963136,345821184,114090264,95883264,18123768,2904,7449760,22132800,958,808,808,0,0,0,0,0,0,0,0,0.374,0.014,0.000,0,0,0,808,808,0,0
travel,4.192,100.6,199.646,199.646,fly,0.873,ok,2601,0,0,192.00,255967232,345821184,114090264,95883264,18123768,2904,7449760,22132800,958,808,808,0,0,0,0,0,0,0,0,0.390,0.020,0.000,0,0,0,808,808,0,0
travel,4.231,101.5,200.295,200.295,fly,0.854,ok,2601,0,0,192.00,256950272,348975104,114090264,95883264,18123768,2904,11174640,22132800,958,909,909,0,0,13,0,0,0,0,0,0.408,0.022,0.000,0,0,0,909,909,0,0
travel,4.261,102.3,200.806,200.806,fly,0.785,ok,2601,0,0,192.00,256954368,348975104,114090264,95883264,18123768,2904,11174640,22132800,958,909,909,0,0,0,0,0,0,0,0,0.376,0.013,0.000,0,0,0,909,909,0,0
travel,4.291,103.0,201.316,201.316,fly,0.823,ok,2601,0,0,192.00,256954368,348975104,114090264,95883264,18123768,2904,11174640,22132800,958,909,909,0,0,0,0,0,0,0,0,0.389,0.015,0.000,0,0,0,909,909,0,0
travel,4.321,103.7,201.830,201.830,fly,0.788,ok,2601,0,0,192.00,256954368,348975104,114090264,95883264,18123768,2904,11174640,22132800,958,909,909,0,0,0,0,0,0,0,0,0.370,0.014,0.000,0,0,0,909,909,0,0
travel,4.351,104.4,202.340,202.340,fly,0.885,ok,2601,0,0,192.00,256954368,348975104,114090264,95883264,18123768,2904,11174640,22132800,958,909,909,0,0,0,0,0,0,0,0,0.368,0.024,0.000,0,0,0,909,909,0,0
travel,4.381,105.1,202.852,202.852,fly,0.801,ok,2601,0,0,192.00,256954368,348975104,114090264,95883264,18123768,2904,11174640,22132800,958,909,909,0,0,0,0,0,0,0,0,0.373,0.015,0.000,0,0,0,909,909,0,0
travel,4.412,105.9,203.372,203.372,fly,0.793,ok,2601,0,0,192.00,256954368,348975104,114090264,95883264,18123768,2904,11174640,22132800,958,909,909,0,0,0,0,0,0,0,0,0.372,0.014,0.000,0,0,0,909,909,0,0
travel,4.442,106.6,203.883,203.883,fly,0.797,ok,2601,0,0,192.00,256954368,348975104,114090264,95883264,18123768,2904,11174640,22132800,958,909,909,0,0,0,0,0,0,0,0,0.375,0.014,0.000,0,0,0,909,909,0,0
travel,4.472,107.3,204.396,204.396,fly,0.781,ok,2601,0,0,192.00,256954368,348975104,114090264,95883264,18123768,2904,7449760,22132800,958,909,909,0,0,0,0,0,0,0,0,0.368,0.013,0.000,0,0,0,909,909,0,0
travel,4.502,108.1,204.908,204.908,fly,0.784,ok,2601,0,0,192.00,256954368,348975104,114090264,95883264,18123768,2904,7449760,22132800,958,909,909,0,0,0,0,0,0,0,0,0.371,0.013,0.000,0,0,0,909,909,0,0
travel,4.532,108.8,205.419,205.419,fly,0.780,ok,2601,0,0,192.00,256954368,348975104,114090264,95883264,18123768,2904,7449760,22132800,958,909,909,0,0,0,0,0,0,0,0,0.371,0.014,0.000,0,0,0,909,909,0,0
travel,4.563,109.5,205.931,205.931,fly,0.889,ok,2601,0,0,192.00,256954368,348975104,114090264,95883264,18123768,2904,7449760,22132800,958,909,909,0,0,0,0,0,0,0,0,0.384,0.020,0.000,0,0,0,909,909,0,0
travel,4.593,110.2,206.441,206.441,fly,0.827,ok,2601,0,0,192.00,256954368,348975104,114090264,95883264,18123768,2904,7449760,22132800,958,909,909,0,0,0,0,0,0,0,0,0.487,0.010,0.000,0,0,0,909,909,0,0
travel,4.623,110.9,206.951,206.951,fly,0.787,ok,2601,0,0,192.00,256954368,348975104,114090264,95883264,18123768,2904,7449760,22132800,958,909,909,0,0,0,0,0,0,0,0,0.369,0.013,0.000,0,0,0,909,909,0,0
travel,4.653,111.7,207.472,207.472,fly,0.775,ok,2601,0,0,192.00,256954368,348975104,114090264,95883264,18123768,2904,7449760,22132800,958,909,909,0,0,0,0,0,0,0,0,0.368,0.013,0.000,0,0,0,909,909,0,0
travel,4.683,112.4,207.981,207.981,fly,0.850,ok,2601,0,0,192.00,256954368,348975104,114090264,95883264,18123768,2904,7449760,22132800,958,909,909,0,0,0,0,0,0,0,0,0.380,0.018,0.000,0,0,0,909,909,0,0
travel,4.722,113.3,208.641,208.641,fly,0.789,ok,2601,0,0,192.00,258072576,350023680,114090264,95883264,18123768,2904,11174640,22132800,958,1010,1010,0,0,0,0,0,0,0,0,0.371,0.014,0.000,0,0,0,1010,1010,0,0
travel,4.753,114.1,209.159,209.159,fly,0.791,ok,2601,0,0,192.00,258072576,350023680,114090264,95883264,18123768,2904,11174640,22132800,958,1010,1010,0,0,0,0,0,0,0,0,0.373,0.013,0.000,0,0,0,1010,1010,0,0
travel,4.783,114.8,209.668,209.668,fly,0.810,ok,2601,0,0,192.00,258076672,350023680,114090264,95883264,18123768,2904,11174640,22132800,958,1010,1010,0,0,0,0,0,0,0,0,0.392,0.014,0.000,0,0,0,1010,1010,0,0
travel,4.813,115.5,210.180,210.180,fly,0.869,ok,2601,0,0,192.00,258076672,350023680,114090264,95883264,18123768,2904,11174640,22132800,958,1010,1010,0,0,0,0,0,0,0,0,0.430,0.021,0.000,0,0,0,1010,1010,0,0
travel,4.843,116.2,210.689,210.689,fly,0.789,ok,2601,0,0,192.00,258076672,350023680,114090264,95883264,18123768,2904,11174640,22132800,958,1010,1010,0,0,0,0,0,0,0,0,0.373,0.014,0.000,0,0,0,1010,1010,0,0
travel,4.873,117.0,211.200,211.200,fly,0.807,ok,2601,0,0,192.00,258076672,350023680,114090264,95883264,18123768,2904,11174640,22132800,958,1010,1010,0,0,0,0,0,0,0,0,0.379,0.014,0.000,0,0,0,1010,1010,0,0
travel,4.903,117.7,211.711,211.711,fly,0.786,ok,2601,0,0,192.00,258076672,350023680,114090264,95883264,18123768,2904,11174640,22132800,958,1010,1010,0,0,0,0,0,0,0,0,0.371,0.013,0.000,0,0,0,1010,1010,0,0
travel,4.933,118.4,212.224,212.224,fly,0.787,ok,2601,0,0,192.00,258076672,350023680,114090264,95883264,18123768,2904,7449760,22132800,958,1010,1010,0,0,0,0,0,0,0,0,0.370,0.014,0.000,0,0,0,1010,1010,0,0
travel,4.963,119.1,212.735,212.735,fly,0.908,ok,2601,0,0,192.00,258076672,350023680,114090264,95883264,18123768,2904,7449760,22132800,958,1010,1010,0,0,0,0,0,0,0,0,0.448,0.020,0.000,0,0,0,1010,1010,0,0
travel,4.994,119.9,213.254,213.254,fly,0.791,ok,2601,0,0,192.00,258076672,350023680,114090264,95883264,18123768,2904,7449760,22132800,958,1010,1010,0,0,0,0,0,0,0,0,0.371,0.014,0.000,0,0,0,1010,1010,0,0
travel,5.024,120.6,213.767,213.767,fly,0.915,ok,2601,0,0,192.00,258076672,350023680,114090264,95883264,18123768,2904,7449760,22132800,958,1010,1010,0,0,0,0,0,0,0,0,0.462,0.026,0.000,0,0,0,1010,1010,0,0
travel,5.055,121.3,214.280,214.280,fly,0.790,ok,2601,0,0,192.00,258076672,350023680,114090264,95883264,18123768,2904,7449760,22132800,958,1010,1010,0,0,0,0,0,0,0,0,0.374,0.014,0.000,0,0,0,1010,1010,0,0
travel,5.085,122.0,214.790,214.790,fly,0.937,ok,2601,0,0,192.00,258076672,350023680,114090264,95883264,18123768,2904,7449760,22132800,958,1010,1010,0,0,0,0,0,0,0,0,0.473,0.025,0.000,0,0,0,1010,1010,0,0
travel,5.115,122.8,215.306,215.306,fly,0.809,ok,2601,0,0,192.00,258076672,350023680,114090264,95883264,18123768,2904,7449760,22132800,958,1010,1010,0,0,0,0,0,0,0,0,0.371,0.015,0.000,0,0,0,1010,1010,0,0
travel,5.145,123.5,215.816,215.816,fly,0.830,ok,2601,0,0,192.00,258076672,350023680,114090264,95883264,18123768,2904,7449760,22132800,958,1010,1010,0,0,0,0,0,0,0,0,0.381,0.014,0.000,0,0,0,1010,1010,0,0
travel,5.184,124.4,216.475,216.475,fly,0.878,ok,2601,0,0,192.00,258994176,351076352,114090264,95883264,18123768,2904,11174640,22132800,958,1111,1111,0,0,0,0,0,0,0,0,0.401,0.064,0.000,0,0,0,1111,1111,0,0
travel,5.214,125.1,216.993,216.993,fly,0.894,ok,2601,0,0,192.00,258994176,351076352,114090264,95883264,18123768,2904,11174640,22132800,958,1111,1111,0,0,0,0,0,0,0,0,0.461,0.014,0.000,0,0,0,1111,1111,0,0
travel,5.245,125.9,217.504,217.504,fly,0.790,ok,2601,0,0,192.00,258998272,351076352,114090264,95883264,18123768,2904,11174640,22132800,958,1111,1111,0,0,0,0,0,0,0,0,0.376,0.013,0.000,0,0,0,1111,1111,0,0
travel,5.275,126.6,218.018,218.018,fly,0.790,ok,2601,0,0,192.00,258998272,351076352,114090264,95883264,18123768,2904,11174640,22132800,958,1111,1111,0,0,0,0,0,0,0,0,0.373,0.013,0.000,0,0,0,1111,1111,0,0
travel,5.305,127.3,218.531,218.531,fly,0.798,ok,2601,0,0,192.00,259002368,351076352,114090264,95883264,18123768,2904,11174640,22132800,958,1111,1111,0,0,0,0,0,0,0,0,0.372,0.013,0.000,0,0,0,1111,1111,0,0
travel,5.335,128.0,219.040,219.040,fly,0.800,ok,2601,0,0,192.00,259002368,351076352,114090264,95883264,18123768,2904,11174640,22132800,958,1111,1111,0,0,0,0,0,0,0,0,0.372,0.014,0.000,0,0,0,1111,1111,0,0
travel,5.365,128.8,219.553,219.553,fly,0.792,ok,2601,0,0,192.00,259002368,351076352,114090264,95883264,18123768,2904,11174640,22132800,958,1111,1111,0,0,0,0,0,0,0,0,0.371,0.013,0.000,0,0,0,1111,1111,0,0
travel,5.395,129.5,220.064,220.064,fly,0.789,ok,2601,0,0,192.00,259002368,351076352,114090264,95883264,18123768,2904,7449760,22132800,958,1111,1111,0,0,0,0,0,0,0,0,0.372,0.014,0.000,0,0,0,1111,1111,0,0
travel,5.426,130.2,220.579,220.579,fly,0.793,ok,2601,0,0,192.00,259002368,351076352,114090264,95883264,18123768,2904,7449760,22132800,958,1111,1111,0,0,0,0,0,0,0,0,0.372,0.014,0.000,0,0,0,1111,1111,0,0
travel,5.456,130.9,221.091,221.091,fly,0.851,ok,2601,0,0,192.00,259002368,351076352,114090264,95883264,18123768,2904,7449760,22132800,958,1111,1111,0,0,0,0,0,0,0,0,0.379,0.016,0.000,0,0,0,1111,1111,0,0
travel,5.486,131.7,221.606,221.606,fly,0.916,ok,2601,0,0,192.00,259002368,351076352,114090264,95883264,18123768,2904,7449760,22132800,958,1111,1111,0,0,0,0,0,0,0,0,0.394,0.020,0.000,0,0,0,1111,1111,0,0
travel,5.516,132.4,222.115,222.115,fly,0.791,ok,2601,0,0,192.00,259002368,351076352,114090264,95883264,18123768,2904,7449760,22132800,958,1111,1111,0,0,0,0,0,0,0,0,0.372,0.014,0.000,0,0,0,1111,1111,0,0
travel,5.547,133.1,222.633,222.633,fly,0.791,ok,2601,0,0,192.00,259002368,351076352,114090264,95883264,18123768,2904,7449760,22132800,958,1111,1111,0,0,0,0,0,0,0,0,0.369,0.014,0.000,0,0,0,1111,1111,0,0
travel,5.577,133.8,223.143,223.143,fly,0.788,ok,2601,0,0,192.00,259002368,351076352,114090264,95883264,18123768,2904,7449760,22132800,958,1111,1111,0,0,0,0,0,0,0,0,0.370,0.013,0.000,0,0,0,1111,1111,0,0
travel,5.607,134.6,223.659,223.659,fly,0.787,ok,2601,0,0,192.00,259002368,351076352,114090264,95883264,18123768,2904,7449760,22132800,958,1111,1111,0,0,0,0,0,0,0,0,0.367,0.013,0.000,0,0,0,1111,1111,0,0
travel,5.646,135.5,224.310,224.310,fly,0.805,ok,2601,0,0,192.00,259985408,353701888,114090264,95883264,18123768,2904,11174640,22132800,958,1212,1212,0,0,0,0,0,0,0,0,0.373,0.015,0.000,0,0,0,1212,1212,0,0
travel,5.676,136.2,224.819,224.819,fly,1.157,ok,2601,0,0,192.00,259985408,353701888,114090264,95883264,18123768,2904,11174640,22132800,958,1212,1212,0,0,0,0,0,0,0,0,0.602,0.026,0.000,0,0,0,1212,1212,0,0
travel,5.706,136.9,225.334,225.334,fly,0.801,ok,2601,0,0,192.00,259985408,353701888,114090264,95883264,18123768,2904,11174640,22132800,958,1212,1212,0,0,0,0,0,0,0,0,0.373,0.014,0.000,0,0,0,1212,1212,0,0
travel,5.736,137.7,225.850,225.850,fly,0.950,ok,2601,0,0,192.00,259985408,353701888,114090264,95883264,18123768,2904,11174640,22132800,958,1212,1212,0,0,0,0,0,0,0,0,0.488,0.022,0.000,0,0,0,1212,1212,0,0
travel,5.766,138.4,226.362,226.362,fly,0.859,ok,2601,0,0,192.00,259989504,353701888,114090264,95883264,18123768,2904,11174640,22132800,958,1212,1212,0,0,0,0,0,0,0,0,0.419,0.017,0.000,0,0,0,1212,1212,0,0
travel,5.797,139.1,226.882,226.882,fly,0.790,ok,2601,0,0,192.00,259989504,353701888,114090264,95883264,18123768,2904,11174640,22132800,958,1212,1212,0,0,0,0,0,0,0,0,0.372,0.014,0.000,0,0,0,1212,1212,0,0
travel,5.827,139.9,227.397,227.397,fly,0.779,ok,2601,0,0,192.00,259993600,353701888,114090264,95883264,18123768,2904,11174640,22132800,958,1212,1212,0,0,0,0,0,0,0,0,0.369,0.013,0.000,0,0,0,1212,1212,0,0
travel,5.858,140.6,227.909,227.909,fly,0.797,ok,2601,0,0,192.00,259993600,353701888,114090264,95883264,18123768,2904,11174640,22132800,958,1212,1212,0,0,0,0,0,0,0,0,0.380,0.013,0.000,0,0,0,1212,1212,0,0
travel,5.888,141.3,228.420,228.420,fly,0.790,ok,2601,0,0,192.00,259993600,353701888,114090264,95883264,18123768,2904,7449760,22132800,958,1212,1212,0,0,0,0,0,0,0,0,0.371,0.014,0.000,0,0,0,1212,1212,0,0
travel,5.918,142.0,228.936,228.936,fly,0.790,ok,2601,0,0,192.00,259993600,353701888,114090264,95883264,18123768,2904,7449760,22132800,958,1212,1212,0,0,0,0,0,0,0,0,0.370,0.013,0.000,0,0,0,1212,1212,0,0
travel,5.948,142.8,229.446,229.446,fly,0.806,ok,2601,0,0,192.00,259993600,353701888,114090264,95883264,18123768,2904,7449760,22132800,958,1212,1212,0,0,0,0,0,0,0,0,0.369,0.014,0.000,0,0,0,1212,1212,0,0
travel,5.978,143.5,229.959,229.959,fly,0.785,ok,2601,0,0,192.00,259993600,353701888,114090264,95883264,18123768,2904,7449760,22132800,958,1212,1212,0,0,0,0,0,0,0,0,0.373,0.014,0.000,0,0,0,1212,1212,0,0
travel,6.008,144.2,230.469,230.469,fly,0.786,ok,2601,0,0,192.00,259993600,353701888,114090264,95883264,18123768,2904,7449760,22132800,958,1212,1212,0,0,0,0,0,0,0,0,0.370,0.013,0.000,0,0,0,1212,1212,0,0
travel,6.039,144.9,230.988,230.988,fly,0.786,ok,2601,0,0,192.00,259993600,353701888,114090264,95883264,18123768,2904,7449760,22132800,958,1212,1212,0,0,0,0,0,0,0,0,0.369,0.014,0.000,0,0,0,1212,1212,0,0
travel,6.069,145.7,231.497,231.497,fly,0.800,ok,2601,0,0,192.00,259993600,353701888,114090264,95883264,18123768,2904,7449760,22132800,958,1212,1212,0,0,0,0,0,0,0,0,0.373,0.015,0.000,0,0,0,1212,1212,0,0
travel,6.099,146.4,232.009,232.009,fly,4.476,ok,2537,64,81,192.00,259993600,353701888,111282968,93523968,17677816,2904,11174640,15975048,958,1249,1313,37,101,37,37,37,0,0,0,1.261,0.025,0.000,0,0,0,1249,1249,0,0
travel,6.138,147.3,232.674,232.674,fly,0.780,ok,2601,0,0,192.00,260321280,354750464,114090264,95883264,18123768,2904,11174640,22132800,958,1313,1313,0,0,0,0,0,0,0,0,0.372,0.013,0.000,0,0,0,1313,1313,0,0
travel,6.168,148.0,233.184,233.184,fly,0.925,ok,2601,0,0,192.00,260321280,354750464,114090264,95883264,18123768,2904,11174640,22132800,958,1313,1313,0,0,0,0,0,0,0,0,0.474,0.025,0.000,0,0,0,1313,1313,0,0
travel,6.199,148.8,233.702,233.702,fly,0.839,ok,2601,0,0,192.00,260321280,354750464,114090264,95883264,18123768,2904,11174640,22132800,958,1313,1313,0,0,0,0,0,0,0,0,0.389,0.015,0.000,0,0,0,1313,1313,0,0
travel,6.229,149.5,234.213,234.213,fly,1.052,ok,2601,0,0,192.00,260321280,354750464,114090264,95883264,18123768,2904,11174640,22132800,958,1313,1313,0,0,0,0,0,0,0,0,0.479,0.029,0.000,0,0,0,1313,1313,0,0
travel,6.259,150.2,234.725,234.725,fly,0.790,ok,2601,0,0,192.00,260321280,354750464,114090264,95883264,18123768,2904,11174640,22132800,958,1313,1313,0,0,0,0,0,0,0,0,0.372,0.014,0.000,0,0,0,1313,1313,0,0
travel,6.289,151.0,235.238,235.238,fly,0.879,ok,2601,0,0,192.00,260325376,354750464,114090264,95883264,18123768,2904,11174640,22132800,958,1313,1313,0,0,0,0,0,0,0,0,0.408,0.022,0.000,0,0,0,1313,1313,0,0
travel,6.319,151.7,235.747,235.747,fly,0.789,ok,2601,0,0,192.00,260325376,354750464,114090264,95883264,18123768,2904,11174640,22132800,958,1313,1313,0,0,0,0,0,0,0,0,0.371,0.014,0.000,0,0,0,1313,1313,0,0
travel,6.349,152.4,236.257,236.257,fly,0.926,ok,2601,0,0,192.00,260329472,354750464,114090264,95883264,18123768,2904,7449760,22132800,958,1313,1313,0,0,0,0,0,0,0,0,0.405,0.020,0.000,0,0,0,1313,1313,0,0
travel,6.380,153.1,236.767,236.767,fly,0.780,ok,2601,0,0,192.00,260329472,354750464,114090264,95883264,18123768,2904,7449760,22132800,958,1313,1313,0,0,0,0,0,0,0,0,0.369,0.013,0.000,0,0,0,1313,1313,0,0
travel,6.410,153.8,237.284,237.284,fly,0.963,ok,2601,0,0,192.00,260329472,354750464,114090264,95883264,18123768,2904,7449760,22132800,958,1313,1313,0,0,0,0,0,0,0,0,0.373,0.026,0.000,0,0,0,1313,1313,0,0
travel,6.440,154.6,237.794,237.794,fly,0.778,ok,2601,0,0,192.00,260329472,354750464,114090264,95883264,18123768,2904,7449760,22132800,958,1313,1313,0,0,0,0,0,0,0,0,0.368,0.013,0.000,0,0,0,1313,1313,0,0
travel,6.470,155.3,238.310,238.310,fly,0.875,ok,2601,0,0,192.00,260329472,354750464,114090264,95883264,18123768,2904,7449760,22132800,958,1313,1313,0,0,0,0,0,0,0,0,0.393,0.020,0.000,0,0,0,1313,1313,0,0
travel,6.501,156.0,238.823,238.823,fly,0.816,ok,2601,0,0,192.00,260329472,354750464,114090264,95883264,18123768,2904,7449760,22132800,958,1313,1313,0,0,0,0,0,0,0,0,0.384,0.014,0.000,0,0,0,1313,1313,0,0
travel,6.531,156.8,239.339,239.339,fly,0.839,ok,2601,0,0,192.00,260329472,354750464,114090264,95883264,18123768,2904,7449760,22132800,958,1313,1313,0,0,0,0,0,0,0,0,0.404,0.020,0.000,0,0,0,1313,1313,0,0
travel,6.561,157.5,239.850,239.850,fly,0.777,ok,2601,0,0,192.00,260329472,354750464,114090264,95883264,18123768,2904,7449760,22132800,958,1313,1313,0,0,0,0,0,0,0,0,0.374,0.014,0.000,0,0,0,1313,1313,0,0
travel,6.600,158.4,240.506,240.506,fly,0.793,ok,2601,0,0,192.00,261640192,355803136,114090264,95883264,18123768,2904,11174640,22132800,958,1414,1414,0,0,0,0,0,0,0,0,0.375,0.014,0.000,0,0,0,1414,1414,0,0
travel,6.630,159.1,241.018,241.018,fly,0.850,ok,2601,0,0,192.00,261640192,355803136,114090264,95883264,18123768,2904,11174640,22132800,958,1414,1414,0,0,0,0,0,0,0,0,0.379,0.015,0.000,0,0,0,1414,1414,0,0
travel,6.660,159.8,241.528,241.528,fly,0.798,ok,2601,0,0,192.00,261640192,355803136,114090264,95883264,18123768,2904,11174640,22132800,958,1414,1414,0,0,0,0,0,0,0,0,0.373,0.013,0.000,0,0,0,1414,1414,0,0
travel,6.691,160.6,242.048,242.048,fly,0.803,ok,2601,0,0,192.00,261640192,355803136,114090264,95883264,18123768,2904,11174640,22132800,958,1414,1414,0,0,0,0,0,0,0,0,0.371,0.014,0.000,0,0,0,1414,1414,0,0
travel,6.721,161.3,242.559,242.559,fly,1.019,ok,2601,0,0,192.00,261640192,355803136,114090264,95883264,18123768,2904,11174640,22132800,958,1414,1414,0,0,0,0,0,0,0,0,0.601,0.014,0.000,0,0,0,1414,1414,0,0
travel,6.751,162.0,243.073,243.073,fly,0.794,ok,2601,0,0,192.00,261640192,355803136,114090264,95883264,18123768,2904,11174640,22132800,958,1414,1414,0,0,0,0,0,0,0,0,0.372,0.014,0.000,0,0,0,1414,1414,0,0
travel,6.781,162.8,243.584,243.584,fly,0.942,ok,2601,0,0,192.00,261640192,355803136,114090264,95883264,18123768,2904,11174640,22132800,958,1414,1414,0,0,0,0,0,0,0,0,0.507,0.020,0.000,0,0,0,1414,1414,0,0
travel,6.811,163.5,244.097,244.097,fly,0.784,ok,2601,0,0,192.00,261644288,355803136,114090264,95883264,18123768,2904,11174640,22132800,958,1414,1414,0,0,0,0,0,0,0,0,0.372,0.013,0.000,0,0,0,1414,1414,0,0
travel,6.842,164.2,244.611,244.611,fly,0.861,ok,2601,0,0,192.00,261644288,355803136,114090264,95883264,18123768,2904,7449760,22132800,958,1414,1414,0,0,0,0,0,0,0,0,0.444,0.014,0.000,0,0,0,1414,1414,0,0
travel,6.872,164.9,245.122,245.122,fly,0.802,ok,2601,0,0,192.00,261648384,355803136,114090264,95883264,18123768,2904,7449760,22132800,958,1414,1414,0,0,0,0,0,0,0,0,0.386,0.014,0.000,0,0,0,1414,1414,0,0
travel,6.902,165.6,245.632,245.632,fly,0.876,ok,2601,0,0,192.00,261648384,355803136,114090264,95883264,18123768,2904,7449760,22132800,958,1414,1414,0,0,0,0,0,0,0,0,0.462,0.013,0.000,0,0,0,1414,1414,0,0
travel,6.932,166.4,246.144,246.144,fly,0.888,ok,2601,0,0,192.00,261648384,355803136,114090264,95883264,18123768,2904,7449760,22132800,958,1414,1414,0,0,0,0,0,0,0,0,0.464,0.022,0.000,0,0,0,1414,1414,0,0
travel,6.962,167.1,246.656,246.656,fly,0.791,ok,2601,0,0,192.00,261648384,355803136,114090264,95883264,18123768,2904,7449760,22132800,958,1414,1414,0,0,0,0,0,0,0,0,0.371,0.014,0.000,0,0,0,1414,1414,0,0
travel,6.992,167.8,247.171,247.171,fly,0.788,ok,2601,0,0,192.00,261648384,355803136,114090264,95883264,18123768,2904,7449760,22132800,958,1414,1414,0,0,0,0,0,0,0,0,0.369,0.013,0.000,0,0,0,1414,1414,0,0
travel,7.023,168.5,247.681,247.681,fly,0.798,ok,2601,0,0,192.00,261648384,355803136,114090264,95883264,18123768,2904,7449760,22132800,958,1414,1414,0,0,0,0,0,0,0,0,0.370,0.014,0.000,0,0,0,1414,1414,0,0
travel,7.060,169.5,248.322,248.322,fly,0.801,ok,2601,0,0,192.00,262107136,355803136,114090264,95883264,18123768,2904,11174640,22132800,958,1515,1515,0,0,0,0,0,0,0,0,0.376,0.014,0.000,0,0,0,1515,1515,0,0
travel,7.091,170.2,248.835,248.835,fly,0.783,ok,2601,0,0,192.00,262107136,355803136,114090264,95883264,18123768,2904,11174640,22132800,958,1515,1515,0,0,0,0,0,0,0,0,0.372,0.013,0.000,0,0,0,1515,1515,0,0
travel,7.121,170.9,249.347,249.347,fly,0.793,ok,2601,0,0,192.00,262107136,355803136,114090264,95883264,18123768,2904,11174640,22132800,958,1515,1515,0,0,0,0,0,0,0,0,0.372,0.014,0.000,0,0,0,1515,1515,0,0
travel,7.151,171.6,249.861,249.861,fly,0.778,ok,2601,0,0,192.00,262107136,355803136,114090264,95883264,18123768,2904,11174640,22132800,958,1515,1515,0,0,0,0,0,0,0,0,0.374,0.013,0.000,0,0,0,1515,1515,0,0
travel,7.181,172.4,250.373,250.373,fly,0.792,ok,2601,0,0,192.00,262107136,355803136,114090264,95883264,18123768,2904,11174640,22132800,958,1515,1515,0,0,0,0,0,0,0,0,0.382,0.013,0.000,0,0,0,1515,1515,0,0
travel,7.211,173.1,250.883,250.883,fly,0.804,ok,2601,0,0,192.00,262107136,355803136,114090264,95883264,18123768,2904,11174640,22132800,958,1515,1515,0,0,0,0,0,0,0,0,0.384,0.014,0.000,0,0,0,1515,1515,0,0
travel,7.241,173.8,251.394,251.394,fly,0.779,ok,2601,0,0,192.00,262107136,355803136,114090264,95883264,18123768,2904,11174640,22132800,958,1515,1515,0,0,0,0,0,0,0,0,0.371,0.013,0.000,0,0,0,1515,1515,0,0
travel,7.272,174.5,251.911,251.911,fly,0.835,ok,2601,0,0,192.00,262107136,355803136,114090264,95883264,18123768,2904,11174640,22132800,958,1515,1515,0,0,0,0,0,0,0,0,0.378,0.016,0.000,0,0,0,1515,1515,0,0
travel,7.302,175.3,252.422,252.422,fly,0.786,ok,2601,0,0,192.00,262107136,355803136,114090264,95883264,18123768,2904,7449760,22132800,958,1515,1515,0,0,0,0,0,0,0,0,0.373,0.014,0.000,0,0,0,1515,1515,0,0
travel,7.332,176.0,252.939,252.939,fly,0.780,ok,2601,0,0,192.00,262111232,355803136,114090264,95883264,18123768,2904,7449760,22132800,958,1515,1515,0,0,0,0,0,0,0,0,0.371,0.013,0.000,0,0,0,1515,1515,0,0
travel,7.362,176.7,253.449,253.449,fly,0.778,ok,2601,0,0,192.00,262111232,355803136,114090264,95883264,18123768,2904,7449760,22132800,958,1515,1515,0,0,0,0,0,0,0,0,0.370,0.013,0.000,0,0,0,1515,1515,0,0
travel,7.393,177.4,253.963,253.963,fly,0.780,ok,2601,0,0,192.00,262115328,355803136,114090264,95883264,18123768,2904,7449760,22132800,958,1515,1515,0,0,0,0,0,0,0,0,0.369,0.013,0.000,0,0,0,1515,1515,0,0
travel,7.423,178.2,254.473,254.473,fly,0.800,ok,2601,0,0,192.00,262115328,355803136,114090264,95883264,18123768,2904,7449760,22132800,958,1515,1515,0,0,0,0,0,0,0,0,0.372,0.014,0.000,0,0,0,1515,1515,0,0
travel,7.453,178.9,254.988,254.988,fly,0.790,ok,2601,0,0,192.00,262115328,355803136,114090264,95883264,18123768,2904,7449760,22132800,958,1515,1515,0,0,0,0,0,0,0,0,0.368,0.013,0.000,0,0,0,1515,1515,0,0
travel,7.483,179.6,255.499,255.499,fly,0.783,ok,2601,0,0,192.00,262115328,355803136,114090264,95883264,18123768,2904,7449760,22132800,958,1515,1515,0,0,0,0,0,0,0,0,0.370,0.013,0.000,0,0,0,1515,1515,0,0
travel,7.513,180.3,256.012,256.012,fly,4.896,ok,2537,64,76,192.00,261054464,356839424,111282968,93523968,17677816,2904,11174640,16235928,958,1552,1616,37,101,37,37,37,0,0,1036288,1.684,0.022,0.000,0,0,0,1552,1552,0,0
travel,7.553,181.3,256.679,256.679,fly,0.980,ok,2601,0,0,192.00,261644288,357888000,114090264,95883264,18123768,2904,11174640,22132800,958,1616,1616,0,0,0,0,0,0,0,0,0.560,0.021,0.000,0,0,0,1616,1616,0,0
travel,7.583,182.0,257.189,257.189,fly,0.829,ok,2601,0,0,192.00,261644288,357888000,114090264,95883264,18123768,2904,11174640,22132800,958,1616,1616,0,0,0,0,0,0,0,0,0.383,0.014,0.000,0,0,0,1616,1616,0,0
travel,7.613,182.7,257.700,257.700,fly,0.788,ok,2601,0,0,192.00,261644288,357888000,114090264,95883264,18123768,2904,11174640,22132800,958,1616,1616,0,0,0,0,0,0,0,0,0.374,0.014,0.000,0,0,0,1616,1616,0,0
travel,7.643,183.4,258.210,258.210,fly,0.804,ok,2601,0,0,192.00,261644288,357888000,114090264,95883264,18123768,2904,11174640,22132800,958,1616,1616,0,0,0,0,0,0,0,0,0.374,0.014,0.000,0,0,0,1616,1616,0,0
travel,7.673,184.2,258.727,258.727,fly,0.891,ok,2601,0,0,192.00,261644288,357888000,114090264,95883264,18123768,2904,11174640,22132800,958,1616,1616,0,0,0,0,0,0,0,0,0.496,0.011,0.000,0,0,0,1616,1616,0,0
travel,7.704,184.9,259.250,259.250,fly,0.792,ok,2601,0,0,192.00,261644288,357888000,114090264,95883264,18123768,2904,11174640,22132800,958,1616,1616,0,0,0,0,0,0,0,0,0.378,0.013,0.000,0,0,0,1616,1616,0,0
travel,7.735,185.6,259.768,259.768,fly,1.009,ok,2601,0,0,192.00,261644288,357888000,114090264,95883264,18123768,2904,11174640,22132800,958,1616,1616,0,0,0,0,0,0,0,0,0.492,0.014,0.000,0,0,0,1616,1616,0,0
travel,7.766,186.4,260.297,260.297,fly,0.819,ok,2601,0,0,192.00,261644288,357888000,114090264,95883264,18123768,2904,7449760,22132800,958,1616,1616,0,0,0,0,0,0,0,0,0.375,0.015,0.000,0,0,0,1616,1616,0,0
travel,7.796,187.1,260.813,260.813,fly,0.780,ok,2601,0,0,192.00,261644288,357888000,114090264,95883264,18123768,2904,7449760,22132800,958,1616,1616,0,0,0,0,0,0,0,0,0.370,0.013,0.000,0,0,0,1616,1616,0,0
travel,7.827,187.8,261.329,261.329,fly,0.855,ok,2601,0,0,192.00,261644288,357888000,114090264,95883264,18123768,2904,7449760,22132800,958,1616,1616,0,0,0,0,0,0,0,0,0.428,0.028,0.000,0,0,0,1616,1616,0,0
travel,7.857,188.6,261.843,261.843,fly,0.787,ok,2601,0,0,192.00,261648384,357888000,114090264,95883264,18123768,2904,7449760,22132800,958,1616,1616,0,0,0,0,0,0,0,0,0.373,0.013,0.000,0,0,0,1616,1616,0,0
travel,7.887,189.3,262.359,262.359,fly,0.889,ok,2601,0,0,192.00,261648384,357888000,114090264,95883264,18123768,2904,7449760,22132800,958,1616,1616,0,0,0,0,0,0,0,0,0.398,0.022,0.000,0,0,0,1616,1616,0,0
travel,7.918,190.0,262.872,262.872,fly,0.794,ok,2601,0,0,192.00,261648384,357888000,114090264,95883264,18123768,2904,7449760,22132800,958,1616,1616,0,0,0,0,0,0,0,0,0.370,0.014,0.000,0,0,0,1616,1616,0,0
travel,7.948,190.8,263.381,263.381,fly,0.808,ok,2601,0,0,192.00,261648384,357888000,114090264,95883264,18123768,2904,7449760,22132800,958,1616,1616,0,0,0,0,0,0,0,0,0.378,0.029,0.000,0,0,0,1616,1616,0,0
travel,7.978,191.5,263.898,263.898,fly,0.785,ok,2601,0,0,192.00,261648384,357888000,114090264,95883264,18123768,2904,7449760,22132800,958,1616,1616,0,0,0,0,0,0,0,0,0.369,0.014,0.000,0,0,0,1616,1616,0,0
travel,8.016,192.4,264.544,264.544,fly,0.788,ok,2601,0,0,192.00,262500352,358416384,114090264,95883264,18123768,2904,11174640,22132800,958,1717,1717,0,0,0,0,0,0,0,0,0.372,0.013,0.000,0,0,0,1717,1717,0,0
travel,8.046,193.1,265.053,265.053,fly,1.154,ok,2601,0,0,192.00,262500352,358416384,114090264,95883264,18123768,2904,11174640,22132800,958,1717,1717,0,0,0,0,0,0,0,0,0.707,0.026,0.000,0,0,0,1717,1717,0,0
travel,8.076,193.8,265.567,265.567,fly,0.781,ok,2601,0,0,192.00,262500352,358416384,114090264,95883264,18123768,2904,11174640,22132800,958,1717,1717,0,0,0,0,0,0,0,0,0.371,0.013,0.000,0,0,0,1717,1717,0,0
travel,8.110,194.7,266.139,266.139,fly,0.923,ok,2601,0,0,192.00,262500352,358416384,114090264,95883264,18123768,2904,11174640,22132800,958,1717,1717,0,0,0,0,0,0,0,0,0.359,0.016,0.000,0,0,0,1717,1717,0,0
travel,8.143,195.4,266.694,266.694,fly,0.979,ok,2601,0,0,192.00,262500352,358416384,114090264,95883264,18123768,2904,11174640,22132800,958,1717,1717,0,0,0,0,0,0,0,0,0.387,0.027,0.000,0,0,0,1717,1717,0,0
travel,8.179,196.3,267.316,267.316,fly,1.276,ok,2601,0,0,192.00,262504448,358420480,114090264,95883264,18123768,2904,11174640,22132800,958,1717,1717,0,0,0,0,0,0,0,0,0.065,0.154,0.000,0,0,0,1717,1717,0,0
travel,8.214,197.2,267.910,267.910,fly,1.170,ok,2601,0,0,192.00,262508544,358420480,114090264,95883264,18123768,2904,7449760,22132800,958,1717,1717,0,0,0,0,0,0,0,0,0.063,0.097,0.000,0,0,0,1717,1717,0,0
travel,8.250,198.0,268.512,268.512,fly,0.798,ok,2601,0,0,192.00,262508544,358420480,114090264,95883264,18123768,2904,7449760,22132800,958,1717,1717,0,0,0,0,0,0,0,0,0.059,0.063,0.000,0,0,0,1717,1717,0,0
travel,8.282,198.8,269.053,269.053,fly,0.812,ok,2601,0,0,192.00,262512640,358420480,114090264,95883264,18123768,2904,7449760,22132800,958,1717,1717,0,0,0,0,0,0,0,0,0.060,0.068,0.000,0,0,0,1717,1717,0,0
travel,8.313,199.5,269.583,269.583,fly,0.822,ok,2601,0,0,192.00,262512640,358420480,114090264,95883264,18123768,2904,7449760,22132800,958,1717,1717,0,0,0,0,0,0,0,0,0.059,0.069,0.000,0,0,0,1717,1717,0,0
travel,8.344,200.3,270.111,270.111,fly,0.794,ok,2601,0,0,192.00,262512640,358420480,114090264,95883264,18123768,2904,7449760,22132800,958,1717,1717,0,0,0,0,0,0,0,0,0.059,0.063,0.000,0,0,0,1717,1717,0,0
travel,8.375,201.0,270.636,270.636,fly,1.176,ok,2601,0,0,192.00,262512640,358420480,114090264,95883264,18123768,2904,7449760,22132800,958,1717,1717,0,0,0,0,0,0,0,0,0.066,0.092,0.000,0,0,0,1717,1717,0,0
travel,8.406,201.7,271.157,271.157,fly,1.141,ok,2601,0,0,192.00,262516736,358420480,114090264,95883264,18123768,2904,7449760,22132800,958,1717,1717,0,0,0,0,0,0,0,0,0.278,0.068,0.000,0,0,0,1717,1717,0,0
travel,8.437,202.5,271.686,271.686,fly,0.797,ok,2601,0,0,192.00,262516736,358420480,114090264,95883264,18123768,2904,7449760,22132800,958,1717,1717,0,0,0,0,0,0,0,0,0.059,0.063,0.000,0,0,0,1717,1717,0,0
travel,8.479,203.5,272.395,272.395,fly,1.094,ok,2601,0,0,192.00,263274496,360587264,114090264,95883264,18123768,2904,11174640,22132800,958,1818,1818,0,0,0,0,0,0,0,0,0.345,0.066,0.000,0,0,0,1818,1818,0,0
travel,8.510,204.2,272.924,272.924,fly,0.847,ok,2601,0,0,192.00,263274496,360587264,114090264,95883264,18123768,2904,11174640,22132800,958,1818,1818,0,0,0,0,0,0,0,0,0.061,0.072,0.000,0,0,0,1818,1818,0,0
travel,8.541,205.0,273.444,273.444,fly,0.803,ok,2601,0,0,192.00,263274496,360587264,114090264,95883264,18123768,2904,11174640,22132800,958,1818,1818,0,0,0,0,0,0,0,0,0.060,0.066,0.000,0,0,0,1818,1818,0,0
travel,8.573,205.8,274.000,274.000,fly,1.122,ok,2601,0,0,192.00,263274496,360587264,114090264,95883264,18123768,2904,11174640,22132800,958,1818,1818,0,0,0,0,0,0,0,0,0.323,0.063,0.000,0,0,0,1818,1818,0,0
travel,8.605,206.5,274.540,274.540,fly,0.797,ok,2601,0,0,192.00,263274496,360587264,114090264,95883264,18123768,2904,11174640,22132800,958,1818,1818,0,0,0,0,0,0,0,0,0.059,0.063,0.000,0,0,0,1818,1818,0,0
travel,8.636,207.3,275.061,275.061,fly,1.223,ok,2601,0,0,192.00,263274496,360587264,114090264,95883264,18123768,2904,11174640,22132800,958,1818,1818,0,0,0,0,0,0,0,0,0.149,0.132,0.000,0,0,0,1818,1818,0,0
travel,8.668,208.0,275.601,275.601,fly,1.080,ok,2601,0,0,192.00,263274496,360587264,114090264,95883264,18123768,2904,7449760,22132800,958,1818,1818,0,0,0,0,0,0,0,0,0.073,0.156,0.000,0,0,0,1818,1818,0,0
travel,8.699,208.8,276.132,276.132,fly,0.805,ok,2601,0,0,192.00,263274496,360587264,114090264,95883264,18123768,2904,7449760,22132800,958,1818,1818,0,0,0,0,0,0,0,0,0.064,0.067,0.000,0,0,0,1818,1818,0,0
travel,8.730,209.5,276.656,276.656,fly,0.810,ok,2601,0,0,192.00,263274496,360587264,114090264,95883264,18123768,2904,7449760,22132800,958,1818,1818,0,0,0,0,0,0,0,0,0.064,0.067,0.000,0,0,0,1818,1818,0,0
travel,8.761,210.3,277.189,277.189,fly,0.803,ok,2601,0,0,192.00,263274496,360587264,114090264,95883264,18123768,2904,7449760,22132800,958,1818,1818,0,0,0,0,0,0,0,0,0.059,0.064,0.000,0,0,0,1818,1818,0,0
travel,8.792,211.0,277.718,277.718,fly,0.819,ok,2601,0,0,192.00,263274496,360587264,114090264,95883264,18123768,2904,7449760,22132800,958,1818,1818,0,0,0,0,0,0,0,0,0.060,0.070,0.000,0,0,0,1818,1818,0,0
travel,8.823,211.8,278.243,278.243,fly,0.797,ok,2601,0,0,192.00,263274496,360587264,114090264,95883264,18123768,2904,7449760,22132800,958,1818,1818,0,0,0,0,0,0,0,0,0.059,0.063,0.000,0,0,0,1818,1818,0,0
travel,8.855,212.5,278.776,278.776,fly,1.141,ok,2601,0,0,192.00,263274496,360587264,114090264,95883264,18123768,2904,7449760,22132800,958,1818,1818,0,0,0,0,0,0,0,0,0.064,0.086,0.000,0,0,0,1818,1818,0,0
travel,8.888,213.3,279.337,279.337,fly,0.804,ok,2601,0,0,192.00,263274496,360587264,114090264,95883264,18123768,2904,7449760,22132800,958,1818,1818,0,0,0,0,0,0,0,0,0.058,0.066,0.000,0,0,0,1818,1818,0,0
travel,8.919,214.1,279.859,279.859,fly,0.822,ok,2601,0,0,192.00,263274496,360587264,114090264,95883264,18123768,2904,7449760,22132800,958,1818,1818,0,0,0,0,0,0,0,0,0.060,0.070,0.000,0,0,0,1818,1818,0,0
travel,8.962,215.1,280.596,280.596,fly,0.807,ok,2601,0,0,192.00,264425472,361701376,114090264,95883264,18123768,2904,11174640,22132800,958,1919,1919,0,0,0,0,0,0,0,0,0.060,0.064,0.000,0,0,0,1919,1919,0,0
travel,8.993,215.8,281.116,281.116,fly,0.810,ok,2601,0,0,192.00,264425472,361701376,114090264,95883264,18123768,2904,11174640,22132800,958,1919,1919,0,0,0,0,0,0,0,0,0.061,0.069,0.000,0,0,0,1919,1919,0,0
travel,9.023,216.6,281.638,281.638,fly,0.883,ok,2601,0,0,192.00,264425472,361701376,114090264,95883264,18123768,2904,11174640,22132800,958,1919,1919,0,0,0,0,0,0,0,0,0.063,0.075,0.000,0,0,0,1919,1919,0,0
travel,9.054,217.3,282.161,282.161,fly,1.163,ok,2601,0,0,192.00,264425472,361701376,114090264,95883264,18123768,2904,11174640,22132800,958,1919,1919,0,0,0,0,0,0,0,0,0.064,0.095,0.000,0,0,0,1919,1919,0,0
travel,9.085,218.0,282.682,282.682,fly,0.868,ok,2601,0,0,192.00,264425472,361701376,114090264,95883264,18123768,2904,11174640,22132800,958,1919,1919,0,0,0,0,0,0,0,0,0.131,0.061,0.000,0,0,0,1919,1919,0,0
travel,9.116,218.8,283.208,283.208,fly,0.809,ok,2601,0,0,192.00,264425472,361701376,114090264,95883264,18123768,2904,7449760,22132800,958,1919,1919,0,0,0,0,0,0,0,0,0.061,0.067,0.000,0,0,0,1919,1919,0,0
travel,9.146,219.5,283.724,283.724,fly,0.958,ok,2601,0,0,192.00,264425472,361701376,114090264,95883264,18123768,2904,7449760,22132800,958,1919,1919,0,0,0,0,0,0,0,0,0.071,0.114,0.000,0,0,0,1919,1919,0,0
travel,9.177,220.3,284.251,284.251,fly,0.794,ok,2601,0,0,192.00,264425472,361701376,114090264,95883264,18123768,2904,7449760,22132800,958,1919,1919,0,0,0,0,0,0,0,0,0.060,0.062,0.000,0,0,0,1919,1919,0,0
travel,9.208,221.0,284.777,284.777,fly,1.140,ok,2601,0,0,192.00,264425472,361701376,114090264,95883264,18123768,2904,7449760,22132800,958,1919,1919,0,0,0,0,0,0,0,0,0.062,0.087,0.000,0,0,0,1919,1919,0,0
travel,9.242,221.8,285.342,285.342,fly,0.820,ok,2601,0,0,192.00,264425472,361701376,114090264,95883264,18123768,2904,7449760,22132800,958,1919,1919,0,0,0,0,0,0,0,0,0.061,0.072,0.000,0,0,0,1919,1919,0,0
travel,9.272,222.5,285.863,285.863,fly,1.053,ok,2601,0,0,192.00,264425472,361701376,114090264,95883264,18123768,2904,7449760,22132800,958,1919,1919,0,0,0,0,0,0,0,0,0.069,0.276,0.000,0,0,0,1919,1919,0,0
travel,9.304,223.3,286.397,286.397,fly,1.159,ok,2601,0,0,192.00,264425472,361701376,114090264,95883264,18123768,2904,7449760,22132800,958,1919,1919,0,0,0,0,0,0,0,0,0.063,0.086,0.000,0,0,0,1919,1919,0,0
travel,9.336,224.1,286.939,286.939,fly,0.808,ok,2601,0,0,192.00,264425472,361701376,114090264,95883264,18123768,2904,7449760,22132800,958,1919,1919,0,0,0,0,0,0,0,0,0.059,0.069,0.000,0,0,0,1919,1919,0,0
travel,9.367,224.8,287.469,287.469,fly,0.807,ok,2601,0,0,192.00,264425472,361701376,114090264,95883264,18123768,2904,7449760,22132800,958,1919,1919,0,0,0,0,0,0,0,0,0.060,0.068,0.000,0,0,0,1919,1919,0,0
travel,9.398,225.6,287.999,287.999,fly,0.905,ok,2601,0,0,192.00,264425472,361701376,114090264,95883264,18123768,2904,7449760,22132800,958,1919,1919,0,0,0,0,0,0,0,0,0.063,0.080,0.000,0,0,0,1919,1919,0,0
travel,9.441,226.6,288.719,288.719,fly,0.834,ok,2601,0,0,192.00,264916992,361766912,114090264,95883264,18123768,2904,11174640,22132800,958,2020,2020,0,0,0,0,0,0,0,0,0.061,0.071,0.000,0,0,0,2020,2020,0,0
travel,9.472,227.3,289.244,289.244,fly,0.853,ok,2601,0,0,192.00,264916992,361766912,114090264,95883264,18123768,2904,11174640,22132800,958,2020,2020,0,0,0,0,0,0,0,0,0.062,0.076,0.000,0,0,0,2020,2020,0,0
travel,9.502,228.1,289.766,289.766,fly,1.374,ok,2601,0,0,192.00,264916992,361766912,114090264,95883264,18123768,2904,11174640,22132800,958,2020,2020,0,0,0,0,0,0,0,0,0.211,0.117,0.000,0,0,0,2020,2020,0,0
travel,9.534,228.8,290.296,290.296,fly,0.798,ok,2601,0,0,192.00,264916992,361766912,114090264,95883264,18123768,2904,11174640,22132800,958,2020,2020,0,0,0,0,0,0,0,0,0.060,0.063,0.000,0,0,0,2020,2020,0,0
travel,9.564,229.5,290.809,290.809,fly,0.806,ok,2601,0,0,192.00,264916992,361766912,114090264,95883264,18123768,2904,11174640,22132800,958,2020,2020,0,0,0,0,0,0,0,0,0.061,0.064,0.000,0,0,0,2020,2020,0,0
travel,9.595,230.3,291.343,291.343,fly,0.823,ok,2601,0,0,192.00,264916992,361766912,114090264,95883264,18123768,2904,7449760,22132800,958,2020,2020,0,0,0,0,0,0,0,0,0.060,0.071,0.000,0,0,0,2020,2020,0,0
travel,9.626,231.0,291.863,291.863,fly,0.834,ok,2601,0,0,192.00,264916992,361766912,114090264,95883264,18123768,2904,7449760,22132800,958,2020,2020,0,0,0,0,0,0,0,0,0.060,0.089,0.000,0,0,0,2020,2020,0,0
travel,9.656,231.8,292.375,292.375,fly,0.846,ok,2601,0,0,192.00,264916992,361766912,114090264,95883264,18123768,2904,7449760,22132800,958,2020,2020,0,0,0,0,0,0,0,0,0.104,0.064,0.000,0,0,0,2020,2020,0,0
travel,9.687,232.5,292.909,292.909,fly,0.812,ok,2601,0,0,192.00,264916992,361766912,114090264,95883264,18123768,2904,7449760,22132800,958,2020,2020,0,0,0,0,0,0,0,0,0.060,0.066,0.000,0,0,0,2020,2020,0,0
travel,9.718,233.3,293.436,293.436,fly,1.194,ok,2601,0,0,192.00,264916992,361766912,114090264,95883264,18123768,2904,7449760,22132800,958,2020,2020,0,0,0,0,0,0,0,0,0.071,0.119,0.000,0,0,0,2020,2020,0,0
travel,9.749,234.0,293.952,293.952,fly,0.837,ok,2601,0,0,192.00,264916992,361766912,114090264,95883264,18123768,2904,7449760,22132800,958,2020,2020,0,0,0,0,0,0,0,0,0.061,0.073,0.000,0,0,0,2020,2020,0,0
travel,9.780,234.7,294.479,294.479,fly,0.821,ok,2601,0,0,192.00,264916992,361766912,114090264,95883264,18123768,2904,7449760,22132800,958,2020,2020,0,0,0,0,0,0,0,0,0.061,0.077,0.000,0,0,0,2020,2020,0,0
travel,9.810,235.5,294.992,294.992,fly,0.882,ok,2601,0,0,192.00,264916992,361766912,114090264,95883264,18123768,2904,7449760,22132800,958,2020,2020,0,0,0,0,0,0,0,0,0.135,0.068,0.000,0,0,0,2020,2020,0,0
travel,9.841,236.2,295.521,295.521,fly,0.801,ok,2601,0,0,192.00,264916992,361766912,114090264,95883264,18123768,2904,7449760,22132800,958,2020,2020,0,0,0,0,0,0,0,0,0.060,0.066,0.000,0,0,0,2020,2020,0,0
travel,9.879,237.1,296.160,296.160,fly,4.079,ok,2583,18,51,192.00,265707520,362229760,113300712,95219712,17998344,2904,11174640,20463504,958,2103,2121,23,0,84,23,23,0,0,528384,0.117,0.258,0.000,0,0,0,2103,2103,0,0
travel,9.916,238.0,296.788,296.788,fly,0.796,ok,2601,0,0,192.00,265838592,362229760,114090264,95883264,18123768,2904,11174640,22132800,958,2121,2121,0,0,0,0,0,0,0,0,0.060,0.065,0.000,0,0,0,2121,2121,0,0
travel,9.949,238.8,297.350,297.350,fly,0.808,ok,2601,0,0,192.00,265838592,362229760,114090264,95883264,18123768,2904,11174640,22132800,958,2121,2121,0,0,0,0,0,0,0,0,0.062,0.065,0.000,0,0,0,2121,2121,0,0
travel,9.980,239.5,297.868,297.868,fly,0.795,ok,2601,0,0,192.00,265842688,362295296,114090264,95883264,18123768,2904,11174640,22132800,958,2121,2121,0,0,0,0,0,0,0,0,0.061,0.065,0.000,0,0,0,2121,2121,0,0
travel,10.012,240.3,298.412,298.412,fly,0.823,ok,2601,0,0,192.00,265842688,362295296,114090264,95883264,18123768,2904,11174640,22132800,958,2121,2121,0,0,0,0,0,0,0,0,0.060,0.068,0.000,0,0,0,2121,2121,0,0
travel,10.043,241.0,298.941,298.941,fly,1.207,ok,2601,0,0,192.00,265842688,362295296,114090264,95883264,18123768,2904,11174640,22132800,958,2121,2121,0,0,0,0,0,0,0,0,0.073,0.118,0.000,0,0,0,2121,2121,0,0
travel,10.074,241.8,299.466,299.466,fly,0.800,ok,2601,0,0,192.00,265842688,362295296,114090264,95883264,18123768,2904,7449760,22132800,958,2121,2121,0,0,0,0,0,0,0,0,0.061,0.064,0.000,0,0,0,2121,2121,0,0
travel,10.105,242.5,299.990,299.990,fly,0.829,ok,2601,0,0,192.00,265842688,362295296,114090264,95883264,18123768,2904,7449760,22132800,958,2121,2121,0,0,0,0,0,0,0,0,0.061,0.069,0.000,0,0,0,2121,2121,0,0
travel,10.135,243.3,300.512,300.512,fly,1.156,ok,2601,0,0,192.00,265842688,362295296,114090264,95883264,18123768,2904,7449760,22132800,958,2121,2121,0,0,0,0,0,0,0,0,0.143,0.149,0.000,0,0,0,2121,2121,0,0
travel,10.166,244.0,301.031,301.031,fly,0.795,ok,2601,0,0,192.00,265842688,362295296,114090264,95883264,18123768,2904,7449760,22132800,958,2121,2121,0,0,0,0,0,0,0,0,0.059,0.063,0.000,0,0,0,2121,2121,0,0
travel,10.197,244.7,301.558,301.558,fly,0.806,ok,2601,0,0,192.00,265842688,362295296,114090264,95883264,18123768,2904,7449760,22132800,958,2121,2121,0,0,0,0,0,0,0,0,0.060,0.069,0.000,0,0,0,2121,2121,0,0
travel,10.228,245.5,302.084,302.084,fly,0.905,ok,2601,0,0,192.00,265842688,362295296,114090264,95883264,18123768,2904,7449760,22132800,958,2121,2121,0,0,0,0,0,0,0,0,0.063,0.084,0.000,0,0,0,2121,2121,0,0
travel,10.259,246.2,302.610,302.610,fly,0.796,ok,2601,0,0,192.00,265842688,362295296,114090264,95883264,18123768,2904,7449760,22132800,958,2121,2121,0,0,0,0,0,0,0,0,0.059,0.066,0.000,0,0,0,2121,2121,0,0
travel,10.291,247.0,303.146,303.146,fly,1.050,ok,2601,0,0,192.00,265842688,362295296,114090264,95883264,18123768,2904,7449760,22132800,958,2121,2121,0,0,0,0,0,0,0,0,0.062,0.086,0.000,0,0,0,2121,2121,0,0
travel,10.321,247.7,303.660,303.660,fly,0.883,ok,2601,0,0,192.00,265842688,362295296,114090264,95883264,18123768,2904,7449760,22132800,958,2121,2121,0,0,0,0,0,0,0,0,0.145,0.068,0.000,0,0,0,2121,2121,0,0
travel,10.361,248.7,304.339,304.339,fly,0.815,ok,2601,0,0,192.00,266649600,363343872,114090264,95883264,18123768,2904,11174640,22132800,958,2222,2222,0,0,0,0,0,0,0,0,0.061,0.067,0.000,0,0,0,2222,2222,0,0
travel,10.392,249.4,304.867,304.867,fly,0.801,ok,2601,0,0,192.00,266649600,363343872,114090264,95883264,18123768,2904,11174640,22132800,958,2222,2222,0,0,0,0,0,0,0,0,0.061,0.063,0.000,0,0,0,2222,2222,0,0
travel,10.424,250.2,305.412,305.412,fly,0.808,ok,2601,0,0,192.00,266653696,363343872,114090264,95883264,18123768,2904,11174640,22132800,958,2222,2222,0,0,0,0,0,0,0,0,0.060,0.066,0.000,0,0,0,2222,2222,0,0
travel,10.455,250.9,305.931,305.931,fly,0.807,ok,2601,0,0,192.00,266653696,363343872,114090264,95883264,18123768,2904,11174640,22132800,958,2222,2222,0,0,0,0,0,0,0,0,0.060,0.066,0.000,0,0,0,2222,2222,0,0
travel,10.487,251.7,306.473,306.473,fly,0.806,ok,2601,0,0,192.00,266653696,363343872,114090264,95883264,18123768,2904,11174640,22132800,958,2222,2222,0,0,0,0,0,0,0,0,0.060,0.067,0.000,0,0,0,2222,2222,0,0
travel,10.518,252.4,307.000,307.000,fly,0.855,ok,2601,0,0,192.00,266653696,363343872,114090264,95883264,18123768,2904,11174640,22132800,958,2222,2222,0,0,0,0,0,0,0,0,0.061,0.071,0.000,0,0,0,2222,2222,0,0
travel,10.549,253.2,307.529,307.529,fly,1.175,ok,2601,0,0,192.00,266653696,363343872,114090264,95883264,18123768,2904,7449760,22132800,958,2222,2222,0,0,0,0,0,0,0,0,0.070,0.109,0.000,0,0,0,2222,2222,0,0
travel,10.580,253.9,308.065,308.065,fly,0.800,ok,2601,0,0,192.00,266653696,363343872,114090264,95883264,18123768,2904,7449760,22132800,958,2222,2222,0,0,0,0,0,0,0,0,0.060,0.064,0.000,0,0,0,2222,2222,0,0
travel,10.611,254.7,308.588,308.588,fly,0.813,ok,2601,0,0,192.00,266653696,363343872,114090264,95883264,18123768,2904,7449760,22132800,958,2222,2222,0,0,0,0,0,0,0,0,0.061,0.069,0.000,0,0,0,2222,2222,0,0
travel,10.642,255.4,309.109,309.109,fly,0.804,ok,2601,0,0,192.00,266653696,363343872,114090264,95883264,18123768,2904,7449760,22132800,958,2222,2222,0,0,0,0,0,0,0,0,0.061,0.065,0.000,0,0,0,2222,2222,0,0
travel,10.673,256.2,309.630,309.630,fly,0.847,ok,2601,0,0,192.00,266653696,363343872,114090264,95883264,18123768,2904,7449760,22132800,958,2222,2222,0,0,0,0,0,0,0,0,0.061,0.070,0.000,0,0,0,2222,2222,0,0
travel,10.703,256.9,310.145,310.145,fly,1.129,ok,2601,0,0,192.00,266653696,363343872,114090264,95883264,18123768,2904,7449760,22132800,958,2222,2222,0,0,0,0,0,0,0,0,0.150,0.134,0.000,0,0,0,2222,2222,0,0
travel,10.735,257.6,310.681,310.681,fly,0.804,ok,2601,0,0,192.00,266653696,363343872,114090264,95883264,18123768,2904,7449760,22132800,958,2222,2222,0,0,0,0,0,0,0,0,0.059,0.067,0.000,0,0,0,2222,2222,0,0
travel,10.766,258.4,311.210,311.210,fly,0.836,ok,2601,0,0,192.00,266653696,363343872,114090264,95883264,18123768,2904,7449760,22132800,958,2222,2222,0,0,0,0,0,0,0,0,0.060,0.071,0.000,0,0,0,2222,2222,0,0
travel,10.796,259.1,311.728,311.728,fly,0.978,ok,2601,0,0,192.00,266653696,363343872,114090264,95883264,18123768,2904,7449760,22132800,958,2222,2222,0,0,0,0,0,0,0,0,0.062,0.120,0.000,0,0,0,2222,2222,0,0
travel,10.839,260.2,312.455,312.455,fly,0.802,ok,2601,0,0,192.00,267997184,364396544,114090264,95883264,18123768,2904,11174640,22132800,958,2323,2323,0,0,0,0,0,0,0,0,0.061,0.061,0.000,0,0,0,2323,2323,0,0
travel,10.870,260.9,312.980,312.980,fly,0.807,ok,2601,0,0,192.00,267997184,364396544,114090264,95883264,18123768,2904,11174640,22132800,958,2323,2323,0,0,0,0,0,0,0,0,0.061,0.068,0.000,0,0,0,2323,2323,0,0
travel,10.901,261.6,313.498,313.498,fly,0.801,ok,2601,0,0,192.00,267997184,364396544,114090264,95883264,18123768,2904,11174640,22132800,958,2323,2323,0,0,0,0,0,0,0,0,0.061,0.066,0.000,0,0,0,2323,2323,0,0
travel,10.933,262.4,314.041,314.041,fly,1.089,ok,2601,0,0,192.00,267997184,364396544,114090264,95883264,18123768,2904,11174640,22132800,958,2323,2323,0,0,0,0,0,0,0,0,0.064,0.084,0.000,0,0,0,2323,2323,0,0
travel,10.963,263.1,314.559,314.559,fly,0.867,ok,2601,0,0,192.00,267997184,364396544,114090264,95883264,18123768,2904,11174640,22132800,958,2323,2323,0,0,0,0,0,0,0,0,0.132,0.061,0.000,0,0,0,2323,2323,0,0
travel,10.994,263.9,315.086,315.086,fly,0.827,ok,2601,0,0,192.00,267997184,364396544,114090264,95883264,18123768,2904,11174640,22132800,958,2323,2323,0,0,0,0,0,0,0,0,0.061,0.071,0.000,0,0,0,2323,2323,0,0
travel,11.025,264.6,315.605,315.605,fly,0.798,ok,2601,0,0,192.00,267997184,364396544,114090264,95883264,18123768,2904,7449760,22132800,958,2323,2323,0,0,0,0,0,0,0,0,0.060,0.066,0.000,0,0,0,2323,2323,0,0
travel,11.057,265.4,316.152,316.152,fly,0.801,ok,2601,0,0,192.00,267997184,364396544,114090264,95883264,18123768,2904,7449760,22132800,958,2323,2323,0,0,0,0,0,0,0,0,0.059,0.066,0.000,0,0,0,2323,2323,0,0
travel,11.088,266.1,316.673,316.673,fly,0.801,ok,2601,0,0,192.00,267997184,364396544,114090264,95883264,18123768,2904,7449760,22132800,958,2323,2323,0,0,0,0,0,0,0,0,0.061,0.066,0.000,0,0,0,2323,2323,0,0
travel,11.119,266.9,317.199,317.199,fly,0.857,ok,2601,0,0,192.00,267997184,364396544,114090264,95883264,18123768,2904,7449760,22132800,958,2323,2323,0,0,0,0,0,0,0,0,0.061,0.077,0.000,0,0,0,2323,2323,0,0
travel,11.150,267.6,317.720,317.720,fly,0.801,ok,2601,0,0,192.00,267997184,364396544,114090264,95883264,18123768,2904,7449760,22132800,958,2323,2323,0,0,0,0,0,0,0,0,0.060,0.064,0.000,0,0,0,2323,2323,0,0
travel,11.180,268.3,318.241,318.241,fly,0.969,ok,2601,0,0,192.00,267997184,364396544,114090264,95883264,18123768,2904,7449760,22132800,958,2323,2323,0,0,0,0,0,0,0,0,0.134,0.087,0.000,0,0,0,2323,2323,0,0
travel,11.211,269.1,318.757,318.757,fly,0.805,ok,2601,0,0,192.00,267997184,364396544,114090264,95883264,18123768,2904,7449760,22132800,958,2323,2323,0,0,0,0,0,0,0,0,0.060,0.067,0.000,0,0,0,2323,2323,0,0
travel,11.242,269.8,319.289,319.289,fly,0.795,ok,2601,0,0,192.00,267997184,364396544,114090264,95883264,18123768,2904,7449760,22132800,958,2323,2323,0,0,0,0,0,0,0,0,0.060,0.063,0.000,0,0,0,2323,2323,0,0
travel,11.272,270.5,319.803,319.803,fly,0.803,ok,2601,0,0,192.00,267997184,364396544,114090264,95883264,18123768,2904,7449760,22132800,958,2323,2323,0,0,0,0,0,0,0,0,0.059,0.064,0.000,0,0,0,2323,2323,0,0
travel,11.316,271.6,320.542,320.542,fly,0.928,ok,2601,0,0,192.00,269246464,368070656,114090264,95883264,18123768,2904,11174640,22132800,958,2424,2424,0,0,0,0,0,0,0,0,0.073,0.114,0.000,0,0,0,2424,2424,0,0
travel,11.346,272.3,321.056,321.056,fly,0.799,ok,2601,0,0,192.00,269246464,368070656,114090264,95883264,18123768,2904,11174640,22132800,958,2424,2424,0,0,0,0,0,0,0,0,0.061,0.066,0.000,0,0,0,2424,2424,0,0
travel,11.378,273.1,321.587,321.587,fly,0.799,ok,2601,0,0,192.00,269312000,368136192,114090264,95883264,18123768,2904,11174640,22132800,958,2424,2424,0,0,0,0,0,0,0,0,0.060,0.063,0.000,0,0,0,2424,2424,0,0
travel,11.408,273.8,322.111,322.111,fly,0.874,ok,2601,0,0,192.00,269312000,368136192,114090264,95883264,18123768,2904,11174640,22132800,958,2424,2424,0,0,0,0,0,0,0,0,0.064,0.079,0.000,0,0,0,2424,2424,0,0
travel,11.439,274.5,322.626,322.626,fly,0.833,ok,2601,0,0,192.00,269312000,368136192,114090264,95883264,18123768,2904,11174640,22132800,958,2424,2424,0,0,0,0,0,0,0,0,0.061,0.070,0.000,0,0,0,2424,2424,0,0
travel,11.470,275.3,323.160,323.160,fly,0.795,ok,2601,0,0,192.00,269312000,368136192,114090264,95883264,18123768,2904,11174640,22132800,958,2424,2424,0,0,0,0,0,0,0,0,0.060,0.063,0.000,0,0,0,2424,2424,0,0
travel,11.501,276.0,323.680,323.680,fly,0.800,ok,2601,0,0,192.00,269312000,368136192,114090264,95883264,18123768,2904,7449760,22132800,958,2424,2424,0,0,0,0,0,0,0,0,0.059,0.064,0.000,0,0,0,2424,2424,0,0
travel,11.532,276.8,324.201,324.201,fly,0.800,ok,2601,0,0,192.00,269312000,368136192,114090264,95883264,18123768,2904,7449760,22132800,958,2424,2424,0,0,0,0,0,0,0,0,0.060,0.063,0.000,0,0,0,2424,2424,0,0
travel,11.563,277.5,324.733,324.733,fly,0.853,ok,2601,0,0,192.00,269312000,368136192,114090264,95883264,18123768,2904,7449760,22132800,958,2424,2424,0,0,0,0,0,0,0,0,0.064,0.077,0.000,0,0,0,2424,2424,0,0
travel,11.594,278.2,325.251,325.251,fly,1.042,ok,2601,0,0,192.00,269312000,368136192,114090264,95883264,18123768,2904,7449760,22132800,958,2424,2424,0,0,0,0,0,0,0,0,0.303,0.067,0.000,0,0,0,2424,2424,0,0
travel,11.625,279.0,325.789,325.789,fly,0.812,ok,2601,0,0,192.00,269312000,368136192,114090264,95883264,18123768,2904,7449760,22132800,958,2424,2424,0,0,0,0,0,0,0,0,0.061,0.068,0.000,0,0,0,2424,2424,0,0
travel,11.656,279.7,326.310,326.310,fly,1.031,ok,2601,0,0,192.00,269312000,368136192,114090264,95883264,18123768,2904,7449760,22132800,958,2424,2424,0,0,0,0,0,0,0,0,0.075,0.150,0.000,0,0,0,2424,2424,0,0
travel,11.688,280.5,326.848,326.848,fly,0.799,ok,2601,0,0,192.00,269312000,368136192,114090264,95883264,18123768,2904,7449760,22132800,958,2424,2424,0,0,0,0,0,0,0,0,0.059,0.068,0.000,0,0,0,2424,2424,0,0
travel,11.719,281.3,327.382,327.382,fly,0.799,ok,2601,0,0,192.00,269312000,368136192,114090264,95883264,18123768,2904,7449760,22132800,958,2424,2424,0,0,0,0,0,0,0,0,0.059,0.067,0.000,0,0,0,2424,2424,0,0
travel,11.750,282.0,327.906,327.906,fly,0.804,ok,2601,0,0,192.00,269312000,368136192,114090264,95883264,18123768,2904,7449760,22132800,958,2424,2424,0,0,0,0,0,0,0,0,0.059,0.066,0.000,0,0,0,2424,2424,0,0
travel,11.792,283.0,328.624,328.624,fly,0.830,ok,2601,0,0,192.00,270331904,368664576,114090264,95883264,18123768,2904,11174640,22132800,958,2525,2525,0,0,0,0,0,0,0,0,0.061,0.071,0.000,0,0,0,2525,2525,0,0
travel,11.823,283.7,329.141,329.141,fly,0.803,ok,2601,0,0,192.00,270331904,368664576,114090264,95883264,18123768,2904,11174640,22132800,958,2525,2525,0,0,0,0,0,0,0,0,0.062,0.065,0.000,0,0,0,2525,2525,0,0
travel,11.853,284.5,329.658,329.658,fly,0.840,ok,2601,0,0,192.00,270331904,368664576,114090264,95883264,18123768,2904,11174640,22132800,958,2525,2525,0,0,0,0,0,0,0,0,0.062,0.076,0.000,0,0,0,2525,2525,0,0
travel,11.884,285.2,330.186,330.186,fly,1.315,ok,2601,0,0,192.00,270331904,368664576,114090264,95883264,18123768,2904,11174640,22132800,958,2525,2525,0,0,0,0,0,0,0,0,0.147,0.138,0.000,0,0,0,2525,2525,0,0
travel,11.916,286.0,330.715,330.715,fly,1.026,ok,2601,0,0,192.00,270331904,368664576,114090264,95883264,18123768,2904,11174640,22132800,958,2525,2525,0,0,0,0,0,0,0,0,0.289,0.062,0.000,0,0,0,2525,2525,0,0
travel,11.947,286.7,331.241,331.241,fly,0.808,ok,2601,0,0,192.00,270331904,368664576,114090264,95883264,18123768,2904,11174640,22132800,958,2525,2525,0,0,0,0,0,0,0,0,0.064,0.067,0.000,0,0,0,2525,2525,0,0
travel,11.977,287.4,331.757,331.757,fly,0.795,ok,2601,0,0,192.00,270331904,368664576,114090264,95883264,18123768,2904,7449760,22132800,958,2525,2525,0,0,0,0,0,0,0,0,0.060,0.062,0.000,0,0,0,2525,2525,0,0
travel,12.008,288.2,332.283,332.283,fly,0.832,ok,2601,0,0,192.00,270331904,368664576,114090264,95883264,18123768,2904,7449760,22132800,958,2525,2525,0,0,0,0,0,0,0,0,0.062,0.070,0.000,0,0,0,2525,2525,0,0
travel,12.039,288.9,332.807,332.807,fly,0.841,ok,2601,0,0,192.00,270331904,368664576,114090264,95883264,18123768,2904,7449760,22132800,958,2525,2525,0,0,0,0,0,0,0,0,0.061,0.073,0.000,0,0,0,2525,2525,0,0
travel,12.070,289.7,333.326,333.326,fly,0.790,ok,2601,0,0,192.00,270331904,368664576,114090264,95883264,18123768,2904,7449760,22132800,958,2525,2525,0,0,0,0,0,0,0,0,0.060,0.060,0.000,0,0,0,2525,2525,0,0
travel,12.101,290.4,333.859,333.859,fly,0.805,ok,2601,0,0,192.00,270331904,368664576,114090264,95883264,18123768,2904,7449760,22132800,958,2525,2525,0,0,0,0,0,0,0,0,0.060,0.067,0.000,0,0,0,2525,2525,0,0
travel,12.132,291.2,334.383,334.383,fly,0.915,ok,2601,0,0,192.00,270331904,368664576,114090264,95883264,18123768,2904,7449760,22132800,958,2525,2525,0,0,0,0,0,0,0,0,0.063,0.152,0.000,0,0,0,2525,2525,0,0
travel,12.163,291.9,334.908,334.908,fly,0.845,ok,2601,0,0,192.00,270331904,368664576,114090264,95883264,18123768,2904,7449760,22132800,958,2525,2525,0,0,0,0,0,0,0,0,0.061,0.072,0.000,0,0,0,2525,2525,0,0
travel,12.194,292.6,335.428,335.428,fly,0.840,ok,2601,0,0,192.00,270331904,368664576,114090264,95883264,18123768,2904,7449760,22132800,958,2525,2525,0,0,0,0,0,0,0,0,0.063,0.074,0.000,0,0,0,2525,2525,0,0
travel,12.224,293.4,335.950,335.950,fly,0.868,ok,2601,0,0,192.00,270331904,368664576,114090264,95883264,18123768,2904,7449760,22132800,958,2525,2525,0,0,0,0,0,0,0,0,0.062,0.085,0.000,0,0,0,2525,2525,0,0
travel,12.268,294.4,336.695,336.695,fly,0.836,ok,2601,0,0,192.00,270852096,368992256,114090264,95883264,18123768,2904,11174640,22132800,958,2626,2626,0,0,0,0,0,0,0,0,0.063,0.069,0.000,0,0,0,2626,2626,0,0
travel,12.299,295.2,337.211,337.211,fly,0.798,ok,2601,0,0,192.00,270852096,368992256,114090264,95883264,18123768,2904,11174640,22132800,958,2626,2626,0,0,0,0,0,0,0,0,0.061,0.064,0.000,0,0,0,2626,2626,0,0
travel,12.329,295.9,337.733,337.733,fly,0.803,ok,2601,0,0,192.00,270917632,369057792,114090264,95883264,18123768,2904,11174640,22132800,958,2626,2626,0,0,0,0,0,0,0,0,0.060,0.067,0.000,0,0,0,2626,2626,0,0
travel,12.360,296.6,338.253,338.253,fly,1.213,ok,2601,0,0,192.00,270917632,369057792,114090264,95883264,18123768,2904,11174640,22132800,958,2626,2626,0,0,0,0,0,0,0,0,0.147,0.161,0.000,0,0,0,2626,2626,0,0
travel,12.391,297.4,338.783,338.783,fly,0.807,ok,2601,0,0,192.00,270917632,369057792,114090264,95883264,18123768,2904,11174640,22132800,958,2626,2626,0,0,0,0,0,0,0,0,0.060,0.069,0.000,0,0,0,2626,2626,0,0
travel,12.423,298.1,339.319,339.319,fly,0.828,ok,2601,0,0,192.00,270917632,369057792,114090264,95883264,18123768,2904,7449760,22132800,958,2626,2626,0,0,0,0,0,0,0,0,0.061,0.069,0.000,0,0,0,2626,2626,0,0
travel,12.453,298.9,339.832,339.832,fly,0.804,ok,2601,0,0,192.00,270917632,369057792,114090264,95883264,18123768,2904,7449760,22132800,958,2626,2626,0,0,0,0,0,0,0,0,0.060,0.064,0.000,0,0,0,2626,2626,0,0
travel,12.484,299.6,340.359,340.359,fly,0.801,ok,2601,0,0,192.00,270917632,369057792,114090264,95883264,18123768,2904,7449760,22132800,958,2626,2626,0,0,0,0,0,0,0,0,0.060,0.066,0.000,0,0,0,2626,2626,0,0
travel,12.516,300.4,340.900,340.900,fly,0.818,ok,2601,0,0,192.00,270917632,369057792,114090264,95883264,18123768,2904,7449760,22132800,958,2626,2626,0,0,0,0,0,0,0,0,0.060,0.070,0.000,0,0,0,2626,2626,0,0
travel,12.546,301.1,341.415,341.415,fly,0.799,ok,2601,0,0,192.00,270917632,369057792,114090264,95883264,18123768,2904,7449760,22132800,958,2626,2626,0,0,0,0,0,0,0,0,0.060,0.066,0.000,0,0,0,2626,2626,0,0
travel,12.578,301.9,341.948,341.948,fly,0.847,ok,2601,0,0,192.00,270917632,369057792,114090264,95883264,18123768,2904,7449760,22132800,958,2626,2626,0,0,0,0,0,0,0,0,0.062,0.078,0.000,0,0,0,2626,2626,0,0
travel,12.609,302.6,342.469,342.469,fly,1.142,ok,2601,0,0,192.00,270917632,369057792,114090264,95883264,18123768,2904,7449760,22132800,958,2626,2626,0,0,0,0,0,0,0,0,0.075,0.148,0.000,0,0,0,2626,2626,0,0
travel,12.639,303.3,342.991,342.991,fly,0.824,ok,2601,0,0,192.00,270917632,369057792,114090264,95883264,18123768,2904,7449760,22132800,958,2626,2626,0,0,0,0,0,0,0,0,0.060,0.070,0.000,0,0,0,2626,2626,0,0
travel,12.670,304.1,343.518,343.518,fly,0.860,ok,2601,0,0,192.00,270917632,369057792,114090264,95883264,18123768,2904,7449760,22132800,958,2626,2626,0,0,0,0,0,0,0,0,0.061,0.075,0.000,0,0,0,2626,2626,0,0
travel,12.705,304.9,344.108,344.108,fly,4.006,ok,2562,39,100,192.00,271220736,369582080,112379568,94445568,17852016,2904,11174640,18950904,958,2688,2727,24,0,67,24,24,0,0,0,0.160,0.140,0.000,0,0,0,2688,2688,0,0
travel,12.744,305.9,344.774,344.774,fly,0.813,ok,2601,0,0,192.00,272166912,370634752,114090264,95883264,18123768,2904,11174640,22132800,958,2727,2727,0,0,0,0,0,0,0,0,0.061,0.069,0.000,0,0,0,2727,2727,0,0
travel,12.776,306.6,345.317,345.317,fly,1.389,ok,2601,0,0,192.00,272166912,370634752,114090264,95883264,18123768,2904,11174640,22132800,958,2727,2727,0,0,0,0,0,0,0,0,0.330,0.114,0.000,0,0,0,2727,2727,0,0
travel,12.809,307.4,345.862,345.862,fly,0.991,ok,2601,0,0,192.00,272166912,370634752,114090264,95883264,18123768,2904,11174640,22132800,958,2727,2727,0,0,0,0,0,0,0,0,0.189,0.073,0.000,0,0,0,2727,2727,0,0
travel,12.840,308.1,346.387,346.387,fly,0.826,ok,2601,0,0,192.00,272166912,370634752,114090264,95883264,18123768,2904,11174640,22132800,958,2727,2727,0,0,0,0,0,0,0,0,0.062,0.068,0.000,0,0,0,2727,2727,0,0
travel,12.870,308.9,346.908,346.908,fly,0.815,ok,2601,0,0,192.00,272166912,370634752,114090264,95883264,18123768,2904,11174640,22132800,958,2727,2727,0,0,0,0,0,0,0,0,0.062,0.066,0.000,0,0,0,2727,2727,0,0
travel,12.902,309.6,347.441,347.441,fly,0.952,ok,2601,0,0,192.00,272166912,370634752,114090264,95883264,18123768,2904,7449760,22132800,958,2727,2727,0,0,0,0,0,0,0,0,0.069,0.109,0.000,0,0,0,2727,2727,0,0
travel,12.933,310.4,347.976,347.976,fly,0.802,ok,2601,0,0,192.00,272166912,370634752,114090264,95883264,18123768,2904,7449760,22132800,958,2727,2727,0,0,0,0,0,0,0,0,0.060,0.065,0.000,0,0,0,2727,2727,0,0
travel,12.964,311.1,348.501,348.501,fly,0.828,ok,2601,0,0,192.00,272166912,370634752,114090264,95883264,18123768,2904,7449760,22132800,958,2727,2727,0,0,0,0,0,0,0,0,0.061,0.068,0.000,0,0,0,2727,2727,0,0
travel,12.995,311.9,349.028,349.028,fly,0.824,ok,2601,0,0,192.00,272166912,370634752,114090264,95883264,18123768,2904,7449760,22132800,958,2727,2727,0,0,0,0,0,0,0,0,0.060,0.068,0.000,0,0,0,2727,2727,0,0
travel,13.026,312.6,349.554,349.554,fly,1.129,ok,2601,0,0,192.00,272166912,370634752,114090264,95883264,18123768,2904,7449760,22132800,958,2727,2727,0,0,0,0,0,0,0,0,0.073,0.116,0.000,0,0,0,2727,2727,0,0
travel,13.057,313.4,350.075,350.075,fly,0.879,ok,2601,0,0,192.00,272166912,370634752,114090264,95883264,18123768,2904,7449760,22132800,958,2727,2727,0,0,0,0,0,0,0,0,0.136,0.066,0.000,0,0,0,2727,2727,0,0
travel,13.088,314.1,350.602,350.602,fly,0.805,ok,2601,0,0,192.00,272166912,370634752,114090264,95883264,18123768,2904,7449760,22132800,958,2727,2727,0,0,0,0,0,0,0,0,0.060,0.064,0.000,0,0,0,2727,2727,0,0
travel,13.119,314.8,351.124,351.124,fly,0.840,ok,2601,0,0,192.00,272166912,370634752,114090264,95883264,18123768,2904,7449760,22132800,958,2727,2727,0,0,0,0,0,0,0,0,0.062,0.073,0.000,0,0,0,2727,2727,0,0
travel,13.150,315.6,351.658,351.658,fly,0.796,ok,2601,0,0,192.00,272166912,370634752,114090264,95883264,18123768,2904,7449760,22132800,958,2727,2727,0,0,0,0,0,0,0,0,0.060,0.063,0.000,0,0,0,2727,2727,0,0
travel,13.192,316.6,352.370,352.370,fly,0.812,ok,2601,0,0,192.00,273203200,371159040,114090264,95883264,18123768,2904,11174640,22132800,958,2828,2828,0,0,0,0,0,0,0,0,0.062,0.067,0.000,0,0,0,2828,2828,0,0
travel,13.223,317.3,352.890,352.890,fly,0.802,ok,2601,0,0,192.00,273203200,371159040,114090264,95883264,18123768,2904,11174640,22132800,958,2828,2828,0,0,0,0,0,0,0,0,0.061,0.063,0.000,0,0,0,2828,2828,0,0
travel,13.254,318.1,353.422,353.422,fly,0.857,ok,2601,0,0,192.00,273203200,371159040,114090264,95883264,18123768,2904,11174640,22132800,958,2828,2828,0,0,0,0,0,0,0,0,0.068,0.073,0.000,0,0,0,2828,2828,0,0
travel,13.285,318.8,353.948,353.948,fly,0.802,ok,2601,0,0,192.00,273203200,371159040,114090264,95883264,18123768,2904,11174640,22132800,958,2828,2828,0,0,0,0,0,0,0,0,0.062,0.064,0.000,0,0,0,2828,2828,0,0
travel,13.317,319.6,354.486,354.486,fly,0.809,ok,2601,0,0,192.00,273203200,371159040,114090264,95883264,18123768,2904,11174640,22132800,958,2828,2828,0,0,0,0,0,0,0,0,0.061,0.068,0.000,0,0,0,2828,2828,0,0
travel,13.348,320.3,355.019,355.019,fly,0.811,ok,2601,0,0,192.00,273203200,371159040,114090264,95883264,18123768,2904,11174640,22132800,958,2828,2828,0,0,0,0,0,0,0,0,0.062,0.069,0.000,0,0,0,2828,2828,0,0
travel,13.379,321.1,355.538,355.538,fly,0.803,ok,2601,0,0,192.00,273203200,371159040,114090264,95883264,18123768,2904,7449760,22132800,958,2828,2828,0,0,0,0,0,0,0,0,0.061,0.066,0.000,0,0,0,2828,2828,0,0
travel,13.410,321.8,356.069,356.069,fly,0.843,ok,2601,0,0,192.00,273203200,371159040,114090264,95883264,18123768,2904,7449760,22132800,958,2828,2828,0,0,0,0,0,0,0,0,0.061,0.072,0.000,0,0,0,2828,2828,0,0
travel,13.441,322.6,356.583,356.583,fly,0.902,ok,2601,0,0,192.00,273203200,371159040,114090264,95883264,18123768,2904,7449760,22132800,958,2828,2828,0,0,0,0,0,0,0,0,0.059,0.143,0.000,0,0,0,2828,2828,0,0
travel,13.472,323.3,357.112,357.112,fly,0.811,ok,2601,0,0,192.00,273203200,371159040,114090264,95883264,18123768,2904,7449760,22132800,958,2828,2828,0,0,0,0,0,0,0,0,0.059,0.065,0.000,0,0,0,2828,2828,0,0
travel,13.504,324.1,357.657,357.657,fly,0.803,ok,2601,0,0,192.00,273203200,371159040,114090264,95883264,18123768,2904,7449760,22132800,958,2828,2828,0,0,0,0,0,0,0,0,0.063,0.064,0.000,0,0,0,2828,2828,0,0
travel,13.534,324.8,358.170,358.170,fly,0.839,ok,2601,0,0,192.00,273203200,371159040,114090264,95883264,18123768,2904,7449760,22132800,958,2828,2828,0,0,0,0,0,0,0,0,0.062,0.076,0.000,0,0,0,2828,2828,0,0
travel,13.565,325.5,358.692,358.692,fly,0.831,ok,2601,0,0,192.00,273203200,371159040,114090264,95883264,18123768,2904,7449760,22132800,958,2828,2828,0,0,0,0,0,0,0,0,0.060,0.069,0.000,0,0,0,2828,2828,0,0
travel,13.596,326.3,359.215,359.215,fly,1.186,ok,2601,0,0,192.00,273203200,371159040,114090264,95883264,18123768,2904,7449760,22132800,958,2828,2828,0,0,0,0,0,0,0,0,0.147,0.147,0.000,0,0,0,2828,2828,0,0
travel,13.626,327.0,359.734,359.734,fly,0.840,ok,2601,0,0,192.00,273203200,371159040,114090264,95883264,18123768,2904,7449760,22132800,958,2828,2828,0,0,0,0,0,0,0,0,0.061,0.070,0.000,0,0,0,2828,2828,0,0
travel,13.669,328.0,360.450,360.450,fly,0.961,ok,2601,0,0,192.00,274296832,372731904,114090264,95883264,18123768,2904,11174640,22132800,958,2929,2929,0,0,0,0,0,0,0,0,0.075,0.139,0.000,0,0,0,2929,2929,0,0
travel,13.700,328.8,360.981,360.981,fly,0.802,ok,2601,0,0,192.00,274296832,372731904,114090264,95883264,18123768,2904,11174640,22132800,958,2929,2929,0,0,0,0,0,0,0,0,0.062,0.064,0.000,0,0,0,2929,2929,0,0
travel,13.732,329.5,361.521,361.521,fly,1.030,ok,2601,0,0,192.00,274300928,372797440,114090264,95883264,18123768,2904,11174640,22132800,958,2929,2929,0,0,0,0,0,0,0,0,0.071,0.111,0.000,0,0,0,2929,2929,0,0
travel,13.762,330.3,362.038,362.038,fly,0.800,ok,2601,0,0,192.00,274300928,372797440,114090264,95883264,18123768,2904,11174640,22132800,958,2929,2929,0,0,0,0,0,0,0,0,0.062,0.065,0.000,0,0,0,2929,2929,0,0
travel,13.793,331.0,362.569,362.569,fly,0.798,ok,2601,0,0,192.00,274300928,372797440,114090264,95883264,18123768,2904,11174640,22132800,958,2929,2929,0,0,0,0,0,0,0,0,0.060,0.066,0.000,0,0,0,2929,2929,0,0
travel,13.824,331.8,363.095,363.095,fly,0.820,ok,2601,0,0,192.00,274300928,372797440,114090264,95883264,18123768,2904,7449760,22132800,958,2929,2929,0,0,0,0,0,0,0,0,0.061,0.071,0.000,0,0,0,2929,2929,0,0
travel,13.855,332.5,363.609,363.609,fly,0.871,ok,2601,0,0,192.00,274300928,372797440,114090264,95883264,18123768,2904,7449760,22132800,958,2929,2929,0,0,0,0,0,0,0,0,0.132,0.060,0.000,0,0,0,2929,2929,0,0
travel,13.886,333.3,364.146,364.146,fly,0.803,ok,2601,0,0,192.00,274300928,372797440,114090264,95883264,18123768,2904,7449760,22132800,958,2929,2929,0,0,0,0,0,0,0,0,0.060,0.067,0.000,0,0,0,2929,2929,0,0
travel,13.918,334.0,364.673,364.673,fly,1.264,ok,2601,0,0,192.00,274300928,372797440,114090264,95883264,18123768,2904,7449760,22132800,958,2929,2929,0,0,0,0,0,0,0,0,0.149,0.149,0.000,0,0,0,2929,2929,0,0
travel,13.949,334.8,365.214,365.214,fly,0.824,ok,2601,0,0,192.00,274300928,372797440,114090264,95883264,18123768,2904,7449760,22132800,958,2929,2929,0,0,0,0,0,0,0,0,0.060,0.070,0.000,0,0,0,2929,2929,0,0
travel,13.981,335.5,365.743,365.743,fly,0.805,ok,2601,0,0,192.00,274300928,372797440,114090264,95883264,18123768,2904,7449760,22132800,958,2929,2929,0,0,0,0,0,0,0,0,0.061,0.065,0.000,0,0,0,2929,2929,0,0
travel,14.011,336.3,366.267,366.267,fly,0.843,ok,2601,0,0,192.00,274300928,372797440,114090264,95883264,18123768,2904,7449760,22132800,958,2929,2929,0,0,0,0,0,0,0,0,0.061,0.103,0.000,0,0,0,2929,2929,0,0
travel,14.043,337.0,366.800,366.800,fly,0.814,ok,2601,0,0,192.00,274300928,372797440,114090264,95883264,18123768,2904,7449760,22132800,958,2929,2929,0,0,0,0,0,0,0,0,0.061,0.068,0.000,0,0,0,2929,2929,0,0
travel,14.074,337.8,367.328,367.328,fly,0.961,ok,2601,0,0,192.00,274300928,372797440,114090264,95883264,18123768,2904,7449760,22132800,958,2929,2929,0,0,0,0,0,0,0,0,0.069,0.110,0.000,0,0,0,2929,2929,0,0
travel,14.105,338.5,367.847,367.847,fly,0.795,ok,2601,0,0,192.00,274300928,372797440,114090264,95883264,18123768,2904,7449760,22132800,958,2929,2929,0,0,0,0,0,0,0,0,0.060,0.062,0.000,0,0,0,2929,2929,0,0
travel,14.147,339.5,368.571,368.571,fly,0.829,ok,2601,0,0,192.00,275271680,373846016,114090264,95883264,18123768,2904,11174640,22132800,958,3030,3030,0,0,0,0,0,0,0,0,0.063,0.072,0.000,0,0,0,3030,3030,0,0
travel,14.178,340.2,369.093,369.093,fly,0.814,ok,2601,0,0,192.00,275271680,373846016,114090264,95883264,18123768,2904,11174640,22132800,958,3030,3030,0,0,0,0,0,0,0,0,0.063,0.067,0.000,0,0,0,3030,3030,0,0
travel,14.209,341.0,369.616,369.616,fly,0.806,ok,2601,0,0,192.00,275271680,373846016,114090264,95883264,18123768,2904,11174640,22132800,958,3030,3030,0,0,0,0,0,0,0,0,0.061,0.067,0.000,0,0,0,3030,3030,0,0
travel,14.240,341.7,370.142,370.142,fly,1.222,ok,2601,0,0,192.00,275271680,373846016,114090264,95883264,18123768,2904,11174640,22132800,958,3030,3030,0,0,0,0,0,0,0,0,0.148,0.155,0.000,0,0,0,3030,3030,0,0
travel,14.271,342.5,370.675,370.675,fly,0.824,ok,2601,0,0,192.00,275271680,373846016,114090264,95883264,18123768,2904,11174640,22132800,958,3030,3030,0,0,0,0,0,0,0,0,0.061,0.069,0.000,0,0,0,3030,3030,0,0
travel,14.302,343.2,371.201,371.201,fly,0.831,ok,2601,0,0,192.00,275271680,373846016,114090264,95883264,18123768,2904,11174640,22132800,958,3030,3030,0,0,0,0,0,0,0,0,0.062,0.071,0.000,0,0,0,3030,3030,0,0
travel,14.333,344.0,371.715,371.715,fly,0.806,ok,2601,0,0,192.00,275271680,373846016,114090264,95883264,18123768,2904,7449760,22132800,958,3030,3030,0,0,0,0,0,0,0,0,0.060,0.066,0.000,0,0,0,3030,3030,0,0
travel,14.365,344.7,372.262,372.262,fly,1.100,ok,2601,0,0,192.00,275271680,373846016,114090264,95883264,18123768,2904,7449760,22132800,958,3030,3030,0,0,0,0,0,0,0,0,0.064,0.079,0.000,0,0,0,3030,3030,0,0
travel,14.397,345.5,372.808,372.808,fly,0.806,ok,2601,0,0,192.00,275271680,373846016,114090264,95883264,18123768,2904,7449760,22132800,958,3030,3030,0,0,0,0,0,0,0,0,0.060,0.064,0.000,0,0,0,3030,3030,0,0
travel,14.428,346.2,373.326,373.326,fly,1.021,ok,2601,0,0,192.00,275271680,373846016,114090264,95883264,18123768,2904,7449760,22132800,958,3030,3030,0,0,0,0,0,0,0,0,0.076,0.139,0.000,0,0,0,3030,3030,0,0
travel,14.459,347.0,373.861,373.861,fly,0.826,ok,2601,0,0,192.00,275271680,373846016,114090264,95883264,18123768,2904,7449760,22132800,958,3030,3030,0,0,0,0,0,0,0,0,0.062,0.064,0.000,0,0,0,3030,3030,0,0
travel,14.490,347.7,374.384,374.384,fly,0.816,ok,2601,0,0,192.00,275271680,373846016,114090264,95883264,18123768,2904,7449760,22132800,958,3030,3030,0,0,0,0,0,0,0,0,0.061,0.064,0.000,0,0,0,3030,3030,0,0
travel,14.520,348.5,374.898,374.898,fly,0.928,ok,2601,0,0,192.00,275271680,373846016,114090264,95883264,18123768,2904,7449760,22132800,958,3030,3030,0,0,0,0,0,0,0,0,0.078,0.112,0.000,0,0,0,3030,3030,0,0
travel,14.551,349.2,375.416,375.416,fly,0.795,ok,2601,0,0,192.00,275271680,373846016,114090264,95883264,18123768,2904,7449760,22132800,958,3030,3030,0,0,0,0,0,0,0,0,0.060,0.062,0.000,0,0,0,3030,3030,0,0
travel,14.582,349.9,375.941,375.941,fly,1.212,ok,2601,0,0,192.00,275271680,373846016,114090264,95883264,18123768,2904,7449760,22132800,958,3030,3030,0,0,0,0,0,0,0,0,0.146,0.140,0.000,0,0,0,3030,3030,0,0
travel,14.624,350.9,376.659,376.659,fly,0.833,ok,2601,0,0,192.00,276234240,374370304,114090264,95883264,18123768,2904,11174640,22132800,958,3131,3131,0,0,0,0,0,0,0,0,0.062,0.070,0.000,0,0,0,3131,3131,0,0
travel,14.655,351.7,377.177,377.177,fly,0.803,ok,2601,0,0,192.00,276234240,374370304,114090264,95883264,18123768,2904,11174640,22132800,958,3131,3131,0,0,0,0,0,0,0,0,0.061,0.067,0.000,0,0,0,3131,3131,0,0
travel,14.686,352.4,377.707,377.707,fly,1.032,ok,2601,0,0,192.00,276234240,374370304,114090264,95883264,18123768,2904,11174640,22132800,958,3131,3131,0,0,0,0,0,0,0,0,0.078,0.143,0.000,0,0,0,3131,3131,0,0
travel,14.717,353.2,378.235,378.235,fly,0.802,ok,2601,0,0,192.00,276234240,374370304,114090264,95883264,18123768,2904,11174640,22132800,958,3131,3131,0,0,0,0,0,0,0,0,0.061,0.066,0.000,0,0,0,3131,3131,0,0
travel,14.748,353.9,378.763,378.763,fly,0.800,ok,2601,0,0,192.00,276234240,374370304,114090264,95883264,18123768,2904,11174640,22132800,958,3131,3131,0,0,0,0,0,0,0,0,0.061,0.066,0.000,0,0,0,3131,3131,0,0
travel,14.781,354.7,379.316,379.316,fly,0.798,ok,2601,0,0,192.00,276234240,374370304,114090264,95883264,18123768,2904,7449760,22132800,958,3131,3131,0,0,0,0,0,0,0,0,0.061,0.062,0.000,0,0,0,3131,3131,0,0
travel,14.812,355.5,379.849,379.849,fly,0.819,ok,2601,0,0,192.00,276234240,374370304,114090264,95883264,18123768,2904,7449760,22132800,958,3131,3131,0,0,0,0,0,0,0,0,0.061,0.071,0.000,0,0,0,3131,3131,0,0
travel,14.842,356.2,380.364,380.364,fly,0.799,ok,2601,0,0,192.00,276234240,374370304,114090264,95883264,18123768,2904,7449760,22132800,958,3131,3131,0,0,0,0,0,0,0,0,0.061,0.063,0.000,0,0,0,3131,3131,0,0
travel,14.873,356.9,380.889,380.889,fly,0.804,ok,2601,0,0,192.00,276234240,374370304,114090264,95883264,18123768,2904,7449760,22132800,958,3131,3131,0,0,0,0,0,0,0,0,0.060,0.067,0.000,0,0,0,3131,3131,0,0
travel,14.904,357.7,381.405,381.405,fly,0.936,ok,2601,0,0,192.00,276234240,374370304,114090264,95883264,18123768,2904,7449760,22132800,958,3131,3131,0,0,0,0,0,0,0,0,0.068,0.103,0.000,0,0,0,3131,3131,0,0
travel,14.934,358.4,381.924,381.924,fly,0.798,ok,2601,0,0,192.00,276234240,374370304,114090264,95883264,18123768,2904,7449760,22132800,958,3131,3131,0,0,0,0,0,0,0,0,0.059,0.065,0.000,0,0,0,3131,3131,0,0
travel,14.966,359.2,382.462,382.462,fly,0.796,ok,2601,0,0,192.00,276234240,374370304,114090264,95883264,18123768,2904,7449760,22132800,958,3131,3131,0,0,0,0,0,0,0,0,0.059,0.064,0.000,0,0,0,3131,3131,0,0
travel,14.997,359.9,382.979,382.979,fly,0.799,ok,2601,0,0,192.00,276234240,374370304,114090264,95883264,18123768,2904,7449760,22132800,958,3131,3131,0,0,0,0,0,0,0,0,0.060,0.063,0.000,0,0,0,3131,3131,0,0
travel,15.028,360.6,383.508,383.508,fly,0.822,ok,2601,0,0,192.00,276234240,374370304,114090264,95883264,18123768,2904,7449760,22132800,958,3131,3131,0,0,0,0,0,0,0,0,0.061,0.071,0.000,0,0,0,3131,3131,0,0
travel,15.063,361.5,384.105,384.105,fly,3.812,ok,2561,40,114,192.00,276410368,374370304,112335704,94408704,17845048,2904,11174640,18272640,958,3192,3232,24,0,56,24,24,0,0,0,0.081,0.106,0.000,0,0,0,3192,3192,0,0
travel,15.102,362.4,384.775,384.775,fly,0.982,ok,2601,0,0,192.00,277069824,375422976,114090264,95883264,18123768,2904,11174640,22132800,958,3232,3232,0,0,0,0,0,0,0,0,0.187,0.075,0.000,0,0,0,3232,3232,0,0
travel,15.133,363.2,385.301,385.301,fly,0.809,ok,2601,0,0,192.00,277069824,375422976,114090264,95883264,18123768,2904,11174640,22132800,958,3232,3232,0,0,0,0,0,0,0,0,0.061,0.068,0.000,0,0,0,3232,3232,0,0
travel,15.164,363.9,385.824,385.824,fly,0.961,ok,2601,0,0,192.00,277069824,375422976,114090264,95883264,18123768,2904,11174640,22132800,958,3232,3232,0,0,0,0,0,0,0,0,0.074,0.115,0.000,0,0,0,3232,3232,0,0
travel,15.196,364.7,386.368,386.368,fly,0.813,ok,2601,0,0,192.00,277069824,375422976,114090264,95883264,18123768,2904,11174640,22132800,958,3232,3232,0,0,0,0,0,0,0,0,0.061,0.069,0.000,0,0,0,3232,3232,0,0
travel,15.227,365.4,386.891,386.891,fly,0.807,ok,2601,0,0,192.00,277069824,375422976,114090264,95883264,18123768,2904,11174640,22132800,958,3232,3232,0,0,0,0,0,0,0,0,0.061,0.065,0.000,0,0,0,3232,3232,0,0
travel,15.258,366.1,387.406,387.406,fly,0.804,ok,2601,0,0,192.00,277069824,375422976,114090264,95883264,18123768,2904,7449760,22132800,958,3232,3232,0,0,0,0,0,0,0,0,0.061,0.067,0.000,0,0,0,3232,3232,0,0
travel,15.288,366.9,387.924,387.924,fly,0.804,ok,2601,0,0,192.00,277069824,375422976,114090264,95883264,18123768,2904,7449760,22132800,958,3232,3232,0,0,0,0,0,0,0,0,0.063,0.066,0.000,0,0,0,3232,3232,0,0
travel,15.320,367.6,388.459,388.459,fly,0.844,ok,2601,0,0,192.00,277069824,375422976,114090264,95883264,18123768,2904,7449760,22132800,958,3232,3232,0,0,0,0,0,0,0,0,0.063,0.072,0.000,0,0,0,3232,3232,0,0
travel,15.350,368.4,388.980,388.980,fly,0.947,ok,2601,0,0,192.00,277069824,375422976,114090264,95883264,18123768,2904,7449760,22132800,958,3232,3232,0,0,0,0,0,0,0,0,0.117,0.110,0.000,0,0,0,3232,3232,0,0
travel,15.382,369.1,389.516,389.516,fly,0.809,ok,2601,0,0,192.00,277069824,375422976,114090264,95883264,18123768,2904,7449760,22132800,958,3232,3232,0,0,0,0,0,0,0,0,0.060,0.065,0.000,0,0,0,3232,3232,0,0
travel,15.413,369.9,390.039,390.039,fly,1.032,ok,2601,0,0,192.00,277069824,375422976,114090264,95883264,18123768,2904,7449760,22132800,958,3232,3232,0,0,0,0,0,0,0,0,0.071,0.109,0.000,0,0,0,3232,3232,0,0
travel,15.444,370.6,390.562,390.562,fly,0.806,ok,2601,0,0,192.00,277069824,375422976,114090264,95883264,18123768,2904,7449760,22132800,958,3232,3232,0,0,0,0,0,0,0,0,0.060,0.069,0.000,0,0,0,3232,3232,0,0
travel,15.475,371.4,391.094,391.094,fly,0.880,ok,2601,0,0,192.00,277069824,375422976,114090264,95883264,18123768,2904,7449760,22132800,958,3232,3232,0,0,0,0,0,0,0,0,0.071,0.109,0.000,0,0,0,3232,3232,0,0
travel,15.506,372.1,391.614,391.614,fly,0.955,ok,2601,0,0,192.00,277069824,375422976,114090264,95883264,18123768,2904,7449760,22132800,958,3232,3232,0,0,0,0,0,0,0,0,0.072,0.116,0.000,0,0,0,3232,3232,0,0
travel,15.549,373.1,392.346,392.346,fly,0.834,ok,2601,0,0,192.00,277995520,378114048,114090264,95883264,18123768,2904,11174640,22132800,958,3333,3333,0,0,0,0,0,0,0,0,0.062,0.070,0.000,0,0,0,3333,3333,0,0
travel,15.580,373.9,392.869,392.869,fly,0.803,ok,2601,0,0,192.00,277999616,378114048,114090264,95883264,18123768,2904,11174640,22132800,958,3333,3333,0,0,0,0,0,0,0,0,0.062,0.065,0.000,0,0,0,3333,3333,0,0
travel,15.611,374.6,393.401,393.401,fly,1.011,ok,2601,0,0,192.00,277999616,378114048,114090264,95883264,18123768,2904,11174640,22132800,958,3333,3333,0,0,0,0,0,0,0,0,0.064,0.262,0.000,0,0,0,3333,3333,0,0
travel,15.642,375.4,393.932,393.932,fly,0.960,ok,2601,0,0,192.00,277999616,378114048,114090264,95883264,18123768,2904,11174640,22132800,958,3333,3333,0,0,0,0,0,0,0,0,0.064,0.078,0.000,0,0,0,3333,3333,0,0
travel,15.673,376.1,394.454,394.454,fly,1.056,ok,2601,0,0,192.00,277999616,378114048,114090264,95883264,18123768,2904,11174640,22132800,958,3333,3333,0,0,0,0,0,0,0,0,0.063,0.084,0.000,0,0,0,3333,3333,0,0
travel,15.705,376.9,394.995,394.995,fly,0.810,ok,2601,0,0,192.00,277999616,378114048,114090264,95883264,18123768,2904,7449760,22132800,958,3333,3333,0,0,0,0,0,0,0,0,0.062,0.068,0.000,0,0,0,3333,3333,0,0
travel,15.736,377.6,395.518,395.518,fly,0.842,ok,2601,0,0,192.00,277999616,378114048,114090264,95883264,18123768,2904,7449760,22132800,958,3333,3333,0,0,0,0,0,0,0,0,0.062,0.076,0.000,0,0,0,3333,3333,0,0
travel,15.766,378.3,396.033,396.033,fly,0.871,ok,2601,0,0,192.00,277999616,378114048,114090264,95883264,18123768,2904,7449760,22132800,958,3333,3333,0,0,0,0,0,0,0,0,0.132,0.062,0.000,0,0,0,3333,3333,0,0
travel,15.797,379.1,396.559,396.559,fly,0.806,ok,2601,0,0,192.00,277999616,378114048,114090264,95883264,18123768,2904,7449760,22132800,958,3333,3333,0,0,0,0,0,0,0,0,0.062,0.066,0.000,0,0,0,3333,3333,0,0
travel,15.828,379.8,397.082,397.082,fly,0.821,ok,2601,0,0,192.00,277999616,378114048,114090264,95883264,18123768,2904,7449760,22132800,958,3333,3333,0,0,0,0,0,0,0,0,0.061,0.069,0.000,0,0,0,3333,3333,0,0
travel,15.859,380.6,397.615,397.615,fly,0.796,ok,2601,0,0,192.00,277999616,378114048,114090264,95883264,18123768,2904,7449760,22132800,958,3333,3333,0,0,0,0,0,0,0,0,0.060,0.063,0.000,0,0,0,3333,3333,0,0
travel,15.890,381.3,398.137,398.137,fly,0.809,ok,2601,0,0,192.00,277999616,378114048,114090264,95883264,18123768,2904,7449760,22132800,958,3333,3333,0,0,0,0,0,0,0,0,0.061,0.070,0.000,0,0,0,3333,3333,0,0
travel,15.921,382.1,398.654,398.654,fly,1.000,ok,2601,0,0,192.00,277999616,378114048,114090264,95883264,18123768,2904,7449760,22132800,958,3333,3333,0,0,0,0,0,0,0,0,0.145,0.110,0.000,0,0,0,3333,3333,0,0
travel,15.951,382.8,399.173,399.173,fly,0.807,ok,2601,0,0,192.00,277999616,378114048,114090264,95883264,18123768,2904,7449760,22132800,958,3333,3333,0,0,0,0,0,0,0,0,0.061,0.065,0.000,0,0,0,3333,3333,0,0
travel,15.982,383.5,399.690,399.690,fly,0.796,ok,2601,0,0,192.00,277999616,378114048,114090264,95883264,18123768,2904,7449760,22132800,958,3333,3333,0,0,0,0,0,0,0,0,0.061,0.062,0.000,0,0,0,3333,3333,0,0
travel,16.023,384.5,400.391,400.391,fly,0.812,ok,2601,0,0,192.00,278786048,379691008,114090264,95883264,18123768,2904,11174640,22132800,958,3434,3434,0,0,0,0,0,0,0,0,0.062,0.069,0.000,0,0,0,3434,3434,0,0
travel,16.054,385.3,400.916,400.916,fly,0.804,ok,2601,0,0,192.00,278786048,379691008,114090264,95883264,18123768,2904,11174640,22132800,958,3434,3434,0,0,0,0,0,0,0,0,0.063,0.065,0.000,0,0,0,3434,3434,0,0
travel,16.085,386.0,401.445,401.445,fly,0.813,ok,2601,0,0,192.00,278786048,379691008,114090264,95883264,18123768,2904,11174640,22132800,958,3434,3434,0,0,0,0,0,0,0,0,0.063,0.064,0.000,0,0,0,3434,3434,0,0
travel,16.116,386.7,401.963,401.963,fly,1.238,ok,2601,0,0,192.00,278786048,379691008,114090264,95883264,18123768,2904,11174640,22132800,958,3434,3434,0,0,0,0,0,0,0,0,0.149,0.155,0.000,0,0,0,3434,3434,0,0
travel,16.147,387.5,402.491,402.491,fly,0.800,ok,2601,0,0,192.00,278786048,379691008,114090264,95883264,18123768,2904,11174640,22132800,958,3434,3434,0,0,0,0,0,0,0,0,0.061,0.068,0.000,0,0,0,3434,3434,0,0
travel,16.178,388.2,403.019,403.019,fly,0.803,ok,2601,0,0,192.00,278786048,379691008,114090264,95883264,18123768,2904,11174640,22132800,958,3434,3434,0,0,0,0,0,0,0,0,0.062,0.064,0.000,0,0,0,3434,3434,0,0
travel,16.209,389.0,403.539,403.539,fly,0.991,ok,2601,0,0,192.00,278786048,379691008,114090264,95883264,18123768,2904,7449760,22132800,958,3434,3434,0,0,0,0,0,0,0,0,0.064,0.122,0.000,0,0,0,3434,3434,0,0
travel,16.240,389.7,404.070,404.070,fly,0.799,ok,2601,0,0,192.00,278786048,379691008,114090264,95883264,18123768,2904,7449760,22132800,958,3434,3434,0,0,0,0,0,0,0,0,0.061,0.064,0.000,0,0,0,3434,3434,0,0
travel,16.271,390.5,404.592,404.592,fly,0.905,ok,2601,0,0,192.00,278786048,379691008,114090264,95883264,18123768,2904,7449760,22132800,958,3434,3434,0,0,0,0,0,0,0,0,0.068,0.094,0.000,0,0,0,3434,3434,0,0
travel,16.302,391.2,405.116,405.116,fly,0.872,ok,2601,0,0,192.00,278786048,379691008,114090264,95883264,18123768,2904,7449760,22132800,958,3434,3434,0,0,0,0,0,0,0,0,0.134,0.061,0.000,0,0,0,3434,3434,0,0
travel,16.332,391.9,405.633,405.633,fly,0.801,ok,2601,0,0,192.00,278786048,379691008,114090264,95883264,18123768,2904,7449760,22132800,958,3434,3434,0,0,0,0,0,0,0,0,0.061,0.066,0.000,0,0,0,3434,3434,0,0
travel,16.363,392.7,406.151,406.151,fly,0.820,ok,2601,0,0,192.00,278786048,379691008,114090264,95883264,18123768,2904,7449760,22132800,958,3434,3434,0,0,0,0,0,0,0,0,0.061,0.069,0.000,0,0,0,3434,3434,0,0
travel,16.394,393.4,406.688,406.688,fly,0.831,ok,2601,0,0,192.00,278786048,379691008,114090264,95883264,18123768,2904,7449760,22132800,958,3434,3434,0,0,0,0,0,0,0,0,0.061,0.070,0.000,0,0,0,3434,3434,0,0
travel,16.425,394.2,407.207,407.207,fly,1.028,ok,2601,0,0,192.00,278786048,379691008,114090264,95883264,18123768,2904,7449760,22132800,958,3434,3434,0,0,0,0,0,0,0,0,0.071,0.115,0.000,0,0,0,3434,3434,0,0
travel,16.456,394.9,407.727,407.727,fly,0.805,ok,2601,0,0,192.00,278786048,379691008,114090264,95883264,18123768,2904,7449760,22132800,958,3434,3434,0,0,0,0,0,0,0,0,0.060,0.065,0.000,0,0,0,3434,3434,0,0
travel,16.498,395.9,408.450,408.450,fly,0.843,ok,2601,0,0,192.00,279638016,380215296,114090264,95883264,18123768,2904,11174640,22132800,958,3535,3535,0,0,0,0,0,0,0,0,0.062,0.074,0.000,0,0,0,3535,3535,0,0
travel,16.529,396.6,408.972,408.972,fly,0.929,ok,2601,0,0,192.00,279638016,380215296,114090264,95883264,18123768,2904,11174640,22132800,958,3535,3535,0,0,0,0,0,0,0,0,0.189,0.066,0.000,0,0,0,3535,3535,0,0
travel,16.560,397.4,409.504,409.504,fly,0.828,ok,2601,0,0,192.00,279638016,380215296,114090264,95883264,18123768,2904,11174640,22132800,958,3535,3535,0,0,0,0,0,0,0,0,0.062,0.071,0.000,0,0,0,3535,3535,0,0
travel,16.591,398.1,410.027,410.027,fly,1.258,ok,2601,0,0,192.00,279638016,380215296,114090264,95883264,18123768,2904,11174640,22132800,958,3535,3535,0,0,0,0,0,0,0,0,0.149,0.157,0.000,0,0,0,3535,3535,0,0
travel,16.622,398.9,410.547,410.547,fly,0.796,ok,2601,0,0,192.00,279638016,380215296,114090264,95883264,18123768,2904,11174640,22132800,958,3535,3535,0,0,0,0,0,0,0,0,0.062,0.062,0.000,0,0,0,3535,3535,0,0
travel,16.653,399.6,411.073,411.073,fly,0.822,ok,2601,0,0,192.00,279638016,380215296,114090264,95883264,18123768,2904,11174640,22132800,958,3535,3535,0,0,0,0,0,0,0,0,0.062,0.071,0.000,0,0,0,3535,3535,0,0
travel,16.684,400.4,411.595,411.595,fly,0.826,ok,2601,0,0,192.00,279638016,380215296,114090264,95883264,18123768,2904,7449760,22132800,958,3535,3535,0,0,0,0,0,0,0,0,0.062,0.069,0.000,0,0,0,3535,3535,0,0
travel,16.715,401.1,412.125,412.125,fly,0.968,ok,2601,0,0,192.00,279638016,380215296,114090264,95883264,18123768,2904,7449760,22132800,958,3535,3535,0,0,0,0,0,0,0,0,0.069,0.106,0.000,0,0,0,3535,3535,0,0
travel,16.747,401.9,412.664,412.664,fly,0.809,ok,2601,0,0,192.00,279638016,380215296,114090264,95883264,18123768,2904,7449760,22132800,958,3535,3535,0,0,0,0,0,0,0,0,0.061,0.066,0.000,0,0,0,3535,3535,0,0
travel,16.778,402.6,413.189,413.189,fly,0.799,ok,2601,0,0,192.00,279638016,380215296,114090264,95883264,18123768,2904,7449760,22132800,958,3535,3535,0,0,0,0,0,0,0,0,0.061,0.066,0.000,0,0,0,3535,3535,0,0
travel,16.808,403.4,413.713,413.713,fly,0.813,ok,2601,0,0,192.00,279638016,380215296,114090264,95883264,18123768,2904,7449760,22132800,958,3535,3535,0,0,0,0,0,0,0,0,0.061,0.067,0.000,0,0,0,3535,3535,0,0
travel,16.839,404.1,414.239,414.239,fly,0.997,ok,2601,0,0,192.00,279638016,380215296,114090264,95883264,18123768,2904,7449760,22132800,958,3535,3535,0,0,0,0,0,0,0,0,0.069,0.109,0.000,0,0,0,3535,3535,0,0
travel,16.870,404.8,414.759,414.759,fly,0.806,ok,2601,0,0,192.00,279638016,380215296,114090264,95883264,18123768,2904,7449760,22132800,958,3535,3535,0,0,0,0,0,0,0,0,0.060,0.064,0.000,0,0,0,3535,3535,0,0
travel,16.901,405.6,415.285,415.285,fly,0.799,ok,2601,0,0,192.00,279638016,380215296,114090264,95883264,18123768,2904,7449760,22132800,958,3535,3535,0,0,0,0,0,0,0,0,0.061,0.064,0.000,0,0,0,3535,3535,0,0
travel,16.932,406.3,415.805,415.805,fly,0.869,ok,2601,0,0,192.00,279638016,380215296,114090264,95883264,18123768,2904,7449760,22132800,958,3535,3535,0,0,0,0,0,0,0,0,0.062,0.077,0.000,0,0,0,3535,3535,0,0
travel,16.974,407.3,416.522,416.522,fly,0.815,ok,2601,0,0,192.00,280182784,380674048,114090264,95883264,18123768,2904,11174640,22132800,958,3636,3636,0,0,0,0,0,0,0,0,0.062,0.070,0.000,0,0,0,3636,3636,0,0
travel,17.008,408.1,417.091,417.091,fly,0.937,ok,2601,0,0,192.00,280182784,380674048,114090264,95883264,18123768,2904,11174640,22132800,958,3636,3636,0,0,0,0,0,0,0,0,0.070,0.103,0.000,0,0,0,3636,3636,0,0
travel,17.039,408.9,417.624,417.624,fly,0.828,ok,2601,0,0,192.00,280248320,380739584,114090264,95883264,18123768,2904,11174640,22132800,958,3636,3636,0,0,0,0,0,0,0,0,0.063,0.072,0.000,0,0,0,3636,3636,0,0
travel,17.071,409.7,418.168,418.168,fly,0.818,ok,2601,0,0,192.00,280248320,380739584,114090264,95883264,18123768,2904,11174640,22132800,958,3636,3636,0,0,0,0,0,0,0,0,0.061,0.070,0.000,0,0,0,3636,3636,0,0
travel,17.102,410.4,418.690,418.690,fly,0.838,ok,2601,0,0,192.00,280248320,380739584,114090264,95883264,18123768,2904,11174640,22132800,958,3636,3636,0,0,0,0,0,0,0,0,0.063,0.074,0.000,0,0,0,3636,3636,0,0
travel,17.133,411.1,419.221,419.221,fly,0.797,ok,2601,0,0,192.00,280248320,380739584,114090264,95883264,18123768,2904,7449760,22132800,958,3636,3636,0,0,0,0,0,0,0,0,0.062,0.063,0.000,0,0,0,3636,3636,0,0
travel,17.164,411.9,419.745,419.745,fly,0.808,ok,2601,0,0,192.00,280248320,380739584,114090264,95883264,18123768,2904,7449760,22132800,958,3636,3636,0,0,0,0,0,0,0,0,0.062,0.067,0.000,0,0,0,3636,3636,0,0
travel,17.195,412.6,420.275,420.275,fly,1.130,ok,2601,0,0,192.00,280248320,380739584,114090264,95883264,18123768,2904,7449760,22132800,958,3636,3636,0,0,0,0,0,0,0,0,0.137,0.113,0.000,0,0,0,3636,3636,0,0
travel,17.226,413.4,420.793,420.793,fly,0.796,ok,2601,0,0,192.00,280248320,380739584,114090264,95883264,18123768,2904,7449760,22132800,958,3636,3636,0,0,0,0,0,0,0,0,0.061,0.061,0.000,0,0,0,3636,3636,0,0
travel,17.257,414.1,421.315,421.315,fly,0.811,ok,2601,0,0,192.00,280248320,380739584,114090264,95883264,18123768,2904,7449760,22132800,958,3636,3636,0,0,0,0,0,0,0,0,0.062,0.069,0.000,0,0,0,3636,3636,0,0
travel,17.288,414.8,421.843,421.843,fly,0.824,ok,2601,0,0,192.00,280248320,380739584,114090264,95883264,18123768,2904,7449760,22132800,958,3636,3636,0,0,0,0,0,0,0,0,0.061,0.068,0.000,0,0,0,3636,3636,0,0
travel,17.319,415.6,422.375,422.375,fly,1.005,ok,2601,0,0,192.00,280248320,380739584,114090264,95883264,18123768,2904,7449760,22132800,958,3636,3636,0,0,0,0,0,0,0,0,0.071,0.115,0.000,0,0,0,3636,3636,0,0
travel,17.350,416.3,422.901,422.901,fly,0.803,ok,2601,0,0,192.00,280248320,380739584,114090264,95883264,18123768,2904,7449760,22132800,958,3636,3636,0,0,0,0,0,0,0,0,0.061,0.065,0.000,0,0,0,3636,3636,0,0
travel,17.381,417.1,423.423,423.423,fly,0.797,ok,2601,0,0,192.00,280248320,380739584,114090264,95883264,18123768,2904,7449760,22132800,958,3636,3636,0,0,0,0,0,0,0,0,0.061,0.063,0.000,0,0,0,3636,3636,0,0
travel,17.412,417.8,423.959,423.959,fly,1.048,ok,2601,0,0,192.00,280248320,380739584,114090264,95883264,18123768,2904,7449760,22132800,958,3636,3636,0,0,0,0,0,0,0,0,0.062,0.084,0.000,0,0,0,3636,3636,0,0
travel,17.455,418.9,424.680,424.680,fly,0.826,ok,2601,0,0,192.00,280948736,381263872,114090264,95883264,18123768,2904,11174640,22132800,958,3737,3737,0,0,0,0,0,0,0,0,0.062,0.070,0.000,0,0,0,3737,3737,0,0
travel,17.486,419.6,425.212,425.212,fly,0.803,ok,2601,0,0,192.00,280948736,381263872,114090264,95883264,18123768,2904,11174640,22132800,958,3737,3737,0,0,0,0,0,0,0,0,0.061,0.065,0.000,0,0,0,3737,3737,0,0
travel,17.518,420.4,425.742,425.742,fly,0.865,ok,2601,0,0,192.00,280948736,381263872,114090264,95883264,18123768,2904,11174640,22132800,958,3737,3737,0,0,0,0,0,0,0,0,0.063,0.071,0.000,0,0,0,3737,3737,0,0
travel,17.548,421.1,426.259,426.259,fly,1.041,ok,2601,0,0,192.00,280948736,381263872,114090264,95883264,18123768,2904,11174640,22132800,958,3737,3737,0,0,0,0,0,0,0,0,0.156,0.159,0.000,0,0,0,3737,3737,0,0
travel,17.579,421.9,426.794,426.794,fly,0.803,ok,2601,0,0,192.00,280948736,381263872,114090264,95883264,18123768,2904,11174640,22132800,958,3737,3737,0,0,0,0,0,0,0,0,0.061,0.067,0.000,0,0,0,3737,3737,0,0
travel,17.610,422.6,427.319,427.319,fly,1.230,ok,2601,0,0,192.00,280948736,381263872,114090264,95883264,18123768,2904,7449760,22132800,958,3737,3737,0,0,0,0,0,0,0,0,0.153,0.152,0.000,0,0,0,3737,3737,0,0
travel,17.641,423.3,427.837,427.837,fly,0.942,ok,2601,0,0,192.00,281014272,381263872,114090264,95883264,18123768,2904,7449760,22132800,958,3737,3737,0,0,0,0,0,0,0,0,0.071,0.107,0.000,0,0,0,3737,3737,0,0
travel,17.672,424.1,428.362,428.362,fly,0.815,ok,2601,0,0,192.00,281014272,381263872,114090264,95883264,18123768,2904,7449760,22132800,958,3737,3737,0,0,0,0,0,0,0,0,0.062,0.070,0.000,0,0,0,3737,3737,0,0
travel,17.705,424.9,428.920,428.920,fly,1.254,ok,2601,0,0,192.00,281014272,381263872,114090264,95883264,18123768,2904,7449760,22132800,958,3737,3737,0,0,0,0,0,0,0,0,0.142,0.248,0.000,0,0,0,3737,3737,0,0
travel,17.738,425.6,429.475,429.475,fly,0.804,ok,2601,0,0,192.00,281014272,381263872,114090264,95883264,18123768,2904,7449760,22132800,958,3737,3737,0,0,0,0,0,0,0,0,0.062,0.068,0.000,0,0,0,3737,3737,0,0
travel,17.768,426.4,429.993,429.993,fly,0.802,ok,2601,0,0,192.00,281014272,381263872,114090264,95883264,18123768,2904,7449760,22132800,958,3737,3737,0,0,0,0,0,0,0,0,0.060,0.066,0.000,0,0,0,3737,3737,0,0
travel,17.799,427.1,430.510,430.510,fly,1.306,ok,2601,0,0,192.00,281014272,381263872,114090264,95883264,18123768,2904,7449760,22132800,958,3737,3737,0,0,0,0,0,0,0,0,0.296,0.147,0.000,0,0,0,3737,3737,0,0
travel,17.830,427.9,431.043,431.043,fly,0.794,ok,2601,0,0,192.00,281014272,381263872,114090264,95883264,18123768,2904,7449760,22132800,958,3737,3737,0,0,0,0,0,0,0,0,0.061,0.062,0.000,0,0,0,3737,3737,0,0
travel,17.862,428.6,431.592,431.592,fly,0.803,ok,2601,0,0,192.00,281014272,381263872,114090264,95883264,18123768,2904,7449760,22132800,958,3737,3737,0,0,0,0,0,0,0,0,0.061,0.065,0.000,0,0,0,3737,3737,0,0
travel,17.904,429.6,432.305,432.305,fly,0.842,ok,2601,0,0,192.00,281886720,382382080,114090264,95883264,18123768,2904,11174640,22132800,958,3838,3838,0,0,0,0,0,0,0,0,0.063,0.080,0.000,0,0,0,3838,3838,0,0
travel,17.937,430.4,432.850,432.850,fly,0.799,ok,2601,0,0,192.00,281886720,382382080,114090264,95883264,18123768,2904,11174640,22132800,958,3838,3838,0,0,0,0,0,0,0,0,0.062,0.065,0.000,0,0,0,3838,3838,0,0
travel,17.968,431.2,433.378,433.378,fly,1.218,ok,2601,0,0,192.00,281886720,382382080,114090264,95883264,18123768,2904,11174640,22132800,958,3838,3838,0,0,0,0,0,0,0,0,0.244,0.128,0.000,0,0,0,3838,3838,0,0
travel,17.999,431.9,433.907,433.907,fly,0.816,ok,2601,0,0,192.00,281886720,382382080,114090264,95883264,18123768,2904,11174640,22132800,958,3838,3838,0,0,0,0,0,0,0,0,0.062,0.070,0.000,0,0,0,3838,3838,0,0
travel,18.029,432.6,434.426,434.426,fly,0.812,ok,2601,0,0,192.00,281886720,382382080,114090264,95883264,18123768,2904,11174640,22132800,958,3838,3838,0,0,0,0,0,0,0,0,0.062,0.074,0.000,0,0,0,3838,3838,0,0
travel,18.060,433.4,434.940,434.940,fly,0.859,ok,2601,0,0,192.00,281886720,382382080,114090264,95883264,18123768,2904,11174640,22132800,958,3838,3838,0,0,0,0,0,0,0,0,0.121,0.064,0.000,0,0,0,3838,3838,0,0
travel,18.091,434.1,435.476,435.476,fly,0.811,ok,2601,0,0,192.00,281886720,382382080,114090264,95883264,18123768,2904,7449760,22132800,958,3838,3838,0,0,0,0,0,0,0,0,0.061,0.070,0.000,0,0,0,3838,3838,0,0
travel,18.121,434.9,435.988,435.988,fly,1.049,ok,2601,0,0,192.00,281886720,382382080,114090264,95883264,18123768,2904,7449760,22132800,958,3838,3838,0,0,0,0,0,0,0,0,0.076,0.132,0.000,0,0,0,3838,3838,0,0
travel,18.152,435.6,436.506,436.506,fly,0.793,ok,2601,0,0,192.00,281886720,382382080,114090264,95883264,18123768,2904,7449760,22132800,958,3838,3838,0,0,0,0,0,0,0,0,0.062,0.061,0.000,0,0,0,3838,3838,0,0
travel,18.182,436.3,437.021,437.021,fly,1.253,ok,2601,0,0,192.00,281886720,382382080,114090264,95883264,18123768,2904,7449760,22132800,958,3838,3838,0,0,0,0,0,0,0,0,0.074,0.114,0.000,0,0,0,3838,3838,0,0
travel,18.213,437.1,437.548,437.548,fly,0.890,ok,2601,0,0,192.00,281886720,382382080,114090264,95883264,18123768,2904,7449760,22132800,958,3838,3838,0,0,0,0,0,0,0,0,0.149,0.067,0.000,0,0,0,3838,3838,0,0
travel,18.244,437.8,438.071,438.071,fly,0.798,ok,2601,0,0,192.00,281886720,382382080,114090264,95883264,18123768,2904,7449760,22132800,958,3838,3838,0,0,0,0,0,0,0,0,0.060,0.065,0.000,0,0,0,3838,3838,0,0
travel,18.275,438.5,438.594,438.594,fly,0.948,ok,2601,0,0,192.00,281886720,382382080,114090264,95883264,18123768,2904,7449760,22132800,958,3838,3838,0,0,0,0,0,0,0,0,0.063,0.153,0.000,0,0,0,3838,3838,0,0
travel,18.306,439.3,439.124,439.124,fly,0.795,ok,2601,0,0,192.00,281886720,382382080,114090264,95883264,18123768,2904,7449760,22132800,958,3838,3838,0,0,0,0,0,0,0,0,0.060,0.065,0.000,0,0,0,3838,3838,0,0
travel,18.338,440.1,439.663,439.663,fly,0.846,ok,2601,0,0,192.00,281886720,382382080,114090264,95883264,18123768,2904,7449760,22132800,958,3838,3838,0,0,0,0,0,0,0,0,0.062,0.075,0.000,0,0,0,3838,3838,0,0
travel,18.377,441.0,440.327,440.327,fly,0.983,ok,2601,0,0,192.00,282501120,382906368,114090264,95883264,18123768,2904,11174640,22132800,958,3939,3939,0,0,3,0,0,0,0,0,0.075,0.116,0.000,0,0,0,3939,3939,0,0
travel,18.408,441.7,440.841,440.841,fly,1.374,ok,2601,0,0,192.00,282501120,382906368,114090264,95883264,18123768,2904,11174640,22132800,958,3939,3939,0,0,0,0,0,0,0,0,0.401,0.147,0.000,0,0,0,3939,3939,0,0
travel,18.439,442.5,441.371,441.371,fly,0.821,ok,2601,0,0,192.00,282501120,382906368,114090264,95883264,18123768,2904,11174640,22132800,958,3939,3939,0,0,0,0,0,0,0,0,0.061,0.071,0.000,0,0,0,3939,3939,0,0
travel,18.470,443.2,441.896,441.896,fly,1.066,ok,2601,0,0,192.00,282501120,382906368,114090264,95883264,18123768,2904,11174640,22132800,958,3939,3939,0,0,0,0,0,0,0,0,0.078,0.123,0.000,0,0,0,3939,3939,0,0
travel,18.501,444.0,442.423,442.423,fly,0.831,ok,2601,0,0,192.00,282501120,382906368,114090264,95883264,18123768,2904,11174640,22132800,958,3939,3939,0,0,0,0,0,0,0,0,0.063,0.073,0.000,0,0,0,3939,3939,0,0
travel,18.532,444.7,442.954,442.954,fly,0.801,ok,2601,0,0,192.00,282501120,382906368,114090264,95883264,18123768,2904,11174640,22132800,958,3939,3939,0,0,0,0,0,0,0,0,0.062,0.066,0.000,0,0,0,3939,3939,0,0
travel,18.563,445.5,443.483,443.483,fly,1.078,ok,2601,0,0,192.00,282501120,382906368,114090264,95883264,18123768,2904,7449760,22132800,958,3939,3939,0,0,0,0,0,0,0,0,0.065,0.084,0.000,0,0,0,3939,3939,0,0
travel,18.594,446.2,443.996,443.996,fly,0.798,ok,2601,0,0,192.00,282501120,382906368,114090264,95883264,18123768,2904,7449760,22132800,958,3939,3939,0,0,0,0,0,0,0,0,0.064,0.061,0.000,0,0,0,3939,3939,0,0
travel,18.625,446.9,444.522,444.522,fly,0.797,ok,2601,0,0,192.00,282501120,382906368,114090264,95883264,18123768,2904,7449760,22132800,958,3939,3939,0,0,0,0,0,0,0,0,0.062,0.066,0.000,0,0,0,3939,3939,0,0
travel,18.655,447.7,445.038,445.038,fly,0.828,ok,2601,0,0,192.00,282501120,382906368,114090264,95883264,18123768,2904,7449760,22132800,958,3939,3939,0,0,0,0,0,0,0,0,0.062,0.072,0.000,0,0,0,3939,3939,0,0
travel,18.686,448.4,445.570,445.570,fly,1.072,ok,2601,0,0,192.00,282501120,382906368,114090264,95883264,18123768,2904,7449760,22132800,958,3939,3939,0,0,0,0,0,0,0,0,0.112,0.237,0.000,0,0,0,3939,3939,0,0
travel,18.718,449.2,446.113,446.113,fly,0.811,ok,2601,0,0,192.00,282501120,382906368,114090264,95883264,18123768,2904,7449760,22132800,958,3939,3939,0,0,0,0,0,0,0,0,0.060,0.066,0.000,0,0,0,3939,3939,0,0
travel,18.749,449.9,446.631,446.631,fly,0.803,ok,2601,0,0,192.00,282501120,382906368,114090264,95883264,18123768,2904,7449760,22132800,958,3939,3939,0,0,0,0,0,0,0,0,0.061,0.065,0.000,0,0,0,3939,3939,0,0
travel,18.780,450.7,447.158,447.158,fly,0.798,ok,2601,0,0,192.00,282501120,382906368,114090264,95883264,18123768,2904,7449760,22132800,958,3939,3939,0,0,0,0,0,0,0,0,0.060,0.067,0.000,0,0,0,3939,3939,0,0
travel,18.811,451.4,447.677,447.677,fly,0.851,ok,2601,0,0,192.00,282501120,382906368,114090264,95883264,18123768,2904,7449760,22132800,958,3939,3939,0,0,0,0,0,0,0,0,0.065,0.078,0.000,0,0,0,3939,3939,0,0
travel,18.854,452.4,448.414,448.414,fly,0.804,ok,2601,0,0,192.00,282824704,385007616,114090264,95883264,18123768,2904,11174640,22132800,958,4040,4040,0,0,0,0,0,0,0,0,0.063,0.067,0.000,0,0,0,4040,4040,0,0
travel,18.884,453.2,448.927,448.927,fly,1.296,ok,2601,0,0,192.00,282824704,385007616,114090264,95883264,18123768,2904,11174640,22132800,958,4040,4040,0,0,0,0,0,0,0,0,0.145,0.159,0.000,0,0,0,4040,4040,0,0
travel,18.915,453.9,449.454,449.454,fly,0.801,ok,2601,0,0,192.00,282824704,385007616,114090264,95883264,18123768,2904,11174640,22132800,958,4040,4040,0,0,0,0,0,0,0,0,0.061,0.064,0.000,0,0,0,4040,4040,0,0
travel,18.946,454.6,449.977,449.977,fly,0.806,ok,2601,0,0,192.00,282824704,385007616,114090264,95883264,18123768,2904,11174640,22132800,958,4040,4040,0,0,0,0,0,0,0,0,0.062,0.069,0.000,0,0,0,4040,4040,0,0
travel,18.977,455.4,450.504,450.504,fly,0.978,ok,2601,0,0,192.00,282824704,385007616,114090264,95883264,18123768,2904,11174640,22132800,958,4040,4040,0,0,0,0,0,0,0,0,0.071,0.109,0.000,0,0,0,4040,4040,0,0
travel,19.008,456.1,451.034,451.034,fly,0.796,ok,2601,0,0,192.00,282824704,385007616,114090264,95883264,18123768,2904,11174640,22132800,958,4040,4040,0,0,0,0,0,0,0,0,0.061,0.065,0.000,0,0,0,4040,4040,0,0
travel,19.039,456.9,451.556,451.556,fly,0.943,ok,2601,0,0,192.00,282824704,385007616,114090264,95883264,18123768,2904,7449760,22132800,958,4040,4040,0,0,0,0,0,0,0,0,0.072,0.113,0.000,0,0,0,4040,4040,0,0
travel,19.070,457.6,452.077,452.077,fly,0.831,ok,2601,0,0,192.00,282824704,385007616,114090264,95883264,18123768,2904,7449760,22132800,958,4040,4040,0,0,0,0,0,0,0,0,0.062,0.069,0.000,0,0,0,4040,4040,0,0
travel,19.101,458.3,452.600,452.600,fly,0.794,ok,2601,0,0,192.00,282824704,385007616,114090264,95883264,18123768,2904,7449760,22132800,958,4040,4040,0,0,0,0,0,0,0,0,0.062,0.063,0.000,0,0,0,4040,4040,0,0
travel,19.132,459.1,453.125,453.125,fly,0.792,ok,2601,0,0,192.00,282824704,385007616,114090264,95883264,18123768,2904,7449760,22132800,958,4040,4040,0,0,0,0,0,0,0,0,0.062,0.066,0.000,0,0,0,4040,4040,0,0
travel,19.164,459.9,453.667,453.667,fly,0.794,ok,2601,0,0,192.00,282824704,385007616,114090264,95883264,18123768,2904,7449760,22132800,958,4040,4040,0,0,0,0,0,0,0,0,0.060,0.063,0.000,0,0,0,4040,4040,0,0
travel,19.195,460.6,454.203,454.203,fly,0.811,ok,2601,0,0,192.00,282824704,385007616,114090264,95883264,18123768,2904,7449760,22132800,958,4040,4040,0,0,0,0,0,0,0,0,0.062,0.067,0.000,0,0,0,4040,4040,0,0
travel,19.226,461.3,454.716,454.716,fly,0.804,ok,2601,0,0,192.00,282824704,385007616,114090264,95883264,18123768,2904,7449760,22132800,958,4040,4040,0,0,0,0,0,0,0,0,0.061,0.066,0.000,0,0,0,4040,4040,0,0
travel,19.256,462.1,455.235,455.235,fly,0.794,ok,2601,0,0,192.00,282824704,385007616,114090264,95883264,18123768,2904,7449760,22132800,958,4040,4040,0,0,0,0,0,0,0,0,0.061,0.066,0.000,0,0,0,4040,4040,0,0
travel,19.287,462.8,455.754,455.754,fly,1.342,ok,2601,0,0,192.00,282824704,385007616,114090264,95883264,18123768,2904,7449760,22132800,958,4040,4040,0,0,0,0,0,0,0,0,0.294,0.145,0.000,0,0,0,4040,4040,0,0
travel,19.331,463.9,456.499,456.499,fly,0.793,ok,2601,0,0,192.00,283553792,386060288,114090264,95883264,18123768,2904,11174640,22132800,958,4141,4141,0,0,0,0,0,0,0,0,0.062,0.063,0.000,0,0,0,4141,4141,0,0
travel,19.361,464.6,457.018,457.018,fly,1.264,ok,2601,0,0,192.00,283553792,386060288,114090264,95883264,18123768,2904,11174640,22132800,958,4141,4141,0,0,0,0,0,0,0,0,0.147,0.141,0.000,0,0,0,4141,4141,0,0
travel,19.392,465.3,457.546,457.546,fly,0.830,ok,2601,0,0,192.00,283553792,386060288,114090264,95883264,18123768,2904,11174640,22132800,958,4141,4141,0,0,0,0,0,0,0,0,0.063,0.069,0.000,0,0,0,4141,4141,0,0
travel,19.423,466.1,458.072,458.072,fly,0.800,ok,2601,0,0,192.00,283553792,386060288,114090264,95883264,18123768,2904,11174640,22132800,958,4141,4141,0,0,0,0,0,0,0,0,0.062,0.064,0.000,0,0,0,4141,4141,0,0
travel,19.454,466.8,458.589,458.589,fly,0.795,ok,2601,0,0,192.00,283553792,386060288,114090264,95883264,18123768,2904,11174640,22132800,958,4141,4141,0,0,0,0,0,0,0,0,0.062,0.062,0.000,0,0,0,4141,4141,0,0
travel,19.484,467.5,459.107,459.107,fly,0.802,ok,2601,0,0,192.00,283553792,386060288,114090264,95883264,18123768,2904,11174640,22132800,958,4141,4141,0,0,0,0,0,0,0,0,0.061,0.066,0.000,0,0,0,4141,4141,0,0
travel,19.515,468.3,459.626,459.626,fly,1.456,ok,2601,0,0,192.00,283553792,386060288,114090264,95883264,18123768,2904,7449760,22132800,958,4141,4141,0,0,0,0,0,0,0,0,0.146,0.130,0.000,0,0,0,4141,4141,0,0
travel,19.546,469.0,460.153,460.153,fly,0.827,ok,2601,0,0,192.00,283553792,386060288,114090264,95883264,18123768,2904,7449760,22132800,958,4141,4141,0,0,0,0,0,0,0,0,0.061,0.069,0.000,0,0,0,4141,4141,0,0
travel,19.577,469.8,460.675,460.675,fly,0.800,ok,2601,0,0,192.00,283553792,386060288,114090264,95883264,18123768,2904,7449760,22132800,958,4141,4141,0,0,0,0,0,0,0,0,0.061,0.065,0.000,0,0,0,4141,4141,0,0
travel,19.608,470.5,461.199,461.199,fly,0.805,ok,2601,0,0,192.00,283553792,386060288,114090264,95883264,18123768,2904,7449760,22132800,958,4141,4141,0,0,0,0,0,0,0,0,0.062,0.067,0.000,0,0,0,4141,4141,0,0
travel,19.639,471.3,461.728,461.728,fly,0.805,ok,2601,0,0,192.00,283553792,386060288,114090264,95883264,18123768,2904,7449760,22132800,958,4141,4141,0,0,0,0,0,0,0,0,0.060,0.070,0.000,0,0,0,4141,4141,0,0
travel,19.672,472.0,462.287,462.287,fly,1.071,ok,2601,0,0,192.00,283553792,386060288,114090264,95883264,18123768,2904,7449760,22132800,958,4141,4141,0,0,0,0,0,0,0,0,0.063,0.080,0.000,0,0,0,4141,4141,0,0
travel,19.705,472.8,462.849,462.849,fly,1.091,ok,2601,0,0,192.00,283553792,386060288,114090264,95883264,18123768,2904,7449760,22132800,958,4141,4141,0,0,0,0,0,0,0,0,0.063,0.090,0.000,0,0,0,4141,4141,0,0
travel,19.738,473.6,463.410,463.410,fly,1.096,ok,2601,0,0,192.00,283553792,386060288,114090264,95883264,18123768,2904,7449760,22132800,958,4141,4141,0,0,0,0,0,0,0,0,0.065,0.087,0.000,0,0,0,4141,4141,0,0
travel,19.771,474.4,463.971,463.971,fly,1.096,ok,2601,0,0,192.00,283553792,386060288,114090264,95883264,18123768,2904,7449760,22132800,958,4141,4141,0,0,0,0,0,0,0,0,0.073,0.131,0.000,0,0,0,4141,4141,0,0
travel,19.815,475.5,464.723,464.723,fly,1.059,ok,2601,0,0,192.00,284340224,386584576,114090264,95883264,18123768,2904,11174640,22132800,958,4242,4242,0,0,0,0,0,0,0,0,0.065,0.083,0.000,0,0,0,4242,4242,0,0
travel,19.849,476.3,465.289,465.289,fly,1.087,ok,2601,0,0,192.00,284340224,386584576,114090264,95883264,18123768,2904,11174640,22132800,958,4242,4242,0,0,0,0,0,0,0,0,0.065,0.086,0.000,0,0,0,4242,4242,0,0
travel,19.882,477.1,465.859,465.859,fly,1.063,ok,2601,0,0,192.00,284340224,386584576,114090264,95883264,18123768,2904,11174640,22132800,958,4242,4242,0,0,0,0,0,0,0,0,0.065,0.079,0.000,0,0,0,4242,4242,0,0
travel,19.915,477.9,466.422,466.422,fly,0.855,ok,2601,0,0,192.00,284340224,386584576,114090264,95883264,18123768,2904,11174640,22132800,958,4242,4242,0,0,0,0,0,0,0,0,0.062,0.073,0.000,0,0,0,4242,4242,0,0
travel,19.948,478.7,466.971,466.971,fly,1.090,ok,2601,0,0,192.00,284340224,386584576,114090264,95883264,18123768,2904,7449760,22132800,958,4242,4242,0,0,0,0,0,0,0,0,0.147,0.127,0.000,0,0,0,4242,4242,0,0
travel,19.982,479.5,467.545,467.545,fly,1.072,ok,2601,0,0,192.00,284340224,386584576,114090264,95883264,18123768,2904,7449760,22132800,958,4242,4242,0,0,0,0,0,0,0,0,0.065,0.087,0.000,0,0,0,4242,4242,0,0
travel,20.014,480.3,468.098,468.098,fly,1.190,ok,2601,0,0,192.00,284340224,386584576,114090264,95883264,18123768,2904,7449760,22132800,958,4242,4242,0,0,0,0,0,0,0,0,0.139,0.085,0.000,0,0,0,4242,4242,0,0
travel,20.047,481.1,468.660,468.660,fly,1.055,ok,2601,0,0,192.00,284340224,386584576,114090264,95883264,18123768,2904,7449760,22132800,958,4242,4242,0,0,0,0,0,0,0,0,0.064,0.082,0.000,0,0,0,4242,4242,0,0
travel,20.080,481.8,469.213,469.213,fly,1.048,ok,2601,0,0,192.00,284340224,386584576,114090264,95883264,18123768,2904,7449760,22132800,958,4242,4242,0,0,0,0,0,0,0,0,0.062,0.077,0.000,0,0,0,4242,4242,0,0
travel,20.113,482.6,469.775,469.775,fly,0.828,ok,2601,0,0,192.00,284340224,386584576,114090264,95883264,18123768,2904,7449760,22132800,958,4242,4242,0,0,0,0,0,0,0,0,0.062,0.071,0.000,0,0,0,4242,4242,0,0
travel,20.144,483.4,470.302,470.302,fly,1.267,ok,2601,0,0,192.00,284340224,386584576,114090264,95883264,18123768,2904,7449760,22132800,958,4242,4242,0,0,0,0,0,0,0,0,0.069,0.094,0.000,0,0,0,4242,4242,0,0
travel,20.175,484.1,470.821,470.821,fly,0.870,ok,2601,0,0,192.00,284340224,386584576,114090264,95883264,18123768,2904,7449760,22132800,958,4242,4242,0,0,0,0,0,0,0,0,0.134,0.061,0.000,0,0,0,4242,4242,0,0
travel,20.206,484.9,471.349,471.349,fly,0.798,ok,2601,0,0,192.00,284340224,386584576,114090264,95883264,18123768,2904,7449760,22132800,958,4242,4242,0,0,0,0,0,0,0,0,0.061,0.065,0.000,0,0,0,4242,4242,0,0
travel,20.237,485.6,471.872,471.872,fly,0.801,ok,2601,0,0,192.00,284340224,386584576,114090264,95883264,18123768,2904,7449760,22132800,958,4242,4242,0,0,0,0,0,0,0,0,0.060,0.066,0.000,0,0,0,4242,4242,0,0
travel,20.277,486.6,472.564,472.564,fly,0.849,ok,2601,0,0,192.00,284123136,386584576,114090264,95883264,18123768,2904,11174640,22132800,958,4343,4343,0,0,0,0,0,0,0,0,0.064,0.078,0.000,0,0,0,4343,4343,0,0
travel,20.308,487.3,473.082,473.082,fly,0.822,ok,2601,0,0,192.00,284123136,386584576,114090264,95883264,18123768,2904,11174640,22132800,958,4343,4343,0,0,0,0,0,0,0,0,0.063,0.068,0.000,0,0,0,4343,4343,0,0
travel,20.339,488.1,473.613,473.613,fly,1.292,ok,2601,0,0,192.00,284123136,386584576,114090264,95883264,18123768,2904,11174640,22132800,958,4343,4343,0,0,0,0,0,0,0,0,0.088,0.213,0.000,0,0,0,4343,4343,0,0
travel,20.371,488.8,474.142,474.142,fly,1.113,ok,2601,0,0,192.00,284123136,386584576,114090264,95883264,18123768,2904,11174640,22132800,958,4343,4343,0,0,0,0,0,0,0,0,0.143,0.111,0.000,0,0,0,4343,4343,0,0
travel,20.401,489.5,474.657,474.657,fly,0.802,ok,2601,0,0,192.00,284123136,386584576,114090264,95883264,18123768,2904,7449760,22132800,958,4343,4343,0,0,0,0,0,0,0,0,0.062,0.063,0.000,0,0,0,4343,4343,0,0
travel,20.432,490.3,475.182,475.182,fly,0.817,ok,2601,0,0,192.00,284123136,386584576,114090264,95883264,18123768,2904,7449760,22132800,958,4343,4343,0,0,0,0,0,0,0,0,0.062,0.069,0.000,0,0,0,4343,4343,0,0
travel,20.462,491.0,475.697,475.697,fly,0.797,ok,2601,0,0,192.00,284123136,386584576,114090264,95883264,18123768,2904,7449760,22132800,958,4343,4343,0,0,0,0,0,0,0,0,0.061,0.065,0.000,0,0,0,4343,4343,0,0
travel,20.493,491.8,476.225,476.225,fly,0.800,ok,2601,0,0,192.00,284123136,386584576,114090264,95883264,18123768,2904,7449760,22132800,958,4343,4343,0,0,0,0,0,0,0,0,0.061,0.066,0.000,0,0,0,4343,4343,0,0
travel,20.524,492.5,476.744,476.744,fly,0.927,ok,2601,0,0,192.00,284123136,386584576,114090264,95883264,18123768,2904,7449760,22132800,958,4343,4343,0,0,0,0,0,0,0,0,0.070,0.108,0.000,0,0,0,4343,4343,0,0
travel,20.554,493.2,477.263,477.263,fly,0.795,ok,2601,0,0,192.00,284123136,386584576,114090264,95883264,18123768,2904,7449760,22132800,958,4343,4343,0,0,0,0,0,0,0,0,0.061,0.063,0.000,0,0,0,4343,4343,0,0
travel,20.585,494.0,477.781,477.781,fly,0.831,ok,2601,0,0,192.00,284123136,386584576,114090264,95883264,18123768,2904,7449760,22132800,958,4343,4343,0,0,0,0,0,0,0,0,0.062,0.074,0.000,0,0,0,4343,4343,0,0
travel,20.616,494.7,478.300,478.300,fly,0.920,ok,2601,0,0,192.00,284123136,386584576,114090264,95883264,18123768,2904,7449760,22132800,958,4343,4343,0,0,0,0,0,0,0,0,0.080,0.149,0.000,0,0,0,4343,4343,0,0
travel,20.646,495.4,478.822,478.822,fly,0.795,ok,2601,0,0,192.00,284123136,386584576,114090264,95883264,18123768,2904,7449760,22132800,958,4343,4343,0,0,0,0,0,0,0,0,0.061,0.064,0.000,0,0,0,4343,4343,0,0
travel,20.677,496.2,479.338,479.338,fly,0.802,ok,2601,0,0,192.00,284123136,386584576,114090264,95883264,18123768,2904,7449760,22132800,958,4343,4343,0,0,0,0,0,0,0,0,0.060,0.067,0.000,0,0,0,4343,4343,0,0
travel,20.708,496.9,479.868,479.868,fly,0.833,ok,2601,0,0,192.00,284123136,386584576,114090264,95883264,18123768,2904,7449760,22132800,958,4343,4343,0,0,0,0,0,0,0,0,0.061,0.082,0.000,0,0,0,4343,4343,0,0
travel,20.750,497.9,480.582,480.582,fly,0.823,ok,2601,0,0,192.00,284975104,387108864,114090264,95883264,18123768,2904,11174640,22132800,958,4444,4444,0,0,0,0,0,0,0,0,0.064,0.067,0.000,0,0,0,4444,4444,0,0
travel,20.781,498.7,481.111,481.111,fly,0.840,ok,2601,0,0,192.00,284975104,387108864,114090264,95883264,18123768,2904,11174640,22132800,958,4444,4444,0,0,0,0,0,0,0,0,0.062,0.074,0.000,0,0,0,4444,4444,0,0
travel,20.813,499.4,481.648,481.648,fly,0.977,ok,2601,0,0,192.00,284979200,387174400,114090264,95883264,18123768,2904,11174640,22132800,958,4444,4444,0,0,0,0,0,0,0,0,0.070,0.111,0.000,0,0,0,4444,4444,0,0
travel,20.845,500.2,482.190,482.190,fly,0.806,ok,2601,0,0,192.00,284979200,387174400,114090264,95883264,18123768,2904,11174640,22132800,958,4444,4444,0,0,0,0,0,0,0,0,0.061,0.067,0.000,0,0,0,4444,4444,0,0
travel,20.876,500.9,482.725,482.725,fly,0.807,ok,2601,0,0,192.00,284979200,387174400,114090264,95883264,18123768,2904,7449760,22132800,958,4444,4444,0,0,0,0,0,0,0,0,0.061,0.065,0.000,0,0,0,4444,4444,0,0
travel,20.908,501.7,483.252,483.252,fly,0.809,ok,2601,0,0,192.00,284979200,387174400,114090264,95883264,18123768,2904,7449760,22132800,958,4444,4444,0,0,0,0,0,0,0,0,0.061,0.068,0.000,0,0,0,4444,4444,0,0
travel,20.939,502.4,483.781,483.781,fly,0.847,ok,2601,0,0,192.00,284979200,387174400,114090264,95883264,18123768,2904,7449760,22132800,958,4444,4444,0,0,0,0,0,0,0,0,0.062,0.075,0.000,0,0,0,4444,4444,0,0
travel,20.970,503.2,484.317,484.317,fly,0.794,ok,2601,0,0,192.00,284979200,387174400,114090264,95883264,18123768,2904,7449760,22132800,958,4444,4444,0,0,0,0,0,0,0,0,0.060,0.063,0.000,0,0,0,4444,4444,0,0
travel,21.001,503.9,484.840,484.840,fly,0.845,ok,2601,0,0,192.00,284979200,387174400,114090264,95883264,18123768,2904,7449760,22132800,958,4444,4444,0,0,0,0,0,0,0,0,0.062,0.073,0.000,0,0,0,4444,4444,0,0
travel,21.033,504.7,485.382,485.382,fly,0.869,ok,2601,0,0,192.00,284979200,387174400,114090264,95883264,18123768,2904,7449760,22132800,958,4444,4444,0,0,0,0,0,0,0,0,0.062,0.077,0.000,0,0,0,4444,4444,0,0
travel,21.064,505.5,485.913,485.913,fly,0.805,ok,2601,0,0,192.00,284979200,387174400,114090264,95883264,18123768,2904,7449760,22132800,958,4444,4444,0,0,0,0,0,0,0,0,0.060,0.067,0.000,0,0,0,4444,4444,0,0
travel,21.095,506.2,486.434,486.434,fly,0.906,ok,2601,0,0,192.00,284979200,387174400,114090264,95883264,18123768,2904,7449760,22132800,958,4444,4444,0,0,0,0,0,0,0,0,0.071,0.108,0.000,0,0,0,4444,4444,0,0
travel,21.126,506.9,486.953,486.953,fly,0.805,ok,2601,0,0,192.00,284979200,387174400,114090264,95883264,18123768,2904,7449760,22132800,958,4444,4444,0,0,0,0,0,0,0,0,0.061,0.068,0.000,0,0,0,4444,4444,0,0
travel,21.157,507.7,487.478,487.478,fly,0.805,ok,2601,0,0,192.00,284979200,387174400,114090264,95883264,18123768,2904,7449760,22132800,958,4444,4444,0,0,0,0,0,0,0,0,0.061,0.068,0.000,0,0,0,4444,4444,0,0
travel,21.187,508.4,487.999,487.999,fly,0.833,ok,2601,0,0,192.00,284979200,387174400,114090264,95883264,18123768,2904,7449760,22132800,958,4444,4444,0,0,0,0,0,0,0,0,0.061,0.073,0.000,0,0,0,4444,4444,0,0
travel,21.231,509.5,488.739,488.739,fly,0.810,ok,2601,0,0,192.00,285900800,390328320,114090264,95883264,18123768,2904,11174640,22132800,958,4545,4545,0,0,0,0,0,0,0,0,0.060,0.069,0.000,0,0,0,4545,4545,0,0
travel,21.263,510.2,489.275,489.275,fly,1.093,ok,2601,0,0,192.00,285904896,390328320,114090264,95883264,18123768,2904,11174640,22132800,958,4545,4545,0,0,0,0,0,0,0,0,0.077,0.137,0.000,0,0,0,4545,4545,0,0
travel,21.294,511.0,489.801,489.801,fly,1.240,ok,2601,0,0,192.00,285904896,390328320,114090264,95883264,18123768,2904,11174640,22132800,958,4545,4545,0,0,0,0,0,0,0,0,0.074,0.123,0.000,0,0,0,4545,4545,0,0
travel,21.325,511.7,490.332,490.332,fly,0.803,ok,2601,0,0,192.00,285904896,390328320,114090264,95883264,18123768,2904,11174640,22132800,958,4545,4545,0,0,0,0,0,0,0,0,0.065,0.063,0.000,0,0,0,4545,4545,0,0
travel,21.355,512.4,490.849,490.849,fly,0.833,ok,2601,0,0,192.00,285908992,390328320,114090264,95883264,18123768,2904,11174640,22132800,958,4545,4545,0,0,0,0,0,0,0,0,0.062,0.076,0.000,0,0,0,4545,4545,0,0
travel,21.386,513.2,491.374,491.374,fly,0.829,ok,2601,0,0,192.00,285908992,390328320,114090264,95883264,18123768,2904,7449760,22132800,958,4545,4545,0,0,0,0,0,0,0,0,0.062,0.072,0.000,0,0,0,4545,4545,0,0
travel,21.417,513.9,491.895,491.895,fly,0.819,ok,2601,0,0,192.00,285908992,390328320,114090264,95883264,18123768,2904,7449760,22132800,958,4545,4545,0,0,0,0,0,0,0,0,0.061,0.070,0.000,0,0,0,4545,4545,0,0
travel,21.448,514.7,492.422,492.422,fly,0.798,ok,2601,0,0,192.00,285908992,390328320,114090264,95883264,18123768,2904,7449760,22132800,958,4545,4545,0,0,0,0,0,0,0,0,0.060,0.064,0.000,0,0,0,4545,4545,0,0
travel,21.480,515.4,492.956,492.956,fly,0.801,ok,2601,0,0,192.00,285908992,390328320,114090264,95883264,18123768,2904,7449760,22132800,958,4545,4545,0,0,0,0,0,0,0,0,0.060,0.067,0.000,0,0,0,4545,4545,0,0
travel,21.511,516.2,493.491,493.491,fly,0.882,ok,2601,0,0,192.00,285908992,390328320,114090264,95883264,18123768,2904,7449760,22132800,958,4545,4545,0,0,0,0,0,0,0,0,0.067,0.092,0.000,0,0,0,4545,4545,0,0
travel,21.542,516.9,494.010,494.010,fly,0.911,ok,2601,0,0,192.00,285908992,390328320,114090264,95883264,18123768,2904,7449760,22132800,958,4545,4545,0,0,0,0,0,0,0,0,0.131,0.060,0.000,0,0,0,4545,4545,0,0
travel,21.573,517.7,494.539,494.539,fly,0.810,ok,2601,0,0,192.00,285908992,390328320,114090264,95883264,18123768,2904,7449760,22132800,958,4545,4545,0,0,0,0,0,0,0,0,0.060,0.066,0.000,0,0,0,4545,4545,0,0
travel,21.604,518.4,495.058,495.058,fly,0.819,ok,2601,0,0,192.00,285908992,390328320,114090264,95883264,18123768,2904,7449760,22132800,958,4545,4545,0,0,0,0,0,0,0,0,0.062,0.071,0.000,0,0,0,4545,4545,0,0
travel,21.636,519.2,495.603,495.603,fly,0.798,ok,2601,0,0,192.00,285908992,390328320,114090264,95883264,18123768,2904,7449760,22132800,958,4545,4545,0,0,0,0,0,0,0,0,0.060,0.062,0.000,0,0,0,4545,4545,0,0
travel,21.677,520.2,496.306,496.306,fly,0.809,ok,2601,0,0,192.00,286564352,390852608,114090264,95883264,18123768,2904,11174640,22132800,958,4646,4646,0,0,0,0,0,0,0,0,0.063,0.067,0.000,0,0,0,4646,4646,0,0
travel,21.709,520.9,496.840,496.840,fly,0.920,ok,2601,0,0,192.00,286564352,390852608,114090264,95883264,18123768,2904,11174640,22132800,958,4646,4646,0,0,0,0,0,0,0,0,0.069,0.120,0.000,0,0,0,4646,4646,0,0
travel,21.740,521.7,497.368,497.368,fly,0.813,ok,2601,0,0,192.00,286564352,390852608,114090264,95883264,18123768,2904,11174640,22132800,958,4646,4646,0,0,0,0,0,0,0,0,0.062,0.069,0.000,0,0,0,4646,4646,0,0
travel,21.770,522.4,497.884,497.884,fly,0.832,ok,2601,0,0,192.00,286564352,390852608,114090264,95883264,18123768,2904,11174640,22132800,958,4646,4646,0,0,0,0,0,0,0,0,0.063,0.074,0.000,0,0,0,4646,4646,0,0
travel,21.801,523.1,498.411,498.411,fly,0.800,ok,2601,0,0,192.00,286564352,390852608,114090264,95883264,18123768,2904,11174640,22132800,958,4646,4646,0,0,0,0,0,0,0,0,0.061,0.063,0.000,0,0,0,4646,4646,0,0
travel,21.832,523.9,498.929,498.929,fly,1.497,ok,2601,0,0,192.00,286564352,390852608,114090264,95883264,18123768,2904,11174640,22132800,958,4646,4646,0,0,0,0,0,0,0,0,0.175,0.341,0.000,0,0,0,4646,4646,0,0
travel,21.863,524.6,499.455,499.455,fly,0.876,ok,2601,0,0,192.00,286564352,390852608,114090264,95883264,18123768,2904,7449760,22132800,958,4646,4646,0,0,0,0,0,0,0,0,0.071,0.109,0.000,0,0,0,4646,4646,0,0
travel,21.894,525.4,499.989,499.989,fly,0.805,ok,2601,0,0,192.00,286564352,390852608,114090264,95883264,18123768,2904,7449760,22132800,958,4646,4646,0,0,0,0,0,0,0,0,0.061,0.067,0.000,0,0,0,4646,4646,0,0
travel,21.925,526.1,500.506,500.506,fly,0.898,ok,2601,0,0,192.00,286564352,390852608,114090264,95883264,18123768,2904,7449760,22132800,958,4646,4646,0,0,0,0,0,0,0,0,0.062,0.107,0.000,0,0,0,4646,4646,0,0
travel,21.957,526.9,501.047,501.047,fly,0.802,ok,2601,0,0,192.00,286564352,390852608,114090264,95883264,18123768,2904,7449760,22132800,958,4646,4646,0,0,0,0,0,0,0,0,0.060,0.064,0.000,0,0,0,4646,4646,0,0
travel,21.988,527.6,501.586,501.586,fly,0.811,ok,2601,0,0,192.00,286564352,390852608,114090264,95883264,18123768,2904,7449760,22132800,958,4646,4646,0,0,0,0,0,0,0,0,0.064,0.068,0.000,0,0,0,4646,4646,0,0
travel,22.019,528.4,502.100,502.100,fly,0.809,ok,2601,0,0,192.00,286564352,390852608,114090264,95883264,18123768,2904,7449760,22132800,958,4646,4646,0,0,0,0,0,0,0,0,0.061,0.064,0.000,0,0,0,4646,4646,0,0
travel,22.050,529.1,502.627,502.627,fly,1.227,ok,2601,0,0,192.00,286564352,390852608,114090264,95883264,18123768,2904,7449760,22132800,958,4646,4646,0,0,0,0,0,0,0,0,0.061,0.129,0.000,0,0,0,4646,4646,0,0
travel,22.082,529.9,503.175,503.175,fly,0.933,ok,2601,0,0,192.00,286564352,390852608,114090264,95883264,18123768,2904,7449760,22132800,958,4646,4646,0,0,0,0,0,0,0,0,0.070,0.111,0.000,0,0,0,4646,4646,0,0
travel,22.112,530.6,503.689,503.689,fly,0.826,ok,2601,0,0,192.00,286564352,390852608,114090264,95883264,18123768,2904,7449760,22132800,958,4646,4646,0,0,0,0,0,0,0,0,0.061,0.069,0.000,0,0,0,4646,4646,0,0
travel,22.154,531.6,504.391,504.391,fly,0.850,ok,2601,0,0,192.00,286564352,390852608,114090264,95883264,18123768,2904,11174640,22132800,958,4747,4747,0,0,0,0,0,0,0,0,0.062,0.074,0.000,0,0,0,4747,4747,0,0
travel,22.184,532.3,504.907,504.907,fly,0.800,ok,2601,0,0,192.00,286564352,390852608,114090264,95883264,18123768,2904,11174640,22132800,958,4747,4747,0,0,0,0,0,0,0,0,0.062,0.060,0.000,0,0,0,4747,4747,0,0
travel,22.216,533.1,505.444,505.444,fly,0.803,ok,2601,0,0,192.00,286564352,390852608,114090264,95883264,18123768,2904,11174640,22132800,958,4747,4747,0,0,0,0,0,0,0,0,0.061,0.067,0.000,0,0,0,4747,4747,0,0
travel,22.247,533.8,505.975,505.975,fly,1.116,ok,2601,0,0,192.00,286564352,390852608,114090264,95883264,18123768,2904,11174640,22132800,958,4747,4747,0,0,0,0,0,0,0,0,0.074,0.112,0.000,0,0,0,4747,4747,0,0
travel,22.278,534.6,506.497,506.497,fly,1.056,ok,2601,0,0,192.00,286564352,390852608,114090264,95883264,18123768,2904,11174640,22132800,958,4747,4747,0,0,0,0,0,0,0,0,0.061,0.308,0.000,0,0,0,4747,4747,0,0
travel,22.309,535.3,507.026,507.026,fly,0.804,ok,2601,0,0,192.00,286564352,390852608,114090264,95883264,18123768,2904,11174640,22132800,958,4747,4747,0,0,0,0,0,0,0,0,0.061,0.066,0.000,0,0,0,4747,4747,0,0
travel,22.340,536.1,507.548,507.548,fly,0.894,ok,2601,0,0,192.00,286564352,390852608,114090264,95883264,18123768,2904,7449760,22132800,958,4747,4747,0,0,0,0,0,0,0,0,0.066,0.152,0.000,0,0,0,4747,4747,0,0
travel,22.372,536.8,508.088,508.088,fly,0.806,ok,2601,0,0,192.00,286564352,390852608,114090264,95883264,18123768,2904,7449760,22132800,958,4747,4747,0,0,0,0,0,0,0,0,0.061,0.064,0.000,0,0,0,4747,4747,0,0
travel,22.403,537.6,508.624,508.624,fly,0.856,ok,2601,0,0,192.00,286564352,390852608,114090264,95883264,18123768,2904,7449760,22132800,958,4747,4747,0,0,0,0,0,0,0,0,0.063,0.079,0.000,0,0,0,4747,4747,0,0
travel,22.434,538.3,509.149,509.149,fly,0.801,ok,2601,0,0,192.00,286564352,390852608,114090264,95883264,18123768,2904,7449760,22132800,958,4747,4747,0,0,0,0,0,0,0,0,0.061,0.065,0.000,0,0,0,4747,4747,0,0
travel,22.466,539.1,509.683,509.683,fly,0.803,ok,2601,0,0,192.00,286564352,390852608,114090264,95883264,18123768,2904,7449760,22132800,958,4747,4747,0,0,0,0,0,0,0,0,0.061,0.066,0.000,0,0,0,4747,4747,0,0
travel,22.496,539.8,510.206,510.206,fly,0.816,ok,2601,0,0,192.00,286564352,390852608,114090264,95883264,18123768,2904,7449760,22132800,958,4747,4747,0,0,0,0,0,0,0,0,0.061,0.069,0.000,0,0,0,4747,4747,0,0
travel,22.527,540.5,510.725,510.725,fly,0.843,ok,2601,0,0,192.00,286564352,390852608,114090264,95883264,18123768,2904,7449760,22132800,958,4747,4747,0,0,0,0,0,0,0,0,0.063,0.073,0.000,0,0,0,4747,4747,0,0
travel,22.558,541.3,511.248,511.248,fly,0.798,ok,2601,0,0,192.00,286564352,390852608,114090264,95883264,18123768,2904,7449760,22132800,958,4747,4747,0,0,0,0,0,0,0,0,0.060,0.066,0.000,0,0,0,4747,4747,0,0
travel,22.589,542.0,511.773,511.773,fly,1.231,ok,2601,0,0,192.00,286564352,390852608,114090264,95883264,18123768,2904,7449760,22132800,958,4747,4747,0,0,0,0,0,0,0,0,0.151,0.156,0.000,0,0,0,4747,4747,0,0
travel,22.631,543.0,512.484,512.484,fly,0.806,ok,2601,0,0,192.00,286564352,390852608,114090264,95883264,18123768,2904,11174640,22132800,958,4848,4848,0,0,0,0,0,0,0,0,0.064,0.065,0.000,0,0,0,4848,4848,0,0
travel,22.663,543.8,513.026,513.026,fly,1.275,ok,2601,0,0,192.00,286564352,390852608,114090264,95883264,18123768,2904,11174640,22132800,958,4848,4848,0,0,0,0,0,0,0,0,0.069,0.110,0.000,0,0,0,4848,4848,0,0
travel,22.694,544.5,513.550,513.550,fly,0.875,ok,2601,0,0,192.00,286564352,390852608,114090264,95883264,18123768,2904,11174640,22132800,958,4848,4848,0,0,0,0,0,0,0,0,0.135,0.066,0.000,0,0,0,4848,4848,0,0
travel,22.725,545.3,514.076,514.076,fly,0.807,ok,2601,0,0,192.00,286564352,390852608,114090264,95883264,18123768,2904,11174640,22132800,958,4848,4848,0,0,0,0,0,0,0,0,0.062,0.065,0.000,0,0,0,4848,4848,0,0
travel,22.755,546.0,514.598,514.598,fly,0.803,ok,2601,0,0,192.00,286564352,390852608,114090264,95883264,18123768,2904,11174640,22132800,958,4848,4848,0,0,0,0,0,0,0,0,0.062,0.064,0.000,0,0,0,4848,4848,0,0
travel,22.786,546.8,515.122,515.122,fly,0.808,ok,2601,0,0,192.00,286564352,390852608,114090264,95883264,18123768,2904,7449760,22132800,958,4848,4848,0,0,0,0,0,0,0,0,0.062,0.069,0.000,0,0,0,4848,4848,0,0
travel,22.817,547.5,515.651,515.651,fly,0.813,ok,2601,0,0,192.00,286564352,390852608,114090264,95883264,18123768,2904,7449760,22132800,958,4848,4848,0,0,0,0,0,0,0,0,0.061,0.070,0.000,0,0,0,4848,4848,0,0
travel,22.848,548.2,516.164,516.164,fly,1.457,ok,2601,0,0,192.00,286564352,390852608,114090264,95883264,18123768,2904,7449760,22132800,958,4848,4848,0,0,0,0,0,0,0,0,0.134,0.211,0.000,0,0,0,4848,4848,0,0
travel,22.879,549.0,516.702,516.702,fly,0.798,ok,2601,0,0,192.00,286564352,390852608,114090264,95883264,18123768,2904,7449760,22132800,958,4848,4848,0,0,0,0,0,0,0,0,0.060,0.062,0.000,0,0,0,4848,4848,0,0
travel,22.910,549.7,517.225,517.225,fly,1.194,ok,2601,0,0,192.00,286564352,390852608,114090264,95883264,18123768,2904,7449760,22132800,958,4848,4848,0,0,0,0,0,0,0,0,0.074,0.134,0.000,0,0,0,4848,4848,0,0
travel,22.942,550.5,517.755,517.755,fly,0.814,ok,2601,0,0,192.00,286564352,390852608,114090264,95883264,18123768,2904,7449760,22132800,958,4848,4848,0,0,0,0,0,0,0,0,0.062,0.070,0.000,0,0,0,4848,4848,0,0
travel,22.973,551.2,518.282,518.282,fly,0.811,ok,2601,0,0,192.00,286564352,390852608,114090264,95883264,18123768,2904,7449760,22132800,958,4848,4848,0,0,0,0,0,0,0,0,0.060,0.068,0.000,0,0,0,4848,4848,0,0
travel,23.003,552.0,518.806,518.806,fly,0.801,ok,2601,0,0,192.00,286564352,390852608,114090264,95883264,18123768,2904,7449760,22132800,958,4848,4848,0,0,0,0,0,0,0,0,0.060,0.063,0.000,0,0,0,4848,4848,0,0
travel,23.035,552.7,519.341,519.341,fly,0.840,ok,2601,0,0,192.00,286564352,390852608,114090264,95883264,18123768,2904,7449760,22132800,958,4848,4848,0,0,0,0,0,0,0,0,0.064,0.072,0.000,0,0,0,4848,4848,0,0
travel,23.066,553.5,519.865,519.865,fly,0.836,ok,2601,0,0,192.00,286564352,390852608,114090264,95883264,18123768,2904,7449760,22132800,958,4848,4848,0,0,0,0,0,0,0,0,0.061,0.073,0.000,0,0,0,4848,4848,0,0
travel,23.107,554.5,520.567,520.567,fly,0.805,ok,2601,0,0,192.00,285974528,390328320,114090264,95883264,18123768,2904,11174640,22132800,958,4949,4949,0,0,0,0,0,0,0,0,0.062,0.066,0.000,0,0,0,4949,4949,0,0
travel,23.138,555.2,521.096,521.096,fly,0.867,ok,2601,0,0,192.00,285974528,390328320,114090264,95883264,18123768,2904,11174640,22132800,958,4949,4949,0,0,0,0,0,0,0,0,0.063,0.082,0.000,0,0,0,4949,4949,0,0
travel,23.169,555.9,521.613,521.613,fly,1.014,ok,2601,0,0,192.00,285974528,390328320,114090264,95883264,18123768,2904,11174640,22132800,958,4949,4949,0,0,0,0,0,0,0,0,0.265,0.066,0.000,0,0,0,4949,4949,0,0
travel,23.201,556.7,522.150,522.150,fly,0.824,ok,2601,0,0,192.00,285974528,390328320,114090264,95883264,18123768,2904,11174640,22132800,958,4949,4949,0,0,0,0,0,0,0,0,0.062,0.082,0.000,0,0,0,4949,4949,0,0
travel,23.231,557.4,522.668,522.668,fly,1.212,ok,2601,0,0,192.00,285974528,390328320,114090264,95883264,18123768,2904,11174640,22132800,958,4949,4949,0,0,0,0,0,0,0,0,0.152,0.145,0.000,0,0,0,4949,4949,0,0
travel,23.262,558.2,523.198,523.198,fly,0.869,ok,2601,0,0,192.00,285974528,390328320,114090264,95883264,18123768,2904,11174640,22132800,958,4949,4949,0,0,0,0,0,0,0,0,0.060,0.071,0.000,0,0,0,4949,4949,0,0
travel,23.294,558.9,523.730,523.730,fly,0.837,ok,2601,0,0,192.00,285974528,390328320,114090264,95883264,18123768,2904,7449760,22132800,958,4949,4949,0,0,0,0,0,0,0,0,0.063,0.070,0.000,0,0,0,4949,4949,0,0
travel,23.324,559.7,524.247,524.247,fly,0.807,ok,2601,0,0,192.00,285974528,390328320,114090264,95883264,18123768,2904,7449760,22132800,958,4949,4949,0,0,0,0,0,0,0,0,0.061,0.066,0.000,0,0,0,4949,4949,0,0
travel,23.355,560.4,524.776,524.776,fly,0.813,ok,2601,0,0,192.00,285974528,390328320,114090264,95883264,18123768,2904,7449760,22132800,958,4949,4949,0,0,0,0,0,0,0,0,0.062,0.068,0.000,0,0,0,4949,4949,0,0
travel,23.386,561.2,525.299,525.299,fly,1.411,ok,2601,0,0,192.00,285974528,390328320,114090264,95883264,18123768,2904,7449760,22132800,958,4949,4949,0,0,0,0,0,0,0,0,0.106,0.122,0.000,0,0,0,4949,4949,0,0
travel,23.417,561.9,525.827,525.827,fly,0.862,ok,2601,0,0,192.00,285974528,390328320,114090264,95883264,18123768,2904,7449760,22132800,958,4949,4949,0,0,0,0,0,0,0,0,0.117,0.068,0.000,0,0,0,4949,4949,0,0
travel,23.449,562.7,526.359,526.359,fly,0.795,ok,2601,0,0,192.00,285974528,390328320,114090264,95883264,18123768,2904,7449760,22132800,958,4949,4949,0,0,0,0,0,0,0,0,0.060,0.062,0.000,0,0,0,4949,4949,0,0
travel,23.479,563.4,526.876,526.876,fly,1.323,ok,2601,0,0,192.00,285974528,390328320,114090264,95883264,18123768,2904,7449760,22132800,958,4949,4949,0,0,0,0,0,0,0,0,0.319,0.131,0.000,0,0,0,4949,4949,0,0
travel,23.510,564.1,527.402,527.402,fly,0.803,ok,2601,0,0,192.00,285974528,390328320,114090264,95883264,18123768,2904,7449760,22132800,958,4949,4949,0,0,0,0,0,0,0,0,0.061,0.067,0.000,0,0,0,4949,4949,0,0
travel,23.541,564.9,527.927,527.927,fly,0.804,ok,2601,0,0,192.00,285974528,390328320,114090264,95883264,18123768,2904,7449760,22132800,958,4949,4949,0,0,0,0,0,0,0,0,0.061,0.064,0.000,0,0,0,4949,4949,0,0
travel,23.581,565.8,528.595,528.595,fly,0.806,ok,2601,0,0,192.00,286040064,390328320,114090264,95883264,18123768,2904,11174640,22132800,958,5050,5050,0,0,0,0,0,0,0,0,0.061,0.065,0.000,0,0,0,5050,5050,0,0
travel,23.612,566.6,529.123,529.123,fly,1.277,ok,2601,0,0,192.00,286040064,390328320,114090264,95883264,18123768,2904,11174640,22132800,958,5050,5050,0,0,0,0,0,0,0,0,0.152,0.141,0.000,0,0,0,5050,5050,0,0
travel,23.643,567.3,529.650,529.650,fly,0.877,ok,2601,0,0,192.00,286105600,390393856,114090264,95883264,18123768,2904,11174640,22132800,958,5050,5050,0,0,0,0,0,0,0,0,0.071,0.107,0.000,0,0,0,5050,5050,0,0
travel,23.674,568.1,530.177,530.177,fly,1.075,ok,2601,0,0,192.00,286105600,390393856,114090264,95883264,18123768,2904,11174640,22132800,958,5050,5050,0,0,0,0,0,0,0,0,0.093,0.212,0.000,0,0,0,5050,5050,0,0
travel,23.704,568.8,530.696,530.696,fly,0.809,ok,2601,0,0,192.00,286105600,390393856,114090264,95883264,18123768,2904,11174640,22132800,958,5050,5050,0,0,0,0,0,0,0,0,0.063,0.065,0.000,0,0,0,5050,5050,0,0
travel,23.735,569.5,531.224,531.224,fly,0.806,ok,2601,0,0,192.00,286105600,390393856,114090264,95883264,18123768,2904,7449760,22132800,958,5050,5050,0,0,0,0,0,0,0,0,0.061,0.064,0.000,0,0,0,5050,5050,0,0
travel,23.766,570.3,531.745,531.745,fly,0.965,ok,2601,0,0,192.00,286105600,390393856,114090264,95883264,18123768,2904,7449760,22132800,958,5050,5050,0,0,0,0,0,0,0,0,0.072,0.115,0.000,0,0,0,5050,5050,0,0
travel,23.797,571.0,532.263,532.263,fly,0.932,ok,2601,0,0,192.00,286105600,390393856,114090264,95883264,18123768,2904,7449760,22132800,958,5050,5050,0,0,0,0,0,0,0,0,0.182,0.074,0.000,0,0,0,5050,5050,0,0
travel,23.828,571.8,532.789,532.789,fly,0.796,ok,2601,0,0,192.00,286105600,390393856,114090264,95883264,18123768,2904,7449760,22132800,958,5050,5050,0,0,0,0,0,0,0,0,0.060,0.063,0.000,0,0,0,5050,5050,0,0
travel,23.858,572.5,533.305,533.305,fly,0.841,ok,2601,0,0,192.00,286105600,390393856,114090264,95883264,18123768,2904,7449760,22132800,958,5050,5050,0,0,0,0,0,0,0,0,0.063,0.074,0.000,0,0,0,5050,5050,0,0
travel,23.889,573.2,533.825,533.825,fly,0.808,ok,2601,0,0,192.00,286105600,390393856,114090264,95883264,18123768,2904,7449760,22132800,958,5050,5050,0,0,0,0,0,0,0,0,0.061,0.065,0.000,0,0,0,5050,5050,0,0
travel,23.920,574.0,534.345,534.345,fly,1.227,ok,2601,0,0,192.00,286105600,390393856,114090264,95883264,18123768,2904,7449760,22132800,958,5050,5050,0,0,0,0,0,0,0,0,0.065,0.086,0.000,0,0,0,5050,5050,0,0
travel,23.950,574.7,534.866,534.866,fly,1.136,ok,2601,0,0,192.00,286105600,390393856,114090264,95883264,18123768,2904,7449760,22132800,958,5050,5050,0,0,0,0,0,0,0,0,0.341,0.077,0.000,0,0,0,5050,5050,0,0
travel,23.981,575.4,535.386,535.386,fly,0.811,ok,2601,0,0,192.00,286105600,390393856,114090264,95883264,18123768,2904,7449760,22132800,958,5050,5050,0,0,0,0,0,0,0,0,0.061,0.068,0.000,0,0,0,5050,5050,0,0
travel,24.011,576.2,535.904,535.904,fly,0.800,ok,2601,0,0,192.00,286105600,390393856,114090264,95883264,18123768,2904,7449760,22132800,958,5050,5050,0,0,0,0,0,0,0,0,0.060,0.065,0.000,0,0,0,5050,5050,0,0
travel,24.056,577.2,536.654,536.654,fly,0.835,ok,2601,0,0,192.00,286134272,392499200,114090264,95883264,18123768,2904,11174640,22132800,958,5151,5151,0,0,0,0,0,0,0,0,0.062,0.071,0.000,0,0,0,5151,5151,0,0
travel,24.086,578.0,537.176,537.176,fly,1.238,ok,2601,0,0,192.00,286134272,392499200,114090264,95883264,18123768,2904,11174640,22132800,958,5151,5151,0,0,0,0,0,0,0,0,0.154,0.146,0.000,0,0,0,5151,5151,0,0
travel,24.118,578.7,537.705,537.705,fly,0.800,ok,2601,0,0,192.00,286134272,392499200,114090264,95883264,18123768,2904,11174640,22132800,958,5151,5151,0,0,0,0,0,0,0,0,0.061,0.065,0.000,0,0,0,5151,5151,0,0
travel,24.148,579.4,538.227,538.227,fly,0.851,ok,2601,0,0,192.00,286134272,392499200,114090264,95883264,18123768,2904,11174640,22132800,958,5151,5151,0,0,0,0,0,0,0,0,0.062,0.073,0.000,0,0,0,5151,5151,0,0
travel,24.179,580.2,538.746,538.746,fly,0.942,ok,2601,0,0,192.00,286134272,392499200,114090264,95883264,18123768,2904,11174640,22132800,958,5151,5151,0,0,0,0,0,0,0,0,0.070,0.109,0.000,0,0,0,5151,5151,0,0
travel,24.209,580.9,539.264,539.264,fly,0.831,ok,2601,0,0,192.00,286134272,392499200,114090264,95883264,18123768,2904,7449760,22132800,958,5151,5151,0,0,0,0,0,0,0,0,0.062,0.072,0.000,0,0,0,5151,5151,0,0
travel,24.241,581.7,539.791,539.791,fly,1.351,ok,2601,0,0,192.00,286134272,392499200,114090264,95883264,18123768,2904,7449760,22132800,958,5151,5151,0,0,0,0,0,0,0,0,0.097,0.115,0.000,0,0,0,5151,5151,0,0
travel,24.272,582.4,540.331,540.331,fly,1.222,ok,2601,0,0,192.00,286134272,392499200,114090264,95883264,18123768,2904,7449760,22132800,958,5151,5151,0,0,0,0,0,0,0,0,0.141,0.105,0.000,0,0,0,5151,5151,0,0
travel,24.306,583.2,540.901,540.901,fly,1.144,ok,2601,0,0,192.00,286134272,392499200,114090264,95883264,18123768,2904,7449760,22132800,958,5151,5151,0,0,0,0,0,0,0,0,0.136,0.082,0.000,0,0,0,5151,5151,0,0
travel,24.338,584.0,541.444,541.444,fly,0.939,ok,2601,0,0,192.00,286134272,392499200,114090264,95883264,18123768,2904,7449760,22132800,958,5151,5151,0,0,0,0,0,0,0,0,0.065,0.087,0.000,0,0,0,5151,5151,0,0
travel,24.369,584.7,541.969,541.969,fly,1.244,ok,2601,0,0,192.00,286134272,392499200,114090264,95883264,18123768,2904,7449760,22132800,958,5151,5151,0,0,0,0,0,0,0,0,0.073,0.136,0.000,0,0,0,5151,5151,0,0
travel,24.400,585.5,542.495,542.495,fly,1.050,ok,2601,0,0,192.00,286134272,392499200,114090264,95883264,18123768,2904,7449760,22132800,958,5151,5151,0,0,0,0,0,0,0,0,0.311,0.067,0.000,0,0,0,5151,5151,0,0
travel,24.431,586.2,543.026,543.026,fly,0.808,ok,2601,0,0,192.00,286134272,392499200,114090264,95883264,18123768,2904,7449760,22132800,958,5151,5151,0,0,0,0,0,0,0,0,0.061,0.067,0.000,0,0,0,5151,5151,0,0
travel,24.462,587.0,543.548,543.548,fly,0.800,ok,2601,0,0,192.00,286134272,392499200,114090264,95883264,18123768,2904,7449760,22132800,958,5151,5151,0,0,0,0,0,0,0,0,0.062,0.065,0.000,0,0,0,5151,5151,0,0
travel,24.505,588.0,544.274,544.274,fly,0.944,ok,2601,0,0,192.00,282304512,388829184,114090264,95883264,18123768,2904,11174640,22132800,958,5252,5252,0,0,51,0,0,0,0,0,0.063,0.078,0.000,0,0,0,5252,5252,0,0
travel,24.535,588.7,544.789,544.789,fly,0.931,ok,2601,0,0,192.00,282304512,388829184,114090264,95883264,18123768,2904,11174640,22132800,958,5252,5252,0,0,0,0,0,0,0,0,0.070,0.108,0.000,0,0,0,5252,5252,0,0
travel,24.566,589.5,545.319,545.319,fly,0.802,ok,2601,0,0,192.00,282304512,388829184,114090264,95883264,18123768,2904,11174640,22132800,958,5252,5252,0,0,0,0,0,0,0,0,0.062,0.064,0.000,0,0,0,5252,5252,0,0
travel,24.598,590.2,545.849,545.849,fly,0.835,ok,2601,0,0,192.00,282304512,388829184,114090264,95883264,18123768,2904,11174640,22132800,958,5252,5252,0,0,0,0,0,0,0,0,0.062,0.072,0.000,0,0,0,5252,5252,0,0
travel,24.628,591.0,546.365,546.365,fly,0.796,ok,2601,0,0,192.00,282304512,388829184,114090264,95883264,18123768,2904,11174640,22132800,958,5252,5252,0,0,0,0,0,0,0,0,0.062,0.062,0.000,0,0,0,5252,5252,0,0
travel,24.659,591.7,546.888,546.888,fly,0.876,ok,2601,0,0,192.00,282304512,388829184,114090264,95883264,18123768,2904,11174640,22132800,958,5252,5252,0,0,0,0,0,0,0,0,0.066,0.079,0.000,0,0,0,5252,5252,0,0
travel,24.690,592.4,547.412,547.412,fly,1.324,ok,2601,0,0,192.00,282304512,388829184,114090264,95883264,18123768,2904,7449760,22132800,958,5252,5252,0,0,0,0,0,0,0,0,0.148,0.134,0.000,0,0,0,5252,5252,0,0
travel,24.721,593.2,547.939,547.939,fly,1.009,ok,2601,0,0,192.00,282304512,388829184,114090264,95883264,18123768,2904,7449760,22132800,958,5252,5252,0,0,0,0,0,0,0,0,0.268,0.066,0.000,0,0,0,5252,5252,0,0
travel,24.753,594.0,548.492,548.492,fly,0.807,ok,2601,0,0,192.00,282304512,388829184,114090264,95883264,18123768,2904,7449760,22132800,958,5252,5252,0,0,0,0,0,0,0,0,0.061,0.066,0.000,0,0,0,5252,5252,0,0
travel,24.784,594.7,549.008,549.008,fly,1.158,ok,2601,0,0,192.00,282304512,388829184,114090264,95883264,18123768,2904,7449760,22132800,958,5252,5252,0,0,0,0,0,0,0,0,0.141,0.188,0.000,0,0,0,5252,5252,0,0
travel,24.815,595.4,549.536,549.536,fly,0.797,ok,2601,0,0,192.00,282304512,388829184,114090264,95883264,18123768,2904,7449760,22132800,958,5252,5252,0,0,0,0,0,0,0,0,0.061,0.065,0.000,0,0,0,5252,5252,0,0
travel,24.846,596.2,550.065,550.065,fly,0.800,ok,2601,0,0,192.00,282304512,388829184,114090264,95883264,18123768,2904,7449760,22132800,958,5252,5252,0,0,0,0,0,0,0,0,0.060,0.064,0.000,0,0,0,5252,5252,0,0
travel,24.877,596.9,550.586,550.586,fly,0.988,ok,2601,0,0,192.00,282304512,388829184,114090264,95883264,18123768,2904,7449760,22132800,958,5252,5252,0,0,0,0,0,0,0,0,0.072,0.125,0.000,0,0,0,5252,5252,0,0
travel,24.907,597.7,551.105,551.105,fly,0.823,ok,2601,0,0,192.00,282304512,388829184,114090264,95883264,18123768,2904,7449760,22132800,958,5252,5252,0,0,0,0,0,0,0,0,0.060,0.068,0.000,0,0,0,5252,5252,0,0
travel,24.938,598.4,551.627,551.627,fly,1.178,ok,2601,0,0,192.00,282304512,388829184,114090264,95883264,18123768,2904,7449760,22132800,958,5252,5252,0,0,0,0,0,0,0,0,0.147,0.122,0.000,0,0,0,5252,5252,0,0
travel,24.979,599.4,552.315,552.315,fly,0.830,ok,2601,0,0,192.00,282578944,388829184,114090264,95883264,18123768,2904,11174640,22132800,958,5353,5353,0,0,0,0,0,0,0,0,0.062,0.071,0.000,0,0,0,5353,5353,0,0
travel,25.010,600.1,552.836,552.836,fly,0.806,ok,2601,0,0,192.00,282578944,388829184,114090264,95883264,18123768,2904,11174640,22132800,958,5353,5353,0,0,0,0,0,0,0,0,0.065,0.064,0.000,0,0,0,5353,5353,0,0
travel,25.040,600.8,553.360,553.360,fly,0.819,ok,2601,0,0,192.00,282578944,388829184,114090264,95883264,18123768,2904,11174640,22132800,958,5353,5353,0,0,0,0,0,0,0,0,0.062,0.070,0.000,0,0,0,5353,5353,0,0
travel,25.071,601.6,553.878,553.878,fly,0.991,ok,2601,0,0,192.00,282578944,388829184,114090264,95883264,18123768,2904,11174640,22132800,958,5353,5353,0,0,0,0,0,0,0,0,0.071,0.103,0.000,0,0,0,5353,5353,0,0
travel,25.102,602.3,554.405,554.405,fly,1.050,ok,2601,0,0,192.00,282578944,388829184,114090264,95883264,18123768,2904,11174640,22132800,958,5353,5353,0,0,0,0,0,0,0,0,0.308,0.065,0.000,0,0,0,5353,5353,0,0
travel,25.134,603.1,554.941,554.941,fly,1.203,ok,2601,0,0,192.00,282578944,388829184,114090264,95883264,18123768,2904,11174640,22132800,958,5353,5353,0,0,0,0,0,0,0,0,0.072,0.131,0.000,0,0,0,5353,5353,0,0
travel,25.164,603.8,555.461,555.461,fly,1.026,ok,2601,0,0,192.00,282578944,388829184,114090264,95883264,18123768,2904,7449760,22132800,958,5353,5353,0,0,0,0,0,0,0,0,0.072,0.133,0.000,0,0,0,5353,5353,0,0
travel,25.196,604.6,555.993,555.993,fly,0.819,ok,2601,0,0,192.00,282578944,388829184,114090264,95883264,18123768,2904,7449760,22132800,958,5353,5353,0,0,0,0,0,0,0,0,0.062,0.071,0.000,0,0,0,5353,5353,0,0
travel,25.227,605.3,556.520,556.520,fly,0.825,ok,2601,0,0,192.00,282578944,388829184,114090264,95883264,18123768,2904,7449760,22132800,958,5353,5353,0,0,0,0,0,0,0,0,0.061,0.072,0.000,0,0,0,5353,5353,0,0
travel,25.257,606.0,557.040,557.040,fly,0.805,ok,2601,0,0,192.00,282578944,388829184,114090264,95883264,18123768,2904,7449760,22132800,958,5353,5353,0,0,0,0,0,0,0,0,0.060,0.068,0.000,0,0,0,5353,5353,0,0
travel,25.288,606.8,557.568,557.568,fly,0.796,ok,2601,0,0,192.00,282578944,388829184,114090264,95883264,18123768,2904,7449760,22132800,958,5353,5353,0,0,0,0,0,0,0,0,0.060,0.066,0.000,0,0,0,5353,5353,0,0
travel,25.319,607.5,558.083,558.083,fly,1.196,ok,2601,0,0,192.00,282578944,388829184,114090264,95883264,18123768,2904,7449760,22132800,958,5353,5353,0,0,0,0,0,0,0,0,0.118,0.146,0.000,0,0,0,5353,5353,0,0
travel,25.350,608.3,558.605,558.605,fly,0.797,ok,2601,0,0,192.00,282578944,388829184,114090264,95883264,18123768,2904,7449760,22132800,958,5353,5353,0,0,0,0,0,0,0,0,0.060,0.064,0.000,0,0,0,5353,5353,0,0
travel,25.381,609.0,559.140,559.140,fly,0.825,ok,2601,0,0,192.00,282578944,388829184,114090264,95883264,18123768,2904,7449760,22132800,958,5353,5353,0,0,0,0,0,0,0,0,0.062,0.072,0.000,0,0,0,5353,5353,0,0
travel,25.412,609.7,559.655,559.655,fly,0.799,ok,2601,0,0,192.00,282578944,388829184,114090264,95883264,18123768,2904,7449760,22132800,958,5353,5353,0,0,0,0,0,0,0,0,0.061,0.066,0.000,0,0,0,5353,5353,0,0
travel,25.455,610.8,560.394,560.394,fly,0.871,ok,2601,0,0,192.00,282578944,388829184,114090264,95883264,18123768,2904,11174640,22132800,958,5454,5454,0,0,0,0,0,0,0,0,0.064,0.077,0.000,0,0,0,5454,5454,0,0
travel,25.485,611.5,560.909,560.909,fly,0.804,ok,2601,0,0,192.00,282578944,388829184,114090264,95883264,18123768,2904,11174640,22132800,958,5454,5454,0,0,0,0,0,0,0,0,0.062,0.064,0.000,0,0,0,5454,5454,0,0
travel,25.516,612.3,561.431,561.431,fly,0.800,ok,2601,0,0,192.00,282578944,388829184,114090264,95883264,18123768,2904,11174640,22132800,958,5454,5454,0,0,0,0,0,0,0,0,0.062,0.062,0.000,0,0,0,5454,5454,0,0
travel,25.549,613.0,561.981,561.981,fly,0.806,ok,2601,0,0,192.00,282578944,388829184,114090264,95883264,18123768,2904,11174640,22132800,958,5454,5454,0,0,0,0,0,0,0,0,0.062,0.067,0.000,0,0,0,5454,5454,0,0
travel,25.579,613.8,562.499,562.499,fly,0.827,ok,2601,0,0,192.00,282578944,388829184,114090264,95883264,18123768,2904,11174640,22132800,958,5454,5454,0,0,0,0,0,0,0,0,0.072,0.069,0.000,0,0,0,5454,5454,0,0
travel,25.611,614.5,563.032,563.032,fly,0.792,ok,2601,0,0,192.00,282578944,388829184,114090264,95883264,18123768,2904,11174640,22132800,958,5454,5454,0,0,0,0,0,0,0,0,0.061,0.062,0.000,0,0,0,5454,5454,0,0
travel,25.642,615.3,563.558,563.558,fly,0.803,ok,2601,0,0,192.00,282578944,388829184,114090264,95883264,18123768,2904,7449760,22132800,958,5454,5454,0,0,0,0,0,0,0,0,0.061,0.064,0.000,0,0,0,5454,5454,0,0
travel,25.672,616.0,564.074,564.074,fly,0.799,ok,2601,0,0,192.00,282578944,388829184,114090264,95883264,18123768,2904,7449760,22132800,958,5454,5454,0,0,0,0,0,0,0,0,0.062,0.066,0.000,0,0,0,5454,5454,0,0
travel,25.704,616.8,564.612,564.612,fly,0.805,ok,2601,0,0,192.00,282578944,388829184,114090264,95883264,18123768,2904,7449760,22132800,958,5454,5454,0,0,0,0,0,0,0,0,0.060,0.065,0.000,0,0,0,5454,5454,0,0
travel,25.735,617.5,565.137,565.137,fly,0.806,ok,2601,0,0,192.00,282578944,388829184,114090264,95883264,18123768,2904,7449760,22132800,958,5454,5454,0,0,0,0,0,0,0,0,0.062,0.066,0.000,0,0,0,5454,5454,0,0
travel,25.765,618.2,565.651,565.651,fly,0.886,ok,2601,0,0,192.00,282578944,388829184,114090264,95883264,18123768,2904,7449760,22132800,958,5454,5454,0,0,0,0,0,0,0,0,0.151,0.064,0.000,0,0,0,5454,5454,0,0
travel,25.795,619.0,566.168,566.168,fly,0.813,ok,2601,0,0,192.00,282578944,388829184,114090264,95883264,18123768,2904,7449760,22132800,958,5454,5454,0,0,0,0,0,0,0,0,0.061,0.069,0.000,0,0,0,5454,5454,0,0
travel,25.826,619.7,566.692,566.692,fly,0.797,ok,2601,0,0,192.00,282578944,388829184,114090264,95883264,18123768,2904,7449760,22132800,958,5454,5454,0,0,0,0,0,0,0,0,0.061,0.066,0.000,0,0,0,5454,5454,0,0
travel,25.858,620.5,567.225,567.225,fly,0.794,ok,2601,0,0,192.00,282578944,388829184,114090264,95883264,18123768,2904,7449760,22132800,958,5454,5454,0,0,0,0,0,0,0,0,0.061,0.065,0.000,0,0,0,5454,5454,0,0
travel,25.889,621.2,567.749,567.749,fly,0.801,ok,2601,0,0,192.00,282578944,388829184,114090264,95883264,18123768,2904,7449760,22132800,958,5454,5454,0,0,0,0,0,0,0,0,0.061,0.065,0.000,0,0,0,5454,5454,0,0
travel,25.932,622.2,568.484,568.484,fly,0.801,ok,2601,0,0,192.00,281239552,390864896,114090264,95883264,18123768,2904,11174640,22132800,958,5555,5555,0,0,0,0,0,0,0,0,0.062,0.064,0.000,0,0,0,5555,5555,0,0
travel,25.963,623.0,569.004,569.004,fly,0.880,ok,2601,0,0,192.00,281239552,390864896,114090264,95883264,18123768,2904,11174640,22132800,958,5555,5555,0,0,0,0,0,0,0,0,0.062,0.090,0.000,0,0,0,5555,5555,0,0
travel,25.994,623.7,569.528,569.528,fly,0.793,ok,2601,0,0,192.00,281239552,390864896,114090264,95883264,18123768,2904,11174640,22132800,958,5555,5555,0,0,0,0,0,0,0,0,0.061,0.064,0.000,0,0,0,5555,5555,0,0
travel,26.025,624.5,570.056,570.056,fly,0.880,ok,2601,0,0,192.00,281239552,390864896,114090264,95883264,18123768,2904,11174640,22132800,958,5555,5555,0,0,0,0,0,0,0,0,0.064,0.082,0.000,0,0,0,5555,5555,0,0
travel,26.055,625.2,570.573,570.573,fly,1.110,ok,2601,0,0,192.00,281239552,390864896,114090264,95883264,18123768,2904,11174640,22132800,958,5555,5555,0,0,0,0,0,0,0,0,0.086,0.120,0.000,0,0,0,5555,5555,0,0
travel,26.086,625.9,571.093,571.093,fly,0.805,ok,2601,0,0,192.00,281239552,390864896,114090264,95883264,18123768,2904,11174640,22132800,958,5555,5555,0,0,0,0,0,0,0,0,0.061,0.065,0.000,0,0,0,5555,5555,0,0
travel,26.116,626.7,571.612,571.612,fly,0.831,ok,2601,0,0,192.00,281239552,390864896,114090264,95883264,18123768,2904,7449760,22132800,958,5555,5555,0,0,0,0,0,0,0,0,0.062,0.070,0.000,0,0,0,5555,5555,0,0
travel,26.147,627.4,572.129,572.129,fly,0.873,ok,2601,0,0,192.00,281239552,390864896,114090264,95883264,18123768,2904,7449760,22132800,958,5555,5555,0,0,0,0,0,0,0,0,0.137,0.066,0.000,0,0,0,5555,5555,0,0
travel,26.178,628.1,572.656,572.656,fly,0.793,ok,2601,0,0,192.00,281239552,390864896,114090264,95883264,18123768,2904,7449760,22132800,958,5555,5555,0,0,0,0,0,0,0,0,0.061,0.063,0.000,0,0,0,5555,5555,0,0
travel,26.208,628.9,573.175,573.175,fly,0.816,ok,2601,0,0,192.00,281239552,390864896,114090264,95883264,18123768,2904,7449760,22132800,958,5555,5555,0,0,0,0,0,0,0,0,0.061,0.070,0.000,0,0,0,5555,5555,0,0
travel,26.239,629.6,573.699,573.699,fly,0.793,ok,2601,0,0,192.00,281239552,390864896,114090264,95883264,18123768,2904,7449760,22132800,958,5555,5555,0,0,0,0,0,0,0,0,0.060,0.065,0.000,0,0,0,5555,5555,0,0
travel,26.270,630.4,574.225,574.225,fly,0.859,ok,2601,0,0,192.00,281239552,390864896,114090264,95883264,18123768,2904,7449760,22132800,958,5555,5555,0,0,0,0,0,0,0,0,0.063,0.081,0.000,0,0,0,5555,5555,0,0
travel,26.301,631.1,574.739,574.739,fly,0.847,ok,2601,0,0,192.00,281239552,390864896,114090264,95883264,18123768,2904,7449760,22132800,958,5555,5555,0,0,0,0,0,0,0,0,0.061,0.071,0.000,0,0,0,5555,5555,0,0
travel,26.331,631.8,575.259,575.259,fly,0.804,ok,2601,0,0,192.00,281305088,390864896,114090264,95883264,18123768,2904,7449760,22132800,958,5555,5555,0,0,0,0,0,0,0,0,0.061,0.068,0.000,0,0,0,5555,5555,0,0
travel,26.362,632.6,575.784,575.784,fly,0.794,ok,2601,0,0,192.00,281305088,390864896,114090264,95883264,18123768,2904,7449760,22132800,958,5555,5555,0,0,0,0,0,0,0,0,0.061,0.063,0.000,0,0,0,5555,5555,0,0
travel,26.404,633.6,576.496,576.496,fly,0.828,ok,2601,0,0,192.00,281956352,390864896,114090264,95883264,18123768,2904,11174640,22132800,958,5656,5656,0,0,0,0,0,0,0,0,0.062,0.070,0.000,0,0,0,5656,5656,0,0
travel,26.435,634.3,577.013,577.013,fly,0.883,ok,2601,0,0,192.00,281956352,390864896,114090264,95883264,18123768,2904,11174640,22132800,958,5656,5656,0,0,0,0,0,0,0,0,0.063,0.073,0.000,0,0,0,5656,5656,0,0
travel,26.466,635.1,577.549,577.549,fly,0.799,ok,2601,0,0,192.00,281956352,390864896,114090264,95883264,18123768,2904,11174640,22132800,958,5656,5656,0,0,0,0,0,0,0,0,0.062,0.066,0.000,0,0,0,5656,5656,0,0
travel,26.498,635.8,578.081,578.081,fly,0.960,ok,2601,0,0,192.00,281956352,390864896,114090264,95883264,18123768,2904,11174640,22132800,958,5656,5656,0,0,0,0,0,0,0,0,0.066,0.098,0.000,0,0,0,5656,5656,0,0
travel,26.528,636.5,578.597,578.597,fly,0.796,ok,2601,0,0,192.00,281956352,390864896,114090264,95883264,18123768,2904,11174640,22132800,958,5656,5656,0,0,0,0,0,0,0,0,0.061,0.063,0.000,0,0,0,5656,5656,0,0
travel,26.559,637.3,579.119,579.119,fly,0.803,ok,2601,0,0,192.00,281956352,390864896,114090264,95883264,18123768,2904,7449760,22132800,958,5656,5656,0,0,0,0,0,0,0,0,0.062,0.067,0.000,0,0,0,5656,5656,0,0
travel,26.589,638.0,579.636,579.636,fly,0.873,ok,2601,0,0,192.00,281956352,390864896,114090264,95883264,18123768,2904,7449760,22132800,958,5656,5656,0,0,0,0,0,0,0,0,0.071,0.089,0.000,0,0,0,5656,5656,0,0
travel,26.620,638.7,580.156,580.156,fly,0.801,ok,2601,0,0,192.00,281956352,390864896,114090264,95883264,18123768,2904,7449760,22132800,958,5656,5656,0,0,0,0,0,0,0,0,0.060,0.066,0.000,0,0,0,5656,5656,0,0
travel,26.651,639.5,580.685,580.685,fly,0.826,ok,2601,0,0,192.00,281956352,390864896,114090264,95883264,18123768,2904,7449760,22132800,958,5656,5656,0,0,0,0,0,0,0,0,0.062,0.072,0.000,0,0,0,5656,5656,0,0
travel,26.682,640.2,581.206,581.206,fly,0.937,ok,2601,0,0,192.00,281956352,390864896,114090264,95883264,18123768,2904,7449760,22132800,958,5656,5656,0,0,0,0,0,0,0,0,0.138,0.120,0.000,0,0,0,5656,5656,0,0
travel,26.713,641.0,581.737,581.737,fly,0.794,ok,2601,0,0,192.00,281956352,390864896,114090264,95883264,18123768,2904,7449760,22132800,958,5656,5656,0,0,0,0,0,0,0,0,0.060,0.063,0.000,0,0,0,5656,5656,0,0
travel,26.744,641.7,582.267,582.267,fly,1.159,ok,2601,0,0,192.00,281956352,390864896,114090264,95883264,18123768,2904,7449760,22132800,958,5656,5656,0,0,0,0,0,0,0,0,0.146,0.149,0.000,0,0,0,5656,5656,0,0
travel,26.776,642.5,582.797,582.797,fly,0.806,ok,2601,0,0,192.00,281956352,390864896,114090264,95883264,18123768,2904,7449760,22132800,958,5656,5656,0,0,0,0,0,0,0,0,0.059,0.066,0.000,0,0,0,5656,5656,0,0
travel,26.807,643.2,583.325,583.325,fly,0.830,ok,2601,0,0,192.00,281956352,390864896,114090264,95883264,18123768,2904,7449760,22132800,958,5656,5656,0,0,0,0,0,0,0,0,0.072,0.074,0.000,0,0,0,5656,5656,0,0
travel,26.838,644.0,583.848,583.848,fly,0.805,ok,2601,0,0,192.00,281956352,390864896,114090264,95883264,18123768,2904,7449760,22132800,958,5656,5656,0,0,0,0,0,0,0,0,0.061,0.068,0.000,0,0,0,5656,5656,0,0
travel,26.880,645.0,584.565,584.565,fly,0.811,ok,2601,0,0,192.00,281956352,390864896,114090264,95883264,18123768,2904,11174640,22132800,958,5757,5757,0,0,0,0,0,0,0,0,0.061,0.068,0.000,0,0,0,5757,5757,0,0
travel,26.910,645.7,585.081,585.081,fly,0.813,ok,2601,0,0,192.00,281956352,390864896,114090264,95883264,18123768,2904,11174640,22132800,958,5757,5757,0,0,0,0,0,0,0,0,0.062,0.065,0.000,0,0,0,5757,5757,0,0
travel,26.942,646.5,585.617,585.617,fly,0.799,ok,2601,0,0,192.00,281956352,390864896,114090264,95883264,18123768,2904,11174640,22132800,958,5757,5757,0,0,0,0,0,0,0,0,0.062,0.067,0.000,0,0,0,5757,5757,0,0
travel,26.972,647.2,586.130,586.130,fly,1.278,ok,2601,0,0,192.00,281956352,390864896,114090264,95883264,18123768,2904,11174640,22132800,958,5757,5757,0,0,0,0,0,0,0,0,0.151,0.149,0.000,0,0,0,5757,5757,0,0
travel,27.004,647.9,586.663,586.663,fly,0.803,ok,2601,0,0,192.00,281956352,390864896,114090264,95883264,18123768,2904,11174640,22132800,958,5757,5757,0,0,0,0,0,0,0,0,0.061,0.065,0.000,0,0,0,5757,5757,0,0
travel,27.035,648.7,587.196,587.196,fly,0.801,ok,2601,0,0,192.00,281956352,390864896,114090264,95883264,18123768,2904,11174640,22132800,958,5757,5757,0,0,0,0,0,0,0,0,0.061,0.067,0.000,0,0,0,5757,5757,0,0
travel,27.066,649.4,587.714,587.714,fly,0.803,ok,2601,0,0,192.00,281956352,390864896,114090264,95883264,18123768,2904,7449760,22132800,958,5757,5757,0,0,0,0,0,0,0,0,0.062,0.066,0.000,0,0,0,5757,5757,0,0
travel,27.097,650.2,588.242,588.242,fly,0.819,ok,2601,0,0,192.00,281956352,390864896,114090264,95883264,18123768,2904,7449760,22132800,958,5757,5757,0,0,0,0,0,0,0,0,0.062,0.067,0.000,0,0,0,5757,5757,0,0
travel,27.127,650.9,588.765,588.765,fly,0.986,ok,2601,0,0,192.00,281956352,390864896,114090264,95883264,18123768,2904,7449760,22132800,958,5757,5757,0,0,0,0,0,0,0,0,0.074,0.112,0.000,0,0,0,5757,5757,0,0
travel,27.158,651.6,589.279,589.279,fly,0.896,ok,2601,0,0,192.00,281956352,390864896,114090264,95883264,18123768,2904,7449760,22132800,958,5757,5757,0,0,0,0,0,0,0,0,0.061,0.133,0.000,0,0,0,5757,5757,0,0
travel,27.189,652.4,589.804,589.804,fly,0.799,ok,2601,0,0,192.00,281956352,390864896,114090264,95883264,18123768,2904,7449760,22132800,958,5757,5757,0,0,0,0,0,0,0,0,0.059,0.064,0.000,0,0,0,5757,5757,0,0
travel,27.220,653.1,590.336,590.336,fly,0.925,ok,2601,0,0,192.00,281956352,390864896,114090264,95883264,18123768,2904,7449760,22132800,958,5757,5757,0,0,0,0,0,0,0,0,0.069,0.159,0.000,0,0,0,5757,5757,0,0
travel,27.252,653.9,590.878,590.878,fly,1.171,ok,2601,0,0,192.00,281956352,390864896,114090264,95883264,18123768,2904,7449760,22132800,958,5757,5757,0,0,0,0,0,0,0,0,0.068,0.114,0.000,0,0,0,5757,5757,0,0
travel,27.284,654.7,591.418,591.418,fly,0.804,ok,2601,0,0,192.00,281956352,390864896,114090264,95883264,18123768,2904,7449760,22132800,958,5757,5757,0,0,0,0,0,0,0,0,0.060,0.068,0.000,0,0,0,5757,5757,0,0
travel,27.314,655.4,591.936,591.936,fly,0.823,ok,2601,0,0,192.00,281956352,390864896,114090264,95883264,18123768,2904,7449760,22132800,958,5757,5757,0,0,0,0,0,0,0,0,0.061,0.070,0.000,0,0,0,5757,5757,0,0
travel,27.357,656.4,592.657,592.657,fly,0.815,ok,2601,0,0,192.00,279916544,389357568,114090264,95883264,18123768,2904,11174640,22132800,958,5858,5858,0,0,0,0,0,0,0,0,0.062,0.069,0.000,0,0,0,5858,5858,0,0
travel,27.387,657.1,593.172,593.172,fly,0.799,ok,2601,0,0,192.00,279916544,389357568,114090264,95883264,18123768,2904,11174640,22132800,958,5858,5858,0,0,0,0,0,0,0,0,0.062,0.066,0.000,0,0,0,5858,5858,0,0
travel,27.418,657.9,593.699,593.699,fly,0.804,ok,2601,0,0,192.00,279916544,389357568,114090264,95883264,18123768,2904,11174640,22132800,958,5858,5858,0,0,0,0,0,0,0,0,0.061,0.066,0.000,0,0,0,5858,5858,0,0
travel,27.450,658.6,594.227,594.227,fly,1.092,ok,2601,0,0,192.00,279916544,389357568,114090264,95883264,18123768,2904,11174640,22132800,958,5858,5858,0,0,0,0,0,0,0,0,0.177,0.118,0.000,0,0,0,5858,5858,0,0
travel,27.480,659.4,594.745,594.745,fly,0.835,ok,2601,0,0,192.00,279916544,389357568,114090264,95883264,18123768,2904,11174640,22132800,958,5858,5858,0,0,0,0,0,0,0,0,0.061,0.071,0.000,0,0,0,5858,5858,0,0
travel,27.511,660.1,595.274,595.274,fly,0.806,ok,2601,0,0,192.00,279916544,389357568,114090264,95883264,18123768,2904,7449760,22132800,958,5858,5858,0,0,0,0,0,0,0,0,0.061,0.067,0.000,0,0,0,5858,5858,0,0
travel,27.542,660.9,595.800,595.800,fly,0.896,ok,2601,0,0,192.00,279916544,389357568,114090264,95883264,18123768,2904,7449760,22132800,958,5858,5858,0,0,0,0,0,0,0,0,0.060,0.161,0.000,0,0,0,5858,5858,0,0
travel,27.574,661.6,596.331,596.331,fly,0.836,ok,2601,0,0,192.00,279916544,389357568,114090264,95883264,18123768,2904,7449760,22132800,958,5858,5858,0,0,0,0,0,0,0,0,0.062,0.072,0.000,0,0,0,5858,5858,0,0
travel,27.604,662.4,596.854,596.854,fly,0.808,ok,2601,0,0,192.00,279916544,389357568,114090264,95883264,18123768,2904,7449760,22132800,958,5858,5858,0,0,0,0,0,0,0,0,0.064,0.069,0.000,0,0,0,5858,5858,0,0
travel,27.635,663.1,597.371,597.371,fly,0.797,ok,2601,0,0,192.00,279916544,389357568,114090264,95883264,18123768,2904,7449760,22132800,958,5858,5858,0,0,0,0,0,0,0,0,0.061,0.063,0.000,0,0,0,5858,5858,0,0
travel,27.666,663.8,597.899,597.899,fly,0.855,ok,2601,0,0,192.00,279916544,389357568,114090264,95883264,18123768,2904,7449760,22132800,958,5858,5858,0,0,0,0,0,0,0,0,0.061,0.074,0.000,0,0,0,5858,5858,0,0
travel,27.696,664.6,598.416,598.416,fly,1.029,ok,2601,0,0,192.00,279916544,389357568,114090264,95883264,18123768,2904,7449760,22132800,958,5858,5858,0,0,0,0,0,0,0,0,0.140,0.110,0.000,0,0,0,5858,5858,0,0
travel,27.727,665.3,598.935,598.935,fly,0.807,ok,2601,0,0,192.00,279916544,389357568,114090264,95883264,18123768,2904,7449760,22132800,958,5858,5858,0,0,0,0,0,0,0,0,0.061,0.066,0.000,0,0,0,5858,5858,0,0
travel,27.758,666.0,599.460,599.460,fly,0.804,ok,2601,0,0,192.00,279916544,389357568,114090264,95883264,18123768,2904,7449760,22132800,958,5858,5858,0,0,0,0,0,0,0,0,0.060,0.067,0.000,0,0,0,5858,5858,0,0
travel,27.788,666.8,599.977,599.977,fly,0.795,ok,2601,0,0,192.00,279916544,389357568,114090264,95883264,18123768,2904,7449760,22132800,958,5858,5858,0,0,0,0,0,0,0,0,0.060,0.063,0.000,0,0,0,5858,5858,0,0
travel,27.832,667.8,600.719,600.719,fly,0.816,ok,2601,0,0,192.00,280715264,390406144,114090264,95883264,18123768,2904,11174640,22132800,958,5959,5959,0,0,0,0,0,0,0,0,0.063,0.069,0.000,0,0,0,5959,5959,0,0
travel,27.863,668.5,601.236,601.236,fly,0.803,ok,2601,0,0,192.00,280715264,390406144,114090264,95883264,18123768,2904,11174640,22132800,958,5959,5959,0,0,0,0,0,0,0,0,0.062,0.063,0.000,0,0,0,5959,5959,0,0
travel,27.894,669.3,601.760,601.760,fly,0.807,ok,2601,0,0,192.00,280715264,390406144,114090264,95883264,18123768,2904,11174640,22132800,958,5959,5959,0,0,0,0,0,0,0,0,0.062,0.067,0.000,0,0,0,5959,5959,0,0
travel,27.924,670.0,602.273,602.273,fly,1.352,ok,2601,0,0,192.00,280715264,390406144,114090264,95883264,18123768,2904,11174640,22132800,958,5959,5959,0,0,0,0,0,0,0,0,0.317,0.118,0.000,0,0,0,5959,5959,0,0
travel,27.955,670.8,602.804,602.804,fly,0.810,ok,2601,0,0,192.00,280715264,390406144,114090264,95883264,18123768,2904,11174640,22132800,958,5959,5959,0,0,0,0,0,0,0,0,0.061,0.064,0.000,0,0,0,5959,5959,0,0
travel,27.986,671.5,603.332,603.332,fly,0.812,ok,2601,0,0,192.00,280715264,390406144,114090264,95883264,18123768,2904,7449760,22132800,958,5959,5959,0,0,0,0,0,0,0,0,0.062,0.068,0.000,0,0,0,5959,5959,0,0
travel,28.016,672.2,603.844,603.844,fly,0.804,ok,2601,0,0,192.00,280715264,390406144,114090264,95883264,18123768,2904,7449760,22132800,958,5959,5959,0,0,0,0,0,0,0,0,0.060,0.066,0.000,0,0,0,5959,5959,0,0
travel,28.048,673.0,604.376,604.376,fly,0.800,ok,2601,0,0,192.00,280715264,390406144,114090264,95883264,18123768,2904,7449760,22132800,958,5959,5959,0,0,0,0,0,0,0,0,0.060,0.063,0.000,0,0,0,5959,5959,0,0
travel,28.079,673.7,604.907,604.907,fly,1.179,ok,2601,0,0,192.00,280715264,390406144,114090264,95883264,18123768,2904,7449760,22132800,958,5959,5959,0,0,0,0,0,0,0,0,0.076,0.128,0.000,0,0,0,5959,5959,0,0
travel,28.111,674.5,605.456,605.456,fly,0.829,ok,2601,0,0,192.00,280715264,390406144,114090264,95883264,18123768,2904,7449760,22132800,958,5959,5959,0,0,0,0,0,0,0,0,0.062,0.068,0.000,0,0,0,5959,5959,0,0
travel,28.143,675.3,605.985,605.985,fly,0.806,ok,2601,0,0,192.00,280715264,390406144,114090264,95883264,18123768,2904,7449760,22132800,958,5959,5959,0,0,0,0,0,0,0,0,0.061,0.067,0.000,0,0,0,5959,5959,0,0
travel,28.174,676.0,606.525,606.525,fly,0.831,ok,2601,0,0,192.00,280715264,390406144,114090264,95883264,18123768,2904,7449760,22132800,958,5959,5959,0,0,0,0,0,0,0,0,0.062,0.071,0.000,0,0,0,5959,5959,0,0
travel,28.205,676.8,607.040,607.040,fly,0.832,ok,2601,0,0,192.00,280715264,390406144,114090264,95883264,18123768,2904,7449760,22132800,958,5959,5959,0,0,0,0,0,0,0,0,0.061,0.070,0.000,0,0,0,5959,5959,0,0
travel,28.236,677.5,607.573,607.573,fly,0.804,ok,2601,0,0,192.00,280715264,390406144,114090264,95883264,18123768,2904,7449760,22132800,958,5959,5959,0,0,0,0,0,0,0,0,0.060,0.068,0.000,0,0,0,5959,5959,0,0
travel,28.275,678.4,608.226,608.226,fly,0.825,ok,2601,0,55,192.00,281251840,390406144,114090264,95883264,18123768,2904,11174640,19315200,958,6060,6060,0,0,12,0,0,0,0,0,0.062,0.066,0.000,0,0,0,6060,6060,0,0
travel,28.306,679.2,608.761,608.761,fly,0.811,ok,2601,0,0,192.00,281251840,390406144,114090264,95883264,18123768,2904,11174640,22132800,958,6060,6060,0,0,0,0,0,0,0,0,0.062,0.065,0.000,0,0,0,6060,6060,0,0
travel,28.337,679.9,609.278,609.278,fly,0.807,ok,2601,0,0,192.00,281251840,390406144,114090264,95883264,18123768,2904,11174640,22132800,958,6060,6060,0,0,0,0,0,0,0,0,0.061,0.066,0.000,0,0,0,6060,6060,0,0
travel,28.368,680.7,609.812,609.812,fly,0.839,ok,2601,0,0,192.00,281251840,390406144,114090264,95883264,18123768,2904,11174640,22132800,958,6060,6060,0,0,0,0,0,0,0,0,0.062,0.073,0.000,0,0,0,6060,6060,0,0
travel,28.399,681.4,610.341,610.341,fly,0.853,ok,2601,0,0,192.00,281251840,390406144,114090264,95883264,18123768,2904,11174640,22132800,958,6060,6060,0,0,0,0,0,0,0,0,0.062,0.076,0.000,0,0,0,6060,6060,0,0
travel,28.430,682.2,610.857,610.857,fly,0.810,ok,2601,0,0,192.00,281251840,390406144,114090264,95883264,18123768,2904,11174640,22132800,958,6060,6060,0,0,0,0,0,0,0,0,0.061,0.068,0.000,0,0,0,6060,6060,0,0
travel,28.461,682.9,611.381,611.381,fly,0.813,ok,2601,0,0,192.00,281251840,390406144,114090264,95883264,18123768,2904,7449760,22132800,958,6060,6060,0,0,0,0,0,0,0,0,0.061,0.069,0.000,0,0,0,6060,6060,0,0
travel,28.491,683.6,611.896,611.896,fly,0.799,ok,2601,0,0,192.00,281251840,390406144,114090264,95883264,18123768,2904,7449760,22132800,958,6060,6060,0,0,0,0,0,0,0,0,0.060,0.065,0.000,0,0,0,6060,6060,0,0
travel,28.522,684.4,612.421,612.421,fly,0.804,ok,2601,0,0,192.00,281251840,390406144,114090264,95883264,18123768,2904,7449760,22132800,958,6060,6060,0,0,0,0,0,0,0,0,0.060,0.066,0.000,0,0,0,6060,6060,0,0
travel,28.553,685.1,612.939,612.939,fly,1.179,ok,2601,0,0,192.00,281251840,390406144,114090264,95883264,18123768,2904,7449760,22132800,958,6060,6060,0,0,0,0,0,0,0,0,0.150,0.135,0.000,0,0,0,6060,6060,0,0
travel,28.584,685.8,613.467,613.467,fly,0.807,ok,2601,0,0,192.00,280125440,389226496,114090264,95883264,18123768,2904,7449760,22132800,958,6060,6060,0,0,0,0,0,0,0,0,0.061,0.064,0.000,0,0,0,6060,6060,0,0
travel,28.616,686.6,614.008,614.008,fly,0.872,ok,2601,0,0,192.00,280125440,389226496,114090264,95883264,18123768,2904,7449760,22132800,958,6060,6060,0,0,0,0,0,0,0,0,0.062,0.066,0.000,0,0,0,6060,6060,0,0
travel,28.647,687.4,614.536,614.536,fly,1.245,ok,2601,0,0,192.00,280125440,389226496,114090264,95883264,18123768,2904,7449760,22132800,958,6060,6060,0,0,0,0,0,0,0,0,0.143,0.126,0.000,0,0,0,6060,6060,0,0
travel,28.678,688.1,615.063,615.063,fly,0.873,ok,2601,0,0,192.00,280125440,389226496,114090264,95883264,18123768,2904,7449760,22132800,958,6060,6060,0,0,0,0,0,0,0,0,0.062,0.069,0.000,0,0,0,6060,6060,0,0
travel,28.709,688.9,615.598,615.598,fly,0.799,ok,2601,0,0,192.00,280125440,389226496,114090264,95883264,18123768,2904,7449760,22132800,958,6060,6060,0,0,0,0,0,0,0,0,0.061,0.064,0.000,0,0,0,6060,6060,0,0
travel,28.751,689.9,616.308,616.308,fly,0.902,ok,2601,0,0,192.00,280522752,391917568,114090264,95883264,18123768,2904,11174640,22132800,958,6161,6161,0,0,0,0,0,0,0,0,0.067,0.093,0.000,0,0,0,6161,6161,0,0
travel,28.783,690.6,616.841,616.841,fly,0.853,ok,2601,0,0,192.00,280522752,391917568,114090264,95883264,18123768,2904,11174640,22132800,958,6161,6161,0,0,0,0,0,0,0,0,0.064,0.075,0.000,0,0,0,6161,6161,0,0
travel,28.813,691.4,617.359,617.359,fly,0.800,ok,2601,0,0,192.00,280526848,391983104,114090264,95883264,18123768,2904,11174640,22132800,958,6161,6161,0,0,0,0,0,0,0,0,0.061,0.066,0.000,0,0,0,6161,6161,0,0
travel,28.844,692.1,617.885,617.885,fly,0.807,ok,2601,0,0,192.00,280526848,391983104,114090264,95883264,18123768,2904,11174640,22132800,958,6161,6161,0,0,0,0,0,0,0,0,0.062,0.064,0.000,0,0,0,6161,6161,0,0
travel,28.875,692.8,618.412,618.412,fly,0.856,ok,2601,0,0,192.00,280526848,391983104,114090264,95883264,18123768,2904,11174640,22132800,958,6161,6161,0,0,0,0,0,0,0,0,0.062,0.076,0.000,0,0,0,6161,6161,0,0
travel,28.905,693.6,618.924,618.924,fly,0.812,ok,2601,0,0,192.00,280526848,391983104,114090264,95883264,18123768,2904,11174640,22132800,958,6161,6161,0,0,0,0,0,0,0,0,0.062,0.067,0.000,0,0,0,6161,6161,0,0
travel,28.937,694.3,619.458,619.458,fly,0.809,ok,2601,0,0,192.00,280526848,391983104,114090264,95883264,18123768,2904,7449760,22132800,958,6161,6161,0,0,0,0,0,0,0,0,0.061,0.067,0.000,0,0,0,6161,6161,0,0
travel,28.968,695.1,619.984,619.984,fly,1.169,ok,2601,0,0,192.00,280526848,391983104,114090264,95883264,18123768,2904,7449760,22132800,958,6161,6161,0,0,0,0,0,0,0,0,0.077,0.148,0.000,0,0,0,6161,6161,0,0
travel,28.999,695.8,620.511,620.511,fly,0.815,ok,2601,0,0,192.00,280526848,391983104,114090264,95883264,18123768,2904,7449760,22132800,958,6161,6161,0,0,0,0,0,0,0,0,0.061,0.065,0.000,0,0,0,6161,6161,0,0
travel,29.030,696.5,621.035,621.035,fly,0.802,ok,2601,0,0,192.00,280526848,391983104,114090264,95883264,18123768,2904,7449760,22132800,958,6161,6161,0,0,0,0,0,0,0,0,0.061,0.064,0.000,0,0,0,6161,6161,0,0
travel,29.061,697.3,621.557,621.557,fly,0.800,ok,2601,0,0,192.00,280526848,391983104,114090264,95883264,18123768,2904,7449760,22132800,958,6161,6161,0,0,0,0,0,0,0,0,0.061,0.063,0.000,0,0,0,6161,6161,0,0
travel,29.092,698.0,622.090,622.090,fly,0.806,ok,2601,0,0,192.00,280526848,391983104,114090264,95883264,18123768,2904,7449760,22132800,958,6161,6161,0,0,0,0,0,0,0,0,0.061,0.066,0.000,0,0,0,6161,6161,0,0
travel,29.124,698.8,622.632,622.632,fly,0.805,ok,2601,0,0,192.00,280526848,391983104,114090264,95883264,18123768,2904,7449760,22132800,958,6161,6161,0,0,0,0,0,0,0,0,0.061,0.067,0.000,0,0,0,6161,6161,0,0
travel,29.155,699.5,623.154,623.154,fly,0.798,ok,2601,0,0,192.00,280526848,391983104,114090264,95883264,18123768,2904,7449760,22132800,958,6161,6161,0,0,0,0,0,0,0,0,0.060,0.063,0.000,0,0,0,6161,6161,0,0
travel,29.186,700.3,623.691,623.691,fly,0.803,ok,2601,0,0,192.00,280526848,391983104,114090264,95883264,18123768,2904,7449760,22132800,958,6161,6161,0,0,0,0,0,0,0,0,0.061,0.067,0.000,0,0,0,6161,6161,0,0
travel,29.227,701.3,624.372,624.372,fly,0.981,ok,2601,0,0,192.00,281341952,393031680,114090264,95883264,18123768,2904,11174640,22132800,958,6262,6262,0,0,0,0,0,0,0,0,0.238,0.059,0.000,0,0,0,6262,6262,0,0
travel,29.258,702.0,624.899,624.899,fly,0.840,ok,2601,0,0,192.00,281341952,393031680,114090264,95883264,18123768,2904,11174640,22132800,958,6262,6262,0,0,0,0,0,0,0,0,0.063,0.070,0.000,0,0,0,6262,6262,0,0
travel,29.288,702.8,625.421,625.421,fly,0.957,ok,2601,0,0,192.00,281341952,393031680,114090264,95883264,18123768,2904,11174640,22132800,958,6262,6262,0,0,0,0,0,0,0,0,0.071,0.154,0.000,0,0,0,6262,6262,0,0
travel,29.320,703.5,625.959,625.959,fly,0.875,ok,2601,0,0,192.00,281341952,393031680,114090264,95883264,18123768,2904,11174640,22132800,958,6262,6262,0,0,0,0,0,0,0,0,0.066,0.072,0.000,0,0,0,6262,6262,0,0
travel,29.351,704.2,626.478,626.478,fly,0.820,ok,2601,0,0,192.00,281341952,393031680,114090264,95883264,18123768,2904,11174640,22132800,958,6262,6262,0,0,0,0,0,0,0,0,0.061,0.069,0.000,0,0,0,6262,6262,0,0
travel,29.381,705.0,626.998,626.998,fly,0.797,ok,2601,0,0,192.00,281341952,393031680,114090264,95883264,18123768,2904,11174640,22132800,958,6262,6262,0,0,0,0,0,0,0,0,0.062,0.062,0.000,0,0,0,6262,6262,0,0
travel,29.412,705.7,627.522,627.522,fly,0.929,ok,2601,0,0,192.00,281341952,393031680,114090264,95883264,18123768,2904,7449760,22132800,958,6262,6262,0,0,0,0,0,0,0,0,0.065,0.085,0.000,0,0,0,6262,6262,0,0
travel,29.444,706.5,628.053,628.053,fly,1.439,ok,2601,0,0,192.00,281341952,393031680,114090264,95883264,18123768,2904,7449760,22132800,958,6262,6262,0,0,0,0,0,0,0,0,0.107,0.115,0.000,0,0,0,6262,6262,0,0
travel,29.474,707.2,628.577,628.577,fly,0.801,ok,2601,0,0,192.00,281341952,393031680,114090264,95883264,18123768,2904,7449760,22132800,958,6262,6262,0,0,0,0,0,0,0,0,0.061,0.063,0.000,0,0,0,6262,6262,0,0
travel,29.505,708.0,629.101,629.101,fly,0.808,ok,2601,0,0,192.00,281341952,393031680,114090264,95883264,18123768,2904,7449760,22132800,958,6262,6262,0,0,0,0,0,0,0,0,0.061,0.064,0.000,0,0,0,6262,6262,0,0
travel,29.536,708.7,629.620,629.620,fly,0.914,ok,2601,0,0,192.00,281341952,393031680,114090264,95883264,18123768,2904,7449760,22132800,958,6262,6262,0,0,0,0,0,0,0,0,0.067,0.111,0.000,0,0,0,6262,6262,0,0
travel,29.567,709.4,630.155,630.155,fly,0.836,ok,2601,0,0,192.00,281341952,393031680,114090264,95883264,18123768,2904,7449760,22132800,958,6262,6262,0,0,0,0,0,0,0,0,0.061,0.071,0.000,0,0,0,6262,6262,0,0
travel,29.598,710.2,630.677,630.677,fly,0.815,ok,2601,0,0,192.00,281341952,393031680,114090264,95883264,18123768,2904,7449760,22132800,958,6262,6262,0,0,0,0,0,0,0,0,0.061,0.068,0.000,0,0,0,6262,6262,0,0
travel,29.629,710.9,631.197,631.197,fly,0.844,ok,2601,0,0,192.00,281341952,393031680,114090264,95883264,18123768,2904,7449760,22132800,958,6262,6262,0,0,0,0,0,0,0,0,0.062,0.072,0.000,0,0,0,6262,6262,0,0
travel,29.660,711.7,631.724,631.724,fly,0.808,ok,2601,0,0,192.00,281341952,393031680,114090264,95883264,18123768,2904,7449760,22132800,958,6262,6262,0,0,0,0,0,0,0,0,0.061,0.066,0.000,0,0,0,6262,6262,0,0
travel,29.702,712.7,632.436,632.436,fly,0.886,ok,2601,0,0,192.00,282005504,394080256,114090264,95883264,18123768,2904,11174640,22132800,958,6363,6363,0,0,0,0,0,0,0,0,0.136,0.065,0.000,0,0,0,6363,6363,0,0
travel,29.734,713.4,632.977,632.977,fly,0.832,ok,2601,0,0,192.00,282005504,394080256,114090264,95883264,18123768,2904,11174640,22132800,958,6363,6363,0,0,0,0,0,0,0,0,0.061,0.071,0.000,0,0,0,6363,6363,0,0
travel,29.765,714.2,633.498,633.498,fly,1.236,ok,2601,0,0,192.00,282005504,394080256,114090264,95883264,18123768,2904,11174640,22132800,958,6363,6363,0,0,0,0,0,0,0,0,0.068,0.110,0.000,0,0,0,6363,6363,0,0
travel,29.796,714.9,634.031,634.031,fly,0.848,ok,2601,0,0,192.00,282005504,394080256,114090264,95883264,18123768,2904,11174640,22132800,958,6363,6363,0,0,0,0,0,0,0,0,0.066,0.075,0.000,0,0,0,6363,6363,0,0
travel,29.827,715.7,634.556,634.556,fly,0.805,ok,2601,0,0,192.00,282005504,394080256,114090264,95883264,18123768,2904,11174640,22132800,958,6363,6363,0,0,0,0,0,0,0,0,0.061,0.066,0.000,0,0,0,6363,6363,0,0
travel,29.857,716.4,635.075,635.075,fly,1.236,ok,2601,0,0,192.00,282005504,394080256,114090264,95883264,18123768,2904,11174640,22132800,958,6363,6363,0,0,0,0,0,0,0,0,0.105,0.301,0.000,0,0,0,6363,6363,0,0
travel,29.889,717.2,635.613,635.613,fly,0.801,ok,2601,0,0,192.00,282005504,394080256,114090264,95883264,18123768,2904,7449760,22132800,958,6363,6363,0,0,0,0,0,0,0,0,0.061,0.061,0.000,0,0,0,6363,6363,0,0
travel,29.920,717.9,636.134,636.134,fly,0.812,ok,2601,0,0,192.00,282005504,394080256,114090264,95883264,18123768,2904,7449760,22132800,958,6363,6363,0,0,0,0,0,0,0,0,0.061,0.066,0.000,0,0,0,6363,6363,0,0
travel,29.951,718.6,636.654,636.654,fly,0.943,ok,2601,0,0,192.00,282005504,394080256,114090264,95883264,18123768,2904,7449760,22132800,958,6363,6363,0,0,0,0,0,0,0,0,0.072,0.111,0.000,0,0,0,6363,6363,0,0
travel,29.981,719.4,637.178,637.178,fly,0.809,ok,2601,0,0,192.00,282005504,394080256,114090264,95883264,18123768,2904,7449760,22132800,958,6363,6363,0,0,0,0,0,0,0,0,0.061,0.069,0.000,0,0,0,6363,6363,0,0
travel,30.013,720.1,637.706,637.706,fly,1.349,ok,2601,0,0,192.00,282005504,394080256,114090264,95883264,18123768,2904,7449760,22132800,958,6363,6363,0,0,0,0,0,0,0,0,0.145,0.143,0.000,0,0,0,6363,6363,0,0
travel,30.044,720.9,638.245,638.245,fly,0.804,ok,2601,0,0,192.00,282005504,394080256,114090264,95883264,18123768,2904,7449760,22132800,958,6363,6363,0,0,0,0,0,0,0,0,0.061,0.067,0.000,0,0,0,6363,6363,0,0
travel,30.076,721.6,638.775,638.775,fly,0.855,ok,2601,0,0,192.00,282005504,394080256,114090264,95883264,18123768,2904,7449760,22132800,958,6363,6363,0,0,0,0,0,0,0,0,0.061,0.075,0.000,0,0,0,6363,6363,0,0
travel,30.106,722.4,639.298,639.298,fly,0.959,ok,2601,0,0,192.00,282005504,394080256,114090264,95883264,18123768,2904,7449760,22132800,958,6363,6363,0,0,0,0,0,0,0,0,0.135,0.085,0.000,0,0,0,6363,6363,0,0
travel,30.137,723.1,639.810,639.810,fly,0.836,ok,2601,0,0,192.00,282005504,394080256,114090264,95883264,18123768,2904,7449760,22132800,958,6363,6363,0,0,0,0,0,0,0,0,0.061,0.070,0.000,0,0,0,6363,6363,0,0
travel,30.179,724.1,640.527,640.527,fly,1.010,ok,2601,0,0,192.00,283086848,395128832,114090264,95883264,18123768,2904,11174640,22132800,958,6464,6464,0,0,0,0,0,0,0,0,0.076,0.139,0.000,0,0,0,6464,6464,0,0
travel,30.210,724.9,641.058,641.058,fly,0.803,ok,2601,0,0,192.00,283086848,395128832,114090264,95883264,18123768,2904,11174640,22132800,958,6464,6464,0,0,0,0,0,0,0,0,0.062,0.065,0.000,0,0,0,6464,6464,0,0
travel,30.242,725.6,641.592,641.592,fly,0.812,ok,2601,0,0,192.00,283086848,395128832,114090264,95883264,18123768,2904,11174640,22132800,958,6464,6464,0,0,0,0,0,0,0,0,0.062,0.066,0.000,0,0,0,6464,6464,0,0
travel,30.273,726.4,642.118,642.118,fly,0.810,ok,2601,0,0,192.00,283086848,395128832,114090264,95883264,18123768,2904,11174640,22132800,958,6464,6464,0,0,0,0,0,0,0,0,0.061,0.069,0.000,0,0,0,6464,6464,0,0
travel,30.304,727.1,642.644,642.644,fly,0.833,ok,2601,0,0,192.00,283086848,395128832,114090264,95883264,18123768,2904,11174640,22132800,958,6464,6464,0,0,0,0,0,0,0,0,0.062,0.071,0.000,0,0,0,6464,6464,0,0
travel,30.334,727.8,643.164,643.164,fly,0.855,ok,2601,0,0,192.00,283086848,395128832,114090264,95883264,18123768,2904,7449760,22132800,958,6464,6464,0,0,0,0,0,0,0,0,0.063,0.076,0.000,0,0,0,6464,6464,0,0
travel,30.365,728.6,643.681,643.681,fly,0.804,ok,2601,0,0,192.00,283086848,395128832,114090264,95883264,18123768,2904,7449760,22132800,958,6464,6464,0,0,0,0,0,0,0,0,0.061,0.068,0.000,0,0,0,6464,6464,0,0
travel,30.396,729.3,644.207,644.207,fly,1.026,ok,2601,0,0,192.00,283086848,395128832,114090264,95883264,18123768,2904,7449760,22132800,958,6464,6464,0,0,0,0,0,0,0,0,0.074,0.116,0.000,0,0,0,6464,6464,0,0
travel,30.426,730.1,644.724,644.724,fly,0.803,ok,2601,0,0,192.00,283086848,395128832,114090264,95883264,18123768,2904,7449760,22132800,958,6464,6464,0,0,0,0,0,0,0,0,0.061,0.066,0.000,0,0,0,6464,6464,0,0
travel,30.459,730.8,645.278,645.278,fly,0.884,ok,2601,0,0,192.00,283086848,395128832,114090264,95883264,18123768,2904,7449760,22132800,958,6464,6464,0,0,0,0,0,0,0,0,0.062,0.076,0.000,0,0,0,6464,6464,0,0
travel,30.490,731.6,645.810,645.810,fly,0.868,ok,2601,0,0,192.00,283086848,395128832,114090264,95883264,18123768,2904,7449760,22132800,958,6464,6464,0,0,0,0,0,0,0,0,0.064,0.073,0.000,0,0,0,6464,6464,0,0
travel,30.521,732.3,646.328,646.328,fly,0.815,ok,2601,0,0,192.00,283086848,395128832,114090264,95883264,18123768,2904,7449760,22132800,958,6464,6464,0,0,0,0,0,0,0,0,0.061,0.071,0.000,0,0,0,6464,6464,0,0
travel,30.552,733.1,646.852,646.852,fly,0.810,ok,2601,0,0,192.00,283086848,395128832,114090264,95883264,18123768,2904,7449760,22132800,958,6464,6464,0,0,0,0,0,0,0,0,0.060,0.069,0.000,0,0,0,6464,6464,0,0
travel,30.583,733.8,647.383,647.383,fly,0.889,ok,2601,0,0,192.00,283086848,395128832,114090264,95883264,18123768,2904,7449760,22132800,958,6464,6464,0,0,0,0,0,0,0,0,0.063,0.077,0.000,0,0,0,6464,6464,0,0
travel,30.615,734.6,647.917,647.917,fly,1.034,ok,2601,0,0,192.00,283086848,395128832,114090264,95883264,18123768,2904,7449760,22132800,958,6464,6464,0,0,0,0,0,0,0,0,0.066,0.088,0.000,0,0,0,6464,6464,0,0
travel,30.659,735.6,648.664,648.664,fly,0.809,ok,2601,0,0,192.00,283828224,397754368,114090264,95883264,18123768,2904,11174640,22132800,958,6565,6565,0,0,0,0,0,0,0,0,0.061,0.065,0.000,0,0,0,6565,6565,0,0
travel,30.689,736.4,649.182,649.182,fly,0.804,ok,2601,0,0,192.00,283828224,397754368,114090264,95883264,18123768,2904,11174640,22132800,958,6565,6565,0,0,0,0,0,0,0,0,0.062,0.066,0.000,0,0,0,6565,6565,0,0
travel,30.720,737.1,649.708,649.708,fly,0.812,ok,2601,0,0,192.00,283828224,397754368,114090264,95883264,18123768,2904,11174640,22132800,958,6565,6565,0,0,0,0,0,0,0,0,0.062,0.067,0.000,0,0,0,6565,6565,0,0
travel,30.751,737.9,650.240,650.240,fly,1.168,ok,2601,0,0,192.00,283828224,397754368,114090264,95883264,18123768,2904,11174640,22132800,958,6565,6565,0,0,0,0,0,0,0,0,0.065,0.081,0.000,0,0,0,6565,6565,0,0
travel,30.782,738.6,650.761,650.761,fly,0.807,ok,2601,0,0,192.00,283828224,397754368,114090264,95883264,18123768,2904,11174640,22132800,958,6565,6565,0,0,0,0,0,0,0,0,0.064,0.065,0.000,0,0,0,6565,6565,0,0
travel,30.814,739.4,651.302,651.302,fly,0.799,ok,2601,0,0,192.00,283828224,397754368,114090264,95883264,18123768,2904,7449760,22132800,958,6565,6565,0,0,0,0,0,0,0,0,0.061,0.063,0.000,0,0,0,6565,6565,0,0
travel,30.845,740.1,651.831,651.831,fly,1.067,ok,2601,0,0,192.00,283828224,397754368,114090264,95883264,18123768,2904,7449760,22132800,958,6565,6565,0,0,0,0,0,0,0,0,0.064,0.085,0.000,0,0,0,6565,6565,0,0
travel,30.876,740.8,652.357,652.357,fly,1.049,ok,2601,0,0,192.00,283828224,397754368,114090264,95883264,18123768,2904,7449760,22132800,958,6565,6565,0,0,0,0,0,0,0,0,0.145,0.114,0.000,0,0,0,6565,6565,0,0
travel,30.908,741.6,652.889,652.889,fly,0.802,ok,2601,0,0,192.00,283828224,397754368,114090264,95883264,18123768,2904,7449760,22132800,958,6565,6565,0,0,0,0,0,0,0,0,0.061,0.066,0.000,0,0,0,6565,6565,0,0
travel,30.939,742.4,653.429,653.429,fly,1.051,ok,2601,0,0,192.00,283828224,397754368,114090264,95883264,18123768,2904,7449760,22132800,958,6565,6565,0,0,0,0,0,0,0,0,0.064,0.089,0.000,0,0,0,6565,6565,0,0
travel,30.970,743.1,653.952,653.952,fly,0.810,ok,2601,0,0,192.00,283828224,397754368,114090264,95883264,18123768,2904,7449760,22132800,958,6565,6565,0,0,0,0,0,0,0,0,0.063,0.066,0.000,0,0,0,6565,6565,0,0
travel,31.001,743.8,654.468,654.468,fly,0.952,ok,2601,0,0,192.00,283828224,397754368,114090264,95883264,18123768,2904,7449760,22132800,958,6565,6565,0,0,0,0,0,0,0,0,0.074,0.115,0.000,0,0,0,6565,6565,0,0
travel,31.033,744.6,655.008,655.008,fly,1.109,ok,2601,0,0,192.00,283828224,397754368,114090264,95883264,18123768,2904,7449760,22132800,958,6565,6565,0,0,0,0,0,0,0,0,0.071,0.112,0.000,0,0,0,6565,6565,0,0
travel,31.064,745.3,655.537,655.537,fly,0.970,ok,2601,0,0,192.00,283828224,397754368,114090264,95883264,18123768,2904,7449760,22132800,958,6565,6565,0,0,0,0,0,0,0,0,0.233,0.062,0.000,0,0,0,6565,6565,0,0
travel,31.104,746.3,656.220,656.220,fly,3.351,ok,2601,0,7,192.00,284053504,398278656,114090264,95883264,18123768,2904,11174640,21819648,958,6666,6666,18,0,83,18,18,0,0,0,0.149,0.137,0.000,0,0,0,6666,6666,0,0
travel,31.138,747.1,656.791,656.791,fly,0.801,ok,2601,0,0,192.00,284053504,398278656,114090264,95883264,18123768,2904,11174640,22132800,958,6666,6666,0,0,0,0,0,0,0,0,0.062,0.063,0.000,0,0,0,6666,6666,0,0
travel,31.168,747.9,657.313,657.313,fly,0.810,ok,2601,0,0,192.00,284053504,398278656,114090264,95883264,18123768,2904,11174640,22132800,958,6666,6666,0,0,0,0,0,0,0,0,0.062,0.064,0.000,0,0,0,6666,6666,0,0
travel,31.200,748.6,657.841,657.841,fly,0.830,ok,2601,0,0,192.00,284053504,398278656,114090264,95883264,18123768,2904,11174640,22132800,958,6666,6666,0,0,0,0,0,0,0,0,0.063,0.068,0.000,0,0,0,6666,6666,0,0
travel,31.231,749.3,658.367,658.367,fly,0.902,ok,2601,0,0,192.00,284053504,398278656,114090264,95883264,18123768,2904,11174640,22132800,958,6666,6666,0,0,0,0,0,0,0,0,0.072,0.107,0.000,0,0,0,6666,6666,0,0
travel,31.264,750.1,658.926,658.926,fly,0.809,ok,2601,0,0,192.00,284053504,398278656,114090264,95883264,18123768,2904,11174640,22132800,958,6666,6666,0,0,0,0,0,0,0,0,0.062,0.070,0.000,0,0,0,6666,6666,0,0
travel,31.294,750.9,659.450,659.450,fly,1.224,ok,2601,0,0,192.00,284053504,398278656,114090264,95883264,18123768,2904,7449760,22132800,958,6666,6666,0,0,0,0,0,0,0,0,0.075,0.134,0.000,0,0,0,6666,6666,0,0
travel,31.325,751.6,659.974,659.974,fly,0.884,ok,2601,0,0,192.00,284053504,398278656,114090264,95883264,18123768,2904,7449760,22132800,958,6666,6666,0,0,0,0,0,0,0,0,0.069,0.106,0.000,0,0,0,6666,6666,0,0
travel,31.356,752.4,660.497,660.497,fly,0.837,ok,2601,0,0,192.00,284053504,398278656,114090264,95883264,18123768,2904,7449760,22132800,958,6666,6666,0,0,0,0,0,0,0,0,0.062,0.073,0.000,0,0,0,6666,6666,0,0
travel,31.387,753.1,661.018,661.018,fly,0.800,ok,2601,0,0,192.00,284053504,398278656,114090264,95883264,18123768,2904,7449760,22132800,958,6666,6666,0,0,0,0,0,0,0,0,0.062,0.064,0.000,0,0,0,6666,6666,0,0
travel,31.418,753.9,661.553,661.553,fly,0.812,ok,2601,0,0,192.00,284053504,398278656,114090264,95883264,18123768,2904,7449760,22132800,958,6666,6666,0,0,0,0,0,0,0,0,0.060,0.068,0.000,0,0,0,6666,6666,0,0
travel,31.450,754.6,662.081,662.081,fly,0.807,ok,2601,0,0,192.00,284053504,398278656,114090264,95883264,18123768,2904,7449760,22132800,958,6666,6666,0,0,0,0,0,0,0,0,0.061,0.067,0.000,0,0,0,6666,6666,0,0
travel,31.480,755.3,662.599,662.599,fly,0.971,ok,2601,0,0,192.00,284053504,398278656,114090264,95883264,18123768,2904,7449760,22132800,958,6666,6666,0,0,0,0,0,0,0,0,0.072,0.130,0.000,0,0,0,6666,6666,0,0
travel,31.511,756.1,663.131,663.131,fly,0.809,ok,2601,0,0,192.00,284053504,398278656,114090264,95883264,18123768,2904,7449760,22132800,958,6666,6666,0,0,0,0,0,0,0,0,0.061,0.067,0.000,0,0,0,6666,6666,0,0
travel,31.543,756.8,663.663,663.663,fly,0.845,ok,2601,0,0,192.00,284053504,398278656,114090264,95883264,18123768,2904,7449760,22132800,958,6666,6666,0,0,0,0,0,0,0,0,0.062,0.073,0.000,0,0,0,6666,6666,0,0
travel,31.585,757.8,664.374,664.374,fly,0.802,ok,2601,0,0,192.00,284459008,398802944,114090264,95883264,18123768,2904,11174640,22132800,958,6767,6767,0,0,0,0,0,0,0,0,0.063,0.065,0.000,0,0,0,6767,6767,0,0
travel,31.615,758.6,664.896,664.896,fly,1.152,ok,2601,0,0,192.00,284459008,398802944,114090264,95883264,18123768,2904,11174640,22132800,958,6767,6767,0,0,0,0,0,0,0,0,0.146,0.112,0.000,0,0,0,6767,6767,0,0
travel,31.646,759.3,665.420,665.420,fly,0.868,ok,2601,0,0,192.00,284459008,398802944,114090264,95883264,18123768,2904,11174640,22132800,958,6767,6767,0,0,0,0,0,0,0,0,0.072,0.107,0.000,0,0,0,6767,6767,0,0
travel,31.678,760.1,665.957,665.957,fly,0.845,ok,2601,0,0,192.00,284459008,398802944,114090264,95883264,18123768,2904,11174640,22132800,958,6767,6767,0,0,0,0,0,0,0,0,0.062,0.072,0.000,0,0,0,6767,6767,0,0
travel,31.709,760.8,666.476,666.476,fly,0.807,ok,2601,0,0,192.00,284459008,398802944,114090264,95883264,18123768,2904,11174640,22132800,958,6767,6767,0,0,0,0,0,0,0,0,0.062,0.066,0.000,0,0,0,6767,6767,0,0
travel,31.740,761.6,667.004,667.004,fly,0.850,ok,2601,0,0,192.00,284459008,398802944,114090264,95883264,18123768,2904,11174640,22132800,958,6767,6767,0,0,0,0,0,0,0,0,0.062,0.068,0.000,0,0,0,6767,6767,0,0
travel,31.771,762.3,667.542,667.542,fly,0.825,ok,2601,0,0,192.00,284459008,398802944,114090264,95883264,18123768,2904,7449760,22132800,958,6767,6767,0,0,0,0,0,0,0,0,0.061,0.070,0.000,0,0,0,6767,6767,0,0
travel,31.802,763.1,668.059,668.059,fly,0.804,ok,2601,0,0,192.00,284459008,398802944,114090264,95883264,18123768,2904,7449760,22132800,958,6767,6767,0,0,0,0,0,0,0,0,0.061,0.063,0.000,0,0,0,6767,6767,0,0
travel,31.833,763.8,668.588,668.588,fly,0.801,ok,2601,0,0,192.00,284459008,398802944,114090264,95883264,18123768,2904,7449760,22132800,958,6767,6767,0,0,0,0,0,0,0,0,0.062,0.064,0.000,0,0,0,6767,6767,0,0
travel,31.864,764.5,669.112,669.112,fly,1.146,ok,2601,0,0,192.00,284459008,398802944,114090264,95883264,18123768,2904,7449760,22132800,958,6767,6767,0,0,0,0,0,0,0,0,0.149,0.139,0.000,0,0,0,6767,6767,0,0
travel,31.895,765.3,669.634,669.634,fly,0.811,ok,2601,0,0,192.00,284459008,398802944,114090264,95883264,18123768,2904,7449760,22132800,958,6767,6767,0,0,0,0,0,0,0,0,0.061,0.065,0.000,0,0,0,6767,6767,0,0
travel,31.926,766.0,670.162,670.162,fly,0.806,ok,2601,0,0,192.00,284459008,398802944,114090264,95883264,18123768,2904,7449760,22132800,958,6767,6767,0,0,0,0,0,0,0,0,0.061,0.065,0.000,0,0,0,6767,6767,0,0
travel,31.957,766.8,670.682,670.682,fly,0.812,ok,2601,0,0,192.00,284459008,398802944,114090264,95883264,18123768,2904,7449760,22132800,958,6767,6767,0,0,0,0,0,0,0,0,0.061,0.068,0.000,0,0,0,6767,6767,0,0
travel,31.987,767.5,671.207,671.207,fly,0.845,ok,2601,0,0,192.00,284459008,398802944,114090264,95883264,18123768,2904,7449760,22132800,958,6767,6767,0,0,0,0,0,0,0,0,0.061,0.077,0.000,0,0,0,6767,6767,0,0
travel,32.019,768.3,671.739,671.739,fly,0.843,ok,2601,0,0,192.00,284459008,398802944,114090264,95883264,18123768,2904,7449760,22132800,958,6767,6767,0,0,0,0,0,0,0,0,0.062,0.071,0.000,0,0,0,6767,6767,0,0
travel,32.061,769.3,672.456,672.456,fly,0.831,ok,2601,0,0,192.00,285319168,399851520,114090264,95883264,18123768,2904,11174640,22132800,958,6868,6868,0,0,0,0,0,0,0,0,0.062,0.087,0.000,0,0,0,6868,6868,0,0
travel,32.092,770.0,672.977,672.977,fly,1.171,ok,2601,0,0,192.00,285319168,399851520,114090264,95883264,18123768,2904,11174640,22132800,958,6868,6868,0,0,0,0,0,0,0,0,0.144,0.112,0.000,0,0,0,6868,6868,0,0
travel,32.123,770.7,673.498,673.498,fly,0.794,ok,2601,0,0,192.00,285319168,399851520,114090264,95883264,18123768,2904,11174640,22132800,958,6868,6868,0,0,0,0,0,0,0,0,0.061,0.059,0.000,0,0,0,6868,6868,0,0
travel,32.154,771.5,674.032,674.032,fly,0.807,ok,2601,0,0,192.00,285319168,399851520,114090264,95883264,18123768,2904,11174640,22132800,958,6868,6868,0,0,0,0,0,0,0,0,0.061,0.065,0.000,0,0,0,6868,6868,0,0
travel,32.185,772.2,674.549,674.549,fly,0.859,ok,2601,0,0,192.00,285319168,399851520,114090264,95883264,18123768,2904,11174640,22132800,958,6868,6868,0,0,0,0,0,0,0,0,0.064,0.071,0.000,0,0,0,6868,6868,0,0
travel,32.215,773.0,675.074,675.074,fly,0.802,ok,2601,0,0,192.00,285319168,399851520,114090264,95883264,18123768,2904,11174640,22132800,958,6868,6868,0,0,0,0,0,0,0,0,0.061,0.063,0.000,0,0,0,6868,6868,0,0
travel,32.247,773.7,675.609,675.609,fly,0.841,ok,2601,0,0,192.00,285319168,399851520,114090264,95883264,18123768,2904,7449760,22132800,958,6868,6868,0,0,0,0,0,0,0,0,0.061,0.071,0.000,0,0,0,6868,6868,0,0
travel,32.277,774.5,676.126,676.126,fly,0.807,ok,2601,0,0,192.00,285319168,399851520,114090264,95883264,18123768,2904,7449760,22132800,958,6868,6868,0,0,0,0,0,0,0,0,0.061,0.064,0.000,0,0,0,6868,6868,0,0
travel,32.308,775.2,676.651,676.651,fly,0.865,ok,2601,0,0,192.00,285319168,399851520,114090264,95883264,18123768,2904,7449760,22132800,958,6868,6868,0,0,0,0,0,0,0,0,0.062,0.077,0.000,0,0,0,6868,6868,0,0
travel,32.339,775.9,677.173,677.173,fly,0.951,ok,2601,0,0,192.00,285319168,399851520,114090264,95883264,18123768,2904,7449760,22132800,958,6868,6868,0,0,0,0,0,0,0,0,0.074,0.114,0.000,0,0,0,6868,6868,0,0
travel,32.370,776.7,677.701,677.701,fly,0.881,ok,2601,0,0,192.00,285319168,399851520,114090264,95883264,18123768,2904,7449760,22132800,958,6868,6868,0,0,0,0,0,0,0,0,0.120,0.066,0.000,0,0,0,6868,6868,0,0
travel,32.402,777.4,678.236,678.236,fly,0.833,ok,2601,0,0,192.00,285319168,399851520,114090264,95883264,18123768,2904,7449760,22132800,958,6868,6868,0,0,0,0,0,0,0,0,0.061,0.072,0.000,0,0,0,6868,6868,0,0
travel,32.433,778.2,678.758,678.758,fly,1.188,ok,2601,0,0,192.00,285319168,399851520,114090264,95883264,18123768,2904,7449760,22132800,958,6868,6868,0,0,0,0,0,0,0,0,0.157,0.122,0.000,0,0,0,6868,6868,0,0
travel,32.464,778.9,679.287,679.287,fly,0.799,ok,2601,0,0,192.00,285319168,399851520,114090264,95883264,18123768,2904,7449760,22132800,958,6868,6868,0,0,0,0,0,0,0,0,0.060,0.065,0.000,0,0,0,6868,6868,0,0
travel,32.495,779.7,679.812,679.812,fly,0.810,ok,2601,0,0,192.00,285319168,399851520,114090264,95883264,18123768,2904,7449760,22132800,958,6868,6868,0,0,0,0,0,0,0,0,0.061,0.065,0.000,0,0,0,6868,6868,0,0
travel,32.537,780.7,680.523,680.523,fly,0.800,ok,2601,0,0,192.00,285794304,401952768,114090264,95883264,18123768,2904,11174640,22132800,958,6969,6969,0,0,0,0,0,0,0,0,0.062,0.063,0.000,0,0,0,6969,6969,0,0
travel,32.568,781.4,681.048,681.048,fly,0.845,ok,2601,0,0,192.00,285794304,401952768,114090264,95883264,18123768,2904,11174640,22132800,958,6969,6969,0,0,0,0,0,0,0,0,0.063,0.074,0.000,0,0,0,6969,6969,0,0
travel,32.599,782.2,681.580,681.580,fly,0.799,ok,2601,0,0,192.00,285794304,401952768,114090264,95883264,18123768,2904,11174640,22132800,958,6969,6969,0,0,0,0,0,0,0,0,0.061,0.063,0.000,0,0,0,6969,6969,0,0
travel,32.630,782.9,682.098,682.098,fly,0.828,ok,2601,0,0,192.00,285794304,401952768,114090264,95883264,18123768,2904,11174640,22132800,958,6969,6969,0,0,0,0,0,0,0,0,0.063,0.078,0.000,0,0,0,6969,6969,0,0
travel,32.661,783.7,682.630,682.630,fly,1.247,ok,2601,0,0,192.00,285794304,401952768,114090264,95883264,18123768,2904,11174640,22132800,958,6969,6969,0,0,0,0,0,0,0,0,0.072,0.130,0.000,0,0,0,6969,6969,0,0
travel,32.692,784.4,683.164,683.164,fly,0.886,ok,2601,0,0,192.00,285794304,401952768,114090264,95883264,18123768,2904,7449760,22132800,958,6969,6969,0,0,0,0,0,0,0,0,0.131,0.061,0.000,0,0,0,6969,6969,0,0
travel,32.723,785.2,683.691,683.691,fly,0.804,ok,2601,0,0,192.00,285794304,401952768,114090264,95883264,18123768,2904,7449760,22132800,958,6969,6969,0,0,0,0,0,0,0,0,0.061,0.067,0.000,0,0,0,6969,6969,0,0
travel,32.754,785.9,684.211,684.211,fly,0.800,ok,2601,0,0,192.00,285794304,401952768,114090264,95883264,18123768,2904,7449760,22132800,958,6969,6969,0,0,0,0,0,0,0,0,0.060,0.065,0.000,0,0,0,6969,6969,0,0
travel,32.786,786.7,684.747,684.747,fly,0.802,ok,2601,0,0,192.00,285794304,401952768,114090264,95883264,18123768,2904,7449760,22132800,958,6969,6969,0,0,0,0,0,0,0,0,0.061,0.066,0.000,0,0,0,6969,6969,0,0
travel,32.817,787.4,685.275,685.275,fly,1.065,ok,2601,0,0,192.00,285794304,401952768,114090264,95883264,18123768,2904,7449760,22132800,958,6969,6969,0,0,0,0,0,0,0,0,0.063,0.083,0.000,0,0,0,6969,6969,0,0
travel,32.849,788.2,685.830,685.830,fly,0.854,ok,2601,0,0,192.00,285794304,401952768,114090264,95883264,18123768,2904,7449760,22132800,958,6969,6969,0,0,0,0,0,0,0,0,0.063,0.075,0.000,0,0,0,6969,6969,0,0
travel,32.880,788.9,686.349,686.349,fly,1.060,ok,2601,0,0,192.00,285794304,401952768,114090264,95883264,18123768,2904,7449760,22132800,958,6969,6969,0,0,0,0,0,0,0,0,0.197,0.127,0.000,0,0,0,6969,6969,0,0
travel,32.911,789.7,686.878,686.878,fly,0.804,ok,2601,0,0,192.00,285794304,401952768,114090264,95883264,18123768,2904,7449760,22132800,958,6969,6969,0,0,0,0,0,0,0,0,0.061,0.064,0.000,0,0,0,6969,6969,0,0
travel,32.942,790.4,687.393,687.393,fly,0.799,ok,2601,0,0,192.00,285794304,401952768,114090264,95883264,18123768,2904,7449760,22132800,958,6969,6969,0,0,0,0,0,0,0,0,0.060,0.062,0.000,0,0,0,6969,6969,0,0
travel,32.973,791.1,687.924,687.924,fly,0.804,ok,2601,0,0,192.00,285794304,401952768,114090264,95883264,18123768,2904,7449760,22132800,958,6969,6969,0,0,0,0,0,0,0,0,0.060,0.065,0.000,0,0,0,6969,6969,0,0
travel,33.015,792.2,688.642,688.642,fly,0.818,ok,2601,0,0,192.00,286568448,403005440,114090264,95883264,18123768,2904,11174640,22132800,958,7070,7070,0,0,0,0,0,0,0,0,0.061,0.076,0.000,0,0,0,7070,7070,0,0
travel,33.047,792.9,689.177,689.177,fly,1.120,ok,2601,0,0,192.00,286568448,403005440,114090264,95883264,18123768,2904,11174640,22132800,958,7070,7070,0,0,0,0,0,0,0,0,0.066,0.100,0.000,0,0,0,7070,7070,0,0
travel,33.078,793.7,689.712,689.712,fly,0.810,ok,2601,0,0,192.00,286568448,403005440,114090264,95883264,18123768,2904,11174640,22132800,958,7070,7070,0,0,0,0,0,0,0,0,0.061,0.067,0.000,0,0,0,7070,7070,0,0
travel,33.109,794.4,690.239,690.239,fly,0.875,ok,2601,0,0,192.00,286568448,403005440,114090264,95883264,18123768,2904,11174640,22132800,958,7070,7070,0,0,0,0,0,0,0,0,0.062,0.074,0.000,0,0,0,7070,7070,0,0
travel,33.141,795.2,690.775,690.775,fly,0.832,ok,2601,0,0,192.00,286568448,403005440,114090264,95883264,18123768,2904,11174640,22132800,958,7070,7070,0,0,0,0,0,0,0,0,0.062,0.071,0.000,0,0,0,7070,7070,0,0
travel,33.172,795.9,691.300,691.300,fly,0.805,ok,2601,0,0,192.00,286568448,403005440,114090264,95883264,18123768,2904,7449760,22132800,958,7070,7070,0,0,0,0,0,0,0,0,0.062,0.064,0.000,0,0,0,7070,7070,0,0
travel,33.203,796.7,691.824,691.824,fly,0.950,ok,2601,0,0,192.00,286568448,403005440,114090264,95883264,18123768,2904,7449760,22132800,958,7070,7070,0,0,0,0,0,0,0,0,0.071,0.110,0.000,0,0,0,7070,7070,0,0
travel,33.234,797.4,692.359,692.359,fly,0.805,ok,2601,0,0,192.00,286568448,403005440,114090264,95883264,18123768,2904,7449760,22132800,958,7070,7070,0,0,0,0,0,0,0,0,0.061,0.064,0.000,0,0,0,7070,7070,0,0
travel,33.266,798.2,692.892,692.892,fly,0.822,ok,2601,0,0,192.00,286568448,403005440,114090264,95883264,18123768,2904,7449760,22132800,958,7070,7070,0,0,0,0,0,0,0,0,0.061,0.070,0.000,0,0,0,7070,7070,0,0
travel,33.297,798.9,693.419,693.419,fly,0.827,ok,2601,0,0,192.00,286568448,403005440,114090264,95883264,18123768,2904,7449760,22132800,958,7070,7070,0,0,0,0,0,0,0,0,0.062,0.069,0.000,0,0,0,7070,7070,0,0
travel,33.327,799.6,693.935,693.935,fly,0.899,ok,2601,0,0,192.00,286568448,403005440,114090264,95883264,18123768,2904,7449760,22132800,958,7070,7070,0,0,0,0,0,0,0,0,0.066,0.078,0.000,0,0,0,7070,7070,0,0
travel,33.358,800.4,694.460,694.460,fly,1.246,ok,2601,0,0,192.00,286568448,403005440,114090264,95883264,18123768,2904,7449760,22132800,958,7070,7070,0,0,0,0,0,0,0,0,0.073,0.134,0.000,0,0,0,7070,7070,0,0
travel,33.390,801.1,694.996,694.996,fly,1.248,ok,2601,0,0,192.00,286568448,403005440,114090264,95883264,18123768,2904,7449760,22132800,958,7070,7070,0,0,0,0,0,0,0,0,0.140,0.101,0.000,0,0,0,7070,7070,0,0
travel,33.428,802.1,695.648,695.648,fly,1.149,ok,2601,0,0,192.00,286568448,403005440,114090264,95883264,18123768,2904,7449760,22132800,958,7070,7070,0,0,0,0,0,0,0,0,0.076,0.131,0.000,0,0,0,7070,7070,0,0
travel,33.470,803.1,696.364,696.364,fly,0.844,ok,2601,0,0,192.00,287145984,403529728,114090264,95883264,18123768,2904,11174640,22132800,958,7171,7171,0,0,0,0,0,0,0,0,0.063,0.073,0.000,0,0,0,7171,7171,0,0
travel,33.502,803.8,696.893,696.893,fly,0.852,ok,2601,0,0,192.00,287145984,403529728,114090264,95883264,18123768,2904,11174640,22132800,958,7171,7171,0,0,0,0,0,0,0,0,0.063,0.075,0.000,0,0,0,7171,7171,0,0
travel,33.533,804.6,697.424,697.424,fly,0.824,ok,2601,0,0,192.00,287145984,403529728,114090264,95883264,18123768,2904,11174640,22132800,958,7171,7171,0,0,0,0,0,0,0,0,0.062,0.066,0.000,0,0,0,7171,7171,0,0
travel,33.565,805.4,697.974,697.974,fly,0.815,ok,2601,0,0,192.00,287145984,403529728,114090264,95883264,18123768,2904,11174640,22132800,958,7171,7171,0,0,0,0,0,0,0,0,0.061,0.065,0.000,0,0,0,7171,7171,0,0
travel,33.597,806.1,698.504,698.504,fly,0.825,ok,2601,0,0,192.00,287145984,403529728,114090264,95883264,18123768,2904,11174640,22132800,958,7171,7171,0,0,0,0,0,0,0,0,0.062,0.071,0.000,0,0,0,7171,7171,0,0
travel,33.627,806.8,699.022,699.022,fly,0.798,ok,2601,0,0,192.00,287145984,403529728,114090264,95883264,18123768,2904,7449760,22132800,958,7171,7171,0,0,0,0,0,0,0,0,0.061,0.063,0.000,0,0,0,7171,7171,0,0
travel,33.658,807.6,699.549,699.549,fly,0.805,ok,2601,0,0,192.00,287145984,403529728,114090264,95883264,18123768,2904,7449760,22132800,958,7171,7171,0,0,0,0,0,0,0,0,0.060,0.066,0.000,0,0,0,7171,7171,0,0
travel,33.689,808.3,700.068,700.068,fly,1.359,ok,2601,0,0,192.00,287145984,403529728,114090264,95883264,18123768,2904,7449760,22132800,958,7171,7171,0,0,0,0,0,0,0,0,0.145,0.145,0.000,0,0,0,7171,7171,0,0
travel,33.720,809.1,700.599,700.599,fly,0.983,ok,2601,0,0,192.00,287145984,403529728,114090264,95883264,18123768,2904,7449760,22132800,958,7171,7171,0,0,0,0,0,0,0,0,0.236,0.068,0.000,0,0,0,7171,7171,0,0
travel,33.751,809.8,701.129,701.129,fly,0.806,ok,2601,0,0,192.00,287145984,403529728,114090264,95883264,18123768,2904,7449760,22132800,958,7171,7171,0,0,0,0,0,0,0,0,0.061,0.067,0.000,0,0,0,7171,7171,0,0
travel,33.782,810.6,701.648,701.648,fly,0.957,ok,2601,0,0,192.00,287145984,403529728,114090264,95883264,18123768,2904,7449760,22132800,958,7171,7171,0,0,0,0,0,0,0,0,0.075,0.153,0.000,0,0,0,7171,7171,0,0
travel,33.813,811.3,702.172,702.172,fly,0.800,ok,2601,0,0,192.00,287109120,403464192,114090264,95883264,18123768,2904,7449760,22132800,958,7171,7171,0,0,0,0,0,0,0,0,0.061,0.064,0.000,0,0,0,7171,7171,0,0
travel,33.844,812.0,702.700,702.700,fly,0.816,ok,2601,0,0,192.00,287109120,403464192,114090264,95883264,18123768,2904,7449760,22132800,958,7171,7171,0,0,0,0,0,0,0,0,0.064,0.066,0.000,0,0,0,7171,7171,0,0
travel,33.875,812.8,703.221,703.221,fly,0.941,ok,2601,0,0,192.00,287166464,403488768,114090264,95883264,18123768,2904,7449760,22132800,958,7171,7171,0,0,0,0,0,0,0,0,0.068,0.106,0.000,0,0,0,7171,7171,0,0
travel,33.906,813.5,703.748,703.748,fly,0.843,ok,2601,0,0,192.00,287166464,403488768,114090264,95883264,18123768,2904,7449760,22132800,958,7171,7171,0,0,0,0,0,0,0,0,0.062,0.075,0.000,0,0,0,7171,7171,0,0
travel,33.949,814.6,704.483,704.483,fly,0.812,ok,2601,0,0,192.00,287166464,403488768,114090264,95883264,18123768,2904,11174640,22132800,958,7272,7272,0,0,0,0,0,0,0,0,0.062,0.067,0.000,0,0,0,7272,7272,0,0
travel,33.980,815.3,705.008,705.008,fly,0.866,ok,2601,0,0,192.00,287268864,403652608,114090264,95883264,18123768,2904,11174640,22132800,958,7272,7272,0,0,0,0,0,0,0,0,0.061,0.064,0.000,0,0,0,7272,7272,0,0
travel,34.011,816.1,705.539,705.539,fly,0.822,ok,2601,0,0,192.00,287268864,403652608,114090264,95883264,18123768,2904,11174640,22132800,958,7272,7272,0,0,0,0,0,0,0,0,0.060,0.069,0.000,0,0,0,7272,7272,0,0
travel,34.042,816.8,706.061,706.061,fly,0.831,ok,2601,0,0,192.00,287268864,403652608,114090264,95883264,18123768,2904,11174640,22132800,958,7272,7272,0,0,0,0,0,0,0,0,0.062,0.068,0.000,0,0,0,7272,7272,0,0
travel,34.073,817.5,706.590,706.590,fly,0.805,ok,2601,0,0,192.00,287268864,403652608,114090264,95883264,18123768,2904,11174640,22132800,958,7272,7272,0,0,0,0,0,0,0,0,0.061,0.066,0.000,0,0,0,7272,7272,0,0
travel,34.104,818.3,707.119,707.119,fly,0.849,ok,2601,0,0,192.00,287268864,403652608,114090264,95883264,18123768,2904,7449760,22132800,958,7272,7272,0,0,0,0,0,0,0,0,0.065,0.074,0.000,0,0,0,7272,7272,0,0
travel,34.135,819.0,707.632,707.632,fly,1.247,ok,2601,0,0,192.00,287268864,403652608,114090264,95883264,18123768,2904,7449760,22132800,958,7272,7272,0,0,0,0,0,0,0,0,0.285,0.270,0.000,0,0,0,7272,7272,0,0
travel,34.166,819.8,708.162,708.162,fly,0.803,ok,2601,0,0,192.00,287268864,403652608,114090264,95883264,18123768,2904,7449760,22132800,958,7272,7272,0,0,0,0,0,0,0,0,0.061,0.066,0.000,0,0,0,7272,7272,0,0
travel,34.197,820.5,708.683,708.683,fly,0.838,ok,2601,0,0,192.00,287268864,403652608,114090264,95883264,18123768,2904,7449760,22132800,958,7272,7272,0,0,0,0,0,0,0,0,0.061,0.070,0.000,0,0,0,7272,7272,0,0
travel,34.228,821.2,709.209,709.209,fly,0.856,ok,2601,0,0,192.00,287268864,403652608,114090264,95883264,18123768,2904,7449760,22132800,958,7272,7272,0,0,0,0,0,0,0,0,0.062,0.073,0.000,0,0,0,7272,7272,0,0
travel,34.258,822.0,709.728,709.728,fly,0.846,ok,2601,0,0,192.00,287268864,403652608,114090264,95883264,18123768,2904,7449760,22132800,958,7272,7272,0,0,0,0,0,0,0,0,0.062,0.075,0.000,0,0,0,7272,7272,0,0
travel,34.289,822.7,710.244,710.244,fly,0.980,ok,2601,0,0,192.00,287268864,403652608,114090264,95883264,18123768,2904,7449760,22132800,958,7272,7272,0,0,0,0,0,0,0,0,0.235,0.067,0.000,0,0,0,7272,7272,0,0
travel,34.320,823.5,710.770,710.770,fly,1.017,ok,2601,0,0,192.00,287268864,403652608,114090264,95883264,18123768,2904,7449760,22132800,958,7272,7272,0,0,0,0,0,0,0,0,0.072,0.114,0.000,0,0,0,7272,7272,0,0
travel,34.350,824.2,711.290,711.290,fly,0.925,ok,2601,0,0,192.00,287268864,403652608,114090264,95883264,18123768,2904,7449760,22132800,958,7272,7272,0,0,0,0,0,0,0,0,0.063,0.144,0.000,0,0,0,7272,7272,0,0
travel,34.381,824.9,711.817,711.817,fly,0.803,ok,2601,0,0,192.00,287268864,403652608,114090264,95883264,18123768,2904,7449760,22132800,958,7272,7272,0,0,0,0,0,0,0,0,0.061,0.063,0.000,0,0,0,7272,7272,0,0
travel,34.424,826.0,712.537,712.537,fly,0.806,ok,2601,0,0,192.00,287821824,404701184,114090264,95883264,18123768,2904,11174640,22132800,958,7373,7373,0,0,0,0,0,0,0,0,0.061,0.064,0.000,0,0,0,7373,7373,0,0
travel,34.455,826.7,713.067,713.067,fly,0.815,ok,2601,0,0,192.00,287821824,404701184,114090264,95883264,18123768,2904,11174640,22132800,958,7373,7373,0,0,0,0,0,0,0,0,0.063,0.065,0.000,0,0,0,7373,7373,0,0
travel,34.486,827.4,713.592,713.592,fly,0.818,ok,2601,0,0,192.00,287825920,404766720,114090264,95883264,18123768,2904,11174640,22132800,958,7373,7373,0,0,0,0,0,0,0,0,0.062,0.069,0.000,0,0,0,7373,7373,0,0
travel,34.516,828.2,714.107,714.107,fly,1.257,ok,2601,0,0,192.00,287825920,404766720,114090264,95883264,18123768,2904,11174640,22132800,958,7373,7373,0,0,0,0,0,0,0,0,0.169,0.116,0.000,0,0,0,7373,7373,0,0
travel,34.548,828.9,714.640,714.640,fly,0.813,ok,2601,0,0,192.00,287825920,404766720,114090264,95883264,18123768,2904,11174640,22132800,958,7373,7373,0,0,0,0,0,0,0,0,0.062,0.067,0.000,0,0,0,7373,7373,0,0
travel,34.579,829.7,715.168,715.168,fly,1.100,ok,2601,0,0,192.00,287825920,404766720,114090264,95883264,18123768,2904,7449760,22132800,958,7373,7373,0,0,0,0,0,0,0,0,0.138,0.108,0.000,0,0,0,7373,7373,0,0
travel,34.610,830.4,715.689,715.689,fly,0.868,ok,2601,0,0,192.00,287825920,404766720,114090264,95883264,18123768,2904,7449760,22132800,958,7373,7373,0,0,0,0,0,0,0,0,0.062,0.116,0.000,0,0,0,7373,7373,0,0
travel,34.640,831.1,716.208,716.208,fly,0.815,ok,2601,0,0,192.00,287825920,404766720,114090264,95883264,18123768,2904,7449760,22132800,958,7373,7373,0,0,0,0,0,0,0,0,0.061,0.073,0.000,0,0,0,7373,7373,0,0
travel,34.671,831.9,716.728,716.728,fly,0.808,ok,2601,0,0,192.00,287825920,404766720,114090264,95883264,18123768,2904,7449760,22132800,958,7373,7373,0,0,0,0,0,0,0,0,0.061,0.064,0.000,0,0,0,7373,7373,0,0
travel,34.702,832.6,717.257,717.257,fly,0.818,ok,2601,0,0,192.00,287825920,404766720,114090264,95883264,18123768,2904,7449760,22132800,958,7373,7373,0,0,0,0,0,0,0,0,0.061,0.067,0.000,0,0,0,7373,7373,0,0
travel,34.733,833.4,717.782,717.782,fly,1.088,ok,2601,0,0,192.00,287825920,404766720,114090264,95883264,18123768,2904,7449760,22132800,958,7373,7373,0,0,0,0,0,0,0,0,0.080,0.250,0.000,0,0,0,7373,7373,0,0
travel,34.764,834.1,718.305,718.305,fly,0.822,ok,2601,0,0,192.00,287825920,404766720,114090264,95883264,18123768,2904,7449760,22132800,958,7373,7373,0,0,0,0,0,0,0,0,0.074,0.067,0.000,0,0,0,7373,7373,0,0
travel,34.795,834.9,718.833,718.833,fly,0.837,ok,2601,0,0,192.00,287825920,404766720,114090264,95883264,18123768,2904,7449760,22132800,958,7373,7373,0,0,0,0,0,0,0,0,0.062,0.071,0.000,0,0,0,7373,7373,0,0
travel,34.826,835.6,719.363,719.363,fly,1.333,ok,2601,0,0,192.00,287825920,404766720,114090264,95883264,18123768,2904,7449760,22132800,958,7373,7373,0,0,0,0,0,0,0,0,0.143,0.138,0.000,0,0,0,7373,7373,0,0
travel,34.857,836.4,719.890,719.890,fly,0.805,ok,2601,0,0,192.00,287825920,404766720,114090264,95883264,18123768,2904,7449760,22132800,958,7373,7373,0,0,0,0,0,0,0,0,0.060,0.065,0.000,0,0,0,7373,7373,0,0
travel,34.900,837.4,720.622,720.622,fly,1.163,ok,2601,0,0,192.00,288157696,404766720,114090264,95883264,18123768,2904,11174640,22132800,958,7474,7474,0,0,0,0,0,0,0,0,0.065,0.096,0.000,0,0,0,7474,7474,0,0
travel,34.932,838.1,721.156,721.156,fly,0.919,ok,2601,0,0,192.00,288157696,404766720,114090264,95883264,18123768,2904,11174640,22132800,958,7474,7474,0,0,0,0,0,0,0,0,0.159,0.066,0.000,0,0,0,7474,7474,0,0
travel,34.963,838.9,721.679,721.679,fly,0.807,ok,2601,0,0,192.00,288157696,404766720,114090264,95883264,18123768,2904,11174640,22132800,958,7474,7474,0,0,0,0,0,0,0,0,0.062,0.064,0.000,0,0,0,7474,7474,0,0
travel,34.993,839.6,722.195,722.195,fly,1.036,ok,2601,0,0,192.00,288157696,404766720,114090264,95883264,18123768,2904,11174640,22132800,958,7474,7474,0,0,0,0,0,0,0,0,0.073,0.132,0.000,0,0,0,7474,7474,0,0
travel,35.024,840.4,722.724,722.724,fly,0.818,ok,2601,0,0,192.00,288223232,404766720,114090264,95883264,18123768,2904,11174640,22132800,958,7474,7474,0,0,0,0,0,0,0,0,0.061,0.066,0.000,0,0,0,7474,7474,0,0
travel,35.059,841.2,723.304,723.304,fly,1.171,ok,2601,0,0,192.00,288223232,404766720,114090264,95883264,18123768,2904,7449760,22132800,958,7474,7474,0,0,0,0,0,0,0,0,0.073,0.117,0.000,0,0,0,7474,7474,0,0
travel,35.092,842.0,723.880,723.880,fly,0.811,ok,2601,0,0,192.00,288223232,404766720,114090264,95883264,18123768,2904,7449760,22132800,958,7474,7474,0,0,0,0,0,0,0,0,0.061,0.065,0.000,0,0,0,7474,7474,0,0
travel,35.125,842.8,724.430,724.430,fly,0.852,ok,2601,0,0,192.00,288223232,404766720,114090264,95883264,18123768,2904,7449760,22132800,958,7474,7474,0,0,0,0,0,0,0,0,0.062,0.078,0.000,0,0,0,7474,7474,0,0
travel,35.156,843.5,724.956,724.956,fly,0.820,ok,2601,0,0,192.00,288223232,404766720,114090264,95883264,18123768,2904,7449760,22132800,958,7474,7474,0,0,0,0,0,0,0,0,0.061,0.067,0.000,0,0,0,7474,7474,0,0
travel,35.187,844.3,725.478,725.478,fly,0.894,ok,2601,0,0,192.00,288223232,404766720,114090264,95883264,18123768,2904,7449760,22132800,958,7474,7474,0,0,0,0,0,0,0,0,0.061,0.147,0.000,0,0,0,7474,7474,0,0
travel,35.218,845.0,726.009,726.009,fly,0.866,ok,2601,0,0,192.00,288223232,404766720,114090264,95883264,18123768,2904,7449760,22132800,958,7474,7474,0,0,0,0,0,0,0,0,0.061,0.070,0.000,0,0,0,7474,7474,0,0
travel,35.248,845.7,726.521,726.521,fly,1.066,ok,2601,0,0,192.00,288223232,404766720,114090264,95883264,18123768,2904,7449760,22132800,958,7474,7474,0,0,0,0,0,0,0,0,0.303,0.068,0.000,0,0,0,7474,7474,0,0
travel,35.280,846.5,727.065,727.065,fly,0.807,ok,2601,0,0,192.00,288223232,404766720,114090264,95883264,18123768,2904,7449760,22132800,958,7474,7474,0,0,0,0,0,0,0,0,0.060,0.065,0.000,0,0,0,7474,7474,0,0
travel,35.311,847.2,727.589,727.589,fly,1.325,ok,2601,0,0,192.00,288223232,404766720,114090264,95883264,18123768,2904,7449760,22132800,958,7474,7474,0,0,0,0,0,0,0,0,0.090,0.116,0.000,0,0,0,7474,7474,0,0
travel,35.354,848.3,728.322,728.322,fly,0.835,ok,2601,0,0,192.00,288227328,406867968,114090264,95883264,18123768,2904,11174640,22132800,958,7575,7575,0,0,0,0,0,0,0,0,0.061,0.066,0.000,0,0,0,7575,7575,0,0
travel,35.385,849.0,728.845,728.845,fly,0.862,ok,2601,0,0,192.00,288227328,406867968,114090264,95883264,18123768,2904,11174640,22132800,958,7575,7575,0,0,0,0,0,0,0,0,0.063,0.074,0.000,0,0,0,7575,7575,0,0
travel,35.420,849.8,729.434,729.434,fly,0.861,ok,2601,0,0,192.00,288227328,406867968,114090264,95883264,18123768,2904,11174640,22132800,958,7575,7575,0,0,0,0,0,0,0,0,0.063,0.077,0.000,0,0,0,7575,7575,0,0
travel,35.452,850.6,729.985,729.985,fly,1.302,ok,2601,0,0,192.00,288227328,406867968,114090264,95883264,18123768,2904,11174640,22132800,958,7575,7575,0,0,0,0,0,0,0,0,0.148,0.156,0.000,0,0,0,7575,7575,0,0
travel,35.485,851.4,730.532,730.532,fly,0.891,ok,2601,0,0,192.00,288227328,406867968,114090264,95883264,18123768,2904,11174640,22132800,958,7575,7575,0,0,0,0,0,0,0,0,0.138,0.069,0.000,0,0,0,7575,7575,0,0
travel,35.516,852.2,731.067,731.067,fly,1.168,ok,2601,0,0,192.00,288227328,406867968,114090264,95883264,18123768,2904,7449760,22132800,958,7575,7575,0,0,0,0,0,0,0,0,0.067,0.085,0.000,0,0,0,7575,7575,0,0
travel,35.547,852.9,731.593,731.593,fly,0.853,ok,2601,0,0,192.00,288227328,406867968,114090264,95883264,18123768,2904,7449760,22132800,958,7575,7575,0,0,0,0,0,0,0,0,0.064,0.078,0.000,0,0,0,7575,7575,0,0
travel,35.578,853.6,732.109,732.109,fly,0.819,ok,2601,0,0,192.00,288227328,406867968,114090264,95883264,18123768,2904,7449760,22132800,958,7575,7575,0,0,0,0,0,0,0,0,0.060,0.070,0.000,0,0,0,7575,7575,0,0
travel,35.609,854.4,732.642,732.642,fly,0.824,ok,2601,0,0,192.00,288227328,406867968,114090264,95883264,18123768,2904,7449760,22132800,958,7575,7575,0,0,0,0,0,0,0,0,0.065,0.067,0.000,0,0,0,7575,7575,0,0
travel,35.640,855.1,733.162,733.162,fly,0.807,ok,2601,0,0,192.00,288227328,406867968,114090264,95883264,18123768,2904,7449760,22132800,958,7575,7575,0,0,0,0,0,0,0,0,0.060,0.067,0.000,0,0,0,7575,7575,0,0
travel,35.671,855.9,733.689,733.689,fly,0.812,ok,2601,0,0,192.00,288227328,406867968,114090264,95883264,18123768,2904,7449760,22132800,958,7575,7575,0,0,0,0,0,0,0,0,0.061,0.066,0.000,0,0,0,7575,7575,0,0
travel,35.702,856.6,734.217,734.217,fly,0.822,ok,2601,0,0,192.00,288227328,406867968,114090264,95883264,18123768,2904,7449760,22132800,958,7575,7575,0,0,0,0,0,0,0,0,0.061,0.070,0.000,0,0,0,7575,7575,0,0
travel,35.732,857.3,734.737,734.737,fly,0.891,ok,2601,0,0,192.00,288227328,406867968,114090264,95883264,18123768,2904,7449760,22132800,958,7575,7575,0,0,0,0,0,0,0,0,0.063,0.077,0.000,0,0,0,7575,7575,0,0
travel,35.764,858.1,735.264,735.264,fly,0.809,ok,2601,0,0,192.00,288227328,406867968,114090264,95883264,18123768,2904,7449760,22132800,958,7575,7575,0,0,0,0,0,0,0,0,0.060,0.066,0.000,0,0,0,7575,7575,0,0
travel,35.795,858.8,735.790,735.790,fly,1.289,ok,2601,0,0,192.00,288227328,406867968,114090264,95883264,18123768,2904,7449760,22132800,958,7575,7575,0,0,0,0,0,0,0,0,0.092,0.115,0.000,0,0,0,7575,7575,0,0
travel,35.837,859.9,736.511,736.511,fly,0.824,ok,2601,0,0,192.00,288227328,406867968,114090264,95883264,18123768,2904,11174640,22132800,958,7676,7676,0,0,0,0,0,0,0,0,0.062,0.067,0.000,0,0,0,7676,7676,0,0
travel,35.868,860.6,737.038,737.038,fly,0.967,ok,2601,0,0,192.00,288227328,406867968,114090264,95883264,18123768,2904,11174640,22132800,958,7676,7676,0,0,0,0,0,0,0,0,0.075,0.114,0.000,0,0,0,7676,7676,0,0
travel,35.899,861.3,737.557,737.557,fly,0.907,ok,2601,0,0,192.00,288227328,406867968,114090264,95883264,18123768,2904,11174640,22132800,958,7676,7676,0,0,0,0,0,0,0,0,0.155,0.067,0.000,0,0,0,7676,7676,0,0
travel,35.930,862.1,738.084,738.084,fly,0.810,ok,2601,0,0,192.00,288227328,406867968,114090264,95883264,18123768,2904,11174640,22132800,958,7676,7676,0,0,0,0,0,0,0,0,0.061,0.064,0.000,0,0,0,7676,7676,0,0
travel,35.960,862.8,738.597,738.597,fly,0.945,ok,2601,0,0,192.00,288227328,406867968,114090264,95883264,18123768,2904,11174640,22132800,958,7676,7676,0,0,0,0,0,0,0,0,0.066,0.156,0.000,0,0,0,7676,7676,0,0
travel,35.991,863.6,739.129,739.129,fly,1.122,ok,2601,0,0,192.00,288227328,406867968,114090264,95883264,18123768,2904,7449760,22132800,958,7676,7676,0,0,0,0,0,0,0,0,0.074,0.119,0.000,0,0,0,7676,7676,0,0
travel,36.023,864.3,739.664,739.664,fly,0.871,ok,2601,0,0,192.00,288227328,406867968,114090264,95883264,18123768,2904,7449760,22132800,958,7676,7676,0,0,0,0,0,0,0,0,0.061,0.129,0.000,0,0,0,7676,7676,0,0
travel,36.055,865.1,740.207,740.207,fly,1.175,ok,2601,0,0,192.00,288227328,406867968,114090264,95883264,18123768,2904,7449760,22132800,958,7676,7676,0,0,0,0,0,0,0,0,0.143,0.113,0.000,0,0,0,7676,7676,0,0
travel,36.086,865.8,740.742,740.742,fly,0.883,ok,2601,0,0,192.00,288227328,406867968,114090264,95883264,18123768,2904,7449760,22132800,958,7676,7676,0,0,0,0,0,0,0,0,0.134,0.061,0.000,0,0,0,7676,7676,0,0
travel,36.118,866.6,741.275,741.275,fly,0.816,ok,2601,0,0,192.00,288227328,406867968,114090264,95883264,18123768,2904,7449760,22132800,958,7676,7676,0,0,0,0,0,0,0,0,0.061,0.067,0.000,0,0,0,7676,7676,0,0
travel,36.150,867.4,741.814,741.814,fly,1.472,ok,2601,0,0,192.00,288227328,406867968,114090264,95883264,18123768,2904,7449760,22132800,958,7676,7676,0,0,0,0,0,0,0,0,0.159,0.217,0.000,0,0,0,7676,7676,0,0
travel,36.181,868.1,742.350,742.350,fly,0.859,ok,2601,0,0,192.00,288227328,406867968,114090264,95883264,18123768,2904,7449760,22132800,958,7676,7676,0,0,0,0,0,0,0,0,0.106,0.065,0.000,0,0,0,7676,7676,0,0
travel,36.212,868.9,742.875,742.875,fly,0.818,ok,2601,0,0,192.00,288227328,406867968,114090264,95883264,18123768,2904,7449760,22132800,958,7676,7676,0,0,0,0,0,0,0,0,0.061,0.066,0.000,0,0,0,7676,7676,0,0
travel,36.243,869.6,743.404,743.404,fly,1.134,ok,2601,0,0,192.00,288227328,406867968,114090264,95883264,18123768,2904,7449760,22132800,958,7676,7676,0,0,0,0,0,0,0,0,0.075,0.137,0.000,0,0,0,7676,7676,0,0
travel,36.275,870.4,743.932,743.932,fly,1.122,ok,2601,0,0,192.00,288227328,406867968,114090264,95883264,18123768,2904,7449760,22132800,958,7676,7676,0,0,0,0,0,0,0,0,0.062,0.072,0.000,0,0,0,7676,7676,0,0
travel,36.317,871.4,744.657,744.657,fly,1.256,ok,2601,0,0,192.00,288268288,406867968,114090264,95883264,18123768,2904,11174640,22132800,958,7777,7777,0,0,0,0,0,0,0,0,0.075,0.132,0.000,0,0,0,7777,7777,0,0
travel,36.348,872.1,745.182,745.182,fly,0.890,ok,2601,0,0,192.00,288268288,406867968,114090264,95883264,18123768,2904,11174640,22132800,958,7777,7777,0,0,0,0,0,0,0,0,0.134,0.066,0.000,0,0,0,7777,7777,0,0
travel,36.379,872.9,745.706,745.706,fly,0.821,ok,2601,0,0,192.00,288268288,406867968,114090264,95883264,18123768,2904,11174640,22132800,958,7777,7777,0,0,0,0,0,0,0,0,0.060,0.065,0.000,0,0,0,7777,7777,0,0
travel,36.410,873.6,746.224,746.224,fly,0.816,ok,2601,0,0,192.00,288268288,406867968,114090264,95883264,18123768,2904,11174640,22132800,958,7777,7777,0,0,0,0,0,0,0,0,0.062,0.064,0.000,0,0,0,7777,7777,0,0
travel,36.440,874.3,746.744,746.744,fly,0.808,ok,2601,0,0,192.00,288268288,406867968,114090264,95883264,18123768,2904,11174640,22132800,958,7777,7777,0,0,0,0,0,0,0,0,0.061,0.063,0.000,0,0,0,7777,7777,0,0
travel,36.472,875.1,747.275,747.275,fly,0.837,ok,2601,0,0,192.00,288268288,406867968,114090264,95883264,18123768,2904,7449760,22132800,958,7777,7777,0,0,0,0,0,0,0,0,0.062,0.071,0.000,0,0,0,7777,7777,0,0
travel,36.502,875.8,747.794,747.794,fly,0.807,ok,2601,0,0,192.00,288268288,406867968,114090264,95883264,18123768,2904,7449760,22132800,958,7777,7777,0,0,0,0,0,0,0,0,0.061,0.066,0.000,0,0,0,7777,7777,0,0
travel,36.533,876.5,748.308,748.308,fly,0.806,ok,2601,0,0,192.00,288268288,406867968,114090264,95883264,18123768,2904,7449760,22132800,958,7777,7777,0,0,0,0,0,0,0,0,0.060,0.063,0.000,0,0,0,7777,7777,0,0
travel,36.563,877.3,748.832,748.832,fly,1.256,ok,2601,0,0,192.00,288268288,406867968,114090264,95883264,18123768,2904,7449760,22132800,958,7777,7777,0,0,0,0,0,0,0,0,0.150,0.161,0.000,0,0,0,7777,7777,0,0
travel,36.595,878.0,749.367,749.367,fly,0.913,ok,2601,0,0,192.00,288268288,406867968,114090264,95883264,18123768,2904,7449760,22132800,958,7777,7777,0,0,0,0,0,0,0,0,0.063,0.099,0.000,0,0,0,7777,7777,0,0
travel,36.627,878.8,749.903,749.903,fly,0.809,ok,2601,0,0,192.00,288268288,406867968,114090264,95883264,18123768,2904,7449760,22132800,958,7777,7777,0,0,0,0,0,0,0,0,0.061,0.066,0.000,0,0,0,7777,7777,0,0
travel,36.657,879.5,750.423,750.423,fly,1.115,ok,2601,0,0,192.00,288268288,406867968,114090264,95883264,18123768,2904,7449760,22132800,958,7777,7777,0,0,0,0,0,0,0,0,0.147,0.134,0.000,0,0,0,7777,7777,0,0
travel,36.689,880.3,750.956,750.956,fly,0.811,ok,2601,0,0,192.00,288268288,406867968,114090264,95883264,18123768,2904,7449760,22132800,958,7777,7777,0,0,0,0,0,0,0,0,0.060,0.063,0.000,0,0,0,7777,7777,0,0
travel,36.720,881.0,751.485,751.485,fly,0.862,ok,2601,0,0,192.00,288268288,406867968,114090264,95883264,18123768,2904,7449760,22132800,958,7777,7777,0,0,0,0,0,0,0,0,0.064,0.076,0.000,0,0,0,7777,7777,0,0
travel,36.750,881.8,752.002,752.002,fly,4.793,ok,2534,67,78,192.00,288268288,406867968,111151376,93413376,17656912,2904,11174640,16444704,958,7811,7878,34,101,34,34,34,0,0,0,0.495,0.138,0.000,0,0,0,7811,7811,0,0
travel,36.794,882.8,752.741,752.741,fly,0.817,ok,2601,0,0,192.00,288268288,406867968,114090264,95883264,18123768,2904,11174640,22132800,958,7878,7878,0,0,0,0,0,0,0,0,0.061,0.067,0.000,0,0,0,7878,7878,0,0
travel,36.825,883.5,753.262,753.262,fly,0.841,ok,2601,0,0,192.00,288268288,406867968,114090264,95883264,18123768,2904,11174640,22132800,958,7878,7878,0,0,0,0,0,0,0,0,0.065,0.070,0.000,0,0,0,7878,7878,0,0
travel,36.856,884.3,753.791,753.791,fly,0.812,ok,2601,0,0,192.00,288268288,406867968,114090264,95883264,18123768,2904,11174640,22132800,958,7878,7878,0,0,0,0,0,0,0,0,0.062,0.065,0.000,0,0,0,7878,7878,0,0
travel,36.889,885.1,754.347,754.347,fly,0.809,ok,2601,0,0,192.00,288268288,406867968,114090264,95883264,18123768,2904,11174640,22132800,958,7878,7878,0,0,0,0,0,0,0,0,0.062,0.065,0.000,0,0,0,7878,7878,0,0
travel,36.919,885.8,754.872,754.872,fly,1.339,ok,2601,0,0,192.00,288268288,406867968,114090264,95883264,18123768,2904,11174640,22132800,958,7878,7878,0,0,0,0,0,0,0,0,0.304,0.137,0.000,0,0,0,7878,7878,0,0
travel,36.951,886.6,755.409,755.409,fly,0.830,ok,2601,0,0,192.00,288268288,406867968,114090264,95883264,18123768,2904,7449760,22132800,958,7878,7878,0,0,0,0,0,0,0,0,0.063,0.066,0.000,0,0,0,7878,7878,0,0
travel,36.982,887.3,755.926,755.926,fly,0.812,ok,2601,0,0,192.00,288268288,406867968,114090264,95883264,18123768,2904,7449760,22132800,958,7878,7878,0,0,0,0,0,0,0,0,0.061,0.064,0.000,0,0,0,7878,7878,0,0
travel,37.012,888.1,756.449,756.449,fly,0.805,ok,2601,0,0,192.00,288268288,406867968,114090264,95883264,18123768,2904,7449760,22132800,958,7878,7878,0,0,0,0,0,0,0,0,0.062,0.062,0.000,0,0,0,7878,7878,0,0
travel,37.045,888.8,756.997,756.997,fly,0.809,ok,2601,0,0,192.00,288268288,406867968,114090264,95883264,18123768,2904,7449760,22132800,958,7878,7878,0,0,0,0,0,0,0,0,0.061,0.063,0.000,0,0,0,7878,7878,0,0
travel,37.076,889.6,757.528,757.528,fly,0.813,ok,2601,0,0,192.00,288268288,406867968,114090264,95883264,18123768,2904,7449760,22132800,958,7878,7878,0,0,0,0,0,0,0,0,0.061,0.066,0.000,0,0,0,7878,7878,0,0
travel,37.107,890.3,758.045,758.045,fly,0.817,ok,2601,0,0,192.00,288268288,406867968,114090264,95883264,18123768,2904,7449760,22132800,958,7878,7878,0,0,0,0,0,0,0,0,0.061,0.067,0.000,0,0,0,7878,7878,0,0
travel,37.138,891.1,758.586,758.586,fly,0.811,ok,2601,0,0,192.00,288268288,406867968,114090264,95883264,18123768,2904,7449760,22132800,958,7878,7878,0,0,0,0,0,0,0,0,0.060,0.065,0.000,0,0,0,7878,7878,0,0
travel,37.169,891.8,759.110,759.110,fly,0.812,ok,2601,0,0,192.00,288268288,406867968,114090264,95883264,18123768,2904,7449760,22132800,958,7878,7878,0,0,0,0,0,0,0,0,0.060,0.065,0.000,0,0,0,7878,7878,0,0
travel,37.200,892.5,759.627,759.627,fly,0.980,ok,2601,0,0,192.00,288268288,406867968,114090264,95883264,18123768,2904,7449760,22132800,958,7878,7878,0,0,0,0,0,0,0,0,0.071,0.113,0.000,0,0,0,7878,7878,0,0
travel,37.244,893.6,760.379,760.379,fly,0.858,ok,2601,0,0,192.00,288739328,409497600,114090264,95883264,18123768,2904,11174640,22132800,958,7979,7979,0,0,0,0,0,0,0,0,0.062,0.072,0.000,0,0,0,7979,7979,0,0
travel,37.275,894.3,760.897,760.897,fly,0.813,ok,2601,0,0,192.00,288739328,409497600,114090264,95883264,18123768,2904,11174640,22132800,958,7979,7979,0,0,0,0,0,0,0,0,0.061,0.066,0.000,0,0,0,7979,7979,0,0
travel,37.306,895.1,761.427,761.427,fly,0.822,ok,2601,0,0,192.00,288739328,409497600,114090264,95883264,18123768,2904,11174640,22132800,958,7979,7979,0,0,0,0,0,0,0,0,0.061,0.067,0.000,0,0,0,7979,7979,0,0
travel,37.337,895.8,761.953,761.953,fly,0.850,ok,2601,0,0,192.00,288739328,409497600,114090264,95883264,18123768,2904,11174640,22132800,958,7979,7979,0,0,0,0,0,0,0,0,0.063,0.074,0.000,0,0,0,7979,7979,0,0
travel,37.368,896.6,762.474,762.474,fly,0.810,ok,2601,0,0,192.00,288739328,409497600,114090264,95883264,18123768,2904,11174640,22132800,958,7979,7979,0,0,0,0,0,0,0,0,0.061,0.066,0.000,0,0,0,7979,7979,0,0
travel,37.399,897.3,763.007,763.007,fly,0.861,ok,2601,0,0,192.00,288739328,409497600,114090264,95883264,18123768,2904,11174640,22132800,958,7979,7979,0,0,0,0,0,0,0,0,0.063,0.067,0.000,0,0,0,7979,7979,0,0
travel,37.430,898.1,763.526,763.526,fly,0.981,ok,2601,0,0,192.00,288739328,409497600,114090264,95883264,18123768,2904,7449760,22132800,958,7979,7979,0,0,0,0,0,0,0,0,0.070,0.105,0.000,0,0,0,7979,7979,0,0
travel,37.461,898.8,764.053,764.053,fly,0.878,ok,2601,0,0,192.00,288739328,409497600,114090264,95883264,18123768,2904,7449760,22132800,958,7979,7979,0,0,0,0,0,0,0,0,0.130,0.060,0.000,0,0,0,7979,7979,0,0
travel,37.492,899.6,764.593,764.593,fly,0.841,ok,2601,0,0,192.00,288739328,409497600,114090264,95883264,18123768,2904,7449760,22132800,958,7979,7979,0,0,0,0,0,0,0,0,0.062,0.069,0.000,0,0,0,7979,7979,0,0
travel,37.524,900.3,765.122,765.122,fly,1.358,ok,2601,0,0,192.00,288739328,409497600,114090264,95883264,18123768,2904,7449760,22132800,958,7979,7979,0,0,0,0,0,0,0,0,0.140,0.107,0.000,0,0,0,7979,7979,0,0
travel,37.555,901.1,765.652,765.652,fly,1.080,ok,2601,0,0,192.00,288739328,409497600,114090264,95883264,18123768,2904,7449760,22132800,958,7979,7979,0,0,0,0,0,0,0,0,0.303,0.073,0.000,0,0,0,7979,7979,0,0
travel,37.586,901.8,766.185,766.185,fly,0.819,ok,2601,0,0,192.00,288739328,409497600,114090264,95883264,18123768,2904,7449760,22132800,958,7979,7979,0,0,0,0,0,0,0,0,0.062,0.068,0.000,0,0,0,7979,7979,0,0
travel,37.617,902.6,766.700,766.700,fly,1.046,ok,2601,0,0,192.00,288739328,409497600,114090264,95883264,18123768,2904,7449760,22132800,958,7979,7979,0,0,0,0,0,0,0,0,0.076,0.134,0.000,0,0,0,7979,7979,0,0
travel,37.648,903.3,767.229,767.229,fly,0.817,ok,2601,0,0,192.00,288739328,409497600,114090264,95883264,18123768,2904,7449760,22132800,958,7979,7979,0,0,0,0,0,0,0,0,0.060,0.067,0.000,0,0,0,7979,7979,0,0
travel,37.678,904.0,767.748,767.748,fly,1.004,ok,2601,0,0,192.00,288739328,409497600,114090264,95883264,18123768,2904,7449760,22132800,958,7979,7979,0,0,0,0,0,0,0,0,0.072,0.116,0.000,0,0,0,7979,7979,0,0
travel,37.722,905.1,768.482,768.482,fly,0.899,ok,2601,0,0,192.00,289787904,410546176,114090264,95883264,18123768,2904,11174640,22132800,958,8080,8080,0,0,0,0,0,0,0,0,0.064,0.083,0.000,0,0,0,8080,8080,0,0
travel,37.753,905.8,769.012,769.012,fly,0.887,ok,2601,0,0,192.00,289787904,410546176,114090264,95883264,18123768,2904,11174640,22132800,958,8080,8080,0,0,0,0,0,0,0,0,0.062,0.066,0.000,0,0,0,8080,8080,0,0
travel,37.783,906.6,769.530,769.530,fly,0.807,ok,2601,0,0,192.00,289787904,410546176,114090264,95883264,18123768,2904,11174640,22132800,958,8080,8080,0,0,0,0,0,0,0,0,0.064,0.062,0.000,0,0,0,8080,8080,0,0
travel,37.814,907.3,770.054,770.054,fly,0.812,ok,2601,0,0,192.00,289787904,410546176,114090264,95883264,18123768,2904,11174640,22132800,958,8080,8080,0,0,0,0,0,0,0,0,0.061,0.066,0.000,0,0,0,8080,8080,0,0
travel,37.845,908.0,770.567,770.567,fly,1.240,ok,2601,0,0,192.00,289787904,410546176,114090264,95883264,18123768,2904,11174640,22132800,958,8080,8080,0,0,0,0,0,0,0,0,0.152,0.141,0.000,0,0,0,8080,8080,0,0
travel,37.875,908.8,771.087,771.087,fly,0.841,ok,2601,0,0,192.00,289792000,410546176,114090264,95883264,18123768,2904,7449760,22132800,958,8080,8080,0,0,0,0,0,0,0,0,0.061,0.067,0.000,0,0,0,8080,8080,0,0
travel,37.906,909.5,771.611,771.611,fly,0.815,ok,2601,0,0,192.00,289792000,410546176,114090264,95883264,18123768,2904,7449760,22132800,958,8080,8080,0,0,0,0,0,0,0,0,0.061,0.067,0.000,0,0,0,8080,8080,0,0
travel,37.936,910.2,772.124,772.124,fly,0.817,ok,2601,0,0,192.00,289792000,410546176,114090264,95883264,18123768,2904,7449760,22132800,958,8080,8080,0,0,0,0,0,0,0,0,0.061,0.069,0.000,0,0,0,8080,8080,0,0
travel,37.967,911.0,772.650,772.650,fly,0.868,ok,2601,0,0,192.00,289792000,410546176,114090264,95883264,18123768,2904,7449760,22132800,958,8080,8080,0,0,0,0,0,0,0,0,0.063,0.082,0.000,0,0,0,8080,8080,0,0
travel,37.998,911.7,773.174,773.174,fly,0.853,ok,2601,0,0,192.00,289792000,410546176,114090264,95883264,18123768,2904,7449760,22132800,958,8080,8080,0,0,0,0,0,0,0,0,0.063,0.079,0.000,0,0,0,8080,8080,0,0
travel,38.029,912.4,773.693,773.693,fly,0.958,ok,2601,0,0,192.00,289792000,410546176,114090264,95883264,18123768,2904,7449760,22132800,958,8080,8080,0,0,0,0,0,0,0,0,0.185,0.071,0.000,0,0,0,8080,8080,0,0
travel,38.060,913.2,774.226,774.226,fly,0.812,ok,2601,0,0,192.00,289792000,410546176,114090264,95883264,18123768,2904,7449760,22132800,958,8080,8080,0,0,0,0,0,0,0,0,0.061,0.065,0.000,0,0,0,8080,8080,0,0
travel,38.091,913.9,774.748,774.748,fly,1.278,ok,2601,0,0,192.00,289792000,410546176,114090264,95883264,18123768,2904,7449760,22132800,958,8080,8080,0,0,0,0,0,0,0,0,0.145,0.153,0.000,0,0,0,8080,8080,0,0
travel,38.122,914.7,775.273,775.273,fly,0.815,ok,2601,0,0,192.00,289792000,410546176,114090264,95883264,18123768,2904,7449760,22132800,958,8080,8080,0,0,0,0,0,0,0,0,0.060,0.066,0.000,0,0,0,8080,8080,0,0
travel,38.154,915.4,775.807,775.807,fly,0.809,ok,2601,0,0,192.00,289792000,410546176,114090264,95883264,18123768,2904,7449760,22132800,958,8080,8080,0,0,0,0,0,0,0,0,0.060,0.064,0.000,0,0,0,8080,8080,0,0
travel,38.197,916.5,776.540,776.540,fly,1.124,ok,2601,0,0,192.00,291233792,412123136,114090264,95883264,18123768,2904,11174640,22132800,958,8181,8181,0,0,0,0,0,0,0,0,0.189,0.113,0.000,0,0,0,8181,8181,0,0
travel,38.228,917.2,777.069,777.069,fly,0.819,ok,2601,0,0,192.00,291233792,412123136,114090264,95883264,18123768,2904,11174640,22132800,958,8181,8181,0,0,0,0,0,0,0,0,0.062,0.067,0.000,0,0,0,8181,8181,0,0
travel,38.258,917.9,777.586,777.586,fly,0.964,ok,2601,0,0,192.00,291233792,412123136,114090264,95883264,18123768,2904,11174640,22132800,958,8181,8181,0,0,0,0,0,0,0,0,0.077,0.138,0.000,0,0,0,8181,8181,0,0
travel,38.290,918.7,778.114,778.114,fly,0.815,ok,2601,0,0,192.00,291233792,412123136,114090264,95883264,18123768,2904,11174640,22132800,958,8181,8181,0,0,0,0,0,0,0,0,0.061,0.063,0.000,0,0,0,8181,8181,0,0
travel,38.321,919.4,778.645,778.645,fly,0.817,ok,2601,0,0,192.00,291233792,412123136,114090264,95883264,18123768,2904,11174640,22132800,958,8181,8181,0,0,0,0,0,0,0,0,0.062,0.065,0.000,0,0,0,8181,8181,0,0
travel,38.352,920.2,779.172,779.172,fly,0.837,ok,2601,0,0,192.00,291233792,412123136,114090264,95883264,18123768,2904,7449760,22132800,958,8181,8181,0,0,0,0,0,0,0,0,0.062,0.068,0.000,0,0,0,8181,8181,0,0
travel,38.384,920.9,779.710,779.710,fly,0.811,ok,2601,0,0,192.00,291233792,412123136,114090264,95883264,18123768,2904,7449760,22132800,958,8181,8181,0,0,0,0,0,0,0,0,0.062,0.063,0.000,0,0,0,8181,8181,0,0
travel,38.414,921.7,780.233,780.233,fly,0.898,ok,2601,0,0,192.00,291233792,412123136,114090264,95883264,18123768,2904,7449760,22132800,958,8181,8181,0,0,0,0,0,0,0,0,0.062,0.069,0.000,0,0,0,8181,8181,0,0
travel,38.445,922.4,780.750,780.750,fly,0.822,ok,2601,0,0,192.00,291233792,412123136,114090264,95883264,18123768,2904,7449760,22132800,958,8181,8181,0,0,0,0,0,0,0,0,0.061,0.068,0.000,0,0,0,8181,8181,0,0
travel,38.476,923.2,781.280,781.280,fly,0.804,ok,2601,0,0,192.00,291233792,412123136,114090264,95883264,18123768,2904,7449760,22132800,958,8181,8181,0,0,0,0,0,0,0,0,0.060,0.063,0.000,0,0,0,8181,8181,0,0
travel,38.508,923.9,781.818,781.818,fly,0.969,ok,2601,0,0,192.00,291233792,412123136,114090264,95883264,18123768,2904,7449760,22132800,958,8181,8181,0,0,0,0,0,0,0,0,0.065,0.084,0.000,0,0,0,8181,8181,0,0
travel,38.539,924.7,782.337,782.337,fly,1.042,ok,2601,0,0,192.00,291233792,412123136,114090264,95883264,18123768,2904,7449760,22132800,958,8181,8181,0,0,0,0,0,0,0,0,0.279,0.069,0.000,0,0,0,8181,8181,0,0
travel,38.570,925.4,782.867,782.867,fly,0.812,ok,2601,0,0,192.00,291233792,412123136,114090264,95883264,18123768,2904,7449760,22132800,958,8181,8181,0,0,0,0,0,0,0,0,0.060,0.067,0.000,0,0,0,8181,8181,0,0
travel,38.601,926.2,783.392,783.392,fly,1.089,ok,2601,0,0,192.00,291233792,412123136,114090264,95883264,18123768,2904,7449760,22132800,958,8181,8181,0,0,0,0,0,0,0,0,0.075,0.152,0.000,0,0,0,8181,8181,0,0
travel,38.631,926.9,783.906,783.906,fly,0.819,ok,2601,0,0,192.00,291233792,412123136,114090264,95883264,18123768,2904,7449760,22132800,958,8181,8181,0,0,0,0,0,0,0,0,0.062,0.068,0.000,0,0,0,8181,8181,0,0
travel,38.674,927.9,784.635,784.635,fly,1.177,ok,2601,0,0,192.00,292597760,413700096,114090264,95883264,18123768,2904,11174640,22132800,958,8282,8282,0,0,0,0,0,0,0,0,0.147,0.130,0.000,0,0,0,8282,8282,0,0
travel,38.705,928.7,785.162,785.162,fly,0.810,ok,2601,0,0,192.00,292597760,413700096,114090264,95883264,18123768,2904,11174640,22132800,958,8282,8282,0,0,0,0,0,0,0,0,0.061,0.064,0.000,0,0,0,8282,8282,0,0
travel,38.736,929.4,785.687,785.687,fly,0.813,ok,2601,0,0,192.00,292597760,413700096,114090264,95883264,18123768,2904,11174640,22132800,958,8282,8282,0,0,0,0,0,0,0,0,0.062,0.064,0.000,0,0,0,8282,8282,0,0
travel,38.767,930.1,786.207,786.207,fly,0.811,ok,2601,0,0,192.00,292597760,413700096,114090264,95883264,18123768,2904,11174640,22132800,958,8282,8282,0,0,0,0,0,0,0,0,0.061,0.063,0.000,0,0,0,8282,8282,0,0
travel,38.798,930.9,786.741,786.741,fly,0.812,ok,2601,0,0,192.00,292597760,413700096,114090264,95883264,18123768,2904,11174640,22132800,958,8282,8282,0,0,0,0,0,0,0,0,0.060,0.063,0.000,0,0,0,8282,8282,0,0
travel,38.829,931.6,787.270,787.270,fly,0.850,ok,2601,0,0,192.00,292597760,413700096,114090264,95883264,18123768,2904,7449760,22132800,958,8282,8282,0,0,0,0,0,0,0,0,0.062,0.077,0.000,0,0,0,8282,8282,0,0
travel,38.861,932.4,787.802,787.802,fly,0.998,ok,2601,0,0,192.00,292597760,413700096,114090264,95883264,18123768,2904,7449760,22132800,958,8282,8282,0,0,0,0,0,0,0,0,0.072,0.113,0.000,0,0,0,8282,8282,0,0
travel,38.892,933.1,788.332,788.332,fly,0.853,ok,2601,0,0,192.00,292597760,413700096,114090264,95883264,18123768,2904,7449760,22132800,958,8282,8282,0,0,0,0,0,0,0,0,0.062,0.073,0.000,0,0,0,8282,8282,0,0
travel,38.923,933.9,788.852,788.852,fly,0.857,ok,2601,0,0,192.00,292597760,413700096,114090264,95883264,18123768,2904,7449760,22132800,958,8282,8282,0,0,0,0,0,0,0,0,0.062,0.081,0.000,0,0,0,8282,8282,0,0
travel,38.953,934.6,789.373,789.373,fly,0.952,ok,2601,0,0,192.00,292597760,413700096,114090264,95883264,18123768,2904,7449760,22132800,958,8282,8282,0,0,0,0,0,0,0,0,0.204,0.064,0.000,0,0,0,8282,8282,0,0
travel,38.985,935.4,789.905,789.905,fly,0.845,ok,2601,0,0,192.00,292597760,413700096,114090264,95883264,18123768,2904,7449760,22132800,958,8282,8282,0,0,0,0,0,0,0,0,0.064,0.073,0.000,0,0,0,8282,8282,0,0
travel,39.015,936.1,790.423,790.423,fly,0.909,ok,2601,0,0,192.00,292597760,413700096,114090264,95883264,18123768,2904,7449760,22132800,958,8282,8282,0,0,0,0,0,0,0,0,0.069,0.131,0.000,0,0,0,8282,8282,0,0
travel,39.047,936.9,790.962,790.962,fly,0.814,ok,2601,0,0,192.00,292597760,413700096,114090264,95883264,18123768,2904,7449760,22132800,958,8282,8282,0,0,0,0,0,0,0,0,0.060,0.067,0.000,0,0,0,8282,8282,0,0
travel,39.079,937.6,791.498,791.498,fly,0.812,ok,2601,0,0,192.00,292597760,413700096,114090264,95883264,18123768,2904,7449760,22132800,958,8282,8282,0,0,0,0,0,0,0,0,0.061,0.067,0.000,0,0,0,8282,8282,0,0
travel,39.114,938.5,792.094,792.094,fly,3.886,ok,2559,42,116,192.00,293269504,414224384,112247976,94334976,17831112,2904,11174640,18272688,958,8341,8383,24,0,61,24,24,0,0,0,0.073,0.110,0.000,0,0,0,8341,8341,0,0
travel,39.153,939.4,792.766,792.766,fly,0.842,ok,2601,0,0,192.00,294342656,415801344,114090264,95883264,18123768,2904,11174640,22132800,958,8383,8383,0,0,0,0,0,0,0,0,0.062,0.072,0.000,0,0,0,8383,8383,0,0
travel,39.184,940.2,793.288,793.288,fly,0.971,ok,2601,0,0,192.00,294342656,415801344,114090264,95883264,18123768,2904,11174640,22132800,958,8383,8383,0,0,0,0,0,0,0,0,0.118,0.147,0.000,0,0,0,8383,8383,0,0
travel,39.215,940.9,793.821,793.821,fly,0.817,ok,2601,0,0,192.00,294342656,415801344,114090264,95883264,18123768,2904,11174640,22132800,958,8383,8383,0,0,0,0,0,0,0,0,0.061,0.064,0.000,0,0,0,8383,8383,0,0
travel,39.247,941.7,794.351,794.351,fly,0.847,ok,2601,0,0,192.00,294342656,415801344,114090264,95883264,18123768,2904,11174640,22132800,958,8383,8383,0,0,0,0,0,0,0,0,0.063,0.072,0.000,0,0,0,8383,8383,0,0
travel,39.277,942.4,794.864,794.864,fly,0.834,ok,2601,0,0,192.00,294342656,415801344,114090264,95883264,18123768,2904,11174640,22132800,958,8383,8383,0,0,0,0,0,0,0,0,0.062,0.070,0.000,0,0,0,8383,8383,0,0
travel,39.309,943.2,795.410,795.410,fly,0.847,ok,2601,0,0,192.00,294342656,415801344,114090264,95883264,18123768,2904,7449760,22132800,958,8383,8383,0,0,0,0,0,0,0,0,0.062,0.077,0.000,0,0,0,8383,8383,0,0
travel,39.340,943.9,795.940,795.940,fly,0.814,ok,2601,0,0,192.00,294342656,415801344,114090264,95883264,18123768,2904,7449760,22132800,958,8383,8383,0,0,0,0,0,0,0,0,0.061,0.067,0.000,0,0,0,8383,8383,0,0
travel,39.371,944.6,796.458,796.458,fly,0.805,ok,2601,0,0,192.00,294342656,415801344,114090264,95883264,18123768,2904,7449760,22132800,958,8383,8383,0,0,0,0,0,0,0,0,0.060,0.066,0.000,0,0,0,8383,8383,0,0
travel,39.402,945.4,796.990,796.990,fly,0.806,ok,2601,0,0,192.00,294342656,415801344,114090264,95883264,18123768,2904,7449760,22132800,958,8383,8383,0,0,0,0,0,0,0,0,0.060,0.062,0.000,0,0,0,8383,8383,0,0
travel,39.434,946.1,797.525,797.525,fly,0.841,ok,2601,0,0,192.00,294342656,415801344,114090264,95883264,18123768,2904,7449760,22132800,958,8383,8383,0,0,0,0,0,0,0,0,0.062,0.071,0.000,0,0,0,8383,8383,0,0
travel,39.465,946.9,798.046,798.046,fly,0.858,ok,2601,0,0,192.00,294342656,415801344,114090264,95883264,18123768,2904,7449760,22132800,958,8383,8383,0,0,0,0,0,0,0,0,0.062,0.075,0.000,0,0,0,8383,8383,0,0
travel,39.495,947.6,798.564,798.564,fly,0.804,ok,2601,0,0,192.00,294342656,415801344,114090264,95883264,18123768,2904,7449760,22132800,958,8383,8383,0,0,0,0,0,0,0,0,0.060,0.063,0.000,0,0,0,8383,8383,0,0
travel,39.526,948.4,799.089,799.089,fly,1.237,ok,2601,0,0,192.00,294342656,415801344,114090264,95883264,18123768,2904,7449760,22132800,958,8383,8383,0,0,0,0,0,0,0,0,0.150,0.117,0.000,0,0,0,8383,8383,0,0
travel,39.557,949.1,799.610,799.610,fly,0.810,ok,2601,0,0,192.00,294342656,415801344,114090264,95883264,18123768,2904,7449760,22132800,958,8383,8383,0,0,0,0,0,0,0,0,0.060,0.067,0.000,0,0,0,8383,8383,0,0
travel,39.599,950.1,800.325,800.325,fly,0.996,ok,2601,0,0,192.00,295395328,418426880,114090264,95883264,18123768,2904,11174640,22132800,958,8484,8484,0,0,0,0,0,0,0,0,0.076,0.137,0.000,0,0,0,8484,8484,0,0
travel,39.630,950.9,800.855,800.855,fly,0.836,ok,2601,0,0,192.00,295395328,418426880,114090264,95883264,18123768,2904,11174640,22132800,958,8484,8484,0,0,0,0,0,0,0,0,0.062,0.069,0.000,0,0,0,8484,8484,0,0
travel,39.662,951.6,801.402,801.402,fly,0.845,ok,2601,0,0,192.00,295395328,418426880,114090264,95883264,18123768,2904,11174640,22132800,958,8484,8484,0,0,0,0,0,0,0,0,0.063,0.074,0.000,0,0,0,8484,8484,0,0
travel,39.693,952.4,801.927,801.927,fly,1.301,ok,2601,0,0,192.00,295395328,418426880,114090264,95883264,18123768,2904,11174640,22132800,958,8484,8484,0,0,0,0,0,0,0,0,0.150,0.129,0.000,0,0,0,8484,8484,0,0
travel,39.725,953.1,802.458,802.458,fly,0.810,ok,2601,0,0,192.00,295395328,418426880,114090264,95883264,18123768,2904,11174640,22132800,958,8484,8484,0,0,0,0,0,0,0,0,0.061,0.065,0.000,0,0,0,8484,8484,0,0
travel,39.756,953.9,802.983,802.983,fly,0.826,ok,2601,0,0,192.00,295395328,418426880,114090264,95883264,18123768,2904,11174640,22132800,958,8484,8484,0,0,0,0,0,0,0,0,0.061,0.066,0.000,0,0,0,8484,8484,0,0
travel,39.787,954.6,803.508,803.508,fly,0.867,ok,2601,0,0,192.00,295395328,418426880,114090264,95883264,18123768,2904,7449760,22132800,958,8484,8484,0,0,0,0,0,0,0,0,0.063,0.077,0.000,0,0,0,8484,8484,0,0
travel,39.819,955.4,804.061,804.061,fly,0.975,ok,2601,0,0,192.00,295395328,418426880,114090264,95883264,18123768,2904,7449760,22132800,958,8484,8484,0,0,0,0,0,0,0,0,0.178,0.084,0.000,0,0,0,8484,8484,0,0
travel,39.851,956.1,804.596,804.596,fly,0.809,ok,2601,0,0,192.00,295395328,418426880,114090264,95883264,18123768,2904,7449760,22132800,958,8484,8484,0,0,0,0,0,0,0,0,0.063,0.066,0.000,0,0,0,8484,8484,0,0
travel,39.881,956.9,805.110,805.110,fly,1.086,ok,2601,0,0,192.00,295395328,418426880,114090264,95883264,18123768,2904,7449760,22132800,958,8484,8484,0,0,0,0,0,0,0,0,0.076,0.138,0.000,0,0,0,8484,8484,0,0
travel,39.912,957.6,805.644,805.644,fly,0.814,ok,2601,0,0,192.00,295395328,418426880,114090264,95883264,18123768,2904,7449760,22132800,958,8484,8484,0,0,0,0,0,0,0,0,0.060,0.065,0.000,0,0,0,8484,8484,0,0
travel,39.943,958.4,806.170,806.170,fly,0.955,ok,2601,0,0,192.00,295395328,418426880,114090264,95883264,18123768,2904,7449760,22132800,958,8484,8484,0,0,0,0,0,0,0,0,0.072,0.109,0.000,0,0,0,8484,8484,0,0
travel,39.974,959.1,806.687,806.687,fly,0.816,ok,2601,0,0,192.00,295395328,418426880,114090264,95883264,18123768,2904,7449760,22132800,958,8484,8484,0,0,0,0,0,0,0,0,0.063,0.067,0.000,0,0,0,8484,8484,0,0
travel,40.005,959.9,807.219,807.219,fly,0.808,ok,2601,0,0,192.00,295395328,418426880,114090264,95883264,18123768,2904,7449760,22132800,958,8484,8484,0,0,0,0,0,0,0,0,0.060,0.064,0.000,0,0,0,8484,8484,0,0
travel,40.037,960.6,807.751,807.751,fly,0.827,ok,2601,0,0,192.00,295395328,418426880,114090264,95883264,18123768,2904,7449760,22132800,958,8484,8484,0,0,0,0,0,0,0,0,0.060,0.070,0.000,0,0,0,8484,8484,0,0
travel,40.079,961.6,808.474,808.474,fly,0.805,ok,2601,0,0,192.00,296124416,420003840,114090264,95883264,18123768,2904,11174640,22132800,958,8585,8585,0,0,0,0,0,0,0,0,0.061,0.063,0.000,0,0,0,8585,8585,0,0
travel,40.110,962.4,808.995,808.995,fly,0.831,ok,2601,0,0,192.00,296124416,420003840,114090264,95883264,18123768,2904,11174640,22132800,958,8585,8585,0,0,0,0,0,0,0,0,0.062,0.072,0.000,0,0,0,8585,8585,0,0
travel,40.141,963.1,809.516,809.516,fly,0.853,ok,2601,0,0,192.00,296124416,420003840,114090264,95883264,18123768,2904,11174640,22132800,958,8585,8585,0,0,0,0,0,0,0,0,0.106,0.063,0.000,0,0,0,8585,8585,0,0
travel,40.172,963.8,810.042,810.042,fly,0.912,ok,2601,0,0,192.00,296124416,420003840,114090264,95883264,18123768,2904,11174640,22132800,958,8585,8585,0,0,0,0,0,0,0,0,0.061,0.153,0.000,0,0,0,8585,8585,0,0
travel,40.203,964.6,810.570,810.570,fly,1.118,ok,2601,0,0,192.00,296124416,420003840,114090264,95883264,18123768,2904,11174640,22132800,958,8585,8585,0,0,0,0,0,0,0,0,0.076,0.112,0.000,0,0,0,8585,8585,0,0
travel,40.233,965.3,811.086,811.086,fly,0.814,ok,2601,0,0,192.00,296124416,420003840,114090264,95883264,18123768,2904,11174640,22132800,958,8585,8585,0,0,0,0,0,0,0,0,0.063,0.066,0.000,0,0,0,8585,8585,0,0
travel,40.264,966.1,811.613,811.613,fly,0.848,ok,2601,0,0,192.00,296124416,420003840,114090264,95883264,18123768,2904,7449760,22132800,958,8585,8585,0,0,0,0,0,0,0,0,0.061,0.070,0.000,0,0,0,8585,8585,0,0
travel,40.295,966.8,812.132,812.132,fly,0.808,ok,2601,0,0,192.00,296124416,420003840,114090264,95883264,18123768,2904,7449760,22132800,958,8585,8585,0,0,0,0,0,0,0,0,0.061,0.065,0.000,0,0,0,8585,8585,0,0
travel,40.326,967.5,812.654,812.654,fly,0.809,ok,2601,0,0,192.00,296124416,420003840,114090264,95883264,18123768,2904,7449760,22132800,958,8585,8585,0,0,0,0,0,0,0,0,0.060,0.065,0.000,0,0,0,8585,8585,0,0
travel,40.356,968.3,813.174,813.174,fly,1.272,ok,2601,0,0,192.00,296124416,420003840,114090264,95883264,18123768,2904,7449760,22132800,958,8585,8585,0,0,0,0,0,0,0,0,0.073,0.134,0.000,0,0,0,8585,8585,0,0
travel,40.387,969.0,813.701,813.701,fly,0.805,ok,2601,0,0,192.00,296124416,420003840,114090264,95883264,18123768,2904,7449760,22132800,958,8585,8585,0,0,0,0,0,0,0,0,0.061,0.062,0.000,0,0,0,8585,8585,0,0
travel,40.419,969.8,814.233,814.233,fly,0.813,ok,2601,0,0,192.00,296124416,420003840,114090264,95883264,18123768,2904,7449760,22132800,958,8585,8585,0,0,0,0,0,0,0,0,0.060,0.068,0.000,0,0,0,8585,8585,0,0
travel,40.450,970.5,814.765,814.765,fly,1.249,ok,2601,0,0,192.00,296124416,420003840,114090264,95883264,18123768,2904,7449760,22132800,958,8585,8585,0,0,0,0,0,0,0,0,0.073,0.134,0.000,0,0,0,8585,8585,0,0
travel,40.482,971.3,815.297,815.297,fly,0.882,ok,2601,0,0,192.00,296124416,420003840,114090264,95883264,18123768,2904,7449760,22132800,958,8585,8585,0,0,0,0,0,0,0,0,0.132,0.062,0.000,0,0,0,8585,8585,0,0
travel,40.512,972.0,815.816,815.816,fly,0.806,ok,2601,0,0,192.00,296124416,420003840,114090264,95883264,18123768,2904,7449760,22132800,958,8585,8585,0,0,0,0,0,0,0,0,0.060,0.067,0.000,0,0,0,8585,8585,0,0
travel,40.555,973.0,816.547,816.547,fly,0.809,ok,2601,0,0,192.00,297607168,421052416,114090264,95883264,18123768,2904,11174640,22132800,958,8686,8686,0,0,0,0,0,0,0,0,0.061,0.067,0.000,0,0,0,8686,8686,0,0
travel,40.586,973.8,817.074,817.074,fly,0.838,ok,2601,0,0,192.00,297607168,421052416,114090264,95883264,18123768,2904,11174640,22132800,958,8686,8686,0,0,0,0,0,0,0,0,0.063,0.074,0.000,0,0,0,8686,8686,0,0
travel,40.617,974.5,817.592,817.592,fly,0.805,ok,2601,0,0,192.00,297607168,421052416,114090264,95883264,18123768,2904,11174640,22132800,958,8686,8686,0,0,0,0,0,0,0,0,0.064,0.063,0.000,0,0,0,8686,8686,0,0
travel,40.648,975.3,818.128,818.128,fly,0.814,ok,2601,0,0,192.00,297607168,421052416,114090264,95883264,18123768,2904,11174640,22132800,958,8686,8686,0,0,0,0,0,0,0,0,0.061,0.066,0.000,0,0,0,8686,8686,0,0
travel,40.680,976.0,818.664,818.664,fly,0.812,ok,2601,0,0,192.00,297607168,421052416,114090264,95883264,18123768,2904,11174640,22132800,958,8686,8686,0,0,0,0,0,0,0,0,0.061,0.065,0.000,0,0,0,8686,8686,0,0
travel,40.710,976.8,819.181,819.181,fly,0.923,ok,2601,0,0,192.00,297607168,421052416,114090264,95883264,18123768,2904,7449760,22132800,958,8686,8686,0,0,0,0,0,0,0,0,0.064,0.081,0.000,0,0,0,8686,8686,0,0
travel,40.741,977.5,819.699,819.699,fly,0.847,ok,2601,0,0,192.00,297607168,421052416,114090264,95883264,18123768,2904,7449760,22132800,958,8686,8686,0,0,0,0,0,0,0,0,0.062,0.074,0.000,0,0,0,8686,8686,0,0
travel,40.772,978.2,820.219,820.219,fly,0.923,ok,2601,0,0,192.00,297607168,421052416,114090264,95883264,18123768,2904,7449760,22132800,958,8686,8686,0,0,0,0,0,0,0,0,0.069,0.098,0.000,0,0,0,8686,8686,0,0
travel,40.803,979.0,820.743,820.743,fly,0.886,ok,2601,0,0,192.00,297607168,421052416,114090264,95883264,18123768,2904,7449760,22132800,958,8686,8686,0,0,0,0,0,0,0,0,0.137,0.064,0.000,0,0,0,8686,8686,0,0
travel,40.834,979.7,821.280,821.280,fly,0.873,ok,2601,0,0,192.00,297607168,421052416,114090264,95883264,18123768,2904,7449760,22132800,958,8686,8686,0,0,0,0,0,0,0,0,0.062,0.075,0.000,0,0,0,8686,8686,0,0
travel,40.866,980.5,821.812,821.812,fly,0.840,ok,2601,0,0,192.00,297607168,421052416,114090264,95883264,18123768,2904,7449760,22132800,958,8686,8686,0,0,0,0,0,0,0,0,0.061,0.074,0.000,0,0,0,8686,8686,0,0
travel,40.896,981.2,822.337,822.337,fly,0.807,ok,2601,0,0,192.00,297607168,421052416,114090264,95883264,18123768,2904,7449760,22132800,958,8686,8686,0,0,0,0,0,0,0,0,0.061,0.067,0.000,0,0,0,8686,8686,0,0
travel,40.928,982.0,822.870,822.870,fly,0.806,ok,2601,0,0,192.00,297607168,421052416,114090264,95883264,18123768,2904,7449760,22132800,958,8686,8686,0,0,0,0,0,0,0,0,0.064,0.065,0.000,0,0,0,8686,8686,0,0
travel,40.959,982.7,823.389,823.389,fly,1.549,ok,2601,0,0,192.00,297607168,421052416,114090264,95883264,18123768,2904,7449760,22132800,958,8686,8686,0,0,0,0,0,0,0,0,0.148,0.117,0.000,0,0,0,8686,8686,0,0
travel,40.990,983.5,823.923,823.923,fly,0.816,ok,2601,0,0,192.00,297635840,421183488,114090264,95883264,18123768,2904,7449760,22132800,958,8686,8686,0,0,0,0,0,0,0,0,0.061,0.067,0.000,0,0,0,8686,8686,0,0
travel,41.033,984.5,824.659,824.659,fly,1.139,ok,2601,0,0,192.00,298196992,422236160,114090264,95883264,18123768,2904,11174640,22132800,958,8787,8787,0,0,0,0,0,0,0,0,0.145,0.111,0.000,0,0,0,8787,8787,0,0
travel,41.064,985.3,825.184,825.184,fly,0.811,ok,2601,0,0,192.00,298196992,422236160,114090264,95883264,18123768,2904,11174640,22132800,958,8787,8787,0,0,0,0,0,0,0,0,0.065,0.065,0.000,0,0,0,8787,8787,0,0
travel,41.096,986.0,825.718,825.718,fly,0.813,ok,2601,0,0,192.00,298196992,422236160,114090264,95883264,18123768,2904,11174640,22132800,958,8787,8787,0,0,0,0,0,0,0,0,0.060,0.065,0.000,0,0,0,8787,8787,0,0
travel,41.127,986.8,826.242,826.242,fly,1.231,ok,2601,0,0,192.00,298196992,422236160,114090264,95883264,18123768,2904,11174640,22132800,958,8787,8787,0,0,0,0,0,0,0,0,0.147,0.138,0.000,0,0,0,8787,8787,0,0
travel,41.158,987.5,826.781,826.781,fly,0.911,ok,2601,0,0,192.00,298196992,422236160,114090264,95883264,18123768,2904,11174640,22132800,958,8787,8787,0,0,0,0,0,0,0,0,0.068,0.108,0.000,0,0,0,8787,8787,0,0
travel,41.190,988.3,827.309,827.309,fly,0.908,ok,2601,0,0,192.00,298196992,422236160,114090264,95883264,18123768,2904,7449760,22132800,958,8787,8787,0,0,0,0,0,0,0,0,0.064,0.079,0.000,0,0,0,8787,8787,0,0
travel,41.220,989.0,827.830,827.830,fly,1.192,ok,2601,0,0,192.00,298196992,422236160,114090264,95883264,18123768,2904,7449760,22132800,958,8787,8787,0,0,0,0,0,0,0,0,0.243,0.137,0.000,0,0,0,8787,8787,0,0
travel,41.252,989.8,828.361,828.361,fly,0.802,ok,2601,0,0,192.00,298196992,422236160,114090264,95883264,18123768,2904,7449760,22132800,958,8787,8787,0,0,0,0,0,0,0,0,0.061,0.065,0.000,0,0,0,8787,8787,0,0
travel,41.283,990.5,828.888,828.888,fly,0.842,ok,2601,0,0,192.00,298196992,422236160,114090264,95883264,18123768,2904,7449760,22132800,958,8787,8787,0,0,0,0,0,0,0,0,0.061,0.072,0.000,0,0,0,8787,8787,0,0
travel,41.314,991.2,829.415,829.415,fly,0.874,ok,2601,0,0,192.00,298196992,422236160,114090264,95883264,18123768,2904,7449760,22132800,958,8787,8787,0,0,0,0,0,0,0,0,0.062,0.074,0.000,0,0,0,8787,8787,0,0
travel,41.345,992.0,829.940,829.940,fly,0.811,ok,2601,0,0,192.00,298196992,422236160,114090264,95883264,18123768,2904,7449760,22132800,958,8787,8787,0,0,0,0,0,0,0,0,0.061,0.063,0.000,0,0,0,8787,8787,0,0
travel,41.376,992.7,830.472,830.472,fly,0.809,ok,2601,0,0,192.00,298196992,422236160,114090264,95883264,18123768,2904,7449760,22132800,958,8787,8787,0,0,0,0,0,0,0,0,0.060,0.066,0.000,0,0,0,8787,8787,0,0
travel,41.407,993.5,830.994,830.994,fly,0.820,ok,2601,0,0,192.00,298196992,422236160,114090264,95883264,18123768,2904,7449760,22132800,958,8787,8787,0,0,0,0,0,0,0,0,0.061,0.069,0.000,0,0,0,8787,8787,0,0
travel,41.438,994.2,831.517,831.517,fly,0.820,ok,2601,0,0,192.00,298196992,422236160,114090264,95883264,18123768,2904,7449760,22132800,958,8787,8787,0,0,0,0,0,0,0,0,0.060,0.068,0.000,0,0,0,8787,8787,0,0
travel,41.474,995.1,832.142,832.142,fly,3.813,ok,2580,21,57,192.00,298598400,422236160,113169120,95109120,17977440,2904,11174640,20254872,958,8867,8888,24,0,86,24,24,0,0,0,0.078,0.099,0.000,0,0,0,8867,8867,0,0
travel,41.511,996.0,832.761,832.761,fly,0.802,ok,2601,0,0,192.00,299192320,422760448,114090264,95883264,18123768,2904,11174640,22132800,958,8888,8888,0,0,0,0,0,0,0,0,0.061,0.061,0.000,0,0,0,8888,8888,0,0
travel,41.542,996.7,833.279,833.279,fly,1.518,ok,2601,0,0,192.00,299192320,422760448,114090264,95883264,18123768,2904,11174640,22132800,958,8888,8888,0,0,0,0,0,0,0,0,0.167,0.147,0.000,0,0,0,8888,8888,0,0
travel,41.573,997.5,833.807,833.807,fly,0.803,ok,2601,0,0,192.00,299192320,422760448,114090264,95883264,18123768,2904,11174640,22132800,958,8888,8888,0,0,0,0,0,0,0,0,0.060,0.066,0.000,0,0,0,8888,8888,0,0
travel,41.604,998.2,834.341,834.341,fly,0.808,ok,2601,0,0,192.00,299192320,422760448,114090264,95883264,18123768,2904,11174640,22132800,958,8888,8888,0,0,0,0,0,0,0,0,0.061,0.064,0.000,0,0,0,8888,8888,0,0
travel,41.635,998.9,834.861,834.861,fly,0.808,ok,2601,0,0,192.00,299192320,422760448,114090264,95883264,18123768,2904,11174640,22132800,958,8888,8888,0,0,0,0,0,0,0,0,0.061,0.066,0.000,0,0,0,8888,8888,0,0
travel,41.666,999.7,835.396,835.396,fly,0.955,ok,2601,0,0,192.00,299192320,422760448,114090264,95883264,18123768,2904,7449760,22132800,958,8888,8888,0,0,0,0,0,0,0,0,0.060,0.214,0.000,0,0,0,8888,8888,0,0
drain,41.679,1000.0,835.611,835.611,fly,2.843,ok,2601,0,413,192.00,286642176,414572544,0,0,0,0,0,0,0,8888,8888,0,0,0,0,0,0,0,0,0.082,0.131,0.000,0,0,0,8888,8888,0,0
travel,41.699,1000.5,835.946,835.946,fly,0.894,ok,2601,0,0,192.00,286801920,414679040,114090264,95883264,18123768,2601,0,22132800,958,8888,8888,0,0,0,0,0,0,0,0,0.061,0.089,0.000,0,0,0,8888,8888,0,0
travel,41.730,1001.2,836.474,836.474,fly,0.846,ok,2601,0,0,192.00,286801920,414679040,114090264,95883264,18123768,2601,0,22132800,958,8888,8888,0,0,0,0,0,0,0,0,0.061,0.063,0.000,0,0,0,8888,8888,0,0
travel,41.761,1002.0,837.006,837.006,fly,0.930,ok,2601,0,0,192.00,286801920,414679040,114090264,95883264,18123768,2601,0,22132800,958,8888,8888,0,0,0,0,0,0,0,0,0.063,0.072,0.000,0,0,0,8888,8888,0,0
travel,41.793,1002.7,837.551,837.551,fly,0.865,ok,2601,0,0,192.00,286801920,414679040,114090264,95883264,18123768,2601,0,22132800,958,8888,8888,0,0,0,0,0,0,0,0,0.060,0.066,0.000,0,0,0,8888,8888,0,0
travel,41.828,1003.6,838.139,838.139,fly,0.857,ok,2601,0,0,192.00,286801920,414679040,114090264,95883264,18123768,2601,0,22132800,958,8888,8888,0,0,0,0,0,0,0,0,0.061,0.071,0.000,0,0,0,8888,8888,0,0
travel,41.859,1004.3,838.658,838.658,fly,1.300,ok,2601,0,0,192.00,286801920,414679040,114090264,95883264,18123768,2601,0,22132800,958,8888,8888,0,0,0,0,0,0,0,0,0.152,0.146,0.000,0,0,0,8888,8888,0,0
travel,41.890,1005.1,839.191,839.191,fly,0.934,ok,2601,0,0,192.00,286801920,414679040,114090264,95883264,18123768,2601,0,22132800,958,8888,8888,0,0,0,0,0,0,0,0,0.134,0.062,0.000,0,0,0,8888,8888,0,0
travel,41.922,1005.8,839.737,839.737,fly,0.853,ok,2601,0,0,192.00,286801920,414679040,114090264,95883264,18123768,2601,0,22132800,958,8888,8888,0,0,0,0,0,0,0,0,0.059,0.067,0.000,0,0,0,8888,8888,0,0
travel,41.965,1006.9,840.466,840.466,fly,0.867,ok,2601,0,0,192.00,287080448,414679040,114090264,95883264,18123768,2702,3724880,22132800,958,8989,8989,0,0,0,0,0,0,0,0,0.061,0.065,0.000,0,0,0,8989,8989,0,0
travel,41.997,1007.6,841.001,841.001,fly,0.908,ok,2601,0,0,192.00,287080448,414679040,114090264,95883264,18123768,2702,3724880,22132800,958,8989,8989,0,0,0,0,0,0,0,0,0.062,0.070,0.000,0,0,0,8989,8989,0,0
travel,42.028,1008.4,841.532,841.532,fly,0.933,ok,2601,0,0,192.00,287080448,414679040,114090264,95883264,18123768,2702,3724880,22132800,958,8989,8989,0,0,0,0,0,0,0,0,0.065,0.075,0.000,0,0,0,8989,8989,0,0
travel,42.061,1009.2,842.083,842.083,fly,0.966,ok,2601,0,0,192.00,287080448,414679040,114090264,95883264,18123768,2702,3724880,22132800,958,8989,8989,0,0,0,0,0,0,0,0,0.070,0.107,0.000,0,0,0,8989,8989,0,0
travel,42.092,1009.9,842.612,842.612,fly,0.909,ok,2601,0,0,192.00,287080448,414679040,114090264,95883264,18123768,2702,3724880,22132800,958,8989,8989,0,0,0,0,0,0,0,0,0.070,0.107,0.000,0,0,0,8989,8989,0,0
travel,42.123,1010.7,843.137,843.137,fly,0.848,ok,2601,0,0,192.00,287080448,414679040,114090264,95883264,18123768,2702,3724880,22132800,958,8989,8989,0,0,0,0,0,0,0,0,0.060,0.068,0.000,0,0,0,8989,8989,0,0
travel,42.154,1011.4,843.666,843.666,fly,0.856,ok,2601,0,0,192.00,287080448,414679040,114090264,95883264,18123768,2702,3724880,22132800,958,8989,8989,0,0,0,0,0,0,0,0,0.061,0.068,0.000,0,0,0,8989,8989,0,0
travel,42.185,1012.2,844.199,844.199,fly,1.233,ok,2601,0,0,192.00,287080448,414679040,114090264,95883264,18123768,2702,3724880,22132800,958,8989,8989,0,0,0,0,0,0,0,0,0.184,0.139,0.000,0,0,0,8989,8989,0,0
travel,42.216,1012.9,844.725,844.725,fly,0.848,ok,2601,0,0,192.00,287080448,414679040,114090264,95883264,18123768,2702,3724880,22132800,958,8989,8989,0,0,0,0,0,0,0,0,0.061,0.064,0.000,0,0,0,8989,8989,0,0
travel,42.249,1013.7,845.281,845.281,fly,0.855,ok,2601,0,0,192.00,287080448,414679040,114090264,95883264,18123768,2702,3724880,22132800,958,8989,8989,0,0,0,0,0,0,0,0,0.061,0.070,0.000,0,0,0,8989,8989,0,0
travel,42.281,1014.4,845.819,845.819,fly,0.843,ok,2601,0,0,192.00,287080448,414679040,114090264,95883264,18123768,2702,3724880,22132800,958,8989,8989,0,0,0,0,0,0,0,0,0.061,0.067,0.000,0,0,0,8989,8989,0,0
travel,42.312,1015.2,846.344,846.344,fly,0.940,ok,2601,0,0,192.00,287080448,414679040,114090264,95883264,18123768,2702,3724880,22132800,958,8989,8989,0,0,0,0,0,0,0,0,0.061,0.155,0.000,0,0,0,8989,8989,0,0
travel,42.343,1015.9,846.875,846.875,fly,0.846,ok,2601,0,0,192.00,287080448,414679040,114090264,95883264,18123768,2702,3724880,22132800,958,8989,8989,0,0,0,0,0,0,0,0,0.060,0.065,0.000,0,0,0,8989,8989,0,0
travel,42.374,1016.7,847.403,847.403,fly,0.932,ok,2601,0,0,192.00,287080448,414679040,114090264,95883264,18123768,2702,3724880,22132800,958,8989,8989,0,0,0,0,0,0,0,0,0.068,0.108,0.000,0,0,0,8989,8989,0,0
travel,42.405,1017.4,847.929,847.929,fly,1.400,ok,2601,0,0,192.00,287080448,414679040,114090264,95883264,18123768,2702,3724880,22132800,958,8989,8989,0,0,0,0,0,0,0,0,0.154,0.143,0.000,0,0,0,8989,8989,0,0
travel,42.450,1018.5,848.688,848.688,fly,0.836,ok,2601,0,0,192.00,287084544,414679040,114090264,95883264,18123768,2803,7449760,22132800,958,9090,9090,0,0,0,0,0,0,0,0,0.063,0.067,0.000,0,0,0,9090,9090,0,0
travel,42.481,1019.2,849.216,849.216,fly,0.836,ok,2601,0,0,192.00,287084544,414679040,114090264,95883264,18123768,2803,7449760,22132800,958,9090,9090,0,0,0,0,0,0,0,0,0.061,0.066,0.000,0,0,0,9090,9090,0,0
travel,42.512,1020.0,849.740,849.740,fly,0.836,ok,2601,0,0,192.00,287084544,414679040,114090264,95883264,18123768,2803,7449760,22132800,958,9090,9090,0,0,0,0,0,0,0,0,0.061,0.065,0.000,0,0,0,9090,9090,0,0
travel,42.543,1020.7,850.260,850.260,fly,0.837,ok,2601,0,0,192.00,287084544,414679040,114090264,95883264,18123768,2803,7449760,22132800,958,9090,9090,0,0,0,0,0,0,0,0,0.061,0.066,0.000,0,0,0,9090,9090,0,0
travel,42.573,1021.5,850.779,850.779,fly,0.906,ok,2601,0,0,192.00,287084544,414679040,114090264,95883264,18123768,2803,7449760,22132800,958,9090,9090,0,0,0,0,0,0,0,0,0.071,0.107,0.000,0,0,0,9090,9090,0,0
travel,42.604,1022.2,851.306,851.306,fly,0.837,ok,2601,0,0,192.00,287084544,414679040,114090264,95883264,18123768,2803,7449760,22132800,958,9090,9090,0,0,0,0,0,0,0,0,0.061,0.068,0.000,0,0,0,9090,9090,0,0
travel,42.635,1023.0,851.835,851.835,fly,0.834,ok,2601,0,0,192.00,287084544,414679040,114090264,95883264,18123768,2803,7449760,22132800,958,9090,9090,0,0,0,0,0,0,0,0,0.060,0.065,0.000,0,0,0,9090,9090,0,0
travel,42.667,1023.7,852.371,852.371,fly,1.062,ok,2601,0,0,192.00,287084544,414679040,114090264,95883264,18123768,2803,7449760,22132800,958,9090,9090,0,0,0,0,0,0,0,0,0.063,0.084,0.000,0,0,0,9090,9090,0,0
travel,42.698,1024.4,852.893,852.893,fly,0.827,ok,2601,0,0,192.00,287084544,414679040,114090264,95883264,18123768,2803,7449760,22132800,958,9090,9090,0,0,0,0,0,0,0,0,0.060,0.062,0.000,0,0,0,9090,9090,0,0
travel,42.729,1025.2,853.421,853.421,fly,0.830,ok,2601,0,0,192.00,287084544,414679040,114090264,95883264,18123768,2803,7449760,22132800,958,9090,9090,0,0,0,0,0,0,0,0,0.059,0.064,0.000,0,0,0,9090,9090,0,0
travel,42.759,1025.9,853.942,853.942,fly,0.882,ok,2601,0,0,192.00,287084544,414679040,114090264,95883264,18123768,2803,7449760,22132800,958,9090,9090,0,0,0,0,0,0,0,0,0.067,0.077,0.000,0,0,0,9090,9090,0,0
travel,42.790,1026.7,854.465,854.465,fly,0.842,ok,2601,0,0,192.00,287084544,414679040,114090264,95883264,18123768,2803,7449760,22132800,958,9090,9090,0,0,0,0,0,0,0,0,0.062,0.068,0.000,0,0,0,9090,9090,0,0
travel,42.823,1027.5,855.030,855.030,fly,0.871,ok,2601,0,0,192.00,287084544,414679040,114090264,95883264,18123768,2803,7449760,22132800,958,9090,9090,0,0,0,0,0,0,0,0,0.059,0.072,0.000,0,0,0,9090,9090,0,0
travel,42.854,1028.2,855.555,855.555,fly,0.856,ok,2601,0,0,192.00,287084544,414679040,114090264,95883264,18123768,2803,7449760,22132800,958,9090,9090,0,0,0,0,0,0,0,0,0.061,0.070,0.000,0,0,0,9090,9090,0,0
travel,42.897,1029.2,856.275,856.275,fly,1.092,ok,2601,0,0,192.00,287346688,415203328,114090264,95883264,18123768,2904,11174640,22132800,958,9191,9191,0,0,47,0,0,0,0,0,0.062,0.075,0.000,0,0,0,9191,9191,0,0
travel,42.929,1030.0,856.821,856.821,fly,1.168,ok,2601,0,0,192.00,287346688,415203328,114090264,95883264,18123768,2904,11174640,22132800,958,9191,9191,0,0,0,0,0,0,0,0,0.066,0.097,0.000,0,0,0,9191,9191,0,0
travel,42.960,1030.8,857.352,857.352,fly,1.225,ok,2601,0,0,192.00,287346688,415203328,114090264,95883264,18123768,2904,11174640,22132800,958,9191,9191,0,0,0,0,0,0,0,0,0.074,0.133,0.000,0,0,0,9191,9191,0,0
travel,42.991,1031.5,857.879,857.879,fly,0.807,ok,2601,0,0,192.00,287346688,415203328,114090264,95883264,18123768,2904,11174640,22132800,958,9191,9191,0,0,0,0,0,0,0,0,0.061,0.067,0.000,0,0,0,9191,9191,0,0
travel,43.022,1032.2,858.405,858.405,fly,0.811,ok,2601,0,0,192.00,287346688,415203328,114090264,95883264,18123768,2904,11174640,22132800,958,9191,9191,0,0,0,0,0,0,0,0,0.061,0.069,0.000,0,0,0,9191,9191,0,0
travel,43.053,1033.0,858.924,858.924,fly,0.817,ok,2601,0,0,192.00,287346688,415203328,114090264,95883264,18123768,2904,7449760,22132800,958,9191,9191,0,0,0,0,0,0,0,0,0.063,0.069,0.000,0,0,0,9191,9191,0,0
travel,43.083,1033.7,859.446,859.446,fly,0.804,ok,2601,0,0,192.00,287346688,415203328,114090264,95883264,18123768,2904,7449760,22132800,958,9191,9191,0,0,0,0,0,0,0,0,0.064,0.064,0.000,0,0,0,9191,9191,0,0
travel,43.114,1034.5,859.969,859.969,fly,0.975,ok,2601,0,0,192.00,287346688,415203328,114090264,95883264,18123768,2904,7449760,22132800,958,9191,9191,0,0,0,0,0,0,0,0,0.070,0.104,0.000,0,0,0,9191,9191,0,0
travel,43.145,1035.2,860.492,860.492,fly,1.070,ok,2601,0,0,192.00,287346688,415203328,114090264,95883264,18123768,2904,7449760,22132800,958,9191,9191,0,0,0,0,0,0,0,0,0.320,0.066,0.000,0,0,0,9191,9191,0,0
travel,43.176,1035.9,861.016,861.016,fly,0.993,ok,2601,0,0,192.00,287346688,415203328,114090264,95883264,18123768,2904,7449760,22132800,958,9191,9191,0,0,0,0,0,0,0,0,0.074,0.110,0.000,0,0,0,9191,9191,0,0
travel,43.207,1036.7,861.542,861.542,fly,0.850,ok,2601,0,0,192.00,287346688,415203328,114090264,95883264,18123768,2904,7449760,22132800,958,9191,9191,0,0,0,0,0,0,0,0,0.061,0.113,0.000,0,0,0,9191,9191,0,0
travel,43.238,1037.4,862.071,862.071,fly,0.807,ok,2601,0,0,192.00,287346688,415203328,114090264,95883264,18123768,2904,7449760,22132800,958,9191,9191,0,0,0,0,0,0,0,0,0.060,0.068,0.000,0,0,0,9191,9191,0,0
travel,43.269,1038.2,862.598,862.598,fly,0.879,ok,2601,0,0,192.00,287346688,415203328,114090264,95883264,18123768,2904,7449760,22132800,958,9191,9191,0,0,0,0,0,0,0,0,0.063,0.074,0.000,0,0,0,9191,9191,0,0
travel,43.299,1038.9,863.117,863.117,fly,0.812,ok,2601,0,0,192.00,287346688,415203328,114090264,95883264,18123768,2904,7449760,22132800,958,9191,9191,0,0,0,0,0,0,0,0,0.060,0.067,0.000,0,0,0,9191,9191,0,0
travel,43.330,1039.6,863.635,863.635,fly,0.816,ok,2601,0,0,192.00,287346688,415203328,114090264,95883264,18123768,2904,7449760,22132800,958,9191,9191,0,0,0,0,0,0,0,0,0.060,0.077,0.000,0,0,0,9191,9191,0,0
travel,43.369,1040.6,864.310,864.310,fly,0.816,ok,2601,0,5,192.00,287674368,415727616,114090264,95883264,18123768,2904,11174640,21871824,958,9292,9292,0,0,10,0,0,0,0,0,0.061,0.066,0.000,0,0,0,9292,9292,0,0
travel,43.401,1041.4,864.848,864.848,fly,0.812,ok,2601,0,0,192.00,287674368,415727616,114090264,95883264,18123768,2904,11174640,22132800,958,9292,9292,0,0,0,0,0,0,0,0,0.062,0.067,0.000,0,0,0,9292,9292,0,0
travel,43.432,1042.1,865.377,865.377,fly,0.805,ok,2601,0,0,192.00,287674368,415727616,114090264,95883264,18123768,2904,11174640,22132800,958,9292,9292,0,0,0,0,0,0,0,0,0.060,0.066,0.000,0,0,0,9292,9292,0,0
travel,43.463,1042.8,865.902,865.902,fly,0.812,ok,2601,0,0,192.00,287674368,415727616,114090264,95883264,18123768,2904,11174640,22132800,958,9292,9292,0,0,0,0,0,0,0,0,0.062,0.067,0.000,0,0,0,9292,9292,0,0
travel,43.494,1043.6,866.428,866.428,fly,0.940,ok,2601,0,0,192.00,287674368,415727616,114090264,95883264,18123768,2904,11174640,22132800,958,9292,9292,0,0,0,0,0,0,0,0,0.064,0.080,0.000,0,0,0,9292,9292,0,0
travel,43.525,1044.3,866.947,866.947,fly,0.798,ok,2601,0,0,192.00,287674368,415727616,114090264,95883264,18123768,2904,11174640,22132800,958,9292,9292,0,0,0,0,0,0,0,0,0.061,0.063,0.000,0,0,0,9292,9292,0,0
travel,43.556,1045.1,867.474,867.474,fly,0.824,ok,2601,0,0,192.00,287674368,415727616,114090264,95883264,18123768,2904,7449760,22132800,958,9292,9292,0,0,0,0,0,0,0,0,0.061,0.072,0.000,0,0,0,9292,9292,0,0
travel,43.587,1045.8,868.004,868.004,fly,1.457,ok,2601,0,0,192.00,287674368,415727616,114090264,95883264,18123768,2904,7449760,22132800,958,9292,9292,0,0,0,0,0,0,0,0,0.088,0.113,0.000,0,0,0,9292,9292,0,0
travel,43.618,1046.6,868.535,868.535,fly,0.978,ok,2601,0,0,192.00,287674368,415727616,114090264,95883264,18123768,2904,7449760,22132800,958,9292,9292,0,0,0,0,0,0,0,0,0.224,0.066,0.000,0,0,0,9292,9292,0,0
travel,43.649,1047.3,869.068,869.068,fly,0.808,ok,2601,0,0,192.00,287674368,415727616,114090264,95883264,18123768,2904,7449760,22132800,958,9292,9292,0,0,0,0,0,0,0,0,0.059,0.066,0.000,0,0,0,9292,9292,0,0
travel,43.680,1048.1,869.589,869.589,fly,0.950,ok,2601,0,0,192.00,287674368,415727616,114090264,95883264,18123768,2904,7449760,22132800,958,9292,9292,0,0,0,0,0,0,0,0,0.061,0.139,0.000,0,0,0,9292,9292,0,0
travel,43.711,1048.8,870.112,870.112,fly,0.800,ok,2601,0,0,192.00,287674368,415727616,114090264,95883264,18123768,2904,7449760,22132800,958,9292,9292,0,0,0,0,0,0,0,0,0.060,0.063,0.000,0,0,0,9292,9292,0,0
travel,43.742,1049.6,870.646,870.646,fly,0.810,ok,2601,0,0,192.00,287674368,415727616,114090264,95883264,18123768,2904,7449760,22132800,958,9292,9292,0,0,0,0,0,0,0,0,0.059,0.066,0.000,0,0,0,9292,9292,0,0
travel,43.773,1050.3,871.171,871.171,fly,0.834,ok,2601,0,0,192.00,287739904,415727616,114090264,95883264,18123768,2904,7449760,22132800,958,9292,9292,0,0,0,0,0,0,0,0,0.061,0.069,0.000,0,0,0,9292,9292,0,0
travel,43.804,1051.0,871.696,871.696,fly,0.807,ok,2601,0,0,192.00,287739904,415727616,114090264,95883264,18123768,2904,7449760,22132800,958,9292,9292,0,0,0,0,0,0,0,0,0.060,0.067,0.000,0,0,0,9292,9292,0,0
travel,43.847,1052.1,872.420,872.420,fly,0.837,ok,2601,0,0,192.00,288722944,416256000,114090264,95883264,18123768,2904,11174640,22132800,958,9393,9393,0,0,0,0,0,0,0,0,0.062,0.070,0.000,0,0,0,9393,9393,0,0
travel,43.878,1052.8,872.945,872.945,fly,0.807,ok,2601,0,0,192.00,288722944,416256000,114090264,95883264,18123768,2904,11174640,22132800,958,9393,9393,0,0,0,0,0,0,0,0,0.061,0.066,0.000,0,0,0,9393,9393,0,0
travel,43.908,1053.5,873.465,873.465,fly,1.250,ok,2601,0,0,192.00,288722944,416256000,114090264,95883264,18123768,2904,11174640,22132800,958,9393,9393,0,0,0,0,0,0,0,0,0.121,0.144,0.000,0,0,0,9393,9393,0,0
travel,43.939,1054.3,873.991,873.991,fly,1.026,ok,2601,0,0,192.00,288722944,416256000,114090264,95883264,18123768,2904,11174640,22132800,958,9393,9393,0,0,0,0,0,0,0,0,0.072,0.140,0.000,0,0,0,9393,9393,0,0
travel,43.971,1055.1,874.535,874.535,fly,0.805,ok,2601,0,0,192.00,288722944,416256000,114090264,95883264,18123768,2904,11174640,22132800,958,9393,9393,0,0,0,0,0,0,0,0,0.060,0.066,0.000,0,0,0,9393,9393,0,0
travel,44.002,1055.8,875.055,875.055,fly,0.899,ok,2601,0,0,192.00,288722944,416256000,114090264,95883264,18123768,2904,11174640,22132800,958,9393,9393,0,0,0,0,0,0,0,0,0.068,0.094,0.000,0,0,0,9393,9393,0,0
travel,44.033,1056.5,875.585,875.585,fly,0.803,ok,2601,0,0,192.00,288722944,416256000,114090264,95883264,18123768,2904,7449760,22132800,958,9393,9393,0,0,0,0,0,0,0,0,0.060,0.064,0.000,0,0,0,9393,9393,0,0
travel,44.065,1057.3,876.132,876.132,fly,1.248,ok,2601,0,0,192.00,288722944,416256000,114090264,95883264,18123768,2904,7449760,22132800,958,9393,9393,0,0,0,0,0,0,0,0,0.076,0.159,0.000,0,0,0,9393,9393,0,0
travel,44.098,1058.1,876.684,876.684,fly,0.877,ok,2601,0,0,192.00,288722944,416256000,114090264,95883264,18123768,2904,7449760,22132800,958,9393,9393,0,0,0,0,0,0,0,0,0.067,0.092,0.000,0,0,0,9393,9393,0,0
travel,44.128,1058.8,877.207,877.207,fly,0.898,ok,2601,0,0,192.00,288722944,416256000,114090264,95883264,18123768,2904,7449760,22132800,958,9393,9393,0,0,0,0,0,0,0,0,0.145,0.066,0.000,0,0,0,9393,9393,0,0
travel,44.159,1059.6,877.735,877.735,fly,0.902,ok,2601,0,0,192.00,288722944,416256000,114090264,95883264,18123768,2904,7449760,22132800,958,9393,9393,0,0,0,0,0,0,0,0,0.062,0.082,0.000,0,0,0,9393,9393,0,0
travel,44.190,1060.3,878.256,878.256,fly,0.797,ok,2601,0,0,192.00,288722944,416256000,114090264,95883264,18123768,2904,7449760,22132800,958,9393,9393,0,0,0,0,0,0,0,0,0.059,0.062,0.000,0,0,0,9393,9393,0,0
travel,44.221,1061.1,878.786,878.786,fly,0.808,ok,2601,0,0,192.00,288722944,416256000,114090264,95883264,18123768,2904,7449760,22132800,958,9393,9393,0,0,0,0,0,0,0,0,0.060,0.067,0.000,0,0,0,9393,9393,0,0
travel,44.252,1061.8,879.306,879.306,fly,0.834,ok,2601,0,0,192.00,288722944,416256000,114090264,95883264,18123768,2904,7449760,22132800,958,9393,9393,0,0,0,0,0,0,0,0,0.062,0.072,0.000,0,0,0,9393,9393,0,0
travel,44.283,1062.5,879.827,879.827,fly,1.076,ok,2601,0,0,192.00,288722944,416256000,114090264,95883264,18123768,2904,7449760,22132800,958,9393,9393,0,0,0,0,0,0,0,0,0.330,0.066,0.000,0,0,0,9393,9393,0,0
travel,44.326,1063.6,880.560,880.560,fly,0.871,ok,2601,0,0,192.00,288854016,418881536,114090264,95883264,18123768,2904,11174640,22132800,958,9494,9494,0,0,0,0,0,0,0,0,0.063,0.079,0.000,0,0,0,9494,9494,0,0
travel,44.356,1064.3,881.084,881.084,fly,1.022,ok,2601,0,0,192.00,288854016,418881536,114090264,95883264,18123768,2904,11174640,22132800,958,9494,9494,0,0,0,0,0,0,0,0,0.284,0.061,0.000,0,0,0,9494,9494,0,0
travel,44.388,1065.1,881.616,881.616,fly,0.806,ok,2601,0,0,192.00,288854016,418881536,114090264,95883264,18123768,2904,11174640,22132800,958,9494,9494,0,0,0,0,0,0,0,0,0.061,0.066,0.000,0,0,0,9494,9494,0,0
travel,44.419,1065.8,882.146,882.146,fly,1.216,ok,2601,0,0,192.00,288854016,418881536,114090264,95883264,18123768,2904,11174640,22132800,958,9494,9494,0,0,0,0,0,0,0,0,0.148,0.147,0.000,0,0,0,9494,9494,0,0
travel,44.450,1066.6,882.666,882.666,fly,0.808,ok,2601,0,0,192.00,288854016,418881536,114090264,95883264,18123768,2904,11174640,22132800,958,9494,9494,0,0,0,0,0,0,0,0,0.060,0.067,0.000,0,0,0,9494,9494,0,0
travel,44.480,1067.3,883.189,883.189,fly,0.940,ok,2601,0,0,192.00,288854016,418881536,114090264,95883264,18123768,2904,11174640,22132800,958,9494,9494,0,0,0,0,0,0,0,0,0.070,0.108,0.000,0,0,0,9494,9494,0,0
travel,44.511,1068.0,883.708,883.708,fly,0.805,ok,2601,0,0,192.00,288854016,418881536,114090264,95883264,18123768,2904,7449760,22132800,958,9494,9494,0,0,0,0,0,0,0,0,0.061,0.064,0.000,0,0,0,9494,9494,0,0
travel,44.542,1068.8,884.232,884.232,fly,0.802,ok,2601,0,0,192.00,288854016,418881536,114090264,95883264,18123768,2904,7449760,22132800,958,9494,9494,0,0,0,0,0,0,0,0,0.059,0.066,0.000,0,0,0,9494,9494,0,0
travel,44.573,1069.5,884.760,884.760,fly,0.998,ok,2601,0,0,192.00,288854016,418881536,114090264,95883264,18123768,2904,7449760,22132800,958,9494,9494,0,0,0,0,0,0,0,0,0.071,0.119,0.000,0,0,0,9494,9494,0,0
travel,44.603,1070.3,885.282,885.282,fly,0.804,ok,2601,0,0,192.00,288854016,418881536,114090264,95883264,18123768,2904,7449760,22132800,958,9494,9494,0,0,0,0,0,0,0,0,0.059,0.067,0.000,0,0,0,9494,9494,0,0
travel,44.634,1071.0,885.798,885.798,fly,0.841,ok,2601,0,0,192.00,288854016,418881536,114090264,95883264,18123768,2904,7449760,22132800,958,9494,9494,0,0,0,0,0,0,0,0,0.061,0.073,0.000,0,0,0,9494,9494,0,0
travel,44.665,1071.7,886.326,886.326,fly,0.855,ok,2601,0,0,192.00,288854016,418881536,114090264,95883264,18123768,2904,7449760,22132800,958,9494,9494,0,0,0,0,0,0,0,0,0.062,0.080,0.000,0,0,0,9494,9494,0,0
travel,44.696,1072.5,886.855,886.855,fly,0.808,ok,2601,0,0,192.00,288854016,418881536,114090264,95883264,18123768,2904,7449760,22132800,958,9494,9494,0,0,0,0,0,0,0,0,0.060,0.064,0.000,0,0,0,9494,9494,0,0
travel,44.727,1073.2,887.379,887.379,fly,1.230,ok,2601,0,0,192.00,288854016,418881536,114090264,95883264,18123768,2904,7449760,22132800,958,9494,9494,0,0,0,0,0,0,0,0,0.064,0.108,0.000,0,0,0,9494,9494,0,0
travel,44.758,1074.0,887.901,887.901,fly,0.876,ok,2601,0,0,192.00,288854016,418881536,114090264,95883264,18123768,2904,7449760,22132800,958,9494,9494,0,0,0,0,0,0,0,0,0.133,0.064,0.000,0,0,0,9494,9494,0,0
travel,44.801,1075.0,888.645,888.645,fly,0.912,ok,2601,0,0,192.00,289263616,418902016,114090264,95883264,18123768,2904,11174640,22132800,958,9595,9595,0,0,0,0,0,0,0,0,0.065,0.081,0.000,0,0,0,9595,9595,0,0
travel,44.832,1075.7,889.166,889.166,fly,0.800,ok,2601,0,0,192.00,289263616,418902016,114090264,95883264,18123768,2904,11174640,22132800,958,9595,9595,0,0,0,0,0,0,0,0,0.060,0.062,0.000,0,0,0,9595,9595,0,0
travel,44.863,1076.5,889.695,889.695,fly,0.804,ok,2601,0,0,192.00,289263616,418902016,114090264,95883264,18123768,2904,11174640,22132800,958,9595,9595,0,0,0,0,0,0,0,0,0.060,0.065,0.000,0,0,0,9595,9595,0,0
travel,44.894,1077.2,890.216,890.216,fly,1.044,ok,2601,0,0,192.00,289263616,418902016,114090264,95883264,18123768,2904,11174640,22132800,958,9595,9595,0,0,0,0,0,0,0,0,0.071,0.144,0.000,0,0,0,9595,9595,0,0
travel,44.925,1078.0,890.754,890.754,fly,0.808,ok,2601,0,0,192.00,289263616,418902016,114090264,95883264,18123768,2904,11174640,22132800,958,9595,9595,0,0,0,0,0,0,0,0,0.060,0.066,0.000,0,0,0,9595,9595,0,0
travel,44.957,1078.7,891.287,891.287,fly,0.837,ok,2601,0,0,192.00,289263616,418902016,114090264,95883264,18123768,2904,7449760,22132800,958,9595,9595,0,0,0,0,0,0,0,0,0.061,0.073,0.000,0,0,0,9595,9595,0,0
travel,44.988,1079.5,891.814,891.814,fly,0.921,ok,2601,0,0,192.00,289263616,418902016,114090264,95883264,18123768,2904,7449760,22132800,958,9595,9595,0,0,0,0,0,0,0,0,0.071,0.150,0.000,0,0,0,9595,9595,0,0
travel,45.019,1080.2,892.348,892.348,fly,0.811,ok,2601,0,0,192.00,289263616,418902016,114090264,95883264,18123768,2904,7449760,22132800,958,9595,9595,0,0,0,0,0,0,0,0,0.059,0.068,0.000,0,0,0,9595,9595,0,0
travel,45.050,1081.0,892.869,892.869,fly,0.812,ok,2601,0,0,192.00,289263616,418902016,114090264,95883264,18123768,2904,7449760,22132800,958,9595,9595,0,0,0,0,0,0,0,0,0.061,0.068,0.000,0,0,0,9595,9595,0,0
travel,45.081,1081.7,893.391,893.391,fly,0.807,ok,2601,0,0,192.00,289263616,418902016,114090264,95883264,18123768,2904,7449760,22132800,958,9595,9595,0,0,0,0,0,0,0,0,0.061,0.065,0.000,0,0,0,9595,9595,0,0
travel,45.112,1082.5,893.924,893.924,fly,0.844,ok,2601,0,0,192.00,289263616,418902016,114090264,95883264,18123768,2904,7449760,22132800,958,9595,9595,0,0,0,0,0,0,0,0,0.061,0.073,0.000,0,0,0,9595,9595,0,0
travel,45.143,1083.2,894.452,894.452,fly,1.281,ok,2601,0,0,192.00,289263616,418902016,114090264,95883264,18123768,2904,7449760,22132800,958,9595,9595,0,0,0,0,0,0,0,0,0.090,0.110,0.000,0,0,0,9595,9595,0,0
travel,45.174,1084.0,894.972,894.972,fly,0.809,ok,2601,0,0,192.00,289263616,418902016,114090264,95883264,18123768,2904,7449760,22132800,958,9595,9595,0,0,0,0,0,0,0,0,0.059,0.064,0.000,0,0,0,9595,9595,0,0
travel,45.205,1084.7,895.505,895.505,fly,0.805,ok,2601,0,0,192.00,289263616,418902016,114090264,95883264,18123768,2904,7449760,22132800,958,9595,9595,0,0,0,0,0,0,0,0,0.059,0.066,0.000,0,0,0,9595,9595,0,0
travel,45.239,1085.5,896.084,896.084,fly,3.890,ok,2559,42,122,192.00,289558528,419426304,112247976,94334976,17831112,2904,11174640,17959632,958,9654,9696,32,0,61,32,32,0,0,0,0.096,0.140,0.000,0,0,0,9654,9654,0,0
travel,45.278,1086.5,896.754,896.754,fly,0.857,ok,2601,0,0,192.00,289705984,419426304,114090264,95883264,18123768,2904,11174640,22132800,958,9696,9696,0,0,0,0,0,0,0,0,0.061,0.074,0.000,0,0,0,9696,9696,0,0
travel,45.309,1087.2,897.269,897.269,fly,0.827,ok,2601,0,0,192.00,289705984,419426304,114090264,95883264,18123768,2904,11174640,22132800,958,9696,9696,0,0,0,0,0,0,0,0,0.061,0.086,0.000,0,0,0,9696,9696,0,0
travel,45.340,1088.0,897.804,897.804,fly,0.868,ok,2601,0,0,192.00,289705984,419426304,114090264,95883264,18123768,2904,11174640,22132800,958,9696,9696,0,0,0,0,0,0,0,0,0.062,0.074,0.000,0,0,0,9696,9696,0,0
travel,45.371,1088.7,898.323,898.323,fly,0.814,ok,2601,0,0,192.00,289705984,419426304,114090264,95883264,18123768,2904,11174640,22132800,958,9696,9696,0,0,0,0,0,0,0,0,0.061,0.067,0.000,0,0,0,9696,9696,0,0
travel,45.401,1089.4,898.842,898.842,fly,0.997,ok,2601,0,0,192.00,289705984,419426304,114090264,95883264,18123768,2904,11174640,22132800,958,9696,9696,0,0,0,0,0,0,0,0,0.253,0.066,0.000,0,0,0,9696,9696,0,0
travel,45.432,1090.2,899.369,899.369,fly,0.938,ok,2601,0,0,192.00,289705984,419426304,114090264,95883264,18123768,2904,7449760,22132800,958,9696,9696,0,0,0,0,0,0,0,0,0.066,0.083,0.000,0,0,0,9696,9696,0,0
travel,45.463,1090.9,899.884,899.884,fly,0.829,ok,2601,0,0,192.00,289705984,419426304,114090264,95883264,18123768,2904,7449760,22132800,958,9696,9696,0,0,0,0,0,0,0,0,0.060,0.070,0.000,0,0,0,9696,9696,0,0
travel,45.494,1091.7,900.422,900.422,fly,0.813,ok,2601,0,0,192.00,289705984,419426304,114090264,95883264,18123768,2904,7449760,22132800,958,9696,9696,0,0,0,0,0,0,0,0,0.061,0.068,0.000,0,0,0,9696,9696,0,0
travel,45.525,1092.4,900.954,900.954,fly,0.828,ok,2601,0,0,192.00,289705984,419426304,114090264,95883264,18123768,2904,7449760,22132800,958,9696,9696,0,0,0,0,0,0,0,0,0.060,0.076,0.000,0,0,0,9696,9696,0,0
travel,45.556,1093.2,901.478,901.478,fly,0.817,ok,2601,0,0,192.00,289705984,419426304,114090264,95883264,18123768,2904,7449760,22132800,958,9696,9696,0,0,0,0,0,0,0,0,0.061,0.071,0.000,0,0,0,9696,9696,0,0
travel,45.587,1093.9,902.002,902.002,fly,0.886,ok,2601,0,0,192.00,289705984,419426304,114090264,95883264,18123768,2904,7449760,22132800,958,9696,9696,0,0,0,0,0,0,0,0,0.062,0.072,0.000,0,0,0,9696,9696,0,0
travel,45.618,1094.6,902.527,902.527,fly,1.058,ok,2601,0,0,192.00,289705984,419426304,114090264,95883264,18123768,2904,7449760,22132800,958,9696,9696,0,0,0,0,0,0,0,0,0.136,0.103,0.000,0,0,0,9696,9696,0,0
travel,45.649,1095.4,903.057,903.057,fly,0.983,ok,2601,0,0,192.00,289705984,419426304,114090264,95883264,18123768,2904,7449760,22132800,958,9696,9696,0,0,0,0,0,0,0,0,0.062,0.082,0.000,0,0,0,9696,9696,0,0
travel,45.680,1096.1,903.588,903.588,fly,0.803,ok,2601,0,0,192.00,289705984,419426304,114090264,95883264,18123768,2904,7449760,22132800,958,9696,9696,0,0,0,0,0,0,0,0,0.060,0.063,0.000,0,0,0,9696,9696,0,0
travel,45.723,1097.2,904.305,904.305,fly,0.825,ok,2601,0,0,192.00,289705984,419426304,114090264,95883264,18123768,2904,11174640,22132800,958,9797,9797,0,0,0,0,0,0,0,0,0.063,0.070,0.000,0,0,0,9797,9797,0,0
travel,45.753,1097.9,904.825,904.825,fly,0.837,ok,2601,0,0,192.00,289705984,419426304,114090264,95883264,18123768,2904,11174640,22132800,958,9797,9797,0,0,0,0,0,0,0,0,0.061,0.072,0.000,0,0,0,9797,9797,0,0
travel,45.784,1098.6,905.347,905.347,fly,1.234,ok,2601,0,0,192.00,289705984,419426304,114090264,95883264,18123768,2904,11174640,22132800,958,9797,9797,0,0,0,0,0,0,0,0,0.185,0.147,0.000,0,0,0,9797,9797,0,0
travel,45.816,1099.4,905.889,905.889,fly,0.805,ok,2601,0,0,192.00,289705984,419426304,114090264,95883264,18123768,2904,11174640,22132800,958,9797,9797,0,0,0,0,0,0,0,0,0.060,0.064,0.000,0,0,0,9797,9797,0,0
travel,45.848,1100.2,906.431,906.431,fly,0.807,ok,2601,0,0,192.00,289705984,419426304,114090264,95883264,18123768,2904,11174640,22132800,958,9797,9797,0,0,0,0,0,0,0,0,0.060,0.067,0.000,0,0,0,9797,9797,0,0
travel,45.878,1100.9,906.952,906.952,fly,0.963,ok,2601,0,0,192.00,289705984,419426304,114090264,95883264,18123768,2904,11174640,22132800,958,9797,9797,0,0,0,0,0,0,0,0,0.075,0.133,0.000,0,0,0,9797,9797,0,0
travel,45.910,1101.6,907.484,907.484,fly,0.825,ok,2601,0,0,192.00,289705984,419426304,114090264,95883264,18123768,2904,7449760,22132800,958,9797,9797,0,0,0,0,0,0,0,0,0.061,0.064,0.000,0,0,0,9797,9797,0,0
travel,45.940,1102.4,908.000,908.000,fly,0.813,ok,2601,0,0,192.00,289705984,419426304,114090264,95883264,18123768,2904,7449760,22132800,958,9797,9797,0,0,0,0,0,0,0,0,0.059,0.069,0.000,0,0,0,9797,9797,0,0
travel,45.972,1103.1,908.536,908.536,fly,0.833,ok,2601,0,0,192.00,289705984,419426304,114090264,95883264,18123768,2904,7449760,22132800,958,9797,9797,0,0,0,0,0,0,0,0,0.061,0.070,0.000,0,0,0,9797,9797,0,0
travel,46.003,1103.9,909.078,909.078,fly,0.812,ok,2601,0,0,192.00,289705984,419426304,114090264,95883264,18123768,2904,7449760,22132800,958,9797,9797,0,0,0,0,0,0,0,0,0.060,0.066,0.000,0,0,0,9797,9797,0,0
travel,46.034,1104.6,909.602,909.602,fly,0.816,ok,2601,0,0,192.00,289705984,419426304,114090264,95883264,18123768,2904,7449760,22132800,958,9797,9797,0,0,0,0,0,0,0,0,0.061,0.068,0.000,0,0,0,9797,9797,0,0
travel,46.065,1105.4,910.128,910.128,fly,0.947,ok,2601,0,0,192.00,289705984,419426304,114090264,95883264,18123768,2904,7449760,22132800,958,9797,9797,0,0,0,0,0,0,0,0,0.070,0.107,0.000,0,0,0,9797,9797,0,0
travel,46.096,1106.1,910.654,910.654,fly,0.806,ok,2601,0,0,192.00,289705984,419426304,114090264,95883264,18123768,2904,7449760,22132800,958,9797,9797,0,0,0,0,0,0,0,0,0.060,0.066,0.000,0,0,0,9797,9797,0,0
travel,46.127,1106.9,911.183,911.183,fly,0.827,ok,2601,0,0,192.00,289705984,419426304,114090264,95883264,18123768,2904,7449760,22132800,958,9797,9797,0,0,0,0,0,0,0,0,0.062,0.071,0.000,0,0,0,9797,9797,0,0
travel,46.158,1107.6,911.710,911.710,fly,0.807,ok,2601,0,0,192.00,289705984,419426304,114090264,95883264,18123768,2904,7449760,22132800,958,9797,9797,0,0,0,0,0,0,0,0,0.061,0.066,0.000,0,0,0,9797,9797,0,0
travel,46.201,1108.7,912.436,912.436,fly,0.845,ok,2601,0,0,192.00,289968128,421548032,114090264,95883264,18123768,2904,11174640,22132800,958,9898,9898,0,0,0,0,0,0,0,0,0.062,0.074,0.000,0,0,0,9898,9898,0,0
travel,46.232,1109.4,912.956,912.956,fly,0.834,ok,2601,0,0,192.00,289968128,421548032,114090264,95883264,18123768,2904,11174640,22132800,958,9898,9898,0,0,0,0,0,0,0,0,0.082,0.068,0.000,0,0,0,9898,9898,0,0
travel,46.263,1110.1,913.491,913.491,fly,0.803,ok,2601,0,0,192.00,289968128,421548032,114090264,95883264,18123768,2904,11174640,22132800,958,9898,9898,0,0,0,0,0,0,0,0,0.060,0.064,0.000,0,0,0,9898,9898,0,0
travel,46.294,1110.9,914.013,914.013,fly,1.325,ok,2601,0,0,192.00,289968128,421548032,114090264,95883264,18123768,2904,11174640,22132800,958,9898,9898,0,0,0,0,0,0,0,0,0.143,0.126,0.000,0,0,0,9898,9898,0,0
travel,46.325,1111.6,914.541,914.541,fly,0.807,ok,2601,0,0,192.00,289968128,421548032,114090264,95883264,18123768,2904,11174640,22132800,958,9898,9898,0,0,0,0,0,0,0,0,0.060,0.064,0.000,0,0,0,9898,9898,0,0
travel,46.356,1112.4,915.067,915.067,fly,0.815,ok,2601,0,0,192.00,289968128,421548032,114090264,95883264,18123768,2904,11174640,22132800,958,9898,9898,0,0,0,0,0,0,0,0,0.060,0.068,0.000,0,0,0,9898,9898,0,0
travel,46.387,1113.1,915.601,915.601,fly,0.846,ok,2601,0,0,192.00,289968128,421548032,114090264,95883264,18123768,2904,7449760,22132800,958,9898,9898,0,0,0,0,0,0,0,0,0.061,0.072,0.000,0,0,0,9898,9898,0,0
travel,46.419,1113.9,916.137,916.137,fly,0.900,ok,2601,0,0,192.00,289968128,421548032,114090264,95883264,18123768,2904,7449760,22132800,958,9898,9898,0,0,0,0,0,0,0,0,0.064,0.077,0.000,0,0,0,9898,9898,0,0
travel,46.450,1114.6,916.669,916.669,fly,0.809,ok,2601,0,0,192.00,289968128,421548032,114090264,95883264,18123768,2904,7449760,22132800,958,9898,9898,0,0,0,0,0,0,0,0,0.061,0.066,0.000,0,0,0,9898,9898,0,0
travel,46.481,1115.4,917.189,917.189,fly,0.803,ok,2601,0,0,192.00,289968128,421548032,114090264,95883264,18123768,2904,7449760,22132800,958,9898,9898,0,0,0,0,0,0,0,0,0.061,0.065,0.000,0,0,0,9898,9898,0,0
travel,46.512,1116.1,917.722,917.722,fly,0.826,ok,2601,0,0,192.00,289968128,421548032,114090264,95883264,18123768,2904,7449760,22132800,958,9898,9898,0,0,0,0,0,0,0,0,0.061,0.071,0.000,0,0,0,9898,9898,0,0
travel,46.543,1116.9,918.255,918.255,fly,0.852,ok,2601,0,0,192.00,289968128,421548032,114090264,95883264,18123768,2904,7449760,22132800,958,9898,9898,0,0,0,0,0,0,0,0,0.066,0.082,0.000,0,0,0,9898,9898,0,0
travel,46.574,1117.6,918.780,918.780,fly,0.808,ok,2601,0,0,192.00,289968128,421548032,114090264,95883264,18123768,2904,7449760,22132800,958,9898,9898,0,0,0,0,0,0,0,0,0.060,0.066,0.000,0,0,0,9898,9898,0,0
travel,46.606,1118.4,919.318,919.318,fly,0.800,ok,2601,0,0,192.00,289968128,421548032,114090264,95883264,18123768,2904,7449760,22132800,958,9898,9898,0,0,0,0,0,0,0,0,0.059,0.063,0.000,0,0,0,9898,9898,0,0
travel,46.637,1119.1,919.838,919.838,fly,1.232,ok,2601,0,0,192.00,289968128,421548032,114090264,95883264,18123768,2904,7449760,22132800,958,9898,9898,0,0,0,0,0,0,0,0,0.145,0.154,0.000,0,0,0,9898,9898,0,0
travel,46.680,1120.2,920.569,920.569,fly,0.807,ok,2601,0,0,192.00,290451456,422072320,114090264,95883264,18123768,2904,11174640,22132800,958,9999,9999,0,0,0,0,0,0,0,0,0.061,0.066,0.000,0,0,0,9999,9999,0,0
travel,46.710,1120.9,921.083,921.083,fly,1.390,ok,2601,0,0,192.00,290451456,422072320,114090264,95883264,18123768,2904,11174640,22132800,958,9999,9999,0,0,0,0,0,0,0,0,0.375,0.147,0.000,0,0,0,9999,9999,0,0
travel,46.741,1121.6,921.606,921.606,fly,1.213,ok,2601,0,0,192.00,290451456,422072320,114090264,95883264,18123768,2904,11174640,22132800,958,9999,9999,0,0,0,0,0,0,0,0,0.072,0.115,0.000,0,0,0,9999,9999,0,0
travel,46.772,1122.4,922.136,922.136,fly,0.814,ok,2601,0,0,192.00,290451456,422072320,114090264,95883264,18123768,2904,11174640,22132800,958,9999,9999,0,0,0,0,0,0,0,0,0.062,0.068,0.000,0,0,0,9999,9999,0,0
travel,46.802,1123.1,922.654,922.654,fly,0.805,ok,2601,0,0,192.00,290451456,422072320,114090264,95883264,18123768,2904,11174640,22132800,958,9999,9999,0,0,0,0,0,0,0,0,0.060,0.064,0.000,0,0,0,9999,9999,0,0
travel,46.834,1123.9,923.195,923.195,fly,0.811,ok,2601,0,0,192.00,290451456,422072320,114090264,95883264,18123768,2904,7449760,22132800,958,9999,9999,0,0,0,0,0,0,0,0,0.060,0.067,0.000,0,0,0,9999,9999,0,0
travel,46.865,1124.6,923.717,923.717,fly,0.849,ok,2601,0,0,192.00,290451456,422072320,114090264,95883264,18123768,2904,7449760,22132800,958,9999,9999,0,0,0,0,0,0,0,0,0.061,0.073,0.000,0,0,0,9999,9999,0,0
travel,46.896,1125.3,924.242,924.242,fly,0.803,ok,2601,0,0,192.00,290451456,422072320,114090264,95883264,18123768,2904,7449760,22132800,958,9999,9999,0,0,0,0,0,0,0,0,0.061,0.066,0.000,0,0,0,9999,9999,0,0
travel,46.927,1126.1,924.773,924.773,fly,0.800,ok,2601,0,0,192.00,290451456,422072320,114090264,95883264,18123768,2904,7449760,22132800,958,9999,9999,0,0,0,0,0,0,0,0,0.060,0.062,0.000,0,0,0,9999,9999,0,0
travel,46.957,1126.8,925.287,925.287,fly,0.983,ok,2601,0,0,192.00,290451456,422072320,114090264,95883264,18123768,2904,7449760,22132800,958,9999,9999,0,0,0,0,0,0,0,0,0.074,0.132,0.000,0,0,0,9999,9999,0,0
travel,46.989,1127.6,925.821,925.821,fly,0.801,ok,2601,0,0,192.00,290451456,422072320,114090264,95883264,18123768,2904,7449760,22132800,958,9999,9999,0,0,0,0,0,0,0,0,0.059,0.062,0.000,0,0,0,9999,9999,0,0
travel,47.020,1128.3,926.348,926.348,fly,0.812,ok,2601,0,0,192.00,290451456,422072320,114090264,95883264,18123768,2904,7449760,22132800,958,9999,9999,0,0,0,0,0,0,0,0,0.061,0.065,0.000,0,0,0,9999,9999,0,0
travel,47.050,1129.1,926.870,926.870,fly,1.269,ok,2601,0,0,192.00,290451456,422072320,114090264,95883264,18123768,2904,7449760,22132800,958,9999,9999,0,0,0,0,0,0,0,0,0.111,0.135,0.000,0,0,0,9999,9999,0,0
travel,47.082,1129.8,927.413,927.413,fly,0.941,ok,2601,0,0,192.00,290451456,422072320,114090264,95883264,18123768,2904,7449760,22132800,958,9999,9999,0,0,0,0,0,0,0,0,0.070,0.116,0.000,0,0,0,9999,9999,0,0
travel,47.113,1130.6,927.942,927.942,fly,0.833,ok,2601,0,0,192.00,290451456,422072320,114090264,95883264,18123768,2904,7449760,22132800,958,9999,9999,0,0,0,0,0,0,0,0,0.061,0.070,0.000,0,0,0,9999,9999,0,0
travel,47.156,1131.6,928.672,928.672,fly,0.822,ok,2601,0,0,192.00,290672640,422072320,114090264,95883264,18123768,2904,11174640,22132800,958,10100,10100,0,0,0,0,0,0,0,0,0.061,0.070,0.000,0,0,0,10100,10100,0,0
travel,47.187,1132.4,929.200,929.200,fly,0.812,ok,2601,0,0,192.00,290672640,422072320,114090264,95883264,18123768,2904,11174640,22132800,958,10100,10100,0,0,0,0,0,0,0,0,0.060,0.067,0.000,0,0,0,10100,10100,0,0
travel,47.218,1133.1,929.725,929.725,fly,0.804,ok,2601,0,0,192.00,290672640,422072320,114090264,95883264,18123768,2904,11174640,22132800,958,10100,10100,0,0,0,0,0,0,0,0,0.060,0.066,0.000,0,0,0,10100,10100,0,0
travel,47.249,1133.8,930.251,930.251,fly,0.814,ok,2601,0,0,192.00,290672640,422072320,114090264,95883264,18123768,2904,11174640,22132800,958,10100,10100,0,0,0,0,0,0,0,0,0.061,0.068,0.000,0,0,0,10100,10100,0,0
travel,47.280,1134.6,930.770,930.770,fly,1.323,ok,2601,0,0,192.00,290672640,422072320,114090264,95883264,18123768,2904,11174640,22132800,958,10100,10100,0,0,0,0,0,0,0,0,0.149,0.136,0.000,0,0,0,10100,10100,0,0
travel,47.311,1135.3,931.306,931.306,fly,0.797,ok,2601,0,0,192.00,290672640,422072320,114090264,95883264,18123768,2904,7449760,22132800,958,10100,10100,0,0,0,0,0,0,0,0,0.060,0.062,0.000,0,0,0,10100,10100,0,0
travel,47.342,1136.1,931.831,931.831,fly,0.804,ok,2601,0,0,192.00,290672640,422072320,114090264,95883264,18123768,2904,7449760,22132800,958,10100,10100,0,0,0,0,0,0,0,0,0.060,0.067,0.000,0,0,0,10100,10100,0,0
travel,47.372,1136.8,932.345,932.345,fly,0.849,ok,2601,0,0,192.00,290672640,422072320,114090264,95883264,18123768,2904,7449760,22132800,958,10100,10100,0,0,0,0,0,0,0,0,0.061,0.076,0.000,0,0,0,10100,10100,0,0
travel,47.404,1137.6,932.888,932.888,fly,1.105,ok,2601,0,0,192.00,290672640,422072320,114090264,95883264,18123768,2904,7449760,22132800,958,10100,10100,0,0,0,0,0,0,0,0,0.063,0.083,0.000,0,0,0,10100,10100,0,0
travel,47.436,1138.3,933.420,933.420,fly,0.817,ok,2601,0,0,192.00,290672640,422072320,114090264,95883264,18123768,2904,7449760,22132800,958,10100,10100,0,0,0,0,0,0,0,0,0.062,0.072,0.000,0,0,0,10100,10100,0,0
travel,47.466,1139.1,933.940,933.940,fly,0.799,ok,2601,0,0,192.00,290672640,422072320,114090264,95883264,18123768,2904,7449760,22132800,958,10100,10100,0,0,0,0,0,0,0,0,0.060,0.066,0.000,0,0,0,10100,10100,0,0
travel,47.497,1139.8,934.459,934.459,fly,0.953,ok,2601,0,0,192.00,290672640,422072320,114090264,95883264,18123768,2904,7449760,22132800,958,10100,10100,0,0,0,0,0,0,0,0,0.070,0.113,0.000,0,0,0,10100,10100,0,0
travel,47.527,1140.5,934.976,934.976,fly,1.241,ok,2601,0,0,192.00,290672640,422072320,114090264,95883264,18123768,2904,7449760,22132800,958,10100,10100,0,0,0,0,0,0,0,0,0.223,0.125,0.000,0,0,0,10100,10100,0,0
travel,47.559,1141.3,935.512,935.512,fly,0.885,ok,2601,0,0,192.00,290672640,422072320,114090264,95883264,18123768,2904,7449760,22132800,958,10100,10100,0,0,0,0,0,0,0,0,0.136,0.070,0.000,0,0,0,10100,10100,0,0
travel,47.596,1142.2,936.149,936.149,fly,3.864,ok,2585,16,62,192.00,290672640,422072320,113388440,95293440,18012280,2904,11174640,19732992,958,10185,10201,24,0,81,24,24,0,0,0,0.158,0.095,0.000,0,0,0,10185,10185,0,0
travel,47.632,1143.0,936.753,936.753,fly,0.803,ok,2601,0,0,192.00,290672640,422072320,114090264,95883264,18123768,2904,11174640,22132800,958,10201,10201,0,0,0,0,0,0,0,0,0.060,0.067,0.000,0,0,0,10201,10201,0,0
travel,47.663,1143.8,937.280,937.280,fly,0.815,ok,2601,0,0,192.00,290672640,422072320,114090264,95883264,18123768,2904,11174640,22132800,958,10201,10201,0,0,0,0,0,0,0,0,0.060,0.072,0.000,0,0,0,10201,10201,0,0
travel,47.694,1144.5,937.803,937.803,fly,0.806,ok,2601,0,0,192.00,290672640,422072320,114090264,95883264,18123768,2904,11174640,22132800,958,10201,10201,0,0,0,0,0,0,0,0,0.062,0.067,0.000,0,0,0,10201,10201,0,0
travel,47.725,1145.3,938.336,938.336,fly,0.986,ok,2601,0,0,192.00,290672640,422072320,114090264,95883264,18123768,2904,11174640,22132800,958,10201,10201,0,0,0,0,0,0,0,0,0.074,0.123,0.000,0,0,0,10201,10201,0,0
travel,47.756,1146.0,938.863,938.863,fly,0.811,ok,2601,0,0,192.00,290672640,422072320,114090264,95883264,18123768,2904,11174640,22132800,958,10201,10201,0,0,0,0,0,0,0,0,0.061,0.068,0.000,0,0,0,10201,10201,0,0
travel,47.787,1146.8,939.389,939.389,fly,0.806,ok,2601,0,0,192.00,290672640,422072320,114090264,95883264,18123768,2904,7449760,22132800,958,10201,10201,0,0,0,0,0,0,0,0,0.061,0.065,0.000,0,0,0,10201,10201,0,0
travel,47.818,1147.5,939.914,939.914,fly,0.806,ok,2601,0,0,192.00,290672640,422072320,114090264,95883264,18123768,2904,7449760,22132800,958,10201,10201,0,0,0,0,0,0,0,0,0.061,0.066,0.000,0,0,0,10201,10201,0,0
travel,47.848,1148.2,940.430,940.430,fly,0.868,ok,2601,0,0,192.00,290672640,422072320,114090264,95883264,18123768,2904,7449760,22132800,958,10201,10201,0,0,0,0,0,0,0,0,0.062,0.127,0.000,0,0,0,10201,10201,0,0
travel,47.879,1149.0,940.961,940.961,fly,0.832,ok,2601,0,0,192.00,290672640,422072320,114090264,95883264,18123768,2904,7449760,22132800,958,10201,10201,0,0,0,0,0,0,0,0,0.060,0.071,0.000,0,0,0,10201,10201,0,0
travel,47.910,1149.7,941.489,941.489,fly,1.104,ok,2601,0,0,192.00,290672640,422072320,114090264,95883264,18123768,2904,7449760,22132800,958,10201,10201,0,0,0,0,0,0,0,0,0.065,0.111,0.000,0,0,0,10201,10201,0,0
travel,47.945,1150.6,942.080,942.080,fly,1.130,ok,2601,0,0,192.00,290672640,422072320,114090264,95883264,18123768,2904,7449760,22132800,958,10201,10201,0,0,0,0,0,0,0,0,0.067,0.110,0.000,0,0,0,10201,10201,0,0
travel,47.979,1151.4,942.647,942.647,fly,1.141,ok,2601,0,0,192.00,290672640,422072320,114090264,95883264,18123768,2904,7449760,22132800,958,10201,10201,0,0,0,0,0,0,0,0,0.064,0.095,0.000,0,0,0,10201,10201,0,0
travel,48.010,1152.1,943.177,943.177,fly,0.983,ok,2601,0,0,192.00,290672640,422072320,114090264,95883264,18123768,2904,7449760,22132800,958,10201,10201,0,0,0,0,0,0,0,0,0.071,0.109,0.000,0,0,0,10201,10201,0,0
travel,48.041,1152.9,943.711,943.711,fly,0.805,ok,2601,0,0,192.00,290672640,422072320,114090264,95883264,18123768,2904,7449760,22132800,958,10201,10201,0,0,0,0,0,0,0,0,0.059,0.063,0.000,0,0,0,10201,10201,0,0
travel,48.085,1153.9,944.449,944.449,fly,0.877,ok,2601,0,0,192.00,290672640,422072320,114090264,95883264,18123768,2904,11174640,22132800,958,10302,10302,0,0,0,0,0,0,0,0,0.062,0.129,0.000,0,0,0,10302,10302,0,0
travel,48.117,1154.7,944.990,944.990,fly,0.906,ok,2601,0,0,192.00,290672640,422072320,114090264,95883264,18123768,2904,11174640,22132800,958,10302,10302,0,0,0,0,0,0,0,0,0.071,0.107,0.000,0,0,0,10302,10302,0,0
travel,48.148,1155.5,945.527,945.527,fly,0.803,ok,2601,0,0,192.00,290672640,422072320,114090264,95883264,18123768,2904,11174640,22132800,958,10302,10302,0,0,0,0,0,0,0,0,0.061,0.066,0.000,0,0,0,10302,10302,0,0
travel,48.179,1156.2,946.051,946.051,fly,0.931,ok,2601,0,0,192.00,290672640,422072320,114090264,95883264,18123768,2904,11174640,22132800,958,10302,10302,0,0,0,0,0,0,0,0,0.098,0.153,0.000,0,0,0,10302,10302,0,0
travel,48.210,1156.9,946.580,946.580,fly,0.832,ok,2601,0,0,192.00,290672640,422072320,114090264,95883264,18123768,2904,11174640,22132800,958,10302,10302,0,0,0,0,0,0,0,0,0.063,0.075,0.000,0,0,0,10302,10302,0,0
travel,48.241,1157.7,947.103,947.103,fly,0.832,ok,2601,0,0,192.00,290672640,422072320,114090264,95883264,18123768,2904,11174640,22132800,958,10302,10302,0,0,0,0,0,0,0,0,0.061,0.073,0.000,0,0,0,10302,10302,0,0
travel,48.271,1158.4,947.620,947.620,fly,0.877,ok,2601,0,0,192.00,290672640,422072320,114090264,95883264,18123768,2904,7449760,22132800,958,10302,10302,0,0,0,0,0,0,0,0,0.137,0.064,0.000,0,0,0,10302,10302,0,0
travel,48.302,1159.2,948.146,948.146,fly,0.801,ok,2601,0,0,192.00,290672640,422072320,114090264,95883264,18123768,2904,7449760,22132800,958,10302,10302,0,0,0,0,0,0,0,0,0.061,0.065,0.000,0,0,0,10302,10302,0,0
travel,48.333,1159.9,948.665,948.665,fly,1.274,ok,2601,0,0,192.00,290672640,422072320,114090264,95883264,18123768,2904,7449760,22132800,958,10302,10302,0,0,0,0,0,0,0,0,0.071,0.144,0.000,0,0,0,10302,10302,0,0
travel,48.364,1160.6,949.192,949.192,fly,0.803,ok,2601,0,0,192.00,290672640,422072320,114090264,95883264,18123768,2904,7449760,22132800,958,10302,10302,0,0,0,0,0,0,0,0,0.060,0.066,0.000,0,0,0,10302,10302,0,0
travel,48.395,1161.4,949.716,949.716,fly,0.804,ok,2601,0,0,192.00,290672640,422072320,114090264,95883264,18123768,2904,7449760,22132800,958,10302,10302,0,0,0,0,0,0,0,0,0.059,0.065,0.000,0,0,0,10302,10302,0,0
travel,48.425,1162.1,950.241,950.241,fly,0.800,ok,2601,0,0,192.00,290672640,422072320,114090264,95883264,18123768,2904,7449760,22132800,958,10302,10302,0,0,0,0,0,0,0,0,0.062,0.065,0.000,0,0,0,10302,10302,0,0
travel,48.456,1162.9,950.766,950.766,fly,0.943,ok,2601,0,0,192.00,290672640,422072320,114090264,95883264,18123768,2904,7449760,22132800,958,10302,10302,0,0,0,0,0,0,0,0,0.071,0.170,0.000,0,0,0,10302,10302,0,0
travel,48.488,1163.6,951.305,951.305,fly,0.822,ok,2601,0,0,192.00,290672640,422072320,114090264,95883264,18123768,2904,7449760,22132800,958,10302,10302,0,0,0,0,0,0,0,0,0.061,0.069,0.000,0,0,0,10302,10302,0,0
travel,48.519,1164.4,951.837,951.837,fly,0.797,ok,2601,0,0,192.00,290672640,422072320,114090264,95883264,18123768,2904,7449760,22132800,958,10302,10302,0,0,0,0,0,0,0,0,0.059,0.066,0.000,0,0,0,10302,10302,0,0
travel,48.562,1165.4,952.564,952.564,fly,0.812,ok,2601,0,0,192.00,291749888,423649280,114090264,95883264,18123768,2904,11174640,22132800,958,10403,10403,0,0,0,0,0,0,0,0,0.061,0.068,0.000,0,0,0,10403,10403,0,0
travel,48.593,1166.1,953.080,953.080,fly,0.808,ok,2601,0,0,192.00,291749888,423649280,114090264,95883264,18123768,2904,11174640,22132800,958,10403,10403,0,0,0,0,0,0,0,0,0.060,0.068,0.000,0,0,0,10403,10403,0,0
travel,48.624,1166.9,953.611,953.611,fly,0.800,ok,2601,0,0,192.00,291749888,423649280,114090264,95883264,18123768,2904,11174640,22132800,958,10403,10403,0,0,0,0,0,0,0,0,0.060,0.063,0.000,0,0,0,10403,10403,0,0
travel,48.655,1167.6,954.137,954.137,fly,1.382,ok,2601,0,0,192.00,291749888,423649280,114090264,95883264,18123768,2904,11174640,22132800,958,10403,10403,0,0,0,0,0,0,0,0,0.231,0.136,0.000,0,0,0,10403,10403,0,0
travel,48.688,1168.4,954.697,954.697,fly,1.036,ok,2601,0,0,192.00,291749888,423649280,114090264,95883264,18123768,2904,11174640,22132800,958,10403,10403,0,0,0,0,0,0,0,0,0.072,0.123,0.000,0,0,0,10403,10403,0,0
travel,48.719,1169.2,955.235,955.235,fly,0.834,ok,2601,0,0,192.00,291749888,423649280,114090264,95883264,18123768,2904,7449760,22132800,958,10403,10403,0,0,0,0,0,0,0,0,0.061,0.065,0.000,0,0,0,10403,10403,0,0
travel,48.750,1169.9,955.758,955.758,fly,0.809,ok,2601,0,0,192.00,291749888,423649280,114090264,95883264,18123768,2904,7449760,22132800,958,10403,10403,0,0,0,0,0,0,0,0,0.061,0.067,0.000,0,0,0,10403,10403,0,0
travel,48.781,1170.7,956.284,956.284,fly,0.806,ok,2601,0,0,192.00,291749888,423649280,114090264,95883264,18123768,2904,7449760,22132800,958,10403,10403,0,0,0,0,0,0,0,0,0.060,0.067,0.000,0,0,0,10403,10403,0,0
travel,48.812,1171.4,956.818,956.818,fly,0.800,ok,2601,0,0,192.00,291749888,423649280,114090264,95883264,18123768,2904,7449760,22132800,958,10403,10403,0,0,0,0,0,0,0,0,0.060,0.068,0.000,0,0,0,10403,10403,0,0
travel,48.843,1172.2,957.343,957.343,fly,0.808,ok,2601,0,0,192.00,291749888,423649280,114090264,95883264,18123768,2904,7449760,22132800,958,10403,10403,0,0,0,0,0,0,0,0,0.060,0.069,0.000,0,0,0,10403,10403,0,0
travel,48.874,1172.9,957.862,957.862,fly,0.877,ok,2601,0,0,192.00,291749888,423649280,114090264,95883264,18123768,2904,7449760,22132800,958,10403,10403,0,0,0,0,0,0,0,0,0.136,0.068,0.000,0,0,0,10403,10403,0,0
travel,48.905,1173.7,958.399,958.399,fly,0.805,ok,2601,0,0,192.00,291749888,423649280,114090264,95883264,18123768,2904,7449760,22132800,958,10403,10403,0,0,0,0,0,0,0,0,0.060,0.068,0.000,0,0,0,10403,10403,0,0
travel,48.936,1174.4,958.918,958.918,fly,0.900,ok,2601,0,0,192.00,291749888,423649280,114090264,95883264,18123768,2904,7449760,22132800,958,10403,10403,0,0,0,0,0,0,0,0,0.062,0.154,0.000,0,0,0,10403,10403,0,0
travel,48.967,1175.1,959.447,959.447,fly,0.803,ok,2601,0,0,192.00,291749888,423649280,114090264,95883264,18123768,2904,7449760,22132800,958,10403,10403,0,0,0,0,0,0,0,0,0.060,0.065,0.000,0,0,0,10403,10403,0,0
travel,48.998,1175.9,959.970,959.970,fly,0.830,ok,2601,0,0,192.00,291749888,423649280,114090264,95883264,18123768,2904,7449760,22132800,958,10403,10403,0,0,0,0,0,0,0,0,0.061,0.070,0.000,0,0,0,10403,10403,0,0
travel,49.040,1176.9,960.688,960.688,fly,0.800,ok,2601,0,0,192.00,292265984,424173568,114090264,95883264,18123768,2904,11174640,22132800,958,10504,10504,0,0,0,0,0,0,0,0,0.060,0.067,0.000,0,0,0,10504,10504,0,0
travel,49.071,1177.6,961.211,961.211,fly,0.853,ok,2601,0,0,192.00,292265984,424173568,114090264,95883264,18123768,2904,11174640,22132800,958,10504,10504,0,0,0,0,0,0,0,0,0.063,0.078,0.000,0,0,0,10504,10504,0,0
travel,49.101,1178.4,961.731,961.731,fly,0.809,ok,2601,0,0,192.00,292265984,424173568,114090264,95883264,18123768,2904,11174640,22132800,958,10504,10504,0,0,0,0,0,0,0,0,0.060,0.066,0.000,0,0,0,10504,10504,0,0
travel,49.132,1179.1,962.256,962.256,fly,0.826,ok,2601,0,0,192.00,292265984,424173568,114090264,95883264,18123768,2904,11174640,22132800,958,10504,10504,0,0,0,0,0,0,0,0,0.061,0.073,0.000,0,0,0,10504,10504,0,0
travel,49.164,1179.9,962.786,962.786,fly,1.261,ok,2601,0,0,192.00,292265984,424173568,114090264,95883264,18123768,2904,11174640,22132800,958,10504,10504,0,0,0,0,0,0,0,0,0.152,0.137,0.000,0,0,0,10504,10504,0,0
travel,49.195,1180.6,963.324,963.324,fly,1.014,ok,2601,0,0,192.00,292265984,424173568,114090264,95883264,18123768,2904,7449760,22132800,958,10504,10504,0,0,0,0,0,0,0,0,0.262,0.067,0.000,0,0,0,10504,10504,0,0
travel,49.226,1181.4,963.853,963.853,fly,0.806,ok,2601,0,0,192.00,292265984,424173568,114090264,95883264,18123768,2904,7449760,22132800,958,10504,10504,0,0,0,0,0,0,0,0,0.061,0.068,0.000,0,0,0,10504,10504,0,0
travel,49.257,1182.1,964.376,964.376,fly,0.806,ok,2601,0,0,192.00,292265984,424173568,114090264,95883264,18123768,2904,7449760,22132800,958,10504,10504,0,0,0,0,0,0,0,0,0.061,0.067,0.000,0,0,0,10504,10504,0,0
travel,49.288,1182.9,964.904,964.904,fly,0.804,ok,2601,0,0,192.00,292265984,424173568,114090264,95883264,18123768,2904,7449760,22132800,958,10504,10504,0,0,0,0,0,0,0,0,0.060,0.067,0.000,0,0,0,10504,10504,0,0
travel,49.319,1183.6,965.427,965.427,fly,1.032,ok,2601,0,0,192.00,292265984,424173568,114090264,95883264,18123768,2904,7449760,22132800,958,10504,10504,0,0,0,0,0,0,0,0,0.064,0.078,0.000,0,0,0,10504,10504,0,0
travel,49.349,1184.3,965.944,965.944,fly,0.794,ok,2601,0,0,192.00,292265984,424173568,114090264,95883264,18123768,2904,7449760,22132800,958,10504,10504,0,0,0,0,0,0,0,0,0.059,0.062,0.000,0,0,0,10504,10504,0,0
travel,49.381,1185.1,966.484,966.484,fly,0.800,ok,2601,0,0,192.00,292265984,424173568,114090264,95883264,18123768,2904,7449760,22132800,958,10504,10504,0,0,0,0,0,0,0,0,0.061,0.066,0.000,0,0,0,10504,10504,0,0
travel,49.412,1185.8,967.008,967.008,fly,1.194,ok,2601,0,0,192.00,292265984,424173568,114090264,95883264,18123768,2904,7449760,22132800,958,10504,10504,0,0,0,0,0,0,0,0,0.147,0.134,0.000,0,0,0,10504,10504,0,0
travel,49.443,1186.6,967.541,967.541,fly,0.828,ok,2601,0,0,192.00,292265984,424173568,114090264,95883264,18123768,2904,7449760,22132800,958,10504,10504,0,0,0,0,0,0,0,0,0.059,0.080,0.000,0,0,0,10504,10504,0,0
travel,49.483,1187.5,968.221,968.221,fly,1.855,ok,2601,0,58,192.00,292524032,424173568,114090264,95883264,18123768,2904,11174640,19106496,958,10605,10605,14,0,59,14,14,0,0,0,0.076,0.080,0.000,0,0,0,10605,10605,0,0
travel,49.516,1188.3,968.767,968.767,fly,0.807,ok,2601,0,0,192.00,292524032,424173568,114090264,95883264,18123768,2904,11174640,22132800,958,10605,10605,0,0,0,0,0,0,0,0,0.061,0.067,0.000,0,0,0,10605,10605,0,0
travel,49.547,1189.1,969.298,969.298,fly,0.908,ok,2601,0,0,192.00,292524032,424173568,114090264,95883264,18123768,2904,11174640,22132800,958,10605,10605,0,0,0,0,0,0,0,0,0.061,0.078,0.000,0,0,0,10605,10605,0,0
travel,49.577,1189.8,969.820,969.820,fly,0.801,ok,2601,0,0,192.00,292524032,424173568,114090264,95883264,18123768,2904,11174640,22132800,958,10605,10605,0,0,0,0,0,0,0,0,0.061,0.066,0.000,0,0,0,10605,10605,0,0
travel,49.609,1190.6,970.353,970.353,fly,0.839,ok,2601,0,0,192.00,292524032,424173568,114090264,95883264,18123768,2904,11174640,22132800,958,10605,10605,0,0,0,0,0,0,0,0,0.064,0.074,0.000,0,0,0,10605,10605,0,0
travel,49.640,1191.3,970.878,970.878,fly,1.059,ok,2601,0,0,192.00,292524032,424173568,114090264,95883264,18123768,2904,11174640,22132800,958,10605,10605,0,0,0,0,0,0,0,0,0.135,0.165,0.000,0,0,0,10605,10605,0,0
travel,49.671,1192.1,971.407,971.407,fly,1.054,ok,2601,0,0,192.00,292524032,424173568,114090264,95883264,18123768,2904,7449760,22132800,958,10605,10605,0,0,0,0,0,0,0,0,0.236,0.131,0.000,0,0,0,10605,10605,0,0
travel,49.702,1192.8,971.931,971.931,fly,0.801,ok,2601,0,0,192.00,292524032,424173568,114090264,95883264,18123768,2904,7449760,22132800,958,10605,10605,0,0,0,0,0,0,0,0,0.060,0.065,0.000,0,0,0,10605,10605,0,0
travel,49.733,1193.5,972.459,972.459,fly,1.241,ok,2601,0,0,192.00,292524032,424173568,114090264,95883264,18123768,2904,7449760,22132800,958,10605,10605,0,0,0,0,0,0,0,0,0.145,0.126,0.000,0,0,0,10605,10605,0,0
travel,49.764,1194.3,972.990,972.990,fly,0.810,ok,2601,0,0,192.00,292524032,424173568,114090264,95883264,18123768,2904,7449760,22132800,958,10605,10605,0,0,0,0,0,0,0,0,0.061,0.069,0.000,0,0,0,10605,10605,0,0
travel,49.795,1195.0,973.518,973.518,fly,0.799,ok,2601,0,0,192.00,292524032,424173568,114090264,95883264,18123768,2904,7449760,22132800,958,10605,10605,0,0,0,0,0,0,0,0,0.059,0.066,0.000,0,0,0,10605,10605,0,0
travel,49.825,1195.8,974.035,974.035,fly,0.802,ok,2601,0,0,192.00,292524032,424173568,114090264,95883264,18123768,2904,7449760,22132800,958,10605,10605,0,0,0,0,0,0,0,0,0.059,0.065,0.000,0,0,0,10605,10605,0,0
travel,49.856,1196.5,974.553,974.553,fly,0.836,ok,2601,0,0,192.00,292524032,424173568,114090264,95883264,18123768,2904,7449760,22132800,958,10605,10605,0,0,0,0,0,0,0,0,0.061,0.072,0.000,0,0,0,10605,10605,0,0
travel,49.887,1197.3,975.084,975.084,fly,1.050,ok,2601,0,0,192.00,292524032,424173568,114090264,95883264,18123768,2904,7449760,22132800,958,10605,10605,0,0,0,0,0,0,0,0,0.136,0.130,0.000,0,0,0,10605,10605,0,0
travel,49.918,1198.0,975.616,975.616,fly,0.805,ok,2601,0,0,192.00,292524032,424173568,114090264,95883264,18123768,2904,7449760,22132800,958,10605,10605,0,0,0,0,0,0,0,0,0.059,0.064,0.000,0,0,0,10605,10605,0,0
travel,49.963,1199.1,976.366,976.366,fly,1.125,ok,2601,0,0,192.00,292524032,424173568,114090264,95883264,18123768,2904,11174640,22132800,958,10706,10706,0,0,0,0,0,0,0,0,0.065,0.091,0.000,0,0,0,10706,10706,0,0
travel,49.995,1199.8,976.913,976.913,fly,1.121,ok,2601,0,0,192.00,292524032,424173568,114090264,95883264,18123768,2904,11174640,22132800,958,10706,10706,0,0,0,0,0,0,0,0,0.074,0.135,0.000,0,0,0,10706,10706,0,0
travel,50.027,1200.6,977.454,977.454,fly,0.911,ok,2601,0,0,192.00,292524032,424173568,114090264,95883264,18123768,2904,11174640,22132800,958,10706,10706,0,0,0,0,0,0,0,0,0.064,0.085,0.000,0,0,0,10706,10706,0,0
travel,50.058,1201.4,977.993,977.993,fly,0.952,ok,2601,0,0,192.00,292524032,424173568,114090264,95883264,18123768,2904,11174640,22132800,958,10706,10706,0,0,0,0,0,0,0,0,0.063,0.198,0.000,0,0,0,10706,10706,0,0
travel,50.089,1202.1,978.520,978.520,fly,1.294,ok,2601,0,0,192.00,292524032,424173568,114090264,95883264,18123768,2904,11174640,22132800,958,10706,10706,0,0,0,0,0,0,0,0,0.142,0.115,0.000,0,0,0,10706,10706,0,0
travel,50.121,1202.9,979.054,979.054,fly,0.913,ok,2601,0,0,192.00,292524032,424173568,114090264,95883264,18123768,2904,7449760,22132800,958,10706,10706,0,0,0,0,0,0,0,0,0.139,0.072,0.000,0,0,0,10706,10706,0,0
travel,50.153,1203.6,979.593,979.593,fly,0.829,ok,2601,0,0,192.00,292524032,424173568,114090264,95883264,18123768,2904,7449760,22132800,958,10706,10706,0,0,0,0,0,0,0,0,0.061,0.075,0.000,0,0,0,10706,10706,0,0
travel,50.186,1204.4,980.168,980.168,fly,0.833,ok,2601,0,0,192.00,292524032,424173568,114090264,95883264,18123768,2904,7449760,22132800,958,10706,10706,0,0,0,0,0,0,0,0,0.062,0.070,0.000,0,0,0,10706,10706,0,0
travel,50.223,1205.3,980.793,980.793,fly,1.665,ok,2601,0,0,192.00,292524032,424173568,114090264,95883264,18123768,2904,7449760,22132800,958,10706,10706,0,0,0,0,0,0,0,0,0.075,0.677,0.000,0,0,0,10706,10706,0,0
travel,50.256,1206.1,981.358,981.358,fly,0.944,ok,2601,0,0,192.00,292524032,424173568,114090264,95883264,18123768,2904,7449760,22132800,958,10706,10706,0,0,0,0,0,0,0,0,0.072,0.110,0.000,0,0,0,10706,10706,0,0
travel,50.287,1206.9,981.875,981.875,fly,0.926,ok,2601,0,0,192.00,292524032,424173568,114090264,95883264,18123768,2904,7449760,22132800,958,10706,10706,0,0,0,0,0,0,0,0,0.059,0.172,0.000,0,0,0,10706,10706,0,0
travel,50.319,1207.6,982.415,982.415,fly,0.812,ok,2601,0,0,192.00,292524032,424173568,114090264,95883264,18123768,2904,7449760,22132800,958,10706,10706,0,0,0,0,0,0,0,0,0.061,0.064,0.000,0,0,0,10706,10706,0,0
travel,50.351,1208.4,982.962,982.962,fly,0.830,ok,2601,0,0,192.00,292524032,424173568,114090264,95883264,18123768,2904,7449760,22132800,958,10706,10706,0,0,0,0,0,0,0,0,0.060,0.078,0.000,0,0,0,10706,10706,0,0
travel,50.381,1209.1,983.480,983.480,fly,1.254,ok,2601,0,0,192.00,292524032,424173568,114090264,95883264,18123768,2904,7449760,22132800,958,10706,10706,0,0,0,0,0,0,0,0,0.144,0.144,0.000,0,0,0,10706,10706,0,0
travel,50.419,1210.0,984.112,984.112,fly,4.033,ok,2560,41,102,192.00,292524032,426274816,112291840,94371840,17838080,2904,11174640,19003128,958,10766,10807,23,0,77,23,23,0,0,0,0.069,0.248,0.000,0,0,0,10766,10766,0,0
travel,50.457,1210.9,984.763,984.763,fly,0.844,ok,2601,0,0,192.00,292524032,426274816,114090264,95883264,18123768,2904,11174640,22132800,958,10807,10807,0,0,0,0,0,0,0,0,0.062,0.072,0.000,0,0,0,10807,10807,0,0
travel,50.487,1211.7,985.278,985.278,fly,0.877,ok,2601,0,0,192.00,292524032,426274816,114090264,95883264,18123768,2904,11174640,22132800,958,10807,10807,0,0,0,0,0,0,0,0,0.136,0.064,0.000,0,0,0,10807,10807,0,0
travel,50.518,1212.4,985.797,985.797,fly,0.807,ok,2601,0,0,192.00,292524032,426274816,114090264,95883264,18123768,2904,11174640,22132800,958,10807,10807,0,0,0,0,0,0,0,0,0.064,0.066,0.000,0,0,0,10807,10807,0,0
travel,50.548,1213.1,986.312,986.312,fly,1.060,ok,2601,0,0,192.00,292524032,426274816,114090264,95883264,18123768,2904,11174640,22132800,958,10807,10807,0,0,0,0,0,0,0,0,0.069,0.116,0.000,0,0,0,10807,10807,0,0
travel,50.579,1213.9,986.845,986.845,fly,0.810,ok,2601,0,0,192.00,292524032,426274816,114090264,95883264,18123768,2904,11174640,22132800,958,10807,10807,0,0,0,0,0,0,0,0,0.061,0.065,0.000,0,0,0,10807,10807,0,0
travel,50.610,1214.6,987.362,987.362,fly,0.833,ok,2601,0,0,192.00,292524032,426274816,114090264,95883264,18123768,2904,7449760,22132800,958,10807,10807,0,0,0,0,0,0,0,0,0.062,0.075,0.000,0,0,0,10807,10807,0,0
travel,50.640,1215.3,987.878,987.878,fly,1.037,ok,2601,0,0,192.00,292524032,426274816,114090264,95883264,18123768,2904,7449760,22132800,958,10807,10807,0,0,0,0,0,0,0,0,0.253,0.066,0.000,0,0,0,10807,10807,0,0
travel,50.670,1216.1,988.394,988.394,fly,0.803,ok,2601,0,0,192.00,292524032,426274816,114090264,95883264,18123768,2904,7449760,22132800,958,10807,10807,0,0,0,0,0,0,0,0,0.060,0.065,0.000,0,0,0,10807,10807,0,0
travel,50.701,1216.8,988.909,988.909,fly,0.874,ok,2601,0,0,192.00,292524032,426274816,114090264,95883264,18123768,2904,7449760,22132800,958,10807,10807,0,0,0,0,0,0,0,0,0.132,0.066,0.000,0,0,0,10807,10807,0,0
travel,50.731,1217.5,989.424,989.424,fly,0.836,ok,2601,0,0,192.00,292524032,426274816,114090264,95883264,18123768,2904,7449760,22132800,958,10807,10807,0,0,0,0,0,0,0,0,0.065,0.075,0.000,0,0,0,10807,10807,0,0
travel,50.762,1218.3,989.947,989.947,fly,1.191,ok,2601,0,0,192.00,292524032,426274816,114090264,95883264,18123768,2904,7449760,22132800,958,10807,10807,0,0,0,0,0,0,0,0,0.076,0.147,0.000,0,0,0,10807,10807,0,0
travel,50.793,1219.0,990.475,990.475,fly,0.810,ok,2601,0,0,192.00,292524032,426274816,114090264,95883264,18123768,2904,7449760,22132800,958,10807,10807,0,0,0,0,0,0,0,0,0.060,0.064,0.000,0,0,0,10807,10807,0,0
travel,50.824,1219.8,991.010,991.010,fly,0.865,ok,2601,0,0,192.00,292524032,426274816,114090264,95883264,18123768,2904,7449760,22132800,958,10807,10807,0,0,0,0,0,0,0,0,0.061,0.067,0.000,0,0,0,10807,10807,0,0
travel,50.855,1220.5,991.527,991.527,fly,1.266,ok,2601,0,0,192.00,292524032,426274816,114090264,95883264,18123768,2904,7449760,22132800,958,10807,10807,0,0,0,0,0,0,0,0,0.071,0.484,0.000,0,0,0,10807,10807,0,0
travel,50.895,1221.5,992.217,992.217,fly,3.017,ok,2601,0,23,192.00,292524032,426274816,114090264,95883264,18123768,2904,11174640,20932656,958,10908,10908,17,0,73,17,17,0,0,0,0.062,0.093,0.000,0,0,0,10908,10908,0,0
travel,50.929,1222.3,992.785,992.785,fly,1.215,ok,2601,0,0,192.00,292524032,426274816,114090264,95883264,18123768,2904,11174640,22132800,958,10908,10908,0,0,0,0,0,0,0,0,0.146,0.136,0.000,0,0,0,10908,10908,0,0
travel,50.960,1223.0,993.314,993.314,fly,1.189,ok,2601,0,0,192.00,292524032,426274816,114090264,95883264,18123768,2904,11174640,22132800,958,10908,10908,0,0,0,0,0,0,0,0,0.075,0.138,0.000,0,0,0,10908,10908,0,0
travel,50.993,1223.8,993.875,993.875,fly,0.827,ok,2601,0,0,192.00,292524032,426274816,114090264,95883264,18123768,2904,11174640,22132800,958,10908,10908,0,0,0,0,0,0,0,0,0.062,0.065,0.000,0,0,0,10908,10908,0,0
travel,51.024,1224.6,994.407,994.407,fly,0.936,ok,2601,0,0,192.00,292524032,426274816,114090264,95883264,18123768,2904,11174640,22132800,958,10908,10908,0,0,0,0,0,0,0,0,0.070,0.107,0.000,0,0,0,10908,10908,0,0
travel,51.055,1225.3,994.937,994.937,fly,0.821,ok,2601,0,0,192.00,292524032,426274816,114090264,95883264,18123768,2904,7449760,22132800,958,10908,10908,0,0,0,0,0,0,0,0,0.062,0.067,0.000,0,0,0,10908,10908,0,0
travel,51.086,1226.1,995.458,995.458,fly,0.854,ok,2601,0,0,192.00,292524032,426274816,114090264,95883264,18123768,2904,7449760,22132800,958,10908,10908,0,0,0,0,0,0,0,0,0.061,0.073,0.000,0,0,0,10908,10908,0,0
travel,51.117,1226.8,995.984,995.984,fly,0.886,ok,2601,0,0,192.00,292524032,426274816,114090264,95883264,18123768,2904,7449760,22132800,958,10908,10908,0,0,0,0,0,0,0,0,0.062,0.077,0.000,0,0,0,10908,10908,0,0
travel,51.149,1227.6,996.520,996.520,fly,0.895,ok,2601,0,0,192.00,292524032,426274816,114090264,95883264,18123768,2904,7449760,22132800,958,10908,10908,0,0,0,0,0,0,0,0,0.132,0.065,0.000,0,0,0,10908,10908,0,0
travel,51.180,1228.3,997.054,997.054,fly,0.895,ok,2601,0,0,192.00,292524032,426274816,114090264,95883264,18123768,2904,7449760,22132800,958,10908,10908,0,0,0,0,0,0,0,0,0.062,0.083,0.000,0,0,0,10908,10908,0,0
travel,51.212,1229.1,997.599,997.599,fly,1.147,ok,2601,0,0,192.00,292524032,426274816,114090264,95883264,18123768,2904,7449760,22132800,958,10908,10908,0,0,0,0,0,0,0,0,0.072,0.132,0.000,0,0,0,10908,10908,0,0
travel,51.246,1229.9,998.177,998.177,fly,2.819,ok,2601,0,0,192.00,292524032,426274816,114090264,95883264,18123768,2904,7449760,22132800,958,10908,10908,0,0,0,0,0,0,0,0,0.159,0.131,0.000,0,0,0,10908,10908,0,0
travel,51.290,1231.0,998.921,998.921,fly,1.419,ok,2601,0,0,192.00,292524032,426274816,114090264,95883264,18123768,2904,7449760,22132800,958,10908,10908,0,0,0,0,0,0,0,0,0.376,0.121,0.000,0,0,0,10908,10908,0,0
travel,51.323,1231.7,999.477,999.477,fly,0.804,ok,2601,0,0,192.00,292524032,426274816,114090264,95883264,18123768,2904,7449760,22132800,958,10908,10908,0,0,0,0,0,0,0,0,0.061,0.067,0.000,0,0,0,10908,10908,0,0
travel,51.372,1232.9,1000.315,1000.315,fly,1.189,ok,2601,0,0,192.00,292524032,426274816,114090264,95883264,18123768,2904,11174640,22132800,958,11009,11009,0,0,56,0,0,0,0,0,0.064,0.083,0.000,0,0,0,11009,11009,0,0
travel,51.410,1233.8,1000.959,1000.959,fly,0.989,ok,2601,0,0,192.00,292524032,426274816,114090264,95883264,18123768,2904,11174640,22132800,958,11009,11009,0,0,0,0,0,0,0,0,0.198,0.074,0.000,0,0,0,11009,11009,0,0
travel,51.446,1234.7,1001.566,1001.566,fly,0.929,ok,2601,0,0,192.00,292524032,426274816,114090264,95883264,18123768,2904,11174640,22132800,958,11009,11009,0,0,0,0,0,0,0,0,0.064,0.140,0.000,0,0,0,11009,11009,0,0
travel,51.482,1235.6,1002.175,1002.175,fly,1.276,ok,2601,0,0,192.00,292524032,426274816,114090264,95883264,18123768,2904,11174640,22132800,958,11009,11009,0,0,0,0,0,0,0,0,0.141,0.160,0.000,0,0,0,11009,11009,0,0
travel,51.515,1236.4,1002.752,1002.752,fly,0.985,ok,2601,0,0,192.00,292524032,426274816,114090264,95883264,18123768,2904,7449760,22132800,958,11009,11009,0,0,0,0,0,0,0,0,0.149,0.145,0.000,0,0,0,11009,11009,0,0
travel,51.547,1237.1,1003.289,1003.289,fly,0.835,ok,2601,0,0,192.00,292524032,426274816,114090264,95883264,18123768,2904,7449760,22132800,958,11009,11009,0,0,0,0,0,0,0,0,0.061,0.069,0.000,0,0,0,11009,11009,0,0
travel,51.582,1238.0,1003.886,1003.886,fly,0.834,ok,2601,0,0,192.00,292524032,426274816,114090264,95883264,18123768,2904,7449760,22132800,958,11009,11009,0,0,0,0,0,0,0,0,0.065,0.068,0.000,0,0,0,11009,11009,0,0
travel,51.618,1238.8,1004.490,1004.490,fly,0.828,ok,2601,0,0,192.00,292524032,426274816,114090264,95883264,18123768,2904,7449760,22132800,958,11009,11009,0,0,0,0,0,0,0,0,0.062,0.069,0.000,0,0,0,11009,11009,0,0
travel,51.651,1239.6,1005.061,1005.061,fly,0.989,ok,2601,0,0,192.00,292524032,426274816,114090264,95883264,18123768,2904,7449760,22132800,958,11009,11009,0,0,0,0,0,0,0,0,0.072,0.117,0.000,0,0,0,11009,11009,0,0
travel,51.685,1240.5,1005.636,1005.636,fly,1.383,ok,2601,0,0,192.00,292524032,426274816,114090264,95883264,18123768,2904,7449760,22132800,958,11009,11009,0,0,0,0,0,0,0,0,0.344,0.132,0.000,0,0,0,11009,11009,0,0
travel,51.720,1241.3,1006.221,1006.221,fly,0.920,ok,2601,0,0,192.00,292524032,426274816,114090264,95883264,18123768,2904,7449760,22132800,958,11009,11009,0,0,0,0,0,0,0,0,0.063,0.072,0.000,0,0,0,11009,11009,0,0
travel,51.753,1242.1,1006.790,1006.790,fly,0.969,ok,2601,0,0,192.00,292524032,426274816,114090264,95883264,18123768,2904,7449760,22132800,958,11009,11009,0,0,0,0,0,0,0,0,0.074,0.113,0.000,0,0,0,11009,11009,0,0
travel,51.786,1242.9,1007.351,1007.351,fly,0.874,ok,2601,0,0,192.00,292524032,426274816,114090264,95883264,18123768,2904,7449760,22132800,958,11009,11009,0,0,0,0,0,0,0,0,0.062,0.077,0.000,0,0,0,11009,11009,0,0
travel,51.821,1243.7,1007.938,1007.938,fly,1.073,ok,2601,0,0,192.00,292524032,426274816,114090264,95883264,18123768,2904,7449760,22132800,958,11009,11009,0,0,0,0,0,0,0,0,0.075,0.131,0.000,0,0,0,11009,11009,0,0
travel,51.865,1244.8,1008.683,1008.683,fly,1.224,ok,2601,0,0,192.00,292524032,426274816,114090264,95883264,18123768,2904,11174640,22132800,958,11110,11110,0,0,0,0,0,0,0,0,0.196,0.084,0.000,0,0,0,11110,11110,0,0
travel,51.897,1245.5,1009.226,1009.226,fly,0.813,ok,2601,0,0,192.00,292524032,426274816,114090264,95883264,18123768,2904,11174640,22132800,958,11110,11110,0,0,0,0,0,0,0,0,0.061,0.075,0.000,0,0,0,11110,11110,0,0
travel,51.930,1246.3,1009.794,1009.794,fly,0.820,ok,2601,0,0,192.00,292524032,426274816,114090264,95883264,18123768,2904,11174640,22132800,958,11110,11110,0,0,0,0,0,0,0,0,0.062,0.066,0.000,0,0,0,11110,11110,0,0
travel,51.964,1247.2,1010.378,1010.378,fly,1.164,ok,2601,0,0,192.00,292524032,426274816,114090264,95883264,18123768,2904,7449760,22132800,958,11110,11110,0,0,0,0,0,0,0,0,0.066,0.084,0.000,0,0,0,11110,11110,0,0
travel,51.998,1248.0,1010.947,1010.947,fly,1.285,ok,2601,0,0,192.00,292524032,426274816,114090264,95883264,18123768,2904,7449760,22132800,958,11110,11110,0,0,0,0,0,0,0,0,0.070,0.102,0.000,0,0,0,11110,11110,0,0
travel,52.030,1248.7,1011.494,1011.494,fly,0.984,ok,2601,0,0,192.00,292524032,426274816,114090264,95883264,18123768,2904,7449760,22132800,958,11110,11110,0,0,0,0,0,0,0,0,0.072,0.113,0.000,0,0,0,11110,11110,0,0
travel,52.062,1249.5,1012.041,1012.041,fly,2.522,ok,2601,0,0,192.00,292524032,426274816,114090264,95883264,18123768,2904,7449760,22132800,958,11110,11110,0,0,0,0,0,0,0,0,0.665,0.192,0.000,0,0,0,11110,11110,0,0
travel,52.098,1250.4,1012.653,1012.653,fly,1.268,ok,2601,0,0,192.00,292524032,426274816,114090264,95883264,18123768,2904,7449760,22132800,958,11110,11110,0,0,0,0,0,0,0,0,0.140,0.137,0.000,0,0,0,11110,11110,0,0
travel,52.132,1251.2,1013.225,1013.225,fly,1.072,ok,2601,0,0,192.00,292524032,426274816,114090264,95883264,18123768,2904,7449760,22132800,958,11110,11110,0,0,0,0,0,0,0,0,0.143,0.148,0.000,0,0,0,11110,11110,0,0
travel,52.165,1252.0,1013.790,1013.790,fly,1.292,ok,2601,0,0,192.00,292524032,426274816,114090264,95883264,18123768,2904,7449760,22132800,958,11110,11110,0,0,0,0,0,0,0,0,0.064,0.093,0.000,0,0,0,11110,11110,0,0
travel,52.197,1252.8,1014.336,1014.336,fly,1.396,ok,2601,0,0,192.00,292524032,426274816,114090264,95883264,18123768,2904,7449760,22132800,958,11110,11110,0,0,0,0,0,0,0,0,0.080,0.157,0.000,0,0,0,11110,11110,0,0
travel,52.232,1253.6,1014.923,1014.923,fly,0.823,ok,2601,0,0,192.00,292524032,426274816,114090264,95883264,18123768,2904,7449760,22132800,958,11110,11110,0,0,0,0,0,0,0,0,0.062,0.068,0.000,0,0,0,11110,11110,0,0
travel,52.265,1254.4,1015.488,1015.488,fly,1.087,ok,2601,0,0,192.00,292524032,426274816,114090264,95883264,18123768,2904,7449760,22132800,958,11110,11110,0,0,0,0,0,0,0,0,0.067,0.078,0.000,0,0,0,11110,11110,0,0
travel,52.304,1255.3,1016.147,1016.147,fly,4.424,ok,2588,13,81,192.00,292524032,426274816,113520032,95404032,18033184,2904,11174640,18585048,958,11198,11211,30,0,74,30,30,0,0,0,0.237,0.190,0.000,0,0,0,11198,11198,0,0
travel,52.344,1256.3,1016.816,1016.816,fly,1.241,ok,2601,0,0,192.00,292524032,426274816,114090264,95883264,18123768,2904,11174640,22132800,958,11211,11211,0,0,0,0,0,0,0,0,0.139,0.134,0.000,0,0,0,11211,11211,0,0
travel,52.378,1257.1,1017.399,1017.399,fly,1.071,ok,2601,0,0,192.00,292524032,426274816,114090264,95883264,18123768,2904,11174640,22132800,958,11211,11211,0,0,0,0,0,0,0,0,0.145,0.147,0.000,0,0,0,11211,11211,0,0
travel,52.411,1257.9,1017.954,1017.954,fly,0.893,ok,2601,0,0,192.00,292524032,426274816,114090264,95883264,18123768,2904,7449760,22132800,958,11211,11211,0,0,0,0,0,0,0,0,0.132,0.066,0.000,0,0,0,11211,11211,0,0
travel,52.444,1258.7,1018.528,1018.528,fly,0.873,ok,2601,0,0,192.00,292524032,426274816,114090264,95883264,18123768,2904,7449760,22132800,958,11211,11211,0,0,0,0,0,0,0,0,0.063,0.072,0.000,0,0,0,11211,11211,0,0
travel,52.478,1259.5,1019.100,1019.100,fly,0.812,ok,2601,0,0,192.00,292524032,426274816,114090264,95883264,18123768,2904,7449760,22132800,958,11211,11211,0,0,0,0,0,0,0,0,0.062,0.068,0.000,0,0,0,11211,11211,0,0
travel,52.513,1260.3,1019.688,1019.688,fly,0.804,ok,2601,0,0,192.00,292524032,426274816,114090264,95883264,18123768,2904,7449760,22132800,958,11211,11211,0,0,0,0,0,0,0,0,0.062,0.063,0.000,0,0,0,11211,11211,0,0
travel,52.546,1261.1,1020.256,1020.256,fly,0.885,ok,2601,0,0,192.00,292524032,426274816,114090264,95883264,18123768,2904,7449760,22132800,958,11211,11211,0,0,0,0,0,0,0,0,0.064,0.075,0.000,0,0,0,11211,11211,0,0
travel,52.586,1262.1,1020.935,1020.935,fly,2.335,ok,2601,0,0,192.00,292524032,426274816,114090264,95883264,18123768,2904,7449760,22132800,958,11211,11211,0,0,0,0,0,0,0,0,1.020,0.146,0.000,0,0,0,11211,11211,0,0
travel,52.621,1262.9,1021.524,1021.524,fly,1.482,ok,2601,0,0,192.00,292589568,426274816,114090264,95883264,18123768,2904,7449760,22132800,958,11211,11211,0,0,0,0,0,0,0,0,0.078,0.141,0.000,0,0,0,11211,11211,0,0
travel,52.653,1263.7,1022.070,1022.070,fly,1.284,ok,2601,0,0,192.00,292589568,426274816,114090264,95883264,18123768,2904,7449760,22132800,958,11211,11211,0,0,0,0,0,0,0,0,0.072,0.153,0.000,0,0,0,11211,11211,0,0
travel,52.687,1264.5,1022.645,1022.645,fly,1.146,ok,2601,0,0,192.00,292589568,426274816,114090264,95883264,18123768,2904,7449760,22132800,958,11211,11211,0,0,0,0,0,0,0,0,0.070,0.133,0.000,0,0,0,11211,11211,0,0
travel,52.719,1265.3,1023.197,1023.197,fly,1.765,ok,2601,0,0,192.00,292589568,426274816,114090264,95883264,18123768,2904,7449760,22132800,958,11211,11211,0,0,0,0,0,0,0,0,0.089,0.255,0.000,0,0,0,11211,11211,0,0
travel,52.753,1266.1,1023.767,1023.767,fly,1.151,ok,2601,0,0,192.00,292589568,426274816,114090264,95883264,18123768,2904,7449760,22132800,958,11211,11211,0,0,0,0,0,0,0,0,0.070,0.096,0.000,0,0,0,11211,11211,0,0
travel,52.799,1267.2,1024.559,1024.559,fly,0.908,ok,2601,0,0,192.00,292589568,426274816,114090264,95883264,18123768,2904,11174640,22132800,958,11312,11312,0,0,0,0,0,0,0,0,0.133,0.068,0.000,0,0,0,11312,11312,0,0
travel,52.833,1268.0,1025.127,1025.127,fly,1.001,ok,2601,0,0,192.00,292589568,426274816,114090264,95883264,18123768,2904,11174640,22132800,958,11312,11312,0,0,0,0,0,0,0,0,0.074,0.151,0.000,0,0,0,11312,11312,0,0
travel,52.866,1268.8,1025.693,1025.693,fly,0.935,ok,2601,0,0,192.00,292589568,426274816,114090264,95883264,18123768,2904,11174640,22132800,958,11312,11312,0,0,0,0,0,0,0,0,0.070,0.109,0.000,0,0,0,11312,11312,0,0
travel,52.901,1269.6,1026.277,1026.277,fly,1.307,ok,2601,0,0,192.00,292589568,426274816,114090264,95883264,18123768,2904,7449760,22132800,958,11312,11312,0,0,0,0,0,0,0,0,0.075,0.144,0.000,0,0,0,11312,11312,0,0
travel,52.935,1270.5,1026.861,1026.861,fly,1.196,ok,2601,0,0,192.00,292589568,426274816,114090264,95883264,18123768,2904,7449760,22132800,958,11312,11312,0,0,0,0,0,0,0,0,0.079,0.153,0.000,0,0,0,11312,11312,0,0
travel,52.968,1271.3,1027.419,1027.419,fly,0.831,ok,2601,0,0,192.00,292589568,426274816,114090264,95883264,18123768,2904,7449760,22132800,958,11312,11312,0,0,0,0,0,0,0,0,0.062,0.070,0.000,0,0,0,11312,11312,0,0
travel,53.001,1272.1,1027.975,1027.975,fly,0.979,ok,2601,0,0,192.00,292589568,426274816,114090264,95883264,18123768,2904,7449760,22132800,958,11312,11312,0,0,0,0,0,0,0,0,0.074,0.128,0.000,0,0,0,11312,11312,0,0
travel,53.035,1272.9,1028.552,1028.552,fly,1.605,ok,2601,0,0,192.00,292589568,426274816,114090264,95883264,18123768,2904,7449760,22132800,958,11312,11312,0,0,0,0,0,0,0,0,0.076,0.141,0.000,0,0,0,11312,11312,0,0
travel,53.069,1273.7,1029.139,1029.139,fly,1.275,ok,2601,0,0,192.00,292589568,426274816,114090264,95883264,18123768,2904,7449760,22132800,958,11312,11312,0,0,0,0,0,0,0,0,0.176,0.126,0.000,0,0,0,11312,11312,0,0
travel,53.105,1274.6,1029.749,1029.749,fly,1.190,ok,2601,0,0,192.00,292589568,426274816,114090264,95883264,18123768,2904,7449760,22132800,958,11312,11312,0,0,0,0,0,0,0,0,0.140,0.109,0.000,0,0,0,11312,11312,0,0
travel,53.141,1275.4,1030.354,1030.354,fly,1.039,ok,2601,0,0,192.00,292589568,426274816,114090264,95883264,18123768,2904,7449760,22132800,958,11312,11312,0,0,0,0,0,0,0,0,0.064,0.082,0.000,0,0,0,11312,11312,0,0
travel,53.173,1276.2,1030.898,1030.898,fly,1.085,ok,2601,0,0,192.00,292589568,426274816,114090264,95883264,18123768,2904,7449760,22132800,958,11312,11312,0,0,0,0,0,0,0,0,0.078,0.127,0.000,0,0,0,11312,11312,0,0
travel,53.205,1277.0,1031.445,1031.445,fly,1.067,ok,2601,0,0,192.00,292589568,426274816,114090264,95883264,18123768,2904,7449760,22132800,958,11312,11312,0,0,0,0,0,0,0,0,0.298,0.067,0.000,0,0,0,11312,11312,0,0
travel,53.250,1278.0,1032.204,1032.204,fly,5.258,ok,2580,21,26,192.00,292589568,426274816,113169120,95109120,17977440,2904,11174640,21872328,958,11392,11413,26,0,96,26,26,0,0,0,0.086,0.233,0.000,0,0,0,11392,11392,0,0
travel,53.289,1279.0,1032.881,1032.881,fly,0.825,ok,2601,0,0,192.00,292589568,426274816,114090264,95883264,18123768,2904,11174640,22132800,958,11413,11413,0,0,0,0,0,0,0,0,0.062,0.073,0.000,0,0,0,11413,11413,0,0
travel,53.326,1279.9,1033.506,1033.506,fly,1.256,ok,2601,0,0,192.00,292589568,426274816,114090264,95883264,18123768,2904,11174640,22132800,958,11413,11413,0,0,0,0,0,0,0,0,0.139,0.134,0.000,0,0,0,11413,11413,0,0
travel,53.361,1280.7,1034.096,1034.096,fly,0.893,ok,2601,0,0,192.00,292589568,426274816,114090264,95883264,18123768,2904,7449760,22132800,958,11413,11413,0,0,0,0,0,0,0,0,0.135,0.064,0.000,0,0,0,11413,11413,0,0
travel,53.394,1281.5,1034.654,1034.654,fly,1.316,ok,2601,0,0,192.00,292589568,426274816,114090264,95883264,18123768,2904,7449760,22132800,958,11413,11413,0,0,0,0,0,0,0,0,0.070,0.105,0.000,0,0,0,11413,11413,0,0
travel,53.426,1282.3,1035.200,1035.200,fly,0.841,ok,2601,0,0,192.00,292589568,426274816,114090264,95883264,18123768,2904,7449760,22132800,958,11413,11413,0,0,0,0,0,0,0,0,0.062,0.072,0.000,0,0,0,11413,11413,0,0
travel,53.458,1283.0,1035.742,1035.742,fly,1.025,ok,2601,0,0,192.00,292589568,426274816,114090264,95883264,18123768,2904,7449760,22132800,958,11413,11413,0,0,0,0,0,0,0,0,0.073,0.112,0.000,0,0,0,11413,11413,0,0
travel,53.489,1283.8,1036.273,1036.273,fly,1.082,ok,2601,0,0,192.00,292589568,426274816,114090264,95883264,18123768,2904,7449760,22132800,958,11413,11413,0,0,0,0,0,0,0,0,0.147,0.157,0.000,0,0,0,11413,11413,0,0
travel,53.522,1284.6,1036.823,1036.823,fly,0.804,ok,2601,0,0,192.00,292589568,426274816,114090264,95883264,18123768,2904,7449760,22132800,958,11413,11413,0,0,0,0,0,0,0,0,0.061,0.065,0.000,0,0,0,11413,11413,0,0
travel,53.555,1285.4,1037.385,1037.385,fly,0.819,ok,2601,0,0,192.00,292589568,426274816,114090264,95883264,18123768,2904,7449760,22132800,958,11413,11413,0,0,0,0,0,0,0,0,0.062,0.065,0.000,0,0,0,11413,11413,0,0
travel,53.588,1286.2,1037.954,1037.954,fly,1.072,ok,2601,0,0,192.00,292589568,426274816,114090264,95883264,18123768,2904,7449760,22132800,958,11413,11413,0,0,0,0,0,0,0,0,0.064,0.088,0.000,0,0,0,11413,11413,0,0
travel,53.622,1287.0,1038.531,1038.531,fly,1.493,ok,2601,0,0,192.00,292589568,426274816,114090264,95883264,18123768,2904,7449760,22132800,958,11413,11413,0,0,0,0,0,0,0,0,0.613,0.088,0.000,0,0,0,11413,11413,0,0
travel,53.655,1287.8,1039.093,1039.093,fly,0.858,ok,2601,0,0,192.00,292589568,426274816,114090264,95883264,18123768,2904,7449760,22132800,958,11413,11413,0,0,0,0,0,0,0,0,0.063,0.074,0.000,0,0,0,11413,11413,0,0
travel,53.687,1288.5,1039.641,1039.641,fly,1.211,ok,2601,0,0,192.00,292589568,426274816,114090264,95883264,18123768,2904,7449760,22132800,958,11413,11413,0,0,0,0,0,0,0,0,0.143,0.131,0.000,0,0,0,11413,11413,0,0
travel,53.732,1289.6,1040.393,1040.393,fly,0.826,ok,2601,0,0,192.00,292605952,426295296,114090264,95883264,18123768,2904,11174640,22132800,958,11514,11514,0,0,0,0,0,0,0,0,0.063,0.065,0.000,0,0,0,11514,11514,0,0
travel,53.766,1290.4,1040.967,1040.967,fly,1.033,ok,2601,0,0,192.00,292605952,426295296,114090264,95883264,18123768,2904,11174640,22132800,958,11514,11514,0,0,0,0,0,0,0,0,0.064,0.077,0.000,0,0,0,11514,11514,0,0
travel,53.798,1291.2,1041.512,1041.512,fly,0.857,ok,2601,0,0,192.00,292605952,426295296,114090264,95883264,18123768,2904,11174640,22132800,958,11514,11514,0,0,0,0,0,0,0,0,0.064,0.071,0.000,0,0,0,11514,11514,0,0
travel,53.830,1292.0,1042.061,1042.061,fly,1.265,ok,2601,0,0,192.00,292605952,426295296,114090264,95883264,18123768,2904,7449760,22132800,958,11514,11514,0,0,0,0,0,0,0,0,0.146,0.129,0.000,0,0,0,11514,11514,0,0
travel,53.863,1292.8,1042.618,1042.618,fly,0.900,ok,2601,0,0,192.00,292605952,426295296,114090264,95883264,18123768,2904,7449760,22132800,958,11514,11514,0,0,0,0,0,0,0,0,0.063,0.139,0.000,0,0,0,11514,11514,0,0
travel,53.896,1293.6,1043.185,1043.185,fly,1.259,ok,2601,0,0,192.00,292605952,426295296,114090264,95883264,18123768,2904,7449760,22132800,958,11514,11514,0,0,0,0,0,0,0,0,0.083,0.116,0.000,0,0,0,11514,11514,0,0
travel,53.929,1294.3,1043.741,1043.741,fly,0.846,ok,2601,0,0,192.00,292605952,426295296,114090264,95883264,18123768,2904,7449760,22132800,958,11514,11514,0,0,0,0,0,0,0,0,0.062,0.076,0.000,0,0,0,11514,11514,0,0
travel,53.961,1295.1,1044.282,1044.282,fly,0.819,ok,2601,0,0,192.00,292605952,426295296,114090264,95883264,18123768,2904,7449760,22132800,958,11514,11514,0,0,0,0,0,0,0,0,0.061,0.067,0.000,0,0,0,11514,11514,0,0
travel,53.994,1295.9,1044.845,1044.845,fly,0.815,ok,2601,0,0,192.00,292605952,426295296,114090264,95883264,18123768,2904,7449760,22132800,958,11514,11514,0,0,0,0,0,0,0,0,0.062,0.065,0.000,0,0,0,11514,11514,0,0
travel,54.026,1296.7,1045.388,1045.388,fly,1.339,ok,2601,0,0,192.00,292605952,426295296,114090264,95883264,18123768,2904,7449760,22132800,958,11514,11514,0,0,0,0,0,0,0,0,0.149,0.133,0.000,0,0,0,11514,11514,0,0
travel,54.058,1297.5,1045.942,1045.942,fly,0.995,ok,2601,0,0,192.00,292605952,426295296,114090264,95883264,18123768,2904,7449760,22132800,958,11514,11514,0,0,0,0,0,0,0,0,0.136,0.077,0.000,0,0,0,11514,11514,0,0
travel,54.091,1298.2,1046.496,1046.496,fly,0.810,ok,2601,0,0,192.00,292605952,426295296,114090264,95883264,18123768,2904,7449760,22132800,958,11514,11514,0,0,0,0,0,0,0,0,0.061,0.068,0.000,0,0,0,11514,11514,0,0
travel,54.123,1299.0,1047.044,1047.044,fly,1.137,ok,2601,0,0,192.00,292605952,426295296,114090264,95883264,18123768,2904,7449760,22132800,958,11514,11514,0,0,0,0,0,0,0,0,0.065,0.087,0.000,0,0,0,11514,11514,0,0
travel,54.156,1299.8,1047.602,1047.602,fly,0.834,ok,2601,0,0,192.00,292605952,426295296,114090264,95883264,18123768,2904,7449760,22132800,958,11514,11514,0,0,0,0,0,0,0,0,0.061,0.068,0.000,0,0,0,11514,11514,0,0
travel,54.199,1300.8,1048.339,1048.339,fly,0.900,ok,2601,0,0,192.00,292605952,426295296,114090264,95883264,18123768,2904,11174640,22132800,958,11615,11615,0,0,0,0,0,0,0,0,0.129,0.068,0.000,0,0,0,11615,11615,0,0
travel,54.232,1301.6,1048.890,1048.890,fly,0.828,ok,2601,0,0,192.00,292605952,426295296,114090264,95883264,18123768,2904,11174640,22132800,958,11615,11615,0,0,0,0,0,0,0,0,0.061,0.071,0.000,0,0,0,11615,11615,0,0
travel,54.264,1302.4,1049.431,1049.431,fly,1.007,ok,2601,0,0,192.00,292605952,426295296,114090264,95883264,18123768,2904,11174640,22132800,958,11615,11615,0,0,0,0,0,0,0,0,0.065,0.081,0.000,0,0,0,11615,11615,0,0
travel,54.297,1303.2,1049.996,1049.996,fly,1.131,ok,2601,0,0,192.00,292605952,426295296,114090264,95883264,18123768,2904,11174640,22132800,958,11615,11615,0,0,0,0,0,0,0,0,0.073,0.095,0.000,0,0,0,11615,11615,0,0
travel,54.329,1304.0,1050.537,1050.537,fly,1.185,ok,2601,0,0,192.00,292605952,426295296,114090264,95883264,18123768,2904,7449760,22132800,958,11615,11615,0,0,0,0,0,0,0,0,0.145,0.136,0.000,0,0,0,11615,11615,0,0
travel,54.362,1304.7,1051.095,1051.095,fly,0.984,ok,2601,0,0,192.00,292605952,426295296,114090264,95883264,18123768,2904,7449760,22132800,958,11615,11615,0,0,0,0,0,0,0,0,0.228,0.069,0.000,0,0,0,11615,11615,0,0
travel,54.392,1305.5,1051.614,1051.614,fly,1.228,ok,2601,0,0,192.00,292605952,426295296,114090264,95883264,18123768,2904,7449760,22132800,958,11615,11615,0,0,0,0,0,0,0,0,0.149,0.204,0.000,0,0,0,11615,11615,0,0
travel,54.426,1306.3,1052.189,1052.189,fly,1.170,ok,2601,0,0,192.00,292605952,426295296,114090264,95883264,18123768,2904,7449760,22132800,958,11615,11615,0,0,0,0,0,0,0,0,0.151,0.127,0.000,0,0,0,11615,11615,0,0
travel,54.458,1307.1,1052.735,1052.735,fly,1.206,ok,2601,0,0,192.00,292605952,426295296,114090264,95883264,18123768,2904,7449760,22132800,958,11615,11615,0,0,0,0,0,0,0,0,0.068,0.116,0.000,0,0,0,11615,11615,0,0
travel,54.490,1307.8,1053.281,1053.281,fly,0.888,ok,2601,0,0,192.00,292605952,426295296,114090264,95883264,18123768,2904,7449760,22132800,958,11615,11615,0,0,0,0,0,0,0,0,0.132,0.064,0.000,0,0,0,11615,11615,0,0
travel,54.523,1308.6,1053.834,1053.834,fly,0.831,ok,2601,0,0,192.00,292605952,426295296,114090264,95883264,18123768,2904,7449760,22132800,958,11615,11615,0,0,0,0,0,0,0,0,0.065,0.069,0.000,0,0,0,11615,11615,0,0
travel,54.555,1309.4,1054.381,1054.381,fly,0.818,ok,2601,0,0,192.00,292605952,426295296,114090264,95883264,18123768,2904,7449760,22132800,958,11615,11615,0,0,0,0,0,0,0,0,0.061,0.065,0.000,0,0,0,11615,11615,0,0
travel,54.587,1310.2,1054.930,1054.930,fly,0.809,ok,2601,0,0,192.00,292605952,426295296,114090264,95883264,18123768,2904,7449760,22132800,958,11615,11615,0,0,0,0,0,0,0,0,0.061,0.066,0.000,0,0,0,11615,11615,0,0
travel,54.619,1310.9,1055.464,1055.464,fly,1.075,ok,2601,0,0,192.00,292605952,426295296,114090264,95883264,18123768,2904,7449760,22132800,958,11615,11615,0,0,0,0,0,0,0,0,0.075,0.149,0.000,0,0,0,11615,11615,0,0
travel,54.655,1311.8,1056.084,1056.084,fly,3.852,ok,2560,41,127,192.00,292605952,426295296,112291840,94371840,17838080,2904,11174640,17646552,958,11675,11716,24,0,57,24,24,0,0,0,0.064,0.094,0.000,0,0,0,11675,11675,0,0
travel,54.696,1312.8,1056.776,1056.776,fly,0.829,ok,2601,0,0,192.00,292605952,426295296,114090264,95883264,18123768,2904,11174640,22132800,958,11716,11716,0,0,0,0,0,0,0,0,0.063,0.067,0.000,0,0,0,11716,11716,0,0
travel,54.728,1313.6,1057.323,1057.323,fly,1.151,ok,2601,0,0,192.00,292605952,426295296,114090264,95883264,18123768,2904,11174640,22132800,958,11716,11716,0,0,0,0,0,0,0,0,0.076,0.123,0.000,0,0,0,11716,11716,0,0
travel,54.759,1314.3,1057.847,1057.847,fly,0.837,ok,2601,0,0,192.00,292605952,426295296,114090264,95883264,18123768,2904,11174640,22132800,958,11716,11716,0,0,0,0,0,0,0,0,0.064,0.071,0.000,0,0,0,11716,11716,0,0
travel,54.791,1315.1,1058.383,1058.383,fly,0.808,ok,2601,0,0,192.00,292605952,426295296,114090264,95883264,18123768,2904,7449760,22132800,958,11716,11716,0,0,0,0,0,0,0,0,0.064,0.067,0.000,0,0,0,11716,11716,0,0
travel,54.823,1315.8,1058.934,1058.934,fly,0.925,ok,2601,0,0,192.00,292605952,426295296,114090264,95883264,18123768,2904,7449760,22132800,958,11716,11716,0,0,0,0,0,0,0,0,0.064,0.079,0.000,0,0,0,11716,11716,0,0
travel,54.855,1316.6,1059.481,1059.481,fly,0.854,ok,2601,0,0,192.00,292605952,426295296,114090264,95883264,18123768,2904,7449760,22132800,958,11716,11716,0,0,0,0,0,0,0,0,0.064,0.079,0.000,0,0,0,11716,11716,0,0
travel,54.886,1317.4,1060.010,1060.010,fly,1.100,ok,2601,0,0,192.00,292605952,426295296,114090264,95883264,18123768,2904,7449760,22132800,958,11716,11716,0,0,0,0,0,0,0,0,0.067,0.113,0.000,0,0,0,11716,11716,0,0
travel,54.918,1318.1,1060.544,1060.544,fly,0.833,ok,2601,0,0,192.00,292605952,426295296,114090264,95883264,18123768,2904,7449760,22132800,958,11716,11716,0,0,0,0,0,0,0,0,0.062,0.068,0.000,0,0,0,11716,11716,0,0
travel,54.951,1318.9,1061.099,1061.099,fly,0.849,ok,2601,0,0,192.00,292605952,426295296,114090264,95883264,18123768,2904,7449760,22132800,958,11716,11716,0,0,0,0,0,0,0,0,0.063,0.084,0.000,0,0,0,11716,11716,0,0
travel,54.982,1319.6,1061.630,1061.630,fly,1.355,ok,2601,0,0,192.00,292605952,426295296,114090264,95883264,18123768,2904,7449760,22132800,958,11716,11716,0,0,0,0,0,0,0,0,0.148,0.287,0.000,0,0,0,11716,11716,0,0
travel,55.013,1320.4,1062.169,1062.169,fly,0.828,ok,2601,0,0,192.00,292605952,426295296,114090264,95883264,18123768,2904,7449760,22132800,958,11716,11716,0,0,0,0,0,0,0,0,0.064,0.068,0.000,0,0,0,11716,11716,0,0
travel,55.046,1321.2,1062.725,1062.725,fly,0.816,ok,2601,0,0,192.00,292605952,426295296,114090264,95883264,18123768,2904,7449760,22132800,958,11716,11716,0,0,0,0,0,0,0,0,0.061,0.066,0.000,0,0,0,11716,11716,0,0
travel,55.078,1322.0,1063.265,1063.265,fly,1.061,ok,2601,0,0,192.00,292605952,426295296,114090264,95883264,18123768,2904,7449760,22132800,958,11716,11716,0,0,0,0,0,0,0,0,0.064,0.084,0.000,0,0,0,11716,11716,0,0
travel,55.109,1322.7,1063.792,1063.792,fly,1.336,ok,2601,0,0,192.00,292605952,426295296,114090264,95883264,18123768,2904,7449760,22132800,958,11716,11716,0,0,0,0,0,0,0,0,0.317,0.131,0.000,0,0,0,11716,11716,0,0
travel,55.155,1323.8,1064.566,1064.566,fly,0.826,ok,2601,0,0,192.00,292605952,426295296,114090264,95883264,18123768,2904,11174640,22132800,958,11817,11817,0,0,0,0,0,0,0,0,0.062,0.064,0.000,0,0,0,11817,11817,0,0
travel,55.187,1324.6,1065.124,1065.124,fly,0.826,ok,2601,0,0,192.00,292605952,426295296,114090264,95883264,18123768,2904,11174640,22132800,958,11817,11817,0,0,0,0,0,0,0,0,0.063,0.068,0.000,0,0,0,11817,11817,0,0
travel,55.220,1325.4,1065.671,1065.671,fly,1.072,ok,2601,0,0,192.00,292605952,426295296,114090264,95883264,18123768,2904,11174640,22132800,958,11817,11817,0,0,0,0,0,0,0,0,0.071,0.119,0.000,0,0,0,11817,11817,0,0
travel,55.251,1326.1,1066.211,1066.211,fly,1.377,ok,2601,0,0,192.00,292605952,426295296,114090264,95883264,18123768,2904,11174640,22132800,958,11817,11817,0,0,0,0,0,0,0,0,0.356,0.116,0.000,0,0,0,11817,11817,0,0
travel,55.285,1326.9,1066.778,1066.778,fly,0.893,ok,2601,0,0,192.00,292605952,426295296,114090264,95883264,18123768,2904,7449760,22132800,958,11817,11817,0,0,0,0,0,0,0,0,0.134,0.065,0.000,0,0,0,11817,11817,0,0
travel,55.317,1327.7,1067.333,1067.333,fly,0.824,ok,2601,0,0,192.00,292605952,426295296,114090264,95883264,18123768,2904,7449760,22132800,958,11817,11817,0,0,0,0,0,0,0,0,0.062,0.065,0.000,0,0,0,11817,11817,0,0
travel,55.350,1328.5,1067.887,1067.887,fly,0.822,ok,2601,0,0,192.00,292605952,426295296,114090264,95883264,18123768,2904,7449760,22132800,958,11817,11817,0,0,0,0,0,0,0,0,0.062,0.067,0.000,0,0,0,11817,11817,0,0
travel,55.382,1329.3,1068.425,1068.425,fly,0.945,ok,2601,0,0,192.00,292605952,426295296,114090264,95883264,18123768,2904,7449760,22132800,958,11817,11817,0,0,0,0,0,0,0,0,0.071,0.108,0.000,0,0,0,11817,11817,0,0
travel,55.413,1330.0,1068.958,1068.958,fly,1.246,ok,2601,0,0,192.00,292605952,426295296,114090264,95883264,18123768,2904,7449760,22132800,958,11817,11817,0,0,0,0,0,0,0,0,0.238,0.109,0.000,0,0,0,11817,11817,0,0
travel,55.446,1330.8,1069.515,1069.515,fly,0.897,ok,2601,0,0,192.00,292605952,426295296,114090264,95883264,18123768,2904,7449760,22132800,958,11817,11817,0,0,0,0,0,0,0,0,0.069,0.092,0.000,0,0,0,11817,11817,0,0
travel,55.478,1331.6,1070.060,1070.060,fly,1.581,ok,2601,0,0,192.00,292605952,426295296,114090264,95883264,18123768,2904,7449760,22132800,958,11817,11817,0,0,0,0,0,0,0,0,0.551,0.146,0.000,0,0,0,11817,11817,0,0
travel,55.512,1332.4,1070.630,1070.630,fly,0.865,ok,2601,0,0,192.00,292605952,426295296,114090264,95883264,18123768,2904,7449760,22132800,958,11817,11817,0,0,0,0,0,0,0,0,0.065,0.073,0.000,0,0,0,11817,11817,0,0
travel,55.545,1333.2,1071.195,1071.195,fly,0.823,ok,2601,0,0,192.00,292605952,426295296,114090264,95883264,18123768,2904,7449760,22132800,958,11817,11817,0,0,0,0,0,0,0,0,0.064,0.069,0.000,0,0,0,11817,11817,0,0
travel,55.575,1333.9,1071.715,1071.715,fly,1.206,ok,2601,0,0,192.00,292605952,426295296,114090264,95883264,18123768,2904,7449760,22132800,958,11817,11817,0,0,0,0,0,0,0,0,0.144,0.147,0.000,0,0,0,11817,11817,0,0
travel,55.621,1335.0,1072.494,1072.494,fly,0.820,ok,2601,0,0,192.00,292642816,426295296,114090264,95883264,18123768,2904,11174640,22132800,958,11918,11918,0,0,0,0,0,0,0,0,0.062,0.064,0.000,0,0,0,11918,11918,0,0
travel,55.654,1335.8,1073.057,1073.057,fly,0.871,ok,2601,0,0,192.00,292642816,426295296,114090264,95883264,18123768,2904,11174640,22132800,958,11918,11918,0,0,0,0,0,0,0,0,0.064,0.083,0.000,0,0,0,11918,11918,0,0
travel,55.688,1336.6,1073.623,1073.623,fly,1.131,ok,2601,0,0,192.00,292642816,426295296,114090264,95883264,18123768,2904,11174640,22132800,958,11918,11918,0,0,0,0,0,0,0,0,0.079,0.131,0.000,0,0,0,11918,11918,0,0
travel,55.721,1337.4,1074.192,1074.192,fly,1.024,ok,2601,0,0,192.00,292642816,426295296,114090264,95883264,18123768,2904,11174640,22132800,958,11918,11918,0,0,0,0,0,0,0,0,0.077,0.124,0.000,0,0,0,11918,11918,0,0
travel,55.753,1338.2,1074.735,1074.735,fly,1.249,ok,2601,0,0,192.00,292642816,426295296,114090264,95883264,18123768,2904,7449760,22132800,958,11918,11918,0,0,0,0,0,0,0,0,0.145,0.143,0.000,0,0,0,11918,11918,0,0
travel,55.786,1339.0,1075.295,1075.295,fly,0.938,ok,2601,0,0,192.00,292642816,426295296,114090264,95883264,18123768,2904,7449760,22132800,958,11918,11918,0,0,0,0,0,0,0,0,0.132,0.072,0.000,0,0,0,11918,11918,0,0
travel,55.819,1339.8,1075.854,1075.854,fly,0.905,ok,2601,0,0,192.00,292642816,426295296,114090264,95883264,18123768,2904,7449760,22132800,958,11918,11918,0,0,0,0,0,0,0,0,0.074,0.116,0.000,0,0,0,11918,11918,0,0
travel,55.850,1340.5,1076.386,1076.386,fly,1.123,ok,2601,0,0,192.00,292642816,426295296,114090264,95883264,18123768,2904,7449760,22132800,958,11918,11918,0,0,0,0,0,0,0,0,0.075,0.121,0.000,0,0,0,11918,11918,0,0
travel,55.882,1341.3,1076.930,1076.930,fly,0.926,ok,2601,0,0,192.00,292642816,426295296,114090264,95883264,18123768,2904,7449760,22132800,958,11918,11918,0,0,0,0,0,0,0,0,0.064,0.079,0.000,0,0,0,11918,11918,0,0
travel,55.915,1342.1,1077.479,1077.479,fly,1.130,ok,2601,0,0,192.00,292642816,426295296,114090264,95883264,18123768,2904,7449760,22132800,958,11918,11918,0,0,0,0,0,0,0,0,0.143,0.106,0.000,0,0,0,11918,11918,0,0
travel,55.947,1342.8,1078.034,1078.034,fly,1.280,ok,2601,0,0,192.00,292642816,426295296,114090264,95883264,18123768,2904,7449760,22132800,958,11918,11918,0,0,0,0,0,0,0,0,0.149,0.171,0.000,0,0,0,11918,11918,0,0
travel,55.980,1343.6,1078.584,1078.584,fly,0.816,ok,2601,0,0,192.00,292642816,426295296,114090264,95883264,18123768,2904,7449760,22132800,958,11918,11918,0,0,0,0,0,0,0,0,0.062,0.065,0.000,0,0,0,11918,11918,0,0
travel,56.013,1344.4,1079.155,1079.155,fly,0.808,ok,2601,0,0,192.00,292642816,426295296,114090264,95883264,18123768,2904,7449760,22132800,958,11918,11918,0,0,0,0,0,0,0,0,0.061,0.066,0.000,0,0,0,11918,11918,0,0
travel,56.046,1345.2,1079.704,1079.704,fly,0.828,ok,2601,0,0,192.00,292642816,426295296,114090264,95883264,18123768,2904,7449760,22132800,958,11918,11918,0,0,0,0,0,0,0,0,0.061,0.070,0.000,0,0,0,11918,11918,0,0
travel,56.089,1346.2,1080.434,1080.434,fly,1.274,ok,2601,0,0,192.00,292974592,426295296,114090264,95883264,18123768,2904,11174640,22132800,958,12019,12019,0,0,0,0,0,0,0,0,0.079,0.152,0.000,0,0,0,12019,12019,0,0
travel,56.121,1347.0,1080.987,1080.987,fly,0.826,ok,2601,0,0,192.00,292974592,426295296,114090264,95883264,18123768,2904,11174640,22132800,958,12019,12019,0,0,0,0,0,0,0,0,0.062,0.075,0.000,0,0,0,12019,12019,0,0
travel,56.154,1347.8,1081.540,1081.540,fly,0.824,ok,2601,0,0,192.00,292974592,426295296,114090264,95883264,18123768,2904,11174640,22132800,958,12019,12019,0,0,0,0,0,0,0,0,0.063,0.067,0.000,0,0,0,12019,12019,0,0
travel,56.185,1348.5,1082.064,1082.064,fly,0.841,ok,2601,0,0,192.00,292974592,426295296,114090264,95883264,18123768,2904,11174640,22132800,958,12019,12019,0,0,0,0,0,0,0,0,0.064,0.070,0.000,0,0,0,12019,12019,0,0
travel,56.217,1349.3,1082.623,1082.623,fly,0.829,ok,2601,0,0,192.00,292974592,426295296,114090264,95883264,18123768,2904,7449760,22132800,958,12019,12019,0,0,0,0,0,0,0,0,0.061,0.069,0.000,0,0,0,12019,12019,0,0
travel,56.250,1350.1,1083.173,1083.173,fly,0.804,ok,2601,0,0,192.00,292974592,426295296,114090264,95883264,18123768,2904,7449760,22132800,958,12019,12019,0,0,0,0,0,0,0,0,0.062,0.064,0.000,0,0,0,12019,12019,0,0
travel,56.283,1350.9,1083.736,1083.736,fly,0.988,ok,2601,0,0,192.00,292974592,426295296,114090264,95883264,18123768,2904,7449760,22132800,958,12019,12019,0,0,0,0,0,0,0,0,0.065,0.080,0.000,0,0,0,12019,12019,0,0
travel,56.317,1351.7,1084.316,1084.316,fly,0.941,ok,2601,0,0,192.00,292974592,426295296,114090264,95883264,18123768,2904,7449760,22132800,958,12019,12019,0,0,0,0,0,0,0,0,0.071,0.111,0.000,0,0,0,12019,12019,0,0
travel,56.350,1352.5,1084.878,1084.878,fly,1.389,ok,2601,0,0,192.00,292974592,426295296,114090264,95883264,18123768,2904,7449760,22132800,958,12019,12019,0,0,0,0,0,0,0,0,0.144,0.136,0.000,0,0,0,12019,12019,0,0
travel,56.383,1353.3,1085.428,1085.428,fly,1.946,ok,2601,0,0,192.00,292974592,426295296,114090264,95883264,18123768,2904,7449760,22132800,958,12019,12019,0,0,0,0,0,0,0,0,0.151,0.168,0.000,0,0,0,12019,12019,0,0
travel,56.416,1354.1,1085.999,1085.999,fly,0.825,ok,2601,0,0,192.00,292974592,426295296,114090264,95883264,18123768,2904,7449760,22132800,958,12019,12019,0,0,0,0,0,0,0,0,0.064,0.068,0.000,0,0,0,12019,12019,0,0
travel,56.449,1354.9,1086.562,1086.562,fly,0.809,ok,2601,0,0,192.00,292974592,426295296,114090264,95883264,18123768,2904,7449760,22132800,958,12019,12019,0,0,0,0,0,0,0,0,0.061,0.067,0.000,0,0,0,12019,12019,0,0
travel,56.482,1355.7,1087.110,1087.110,fly,1.181,ok,2601,0,0,192.00,292974592,426295296,114090264,95883264,18123768,2904,7449760,22132800,958,12019,12019,0,0,0,0,0,0,0,0,0.070,0.113,0.000,0,0,0,12019,12019,0,0
travel,56.512,1356.4,1087.633,1087.633,fly,0.990,ok,2601,0,0,192.00,292974592,426295296,114090264,95883264,18123768,2904,7449760,22132800,958,12019,12019,0,0,0,0,0,0,0,0,0.061,0.216,0.000,0,0,0,12019,12019,0,0
travel,56.557,1357.5,1088.391,1088.391,fly,0.828,ok,2601,0,0,192.00,292974592,426295296,114090264,95883264,18123768,2904,11174640,22132800,958,12120,12120,0,0,0,0,0,0,0,0,0.063,0.067,0.000,0,0,0,12120,12120,0,0
travel,56.589,1358.3,1088.937,1088.937,fly,0.826,ok,2601,0,0,192.00,292974592,426295296,114090264,95883264,18123768,2904,11174640,22132800,958,12120,12120,0,0,0,0,0,0,0,0,0.062,0.064,0.000,0,0,0,12120,12120,0,0
travel,56.622,1359.1,1089.495,1089.495,fly,0.844,ok,2601,0,0,192.00,292974592,426295296,114090264,95883264,18123768,2904,11174640,22132800,958,12120,12120,0,0,0,0,0,0,0,0,0.063,0.077,0.000,0,0,0,12120,12120,0,0
travel,56.654,1359.8,1090.035,1090.035,fly,0.890,ok,2601,0,0,192.00,292974592,426295296,114090264,95883264,18123768,2904,11174640,22132800,958,12120,12120,0,0,0,0,0,0,0,0,0.134,0.069,0.000,0,0,0,12120,12120,0,0
travel,56.685,1360.6,1090.565,1090.565,fly,0.807,ok,2601,0,0,192.00,292974592,426295296,114090264,95883264,18123768,2904,7449760,22132800,958,12120,12120,0,0,0,0,0,0,0,0,0.062,0.065,0.000,0,0,0,12120,12120,0,0
travel,56.717,1361.3,1091.112,1091.112,fly,1.128,ok,2601,0,0,192.00,292974592,426295296,114090264,95883264,18123768,2904,7449760,22132800,958,12120,12120,0,0,0,0,0,0,0,0,0.064,0.078,0.000,0,0,0,12120,12120,0,0
travel,56.750,1362.1,1091.671,1091.671,fly,1.361,ok,2601,0,0,192.00,292974592,426295296,114090264,95883264,18123768,2904,7449760,22132800,958,12120,12120,0,0,0,0,0,0,0,0,0.094,0.120,0.000,0,0,0,12120,12120,0,0
travel,56.782,1362.9,1092.219,1092.219,fly,1.294,ok,2601,0,0,192.00,292974592,426295296,114090264,95883264,18123768,2904,7449760,22132800,958,12120,12120,0,0,0,0,0,0,0,0,0.354,0.199,0.000,0,0,0,12120,12120,0,0
travel,56.815,1363.7,1092.772,1092.772,fly,0.955,ok,2601,0,0,192.00,292974592,426295296,114090264,95883264,18123768,2904,7449760,22132800,958,12120,12120,0,0,0,0,0,0,0,0,0.139,0.072,0.000,0,0,0,12120,12120,0,0
travel,56.849,1364.5,1093.349,1093.349,fly,0.817,ok,2601,0,0,192.00,292974592,426295296,114090264,95883264,18123768,2904,7449760,22132800,958,12120,12120,0,0,0,0,0,0,0,0,0.061,0.065,0.000,0,0,0,12120,12120,0,0
travel,56.880,1365.3,1093.882,1093.882,fly,1.005,ok,2601,0,0,192.00,292974592,426295296,114090264,95883264,18123768,2904,7449760,22132800,958,12120,12120,0,0,0,0,0,0,0,0,0.065,0.097,0.000,0,0,0,12120,12120,0,0
travel,56.913,1366.0,1094.433,1094.433,fly,0.949,ok,2601,0,0,192.00,292974592,426295296,114090264,95883264,18123768,2904,7449760,22132800,958,12120,12120,0,0,0,0,0,0,0,0,0.074,0.114,0.000,0,0,0,12120,12120,0,0
travel,56.944,1366.8,1094.959,1094.959,fly,0.866,ok,2601,0,0,192.00,292974592,426295296,114090264,95883264,18123768,2904,7449760,22132800,958,12120,12120,0,0,0,0,0,0,0,0,0.104,0.066,0.000,0,0,0,12120,12120,0,0
travel,56.976,1367.5,1095.504,1095.504,fly,0.818,ok,2601,0,0,192.00,292974592,426295296,114090264,95883264,18123768,2904,7449760,22132800,958,12120,12120,0,0,0,0,0,0,0,0,0.061,0.066,0.000,0,0,0,12120,12120,0,0
travel,57.021,1368.6,1096.273,1096.273,fly,1.092,ok,2601,0,0,192.00,292974592,426295296,114090264,95883264,18123768,2904,11174640,22132800,958,12221,12221,0,0,51,0,0,0,0,0,0.065,0.077,0.000,0,0,0,12221,12221,0,0
travel,57.054,1369.4,1096.840,1096.840,fly,1.178,ok,2601,0,0,192.00,292974592,426295296,114090264,95883264,18123768,2904,11174640,22132800,958,12221,12221,0,0,0,0,0,0,0,0,0.076,0.152,0.000,0,0,0,12221,12221,0,0
travel,57.088,1370.3,1097.416,1097.416,fly,1.217,ok,2601,0,0,192.00,292974592,426295296,114090264,95883264,18123768,2904,11174640,22132800,958,12221,12221,0,0,0,0,0,0,0,0,0.191,0.128,0.000,0,0,0,12221,12221,0,0
travel,57.120,1371.0,1097.963,1097.963,fly,0.889,ok,2601,0,0,192.00,292974592,426295296,114090264,95883264,18123768,2904,11174640,22132800,958,12221,12221,0,0,0,0,0,0,0,0,0.135,0.061,0.000,0,0,0,12221,12221,0,0
travel,57.153,1371.8,1098.518,1098.518,fly,0.804,ok,2601,0,0,192.00,292974592,426295296,114090264,95883264,18123768,2904,7449760,22132800,958,12221,12221,0,0,0,0,0,0,0,0,0.062,0.066,0.000,0,0,0,12221,12221,0,0
travel,57.184,1372.6,1099.044,1099.044,fly,1.404,ok,2601,0,0,192.00,292974592,426295296,114090264,95883264,18123768,2904,7449760,22132800,958,12221,12221,0,0,0,0,0,0,0,0,0.610,0.086,0.000,0,0,0,12221,12221,0,0
travel,57.217,1373.3,1099.605,1099.605,fly,0.896,ok,2601,0,0,192.00,292974592,426295296,114090264,95883264,18123768,2904,7449760,22132800,958,12221,12221,0,0,0,0,0,0,0,0,0.068,0.092,0.000,0,0,0,12221,12221,0,0
travel,57.248,1374.1,1100.136,1100.136,fly,0.808,ok,2601,0,0,192.00,292974592,426295296,114090264,95883264,18123768,2904,7449760,22132800,958,12221,12221,0,0,0,0,0,0,0,0,0.062,0.065,0.000,0,0,0,12221,12221,0,0
travel,57.279,1374.9,1100.666,1100.666,fly,0.805,ok,2601,0,0,192.00,292974592,426295296,114090264,95883264,18123768,2904,7449760,22132800,958,12221,12221,0,0,0,0,0,0,0,0,0.062,0.066,0.000,0,0,0,12221,12221,0,0
travel,57.312,1375.6,1101.213,1101.213,fly,0.885,ok,2601,0,0,192.00,292974592,426295296,114090264,95883264,18123768,2904,7449760,22132800,958,12221,12221,0,0,0,0,0,0,0,0,0.062,0.081,0.000,0,0,0,12221,12221,0,0
travel,57.344,1376.4,1101.759,1101.759,fly,1.039,ok,2601,0,0,192.00,292974592,426295296,114090264,95883264,18123768,2904,7449760,22132800,958,12221,12221,0,0,0,0,0,0,0,0,0.075,0.117,0.000,0,0,0,12221,12221,0,0
travel,57.376,1377.2,1102.304,1102.304,fly,0.814,ok,2601,0,0,192.00,292974592,426295296,114090264,95883264,18123768,2904,7449760,22132800,958,12221,12221,0,0,0,0,0,0,0,0,0.061,0.063,0.000,0,0,0,12221,12221,0,0
travel,57.408,1377.9,1102.849,1102.849,fly,0.860,ok,2601,0,0,192.00,292974592,426295296,114090264,95883264,18123768,2904,7449760,22132800,958,12221,12221,0,0,0,0,0,0,0,0,0.061,0.072,0.000,0,0,0,12221,12221,0,0
travel,57.440,1378.7,1103.391,1103.391,fly,1.165,ok,2601,0,0,192.00,292974592,426295296,114090264,95883264,18123768,2904,7449760,22132800,958,12221,12221,0,0,0,0,0,0,0,0,0.065,0.085,0.000,0,0,0,12221,12221,0,0
travel,57.473,1379.5,1103.956,1103.956,fly,1.258,ok,2601,0,0,192.00,292974592,426295296,114090264,95883264,18123768,2904,7449760,22132800,958,12221,12221,0,0,0,0,0,0,0,0,0.145,0.151,0.000,0,0,0,12221,12221,0,0
travel,57.518,1380.6,1104.724,1104.724,fly,0.941,ok,2601,0,0,192.00,292974592,426295296,114090264,95883264,18123768,2904,11174640,22132800,958,12322,12322,0,0,0,0,0,0,0,0,0.074,0.115,0.000,0,0,0,12322,12322,0,0
travel,57.551,1381.4,1105.285,1105.285,fly,0.872,ok,2601,0,0,192.00,292974592,426295296,114090264,95883264,18123768,2904,11174640,22132800,958,12322,12322,0,0,0,0,0,0,0,0,0.064,0.071,0.000,0,0,0,12322,12322,0,0
travel,57.585,1382.2,1105.851,1105.851,fly,1.090,ok,2601,0,0,192.00,292974592,426295296,114090264,95883264,18123768,2904,11174640,22132800,958,12322,12322,0,0,0,0,0,0,0,0,0.066,0.092,0.000,0,0,0,12322,12322,0,0
travel,57.616,1382.9,1106.389,1106.389,fly,1.220,ok,2601,0,0,192.00,292974592,426295296,114090264,95883264,18123768,2904,7449760,22132800,958,12322,12322,0,0,0,0,0,0,0,0,0.065,0.088,0.000,0,0,0,12322,12322,0,0
travel,57.649,1383.7,1106.947,1106.947,fly,1.098,ok,2601,0,0,192.00,292974592,426295296,114090264,95883264,18123768,2904,7449760,22132800,958,12322,12322,0,0,0,0,0,0,0,0,0.142,0.148,0.000,0,0,0,12322,12322,0,0
travel,57.682,1384.5,1107.506,1107.506,fly,0.823,ok,2601,0,0,192.00,292974592,426295296,114090264,95883264,18123768,2904,7449760,22132800,958,12322,12322,0,0,0,0,0,0,0,0,0.062,0.064,0.000,0,0,0,12322,12322,0,0
travel,57.714,1385.3,1108.053,1108.053,fly,0.948,ok,2601,0,0,192.00,292974592,426295296,114090264,95883264,18123768,2904,7449760,22132800,958,12322,12322,0,0,0,0,0,0,0,0,0.066,0.086,0.000,0,0,0,12322,12322,0,0
travel,57.748,1386.1,1108.623,1108.623,fly,0.932,ok,2601,0,0,192.00,292974592,426295296,114090264,95883264,18123768,2904,7449760,22132800,958,12322,12322,0,0,0,0,0,0,0,0,0.061,0.169,0.000,0,0,0,12322,12322,0,0
travel,57.781,1386.9,1109.192,1109.192,fly,1.004,ok,2601,0,0,192.00,292974592,426295296,114090264,95883264,18123768,2904,7449760,22132800,958,12322,12322,0,0,0,0,0,0,0,0,0.074,0.131,0.000,0,0,0,12322,12322,0,0
travel,57.814,1387.7,1109.749,1109.749,fly,2.134,ok,2601,0,0,192.00,292974592,426295296,114090264,95883264,18123768,2904,7449760,22132800,958,12322,12322,0,0,0,0,0,0,0,0,0.087,0.158,0.000,0,0,0,12322,12322,0,0
travel,57.846,1388.5,1110.299,1110.299,fly,0.874,ok,2601,0,0,192.00,292974592,426295296,114090264,95883264,18123768,2904,7449760,22132800,958,12322,12322,0,0,0,0,0,0,0,0,0.131,0.064,0.000,0,0,0,12322,12322,0,0
travel,57.878,1389.2,1110.843,1110.843,fly,0.813,ok,2601,0,0,192.00,292974592,426295296,114090264,95883264,18123768,2904,7449760,22132800,958,12322,12322,0,0,0,0,0,0,0,0,0.061,0.067,0.000,0,0,0,12322,12322,0,0
travel,57.909,1390.0,1111.365,1111.365,fly,0.814,ok,2601,0,0,192.00,292974592,426295296,114090264,95883264,18123768,2904,7449760,22132800,958,12322,12322,0,0,0,0,0,0,0,0,0.061,0.067,0.000,0,0,0,12322,12322,0,0
travel,57.942,1390.8,1111.925,1111.925,fly,1.222,ok,2601,0,0,192.00,292974592,426295296,114090264,95883264,18123768,2904,7449760,22132800,958,12322,12322,0,0,0,0,0,0,0,0,0.137,0.091,0.000,0,0,0,12322,12322,0,0
travel,57.987,1391.9,1112.688,1112.688,fly,0.821,ok,2601,0,0,192.00,292974592,426295296,114090264,95883264,18123768,2904,11174640,22132800,958,12423,12423,0,0,0,0,0,0,0,0,0.062,0.067,0.000,0,0,0,12423,12423,0,0
travel,58.019,1392.6,1113.234,1113.234,fly,0.911,ok,2601,0,0,192.00,292974592,426295296,114090264,95883264,18123768,2904,11174640,22132800,958,12423,12423,0,0,0,0,0,0,0,0,0.064,0.072,0.000,0,0,0,12423,12423,0,0
travel,58.053,1393.4,1113.808,1113.808,fly,1.034,ok,2601,0,0,192.00,292974592,426295296,114090264,95883264,18123768,2904,11174640,22132800,958,12423,12423,0,0,0,0,0,0,0,0,0.078,0.132,0.000,0,0,0,12423,12423,0,0
travel,58.085,1394.2,1114.347,1114.347,fly,1.015,ok,2601,0,0,192.00,292974592,426295296,114090264,95883264,18123768,2904,7449760,22132800,958,12423,12423,0,0,0,0,0,0,0,0,0.073,0.142,0.001,0,0,0,12423,12423,0,0
travel,58.118,1395.0,1114.919,1114.919,fly,1.148,ok,2601,0,0,192.00,292974592,426295296,114090264,95883264,18123768,2904,7449760,22132800,958,12423,12423,0,0,0,0,0,0,0,0,0.147,0.121,0.000,0,0,0,12423,12423,0,0
travel,58.151,1395.8,1115.479,1115.479,fly,0.861,ok,2601,0,0,192.00,292974592,426295296,114090264,95883264,18123768,2904,7449760,22132800,958,12423,12423,0,0,0,0,0,0,0,0,0.105,0.067,0.000,0,0,0,12423,12423,0,0
travel,58.183,1396.6,1116.022,1116.022,fly,0.830,ok,2601,0,0,192.00,292974592,426295296,114090264,95883264,18123768,2904,7449760,22132800,958,12423,12423,0,0,0,0,0,0,0,0,0.060,0.070,0.000,0,0,0,12423,12423,0,0
travel,58.215,1397.3,1116.565,1116.565,fly,0.959,ok,2601,0,0,192.00,292974592,426295296,114090264,95883264,18123768,2904,7449760,22132800,958,12423,12423,0,0,0,0,0,0,0,0,0.074,0.141,0.000,0,0,0,12423,12423,0,0
travel,58.247,1398.1,1117.100,1117.100,fly,1.490,ok,2601,0,0,192.00,292974592,426295296,114090264,95883264,18123768,2904,7449760,22132800,958,12423,12423,0,0,0,0,0,0,0,0,0.186,0.155,0.000,0,0,0,12423,12423,0,0
travel,58.280,1398.9,1117.657,1117.657,fly,0.894,ok,2601,0,0,192.00,292974592,426295296,114090264,95883264,18123768,2904,7449760,22132800,958,12423,12423,0,0,0,0,0,0,0,0,0.132,0.063,0.000,0,0,0,12423,12423,0,0
travel,58.313,1399.7,1118.227,1118.227,fly,0.807,ok,2601,0,0,192.00,292974592,426295296,114090264,95883264,18123768,2904,7449760,22132800,958,12423,12423,0,0,0,0,0,0,0,0,0.061,0.066,0.000,0,0,0,12423,12423,0,0
travel,58.345,1400.5,1118.773,1118.773,fly,0.854,ok,2601,0,0,192.00,292974592,426295296,114090264,95883264,18123768,2904,7449760,22132800,958,12423,12423,0,0,0,0,0,0,0,0,0.064,0.075,0.000,0,0,0,12423,12423,0,0
travel,58.379,1401.3,1119.338,1119.338,fly,1.124,ok,2601,0,0,192.00,292974592,426295296,114090264,95883264,18123768,2904,7449760,22132800,958,12423,12423,0,0,0,0,0,0,0,0,0.064,0.101,0.000,0,0,0,12423,12423,0,0
travel,58.410,1402.0,1119.877,1119.877,fly,1.238,ok,2601,0,0,192.00,292974592,426295296,114090264,95883264,18123768,2904,7449760,22132800,958,12423,12423,0,0,0,0,0,0,0,0,0.067,0.101,0.000,0,0,0,12423,12423,0,0
travel,58.455,1403.1,1120.637,1120.637,fly,0.809,ok,2601,0,0,192.00,292974592,426295296,114090264,95883264,18123768,2904,11174640,22132800,958,12524,12524,0,0,0,0,0,0,0,0,0.061,0.064,0.000,0,0,0,12524,12524,0,0
travel,58.487,1403.9,1121.186,1121.186,fly,0.822,ok,2601,0,0,192.00,292974592,426295296,114090264,95883264,18123768,2904,11174640,22132800,958,12524,12524,0,0,0,0,0,0,0,0,0.061,0.066,0.000,0,0,0,12524,12524,0,0
travel,58.519,1404.6,1121.728,1121.728,fly,1.121,ok,2601,0,0,192.00,292974592,426295296,114090264,95883264,18123768,2904,11174640,22132800,958,12524,12524,0,0,0,0,0,0,0,0,0.066,0.085,0.000,0,0,0,12524,12524,0,0
travel,58.551,1405.4,1122.276,1122.276,fly,1.124,ok,2601,0,0,192.00,292974592,426295296,114090264,95883264,18123768,2904,11174640,22132800,958,12524,12524,0,0,0,0,0,0,0,0,0.145,0.134,0.000,0,0,0,12524,12524,0,0
travel,58.584,1406.2,1122.833,1122.833,fly,0.836,ok,2601,0,0,192.00,292974592,426295296,114090264,95883264,18123768,2904,7449760,22132800,958,12524,12524,0,0,0,0,0,0,0,0,0.064,0.070,0.000,0,0,0,12524,12524,0,0
travel,58.616,1407.0,1123.377,1123.377,fly,0.824,ok,2601,0,0,192.00,292974592,426295296,114090264,95883264,18123768,2904,7449760,22132800,958,12524,12524,0,0,0,0,0,0,0,0,0.061,0.067,0.000,0,0,0,12524,12524,0,0
travel,58.649,1407.8,1123.933,1123.933,fly,0.832,ok,2601,0,0,192.00,292974592,426295296,114090264,95883264,18123768,2904,7449760,22132800,958,12524,12524,0,0,0,0,0,0,0,0,0.062,0.069,0.000,0,0,0,12524,12524,0,0
travel,58.682,1408.5,1124.491,1124.491,fly,1.116,ok,2601,0,0,192.00,292974592,426295296,114090264,95883264,18123768,2904,7449760,22132800,958,12524,12524,0,0,0,0,0,0,0,0,0.064,0.089,0.000,0,0,0,12524,12524,0,0
travel,58.714,1409.3,1125.037,1125.037,fly,1.163,ok,2601,0,0,192.00,292974592,426295296,114090264,95883264,18123768,2904,7449760,22132800,958,12524,12524,0,0,0,0,0,0,0,0,0.077,0.110,0.000,0,0,0,12524,12524,0,0
travel,58.746,1410.1,1125.581,1125.581,fly,0.886,ok,2601,0,0,192.00,292974592,426295296,114090264,95883264,18123768,2904,7449760,22132800,958,12524,12524,0,0,0,0,0,0,0,0,0.132,0.064,0.000,0,0,0,12524,12524,0,0
travel,58.778,1410.9,1126.131,1126.131,fly,0.826,ok,2601,0,0,192.00,292974592,426295296,114090264,95883264,18123768,2904,7449760,22132800,958,12524,12524,0,0,0,0,0,0,0,0,0.061,0.068,0.000,0,0,0,12524,12524,0,0
travel,58.811,1411.7,1126.694,1126.694,fly,0.818,ok,2601,0,0,192.00,292974592,426295296,114090264,95883264,18123768,2904,7449760,22132800,958,12524,12524,0,0,0,0,0,0,0,0,0.061,0.066,0.000,0,0,0,12524,12524,0,0
travel,58.845,1412.5,1127.255,1127.255,fly,1.096,ok,2601,0,0,192.00,292974592,426295296,114090264,95883264,18123768,2904,7449760,22132800,958,12524,12524,0,0,0,0,0,0,0,0,0.063,0.088,0.000,0,0,0,12524,12524,0,0
travel,58.876,1413.2,1127.795,1127.795,fly,1.260,ok,2601,0,0,192.00,292974592,426295296,114090264,95883264,18123768,2904,7449760,22132800,958,12524,12524,0,0,0,0,0,0,0,0,0.144,0.129,0.000,0,0,0,12524,12524,0,0
travel,58.923,1414.3,1128.581,1128.581,fly,0.812,ok,2601,0,0,192.00,292974592,426295296,114090264,95883264,18123768,2904,11174640,22132800,958,12625,12625,0,0,0,0,0,0,0,0,0.062,0.064,0.000,0,0,0,12625,12625,0,0
travel,58.956,1415.1,1129.154,1129.154,fly,0.828,ok,2601,0,0,192.00,292974592,426295296,114090264,95883264,18123768,2904,11174640,22132800,958,12625,12625,0,0,0,0,0,0,0,0,0.064,0.066,0.000,0,0,0,12625,12625,0,0
travel,58.989,1415.9,1129.702,1129.702,fly,1.332,ok,2601,0,0,192.00,292974592,426295296,114090264,95883264,18123768,2904,11174640,22132800,958,12625,12625,0,0,0,0,0,0,0,0,0.495,0.090,0.000,0,0,0,12625,12625,0,0
travel,59.022,1416.7,1130.268,1130.268,fly,0.959,ok,2601,0,0,192.00,292974592,426295296,114090264,95883264,18123768,2904,11174640,22132800,958,12625,12625,0,0,0,0,0,0,0,0,0.067,0.082,0.000,0,0,0,12625,12625,0,0
travel,59.054,1417.5,1130.813,1130.813,fly,1.192,ok,2601,0,0,192.00,292974592,426295296,114090264,95883264,18123768,2904,7449760,22132800,958,12625,12625,0,0,0,0,0,0,0,0,0.187,0.118,0.000,0,0,0,12625,12625,0,0
travel,59.087,1418.3,1131.367,1131.367,fly,0.864,ok,2601,0,0,192.00,292974592,426295296,114090264,95883264,18123768,2904,7449760,22132800,958,12625,12625,0,0,0,0,0,0,0,0,0.063,0.071,0.000,0,0,0,12625,12625,0,0
travel,59.120,1419.1,1131.942,1131.942,fly,0.852,ok,2601,0,0,192.00,292974592,426295296,114090264,95883264,18123768,2904,7449760,22132800,958,12625,12625,0,0,0,0,0,0,0,0,0.062,0.071,0.000,0,0,0,12625,12625,0,0
travel,59.152,1419.9,1132.486,1132.486,fly,0.819,ok,2601,0,0,192.00,292974592,426295296,114090264,95883264,18123768,2904,7449760,22132800,958,12625,12625,0,0,0,0,0,0,0,0,0.061,0.064,0.000,0,0,0,12625,12625,0,0
travel,59.185,1420.6,1133.046,1133.046,fly,0.804,ok,2601,0,0,192.00,292974592,426295296,114090264,95883264,18123768,2904,7449760,22132800,958,12625,12625,0,0,0,0,0,0,0,0,0.061,0.064,0.000,0,0,0,12625,12625,0,0
travel,59.219,1421.5,1133.620,1133.620,fly,0.998,ok,2601,0,0,192.00,292974592,426295296,114090264,95883264,18123768,2904,7449760,22132800,958,12625,12625,0,0,0,0,0,0,0,0,0.070,0.110,0.000,0,0,0,12625,12625,0,0
travel,59.250,1422.2,1134.151,1134.151,fly,0.895,ok,2601,0,0,192.00,292974592,426295296,114090264,95883264,18123768,2904,7449760,22132800,958,12625,12625,0,0,0,0,0,0,0,0,0.131,0.062,0.000,0,0,0,12625,12625,0,0
travel,59.283,1423.0,1134.705,1134.705,fly,0.822,ok,2601,0,0,192.00,292974592,426295296,114090264,95883264,18123768,2904,7449760,22132800,958,12625,12625,0,0,0,0,0,0,0,0,0.060,0.067,0.000,0,0,0,12625,12625,0,0
travel,59.316,1423.8,1135.260,1135.260,fly,0.901,ok,2601,0,0,192.00,292974592,426295296,114090264,95883264,18123768,2904,7449760,22132800,958,12625,12625,0,0,0,0,0,0,0,0,0.063,0.075,0.000,0,0,0,12625,12625,0,0
travel,59.347,1424.5,1135.798,1135.798,fly,0.826,ok,2601,0,0,192.00,292974592,426295296,114090264,95883264,18123768,2904,7449760,22132800,958,12625,12625,0,0,0,0,0,0,0,0,0.062,0.067,0.000,0,0,0,12625,12625,0,0
travel,59.393,1425.6,1136.571,1136.571,fly,0.897,ok,2601,0,0,192.00,292974592,426295296,114090264,95883264,18123768,2904,11174640,22132800,958,12726,12726,0,0,0,0,0,0,0,0,0.133,0.067,0.000,0,0,0,12726,12726,0,0
travel,59.426,1426.4,1137.131,1137.131,fly,0.829,ok,2601,0,0,192.00,292974592,426295296,114090264,95883264,18123768,2904,11174640,22132800,958,12726,12726,0,0,0,0,0,0,0,0,0.061,0.068,0.000,0,0,0,12726,12726,0,0
travel,59.459,1427.2,1137.695,1137.695,fly,0.970,ok,2601,0,0,192.00,292974592,426295296,114090264,95883264,18123768,2904,11174640,22132800,958,12726,12726,0,0,0,0,0,0,0,0,0.067,0.082,0.000,0,0,0,12726,12726,0,0
travel,59.493,1428.0,1138.274,1138.274,fly,1.197,ok,2601,0,0,192.00,292974592,426295296,114090264,95883264,18123768,2904,7449760,22132800,958,12726,12726,0,0,0,0,0,0,0,0,0.079,0.172,0.000,0,0,0,12726,12726,0,0
travel,59.526,1428.8,1138.831,1138.831,fly,0.850,ok,2601,0,0,192.00,292974592,426295296,114090264,95883264,18123768,2904,7449760,22132800,958,12726,12726,0,0,0,0,0,0,0,0,0.062,0.077,0.000,0,0,0,12726,12726,0,0
travel,59.559,1429.6,1139.386,1139.386,fly,1.192,ok,2601,0,0,192.00,292974592,426295296,114090264,95883264,18123768,2904,7449760,22132800,958,12726,12726,0,0,0,0,0,0,0,0,0.073,0.121,0.000,0,0,0,12726,12726,0,0
travel,59.592,1430.4,1139.955,1139.955,fly,1.224,ok,2601,0,0,192.00,292974592,426295296,114090264,95883264,18123768,2904,7449760,22132800,958,12726,12726,0,0,0,0,0,0,0,0,0.256,0.159,0.000,0,0,0,12726,12726,0,0
travel,59.624,1431.2,1140.496,1140.496,fly,0.835,ok,2601,0,0,192.00,292974592,426295296,114090264,95883264,18123768,2904,7449760,22132800,958,12726,12726,0,0,0,0,0,0,0,0,0.062,0.079,0.000,0,0,0,12726,12726,0,0
travel,59.658,1432.0,1141.070,1141.070,fly,0.997,ok,2601,0,0,192.00,292974592,426295296,114090264,95883264,18123768,2904,7449760,22132800,958,12726,12726,0,0,0,0,0,0,0,0,0.078,0.175,0.000,0,0,0,12726,12726,0,0
travel,59.691,1432.8,1141.629,1141.629,fly,0.809,ok,2601,0,0,192.00,292974592,426295296,114090264,95883264,18123768,2904,7449760,22132800,958,12726,12726,0,0,0,0,0,0,0,0,0.061,0.065,0.000,0,0,0,12726,12726,0,0
travel,59.722,1433.5,1142.159,1142.159,fly,1.004,ok,2601,0,0,192.00,292974592,426295296,114090264,95883264,18123768,2904,7449760,22132800,958,12726,12726,0,0,0,0,0,0,0,0,0.138,0.100,0.000,0,0,0,12726,12726,0,0
travel,59.754,1434.3,1142.704,1142.704,fly,0.824,ok,2601,0,0,192.00,292974592,426295296,114090264,95883264,18123768,2904,7449760,22132800,958,12726,12726,0,0,0,0,0,0,0,0,0.061,0.070,0.000,0,0,0,12726,12726,0,0
travel,59.786,1435.1,1143.250,1143.250,fly,0.928,ok,2601,0,0,192.00,292974592,426295296,114090264,95883264,18123768,2904,7449760,22132800,958,12726,12726,0,0,0,0,0,0,0,0,0.072,0.117,0.000,0,0,0,12726,12726,0,0
travel,59.818,1435.8,1143.788,1143.788,fly,0.832,ok,2601,0,0,192.00,292974592,426295296,114090264,95883264,18123768,2904,7449760,22132800,958,12726,12726,0,0,0,0,0,0,0,0,0.061,0.067,0.000,0,0,0,12726,12726,0,0
travel,59.861,1436.9,1144.524,1144.524,fly,0.945,ok,2601,0,0,192.00,292974592,426295296,114090264,95883264,18123768,2904,11174640,22132800,958,12827,12827,0,0,0,0,0,0,0,0,0.065,0.112,0.000,0,0,0,12827,12827,0,0
travel,59.894,1437.7,1145.088,1145.088,fly,1.012,ok,2601,0,0,192.00,292974592,426295296,114090264,95883264,18123768,2904,11174640,22132800,958,12827,12827,0,0,0,0,0,0,0,0,0.066,0.090,0.000,0,0,0,12827,12827,0,0
travel,59.926,1438.4,1145.625,1145.625,fly,0.825,ok,2601,0,0,192.00,292974592,426295296,114090264,95883264,18123768,2904,11174640,22132800,958,12827,12827,0,0,0,0,0,0,0,0,0.062,0.066,0.000,0,0,0,12827,12827,0,0
travel,59.958,1439.2,1146.181,1146.181,fly,0.806,ok,2601,0,0,192.00,292974592,426295296,114090264,95883264,18123768,2904,7449760,22132800,958,12827,12827,0,0,0,0,0,0,0,0,0.062,0.064,0.000,0,0,0,12827,12827,0,0
travel,59.991,1440.0,1146.731,1146.731,fly,1.012,ok,2601,0,0,192.00,292974592,426295296,114090264,95883264,18123768,2904,7449760,22132800,958,12827,12827,0,0,0,0,0,0,0,0,0.071,0.144,0.000,0,0,0,12827,12827,0,0
travel,60.023,1440.8,1147.273,1147.273,fly,0.838,ok,2601,0,0,192.00,292974592,426295296,114090264,95883264,18123768,2904,7449760,22132800,958,12827,12827,0,0,0,0,0,0,0,0,0.063,0.069,0.000,0,0,0,12827,12827,0,0
travel,60.055,1441.5,1147.815,1147.815,fly,0.858,ok,2601,0,0,192.00,292974592,426295296,114090264,95883264,18123768,2904,7449760,22132800,958,12827,12827,0,0,0,0,0,0,0,0,0.061,0.070,0.000,0,0,0,12827,12827,0,0
travel,60.087,1442.3,1148.372,1148.372,fly,0.849,ok,2601,0,0,192.00,292974592,426295296,114090264,95883264,18123768,2904,7449760,22132800,958,12827,12827,0,0,0,0,0,0,0,0,0.062,0.075,0.000,0,0,0,12827,12827,0,0
travel,60.119,1443.1,1148.909,1148.909,fly,0.933,ok,2601,0,0,192.00,292974592,426295296,114090264,95883264,18123768,2904,7449760,22132800,958,12827,12827,0,0,0,0,0,0,0,0,0.071,0.114,0.000,0,0,0,12827,12827,0,0
travel,60.151,1443.8,1149.456,1149.456,fly,0.958,ok,2601,0,0,192.00,292974592,426295296,114090264,95883264,18123768,2904,7449760,22132800,958,12827,12827,0,0,0,0,0,0,0,0,0.190,0.068,0.000,0,0,0,12827,12827,0,0
travel,60.184,1444.6,1150.017,1150.017,fly,0.817,ok,2601,0,0,192.00,292974592,426295296,114090264,95883264,18123768,2904,7449760,22132800,958,12827,12827,0,0,0,0,0,0,0,0,0.061,0.071,0.000,0,0,0,12827,12827,0,0
travel,60.216,1445.4,1150.553,1150.553,fly,0.822,ok,2601,0,0,192.00,292974592,426295296,114090264,95883264,18123768,2904,7449760,22132800,958,12827,12827,0,0,0,0,0,0,0,0,0.060,0.064,0.000,0,0,0,12827,12827,0,0
travel,60.249,1446.2,1151.117,1151.117,fly,1.003,ok,2601,0,0,192.00,292974592,426295296,114090264,95883264,18123768,2904,7449760,22132800,958,12827,12827,0,0,0,0,0,0,0,0,0.063,0.076,0.000,0,0,0,12827,12827,0,0
travel,60.282,1447.0,1151.681,1151.681,fly,1.145,ok,2601,0,0,192.00,292974592,426295296,114090264,95883264,18123768,2904,7449760,22132800,958,12827,12827,0,0,0,0,0,0,0,0,0.064,0.094,0.000,0,0,0,12827,12827,0,0
travel,60.326,1448.1,1152.429,1152.429,fly,0.832,ok,2601,0,0,192.00,292974592,426295296,114090264,95883264,18123768,2904,11174640,22132800,958,12928,12928,0,0,0,0,0,0,0,0,0.062,0.068,0.000,0,0,0,12928,12928,0,0
travel,60.359,1448.8,1152.989,1152.989,fly,0.851,ok,2601,0,0,192.00,292974592,426295296,114090264,95883264,18123768,2904,11174640,22132800,958,12928,12928,0,0,0,0,0,0,0,0,0.062,0.072,0.000,0,0,0,12928,12928,0,0
travel,60.392,1449.6,1153.537,1153.537,fly,0.916,ok,2601,0,0,192.00,292974592,426295296,114090264,95883264,18123768,2904,11174640,22132800,958,12928,12928,0,0,0,0,0,0,0,0,0.063,0.075,0.000,0,0,0,12928,12928,0,0
travel,60.423,1450.4,1154.075,1154.075,fly,1.273,ok,2601,0,0,192.00,292974592,426295296,114090264,95883264,18123768,2904,11174640,22132800,958,12928,12928,0,0,0,0,0,0,0,0,0.143,0.142,0.000,0,0,0,12928,12928,0,0
travel,60.456,1451.2,1154.632,1154.632,fly,1.116,ok,2601,0,0,192.00,292974592,426295296,114090264,95883264,18123768,2904,7449760,22132800,958,12928,12928,0,0,0,0,0,0,0,0,0.143,0.112,0.000,0,0,0,12928,12928,0,0
travel,60.490,1452.0,1155.204,1155.204,fly,1.110,ok,2601,0,0,192.00,292974592,426295296,114090264,95883264,18123768,2904,7449760,22132800,958,12928,12928,0,0,0,0,0,0,0,0,0.100,0.244,0.000,0,0,0,12928,12928,0,0
travel,60.524,1452.8,1155.781,1155.781,fly,0.900,ok,2601,0,0,192.00,292974592,426295296,114090264,95883264,18123768,2904,7449760,22132800,958,12928,12928,0,0,0,0,0,0,0,0,0.064,0.086,0.000,0,0,0,12928,12928,0,0
travel,60.554,1453.5,1156.304,1156.304,fly,0.811,ok,2601,0,0,192.00,292974592,426295296,114090264,95883264,18123768,2904,7449760,22132800,958,12928,12928,0,0,0,0,0,0,0,0,0.062,0.066,0.000,0,0,0,12928,12928,0,0
travel,60.586,1454.3,1156.839,1156.839,fly,1.095,ok,2601,0,0,192.00,292974592,426295296,114090264,95883264,18123768,2904,7449760,22132800,958,12928,12928,0,0,0,0,0,0,0,0,0.071,0.143,0.000,0,0,0,12928,12928,0,0
travel,60.618,1455.1,1157.380,1157.380,fly,0.848,ok,2601,0,0,192.00,292974592,426295296,114090264,95883264,18123768,2904,7449760,22132800,958,12928,12928,0,0,0,0,0,0,0,0,0.062,0.071,0.000,0,0,0,12928,12928,0,0
travel,60.650,1455.8,1157.926,1157.926,fly,0.817,ok,2601,0,0,192.00,292974592,426295296,114090264,95883264,18123768,2904,7449760,22132800,958,12928,12928,0,0,0,0,0,0,0,0,0.060,0.070,0.000,0,0,0,12928,12928,0,0
travel,60.682,1456.6,1158.476,1158.476,fly,0.838,ok,2601,0,0,192.00,292974592,426295296,114090264,95883264,18123768,2904,7449760,22132800,958,12928,12928,0,0,0,0,0,0,0,0,0.062,0.066,0.000,0,0,0,12928,12928,0,0
travel,60.715,1457.4,1159.029,1159.029,fly,1.104,ok,2601,0,0,192.00,292974592,426295296,114090264,95883264,18123768,2904,7449760,22132800,958,12928,12928,0,0,0,0,0,0,0,0,0.074,0.118,0.000,0,0,0,12928,12928,0,0
travel,60.747,1458.2,1159.571,1159.571,fly,0.945,ok,2601,0,0,192.00,292974592,426295296,114090264,95883264,18123768,2904,7449760,22132800,958,12928,12928,0,0,0,0,0,0,0,0,0.171,0.069,0.000,0,0,0,12928,12928,0,0
travel,60.793,1459.3,1160.357,1160.357,fly,1.189,ok,2601,0,0,192.00,292974592,426295296,114090264,95883264,18123768,2904,11174640,22132800,958,13029,13029,0,0,0,0,0,0,0,0,0.067,0.088,0.000,0,0,0,13029,13029,0,0
travel,60.826,1460.1,1160.916,1160.916,fly,0.820,ok,2601,0,0,192.00,292974592,426295296,114090264,95883264,18123768,2904,11174640,22132800,958,13029,13029,0,0,0,0,0,0,0,0,0.062,0.064,0.000,0,0,0,13029,13029,0,0
travel,60.859,1460.8,1161.472,1161.472,fly,0.815,ok,2601,0,0,192.00,292974592,426295296,114090264,95883264,18123768,2904,11174640,22132800,958,13029,13029,0,0,0,0,0,0,0,0,0.062,0.067,0.000,0,0,0,13029,13029,0,0
travel,60.891,1461.6,1162.020,1162.020,fly,1.183,ok,2601,0,0,192.00,292974592,426295296,114090264,95883264,18123768,2904,11174640,22132800,958,13029,13029,0,0,0,0,0,0,0,0,0.144,0.135,0.000,0,0,0,13029,13029,0,0
travel,60.924,1462.4,1162.577,1162.577,fly,0.931,ok,2601,0,0,192.00,292974592,426295296,114090264,95883264,18123768,2904,7449760,22132800,958,13029,13029,0,0,0,0,0,0,0,0,0.166,0.068,0.000,0,0,0,13029,13029,0,0
travel,60.955,1463.2,1163.111,1163.111,fly,0.828,ok,2601,0,0,192.00,292974592,426295296,114090264,95883264,18123768,2904,7449760,22132800,958,13029,13029,0,0,0,0,0,0,0,0,0.061,0.069,0.000,0,0,0,13029,13029,0,0
travel,60.988,1464.0,1163.669,1163.669,fly,0.906,ok,2601,0,0,192.00,292974592,426295296,114090264,95883264,18123768,2904,7449760,22132800,958,13029,13029,0,0,0,0,0,0,0,0,0.061,0.137,0.000,0,0,0,13029,13029,0,0
travel,61.021,1464.7,1164.226,1164.226,fly,1.126,ok,2601,0,0,192.00,292974592,426295296,114090264,95883264,18123768,2904,7449760,22132800,958,13029,13029,0,0,0,0,0,0,0,0,0.077,0.112,0.000,0,0,0,13029,13029,0,0
travel,61.052,1465.5,1164.756,1164.756,fly,1.033,ok,2601,0,0,192.00,292974592,426295296,114090264,95883264,18123768,2904,7449760,22132800,958,13029,13029,0,0,0,0,0,0,0,0,0.208,0.110,0.000,0,0,0,13029,13029,0,0
travel,61.084,1466.3,1165.306,1165.306,fly,0.836,ok,2601,0,0,192.00,292974592,426295296,114090264,95883264,18123768,2904,7449760,22132800,958,13029,13029,0,0,0,0,0,0,0,0,0.064,0.067,0.000,0,0,0,13029,13029,0,0
travel,61.116,1467.0,1165.854,1165.854,fly,0.850,ok,2601,0,0,192.00,292974592,426295296,114090264,95883264,18123768,2904,7449760,22132800,958,13029,13029,0,0,0,0,0,0,0,0,0.062,0.070,0.000,0,0,0,13029,13029,0,0
travel,61.149,1467.8,1166.399,1166.399,fly,1.183,ok,2601,0,0,192.00,292974592,426295296,114090264,95883264,18123768,2904,7449760,22132800,958,13029,13029,0,0,0,0,0,0,0,0,0.354,0.082,0.000,0,0,0,13029,13029,0,0
travel,61.180,1468.6,1166.928,1166.928,fly,0.896,ok,2601,0,0,192.00,292974592,426295296,114090264,95883264,18123768,2904,7449760,22132800,958,13029,13029,0,0,0,0,0,0,0,0,0.131,0.062,0.000,0,0,0,13029,13029,0,0
travel,61.211,1469.3,1167.463,1167.463,fly,0.801,ok,2601,0,0,192.00,292974592,426295296,114090264,95883264,18123768,2904,7449760,22132800,958,13029,13029,0,0,0,0,0,0,0,0,0.061,0.065,0.000,0,0,0,13029,13029,0,0
travel,61.243,1470.1,1168.004,1168.004,fly,4.970,ok,2529,72,79,192.00,292974592,426295296,110932056,93229056,17622072,2904,11174640,16497000,958,13058,13130,29,101,29,29,29,0,0,0,0.416,0.133,0.000,0,0,0,13058,13058,0,0
travel,61.288,1471.2,1168.768,1168.768,fly,0.828,ok,2601,0,0,192.00,292974592,426295296,114090264,95883264,18123768,2904,11174640,22132800,958,13130,13130,0,0,0,0,0,0,0,0,0.066,0.067,0.000,0,0,0,13130,13130,0,0
travel,61.321,1472.0,1169.336,1169.336,fly,0.812,ok,2601,0,0,192.00,292974592,426295296,114090264,95883264,18123768,2904,11174640,22132800,958,13130,13130,0,0,0,0,0,0,0,0,0.061,0.066,0.000,0,0,0,13130,13130,0,0
travel,61.353,1472.7,1169.868,1169.868,fly,1.116,ok,2601,0,0,192.00,292974592,426295296,114090264,95883264,18123768,2904,11174640,22132800,958,13130,13130,0,0,0,0,0,0,0,0,0.071,0.110,0.000,0,0,0,13130,13130,0,0
travel,61.385,1473.5,1170.409,1170.409,fly,0.844,ok,2601,0,0,192.00,292974592,426295296,114090264,95883264,18123768,2904,7449760,22132800,958,13130,13130,0,0,0,0,0,0,0,0,0.062,0.073,0.000,0,0,0,13130,13130,0,0
travel,61.417,1474.3,1170.958,1170.958,fly,0.941,ok,2601,0,0,192.00,292974592,426295296,114090264,95883264,18123768,2904,7449760,22132800,958,13130,13130,0,0,0,0,0,0,0,0,0.132,0.071,0.000,0,0,0,13130,13130,0,0
travel,61.449,1475.0,1171.499,1171.499,fly,0.812,ok,2601,0,0,192.00,292974592,426295296,114090264,95883264,18123768,2904,7449760,22132800,958,13130,13130,0,0,0,0,0,0,0,0,0.060,0.066,0.000,0,0,0,13130,13130,0,0
travel,61.482,1475.8,1172.066,1172.066,fly,0.826,ok,2601,0,0,192.00,292974592,426295296,114090264,95883264,18123768,2904,7449760,22132800,958,13130,13130,0,0,0,0,0,0,0,0,0.061,0.067,0.000,0,0,0,13130,13130,0,0
travel,61.515,1476.6,1172.621,1172.621,fly,0.829,ok,2601,0,0,192.00,292974592,426295296,114090264,95883264,18123768,2904,7449760,22132800,958,13130,13130,0,0,0,0,0,0,0,0,0.062,0.070,0.000,0,0,0,13130,13130,0,0
travel,61.547,1477.4,1173.175,1173.175,fly,1.071,ok,2601,0,0,192.00,292974592,426295296,114090264,95883264,18123768,2904,7449760,22132800,958,13130,13130,0,0,0,0,0,0,0,0,0.064,0.086,0.000,0,0,0,13130,13130,0,0
travel,61.578,1478.1,1173.701,1173.701,fly,0.885,ok,2601,0,0,192.00,292974592,426295296,114090264,95883264,18123768,2904,7449760,22132800,958,13130,13130,0,0,0,0,0,0,0,0,0.135,0.067,0.000,0,0,0,13130,13130,0,0
travel,61.611,1478.9,1174.256,1174.256,fly,0.819,ok,2601,0,0,192.00,292974592,426295296,114090264,95883264,18123768,2904,7449760,22132800,958,13130,13130,0,0,0,0,0,0,0,0,0.061,0.067,0.000,0,0,0,13130,13130,0,0
travel,61.644,1479.7,1174.811,1174.811,fly,1.315,ok,2601,0,0,192.00,292974592,426295296,114090264,95883264,18123768,2904,7449760,22132800,958,13130,13130,0,0,0,0,0,0,0,0,0.095,0.138,0.000,0,0,0,13130,13130,0,0
travel,61.676,1480.5,1175.368,1175.368,fly,1.406,ok,2601,0,0,192.00,292974592,426295296,114090264,95883264,18123768,2904,7449760,22132800,958,13130,13130,0,0,0,0,0,0,0,0,0.188,0.139,0.000,0,0,0,13130,13130,0,0
travel,61.710,1481.3,1175.941,1175.941,fly,1.184,ok,2601,0,0,192.00,292974592,426295296,114090264,95883264,18123768,2904,7449760,22132800,958,13130,13130,0,0,0,0,0,0,0,0,0.065,0.089,0.000,0,0,0,13130,13130,0,0
travel,61.754,1482.4,1176.689,1176.689,fly,1.029,ok,2601,0,0,192.00,293040128,426295296,114090264,95883264,18123768,2904,11174640,22132800,958,13231,13231,0,0,0,0,0,0,0,0,0.285,0.063,0.000,0,0,0,13231,13231,0,0
travel,61.788,1483.2,1177.269,1177.269,fly,0.829,ok,2601,0,0,192.00,293040128,426295296,114090264,95883264,18123768,2904,11174640,22132800,958,13231,13231,0,0,0,0,0,0,0,0,0.062,0.067,0.000,0,0,0,13231,13231,0,0
travel,61.822,1484.0,1177.847,1177.847,fly,0.884,ok,2601,0,0,192.00,293040128,426295296,114090264,95883264,18123768,2904,11174640,22132800,958,13231,13231,0,0,0,0,0,0,0,0,0.064,0.074,0.000,0,0,0,13231,13231,0,0
travel,61.854,1484.8,1178.387,1178.387,fly,0.826,ok,2601,0,0,192.00,293040128,426295296,114090264,95883264,18123768,2904,7449760,22132800,958,13231,13231,0,0,0,0,0,0,0,0,0.061,0.066,0.000,0,0,0,13231,13231,0,0
travel,61.888,1485.6,1178.959,1178.959,fly,1.119,ok,2601,0,0,192.00,293040128,426295296,114090264,95883264,18123768,2904,7449760,22132800,958,13231,13231,0,0,0,0,0,0,0,0,0.064,0.079,0.000,0,0,0,13231,13231,0,0
travel,61.925,1486.5,1179.582,1179.582,fly,1.074,ok,2601,0,0,192.00,293040128,426295296,114090264,95883264,18123768,2904,7449760,22132800,958,13231,13231,0,0,0,0,0,0,0,0,0.063,0.086,0.000,0,0,0,13231,13231,0,0
travel,61.957,1487.2,1180.130,1180.130,fly,1.311,ok,2601,0,0,192.00,293040128,426295296,114090264,95883264,18123768,2904,7449760,22132800,958,13231,13231,0,0,0,0,0,0,0,0,0.079,0.103,0.000,0,0,0,13231,13231,0,0
travel,61.989,1488.0,1180.680,1180.680,fly,0.831,ok,2601,0,0,192.00,293040128,426295296,114090264,95883264,18123768,2904,7449760,22132800,958,13231,13231,0,0,0,0,0,0,0,0,0.062,0.068,0.000,0,0,0,13231,13231,0,0
travel,62.023,1488.8,1181.257,1181.257,fly,0.828,ok,2601,0,0,192.00,293040128,426295296,114090264,95883264,18123768,2904,7449760,22132800,958,13231,13231,0,0,0,0,0,0,0,0,0.060,0.067,0.000,0,0,0,13231,13231,0,0
travel,62.055,1489.6,1181.799,1181.799,fly,0.816,ok,2601,0,0,192.00,293040128,426295296,114090264,95883264,18123768,2904,7449760,22132800,958,13231,13231,0,0,0,0,0,0,0,0,0.060,0.066,0.000,0,0,0,13231,13231,0,0
travel,62.088,1490.4,1182.354,1182.354,fly,0.806,ok,2601,0,0,192.00,293040128,426295296,114090264,95883264,18123768,2904,7449760,22132800,958,13231,13231,0,0,0,0,0,0,0,0,0.061,0.064,0.000,0,0,0,13231,13231,0,0
travel,62.120,1491.2,1182.906,1182.906,fly,1.002,ok,2601,0,0,192.00,293040128,426295296,114090264,95883264,18123768,2904,7449760,22132800,958,13231,13231,0,0,0,0,0,0,0,0,0.074,0.116,0.000,0,0,0,13231,13231,0,0
travel,62.153,1491.9,1183.456,1183.456,fly,1.108,ok,2601,0,0,192.00,293040128,426295296,114090264,95883264,18123768,2904,7449760,22132800,958,13231,13231,0,0,0,0,0,0,0,0,0.148,0.140,0.000,0,0,0,13231,13231,0,0
travel,62.185,1492.7,1184.002,1184.002,fly,4.870,ok,2536,65,78,192.00,293040128,426295296,111239104,93487104,17670848,2904,11174640,16183776,958,13267,13332,36,101,36,36,36,0,0,0,0.501,0.134,0.000,0,0,0,13267,13267,0,0
travel,62.228,1493.7,1184.735,1184.735,fly,1.098,ok,2601,0,0,192.00,293040128,426295296,114090264,95883264,18123768,2904,11174640,22132800,958,13332,13332,0,0,0,0,0,0,0,0,0.073,0.252,0.000,0,0,0,13332,13332,0,0
travel,62.261,1494.5,1185.290,1185.290,fly,0.811,ok,2601,0,0,192.00,293040128,426295296,114090264,95883264,18123768,2904,11174640,22132800,958,13332,13332,0,0,0,0,0,0,0,0,0.063,0.063,0.000,0,0,0,13332,13332,0,0
travel,62.293,1495.3,1185.848,1185.848,fly,0.826,ok,2601,0,0,192.00,293040128,426295296,114090264,95883264,18123768,2904,11174640,22132800,958,13332,13332,0,0,0,0,0,0,0,0,0.061,0.068,0.000,0,0,0,13332,13332,0,0
travel,62.326,1496.1,1186.401,1186.401,fly,0.807,ok,2601,0,0,192.00,293040128,426295296,114090264,95883264,18123768,2904,7449760,22132800,958,13332,13332,0,0,0,0,0,0,0,0,0.063,0.064,0.000,0,0,0,13332,13332,0,0
travel,62.360,1496.9,1186.978,1186.978,fly,0.819,ok,2601,0,0,192.00,293040128,426295296,114090264,95883264,18123768,2904,7449760,22132800,958,13332,13332,0,0,0,0,0,0,0,0,0.061,0.065,0.000,0,0,0,13332,13332,0,0
travel,62.393,1497.7,1187.541,1187.541,fly,1.121,ok,2601,0,0,192.00,293040128,426295296,114090264,95883264,18123768,2904,7449760,22132800,958,13332,13332,0,0,0,0,0,0,0,0,0.063,0.085,0.000,0,0,0,13332,13332,0,0
travel,62.426,1498.5,1188.107,1188.107,fly,1.087,ok,2601,0,0,192.00,293040128,426295296,114090264,95883264,18123768,2904,7449760,22132800,958,13332,13332,0,0,0,0,0,0,0,0,0.065,0.089,0.000,0,0,0,13332,13332,0,0
travel,62.459,1499.3,1188.653,1188.653,fly,1.085,ok,2601,0,0,192.00,293040128,426295296,114090264,95883264,18123768,2904,7449760,22132800,958,13332,13332,0,0,0,0,0,0,0,0,0.076,0.130,0.000,0,0,0,13332,13332,0,0
travel,62.493,1500.1,1189.231,1189.231,fly,0.884,ok,2601,0,0,192.00,293040128,426295296,114090264,95883264,18123768,2904,7449760,22132800,958,13332,13332,0,0,0,0,0,0,0,0,0.130,0.061,0.000,0,0,0,13332,13332,0,0
travel,62.524,1500.9,1189.773,1189.773,fly,0.824,ok,2601,0,0,192.00,293040128,426295296,114090264,95883264,18123768,2904,7449760,22132800,958,13332,13332,0,0,0,0,0,0,0,0,0.064,0.068,0.000,0,0,0,13332,13332,0,0
travel,62.556,1501.6,1190.306,1190.306,fly,0.809,ok,2601,0,0,192.00,293040128,426295296,114090264,95883264,18123768,2904,7449760,22132800,958,13332,13332,0,0,0,0,0,0,0,0,0.061,0.065,0.000,0,0,0,13332,13332,0,0
travel,62.588,1502.4,1190.859,1190.859,fly,1.021,ok,2601,0,0,192.00,293040128,426295296,114090264,95883264,18123768,2904,7449760,22132800,958,13332,13332,0,0,0,0,0,0,0,0,0.139,0.108,0.000,0,0,0,13332,13332,0,0
travel,62.621,1503.2,1191.415,1191.415,fly,0.944,ok,2601,0,0,192.00,293040128,426295296,114090264,95883264,18123768,2904,7449760,22132800,958,13332,13332,0,0,0,0,0,0,0,0,0.134,0.079,0.000,0,0,0,13332,13332,0,0
travel,62.655,1504.0,1191.997,1191.997,fly,0.820,ok,2601,0,0,192.00,293040128,426295296,114090264,95883264,18123768,2904,7449760,22132800,958,13332,13332,0,0,0,0,0,0,0,0,0.062,0.066,0.000,0,0,0,13332,13332,0,0
travel,62.699,1505.1,1192.738,1192.738,fly,0.962,ok,2601,0,0,192.00,293040128,426295296,114090264,95883264,18123768,2904,11174640,22132800,958,13433,13433,0,0,0,0,0,0,0,0,0.070,0.108,0.000,0,0,0,13433,13433,0,0
travel,62.731,1505.8,1193.285,1193.285,fly,1.098,ok,2601,0,0,192.00,293040128,426295296,114090264,95883264,18123768,2904,11174640,22132800,958,13433,13433,0,0,0,0,0,0,0,0,0.065,0.097,0.000,0,0,0,13433,13433,0,0
travel,62.763,1506.6,1193.823,1193.823,fly,0.822,ok,2601,0,0,192.00,293040128,426295296,114090264,95883264,18123768,2904,11174640,22132800,958,13433,13433,0,0,0,0,0,0,0,0,0.062,0.065,0.000,0,0,0,13433,13433,0,0
travel,62.796,1507.4,1194.378,1194.378,fly,0.989,ok,2601,0,0,192.00,293040128,426295296,114090264,95883264,18123768,2904,7449760,22132800,958,13433,13433,0,0,0,0,0,0,0,0,0.189,0.068,0.000,0,0,0,13433,13433,0,0
travel,62.828,1508.2,1194.934,1194.934,fly,0.811,ok,2601,0,0,192.00,293040128,426295296,114090264,95883264,18123768,2904,7449760,22132800,958,13433,13433,0,0,0,0,0,0,0,0,0.062,0.065,0.000,0,0,0,13433,13433,0,0
travel,62.861,1508.9,1195.484,1195.484,fly,0.820,ok,2601,0,0,192.00,293040128,426295296,114090264,95883264,18123768,2904,7449760,22132800,958,13433,13433,0,0,0,0,0,0,0,0,0.061,0.066,0.000,0,0,0,13433,13433,0,0
travel,62.894,1509.7,1196.054,1196.054,fly,1.148,ok,2601,0,0,192.00,293040128,426295296,114090264,95883264,18123768,2904,7449760,22132800,958,13433,13433,0,0,0,0,0,0,0,0,0.066,0.092,0.000,0,0,0,13433,13433,0,0
travel,62.927,1510.5,1196.611,1196.611,fly,0.883,ok,2601,0,0,192.00,293040128,426295296,114090264,95883264,18123768,2904,7449760,22132800,958,13433,13433,0,0,0,0,0,0,0,0,0.133,0.067,0.000,0,0,0,13433,13433,0,0
travel,62.958,1511.3,1197.134,1197.134,fly,1.625,ok,2601,0,0,192.00,293040128,426295296,114090264,95883264,18123768,2904,7449760,22132800,958,13433,13433,0,0,0,0,0,0,0,0,0.373,0.126,0.000,0,0,0,13433,13433,0,0
travel,62.991,1512.1,1197.696,1197.696,fly,0.815,ok,2601,0,0,192.00,293040128,426295296,114090264,95883264,18123768,2904,7449760,22132800,958,13433,13433,0,0,0,0,0,0,0,0,0.061,0.064,0.000,0,0,0,13433,13433,0,0
travel,63.024,1512.9,1198.255,1198.255,fly,0.807,ok,2601,0,0,192.00,293040128,426295296,114090264,95883264,18123768,2904,7449760,22132800,958,13433,13433,0,0,0,0,0,0,0,0,0.061,0.065,0.000,0,0,0,13433,13433,0,0
travel,63.056,1513.6,1198.809,1198.809,fly,1.201,ok,2601,0,0,192.00,293040128,426295296,114090264,95883264,18123768,2904,7449760,22132800,958,13433,13433,0,0,0,0,0,0,0,0,0.143,0.137,0.000,0,0,0,13433,13433,0,0
travel,63.089,1514.4,1199.365,1199.365,fly,0.899,ok,2601,0,0,192.00,293040128,426295296,114090264,95883264,18123768,2904,7449760,22132800,958,13433,13433,0,0,0,0,0,0,0,0,0.130,0.068,0.000,0,0,0,13433,13433,0,0
travel,63.121,1515.2,1199.907,1199.907,fly,0.818,ok,2601,0,0,192.00,293040128,426295296,114090264,95883264,18123768,2904,7449760,22132800,958,13433,13433,0,0,0,0,0,0,0,0,0.060,0.066,0.000,0,0,0,13433,13433,0,0
travel,63.167,1516.3,1200.692,1200.692,fly,0.841,ok,2601,0,0,192.00,293564416,426823680,114090264,95883264,18123768,2904,11174640,22132800,958,13534,13534,0,0,0,0,0,0,0,0,0.062,0.069,0.000,0,0,0,13534,13534,0,0
travel,63.200,1517.1,1201.251,1201.251,fly,1.336,ok,2601,0,0,192.00,293564416,426823680,114090264,95883264,18123768,2904,11174640,22132800,958,13534,13534,0,0,0,0,0,0,0,0,0.234,0.120,0.000,0,0,0,13534,13534,0,0
travel,63.233,1517.9,1201.815,1201.815,fly,0.943,ok,2601,0,0,192.00,293564416,426823680,114090264,95883264,18123768,2904,11174640,22132800,958,13534,13534,0,0,0,0,0,0,0,0,0.071,0.143,0.000,0,0,0,13534,13534,0,0
travel,63.267,1518.7,1202.382,1202.382,fly,0.848,ok,2601,0,0,192.00,293564416,426823680,114090264,95883264,18123768,2904,7449760,22132800,958,13534,13534,0,0,0,0,0,0,0,0,0.062,0.070,0.001,0,0,0,13534,13534,0,0
travel,63.298,1519.5,1202.917,1202.917,fly,0.826,ok,2601,0,0,192.00,293564416,426823680,114090264,95883264,18123768,2904,7449760,22132800,958,13534,13534,0,0,0,0,0,0,0,0,0.060,0.068,0.000,0,0,0,13534,13534,0,0
travel,63.331,1520.2,1203.471,1203.471,fly,0.827,ok,2601,0,0,192.00,293564416,426823680,114090264,95883264,18123768,2904,7449760,22132800,958,13534,13534,0,0,0,0,0,0,0,0,0.061,0.066,0.000,0,0,0,13534,13534,0,0
travel,63.363,1521.0,1204.012,1204.012,fly,1.461,ok,2601,0,0,192.00,293564416,426823680,114090264,95883264,18123768,2904,7449760,22132800,958,13534,13534,0,0,0,0,0,0,0,0,0.457,0.104,0.000,0,0,0,13534,13534,0,0
travel,63.395,1521.8,1204.567,1204.567,fly,1.098,ok,2601,0,0,192.00,293564416,426823680,114090264,95883264,18123768,2904,7449760,22132800,958,13534,13534,0,0,0,0,0,0,0,0,0.076,0.148,0.000,0,0,0,13534,13534,0,0
travel,63.428,1522.6,1205.130,1205.130,fly,0.932,ok,2601,0,0,192.00,293564416,426823680,114090264,95883264,18123768,2904,7449760,22132800,958,13534,13534,0,0,0,0,0,0,0,0,0.069,0.115,0.000,0,0,0,13534,13534,0,0
travel,63.461,1523.4,1205.677,1205.677,fly,0.824,ok,2601,0,0,192.00,293564416,426823680,114090264,95883264,18123768,2904,7449760,22132800,958,13534,13534,0,0,0,0,0,0,0,0,0.061,0.067,0.000,0,0,0,13534,13534,0,0
travel,63.494,1524.2,1206.246,1206.246,fly,0.831,ok,2601,0,0,192.00,293564416,426823680,114090264,95883264,18123768,2904,7449760,22132800,958,13534,13534,0,0,0,0,0,0,0,0,0.061,0.065,0.000,0,0,0,13534,13534,0,0
travel,63.529,1525.0,1206.833,1206.833,fly,0.937,ok,2601,0,0,192.00,293564416,426823680,114090264,95883264,18123768,2904,7449760,22132800,958,13534,13534,0,0,0,0,0,0,0,0,0.070,0.115,0.000,0,0,0,13534,13534,0,0
travel,63.561,1525.8,1207.387,1207.387,fly,1.117,ok,2601,0,0,192.00,293564416,426823680,114090264,95883264,18123768,2904,7449760,22132800,958,13534,13534,0,0,0,0,0,0,0,0,0.075,0.130,0.000,0,0,0,13534,13534,0,0
travel,63.595,1526.6,1207.956,1207.956,fly,1.165,ok,2601,0,0,192.00,293564416,426823680,114090264,95883264,18123768,2904,7449760,22132800,958,13534,13534,0,0,0,0,0,0,0,0,0.072,0.123,0.000,0,0,0,13534,13534,0,0
travel,63.641,1527.7,1208.737,1208.737,fly,0.836,ok,2601,0,0,192.00,294088704,427347968,114090264,95883264,18123768,2904,11174640,22132800,958,13635,13635,0,0,0,0,0,0,0,0,0.062,0.068,0.000,0,0,0,13635,13635,0,0
travel,63.675,1528.5,1209.312,1209.312,fly,0.827,ok,2601,0,0,192.00,294088704,427347968,114090264,95883264,18123768,2904,11174640,22132800,958,13635,13635,0,0,0,0,0,0,0,0,0.062,0.066,0.000,0,0,0,13635,13635,0,0
travel,63.706,1529.3,1209.850,1209.850,fly,0.826,ok,2601,0,0,192.00,294088704,427347968,114090264,95883264,18123768,2904,11174640,22132800,958,13635,13635,0,0,0,0,0,0,0,0,0.062,0.066,0.000,0,0,0,13635,13635,0,0
travel,63.740,1530.1,1210.418,1210.418,fly,0.841,ok,2601,0,0,192.00,294088704,427347968,114090264,95883264,18123768,2904,7449760,22132800,958,13635,13635,0,0,0,0,0,0,0,0,0.062,0.069,0.000,0,0,0,13635,13635,0,0
travel,63.773,1530.9,1210.981,1210.981,fly,1.254,ok,2601,0,0,192.00,294088704,427347968,114090264,95883264,18123768,2904,7449760,22132800,958,13635,13635,0,0,0,0,0,0,0,0,0.074,0.121,0.000,0,0,0,13635,13635,0,0
travel,63.804,1531.6,1211.517,1211.517,fly,0.902,ok,2601,0,0,192.00,294088704,427347968,114090264,95883264,18123768,2904,7449760,22132800,958,13635,13635,0,0,0,0,0,0,0,0,0.139,0.066,0.000,0,0,0,13635,13635,0,0
travel,63.837,1532.4,1212.073,1212.073,fly,1.173,ok,2601,0,0,192.00,294088704,427347968,114090264,95883264,18123768,2904,7449760,22132800,958,13635,13635,0,0,0,0,0,0,0,0,0.318,0.113,0.000,0,0,0,13635,13635,0,0
travel,63.871,1533.2,1212.648,1212.648,fly,0.871,ok,2601,0,0,192.00,294088704,427347968,114090264,95883264,18123768,2904,7449760,22132800,958,13635,13635,0,0,0,0,0,0,0,0,0.061,0.076,0.000,0,0,0,13635,13635,0,0
travel,63.904,1534.0,1213.214,1213.214,fly,1.135,ok,2601,0,0,192.00,294088704,427347968,114090264,95883264,18123768,2904,7449760,22132800,958,13635,13635,0,0,0,0,0,0,0,0,0.064,0.082,0.000,0,0,0,13635,13635,0,0
travel,63.937,1534.8,1213.767,1213.767,fly,0.820,ok,2601,0,0,192.00,294088704,427347968,114090264,95883264,18123768,2904,7449760,22132800,958,13635,13635,0,0,0,0,0,0,0,0,0.061,0.067,0.000,0,0,0,13635,13635,0,0
travel,63.970,1535.6,1214.336,1214.336,fly,1.153,ok,2601,0,0,192.00,294088704,427347968,114090264,95883264,18123768,2904,7449760,22132800,958,13635,13635,0,0,0,0,0,0,0,0,0.065,0.092,0.000,0,0,0,13635,13635,0,0
travel,64.003,1536.4,1214.888,1214.888,fly,0.973,ok,2601,0,0,192.00,294088704,427347968,114090264,95883264,18123768,2904,7449760,22132800,958,13635,13635,0,0,0,0,0,0,0,0,0.129,0.135,0.000,0,0,0,13635,13635,0,0
travel,64.036,1537.2,1215.448,1215.448,fly,0.995,ok,2601,0,0,192.00,294088704,427347968,114090264,95883264,18123768,2904,7449760,22132800,958,13635,13635,0,0,0,0,0,0,0,0,0.075,0.116,0.000,0,0,0,13635,13635,0,0
travel,64.069,1538.0,1216.011,1216.011,fly,4.989,ok,2534,67,79,192.00,295137280,428396544,111151376,93413376,17656912,2904,11174640,16288176,958,13669,13736,34,101,34,34,34,0,0,1048576,0.464,0.130,0.000,0,0,0,13669,13669,0,0
travel,64.113,1539.0,1216.754,1216.754,fly,1.425,ok,2601,0,0,192.00,295137280,428396544,114090264,95883264,18123768,2904,11174640,22132800,958,13736,13736,0,0,0,0,0,0,0,0,0.079,0.265,0.000,0,0,0,13736,13736,0,0
travel,64.146,1539.8,1217.317,1217.317,fly,0.861,ok,2601,0,0,192.00,295137280,428396544,114090264,95883264,18123768,2904,11174640,22132800,958,13736,13736,0,0,0,0,0,0,0,0,0.062,0.074,0.000,0,0,0,13736,13736,0,0
travel,64.178,1540.6,1217.864,1217.864,fly,0.942,ok,2601,0,0,192.00,295137280,428396544,114090264,95883264,18123768,2904,11174640,22132800,958,13736,13736,0,0,0,0,0,0,0,0,0.136,0.074,0.000,0,0,0,13736,13736,0,0
travel,64.209,1541.3,1218.388,1218.388,fly,0.817,ok,2601,0,0,192.00,295137280,428396544,114090264,95883264,18123768,2904,7449760,22132800,958,13736,13736,0,0,0,0,0,0,0,0,0.062,0.065,0.000,0,0,0,13736,13736,0,0
travel,64.242,1542.1,1218.950,1218.950,fly,0.809,ok,2601,0,0,192.00,295137280,428396544,114090264,95883264,18123768,2904,7449760,22132800,958,13736,13736,0,0,0,0,0,0,0,0,0.060,0.065,0.000,0,0,0,13736,13736,0,0
travel,64.275,1542.9,1219.504,1219.504,fly,1.179,ok,2601,0,0,192.00,295137280,428396544,114090264,95883264,18123768,2904,7449760,22132800,958,13736,13736,0,0,0,0,0,0,0,0,0.074,0.154,0.000,0,0,0,13736,13736,0,0
travel,64.307,1543.7,1220.047,1220.047,fly,0.828,ok,2601,0,0,192.00,295137280,428396544,114090264,95883264,18123768,2904,7449760,22132800,958,13736,13736,0,0,0,0,0,0,0,0,0.061,0.066,0.000,0,0,0,13736,13736,0,0
travel,64.340,1544.5,1220.608,1220.608,fly,0.930,ok,2601,0,0,192.00,295137280,428396544,114090264,95883264,18123768,2904,7449760,22132800,958,13736,13736,0,0,0,0,0,0,0,0,0.132,0.068,0.000,0,0,0,13736,13736,0,0
travel,64.372,1545.3,1221.167,1221.167,fly,0.821,ok,2601,0,0,192.00,295137280,428396544,114090264,95883264,18123768,2904,7449760,22132800,958,13736,13736,0,0,0,0,0,0,0,0,0.060,0.067,0.000,0,0,0,13736,13736,0,0
travel,64.404,1546.0,1221.708,1221.708,fly,1.796,ok,2601,0,0,192.00,295137280,428396544,114090264,95883264,18123768,2904,7449760,22132800,958,13736,13736,0,0,0,0,0,0,0,0,0.088,0.138,0.000,0,0,0,13736,13736,0,0
travel,64.440,1546.9,1222.322,1222.322,fly,1.040,ok,2601,0,0,192.00,295137280,428396544,114090264,95883264,18123768,2904,7449760,22132800,958,13736,13736,0,0,0,0,0,0,0,0,0.074,0.117,0.000,0,0,0,13736,13736,0,0
travel,64.474,1547.7,1222.897,1222.897,fly,1.143,ok,2601,0,0,192.00,295137280,428396544,114090264,95883264,18123768,2904,7449760,22132800,958,13736,13736,0,0,0,0,0,0,0,0,0.065,0.102,0.000,0,0,0,13736,13736,0,0
travel,64.508,1548.5,1223.472,1223.472,fly,0.945,ok,2601,0,0,192.00,295137280,428396544,114090264,95883264,18123768,2904,7449760,22132800,958,13736,13736,0,0,0,0,0,0,0,0,0.070,0.107,0.000,0,0,0,13736,13736,0,0
travel,64.540,1549.3,1224.007,1224.007,fly,5.155,ok,2537,64,81,192.00,295137280,428396544,111282968,93523968,17677816,2904,11174640,15975048,958,13773,13837,37,101,37,37,37,0,0,0,0.549,0.139,0.000,0,0,0,13773,13773,0,0
travel,64.586,1550.4,1224.796,1224.796,fly,0.830,ok,2601,0,0,192.00,295137280,428396544,114090264,95883264,18123768,2904,11174640,22132800,958,13837,13837,0,0,0,0,0,0,0,0,0.062,0.068,0.000,0,0,0,13837,13837,0,0
travel,64.619,1551.2,1225.355,1225.355,fly,0.816,ok,2601,0,0,192.00,295137280,428396544,114090264,95883264,18123768,2904,11174640,22132800,958,13837,13837,0,0,0,0,0,0,0,0,0.063,0.066,0.000,0,0,0,13837,13837,0,0
travel,64.650,1551.9,1225.881,1225.881,fly,1.655,ok,2601,0,0,192.00,295137280,428396544,114090264,95883264,18123768,2904,11174640,22132800,958,13837,13837,0,0,0,0,0,0,0,0,0.150,0.375,0.000,0,0,0,13837,13837,0,0
travel,64.683,1552.7,1226.439,1226.439,fly,0.813,ok,2601,0,0,192.00,295137280,428396544,114090264,95883264,18123768,2904,7449760,22132800,958,13837,13837,0,0,0,0,0,0,0,0,0.061,0.066,0.000,0,0,0,13837,13837,0,0
travel,64.716,1553.5,1227.010,1227.010,fly,0.972,ok,2601,0,0,192.00,295137280,428396544,114090264,95883264,18123768,2904,7449760,22132800,958,13837,13837,0,0,0,0,0,0,0,0,0.134,0.067,0.000,0,0,0,13837,13837,0,0
travel,64.750,1554.3,1227.581,1227.581,fly,0.873,ok,2601,0,0,192.00,295137280,428396544,114090264,95883264,18123768,2904,7449760,22132800,958,13837,13837,0,0,0,0,0,0,0,0,0.064,0.072,0.000,0,0,0,13837,13837,0,0
travel,64.782,1555.1,1228.125,1228.125,fly,0.826,ok,2601,0,0,192.00,295137280,428396544,114090264,95883264,18123768,2904,7449760,22132800,958,13837,13837,0,0,0,0,0,0,0,0,0.060,0.066,0.000,0,0,0,13837,13837,0,0
travel,64.815,1555.9,1228.687,1228.687,fly,0.814,ok,2601,0,0,192.00,295137280,428396544,114090264,95883264,18123768,2904,7449760,22132800,958,13837,13837,0,0,0,0,0,0,0,0,0.061,0.064,0.000,0,0,0,13837,13837,0,0
travel,64.849,1556.7,1229.259,1229.259,fly,1.171,ok,2601,0,0,192.00,295137280,428396544,114090264,95883264,18123768,2904,7449760,22132800,958,13837,13837,0,0,0,0,0,0,0,0,0.130,0.089,0.000,0,0,0,13837,13837,0,0
travel,64.881,1557.5,1229.800,1229.800,fly,0.823,ok,2601,0,0,192.00,295137280,428396544,114090264,95883264,18123768,2904,7449760,22132800,958,13837,13837,0,0,0,0,0,0,0,0,0.060,0.065,0.000,0,0,0,13837,13837,0,0
travel,64.914,1558.3,1230.370,1230.370,fly,0.886,ok,2601,0,0,192.00,295137280,428396544,114090264,95883264,18123768,2904,7449760,22132800,958,13837,13837,0,0,0,0,0,0,0,0,0.104,0.070,0.000,0,0,0,13837,13837,0,0
travel,64.947,1559.1,1230.927,1230.927,fly,0.833,ok,2601,0,0,192.00,295137280,428396544,114090264,95883264,18123768,2904,7449760,22132800,958,13837,13837,0,0,0,0,0,0,0,0,0.060,0.068,0.000,0,0,0,13837,13837,0,0
travel,64.978,1559.8,1231.461,1231.461,fly,0.835,ok,2601,0,0,192.00,295137280,428396544,114090264,95883264,18123768,2904,7449760,22132800,958,13837,13837,0,0,0,0,0,0,0,0,0.060,0.067,0.000,0,0,0,13837,13837,0,0
travel,65.011,1560.6,1232.010,1232.010,fly,5.020,ok,2527,74,81,192.00,295137280,428396544,110844328,93155328,17608136,2904,11174640,16549224,958,13864,13938,27,101,27,27,27,0,0,0,0.437,0.133,0.000,0,0,0,13864,13864,0,0
travel,65.057,1561.7,1232.802,1232.802,fly,0.933,ok,2601,0,0,192.00,295137280,428396544,114090264,95883264,18123768,2904,11174640,22132800,958,13938,13938,0,0,0,0,0,0,0,0,0.157,0.067,0.000,0,0,0,13938,13938,0,0
travel,65.090,1562.5,1233.359,1233.359,fly,0.819,ok,2601,0,0,192.00,295137280,428396544,114090264,95883264,18123768,2904,11174640,22132800,958,13938,13938,0,0,0,0,0,0,0,0,0.061,0.066,0.000,0,0,0,13938,13938,0,0
travel,65.121,1563.2,1233.884,1233.884,fly,0.964,ok,2601,0,0,192.00,295137280,428396544,114090264,95883264,18123768,2904,11174640,22132800,958,13938,13938,0,0,0,0,0,0,0,0,0.067,0.098,0.000,0,0,0,13938,13938,0,0
travel,65.154,1564.0,1234.449,1234.449,fly,0.893,ok,2601,0,0,192.00,295137280,428396544,114090264,95883264,18123768,2904,7449760,22132800,958,13938,13938,0,0,0,0,0,0,0,0,0.062,0.079,0.000,0,0,0,13938,13938,0,0
travel,65.188,1564.8,1235.014,1235.014,fly,1.335,ok,2601,0,0,192.00,295137280,428396544,114090264,95883264,18123768,2904,7449760,22132800,958,13938,13938,0,0,0,0,0,0,0,0,0.089,0.143,0.000,0,0,0,13938,13938,0,0
travel,65.220,1565.6,1235.571,1235.571,fly,1.399,ok,2601,0,0,192.00,295137280,428396544,114090264,95883264,18123768,2904,7449760,22132800,958,13938,13938,0,0,0,0,0,0,0,0,0.317,0.247,0.000,0,0,0,13938,13938,0,0
travel,65.254,1566.5,1236.151,1236.151,fly,0.948,ok,2601,0,0,192.00,295137280,428396544,114090264,95883264,18123768,2904,7449760,22132800,958,13938,13938,0,0,0,0,0,0,0,0,0.132,0.075,0.000,0,0,0,13938,13938,0,0
travel,65.289,1567.3,1236.735,1236.735,fly,0.894,ok,2601,0,0,192.00,295137280,428396544,114090264,95883264,18123768,2904,7449760,22132800,958,13938,13938,0,0,0,0,0,0,0,0,0.130,0.062,0.000,0,0,0,13938,13938,0,0
travel,65.321,1568.1,1237.279,1237.279,fly,1.319,ok,2601,0,0,192.00,295137280,428396544,114090264,95883264,18123768,2904,7449760,22132800,958,13938,13938,0,0,0,0,0,0,0,0,0.371,0.127,0.000,0,0,0,13938,13938,0,0
travel,65.359,1569.0,1237.934,1237.934,fly,1.195,ok,2601,0,0,192.00,295137280,428396544,114090264,95883264,18123768,2904,7449760,22132800,958,13938,13938,0,0,0,0,0,0,0,0,0.066,0.113,0.000,0,0,0,13938,13938,0,0
travel,65.394,1569.8,1238.523,1238.523,fly,0.878,ok,2601,0,0,192.00,295137280,428396544,114090264,95883264,18123768,2904,7449760,22132800,958,13938,13938,0,0,0,0,0,0,0,0,0.130,0.060,0.000,0,0,0,13938,13938,0,0
travel,65.427,1570.6,1239.079,1239.079,fly,0.982,ok,2601,0,0,192.00,295137280,428396544,114090264,95883264,18123768,2904,7449760,22132800,958,13938,13938,0,0,0,0,0,0,0,0,0.210,0.069,0.000,0,0,0,13938,13938,0,0
travel,65.460,1571.4,1239.642,1239.642,fly,0.894,ok,2601,0,0,192.00,295137280,428396544,114090264,95883264,18123768,2904,7449760,22132800,958,13938,13938,0,0,0,0,0,0,0,0,0.071,0.108,0.000,0,0,0,13938,13938,0,0
travel,65.506,1572.5,1240.417,1240.417,fly,1.359,ok,2601,0,0,192.00,295137280,428396544,114090264,95883264,18123768,2904,11174640,22132800,958,14039,14039,0,0,0,0,0,0,0,0,0.073,0.284,0.000,0,0,0,14039,14039,0,0
travel,65.541,1573.3,1241.017,1241.017,fly,1.197,ok,2601,0,0,192.00,295137280,428396544,114090264,95883264,18123768,2904,11174640,22132800,958,14039,14039,0,0,0,0,0,0,0,0,0.065,0.078,0.000,0,0,0,14039,14039,0,0
travel,65.574,1574.1,1241.583,1241.583,fly,0.873,ok,2601,0,0,192.00,295137280,428396544,114090264,95883264,18123768,2904,11174640,22132800,958,14039,14039,0,0,0,0,0,0,0,0,0.063,0.073,0.000,0,0,0,14039,14039,0,0
travel,65.607,1574.9,1242.145,1242.145,fly,1.325,ok,2601,0,0,192.00,295137280,428396544,114090264,95883264,18123768,2904,7449760,22132800,958,14039,14039,0,0,0,0,0,0,0,0,0.209,0.131,0.000,0,0,0,14039,14039,0,0
travel,65.641,1575.7,1242.715,1242.715,fly,0.823,ok,2601,0,0,192.00,295137280,428396544,114090264,95883264,18123768,2904,7449760,22132800,958,14039,14039,0,0,0,0,0,0,0,0,0.061,0.064,0.000,0,0,0,14039,14039,0,0
travel,65.674,1576.5,1243.269,1243.269,fly,1.089,ok,2601,0,0,192.00,295137280,428396544,114090264,95883264,18123768,2904,7449760,22132800,958,14039,14039,0,0,0,0,0,0,0,0,0.300,0.071,0.000,0,0,0,14039,14039,0,0
travel,65.707,1577.3,1243.845,1243.845,fly,0.816,ok,2601,0,0,192.00,295137280,428396544,114090264,95883264,18123768,2904,7449760,22132800,958,14039,14039,0,0,0,0,0,0,0,0,0.061,0.066,0.000,0,0,0,14039,14039,0,0
travel,65.741,1578.1,1244.406,1244.406,fly,1.147,ok,2601,0,0,192.00,295137280,428396544,114090264,95883264,18123768,2904,7449760,22132800,958,14039,14039,0,0,0,0,0,0,0,0,0.064,0.083,0.000,0,0,0,14039,14039,0,0
travel,65.772,1578.9,1244.942,1244.942,fly,1.188,ok,2601,0,0,192.00,295137280,428396544,114090264,95883264,18123768,2904,7449760,22132800,958,14039,14039,0,0,0,0,0,0,0,0,0.065,0.095,0.000,0,0,0,14039,14039,0,0
travel,65.805,1579.7,1245.508,1245.508,fly,1.226,ok,2601,0,0,192.00,295137280,428396544,114090264,95883264,18123768,2904,7449760,22132800,958,14039,14039,0,0,0,0,0,0,0,0,0.183,0.130,0.000,0,0,0,14039,14039,0,0
travel,65.838,1580.5,1246.063,1246.063,fly,0.864,ok,2601,0,0,192.00,295137280,428396544,114090264,95883264,18123768,2904,7449760,22132800,958,14039,14039,0,0,0,0,0,0,0,0,0.103,0.067,0.000,0,0,0,14039,14039,0,0
travel,65.869,1581.2,1246.597,1246.597,fly,1.381,ok,2601,0,0,192.00,295137280,428396544,114090264,95883264,18123768,2904,7449760,22132800,958,14039,14039,0,0,0,0,0,0,0,0,0.491,0.091,0.000,0,0,0,14039,14039,0,0
travel,65.903,1582.0,1247.171,1247.171,fly,1.457,ok,2601,0,0,192.00,295137280,428396544,114090264,95883264,18123768,2904,7449760,22132800,958,14039,14039,0,0,0,0,0,0,0,0,0.486,0.127,0.000,0,0,0,14039,14039,0,0
travel,65.936,1582.8,1247.731,1247.731,fly,0.878,ok,2601,0,0,192.00,295137280,428396544,114090264,95883264,18123768,2904,7449760,22132800,958,14039,14039,0,0,0,0,0,0,0,0,0.062,0.072,0.000,0,0,0,14039,14039,0,0
travel,65.979,1583.9,1248.456,1248.456,fly,0.831,ok,2601,0,0,192.00,295137280,428396544,114090264,95883264,18123768,2904,11174640,22132800,958,14140,14140,0,0,0,0,0,0,0,0,0.062,0.065,0.000,0,0,0,14140,14140,0,0
travel,66.013,1584.7,1249.033,1249.033,fly,0.821,ok,2601,0,0,192.00,295116800,428363776,114090264,95883264,18123768,2904,11174640,22132800,958,14140,14140,0,0,0,0,0,0,0,0,0.061,0.067,0.000,0,0,0,14140,14140,0,0
travel,66.045,1585.5,1249.585,1249.585,fly,0.843,ok,2601,0,0,192.00,295116800,428363776,114090264,95883264,18123768,2904,11174640,22132800,958,14140,14140,0,0,0,0,0,0,0,0,0.062,0.066,0.000,0,0,0,14140,14140,0,0
travel,66.078,1586.2,1250.145,1250.145,fly,1.172,ok,2601,0,0,192.00,295116800,428363776,114090264,95883264,18123768,2904,7449760,22132800,958,14140,14140,0,0,0,0,0,0,0,0,0.065,0.102,0.000,0,0,0,14140,14140,0,0
travel,66.111,1587.0,1250.694,1250.694,fly,1.278,ok,2601,0,0,192.00,295116800,428363776,114090264,95883264,18123768,2904,7449760,22132800,958,14140,14140,0,0,0,0,0,0,0,0,0.141,0.118,0.000,0,0,0,14140,14140,0,0
travel,66.143,1587.8,1251.244,1251.244,fly,0.897,ok,2601,0,0,192.00,295116800,428363776,114090264,95883264,18123768,2904,7449760,22132800,958,14140,14140,0,0,0,0,0,0,0,0,0.061,0.076,0.000,0,0,0,14140,14140,0,0
travel,66.177,1588.6,1251.818,1251.818,fly,0.828,ok,2601,0,0,192.00,295116800,428363776,114090264,95883264,18123768,2904,7449760,22132800,958,14140,14140,0,0,0,0,0,0,0,0,0.061,0.066,0.000,0,0,0,14140,14140,0,0
travel,66.209,1589.4,1252.358,1252.358,fly,0.828,ok,2601,0,0,192.00,295116800,428363776,114090264,95883264,18123768,2904,7449760,22132800,958,14140,14140,0,0,0,0,0,0,0,0,0.062,0.064,0.000,0,0,0,14140,14140,0,0
travel,66.242,1590.2,1252.920,1252.920,fly,1.191,ok,2601,0,0,192.00,295116800,428363776,114090264,95883264,18123768,2904,7449760,22132800,958,14140,14140,0,0,0,0,0,0,0,0,0.067,0.097,0.000,0,0,0,14140,14140,0,0
travel,66.276,1591.0,1253.511,1253.511,fly,1.109,ok,2601,0,0,192.00,295116800,428363776,114090264,95883264,18123768,2904,7449760,22132800,958,14140,14140,0,0,0,0,0,0,0,0,0.064,0.087,0.000,0,0,0,14140,14140,0,0
travel,66.308,1591.8,1254.039,1254.039,fly,0.973,ok,2601,0,0,192.00,295116800,428363776,114090264,95883264,18123768,2904,7449760,22132800,958,14140,14140,0,0,0,0,0,0,0,0,0.071,0.157,0.000,0,0,0,14140,14140,0,0
travel,66.341,1592.5,1254.601,1254.601,fly,0.899,ok,2601,0,0,192.00,295116800,428363776,114090264,95883264,18123768,2904,7449760,22132800,958,14140,14140,0,0,0,0,0,0,0,0,0.137,0.065,0.000,0,0,0,14140,14140,0,0
travel,66.373,1593.3,1255.146,1255.146,fly,0.875,ok,2601,0,0,192.00,295116800,428363776,114090264,95883264,18123768,2904,7449760,22132800,958,14140,14140,0,0,0,0,0,0,0,0,0.063,0.077,0.000,0,0,0,14140,14140,0,0
travel,66.404,1594.1,1255.672,1255.672,fly,1.354,ok,2601,0,0,192.00,295116800,428363776,114090264,95883264,18123768,2904,7449760,22132800,958,14140,14140,0,0,0,0,0,0,0,0,0.150,0.099,0.000,0,0,0,14140,14140,0,0
travel,66.449,1595.2,1256.445,1256.445,fly,0.903,ok,2601,0,0,192.00,295116800,428363776,114090264,95883264,18123768,2904,11174640,22132800,958,14241,14241,0,0,0,0,0,0,0,0,0.138,0.065,0.000,0,0,0,14241,14241,0,0
travel,66.483,1596.0,1257.020,1257.020,fly,1.147,ok,2601,0,0,192.00,295116800,428363776,114090264,95883264,18123768,2904,11174640,22132800,958,14241,14241,0,0,0,0,0,0,0,0,0.141,0.125,0.000,0,0,0,14241,14241,0,0
travel,66.517,1596.8,1257.599,1257.599,fly,0.897,ok,2601,0,0,192.00,295116800,428363776,114090264,95883264,18123768,2904,11174640,22132800,958,14241,14241,0,0,0,0,0,0,0,0,0.064,0.077,0.000,0,0,0,14241,14241,0,0
travel,66.551,1597.6,1258.179,1258.179,fly,0.835,ok,2601,0,0,192.00,295116800,428363776,114090264,95883264,18123768,2904,7449760,22132800,958,14241,14241,0,0,0,0,0,0,0,0,0.062,0.068,0.001,0,0,0,14241,14241,0,0
travel,66.584,1598.4,1258.738,1258.738,fly,0.875,ok,2601,0,0,192.00,295116800,428363776,114090264,95883264,18123768,2904,7449760,22132800,958,14241,14241,0,0,0,0,0,0,0,0,0.063,0.077,0.000,0,0,0,14241,14241,0,0
travel,66.616,1599.2,1259.273,1259.273,fly,1.765,ok,2601,0,0,192.00,295116800,428363776,114090264,95883264,18123768,2904,7449760,22132800,958,14241,14241,0,0,0,0,0,0,0,0,0.792,0.116,0.000,0,0,0,14241,14241,0,0
travel,66.649,1600.0,1259.844,1259.844,fly,1.257,ok,2601,0,0,192.00,295116800,428363776,114090264,95883264,18123768,2904,7449760,22132800,958,14241,14241,0,0,0,0,0,0,0,0,0.143,0.109,0.000,0,0,0,14241,14241,0,0
travel,66.682,1600.7,1260.396,1260.396,fly,0.976,ok,2601,0,0,192.00,295116800,428363776,114090264,95883264,18123768,2904,7449760,22132800,958,14241,14241,0,0,0,0,0,0,0,0,0.137,0.133,0.000,0,0,0,14241,14241,0,0
travel,66.714,1601.5,1260.944,1260.944,fly,0.859,ok,2601,0,0,192.00,295116800,428363776,114090264,95883264,18123768,2904,7449760,22132800,958,14241,14241,0,0,0,0,0,0,0,0,0.061,0.072,0.000,0,0,0,14241,14241,0,0
travel,66.746,1602.3,1261.495,1261.495,fly,0.818,ok,2601,0,0,192.00,295116800,428363776,114090264,95883264,18123768,2904,7449760,22132800,958,14241,14241,0,0,0,0,0,0,0,0,0.060,0.066,0.000,0,0,0,14241,14241,0,0
travel,66.779,1603.1,1262.051,1262.051,fly,0.821,ok,2601,0,0,192.00,295116800,428363776,114090264,95883264,18123768,2904,7449760,22132800,958,14241,14241,0,0,0,0,0,0,0,0,0.061,0.065,0.000,0,0,0,14241,14241,0,0
travel,66.812,1603.9,1262.606,1262.606,fly,0.863,ok,2601,0,0,192.00,295116800,428363776,114090264,95883264,18123768,2904,7449760,22132800,958,14241,14241,0,0,0,0,0,0,0,0,0.062,0.078,0.000,0,0,0,14241,14241,0,0
travel,66.844,1604.6,1263.149,1263.149,fly,1.013,ok,2601,0,0,192.00,295116800,428363776,114090264,95883264,18123768,2904,7449760,22132800,958,14241,14241,0,0,0,0,0,0,0,0,0.180,0.074,0.000,0,0,0,14241,14241,0,0
travel,66.878,1605.5,1263.731,1263.731,fly,0.947,ok,2601,0,0,192.00,295116800,428363776,114090264,95883264,18123768,2904,7449760,22132800,958,14241,14241,0,0,0,0,0,0,0,0,0.160,0.071,0.000,0,0,0,14241,14241,0,0
travel,66.923,1606.5,1264.486,1264.486,fly,1.144,ok,2601,0,0,192.00,295116800,428363776,114090264,95883264,18123768,2904,11174640,22132800,958,14342,14342,0,0,0,0,0,0,0,0,0.065,0.090,0.000,0,0,0,14342,14342,0,0
travel,66.955,1607.3,1265.034,1265.034,fly,1.331,ok,2601,0,0,192.00,295116800,428363776,114090264,95883264,18123768,2904,11174640,22132800,958,14342,14342,0,0,0,0,0,0,0,0,0.077,0.205,0.000,0,0,0,14342,14342,0,0
travel,66.988,1608.1,1265.602,1265.602,fly,0.962,ok,2601,0,0,192.00,295116800,428363776,114090264,95883264,18123768,2904,11174640,22132800,958,14342,14342,0,0,0,0,0,0,0,0,0.071,0.109,0.000,0,0,0,14342,14342,0,0
travel,67.022,1608.9,1266.170,1266.170,fly,1.128,ok,2601,0,0,192.00,295116800,428363776,114090264,95883264,18123768,2904,7449760,22132800,958,14342,14342,0,0,0,0,0,0,0,0,0.144,0.139,0.000,0,0,0,14342,14342,0,0
travel,67.054,1609.7,1266.725,1266.725,fly,0.985,ok,2601,0,0,192.00,295116800,428363776,114090264,95883264,18123768,2904,7449760,22132800,958,14342,14342,0,0,0,0,0,0,0,0,0.135,0.071,0.000,0,0,0,14342,14342,0,0
travel,67.087,1610.5,1267.276,1267.276,fly,0.894,ok,2601,0,0,192.00,295116800,428363776,114090264,95883264,18123768,2904,7449760,22132800,958,14342,14342,0,0,0,0,0,0,0,0,0.066,0.076,0.000,0,0,0,14342,14342,0,0
travel,67.119,1611.3,1267.832,1267.832,fly,0.881,ok,2601,0,0,192.00,295116800,428363776,114090264,95883264,18123768,2904,7449760,22132800,958,14342,14342,0,0,0,0,0,0,0,0,0.065,0.076,0.000,0,0,0,14342,14342,0,0
travel,67.150,1612.0,1268.350,1268.350,fly,1.176,ok,2601,0,0,192.00,295116800,428363776,114090264,95883264,18123768,2904,7449760,22132800,958,14342,14342,0,0,0,0,0,0,0,0,0.115,0.142,0.000,0,0,0,14342,14342,0,0
travel,67.182,1612.8,1268.896,1268.896,fly,0.829,ok,2601,0,0,192.00,295116800,428363776,114090264,95883264,18123768,2904,7449760,22132800,958,14342,14342,0,0,0,0,0,0,0,0,0.062,0.066,0.000,0,0,0,14342,14342,0,0
travel,67.214,1613.5,1269.433,1269.433,fly,0.858,ok,2601,0,0,192.00,295116800,428363776,114090264,95883264,18123768,2904,7449760,22132800,958,14342,14342,0,0,0,0,0,0,0,0,0.062,0.070,0.000,0,0,0,14342,14342,0,0
travel,67.247,1614.3,1269.999,1269.999,fly,1.148,ok,2601,0,0,192.00,295116800,428363776,114090264,95883264,18123768,2904,7449760,22132800,958,14342,14342,0,0,0,0,0,0,0,0,0.070,0.082,0.000,0,0,0,14342,14342,0,0
travel,67.279,1615.1,1270.535,1270.535,fly,1.425,ok,2601,0,0,192.00,295116800,428363776,114090264,95883264,18123768,2904,7449760,22132800,958,14342,14342,0,0,0,0,0,0,0,0,0.083,0.167,0.000,0,0,0,14342,14342,0,0
travel,67.311,1615.9,1271.087,1271.087,fly,0.818,ok,2601,0,0,192.00,295116800,428363776,114090264,95883264,18123768,2904,7449760,22132800,958,14342,14342,0,0,0,0,0,0,0,0,0.061,0.065,0.000,0,0,0,14342,14342,0,0
travel,67.345,1616.7,1271.662,1271.662,fly,0.904,ok,2601,0,0,192.00,295116800,428363776,114090264,95883264,18123768,2904,7449760,22132800,958,14342,14342,0,0,0,0,0,0,0,0,0.132,0.067,0.000,0,0,0,14342,14342,0,0
travel,67.390,1617.8,1272.429,1272.429,fly,1.147,ok,2601,0,0,192.00,295116800,428363776,114090264,95883264,18123768,2904,11174640,22132800,958,14443,14443,0,0,0,0,0,0,0,0,0.066,0.079,0.000,0,0,0,14443,14443,0,0
travel,67.422,1618.5,1272.974,1272.974,fly,1.340,ok,2601,0,0,192.00,295116800,428363776,114090264,95883264,18123768,2904,11174640,22132800,958,14443,14443,0,0,0,0,0,0,0,0,0.474,0.083,0.000,0,0,0,14443,14443,0,0
travel,67.455,1619.3,1273.534,1273.534,fly,1.248,ok,2601,0,0,192.00,295116800,428363776,114090264,95883264,18123768,2904,11174640,22132800,958,14443,14443,0,0,0,0,0,0,0,0,0.115,0.164,0.000,0,0,0,14443,14443,0,0
travel,67.489,1620.1,1274.113,1274.113,fly,1.069,ok,2601,0,0,192.00,295116800,428363776,114090264,95883264,18123768,2904,11174640,22132800,958,14443,14443,0,0,0,0,0,0,0,0,0.216,0.145,0.000,0,0,0,14443,14443,0,0
travel,67.520,1620.9,1274.644,1274.644,fly,0.840,ok,2601,0,0,192.00,295116800,428363776,114090264,95883264,18123768,2904,7449760,22132800,958,14443,14443,0,0,0,0,0,0,0,0,0.062,0.068,0.000,0,0,0,14443,14443,0,0
travel,67.554,1621.7,1275.219,1275.219,fly,0.815,ok,2601,0,0,192.00,295116800,428363776,114090264,95883264,18123768,2904,7449760,22132800,958,14443,14443,0,0,0,0,0,0,0,0,0.061,0.067,0.000,0,0,0,14443,14443,0,0
travel,67.586,1622.5,1275.764,1275.764,fly,0.810,ok,2601,0,0,192.00,295116800,428363776,114090264,95883264,18123768,2904,7449760,22132800,958,14443,14443,0,0,0,0,0,0,0,0,0.060,0.064,0.000,0,0,0,14443,14443,0,0
travel,67.619,1623.3,1276.314,1276.314,fly,1.192,ok,2601,0,0,192.00,295116800,428363776,114090264,95883264,18123768,2904,7449760,22132800,958,14443,14443,0,0,0,0,0,0,0,0,0.072,0.119,0.000,0,0,0,14443,14443,0,0
travel,67.651,1624.0,1276.865,1276.865,fly,0.825,ok,2601,0,0,192.00,295116800,428363776,114090264,95883264,18123768,2904,7449760,22132800,958,14443,14443,0,0,0,0,0,0,0,0,0.060,0.064,0.000,0,0,0,14443,14443,0,0
travel,67.684,1624.8,1277.421,1277.421,fly,1.040,ok,2601,0,0,192.00,295116800,428363776,114090264,95883264,18123768,2904,7449760,22132800,958,14443,14443,0,0,0,0,0,0,0,0,0.228,0.075,0.000,0,0,0,14443,14443,0,0
travel,67.717,1625.6,1277.989,1277.989,fly,0.875,ok,2601,0,0,192.00,295116800,428363776,114090264,95883264,18123768,2904,7449760,22132800,958,14443,14443,0,0,0,0,0,0,0,0,0.062,0.071,0.000,0,0,0,14443,14443,0,0
travel,67.750,1626.4,1278.536,1278.536,fly,0.823,ok,2601,0,0,192.00,295116800,428363776,114090264,95883264,18123768,2904,7449760,22132800,958,14443,14443,0,0,0,0,0,0,0,0,0.061,0.068,0.000,0,0,0,14443,14443,0,0
travel,67.783,1627.2,1279.102,1279.102,fly,0.828,ok,2601,0,0,192.00,295116800,428363776,114090264,95883264,18123768,2904,7449760,22132800,958,14443,14443,0,0,0,0,0,0,0,0,0.061,0.069,0.000,0,0,0,14443,14443,0,0
travel,67.815,1628.0,1279.644,1279.644,fly,1.579,ok,2601,0,0,192.00,295116800,428363776,114090264,95883264,18123768,2904,7449760,22132800,958,14443,14443,0,0,0,0,0,0,0,0,0.132,0.230,0.000,0,0,0,14443,14443,0,0
travel,67.858,1629.0,1280.386,1280.386,fly,0.839,ok,2601,0,0,192.00,295116800,428363776,114090264,95883264,18123768,2904,11174640,22132800,958,14544,14544,0,0,0,0,0,0,0,0,0.062,0.067,0.000,0,0,0,14544,14544,0,0
travel,67.892,1629.8,1280.956,1280.956,fly,0.825,ok,2601,0,0,192.00,295116800,428363776,114090264,95883264,18123768,2904,11174640,22132800,958,14544,14544,0,0,0,0,0,0,0,0,0.061,0.065,0.000,0,0,0,14544,14544,0,0
travel,67.925,1630.6,1281.510,1281.510,fly,1.206,ok,2601,0,0,192.00,295116800,428363776,114090264,95883264,18123768,2904,11174640,22132800,958,14544,14544,0,0,0,0,0,0,0,0,0.074,0.126,0.000,0,0,0,14544,14544,0,0
travel,67.958,1631.4,1282.086,1282.086,fly,1.200,ok,2601,0,0,192.00,295116800,428363776,114090264,95883264,18123768,2904,11174640,22132800,958,14544,14544,0,0,0,0,0,0,0,0,0.239,0.112,0.000,0,0,0,14544,14544,0,0
travel,67.992,1632.2,1282.654,1282.654,fly,0.914,ok,2601,0,0,192.00,295116800,428363776,114090264,95883264,18123768,2904,7449760,22132800,958,14544,14544,0,0,0,0,0,0,0,0,0.140,0.070,0.000,0,0,0,14544,14544,0,0
travel,68.023,1633.0,1283.190,1283.190,fly,0.826,ok,2601,0,0,192.00,295116800,428363776,114090264,95883264,18123768,2904,7449760,22132800,958,14544,14544,0,0,0,0,0,0,0,0,0.062,0.067,0.000,0,0,0,14544,14544,0,0
travel,68.056,1633.8,1283.744,1283.744,fly,0.811,ok,2601,0,0,192.00,295116800,428363776,114090264,95883264,18123768,2904,7449760,22132800,958,14544,14544,0,0,0,0,0,0,0,0,0.061,0.064,0.000,0,0,0,14544,14544,0,0
travel,68.089,1634.6,1284.306,1284.306,fly,1.003,ok,2601,0,0,192.00,295116800,428363776,114090264,95883264,18123768,2904,7449760,22132800,958,14544,14544,0,0,0,0,0,0,0,0,0.064,0.081,0.000,0,0,0,14544,14544,0,0
travel,68.122,1635.3,1284.865,1284.865,fly,1.255,ok,2601,0,0,192.00,295116800,428363776,114090264,95883264,18123768,2904,7449760,22132800,958,14544,14544,0,0,0,0,0,0,0,0,0.143,0.125,0.000,0,0,0,14544,14544,0,0
travel,68.154,1636.1,1285.409,1285.409,fly,0.830,ok,2601,0,0,192.00,295116800,428363776,114090264,95883264,18123768,2904,7449760,22132800,958,14544,14544,0,0,0,0,0,0,0,0,0.062,0.064,0.000,0,0,0,14544,14544,0,0
travel,68.188,1636.9,1285.980,1285.980,fly,0.898,ok,2601,0,0,192.00,295116800,428363776,114090264,95883264,18123768,2904,7449760,22132800,958,14544,14544,0,0,0,0,0,0,0,0,0.131,0.066,0.000,0,0,0,14544,14544,0,0
travel,68.222,1637.7,1286.555,1286.555,fly,0.833,ok,2601,0,0,192.00,295116800,428363776,114090264,95883264,18123768,2904,7449760,22132800,958,14544,14544,0,0,0,0,0,0,0,0,0.061,0.068,0.000,0,0,0,14544,14544,0,0
travel,68.254,1638.5,1287.099,1287.099,fly,0.828,ok,2601,0,0,192.00,295116800,428363776,114090264,95883264,18123768,2904,7449760,22132800,958,14544,14544,0,0,0,0,0,0,0,0,0.061,0.067,0.000,0,0,0,14544,14544,0,0
travel,68.288,1639.3,1287.678,1287.678,fly,0.890,ok,2601,0,0,192.00,295116800,428363776,114090264,95883264,18123768,2904,7449760,22132800,958,14544,14544,0,0,0,0,0,0,0,0,0.062,0.075,0.000,0,0,0,14544,14544,0,0
travel,68.331,1640.4,1288.409,1288.409,fly,1.007,ok,2601,0,0,192.00,295116800,428363776,114090264,95883264,18123768,2904,11174640,22132800,958,14645,14645,0,0,0,0,0,0,0,0,0.239,0.069,0.000,0,0,0,14645,14645,0,0
travel,68.363,1641.1,1288.951,1288.951,fly,1.226,ok,2601,0,0,192.00,295116800,428363776,114090264,95883264,18123768,2904,11174640,22132800,958,14645,14645,0,0,0,0,0,0,0,0,0.253,0.126,0.000,0,0,0,14645,14645,0,0
travel,68.396,1641.9,1289.517,1289.517,fly,0.854,ok,2601,0,0,192.00,295116800,428363776,114090264,95883264,18123768,2904,11174640,22132800,958,14645,14645,0,0,0,0,0,0,0,0,0.062,0.070,0.000,0,0,0,14645,14645,0,0
travel,68.430,1642.7,1290.091,1290.091,fly,0.823,ok,2601,0,0,192.00,295116800,428363776,114090264,95883264,18123768,2904,11174640,22132800,958,14645,14645,0,0,0,0,0,0,0,0,0.061,0.064,0.000,0,0,0,14645,14645,0,0
travel,68.461,1643.5,1290.616,1290.616,fly,1.346,ok,2601,0,0,192.00,295116800,428363776,114090264,95883264,18123768,2904,7449760,22132800,958,14645,14645,0,0,0,0,0,0,0,0,0.148,0.116,0.000,0,0,0,14645,14645,0,0
travel,68.495,1644.3,1291.206,1291.206,fly,1.192,ok,2601,0,0,192.00,295116800,428363776,114090264,95883264,18123768,2904,7449760,22132800,958,14645,14645,0,0,0,0,0,0,0,0,0.065,0.098,0.000,0,0,0,14645,14645,0,0
travel,68.529,1645.1,1291.779,1291.779,fly,1.133,ok,2601,0,0,192.00,295116800,428363776,114090264,95883264,18123768,2904,7449760,22132800,958,14645,14645,0,0,0,0,0,0,0,0,0.187,0.131,0.000,0,0,0,14645,14645,0,0
travel,68.562,1645.9,1292.333,1292.333,fly,1.391,ok,2601,0,0,192.00,295116800,428363776,114090264,95883264,18123768,2904,7449760,22132800,958,14645,14645,0,0,0,0,0,0,0,0,0.147,0.115,0.000,0,0,0,14645,14645,0,0
travel,68.595,1646.7,1292.892,1292.892,fly,0.813,ok,2601,0,0,192.00,295116800,428363776,114090264,95883264,18123768,2904,7449760,22132800,958,14645,14645,0,0,0,0,0,0,0,0,0.061,0.066,0.000,0,0,0,14645,14645,0,0
travel,68.626,1647.5,1293.431,1293.431,fly,0.820,ok,2601,0,0,192.00,295116800,428363776,114090264,95883264,18123768,2904,7449760,22132800,958,14645,14645,0,0,0,0,0,0,0,0,0.061,0.067,0.000,0,0,0,14645,14645,0,0
travel,68.657,1648.2,1293.947,1293.947,fly,0.835,ok,2601,0,0,192.00,295116800,428363776,114090264,95883264,18123768,2904,7449760,22132800,958,14645,14645,0,0,0,0,0,0,0,0,0.064,0.066,0.000,0,0,0,14645,14645,0,0
travel,68.690,1649.0,1294.507,1294.507,fly,1.088,ok,2601,0,0,192.00,295116800,428363776,114090264,95883264,18123768,2904,7449760,22132800,958,14645,14645,0,0,0,0,0,0,0,0,0.314,0.069,0.000,0,0,0,14645,14645,0,0
travel,68.723,1649.8,1295.069,1295.069,fly,0.838,ok,2601,0,0,192.00,295116800,428363776,114090264,95883264,18123768,2904,7449760,22132800,958,14645,14645,0,0,0,0,0,0,0,0,0.061,0.067,0.000,0,0,0,14645,14645,0,0
travel,68.754,1650.5,1295.600,1295.600,fly,0.899,ok,2601,0,0,192.00,295116800,428363776,114090264,95883264,18123768,2904,7449760,22132800,958,14645,14645,0,0,0,0,0,0,0,0,0.070,0.108,0.000,0,0,0,14645,14645,0,0
travel,68.798,1651.6,1296.350,1296.350,fly,1.746,ok,2601,0,0,192.00,295116800,428363776,114090264,95883264,18123768,2904,11174640,22132800,958,14746,14746,0,0,0,0,0,0,0,0,0.787,0.117,0.000,0,0,0,14746,14746,0,0
travel,68.832,1652.4,1296.921,1296.921,fly,1.286,ok,2601,0,0,192.00,295116800,428363776,114090264,95883264,18123768,2904,11174640,22132800,958,14746,14746,0,0,0,0,0,0,0,0,0.250,0.142,0.000,0,0,0,14746,14746,0,0
travel,68.865,1653.2,1297.490,1297.490,fly,0.919,ok,2601,0,0,192.00,295116800,428363776,114090264,95883264,18123768,2904,11174640,22132800,958,14746,14746,0,0,0,0,0,0,0,0,0.070,0.109,0.000,0,0,0,14746,14746,0,0
travel,68.897,1654.0,1298.024,1298.024,fly,0.837,ok,2601,0,0,192.00,295116800,428363776,114090264,95883264,18123768,2904,11174640,22132800,958,14746,14746,0,0,0,0,0,0,0,0,0.061,0.067,0.000,0,0,0,14746,14746,0,0
travel,68.930,1654.8,1298.598,1298.598,fly,1.362,ok,2601,0,0,192.00,295116800,428363776,114090264,95883264,18123768,2904,7449760,22132800,958,14746,14746,0,0,0,0,0,0,0,0,0.084,0.531,0.000,0,0,0,14746,14746,0,0
travel,68.964,1655.6,1299.166,1299.166,fly,1.031,ok,2601,0,0,192.00,295116800,428363776,114090264,95883264,18123768,2904,7449760,22132800,958,14746,14746,0,0,0,0,0,0,0,0,0.136,0.100,0.000,0,0,0,14746,14746,0,0
travel,68.996,1656.3,1299.708,1299.708,fly,0.829,ok,2601,0,0,192.00,295116800,428363776,114090264,95883264,18123768,2904,7449760,22132800,958,14746,14746,0,0,0,0,0,0,0,0,0.061,0.066,0.000,0,0,0,14746,14746,0,0
travel,69.030,1657.2,1300.290,1300.290,fly,1.006,ok,2601,0,0,192.00,295116800,428363776,114090264,95883264,18123768,2904,7449760,22132800,958,14746,14746,0,0,0,0,0,0,0,0,0.139,0.116,0.000,0,0,0,14746,14746,0,0
travel,69.064,1658.0,1300.859,1300.859,fly,0.870,ok,2601,0,0,192.00,295116800,428363776,114090264,95883264,18123768,2904,7449760,22132800,958,14746,14746,0,0,0,0,0,0,0,0,0.062,0.072,0.000,0,0,0,14746,14746,0,0
travel,69.095,1658.7,1301.388,1301.388,fly,0.817,ok,2601,0,0,192.00,295116800,428363776,114090264,95883264,18123768,2904,7449760,22132800,958,14746,14746,0,0,0,0,0,0,0,0,0.061,0.069,0.000,0,0,0,14746,14746,0,0
travel,69.127,1659.5,1301.945,1301.945,fly,0.811,ok,2601,0,0,192.00,295116800,428363776,114090264,95883264,18123768,2904,7449760,22132800,958,14746,14746,0,0,0,0,0,0,0,0,0.061,0.064,0.000,0,0,0,14746,14746,0,0
travel,69.159,1660.3,1302.488,1302.488,fly,1.085,ok,2601,0,0,192.00,295116800,428363776,114090264,95883264,18123768,2904,7449760,22132800,958,14746,14746,0,0,0,0,0,0,0,0,0.142,0.125,0.000,0,0,0,14746,14746,0,0
travel,69.191,1661.0,1303.030,1303.030,fly,0.978,ok,2601,0,0,192.00,295116800,428363776,114090264,95883264,18123768,2904,7449760,22132800,958,14746,14746,0,0,0,0,0,0,0,0,0.072,0.113,0.000,0,0,0,14746,14746,0,0
travel,69.226,1661.9,1303.617,1303.617,fly,0.843,ok,2601,0,0,192.00,295116800,428363776,114090264,95883264,18123768,2904,7449760,22132800,958,14746,14746,0,0,0,0,0,0,0,0,0.065,0.067,0.000,0,0,0,14746,14746,0,0
travel,69.272,1663.0,1304.392,1304.392,fly,1.365,ok,2601,0,0,192.00,295116800,428363776,114090264,95883264,18123768,2904,11174640,22132800,958,14847,14847,0,0,0,0,0,0,0,0,0.089,0.119,0.000,0,0,0,14847,14847,0,0
travel,69.303,1663.7,1304.926,1304.926,fly,0.865,ok,2601,0,0,192.00,295116800,428363776,114090264,95883264,18123768,2904,11174640,22132800,958,14847,14847,0,0,0,0,0,0,0,0,0.065,0.081,0.000,0,0,0,14847,14847,0,0
travel,69.336,1664.5,1305.481,1305.481,fly,0.967,ok,2601,0,0,192.00,295116800,428363776,114090264,95883264,18123768,2904,11174640,22132800,958,14847,14847,0,0,0,0,0,0,0,0,0.151,0.079,0.000,0,0,0,14847,14847,0,0
travel,69.368,1665.3,1306.027,1306.027,fly,0.827,ok,2601,0,0,192.00,295116800,428363776,114090264,95883264,18123768,2904,11174640,22132800,958,14847,14847,0,0,0,0,0,0,0,0,0.061,0.066,0.000,0,0,0,14847,14847,0,0
travel,69.401,1666.1,1306.591,1306.591,fly,0.814,ok,2601,0,0,192.00,295116800,428363776,114090264,95883264,18123768,2904,7449760,22132800,958,14847,14847,0,0,0,0,0,0,0,0,0.061,0.066,0.000,0,0,0,14847,14847,0,0
travel,69.433,1666.9,1307.143,1307.143,fly,1.083,ok,2601,0,0,192.00,295116800,428363776,114090264,95883264,18123768,2904,7449760,22132800,958,14847,14847,0,0,0,0,0,0,0,0,0.067,0.084,0.000,0,0,0,14847,14847,0,0
travel,69.466,1667.6,1307.702,1307.702,fly,1.257,ok,2601,0,0,192.00,295116800,428363776,114090264,95883264,18123768,2904,7449760,22132800,958,14847,14847,0,0,0,0,0,0,0,0,0.073,0.126,0.000,0,0,0,14847,14847,0,0
travel,69.498,1668.4,1308.247,1308.247,fly,0.881,ok,2601,0,0,192.00,295116800,428363776,114090264,95883264,18123768,2904,7449760,22132800,958,14847,14847,0,0,0,0,0,0,0,0,0.112,0.066,0.000,0,0,0,14847,14847,0,0
travel,69.532,1669.2,1308.816,1308.816,fly,0.911,ok,2601,0,0,192.00,295116800,428363776,114090264,95883264,18123768,2904,7449760,22132800,958,14847,14847,0,0,0,0,0,0,0,0,0.138,0.068,0.000,0,0,0,14847,14847,0,0
travel,69.565,1670.0,1309.385,1309.385,fly,0.831,ok,2601,0,0,192.00,295116800,428363776,114090264,95883264,18123768,2904,7449760,22132800,958,14847,14847,0,0,0,0,0,0,0,0,0.061,0.066,0.000,0,0,0,14847,14847,0,0
travel,69.599,1670.8,1309.949,1309.949,fly,0.837,ok,2601,0,0,192.00,295116800,428363776,114090264,95883264,18123768,2904,7449760,22132800,958,14847,14847,0,0,0,0,0,0,0,0,0.060,0.068,0.000,0,0,0,14847,14847,0,0
travel,69.631,1671.6,1310.501,1310.501,fly,0.834,ok,2601,0,0,192.00,295116800,428363776,114090264,95883264,18123768,2904,7449760,22132800,958,14847,14847,0,0,0,0,0,0,0,0,0.061,0.067,0.000,0,0,0,14847,14847,0,0
travel,69.664,1672.4,1311.068,1311.068,fly,1.197,ok,2601,0,0,192.00,295116800,428363776,114090264,95883264,18123768,2904,7449760,22132800,958,14847,14847,0,0,0,0,0,0,0,0,0.067,0.102,0.000,0,0,0,14847,14847,0,0
travel,69.698,1673.2,1311.630,1311.630,fly,1.139,ok,2601,0,0,192.00,295116800,428363776,114090264,95883264,18123768,2904,7449760,22132800,958,14847,14847,0,0,0,0,0,0,0,0,0.141,0.110,0.000,0,0,0,14847,14847,0,0
travel,69.741,1674.2,1312.364,1312.364,fly,0.920,ok,2601,0,0,192.00,295120896,428363776,114090264,95883264,18123768,2904,11174640,22132800,958,14948,14948,0,0,0,0,0,0,0,0,0.064,0.077,0.000,0,0,0,14948,14948,0,0
travel,69.774,1675.0,1312.925,1312.925,fly,1.386,ok,2601,0,0,192.00,295120896,428363776,114090264,95883264,18123768,2904,11174640,22132800,958,14948,14948,0,0,0,0,0,0,0,0,0.138,0.155,0.000,0,0,0,14948,14948,0,0
travel,69.806,1675.8,1313.467,1313.467,fly,0.903,ok,2601,0,0,192.00,295120896,428363776,114090264,95883264,18123768,2904,11174640,22132800,958,14948,14948,0,0,0,0,0,0,0,0,0.064,0.077,0.000,0,0,0,14948,14948,0,0
travel,69.838,1676.6,1314.022,1314.022,fly,0.984,ok,2601,0,0,192.00,295120896,428363776,114090264,95883264,18123768,2904,11174640,22132800,958,14948,14948,0,0,0,0,0,0,0,0,0.072,0.113,0.000,0,0,0,14948,14948,0,0
travel,69.871,1677.4,1314.568,1314.568,fly,0.858,ok,2601,0,0,192.00,295120896,428363776,114090264,95883264,18123768,2904,7449760,22132800,958,14948,14948,0,0,0,0,0,0,0,0,0.061,0.069,0.000,0,0,0,14948,14948,0,0
travel,69.905,1678.2,1315.155,1315.155,fly,0.946,ok,2601,0,0,192.00,295120896,428363776,114090264,95883264,18123768,2904,7449760,22132800,958,14948,14948,0,0,0,0,0,0,0,0,0.069,0.109,0.000,0,0,0,14948,14948,0,0
travel,69.938,1679.0,1315.721,1315.721,fly,0.952,ok,2601,0,0,192.00,295120896,428363776,114090264,95883264,18123768,2904,7449760,22132800,958,14948,14948,0,0,0,0,0,0,0,0,0.071,0.109,0.000,0,0,0,14948,14948,0,0
travel,69.970,1679.7,1316.253,1316.253,fly,1.050,ok,2601,0,0,192.00,295120896,428363776,114090264,95883264,18123768,2904,7449760,22132800,958,14948,14948,0,0,0,0,0,0,0,0,0.063,0.080,0.000,0,0,0,14948,14948,0,0
travel,70.004,1680.6,1316.833,1316.833,fly,1.150,ok,2601,0,0,192.00,295120896,428363776,114090264,95883264,18123768,2904,7449760,22132800,958,14948,14948,0,0,0,0,0,0,0,0,0.065,0.091,0.000,0,0,0,14948,14948,0,0
travel,70.036,1681.3,1317.384,1317.384,fly,0.940,ok,2601,0,0,192.00,295120896,428363776,114090264,95883264,18123768,2904,7449760,22132800,958,14948,14948,0,0,0,0,0,0,0,0,0.135,0.069,0.000,0,0,0,14948,14948,0,0
travel,70.068,1682.1,1317.925,1317.925,fly,0.935,ok,2601,0,0,192.00,295120896,428363776,114090264,95883264,18123768,2904,7449760,22132800,958,14948,14948,0,0,0,0,0,0,0,0,0.162,0.068,0.000,0,0,0,14948,14948,0,0
travel,70.102,1682.9,1318.497,1318.497,fly,0.838,ok,2601,0,0,192.00,295120896,428363776,114090264,95883264,18123768,2904,7449760,22132800,958,14948,14948,0,0,0,0,0,0,0,0,0.061,0.066,0.000,0,0,0,14948,14948,0,0
travel,70.135,1683.7,1319.066,1319.066,fly,0.813,ok,2601,0,0,192.00,295120896,428363776,114090264,95883264,18123768,2904,7449760,22132800,958,14948,14948,0,0,0,0,0,0,0,0,0.060,0.065,0.000,0,0,0,14948,14948,0,0
travel,70.168,1684.5,1319.628,1319.628,fly,0.815,ok,2601,0,0,192.00,295120896,428363776,114090264,95883264,18123768,2904,7449760,22132800,958,14948,14948,0,0,0,0,0,0,0,0,0.061,0.065,0.000,0,0,0,14948,14948,0,0
travel,70.213,1685.6,1320.392,1320.392,fly,0.940,ok,2601,0,0,192.00,295120896,428363776,114090264,95883264,18123768,2904,11174640,22132800,958,15049,15049,0,0,0,0,0,0,0,0,0.159,0.073,0.000,0,0,0,15049,15049,0,0
travel,70.246,1686.4,1320.953,1320.953,fly,0.813,ok,2601,0,0,192.00,295120896,428363776,114090264,95883264,18123768,2904,11174640,22132800,958,15049,15049,0,0,0,0,0,0,0,0,0.060,0.063,0.000,0,0,0,15049,15049,0,0
travel,70.279,1687.2,1321.505,1321.505,fly,1.053,ok,2601,0,0,192.00,295120896,428363776,114090264,95883264,18123768,2904,11174640,22132800,958,15049,15049,0,0,0,0,0,0,0,0,0.068,0.100,0.000,0,0,0,15049,15049,0,0
travel,70.311,1687.9,1322.053,1322.053,fly,0.827,ok,2601,0,0,192.00,295120896,428363776,114090264,95883264,18123768,2904,11174640,22132800,958,15049,15049,0,0,0,0,0,0,0,0,0.062,0.066,0.000,0,0,0,15049,15049,0,0
travel,70.344,1688.7,1322.619,1322.619,fly,1.203,ok,2601,0,0,192.00,295120896,428363776,114090264,95883264,18123768,2904,7449760,22132800,958,15049,15049,0,0,0,0,0,0,0,0,0.073,0.126,0.000,0,0,0,15049,15049,0,0
travel,70.378,1689.5,1323.182,1323.182,fly,1.186,ok,2601,0,0,192.00,295120896,428363776,114090264,95883264,18123768,2904,7449760,22132800,958,15049,15049,0,0,0,0,0,0,0,0,0.232,0.136,0.000,0,0,0,15049,15049,0,0
travel,70.410,1690.3,1323.729,1323.729,fly,1.009,ok,2601,0,0,192.00,295120896,428363776,114090264,95883264,18123768,2904,7449760,22132800,958,15049,15049,0,0,0,0,0,0,0,0,0.146,0.109,0.000,0,0,0,15049,15049,0,0
travel,70.442,1691.1,1324.275,1324.275,fly,0.848,ok,2601,0,0,192.00,295120896,428363776,114090264,95883264,18123768,2904,7449760,22132800,958,15049,15049,0,0,0,0,0,0,0,0,0.061,0.070,0.000,0,0,0,15049,15049,0,0
travel,70.475,1691.9,1324.836,1324.836,fly,1.072,ok,2601,0,0,192.00,295120896,428363776,114090264,95883264,18123768,2904,7449760,22132800,958,15049,15049,0,0,0,0,0,0,0,0,0.063,0.082,0.000,0,0,0,15049,15049,0,0
travel,70.508,1692.7,1325.400,1325.400,fly,1.073,ok,2601,0,0,192.00,295120896,428363776,114090264,95883264,18123768,2904,7449760,22132800,958,15049,15049,0,0,0,0,0,0,0,0,0.065,0.080,0.000,0,0,0,15049,15049,0,0
travel,70.541,1693.5,1325.956,1325.956,fly,1.274,ok,2601,0,0,192.00,295120896,428363776,114090264,95883264,18123768,2904,7449760,22132800,958,15049,15049,0,0,0,0,0,0,0,0,0.143,0.160,0.000,0,0,0,15049,15049,0,0
travel,70.575,1694.3,1326.530,1326.530,fly,0.910,ok,2601,0,0,192.00,295120896,428363776,114090264,95883264,18123768,2904,7449760,22132800,958,15049,15049,0,0,0,0,0,0,0,0,0.135,0.067,0.000,0,0,0,15049,15049,0,0
travel,70.605,1695.0,1327.053,1327.053,fly,0.882,ok,2601,0,0,192.00,295120896,428363776,114090264,95883264,18123768,2904,7449760,22132800,958,15049,15049,0,0,0,0,0,0,0,0,0.070,0.106,0.000,0,0,0,15049,15049,0,0
travel,70.639,1695.8,1327.630,1327.630,fly,0.844,ok,2601,0,0,192.00,295120896,428363776,114090264,95883264,18123768,2904,7449760,22132800,958,15049,15049,0,0,0,0,0,0,0,0,0.061,0.076,0.000,0,0,0,15049,15049,0,0
travel,70.683,1696.9,1328.377,1328.377,fly,1.091,ok,2601,0,0,192.00,295129088,428363776,114090264,95883264,18123768,2904,11174640,22132800,958,15150,15150,0,0,0,0,0,0,0,0,0.076,0.137,0.000,0,0,0,15150,15150,0,0
travel,70.715,1697.6,1328.915,1328.915,fly,0.945,ok,2601,0,0,192.00,295129088,428363776,114090264,95883264,18123768,2904,11174640,22132800,958,15150,15150,0,0,0,0,0,0,0,0,0.065,0.081,0.000,0,0,0,15150,15150,0,0
travel,70.747,1698.4,1329.464,1329.464,fly,0.814,ok,2601,0,0,192.00,295129088,428363776,114090264,95883264,18123768,2904,11174640,22132800,958,15150,15150,0,0,0,0,0,0,0,0,0.062,0.066,0.000,0,0,0,15150,15150,0,0
travel,70.780,1699.2,1330.018,1330.018,fly,0.925,ok,2601,0,0,192.00,295129088,428363776,114090264,95883264,18123768,2904,11174640,22132800,958,15150,15150,0,0,0,0,0,0,0,0,0.062,0.071,0.000,0,0,0,15150,15150,0,0
travel,70.812,1700.0,1330.567,1330.567,fly,2.151,ok,2601,0,0,192.00,295129088,428363776,114090264,95883264,18123768,2904,7449760,22132800,958,15150,15150,0,0,0,0,0,0,0,0,0.096,0.146,0.000,0,0,0,15150,15150,0,0
travel,70.845,1700.8,1331.128,1331.128,fly,0.987,ok,2601,0,0,192.00,295129088,428363776,114090264,95883264,18123768,2904,7449760,22132800,958,15150,15150,0,0,0,0,0,0,0,0,0.078,0.138,0.000,0,0,0,15150,15150,0,0
travel,70.879,1701.6,1331.697,1331.697,fly,0.903,ok,2601,0,0,192.00,295129088,428363776,114090264,95883264,18123768,2904,7449760,22132800,958,15150,15150,0,0,0,0,0,0,0,0,0.135,0.065,0.000,0,0,0,15150,15150,0,0
travel,70.911,1702.4,1332.247,1332.247,fly,1.502,ok,2601,0,0,192.00,295129088,428363776,114090264,95883264,18123768,2904,7449760,22132800,958,15150,15150,0,0,0,0,0,0,0,0,0.098,0.138,0.000,0,0,0,15150,15150,0,0
travel,70.945,1703.2,1332.817,1332.817,fly,1.364,ok,2601,0,0,192.00,295194624,428363776,114090264,95883264,18123768,2904,7449760,22132800,958,15150,15150,0,0,0,0,0,0,0,0,0.095,0.175,0.000,0,0,0,15150,15150,0,0
travel,70.978,1704.0,1333.381,1333.381,fly,0.835,ok,2601,0,0,192.00,295194624,428363776,114090264,95883264,18123768,2904,7449760,22132800,958,15150,15150,0,0,0,0,0,0,0,0,0.061,0.071,0.000,0,0,0,15150,15150,0,0
travel,71.011,1704.7,1333.940,1333.940,fly,0.890,ok,2601,0,0,192.00,295194624,428363776,114090264,95883264,18123768,2904,7449760,22132800,958,15150,15150,0,0,0,0,0,0,0,0,0.062,0.080,0.000,0,0,0,15150,15150,0,0
travel,71.042,1705.5,1334.465,1334.465,fly,0.984,ok,2601,0,0,192.00,295194624,428363776,114090264,95883264,18123768,2904,7449760,22132800,958,15150,15150,0,0,0,0,0,0,0,0,0.061,0.217,0.000,0,0,0,15150,15150,0,0
travel,71.075,1706.3,1335.031,1335.031,fly,0.956,ok,2601,0,0,192.00,295194624,428363776,114090264,95883264,18123768,2904,7449760,22132800,958,15150,15150,0,0,0,0,0,0,0,0,0.142,0.112,0.000,0,0,0,15150,15150,0,0
travel,71.107,1707.1,1335.581,1335.581,fly,0.810,ok,2601,0,0,192.00,295194624,428363776,114090264,95883264,18123768,2904,7449760,22132800,958,15150,15150,0,0,0,0,0,0,0,0,0.060,0.065,0.000,0,0,0,15150,15150,0,0
travel,71.150,1708.1,1336.311,1336.311,fly,1.950,ok,2601,0,0,192.00,295211008,428363776,114090264,95883264,18123768,2904,11174640,22132800,958,15251,15251,0,0,15,0,0,0,0,0,0.517,0.162,0.000,0,0,0,15251,15251,0,0
travel,71.184,1708.9,1336.876,1336.876,fly,0.909,ok,2601,0,0,192.00,295211008,428363776,114090264,95883264,18123768,2904,11174640,22132800,958,15251,15251,0,0,0,0,0,0,0,0,0.133,0.069,0.000,0,0,0,15251,15251,0,0
travel,71.216,1709.7,1337.431,1337.431,fly,0.833,ok,2601,0,0,192.00,295211008,428363776,114090264,95883264,18123768,2904,11174640,22132800,958,15251,15251,0,0,0,0,0,0,0,0,0.061,0.068,0.000,0,0,0,15251,15251,0,0
travel,71.250,1710.5,1338.004,1338.004,fly,0.909,ok,2601,0,0,192.00,295211008,428363776,114090264,95883264,18123768,2904,11174640,22132800,958,15251,15251,0,0,0,0,0,0,0,0,0.061,0.070,0.000,0,0,0,15251,15251,0,0
travel,71.284,1711.3,1338.575,1338.575,fly,1.077,ok,2601,0,0,192.00,295211008,428363776,114090264,95883264,18123768,2904,7449760,22132800,958,15251,15251,0,0,0,0,0,0,0,0,0.073,0.115,0.000,0,0,0,15251,15251,0,0
travel,71.315,1712.1,1339.103,1339.103,fly,0.883,ok,2601,0,0,192.00,295211008,428363776,114090264,95883264,18123768,2904,7449760,22132800,958,15251,15251,0,0,0,0,0,0,0,0,0.062,0.075,0.000,0,0,0,15251,15251,0,0
travel,71.348,1712.8,1339.664,1339.664,fly,1.109,ok,2601,0,0,192.00,295211008,428363776,114090264,95883264,18123768,2904,7449760,22132800,958,15251,15251,0,0,0,0,0,0,0,0,0.151,0.140,0.000,0,0,0,15251,15251,0,0
travel,71.380,1713.6,1340.205,1340.205,fly,1.514,ok,2601,0,0,192.00,295211008,428363776,114090264,95883264,18123768,2904,7449760,22132800,958,15251,15251,0,0,0,0,0,0,0,0,0.318,0.464,0.000,0,0,0,15251,15251,0,0
travel,71.414,1714.4,1340.788,1340.788,fly,1.648,ok,2601,0,0,192.00,295211008,428363776,114090264,95883264,18123768,2904,7449760,22132800,958,15251,15251,0,0,0,0,0,0,0,0,0.630,0.121,0.000,0,0,0,15251,15251,0,0
travel,71.447,1715.2,1341.355,1341.355,fly,0.934,ok,2601,0,0,192.00,295211008,428363776,114090264,95883264,18123768,2904,7449760,22132800,958,15251,15251,0,0,0,0,0,0,0,0,0.070,0.107,0.000,0,0,0,15251,15251,0,0
travel,71.481,1716.1,1341.934,1341.934,fly,1.025,ok,2601,0,0,192.00,295211008,428363776,114090264,95883264,18123768,2904,7449760,22132800,958,15251,15251,0,0,0,0,0,0,0,0,0.071,0.110,0.000,0,0,0,15251,15251,0,0
travel,71.515,1716.9,1342.498,1342.498,fly,1.163,ok,2601,0,0,192.00,295211008,428363776,114090264,95883264,18123768,2904,7449760,22132800,958,15251,15251,0,0,0,0,0,0,0,0,0.064,0.084,0.000,0,0,0,15251,15251,0,0
travel,71.546,1717.6,1343.038,1343.038,fly,1.260,ok,2601,0,0,192.00,295211008,428363776,114090264,95883264,18123768,2904,7449760,22132800,958,15251,15251,0,0,0,0,0,0,0,0,0.066,0.096,0.000,0,0,0,15251,15251,0,0
travel,71.578,1718.4,1343.575,1343.575,fly,0.882,ok,2601,0,0,192.00,295211008,428363776,114090264,95883264,18123768,2904,7449760,22132800,958,15251,15251,0,0,0,0,0,0,0,0,0.130,0.065,0.000,0,0,0,15251,15251,0,0
travel,71.622,1719.4,1344.326,1344.326,fly,0.868,ok,2601,0,0,192.00,295260160,428363776,114090264,95883264,18123768,2904,11174640,22132800,958,15352,15352,0,0,0,0,0,0,0,0,0.071,0.074,0.000,0,0,0,15352,15352,0,0
travel,71.655,1720.2,1344.884,1344.884,fly,1.187,ok,2601,0,0,192.00,295260160,428363776,114090264,95883264,18123768,2904,11174640,22132800,958,15352,15352,0,0,0,0,0,0,0,0,0.065,0.081,0.000,0,0,0,15352,15352,0,0
travel,71.687,1721.0,1345.435,1345.435,fly,1.330,ok,2601,0,0,192.00,295260160,428363776,114090264,95883264,18123768,2904,11174640,22132800,958,15352,15352,0,0,0,0,0,0,0,0,0.087,0.137,0.000,0,0,0,15352,15352,0,0
travel,71.721,1721.8,1346.011,1346.011,fly,1.117,ok,2601,0,0,192.00,295260160,428363776,114090264,95883264,18123768,2904,11174640,22132800,958,15352,15352,0,0,0,0,0,0,0,0,0.136,0.088,0.000,0,0,0,15352,15352,0,0
travel,71.753,1722.6,1346.554,1346.554,fly,0.905,ok,2601,0,0,192.00,295260160,428363776,114090264,95883264,18123768,2904,7449760,22132800,958,15352,15352,0,0,0,0,0,0,0,0,0.132,0.073,0.000,0,0,0,15352,15352,0,0
travel,71.786,1723.4,1347.106,1347.106,fly,0.810,ok,2601,0,0,192.00,295260160,428363776,114090264,95883264,18123768,2904,7449760,22132800,958,15352,15352,0,0,0,0,0,0,0,0,0.060,0.068,0.000,0,0,0,15352,15352,0,0
travel,71.816,1724.1,1347.624,1347.624,fly,1.073,ok,2601,0,0,192.00,295260160,428363776,114090264,95883264,18123768,2904,7449760,22132800,958,15352,15352,0,0,0,0,0,0,0,0,0.071,0.149,0.000,0,0,0,15352,15352,0,0
travel,71.848,1724.9,1348.166,1348.166,fly,1.236,ok,2601,0,0,192.00,295260160,428363776,114090264,95883264,18123768,2904,7449760,22132800,958,15352,15352,0,0,0,0,0,0,0,0,0.140,0.110,0.000,0,0,0,15352,15352,0,0
travel,71.880,1725.6,1348.710,1348.710,fly,0.922,ok,2601,0,0,192.00,295260160,428363776,114090264,95883264,18123768,2904,7449760,22132800,958,15352,15352,0,0,0,0,0,0,0,0,0.160,0.062,0.000,0,0,0,15352,15352,0,0
travel,71.912,1726.4,1349.258,1349.258,fly,0.825,ok,2601,0,0,192.00,295260160,428363776,114090264,95883264,18123768,2904,7449760,22132800,958,15352,15352,0,0,0,0,0,0,0,0,0.060,0.067,0.000,0,0,0,15352,15352,0,0
travel,71.946,1727.2,1349.825,1349.825,fly,0.832,ok,2601,0,0,192.00,295260160,428363776,114090264,95883264,18123768,2904,7449760,22132800,958,15352,15352,0,0,0,0,0,0,0,0,0.061,0.065,0.000,0,0,0,15352,15352,0,0
travel,71.979,1728.0,1350.384,1350.384,fly,0.891,ok,2601,0,0,192.00,295260160,428363776,114090264,95883264,18123768,2904,7449760,22132800,958,15352,15352,0,0,0,0,0,0,0,0,0.071,0.109,0.000,0,0,0,15352,15352,0,0
travel,72.009,1728.7,1350.903,1350.903,fly,0.932,ok,2601,0,0,192.00,295260160,428363776,114090264,95883264,18123768,2904,7449760,22132800,958,15352,15352,0,0,0,0,0,0,0,0,0.069,0.150,0.000,0,0,0,15352,15352,0,0
travel,72.043,1729.5,1351.474,1351.474,fly,0.891,ok,2601,0,0,192.00,295260160,428363776,114090264,95883264,18123768,2904,7449760,22132800,958,15352,15352,0,0,0,0,0,0,0,0,0.129,0.060,0.000,0,0,0,15352,15352,0,0
travel,72.080,1730.4,1352.099,1352.099,fly,3.777,ok,2560,41,135,192.00,295260160,428363776,112291840,94371840,17838080,2904,11174640,17333496,958,15412,15453,24,0,56,24,24,0,0,0,0.070,0.120,0.000,0,0,0,15412,15412,0,0
travel,72.120,1731.4,1352.778,1352.778,fly,1.311,ok,2601,0,0,192.00,295260160,428363776,114090264,95883264,18123768,2904,11174640,22132800,958,15453,15453,0,0,0,0,0,0,0,0,0.078,0.152,0.000,0,0,0,15453,15453,0,0
travel,72.153,1732.2,1353.349,1353.349,fly,1.383,ok,2601,0,0,192.00,295260160,428363776,114090264,95883264,18123768,2904,11174640,22132800,958,15453,15453,0,0,0,0,0,0,0,0,0.146,0.159,0.000,0,0,0,15453,15453,0,0
travel,72.186,1733.0,1353.907,1353.907,fly,0.905,ok,2601,0,0,192.00,295260160,428363776,114090264,95883264,18123768,2904,11174640,22132800,958,15453,15453,0,0,0,0,0,0,0,0,0.135,0.065,0.000,0,0,0,15453,15453,0,0
travel,72.219,1733.8,1354.464,1354.464,fly,0.878,ok,2601,0,0,192.00,295260160,428363776,114090264,95883264,18123768,2904,7449760,22132800,958,15453,15453,0,0,0,0,0,0,0,0,0.064,0.075,0.000,0,0,0,15453,15453,0,0
travel,72.250,1734.5,1354.994,1354.994,fly,1.108,ok,2601,0,0,192.00,295260160,428363776,114090264,95883264,18123768,2904,7449760,22132800,958,15453,15453,0,0,0,0,0,0,0,0,0.071,0.324,0.000,0,0,0,15453,15453,0,0
travel,72.284,1735.3,1355.575,1355.575,fly,0.892,ok,2601,0,0,192.00,295260160,428363776,114090264,95883264,18123768,2904,7449760,22132800,958,15453,15453,0,0,0,0,0,0,0,0,0.064,0.078,0.000,0,0,0,15453,15453,0,0
travel,72.316,1736.1,1356.119,1356.119,fly,1.219,ok,2601,0,0,192.00,295260160,428363776,114090264,95883264,18123768,2904,7449760,22132800,958,15453,15453,0,0,0,0,0,0,0,0,0.072,0.127,0.000,0,0,0,15453,15453,0,0
travel,72.348,1736.9,1356.662,1356.662,fly,0.879,ok,2601,0,0,192.00,295260160,428363776,114090264,95883264,18123768,2904,7449760,22132800,958,15453,15453,0,0,0,0,0,0,0,0,0.135,0.065,0.000,0,0,0,15453,15453,0,0
travel,72.381,1737.7,1357.216,1357.216,fly,0.935,ok,2601,0,0,192.00,295260160,428363776,114090264,95883264,18123768,2904,7449760,22132800,958,15453,15453,0,0,0,0,0,0,0,0,0.062,0.081,0.000,0,0,0,15453,15453,0,0
travel,72.415,1738.5,1357.793,1357.793,fly,0.841,ok,2601,0,0,192.00,295260160,428363776,114090264,95883264,18123768,2904,7449760,22132800,958,15453,15453,0,0,0,0,0,0,0,0,0.063,0.069,0.000,0,0,0,15453,15453,0,0
travel,72.447,1739.3,1358.339,1358.339,fly,0.837,ok,2601,0,0,192.00,295260160,428363776,114090264,95883264,18123768,2904,7449760,22132800,958,15453,15453,0,0,0,0,0,0,0,0,0.062,0.069,0.000,0,0,0,15453,15453,0,0
travel,72.481,1740.1,1358.908,1358.908,fly,0.844,ok,2601,0,0,192.00,295260160,428363776,114090264,95883264,18123768,2904,7449760,22132800,958,15453,15453,0,0,0,0,0,0,0,0,0.062,0.076,0.000,0,0,0,15453,15453,0,0
travel,72.512,1740.8,1359.451,1359.451,fly,1.072,ok,2601,0,0,192.00,295260160,428363776,114090264,95883264,18123768,2904,7449760,22132800,958,15453,15453,0,0,0,0,0,0,0,0,0.075,0.129,0.000,0,0,0,15453,15453,0,0
travel,72.550,1741.7,1360.089,1360.089,fly,3.882,ok,2559,42,132,192.00,295260160,428363776,112247976,94334976,17831112,2904,11174640,17490048,958,15512,15554,23,0,49,23,23,0,0,0,0.158,0.100,0.000,0,0,0,15512,15512,0,0
travel,72.592,1742.7,1360.799,1360.799,fly,1.047,ok,2601,0,0,192.00,295272448,428363776,114090264,95883264,18123768,2904,11174640,22132800,958,15554,15554,0,0,0,0,0,0,0,0,0.071,0.114,0.000,0,0,0,15554,15554,0,0
travel,72.624,1743.5,1361.349,1361.349,fly,1.770,ok,2601,0,0,192.00,295272448,428363776,114090264,95883264,18123768,2904,11174640,22132800,958,15554,15554,0,0,0,0,0,0,0,0,0.286,0.174,0.000,0,0,0,15554,15554,0,0
travel,72.657,1744.3,1361.899,1361.899,fly,1.939,ok,2601,0,0,192.00,295272448,428363776,114090264,95883264,18123768,2904,11174640,22132800,958,15554,15554,0,0,0,0,0,0,0,0,0.488,0.140,0.000,0,0,0,15554,15554,0,0
travel,72.690,1745.1,1362.473,1362.473,fly,0.887,ok,2601,0,0,192.00,295272448,428363776,114090264,95883264,18123768,2904,7449760,22132800,958,15554,15554,0,0,0,0,0,0,0,0,0.133,0.064,0.000,0,0,0,15554,15554,0,0
travel,72.724,1745.9,1363.052,1363.052,fly,0.851,ok,2601,0,0,192.00,295272448,428363776,114090264,95883264,18123768,2904,7449760,22132800,958,15554,15554,0,0,0,0,0,0,0,0,0.062,0.072,0.000,0,0,0,15554,15554,0,0
travel,72.756,1746.7,1363.591,1363.591,fly,0.961,ok,2601,0,0,192.00,295272448,428363776,114090264,95883264,18123768,2904,7449760,22132800,958,15554,15554,0,0,0,0,0,0,0,0,0.070,0.114,0.000,0,0,0,15554,15554,0,0
travel,72.790,1747.5,1364.161,1364.161,fly,1.040,ok,2601,0,0,192.00,295272448,428363776,114090264,95883264,18123768,2904,7449760,22132800,958,15554,15554,0,0,0,0,0,0,0,0,0.072,0.120,0.000,0,0,0,15554,15554,0,0
travel,72.824,1748.3,1364.744,1364.744,fly,0.899,ok,2601,0,0,192.00,295272448,428363776,114090264,95883264,18123768,2904,7449760,22132800,958,15554,15554,0,0,0,0,0,0,0,0,0.062,0.076,0.000,0,0,0,15554,15554,0,0
travel,72.858,1749.1,1365.317,1365.317,fly,1.423,ok,2601,0,0,192.00,295272448,428363776,114090264,95883264,18123768,2904,7449760,22132800,958,15554,15554,0,0,0,0,0,0,0,0,0.092,0.173,0.000,0,0,0,15554,15554,0,0
travel,72.891,1749.9,1365.873,1365.873,fly,1.202,ok,2601,0,0,192.00,295272448,428363776,114090264,95883264,18123768,2904,7449760,22132800,958,15554,15554,0,0,0,0,0,0,0,0,0.071,0.117,0.000,0,0,0,15554,15554,0,0
travel,72.925,1750.7,1366.464,1366.464,fly,1.218,ok,2601,0,0,192.00,295272448,428363776,114090264,95883264,18123768,2904,7449760,22132800,958,15554,15554,0,0,0,0,0,0,0,0,0.144,0.124,0.000,0,0,0,15554,15554,0,0
travel,72.959,1751.6,1367.034,1367.034,fly,0.930,ok,2601,0,0,192.00,295272448,428363776,114090264,95883264,18123768,2904,7449760,22132800,958,15554,15554,0,0,0,0,0,0,0,0,0.137,0.071,0.000,0,0,0,15554,15554,0,0
travel,72.990,1752.3,1367.560,1367.560,fly,0.812,ok,2601,0,0,192.00,295272448,428363776,114090264,95883264,18123768,2904,7449760,22132800,958,15554,15554,0,0,0,0,0,0,0,0,0.060,0.067,0.000,0,0,0,15554,15554,0,0
travel,73.036,1753.4,1368.339,1368.339,fly,0.980,ok,2601,0,0,192.00,295305216,428363776,114090264,95883264,18123768,2904,11174640,22132800,958,15655,15655,0,0,14,0,0,0,0,0,0.068,0.085,0.000,0,0,0,15655,15655,0,0
travel,73.068,1754.2,1368.891,1368.891,fly,1.215,ok,2601,0,0,192.00,295305216,428363776,114090264,95883264,18123768,2904,11174640,22132800,958,15655,15655,0,0,0,0,0,0,0,0,0.078,0.151,0.000,0,0,0,15655,15655,0,0
travel,73.101,1755.0,1369.452,1369.452,fly,0.832,ok,2601,0,0,192.00,295305216,428363776,114090264,95883264,18123768,2904,11174640,22132800,958,15655,15655,0,0,0,0,0,0,0,0,0.062,0.068,0.000,0,0,0,15655,15655,0,0
travel,73.133,1755.7,1369.999,1369.999,fly,0.831,ok,2601,0,0,192.00,295305216,428363776,114090264,95883264,18123768,2904,11174640,22132800,958,15655,15655,0,0,0,0,0,0,0,0,0.061,0.065,0.000,0,0,0,15655,15655,0,0
travel,73.166,1756.5,1370.558,1370.558,fly,0.834,ok,2601,0,0,192.00,295305216,428363776,114090264,95883264,18123768,2904,7449760,22132800,958,15655,15655,0,0,0,0,0,0,0,0,0.061,0.070,0.000,0,0,0,15655,15655,0,0
travel,73.201,1757.4,1371.145,1371.145,fly,0.847,ok,2601,0,0,192.00,295305216,428363776,114090264,95883264,18123768,2904,7449760,22132800,958,15655,15655,0,0,0,0,0,0,0,0,0.064,0.073,0.000,0,0,0,15655,15655,0,0
travel,73.235,1758.2,1371.726,1371.726,fly,0.828,ok,2601,0,0,192.00,295305216,428363776,114090264,95883264,18123768,2904,7449760,22132800,958,15655,15655,0,0,0,0,0,0,0,0,0.062,0.069,0.000,0,0,0,15655,15655,0,0
travel,73.269,1759.0,1372.297,1372.297,fly,1.147,ok,2601,0,0,192.00,295305216,428363776,114090264,95883264,18123768,2904,7449760,22132800,958,15655,15655,0,0,0,0,0,0,0,0,0.080,0.141,0.000,0,0,0,15655,15655,0,0
travel,73.300,1759.7,1372.829,1372.829,fly,1.572,ok,2601,0,0,192.00,295305216,428363776,114090264,95883264,18123768,2904,7449760,22132800,958,15655,15655,0,0,0,0,0,0,0,0,0.149,0.180,0.000,0,0,0,15655,15655,0,0
travel,73.333,1760.5,1373.389,1373.389,fly,0.809,ok,2601,0,0,192.00,295305216,428363776,114090264,95883264,18123768,2904,7449760,22132800,958,15655,15655,0,0,0,0,0,0,0,0,0.061,0.063,0.000,0,0,0,15655,15655,0,0
travel,73.366,1761.3,1373.947,1373.947,fly,0.820,ok,2601,0,0,192.00,295305216,428363776,114090264,95883264,18123768,2904,7449760,22132800,958,15655,15655,0,0,0,0,0,0,0,0,0.061,0.066,0.000,0,0,0,15655,15655,0,0
travel,73.396,1762.1,1374.467,1374.467,fly,1.658,ok,2601,0,0,192.00,295305216,428363776,114090264,95883264,18123768,2904,7449760,22132800,958,15655,15655,0,0,0,0,0,0,0,0,0.738,0.119,0.000,0,0,0,15655,15655,0,0
travel,73.429,1762.8,1375.015,1375.015,fly,0.895,ok,2601,0,0,192.00,295305216,428363776,114090264,95883264,18123768,2904,7449760,22132800,958,15655,15655,0,0,0,0,0,0,0,0,0.060,0.064,0.000,0,0,0,15655,15655,0,0
travel,73.462,1763.6,1375.581,1375.581,fly,0.892,ok,2601,0,0,192.00,295305216,428363776,114090264,95883264,18123768,2904,7449760,22132800,958,15655,15655,0,0,0,0,0,0,0,0,0.132,0.064,0.000,0,0,0,15655,15655,0,0
travel,73.506,1764.7,1376.329,1376.329,fly,1.146,ok,2601,0,0,192.00,295362560,428363776,114090264,95883264,18123768,2904,11174640,22132800,958,15756,15756,0,0,0,0,0,0,0,0,0.065,0.086,0.000,0,0,0,15756,15756,0,0
travel,73.539,1765.5,1376.895,1376.895,fly,1.039,ok,2601,0,0,192.00,295362560,428363776,114090264,95883264,18123768,2904,11174640,22132800,958,15756,15756,0,0,0,0,0,0,0,0,0.074,0.151,0.000,0,0,0,15756,15756,0,0
travel,73.570,1766.2,1377.420,1377.420,fly,0.849,ok,2601,0,0,192.00,295362560,428363776,114090264,95883264,18123768,2904,11174640,22132800,958,15756,15756,0,0,0,0,0,0,0,0,0.063,0.073,0.000,0,0,0,15756,15756,0,0
travel,73.604,1767.1,1377.995,1377.995,fly,0.831,ok,2601,0,0,192.00,295362560,428363776,114090264,95883264,18123768,2904,11174640,22132800,958,15756,15756,0,0,0,0,0,0,0,0,0.064,0.065,0.000,0,0,0,15756,15756,0,0
travel,73.637,1767.8,1378.550,1378.550,fly,0.812,ok,2601,0,0,192.00,295362560,428363776,114090264,95883264,18123768,2904,7449760,22132800,958,15756,15756,0,0,0,0,0,0,0,0,0.061,0.067,0.000,0,0,0,15756,15756,0,0
travel,73.669,1768.6,1379.097,1379.097,fly,0.886,ok,2601,0,0,192.00,295362560,428363776,114090264,95883264,18123768,2904,7449760,22132800,958,15756,15756,0,0,0,0,0,0,0,0,0.068,0.077,0.000,0,0,0,15756,15756,0,0
travel,73.699,1769.3,1379.612,1379.612,fly,1.008,ok,2601,0,0,192.00,295362560,428363776,114090264,95883264,18123768,2904,7449760,22132800,958,15756,15756,0,0,0,0,0,0,0,0,0.076,0.128,0.000,0,0,0,15756,15756,0,0
travel,73.732,1770.1,1380.166,1380.166,fly,0.892,ok,2601,0,0,192.00,295362560,428363776,114090264,95883264,18123768,2904,7449760,22132800,958,15756,15756,0,0,0,0,0,0,0,0,0.131,0.063,0.000,0,0,0,15756,15756,0,0
travel,73.766,1770.9,1380.738,1380.738,fly,1.126,ok,2601,0,0,192.00,295362560,428363776,114090264,95883264,18123768,2904,7449760,22132800,958,15756,15756,0,0,0,0,0,0,0,0,0.070,0.232,0.000,0,0,0,15756,15756,0,0
travel,73.797,1771.7,1381.278,1381.278,fly,0.810,ok,2601,0,0,192.00,295362560,428363776,114090264,95883264,18123768,2904,7449760,22132800,958,15756,15756,0,0,0,0,0,0,0,0,0.062,0.064,0.000,0,0,0,15756,15756,0,0
travel,73.830,1772.5,1381.840,1381.840,fly,0.811,ok,2601,0,0,192.00,295362560,428363776,114090264,95883264,18123768,2904,7449760,22132800,958,15756,15756,0,0,0,0,0,0,0,0,0.061,0.066,0.000,0,0,0,15756,15756,0,0
travel,73.863,1773.3,1382.400,1382.400,fly,0.976,ok,2601,0,0,192.00,295362560,428363776,114090264,95883264,18123768,2904,7449760,22132800,958,15756,15756,0,0,0,0,0,0,0,0,0.134,0.088,0.000,0,0,0,15756,15756,0,0
travel,73.894,1774.0,1382.922,1382.922,fly,0.914,ok,2601,0,0,192.00,295362560,428363776,114090264,95883264,18123768,2904,7449760,22132800,958,15756,15756,0,0,0,0,0,0,0,0,0.135,0.065,0.000,0,0,0,15756,15756,0,0
travel,73.927,1774.8,1383.479,1383.479,fly,0.823,ok,2601,0,0,192.00,295362560,428363776,114090264,95883264,18123768,2904,7449760,22132800,958,15756,15756,0,0,0,0,0,0,0,0,0.061,0.063,0.000,0,0,0,15756,15756,0,0
travel,73.963,1775.7,1384.096,1384.096,fly,3.623,ok,2560,41,136,192.00,295387136,428363776,112291840,94371840,17838080,2904,11174640,17176968,958,15816,15857,23,0,44,23,23,0,0,0,0.176,0.115,0.000,0,0,0,15816,15816,0,0
travel,74.002,1776.6,1384.764,1384.764,fly,1.192,ok,2601,0,0,192.00,295444480,428363776,114090264,95883264,18123768,2904,11174640,22132800,958,15857,15857,0,0,0,0,0,0,0,0,0.346,0.084,0.000,0,0,0,15857,15857,0,0
travel,74.036,1777.4,1385.332,1385.332,fly,0.919,ok,2601,0,0,192.00,295444480,428363776,114090264,95883264,18123768,2904,11174640,22132800,958,15857,15857,0,0,0,0,0,0,0,0,0.137,0.068,0.000,0,0,0,15857,15857,0,0
travel,74.070,1778.3,1385.916,1385.916,fly,0.852,ok,2601,0,0,192.00,295444480,428363776,114090264,95883264,18123768,2904,11174640,22132800,958,15857,15857,0,0,0,0,0,0,0,0,0.062,0.076,0.000,0,0,0,15857,15857,0,0
travel,74.103,1779.0,1386.473,1386.473,fly,0.822,ok,2601,0,0,192.00,295444480,428363776,114090264,95883264,18123768,2904,7449760,22132800,958,15857,15857,0,0,0,0,0,0,0,0,0.061,0.068,0.000,0,0,0,15857,15857,0,0
travel,74.134,1779.8,1386.991,1386.991,fly,0.821,ok,2601,0,0,192.00,295444480,428363776,114090264,95883264,18123768,2904,7449760,22132800,958,15857,15857,0,0,0,0,0,0,0,0,0.063,0.066,0.000,0,0,0,15857,15857,0,0
travel,74.166,1780.6,1387.548,1387.548,fly,1.328,ok,2601,0,0,192.00,295444480,428363776,114090264,95883264,18123768,2904,7449760,22132800,958,15857,15857,0,0,0,0,0,0,0,0,0.079,0.193,0.000,0,0,0,15857,15857,0,0
travel,74.200,1781.4,1388.122,1388.122,fly,0.830,ok,2601,0,0,192.00,295444480,428363776,114090264,95883264,18123768,2904,7449760,22132800,958,15857,15857,0,0,0,0,0,0,0,0,0.065,0.066,0.000,0,0,0,15857,15857,0,0
travel,74.233,1782.2,1388.672,1388.672,fly,0.826,ok,2601,0,0,192.00,295444480,428363776,114090264,95883264,18123768,2904,7449760,22132800,958,15857,15857,0,0,0,0,0,0,0,0,0.061,0.065,0.000,0,0,0,15857,15857,0,0
travel,74.266,1783.0,1389.244,1389.244,fly,0.837,ok,2601,0,0,192.00,295444480,428363776,114090264,95883264,18123768,2904,7449760,22132800,958,15857,15857,0,0,0,0,0,0,0,0,0.064,0.067,0.000,0,0,0,15857,15857,0,0
travel,74.300,1783.8,1389.813,1389.813,fly,0.826,ok,2601,0,0,192.00,295444480,428363776,114090264,95883264,18123768,2904,7449760,22132800,958,15857,15857,0,0,0,0,0,0,0,0,0.061,0.066,0.000,0,0,0,15857,15857,0,0
travel,74.332,1784.5,1390.363,1390.363,fly,0.822,ok,2601,0,0,192.00,295444480,428363776,114090264,95883264,18123768,2904,7449760,22132800,958,15857,15857,0,0,0,0,0,0,0,0,0.064,0.067,0.000,0,0,0,15857,15857,0,0
travel,74.365,1785.3,1390.919,1390.919,fly,0.947,ok,2601,0,0,192.00,295444480,428363776,114090264,95883264,18123768,2904,7449760,22132800,958,15857,15857,0,0,0,0,0,0,0,0,0.069,0.123,0.000,0,0,0,15857,15857,0,0
travel,74.396,1786.1,1391.447,1391.447,fly,0.816,ok,2601,0,0,192.00,295444480,428363776,114090264,95883264,18123768,2904,7449760,22132800,958,15857,15857,0,0,0,0,0,0,0,0,0.061,0.066,0.000,0,0,0,15857,15857,0,0
travel,74.433,1787.0,1392.084,1392.084,fly,3.935,ok,2560,41,133,192.00,295473152,428363776,112291840,94371840,17838080,2904,11174640,17385672,958,15917,15958,23,0,51,23,23,0,0,0,0.151,0.182,0.000,0,0,0,15917,15917,0,0
travel,74.473,1787.9,1392.760,1392.760,fly,0.869,ok,2601,0,0,192.00,295559168,428363776,114090264,95883264,18123768,2904,11174640,22132800,958,15958,15958,0,0,0,0,0,0,0,0,0.063,0.078,0.000,0,0,0,15958,15958,0,0
travel,74.505,1788.7,1393.307,1393.307,fly,0.825,ok,2601,0,0,192.00,295559168,428363776,114090264,95883264,18123768,2904,11174640,22132800,958,15958,15958,0,0,0,0,0,0,0,0,0.061,0.064,0.000,0,0,0,15958,15958,0,0
travel,74.539,1789.5,1393.875,1393.875,fly,0.827,ok,2601,0,0,192.00,295559168,428363776,114090264,95883264,18123768,2904,11174640,22132800,958,15958,15958,0,0,0,0,0,0,0,0,0.064,0.066,0.000,0,0,0,15958,15958,0,0
travel,74.572,1790.3,1394.443,1394.443,fly,0.876,ok,2601,0,0,192.00,295559168,428363776,114090264,95883264,18123768,2904,7449760,22132800,958,15958,15958,0,0,0,0,0,0,0,0,0.062,0.072,0.000,0,0,0,15958,15958,0,0
travel,74.607,1791.1,1395.034,1395.034,fly,1.221,ok,2601,0,0,192.00,295559168,428363776,114090264,95883264,18123768,2904,7449760,22132800,958,15958,15958,0,0,0,0,0,0,0,0,0.063,0.434,0.000,0,0,0,15958,15958,0,0
travel,74.641,1792.0,1395.607,1395.607,fly,0.993,ok,2601,0,0,192.00,295559168,428363776,114090264,95883264,18123768,2904,7449760,22132800,958,15958,15958,0,0,0,0,0,0,0,0,0.069,0.112,0.000,0,0,0,15958,15958,0,0
travel,74.673,1792.7,1396.156,1396.156,fly,0.819,ok,2601,0,0,192.00,295559168,428363776,114090264,95883264,18123768,2904,7449760,22132800,958,15958,15958,0,0,0,0,0,0,0,0,0.062,0.067,0.000,0,0,0,15958,15958,0,0
travel,74.706,1793.5,1396.711,1396.711,fly,1.182,ok,2601,0,0,192.00,295559168,428363776,114090264,95883264,18123768,2904,7449760,22132800,958,15958,15958,0,0,0,0,0,0,0,0,0.065,0.085,0.000,0,0,0,15958,15958,0,0
travel,74.739,1794.3,1397.274,1397.274,fly,1.162,ok,2601,0,0,192.00,295559168,428363776,114090264,95883264,18123768,2904,7449760,22132800,958,15958,15958,0,0,0,0,0,0,0,0,0.142,0.160,0.000,0,0,0,15958,15958,0,0
travel,74.772,1795.1,1397.840,1397.840,fly,0.873,ok,2601,0,0,192.00,295559168,428363776,114090264,95883264,18123768,2904,7449760,22132800,958,15958,15958,0,0,0,0,0,0,0,0,0.102,0.073,0.000,0,0,0,15958,15958,0,0
travel,74.804,1795.9,1398.380,1398.380,fly,0.832,ok,2601,0,0,192.00,295559168,428363776,114090264,95883264,18123768,2904,7449760,22132800,958,15958,15958,0,0,0,0,0,0,0,0,0.062,0.067,0.000,0,0,0,15958,15958,0,0
travel,74.837,1796.7,1398.938,1398.938,fly,0.816,ok,2601,0,0,192.00,295559168,428363776,114090264,95883264,18123768,2904,7449760,22132800,958,15958,15958,0,0,0,0,0,0,0,0,0.061,0.068,0.000,0,0,0,15958,15958,0,0
travel,74.870,1797.5,1399.502,1399.502,fly,0.942,ok,2601,0,0,192.00,295559168,428363776,114090264,95883264,18123768,2904,7449760,22132800,958,15958,15958,0,0,0,0,0,0,0,0,0.064,0.083,0.000,0,0,0,15958,15958,0,0
travel,74.909,1798.4,1400.157,1400.157,fly,3.446,ok,2591,10,62,192.00,295591936,428363776,113651624,95514624,18054088,2904,11174640,19524144,958,16049,16059,37,0,97,37,37,0,0,0,0.060,0.091,0.000,0,0,0,16049,16049,0,0
travel,74.946,1799.3,1400.785,1400.785,fly,0.834,ok,2601,0,0,192.00,295600128,428363776,114090264,95883264,18123768,2904,11174640,22132800,958,16059,16059,0,0,0,0,0,0,0,0,0.062,0.069,0.000,0,0,0,16059,16059,0,0
travel,74.980,1800.1,1401.365,1401.365,fly,0.853,ok,2601,0,0,192.00,295600128,428363776,114090264,95883264,18123768,2904,11174640,22132800,958,16059,16059,0,0,0,0,0,0,0,0,0.061,0.070,0.000,0,0,0,16059,16059,0,0
travel,75.014,1800.9,1401.954,1401.954,fly,1.029,ok,2601,0,0,192.00,295600128,428363776,114090264,95883264,18123768,2904,11174640,22132800,958,16059,16059,0,0,0,0,0,0,0,0,0.070,0.109,0.000,0,0,0,16059,16059,0,0
travel,75.048,1801.8,1402.532,1402.532,fly,0.878,ok,2601,0,0,192.00,295600128,428363776,114090264,95883264,18123768,2904,7449760,22132800,958,16059,16059,0,0,0,0,0,0,0,0,0.062,0.076,0.000,0,0,0,16059,16059,0,0
travel,75.079,1802.5,1403.059,1403.059,fly,1.122,ok,2601,0,0,192.00,295600128,428363776,114090264,95883264,18123768,2904,7449760,22132800,958,16059,16059,0,0,0,0,0,0,0,0,0.065,0.097,0.000,0,0,0,16059,16059,0,0
travel,75.111,1803.3,1403.600,1403.600,fly,0.820,ok,2601,0,0,192.00,295600128,428363776,114090264,95883264,18123768,2904,7449760,22132800,958,16059,16059,0,0,0,0,0,0,0,0,0.061,0.073,0.000,0,0,0,16059,16059,0,0
travel,75.145,1804.1,1404.164,1404.164,fly,0.876,ok,2601,0,0,192.00,295600128,428363776,114090264,95883264,18123768,2904,7449760,22132800,958,16059,16059,0,0,0,0,0,0,0,0,0.062,0.070,0.000,0,0,0,16059,16059,0,0
travel,75.178,1804.9,1404.730,1404.730,fly,0.829,ok,2601,0,0,192.00,295600128,428363776,114090264,95883264,18123768,2904,7449760,22132800,958,16059,16059,0,0,0,0,0,0,0,0,0.062,0.067,0.000,0,0,0,16059,16059,0,0
travel,75.210,1805.6,1405.271,1405.271,fly,0.828,ok,2601,0,0,192.00,295600128,428363776,114090264,95883264,18123768,2904,7449760,22132800,958,16059,16059,0,0,0,0,0,0,0,0,0.063,0.065,0.000,0,0,0,16059,16059,0,0
travel,75.242,1806.4,1405.827,1405.827,fly,1.153,ok,2601,0,0,192.00,295600128,428363776,114090264,95883264,18123768,2904,7449760,22132800,958,16059,16059,0,0,0,0,0,0,0,0,0.067,0.107,0.000,0,0,0,16059,16059,0,0
travel,75.277,1807.2,1406.415,1406.415,fly,1.133,ok,2601,0,0,192.00,295600128,428363776,114090264,95883264,18123768,2904,7449760,22132800,958,16059,16059,0,0,0,0,0,0,0,0,0.064,0.090,0.000,0,0,0,16059,16059,0,0
travel,75.311,1808.1,1406.988,1406.988,fly,1.085,ok,2601,0,0,192.00,295600128,428363776,114090264,95883264,18123768,2904,7449760,22132800,958,16059,16059,0,0,0,0,0,0,0,0,0.136,0.144,0.000,0,0,0,16059,16059,0,0
travel,75.345,1808.9,1407.564,1407.564,fly,1.190,ok,2601,0,0,192.00,295600128,428363776,114090264,95883264,18123768,2904,7449760,22132800,958,16059,16059,0,0,0,0,0,0,0,0,0.146,0.134,0.000,0,0,0,16059,16059,0,0
travel,75.391,1810.0,1408.346,1408.346,fly,0.909,ok,2601,0,0,192.00,295714816,428363776,114090264,95883264,18123768,2904,11174640,22132800,958,16160,16160,0,0,5,0,0,0,0,0,0.075,0.108,0.000,0,0,0,16160,16160,0,0
travel,75.423,1810.8,1408.902,1408.902,fly,0.832,ok,2601,0,0,192.00,295714816,428363776,114090264,95883264,18123768,2904,11174640,22132800,958,16160,16160,0,0,0,0,0,0,0,0,0.065,0.071,0.000,0,0,0,16160,16160,0,0
travel,75.457,1811.6,1409.479,1409.479,fly,1.091,ok,2601,0,0,192.00,295714816,428363776,114090264,95883264,18123768,2904,11174640,22132800,958,16160,16160,0,0,0,0,0,0,0,0,0.065,0.083,0.000,0,0,0,16160,16160,0,0
travel,75.492,1812.4,1410.074,1410.074,fly,1.081,ok,2601,0,0,192.00,295714816,428363776,114090264,95883264,18123768,2904,7449760,22132800,958,16160,16160,0,0,0,0,0,0,0,0,0.064,0.083,0.001,0,0,0,16160,16160,0,0
travel,75.526,1813.2,1410.642,1410.642,fly,1.099,ok,2601,0,0,192.00,295714816,428363776,114090264,95883264,18123768,2904,7449760,22132800,958,16160,16160,0,0,0,0,0,0,0,0,0.065,0.086,0.000,0,0,0,16160,16160,0,0
travel,75.558,1814.0,1411.183,1411.183,fly,1.148,ok,2601,0,0,192.00,295714816,428363776,114090264,95883264,18123768,2904,7449760,22132800,958,16160,16160,0,0,0,0,0,0,0,0,0.073,0.137,0.000,0,0,0,16160,16160,0,0
travel,75.591,1814.8,1411.742,1411.742,fly,0.895,ok,2601,0,0,192.00,295714816,428363776,114090264,95883264,18123768,2904,7449760,22132800,958,16160,16160,0,0,0,0,0,0,0,0,0.131,0.066,0.000,0,0,0,16160,16160,0,0
travel,75.623,1815.6,1412.300,1412.300,fly,0.838,ok,2601,0,0,192.00,295714816,428363776,114090264,95883264,18123768,2904,7449760,22132800,958,16160,16160,0,0,0,0,0,0,0,0,0.062,0.070,0.000,0,0,0,16160,16160,0,0
travel,75.656,1816.4,1412.858,1412.858,fly,0.869,ok,2601,0,0,192.00,295714816,428363776,114090264,95883264,18123768,2904,7449760,22132800,958,16160,16160,0,0,0,0,0,0,0,0,0.062,0.070,0.000,0,0,0,16160,16160,0,0
travel,75.688,1817.1,1413.396,1413.396,fly,0.833,ok,2601,0,0,192.00,295714816,428363776,114090264,95883264,18123768,2904,7449760,22132800,958,16160,16160,0,0,0,0,0,0,0,0,0.062,0.071,0.000,0,0,0,16160,16160,0,0
travel,75.721,1817.9,1413.953,1413.953,fly,0.880,ok,2601,0,0,192.00,295714816,428363776,114090264,95883264,18123768,2904,7449760,22132800,958,16160,16160,0,0,0,0,0,0,0,0,0.063,0.081,0.000,0,0,0,16160,16160,0,0
travel,75.753,1818.7,1414.493,1414.493,fly,0.986,ok,2601,0,0,192.00,295714816,428363776,114090264,95883264,18123768,2904,7449760,22132800,958,16160,16160,0,0,0,0,0,0,0,0,0.190,0.087,0.000,0,0,0,16160,16160,0,0
travel,75.786,1819.5,1415.062,1415.062,fly,0.984,ok,2601,0,0,192.00,295714816,428363776,114090264,95883264,18123768,2904,7449760,22132800,958,16160,16160,0,0,0,0,0,0,0,0,0.064,0.098,0.000,0,0,0,16160,16160,0,0
travel,75.820,1820.3,1415.642,1415.642,fly,1.122,ok,2601,0,0,192.00,295714816,428363776,114090264,95883264,18123768,2904,7449760,22132800,958,16160,16160,0,0,0,0,0,0,0,0,0.072,0.117,0.000,0,0,0,16160,16160,0,0
travel,75.864,1821.4,1416.391,1416.391,fly,1.102,ok,2601,0,0,192.00,295792640,428363776,114090264,95883264,18123768,2904,11174640,22132800,958,16261,16261,0,0,0,0,0,0,0,0,0.064,0.084,0.000,0,0,0,16261,16261,0,0
travel,75.898,1822.2,1416.956,1416.956,fly,1.153,ok,2601,0,0,192.00,295792640,428363776,114090264,95883264,18123768,2904,11174640,22132800,958,16261,16261,0,0,0,0,0,0,0,0,0.074,0.159,0.000,0,0,0,16261,16261,0,0
travel,75.930,1822.9,1417.500,1417.500,fly,0.837,ok,2601,0,0,192.00,295792640,428363776,114090264,95883264,18123768,2904,11174640,22132800,958,16261,16261,0,0,0,0,0,0,0,0,0.062,0.066,0.000,0,0,0,16261,16261,0,0
travel,75.964,1823.7,1418.077,1418.077,fly,0.899,ok,2601,0,0,192.00,295792640,428363776,114090264,95883264,18123768,2904,7449760,22132800,958,16261,16261,0,0,0,0,0,0,0,0,0.131,0.065,0.000,0,0,0,16261,16261,0,0
travel,75.997,1824.5,1418.637,1418.637,fly,0.830,ok,2601,0,0,192.00,295792640,428363776,114090264,95883264,18123768,2904,7449760,22132800,958,16261,16261,0,0,0,0,0,0,0,0,0.061,0.067,0.000,0,0,0,16261,16261,0,0
travel,76.030,1825.3,1419.201,1419.201,fly,0.846,ok,2601,0,0,192.00,295792640,428363776,114090264,95883264,18123768,2904,7449760,22132800,958,16261,16261,0,0,0,0,0,0,0,0,0.062,0.070,0.000,0,0,0,16261,16261,0,0
travel,76.062,1826.1,1419.745,1419.745,fly,0.833,ok,2601,0,0,192.00,295792640,428363776,114090264,95883264,18123768,2904,7449760,22132800,958,16261,16261,0,0,0,0,0,0,0,0,0.061,0.067,0.000,0,0,0,16261,16261,0,0
travel,76.094,1826.9,1420.293,1420.293,fly,0.977,ok,2601,0,0,192.00,295792640,428363776,114090264,95883264,18123768,2904,7449760,22132800,958,16261,16261,0,0,0,0,0,0,0,0,0.074,0.113,0.000,0,0,0,16261,16261,0,0
travel,76.127,1827.7,1420.854,1420.854,fly,0.857,ok,2601,0,0,192.00,295792640,428363776,114090264,95883264,18123768,2904,7449760,22132800,958,16261,16261,0,0,0,0,0,0,0,0,0.063,0.067,0.000,0,0,0,16261,16261,0,0
travel,76.158,1828.4,1421.387,1421.387,fly,1.145,ok,2601,0,0,192.00,295792640,428363776,114090264,95883264,18123768,2904,7449760,22132800,958,16261,16261,0,0,0,0,0,0,0,0,0.073,0.338,0.000,0,0,0,16261,16261,0,0
travel,76.192,1829.2,1421.952,1421.952,fly,0.952,ok,2601,0,0,192.00,295792640,428363776,114090264,95883264,18123768,2904,7449760,22132800,958,16261,16261,0,0,0,0,0,0,0,0,0.062,0.190,0.000,0,0,0,16261,16261,0,0
travel,76.224,1830.0,1422.502,1422.502,fly,1.050,ok,2601,0,0,192.00,295792640,428363776,114090264,95883264,18123768,2904,7449760,22132800,958,16261,16261,0,0,0,0,0,0,0,0,0.064,0.080,0.000,0,0,0,16261,16261,0,0
travel,76.255,1830.7,1423.027,1423.027,fly,0.862,ok,2601,0,0,192.00,295792640,428363776,114090264,95883264,18123768,2904,7449760,22132800,958,16261,16261,0,0,0,0,0,0,0,0,0.060,0.112,0.000,0,0,0,16261,16261,0,0
travel,76.287,1831.5,1423.579,1423.579,fly,0.937,ok,2601,0,0,192.00,295792640,428363776,114090264,95883264,18123768,2904,7449760,22132800,958,16261,16261,0,0,0,0,0,0,0,0,0.132,0.072,0.000,0,0,0,16261,16261,0,0
travel,76.333,1832.6,1424.360,1424.360,fly,0.983,ok,2601,0,0,192.00,295882752,428363776,114090264,95883264,18123768,2904,11174640,22132800,958,16362,16362,0,0,0,0,0,0,0,0,0.067,0.077,0.000,0,0,0,16362,16362,0,0
travel,76.366,1833.4,1424.922,1424.922,fly,1.190,ok,2601,0,0,192.00,295882752,428363776,114090264,95883264,18123768,2904,11174640,22132800,958,16362,16362,0,0,0,0,0,0,0,0,0.082,0.126,0.000,0,0,0,16362,16362,0,0
travel,76.399,1834.2,1425.482,1425.482,fly,1.293,ok,2601,0,0,192.00,295882752,428363776,114090264,95883264,18123768,2904,11174640,22132800,958,16362,16362,0,0,0,0,0,0,0,0,0.148,0.130,0.000,0,0,0,16362,16362,0,0
travel,76.432,1835.0,1426.033,1426.033,fly,0.944,ok,2601,0,0,192.00,295882752,428363776,114090264,95883264,18123768,2904,11174640,22132800,958,16362,16362,0,0,0,0,0,0,0,0,0.140,0.071,0.000,0,0,0,16362,16362,0,0
travel,76.465,1835.8,1426.589,1426.589,fly,0.851,ok,2601,0,0,192.00,295882752,428363776,114090264,95883264,18123768,2904,7449760,22132800,958,16362,16362,0,0,0,0,0,0,0,0,0.060,0.068,0.000,0,0,0,16362,16362,0,0
travel,76.499,1836.6,1427.180,1427.180,fly,0.928,ok,2601,0,0,192.00,295882752,428363776,114090264,95883264,18123768,2904,7449760,22132800,958,16362,16362,0,0,0,0,0,0,0,0,0.067,0.086,0.000,0,0,0,16362,16362,0,0
travel,76.531,1837.4,1427.719,1427.719,fly,0.921,ok,2601,0,0,192.00,295882752,428363776,114090264,95883264,18123768,2904,7449760,22132800,958,16362,16362,0,0,0,0,0,0,0,0,0.063,0.081,0.000,0,0,0,16362,16362,0,0
travel,76.565,1838.2,1428.295,1428.295,fly,1.008,ok,2601,0,0,192.00,295882752,428363776,114090264,95883264,18123768,2904,7449760,22132800,958,16362,16362,0,0,0,0,0,0,0,0,0.088,0.152,0.000,0,0,0,16362,16362,0,0
travel,76.599,1839.0,1428.867,1428.867,fly,1.212,ok,2601,0,0,192.00,295882752,428363776,114090264,95883264,18123768,2904,7449760,22132800,958,16362,16362,0,0,0,0,0,0,0,0,0.071,0.138,0.000,0,0,0,16362,16362,0,0
travel,76.632,1839.8,1429.427,1429.427,fly,1.216,ok,2601,0,0,192.00,295882752,428363776,114090264,95883264,18123768,2904,7449760,22132800,958,16362,16362,0,0,0,0,0,0,0,0,0.140,0.150,0.000,0,0,0,16362,16362,0,0
travel,76.665,1840.6,1429.994,1429.994,fly,1.263,ok,2601,0,0,192.00,295882752,428363776,114090264,95883264,18123768,2904,7449760,22132800,958,16362,16362,0,0,0,0,0,0,0,0,0.391,0.091,0.000,0,0,0,16362,16362,0,0
travel,76.699,1841.4,1430.567,1430.567,fly,0.892,ok,2601,0,0,192.00,295882752,428363776,114090264,95883264,18123768,2904,7449760,22132800,958,16362,16362,0,0,0,0,0,0,0,0,0.132,0.065,0.000,0,0,0,16362,16362,0,0
travel,76.732,1842.2,1431.126,1431.126,fly,0.823,ok,2601,0,0,192.00,295882752,428363776,114090264,95883264,18123768,2904,7449760,22132800,958,16362,16362,0,0,0,0,0,0,0,0,0.060,0.067,0.000,0,0,0,16362,16362,0,0
travel,76.765,1843.0,1431.697,1431.697,fly,0.852,ok,2601,0,0,192.00,295882752,428363776,114090264,95883264,18123768,2904,7449760,22132800,958,16362,16362,0,0,0,0,0,0,0,0,0.081,0.072,0.000,0,0,0,16362,16362,0,0
travel,76.811,1844.1,1432.480,1432.480,fly,1.479,ok,2601,0,0,192.00,295993344,428363776,114090264,95883264,18123768,2904,11174640,22132800,958,16463,16463,0,0,0,0,0,0,0,0,0.083,0.159,0.000,0,0,0,16463,16463,0,0
travel,76.843,1844.9,1433.020,1433.020,fly,1.377,ok,2601,0,0,192.00,295993344,428363776,114090264,95883264,18123768,2904,11174640,22132800,958,16463,16463,0,0,0,0,0,0,0,0,0.512,0.124,0.000,0,0,0,16463,16463,0,0
travel,76.876,1845.7,1433.578,1433.578,fly,1.114,ok,2601,0,0,192.00,295993344,428363776,114090264,95883264,18123768,2904,11174640,22132800,958,16463,16463,0,0,0,0,0,0,0,0,0.342,0.069,0.000,0,0,0,16463,16463,0,0
travel,76.909,1846.4,1434.136,1434.136,fly,0.973,ok,2601,0,0,192.00,295993344,428363776,114090264,95883264,18123768,2904,11174640,22132800,958,16463,16463,0,0,0,0,0,0,0,0,0.070,0.112,0.000,0,0,0,16463,16463,0,0
travel,76.940,1847.2,1434.664,1434.664,fly,0.825,ok,2601,0,0,192.00,295993344,428363776,114090264,95883264,18123768,2904,7449760,22132800,958,16463,16463,0,0,0,0,0,0,0,0,0.062,0.066,0.000,0,0,0,16463,16463,0,0
travel,76.973,1848.0,1435.222,1435.222,fly,1.098,ok,2601,0,0,192.00,295993344,428363776,114090264,95883264,18123768,2904,7449760,22132800,958,16463,16463,0,0,0,0,0,0,0,0,0.137,0.136,0.000,0,0,0,16463,16463,0,0
travel,77.006,1848.8,1435.781,1435.781,fly,0.894,ok,2601,0,0,192.00,295993344,428363776,114090264,95883264,18123768,2904,7449760,22132800,958,16463,16463,0,0,0,0,0,0,0,0,0.131,0.065,0.000,0,0,0,16463,16463,0,0
travel,77.039,1849.6,1436.347,1436.347,fly,0.825,ok,2601,0,0,192.00,295993344,428363776,114090264,95883264,18123768,2904,7449760,22132800,958,16463,16463,0,0,0,0,0,0,0,0,0.062,0.066,0.000,0,0,0,16463,16463,0,0
travel,77.071,1850.3,1436.893,1436.893,fly,0.823,ok,2601,0,0,192.00,295993344,428363776,114090264,95883264,18123768,2904,7449760,22132800,958,16463,16463,0,0,0,0,0,0,0,0,0.061,0.067,0.000,0,0,0,16463,16463,0,0
travel,77.105,1851.2,1437.465,1437.465,fly,0.909,ok,2601,0,0,192.00,295993344,428363776,114090264,95883264,18123768,2904,7449760,22132800,958,16463,16463,0,0,0,0,0,0,0,0,0.061,0.075,0.000,0,0,0,16463,16463,0,0
travel,77.138,1851.9,1438.026,1438.026,fly,0.825,ok,2601,0,0,192.00,295993344,428363776,114090264,95883264,18123768,2904,7449760,22132800,958,16463,16463,0,0,0,0,0,0,0,0,0.061,0.072,0.000,0,0,0,16463,16463,0,0
travel,77.171,1852.7,1438.588,1438.588,fly,1.094,ok,2601,0,0,192.00,295993344,428363776,114090264,95883264,18123768,2904,7449760,22132800,958,16463,16463,0,0,0,0,0,0,0,0,0.148,0.150,0.000,0,0,0,16463,16463,0,0
travel,77.203,1853.5,1439.139,1439.139,fly,0.872,ok,2601,0,0,192.00,295993344,428363776,114090264,95883264,18123768,2904,7449760,22132800,958,16463,16463,0,0,0,0,0,0,0,0,0.063,0.076,0.000,0,0,0,16463,16463,0,0
travel,77.237,1854.3,1439.713,1439.713,fly,0.927,ok,2601,0,0,192.00,295993344,428363776,114090264,95883264,18123768,2904,7449760,22132800,958,16463,16463,0,0,0,0,0,0,0,0,0.129,0.070,0.000,0,0,0,16463,16463,0,0
travel,77.284,1855.5,1440.501,1440.501,fly,0.830,ok,2601,0,0,192.00,296079360,428363776,114090264,95883264,18123768,2904,11174640,22132800,958,16564,16564,0,0,0,0,0,0,0,0,0.062,0.067,0.000,0,0,0,16564,16564,0,0
travel,77.317,1856.3,1441.068,1441.068,fly,1.089,ok,2601,0,0,192.00,296079360,428363776,114090264,95883264,18123768,2904,11174640,22132800,958,16564,16564,0,0,0,0,0,0,0,0,0.065,0.086,0.000,0,0,0,16564,16564,0,0
travel,77.349,1857.0,1441.605,1441.605,fly,1.280,ok,2601,0,0,192.00,296079360,428363776,114090264,95883264,18123768,2904,11174640,22132800,958,16564,16564,0,0,0,0,0,0,0,0,0.110,0.110,0.000,0,0,0,16564,16564,0,0
travel,77.381,1857.8,1442.163,1442.163,fly,0.906,ok,2601,0,0,192.00,296079360,428363776,114090264,95883264,18123768,2904,11174640,22132800,958,16564,16564,0,0,0,0,0,0,0,0,0.145,0.065,0.000,0,0,0,16564,16564,0,0
travel,77.414,1858.6,1442.711,1442.711,fly,1.360,ok,2601,0,0,192.00,296079360,428363776,114090264,95883264,18123768,2904,7449760,22132800,958,16564,16564,0,0,0,0,0,0,0,0,0.092,0.148,0.000,0,0,0,16564,16564,0,0
travel,77.447,1859.4,1443.278,1443.278,fly,0.831,ok,2601,0,0,192.00,296079360,428363776,114090264,95883264,18123768,2904,7449760,22132800,958,16564,16564,0,0,0,0,0,0,0,0,0.061,0.069,0.000,0,0,0,16564,16564,0,0
travel,77.480,1860.2,1443.838,1443.838,fly,0.821,ok,2601,0,0,192.00,296079360,428363776,114090264,95883264,18123768,2904,7449760,22132800,958,16564,16564,0,0,0,0,0,0,0,0,0.061,0.070,0.000,0,0,0,16564,16564,0,0
travel,77.511,1860.9,1444.357,1444.357,fly,2.056,ok,2601,0,0,192.00,296079360,428363776,114090264,95883264,18123768,2904,7449760,22132800,958,16564,16564,0,0,0,0,0,0,0,0,0.744,0.152,0.000,0,0,0,16564,16564,0,0
travel,77.544,1861.7,1444.921,1444.921,fly,0.959,ok,2601,0,0,192.00,296079360,428363776,114090264,95883264,18123768,2904,7449760,22132800,958,16564,16564,0,0,0,0,0,0,0,0,0.136,0.077,0.000,0,0,0,16564,16564,0,0
travel,77.577,1862.5,1445.491,1445.491,fly,0.830,ok,2601,0,0,192.00,296079360,428363776,114090264,95883264,18123768,2904,7449760,22132800,958,16564,16564,0,0,0,0,0,0,0,0,0.060,0.069,0.000,0,0,0,16564,16564,0,0
travel,77.611,1863.3,1446.067,1446.067,fly,0.833,ok,2601,0,0,192.00,296079360,428363776,114090264,95883264,18123768,2904,7449760,22132800,958,16564,16564,0,0,0,0,0,0,0,0,0.061,0.068,0.000,0,0,0,16564,16564,0,0
travel,77.644,1864.1,1446.620,1446.620,fly,0.821,ok,2601,0,0,192.00,296079360,428363776,114090264,95883264,18123768,2904,7449760,22132800,958,16564,16564,0,0,0,0,0,0,0,0,0.061,0.066,0.000,0,0,0,16564,16564,0,0
travel,77.678,1864.9,1447.200,1447.200,fly,0.816,ok,2601,0,0,192.00,296079360,428363776,114090264,95883264,18123768,2904,7449760,22132800,958,16564,16564,0,0,0,0,0,0,0,0,0.060,0.069,0.000,0,0,0,16564,16564,0,0
travel,77.711,1865.7,1447.766,1447.766,fly,0.853,ok,2601,0,0,192.00,296079360,428363776,114090264,95883264,18123768,2904,7449760,22132800,958,16564,16564,0,0,0,0,0,0,0,0,0.061,0.069,0.000,0,0,0,16564,16564,0,0
travel,77.756,1866.8,1448.522,1448.522,fly,0.898,ok,2601,0,0,192.00,296194048,428363776,114090264,95883264,18123768,2904,11174640,22132800,958,16665,16665,0,0,0,0,0,0,0,0,0.135,0.067,0.000,0,0,0,16665,16665,0,0
travel,77.789,1867.6,1449.087,1449.087,fly,0.902,ok,2601,0,0,192.00,296194048,428363776,114090264,95883264,18123768,2904,11174640,22132800,958,16665,16665,0,0,0,0,0,0,0,0,0.134,0.066,0.000,0,0,0,16665,16665,0,0
travel,77.821,1868.4,1449.630,1449.630,fly,0.866,ok,2601,0,0,192.00,296194048,428363776,114090264,95883264,18123768,2904,11174640,22132800,958,16665,16665,0,0,0,0,0,0,0,0,0.062,0.073,0.000,0,0,0,16665,16665,0,0
travel,77.852,1869.1,1450.161,1450.161,fly,0.941,ok,2601,0,0,192.00,296194048,428363776,114090264,95883264,18123768,2904,11174640,22132800,958,16665,16665,0,0,0,0,0,0,0,0,0.068,0.079,0.000,0,0,0,16665,16665,0,0
travel,77.885,1869.9,1450.721,1450.721,fly,1.281,ok,2601,0,0,192.00,296194048,428363776,114090264,95883264,18123768,2904,7449760,22132800,958,16665,16665,0,0,0,0,0,0,0,0,0.151,0.138,0.000,0,0,0,16665,16665,0,0
travel,77.918,1870.7,1451.280,1451.280,fly,0.942,ok,2601,0,0,192.00,296194048,428363776,114090264,95883264,18123768,2904,7449760,22132800,958,16665,16665,0,0,0,0,0,0,0,0,0.137,0.069,0.000,0,0,0,16665,16665,0,0
travel,77.950,1871.5,1451.820,1451.820,fly,1.079,ok,2601,0,0,192.00,296194048,428363776,114090264,95883264,18123768,2904,7449760,22132800,958,16665,16665,0,0,0,0,0,0,0,0,0.073,0.236,0.000,0,0,0,16665,16665,0,0
travel,77.984,1872.3,1452.406,1452.406,fly,0.828,ok,2601,0,0,192.00,296194048,428363776,114090264,95883264,18123768,2904,7449760,22132800,958,16665,16665,0,0,0,0,0,0,0,0,0.061,0.070,0.000,0,0,0,16665,16665,0,0
travel,78.018,1873.1,1452.973,1452.973,fly,0.829,ok,2601,0,0,192.00,296194048,428363776,114090264,95883264,18123768,2904,7449760,22132800,958,16665,16665,0,0,0,0,0,0,0,0,0.061,0.068,0.000,0,0,0,16665,16665,0,0
travel,78.049,1873.8,1453.505,1453.505,fly,0.830,ok,2601,0,0,192.00,296194048,428363776,114090264,95883264,18123768,2904,7449760,22132800,958,16665,16665,0,0,0,0,0,0,0,0,0.062,0.070,0.000,0,0,0,16665,16665,0,0
travel,78.082,1874.6,1454.056,1454.056,fly,1.482,ok,2601,0,0,192.00,296194048,428363776,114090264,95883264,18123768,2904,7449760,22132800,958,16665,16665,0,0,0,0,0,0,0,0,0.146,0.137,0.000,0,0,0,16665,16665,0,0
travel,78.115,1875.4,1454.631,1454.631,fly,0.914,ok,2601,0,0,192.00,296194048,428363776,114090264,95883264,18123768,2904,7449760,22132800,958,16665,16665,0,0,0,0,0,0,0,0,0.153,0.063,0.000,0,0,0,16665,16665,0,0
travel,78.148,1876.2,1455.179,1455.179,fly,0.825,ok,2601,0,0,192.00,296194048,428363776,114090264,95883264,18123768,2904,7449760,22132800,958,16665,16665,0,0,0,0,0,0,0,0,0.060,0.068,0.000,0,0,0,16665,16665,0,0
travel,78.181,1877.0,1455.743,1455.743,fly,0.801,ok,2601,0,0,192.00,296194048,428363776,114090264,95883264,18123768,2904,7449760,22132800,958,16665,16665,0,0,0,0,0,0,0,0,0.060,0.065,0.000,0,0,0,16665,16665,0,0
travel,78.228,1878.1,1456.551,1456.551,fly,0.834,ok,2601,0,0,192.00,296742912,428892160,114090264,95883264,18123768,2904,11174640,22132800,958,16766,16766,0,0,0,0,0,0,0,0,0.061,0.069,0.000,0,0,0,16766,16766,0,0
travel,78.261,1878.9,1457.103,1457.103,fly,0.989,ok,2601,0,0,192.00,296742912,428892160,114090264,95883264,18123768,2904,11174640,22132800,958,16766,16766,0,0,0,0,0,0,0,0,0.141,0.108,0.000,0,0,0,16766,16766,0,0
travel,78.293,1879.7,1457.656,1457.656,fly,0.841,ok,2601,0,0,192.00,296742912,428892160,114090264,95883264,18123768,2904,11174640,22132800,958,16766,16766,0,0,0,0,0,0,0,0,0.079,0.068,0.000,0,0,0,16766,16766,0,0
travel,78.327,1880.5,1458.228,1458.228,fly,0.827,ok,2601,0,0,192.00,296742912,428892160,114090264,95883264,18123768,2904,11174640,22132800,958,16766,16766,0,0,0,0,0,0,0,0,0.061,0.068,0.000,0,0,0,16766,16766,0,0
travel,78.360,1881.3,1458.781,1458.781,fly,0.809,ok,2601,0,0,192.00,296742912,428892160,114090264,95883264,18123768,2904,7449760,22132800,958,16766,16766,0,0,0,0,0,0,0,0,0.060,0.066,0.000,0,0,0,16766,16766,0,0
travel,78.391,1882.0,1459.309,1459.309,fly,0.816,ok,2601,0,0,192.00,296742912,428892160,114090264,95883264,18123768,2904,7449760,22132800,958,16766,16766,0,0,0,0,0,0,0,0,0.062,0.069,0.000,0,0,0,16766,16766,0,0
travel,78.425,1882.9,1459.891,1459.891,fly,0.860,ok,2601,0,0,192.00,296742912,428892160,114090264,95883264,18123768,2904,7449760,22132800,958,16766,16766,0,0,0,0,0,0,0,0,0.063,0.077,0.000,0,0,0,16766,16766,0,0
travel,78.457,1883.6,1460.431,1460.431,fly,1.315,ok,2601,0,0,192.00,296742912,428892160,114090264,95883264,18123768,2904,7449760,22132800,958,16766,16766,0,0,0,0,0,0,0,0,0.275,0.098,0.000,0,0,0,16766,16766,0,0
travel,78.489,1884.4,1460.974,1460.974,fly,0.853,ok,2601,0,0,192.00,296742912,428892160,114090264,95883264,18123768,2904,7449760,22132800,958,16766,16766,0,0,0,0,0,0,0,0,0.061,0.069,0.000,0,0,0,16766,16766,0,0
travel,78.522,1885.2,1461.540,1461.540,fly,0.818,ok,2601,0,0,192.00,296742912,428892160,114090264,95883264,18123768,2904,7449760,22132800,958,16766,16766,0,0,0,0,0,0,0,0,0.060,0.065,0.000,0,0,0,16766,16766,0,0
travel,78.554,1886.0,1462.082,1462.082,fly,1.380,ok,2601,0,0,192.00,296742912,428892160,114090264,95883264,18123768,2904,7449760,22132800,958,16766,16766,0,0,0,0,0,0,0,0,0.473,0.111,0.000,0,0,0,16766,16766,0,0
travel,78.587,1886.8,1462.638,1462.638,fly,0.935,ok,2601,0,0,192.00,296742912,428892160,114090264,95883264,18123768,2904,7449760,22132800,958,16766,16766,0,0,0,0,0,0,0,0,0.069,0.109,0.000,0,0,0,16766,16766,0,0
travel,78.619,1887.5,1463.186,1463.186,fly,1.001,ok,2601,0,0,192.00,296742912,428892160,114090264,95883264,18123768,2904,7449760,22132800,958,16766,16766,0,0,0,0,0,0,0,0,0.069,0.167,0.000,0,0,0,16766,16766,0,0
travel,78.652,1888.3,1463.747,1463.747,fly,1.261,ok,2601,0,0,192.00,296742912,428892160,114090264,95883264,18123768,2904,7449760,22132800,958,16766,16766,0,0,0,0,0,0,0,0,0.082,0.406,0.000,0,0,0,16766,16766,0,0
travel,78.698,1889.4,1464.532,1464.532,fly,1.075,ok,2601,0,0,192.00,297660416,430497792,114090264,95883264,18123768,2904,11174640,22132800,958,16867,16867,0,0,0,0,0,0,0,0,0.064,0.083,0.000,0,0,0,16867,16867,0,0
travel,78.730,1890.2,1465.069,1465.069,fly,1.291,ok,2601,0,0,192.00,297660416,430497792,114090264,95883264,18123768,2904,11174640,22132800,958,16867,16867,0,0,0,0,0,0,0,0,0.138,0.104,0.000,0,0,0,16867,16867,0,0
travel,78.762,1891.0,1465.619,1465.619,fly,0.838,ok,2601,0,0,192.00,297660416,430497792,114090264,95883264,18123768,2904,11174640,22132800,958,16867,16867,0,0,0,0,0,0,0,0,0.063,0.067,0.000,0,0,0,16867,16867,0,0
travel,78.796,1891.8,1466.192,1466.192,fly,0.833,ok,2601,0,0,192.00,297660416,430497792,114090264,95883264,18123768,2904,11174640,22132800,958,16867,16867,0,0,0,0,0,0,0,0,0.062,0.066,0.000,0,0,0,16867,16867,0,0
travel,78.829,1892.6,1466.762,1466.762,fly,0.856,ok,2601,0,0,192.00,297660416,430497792,114090264,95883264,18123768,2904,7449760,22132800,958,16867,16867,0,0,0,0,0,0,0,0,0.062,0.072,0.000,0,0,0,16867,16867,0,0
travel,78.861,1893.3,1467.289,1467.289,fly,0.823,ok,2601,0,0,192.00,297660416,430497792,114090264,95883264,18123768,2904,7449760,22132800,958,16867,16867,0,0,0,0,0,0,0,0,0.062,0.067,0.000,0,0,0,16867,16867,0,0
travel,78.892,1894.1,1467.831,1467.831,fly,1.257,ok,2601,0,0,192.00,297660416,430497792,114090264,95883264,18123768,2904,7449760,22132800,958,16867,16867,0,0,0,0,0,0,0,0,0.073,0.130,0.000,0,0,0,16867,16867,0,0
travel,78.926,1894.9,1468.407,1468.407,fly,1.262,ok,2601,0,0,192.00,297660416,430497792,114090264,95883264,18123768,2904,7449760,22132800,958,16867,16867,0,0,0,0,0,0,0,0,0.152,0.130,0.000,0,0,0,16867,16867,0,0
travel,78.960,1895.7,1468.976,1468.976,fly,0.907,ok,2601,0,0,192.00,297660416,430497792,114090264,95883264,18123768,2904,7449760,22132800,958,16867,16867,0,0,0,0,0,0,0,0,0.131,0.061,0.000,0,0,0,16867,16867,0,0
travel,78.993,1896.5,1469.546,1469.546,fly,0.824,ok,2601,0,0,192.00,297660416,430497792,114090264,95883264,18123768,2904,7449760,22132800,958,16867,16867,0,0,0,0,0,0,0,0,0.060,0.079,0.000,0,0,0,16867,16867,0,0
travel,79.024,1897.3,1470.069,1470.069,fly,0.801,ok,2601,0,0,192.00,297660416,430497792,114090264,95883264,18123768,2904,7449760,22132800,958,16867,16867,0,0,0,0,0,0,0,0,0.061,0.066,0.000,0,0,0,16867,16867,0,0
travel,79.057,1898.1,1470.630,1470.630,fly,0.845,ok,2601,0,0,192.00,297660416,430497792,114090264,95883264,18123768,2904,7449760,22132800,958,16867,16867,0,0,0,0,0,0,0,0,0.061,0.073,0.000,0,0,0,16867,16867,0,0
travel,79.089,1898.8,1471.175,1471.175,fly,1.068,ok,2601,0,0,192.00,297660416,430497792,114090264,95883264,18123768,2904,7449760,22132800,958,16867,16867,0,0,0,0,0,0,0,0,0.189,0.120,0.000,0,0,0,16867,16867,0,0
travel,79.123,1899.6,1471.743,1471.743,fly,1.030,ok,2601,0,0,192.00,297660416,430497792,114090264,95883264,18123768,2904,7449760,22132800,958,16867,16867,0,0,0,0,0,0,0,0,0.067,0.134,0.000,0,0,0,16867,16867,0,0
travel,79.166,1900.7,1472.475,1472.475,fly,1.288,ok,2601,0,0,192.00,298315776,430497792,114090264,95883264,18123768,2904,11174640,22132800,958,16968,16968,0,0,0,0,0,0,0,0,0.358,0.093,0.000,0,0,0,16968,16968,0,0
travel,79.198,1901.5,1473.029,1473.029,fly,1.092,ok,2601,0,0,192.00,298315776,430497792,114090264,95883264,18123768,2904,11174640,22132800,958,16968,16968,0,0,0,0,0,0,0,0,0.072,0.128,0.000,0,0,0,16968,16968,0,0
travel,79.231,1902.2,1473.590,1473.590,fly,0.995,ok,2601,0,0,192.00,298315776,430497792,114090264,95883264,18123768,2904,11174640,22132800,958,16968,16968,0,0,0,0,0,0,0,0,0.135,0.149,0.000,0,0,0,16968,16968,0,0
travel,79.265,1903.1,1474.160,1474.160,fly,0.821,ok,2601,0,0,192.00,298315776,430497792,114090264,95883264,18123768,2904,11174640,22132800,958,16968,16968,0,0,0,0,0,0,0,0,0.061,0.066,0.000,0,0,0,16968,16968,0,0
travel,79.298,1903.9,1474.727,1474.727,fly,0.824,ok,2601,0,0,192.00,298315776,430497792,114090264,95883264,18123768,2904,7449760,22132800,958,16968,16968,0,0,0,0,0,0,0,0,0.060,0.066,0.000,0,0,0,16968,16968,0,0
travel,79.330,1904.6,1475.268,1475.268,fly,0.819,ok,2601,0,0,192.00,298315776,430497792,114090264,95883264,18123768,2904,7449760,22132800,958,16968,16968,0,0,0,0,0,0,0,0,0.062,0.071,0.000,0,0,0,16968,16968,0,0
travel,79.363,1905.4,1475.822,1475.822,fly,1.130,ok,2601,0,0,192.00,298315776,430497792,114090264,95883264,18123768,2904,7449760,22132800,958,16968,16968,0,0,0,0,0,0,0,0,0.066,0.101,0.000,0,0,0,16968,16968,0,0
travel,79.399,1906.3,1476.430,1476.430,fly,0.886,ok,2601,0,0,192.00,298315776,430497792,114090264,95883264,18123768,2904,7449760,22132800,958,16968,16968,0,0,0,0,0,0,0,0,0.063,0.079,0.000,0,0,0,16968,16968,0,0
travel,79.431,1907.0,1476.974,1476.974,fly,0.814,ok,2601,0,0,192.00,298315776,430497792,114090264,95883264,18123768,2904,7449760,22132800,958,16968,16968,0,0,0,0,0,0,0,0,0.061,0.063,0.000,0,0,0,16968,16968,0,0
travel,79.464,1907.8,1477.537,1477.537,fly,0.941,ok,2601,0,0,192.00,298315776,430497792,114090264,95883264,18123768,2904,7449760,22132800,958,16968,16968,0,0,0,0,0,0,0,0,0.104,0.077,0.000,0,0,0,16968,16968,0,0
travel,79.497,1908.6,1478.106,1478.106,fly,0.821,ok,2601,0,0,192.00,298315776,430497792,114090264,95883264,18123768,2904,7449760,22132800,958,16968,16968,0,0,0,0,0,0,0,0,0.061,0.067,0.000,0,0,0,16968,16968,0,0
travel,79.531,1909.4,1478.674,1478.674,fly,0.815,ok,2601,0,0,192.00,298315776,430497792,114090264,95883264,18123768,2904,7449760,22132800,958,16968,16968,0,0,0,0,0,0,0,0,0.060,0.066,0.000,0,0,0,16968,16968,0,0
travel,79.563,1910.2,1479.231,1479.231,fly,1.549,ok,2601,0,0,192.00,298315776,430497792,114090264,95883264,18123768,2904,7449760,22132800,958,16968,16968,0,0,0,0,0,0,0,0,0.095,0.119,0.000,0,0,0,16968,16968,0,0
travel,79.596,1911.0,1479.780,1479.780,fly,1.177,ok,2601,0,0,192.00,298315776,430497792,114090264,95883264,18123768,2904,7449760,22132800,958,16968,16968,0,0,0,0,0,0,0,0,0.063,0.086,0.000,0,0,0,16968,16968,0,0
travel,79.639,1912.0,1480.510,1480.510,fly,0.825,ok,2601,0,0,192.00,298844160,431026176,114090264,95883264,18123768,2904,11174640,22132800,958,17069,17069,0,0,0,0,0,0,0,0,0.061,0.069,0.000,0,0,0,17069,17069,0,0
travel,79.672,1912.8,1481.067,1481.067,fly,0.843,ok,2601,0,0,192.00,298844160,431026176,114090264,95883264,18123768,2904,11174640,22132800,958,17069,17069,0,0,0,0,0,0,0,0,0.062,0.069,0.000,0,0,0,17069,17069,0,0
travel,79.704,1913.6,1481.621,1481.621,fly,0.973,ok,2601,0,0,192.00,298844160,431026176,114090264,95883264,18123768,2904,11174640,22132800,958,17069,17069,0,0,0,0,0,0,0,0,0.067,0.086,0.000,0,0,0,17069,17069,0,0
travel,79.737,1914.4,1482.181,1482.181,fly,2.019,ok,2601,0,0,192.00,298844160,431026176,114090264,95883264,18123768,2904,11174640,22132800,958,17069,17069,0,0,0,0,0,0,0,0,0.210,0.137,0.000,0,0,0,17069,17069,0,0
travel,79.770,1915.2,1482.740,1482.740,fly,0.948,ok,2601,0,0,192.00,298844160,431026176,114090264,95883264,18123768,2904,7449760,22132800,958,17069,17069,0,0,0,0,0,0,0,0,0.061,0.155,0.000,0,0,0,17069,17069,0,0
travel,79.803,1916.0,1483.309,1483.309,fly,0.898,ok,2601,0,0,192.00,298844160,431026176,114090264,95883264,18123768,2904,7449760,22132800,958,17069,17069,0,0,0,0,0,0,0,0,0.130,0.066,0.000,0,0,0,17069,17069,0,0
travel,79.837,1916.8,1483.881,1483.881,fly,1.220,ok,2601,0,0,192.00,298844160,431026176,114090264,95883264,18123768,2904,7449760,22132800,958,17069,17069,0,0,0,0,0,0,0,0,0.065,0.094,0.000,0,0,0,17069,17069,0,0
travel,79.872,1917.6,1484.480,1484.480,fly,0.867,ok,2601,0,0,192.00,298844160,431026176,114090264,95883264,18123768,2904,7449760,22132800,958,17069,17069,0,0,0,0,0,0,0,0,0.061,0.073,0.000,0,0,0,17069,17069,0,0
travel,79.907,1918.5,1485.060,1485.060,fly,0.825,ok,2601,0,0,192.00,298844160,431026176,114090264,95883264,18123768,2904,7449760,22132800,958,17069,17069,0,0,0,0,0,0,0,0,0.060,0.065,0.000,0,0,0,17069,17069,0,0
travel,79.940,1919.3,1485.631,1485.631,fly,0.996,ok,2601,0,0,192.00,298844160,431026176,114090264,95883264,18123768,2904,7449760,22132800,958,17069,17069,0,0,0,0,0,0,0,0,0.073,0.116,0.000,0,0,0,17069,17069,0,0
travel,79.974,1920.1,1486.208,1486.208,fly,0.920,ok,2601,0,0,192.00,298844160,431026176,114090264,95883264,18123768,2904,7449760,22132800,958,17069,17069,0,0,0,0,0,0,0,0,0.062,0.075,0.000,0,0,0,17069,17069,0,0
travel,80.005,1920.8,1486.732,1486.732,fly,1.210,ok,2601,0,0,192.00,298844160,431026176,114090264,95883264,18123768,2904,7449760,22132800,958,17069,17069,0,0,0,0,0,0,0,0,0.066,0.098,0.000,0,0,0,17069,17069,0,0
travel,80.038,1921.6,1487.289,1487.289,fly,1.320,ok,2601,0,0,192.00,298844160,431026176,114090264,95883264,18123768,2904,7449760,22132800,958,17069,17069,0,0,0,0,0,0,0,0,0.317,0.130,0.000,0,0,0,17069,17069,0,0
travel,80.071,1922.4,1487.861,1487.861,fly,0.878,ok,2601,0,0,192.00,298844160,431026176,114090264,95883264,18123768,2904,7449760,22132800,958,17069,17069,0,0,0,0,0,0,0,0,0.131,0.064,0.000,0,0,0,17069,17069,0,0
travel,80.116,1923.5,1488.612,1488.612,fly,0.960,ok,2601,0,0,192.00,299565056,432074752,114090264,95883264,18123768,2904,11174640,22132800,958,17170,17170,0,0,0,0,0,0,0,0,0.066,0.153,0.000,0,0,0,17170,17170,0,0
travel,80.149,1924.3,1489.180,1489.180,fly,1.057,ok,2601,0,0,192.00,299630592,432074752,114090264,95883264,18123768,2904,11174640,22132800,958,17170,17170,0,0,0,0,0,0,0,0,0.068,0.092,0.000,0,0,0,17170,17170,0,0
travel,80.180,1925.0,1489.712,1489.712,fly,1.196,ok,2601,0,0,192.00,299630592,432074752,114090264,95883264,18123768,2904,11174640,22132800,958,17170,17170,0,0,0,0,0,0,0,0,0.141,0.144,0.000,0,0,0,17170,17170,0,0
travel,80.214,1925.8,1490.277,1490.277,fly,1.073,ok,2601,0,0,192.00,299630592,432074752,114090264,95883264,18123768,2904,7449760,22132800,958,17170,17170,0,0,0,0,0,0,0,0,0.314,0.067,0.000,0,0,0,17170,17170,0,0
travel,80.247,1926.6,1490.847,1490.847,fly,1.053,ok,2601,0,0,192.00,299630592,432074752,114090264,95883264,18123768,2904,7449760,22132800,958,17170,17170,0,0,0,0,0,0,0,0,0.071,0.118,0.000,0,0,0,17170,17170,0,0
travel,80.281,1927.5,1491.419,1491.419,fly,1.270,ok,2601,0,0,192.00,299630592,432074752,114090264,95883264,18123768,2904,7449760,22132800,958,17170,17170,0,0,0,0,0,0,0,0,0.078,0.129,0.000,0,0,0,17170,17170,0,0
travel,80.314,1928.3,1491.983,1491.983,fly,0.826,ok,2601,0,0,192.00,299630592,432074752,114090264,95883264,18123768,2904,7449760,22132800,958,17170,17170,0,0,0,0,0,0,0,0,0.061,0.065,0.000,0,0,0,17170,17170,0,0
travel,80.348,1929.1,1492.550,1492.550,fly,0.834,ok,2601,0,0,192.00,299630592,432074752,114090264,95883264,18123768,2904,7449760,22132800,958,17170,17170,0,0,0,0,0,0,0,0,0.061,0.069,0.000,0,0,0,17170,17170,0,0
travel,80.381,1929.9,1493.125,1493.125,fly,1.018,ok,2601,0,0,192.00,299630592,432074752,114090264,95883264,18123768,2904,7449760,22132800,958,17170,17170,0,0,0,0,0,0,0,0,0.066,0.078,0.000,0,0,0,17170,17170,0,0
travel,80.414,1930.6,1493.675,1493.675,fly,1.142,ok,2601,0,0,192.00,299630592,432074752,114090264,95883264,18123768,2904,7449760,22132800,958,17170,17170,0,0,0,0,0,0,0,0,0.144,0.131,0.000,0,0,0,17170,17170,0,0
travel,80.446,1931.4,1494.224,1494.224,fly,0.951,ok,2601,0,0,192.00,299630592,432074752,114090264,95883264,18123768,2904,7449760,22132800,958,17170,17170,0,0,0,0,0,0,0,0,0.152,0.078,0.000,0,0,0,17170,17170,0,0
travel,80.480,1932.2,1494.805,1494.805,fly,0.896,ok,2601,0,0,192.00,299630592,432074752,114090264,95883264,18123768,2904,7449760,22132800,958,17170,17170,0,0,0,0,0,0,0,0,0.133,0.067,0.000,0,0,0,17170,17170,0,0
travel,80.514,1933.1,1495.373,1495.373,fly,0.854,ok,2601,0,0,192.00,299630592,432074752,114090264,95883264,18123768,2904,7449760,22132800,958,17170,17170,0,0,0,0,0,0,0,0,0.061,0.071,0.000,0,0,0,17170,17170,0,0
travel,80.545,1933.8,1495.899,1495.899,fly,0.841,ok,2601,0,0,192.00,299630592,432074752,114090264,95883264,18123768,2904,7449760,22132800,958,17170,17170,0,0,0,0,0,0,0,0,0.061,0.069,0.000,0,0,0,17170,17170,0,0
travel,80.587,1934.8,1496.626,1496.626,fly,0.910,ok,2601,0,0,192.00,300687360,433651712,114090264,95883264,18123768,2904,11174640,22132800,958,17271,17271,0,0,0,0,0,0,0,0,0.132,0.077,0.000,0,0,0,17271,17271,0,0
travel,80.622,1935.6,1497.206,1497.206,fly,0.880,ok,2601,0,0,192.00,300687360,433651712,114090264,95883264,18123768,2904,11174640,22132800,958,17271,17271,0,0,0,0,0,0,0,0,0.062,0.074,0.000,0,0,0,17271,17271,0,0
travel,80.655,1936.4,1497.772,1497.772,fly,0.849,ok,2601,0,0,192.00,300687360,433651712,114090264,95883264,18123768,2904,11174640,22132800,958,17271,17271,0,0,0,0,0,0,0,0,0.062,0.076,0.000,0,0,0,17271,17271,0,0
travel,80.686,1937.2,1498.297,1498.297,fly,0.984,ok,2601,0,0,192.00,300687360,433651712,114090264,95883264,18123768,2904,7449760,22132800,958,17271,17271,0,0,0,0,0,0,0,0,0.064,0.081,0.000,0,0,0,17271,17271,0,0
travel,80.718,1938.0,1498.841,1498.841,fly,1.383,ok,2601,0,0,192.00,300687360,433651712,114090264,95883264,18123768,2904,7449760,22132800,958,17271,17271,0,0,0,0,0,0,0,0,0.428,0.118,0.000,0,0,0,17271,17271,0,0
travel,80.751,1938.7,1499.401,1499.401,fly,0.917,ok,2601,0,0,192.00,300687360,433651712,114090264,95883264,18123768,2904,7449760,22132800,958,17271,17271,0,0,0,0,0,0,0,0,0.133,0.066,0.000,0,0,0,17271,17271,0,0
travel,80.784,1939.5,1499.961,1499.961,fly,0.977,ok,2601,0,0,192.00,300687360,433651712,114090264,95883264,18123768,2904,7449760,22132800,958,17271,17271,0,0,0,0,0,0,0,0,0.178,0.073,0.000,0,0,0,17271,17271,0,0
travel,80.817,1940.3,1500.527,1500.527,fly,0.808,ok,2601,0,0,192.00,300687360,433651712,114090264,95883264,18123768,2904,7449760,22132800,958,17271,17271,0,0,0,0,0,0,0,0,0.061,0.067,0.000,0,0,0,17271,17271,0,0
travel,80.849,1941.1,1501.066,1501.066,fly,1.292,ok,2601,0,0,192.00,300687360,433651712,114090264,95883264,18123768,2904,7449760,22132800,958,17271,17271,0,0,0,0,0,0,0,0,0.077,0.111,0.000,0,0,0,17271,17271,0,0
travel,80.881,1941.9,1501.619,1501.619,fly,1.023,ok,2601,0,0,192.00,300687360,433651712,114090264,95883264,18123768,2904,7449760,22132800,958,17271,17271,0,0,0,0,0,0,0,0,0.070,0.110,0.000,0,0,0,17271,17271,0,0
travel,80.913,1942.7,1502.164,1502.164,fly,0.918,ok,2601,0,0,192.00,300687360,433651712,114090264,95883264,18123768,2904,7449760,22132800,958,17271,17271,0,0,0,0,0,0,0,0,0.155,0.066,0.000,0,0,0,17271,17271,0,0
travel,80.945,1943.4,1502.709,1502.709,fly,1.028,ok,2601,0,0,192.00,300687360,433651712,114090264,95883264,18123768,2904,7449760,22132800,958,17271,17271,0,0,0,0,0,0,0,0,0.119,0.079,0.000,0,0,0,17271,17271,0,0
travel,80.979,1944.2,1503.274,1503.274,fly,0.851,ok,2601,0,0,192.00,300687360,433651712,114090264,95883264,18123768,2904,7449760,22132800,958,17271,17271,0,0,0,0,0,0,0,0,0.060,0.077,0.000,0,0,0,17271,17271,0,0
travel,81.011,1945.0,1503.815,1503.815,fly,0.851,ok,2601,0,0,192.00,300687360,433651712,114090264,95883264,18123768,2904,7449760,22132800,958,17271,17271,0,0,0,0,0,0,0,0,0.064,0.075,0.000,0,0,0,17271,17271,0,0
travel,81.054,1946.0,1504.556,1504.556,fly,0.897,ok,2601,0,0,192.00,301998080,434700288,114090264,95883264,18123768,2904,11174640,22132800,958,17372,17372,0,0,0,0,0,0,0,0,0.134,0.068,0.000,0,0,0,17372,17372,0,0
travel,81.087,1946.8,1505.112,1505.112,fly,0.831,ok,2601,0,0,192.00,301998080,434700288,114090264,95883264,18123768,2904,11174640,22132800,958,17372,17372,0,0,0,0,0,0,0,0,0.062,0.070,0.000,0,0,0,17372,17372,0,0
travel,81.118,1947.6,1505.639,1505.639,fly,0.823,ok,2601,0,0,192.00,301998080,434700288,114090264,95883264,18123768,2904,11174640,22132800,958,17372,17372,0,0,0,0,0,0,0,0,0.062,0.071,0.000,0,0,0,17372,17372,0,0
travel,81.150,1948.3,1506.187,1506.187,fly,1.243,ok,2601,0,0,192.00,301998080,434700288,114090264,95883264,18123768,2904,11174640,22132800,958,17372,17372,0,0,0,0,0,0,0,0,0.240,0.109,0.000,0,0,0,17372,17372,0,0
travel,81.183,1949.1,1506.750,1506.750,fly,1.720,ok,2601,0,0,192.00,301998080,434700288,114090264,95883264,18123768,2904,7449760,22132800,958,17372,17372,0,0,0,0,0,0,0,0,0.161,0.165,0.000,0,0,0,17372,17372,0,0
travel,81.216,1949.9,1507.311,1507.311,fly,0.928,ok,2601,0,0,192.00,301998080,434700288,114090264,95883264,18123768,2904,7449760,22132800,958,17372,17372,0,0,0,0,0,0,0,0,0.166,0.069,0.000,0,0,0,17372,17372,0,0
travel,81.250,1950.7,1507.880,1507.880,fly,0.858,ok,2601,0,0,192.00,301998080,434700288,114090264,95883264,18123768,2904,7449760,22132800,958,17372,17372,0,0,0,0,0,0,0,0,0.062,0.072,0.000,0,0,0,17372,17372,0,0
travel,81.283,1951.5,1508.435,1508.435,fly,0.925,ok,2601,0,0,192.00,301998080,434700288,114090264,95883264,18123768,2904,7449760,22132800,958,17372,17372,0,0,0,0,0,0,0,0,0.066,0.078,0.000,0,0,0,17372,17372,0,0
travel,81.315,1952.3,1508.991,1508.991,fly,0.972,ok,2601,0,0,192.00,301998080,434700288,114090264,95883264,18123768,2904,7449760,22132800,958,17372,17372,0,0,0,0,0,0,0,0,0.063,0.084,0.000,0,0,0,17372,17372,0,0
travel,81.348,1953.1,1509.544,1509.544,fly,1.140,ok,2601,0,0,192.00,301998080,434700288,114090264,95883264,18123768,2904,7449760,22132800,958,17372,17372,0,0,0,0,0,0,0,0,0.153,0.108,0.000,0,0,0,17372,17372,0,0
travel,81.381,1953.9,1510.110,1510.110,fly,0.946,ok,2601,0,0,192.00,301998080,434700288,114090264,95883264,18123768,2904,7449760,22132800,958,17372,17372,0,0,0,0,0,0,0,0,0.132,0.077,0.000,0,0,0,17372,17372,0,0
travel,81.413,1954.6,1510.646,1510.646,fly,0.925,ok,2601,0,0,192.00,301998080,434700288,114090264,95883264,18123768,2904,7449760,22132800,958,17372,17372,0,0,0,0,0,0,0,0,0.063,0.081,0.000,0,0,0,17372,17372,0,0
travel,81.446,1955.5,1511.216,1511.216,fly,0.819,ok,2601,0,0,192.00,301998080,434700288,114090264,95883264,18123768,2904,7449760,22132800,958,17372,17372,0,0,0,0,0,0,0,0,0.060,0.067,0.000,0,0,0,17372,17372,0,0
travel,81.479,1956.2,1511.771,1511.771,fly,1.099,ok,2601,0,0,192.00,301998080,434700288,114090264,95883264,18123768,2904,7449760,22132800,958,17372,17372,0,0,0,0,0,0,0,0,0.063,0.087,0.000,0,0,0,17372,17372,0,0
travel,81.523,1957.3,1512.522,1512.522,fly,0.888,ok,2601,0,0,192.00,303005696,435752960,114090264,95883264,18123768,2904,11174640,22132800,958,17473,17473,0,0,0,0,0,0,0,0,0.131,0.062,0.000,0,0,0,17473,17473,0,0
travel,81.557,1958.1,1513.090,1513.090,fly,0.843,ok,2601,0,0,192.00,303005696,435752960,114090264,95883264,18123768,2904,11174640,22132800,958,17473,17473,0,0,0,0,0,0,0,0,0.061,0.069,0.000,0,0,0,17473,17473,0,0
travel,81.592,1959.0,1513.690,1513.690,fly,0.832,ok,2601,0,0,192.00,303005696,435752960,114090264,95883264,18123768,2904,11174640,22132800,958,17473,17473,0,0,0,0,0,0,0,0,0.062,0.071,0.000,0,0,0,17473,17473,0,0
travel,81.623,1959.7,1514.215,1514.215,fly,0.854,ok,2601,0,0,192.00,303005696,435752960,114090264,95883264,18123768,2904,11174640,22132800,958,17473,17473,0,0,0,0,0,0,0,0,0.062,0.076,0.000,0,0,0,17473,17473,0,0
travel,81.655,1960.5,1514.766,1514.766,fly,1.156,ok,2601,0,0,192.00,303005696,435752960,114090264,95883264,18123768,2904,7449760,22132800,958,17473,17473,0,0,0,0,0,0,0,0,0.064,0.096,0.000,0,0,0,17473,17473,0,0
travel,81.689,1961.3,1515.334,1515.334,fly,1.395,ok,2601,0,0,192.00,303005696,435752960,114090264,95883264,18123768,2904,7449760,22132800,958,17473,17473,0,0,0,0,0,0,0,0,0.422,0.110,0.000,0,0,0,17473,17473,0,0
travel,81.720,1962.0,1515.865,1515.865,fly,0.812,ok,2601,0,0,192.00,303005696,435752960,114090264,95883264,18123768,2904,7449760,22132800,958,17473,17473,0,0,0,0,0,0,0,0,0.061,0.070,0.000,0,0,0,17473,17473,0,0
travel,81.753,1962.8,1516.420,1516.420,fly,0.825,ok,2601,0,0,192.00,303005696,435752960,114090264,95883264,18123768,2904,7449760,22132800,958,17473,17473,0,0,0,0,0,0,0,0,0.061,0.065,0.000,0,0,0,17473,17473,0,0
travel,81.785,1963.6,1516.969,1516.969,fly,1.178,ok,2601,0,0,192.00,303005696,435752960,114090264,95883264,18123768,2904,7449760,22132800,958,17473,17473,0,0,0,0,0,0,0,0,0.162,0.120,0.000,0,0,0,17473,17473,0,0
travel,81.818,1964.4,1517.537,1517.537,fly,1.214,ok,2601,0,0,192.00,303005696,435752960,114090264,95883264,18123768,2904,7449760,22132800,958,17473,17473,0,0,0,0,0,0,0,0,0.065,0.114,0.000,0,0,0,17473,17473,0,0
travel,81.850,1965.2,1518.083,1518.083,fly,1.005,ok,2601,0,0,192.00,303005696,435752960,114090264,95883264,18123768,2904,7449760,22132800,958,17473,17473,0,0,0,0,0,0,0,0,0.150,0.109,0.000,0,0,0,17473,17473,0,0
travel,81.883,1965.9,1518.632,1518.632,fly,1.298,ok,2601,0,0,192.00,303005696,435752960,114090264,95883264,18123768,2904,7449760,22132800,958,17473,17473,0,0,0,0,0,0,0,0,0.348,0.242,0.000,0,0,0,17473,17473,0,0
travel,81.917,1966.8,1519.206,1519.206,fly,0.816,ok,2601,0,0,192.00,303005696,435752960,114090264,95883264,18123768,2904,7449760,22132800,958,17473,17473,0,0,0,0,0,0,0,0,0.059,0.063,0.000,0,0,0,17473,17473,0,0
travel,81.951,1967.6,1519.793,1519.793,fly,0.960,ok,2601,0,0,192.00,303005696,435752960,114090264,95883264,18123768,2904,7449760,22132800,958,17473,17473,0,0,0,0,0,0,0,0,0.069,0.136,0.000,0,0,0,17473,17473,0,0
travel,81.997,1968.7,1520.577,1520.577,fly,1.137,ok,2601,0,0,192.00,304119808,436801536,114090264,95883264,18123768,2904,11174640,22132800,958,17574,17574,0,0,0,0,0,0,0,0,0.065,0.079,0.000,0,0,0,17574,17574,0,0
travel,82.030,1969.5,1521.139,1521.139,fly,1.146,ok,2601,0,0,192.00,304119808,436801536,114090264,95883264,18123768,2904,11174640,22132800,958,17574,17574,0,0,0,0,0,0,0,0,0.066,0.092,0.000,0,0,0,17574,17574,0,0
travel,82.064,1970.3,1521.704,1521.704,fly,0.963,ok,2601,0,0,192.00,304119808,436801536,114090264,95883264,18123768,2904,11174640,22132800,958,17574,17574,0,0,0,0,0,0,0,0,0.074,0.137,0.000,0,0,0,17574,17574,0,0
travel,82.096,1971.1,1522.250,1522.250,fly,0.834,ok,2601,0,0,192.00,304119808,436801536,114090264,95883264,18123768,2904,11174640,22132800,958,17574,17574,0,0,0,0,0,0,0,0,0.062,0.074,0.000,0,0,0,17574,17574,0,0
travel,82.127,1971.8,1522.779,1522.779,fly,0.831,ok,2601,0,0,192.00,304119808,436801536,114090264,95883264,18123768,2904,7449760,22132800,958,17574,17574,0,0,0,0,0,0,0,0,0.062,0.066,0.000,0,0,0,17574,17574,0,0
travel,82.160,1972.6,1523.336,1523.336,fly,1.184,ok,2601,0,0,192.00,304119808,436801536,114090264,95883264,18123768,2904,7449760,22132800,958,17574,17574,0,0,0,0,0,0,0,0,0.076,0.131,0.000,0,0,0,17574,17574,0,0
travel,82.193,1973.4,1523.909,1523.909,fly,1.044,ok,2601,0,0,192.00,304119808,436801536,114090264,95883264,18123768,2904,7449760,22132800,958,17574,17574,0,0,0,0,0,0,0,0,0.073,0.114,0.000,0,0,0,17574,17574,0,0
travel,82.225,1974.2,1524.451,1524.451,fly,0.866,ok,2601,0,0,192.00,304119808,436801536,114090264,95883264,18123768,2904,7449760,22132800,958,17574,17574,0,0,0,0,0,0,0,0,0.061,0.070,0.000,0,0,0,17574,17574,0,0
travel,82.258,1975.0,1525.003,1525.003,fly,0.892,ok,2601,0,0,192.00,304119808,436801536,114090264,95883264,18123768,2904,7449760,22132800,958,17574,17574,0,0,0,0,0,0,0,0,0.061,0.066,0.000,0,0,0,17574,17574,0,0
travel,82.292,1975.8,1525.578,1525.578,fly,0.808,ok,2601,0,0,192.00,304119808,436801536,114090264,95883264,18123768,2904,7449760,22132800,958,17574,17574,0,0,0,0,0,0,0,0,0.060,0.066,0.000,0,0,0,17574,17574,0,0
travel,82.325,1976.6,1526.150,1526.150,fly,1.071,ok,2601,0,0,192.00,304119808,436801536,114090264,95883264,18123768,2904,7449760,22132800,958,17574,17574,0,0,0,0,0,0,0,0,0.063,0.090,0.000,0,0,0,17574,17574,0,0
travel,82.357,1977.3,1526.690,1526.690,fly,1.065,ok,2601,0,0,192.00,304119808,436801536,114090264,95883264,18123768,2904,7449760,22132800,958,17574,17574,0,0,0,0,0,0,0,0,0.071,0.112,0.000,0,0,0,17574,17574,0,0
travel,82.389,1978.1,1527.233,1527.233,fly,0.880,ok,2601,0,0,192.00,304119808,436801536,114090264,95883264,18123768,2904,7449760,22132800,958,17574,17574,0,0,0,0,0,0,0,0,0.130,0.063,0.000,0,0,0,17574,17574,0,0
travel,82.421,1978.9,1527.774,1527.774,fly,0.822,ok,2601,0,0,192.00,304119808,436801536,114090264,95883264,18123768,2904,7449760,22132800,958,17574,17574,0,0,0,0,0,0,0,0,0.063,0.064,0.000,0,0,0,17574,17574,0,0
travel,82.467,1980.0,1528.551,1528.551,fly,0.969,ok,2601,0,0,192.00,304840704,437329920,114090264,95883264,18123768,2904,11174640,22132800,958,17675,17675,0,0,0,0,0,0,0,0,0.072,0.114,0.000,0,0,0,17675,17675,0,0
travel,82.499,1980.7,1529.094,1529.094,fly,1.113,ok,2601,0,0,192.00,304840704,437329920,114090264,95883264,18123768,2904,11174640,22132800,958,17675,17675,0,0,0,0,0,0,0,0,0.082,0.148,0.000,0,0,0,17675,17675,0,0
travel,82.532,1981.5,1529.663,1529.663,fly,0.961,ok,2601,0,0,192.00,304840704,437329920,114090264,95883264,18123768,2904,11174640,22132800,958,17675,17675,0,0,0,0,0,0,0,0,0.193,0.067,0.000,0,0,0,17675,17675,0,0
travel,82.565,1982.3,1530.216,1530.216,fly,0.829,ok,2601,0,0,192.00,304840704,437329920,114090264,95883264,18123768,2904,11174640,22132800,958,17675,17675,0,0,0,0,0,0,0,0,0.061,0.074,0.000,0,0,0,17675,17675,0,0
travel,82.595,1983.1,1530.736,1530.736,fly,0.811,ok,2601,0,0,192.00,304840704,437329920,114090264,95883264,18123768,2904,7449760,22132800,958,17675,17675,0,0,0,0,0,0,0,0,0.060,0.069,0.000,0,0,0,17675,17675,0,0
travel,82.628,1983.9,1531.302,1531.302,fly,1.154,ok,2601,0,0,192.00,304840704,437329920,114090264,95883264,18123768,2904,7449760,22132800,958,17675,17675,0,0,0,0,0,0,0,0,0.067,0.346,0.000,0,0,0,17675,17675,0,0
travel,82.660,1984.6,1531.842,1531.842,fly,0.813,ok,2601,0,0,192.00,304840704,437329920,114090264,95883264,18123768,2904,7449760,22132800,958,17675,17675,0,0,0,0,0,0,0,0,0.061,0.069,0.000,0,0,0,17675,17675,0,0
travel,82.694,1985.4,1532.414,1532.414,fly,0.819,ok,2601,0,0,192.00,304840704,437329920,114090264,95883264,18123768,2904,7449760,22132800,958,17675,17675,0,0,0,0,0,0,0,0,0.060,0.064,0.000,0,0,0,17675,17675,0,0
travel,82.726,1986.2,1532.960,1532.960,fly,0.816,ok,2601,0,0,192.00,304840704,437329920,114090264,95883264,18123768,2904,7449760,22132800,958,17675,17675,0,0,0,0,0,0,0,0,0.060,0.072,0.000,0,0,0,17675,17675,0,0
travel,82.758,1987.0,1533.503,1533.503,fly,0.832,ok,2601,0,0,192.00,304840704,437329920,114090264,95883264,18123768,2904,7449760,22132800,958,17675,17675,0,0,0,0,0,0,0,0,0.060,0.067,0.000,0,0,0,17675,17675,0,0
travel,82.791,1987.8,1534.071,1534.071,fly,0.887,ok,2601,0,0,192.00,304840704,437329920,114090264,95883264,18123768,2904,7449760,22132800,958,17675,17675,0,0,0,0,0,0,0,0,0.061,0.077,0.000,0,0,0,17675,17675,0,0
travel,82.823,1988.5,1534.604,1534.604,fly,1.319,ok,2601,0,0,192.00,304840704,437329920,114090264,95883264,18123768,2904,7449760,22132800,958,17675,17675,0,0,0,0,0,0,0,0,0.147,0.133,0.000,0,0,0,17675,17675,0,0
travel,82.854,1989.3,1535.140,1535.140,fly,0.908,ok,2601,0,0,192.00,304840704,437329920,114090264,95883264,18123768,2904,7449760,22132800,958,17675,17675,0,0,0,0,0,0,0,0,0.061,0.082,0.000,0,0,0,17675,17675,0,0
travel,82.888,1990.1,1535.713,1535.713,fly,0.835,ok,2601,0,0,192.00,304840704,437329920,114090264,95883264,18123768,2904,7449760,22132800,958,17675,17675,0,0,0,0,0,0,0,0,0.060,0.069,0.000,0,0,0,17675,17675,0,0
travel,82.932,1991.2,1536.464,1536.464,fly,1.467,ok,2601,0,0,192.00,305430528,437854208,114090264,95883264,18123768,2904,11174640,22132800,958,17776,17776,0,0,0,0,0,0,0,0,0.285,0.257,0.000,0,0,0,17776,17776,0,0
travel,82.965,1991.9,1537.012,1537.012,fly,0.901,ok,2601,0,0,192.00,305430528,437854208,114090264,95883264,18123768,2904,11174640,22132800,958,17776,17776,0,0,0,0,0,0,0,0,0.064,0.064,0.000,0,0,0,17776,17776,0,0
travel,82.997,1992.7,1537.559,1537.559,fly,0.820,ok,2601,0,0,192.00,305430528,437854208,114090264,95883264,18123768,2904,11174640,22132800,958,17776,17776,0,0,0,0,0,0,0,0,0.061,0.070,0.000,0,0,0,17776,17776,0,0
travel,83.031,1993.5,1538.137,1538.137,fly,1.046,ok,2601,0,0,192.00,305430528,437854208,114090264,95883264,18123768,2904,11174640,22132800,958,17776,17776,0,0,0,0,0,0,0,0,0.064,0.073,0.000,0,0,0,17776,17776,0,0
travel,83.062,1994.3,1538.663,1538.663,fly,0.827,ok,2601,0,0,192.00,305430528,437854208,114090264,95883264,18123768,2904,7449760,22132800,958,17776,17776,0,0,0,0,0,0,0,0,0.061,0.074,0.000,0,0,0,17776,17776,0,0
travel,83.094,1995.1,1539.218,1539.218,fly,1.275,ok,2601,0,0,192.00,305430528,437854208,114090264,95883264,18123768,2904,7449760,22132800,958,17776,17776,0,0,0,0,0,0,0,0,0.147,0.120,0.000,0,0,0,17776,17776,0,0
travel,83.127,1995.8,1539.765,1539.765,fly,1.104,ok,2601,0,0,192.00,305430528,437854208,114090264,95883264,18123768,2904,7449760,22132800,958,17776,17776,0,0,0,0,0,0,0,0,0.065,0.091,0.000,0,0,0,17776,17776,0,0
travel,83.158,1996.6,1540.305,1540.305,fly,0.818,ok,2601,0,0,192.00,305430528,437854208,114090264,95883264,18123768,2904,7449760,22132800,958,17776,17776,0,0,0,0,0,0,0,0,0.061,0.069,0.000,0,0,0,17776,17776,0,0
travel,83.191,1997.4,1540.857,1540.857,fly,1.111,ok,2601,0,0,192.00,305430528,437854208,114090264,95883264,18123768,2904,7449760,22132800,958,17776,17776,0,0,0,0,0,0,0,0,0.063,0.087,0.000,0,0,0,17776,17776,0,0
travel,83.223,1998.1,1541.401,1541.401,fly,1.344,ok,2601,0,0,192.00,305430528,437854208,114090264,95883264,18123768,2904,7449760,22132800,958,17776,17776,0,0,0,0,0,0,0,0,0.145,0.139,0.000,0,0,0,17776,17776,0,0
travel,83.257,1999.0,1541.978,1541.978,fly,1.310,ok,2601,0,0,192.00,305430528,437854208,114090264,95883264,18123768,2904,7449760,22132800,958,17776,17776,0,0,0,0,0,0,0,0,0.165,0.116,0.000,0,0,0,17776,17776,0,0
travel,83.290,1999.8,1542.539,1542.539,fly,0.894,ok,2601,0,0,192.00,305430528,437854208,114090264,95883264,18123768,2904,7449760,22132800,958,17776,17776,0,0,0,0,0,0,0,0,0.130,0.063,0.000,0,0,0,17776,17776,0,0
travel,83.325,2000.6,1543.132,1543.132,fly,1.323,ok,2601,0,0,192.00,305442816,437854208,114090264,95883264,18123768,2601,0,22132800,958,17776,17776,0,0,0,0,0,0,0,0,0.145,0.143,0.000,0,0,0,17776,17776,0,0
travel,83.360,2001.4,1543.730,1543.730,fly,1.384,ok,2601,0,0,192.00,305442816,437854208,114090264,95883264,18123768,2601,0,22132800,958,17776,17776,0,0,0,0,0,0,0,0,0.147,0.133,0.000,0,0,0,17776,17776,0,0
travel,83.406,2002.6,1544.517,1544.517,fly,1.207,ok,2601,0,0,192.00,305577984,437854208,114090264,95883264,18123768,2702,3724880,22132800,958,17877,17877,0,0,0,0,0,0,0,0,0.066,0.091,0.000,0,0,0,17877,17877,0,0
travel,83.441,2003.4,1545.107,1545.107,fly,0.872,ok,2601,0,0,192.00,305577984,437854208,114090264,95883264,18123768,2702,3724880,22132800,958,17877,17877,0,0,0,0,0,0,0,0,0.061,0.067,0.000,0,0,0,17877,17877,0,0
travel,83.474,2004.2,1545.668,1545.668,fly,1.116,ok,2601,0,0,192.00,305577984,437854208,114090264,95883264,18123768,2702,3724880,22132800,958,17877,17877,0,0,0,0,0,0,0,0,0.076,0.128,0.000,0,0,0,17877,17877,0,0
travel,83.508,2005.0,1546.250,1546.250,fly,0.871,ok,2601,0,0,192.00,305577984,437854208,114090264,95883264,18123768,2702,3724880,22132800,958,17877,17877,0,0,0,0,0,0,0,0,0.064,0.071,0.000,0,0,0,17877,17877,0,0
travel,83.542,2005.8,1546.824,1546.824,fly,0.862,ok,2601,0,0,192.00,305577984,437854208,114090264,95883264,18123768,2702,3724880,22132800,958,17877,17877,0,0,0,0,0,0,0,0,0.061,0.071,0.000,0,0,0,17877,17877,0,0
travel,83.576,2006.6,1547.397,1547.397,fly,0.865,ok,2601,0,0,192.00,305577984,437854208,114090264,95883264,18123768,2702,3724880,22132800,958,17877,17877,0,0,0,0,0,0,0,0,0.060,0.071,0.000,0,0,0,17877,17877,0,0
travel,83.610,2007.4,1547.970,1547.970,fly,1.229,ok,2601,0,0,192.00,305577984,437854208,114090264,95883264,18123768,2702,3724880,22132800,958,17877,17877,0,0,0,0,0,0,0,0,0.065,0.090,0.000,0,0,0,17877,17877,0,0
travel,83.642,2008.2,1548.524,1548.524,fly,1.326,ok,2601,0,0,192.00,305577984,437854208,114090264,95883264,18123768,2702,3724880,22132800,958,17877,17877,0,0,0,0,0,0,0,0,0.088,0.127,0.000,0,0,0,17877,17877,0,0
travel,83.676,2009.0,1549.100,1549.100,fly,0.962,ok,2601,0,0,192.00,305577984,437854208,114090264,95883264,18123768,2702,3724880,22132800,958,17877,17877,0,0,0,0,0,0,0,0,0.067,0.107,0.000,0,0,0,17877,17877,0,0
travel,83.709,2009.8,1549.662,1549.662,fly,1.136,ok,2601,0,0,192.00,305577984,437854208,114090264,95883264,18123768,2702,3724880,22132800,958,17877,17877,0,0,0,0,0,0,0,0,0.144,0.133,0.000,0,0,0,17877,17877,0,0
travel,83.744,2010.7,1550.256,1550.256,fly,1.339,ok,2601,0,0,192.00,305577984,437854208,114090264,95883264,18123768,2702,3724880,22132800,958,17877,17877,0,0,0,0,0,0,0,0,0.149,0.134,0.000,0,0,0,17877,17877,0,0
travel,83.776,2011.4,1550.795,1550.795,fly,0.866,ok,2601,0,0,192.00,305577984,437854208,114090264,95883264,18123768,2702,3724880,22132800,958,17877,17877,0,0,0,0,0,0,0,0,0.061,0.068,0.000,0,0,0,17877,17877,0,0
travel,83.809,2012.2,1551.353,1551.353,fly,0.873,ok,2601,0,0,192.00,305577984,437854208,114090264,95883264,18123768,2702,3724880,22132800,958,17877,17877,0,0,0,0,0,0,0,0,0.060,0.069,0.000,0,0,0,17877,17877,0,0
travel,83.842,2013.0,1551.926,1551.926,fly,0.865,ok,2601,0,0,192.00,305577984,437854208,114090264,95883264,18123768,2702,3724880,22132800,958,17877,17877,0,0,0,0,0,0,0,0,0.059,0.068,0.000,0,0,0,17877,17877,0,0
travel,83.888,2014.1,1552.695,1552.695,fly,1.177,ok,2601,0,0,192.00,305577984,437854208,114090264,95883264,18123768,2803,7449760,22132800,958,17978,17978,0,0,0,0,0,0,0,0,0.150,0.132,0.000,0,0,0,17978,17978,0,0
travel,83.920,2014.9,1553.245,1553.245,fly,1.247,ok,2601,0,0,192.00,305577984,437854208,114090264,95883264,18123768,2803,7449760,22132800,958,17978,17978,0,0,0,0,0,0,0,0,0.079,0.147,0.000,0,0,0,17978,17978,0,0
travel,83.953,2015.7,1553.803,1553.803,fly,0.863,ok,2601,0,0,192.00,305577984,437854208,114090264,95883264,18123768,2803,7449760,22132800,958,17978,17978,0,0,0,0,0,0,0,0,0.061,0.067,0.000,0,0,0,17978,17978,0,0
travel,83.986,2016.5,1554.366,1554.366,fly,0.865,ok,2601,0,0,192.00,305577984,437854208,114090264,95883264,18123768,2803,7449760,22132800,958,17978,17978,0,0,0,0,0,0,0,0,0.061,0.067,0.000,0,0,0,17978,17978,0,0
travel,84.018,2017.3,1554.912,1554.912,fly,0.850,ok,2601,0,0,192.00,305577984,437854208,114090264,95883264,18123768,2803,7449760,22132800,958,17978,17978,0,0,0,0,0,0,0,0,0.062,0.065,0.000,0,0,0,17978,17978,0,0
travel,84.052,2018.1,1555.485,1555.485,fly,0.850,ok,2601,0,0,192.00,305577984,437854208,114090264,95883264,18123768,2803,7449760,22132800,958,17978,17978,0,0,0,0,0,0,0,0,0.061,0.066,0.000,0,0,0,17978,17978,0,0
travel,84.087,2018.9,1556.076,1556.076,fly,0.893,ok,2601,0,0,192.00,305577984,437854208,114090264,95883264,18123768,2803,7449760,22132800,958,17978,17978,0,0,0,0,0,0,0,0,0.062,0.074,0.000,0,0,0,17978,17978,0,0
travel,84.121,2019.7,1556.660,1556.660,fly,0.900,ok,2601,0,0,192.00,305577984,437854208,114090264,95883264,18123768,2803,7449760,22132800,958,17978,17978,0,0,0,0,0,0,0,0,0.062,0.071,0.000,0,0,0,17978,17978,0,0
travel,84.155,2020.5,1557.237,1557.237,fly,1.101,ok,2601,0,0,192.00,305577984,437854208,114090264,95883264,18123768,2803,7449760,22132800,958,17978,17978,0,0,0,0,0,0,0,0,0.063,0.082,0.000,0,0,0,17978,17978,0,0
travel,84.187,2021.3,1557.773,1557.773,fly,0.851,ok,2601,0,0,192.00,305577984,437854208,114090264,95883264,18123768,2803,7449760,22132800,958,17978,17978,0,0,0,0,0,0,0,0,0.060,0.069,0.000,0,0,0,17978,17978,0,0
travel,84.220,2022.1,1558.340,1558.340,fly,1.237,ok,2601,0,0,192.00,305577984,437854208,114090264,95883264,18123768,2803,7449760,22132800,958,17978,17978,0,0,0,0,0,0,0,0,0.072,0.129,0.000,0,0,0,17978,17978,0,0
travel,84.254,2022.9,1558.912,1558.912,fly,1.175,ok,2601,0,0,192.00,305577984,437854208,114090264,95883264,18123768,2803,7449760,22132800,958,17978,17978,0,0,0,0,0,0,0,0,0.144,0.144,0.000,0,0,0,17978,17978,0,0
travel,84.288,2023.7,1559.489,1559.489,fly,0.914,ok,2601,0,0,192.00,305577984,437854208,114090264,95883264,18123768,2803,7449760,22132800,958,17978,17978,0,0,0,0,0,0,0,0,0.130,0.063,0.000,0,0,0,17978,17978,0,0
travel,84.327,2024.7,1560.161,1560.161,fly,5.590,ok,2585,16,65,192.00,306102272,438378496,113388440,95293440,18012280,2888,11174640,19628640,958,18063,18079,24,0,84,24,24,24,0,524288,0.257,0.333,0.000,0,0,0,18063,18063,0,0
travel,84.366,2025.6,1560.812,1560.812,fly,0.809,ok,2601,0,0,192.00,306364416,438902784,114090264,95883264,18123768,2904,11174640,22132800,958,18079,18079,0,0,0,0,0,0,0,0,0.060,0.066,0.000,0,0,0,18079,18079,0,0
travel,84.399,2026.4,1561.372,1561.372,fly,1.180,ok,2601,0,0,192.00,306364416,438902784,114090264,95883264,18123768,2904,11174640,22132800,958,18079,18079,0,0,0,0,0,0,0,0,0.072,0.132,0.000,0,0,0,18079,18079,0,0
travel,84.431,2027.2,1561.930,1561.930,fly,2.000,ok,2601,0,0,192.00,306364416,438902784,114090264,95883264,18123768,2904,7449760,22132800,958,18079,18079,0,0,0,0,0,0,0,0,0.083,0.134,0.000,0,0,0,18079,18079,0,0
travel,84.463,2027.9,1562.475,1562.475,fly,0.834,ok,2601,0,0,192.00,306364416,438902784,114090264,95883264,18123768,2904,7449760,22132800,958,18079,18079,0,0,0,0,0,0,0,0,0.062,0.066,0.000,0,0,0,18079,18079,0,0
travel,84.497,2028.8,1563.044,1563.044,fly,0.811,ok,2601,0,0,192.00,306364416,438902784,114090264,95883264,18123768,2904,7449760,22132800,958,18079,18079,0,0,0,0,0,0,0,0,0.060,0.068,0.000,0,0,0,18079,18079,0,0
travel,84.530,2029.5,1563.599,1563.599,fly,0.824,ok,2601,0,0,192.00,306364416,438902784,114090264,95883264,18123768,2904,7449760,22132800,958,18079,18079,0,0,0,0,0,0,0,0,0.060,0.068,0.000,0,0,0,18079,18079,0,0
travel,84.560,2030.3,1564.121,1564.121,fly,1.080,ok,2601,0,0,192.00,306364416,438902784,114090264,95883264,18123768,2904,7449760,22132800,958,18079,18079,0,0,0,0,0,0,0,0,0.157,0.116,0.000,0,0,0,18079,18079,0,0
travel,84.593,2031.1,1564.670,1564.670,fly,0.937,ok,2601,0,0,192.00,306364416,438902784,114090264,95883264,18123768,2904,7449760,22132800,958,18079,18079,0,0,0,0,0,0,0,0,0.129,0.115,0.000,0,0,0,18079,18079,0,0
travel,84.626,2031.8,1565.229,1565.229,fly,0.828,ok,2601,0,0,192.00,306364416,438902784,114090264,95883264,18123768,2904,7449760,22132800,958,18079,18079,0,0,0,0,0,0,0,0,0.063,0.072,0.000,0,0,0,18079,18079,0,0
travel,84.657,2032.6,1565.763,1565.763,fly,0.848,ok,2601,0,0,192.00,306364416,438902784,114090264,95883264,18123768,2904,7449760,22132800,958,18079,18079,0,0,0,0,0,0,0,0,0.060,0.074,0.000,0,0,0,18079,18079,0,0
travel,84.690,2033.4,1566.331,1566.331,fly,1.068,ok,2601,0,0,192.00,306364416,438902784,114090264,95883264,18123768,2904,7449760,22132800,958,18079,18079,0,0,0,0,0,0,0,0,0.063,0.081,0.000,0,0,0,18079,18079,0,0
travel,84.723,2034.2,1566.891,1566.891,fly,1.208,ok,2601,0,0,192.00,306364416,438902784,114090264,95883264,18123768,2904,7449760,22132800,958,18079,18079,0,0,0,0,0,0,0,0,0.135,0.091,0.000,0,0,0,18079,18079,0,0
travel,84.756,2035.0,1567.452,1567.452,fly,1.166,ok,2601,0,0,192.00,306364416,438902784,114090264,95883264,18123768,2904,7449760,22132800,958,18079,18079,0,0,0,0,0,0,0,0,0.144,0.140,0.000,0,0,0,18079,18079,0,0
travel,84.789,2035.8,1568.009,1568.009,fly,4.842,ok,2536,65,87,192.00,306692096,439431168,111239104,93487104,17670848,2904,11174640,15766368,958,18115,18180,36,101,36,36,36,0,0,528384,0.477,0.112,0.000,0,0,0,18115,18115,0,0
travel,84.835,2036.9,1568.785,1568.785,fly,0.820,ok,2601,0,0,192.00,307347456,439955456,114090264,95883264,18123768,2904,11174640,22132800,958,18180,18180,0,0,0,0,0,0,0,0,0.061,0.068,0.000,0,0,0,18180,18180,0,0
travel,84.867,2037.6,1569.334,1569.334,fly,0.848,ok,2601,0,0,192.00,307347456,439955456,114090264,95883264,18123768,2904,11174640,22132800,958,18180,18180,0,0,0,0,0,0,0,0,0.063,0.079,0.000,0,0,0,18180,18180,0,0
travel,84.898,2038.4,1569.849,1569.849,fly,0.933,ok,2601,0,0,192.00,307347456,439955456,114090264,95883264,18123768,2904,11174640,22132800,958,18180,18180,0,0,0,0,0,0,0,0,0.134,0.096,0.000,0,0,0,18180,18180,0,0
travel,84.930,2039.2,1570.409,1570.409,fly,0.830,ok,2601,0,0,192.00,307347456,439955456,114090264,95883264,18123768,2904,7449760,22132800,958,18180,18180,0,0,0,0,0,0,0,0,0.061,0.071,0.000,0,0,0,18180,18180,0,0
travel,84.965,2040.0,1570.989,1570.989,fly,0.843,ok,2601,0,0,192.00,307347456,439955456,114090264,95883264,18123768,2904,7449760,22132800,958,18180,18180,0,0,0,0,0,0,0,0,0.061,0.069,0.000,0,0,0,18180,18180,0,0
travel,84.998,2040.8,1571.557,1571.557,fly,1.069,ok,2601,0,0,192.00,307347456,439955456,114090264,95883264,18123768,2904,7449760,22132800,958,18180,18180,0,0,0,0,0,0,0,0,0.062,0.090,0.000,0,0,0,18180,18180,0,0
travel,85.031,2041.6,1572.114,1572.114,fly,0.845,ok,2601,0,0,192.00,307347456,439955456,114090264,95883264,18123768,2904,7449760,22132800,958,18180,18180,0,0,0,0,0,0,0,0,0.061,0.071,0.000,0,0,0,18180,18180,0,0
travel,85.063,2042.3,1572.657,1572.657,fly,1.281,ok,2601,0,0,192.00,307347456,439955456,114090264,95883264,18123768,2904,7449760,22132800,958,18180,18180,0,0,0,0,0,0,0,0,0.146,0.140,0.000,0,0,0,18180,18180,0,0
travel,85.097,2043.2,1573.233,1573.233,fly,0.857,ok,2601,0,0,192.00,307347456,439955456,114090264,95883264,18123768,2904,7449760,22132800,958,18180,18180,0,0,0,0,0,0,0,0,0.062,0.072,0.000,0,0,0,18180,18180,0,0
travel,85.129,2043.9,1573.784,1573.784,fly,0.830,ok,2601,0,0,192.00,307347456,439955456,114090264,95883264,18123768,2904,7449760,22132800,958,18180,18180,0,0,0,0,0,0,0,0,0.060,0.068,0.000,0,0,0,18180,18180,0,0
travel,85.163,2044.8,1574.365,1574.365,fly,0.828,ok,2601,0,0,192.00,307347456,439955456,114090264,95883264,18123768,2904,7449760,22132800,958,18180,18180,0,0,0,0,0,0,0,0,0.059,0.066,0.000,0,0,0,18180,18180,0,0
travel,85.197,2045.6,1574.940,1574.940,fly,0.835,ok,2601,0,0,192.00,307347456,439955456,114090264,95883264,18123768,2904,7449760,22132800,958,18180,18180,0,0,0,0,0,0,0,0,0.061,0.073,0.000,0,0,0,18180,18180,0,0
travel,85.230,2046.4,1575.492,1575.492,fly,0.837,ok,2601,0,0,192.00,307347456,439955456,114090264,95883264,18123768,2904,7449760,22132800,958,18180,18180,0,0,0,0,0,0,0,0,0.059,0.069,0.000,0,0,0,18180,18180,0,0
travel,85.273,2047.4,1576.219,1576.219,fly,2.988,ok,2601,0,39,192.00,307675136,439955456,114090264,95883264,18123768,2904,11174640,20150016,958,18281,18281,16,0,70,16,16,0,0,0,0.136,0.097,0.000,0,0,0,18281,18281,0,0
travel,85.307,2048.2,1576.812,1576.812,fly,0.839,ok,2601,0,0,192.00,307675136,439955456,114090264,95883264,18123768,2904,11174640,22132800,958,18281,18281,0,0,0,0,0,0,0,0,0.072,0.067,0.000,0,0,0,18281,18281,0,0
travel,85.340,2049.0,1577.370,1577.370,fly,0.817,ok,2601,0,0,192.00,307675136,439955456,114090264,95883264,18123768,2904,11174640,22132800,958,18281,18281,0,0,0,0,0,0,0,0,0.061,0.068,0.000,0,0,0,18281,18281,0,0
travel,85.372,2049.8,1577.902,1577.902,fly,0.835,ok,2601,0,0,192.00,307675136,439955456,114090264,95883264,18123768,2904,11174640,22132800,958,18281,18281,0,0,0,0,0,0,0,0,0.060,0.077,0.000,0,0,0,18281,18281,0,0
travel,85.405,2050.6,1578.459,1578.459,fly,1.241,ok,2601,0,0,192.00,307675136,439955456,114090264,95883264,18123768,2904,7449760,22132800,958,18281,18281,0,0,0,0,0,0,0,0,0.143,0.127,0.000,0,0,0,18281,18281,0,0
travel,85.439,2051.4,1579.034,1579.034,fly,1.211,ok,2601,0,0,192.00,307675136,439955456,114090264,95883264,18123768,2904,7449760,22132800,958,18281,18281,0,0,0,0,0,0,0,0,0.144,0.171,0.000,0,0,0,18281,18281,0,0
travel,85.470,2052.1,1579.568,1579.568,fly,0.831,ok,2601,0,0,192.00,307675136,439955456,114090264,95883264,18123768,2904,7449760,22132800,958,18281,18281,0,0,0,0,0,0,0,0,0.063,0.066,0.000,0,0,0,18281,18281,0,0
travel,85.505,2053.0,1580.165,1580.165,fly,1.236,ok,2601,0,0,192.00,307675136,439955456,114090264,95883264,18123768,2904,7449760,22132800,958,18281,18281,0,0,0,0,0,0,0,0,0.070,0.122,0.000,0,0,0,18281,18281,0,0
travel,85.538,2053.8,1580.725,1580.725,fly,0.823,ok,2601,0,0,192.00,307675136,439955456,114090264,95883264,18123768,2904,7449760,22132800,958,18281,18281,0,0,0,0,0,0,0,0,0.059,0.065,0.000,0,0,0,18281,18281,0,0
travel,85.571,2054.5,1581.273,1581.273,fly,1.019,ok,2601,0,0,192.00,307675136,439955456,114090264,95883264,18123768,2904,7449760,22132800,958,18281,18281,0,0,0,0,0,0,0,0,0.063,0.079,0.000,0,0,0,18281,18281,0,0
travel,85.602,2055.3,1581.807,1581.807,fly,1.246,ok,2601,0,0,192.00,307675136,439955456,114090264,95883264,18123768,2904,7449760,22132800,958,18281,18281,0,0,0,0,0,0,0,0,0.076,0.147,0.000,0,0,0,18281,18281,0,0
travel,85.635,2056.1,1582.354,1582.354,fly,1.016,ok,2601,0,0,192.00,307675136,439955456,114090264,95883264,18123768,2904,7449760,22132800,958,18281,18281,0,0,0,0,0,0,0,0,0.116,0.101,0.000,0,0,0,18281,18281,0,0
travel,85.669,2056.9,1582.931,1582.931,fly,0.983,ok,2601,0,0,192.00,307675136,439955456,114090264,95883264,18123768,2904,7449760,22132800,958,18281,18281,0,0,0,0,0,0,0,0,0.146,0.103,0.000,0,0,0,18281,18281,0,0
travel,85.703,2057.7,1583.510,1583.510,fly,0.828,ok,2601,0,0,192.00,307675136,439955456,114090264,95883264,18123768,2904,7449760,22132800,958,18281,18281,0,0,0,0,0,0,0,0,0.060,0.068,0.000,0,0,0,18281,18281,0,0
travel,85.747,2058.7,1584.255,1584.255,fly,3.265,ok,2601,0,36,192.00,307675136,439955456,114090264,95883264,18123768,2904,11174640,20254368,958,18382,18382,23,0,71,23,23,0,0,0,0.082,0.151,0.000,0,0,0,18382,18382,0,0
travel,85.780,2059.5,1584.820,1584.820,fly,0.831,ok,2601,0,0,192.00,307675136,439955456,114090264,95883264,18123768,2904,11174640,22132800,958,18382,18382,0,0,0,0,0,0,0,0,0.061,0.077,0.000,0,0,0,18382,18382,0,0
travel,85.812,2060.3,1585.360,1585.360,fly,0.836,ok,2601,0,0,192.00,307675136,439955456,114090264,95883264,18123768,2904,11174640,22132800,958,18382,18382,0,0,0,0,0,0,0,0,0.061,0.067,0.000,0,0,0,18382,18382,0,0
travel,85.845,2061.1,1585.924,1585.924,fly,0.882,ok,2601,0,0,192.00,307675136,439955456,114090264,95883264,18123768,2904,11174640,22132800,958,18382,18382,0,0,0,0,0,0,0,0,0.138,0.066,0.000,0,0,0,18382,18382,0,0
travel,85.878,2061.9,1586.481,1586.481,fly,0.823,ok,2601,0,0,192.00,307675136,439955456,114090264,95883264,18123768,2904,7449760,22132800,958,18382,18382,0,0,0,0,0,0,0,0,0.060,0.067,0.000,0,0,0,18382,18382,0,0
travel,85.912,2062.7,1587.057,1587.057,fly,0.850,ok,2601,0,0,192.00,307675136,439955456,114090264,95883264,18123768,2904,7449760,22132800,958,18382,18382,0,0,0,0,0,0,0,0,0.062,0.084,0.000,0,0,0,18382,18382,0,0
travel,85.944,2063.5,1587.592,1587.592,fly,0.838,ok,2601,0,0,192.00,307675136,439955456,114090264,95883264,18123768,2904,7449760,22132800,958,18382,18382,0,0,0,0,0,0,0,0,0.060,0.069,0.000,0,0,0,18382,18382,0,0
travel,85.978,2064.3,1588.173,1588.173,fly,1.123,ok,2601,0,0,192.00,307675136,439955456,114090264,95883264,18123768,2904,7449760,22132800,958,18382,18382,0,0,0,0,0,0,0,0,0.065,0.097,0.000,0,0,0,18382,18382,0,0
travel,86.011,2065.1,1588.727,1588.727,fly,1.004,ok,2601,0,0,192.00,307675136,439955456,114090264,95883264,18123768,2904,7449760,22132800,958,18382,18382,0,0,0,0,0,0,0,0,0.073,0.140,0.000,0,0,0,18382,18382,0,0
travel,86.043,2065.8,1589.276,1589.276,fly,1.004,ok,2601,0,0,192.00,307675136,439955456,114090264,95883264,18123768,2904,7449760,22132800,958,18382,18382,0,0,0,0,0,0,0,0,0.073,0.121,0.000,0,0,0,18382,18382,0,0
travel,86.075,2066.6,1589.820,1589.820,fly,1.371,ok,2601,0,0,192.00,307675136,439955456,114090264,95883264,18123768,2904,7449760,22132800,958,18382,18382,0,0,0,0,0,0,0,0,0.074,0.222,0.000,0,0,0,18382,18382,0,0
travel,86.109,2067.4,1590.386,1590.386,fly,0.816,ok,2601,0,0,192.00,307675136,439955456,114090264,95883264,18123768,2904,7449760,22132800,958,18382,18382,0,0,0,0,0,0,0,0,0.060,0.067,0.000,0,0,0,18382,18382,0,0
travel,86.141,2068.2,1590.927,1590.927,fly,0.873,ok,2601,0,0,192.00,307675136,439955456,114090264,95883264,18123768,2904,7449760,22132800,958,18382,18382,0,0,0,0,0,0,0,0,0.061,0.079,0.000,0,0,0,18382,18382,0,0
travel,86.173,2069.0,1591.480,1591.480,fly,1.350,ok,2601,0,0,192.00,307675136,439955456,114090264,95883264,18123768,2904,7449760,22132800,958,18382,18382,0,0,0,0,0,0,0,0,0.282,0.127,0.000,0,0,0,18382,18382,0,0
travel,86.209,2069.8,1592.089,1592.089,fly,4.788,ok,2555,46,135,192.00,307675136,439955456,112072520,94187520,17803240,2904,11174640,17646672,958,18437,18483,21,0,49,21,21,0,0,0,0.152,0.195,0.000,0,0,0,18437,18437,0,0
travel,86.250,2070.8,1592.775,1592.775,fly,0.822,ok,2601,0,0,192.00,307871744,440479744,114090264,95883264,18123768,2904,11174640,22132800,958,18483,18483,0,0,0,0,0,0,0,0,0.061,0.068,0.000,0,0,0,18483,18483,0,0
travel,86.283,2071.6,1593.333,1593.333,fly,0.964,ok,2601,0,0,192.00,307871744,440479744,114090264,95883264,18123768,2904,11174640,22132800,958,18483,18483,0,0,0,0,0,0,0,0,0.070,0.110,0.000,0,0,0,18483,18483,0,0
travel,86.316,2072.4,1593.894,1593.894,fly,0.941,ok,2601,0,0,192.00,307871744,440479744,114090264,95883264,18123768,2904,11174640,22132800,958,18483,18483,0,0,0,0,0,0,0,0,0.070,0.143,0.000,0,0,0,18483,18483,0,0
travel,86.349,2073.2,1594.465,1594.465,fly,0.931,ok,2601,0,0,192.00,307871744,440479744,114090264,95883264,18123768,2904,7449760,22132800,958,18483,18483,0,0,0,0,0,0,0,0,0.174,0.066,0.000,0,0,0,18483,18483,0,0
travel,86.381,2074.0,1595.004,1595.004,fly,0.914,ok,2601,0,0,192.00,307871744,440479744,114090264,95883264,18123768,2904,7449760,22132800,958,18483,18483,0,0,0,0,0,0,0,0,0.061,0.074,0.000,0,0,0,18483,18483,0,0
travel,86.413,2074.7,1595.536,1595.536,fly,0.815,ok,2601,0,0,192.00,307871744,440479744,114090264,95883264,18123768,2904,7449760,22132800,958,18483,18483,0,0,0,0,0,0,0,0,0.060,0.066,0.000,0,0,0,18483,18483,0,0
travel,86.446,2075.5,1596.099,1596.099,fly,1.117,ok,2601,0,0,192.00,307871744,440479744,114090264,95883264,18123768,2904,7449760,22132800,958,18483,18483,0,0,0,0,0,0,0,0,0.063,0.088,0.000,0,0,0,18483,18483,0,0
travel,86.478,2076.3,1596.642,1596.642,fly,1.904,ok,2601,0,0,192.00,307871744,440479744,114090264,95883264,18123768,2904,7449760,22132800,958,18483,18483,0,0,0,0,0,0,0,0,0.170,0.169,0.000,0,0,0,18483,18483,0,0
travel,86.512,2077.1,1597.222,1597.222,fly,0.904,ok,2601,0,0,192.00,307871744,440479744,114090264,95883264,18123768,2904,7449760,22132800,958,18483,18483,0,0,0,0,0,0,0,0,0.132,0.069,0.000,0,0,0,18483,18483,0,0
travel,86.546,2077.9,1597.794,1597.794,fly,0.897,ok,2601,0,0,192.00,307871744,440479744,114090264,95883264,18123768,2904,7449760,22132800,958,18483,18483,0,0,0,0,0,0,0,0,0.131,0.063,0.000,0,0,0,18483,18483,0,0
travel,86.579,2078.7,1598.351,1598.351,fly,0.831,ok,2601,0,0,192.00,307871744,440479744,114090264,95883264,18123768,2904,7449760,22132800,958,18483,18483,0,0,0,0,0,0,0,0,0.060,0.072,0.000,0,0,0,18483,18483,0,0
travel,86.610,2079.4,1598.883,1598.883,fly,0.921,ok,2601,0,0,192.00,307871744,440479744,114090264,95883264,18123768,2904,7449760,22132800,958,18483,18483,0,0,0,0,0,0,0,0,0.069,0.110,0.000,0,0,0,18483,18483,0,0
travel,86.642,2080.2,1599.430,1599.430,fly,1.141,ok,2601,0,0,192.00,307871744,440479744,114090264,95883264,18123768,2904,7449760,22132800,958,18483,18483,0,0,0,0,0,0,0,0,0.070,0.124,0.000,0,0,0,18483,18483,0,0
travel,86.674,2081.0,1599.970,1599.970,fly,0.992,ok,2601,0,0,192.00,307871744,440479744,114090264,95883264,18123768,2904,7449760,22132800,958,18483,18483,0,0,0,0,0,0,0,0,0.116,0.081,0.000,0,0,0,18483,18483,0,0
travel,86.723,2082.1,1600.793,1600.793,fly,0.978,ok,2601,0,0,192.00,308359168,441532416,114090264,95883264,18123768,2904,11174640,22132800,958,18584,18584,0,0,0,0,0,0,0,0,0.070,0.111,0.000,0,0,0,18584,18584,0,0
travel,86.756,2082.9,1601.356,1601.356,fly,0.800,ok,2601,0,0,192.00,308359168,441532416,114090264,95883264,18123768,2904,11174640,22132800,958,18584,18584,0,0,0,0,0,0,0,0,0.061,0.065,0.000,0,0,0,18584,18584,0,0
travel,86.788,2083.7,1601.896,1601.896,fly,0.826,ok,2601,0,0,192.00,308359168,441532416,114090264,95883264,18123768,2904,11174640,22132800,958,18584,18584,0,0,0,0,0,0,0,0,0.061,0.070,0.000,0,0,0,18584,18584,0,0
travel,86.821,2084.5,1602.461,1602.461,fly,0.822,ok,2601,0,0,192.00,308359168,441532416,114090264,95883264,18123768,2904,7449760,22132800,958,18584,18584,0,0,0,0,0,0,0,0,0.059,0.067,0.000,0,0,0,18584,18584,0,0
travel,86.854,2085.3,1603.017,1603.017,fly,1.238,ok,2601,0,0,192.00,308359168,441532416,114090264,95883264,18123768,2904,7449760,22132800,958,18584,18584,0,0,0,0,0,0,0,0,0.065,0.095,0.000,0,0,0,18584,18584,0,0
travel,86.887,2086.1,1603.581,1603.581,fly,1.007,ok,2601,0,0,192.00,308359168,441532416,114090264,95883264,18123768,2904,7449760,22132800,958,18584,18584,0,0,0,0,0,0,0,0,0.162,0.141,0.000,0,0,0,18584,18584,0,0
travel,86.920,2086.9,1604.128,1604.128,fly,1.072,ok,2601,0,0,192.00,308359168,441532416,114090264,95883264,18123768,2904,7449760,22132800,958,18584,18584,0,0,0,0,0,0,0,0,0.312,0.066,0.000,0,0,0,18584,18584,0,0
travel,86.952,2087.6,1604.675,1604.675,fly,0.809,ok,2601,0,0,192.00,308359168,441532416,114090264,95883264,18123768,2904,7449760,22132800,958,18584,18584,0,0,0,0,0,0,0,0,0.061,0.066,0.000,0,0,0,18584,18584,0,0
travel,86.985,2088.4,1605.230,1605.230,fly,1.116,ok,2601,0,0,192.00,308359168,441532416,114090264,95883264,18123768,2904,7449760,22132800,958,18584,18584,0,0,0,0,0,0,0,0,0.075,0.131,0.000,0,0,0,18584,18584,0,0
travel,87.017,2089.2,1605.779,1605.779,fly,1.356,ok,2601,0,0,192.00,308359168,441532416,114090264,95883264,18123768,2904,7449760,22132800,958,18584,18584,0,0,0,0,0,0,0,0,0.140,0.158,0.000,0,0,0,18584,18584,0,0
travel,87.050,2090.0,1606.331,1606.331,fly,1.082,ok,2601,0,0,192.00,308359168,441532416,114090264,95883264,18123768,2904,7449760,22132800,958,18584,18584,0,0,0,0,0,0,0,0,0.144,0.130,0.000,0,0,0,18584,18584,0,0
travel,87.083,2090.8,1606.893,1606.893,fly,0.850,ok,2601,0,0,192.00,308359168,441532416,114090264,95883264,18123768,2904,7449760,22132800,958,18584,18584,0,0,0,0,0,0,0,0,0.062,0.072,0.000,0,0,0,18584,18584,0,0
travel,87.115,2091.5,1607.431,1607.431,fly,1.399,ok,2601,0,0,192.00,308359168,441532416,114090264,95883264,18123768,2904,7449760,22132800,958,18584,18584,0,0,0,0,0,0,0,0,0.072,0.575,0.000,0,0,0,18584,18584,0,0
travel,87.148,2092.3,1607.990,1607.990,fly,1.133,ok,2601,0,0,192.00,308359168,441532416,114090264,95883264,18123768,2904,7449760,22132800,958,18584,18584,0,0,0,0,0,0,0,0,0.073,0.112,0.000,0,0,0,18584,18584,0,0
travel,87.192,2093.4,1608.747,1608.747,fly,0.925,ok,2601,0,0,192.00,309051392,441532416,114090264,95883264,18123768,2904,11174640,22132800,958,18685,18685,0,0,0,0,0,0,0,0,0.160,0.069,0.000,0,0,0,18685,18685,0,0
travel,87.226,2094.2,1609.311,1609.311,fly,0.869,ok,2601,0,0,192.00,309051392,441532416,114090264,95883264,18123768,2904,11174640,22132800,958,18685,18685,0,0,0,0,0,0,0,0,0.060,0.091,0.000,0,0,0,18685,18685,0,0
travel,87.257,2094.9,1609.849,1609.849,fly,0.812,ok,2601,0,0,192.00,309051392,441532416,114090264,95883264,18123768,2904,11174640,22132800,958,18685,18685,0,0,0,0,0,0,0,0,0.061,0.066,0.000,0,0,0,18685,18685,0,0
travel,87.292,2095.8,1610.434,1610.434,fly,0.823,ok,2601,0,0,192.00,309051392,441532416,114090264,95883264,18123768,2904,7449760,22132800,958,18685,18685,0,0,0,0,0,0,0,0,0.061,0.069,0.000,0,0,0,18685,18685,0,0
travel,87.324,2096.6,1610.987,1610.987,fly,1.162,ok,2601,0,0,192.00,309051392,441532416,114090264,95883264,18123768,2904,7449760,22132800,958,18685,18685,0,0,0,0,0,0,0,0,0.136,0.095,0.000,0,0,0,18685,18685,0,0
travel,87.356,2097.3,1611.526,1611.526,fly,0.815,ok,2601,0,0,192.00,309051392,441532416,114090264,95883264,18123768,2904,7449760,22132800,958,18685,18685,0,0,0,0,0,0,0,0,0.061,0.066,0.000,0,0,0,18685,18685,0,0
travel,87.390,2098.1,1612.101,1612.101,fly,0.885,ok,2601,0,0,192.00,309051392,441532416,114090264,95883264,18123768,2904,7449760,22132800,958,18685,18685,0,0,0,0,0,0,0,0,0.130,0.062,0.000,0,0,0,18685,18685,0,0
travel,87.423,2098.9,1612.663,1612.663,fly,0.864,ok,2601,0,0,192.00,309051392,441532416,114090264,95883264,18123768,2904,7449760,22132800,958,18685,18685,0,0,0,0,0,0,0,0,0.061,0.076,0.000,0,0,0,18685,18685,0,0
travel,87.457,2099.7,1613.241,1613.241,fly,0.816,ok,2601,0,0,192.00,309051392,441532416,114090264,95883264,18123768,2904,7449760,22132800,958,18685,18685,0,0,0,0,0,0,0,0,0.061,0.063,0.000,0,0,0,18685,18685,0,0
travel,87.489,2100.5,1613.777,1613.777,fly,0.802,ok,2601,0,0,192.00,309051392,441532416,114090264,95883264,18123768,2904,7449760,22132800,958,18685,18685,0,0,0,0,0,0,0,0,0.060,0.067,0.000,0,0,0,18685,18685,0,0
travel,87.523,2101.3,1614.359,1614.359,fly,0.804,ok,2601,0,0,192.00,309051392,441532416,114090264,95883264,18123768,2904,7449760,22132800,958,18685,18685,0,0,0,0,0,0,0,0,0.060,0.070,0.000,0,0,0,18685,18685,0,0
travel,87.556,2102.1,1614.919,1614.919,fly,1.238,ok,2601,0,0,192.00,309051392,441532416,114090264,95883264,18123768,2904,7449760,22132800,958,18685,18685,0,0,0,0,0,0,0,0,0.133,0.102,0.000,0,0,0,18685,18685,0,0
travel,87.589,2102.9,1615.476,1615.476,fly,1.049,ok,2601,0,0,192.00,309051392,441532416,114090264,95883264,18123768,2904,7449760,22132800,958,18685,18685,0,0,0,0,0,0,0,0,0.070,0.153,0.000,0,0,0,18685,18685,0,0
travel,87.633,2103.9,1616.217,1616.217,fly,2.599,ok,2601,0,50,192.00,309276672,441532416,114090264,95883264,18123768,2904,11174640,19576080,958,18786,18786,13,0,65,13,13,0,0,0,0.082,0.096,0.000,0,0,0,18786,18786,0,0
travel,87.669,2104.8,1616.822,1616.822,fly,0.827,ok,2601,0,0,192.00,309276672,441532416,114090264,95883264,18123768,2904,11174640,22132800,958,18786,18786,0,0,0,0,0,0,0,0,0.062,0.071,0.000,0,0,0,18786,18786,0,0
travel,87.702,2105.6,1617.389,1617.389,fly,0.877,ok,2601,0,0,192.00,309276672,441532416,114090264,95883264,18123768,2904,11174640,22132800,958,18786,18786,0,0,0,0,0,0,0,0,0.062,0.079,0.000,0,0,0,18786,18786,0,0
travel,87.735,2106.4,1617.950,1617.950,fly,1.087,ok,2601,0,0,192.00,309276672,441532416,114090264,95883264,18123768,2904,11174640,22132800,958,18786,18786,0,0,0,0,0,0,0,0,0.066,0.096,0.000,0,0,0,18786,18786,0,0
travel,87.767,2107.2,1618.494,1618.494,fly,1.042,ok,2601,0,0,192.00,309276672,441532416,114090264,95883264,18123768,2904,7449760,22132800,958,18786,18786,0,0,0,0,0,0,0,0,0.070,0.161,0.000,0,0,0,18786,18786,0,0
travel,87.800,2108.0,1619.048,1619.048,fly,0.900,ok,2601,0,0,192.00,309276672,441532416,114090264,95883264,18123768,2904,7449760,22132800,958,18786,18786,0,0,0,0,0,0,0,0,0.135,0.081,0.000,0,0,0,18786,18786,0,0
travel,87.832,2108.7,1619.586,1619.586,fly,1.185,ok,2601,0,0,192.00,309276672,441532416,114090264,95883264,18123768,2904,7449760,22132800,958,18786,18786,0,0,0,0,0,0,0,0,0.117,0.281,0.000,0,0,0,18786,18786,0,0
travel,87.864,2109.5,1620.126,1620.126,fly,0.819,ok,2601,0,0,192.00,309276672,441532416,114090264,95883264,18123768,2904,7449760,22132800,958,18786,18786,0,0,0,0,0,0,0,0,0.061,0.072,0.000,0,0,0,18786,18786,0,0
travel,87.896,2110.2,1620.669,1620.669,fly,1.241,ok,2601,0,0,192.00,309276672,441532416,114090264,95883264,18123768,2904,7449760,22132800,958,18786,18786,0,0,0,0,0,0,0,0,0.141,0.159,0.000,0,0,0,18786,18786,0,0
travel,87.929,2111.0,1621.233,1621.233,fly,0.885,ok,2601,0,0,192.00,309276672,441532416,114090264,95883264,18123768,2904,7449760,22132800,958,18786,18786,0,0,0,0,0,0,0,0,0.133,0.061,0.000,0,0,0,18786,18786,0,0
travel,87.963,2111.8,1621.800,1621.800,fly,0.818,ok,2601,0,0,192.00,309276672,441532416,114090264,95883264,18123768,2904,7449760,22132800,958,18786,18786,0,0,0,0,0,0,0,0,0.062,0.066,0.000,0,0,0,18786,18786,0,0
travel,87.996,2112.7,1622.371,1622.371,fly,0.898,ok,2601,0,0,192.00,309276672,441532416,114090264,95883264,18123768,2904,7449760,22132800,958,18786,18786,0,0,0,0,0,0,0,0,0.061,0.111,0.000,0,0,0,18786,18786,0,0
travel,88.027,2113.4,1622.894,1622.894,fly,0.842,ok,2601,0,0,192.00,309276672,441532416,114090264,95883264,18123768,2904,7449760,22132800,958,18786,18786,0,0,0,0,0,0,0,0,0.060,0.070,0.000,0,0,0,18786,18786,0,0
travel,88.061,2114.2,1623.460,1623.460,fly,0.901,ok,2601,0,0,192.00,309276672,441532416,114090264,95883264,18123768,2904,7449760,22132800,958,18786,18786,0,0,0,0,0,0,0,0,0.062,0.081,0.000,0,0,0,18786,18786,0,0
travel,88.093,2115.0,1624.017,1624.017,fly,4.669,ok,2526,75,89,192.00,309284864,441532416,110800464,93118464,17601168,2904,11174640,16131840,958,18812,18887,26,101,26,26,26,0,0,0,0.423,0.122,0.000,0,0,0,18812,18812,0,0
travel,88.139,2116.1,1624.785,1624.785,fly,0.815,ok,2601,0,0,192.00,309583872,442580992,114090264,95883264,18123768,2904,11174640,22132800,958,18887,18887,0,0,0,0,0,0,0,0,0.059,0.062,0.000,0,0,0,18887,18887,0,0
travel,88.172,2116.9,1625.342,1625.342,fly,1.232,ok,2601,0,0,192.00,309583872,442580992,114090264,95883264,18123768,2904,11174640,22132800,958,18887,18887,0,0,0,0,0,0,0,0,0.073,0.121,0.000,0,0,0,18887,18887,0,0
travel,88.203,2117.6,1625.877,1625.877,fly,1.003,ok,2601,0,0,192.00,309583872,442580992,114090264,95883264,18123768,2904,11174640,22132800,958,18887,18887,0,0,0,0,0,0,0,0,0.137,0.097,0.000,0,0,0,18887,18887,0,0
travel,88.236,2118.4,1626.431,1626.431,fly,1.052,ok,2601,0,0,192.00,309583872,442580992,114090264,95883264,18123768,2904,7449760,22132800,958,18887,18887,0,0,0,0,0,0,0,0,0.136,0.098,0.000,0,0,0,18887,18887,0,0
travel,88.267,2119.1,1626.955,1626.955,fly,0.806,ok,2601,0,0,192.00,309583872,442580992,114090264,95883264,18123768,2904,7449760,22132800,958,18887,18887,0,0,0,0,0,0,0,0,0.061,0.065,0.000,0,0,0,18887,18887,0,0
travel,88.301,2120.0,1627.535,1627.535,fly,0.817,ok,2601,0,0,192.00,309583872,442580992,114090264,95883264,18123768,2904,7449760,22132800,958,18887,18887,0,0,0,0,0,0,0,0,0.060,0.067,0.000,0,0,0,18887,18887,0,0
travel,88.334,2120.7,1628.091,1628.091,fly,1.070,ok,2601,0,0,192.00,309583872,442580992,114090264,95883264,18123768,2904,7449760,22132800,958,18887,18887,0,0,0,0,0,0,0,0,0.064,0.085,0.000,0,0,0,18887,18887,0,0
travel,88.366,2121.5,1628.627,1628.627,fly,1.265,ok,2601,0,0,192.00,309583872,442580992,114090264,95883264,18123768,2904,7449760,22132800,958,18887,18887,0,0,0,0,0,0,0,0,0.144,0.135,0.000,0,0,0,18887,18887,0,0
travel,88.399,2122.3,1629.188,1629.188,fly,0.892,ok,2601,0,0,192.00,309583872,442580992,114090264,95883264,18123768,2904,7449760,22132800,958,18887,18887,0,0,0,0,0,0,0,0,0.102,0.071,0.000,0,0,0,18887,18887,0,0
travel,88.431,2123.1,1629.736,1629.736,fly,0.820,ok,2601,0,0,192.00,309583872,442580992,114090264,95883264,18123768,2904,7449760,22132800,958,18887,18887,0,0,0,0,0,0,0,0,0.059,0.067,0.000,0,0,0,18887,18887,0,0
travel,88.463,2123.8,1630.276,1630.276,fly,0.823,ok,2601,0,0,192.00,309583872,442580992,114090264,95883264,18123768,2904,7449760,22132800,958,18887,18887,0,0,0,0,0,0,0,0,0.062,0.067,0.000,0,0,0,18887,18887,0,0
travel,88.496,2124.6,1630.841,1630.841,fly,1.154,ok,2601,0,0,192.00,309583872,442580992,114090264,95883264,18123768,2904,7449760,22132800,958,18887,18887,0,0,0,0,0,0,0,0,0.064,0.081,0.000,0,0,0,18887,18887,0,0
travel,88.530,2125.4,1631.409,1631.409,fly,1.207,ok,2601,0,0,192.00,309583872,442580992,114090264,95883264,18123768,2904,7449760,22132800,958,18887,18887,0,0,0,0,0,0,0,0,0.069,0.132,0.000,0,0,0,18887,18887,0,0
travel,88.562,2126.2,1631.952,1631.952,fly,0.824,ok,2601,0,0,192.00,309583872,442580992,114090264,95883264,18123768,2904,7449760,22132800,958,18887,18887,0,0,0,0,0,0,0,0,0.063,0.072,0.000,0,0,0,18887,18887,0,0
travel,88.607,2127.3,1632.720,1632.720,fly,0.826,ok,2601,0,0,192.00,310173696,442580992,114090264,95883264,18123768,2904,11174640,22132800,958,18988,18988,0,0,0,0,0,0,0,0,0.061,0.066,0.000,0,0,0,18988,18988,0,0
travel,88.640,2128.1,1633.274,1633.274,fly,0.855,ok,2601,0,0,192.00,310173696,442580992,114090264,95883264,18123768,2904,11174640,22132800,958,18988,18988,0,0,0,0,0,0,0,0,0.063,0.079,0.000,0,0,0,18988,18988,0,0
travel,88.672,2128.8,1633.818,1633.818,fly,1.310,ok,2601,0,0,192.00,310173696,442580992,114090264,95883264,18123768,2904,11174640,22132800,958,18988,18988,0,0,0,0,0,0,0,0,0.153,0.157,0.000,0,0,0,18988,18988,0,0
travel,88.704,2129.6,1634.355,1634.355,fly,0.862,ok,2601,0,0,192.00,310173696,442580992,114090264,95883264,18123768,2904,7449760,22132800,958,18988,18988,0,0,0,0,0,0,0,0,0.107,0.064,0.000,0,0,0,18988,18988,0,0
travel,88.736,2130.4,1634.911,1634.911,fly,0.816,ok,2601,0,0,192.00,310173696,442580992,114090264,95883264,18123768,2904,7449760,22132800,958,18988,18988,0,0,0,0,0,0,0,0,0.060,0.060,0.000,0,0,0,18988,18988,0,0
travel,88.770,2131.2,1635.488,1635.488,fly,0.822,ok,2601,0,0,192.00,310173696,442580992,114090264,95883264,18123768,2904,7449760,22132800,958,18988,18988,0,0,0,0,0,0,0,0,0.060,0.063,0.000,0,0,0,18988,18988,0,0
travel,88.805,2132.0,1636.066,1636.066,fly,0.817,ok,2601,0,0,192.00,310173696,442580992,114090264,95883264,18123768,2904,7449760,22132800,958,18988,18988,0,0,0,0,0,0,0,0,0.060,0.068,0.000,0,0,0,18988,18988,0,0
travel,88.838,2132.8,1636.631,1636.631,fly,1.030,ok,2601,0,0,192.00,310173696,442580992,114090264,95883264,18123768,2904,7449760,22132800,958,18988,18988,0,0,0,0,0,0,0,0,0.062,0.081,0.000,0,0,0,18988,18988,0,0
travel,88.869,2133.6,1637.150,1637.150,fly,1.010,ok,2601,0,0,192.00,310173696,442580992,114090264,95883264,18123768,2904,7449760,22132800,958,18988,18988,0,0,0,0,0,0,0,0,0.141,0.110,0.000,0,0,0,18988,18988,0,0
travel,88.901,2134.3,1637.696,1637.696,fly,1.041,ok,2601,0,0,192.00,310173696,442580992,114090264,95883264,18123768,2904,7449760,22132800,958,18988,18988,0,0,0,0,0,0,0,0,0.207,0.111,0.000,0,0,0,18988,18988,0,0
travel,88.933,2135.1,1638.235,1638.235,fly,1.469,ok,2601,0,0,192.00,310173696,442580992,114090264,95883264,18123768,2904,7449760,22132800,958,18988,18988,0,0,0,0,0,0,0,0,0.091,0.200,0.000,0,0,0,18988,18988,0,0
travel,88.966,2135.9,1638.792,1638.792,fly,0.863,ok,2601,0,0,192.00,310173696,442580992,114090264,95883264,18123768,2904,7449760,22132800,958,18988,18988,0,0,0,0,0,0,0,0,0.060,0.074,0.000,0,0,0,18988,18988,0,0
travel,88.998,2136.7,1639.350,1639.350,fly,1.210,ok,2601,0,0,192.00,310173696,442580992,114090264,95883264,18123768,2904,7449760,22132800,958,18988,18988,0,0,0,0,0,0,0,0,0.074,0.131,0.000,0,0,0,18988,18988,0,0
travel,89.033,2137.5,1639.934,1639.934,fly,1.210,ok,2601,0,0,192.00,310173696,442580992,114090264,95883264,18123768,2904,7449760,22132800,958,18988,18988,0,0,0,0,0,0,0,0,0.074,0.120,0.000,0,0,0,18988,18988,0,0
travel,89.078,2138.6,1640.698,1640.698,fly,0.891,ok,2601,0,0,192.00,310444032,442580992,114090264,95883264,18123768,2904,11174640,22132800,958,19089,19089,0,0,0,0,0,0,0,0,0.071,0.111,0.000,0,0,0,19089,19089,0,0
travel,89.110,2139.3,1641.237,1641.237,fly,0.812,ok,2601,0,0,192.00,310444032,442580992,114090264,95883264,18123768,2904,11174640,22132800,958,19089,19089,0,0,0,0,0,0,0,0,0.060,0.062,0.000,0,0,0,19089,19089,0,0
travel,89.144,2140.1,1641.808,1641.808,fly,0.925,ok,2601,0,0,192.00,310444032,442580992,114090264,95883264,18123768,2904,11174640,22132800,958,19089,19089,0,0,0,0,0,0,0,0,0.068,0.106,0.000,0,0,0,19089,19089,0,0
travel,89.177,2140.9,1642.378,1642.378,fly,1.088,ok,2601,0,0,192.00,310444032,442580992,114090264,95883264,18123768,2904,7449760,22132800,958,19089,19089,0,0,0,0,0,0,0,0,0.071,0.113,0.000,0,0,0,19089,19089,0,0
travel,89.209,2141.7,1642.912,1642.912,fly,1.248,ok,2601,0,0,192.00,310444032,442580992,114090264,95883264,18123768,2904,7449760,22132800,958,19089,19089,0,0,0,0,0,0,0,0,0.070,0.115,0.000,0,0,0,19089,19089,0,0
travel,89.241,2142.5,1643.462,1643.462,fly,0.888,ok,2601,0,0,192.00,310444032,442580992,114090264,95883264,18123768,2904,7449760,22132800,958,19089,19089,0,0,0,0,0,0,0,0,0.131,0.066,0.000,0,0,0,19089,19089,0,0
travel,89.273,2143.2,1644.001,1644.001,fly,0.908,ok,2601,0,0,192.00,310444032,442580992,114090264,95883264,18123768,2904,7449760,22132800,958,19089,19089,0,0,0,0,0,0,0,0,0.061,0.071,0.000,0,0,0,19089,19089,0,0
travel,89.305,2144.0,1644.543,1644.543,fly,0.835,ok,2601,0,0,192.00,310444032,442580992,114090264,95883264,18123768,2904,7449760,22132800,958,19089,19089,0,0,0,0,0,0,0,0,0.060,0.068,0.000,0,0,0,19089,19089,0,0
travel,89.338,2144.8,1645.099,1645.099,fly,1.115,ok,2601,0,0,192.00,310509568,442580992,114090264,95883264,18123768,2904,7449760,22132800,958,19089,19089,0,0,0,0,0,0,0,0,0.063,0.087,0.000,0,0,0,19089,19089,0,0
travel,89.371,2145.6,1645.657,1645.657,fly,1.181,ok,2601,0,0,192.00,310509568,442580992,114090264,95883264,18123768,2904,7449760,22132800,958,19089,19089,0,0,0,0,0,0,0,0,0.144,0.116,0.000,0,0,0,19089,19089,0,0
travel,89.402,2146.3,1646.189,1646.189,fly,0.858,ok,2601,0,0,192.00,310509568,442580992,114090264,95883264,18123768,2904,7449760,22132800,958,19089,19089,0,0,0,0,0,0,0,0,0.062,0.076,0.000,0,0,0,19089,19089,0,0
travel,89.436,2147.2,1646.768,1646.768,fly,0.816,ok,2601,0,0,192.00,310509568,442580992,114090264,95883264,18123768,2904,7449760,22132800,958,19089,19089,0,0,0,0,0,0,0,0,0.059,0.065,0.000,0,0,0,19089,19089,0,0
travel,89.469,2147.9,1647.328,1647.328,fly,0.852,ok,2601,0,0,192.00,310509568,442580992,114090264,95883264,18123768,2904,7449760,22132800,958,19089,19089,0,0,0,0,0,0,0,0,0.060,0.074,0.000,0,0,0,19089,19089,0,0
travel,89.501,2148.7,1647.860,1647.860,fly,1.363,ok,2601,0,0,192.00,310509568,442580992,114090264,95883264,18123768,2904,7449760,22132800,958,19089,19089,0,0,0,0,0,0,0,0,0.402,0.123,0.000,0,0,0,19089,19089,0,0
travel,89.545,2149.7,1648.601,1648.601,fly,0.901,ok,2601,0,0,192.00,310583296,442580992,114090264,95883264,18123768,2904,11174640,22132800,958,19190,19190,0,0,0,0,0,0,0,0,0.140,0.067,0.000,0,0,0,19190,19190,0,0
travel,89.576,2150.5,1649.142,1649.142,fly,0.808,ok,2601,0,0,192.00,310583296,442580992,114090264,95883264,18123768,2904,11174640,22132800,958,19190,19190,0,0,0,0,0,0,0,0,0.061,0.067,0.000,0,0,0,19190,19190,0,0
travel,89.610,2151.3,1649.704,1649.704,fly,1.129,ok,2601,0,0,192.00,310583296,442580992,114090264,95883264,18123768,2904,11174640,22132800,958,19190,19190,0,0,0,0,0,0,0,0,0.064,0.088,0.000,0,0,0,19190,19190,0,0
travel,89.642,2152.1,1650.249,1650.249,fly,1.001,ok,2601,0,0,192.00,310583296,442580992,114090264,95883264,18123768,2904,7449760,22132800,958,19190,19190,0,0,0,0,0,0,0,0,0.077,0.155,0.001,0,0,0,19190,19190,0,0
travel,89.675,2152.9,1650.808,1650.808,fly,1.155,ok,2601,0,0,192.00,310583296,442580992,114090264,95883264,18123768,2904,7449760,22132800,958,19190,19190,0,0,0,0,0,0,0,0,0.141,0.123,0.000,0,0,0,19190,19190,0,0
travel,89.709,2153.7,1651.381,1651.381,fly,1.074,ok,2601,0,0,192.00,310583296,442580992,114090264,95883264,18123768,2904,7449760,22132800,958,19190,19190,0,0,0,0,0,0,0,0,0.147,0.177,0.000,0,0,0,19190,19190,0,0
travel,89.740,2154.4,1651.916,1651.916,fly,0.814,ok,2601,0,0,192.00,310583296,442580992,114090264,95883264,18123768,2904,7449760,22132800,958,19190,19190,0,0,0,0,0,0,0,0,0.060,0.070,0.000,0,0,0,19190,19190,0,0
travel,89.772,2155.2,1652.458,1652.458,fly,0.887,ok,2601,0,0,192.00,310583296,442580992,114090264,95883264,18123768,2904,7449760,22132800,958,19190,19190,0,0,0,0,0,0,0,0,0.065,0.075,0.000,0,0,0,19190,19190,0,0
travel,89.804,2156.0,1652.997,1652.997,fly,1.274,ok,2601,0,0,192.00,310583296,442580992,114090264,95883264,18123768,2904,7449760,22132800,958,19190,19190,0,0,0,0,0,0,0,0,0.075,0.170,0.000,0,0,0,19190,19190,0,0
travel,89.836,2156.7,1653.537,1653.537,fly,1.629,ok,2601,0,0,192.00,310583296,442580992,114090264,95883264,18123768,2904,7449760,22132800,958,19190,19190,0,0,0,0,0,0,0,0,0.707,0.124,0.000,0,0,0,19190,19190,0,0
travel,89.870,2157.6,1654.119,1654.119,fly,0.896,ok,2601,0,0,192.00,310583296,442580992,114090264,95883264,18123768,2904,7449760,22132800,958,19190,19190,0,0,0,0,0,0,0,0,0.131,0.067,0.000,0,0,0,19190,19190,0,0
travel,89.905,2158.4,1654.703,1654.703,fly,0.826,ok,2601,0,0,192.00,310583296,442580992,114090264,95883264,18123768,2904,7449760,22132800,958,19190,19190,0,0,0,0,0,0,0,0,0.060,0.072,0.000,0,0,0,19190,19190,0,0
travel,89.939,2159.2,1655.281,1655.281,fly,0.862,ok,2601,0,0,192.00,310583296,442580992,114090264,95883264,18123768,2904,7449760,22132800,958,19190,19190,0,0,0,0,0,0,0,0,0.060,0.071,0.000,0,0,0,19190,19190,0,0
travel,89.970,2159.9,1655.804,1655.804,fly,1.802,ok,2601,0,0,192.00,310583296,442580992,114090264,95883264,18123768,2904,7449760,22132800,958,19190,19190,0,0,0,0,0,0,0,0,0.858,0.119,0.000,0,0,0,19190,19190,0,0
stop,90.001,2160.7,1656.333,1656.333,fly,4.939,ok,2601,0,0,192.00,310587392,442580992,0,0,0,0,0,0,0,19291,19291,0,0,3,0,0,0,0,0,0.084,0.115,0.000,0,0,0,19291,19291,0,0
