phase,elapsed_s,distance_m,x,y,mode,frame_ms,primary,resident_packages,pending_packages,worker_queue,complete_radius_m,working_set_bytes,private_bytes,live_package_bytes,live_mesh_bytes,live_collision_bytes,live_gl_resources,retirement_queue_bytes,worker_result_bytes,cache_entries,packages_created,packages_retired,pkg_create,pkg_retire,worker_batch,collision,mesh,gl_create,gl_delete,alloc_delta,finish_ms,swap_ms,retire_ms,wake_water_body,wake_topology,wake_terrain_state,wake_mesh,wake_collision,wake_grass,wake_tree
travel,0.029,0.7,128.994,128.994,fly,0.741,ok,2601,0,0,192.00,238727168,314003456,114090264,95883264,18123768,2601,0,22132800,797,0,0,0,0,0,0,0,0,0,0,0.378,0.011,0.000,0,0,0,0,0,0,0
travel,0.059,1.4,129.507,129.507,fly,0.742,ok,2601,0,0,192.00,238727168,314003456,114090264,95883264,18123768,2601,0,22132800,842,0,0,0,0,0,0,0,0,0,0,0.378,0.010,0.000,0,0,0,0,0,0,0
travel,0.089,2.1,130.019,130.019,fly,0.760,ok,2601,0,0,192.00,238727168,314003456,114090264,95883264,18123768,2601,0,22132800,887,0,0,0,0,0,0,0,0,0,0,0.378,0.011,0.000,0,0,0,0,0,0,0
travel,0.119,2.9,130.528,130.528,fly,0.808,ok,2601,0,0,192.00,238727168,314003456,114090264,95883264,18123768,2601,0,22132800,887,0,0,0,0,0,0,0,0,0,0,0.362,0.018,0.000,0,0,0,0,0,0,0
travel,0.150,3.6,131.037,131.037,fly,0.784,ok,2601,0,0,192.00,238727168,314003456,114090264,95883264,18123768,2601,0,22132800,932,0,0,0,0,0,0,0,0,0,0,0.383,0.017,0.000,0,0,0,0,0,0,0
travel,0.180,4.3,131.548,131.548,fly,0.709,ok,2601,0,0,192.00,238727168,314003456,114090264,95883264,18123768,2601,0,22132800,932,0,0,0,0,0,0,0,0,0,0,0.365,0.010,0.000,0,0,0,0,0,0,0
travel,0.210,5.0,132.058,132.058,fly,0.706,ok,2601,0,0,192.00,238727168,314003456,114090264,95883264,18123768,2601,0,22132800,950,0,0,0,0,0,0,0,0,0,0,0.364,0.010,0.000,0,0,0,0,0,0,0
travel,0.240,5.8,132.570,132.570,fly,0.766,ok,2601,0,0,192.00,238727168,314003456,114090264,95883264,18123768,2601,0,22132800,950,0,0,0,0,0,0,0,0,0,0,0.375,0.024,0.000,0,0,0,0,0,0,0
travel,0.270,6.5,133.089,133.089,fly,0.727,ok,2601,0,0,192.00,238727168,314003456,114090264,95883264,18123768,2601,0,22132800,956,0,0,0,0,0,0,0,0,0,0,0.366,0.010,0.000,0,0,0,0,0,0,0
travel,0.301,7.2,133.607,133.607,fly,0.707,ok,2601,0,0,192.00,238727168,314003456,114090264,95883264,18123768,2601,0,22132800,956,0,0,0,0,0,0,0,0,0,0,0.368,0.011,0.000,0,0,0,0,0,0,0
travel,0.331,7.9,134.118,134.118,fly,0.769,ok,2601,0,0,192.00,238727168,314003456,114090264,95883264,18123768,2601,0,22132800,958,0,0,0,0,0,0,0,0,0,0,0.382,0.011,0.000,0,0,0,0,0,0,0
travel,0.361,8.7,134.629,134.629,fly,0.725,ok,2601,0,0,192.00,238727168,314003456,114090264,95883264,18123768,2601,0,22132800,958,0,0,0,0,0,0,0,0,0,0,0.377,0.010,0.000,0,0,0,0,0,0,0
travel,0.391,9.4,135.141,135.141,fly,0.719,ok,2601,0,0,192.00,238727168,314003456,114090264,95883264,18123768,2601,0,22132800,958,0,0,0,0,0,0,0,0,0,0,0.380,0.010,0.000,0,0,0,0,0,0,0
travel,0.422,10.1,135.654,135.654,fly,0.719,ok,2601,0,0,192.00,238731264,314003456,114090264,95883264,18123768,2601,0,22132800,958,0,0,0,0,0,0,0,0,0,0,0.379,0.010,0.000,0,0,0,0,0,0,0
travel,0.462,11.1,136.334,136.334,fly,0.719,ok,2601,0,0,192.00,236822528,318980096,114090264,95883264,18123768,2702,3724880,22132800,958,101,101,0,0,0,0,0,0,0,0,0.379,0.010,0.000,0,0,0,101,101,0,0
travel,0.492,11.8,136.845,136.845,fly,0.736,ok,2601,0,0,192.00,236826624,318980096,114090264,95883264,18123768,2702,3724880,22132800,958,101,101,0,0,0,0,0,0,0,0,0.378,0.011,0.000,0,0,0,101,101,0,0
travel,0.522,12.5,137.357,137.357,fly,0.845,ok,2601,0,0,192.00,236830720,318980096,114090264,95883264,18123768,2702,3724880,22132800,958,101,101,0,0,0,0,0,0,0,0,0.403,0.022,0.000,0,0,0,101,101,0,0
travel,0.552,13.2,137.866,137.866,fly,0.791,ok,2601,0,0,192.00,236830720,318980096,114090264,95883264,18123768,2702,3724880,22132800,958,101,101,0,0,0,0,0,0,0,0,0.401,0.019,0.000,0,0,0,101,101,0,0
travel,0.582,14.0,138.380,138.380,fly,0.706,ok,2601,0,0,192.00,236830720,318980096,114090264,95883264,18123768,2702,3724880,22132800,958,101,101,0,0,0,0,0,0,0,0,0.368,0.010,0.000,0,0,0,101,101,0,0
travel,0.612,14.7,138.890,138.890,fly,0.725,ok,2601,0,0,192.00,236830720,318980096,114090264,95883264,18123768,2702,3724880,22132800,958,101,101,0,0,0,0,0,0,0,0,0.377,0.010,0.000,0,0,0,101,101,0,0
travel,0.643,15.4,139.404,139.404,fly,0.712,ok,2601,0,0,192.00,236834816,318980096,114090264,95883264,18123768,2702,3724880,22132800,958,101,101,0,0,0,0,0,0,0,0,0.376,0.010,0.000,0,0,0,101,101,0,0
travel,0.673,16.1,139.916,139.916,fly,0.952,ok,2601,0,0,192.00,236834816,318980096,114090264,95883264,18123768,2702,3724880,22132800,958,101,101,0,0,0,0,0,0,0,0,0.498,0.023,0.000,0,0,0,101,101,0,0
travel,0.703,16.9,140.429,140.429,fly,0.795,ok,2601,0,0,192.00,236834816,318980096,114090264,95883264,18123768,2702,3724880,22132800,958,101,101,0,0,0,0,0,0,0,0,0.384,0.022,0.000,0,0,0,101,101,0,0
travel,0.733,17.6,140.940,140.940,fly,1.185,ok,2601,0,0,192.00,236834816,318980096,114090264,95883264,18123768,2702,3724880,22132800,958,101,101,0,0,0,0,0,0,0,0,0.759,0.021,0.000,0,0,0,101,101,0,0
travel,0.764,18.3,141.458,141.458,fly,0.926,ok,2601,0,0,192.00,236834816,318980096,114090264,95883264,18123768,2702,3724880,22132800,958,101,101,0,0,0,0,0,0,0,0,0.415,0.023,0.000,0,0,0,101,101,0,0
travel,0.794,19.0,141.970,141.970,fly,0.731,ok,2601,0,0,192.00,236834816,318980096,114090264,95883264,18123768,2702,3724880,22132800,958,101,101,0,0,0,0,0,0,0,0,0.380,0.021,0.000,0,0,0,101,101,0,0
travel,0.824,19.8,142.483,142.483,fly,0.717,ok,2601,0,0,192.00,236834816,318980096,114090264,95883264,18123768,2702,3724880,22132800,958,101,101,0,0,0,0,0,0,0,0,0.380,0.010,0.000,0,0,0,101,101,0,0
travel,0.854,20.5,142.994,142.994,fly,0.716,ok,2601,0,0,192.00,236834816,318980096,114090264,95883264,18123768,2702,3724880,22132800,958,101,101,0,0,0,0,0,0,0,0,0.378,0.010,0.000,0,0,0,101,101,0,0
travel,0.884,21.2,143.505,143.505,fly,0.749,ok,2601,0,0,192.00,236834816,318980096,114090264,95883264,18123768,2702,3724880,22132800,958,101,101,0,0,0,0,0,0,0,0,0.394,0.022,0.000,0,0,0,101,101,0,0
travel,0.918,22.0,144.082,144.082,fly,3.546,ok,2564,37,68,192.00,238694400,322129920,112467296,94519296,17865952,2766,7449760,20516136,958,165,202,32,0,129,32,32,32,0,0,0.580,0.021,0.000,0,0,0,165,165,0,0
travel,0.954,22.9,144.694,144.694,fly,0.721,ok,2601,0,0,192.00,239874048,323719168,114090264,95883264,18123768,2803,7449760,22132800,958,202,202,0,0,0,0,0,0,0,0,0.380,0.010,0.000,0,0,0,202,202,0,0
travel,0.984,23.6,145.203,145.203,fly,0.725,ok,2601,0,0,192.00,239874048,323719168,114090264,95883264,18123768,2803,7449760,22132800,958,202,202,0,0,0,0,0,0,0,0,0.388,0.010,0.000,0,0,0,202,202,0,0
travel,1.014,24.3,145.715,145.715,fly,0.733,ok,2601,0,0,192.00,239874048,323719168,114090264,95883264,18123768,2803,7449760,22132800,958,202,202,0,0,0,0,0,0,0,0,0.390,0.010,0.000,0,0,0,202,202,0,0
travel,1.044,25.1,146.225,146.225,fly,0.706,ok,2601,0,0,192.00,239878144,323719168,114090264,95883264,18123768,2803,7449760,22132800,958,202,202,0,0,0,0,0,0,0,0,0.368,0.010,0.000,0,0,0,202,202,0,0
travel,1.075,25.8,146.736,146.736,fly,0.708,ok,2601,0,0,192.00,239878144,323719168,114090264,95883264,18123768,2803,7449760,22132800,958,202,202,0,0,0,0,0,0,0,0,0.370,0.010,0.000,0,0,0,202,202,0,0
travel,1.105,26.5,147.245,147.245,fly,0.718,ok,2601,0,0,192.00,239878144,323719168,114090264,95883264,18123768,2803,7449760,22132800,958,202,202,0,0,0,0,0,0,0,0,0.379,0.010,0.000,0,0,0,202,202,0,0
travel,1.135,27.2,147.754,147.754,fly,0.709,ok,2601,0,0,192.00,239878144,323719168,114090264,95883264,18123768,2803,7449760,22132800,958,202,202,0,0,0,0,0,0,0,0,0.367,0.010,0.000,0,0,0,202,202,0,0
travel,1.165,28.0,148.267,148.267,fly,0.756,ok,2601,0,0,192.00,239878144,323719168,114090264,95883264,18123768,2803,7449760,22132800,958,202,202,0,0,0,0,0,0,0,0,0.382,0.011,0.000,0,0,0,202,202,0,0
travel,1.195,28.7,148.780,148.780,fly,0.729,ok,2601,0,0,192.00,239878144,323719168,114090264,95883264,18123768,2803,7449760,22132800,958,202,202,0,0,0,0,0,0,0,0,0.368,0.010,0.000,0,0,0,202,202,0,0
travel,1.225,29.4,149.289,149.289,fly,0.714,ok,2601,0,0,192.00,239878144,323719168,114090264,95883264,18123768,2803,7449760,22132800,958,202,202,0,0,0,0,0,0,0,0,0.375,0.010,0.000,0,0,0,202,202,0,0
travel,1.255,30.1,149.799,149.799,fly,1.100,ok,2601,0,0,192.00,239878144,323719168,114090264,95883264,18123768,2803,7449760,22132800,958,202,202,0,0,0,0,0,0,0,0,0.701,0.022,0.000,0,0,0,202,202,0,0
travel,1.285,30.8,150.311,150.311,fly,0.713,ok,2601,0,0,192.00,239878144,323719168,114090264,95883264,18123768,2803,7449760,22132800,958,202,202,0,0,0,0,0,0,0,0,0.376,0.010,0.000,0,0,0,202,202,0,0
travel,1.315,31.6,150.821,150.821,fly,0.712,ok,2601,0,0,192.00,239878144,323719168,114090264,95883264,18123768,2803,7449760,22132800,958,202,202,0,0,0,0,0,0,0,0,0.375,0.010,0.000,0,0,0,202,202,0,0
travel,1.345,32.3,151.331,151.331,fly,0.761,ok,2601,0,0,192.00,239878144,323719168,114090264,95883264,18123768,2803,7449760,22132800,958,202,202,0,0,0,0,0,0,0,0,0.379,0.011,0.000,0,0,0,202,202,0,0
travel,1.375,33.0,151.840,151.840,fly,0.714,ok,2601,0,0,192.00,239878144,323719168,114090264,95883264,18123768,2803,7449760,22132800,958,202,202,0,0,0,0,0,0,0,0,0.374,0.010,0.000,0,0,0,202,202,0,0
travel,1.415,34.0,152.508,152.508,fly,0.723,ok,2601,0,0,192.00,242950144,329097216,114090264,95883264,18123768,2904,11174640,22132800,958,303,303,0,0,0,0,0,0,0,0,0.379,0.010,0.000,0,0,0,303,303,0,0
travel,1.445,34.7,153.018,153.018,fly,0.745,ok,2601,0,0,192.00,242950144,329097216,114090264,95883264,18123768,2904,11174640,22132800,958,303,303,0,0,0,0,0,0,0,0,0.371,0.017,0.000,0,0,0,303,303,0,0
travel,1.475,35.4,153.529,153.529,fly,0.712,ok,2601,0,0,192.00,242954240,329097216,114090264,95883264,18123768,2904,11174640,22132800,958,303,303,0,0,0,0,0,0,0,0,0.369,0.010,0.000,0,0,0,303,303,0,0
travel,1.505,36.1,154.042,154.042,fly,0.736,ok,2601,0,0,192.00,242954240,329097216,114090264,95883264,18123768,2904,11174640,22132800,958,303,303,0,0,0,0,0,0,0,0,0.376,0.011,0.000,0,0,0,303,303,0,0
travel,1.535,36.8,154.551,154.551,fly,0.708,ok,2601,0,0,192.00,242954240,329097216,114090264,95883264,18123768,2904,11174640,22132800,958,303,303,0,0,0,0,0,0,0,0,0.370,0.010,0.000,0,0,0,303,303,0,0
travel,1.565,37.6,155.064,155.064,fly,0.715,ok,2601,0,0,192.00,242958336,329097216,114090264,95883264,18123768,2904,11174640,22132800,958,303,303,0,0,0,0,0,0,0,0,0.377,0.010,0.000,0,0,0,303,303,0,0
travel,1.595,38.3,155.574,155.574,fly,0.715,ok,2601,0,0,192.00,242958336,329097216,114090264,95883264,18123768,2904,11174640,22132800,958,303,303,0,0,0,0,0,0,0,0,0.378,0.010,0.000,0,0,0,303,303,0,0
travel,1.625,39.0,156.083,156.083,fly,1.149,ok,2601,0,0,192.00,242958336,329097216,114090264,95883264,18123768,2904,11174640,22132800,958,303,303,0,0,0,0,0,0,0,0,0.788,0.023,0.000,0,0,0,303,303,0,0
travel,1.656,39.7,156.597,156.597,fly,0.738,ok,2601,0,0,192.00,242958336,329097216,114090264,95883264,18123768,2904,11174640,22132800,958,303,303,0,0,0,0,0,0,0,0,0.379,0.010,0.000,0,0,0,303,303,0,0
travel,1.686,40.5,157.109,157.109,fly,0.716,ok,2601,0,0,192.00,242958336,329097216,114090264,95883264,18123768,2904,11174640,22132800,958,303,303,0,0,0,0,0,0,0,0,0.379,0.010,0.000,0,0,0,303,303,0,0
travel,1.716,41.2,157.619,157.619,fly,0.744,ok,2601,0,0,192.00,242958336,329097216,114090264,95883264,18123768,2904,11174640,22132800,958,303,303,0,0,0,0,0,0,0,0,0.375,0.011,0.000,0,0,0,303,303,0,0
travel,1.746,41.9,158.130,158.130,fly,0.727,ok,2601,0,0,192.00,242958336,329097216,114090264,95883264,18123768,2904,7449760,22132800,958,303,303,0,0,0,0,0,0,0,0,0.390,0.010,0.000,0,0,0,303,303,0,0
travel,1.776,42.6,158.642,158.642,fly,0.720,ok,2601,0,0,192.00,242958336,329097216,114090264,95883264,18123768,2904,7449760,22132800,958,303,303,0,0,0,0,0,0,0,0,0.382,0.010,0.000,0,0,0,303,303,0,0
travel,1.806,43.4,159.156,159.156,fly,0.710,ok,2601,0,0,192.00,242958336,329097216,114090264,95883264,18123768,2904,7449760,22132800,958,303,303,0,0,0,0,0,0,0,0,0.370,0.010,0.000,0,0,0,303,303,0,0
travel,1.836,44.1,159.665,159.665,fly,0.720,ok,2601,0,0,192.00,242958336,329097216,114090264,95883264,18123768,2904,7449760,22132800,958,303,303,0,0,0,0,0,0,0,0,0.381,0.010,0.000,0,0,0,303,303,0,0
travel,1.873,45.0,160.288,160.288,fly,0.728,ok,2601,0,0,192.00,244883456,333090816,114090264,95883264,18123768,2904,11174640,22132800,958,404,404,0,0,0,0,0,0,0,0,0.380,0.010,0.000,0,0,0,404,404,0,0
travel,1.903,45.7,160.799,160.799,fly,0.717,ok,2601,0,0,192.00,244883456,333090816,114090264,95883264,18123768,2904,11174640,22132800,958,404,404,0,0,0,0,0,0,0,0,0.379,0.010,0.000,0,0,0,404,404,0,0
travel,1.933,46.4,161.310,161.310,fly,0.793,ok,2601,0,0,192.00,244883456,333090816,114090264,95883264,18123768,2904,11174640,22132800,958,404,404,0,0,0,0,0,0,0,0,0.402,0.023,0.000,0,0,0,404,404,0,0
travel,1.964,47.1,161.826,161.826,fly,0.707,ok,2601,0,0,192.00,244883456,333090816,114090264,95883264,18123768,2904,11174640,22132800,958,404,404,0,0,0,0,0,0,0,0,0.369,0.010,0.000,0,0,0,404,404,0,0
travel,1.994,47.9,162.339,162.339,fly,0.807,ok,2601,0,0,192.00,244887552,333090816,114090264,95883264,18123768,2904,11174640,22132800,958,404,404,0,0,0,0,0,0,0,0,0.386,0.018,0.000,0,0,0,404,404,0,0
travel,2.024,48.6,162.854,162.854,fly,0.717,ok,2601,0,0,192.00,244887552,333090816,114090264,95883264,18123768,2904,11174640,22132800,958,404,404,0,0,0,0,0,0,0,0,0.380,0.010,0.000,0,0,0,404,404,0,0
travel,2.054,49.3,163.363,163.363,fly,0.713,ok,2601,0,0,192.00,244887552,333090816,114090264,95883264,18123768,2904,11174640,22132800,958,404,404,0,0,0,0,0,0,0,0,0.376,0.010,0.000,0,0,0,404,404,0,0
travel,2.084,50.0,163.874,163.874,fly,0.831,ok,2601,0,0,192.00,244891648,333090816,114090264,95883264,18123768,2904,11174640,22132800,958,404,404,0,0,0,0,0,0,0,0,0.408,0.023,0.000,0,0,0,404,404,0,0
travel,2.115,50.8,164.386,164.386,fly,0.713,ok,2601,0,0,192.00,244891648,333090816,114090264,95883264,18123768,2904,11174640,22132800,958,404,404,0,0,0,0,0,0,0,0,0.376,0.010,0.000,0,0,0,404,404,0,0
travel,2.145,51.5,164.895,164.895,fly,0.712,ok,2601,0,0,192.00,244891648,333090816,114090264,95883264,18123768,2904,11174640,22132800,958,404,404,0,0,0,0,0,0,0,0,0.375,0.010,0.000,0,0,0,404,404,0,0
travel,2.175,52.2,165.407,165.407,fly,0.748,ok,2601,0,0,192.00,244891648,333090816,114090264,95883264,18123768,2904,11174640,22132800,958,404,404,0,0,0,0,0,0,0,0,0.381,0.010,0.000,0,0,0,404,404,0,0
travel,2.205,52.9,165.918,165.918,fly,0.714,ok,2601,0,0,192.00,244891648,333090816,114090264,95883264,18123768,2904,11174640,22132800,958,404,404,0,0,0,0,0,0,0,0,0.378,0.010,0.000,0,0,0,404,404,0,0
travel,2.235,53.6,166.428,166.428,fly,0.722,ok,2601,0,0,192.00,244891648,333090816,114090264,95883264,18123768,2904,7449760,22132800,958,404,404,0,0,0,0,0,0,0,0,0.378,0.011,0.000,0,0,0,404,404,0,0
travel,2.265,54.4,166.941,166.941,fly,0.728,ok,2601,0,0,192.00,244891648,333090816,114090264,95883264,18123768,2904,7449760,22132800,958,404,404,0,0,0,0,0,0,0,0,0.368,0.011,0.000,0,0,0,404,404,0,0
travel,2.295,55.1,167.452,167.452,fly,0.800,ok,2601,0,0,192.00,244891648,333090816,114090264,95883264,18123768,2904,7449760,22132800,958,404,404,0,0,0,0,0,0,0,0,0.421,0.020,0.000,0,0,0,404,404,0,0
travel,2.325,55.8,167.963,167.963,fly,0.704,ok,2601,0,0,192.00,244891648,333090816,114090264,95883264,18123768,2904,7449760,22132800,958,404,404,0,0,0,0,0,0,0,0,0.367,0.010,0.000,0,0,0,404,404,0,0
travel,2.362,56.7,168.581,168.581,fly,0.718,ok,2601,0,0,192.00,245465088,334995456,114090264,95883264,18123768,2904,11174640,22132800,958,505,505,0,0,0,0,0,0,0,0,0.380,0.010,0.000,0,0,0,505,505,0,0
travel,2.392,57.4,169.093,169.093,fly,0.725,ok,2601,0,0,192.00,245465088,334995456,114090264,95883264,18123768,2904,11174640,22132800,958,505,505,0,0,0,0,0,0,0,0,0.379,0.010,0.000,0,0,0,505,505,0,0
travel,2.422,58.1,169.603,169.603,fly,0.719,ok,2601,0,0,192.00,245465088,334995456,114090264,95883264,18123768,2904,11174640,22132800,958,505,505,0,0,0,0,0,0,0,0,0.381,0.010,0.000,0,0,0,505,505,0,0
travel,2.452,58.9,170.114,170.114,fly,0.712,ok,2601,0,0,192.00,245465088,334995456,114090264,95883264,18123768,2904,11174640,22132800,958,505,505,0,0,0,0,0,0,0,0,0.378,0.010,0.000,0,0,0,505,505,0,0
travel,2.482,59.6,170.626,170.626,fly,0.707,ok,2601,0,0,192.00,245465088,334995456,114090264,95883264,18123768,2904,11174640,22132800,958,505,505,0,0,0,0,0,0,0,0,0.369,0.010,0.000,0,0,0,505,505,0,0
travel,2.512,60.3,171.136,171.136,fly,0.711,ok,2601,0,0,192.00,245469184,334995456,114090264,95883264,18123768,2904,11174640,22132800,958,505,505,0,0,0,0,0,0,0,0,0.371,0.010,0.000,0,0,0,505,505,0,0
travel,2.543,61.0,171.647,171.647,fly,0.769,ok,2601,0,0,192.00,245469184,334995456,114090264,95883264,18123768,2904,11174640,22132800,958,505,505,0,0,0,0,0,0,0,0,0.383,0.011,0.000,0,0,0,505,505,0,0
travel,2.573,61.7,172.157,172.157,fly,0.736,ok,2601,0,0,192.00,245469184,334995456,114090264,95883264,18123768,2904,11174640,22132800,958,505,505,0,0,0,0,0,0,0,0,0.375,0.011,0.000,0,0,0,505,505,0,0
travel,2.603,62.5,172.667,172.667,fly,0.721,ok,2601,0,0,192.00,245473280,334995456,114090264,95883264,18123768,2904,11174640,22132800,958,505,505,0,0,0,0,0,0,0,0,0.381,0.010,0.000,0,0,0,505,505,0,0
travel,2.633,63.2,173.177,173.177,fly,1.111,ok,2601,0,0,192.00,245473280,334995456,114090264,95883264,18123768,2904,11174640,22132800,958,505,505,0,0,0,0,0,0,0,0,0.669,0.026,0.000,0,0,0,505,505,0,0
travel,2.663,63.9,173.688,173.688,fly,0.720,ok,2601,0,0,192.00,245473280,334995456,114090264,95883264,18123768,2904,11174640,22132800,958,505,505,0,0,0,0,0,0,0,0,0.384,0.010,0.000,0,0,0,505,505,0,0
travel,2.693,64.6,174.199,174.199,fly,0.707,ok,2601,0,0,192.00,245473280,334995456,114090264,95883264,18123768,2904,11174640,22132800,958,505,505,0,0,0,0,0,0,0,0,0.371,0.010,0.000,0,0,0,505,505,0,0
travel,2.723,65.4,174.710,174.710,fly,0.856,ok,2601,0,0,192.00,245473280,334995456,114090264,95883264,18123768,2904,7449760,22132800,958,505,505,0,0,0,0,0,0,0,0,0.474,0.024,0.000,0,0,0,505,505,0,0
travel,2.753,66.1,175.219,175.219,fly,0.705,ok,2601,0,0,192.00,245473280,334995456,114090264,95883264,18123768,2904,7449760,22132800,958,505,505,0,0,0,0,0,0,0,0,0.369,0.010,0.000,0,0,0,505,505,0,0
travel,2.783,66.8,175.731,175.731,fly,0.725,ok,2601,0,0,192.00,245473280,334995456,114090264,95883264,18123768,2904,7449760,22132800,958,505,505,0,0,0,0,0,0,0,0,0.367,0.010,0.000,0,0,0,505,505,0,0
travel,2.819,67.7,176.347,176.347,fly,0.716,ok,2601,0,0,192.00,246661120,336048128,114090264,95883264,18123768,2904,11174640,22132800,958,606,606,0,0,0,0,0,0,0,0,0.379,0.010,0.000,0,0,0,606,606,0,0
travel,2.850,68.4,176.859,176.859,fly,0.780,ok,2601,0,0,192.00,246661120,336048128,114090264,95883264,18123768,2904,11174640,22132800,958,606,606,0,0,0,0,0,0,0,0,0.379,0.021,0.000,0,0,0,606,606,0,0
travel,2.880,69.1,177.372,177.372,fly,0.718,ok,2601,0,0,192.00,246661120,336048128,114090264,95883264,18123768,2904,11174640,22132800,958,606,606,0,0,0,0,0,0,0,0,0.378,0.010,0.000,0,0,0,606,606,0,0
travel,2.910,69.8,177.881,177.881,fly,0.758,ok,2601,0,0,192.00,246661120,336048128,114090264,95883264,18123768,2904,11174640,22132800,958,606,606,0,0,0,0,0,0,0,0,0.393,0.011,0.000,0,0,0,606,606,0,0
travel,2.940,70.6,178.395,178.395,fly,0.809,ok,2601,0,0,192.00,246661120,336048128,114090264,95883264,18123768,2904,11174640,22132800,958,606,606,0,0,0,0,0,0,0,0,0.403,0.024,0.000,0,0,0,606,606,0,0
travel,2.970,71.3,178.904,178.904,fly,0.783,ok,2601,0,0,192.00,246661120,336048128,114090264,95883264,18123768,2904,11174640,22132800,958,606,606,0,0,0,0,0,0,0,0,0.382,0.011,0.000,0,0,0,606,606,0,0
travel,3.000,72.0,179.415,179.415,fly,0.715,ok,2601,0,0,192.00,246661120,336048128,114090264,95883264,18123768,2904,11174640,22132800,958,606,606,0,0,0,0,0,0,0,0,0.379,0.010,0.000,0,0,0,606,606,0,0
travel,3.030,72.7,179.924,179.924,fly,0.717,ok,2601,0,0,192.00,246665216,336048128,114090264,95883264,18123768,2904,11174640,22132800,958,606,606,0,0,0,0,0,0,0,0,0.379,0.010,0.000,0,0,0,606,606,0,0
travel,3.061,73.5,180.438,180.438,fly,0.713,ok,2601,0,0,192.00,246665216,336048128,114090264,95883264,18123768,2904,11174640,22132800,958,606,606,0,0,0,0,0,0,0,0,0.377,0.010,0.000,0,0,0,606,606,0,0
travel,3.091,74.2,180.952,180.952,fly,0.713,ok,2601,0,0,192.00,246665216,336048128,114090264,95883264,18123768,2904,11174640,22132800,958,606,606,0,0,0,0,0,0,0,0,0.377,0.010,0.000,0,0,0,606,606,0,0
travel,3.121,74.9,181.466,181.466,fly,0.712,ok,2601,0,0,192.00,246665216,336048128,114090264,95883264,18123768,2904,11174640,22132800,958,606,606,0,0,0,0,0,0,0,0,0.376,0.010,0.000,0,0,0,606,606,0,0
travel,3.151,75.6,181.978,181.978,fly,0.712,ok,2601,0,0,192.00,246669312,336048128,114090264,95883264,18123768,2904,11174640,22132800,958,606,606,0,0,0,0,0,0,0,0,0.368,0.017,0.000,0,0,0,606,606,0,0
travel,3.181,76.4,182.490,182.490,fly,0.817,ok,2601,0,0,192.00,246669312,336048128,114090264,95883264,18123768,2904,7449760,22132800,958,606,606,0,0,0,0,0,0,0,0,0.404,0.023,0.000,0,0,0,606,606,0,0
travel,3.212,77.1,183.002,183.002,fly,0.752,ok,2601,0,0,192.00,246669312,336048128,114090264,95883264,18123768,2904,7449760,22132800,958,606,606,0,0,0,0,0,0,0,0,0.378,0.010,0.000,0,0,0,606,606,0,0
travel,3.242,77.8,183.513,183.513,fly,0.748,ok,2601,0,0,192.00,246669312,336048128,114090264,95883264,18123768,2904,7449760,22132800,958,606,606,0,0,0,0,0,0,0,0,0.385,0.020,0.000,0,0,0,606,606,0,0
travel,3.275,78.6,184.084,184.084,fly,3.353,ok,2598,3,67,192.00,247148544,336572416,113958672,95772672,18102864,2904,11174640,18845688,958,704,707,49,0,113,49,49,0,0,524288,0.392,0.020,0.000,0,0,0,704,704,0,0
travel,3.308,79.4,184.644,184.644,fly,1.133,ok,2601,0,0,192.00,247148544,336572416,114090264,95883264,18123768,2904,11174640,22132800,958,707,707,0,0,0,0,0,0,0,0,0.756,0.017,0.000,0,0,0,707,707,0,0
travel,3.339,80.1,185.158,185.158,fly,0.707,ok,2601,0,0,192.00,247148544,336572416,114090264,95883264,18123768,2904,11174640,22132800,958,707,707,0,0,0,0,0,0,0,0,0.372,0.010,0.000,0,0,0,707,707,0,0
travel,3.369,80.8,185.667,185.667,fly,0.707,ok,2601,0,0,192.00,247148544,336572416,114090264,95883264,18123768,2904,11174640,22132800,958,707,707,0,0,0,0,0,0,0,0,0.372,0.010,0.000,0,0,0,707,707,0,0
travel,3.399,81.6,186.180,186.180,fly,0.754,ok,2601,0,0,192.00,247148544,336572416,114090264,95883264,18123768,2904,11174640,22132800,958,707,707,0,0,0,0,0,0,0,0,0.391,0.011,0.000,0,0,0,707,707,0,0
travel,3.429,82.3,186.689,186.689,fly,0.719,ok,2601,0,0,192.00,247148544,336572416,114090264,95883264,18123768,2904,11174640,22132800,958,707,707,0,0,0,0,0,0,0,0,0.381,0.010,0.000,0,0,0,707,707,0,0
travel,3.459,83.0,187.198,187.198,fly,0.714,ok,2601,0,0,192.00,247148544,336572416,114090264,95883264,18123768,2904,11174640,22132800,958,707,707,0,0,0,0,0,0,0,0,0.378,0.010,0.000,0,0,0,707,707,0,0
travel,3.489,83.7,187.709,187.709,fly,0.756,ok,2601,0,0,192.00,247148544,336572416,114090264,95883264,18123768,2904,11174640,22132800,958,707,707,0,0,0,0,0,0,0,0,0.386,0.011,0.000,0,0,0,707,707,0,0
travel,3.519,84.5,188.221,188.221,fly,0.715,ok,2601,0,0,192.00,247148544,336572416,114090264,95883264,18123768,2904,11174640,22132800,958,707,707,0,0,0,0,0,0,0,0,0.379,0.010,0.000,0,0,0,707,707,0,0
travel,3.549,85.2,188.730,188.730,fly,0.831,ok,2601,0,0,192.00,247152640,336572416,114090264,95883264,18123768,2904,11174640,22132800,958,707,707,0,0,0,0,0,0,0,0,0.399,0.022,0.000,0,0,0,707,707,0,0
travel,3.579,85.9,189.239,189.239,fly,0.736,ok,2601,0,0,192.00,247152640,336572416,114090264,95883264,18123768,2904,11174640,22132800,958,707,707,0,0,0,0,0,0,0,0,0.378,0.010,0.000,0,0,0,707,707,0,0
travel,3.609,86.6,189.750,189.750,fly,0.703,ok,2601,0,0,192.00,247152640,336572416,114090264,95883264,18123768,2904,11174640,22132800,958,707,707,0,0,0,0,0,0,0,0,0.368,0.010,0.000,0,0,0,707,707,0,0
travel,3.639,87.3,190.262,190.262,fly,0.972,ok,2601,0,0,192.00,247152640,336572416,114090264,95883264,18123768,2904,11174640,22132800,958,707,707,0,0,0,0,0,0,0,0,0.498,0.023,0.000,0,0,0,707,707,0,0
travel,3.669,88.1,190.771,190.771,fly,0.706,ok,2601,0,0,192.00,247156736,336572416,114090264,95883264,18123768,2904,7449760,22132800,958,707,707,0,0,0,0,0,0,0,0,0.369,0.010,0.000,0,0,0,707,707,0,0
travel,3.700,88.8,191.285,191.285,fly,0.705,ok,2601,0,0,192.00,247156736,336572416,114090264,95883264,18123768,2904,7449760,22132800,958,707,707,0,0,0,0,0,0,0,0,0.368,0.010,0.000,0,0,0,707,707,0,0
travel,3.730,89.5,191.795,191.795,fly,0.835,ok,2601,0,0,192.00,247156736,336572416,114090264,95883264,18123768,2904,7449760,22132800,958,707,707,0,0,0,0,0,0,0,0,0.396,0.020,0.000,0,0,0,707,707,0,0
travel,3.766,90.4,192.412,192.412,fly,0.718,ok,2601,0,0,192.00,247812096,339197952,114090264,95883264,18123768,2904,11174640,22132800,958,808,808,0,0,0,0,0,0,0,0,0.380,0.010,0.000,0,0,0,808,808,0,0
travel,3.796,91.1,192.927,192.927,fly,0.723,ok,2601,0,0,192.00,247812096,339197952,114090264,95883264,18123768,2904,11174640,22132800,958,808,808,0,0,0,0,0,0,0,0,0.378,0.010,0.000,0,0,0,808,808,0,0
travel,3.826,91.8,193.436,193.436,fly,0.718,ok,2601,0,0,192.00,247812096,339197952,114090264,95883264,18123768,2904,11174640,22132800,958,808,808,0,0,0,0,0,0,0,0,0.380,0.010,0.000,0,0,0,808,808,0,0
travel,3.856,92.6,193.946,193.946,fly,0.741,ok,2601,0,0,192.00,247812096,339197952,114090264,95883264,18123768,2904,11174640,22132800,958,808,808,0,0,0,0,0,0,0,0,0.368,0.017,0.000,0,0,0,808,808,0,0
travel,3.887,93.3,194.459,194.459,fly,0.720,ok,2601,0,0,192.00,247812096,339197952,114090264,95883264,18123768,2904,11174640,22132800,958,808,808,0,0,0,0,0,0,0,0,0.376,0.011,0.000,0,0,0,808,808,0,0
travel,3.917,94.0,194.968,194.968,fly,0.706,ok,2601,0,0,192.00,247812096,339197952,114090264,95883264,18123768,2904,11174640,22132800,958,808,808,0,0,0,0,0,0,0,0,0.367,0.010,0.000,0,0,0,808,808,0,0
travel,3.947,94.7,195.483,195.483,fly,0.806,ok,2601,0,0,192.00,247812096,339197952,114090264,95883264,18123768,2904,11174640,22132800,958,808,808,0,0,0,0,0,0,0,0,0.407,0.020,0.000,0,0,0,808,808,0,0
travel,3.977,95.5,195.995,195.995,fly,0.703,ok,2601,0,0,192.00,247812096,339197952,114090264,95883264,18123768,2904,11174640,22132800,958,808,808,0,0,0,0,0,0,0,0,0.365,0.010,0.000,0,0,0,808,808,0,0
travel,4.007,96.2,196.505,196.505,fly,0.762,ok,2601,0,0,192.00,247812096,339197952,114090264,95883264,18123768,2904,11174640,22132800,958,808,808,0,0,0,0,0,0,0,0,0.390,0.017,0.000,0,0,0,808,808,0,0
travel,4.037,96.9,197.016,197.016,fly,0.753,ok,2601,0,0,192.00,247812096,339197952,114090264,95883264,18123768,2904,11174640,22132800,958,808,808,0,0,0,0,0,0,0,0,0.373,0.010,0.000,0,0,0,808,808,0,0
travel,4.067,97.6,197.525,197.525,fly,0.704,ok,2601,0,0,192.00,247816192,339197952,114090264,95883264,18123768,2904,11174640,22132800,958,808,808,0,0,0,0,0,0,0,0,0.368,0.010,0.000,0,0,0,808,808,0,0
travel,4.097,98.3,198.034,198.034,fly,0.764,ok,2601,0,0,192.00,247816192,339197952,114090264,95883264,18123768,2904,7449760,22132800,958,808,808,0,0,0,0,0,0,0,0,0.377,0.011,0.000,0,0,0,808,808,0,0
travel,4.128,99.1,198.548,198.548,fly,0.726,ok,2601,0,0,192.00,247816192,339197952,114090264,95883264,18123768,2904,7449760,22132800,958,808,808,0,0,0,0,0,0,0,0,0.379,0.011,0.000,0,0,0,808,808,0,0
travel,4.158,99.8,199.059,199.059,fly,0.707,ok,2601,0,0,192.00,247816192,339197952,114090264,95883264,18123768,2904,7449760,22132800,958,808,808,0,0,0,0,0,0,0,0,0.367,0.010,0.000,0,0,0,808,808,0,0
travel,4.188,100.5,199.570,199.570,fly,0.957,ok,2601,0,0,192.00,247820288,339197952,114090264,95883264,18123768,2904,7449760,22132800,958,808,808,0,0,0,0,0,0,0,0,0.398,0.023,0.000,0,0,0,808,808,0,0
travel,4.224,101.4,200.181,200.181,fly,0.811,ok,2601,0,0,192.00,248541184,340250624,114090264,95883264,18123768,2904,11174640,22132800,958,909,909,0,0,27,0,0,0,0,0,0.403,0.011,0.000,0,0,0,909,909,0,0
travel,4.254,102.1,200.695,200.695,fly,0.739,ok,2601,0,0,192.00,248541184,340250624,114090264,95883264,18123768,2904,11174640,22132800,958,909,909,0,0,0,0,0,0,0,0,0.396,0.010,0.000,0,0,0,909,909,0,0
travel,4.284,102.8,201.204,201.204,fly,0.716,ok,2601,0,0,192.00,248541184,340250624,114090264,95883264,18123768,2904,11174640,22132800,958,909,909,0,0,0,0,0,0,0,0,0.379,0.010,0.000,0,0,0,909,909,0,0
travel,4.314,103.5,201.714,201.714,fly,0.943,ok,2601,0,0,192.00,248541184,340250624,114090264,95883264,18123768,2904,11174640,22132800,958,909,909,0,0,0,0,0,0,0,0,0.591,0.018,0.000,0,0,0,909,909,0,0
travel,4.344,104.3,202.224,202.224,fly,0.714,ok,2601,0,0,192.00,248541184,340250624,114090264,95883264,18123768,2904,11174640,22132800,958,909,909,0,0,0,0,0,0,0,0,0.378,0.010,0.000,0,0,0,909,909,0,0
travel,4.374,105.0,202.737,202.737,fly,0.777,ok,2601,0,0,192.00,248541184,340250624,114090264,95883264,18123768,2904,11174640,22132800,958,909,909,0,0,0,0,0,0,0,0,0.403,0.010,0.000,0,0,0,909,909,0,0
travel,4.405,105.7,203.251,203.251,fly,0.750,ok,2601,0,0,192.00,248541184,340250624,114090264,95883264,18123768,2904,11174640,22132800,958,909,909,0,0,0,0,0,0,0,0,0.381,0.011,0.000,0,0,0,909,909,0,0
travel,4.435,106.4,203.760,203.760,fly,0.753,ok,2601,0,0,192.00,248541184,340250624,114090264,95883264,18123768,2904,11174640,22132800,958,909,909,0,0,0,0,0,0,0,0,0.385,0.011,0.000,0,0,0,909,909,0,0
travel,4.465,107.2,204.275,204.275,fly,0.772,ok,2601,0,0,192.00,248541184,340250624,114090264,95883264,18123768,2904,11174640,22132800,958,909,909,0,0,0,0,0,0,0,0,0.378,0.010,0.000,0,0,0,909,909,0,0
travel,4.495,107.9,204.786,204.786,fly,0.725,ok,2601,0,0,192.00,248541184,340250624,114090264,95883264,18123768,2904,11174640,22132800,958,909,909,0,0,0,0,0,0,0,0,0.379,0.010,0.000,0,0,0,909,909,0,0
travel,4.525,108.6,205.296,205.296,fly,0.714,ok,2601,0,0,192.00,248541184,340250624,114090264,95883264,18123768,2904,11174640,22132800,958,909,909,0,0,0,0,0,0,0,0,0.377,0.010,0.000,0,0,0,909,909,0,0
travel,4.555,109.3,205.807,205.807,fly,1.026,ok,2601,0,0,192.00,248541184,340250624,114090264,95883264,18123768,2904,11174640,22132800,958,909,909,0,0,0,0,0,0,0,0,0.596,0.022,0.000,0,0,0,909,909,0,0
travel,4.585,110.0,206.317,206.317,fly,0.716,ok,2601,0,0,192.00,248545280,340250624,114090264,95883264,18123768,2904,7449760,22132800,958,909,909,0,0,0,0,0,0,0,0,0.380,0.010,0.000,0,0,0,909,909,0,0
travel,4.616,110.8,206.830,206.830,fly,0.757,ok,2601,0,0,192.00,248545280,340250624,114090264,95883264,18123768,2904,7449760,22132800,958,909,909,0,0,0,0,0,0,0,0,0.402,0.011,0.000,0,0,0,909,909,0,0
travel,4.646,111.5,207.342,207.342,fly,0.759,ok,2601,0,0,192.00,248545280,340250624,114090264,95883264,18123768,2904,7449760,22132800,958,909,909,0,0,0,0,0,0,0,0,0.371,0.018,0.000,0,0,0,909,909,0,0
travel,4.676,112.2,207.858,207.858,fly,0.771,ok,2601,0,0,192.00,248545280,340250624,114090264,95883264,18123768,2904,7449760,22132800,958,909,909,0,0,0,0,0,0,0,0,0.411,0.011,0.000,0,0,0,909,909,0,0
travel,4.712,113.1,208.468,208.468,fly,0.719,ok,2601,0,0,192.00,249569280,341299200,114090264,95883264,18123768,2904,11174640,22132800,958,1010,1010,0,0,0,0,0,0,0,0,0.377,0.010,0.000,0,0,0,1010,1010,0,0
travel,4.742,113.8,208.979,208.979,fly,0.716,ok,2601,0,0,192.00,249569280,341299200,114090264,95883264,18123768,2904,11174640,22132800,958,1010,1010,0,0,0,0,0,0,0,0,0.378,0.010,0.000,0,0,0,1010,1010,0,0
travel,4.773,114.5,209.494,209.494,fly,0.820,ok,2601,0,0,192.00,249569280,341299200,114090264,95883264,18123768,2904,11174640,22132800,958,1010,1010,0,0,0,0,0,0,0,0,0.421,0.012,0.000,0,0,0,1010,1010,0,0
travel,4.803,115.3,210.004,210.004,fly,0.786,ok,2601,0,0,192.00,249569280,341299200,114090264,95883264,18123768,2904,11174640,22132800,958,1010,1010,0,0,0,0,0,0,0,0,0.378,0.023,0.000,0,0,0,1010,1010,0,0
travel,4.833,116.0,210.515,210.515,fly,0.720,ok,2601,0,0,192.00,249569280,341299200,114090264,95883264,18123768,2904,11174640,22132800,958,1010,1010,0,0,0,0,0,0,0,0,0.379,0.010,0.000,0,0,0,1010,1010,0,0
travel,4.863,116.7,211.029,211.029,fly,0.718,ok,2601,0,0,192.00,249569280,341299200,114090264,95883264,18123768,2904,11174640,22132800,958,1010,1010,0,0,0,0,0,0,0,0,0.379,0.010,0.000,0,0,0,1010,1010,0,0
travel,4.893,117.4,211.539,211.539,fly,0.777,ok,2601,0,0,192.00,249569280,341299200,114090264,95883264,18123768,2904,11174640,22132800,958,1010,1010,0,0,0,0,0,0,0,0,0.398,0.020,0.000,0,0,0,1010,1010,0,0
travel,4.923,118.2,212.050,212.050,fly,0.732,ok,2601,0,0,192.00,249569280,341299200,114090264,95883264,18123768,2904,11174640,22132800,958,1010,1010,0,0,0,0,0,0,0,0,0.380,0.011,0.000,0,0,0,1010,1010,0,0
travel,4.953,118.9,212.561,212.561,fly,0.740,ok,2601,0,0,192.00,249569280,341299200,114090264,95883264,18123768,2904,11174640,22132800,958,1010,1010,0,0,0,0,0,0,0,0,0.370,0.018,0.000,0,0,0,1010,1010,0,0
travel,4.983,119.6,213.070,213.070,fly,0.714,ok,2601,0,0,192.00,249569280,341299200,114090264,95883264,18123768,2904,11174640,22132800,958,1010,1010,0,0,0,0,0,0,0,0,0.375,0.010,0.000,0,0,0,1010,1010,0,0
travel,5.013,120.3,213.580,213.580,fly,1.016,ok,2601,0,0,192.00,249569280,341299200,114090264,95883264,18123768,2904,11174640,22132800,958,1010,1010,0,0,0,0,0,0,0,0,0.480,0.023,0.000,0,0,0,1010,1010,0,0
travel,5.044,121.0,214.095,214.095,fly,0.712,ok,2601,0,0,192.00,249569280,341299200,114090264,95883264,18123768,2904,7449760,22132800,958,1010,1010,0,0,0,0,0,0,0,0,0.374,0.010,0.000,0,0,0,1010,1010,0,0
travel,5.074,121.8,214.605,214.605,fly,0.714,ok,2601,0,0,192.00,249569280,341299200,114090264,95883264,18123768,2904,7449760,22132800,958,1010,1010,0,0,0,0,0,0,0,0,0.376,0.010,0.000,0,0,0,1010,1010,0,0
travel,5.104,122.5,215.120,215.120,fly,0.720,ok,2601,0,0,192.00,249573376,341299200,114090264,95883264,18123768,2904,7449760,22132800,958,1010,1010,0,0,0,0,0,0,0,0,0.380,0.010,0.000,0,0,0,1010,1010,0,0
travel,5.134,123.2,215.630,215.630,fly,0.725,ok,2601,0,0,192.00,249573376,341299200,114090264,95883264,18123768,2904,7449760,22132800,958,1010,1010,0,0,0,0,0,0,0,0,0.385,0.010,0.000,0,0,0,1010,1010,0,0
travel,5.171,124.1,216.250,216.250,fly,0.716,ok,2601,0,0,192.00,250322944,344453120,114090264,95883264,18123768,2904,11174640,22132800,958,1111,1111,0,0,0,0,0,0,0,0,0.378,0.010,0.000,0,0,0,1111,1111,0,0
travel,5.201,124.8,216.760,216.760,fly,0.741,ok,2601,0,0,192.00,250322944,344453120,114090264,95883264,18123768,2904,11174640,22132800,958,1111,1111,0,0,0,0,0,0,0,0,0.386,0.020,0.000,0,0,0,1111,1111,0,0
travel,5.231,125.5,217.271,217.271,fly,0.730,ok,2601,0,0,192.00,250327040,344453120,114090264,95883264,18123768,2904,11174640,22132800,958,1111,1111,0,0,0,0,0,0,0,0,0.383,0.010,0.000,0,0,0,1111,1111,0,0
travel,5.261,126.3,217.780,217.780,fly,0.713,ok,2601,0,0,192.00,250327040,344453120,114090264,95883264,18123768,2904,11174640,22132800,958,1111,1111,0,0,0,0,0,0,0,0,0.375,0.010,0.000,0,0,0,1111,1111,0,0
travel,5.291,127.0,218.290,218.290,fly,0.716,ok,2601,0,0,192.00,250327040,344453120,114090264,95883264,18123768,2904,11174640,22132800,958,1111,1111,0,0,0,0,0,0,0,0,0.378,0.010,0.000,0,0,0,1111,1111,0,0
travel,5.321,127.7,218.802,218.802,fly,0.720,ok,2601,0,0,192.00,250327040,344453120,114090264,95883264,18123768,2904,11174640,22132800,958,1111,1111,0,0,0,0,0,0,0,0,0.380,0.010,0.000,0,0,0,1111,1111,0,0
travel,5.351,128.4,219.314,219.314,fly,0.717,ok,2601,0,0,192.00,250327040,344453120,114090264,95883264,18123768,2904,11174640,22132800,958,1111,1111,0,0,0,0,0,0,0,0,0.379,0.010,0.000,0,0,0,1111,1111,0,0
travel,5.381,129.2,219.827,219.827,fly,0.773,ok,2601,0,0,192.00,250327040,344453120,114090264,95883264,18123768,2904,11174640,22132800,958,1111,1111,0,0,0,0,0,0,0,0,0.406,0.011,0.000,0,0,0,1111,1111,0,0
travel,5.411,129.9,220.337,220.337,fly,0.719,ok,2601,0,0,192.00,250327040,344453120,114090264,95883264,18123768,2904,11174640,22132800,958,1111,1111,0,0,0,0,0,0,0,0,0.378,0.010,0.000,0,0,0,1111,1111,0,0
travel,5.441,130.6,220.846,220.846,fly,0.737,ok,2601,0,0,192.00,250327040,344453120,114090264,95883264,18123768,2904,11174640,22132800,958,1111,1111,0,0,0,0,0,0,0,0,0.377,0.010,0.000,0,0,0,1111,1111,0,0
travel,5.472,131.3,221.359,221.359,fly,0.719,ok,2601,0,0,192.00,250327040,344453120,114090264,95883264,18123768,2904,11174640,22132800,958,1111,1111,0,0,0,0,0,0,0,0,0.377,0.010,0.000,0,0,0,1111,1111,0,0
travel,5.502,132.0,221.870,221.870,fly,0.717,ok,2601,0,0,192.00,250327040,344453120,114090264,95883264,18123768,2904,7449760,22132800,958,1111,1111,0,0,0,0,0,0,0,0,0.377,0.010,0.001,0,0,0,1111,1111,0,0
travel,5.532,132.8,222.383,222.383,fly,0.775,ok,2601,0,0,192.00,250327040,344453120,114090264,95883264,18123768,2904,7449760,22132800,958,1111,1111,0,0,0,0,0,0,0,0,0.407,0.010,0.000,0,0,0,1111,1111,0,0
travel,5.562,133.5,222.893,222.893,fly,0.716,ok,2601,0,0,192.00,250327040,344453120,114090264,95883264,18123768,2904,7449760,22132800,958,1111,1111,0,0,0,0,0,0,0,0,0.378,0.010,0.000,0,0,0,1111,1111,0,0
travel,5.592,134.2,223.405,223.405,fly,0.778,ok,2601,0,0,192.00,250327040,344453120,114090264,95883264,18123768,2904,7449760,22132800,958,1111,1111,0,0,0,0,0,0,0,0,0.410,0.011,0.000,0,0,0,1111,1111,0,0
travel,5.623,134.9,223.920,223.920,fly,0.810,ok,2601,0,0,192.00,250331136,344453120,114090264,95883264,18123768,2904,7449760,22132800,958,1111,1111,0,0,0,0,0,0,0,0,0.402,0.024,0.000,0,0,0,1111,1111,0,0
travel,5.659,135.8,224.533,224.533,fly,0.711,ok,2601,0,0,192.00,251248640,344977408,114090264,95883264,18123768,2904,11174640,22132800,958,1212,1212,0,0,0,0,0,0,0,0,0.371,0.010,0.000,0,0,0,1212,1212,0,0
travel,5.689,136.5,225.042,225.042,fly,0.725,ok,2601,0,0,192.00,251248640,344977408,114090264,95883264,18123768,2904,11174640,22132800,958,1212,1212,0,0,0,0,0,0,0,0,0.379,0.010,0.000,0,0,0,1212,1212,0,0
travel,5.719,137.3,225.551,225.551,fly,0.722,ok,2601,0,0,192.00,251248640,344977408,114090264,95883264,18123768,2904,11174640,22132800,958,1212,1212,0,0,0,0,0,0,0,0,0.377,0.010,0.000,0,0,0,1212,1212,0,0
travel,5.749,138.0,226.061,226.061,fly,0.724,ok,2601,0,0,192.00,251252736,344977408,114090264,95883264,18123768,2904,11174640,22132800,958,1212,1212,0,0,0,0,0,0,0,0,0.382,0.012,0.000,0,0,0,1212,1212,0,0
travel,5.779,138.7,226.574,226.574,fly,0.725,ok,2601,0,0,192.00,251252736,344977408,114090264,95883264,18123768,2904,11174640,22132800,958,1212,1212,0,0,0,0,0,0,0,0,0.387,0.010,0.000,0,0,0,1212,1212,0,0
travel,5.809,139.4,227.083,227.083,fly,0.717,ok,2601,0,0,192.00,251252736,344977408,114090264,95883264,18123768,2904,11174640,22132800,958,1212,1212,0,0,0,0,0,0,0,0,0.379,0.010,0.000,0,0,0,1212,1212,0,0
travel,5.839,140.1,227.594,227.594,fly,1.078,ok,2601,0,0,192.00,251252736,344977408,114090264,95883264,18123768,2904,11174640,22132800,958,1212,1212,0,0,0,0,0,0,0,0,0.477,0.020,0.000,0,0,0,1212,1212,0,0
travel,5.869,140.9,228.107,228.107,fly,0.716,ok,2601,0,0,192.00,251252736,344977408,114090264,95883264,18123768,2904,11174640,22132800,958,1212,1212,0,0,0,0,0,0,0,0,0.379,0.010,0.000,0,0,0,1212,1212,0,0
travel,5.899,141.6,228.616,228.616,fly,0.740,ok,2601,0,0,192.00,251252736,344977408,114090264,95883264,18123768,2904,11174640,22132800,958,1212,1212,0,0,0,0,0,0,0,0,0.380,0.011,0.000,0,0,0,1212,1212,0,0
travel,5.929,142.3,229.129,229.129,fly,0.736,ok,2601,0,0,192.00,251252736,344977408,114090264,95883264,18123768,2904,11174640,22132800,958,1212,1212,0,0,0,0,0,0,0,0,0.395,0.010,0.000,0,0,0,1212,1212,0,0
travel,5.960,143.0,229.642,229.642,fly,0.777,ok,2601,0,0,192.00,251252736,344977408,114090264,95883264,18123768,2904,11174640,22132800,958,1212,1212,0,0,0,0,0,0,0,0,0.413,0.021,0.000,0,0,0,1212,1212,0,0
travel,5.990,143.8,230.153,230.153,fly,0.754,ok,2601,0,0,192.00,251252736,344977408,114090264,95883264,18123768,2904,11174640,22132800,958,1212,1212,0,0,0,0,0,0,0,0,0.410,0.013,0.000,0,0,0,1212,1212,0,0
travel,6.020,144.5,230.664,230.664,fly,0.725,ok,2601,0,0,192.00,251252736,344977408,114090264,95883264,18123768,2904,7449760,22132800,958,1212,1212,0,0,0,0,0,0,0,0,0.380,0.017,0.000,0,0,0,1212,1212,0,0
travel,6.050,145.2,231.174,231.174,fly,0.716,ok,2601,0,0,192.00,251252736,344977408,114090264,95883264,18123768,2904,7449760,22132800,958,1212,1212,0,0,0,0,0,0,0,0,0.379,0.010,0.000,0,0,0,1212,1212,0,0
travel,6.080,145.9,231.687,231.687,fly,0.821,ok,2601,0,0,192.00,251252736,344977408,114090264,95883264,18123768,2904,7449760,22132800,958,1212,1212,0,0,0,0,0,0,0,0,0.407,0.023,0.000,0,0,0,1212,1212,0,0
travel,6.116,146.8,232.290,232.290,fly,0.722,ok,2601,0,0,192.00,252104704,346030080,114090264,95883264,18123768,2904,11174640,22132800,958,1313,1313,0,0,0,0,0,0,0,0,0.383,0.010,0.000,0,0,0,1313,1313,0,0
travel,6.146,147.5,232.802,232.802,fly,0.749,ok,2601,0,0,192.00,252108800,346030080,114090264,95883264,18123768,2904,11174640,22132800,958,1313,1313,0,0,0,0,0,0,0,0,0.373,0.011,0.000,0,0,0,1313,1313,0,0
travel,6.176,148.2,233.312,233.312,fly,0.707,ok,2601,0,0,192.00,252108800,346030080,114090264,95883264,18123768,2904,11174640,22132800,958,1313,1313,0,0,0,0,0,0,0,0,0.368,0.010,0.000,0,0,0,1313,1313,0,0
travel,6.206,148.9,233.822,233.822,fly,0.724,ok,2601,0,0,192.00,252108800,346030080,114090264,95883264,18123768,2904,11174640,22132800,958,1313,1313,0,0,0,0,0,0,0,0,0.386,0.010,0.000,0,0,0,1313,1313,0,0
travel,6.236,149.7,234.332,234.332,fly,0.710,ok,2601,0,0,192.00,252108800,346030080,114090264,95883264,18123768,2904,11174640,22132800,958,1313,1313,0,0,0,0,0,0,0,0,0.369,0.010,0.000,0,0,0,1313,1313,0,0
travel,6.266,150.4,234.841,234.841,fly,0.707,ok,2601,0,0,192.00,252112896,346030080,114090264,95883264,18123768,2904,11174640,22132800,958,1313,1313,0,0,0,0,0,0,0,0,0.369,0.010,0.000,0,0,0,1313,1313,0,0
travel,6.296,151.1,235.350,235.350,fly,0.736,ok,2601,0,0,192.00,252112896,346030080,114090264,95883264,18123768,2904,11174640,22132800,958,1313,1313,0,0,0,0,0,0,0,0,0.376,0.022,0.000,0,0,0,1313,1313,0,0
travel,6.326,151.8,235.860,235.860,fly,0.708,ok,2601,0,0,192.00,252112896,346030080,114090264,95883264,18123768,2904,11174640,22132800,958,1313,1313,0,0,0,0,0,0,0,0,0.369,0.010,0.000,0,0,0,1313,1313,0,0
travel,6.356,152.6,236.370,236.370,fly,0.721,ok,2601,0,0,192.00,252112896,346030080,114090264,95883264,18123768,2904,11174640,22132800,958,1313,1313,0,0,0,0,0,0,0,0,0.379,0.010,0.000,0,0,0,1313,1313,0,0
travel,6.386,153.3,236.879,236.879,fly,0.828,ok,2601,0,0,192.00,252112896,346030080,114090264,95883264,18123768,2904,11174640,22132800,958,1313,1313,0,0,0,0,0,0,0,0,0.411,0.024,0.000,0,0,0,1313,1313,0,0
travel,6.416,154.0,237.395,237.395,fly,0.730,ok,2601,0,0,192.00,252112896,346030080,114090264,95883264,18123768,2904,11174640,22132800,958,1313,1313,0,0,0,0,0,0,0,0,0.367,0.010,0.000,0,0,0,1313,1313,0,0
travel,6.447,154.7,237.906,237.906,fly,0.708,ok,2601,0,0,192.00,252112896,346030080,114090264,95883264,18123768,2904,11174640,22132800,958,1313,1313,0,0,0,0,0,0,0,0,0.370,0.010,0.000,0,0,0,1313,1313,0,0
travel,6.477,155.4,238.415,238.415,fly,0.774,ok,2601,0,0,192.00,252112896,346030080,114090264,95883264,18123768,2904,7449760,22132800,958,1313,1313,0,0,0,0,0,0,0,0,0.387,0.011,0.000,0,0,0,1313,1313,0,0
travel,6.507,156.2,238.928,238.928,fly,0.738,ok,2601,0,0,192.00,252112896,346030080,114090264,95883264,18123768,2904,7449760,22132800,958,1313,1313,0,0,0,0,0,0,0,0,0.379,0.010,0.000,0,0,0,1313,1313,0,0
travel,6.537,156.9,239.440,239.440,fly,0.740,ok,2601,0,0,192.00,252112896,346030080,114090264,95883264,18123768,2904,7449760,22132800,958,1313,1313,0,0,0,0,0,0,0,0,0.389,0.010,0.000,0,0,0,1313,1313,0,0
travel,6.567,157.6,239.952,239.952,fly,0.716,ok,2601,0,0,192.00,252112896,346030080,114090264,95883264,18123768,2904,7449760,22132800,958,1313,1313,0,0,0,0,0,0,0,0,0.379,0.010,0.000,0,0,0,1313,1313,0,0
travel,6.603,158.5,240.562,240.562,fly,0.901,ok,2601,0,0,192.00,252694528,346554368,114090264,95883264,18123768,2904,11174640,22132800,958,1414,1414,0,0,0,0,0,0,0,0,0.421,0.034,0.000,0,0,0,1414,1414,0,0
travel,6.633,159.2,241.073,241.073,fly,0.754,ok,2601,0,0,192.00,252694528,346554368,114090264,95883264,18123768,2904,11174640,22132800,958,1414,1414,0,0,0,0,0,0,0,0,0.404,0.010,0.000,0,0,0,1414,1414,0,0
travel,6.663,159.9,241.587,241.587,fly,0.997,ok,2601,0,0,192.00,252694528,346554368,114090264,95883264,18123768,2904,11174640,22132800,958,1414,1414,0,0,0,0,0,0,0,0,0.567,0.020,0.000,0,0,0,1414,1414,0,0
travel,6.694,160.7,242.100,242.100,fly,0.718,ok,2601,0,0,192.00,252698624,346554368,114090264,95883264,18123768,2904,11174640,22132800,958,1414,1414,0,0,0,0,0,0,0,0,0.380,0.010,0.000,0,0,0,1414,1414,0,0
travel,6.724,161.4,242.610,242.610,fly,0.712,ok,2601,0,0,192.00,252698624,346554368,114090264,95883264,18123768,2904,11174640,22132800,958,1414,1414,0,0,0,0,0,0,0,0,0.373,0.010,0.000,0,0,0,1414,1414,0,0
travel,6.754,162.1,243.122,243.122,fly,0.752,ok,2601,0,0,192.00,252698624,346554368,114090264,95883264,18123768,2904,11174640,22132800,958,1414,1414,0,0,0,0,0,0,0,0,0.375,0.011,0.000,0,0,0,1414,1414,0,0
travel,6.784,162.8,243.631,243.631,fly,0.711,ok,2601,0,0,192.00,252702720,346554368,114090264,95883264,18123768,2904,11174640,22132800,958,1414,1414,0,0,0,0,0,0,0,0,0.371,0.010,0.000,0,0,0,1414,1414,0,0
travel,6.814,163.5,244.142,244.142,fly,0.732,ok,2601,0,0,192.00,252702720,346554368,114090264,95883264,18123768,2904,11174640,22132800,958,1414,1414,0,0,0,0,0,0,0,0,0.370,0.011,0.000,0,0,0,1414,1414,0,0
travel,6.844,164.3,244.652,244.652,fly,0.713,ok,2601,0,0,192.00,252702720,346554368,114090264,95883264,18123768,2904,11174640,22132800,958,1414,1414,0,0,0,0,0,0,0,0,0.369,0.010,0.000,0,0,0,1414,1414,0,0
travel,6.874,165.0,245.164,245.164,fly,0.738,ok,2601,0,0,192.00,252702720,346554368,114090264,95883264,18123768,2904,11174640,22132800,958,1414,1414,0,0,0,0,0,0,0,0,0.394,0.010,0.000,0,0,0,1414,1414,0,0
travel,6.904,165.7,245.673,245.673,fly,0.774,ok,2601,0,0,192.00,252702720,346554368,114090264,95883264,18123768,2904,11174640,22132800,958,1414,1414,0,0,0,0,0,0,0,0,0.415,0.021,0.000,0,0,0,1414,1414,0,0
travel,6.934,166.4,246.186,246.186,fly,0.707,ok,2601,0,0,192.00,252702720,346554368,114090264,95883264,18123768,2904,7449760,22132800,958,1414,1414,0,0,0,0,0,0,0,0,0.367,0.010,0.000,0,0,0,1414,1414,0,0
travel,6.964,167.2,246.695,246.695,fly,0.712,ok,2601,0,0,192.00,252702720,346554368,114090264,95883264,18123768,2904,7449760,22132800,958,1414,1414,0,0,0,0,0,0,0,0,0.374,0.010,0.000,0,0,0,1414,1414,0,0
travel,6.994,167.9,247.204,247.204,fly,0.741,ok,2601,0,0,192.00,252702720,346554368,114090264,95883264,18123768,2904,7449760,22132800,958,1414,1414,0,0,0,0,0,0,0,0,0.378,0.017,0.000,0,0,0,1414,1414,0,0
travel,7.025,168.6,247.718,247.718,fly,0.711,ok,2601,0,0,192.00,252702720,346554368,114090264,95883264,18123768,2904,7449760,22132800,958,1414,1414,0,0,0,0,0,0,0,0,0.365,0.010,0.000,0,0,0,1414,1414,0,0
travel,7.061,169.5,248.330,248.330,fly,0.819,ok,2601,0,0,192.00,253169664,346554368,114090264,95883264,18123768,2904,11174640,22132800,958,1515,1515,0,0,0,0,0,0,0,0,0.414,0.021,0.000,0,0,0,1515,1515,0,0
travel,7.091,170.2,248.841,248.841,fly,0.716,ok,2601,0,0,192.00,253169664,346554368,114090264,95883264,18123768,2904,11174640,22132800,958,1515,1515,0,0,0,0,0,0,0,0,0.380,0.010,0.000,0,0,0,1515,1515,0,0
travel,7.121,170.9,249.355,249.355,fly,0.756,ok,2601,0,0,192.00,253169664,346554368,114090264,95883264,18123768,2904,11174640,22132800,958,1515,1515,0,0,0,0,0,0,0,0,0.396,0.011,0.000,0,0,0,1515,1515,0,0
travel,7.151,171.6,249.867,249.867,fly,0.718,ok,2601,0,0,192.00,253169664,346554368,114090264,95883264,18123768,2904,11174640,22132800,958,1515,1515,0,0,0,0,0,0,0,0,0.380,0.010,0.000,0,0,0,1515,1515,0,0
travel,7.181,172.4,250.378,250.378,fly,0.710,ok,2601,0,0,192.00,253169664,346554368,114090264,95883264,18123768,2904,11174640,22132800,958,1515,1515,0,0,0,0,0,0,0,0,0.370,0.010,0.000,0,0,0,1515,1515,0,0
travel,7.212,173.1,250.896,250.896,fly,0.869,ok,2601,0,0,192.00,253173760,346554368,114090264,95883264,18123768,2904,11174640,22132800,958,1515,1515,0,0,0,0,0,0,0,0,0.460,0.023,0.000,0,0,0,1515,1515,0,0
travel,7.242,173.8,251.405,251.405,fly,0.707,ok,2601,0,0,192.00,253173760,346554368,114090264,95883264,18123768,2904,11174640,22132800,958,1515,1515,0,0,0,0,0,0,0,0,0.369,0.010,0.000,0,0,0,1515,1515,0,0
travel,7.272,174.5,251.914,251.914,fly,0.730,ok,2601,0,0,192.00,253173760,346554368,114090264,95883264,18123768,2904,11174640,22132800,958,1515,1515,0,0,0,0,0,0,0,0,0.376,0.021,0.000,0,0,0,1515,1515,0,0
travel,7.302,175.3,252.429,252.429,fly,0.743,ok,2601,0,0,192.00,253177856,346554368,114090264,95883264,18123768,2904,11174640,22132800,958,1515,1515,0,0,0,0,0,0,0,0,0.387,0.010,0.000,0,0,0,1515,1515,0,0
travel,7.332,176.0,252.938,252.938,fly,0.980,ok,2601,0,0,192.00,253177856,346554368,114090264,95883264,18123768,2904,11174640,22132800,958,1515,1515,0,0,0,0,0,0,0,0,0.596,0.022,0.000,0,0,0,1515,1515,0,0
travel,7.362,176.7,253.449,253.449,fly,0.708,ok,2601,0,0,192.00,253177856,346554368,114090264,95883264,18123768,2904,11174640,22132800,958,1515,1515,0,0,0,0,0,0,0,0,0.372,0.010,0.000,0,0,0,1515,1515,0,0
travel,7.393,177.4,253.963,253.963,fly,0.739,ok,2601,0,0,192.00,253177856,346554368,114090264,95883264,18123768,2904,11174640,22132800,958,1515,1515,0,0,0,0,0,0,0,0,0.379,0.010,0.000,0,0,0,1515,1515,0,0
travel,7.423,178.2,254.472,254.472,fly,0.752,ok,2601,0,0,192.00,253177856,346554368,114090264,95883264,18123768,2904,7449760,22132800,958,1515,1515,0,0,0,0,0,0,0,0,0.384,0.011,0.000,0,0,0,1515,1515,0,0
travel,7.453,178.9,254.985,254.985,fly,0.981,ok,2601,0,0,192.00,253177856,346554368,114090264,95883264,18123768,2904,7449760,22132800,958,1515,1515,0,0,0,0,0,0,0,0,0.558,0.023,0.000,0,0,0,1515,1515,0,0
travel,7.483,179.6,255.500,255.500,fly,0.733,ok,2601,0,0,192.00,253177856,346554368,114090264,95883264,18123768,2904,7449760,22132800,958,1515,1515,0,0,0,0,0,0,0,0,0.376,0.010,0.000,0,0,0,1515,1515,0,0
travel,7.513,180.3,256.012,256.012,fly,4.867,ok,2549,52,21,192.00,253706240,349179904,111809336,93966336,17761432,2904,11174640,18583560,958,1564,1616,49,101,49,49,49,0,0,2625536,1.794,0.024,0.000,0,0,0,1564,1564,0,0
travel,7.550,181.2,256.637,256.637,fly,0.830,ok,2601,0,0,192.00,253997056,350232576,114090264,95883264,18123768,2904,11174640,22132800,958,1616,1616,0,0,0,0,0,0,0,0,0.426,0.019,0.000,0,0,0,1616,1616,0,0
travel,7.580,181.9,257.150,257.150,fly,0.773,ok,2601,0,0,192.00,253997056,350232576,114090264,95883264,18123768,2904,11174640,22132800,958,1616,1616,0,0,0,0,0,0,0,0,0.372,0.022,0.000,0,0,0,1616,1616,0,0
travel,7.611,182.7,257.665,257.665,fly,0.767,ok,2601,0,0,192.00,253997056,350232576,114090264,95883264,18123768,2904,11174640,22132800,958,1616,1616,0,0,0,0,0,0,0,0,0.376,0.013,0.000,0,0,0,1616,1616,0,0
travel,7.641,183.4,258.176,258.176,fly,0.711,ok,2601,0,0,192.00,253997056,350232576,114090264,95883264,18123768,2904,11174640,22132800,958,1616,1616,0,0,0,0,0,0,0,0,0.374,0.010,0.000,0,0,0,1616,1616,0,0
travel,7.671,184.1,258.688,258.688,fly,0.778,ok,2601,0,0,192.00,253997056,350232576,114090264,95883264,18123768,2904,11174640,22132800,958,1616,1616,0,0,0,0,0,0,0,0,0.385,0.011,0.000,0,0,0,1616,1616,0,0
travel,7.701,184.8,259.201,259.201,fly,0.706,ok,2601,0,0,192.00,253997056,350232576,114090264,95883264,18123768,2904,11174640,22132800,958,1616,1616,0,0,0,0,0,0,0,0,0.369,0.010,0.000,0,0,0,1616,1616,0,0
travel,7.731,185.6,259.713,259.713,fly,0.797,ok,2601,0,0,192.00,254001152,350232576,114090264,95883264,18123768,2904,11174640,22132800,958,1616,1616,0,0,0,0,0,0,0,0,0.421,0.020,0.000,0,0,0,1616,1616,0,0
travel,7.762,186.3,260.224,260.224,fly,0.708,ok,2601,0,0,192.00,254001152,350232576,114090264,95883264,18123768,2904,11174640,22132800,958,1616,1616,0,0,0,0,0,0,0,0,0.369,0.010,0.000,0,0,0,1616,1616,0,0
travel,7.792,187.0,260.733,260.733,fly,0.717,ok,2601,0,0,192.00,254001152,350232576,114090264,95883264,18123768,2904,11174640,22132800,958,1616,1616,0,0,0,0,0,0,0,0,0.380,0.010,0.000,0,0,0,1616,1616,0,0
travel,7.822,187.7,261.242,261.242,fly,0.763,ok,2601,0,0,192.00,254005248,350232576,114090264,95883264,18123768,2904,11174640,22132800,958,1616,1616,0,0,0,0,0,0,0,0,0.402,0.011,0.000,0,0,0,1616,1616,0,0
travel,7.852,188.4,261.753,261.753,fly,0.716,ok,2601,0,0,192.00,254005248,350232576,114090264,95883264,18123768,2904,11174640,22132800,958,1616,1616,0,0,0,0,0,0,0,0,0.365,0.010,0.000,0,0,0,1616,1616,0,0
travel,7.882,189.2,262.263,262.263,fly,0.761,ok,2601,0,0,192.00,254005248,350232576,114090264,95883264,18123768,2904,7449760,22132800,958,1616,1616,0,0,0,0,0,0,0,0,0.409,0.010,0.000,0,0,0,1616,1616,0,0
travel,7.912,189.9,262.772,262.772,fly,0.810,ok,2601,0,0,192.00,254005248,350232576,114090264,95883264,18123768,2904,7449760,22132800,958,1616,1616,0,0,0,0,0,0,0,0,0.390,0.023,0.000,0,0,0,1616,1616,0,0
travel,7.942,190.6,263.285,263.285,fly,0.707,ok,2601,0,0,192.00,254005248,350232576,114090264,95883264,18123768,2904,7449760,22132800,958,1616,1616,0,0,0,0,0,0,0,0,0.369,0.010,0.000,0,0,0,1616,1616,0,0
travel,7.972,191.3,263.794,263.794,fly,0.707,ok,2601,0,0,192.00,254005248,350232576,114090264,95883264,18123768,2904,7449760,22132800,958,1616,1616,0,0,0,0,0,0,0,0,0.367,0.010,0.000,0,0,0,1616,1616,0,0
travel,8.008,192.2,264.409,264.409,fly,0.707,ok,2601,0,0,192.00,254763008,350232576,114090264,95883264,18123768,2904,11174640,22132800,958,1717,1717,0,0,0,0,0,0,0,0,0.369,0.010,0.000,0,0,0,1717,1717,0,0
travel,8.038,192.9,264.922,264.922,fly,0.826,ok,2601,0,0,192.00,254763008,350232576,114090264,95883264,18123768,2904,11174640,22132800,958,1717,1717,0,0,0,0,0,0,0,0,0.408,0.022,0.000,0,0,0,1717,1717,0,0
travel,8.068,193.6,265.431,265.431,fly,0.726,ok,2601,0,0,192.00,254763008,350232576,114090264,95883264,18123768,2904,11174640,22132800,958,1717,1717,0,0,0,0,0,0,0,0,0.386,0.010,0.000,0,0,0,1717,1717,0,0
travel,8.099,194.4,265.942,265.942,fly,0.713,ok,2601,0,0,192.00,254763008,350232576,114090264,95883264,18123768,2904,11174640,22132800,958,1717,1717,0,0,0,0,0,0,0,0,0.370,0.010,0.000,0,0,0,1717,1717,0,0
travel,8.129,195.1,266.455,266.455,fly,0.740,ok,2601,0,0,192.00,254763008,350232576,114090264,95883264,18123768,2904,11174640,22132800,958,1717,1717,0,0,0,0,0,0,0,0,0.372,0.023,0.000,0,0,0,1717,1717,0,0
travel,8.159,195.8,266.966,266.966,fly,0.717,ok,2601,0,0,192.00,254763008,350232576,114090264,95883264,18123768,2904,11174640,22132800,958,1717,1717,0,0,0,0,0,0,0,0,0.380,0.010,0.000,0,0,0,1717,1717,0,0
travel,8.189,196.5,267.477,267.477,fly,0.708,ok,2601,0,0,192.00,254763008,350232576,114090264,95883264,18123768,2904,11174640,22132800,958,1717,1717,0,0,0,0,0,0,0,0,0.370,0.010,0.000,0,0,0,1717,1717,0,0
travel,8.219,197.3,267.992,267.992,fly,0.721,ok,2601,0,0,192.00,253698048,349167616,114090264,95883264,18123768,2904,11174640,22132800,958,1717,1717,0,0,0,0,0,0,0,0,0.380,0.010,0.000,0,0,0,1717,1717,0,0
travel,8.249,198.0,268.502,268.502,fly,0.721,ok,2601,0,0,192.00,253698048,349167616,114090264,95883264,18123768,2904,11174640,22132800,958,1717,1717,0,0,0,0,0,0,0,0,0.379,0.010,0.000,0,0,0,1717,1717,0,0
travel,8.280,198.7,269.015,269.015,fly,0.947,ok,2601,0,0,192.00,253698048,349167616,114090264,95883264,18123768,2904,11174640,22132800,958,1717,1717,0,0,0,0,0,0,0,0,0.492,0.024,0.000,0,0,0,1717,1717,0,0
travel,8.310,199.4,269.525,269.525,fly,0.719,ok,2601,0,0,192.00,253698048,349167616,114090264,95883264,18123768,2904,11174640,22132800,958,1717,1717,0,0,0,0,0,0,0,0,0.369,0.010,0.000,0,0,0,1717,1717,0,0
travel,8.340,200.2,270.034,270.034,fly,0.724,ok,2601,0,0,192.00,253702144,349167616,114090264,95883264,18123768,2904,11174640,22132800,958,1717,1717,0,0,0,0,0,0,0,0,0.379,0.010,0.000,0,0,0,1717,1717,0,0
travel,8.370,200.9,270.544,270.544,fly,0.799,ok,2601,0,0,192.00,253771776,349544448,114090264,95883264,18123768,2904,7449760,22132800,958,1717,1717,0,0,0,0,0,0,0,0,0.374,0.022,0.000,0,0,0,1717,1717,0,0
travel,8.400,201.6,271.053,271.053,fly,0.707,ok,2601,0,0,192.00,253771776,349544448,114090264,95883264,18123768,2904,7449760,22132800,958,1717,1717,0,0,0,0,0,0,0,0,0.370,0.010,0.000,0,0,0,1717,1717,0,0
travel,8.430,202.3,271.566,271.566,fly,0.718,ok,2601,0,0,192.00,253771776,349544448,114090264,95883264,18123768,2904,7449760,22132800,958,1717,1717,0,0,0,0,0,0,0,0,0.381,0.010,0.000,0,0,0,1717,1717,0,0
travel,8.466,203.2,272.176,272.176,fly,0.808,ok,2601,0,0,192.00,254033920,350068736,114090264,95883264,18123768,2904,11174640,22132800,958,1818,1818,0,0,23,0,0,0,0,0,0.396,0.011,0.000,0,0,0,1818,1818,0,0
travel,8.496,203.9,272.686,272.686,fly,0.705,ok,2601,0,0,192.00,254033920,350068736,114090264,95883264,18123768,2904,11174640,22132800,958,1818,1818,0,0,0,0,0,0,0,0,0.368,0.010,0.000,0,0,0,1818,1818,0,0
travel,8.526,204.6,273.195,273.195,fly,0.730,ok,2601,0,0,192.00,254033920,350068736,114090264,95883264,18123768,2904,11174640,22132800,958,1818,1818,0,0,0,0,0,0,0,0,0.374,0.022,0.000,0,0,0,1818,1818,0,0
travel,8.556,205.4,273.707,273.707,fly,0.770,ok,2601,0,0,192.00,254033920,350068736,114090264,95883264,18123768,2904,11174640,22132800,958,1818,1818,0,0,0,0,0,0,0,0,0.395,0.014,0.000,0,0,0,1818,1818,0,0
travel,8.586,206.1,274.216,274.216,fly,0.863,ok,2601,0,0,192.00,254033920,350068736,114090264,95883264,18123768,2904,11174640,22132800,958,1818,1818,0,0,0,0,0,0,0,0,0.467,0.020,0.000,0,0,0,1818,1818,0,0
travel,8.616,206.8,274.726,274.726,fly,0.707,ok,2601,0,0,192.00,254033920,350068736,114090264,95883264,18123768,2904,11174640,22132800,958,1818,1818,0,0,0,0,0,0,0,0,0.370,0.010,0.000,0,0,0,1818,1818,0,0
travel,8.646,207.5,275.241,275.241,fly,0.707,ok,2601,0,0,192.00,254033920,350068736,114090264,95883264,18123768,2904,11174640,22132800,958,1818,1818,0,0,0,0,0,0,0,0,0.367,0.010,0.000,0,0,0,1818,1818,0,0
travel,8.677,208.2,275.753,275.753,fly,0.799,ok,2601,0,0,192.00,254033920,350068736,114090264,95883264,18123768,2904,11174640,22132800,958,1818,1818,0,0,0,0,0,0,0,0,0.408,0.011,0.000,0,0,0,1818,1818,0,0
travel,8.707,209.0,276.267,276.267,fly,0.706,ok,2601,0,0,192.00,254033920,350068736,114090264,95883264,18123768,2904,11174640,22132800,958,1818,1818,0,0,0,0,0,0,0,0,0.368,0.010,0.000,0,0,0,1818,1818,0,0
travel,8.737,209.7,276.779,276.779,fly,0.707,ok,2601,0,0,192.00,254033920,350068736,114090264,95883264,18123768,2904,11174640,22132800,958,1818,1818,0,0,0,0,0,0,0,0,0.368,0.010,0.000,0,0,0,1818,1818,0,0
travel,8.767,210.4,277.291,277.291,fly,0.708,ok,2601,0,0,192.00,254033920,350068736,114090264,95883264,18123768,2904,11174640,22132800,958,1818,1818,0,0,0,0,0,0,0,0,0.369,0.010,0.000,0,0,0,1818,1818,0,0
travel,8.797,211.1,277.801,277.801,fly,0.795,ok,2601,0,0,192.00,254033920,350068736,114090264,95883264,18123768,2904,11174640,22132800,958,1818,1818,0,0,0,0,0,0,0,0,0.383,0.021,0.000,0,0,0,1818,1818,0,0
travel,8.827,211.9,278.310,278.310,fly,0.816,ok,2601,0,0,192.00,254038016,350068736,114090264,95883264,18123768,2904,7449760,22132800,958,1818,1818,0,0,0,0,0,0,0,0,0.434,0.021,0.000,0,0,0,1818,1818,0,0
travel,8.857,212.6,278.824,278.824,fly,0.782,ok,2601,0,0,192.00,254042112,350068736,114090264,95883264,18123768,2904,7449760,22132800,958,1818,1818,0,0,0,0,0,0,0,0,0.395,0.019,0.000,0,0,0,1818,1818,0,0
travel,8.888,213.3,279.338,279.338,fly,0.702,ok,2601,0,0,192.00,254042112,350068736,114090264,95883264,18123768,2904,7449760,22132800,958,1818,1818,0,0,0,0,0,0,0,0,0.365,0.010,0.000,0,0,0,1818,1818,0,0
travel,8.918,214.0,279.849,279.849,fly,0.887,ok,2601,0,0,192.00,254042112,350068736,114090264,95883264,18123768,2904,7449760,22132800,958,1818,1818,0,0,0,0,0,0,0,0,0.484,0.022,0.000,0,0,0,1818,1818,0,0
travel,8.954,214.9,280.458,280.458,fly,0.709,ok,2601,0,0,192.00,254631936,350593024,114090264,95883264,18123768,2904,11174640,22132800,958,1919,1919,0,0,0,0,0,0,0,0,0.372,0.010,0.000,0,0,0,1919,1919,0,0
travel,8.984,215.6,280.969,280.969,fly,0.739,ok,2601,0,0,192.00,254631936,350593024,114090264,95883264,18123768,2904,11174640,22132800,958,1919,1919,0,0,0,0,0,0,0,0,0.373,0.011,0.000,0,0,0,1919,1919,0,0
travel,9.014,216.3,281.478,281.478,fly,0.707,ok,2601,0,0,192.00,254631936,350593024,114090264,95883264,18123768,2904,11174640,22132800,958,1919,1919,0,0,0,0,0,0,0,0,0.369,0.010,0.000,0,0,0,1919,1919,0,0
travel,9.044,217.1,281.988,281.988,fly,0.717,ok,2601,0,0,192.00,254631936,350593024,114090264,95883264,18123768,2904,11174640,22132800,958,1919,1919,0,0,0,0,0,0,0,0,0.372,0.010,0.000,0,0,0,1919,1919,0,0
travel,9.074,217.8,282.502,282.502,fly,0.729,ok,2601,0,0,192.00,254631936,350593024,114090264,95883264,18123768,2904,11174640,22132800,958,1919,1919,0,0,0,0,0,0,0,0,0.370,0.010,0.000,0,0,0,1919,1919,0,0
travel,9.104,218.5,283.013,283.013,fly,1.005,ok,2601,0,0,192.00,254631936,350593024,114090264,95883264,18123768,2904,11174640,22132800,958,1919,1919,0,0,0,0,0,0,0,0,0.588,0.020,0.000,0,0,0,1919,1919,0,0
travel,9.134,219.2,283.523,283.523,fly,1.056,ok,2601,0,0,192.00,254631936,350593024,114090264,95883264,18123768,2904,11174640,22132800,958,1919,1919,0,0,0,0,0,0,0,0,0.684,0.023,0.000,0,0,0,1919,1919,0,0
travel,9.165,220.0,284.036,284.036,fly,0.732,ok,2601,0,0,192.00,254631936,350593024,114090264,95883264,18123768,2904,11174640,22132800,958,1919,1919,0,0,0,0,0,0,0,0,0.381,0.021,0.000,0,0,0,1919,1919,0,0
travel,9.195,220.7,284.545,284.545,fly,0.708,ok,2601,0,0,192.00,254631936,350593024,114090264,95883264,18123768,2904,11174640,22132800,958,1919,1919,0,0,0,0,0,0,0,0,0.367,0.011,0.000,0,0,0,1919,1919,0,0
travel,9.225,221.4,285.056,285.056,fly,0.770,ok,2601,0,0,192.00,254631936,350593024,114090264,95883264,18123768,2904,11174640,22132800,958,1919,1919,0,0,0,0,0,0,0,0,0.392,0.011,0.000,0,0,0,1919,1919,0,0
travel,9.255,222.1,285.565,285.565,fly,0.706,ok,2601,0,0,192.00,254631936,350593024,114090264,95883264,18123768,2904,11174640,22132800,958,1919,1919,0,0,0,0,0,0,0,0,0.367,0.010,0.000,0,0,0,1919,1919,0,0
travel,9.285,222.8,286.077,286.077,fly,0.705,ok,2601,0,0,192.00,254631936,350593024,114090264,95883264,18123768,2904,11174640,22132800,958,1919,1919,0,0,0,0,0,0,0,0,0.368,0.010,0.000,0,0,0,1919,1919,0,0
travel,9.315,223.6,286.592,286.592,fly,0.765,ok,2601,0,0,192.00,254631936,350593024,114090264,95883264,18123768,2904,7449760,22132800,958,1919,1919,0,0,0,0,0,0,0,0,0.385,0.021,0.000,0,0,0,1919,1919,0,0
travel,9.345,224.3,287.104,287.104,fly,0.716,ok,2601,0,0,192.00,254636032,350593024,114090264,95883264,18123768,2904,7449760,22132800,958,1919,1919,0,0,0,0,0,0,0,0,0.378,0.010,0.000,0,0,0,1919,1919,0,0
travel,9.375,225.0,287.614,287.614,fly,0.714,ok,2601,0,0,192.00,254640128,350593024,114090264,95883264,18123768,2904,7449760,22132800,958,1919,1919,0,0,0,0,0,0,0,0,0.379,0.010,0.000,0,0,0,1919,1919,0,0
travel,9.411,225.9,288.224,288.224,fly,0.713,ok,2601,0,0,192.00,255664128,352169984,114090264,95883264,18123768,2904,11174640,22132800,958,2020,2020,0,0,0,0,0,0,0,0,0.373,0.010,0.000,0,0,0,2020,2020,0,0
travel,9.442,226.6,288.737,288.737,fly,1.223,ok,2601,0,0,192.00,255664128,352169984,114090264,95883264,18123768,2904,11174640,22132800,958,2020,2020,0,0,0,0,0,0,0,0,0.838,0.023,0.000,0,0,0,2020,2020,0,0
travel,9.472,227.3,289.252,289.252,fly,0.710,ok,2601,0,0,192.00,255664128,352169984,114090264,95883264,18123768,2904,11174640,22132800,958,2020,2020,0,0,0,0,0,0,0,0,0.371,0.010,0.000,0,0,0,2020,2020,0,0
travel,9.502,228.1,289.762,289.762,fly,0.722,ok,2601,0,0,192.00,255664128,352169984,114090264,95883264,18123768,2904,11174640,22132800,958,2020,2020,0,0,0,0,0,0,0,0,0.384,0.010,0.000,0,0,0,2020,2020,0,0
travel,9.532,228.8,290.279,290.279,fly,0.795,ok,2601,0,0,192.00,255664128,352169984,114090264,95883264,18123768,2904,11174640,22132800,958,2020,2020,0,0,0,0,0,0,0,0,0.407,0.011,0.000,0,0,0,2020,2020,0,0
travel,9.563,229.5,290.789,290.789,fly,0.806,ok,2601,0,0,192.00,255664128,352169984,114090264,95883264,18123768,2904,11174640,22132800,958,2020,2020,0,0,0,0,0,0,0,0,0.420,0.020,0.000,0,0,0,2020,2020,0,0
travel,9.593,230.2,291.299,291.299,fly,0.724,ok,2601,0,0,192.00,255664128,352169984,114090264,95883264,18123768,2904,11174640,22132800,958,2020,2020,0,0,0,0,0,0,0,0,0.367,0.010,0.000,0,0,0,2020,2020,0,0
travel,9.623,231.0,291.811,291.811,fly,0.720,ok,2601,0,0,192.00,255664128,352169984,114090264,95883264,18123768,2904,11174640,22132800,958,2020,2020,0,0,0,0,0,0,0,0,0.382,0.010,0.000,0,0,0,2020,2020,0,0
travel,9.653,231.7,292.321,292.321,fly,0.717,ok,2601,0,0,192.00,255664128,352169984,114090264,95883264,18123768,2904,11174640,22132800,958,2020,2020,0,0,0,0,0,0,0,0,0.380,0.010,0.000,0,0,0,2020,2020,0,0
travel,9.683,232.4,292.833,292.833,fly,0.735,ok,2601,0,0,192.00,255664128,352169984,114090264,95883264,18123768,2904,11174640,22132800,958,2020,2020,0,0,0,0,0,0,0,0,0.369,0.022,0.000,0,0,0,2020,2020,0,0
travel,9.713,233.1,293.345,293.345,fly,0.713,ok,2601,0,0,192.00,255664128,352169984,114090264,95883264,18123768,2904,11174640,22132800,958,2020,2020,0,0,0,0,0,0,0,0,0.369,0.010,0.000,0,0,0,2020,2020,0,0
travel,9.743,233.8,293.854,293.854,fly,0.707,ok,2601,0,0,192.00,255664128,352169984,114090264,95883264,18123768,2904,11174640,22132800,958,2020,2020,0,0,0,0,0,0,0,0,0.370,0.010,0.000,0,0,0,2020,2020,0,0
travel,9.773,234.6,294.367,294.367,fly,0.789,ok,2601,0,0,192.00,255664128,352169984,114090264,95883264,18123768,2904,7449760,22132800,958,2020,2020,0,0,0,0,0,0,0,0,0.402,0.013,0.000,0,0,0,2020,2020,0,0
travel,9.803,235.3,294.877,294.877,fly,0.705,ok,2601,0,0,192.00,255664128,352169984,114090264,95883264,18123768,2904,7449760,22132800,958,2020,2020,0,0,0,0,0,0,0,0,0.367,0.010,0.000,0,0,0,2020,2020,0,0
travel,9.833,236.0,295.388,295.388,fly,0.703,ok,2601,0,0,192.00,255664128,352169984,114090264,95883264,18123768,2904,7449760,22132800,958,2020,2020,0,0,0,0,0,0,0,0,0.366,0.010,0.000,0,0,0,2020,2020,0,0
travel,9.863,236.7,295.898,295.898,fly,0.877,ok,2601,0,0,192.00,255668224,352169984,114090264,95883264,18123768,2904,7449760,22132800,958,2020,2020,0,0,0,0,0,0,0,0,0.492,0.023,0.000,0,0,0,2020,2020,0,0
travel,9.899,237.6,296.504,296.504,fly,0.710,ok,2601,0,0,192.00,256090112,353218560,114090264,95883264,18123768,2904,11174640,22132800,958,2121,2121,0,0,0,0,0,0,0,0,0.373,0.010,0.000,0,0,0,2121,2121,0,0
travel,9.929,238.3,297.015,297.015,fly,0.771,ok,2601,0,0,192.00,256090112,353218560,114090264,95883264,18123768,2904,11174640,22132800,958,2121,2121,0,0,0,0,0,0,0,0,0.382,0.010,0.000,0,0,0,2121,2121,0,0
travel,9.959,239.0,297.527,297.527,fly,0.711,ok,2601,0,0,192.00,256090112,353218560,114090264,95883264,18123768,2904,11174640,22132800,958,2121,2121,0,0,0,0,0,0,0,0,0.374,0.010,0.000,0,0,0,2121,2121,0,0
travel,9.990,239.8,298.038,298.038,fly,0.708,ok,2601,0,0,192.00,256090112,353218560,114090264,95883264,18123768,2904,11174640,22132800,958,2121,2121,0,0,0,0,0,0,0,0,0.371,0.010,0.000,0,0,0,2121,2121,0,0
travel,10.020,240.5,298.553,298.553,fly,0.754,ok,2601,0,0,192.00,256090112,353218560,114090264,95883264,18123768,2904,11174640,22132800,958,2121,2121,0,0,0,0,0,0,0,0,0.391,0.011,0.000,0,0,0,2121,2121,0,0
travel,10.050,241.2,299.064,299.064,fly,0.743,ok,2601,0,0,192.00,256090112,353218560,114090264,95883264,18123768,2904,11174640,22132800,958,2121,2121,0,0,0,0,0,0,0,0,0.374,0.021,0.000,0,0,0,2121,2121,0,0
travel,10.080,241.9,299.575,299.575,fly,1.094,ok,2601,0,0,192.00,256090112,353218560,114090264,95883264,18123768,2904,11174640,22132800,958,2121,2121,0,0,0,0,0,0,0,0,0.696,0.022,0.000,0,0,0,2121,2121,0,0
travel,10.110,242.7,300.086,300.086,fly,0.708,ok,2601,0,0,192.00,256090112,353218560,114090264,95883264,18123768,2904,11174640,22132800,958,2121,2121,0,0,0,0,0,0,0,0,0.371,0.010,0.000,0,0,0,2121,2121,0,0
travel,10.140,243.4,300.595,300.595,fly,0.708,ok,2601,0,0,192.00,256090112,353218560,114090264,95883264,18123768,2904,11174640,22132800,958,2121,2121,0,0,0,0,0,0,0,0,0.370,0.010,0.000,0,0,0,2121,2121,0,0
travel,10.170,244.1,301.105,301.105,fly,0.794,ok,2601,0,0,192.00,256090112,353218560,114090264,95883264,18123768,2904,11174640,22132800,958,2121,2121,0,0,0,0,0,0,0,0,0.421,0.011,0.000,0,0,0,2121,2121,0,0
travel,10.200,244.8,301.614,301.614,fly,0.707,ok,2601,0,0,192.00,256090112,353218560,114090264,95883264,18123768,2904,11174640,22132800,958,2121,2121,0,0,0,0,0,0,0,0,0.369,0.010,0.000,0,0,0,2121,2121,0,0
travel,10.230,245.5,302.125,302.125,fly,0.707,ok,2601,0,0,192.00,256090112,353218560,114090264,95883264,18123768,2904,11174640,22132800,958,2121,2121,0,0,0,0,0,0,0,0,0.369,0.010,0.000,0,0,0,2121,2121,0,0
travel,10.260,246.3,302.634,302.634,fly,0.750,ok,2601,0,0,192.00,256090112,353218560,114090264,95883264,18123768,2904,7449760,22132800,958,2121,2121,0,0,0,0,0,0,0,0,0.391,0.011,0.000,0,0,0,2121,2121,0,0
travel,10.291,247.0,303.146,303.146,fly,0.753,ok,2601,0,0,192.00,256090112,353218560,114090264,95883264,18123768,2904,7449760,22132800,958,2121,2121,0,0,0,0,0,0,0,0,0.390,0.010,0.000,0,0,0,2121,2121,0,0
travel,10.321,247.7,303.655,303.655,fly,0.719,ok,2601,0,0,192.00,256090112,353218560,114090264,95883264,18123768,2904,7449760,22132800,958,2121,2121,0,0,0,0,0,0,0,0,0.367,0.010,0.000,0,0,0,2121,2121,0,0
travel,10.358,248.6,304.283,304.283,fly,0.710,ok,2601,0,0,192.00,257069056,353746944,114090264,95883264,18123768,2904,11174640,22132800,958,2222,2222,0,0,0,0,0,0,0,0,0.372,0.010,0.000,0,0,0,2222,2222,0,0
travel,10.388,249.3,304.794,304.794,fly,1.083,ok,2601,0,0,192.00,257073152,353746944,114090264,95883264,18123768,2904,11174640,22132800,958,2222,2222,0,0,0,0,0,0,0,0,0.701,0.024,0.000,0,0,0,2222,2222,0,0
travel,10.418,250.0,305.307,305.307,fly,1.600,ok,2601,0,0,192.00,257163264,353849344,114090264,95883264,18123768,2904,11174640,22132800,958,2222,2222,0,0,0,0,0,0,0,102400,0.380,0.011,0.000,0,0,0,2222,2222,0,0
travel,10.449,250.8,305.827,305.827,fly,0.715,ok,2601,0,0,192.00,257163264,353849344,114090264,95883264,18123768,2904,11174640,22132800,958,2222,2222,0,0,0,0,0,0,0,0,0.379,0.010,0.000,0,0,0,2222,2222,0,0
travel,10.479,251.5,306.340,306.340,fly,0.716,ok,2601,0,0,192.00,257163264,353849344,114090264,95883264,18123768,2904,11174640,22132800,958,2222,2222,0,0,0,0,0,0,0,0,0.374,0.010,0.000,0,0,0,2222,2222,0,0
travel,10.509,252.2,306.852,306.852,fly,0.709,ok,2601,0,0,192.00,257163264,353849344,114090264,95883264,18123768,2904,11174640,22132800,958,2222,2222,0,0,0,0,0,0,0,0,0.372,0.010,0.000,0,0,0,2222,2222,0,0
travel,10.539,253.0,307.363,307.363,fly,0.730,ok,2601,0,0,192.00,257163264,353849344,114090264,95883264,18123768,2904,11174640,22132800,958,2222,2222,0,0,0,0,0,0,0,0,0.372,0.022,0.000,0,0,0,2222,2222,0,0
travel,10.569,253.7,307.878,307.878,fly,0.720,ok,2601,0,0,192.00,257163264,353849344,114090264,95883264,18123768,2904,11174640,22132800,958,2222,2222,0,0,0,0,0,0,0,0,0.382,0.010,0.000,0,0,0,2222,2222,0,0
travel,10.599,254.4,308.387,308.387,fly,0.766,ok,2601,0,0,192.00,257163264,353849344,114090264,95883264,18123768,2904,11174640,22132800,958,2222,2222,0,0,0,0,0,0,0,0,0.412,0.019,0.000,0,0,0,2222,2222,0,0
travel,10.629,255.1,308.897,308.897,fly,0.839,ok,2601,0,0,192.00,257163264,353849344,114090264,95883264,18123768,2904,11174640,22132800,958,2222,2222,0,0,0,0,0,0,0,0,0.462,0.023,0.000,0,0,0,2222,2222,0,0
travel,10.659,255.8,309.406,309.406,fly,0.727,ok,2601,0,0,192.00,257163264,353849344,114090264,95883264,18123768,2904,11174640,22132800,958,2222,2222,0,0,0,0,0,0,0,0,0.369,0.011,0.000,0,0,0,2222,2222,0,0
travel,10.690,256.6,309.918,309.918,fly,0.710,ok,2601,0,0,192.00,257163264,353849344,114090264,95883264,18123768,2904,11174640,22132800,958,2222,2222,0,0,0,0,0,0,0,0,0.370,0.010,0.000,0,0,0,2222,2222,0,0
travel,10.720,257.3,310.430,310.430,fly,0.713,ok,2601,0,0,192.00,257163264,353849344,114090264,95883264,18123768,2904,7449760,22132800,958,2222,2222,0,0,0,0,0,0,0,0,0.374,0.010,0.000,0,0,0,2222,2222,0,0
travel,10.750,258.0,310.941,310.941,fly,0.706,ok,2601,0,0,192.00,257163264,353849344,114090264,95883264,18123768,2904,7449760,22132800,958,2222,2222,0,0,0,0,0,0,0,0,0.369,0.010,0.000,0,0,0,2222,2222,0,0
travel,10.780,258.7,311.454,311.454,fly,0.713,ok,2601,0,0,192.00,257163264,353849344,114090264,95883264,18123768,2904,7449760,22132800,958,2222,2222,0,0,0,0,0,0,0,0,0.376,0.010,0.000,0,0,0,2222,2222,0,0
travel,10.810,259.5,311.965,311.965,fly,0.735,ok,2601,0,0,192.00,257163264,353849344,114090264,95883264,18123768,2904,7449760,22132800,958,2222,2222,0,0,0,0,0,0,0,0,0.384,0.010,0.000,0,0,0,2222,2222,0,0
travel,10.846,260.3,312.569,312.569,fly,0.788,ok,2601,0,0,192.00,258568192,354373632,114090264,95883264,18123768,2904,11174640,22132800,958,2323,2323,0,0,0,0,0,0,0,0,0.403,0.023,0.000,0,0,0,2323,2323,0,0
travel,10.876,261.0,313.082,313.082,fly,0.720,ok,2601,0,0,192.00,258568192,354373632,114090264,95883264,18123768,2904,11174640,22132800,958,2323,2323,0,0,0,0,0,0,0,0,0.384,0.010,0.000,0,0,0,2323,2323,0,0
travel,10.906,261.8,313.592,313.592,fly,0.782,ok,2601,0,0,192.00,258568192,354373632,114090264,95883264,18123768,2904,11174640,22132800,958,2323,2323,0,0,0,0,0,0,0,0,0.382,0.011,0.000,0,0,0,2323,2323,0,0
travel,10.936,262.5,314.105,314.105,fly,0.813,ok,2601,0,0,192.00,258568192,354373632,114090264,95883264,18123768,2904,11174640,22132800,958,2323,2323,0,0,0,0,0,0,0,0,0.401,0.023,0.000,0,0,0,2323,2323,0,0
travel,10.966,263.2,314.614,314.614,fly,0.705,ok,2601,0,0,192.00,258572288,354373632,114090264,95883264,18123768,2904,11174640,22132800,958,2323,2323,0,0,0,0,0,0,0,0,0.370,0.010,0.000,0,0,0,2323,2323,0,0
travel,10.996,263.9,315.123,315.123,fly,0.708,ok,2601,0,0,192.00,258572288,354373632,114090264,95883264,18123768,2904,11174640,22132800,958,2323,2323,0,0,0,0,0,0,0,0,0.369,0.010,0.000,0,0,0,2323,2323,0,0
travel,11.027,264.6,315.634,315.634,fly,0.736,ok,2601,0,0,192.00,258572288,354373632,114090264,95883264,18123768,2904,11174640,22132800,958,2323,2323,0,0,0,0,0,0,0,0,0.387,0.010,0.000,0,0,0,2323,2323,0,0
travel,11.057,265.4,316.143,316.143,fly,0.724,ok,2601,0,0,192.00,258572288,354373632,114090264,95883264,18123768,2904,11174640,22132800,958,2323,2323,0,0,0,0,0,0,0,0,0.371,0.020,0.000,0,0,0,2323,2323,0,0
travel,11.087,266.1,316.655,316.655,fly,0.709,ok,2601,0,0,192.00,258572288,354373632,114090264,95883264,18123768,2904,11174640,22132800,958,2323,2323,0,0,0,0,0,0,0,0,0.372,0.010,0.000,0,0,0,2323,2323,0,0
travel,11.117,266.8,317.166,317.166,fly,0.743,ok,2601,0,0,192.00,258572288,354373632,114090264,95883264,18123768,2904,11174640,22132800,958,2323,2323,0,0,0,0,0,0,0,0,0.384,0.011,0.000,0,0,0,2323,2323,0,0
travel,11.147,267.5,317.677,317.677,fly,0.708,ok,2601,0,0,192.00,258572288,354373632,114090264,95883264,18123768,2904,11174640,22132800,958,2323,2323,0,0,0,0,0,0,0,0,0.370,0.010,0.000,0,0,0,2323,2323,0,0
travel,11.177,268.3,318.186,318.186,fly,0.705,ok,2601,0,0,192.00,258572288,354373632,114090264,95883264,18123768,2904,11174640,22132800,958,2323,2323,0,0,0,0,0,0,0,0,0.369,0.010,0.000,0,0,0,2323,2323,0,0
travel,11.207,269.0,318.700,318.700,fly,0.706,ok,2601,0,0,192.00,258572288,354373632,114090264,95883264,18123768,2904,7449760,22132800,958,2323,2323,0,0,0,0,0,0,0,0,0.369,0.010,0.000,0,0,0,2323,2323,0,0
travel,11.237,269.7,319.210,319.210,fly,0.716,ok,2601,0,0,192.00,258572288,354373632,114090264,95883264,18123768,2904,7449760,22132800,958,2323,2323,0,0,0,0,0,0,0,0,0.381,0.010,0.000,0,0,0,2323,2323,0,0
travel,11.267,270.4,319.719,319.719,fly,0.763,ok,2601,0,0,192.00,258572288,354373632,114090264,95883264,18123768,2904,7449760,22132800,958,2323,2323,0,0,0,0,0,0,0,0,0.371,0.024,0.000,0,0,0,2323,2323,0,0
travel,11.304,271.3,320.342,320.342,fly,0.717,ok,2601,0,0,192.00,259686400,357527552,114090264,95883264,18123768,2904,11174640,22132800,958,2424,2424,0,0,0,0,0,0,0,0,0.376,0.010,0.000,0,0,0,2424,2424,0,0
travel,11.334,272.0,320.852,320.852,fly,0.738,ok,2601,0,0,192.00,259686400,357527552,114090264,95883264,18123768,2904,11174640,22132800,958,2424,2424,0,0,0,0,0,0,0,0,0.397,0.010,0.000,0,0,0,2424,2424,0,0
travel,11.364,272.7,321.361,321.361,fly,0.731,ok,2601,0,0,192.00,259686400,357527552,114090264,95883264,18123768,2904,11174640,22132800,958,2424,2424,0,0,0,0,0,0,0,0,0.374,0.025,0.000,0,0,0,2424,2424,0,0
travel,11.394,273.5,321.871,321.871,fly,0.707,ok,2601,0,0,192.00,259686400,357527552,114090264,95883264,18123768,2904,11174640,22132800,958,2424,2424,0,0,0,0,0,0,0,0,0.373,0.010,0.000,0,0,0,2424,2424,0,0
travel,11.424,274.2,322.382,322.382,fly,0.734,ok,2601,0,0,192.00,259686400,357527552,114090264,95883264,18123768,2904,11174640,22132800,958,2424,2424,0,0,0,0,0,0,0,0,0.373,0.010,0.000,0,0,0,2424,2424,0,0
travel,11.455,274.9,322.892,322.892,fly,0.817,ok,2601,0,0,192.00,259690496,357531648,114090264,95883264,18123768,2904,11174640,22132800,958,2424,2424,0,0,0,0,0,0,0,0,0.060,0.064,0.000,0,0,0,2424,2424,0,0
travel,11.485,275.6,323.405,323.405,fly,0.854,ok,2601,0,0,192.00,259764224,357597184,114090264,95883264,18123768,2904,11174640,22132800,958,2424,2424,0,0,0,0,0,0,0,0,0.061,0.066,0.000,0,0,0,2424,2424,0,0
travel,11.515,276.4,323.916,323.916,fly,0.844,ok,2601,0,0,192.00,259764224,357597184,114090264,95883264,18123768,2904,11174640,22132800,958,2424,2424,0,0,0,0,0,0,0,0,0.062,0.070,0.000,0,0,0,2424,2424,0,0
travel,11.545,277.1,324.433,324.433,fly,0.817,ok,2601,0,0,192.00,259768320,357597184,114090264,95883264,18123768,2904,11174640,22132800,958,2424,2424,0,0,0,0,0,0,0,0,0.060,0.064,0.000,0,0,0,2424,2424,0,0
travel,11.576,277.8,324.947,324.947,fly,0.804,ok,2601,0,0,192.00,259768320,357597184,114090264,95883264,18123768,2904,11174640,22132800,958,2424,2424,0,0,0,0,0,0,0,0,0.059,0.066,0.000,0,0,0,2424,2424,0,0
travel,11.606,278.5,325.460,325.460,fly,0.828,ok,2601,0,0,192.00,259772416,357597184,114090264,95883264,18123768,2904,11174640,22132800,958,2424,2424,0,0,0,0,0,0,0,0,0.060,0.064,0.000,0,0,0,2424,2424,0,0
travel,11.636,279.3,325.969,325.969,fly,0.822,ok,2601,0,0,192.00,259772416,357597184,114090264,95883264,18123768,2904,7449760,22132800,958,2424,2424,0,0,0,0,0,0,0,0,0.059,0.063,0.000,0,0,0,2424,2424,0,0
travel,11.666,280.0,326.479,326.479,fly,0.805,ok,2601,0,0,192.00,259772416,357597184,114090264,95883264,18123768,2904,7449760,22132800,958,2424,2424,0,0,0,0,0,0,0,0,0.059,0.066,0.000,0,0,0,2424,2424,0,0
travel,11.696,280.7,326.996,326.996,fly,0.925,ok,2601,0,0,192.00,259772416,357597184,114090264,95883264,18123768,2904,7449760,22132800,958,2424,2424,0,0,0,0,0,0,0,0,0.149,0.065,0.000,0,0,0,2424,2424,0,0
travel,11.726,281.4,327.505,327.505,fly,0.845,ok,2601,0,0,192.00,259772416,357597184,114090264,95883264,18123768,2904,7449760,22132800,958,2424,2424,0,0,0,0,0,0,0,0,0.059,0.071,0.000,0,0,0,2424,2424,0,0
travel,11.757,282.2,328.017,328.017,fly,4.230,ok,2536,65,48,192.00,260157440,359235584,111239104,93487104,17670848,2904,11174640,17801232,958,2460,2525,36,101,36,36,36,0,0,1638400,0.377,0.152,0.000,0,0,0,2460,2460,0,0
travel,11.795,283.1,328.661,328.661,fly,0.830,ok,2601,0,0,192.00,260853760,359763968,114090264,95883264,18123768,2904,11174640,22132800,958,2525,2525,0,0,0,0,0,0,0,0,0.061,0.067,0.000,0,0,0,2525,2525,0,0
travel,11.825,283.8,329.175,329.175,fly,0.830,ok,2601,0,0,192.00,260853760,359763968,114090264,95883264,18123768,2904,11174640,22132800,958,2525,2525,0,0,0,0,0,0,0,0,0.063,0.068,0.000,0,0,0,2525,2525,0,0
travel,11.855,284.5,329.687,329.687,fly,0.816,ok,2601,0,0,192.00,260853760,359763968,114090264,95883264,18123768,2904,11174640,22132800,958,2525,2525,0,0,0,0,0,0,0,0,0.062,0.063,0.000,0,0,0,2525,2525,0,0
travel,11.885,285.2,330.197,330.197,fly,0.823,ok,2601,0,0,192.00,260853760,359763968,114090264,95883264,18123768,2904,11174640,22132800,958,2525,2525,0,0,0,0,0,0,0,0,0.061,0.067,0.000,0,0,0,2525,2525,0,0
travel,11.915,286.0,330.706,330.706,fly,0.823,ok,2601,0,0,192.00,260853760,359763968,114090264,95883264,18123768,2904,11174640,22132800,958,2525,2525,0,0,0,0,0,0,0,0,0.064,0.064,0.000,0,0,0,2525,2525,0,0
travel,11.945,286.7,331.217,331.217,fly,0.920,ok,2601,0,0,192.00,260853760,359763968,114090264,95883264,18123768,2904,11174640,22132800,958,2525,2525,0,0,0,0,0,0,0,0,0.071,0.116,0.000,0,0,0,2525,2525,0,0
travel,11.975,287.4,331.728,331.728,fly,0.822,ok,2601,0,0,192.00,260853760,359763968,114090264,95883264,18123768,2904,11174640,22132800,958,2525,2525,0,0,0,0,0,0,0,0,0.060,0.063,0.000,0,0,0,2525,2525,0,0
travel,12.005,288.1,332.237,332.237,fly,0.820,ok,2601,0,0,192.00,260857856,359763968,114090264,95883264,18123768,2904,11174640,22132800,958,2525,2525,0,0,0,0,0,0,0,0,0.062,0.068,0.000,0,0,0,2525,2525,0,0
travel,12.036,288.9,332.749,332.749,fly,0.841,ok,2601,0,0,192.00,260857856,359763968,114090264,95883264,18123768,2904,11174640,22132800,958,2525,2525,0,0,0,0,0,0,0,0,0.060,0.073,0.000,0,0,0,2525,2525,0,0
travel,12.066,289.6,333.263,333.263,fly,1.042,ok,2601,0,0,192.00,260857856,359763968,114090264,95883264,18123768,2904,7449760,22132800,958,2525,2525,0,0,0,0,0,0,0,0,0.274,0.067,0.000,0,0,0,2525,2525,0,0
travel,12.096,290.3,333.774,333.774,fly,0.821,ok,2601,0,0,192.00,260857856,359763968,114090264,95883264,18123768,2904,7449760,22132800,958,2525,2525,0,0,0,0,0,0,0,0,0.060,0.067,0.000,0,0,0,2525,2525,0,0
travel,12.126,291.0,334.287,334.287,fly,0.902,ok,2601,0,0,192.00,260857856,359763968,114090264,95883264,18123768,2904,7449760,22132800,958,2525,2525,0,0,0,0,0,0,0,0,0.137,0.065,0.000,0,0,0,2525,2525,0,0
travel,12.156,291.7,334.796,334.796,fly,0.816,ok,2601,0,0,192.00,260857856,359763968,114090264,95883264,18123768,2904,7449760,22132800,958,2525,2525,0,0,0,0,0,0,0,0,0.060,0.063,0.000,0,0,0,2525,2525,0,0
travel,12.187,292.5,335.309,335.309,fly,0.812,ok,2601,0,0,192.00,260857856,359763968,114090264,95883264,18123768,2904,7449760,22132800,958,2525,2525,0,0,0,0,0,0,0,0,0.060,0.064,0.000,0,0,0,2525,2525,0,0
travel,12.217,293.2,335.819,335.819,fly,0.820,ok,2601,0,0,192.00,260857856,359763968,114090264,95883264,18123768,2904,7449760,22132800,958,2525,2525,0,0,0,0,0,0,0,0,0.060,0.066,0.000,0,0,0,2525,2525,0,0
travel,12.254,294.1,336.460,336.460,fly,0.827,ok,2601,0,0,192.00,261898240,360812544,114090264,95883264,18123768,2904,11174640,22132800,958,2626,2626,0,0,0,0,0,0,0,0,0.061,0.062,0.000,0,0,0,2626,2626,0,0
travel,12.285,294.8,336.973,336.973,fly,0.829,ok,2601,0,0,192.00,261898240,360812544,114090264,95883264,18123768,2904,11174640,22132800,958,2626,2626,0,0,0,0,0,0,0,0,0.062,0.064,0.000,0,0,0,2626,2626,0,0
travel,12.315,295.5,337.483,337.483,fly,0.907,ok,2601,0,0,192.00,261898240,360812544,114090264,95883264,18123768,2904,11174640,22132800,958,2626,2626,0,0,0,0,0,0,0,0,0.070,0.111,0.000,0,0,0,2626,2626,0,0
travel,12.345,296.3,337.997,337.997,fly,0.807,ok,2601,0,0,192.00,261898240,360812544,114090264,95883264,18123768,2904,11174640,22132800,958,2626,2626,0,0,0,0,0,0,0,0,0.061,0.065,0.000,0,0,0,2626,2626,0,0
travel,12.375,297.0,338.506,338.506,fly,0.807,ok,2601,0,0,192.00,261898240,360812544,114090264,95883264,18123768,2904,11174640,22132800,958,2626,2626,0,0,0,0,0,0,0,0,0.060,0.065,0.000,0,0,0,2626,2626,0,0
travel,12.405,297.7,339.017,339.017,fly,0.851,ok,2601,0,0,192.00,261898240,360812544,114090264,95883264,18123768,2904,11174640,22132800,958,2626,2626,0,0,0,0,0,0,0,0,0.061,0.064,0.000,0,0,0,2626,2626,0,0
travel,12.435,298.4,339.526,339.526,fly,0.803,ok,2601,0,0,192.00,261898240,360812544,114090264,95883264,18123768,2904,11174640,22132800,958,2626,2626,0,0,0,0,0,0,0,0,0.060,0.063,0.000,0,0,0,2626,2626,0,0
travel,12.465,299.2,340.035,340.035,fly,0.810,ok,2601,0,0,192.00,261898240,360812544,114090264,95883264,18123768,2904,11174640,22132800,958,2626,2626,0,0,0,0,0,0,0,0,0.061,0.060,0.000,0,0,0,2626,2626,0,0
travel,12.495,299.9,340.545,340.545,fly,0.804,ok,2601,0,0,192.00,261898240,360812544,114090264,95883264,18123768,2904,7449760,22132800,958,2626,2626,0,0,0,0,0,0,0,0,0.060,0.064,0.000,0,0,0,2626,2626,0,0
travel,12.525,300.6,341.054,341.054,fly,0.816,ok,2601,0,0,192.00,261902336,360812544,114090264,95883264,18123768,2904,7449760,22132800,958,2626,2626,0,0,0,0,0,0,0,0,0.060,0.065,0.000,0,0,0,2626,2626,0,0
travel,12.555,301.3,341.565,341.565,fly,0.884,ok,2601,0,0,192.00,261902336,360812544,114090264,95883264,18123768,2904,7449760,22132800,958,2626,2626,0,0,0,0,0,0,0,0,0.062,0.077,0.000,0,0,0,2626,2626,0,0
travel,12.586,302.0,342.078,342.078,fly,0.801,ok,2601,0,0,192.00,261902336,360812544,114090264,95883264,18123768,2904,7449760,22132800,958,2626,2626,0,0,0,0,0,0,0,0,0.060,0.062,0.000,0,0,0,2626,2626,0,0
travel,12.616,302.8,342.593,342.593,fly,0.930,ok,2601,0,0,192.00,261902336,360812544,114090264,95883264,18123768,2904,7449760,22132800,958,2626,2626,0,0,0,0,0,0,0,0,0.071,0.145,0.000,0,0,0,2626,2626,0,0
travel,12.646,303.5,343.102,343.102,fly,0.825,ok,2601,0,0,192.00,261902336,360812544,114090264,95883264,18123768,2904,7449760,22132800,958,2626,2626,0,0,0,0,0,0,0,0,0.061,0.067,0.000,0,0,0,2626,2626,0,0
travel,12.676,304.2,343.615,343.615,fly,0.821,ok,2601,0,0,192.00,261902336,360812544,114090264,95883264,18123768,2904,7449760,22132800,958,2626,2626,0,0,0,0,0,0,0,0,0.060,0.066,0.000,0,0,0,2626,2626,0,0
travel,12.714,305.1,344.262,344.262,fly,0.830,ok,2601,0,0,192.00,262901760,361340928,114090264,95883264,18123768,2904,11174640,22132800,958,2727,2727,0,0,0,0,0,0,0,0,0.061,0.064,0.000,0,0,0,2727,2727,0,0
travel,12.744,305.9,344.771,344.771,fly,0.856,ok,2601,0,0,192.00,262905856,361340928,114090264,95883264,18123768,2904,11174640,22132800,958,2727,2727,0,0,0,0,0,0,0,0,0.065,0.072,0.000,0,0,0,2727,2727,0,0
travel,12.774,306.6,345.281,345.281,fly,0.936,ok,2601,0,0,192.00,262909952,361406464,114090264,95883264,18123768,2904,11174640,22132800,958,2727,2727,0,0,0,0,0,0,0,0,0.165,0.061,0.000,0,0,0,2727,2727,0,0
travel,12.805,307.3,345.793,345.793,fly,0.816,ok,2601,0,0,192.00,262909952,361406464,114090264,95883264,18123768,2904,11174640,22132800,958,2727,2727,0,0,0,0,0,0,0,0,0.061,0.068,0.000,0,0,0,2727,2727,0,0
travel,12.835,308.0,346.304,346.304,fly,0.832,ok,2601,0,0,192.00,262914048,361406464,114090264,95883264,18123768,2904,11174640,22132800,958,2727,2727,0,0,0,0,0,0,0,0,0.064,0.068,0.000,0,0,0,2727,2727,0,0
travel,12.865,308.7,346.813,346.813,fly,0.817,ok,2601,0,0,192.00,262914048,361406464,114090264,95883264,18123768,2904,11174640,22132800,958,2727,2727,0,0,0,0,0,0,0,0,0.061,0.063,0.000,0,0,0,2727,2727,0,0
travel,12.895,309.5,347.323,347.323,fly,0.806,ok,2601,0,0,192.00,262914048,361406464,114090264,95883264,18123768,2904,11174640,22132800,958,2727,2727,0,0,0,0,0,0,0,0,0.061,0.066,0.000,0,0,0,2727,2727,0,0
travel,12.925,310.2,347.836,347.836,fly,0.851,ok,2601,0,0,192.00,262914048,361406464,114090264,95883264,18123768,2904,7449760,22132800,958,2727,2727,0,0,0,0,0,0,0,0,0.064,0.084,0.000,0,0,0,2727,2727,0,0
travel,12.955,310.9,348.345,348.345,fly,0.821,ok,2601,0,0,192.00,262914048,361406464,114090264,95883264,18123768,2904,7449760,22132800,958,2727,2727,0,0,0,0,0,0,0,0,0.061,0.066,0.000,0,0,0,2727,2727,0,0
travel,12.985,311.6,348.854,348.854,fly,0.844,ok,2601,0,0,192.00,262914048,361406464,114090264,95883264,18123768,2904,7449760,22132800,958,2727,2727,0,0,0,0,0,0,0,0,0.060,0.069,0.000,0,0,0,2727,2727,0,0
travel,13.015,312.4,349.370,349.370,fly,0.831,ok,2601,0,0,192.00,262914048,361406464,114090264,95883264,18123768,2904,7449760,22132800,958,2727,2727,0,0,0,0,0,0,0,0,0.062,0.064,0.000,0,0,0,2727,2727,0,0
travel,13.045,313.1,349.878,349.878,fly,0.845,ok,2601,0,0,192.00,262918144,361406464,114090264,95883264,18123768,2904,7449760,22132800,958,2727,2727,0,0,0,0,0,0,0,0,0.061,0.068,0.000,0,0,0,2727,2727,0,0
travel,13.076,313.8,350.394,350.394,fly,0.824,ok,2601,0,0,192.00,262918144,361406464,114090264,95883264,18123768,2904,7449760,22132800,958,2727,2727,0,0,0,0,0,0,0,0,0.060,0.064,0.000,0,0,0,2727,2727,0,0
travel,13.106,314.5,350.903,350.903,fly,1.123,ok,2601,0,0,192.00,262918144,361406464,114090264,95883264,18123768,2904,7449760,22132800,958,2727,2727,0,0,0,0,0,0,0,0,0.354,0.062,0.000,0,0,0,2727,2727,0,0
travel,13.136,315.3,351.416,351.416,fly,0.839,ok,2601,0,0,192.00,262918144,361406464,114090264,95883264,18123768,2904,7449760,22132800,958,2727,2727,0,0,0,0,0,0,0,0,0.060,0.068,0.000,0,0,0,2727,2727,0,0
travel,13.166,316.0,351.930,351.930,fly,0.818,ok,2601,0,0,192.00,262918144,361406464,114090264,95883264,18123768,2904,7449760,22132800,958,2727,2727,0,0,0,0,0,0,0,0,0.060,0.063,0.000,0,0,0,2727,2727,0,0
travel,13.204,316.9,352.569,352.569,fly,0.841,ok,2601,0,0,192.00,263946240,362455040,114090264,95883264,18123768,2904,11174640,22132800,958,2828,2828,0,0,0,0,0,0,0,0,0.062,0.069,0.000,0,0,0,2828,2828,0,0
travel,13.234,317.6,353.080,353.080,fly,0.831,ok,2601,0,0,192.00,263946240,362455040,114090264,95883264,18123768,2904,11174640,22132800,958,2828,2828,0,0,0,0,0,0,0,0,0.062,0.065,0.000,0,0,0,2828,2828,0,0
travel,13.264,318.3,353.591,353.591,fly,0.826,ok,2601,0,0,192.00,263946240,362455040,114090264,95883264,18123768,2904,11174640,22132800,958,2828,2828,0,0,0,0,0,0,0,0,0.061,0.064,0.000,0,0,0,2828,2828,0,0
travel,13.294,319.0,354.100,354.100,fly,0.918,ok,2601,0,0,192.00,263946240,362455040,114090264,95883264,18123768,2904,11174640,22132800,958,2828,2828,0,0,0,0,0,0,0,0,0.071,0.108,0.000,0,0,0,2828,2828,0,0
travel,13.325,319.8,354.611,354.611,fly,0.843,ok,2601,0,0,192.00,263946240,362455040,114090264,95883264,18123768,2904,11174640,22132800,958,2828,2828,0,0,0,0,0,0,0,0,0.061,0.067,0.000,0,0,0,2828,2828,0,0
travel,13.355,320.5,355.122,355.122,fly,0.821,ok,2601,0,0,192.00,263946240,362455040,114090264,95883264,18123768,2904,11174640,22132800,958,2828,2828,0,0,0,0,0,0,0,0,0.060,0.065,0.000,0,0,0,2828,2828,0,0
travel,13.385,321.2,355.632,355.632,fly,0.824,ok,2601,0,0,192.00,263946240,362455040,114090264,95883264,18123768,2904,11174640,22132800,958,2828,2828,0,0,0,0,0,0,0,0,0.061,0.060,0.000,0,0,0,2828,2828,0,0
travel,13.415,321.9,356.142,356.142,fly,1.188,ok,2601,0,0,192.00,263946240,362455040,114090264,95883264,18123768,2904,7449760,22132800,958,2828,2828,0,0,0,0,0,0,0,0,0.421,0.062,0.000,0,0,0,2828,2828,0,0
travel,13.445,322.7,356.655,356.655,fly,0.830,ok,2601,0,0,192.00,263946240,362455040,114090264,95883264,18123768,2904,7449760,22132800,958,2828,2828,0,0,0,0,0,0,0,0,0.060,0.066,0.000,0,0,0,2828,2828,0,0
travel,13.475,323.4,357.166,357.166,fly,0.898,ok,2601,0,0,192.00,263946240,362455040,114090264,95883264,18123768,2904,7449760,22132800,958,2828,2828,0,0,0,0,0,0,0,0,0.131,0.067,0.000,0,0,0,2828,2828,0,0
travel,13.505,324.1,357.675,357.675,fly,0.816,ok,2601,0,0,192.00,263946240,362455040,114090264,95883264,18123768,2904,7449760,22132800,958,2828,2828,0,0,0,0,0,0,0,0,0.061,0.066,0.000,0,0,0,2828,2828,0,0
travel,13.536,324.8,358.194,358.194,fly,0.816,ok,2601,0,0,192.00,263946240,362455040,114090264,95883264,18123768,2904,7449760,22132800,958,2828,2828,0,0,0,0,0,0,0,0,0.060,0.061,0.000,0,0,0,2828,2828,0,0
travel,13.566,325.6,358.705,358.705,fly,0.814,ok,2601,0,0,192.00,263950336,362455040,114090264,95883264,18123768,2904,7449760,22132800,958,2828,2828,0,0,0,0,0,0,0,0,0.061,0.062,0.000,0,0,0,2828,2828,0,0
travel,13.596,326.3,359.223,359.223,fly,0.817,ok,2601,0,0,192.00,263950336,362455040,114090264,95883264,18123768,2904,7449760,22132800,958,2828,2828,0,0,0,0,0,0,0,0,0.060,0.063,0.000,0,0,0,2828,2828,0,0
travel,13.627,327.0,359.737,359.737,fly,1.043,ok,2601,0,0,192.00,263950336,362455040,114090264,95883264,18123768,2904,7449760,22132800,958,2828,2828,0,0,0,0,0,0,0,0,0.070,0.112,0.000,0,0,0,2828,2828,0,0
travel,13.665,327.9,360.378,360.378,fly,0.851,ok,2601,0,0,192.00,264744960,363008000,114090264,95883264,18123768,2904,11174640,22132800,958,2929,2929,0,0,0,0,0,0,0,0,0.062,0.070,0.000,0,0,0,2929,2929,0,0
travel,13.695,328.6,360.887,360.887,fly,0.842,ok,2601,0,0,192.00,264744960,363008000,114090264,95883264,18123768,2904,11174640,22132800,958,2929,2929,0,0,0,0,0,0,0,0,0.065,0.068,0.000,0,0,0,2929,2929,0,0
travel,13.725,329.4,361.400,361.400,fly,0.819,ok,2601,0,0,192.00,264744960,363008000,114090264,95883264,18123768,2904,11174640,22132800,958,2929,2929,0,0,0,0,0,0,0,0,0.060,0.063,0.000,0,0,0,2929,2929,0,0
travel,13.755,330.1,361.915,361.915,fly,0.850,ok,2601,0,0,192.00,264744960,363008000,114090264,95883264,18123768,2904,11174640,22132800,958,2929,2929,0,0,0,0,0,0,0,0,0.061,0.073,0.000,0,0,0,2929,2929,0,0
travel,13.785,330.8,362.425,362.425,fly,0.821,ok,2601,0,0,192.00,264744960,363008000,114090264,95883264,18123768,2904,11174640,22132800,958,2929,2929,0,0,0,0,0,0,0,0,0.063,0.063,0.000,0,0,0,2929,2929,0,0
travel,13.816,331.6,362.944,362.944,fly,0.813,ok,2601,0,0,192.00,264744960,363008000,114090264,95883264,18123768,2904,11174640,22132800,958,2929,2929,0,0,0,0,0,0,0,0,0.061,0.064,0.000,0,0,0,2929,2929,0,0
travel,13.846,332.3,363.454,363.454,fly,0.943,ok,2601,0,0,192.00,264744960,363008000,114090264,95883264,18123768,2904,11174640,22132800,958,2929,2929,0,0,0,0,0,0,0,0,0.071,0.110,0.000,0,0,0,2929,2929,0,0
travel,13.876,333.0,363.969,363.969,fly,0.820,ok,2601,0,0,192.00,264744960,363008000,114090264,95883264,18123768,2904,7449760,22132800,958,2929,2929,0,0,0,0,0,0,0,0,0.061,0.066,0.000,0,0,0,2929,2929,0,0
travel,13.906,333.7,364.481,364.481,fly,0.822,ok,2601,0,0,192.00,264744960,363008000,114090264,95883264,18123768,2904,7449760,22132800,958,2929,2929,0,0,0,0,0,0,0,0,0.061,0.066,0.000,0,0,0,2929,2929,0,0
travel,13.937,334.5,364.992,364.992,fly,0.822,ok,2601,0,0,192.00,264744960,363008000,114090264,95883264,18123768,2904,7449760,22132800,958,2929,2929,0,0,0,0,0,0,0,0,0.061,0.062,0.000,0,0,0,2929,2929,0,0
travel,13.967,335.2,365.505,365.505,fly,0.816,ok,2601,0,0,192.00,264744960,363008000,114090264,95883264,18123768,2904,7449760,22132800,958,2929,2929,0,0,0,0,0,0,0,0,0.060,0.064,0.000,0,0,0,2929,2929,0,0
travel,13.997,335.9,366.014,366.014,fly,0.884,ok,2601,0,0,192.00,264744960,363008000,114090264,95883264,18123768,2904,7449760,22132800,958,2929,2929,0,0,0,0,0,0,0,0,0.061,0.072,0.000,0,0,0,2929,2929,0,0
travel,14.027,336.6,366.528,366.528,fly,0.815,ok,2601,0,0,192.00,264744960,363008000,114090264,95883264,18123768,2904,7449760,22132800,958,2929,2929,0,0,0,0,0,0,0,0,0.060,0.063,0.000,0,0,0,2929,2929,0,0
travel,14.057,337.3,367.041,367.041,fly,0.823,ok,2601,0,0,192.00,264744960,363008000,114090264,95883264,18123768,2904,7449760,22132800,958,2929,2929,0,0,0,0,0,0,0,0,0.060,0.064,0.000,0,0,0,2929,2929,0,0
travel,14.088,338.1,367.553,367.553,fly,0.838,ok,2601,0,0,192.00,264749056,363008000,114090264,95883264,18123768,2904,7449760,22132800,958,2929,2929,0,0,0,0,0,0,0,0,0.060,0.066,0.000,0,0,0,2929,2929,0,0
travel,14.126,339.0,368.205,368.205,fly,0.848,ok,2601,0,0,192.00,265592832,364126208,114090264,95883264,18123768,2904,11174640,22132800,958,3030,3030,0,0,67,0,0,0,0,0,0.064,0.070,0.000,0,0,0,3030,3030,0,0
travel,14.156,339.7,368.718,368.718,fly,0.830,ok,2601,0,0,192.00,265592832,364126208,114090264,95883264,18123768,2904,11174640,22132800,958,3030,3030,0,0,0,0,0,0,0,0,0.063,0.064,0.000,0,0,0,3030,3030,0,0
travel,14.186,340.4,369.227,369.227,fly,0.816,ok,2601,0,0,192.00,265592832,364126208,114090264,95883264,18123768,2904,11174640,22132800,958,3030,3030,0,0,0,0,0,0,0,0,0.062,0.067,0.000,0,0,0,3030,3030,0,0
travel,14.216,341.2,369.738,369.738,fly,0.816,ok,2601,0,0,192.00,265596928,364126208,114090264,95883264,18123768,2904,11174640,22132800,958,3030,3030,0,0,0,0,0,0,0,0,0.062,0.065,0.000,0,0,0,3030,3030,0,0
travel,14.247,341.9,370.251,370.251,fly,0.814,ok,2601,0,0,192.00,265596928,364126208,114090264,95883264,18123768,2904,11174640,22132800,958,3030,3030,0,0,0,0,0,0,0,0,0.061,0.063,0.000,0,0,0,3030,3030,0,0
travel,14.277,342.6,370.763,370.763,fly,0.805,ok,2601,0,0,192.00,265596928,364126208,114090264,95883264,18123768,2904,11174640,22132800,958,3030,3030,0,0,0,0,0,0,0,0,0.061,0.060,0.000,0,0,0,3030,3030,0,0
travel,14.307,343.3,371.272,371.272,fly,0.810,ok,2601,0,0,192.00,265596928,364126208,114090264,95883264,18123768,2904,11174640,22132800,958,3030,3030,0,0,0,0,0,0,0,0,0.060,0.062,0.000,0,0,0,3030,3030,0,0
travel,14.337,344.1,371.788,371.788,fly,0.855,ok,2601,0,0,192.00,265596928,364126208,114090264,95883264,18123768,2904,11174640,22132800,958,3030,3030,0,0,0,0,0,0,0,0,0.063,0.071,0.000,0,0,0,3030,3030,0,0
travel,14.367,344.8,372.298,372.298,fly,0.822,ok,2601,0,0,192.00,265596928,364126208,114090264,95883264,18123768,2904,7449760,22132800,958,3030,3030,0,0,0,0,0,0,0,0,0.061,0.064,0.000,0,0,0,3030,3030,0,0
travel,14.397,345.5,372.810,372.810,fly,0.844,ok,2601,0,0,192.00,265596928,364126208,114090264,95883264,18123768,2904,7449760,22132800,958,3030,3030,0,0,0,0,0,0,0,0,0.062,0.067,0.000,0,0,0,3030,3030,0,0
travel,14.429,346.3,373.337,373.337,fly,0.930,ok,2601,0,0,192.00,265596928,364126208,114090264,95883264,18123768,2904,7449760,22132800,958,3030,3030,0,0,0,0,0,0,0,0,0.135,0.074,0.000,0,0,0,3030,3030,0,0
travel,14.459,347.0,373.850,373.850,fly,0.820,ok,2601,0,0,192.00,265596928,364126208,114090264,95883264,18123768,2904,7449760,22132800,958,3030,3030,0,0,0,0,0,0,0,0,0.061,0.064,0.000,0,0,0,3030,3030,0,0
travel,14.489,347.7,374.366,374.366,fly,0.820,ok,2601,0,0,192.00,265596928,364126208,114090264,95883264,18123768,2904,7449760,22132800,958,3030,3030,0,0,0,0,0,0,0,0,0.061,0.064,0.000,0,0,0,3030,3030,0,0
travel,14.519,348.4,374.879,374.879,fly,0.830,ok,2601,0,0,192.00,265596928,364126208,114090264,95883264,18123768,2904,7449760,22132800,958,3030,3030,0,0,0,0,0,0,0,0,0.060,0.067,0.000,0,0,0,3030,3030,0,0
travel,14.550,349.2,375.390,375.390,fly,0.821,ok,2601,0,0,192.00,265596928,364126208,114090264,95883264,18123768,2904,7449760,22132800,958,3030,3030,0,0,0,0,0,0,0,0,0.060,0.064,0.000,0,0,0,3030,3030,0,0
travel,14.580,349.9,375.905,375.905,fly,0.825,ok,2601,0,0,192.00,265596928,364126208,114090264,95883264,18123768,2904,7449760,22132800,958,3030,3030,0,0,0,0,0,0,0,0,0.060,0.071,0.000,0,0,0,3030,3030,0,0
travel,14.618,350.8,376.548,376.548,fly,0.818,ok,2601,0,0,192.00,265928704,364519424,114090264,95883264,18123768,2904,11174640,22132800,958,3131,3131,0,0,0,0,0,0,0,0,0.061,0.063,0.000,0,0,0,3131,3131,0,0
travel,14.648,351.5,377.068,377.068,fly,0.836,ok,2601,0,0,192.00,265928704,364519424,114090264,95883264,18123768,2904,11174640,22132800,958,3131,3131,0,0,0,0,0,0,0,0,0.062,0.065,0.000,0,0,0,3131,3131,0,0
travel,14.678,352.2,377.577,377.577,fly,1.165,ok,2601,0,0,192.00,265928704,364519424,114090264,95883264,18123768,2904,11174640,22132800,958,3131,3131,0,0,0,0,0,0,0,0,0.397,0.064,0.000,0,0,0,3131,3131,0,0
travel,14.709,353.0,378.092,378.092,fly,0.847,ok,2601,0,0,192.00,265928704,364519424,114090264,95883264,18123768,2904,11174640,22132800,958,3131,3131,0,0,0,0,0,0,0,0,0.062,0.071,0.000,0,0,0,3131,3131,0,0
travel,14.739,353.7,378.602,378.602,fly,0.895,ok,2601,0,0,192.00,265928704,364519424,114090264,95883264,18123768,2904,11174640,22132800,958,3131,3131,0,0,0,0,0,0,0,0,0.136,0.064,0.000,0,0,0,3131,3131,0,0
travel,14.769,354.4,379.111,379.111,fly,0.838,ok,2601,0,0,192.00,265928704,364519424,114090264,95883264,18123768,2904,11174640,22132800,958,3131,3131,0,0,0,0,0,0,0,0,0.061,0.068,0.000,0,0,0,3131,3131,0,0
travel,14.799,355.1,379.620,379.620,fly,0.833,ok,2601,0,0,192.00,265928704,364519424,114090264,95883264,18123768,2904,7449760,22132800,958,3131,3131,0,0,0,0,0,0,0,0,0.061,0.065,0.000,0,0,0,3131,3131,0,0
travel,14.829,355.9,380.128,380.128,fly,0.807,ok,2601,0,0,192.00,265928704,364519424,114090264,95883264,18123768,2904,7449760,22132800,958,3131,3131,0,0,0,0,0,0,0,0,0.062,0.063,0.000,0,0,0,3131,3131,0,0
travel,14.859,356.6,380.638,380.638,fly,0.827,ok,2601,0,0,192.00,265928704,364519424,114090264,95883264,18123768,2904,7449760,22132800,958,3131,3131,0,0,0,0,0,0,0,0,0.060,0.066,0.000,0,0,0,3131,3131,0,0
travel,14.889,357.3,381.149,381.149,fly,0.817,ok,2601,0,0,192.00,265928704,364519424,114090264,95883264,18123768,2904,7449760,22132800,958,3131,3131,0,0,0,0,0,0,0,0,0.061,0.065,0.000,0,0,0,3131,3131,0,0
travel,14.919,358.0,381.664,381.664,fly,0.852,ok,2601,0,0,192.00,265928704,364519424,114090264,95883264,18123768,2904,7449760,22132800,958,3131,3131,0,0,0,0,0,0,0,0,0.062,0.069,0.000,0,0,0,3131,3131,0,0
travel,14.949,358.7,382.173,382.173,fly,0.814,ok,2601,0,0,192.00,265928704,364519424,114090264,95883264,18123768,2904,7449760,22132800,958,3131,3131,0,0,0,0,0,0,0,0,0.060,0.064,0.000,0,0,0,3131,3131,0,0
travel,14.979,359.5,382.682,382.682,fly,0.814,ok,2601,0,0,192.00,265928704,364519424,114090264,95883264,18123768,2904,7449760,22132800,958,3131,3131,0,0,0,0,0,0,0,0,0.060,0.063,0.000,0,0,0,3131,3131,0,0
travel,15.009,360.2,383.191,383.191,fly,0.824,ok,2601,0,0,192.00,265928704,364519424,114090264,95883264,18123768,2904,7449760,22132800,958,3131,3131,0,0,0,0,0,0,0,0,0.061,0.066,0.000,0,0,0,3131,3131,0,0
travel,15.040,360.9,383.707,383.707,fly,0.814,ok,2601,0,0,192.00,265928704,364519424,114090264,95883264,18123768,2904,7449760,22132800,958,3131,3131,0,0,0,0,0,0,0,0,0.059,0.064,0.000,0,0,0,3131,3131,0,0
travel,15.077,361.8,384.345,384.345,fly,0.816,ok,2601,0,0,192.00,266563584,365043712,114090264,95883264,18123768,2904,11174640,22132800,958,3232,3232,0,0,0,0,0,0,0,0,0.062,0.059,0.000,0,0,0,3232,3232,0,0
travel,15.108,362.5,384.858,384.858,fly,0.802,ok,2601,0,0,192.00,266563584,365043712,114090264,95883264,18123768,2904,11174640,22132800,958,3232,3232,0,0,0,0,0,0,0,0,0.060,0.066,0.000,0,0,0,3232,3232,0,0
travel,15.138,363.3,385.370,385.370,fly,0.807,ok,2601,0,0,192.00,266567680,365043712,114090264,95883264,18123768,2904,11174640,22132800,958,3232,3232,0,0,0,0,0,0,0,0,0.062,0.060,0.000,0,0,0,3232,3232,0,0
travel,15.168,364.0,385.879,385.879,fly,0.834,ok,2601,0,0,192.00,266567680,365043712,114090264,95883264,18123768,2904,11174640,22132800,958,3232,3232,0,0,0,0,0,0,0,0,0.062,0.066,0.000,0,0,0,3232,3232,0,0
travel,15.198,364.7,386.395,386.395,fly,0.799,ok,2601,0,0,192.00,266567680,365043712,114090264,95883264,18123768,2904,11174640,22132800,958,3232,3232,0,0,0,0,0,0,0,0,0.061,0.059,0.000,0,0,0,3232,3232,0,0
travel,15.229,365.5,386.912,386.912,fly,0.925,ok,2601,0,0,192.00,266567680,365043712,114090264,95883264,18123768,2904,11174640,22132800,958,3232,3232,0,0,0,0,0,0,0,0,0.140,0.073,0.000,0,0,0,3232,3232,0,0
travel,15.259,366.2,387.424,387.424,fly,0.896,ok,2601,0,0,192.00,266567680,365043712,114090264,95883264,18123768,2904,11174640,22132800,958,3232,3232,0,0,0,0,0,0,0,0,0.063,0.077,0.000,0,0,0,3232,3232,0,0
travel,15.289,366.9,387.936,387.936,fly,0.826,ok,2601,0,0,192.00,266567680,365043712,114090264,95883264,18123768,2904,7449760,22132800,958,3232,3232,0,0,0,0,0,0,0,0,0.060,0.063,0.000,0,0,0,3232,3232,0,0
travel,15.319,367.6,388.444,388.444,fly,0.826,ok,2601,0,0,192.00,266567680,365043712,114090264,95883264,18123768,2904,7449760,22132800,958,3232,3232,0,0,0,0,0,0,0,0,0.062,0.066,0.000,0,0,0,3232,3232,0,0
travel,15.349,368.3,388.956,388.956,fly,0.820,ok,2601,0,0,192.00,266567680,365043712,114090264,95883264,18123768,2904,7449760,22132800,958,3232,3232,0,0,0,0,0,0,0,0,0.062,0.064,0.000,0,0,0,3232,3232,0,0
travel,15.379,369.1,389.465,389.465,fly,0.822,ok,2601,0,0,192.00,266567680,365043712,114090264,95883264,18123768,2904,7449760,22132800,958,3232,3232,0,0,0,0,0,0,0,0,0.062,0.064,0.000,0,0,0,3232,3232,0,0
travel,15.410,369.8,389.978,389.978,fly,0.820,ok,2601,0,0,192.00,266567680,365043712,114090264,95883264,18123768,2904,7449760,22132800,958,3232,3232,0,0,0,0,0,0,0,0,0.060,0.064,0.000,0,0,0,3232,3232,0,0
travel,15.440,370.5,390.489,390.489,fly,0.801,ok,2601,0,0,192.00,266567680,365043712,114090264,95883264,18123768,2904,7449760,22132800,958,3232,3232,0,0,0,0,0,0,0,0,0.061,0.062,0.000,0,0,0,3232,3232,0,0
travel,15.470,371.2,391.005,391.005,fly,0.851,ok,2601,0,0,192.00,266567680,365043712,114090264,95883264,18123768,2904,7449760,22132800,958,3232,3232,0,0,0,0,0,0,0,0,0.063,0.064,0.000,0,0,0,3232,3232,0,0
travel,15.500,372.0,391.514,391.514,fly,0.799,ok,2601,0,0,192.00,266567680,365043712,114090264,95883264,18123768,2904,7449760,22132800,958,3232,3232,0,0,0,0,0,0,0,0,0.061,0.062,0.000,0,0,0,3232,3232,0,0
travel,15.534,372.8,392.093,392.093,fly,3.564,ok,2573,28,61,192.00,266788864,367669248,112862072,94851072,17928664,2904,11174640,20411568,958,3305,3333,36,0,137,36,36,0,0,524288,0.092,0.116,0.000,0,0,0,3305,3305,0,0
travel,15.569,373.6,392.687,392.687,fly,0.805,ok,2601,0,0,192.00,267444224,368193536,114090264,95883264,18123768,2904,11174640,22132800,958,3333,3333,0,0,0,0,0,0,0,0,0.061,0.063,0.000,0,0,0,3333,3333,0,0
travel,15.599,374.3,393.200,393.200,fly,0.837,ok,2601,0,0,192.00,267444224,368193536,114090264,95883264,18123768,2904,11174640,22132800,958,3333,3333,0,0,0,0,0,0,0,0,0.062,0.067,0.000,0,0,0,3333,3333,0,0
travel,15.630,375.1,393.710,393.710,fly,0.817,ok,2601,0,0,192.00,267444224,368193536,114090264,95883264,18123768,2904,11174640,22132800,958,3333,3333,0,0,0,0,0,0,0,0,0.062,0.063,0.000,0,0,0,3333,3333,0,0
travel,15.660,375.8,394.225,394.225,fly,0.916,ok,2601,0,0,192.00,267448320,368193536,114090264,95883264,18123768,2904,11174640,22132800,958,3333,3333,0,0,0,0,0,0,0,0,0.138,0.069,0.000,0,0,0,3333,3333,0,0
travel,15.690,376.5,394.738,394.738,fly,0.826,ok,2601,0,0,192.00,267448320,368193536,114090264,95883264,18123768,2904,11174640,22132800,958,3333,3333,0,0,0,0,0,0,0,0,0.062,0.066,0.000,0,0,0,3333,3333,0,0
travel,15.721,377.2,395.254,395.254,fly,0.830,ok,2601,0,0,192.00,267448320,368193536,114090264,95883264,18123768,2904,11174640,22132800,958,3333,3333,0,0,0,0,0,0,0,0,0.062,0.065,0.000,0,0,0,3333,3333,0,0
travel,15.751,378.0,395.773,395.773,fly,0.971,ok,2601,0,0,192.00,267448320,368193536,114090264,95883264,18123768,2904,7449760,22132800,958,3333,3333,0,0,0,0,0,0,0,0,0.064,0.148,0.000,0,0,0,3333,3333,0,0
travel,15.783,378.7,396.314,396.314,fly,0.810,ok,2601,0,0,192.00,267448320,368193536,114090264,95883264,18123768,2904,7449760,22132800,958,3333,3333,0,0,0,0,0,0,0,0,0.060,0.065,0.000,0,0,0,3333,3333,0,0
travel,15.813,379.5,396.825,396.825,fly,0.829,ok,2601,0,0,192.00,267448320,368193536,114090264,95883264,18123768,2904,7449760,22132800,958,3333,3333,0,0,0,0,0,0,0,0,0.062,0.066,0.000,0,0,0,3333,3333,0,0
travel,15.843,380.2,397.336,397.336,fly,0.818,ok,2601,0,0,192.00,267448320,368193536,114090264,95883264,18123768,2904,7449760,22132800,958,3333,3333,0,0,0,0,0,0,0,0,0.061,0.063,0.000,0,0,0,3333,3333,0,0
travel,15.874,380.9,397.855,397.855,fly,0.808,ok,2601,0,0,192.00,267448320,368193536,114090264,95883264,18123768,2904,7449760,22132800,958,3333,3333,0,0,0,0,0,0,0,0,0.061,0.069,0.000,0,0,0,3333,3333,0,0
travel,15.904,381.6,398.366,398.366,fly,0.800,ok,2601,0,0,192.00,267448320,368193536,114090264,95883264,18123768,2904,7449760,22132800,958,3333,3333,0,0,0,0,0,0,0,0,0.061,0.065,0.000,0,0,0,3333,3333,0,0
travel,15.934,382.4,398.875,398.875,fly,0.828,ok,2601,0,0,192.00,267448320,368193536,114090264,95883264,18123768,2904,7449760,22132800,958,3333,3333,0,0,0,0,0,0,0,0,0.061,0.068,0.000,0,0,0,3333,3333,0,0
travel,15.965,383.1,399.403,399.403,fly,0.830,ok,2601,0,0,192.00,267448320,368193536,114090264,95883264,18123768,2904,7449760,22132800,958,3333,3333,0,0,0,0,0,0,0,0,0.060,0.067,0.000,0,0,0,3333,3333,0,0
travel,15.996,383.9,399.930,399.930,fly,0.813,ok,2601,0,0,192.00,267448320,368193536,114090264,95883264,18123768,2904,7449760,22132800,958,3333,3333,0,0,0,0,0,0,0,0,0.061,0.066,0.000,0,0,0,3333,3333,0,0
travel,16.036,384.8,400.610,400.610,fly,0.829,ok,2601,0,0,192.00,268222464,368807936,114090264,95883264,18123768,2904,11174640,22132800,958,3434,3434,0,0,0,0,0,0,0,0,0.063,0.067,0.000,0,0,0,3434,3434,0,0
travel,16.067,385.6,401.128,401.128,fly,0.823,ok,2601,0,0,192.00,268222464,368807936,114090264,95883264,18123768,2904,11174640,22132800,958,3434,3434,0,0,0,0,0,0,0,0,0.063,0.065,0.000,0,0,0,3434,3434,0,0
travel,16.097,386.3,401.644,401.644,fly,0.825,ok,2601,0,0,192.00,268222464,368807936,114090264,95883264,18123768,2904,11174640,22132800,958,3434,3434,0,0,0,0,0,0,0,0,0.061,0.065,0.000,0,0,0,3434,3434,0,0
travel,16.128,387.0,402.159,402.159,fly,0.825,ok,2601,0,0,192.00,268222464,368807936,114090264,95883264,18123768,2904,11174640,22132800,958,3434,3434,0,0,0,0,0,0,0,0,0.062,0.066,0.000,0,0,0,3434,3434,0,0
travel,16.158,387.7,402.679,402.679,fly,0.920,ok,2601,0,0,192.00,268222464,368807936,114090264,95883264,18123768,2904,11174640,22132800,958,3434,3434,0,0,0,0,0,0,0,0,0.135,0.072,0.000,0,0,0,3434,3434,0,0
travel,16.188,388.5,403.189,403.189,fly,0.819,ok,2601,0,0,192.00,268288000,368807936,114090264,95883264,18123768,2904,11174640,22132800,958,3434,3434,0,0,0,0,0,0,0,0,0.062,0.063,0.000,0,0,0,3434,3434,0,0
travel,16.219,389.2,403.706,403.706,fly,0.824,ok,2601,0,0,192.00,268288000,368807936,114090264,95883264,18123768,2904,7449760,22132800,958,3434,3434,0,0,0,0,0,0,0,0,0.062,0.067,0.000,0,0,0,3434,3434,0,0
travel,16.249,389.9,404.218,404.218,fly,0.821,ok,2601,0,0,192.00,268288000,368807936,114090264,95883264,18123768,2904,7449760,22132800,958,3434,3434,0,0,0,0,0,0,0,0,0.062,0.064,0.000,0,0,0,3434,3434,0,0
travel,16.280,390.7,404.736,404.736,fly,0.823,ok,2601,0,0,192.00,268288000,368807936,114090264,95883264,18123768,2904,7449760,22132800,958,3434,3434,0,0,0,0,0,0,0,0,0.062,0.065,0.000,0,0,0,3434,3434,0,0
travel,16.310,391.4,405.249,405.249,fly,0.798,ok,2601,0,0,192.00,268288000,368807936,114090264,95883264,18123768,2904,7449760,22132800,958,3434,3434,0,0,0,0,0,0,0,0,0.061,0.062,0.000,0,0,0,3434,3434,0,0
travel,16.340,392.1,405.761,405.761,fly,0.820,ok,2601,0,0,192.00,268288000,368807936,114090264,95883264,18123768,2904,7449760,22132800,958,3434,3434,0,0,0,0,0,0,0,0,0.061,0.064,0.000,0,0,0,3434,3434,0,0
travel,16.370,392.8,406.270,406.270,fly,0.856,ok,2601,0,0,192.00,268288000,368807936,114090264,95883264,18123768,2904,7449760,22132800,958,3434,3434,0,0,0,0,0,0,0,0,0.062,0.074,0.000,0,0,0,3434,3434,0,0
travel,16.400,393.5,406.781,406.781,fly,0.813,ok,2601,0,0,192.00,268288000,368807936,114090264,95883264,18123768,2904,7449760,22132800,958,3434,3434,0,0,0,0,0,0,0,0,0.061,0.061,0.000,0,0,0,3434,3434,0,0
travel,16.430,394.3,407.290,407.290,fly,0.818,ok,2601,0,0,192.00,268288000,368807936,114090264,95883264,18123768,2904,7449760,22132800,958,3434,3434,0,0,0,0,0,0,0,0,0.061,0.066,0.000,0,0,0,3434,3434,0,0
travel,16.460,395.0,407.804,407.804,fly,0.817,ok,2601,0,0,192.00,268288000,368807936,114090264,95883264,18123768,2904,7449760,22132800,958,3434,3434,0,0,0,0,0,0,0,0,0.060,0.065,0.000,0,0,0,3434,3434,0,0
travel,16.499,395.9,408.456,408.456,fly,0.825,ok,2601,0,0,192.00,269144064,369332224,114090264,95883264,18123768,2904,11174640,22132800,958,3535,3535,0,0,0,0,0,0,0,0,0.063,0.068,0.000,0,0,0,3535,3535,0,0
travel,16.529,396.6,408.966,408.966,fly,1.209,ok,2601,0,0,192.00,269144064,369332224,114090264,95883264,18123768,2904,11174640,22132800,958,3535,3535,0,0,0,0,0,0,0,0,0.412,0.065,0.000,0,0,0,3535,3535,0,0
travel,16.559,397.4,409.482,409.482,fly,0.818,ok,2601,0,0,192.00,269144064,369332224,114090264,95883264,18123768,2904,11174640,22132800,958,3535,3535,0,0,0,0,0,0,0,0,0.062,0.063,0.000,0,0,0,3535,3535,0,0
travel,16.590,398.1,409.995,409.995,fly,0.922,ok,2601,0,0,192.00,269144064,369332224,114090264,95883264,18123768,2904,11174640,22132800,958,3535,3535,0,0,0,0,0,0,0,0,0.072,0.106,0.000,0,0,0,3535,3535,0,0
travel,16.620,398.8,410.505,410.505,fly,0.814,ok,2601,0,0,192.00,269144064,369332224,114090264,95883264,18123768,2904,11174640,22132800,958,3535,3535,0,0,0,0,0,0,0,0,0.062,0.063,0.000,0,0,0,3535,3535,0,0
travel,16.650,399.6,411.025,411.025,fly,0.807,ok,2601,0,0,192.00,269144064,369332224,114090264,95883264,18123768,2904,11174640,22132800,958,3535,3535,0,0,0,0,0,0,0,0,0.061,0.064,0.000,0,0,0,3535,3535,0,0
travel,16.681,400.3,411.537,411.537,fly,0.803,ok,2601,0,0,192.00,269144064,369332224,114090264,95883264,18123768,2904,7449760,22132800,958,3535,3535,0,0,0,0,0,0,0,0,0.061,0.065,0.000,0,0,0,3535,3535,0,0
travel,16.711,401.0,412.049,412.049,fly,0.810,ok,2601,0,0,192.00,269144064,369332224,114090264,95883264,18123768,2904,7449760,22132800,958,3535,3535,0,0,0,0,0,0,0,0,0.062,0.065,0.000,0,0,0,3535,3535,0,0
travel,16.741,401.7,412.558,412.558,fly,0.803,ok,2601,0,0,192.00,269144064,369332224,114090264,95883264,18123768,2904,7449760,22132800,958,3535,3535,0,0,0,0,0,0,0,0,0.061,0.065,0.000,0,0,0,3535,3535,0,0
travel,16.771,402.4,413.069,413.069,fly,0.823,ok,2601,0,0,192.00,269144064,369332224,114090264,95883264,18123768,2904,7449760,22132800,958,3535,3535,0,0,0,0,0,0,0,0,0.062,0.065,0.000,0,0,0,3535,3535,0,0
travel,16.801,403.2,413.578,413.578,fly,0.822,ok,2601,0,0,192.00,269144064,369332224,114090264,95883264,18123768,2904,7449760,22132800,958,3535,3535,0,0,0,0,0,0,0,0,0.061,0.064,0.000,0,0,0,3535,3535,0,0
travel,16.831,403.9,414.089,414.089,fly,0.818,ok,2601,0,0,192.00,269144064,369332224,114090264,95883264,18123768,2904,7449760,22132800,958,3535,3535,0,0,0,0,0,0,0,0,0.061,0.063,0.000,0,0,0,3535,3535,0,0
travel,16.861,404.6,414.598,414.598,fly,0.843,ok,2601,0,0,192.00,269144064,369332224,114090264,95883264,18123768,2904,7449760,22132800,958,3535,3535,0,0,0,0,0,0,0,0,0.061,0.069,0.000,0,0,0,3535,3535,0,0
travel,16.891,405.3,415.114,415.114,fly,0.906,ok,2601,0,0,192.00,269144064,369332224,114090264,95883264,18123768,2904,7449760,22132800,958,3535,3535,0,0,0,0,0,0,0,0,0.071,0.108,0.000,0,0,0,3535,3535,0,0
travel,16.922,406.1,415.624,415.624,fly,0.827,ok,2601,0,0,192.00,269144064,369332224,114090264,95883264,18123768,2904,7449760,22132800,958,3535,3535,0,0,0,0,0,0,0,0,0.062,0.063,0.000,0,0,0,3535,3535,0,0
travel,16.959,407.0,416.264,416.264,fly,0.822,ok,2601,0,0,192.00,269856768,370380800,114090264,95883264,18123768,2904,11174640,22132800,958,3636,3636,0,0,0,0,0,0,0,0,0.062,0.062,0.000,0,0,0,3636,3636,0,0
travel,16.989,407.7,416.775,416.775,fly,0.836,ok,2601,0,0,192.00,269856768,370380800,114090264,95883264,18123768,2904,11174640,22132800,958,3636,3636,0,0,0,0,0,0,0,0,0.065,0.081,0.000,0,0,0,3636,3636,0,0
travel,17.020,408.4,417.288,417.288,fly,0.819,ok,2601,0,0,192.00,269856768,370380800,114090264,95883264,18123768,2904,11174640,22132800,958,3636,3636,0,0,0,0,0,0,0,0,0.064,0.066,0.000,0,0,0,3636,3636,0,0
travel,17.050,409.1,417.797,417.797,fly,0.816,ok,2601,0,0,192.00,269856768,370380800,114090264,95883264,18123768,2904,11174640,22132800,958,3636,3636,0,0,0,0,0,0,0,0,0.062,0.063,0.000,0,0,0,3636,3636,0,0
travel,17.080,409.9,418.313,418.313,fly,0.803,ok,2601,0,0,192.00,269856768,370380800,114090264,95883264,18123768,2904,11174640,22132800,958,3636,3636,0,0,0,0,0,0,0,0,0.062,0.064,0.000,0,0,0,3636,3636,0,0
travel,17.110,410.6,418.822,418.822,fly,0.792,ok,2601,0,0,192.00,269856768,370380800,114090264,95883264,18123768,2904,11174640,22132800,958,3636,3636,0,0,0,0,0,0,0,0,0.061,0.062,0.000,0,0,0,3636,3636,0,0
travel,17.140,411.3,419.334,419.334,fly,0.803,ok,2601,0,0,192.00,269856768,370380800,114090264,95883264,18123768,2904,11174640,22132800,958,3636,3636,0,0,0,0,0,0,0,0,0.062,0.064,0.000,0,0,0,3636,3636,0,0
travel,17.170,412.0,419.843,419.843,fly,0.832,ok,2601,0,0,192.00,269856768,370380800,114090264,95883264,18123768,2904,11174640,22132800,958,3636,3636,0,0,0,0,0,0,0,0,0.065,0.066,0.000,0,0,0,3636,3636,0,0
travel,17.200,412.7,420.352,420.352,fly,0.828,ok,2601,0,0,192.00,269856768,370380800,114090264,95883264,18123768,2904,7449760,22132800,958,3636,3636,0,0,0,0,0,0,0,0,0.061,0.068,0.000,0,0,0,3636,3636,0,0
travel,17.230,413.5,420.863,420.863,fly,0.807,ok,2601,0,0,192.00,269856768,370380800,114090264,95883264,18123768,2904,7449760,22132800,958,3636,3636,0,0,0,0,0,0,0,0,0.061,0.065,0.000,0,0,0,3636,3636,0,0
travel,17.261,414.2,421.374,421.374,fly,0.802,ok,2601,0,0,192.00,269856768,370380800,114090264,95883264,18123768,2904,7449760,22132800,958,3636,3636,0,0,0,0,0,0,0,0,0.061,0.063,0.000,0,0,0,3636,3636,0,0
travel,17.291,414.9,421.885,421.885,fly,0.808,ok,2601,0,0,192.00,269856768,370380800,114090264,95883264,18123768,2904,7449760,22132800,958,3636,3636,0,0,0,0,0,0,0,0,0.060,0.064,0.000,0,0,0,3636,3636,0,0
travel,17.321,415.6,422.398,422.398,fly,0.820,ok,2601,0,0,192.00,269856768,370380800,114090264,95883264,18123768,2904,7449760,22132800,958,3636,3636,0,0,0,0,0,0,0,0,0.060,0.064,0.000,0,0,0,3636,3636,0,0
travel,17.351,416.4,422.907,422.907,fly,0.820,ok,2601,0,0,192.00,269856768,370380800,114090264,95883264,18123768,2904,7449760,22132800,958,3636,3636,0,0,0,0,0,0,0,0,0.061,0.067,0.000,0,0,0,3636,3636,0,0
travel,17.381,417.1,423.419,423.419,fly,0.819,ok,2601,0,0,192.00,269856768,370380800,114090264,95883264,18123768,2904,7449760,22132800,958,3636,3636,0,0,0,0,0,0,0,0,0.061,0.065,0.000,0,0,0,3636,3636,0,0
travel,17.411,417.8,423.928,423.928,fly,0.861,ok,2601,0,0,192.00,269856768,370380800,114090264,95883264,18123768,2904,7449760,22132800,958,3636,3636,0,0,0,0,0,0,0,0,0.062,0.080,0.000,0,0,0,3636,3636,0,0
travel,17.450,418.7,424.586,424.586,fly,0.820,ok,2601,0,0,192.00,270700544,370909184,114090264,95883264,18123768,2904,11174640,22132800,958,3737,3737,0,0,0,0,0,0,0,0,0.062,0.071,0.000,0,0,0,3737,3737,0,0
travel,17.480,419.4,425.096,425.096,fly,0.810,ok,2601,0,0,192.00,270700544,370909184,114090264,95883264,18123768,2904,11174640,22132800,958,3737,3737,0,0,0,0,0,0,0,0,0.062,0.061,0.000,0,0,0,3737,3737,0,0
travel,17.510,420.2,425.605,425.605,fly,0.826,ok,2601,0,0,192.00,270704640,370974720,114090264,95883264,18123768,2904,11174640,22132800,958,3737,3737,0,0,0,0,0,0,0,0,0.067,0.065,0.000,0,0,0,3737,3737,0,0
travel,17.540,420.9,426.119,426.119,fly,0.937,ok,2601,0,0,192.00,270704640,370974720,114090264,95883264,18123768,2904,11174640,22132800,958,3737,3737,0,0,0,0,0,0,0,0,0.065,0.086,0.000,0,0,0,3737,3737,0,0
travel,17.570,421.6,426.630,426.630,fly,0.941,ok,2601,0,0,192.00,270704640,370974720,114090264,95883264,18123768,2904,11174640,22132800,958,3737,3737,0,0,0,0,0,0,0,0,0.167,0.061,0.000,0,0,0,3737,3737,0,0
travel,17.600,422.3,427.139,427.139,fly,0.812,ok,2601,0,0,192.00,270704640,370974720,114090264,95883264,18123768,2904,11174640,22132800,958,3737,3737,0,0,0,0,0,0,0,0,0.062,0.063,0.000,0,0,0,3737,3737,0,0
travel,17.631,423.1,427.653,427.653,fly,1.027,ok,2601,0,0,192.00,270704640,370974720,114090264,95883264,18123768,2904,11174640,22132800,958,3737,3737,0,0,0,0,0,0,0,0,0.147,0.109,0.000,0,0,0,3737,3737,0,0
travel,17.661,423.8,428.165,428.165,fly,0.812,ok,2601,0,0,192.00,270704640,370974720,114090264,95883264,18123768,2904,7449760,22132800,958,3737,3737,0,0,0,0,0,0,0,0,0.062,0.066,0.000,0,0,0,3737,3737,0,0
travel,17.691,424.5,428.674,428.674,fly,0.811,ok,2601,0,0,192.00,270704640,370974720,114090264,95883264,18123768,2904,7449760,22132800,958,3737,3737,0,0,0,0,0,0,0,0,0.062,0.064,0.000,0,0,0,3737,3737,0,0
travel,17.721,425.2,429.183,429.183,fly,0.814,ok,2601,0,0,192.00,270704640,370974720,114090264,95883264,18123768,2904,7449760,22132800,958,3737,3737,0,0,0,0,0,0,0,0,0.061,0.063,0.000,0,0,0,3737,3737,0,0
travel,17.751,425.9,429.692,429.692,fly,0.813,ok,2601,0,0,192.00,270704640,370974720,114090264,95883264,18123768,2904,7449760,22132800,958,3737,3737,0,0,0,0,0,0,0,0,0.061,0.066,0.000,0,0,0,3737,3737,0,0
travel,17.781,426.7,430.205,430.205,fly,0.847,ok,2601,0,0,192.00,270704640,370974720,114090264,95883264,18123768,2904,7449760,22132800,958,3737,3737,0,0,0,0,0,0,0,0,0.061,0.071,0.000,0,0,0,3737,3737,0,0
travel,17.811,427.4,430.718,430.718,fly,0.817,ok,2601,0,0,192.00,270704640,370974720,114090264,95883264,18123768,2904,7449760,22132800,958,3737,3737,0,0,0,0,0,0,0,0,0.062,0.066,0.000,0,0,0,3737,3737,0,0
travel,17.841,428.1,431.227,431.227,fly,0.799,ok,2601,0,0,192.00,270704640,370974720,114090264,95883264,18123768,2904,7449760,22132800,958,3737,3737,0,0,0,0,0,0,0,0,0.061,0.062,0.000,0,0,0,3737,3737,0,0
travel,17.872,428.8,431.742,431.742,fly,0.817,ok,2601,0,0,192.00,270704640,370974720,114090264,95883264,18123768,2904,7449760,22132800,958,3737,3737,0,0,0,0,0,0,0,0,0.061,0.065,0.000,0,0,0,3737,3737,0,0
travel,17.909,429.8,432.379,432.379,fly,0.827,ok,2601,0,0,192.00,271491072,372023296,114090264,95883264,18123768,2904,11174640,22132800,958,3838,3838,0,0,0,0,0,0,0,0,0.064,0.069,0.000,0,0,0,3838,3838,0,0
travel,17.939,430.5,432.888,432.888,fly,0.817,ok,2601,0,0,192.00,271491072,372023296,114090264,95883264,18123768,2904,11174640,22132800,958,3838,3838,0,0,0,0,0,0,0,0,0.062,0.067,0.000,0,0,0,3838,3838,0,0
travel,17.970,431.2,433.404,433.404,fly,0.812,ok,2601,0,0,192.00,271491072,372023296,114090264,95883264,18123768,2904,11174640,22132800,958,3838,3838,0,0,0,0,0,0,0,0,0.062,0.065,0.000,0,0,0,3838,3838,0,0
travel,18.000,431.9,433.922,433.922,fly,0.982,ok,2601,0,0,192.00,271491072,372023296,114090264,95883264,18123768,2904,11174640,22132800,958,3838,3838,0,0,0,0,0,0,0,0,0.069,0.214,0.000,0,0,0,3838,3838,0,0
travel,18.034,432.7,434.491,434.491,fly,0.838,ok,2601,0,0,192.00,271491072,372023296,114090264,95883264,18123768,2904,11174640,22132800,958,3838,3838,0,0,0,0,0,0,0,0,0.062,0.071,0.000,0,0,0,3838,3838,0,0
travel,18.064,433.5,435.001,435.001,fly,0.847,ok,2601,0,0,192.00,271491072,372023296,114090264,95883264,18123768,2904,11174640,22132800,958,3838,3838,0,0,0,0,0,0,0,0,0.063,0.067,0.000,0,0,0,3838,3838,0,0
travel,18.094,434.2,435.509,435.509,fly,0.806,ok,2601,0,0,192.00,271491072,372023296,114090264,95883264,18123768,2904,11174640,22132800,958,3838,3838,0,0,0,0,0,0,0,0,0.062,0.065,0.000,0,0,0,3838,3838,0,0
travel,18.124,434.9,436.020,436.020,fly,0.854,ok,2601,0,0,192.00,271491072,372023296,114090264,95883264,18123768,2904,7449760,22132800,958,3838,3838,0,0,0,0,0,0,0,0,0.065,0.070,0.000,0,0,0,3838,3838,0,0
travel,18.154,435.6,436.530,436.530,fly,0.808,ok,2601,0,0,192.00,271491072,372023296,114090264,95883264,18123768,2904,7449760,22132800,958,3838,3838,0,0,0,0,0,0,0,0,0.061,0.070,0.000,0,0,0,3838,3838,0,0
travel,18.184,436.3,437.039,437.039,fly,0.812,ok,2601,0,0,192.00,271491072,372023296,114090264,95883264,18123768,2904,7449760,22132800,958,3838,3838,0,0,0,0,0,0,0,0,0.062,0.064,0.000,0,0,0,3838,3838,0,0
travel,18.214,437.1,437.551,437.551,fly,0.828,ok,2601,0,0,192.00,271491072,372023296,114090264,95883264,18123768,2904,7449760,22132800,958,3838,3838,0,0,0,0,0,0,0,0,0.064,0.074,0.000,0,0,0,3838,3838,0,0
travel,18.244,437.8,438.063,438.063,fly,0.809,ok,2601,0,0,192.00,271491072,372023296,114090264,95883264,18123768,2904,7449760,22132800,958,3838,3838,0,0,0,0,0,0,0,0,0.061,0.064,0.000,0,0,0,3838,3838,0,0
travel,18.275,438.5,438.573,438.573,fly,0.812,ok,2601,0,0,192.00,271491072,372023296,114090264,95883264,18123768,2904,7449760,22132800,958,3838,3838,0,0,0,0,0,0,0,0,0.062,0.067,0.000,0,0,0,3838,3838,0,0
travel,18.305,439.2,439.092,439.092,fly,0.811,ok,2601,0,0,192.00,271491072,372023296,114090264,95883264,18123768,2904,7449760,22132800,958,3838,3838,0,0,0,0,0,0,0,0,0.064,0.064,0.000,0,0,0,3838,3838,0,0
travel,18.335,440.0,439.605,439.605,fly,0.861,ok,2601,0,0,192.00,271491072,372023296,114090264,95883264,18123768,2904,7449760,22132800,958,3838,3838,0,0,0,0,0,0,0,0,0.063,0.074,0.000,0,0,0,3838,3838,0,0
travel,18.374,440.9,440.258,440.258,fly,0.816,ok,2601,0,0,192.00,272343040,374648832,114090264,95883264,18123768,2904,11174640,22132800,958,3939,3939,0,0,0,0,0,0,0,0,0.061,0.062,0.000,0,0,0,3939,3939,0,0
travel,18.404,441.6,440.772,440.772,fly,0.812,ok,2601,0,0,192.00,272343040,374648832,114090264,95883264,18123768,2904,11174640,22132800,958,3939,3939,0,0,0,0,0,0,0,0,0.063,0.062,0.000,0,0,0,3939,3939,0,0
travel,18.434,442.3,441.282,441.282,fly,0.885,ok,2601,0,0,192.00,272343040,374648832,114090264,95883264,18123768,2904,11174640,22132800,958,3939,3939,0,0,0,0,0,0,0,0,0.140,0.063,0.000,0,0,0,3939,3939,0,0
travel,18.464,443.1,441.795,441.795,fly,0.840,ok,2601,0,0,192.00,272343040,374648832,114090264,95883264,18123768,2904,11174640,22132800,958,3939,3939,0,0,0,0,0,0,0,0,0.063,0.069,0.000,0,0,0,3939,3939,0,0
travel,18.495,443.8,442.305,442.305,fly,0.819,ok,2601,0,0,192.00,272343040,374648832,114090264,95883264,18123768,2904,11174640,22132800,958,3939,3939,0,0,0,0,0,0,0,0,0.063,0.064,0.000,0,0,0,3939,3939,0,0
travel,18.525,444.5,442.823,442.823,fly,0.816,ok,2601,0,0,192.00,272343040,374648832,114090264,95883264,18123768,2904,11174640,22132800,958,3939,3939,0,0,0,0,0,0,0,0,0.062,0.067,0.000,0,0,0,3939,3939,0,0
travel,18.556,445.3,443.344,443.344,fly,0.818,ok,2601,0,0,192.00,272343040,374648832,114090264,95883264,18123768,2904,11174640,22132800,958,3939,3939,0,0,0,0,0,0,0,0,0.065,0.065,0.000,0,0,0,3939,3939,0,0
travel,18.586,446.0,443.853,443.853,fly,0.809,ok,2601,0,0,192.00,272343040,374648832,114090264,95883264,18123768,2904,11174640,22132800,958,3939,3939,0,0,0,0,0,0,0,0,0.062,0.064,0.000,0,0,0,3939,3939,0,0
travel,18.616,446.7,444.369,444.369,fly,0.809,ok,2601,0,0,192.00,272343040,374648832,114090264,95883264,18123768,2904,7449760,22132800,958,3939,3939,0,0,0,0,0,0,0,0,0.062,0.063,0.000,0,0,0,3939,3939,0,0
travel,18.646,447.4,444.878,444.878,fly,0.848,ok,2601,0,0,192.00,272343040,374648832,114090264,95883264,18123768,2904,7449760,22132800,958,3939,3939,0,0,0,0,0,0,0,0,0.063,0.073,0.000,0,0,0,3939,3939,0,0
travel,18.677,448.2,445.397,445.397,fly,0.811,ok,2601,0,0,192.00,272343040,374648832,114090264,95883264,18123768,2904,7449760,22132800,958,3939,3939,0,0,0,0,0,0,0,0,0.063,0.064,0.000,0,0,0,3939,3939,0,0
travel,18.708,448.9,445.928,445.928,fly,0.812,ok,2601,0,0,192.00,272343040,374648832,114090264,95883264,18123768,2904,7449760,22132800,958,3939,3939,0,0,0,0,0,0,0,0,0.063,0.066,0.000,0,0,0,3939,3939,0,0
travel,18.738,449.6,446.439,446.439,fly,0.819,ok,2601,0,0,192.00,272343040,374648832,114090264,95883264,18123768,2904,7449760,22132800,958,3939,3939,0,0,0,0,0,0,0,0,0.061,0.066,0.000,0,0,0,3939,3939,0,0
travel,18.769,450.4,446.953,446.953,fly,0.815,ok,2601,0,0,192.00,272343040,374648832,114090264,95883264,18123768,2904,7449760,22132800,958,3939,3939,0,0,0,0,0,0,0,0,0.062,0.065,0.000,0,0,0,3939,3939,0,0
travel,18.799,451.1,447.465,447.465,fly,0.825,ok,2601,0,0,192.00,272343040,374648832,114090264,95883264,18123768,2904,7449760,22132800,958,3939,3939,0,0,0,0,0,0,0,0,0.061,0.071,0.000,0,0,0,3939,3939,0,0
travel,18.829,451.8,447.976,447.976,fly,0.817,ok,2601,0,0,192.00,272343040,374648832,114090264,95883264,18123768,2904,7449760,22132800,958,3939,3939,0,0,0,0,0,0,0,0,0.062,0.067,0.000,0,0,0,3939,3939,0,0
travel,18.866,452.7,448.612,448.612,fly,0.805,ok,2601,0,0,192.00,272871424,375177216,114090264,95883264,18123768,2904,11174640,22132800,958,4040,4040,0,0,0,0,0,0,0,0,0.063,0.064,0.000,0,0,0,4040,4040,0,0
travel,18.896,453.4,449.123,449.123,fly,0.821,ok,2601,0,0,192.00,272871424,375177216,114090264,95883264,18123768,2904,11174640,22132800,958,4040,4040,0,0,0,0,0,0,0,0,0.063,0.065,0.000,0,0,0,4040,4040,0,0
travel,18.927,454.2,449.640,449.640,fly,0.817,ok,2601,0,0,192.00,272871424,375177216,114090264,95883264,18123768,2904,11174640,22132800,958,4040,4040,0,0,0,0,0,0,0,0,0.063,0.064,0.000,0,0,0,4040,4040,0,0
travel,18.957,454.9,450.152,450.152,fly,0.811,ok,2601,0,0,192.00,272871424,375177216,114090264,95883264,18123768,2904,11174640,22132800,958,4040,4040,0,0,0,0,0,0,0,0,0.062,0.063,0.000,0,0,0,4040,4040,0,0
travel,18.987,455.6,450.662,450.662,fly,0.819,ok,2601,0,0,192.00,272871424,375177216,114090264,95883264,18123768,2904,11174640,22132800,958,4040,4040,0,0,0,0,0,0,0,0,0.065,0.065,0.000,0,0,0,4040,4040,0,0
travel,19.018,456.3,451.178,451.178,fly,0.845,ok,2601,0,0,192.00,272871424,375177216,114090264,95883264,18123768,2904,11174640,22132800,958,4040,4040,0,0,0,0,0,0,0,0,0.065,0.074,0.000,0,0,0,4040,4040,0,0
travel,19.048,457.1,451.687,451.687,fly,0.812,ok,2601,0,0,192.00,272871424,375177216,114090264,95883264,18123768,2904,11174640,22132800,958,4040,4040,0,0,0,0,0,0,0,0,0.061,0.064,0.000,0,0,0,4040,4040,0,0
travel,19.078,457.8,452.196,452.196,fly,0.823,ok,2601,0,0,192.00,272871424,375177216,114090264,95883264,18123768,2904,7449760,22132800,958,4040,4040,0,0,0,0,0,0,0,0,0.065,0.065,0.000,0,0,0,4040,4040,0,0
travel,19.108,458.5,452.708,452.708,fly,0.818,ok,2601,0,0,192.00,272871424,375177216,114090264,95883264,18123768,2904,7449760,22132800,958,4040,4040,0,0,0,0,0,0,0,0,0.062,0.066,0.000,0,0,0,4040,4040,0,0
travel,19.138,459.2,453.217,453.217,fly,0.837,ok,2601,0,0,192.00,272871424,375177216,114090264,95883264,18123768,2904,7449760,22132800,958,4040,4040,0,0,0,0,0,0,0,0,0.062,0.071,0.000,0,0,0,4040,4040,0,0
travel,19.168,459.9,453.726,453.726,fly,0.810,ok,2601,0,0,192.00,272871424,375177216,114090264,95883264,18123768,2904,7449760,22132800,958,4040,4040,0,0,0,0,0,0,0,0,0.061,0.065,0.000,0,0,0,4040,4040,0,0
travel,19.198,460.7,454.237,454.237,fly,0.811,ok,2601,0,0,192.00,272871424,375177216,114090264,95883264,18123768,2904,7449760,22132800,958,4040,4040,0,0,0,0,0,0,0,0,0.062,0.067,0.000,0,0,0,4040,4040,0,0
travel,19.228,461.4,454.748,454.748,fly,0.829,ok,2601,0,0,192.00,272871424,375177216,114090264,95883264,18123768,2904,7449760,22132800,958,4040,4040,0,0,0,0,0,0,0,0,0.061,0.066,0.000,0,0,0,4040,4040,0,0
travel,19.259,462.1,455.266,455.266,fly,0.811,ok,2601,0,0,192.00,272871424,375177216,114090264,95883264,18123768,2904,7449760,22132800,958,4040,4040,0,0,0,0,0,0,0,0,0.060,0.066,0.000,0,0,0,4040,4040,0,0
travel,19.289,462.8,455.782,455.782,fly,0.814,ok,2601,0,0,192.00,272871424,375177216,114090264,95883264,18123768,2904,7449760,22132800,958,4040,4040,0,0,0,0,0,0,0,0,0.062,0.064,0.000,0,0,0,4040,4040,0,0
travel,19.327,463.8,456.429,456.429,fly,0.815,ok,2601,0,0,192.00,274006016,376291328,114090264,95883264,18123768,2904,11174640,22132800,958,4141,4141,0,0,0,0,0,0,0,0,0.062,0.064,0.000,0,0,0,4141,4141,0,0
travel,19.358,464.5,456.948,456.948,fly,0.822,ok,2601,0,0,192.00,274006016,376291328,114090264,95883264,18123768,2904,11174640,22132800,958,4141,4141,0,0,0,0,0,0,0,0,0.063,0.066,0.000,0,0,0,4141,4141,0,0
travel,19.388,465.2,457.457,457.457,fly,0.815,ok,2601,0,0,192.00,274006016,376291328,114090264,95883264,18123768,2904,11174640,22132800,958,4141,4141,0,0,0,0,0,0,0,0,0.062,0.066,0.000,0,0,0,4141,4141,0,0
travel,19.418,465.9,457.966,457.966,fly,0.815,ok,2601,0,0,192.00,274006016,376291328,114090264,95883264,18123768,2904,11174640,22132800,958,4141,4141,0,0,0,0,0,0,0,0,0.064,0.065,0.000,0,0,0,4141,4141,0,0
travel,19.448,466.7,458.480,458.480,fly,0.929,ok,2601,0,0,192.00,274006016,376291328,114090264,95883264,18123768,2904,11174640,22132800,958,4141,4141,0,0,0,0,0,0,0,0,0.070,0.109,0.000,0,0,0,4141,4141,0,0
travel,19.478,467.4,458.994,458.994,fly,0.820,ok,2601,0,0,192.00,274006016,376291328,114090264,95883264,18123768,2904,11174640,22132800,958,4141,4141,0,0,0,0,0,0,0,0,0.062,0.066,0.000,0,0,0,4141,4141,0,0
travel,19.508,468.1,459.502,459.502,fly,0.796,ok,2601,0,0,192.00,274006016,376291328,114090264,95883264,18123768,2904,11174640,22132800,958,4141,4141,0,0,0,0,0,0,0,0,0.062,0.065,0.000,0,0,0,4141,4141,0,0
travel,19.539,468.8,460.017,460.017,fly,0.943,ok,2601,0,0,192.00,274006016,376291328,114090264,95883264,18123768,2904,7449760,22132800,958,4141,4141,0,0,0,0,0,0,0,0,0.062,0.191,0.000,0,0,0,4141,4141,0,0
travel,19.569,469.6,460.529,460.529,fly,0.816,ok,2601,0,0,192.00,274006016,376291328,114090264,95883264,18123768,2904,7449760,22132800,958,4141,4141,0,0,0,0,0,0,0,0,0.062,0.066,0.000,0,0,0,4141,4141,0,0
travel,19.599,470.3,461.038,461.038,fly,0.822,ok,2601,0,0,192.00,274006016,376291328,114090264,95883264,18123768,2904,7449760,22132800,958,4141,4141,0,0,0,0,0,0,0,0,0.063,0.066,0.000,0,0,0,4141,4141,0,0
travel,19.629,471.0,461.548,461.548,fly,0.812,ok,2601,0,0,192.00,274006016,376291328,114090264,95883264,18123768,2904,7449760,22132800,958,4141,4141,0,0,0,0,0,0,0,0,0.062,0.064,0.000,0,0,0,4141,4141,0,0
travel,19.660,471.7,462.071,462.071,fly,0.813,ok,2601,0,0,192.00,274006016,376291328,114090264,95883264,18123768,2904,7449760,22132800,958,4141,4141,0,0,0,0,0,0,0,0,0.062,0.064,0.000,0,0,0,4141,4141,0,0
travel,19.690,472.5,462.584,462.584,fly,0.809,ok,2601,0,0,192.00,274006016,376291328,114090264,95883264,18123768,2904,7449760,22132800,958,4141,4141,0,0,0,0,0,0,0,0,0.061,0.060,0.000,0,0,0,4141,4141,0,0
travel,19.720,473.2,463.094,463.094,fly,0.829,ok,2601,0,0,192.00,274006016,376291328,114090264,95883264,18123768,2904,7449760,22132800,958,4141,4141,0,0,0,0,0,0,0,0,0.061,0.066,0.000,0,0,0,4141,4141,0,0
travel,19.750,473.9,463.603,463.603,fly,1.407,ok,2601,0,0,192.00,274006016,376291328,114090264,95883264,18123768,2904,7449760,22132800,958,4141,4141,0,0,0,0,0,0,0,0,0.645,0.063,0.000,0,0,0,4141,4141,0,0
travel,19.789,474.8,464.256,464.256,fly,0.826,ok,2601,0,0,192.00,275075072,377344000,114090264,95883264,18123768,2904,11174640,22132800,958,4242,4242,0,0,0,0,0,0,0,0,0.063,0.066,0.000,0,0,0,4242,4242,0,0
travel,19.819,475.6,464.771,464.771,fly,0.823,ok,2601,0,0,192.00,275075072,377344000,114090264,95883264,18123768,2904,11174640,22132800,958,4242,4242,0,0,0,0,0,0,0,0,0.062,0.065,0.000,0,0,0,4242,4242,0,0
travel,19.849,476.3,465.287,465.287,fly,0.816,ok,2601,0,0,192.00,275075072,377344000,114090264,95883264,18123768,2904,11174640,22132800,958,4242,4242,0,0,0,0,0,0,0,0,0.063,0.061,0.000,0,0,0,4242,4242,0,0
travel,19.879,477.0,465.796,465.796,fly,0.818,ok,2601,0,0,192.00,275075072,377344000,114090264,95883264,18123768,2904,11174640,22132800,958,4242,4242,0,0,0,0,0,0,0,0,0.061,0.066,0.000,0,0,0,4242,4242,0,0
travel,19.910,477.7,466.312,466.312,fly,0.816,ok,2601,0,0,192.00,275075072,377344000,114090264,95883264,18123768,2904,11174640,22132800,958,4242,4242,0,0,0,0,0,0,0,0,0.062,0.065,0.000,0,0,0,4242,4242,0,0
travel,19.940,478.5,466.826,466.826,fly,0.837,ok,2601,0,0,192.00,275075072,377344000,114090264,95883264,18123768,2904,11174640,22132800,958,4242,4242,0,0,0,0,0,0,0,0,0.063,0.069,0.000,0,0,0,4242,4242,0,0
travel,19.971,479.2,467.347,467.347,fly,0.808,ok,2601,0,0,192.00,275075072,377344000,114090264,95883264,18123768,2904,11174640,22132800,958,4242,4242,0,0,0,0,0,0,0,0,0.062,0.062,0.000,0,0,0,4242,4242,0,0
travel,20.001,479.9,467.863,467.863,fly,0.836,ok,2601,0,0,192.00,275075072,377344000,114090264,95883264,18123768,2904,11174640,22132800,958,4242,4242,0,0,0,0,0,0,0,0,0.063,0.070,0.000,0,0,0,4242,4242,0,0
travel,20.031,480.7,468.373,468.373,fly,0.812,ok,2601,0,0,192.00,275075072,377344000,114090264,95883264,18123768,2904,7449760,22132800,958,4242,4242,0,0,0,0,0,0,0,0,0.062,0.064,0.000,0,0,0,4242,4242,0,0
travel,20.061,481.4,468.882,468.882,fly,0.842,ok,2601,0,0,192.00,275075072,377344000,114090264,95883264,18123768,2904,7449760,22132800,958,4242,4242,0,0,0,0,0,0,0,0,0.061,0.073,0.000,0,0,0,4242,4242,0,0
travel,20.091,482.1,469.392,469.392,fly,0.810,ok,2601,0,0,192.00,275075072,377344000,114090264,95883264,18123768,2904,7449760,22132800,958,4242,4242,0,0,0,0,0,0,0,0,0.061,0.066,0.000,0,0,0,4242,4242,0,0
travel,20.121,482.8,469.901,469.901,fly,0.815,ok,2601,0,0,192.00,275075072,377344000,114090264,95883264,18123768,2904,7449760,22132800,958,4242,4242,0,0,0,0,0,0,0,0,0.063,0.067,0.000,0,0,0,4242,4242,0,0
travel,20.151,483.5,470.410,470.410,fly,0.810,ok,2601,0,0,192.00,275075072,377344000,114090264,95883264,18123768,2904,7449760,22132800,958,4242,4242,0,0,0,0,0,0,0,0,0.061,0.064,0.000,0,0,0,4242,4242,0,0
travel,20.182,484.3,470.930,470.930,fly,0.886,ok,2601,0,0,192.00,275075072,377344000,114090264,95883264,18123768,2904,7449760,22132800,958,4242,4242,0,0,0,0,0,0,0,0,0.130,0.066,0.000,0,0,0,4242,4242,0,0
travel,20.212,485.0,471.439,471.439,fly,0.819,ok,2601,0,0,192.00,275075072,377344000,114090264,95883264,18123768,2904,7449760,22132800,958,4242,4242,0,0,0,0,0,0,0,0,0.062,0.065,0.000,0,0,0,4242,4242,0,0
travel,20.242,485.7,471.953,471.953,fly,0.817,ok,2601,0,0,192.00,275075072,377344000,114090264,95883264,18123768,2904,7449760,22132800,958,4242,4242,0,0,0,0,0,0,0,0,0.062,0.065,0.000,0,0,0,4242,4242,0,0
travel,20.280,486.6,472.587,472.587,fly,0.812,ok,2601,0,0,192.00,275533824,377868288,114090264,95883264,18123768,2904,11174640,22132800,958,4343,4343,0,0,0,0,0,0,0,0,0.063,0.066,0.000,0,0,0,4343,4343,0,0
travel,20.310,487.3,473.098,473.098,fly,0.814,ok,2601,0,0,192.00,275533824,377868288,114090264,95883264,18123768,2904,11174640,22132800,958,4343,4343,0,0,0,0,0,0,0,0,0.062,0.064,0.000,0,0,0,4343,4343,0,0
travel,20.340,488.1,473.613,473.613,fly,0.813,ok,2601,0,0,192.00,275533824,377868288,114090264,95883264,18123768,2904,11174640,22132800,958,4343,4343,0,0,0,0,0,0,0,0,0.063,0.065,0.000,0,0,0,4343,4343,0,0
travel,20.370,488.8,474.123,474.123,fly,0.809,ok,2601,0,0,192.00,275533824,377868288,114090264,95883264,18123768,2904,11174640,22132800,958,4343,4343,0,0,0,0,0,0,0,0,0.061,0.062,0.000,0,0,0,4343,4343,0,0
travel,20.401,489.5,474.639,474.639,fly,0.864,ok,2601,0,0,192.00,275533824,377868288,114090264,95883264,18123768,2904,11174640,22132800,958,4343,4343,0,0,0,0,0,0,0,0,0.063,0.073,0.000,0,0,0,4343,4343,0,0
travel,20.431,490.2,475.148,475.148,fly,0.929,ok,2601,0,0,192.00,275533824,377868288,114090264,95883264,18123768,2904,11174640,22132800,958,4343,4343,0,0,0,0,0,0,0,0,0.073,0.109,0.000,0,0,0,4343,4343,0,0
travel,20.461,491.0,475.657,475.657,fly,0.811,ok,2601,0,0,192.00,275533824,377868288,114090264,95883264,18123768,2904,11174640,22132800,958,4343,4343,0,0,0,0,0,0,0,0,0.061,0.066,0.000,0,0,0,4343,4343,0,0
travel,20.491,491.7,476.171,476.171,fly,0.806,ok,2601,0,0,192.00,275533824,377868288,114090264,95883264,18123768,2904,7449760,22132800,958,4343,4343,0,0,0,0,0,0,0,0,0.062,0.065,0.000,0,0,0,4343,4343,0,0
travel,20.521,492.4,476.680,476.680,fly,0.808,ok,2601,0,0,192.00,275533824,377868288,114090264,95883264,18123768,2904,7449760,22132800,958,4343,4343,0,0,0,0,0,0,0,0,0.062,0.064,0.000,0,0,0,4343,4343,0,0
travel,20.551,493.1,477.189,477.189,fly,0.812,ok,2601,0,0,192.00,275533824,377868288,114090264,95883264,18123768,2904,7449760,22132800,958,4343,4343,0,0,0,0,0,0,0,0,0.062,0.067,0.000,0,0,0,4343,4343,0,0
travel,20.581,493.8,477.698,477.698,fly,0.846,ok,2601,0,0,192.00,275533824,377868288,114090264,95883264,18123768,2904,7449760,22132800,958,4343,4343,0,0,0,0,0,0,0,0,0.063,0.073,0.000,0,0,0,4343,4343,0,0
travel,20.611,494.6,478.209,478.209,fly,0.808,ok,2601,0,0,192.00,275533824,377868288,114090264,95883264,18123768,2904,7449760,22132800,958,4343,4343,0,0,0,0,0,0,0,0,0.061,0.064,0.000,0,0,0,4343,4343,0,0
travel,20.641,495.3,478.721,478.721,fly,0.809,ok,2601,0,0,192.00,275533824,377868288,114090264,95883264,18123768,2904,7449760,22132800,958,4343,4343,0,0,0,0,0,0,0,0,0.062,0.064,0.000,0,0,0,4343,4343,0,0
travel,20.671,496.0,479.230,479.230,fly,0.805,ok,2601,0,0,192.00,275533824,377868288,114090264,95883264,18123768,2904,7449760,22132800,958,4343,4343,0,0,0,0,0,0,0,0,0.061,0.062,0.000,0,0,0,4343,4343,0,0
travel,20.701,496.7,479.739,479.739,fly,0.809,ok,2601,0,0,192.00,275533824,377868288,114090264,95883264,18123768,2904,7449760,22132800,958,4343,4343,0,0,0,0,0,0,0,0,0.061,0.063,0.000,0,0,0,4343,4343,0,0
travel,20.739,497.6,480.383,480.383,fly,0.822,ok,2601,0,0,192.00,275714048,379969536,114090264,95883264,18123768,2904,11174640,22132800,958,4444,4444,0,0,0,0,0,0,0,0,0.063,0.065,0.000,0,0,0,4444,4444,0,0
travel,20.769,498.4,480.892,480.892,fly,0.834,ok,2601,0,0,192.00,275714048,379969536,114090264,95883264,18123768,2904,11174640,22132800,958,4444,4444,0,0,0,0,0,0,0,0,0.063,0.069,0.000,0,0,0,4444,4444,0,0
travel,20.800,499.1,481.410,481.410,fly,0.819,ok,2601,0,0,192.00,275714048,379969536,114090264,95883264,18123768,2904,11174640,22132800,958,4444,4444,0,0,0,0,0,0,0,0,0.063,0.067,0.000,0,0,0,4444,4444,0,0
travel,20.830,499.8,481.923,481.923,fly,0.911,ok,2601,0,0,192.00,275714048,379969536,114090264,95883264,18123768,2904,11174640,22132800,958,4444,4444,0,0,0,0,0,0,0,0,0.138,0.068,0.000,0,0,0,4444,4444,0,0
travel,20.861,500.6,482.443,482.443,fly,0.823,ok,2601,0,0,192.00,275714048,379969536,114090264,95883264,18123768,2904,11174640,22132800,958,4444,4444,0,0,0,0,0,0,0,0,0.063,0.064,0.000,0,0,0,4444,4444,0,0
travel,20.891,501.3,482.958,482.958,fly,0.812,ok,2601,0,0,192.00,275714048,379969536,114090264,95883264,18123768,2904,11174640,22132800,958,4444,4444,0,0,0,0,0,0,0,0,0.063,0.064,0.000,0,0,0,4444,4444,0,0
travel,20.921,502.0,483.467,483.467,fly,0.821,ok,2601,0,0,192.00,275714048,379969536,114090264,95883264,18123768,2904,11174640,22132800,958,4444,4444,0,0,0,0,0,0,0,0,0.062,0.066,0.000,0,0,0,4444,4444,0,0
travel,20.951,502.7,483.976,483.976,fly,0.817,ok,2601,0,0,192.00,275714048,379969536,114090264,95883264,18123768,2904,7449760,22132800,958,4444,4444,0,0,0,0,0,0,0,0,0.062,0.064,0.000,0,0,0,4444,4444,0,0
travel,20.981,503.4,484.487,484.487,fly,0.840,ok,2601,0,0,192.00,275714048,379969536,114090264,95883264,18123768,2904,7449760,22132800,958,4444,4444,0,0,0,0,0,0,0,0,0.063,0.068,0.000,0,0,0,4444,4444,0,0
travel,21.012,504.2,485.003,485.003,fly,0.875,ok,2601,0,0,192.00,275714048,379969536,114090264,95883264,18123768,2904,7449760,22132800,958,4444,4444,0,0,0,0,0,0,0,0,0.062,0.070,0.000,0,0,0,4444,4444,0,0
travel,21.042,504.9,485.520,485.520,fly,0.814,ok,2601,0,0,192.00,275714048,379969536,114090264,95883264,18123768,2904,7449760,22132800,958,4444,4444,0,0,0,0,0,0,0,0,0.063,0.063,0.000,0,0,0,4444,4444,0,0
travel,21.072,505.6,486.030,486.030,fly,0.821,ok,2601,0,0,192.00,275714048,379969536,114090264,95883264,18123768,2904,7449760,22132800,958,4444,4444,0,0,0,0,0,0,0,0,0.064,0.070,0.000,0,0,0,4444,4444,0,0
travel,21.103,506.3,486.542,486.542,fly,0.829,ok,2601,0,0,192.00,275714048,379969536,114090264,95883264,18123768,2904,7449760,22132800,958,4444,4444,0,0,0,0,0,0,0,0,0.061,0.066,0.000,0,0,0,4444,4444,0,0
travel,21.133,507.1,487.057,487.057,fly,0.814,ok,2601,0,0,192.00,275714048,379969536,114090264,95883264,18123768,2904,7449760,22132800,958,4444,4444,0,0,0,0,0,0,0,0,0.061,0.063,0.000,0,0,0,4444,4444,0,0
travel,21.163,507.8,487.566,487.566,fly,0.919,ok,2601,0,0,192.00,275714048,379969536,114090264,95883264,18123768,2904,7449760,22132800,958,4444,4444,0,0,0,0,0,0,0,0,0.153,0.066,0.000,0,0,0,4444,4444,0,0
travel,21.201,508.7,488.207,488.207,fly,0.915,ok,2601,0,0,192.00,275779584,380035072,114090264,95883264,18123768,2904,11174640,22132800,958,4545,4545,0,0,0,0,0,0,0,0,0.142,0.070,0.000,0,0,0,4545,4545,0,0
travel,21.231,509.4,488.715,488.715,fly,0.840,ok,2601,0,0,192.00,275779584,380035072,114090264,95883264,18123768,2904,11174640,22132800,958,4545,4545,0,0,0,0,0,0,0,0,0.064,0.082,0.000,0,0,0,4545,4545,0,0
travel,21.261,510.2,489.233,489.233,fly,0.888,ok,2601,0,0,192.00,275779584,380035072,114090264,95883264,18123768,2904,11174640,22132800,958,4545,4545,0,0,0,0,0,0,0,0,0.066,0.085,0.000,0,0,0,4545,4545,0,0
travel,21.291,510.9,489.744,489.744,fly,0.819,ok,2601,0,0,192.00,275779584,380035072,114090264,95883264,18123768,2904,11174640,22132800,958,4545,4545,0,0,0,0,0,0,0,0,0.062,0.063,0.000,0,0,0,4545,4545,0,0
travel,21.322,511.6,490.259,490.259,fly,0.848,ok,2601,0,0,192.00,275779584,380035072,114090264,95883264,18123768,2904,11174640,22132800,958,4545,4545,0,0,0,0,0,0,0,0,0.063,0.070,0.000,0,0,0,4545,4545,0,0
travel,21.352,512.3,490.776,490.776,fly,0.820,ok,2601,0,0,192.00,275779584,380035072,114090264,95883264,18123768,2904,11174640,22132800,958,4545,4545,0,0,0,0,0,0,0,0,0.062,0.068,0.000,0,0,0,4545,4545,0,0
travel,21.383,513.1,491.305,491.305,fly,0.822,ok,2601,0,0,192.00,275779584,380035072,114090264,95883264,18123768,2904,11174640,22132800,958,4545,4545,0,0,0,0,0,0,0,0,0.061,0.066,0.000,0,0,0,4545,4545,0,0
travel,21.413,513.8,491.813,491.813,fly,0.825,ok,2601,0,0,192.00,275779584,380035072,114090264,95883264,18123768,2904,11174640,22132800,958,4545,4545,0,0,0,0,0,0,0,0,0.061,0.067,0.000,0,0,0,4545,4545,0,0
travel,21.443,514.5,492.325,492.325,fly,0.807,ok,2601,0,0,192.00,275779584,380035072,114090264,95883264,18123768,2904,7449760,22132800,958,4545,4545,0,0,0,0,0,0,0,0,0.061,0.064,0.000,0,0,0,4545,4545,0,0
travel,21.473,515.2,492.834,492.834,fly,0.912,ok,2601,0,0,192.00,275779584,380035072,114090264,95883264,18123768,2904,7449760,22132800,958,4545,4545,0,0,0,0,0,0,0,0,0.144,0.062,0.000,0,0,0,4545,4545,0,0
travel,21.504,516.0,493.344,493.344,fly,0.959,ok,2601,0,0,192.00,275779584,380035072,114090264,95883264,18123768,2904,7449760,22132800,958,4545,4545,0,0,0,0,0,0,0,0,0.067,0.145,0.000,0,0,0,4545,4545,0,0
travel,21.534,516.7,493.855,493.855,fly,0.908,ok,2601,0,0,192.00,275779584,380035072,114090264,95883264,18123768,2904,7449760,22132800,958,4545,4545,0,0,0,0,0,0,0,0,0.137,0.066,0.000,0,0,0,4545,4545,0,0
travel,21.564,517.4,494.364,494.364,fly,0.810,ok,2601,0,0,192.00,275779584,380035072,114090264,95883264,18123768,2904,7449760,22132800,958,4545,4545,0,0,0,0,0,0,0,0,0.062,0.063,0.000,0,0,0,4545,4545,0,0
travel,21.594,518.1,494.880,494.880,fly,0.813,ok,2601,0,0,192.00,275779584,380035072,114090264,95883264,18123768,2904,7449760,22132800,958,4545,4545,0,0,0,0,0,0,0,0,0.062,0.063,0.000,0,0,0,4545,4545,0,0
travel,21.624,518.9,495.394,495.394,fly,0.818,ok,2601,0,0,192.00,275779584,380035072,114090264,95883264,18123768,2904,7449760,22132800,958,4545,4545,0,0,0,0,0,0,0,0,0.060,0.066,0.000,0,0,0,4545,4545,0,0
travel,21.654,519.6,495.903,495.903,fly,0.859,ok,2601,0,0,192.00,275779584,380035072,114090264,95883264,18123768,2904,7449760,22132800,958,4545,4545,0,0,0,0,0,0,0,0,0.063,0.072,0.000,0,0,0,4545,4545,0,0
travel,21.692,520.5,496.545,496.545,fly,0.857,ok,2601,0,0,192.00,275779584,380035072,114090264,95883264,18123768,2904,11174640,22132800,958,4646,4646,0,0,0,0,0,0,0,0,0.064,0.074,0.000,0,0,0,4646,4646,0,0
travel,21.722,521.2,497.055,497.055,fly,0.817,ok,2601,0,0,192.00,275779584,380035072,114090264,95883264,18123768,2904,11174640,22132800,958,4646,4646,0,0,0,0,0,0,0,0,0.063,0.063,0.000,0,0,0,4646,4646,0,0
travel,21.753,521.9,497.568,497.568,fly,0.823,ok,2601,0,0,192.00,275779584,380035072,114090264,95883264,18123768,2904,11174640,22132800,958,4646,4646,0,0,0,0,0,0,0,0,0.063,0.065,0.000,0,0,0,4646,4646,0,0
travel,21.783,522.7,498.083,498.083,fly,0.813,ok,2601,0,0,192.00,275779584,380035072,114090264,95883264,18123768,2904,11174640,22132800,958,4646,4646,0,0,0,0,0,0,0,0,0.061,0.062,0.000,0,0,0,4646,4646,0,0
travel,21.813,523.4,498.599,498.599,fly,0.814,ok,2601,0,0,192.00,275779584,380035072,114090264,95883264,18123768,2904,11174640,22132800,958,4646,4646,0,0,0,0,0,0,0,0,0.062,0.064,0.000,0,0,0,4646,4646,0,0
travel,21.843,524.1,499.108,499.108,fly,0.843,ok,2601,0,0,192.00,275779584,380035072,114090264,95883264,18123768,2904,11174640,22132800,958,4646,4646,0,0,0,0,0,0,0,0,0.062,0.075,0.000,0,0,0,4646,4646,0,0
travel,21.874,524.8,499.620,499.620,fly,0.820,ok,2601,0,0,192.00,275779584,380035072,114090264,95883264,18123768,2904,11174640,22132800,958,4646,4646,0,0,0,0,0,0,0,0,0.062,0.065,0.000,0,0,0,4646,4646,0,0
travel,21.904,525.6,500.135,500.135,fly,0.821,ok,2601,0,0,192.00,275779584,380035072,114090264,95883264,18123768,2904,7449760,22132800,958,4646,4646,0,0,0,0,0,0,0,0,0.062,0.067,0.000,0,0,0,4646,4646,0,0
travel,21.934,526.3,500.650,500.650,fly,0.821,ok,2601,0,0,192.00,275779584,380035072,114090264,95883264,18123768,2904,7449760,22132800,958,4646,4646,0,0,0,0,0,0,0,0,0.062,0.067,0.000,0,0,0,4646,4646,0,0
travel,21.964,527.0,501.159,501.159,fly,0.910,ok,2601,0,0,192.00,275779584,380035072,114090264,95883264,18123768,2904,7449760,22132800,958,4646,4646,0,0,0,0,0,0,0,0,0.148,0.067,0.000,0,0,0,4646,4646,0,0
travel,21.995,527.7,501.673,501.673,fly,0.854,ok,2601,0,0,192.00,275779584,380035072,114090264,95883264,18123768,2904,7449760,22132800,958,4646,4646,0,0,0,0,0,0,0,0,0.063,0.073,0.000,0,0,0,4646,4646,0,0
travel,22.025,528.5,502.185,502.185,fly,0.911,ok,2601,0,0,192.00,275779584,380035072,114090264,95883264,18123768,2904,7449760,22132800,958,4646,4646,0,0,0,0,0,0,0,0,0.071,0.106,0.000,0,0,0,4646,4646,0,0
travel,22.055,529.2,502.695,502.695,fly,0.818,ok,2601,0,0,192.00,275779584,380035072,114090264,95883264,18123768,2904,7449760,22132800,958,4646,4646,0,0,0,0,0,0,0,0,0.061,0.067,0.000,0,0,0,4646,4646,0,0
travel,22.085,529.9,503.210,503.210,fly,0.826,ok,2601,0,0,192.00,275779584,380035072,114090264,95883264,18123768,2904,7449760,22132800,958,4646,4646,0,0,0,0,0,0,0,0,0.062,0.068,0.000,0,0,0,4646,4646,0,0
travel,22.115,530.6,503.723,503.723,fly,0.819,ok,2601,0,0,192.00,275779584,380035072,114090264,95883264,18123768,2904,7449760,22132800,958,4646,4646,0,0,0,0,0,0,0,0,0.060,0.067,0.000,0,0,0,4646,4646,0,0
travel,22.153,531.6,504.367,504.367,fly,0.812,ok,2601,0,0,192.00,275779584,380035072,114090264,95883264,18123768,2904,11174640,22132800,958,4747,4747,0,0,0,0,0,0,0,0,0.063,0.066,0.000,0,0,0,4747,4747,0,0
travel,22.184,532.3,504.884,504.884,fly,0.802,ok,2601,0,0,192.00,275779584,380035072,114090264,95883264,18123768,2904,11174640,22132800,958,4747,4747,0,0,0,0,0,0,0,0,0.062,0.061,0.000,0,0,0,4747,4747,0,0
travel,22.214,533.0,505.393,505.393,fly,0.822,ok,2601,0,0,192.00,275779584,380035072,114090264,95883264,18123768,2904,11174640,22132800,958,4747,4747,0,0,0,0,0,0,0,0,0.063,0.068,0.000,0,0,0,4747,4747,0,0
travel,22.244,533.7,505.904,505.904,fly,0.806,ok,2601,0,0,192.00,275779584,380035072,114090264,95883264,18123768,2904,11174640,22132800,958,4747,4747,0,0,0,0,0,0,0,0,0.063,0.064,0.000,0,0,0,4747,4747,0,0
travel,22.274,534.5,506.417,506.417,fly,0.827,ok,2601,0,0,192.00,275779584,380035072,114090264,95883264,18123768,2904,11174640,22132800,958,4747,4747,0,0,0,0,0,0,0,0,0.062,0.066,0.000,0,0,0,4747,4747,0,0
travel,22.304,535.2,506.926,506.926,fly,0.813,ok,2601,0,0,192.00,275779584,380035072,114090264,95883264,18123768,2904,11174640,22132800,958,4747,4747,0,0,0,0,0,0,0,0,0.062,0.064,0.000,0,0,0,4747,4747,0,0
travel,22.334,535.9,507.439,507.439,fly,0.820,ok,2601,0,0,192.00,275779584,380035072,114090264,95883264,18123768,2904,11174640,22132800,958,4747,4747,0,0,0,0,0,0,0,0,0.062,0.064,0.000,0,0,0,4747,4747,0,0
travel,22.364,536.6,507.948,507.948,fly,0.868,ok,2601,0,0,192.00,275779584,380035072,114090264,95883264,18123768,2904,7449760,22132800,958,4747,4747,0,0,0,0,0,0,0,0,0.064,0.074,0.000,0,0,0,4747,4747,0,0
travel,22.395,537.3,508.460,508.460,fly,0.823,ok,2601,0,0,192.00,275779584,380035072,114090264,95883264,18123768,2904,7449760,22132800,958,4747,4747,0,0,0,0,0,0,0,0,0.062,0.066,0.000,0,0,0,4747,4747,0,0
travel,22.425,538.1,508.975,508.975,fly,0.807,ok,2601,0,0,192.00,275779584,380035072,114090264,95883264,18123768,2904,7449760,22132800,958,4747,4747,0,0,0,0,0,0,0,0,0.061,0.066,0.000,0,0,0,4747,4747,0,0
travel,22.455,538.8,509.484,509.484,fly,0.924,ok,2601,0,0,192.00,275779584,380035072,114090264,95883264,18123768,2904,7449760,22132800,958,4747,4747,0,0,0,0,0,0,0,0,0.073,0.138,0.000,0,0,0,4747,4747,0,0
travel,22.485,539.5,509.995,509.995,fly,0.830,ok,2601,0,0,192.00,275779584,380035072,114090264,95883264,18123768,2904,7449760,22132800,958,4747,4747,0,0,0,0,0,0,0,0,0.062,0.070,0.000,0,0,0,4747,4747,0,0
travel,22.515,540.2,510.504,510.504,fly,0.823,ok,2601,0,0,192.00,275779584,380035072,114090264,95883264,18123768,2904,7449760,22132800,958,4747,4747,0,0,0,0,0,0,0,0,0.060,0.064,0.000,0,0,0,4747,4747,0,0
travel,22.545,541.0,511.014,511.014,fly,0.843,ok,2601,0,0,192.00,275779584,380035072,114090264,95883264,18123768,2904,7449760,22132800,958,4747,4747,0,0,0,0,0,0,0,0,0.061,0.066,0.000,0,0,0,4747,4747,0,0
travel,22.575,541.7,511.526,511.526,fly,0.832,ok,2601,0,0,192.00,275779584,380035072,114090264,95883264,18123768,2904,7449760,22132800,958,4747,4747,0,0,0,0,0,0,0,0,0.061,0.066,0.000,0,0,0,4747,4747,0,0
travel,22.611,542.5,512.134,512.134,fly,2.753,ok,2601,0,0,192.00,275779584,380035072,114090264,95883264,18123768,2904,11174640,22132800,958,4848,4848,27,0,102,27,27,0,0,0,0.080,0.082,0.000,0,0,0,4848,4848,0,0
travel,22.644,543.3,512.685,512.685,fly,0.872,ok,2601,0,0,192.00,275779584,380035072,114090264,95883264,18123768,2904,11174640,22132800,958,4848,4848,0,0,0,0,0,0,0,0,0.064,0.072,0.000,0,0,0,4848,4848,0,0
travel,22.674,544.1,513.203,513.203,fly,0.834,ok,2601,0,0,192.00,275779584,380035072,114090264,95883264,18123768,2904,11174640,22132800,958,4848,4848,0,0,0,0,0,0,0,0,0.063,0.067,0.000,0,0,0,4848,4848,0,0
travel,22.704,544.8,513.712,513.712,fly,0.824,ok,2601,0,0,192.00,275779584,380035072,114090264,95883264,18123768,2904,11174640,22132800,958,4848,4848,0,0,0,0,0,0,0,0,0.065,0.064,0.000,0,0,0,4848,4848,0,0
travel,22.735,545.5,514.225,514.225,fly,0.854,ok,2601,0,0,192.00,275779584,380035072,114090264,95883264,18123768,2904,11174640,22132800,958,4848,4848,0,0,0,0,0,0,0,0,0.063,0.102,0.000,0,0,0,4848,4848,0,0
travel,22.765,546.2,514.735,514.735,fly,0.821,ok,2601,0,0,192.00,275779584,380035072,114090264,95883264,18123768,2904,11174640,22132800,958,4848,4848,0,0,0,0,0,0,0,0,0.063,0.068,0.000,0,0,0,4848,4848,0,0
travel,22.795,546.9,515.248,515.248,fly,0.816,ok,2601,0,0,192.00,275779584,380035072,114090264,95883264,18123768,2904,11174640,22132800,958,4848,4848,0,0,0,0,0,0,0,0,0.065,0.065,0.000,0,0,0,4848,4848,0,0
travel,22.825,547.7,515.766,515.766,fly,0.819,ok,2601,0,0,192.00,275779584,380035072,114090264,95883264,18123768,2904,11174640,22132800,958,4848,4848,0,0,0,0,0,0,0,0,0.062,0.063,0.000,0,0,0,4848,4848,0,0
travel,22.856,548.4,516.288,516.288,fly,0.843,ok,2601,0,0,192.00,275779584,380035072,114090264,95883264,18123768,2904,7449760,22132800,958,4848,4848,0,0,0,0,0,0,0,0,0.062,0.069,0.000,0,0,0,4848,4848,0,0
travel,22.887,549.1,516.802,516.802,fly,0.834,ok,2601,0,0,192.00,275779584,380035072,114090264,95883264,18123768,2904,7449760,22132800,958,4848,4848,0,0,0,0,0,0,0,0,0.063,0.068,0.000,0,0,0,4848,4848,0,0
travel,22.917,549.9,517.320,517.320,fly,0.853,ok,2601,0,0,192.00,275779584,380035072,114090264,95883264,18123768,2904,7449760,22132800,958,4848,4848,0,0,0,0,0,0,0,0,0.062,0.068,0.000,0,0,0,4848,4848,0,0
travel,22.947,550.6,517.829,517.829,fly,1.226,ok,2601,0,0,192.00,275779584,380035072,114090264,95883264,18123768,2904,7449760,22132800,958,4848,4848,0,0,0,0,0,0,0,0,0.457,0.069,0.000,0,0,0,4848,4848,0,0
travel,22.977,551.3,518.345,518.345,fly,0.811,ok,2601,0,0,192.00,275779584,380035072,114090264,95883264,18123768,2904,7449760,22132800,958,4848,4848,0,0,0,0,0,0,0,0,0.061,0.062,0.000,0,0,0,4848,4848,0,0
travel,23.008,552.1,518.859,518.859,fly,0.828,ok,2601,0,0,192.00,275779584,380035072,114090264,95883264,18123768,2904,7449760,22132800,958,4848,4848,0,0,0,0,0,0,0,0,0.062,0.065,0.000,0,0,0,4848,4848,0,0
travel,23.038,552.8,519.373,519.373,fly,0.801,ok,2601,0,0,192.00,275779584,380035072,114090264,95883264,18123768,2904,7449760,22132800,958,4848,4848,0,0,0,0,0,0,0,0,0.061,0.062,0.000,0,0,0,4848,4848,0,0
travel,23.068,553.5,519.884,519.884,fly,0.805,ok,2601,0,0,192.00,275779584,380035072,114090264,95883264,18123768,2904,7449760,22132800,958,4848,4848,0,0,0,0,0,0,0,0,0.062,0.061,0.000,0,0,0,4848,4848,0,0
travel,23.107,554.4,520.539,520.539,fly,0.834,ok,2601,0,0,192.00,275980288,382660608,114090264,95883264,18123768,2904,11174640,22132800,958,4949,4949,0,0,0,0,0,0,0,0,0.065,0.071,0.000,0,0,0,4949,4949,0,0
travel,23.137,555.1,521.048,521.048,fly,0.831,ok,2601,0,0,192.00,275980288,382660608,114090264,95883264,18123768,2904,11174640,22132800,958,4949,4949,0,0,0,0,0,0,0,0,0.065,0.068,0.000,0,0,0,4949,4949,0,0
travel,23.168,555.9,521.571,521.571,fly,0.822,ok,2601,0,0,192.00,275980288,382660608,114090264,95883264,18123768,2904,11174640,22132800,958,4949,4949,0,0,0,0,0,0,0,0,0.063,0.067,0.000,0,0,0,4949,4949,0,0
travel,23.198,556.6,522.085,522.085,fly,0.826,ok,2601,0,0,192.00,275980288,382660608,114090264,95883264,18123768,2904,11174640,22132800,958,4949,4949,0,0,0,0,0,0,0,0,0.062,0.063,0.000,0,0,0,4949,4949,0,0
travel,23.228,557.3,522.597,522.597,fly,0.828,ok,2601,0,0,192.00,275980288,382660608,114090264,95883264,18123768,2904,11174640,22132800,958,4949,4949,0,0,0,0,0,0,0,0,0.063,0.065,0.000,0,0,0,4949,4949,0,0
travel,23.258,558.1,523.110,523.110,fly,0.852,ok,2601,0,0,192.00,275980288,382660608,114090264,95883264,18123768,2904,11174640,22132800,958,4949,4949,0,0,0,0,0,0,0,0,0.064,0.070,0.000,0,0,0,4949,4949,0,0
travel,23.289,558.8,523.626,523.626,fly,0.818,ok,2601,0,0,192.00,275980288,382660608,114090264,95883264,18123768,2904,11174640,22132800,958,4949,4949,0,0,0,0,0,0,0,0,0.062,0.063,0.000,0,0,0,4949,4949,0,0
travel,23.319,559.5,524.140,524.140,fly,0.900,ok,2601,0,0,192.00,275980288,382660608,114090264,95883264,18123768,2904,7449760,22132800,958,4949,4949,0,0,0,0,0,0,0,0,0.137,0.061,0.000,0,0,0,4949,4949,0,0
travel,23.349,560.2,524.651,524.651,fly,0.827,ok,2601,0,0,192.00,275980288,382660608,114090264,95883264,18123768,2904,7449760,22132800,958,4949,4949,0,0,0,0,0,0,0,0,0.062,0.067,0.000,0,0,0,4949,4949,0,0
travel,23.379,561.0,525.160,525.160,fly,0.815,ok,2601,0,0,192.00,275980288,382660608,114090264,95883264,18123768,2904,7449760,22132800,958,4949,4949,0,0,0,0,0,0,0,0,0.062,0.060,0.000,0,0,0,4949,4949,0,0
travel,23.409,561.7,525.672,525.672,fly,0.829,ok,2601,0,0,192.00,275980288,382660608,114090264,95883264,18123768,2904,7449760,22132800,958,4949,4949,0,0,0,0,0,0,0,0,0.062,0.066,0.000,0,0,0,4949,4949,0,0
travel,23.440,562.4,526.183,526.183,fly,1.087,ok,2601,0,0,192.00,275980288,382660608,114090264,95883264,18123768,2904,7449760,22132800,958,4949,4949,0,0,0,0,0,0,0,0,0.121,0.248,0.000,0,0,0,4949,4949,0,0
travel,23.470,563.1,526.696,526.696,fly,0.815,ok,2601,0,0,192.00,275980288,382660608,114090264,95883264,18123768,2904,7449760,22132800,958,4949,4949,0,0,0,0,0,0,0,0,0.062,0.063,0.000,0,0,0,4949,4949,0,0
travel,23.500,563.9,527.205,527.205,fly,0.822,ok,2601,0,0,192.00,275980288,382660608,114090264,95883264,18123768,2904,7449760,22132800,958,4949,4949,0,0,0,0,0,0,0,0,0.061,0.066,0.000,0,0,0,4949,4949,0,0
travel,23.530,564.6,527.715,527.715,fly,0.814,ok,2601,0,0,192.00,275980288,382660608,114090264,95883264,18123768,2904,7449760,22132800,958,4949,4949,0,0,0,0,0,0,0,0,0.061,0.063,0.000,0,0,0,4949,4949,0,0
travel,23.568,565.5,528.359,528.359,fly,0.823,ok,2601,0,0,192.00,276373504,382726144,114090264,95883264,18123768,2904,11174640,22132800,958,5050,5050,0,0,0,0,0,0,0,0,0.066,0.067,0.000,0,0,0,5050,5050,0,0
travel,23.598,566.2,528.876,528.876,fly,0.848,ok,2601,0,0,192.00,276373504,382726144,114090264,95883264,18123768,2904,11174640,22132800,958,5050,5050,0,0,0,0,0,0,0,0,0.063,0.070,0.000,0,0,0,5050,5050,0,0
travel,23.628,566.9,529.385,529.385,fly,0.840,ok,2601,0,0,192.00,276373504,382726144,114090264,95883264,18123768,2904,11174640,22132800,958,5050,5050,0,0,0,0,0,0,0,0,0.063,0.065,0.000,0,0,0,5050,5050,0,0
travel,23.658,567.7,529.895,529.895,fly,0.818,ok,2601,0,0,192.00,276373504,382726144,114090264,95883264,18123768,2904,11174640,22132800,958,5050,5050,0,0,0,0,0,0,0,0,0.063,0.064,0.000,0,0,0,5050,5050,0,0
travel,23.689,568.4,530.408,530.408,fly,0.921,ok,2601,0,0,192.00,276373504,382726144,114090264,95883264,18123768,2904,11174640,22132800,958,5050,5050,0,0,0,0,0,0,0,0,0.161,0.064,0.000,0,0,0,5050,5050,0,0
travel,23.719,569.1,530.920,530.920,fly,0.822,ok,2601,0,0,192.00,276373504,382726144,114090264,95883264,18123768,2904,11174640,22132800,958,5050,5050,0,0,0,0,0,0,0,0,0.063,0.065,0.000,0,0,0,5050,5050,0,0
travel,23.749,569.8,531.429,531.429,fly,0.822,ok,2601,0,0,192.00,276373504,382726144,114090264,95883264,18123768,2904,11174640,22132800,958,5050,5050,0,0,0,0,0,0,0,0,0.062,0.065,0.000,0,0,0,5050,5050,0,0
travel,23.779,570.6,531.949,531.949,fly,0.813,ok,2601,0,0,192.00,276373504,382726144,114090264,95883264,18123768,2904,7449760,22132800,958,5050,5050,0,0,0,0,0,0,0,0,0.062,0.064,0.000,0,0,0,5050,5050,0,0
travel,23.809,571.3,532.458,532.458,fly,0.826,ok,2601,0,0,192.00,276373504,382726144,114090264,95883264,18123768,2904,7449760,22132800,958,5050,5050,0,0,0,0,0,0,0,0,0.062,0.066,0.000,0,0,0,5050,5050,0,0
travel,23.840,572.0,532.980,532.980,fly,0.837,ok,2601,0,0,192.00,276373504,382726144,114090264,95883264,18123768,2904,7449760,22132800,958,5050,5050,0,0,0,0,0,0,0,0,0.062,0.067,0.000,0,0,0,5050,5050,0,0
travel,23.871,572.8,533.496,533.496,fly,0.817,ok,2601,0,0,192.00,276373504,382726144,114090264,95883264,18123768,2904,7449760,22132800,958,5050,5050,0,0,0,0,0,0,0,0,0.061,0.064,0.000,0,0,0,5050,5050,0,0
travel,23.901,573.5,534.006,534.006,fly,0.871,ok,2601,0,0,192.00,276373504,382726144,114090264,95883264,18123768,2904,7449760,22132800,958,5050,5050,0,0,0,0,0,0,0,0,0.063,0.066,0.000,0,0,0,5050,5050,0,0
travel,23.931,574.2,534.518,534.518,fly,0.814,ok,2601,0,0,192.00,276373504,382726144,114090264,95883264,18123768,2904,7449760,22132800,958,5050,5050,0,0,0,0,0,0,0,0,0.062,0.065,0.000,0,0,0,5050,5050,0,0
travel,23.961,574.9,535.028,535.028,fly,0.822,ok,2601,0,0,192.00,276373504,382726144,114090264,95883264,18123768,2904,7449760,22132800,958,5050,5050,0,0,0,0,0,0,0,0,0.061,0.066,0.000,0,0,0,5050,5050,0,0
travel,23.991,575.6,535.544,535.544,fly,0.825,ok,2601,0,0,192.00,276373504,382726144,114090264,95883264,18123768,2904,7449760,22132800,958,5050,5050,0,0,0,0,0,0,0,0,0.061,0.065,0.000,0,0,0,5050,5050,0,0
travel,24.029,576.6,536.188,536.188,fly,0.860,ok,2601,0,0,192.00,276373504,382726144,114090264,95883264,18123768,2904,11174640,22132800,958,5151,5151,0,0,62,0,0,0,0,0,0.064,0.068,0.000,0,0,0,5151,5151,0,0
travel,24.060,577.3,536.706,536.706,fly,0.904,ok,2601,0,0,192.00,276373504,382726144,114090264,95883264,18123768,2904,11174640,22132800,958,5151,5151,0,0,0,0,0,0,0,0,0.144,0.065,0.000,0,0,0,5151,5151,0,0
travel,24.090,578.0,537.215,537.215,fly,0.825,ok,2601,0,0,192.00,276373504,382726144,114090264,95883264,18123768,2904,11174640,22132800,958,5151,5151,0,0,0,0,0,0,0,0,0.063,0.070,0.000,0,0,0,5151,5151,0,0
travel,24.120,578.7,537.729,537.729,fly,0.844,ok,2601,0,0,192.00,276373504,382726144,114090264,95883264,18123768,2904,11174640,22132800,958,5151,5151,0,0,0,0,0,0,0,0,0.063,0.070,0.000,0,0,0,5151,5151,0,0
travel,24.150,579.5,538.241,538.241,fly,0.819,ok,2601,0,0,192.00,276373504,382726144,114090264,95883264,18123768,2904,11174640,22132800,958,5151,5151,0,0,0,0,0,0,0,0,0.062,0.067,0.000,0,0,0,5151,5151,0,0
travel,24.180,580.2,538.750,538.750,fly,0.896,ok,2601,0,0,192.00,276373504,382726144,114090264,95883264,18123768,2904,11174640,22132800,958,5151,5151,0,0,0,0,0,0,0,0,0.065,0.079,0.000,0,0,0,5151,5151,0,0
travel,24.211,580.9,539.261,539.261,fly,0.907,ok,2601,0,0,192.00,276373504,382726144,114090264,95883264,18123768,2904,11174640,22132800,958,5151,5151,0,0,0,0,0,0,0,0,0.071,0.111,0.000,0,0,0,5151,5151,0,0
travel,24.241,581.6,539.772,539.772,fly,0.792,ok,2601,0,0,192.00,276373504,382726144,114090264,95883264,18123768,2904,7449760,22132800,958,5151,5151,0,0,0,0,0,0,0,0,0.061,0.064,0.000,0,0,0,5151,5151,0,0
travel,24.271,582.3,540.283,540.283,fly,0.815,ok,2601,0,0,192.00,276373504,382726144,114090264,95883264,18123768,2904,7449760,22132800,958,5151,5151,0,0,0,0,0,0,0,0,0.062,0.067,0.000,0,0,0,5151,5151,0,0
travel,24.301,583.1,540.792,540.792,fly,0.804,ok,2601,0,0,192.00,276373504,382726144,114090264,95883264,18123768,2904,7449760,22132800,958,5151,5151,0,0,0,0,0,0,0,0,0.062,0.066,0.000,0,0,0,5151,5151,0,0
travel,24.331,583.8,541.303,541.303,fly,0.820,ok,2601,0,0,192.00,276373504,382726144,114090264,95883264,18123768,2904,7449760,22132800,958,5151,5151,0,0,0,0,0,0,0,0,0.061,0.063,0.000,0,0,0,5151,5151,0,0
travel,24.361,584.5,541.817,541.817,fly,0.817,ok,2601,0,0,192.00,276373504,382726144,114090264,95883264,18123768,2904,7449760,22132800,958,5151,5151,0,0,0,0,0,0,0,0,0.063,0.067,0.000,0,0,0,5151,5151,0,0
travel,24.392,585.2,542.330,542.330,fly,0.823,ok,2601,0,0,192.00,276373504,382726144,114090264,95883264,18123768,2904,7449760,22132800,958,5151,5151,0,0,0,0,0,0,0,0,0.061,0.067,0.000,0,0,0,5151,5151,0,0
travel,24.422,586.0,542.843,542.843,fly,0.811,ok,2601,0,0,192.00,276373504,382726144,114090264,95883264,18123768,2904,7449760,22132800,958,5151,5151,0,0,0,0,0,0,0,0,0.063,0.064,0.000,0,0,0,5151,5151,0,0
travel,24.452,586.7,543.352,543.352,fly,0.819,ok,2601,0,0,192.00,276373504,382726144,114090264,95883264,18123768,2904,7449760,22132800,958,5151,5151,0,0,0,0,0,0,0,0,0.061,0.066,0.000,0,0,0,5151,5151,0,0
travel,24.482,587.4,543.867,543.867,fly,0.786,ok,2601,0,0,192.00,276373504,382726144,114090264,95883264,18123768,2904,7449760,22132800,958,5151,5151,0,0,0,0,0,0,0,0,0.061,0.059,0.000,0,0,0,5151,5151,0,0
travel,24.520,588.3,544.512,544.512,fly,0.837,ok,2601,0,0,192.00,276373504,382726144,114090264,95883264,18123768,2904,11174640,22132800,958,5252,5252,0,0,0,0,0,0,0,0,0.063,0.069,0.000,0,0,0,5252,5252,0,0
travel,24.550,589.0,545.021,545.021,fly,0.807,ok,2601,0,0,192.00,276373504,382726144,114090264,95883264,18123768,2904,11174640,22132800,958,5252,5252,0,0,0,0,0,0,0,0,0.061,0.068,0.000,0,0,0,5252,5252,0,0
travel,24.580,589.8,545.533,545.533,fly,0.796,ok,2601,0,0,192.00,276439040,382726144,114090264,95883264,18123768,2904,11174640,22132800,958,5252,5252,0,0,0,0,0,0,0,0,0.062,0.059,0.000,0,0,0,5252,5252,0,0
travel,24.611,590.5,546.052,546.052,fly,0.910,ok,2601,0,0,192.00,276439040,382726144,114090264,95883264,18123768,2904,11174640,22132800,958,5252,5252,0,0,0,0,0,0,0,0,0.140,0.065,0.000,0,0,0,5252,5252,0,0
travel,24.641,591.2,546.564,546.564,fly,0.816,ok,2601,0,0,192.00,276439040,382726144,114090264,95883264,18123768,2904,11174640,22132800,958,5252,5252,0,0,0,0,0,0,0,0,0.062,0.064,0.000,0,0,0,5252,5252,0,0
travel,24.671,592.0,547.073,547.073,fly,0.898,ok,2601,0,0,192.00,276439040,382726144,114090264,95883264,18123768,2904,11174640,22132800,958,5252,5252,0,0,0,0,0,0,0,0,0.134,0.065,0.000,0,0,0,5252,5252,0,0
travel,24.701,592.7,547.584,547.584,fly,0.812,ok,2601,0,0,192.00,276439040,382726144,114090264,95883264,18123768,2904,11174640,22132800,958,5252,5252,0,0,0,0,0,0,0,0,0.063,0.063,0.000,0,0,0,5252,5252,0,0
travel,24.731,593.4,548.093,548.093,fly,0.961,ok,2601,0,0,192.00,276439040,382726144,114090264,95883264,18123768,2904,7449760,22132800,958,5252,5252,0,0,0,0,0,0,0,0,0.070,0.107,0.000,0,0,0,5252,5252,0,0
travel,24.761,594.1,548.602,548.602,fly,0.821,ok,2601,0,0,192.00,276439040,382726144,114090264,95883264,18123768,2904,7449760,22132800,958,5252,5252,0,0,0,0,0,0,0,0,0.062,0.072,0.000,0,0,0,5252,5252,0,0
travel,24.792,594.8,549.117,549.117,fly,0.820,ok,2601,0,0,192.00,276439040,382726144,114090264,95883264,18123768,2904,7449760,22132800,958,5252,5252,0,0,0,0,0,0,0,0,0.062,0.065,0.000,0,0,0,5252,5252,0,0
travel,24.822,595.6,549.629,549.629,fly,0.813,ok,2601,0,0,192.00,276439040,382726144,114090264,95883264,18123768,2904,7449760,22132800,958,5252,5252,0,0,0,0,0,0,0,0,0.061,0.063,0.000,0,0,0,5252,5252,0,0
travel,24.852,596.3,550.143,550.143,fly,0.821,ok,2601,0,0,192.00,276439040,382726144,114090264,95883264,18123768,2904,7449760,22132800,958,5252,5252,0,0,0,0,0,0,0,0,0.063,0.066,0.000,0,0,0,5252,5252,0,0
travel,24.882,597.0,550.652,550.652,fly,0.828,ok,2601,0,0,192.00,276439040,382726144,114090264,95883264,18123768,2904,7449760,22132800,958,5252,5252,0,0,0,0,0,0,0,0,0.063,0.072,0.000,0,0,0,5252,5252,0,0
travel,24.912,597.7,551.165,551.165,fly,0.802,ok,2601,0,0,192.00,276439040,382726144,114090264,95883264,18123768,2904,7449760,22132800,958,5252,5252,0,0,0,0,0,0,0,0,0.062,0.064,0.000,0,0,0,5252,5252,0,0
travel,24.943,598.5,551.677,551.677,fly,0.795,ok,2601,0,0,192.00,276439040,382726144,114090264,95883264,18123768,2904,7449760,22132800,958,5252,5252,0,0,0,0,0,0,0,0,0.060,0.062,0.000,0,0,0,5252,5252,0,0
travel,24.982,599.4,552.340,552.340,fly,0.799,ok,2601,0,0,192.00,274345984,382767104,114090264,95883264,18123768,2904,11174640,22132800,958,5353,5353,0,0,0,0,0,0,0,0,0.063,0.064,0.000,0,0,0,5353,5353,0,0
travel,25.012,600.1,552.857,552.857,fly,0.901,ok,2601,0,0,192.00,274345984,382767104,114090264,95883264,18123768,2904,11174640,22132800,958,5353,5353,0,0,0,0,0,0,0,0,0.071,0.105,0.000,0,0,0,5353,5353,0,0
travel,25.042,600.9,553.366,553.366,fly,0.808,ok,2601,0,0,192.00,274345984,382767104,114090264,95883264,18123768,2904,11174640,22132800,958,5353,5353,0,0,0,0,0,0,0,0,0.061,0.071,0.000,0,0,0,5353,5353,0,0
travel,25.072,601.6,553.879,553.879,fly,0.829,ok,2601,0,0,192.00,274345984,382767104,114090264,95883264,18123768,2904,11174640,22132800,958,5353,5353,0,0,0,0,0,0,0,0,0.063,0.065,0.000,0,0,0,5353,5353,0,0
travel,25.103,602.3,554.391,554.391,fly,0.810,ok,2601,0,0,192.00,274345984,382767104,114090264,95883264,18123768,2904,11174640,22132800,958,5353,5353,0,0,0,0,0,0,0,0,0.063,0.063,0.000,0,0,0,5353,5353,0,0
travel,25.133,603.0,554.900,554.900,fly,0.821,ok,2601,0,0,192.00,274345984,382767104,114090264,95883264,18123768,2904,11174640,22132800,958,5353,5353,0,0,0,0,0,0,0,0,0.063,0.065,0.000,0,0,0,5353,5353,0,0
travel,25.163,603.7,555.412,555.412,fly,0.841,ok,2601,0,0,192.00,274345984,382767104,114090264,95883264,18123768,2904,11174640,22132800,958,5353,5353,0,0,0,0,0,0,0,0,0.061,0.069,0.000,0,0,0,5353,5353,0,0
travel,25.193,604.5,555.920,555.920,fly,0.845,ok,2601,0,0,192.00,274345984,382767104,114090264,95883264,18123768,2904,11174640,22132800,958,5353,5353,0,0,0,0,0,0,0,0,0.062,0.069,0.000,0,0,0,5353,5353,0,0
travel,25.223,605.2,556.429,556.429,fly,0.845,ok,2601,0,0,192.00,274345984,382767104,114090264,95883264,18123768,2904,7449760,22132800,958,5353,5353,0,0,0,0,0,0,0,0,0.063,0.072,0.000,0,0,0,5353,5353,0,0
travel,25.253,605.9,556.946,556.946,fly,0.813,ok,2601,0,0,192.00,274345984,382767104,114090264,95883264,18123768,2904,7449760,22132800,958,5353,5353,0,0,0,0,0,0,0,0,0.060,0.065,0.000,0,0,0,5353,5353,0,0
travel,25.283,606.6,557.455,557.455,fly,0.818,ok,2601,0,0,192.00,274345984,382767104,114090264,95883264,18123768,2904,7449760,22132800,958,5353,5353,0,0,0,0,0,0,0,0,0.062,0.064,0.000,0,0,0,5353,5353,0,0
travel,25.313,607.4,557.965,557.965,fly,0.842,ok,2601,0,0,192.00,274345984,382767104,114090264,95883264,18123768,2904,7449760,22132800,958,5353,5353,0,0,0,0,0,0,0,0,0.062,0.068,0.000,0,0,0,5353,5353,0,0
travel,25.344,608.1,558.478,558.478,fly,1.081,ok,2601,0,0,192.00,274345984,382767104,114090264,95883264,18123768,2904,7449760,22132800,958,5353,5353,0,0,0,0,0,0,0,0,0.298,0.069,0.000,0,0,0,5353,5353,0,0
travel,25.374,608.8,558.991,558.991,fly,0.872,ok,2601,0,0,192.00,274345984,382767104,114090264,95883264,18123768,2904,7449760,22132800,958,5353,5353,0,0,0,0,0,0,0,0,0.062,0.073,0.000,0,0,0,5353,5353,0,0
travel,25.404,609.5,559.509,559.509,fly,0.802,ok,2601,0,0,192.00,274345984,382767104,114090264,95883264,18123768,2904,7449760,22132800,958,5353,5353,0,0,0,0,0,0,0,0,0.061,0.059,0.000,0,0,0,5353,5353,0,0
travel,25.437,610.3,560.072,560.072,fly,4.107,ok,2574,27,33,192.00,274345984,382767104,112905936,94887936,17935632,2904,11174640,21872472,958,5427,5454,37,0,99,37,37,0,0,0,0.589,0.127,0.000,0,0,0,5427,5427,0,0
travel,25.473,611.2,560.668,560.668,fly,0.818,ok,2601,0,0,192.00,274345984,382767104,114090264,95883264,18123768,2904,11174640,22132800,958,5454,5454,0,0,0,0,0,0,0,0,0.063,0.066,0.000,0,0,0,5454,5454,0,0
travel,25.503,611.9,561.182,561.182,fly,0.875,ok,2601,0,0,192.00,274345984,382767104,114090264,95883264,18123768,2904,11174640,22132800,958,5454,5454,0,0,0,0,0,0,0,0,0.065,0.074,0.000,0,0,0,5454,5454,0,0
travel,25.533,612.6,561.694,561.694,fly,0.812,ok,2601,0,0,192.00,274345984,382767104,114090264,95883264,18123768,2904,11174640,22132800,958,5454,5454,0,0,0,0,0,0,0,0,0.062,0.063,0.000,0,0,0,5454,5454,0,0
travel,25.563,613.3,562.203,562.203,fly,0.819,ok,2601,0,0,192.00,274345984,382767104,114090264,95883264,18123768,2904,11174640,22132800,958,5454,5454,0,0,0,0,0,0,0,0,0.063,0.072,0.000,0,0,0,5454,5454,0,0
travel,25.593,614.1,562.715,562.715,fly,0.925,ok,2601,0,0,192.00,274345984,382767104,114090264,95883264,18123768,2904,11174640,22132800,958,5454,5454,0,0,0,0,0,0,0,0,0.071,0.110,0.000,0,0,0,5454,5454,0,0
travel,25.623,614.8,563.224,563.224,fly,0.816,ok,2601,0,0,192.00,274345984,382767104,114090264,95883264,18123768,2904,11174640,22132800,958,5454,5454,0,0,0,0,0,0,0,0,0.062,0.064,0.000,0,0,0,5454,5454,0,0
travel,25.653,615.5,563.733,563.733,fly,0.800,ok,2601,0,0,192.00,274345984,382767104,114090264,95883264,18123768,2904,11174640,22132800,958,5454,5454,0,0,0,0,0,0,0,0,0.062,0.064,0.000,0,0,0,5454,5454,0,0
travel,25.684,616.2,564.250,564.250,fly,0.806,ok,2601,0,0,192.00,274345984,382767104,114090264,95883264,18123768,2904,7449760,22132800,958,5454,5454,0,0,0,0,0,0,0,0,0.062,0.064,0.000,0,0,0,5454,5454,0,0
travel,25.714,617.0,564.761,564.761,fly,0.801,ok,2601,0,0,192.00,274345984,382767104,114090264,95883264,18123768,2904,7449760,22132800,958,5454,5454,0,0,0,0,0,0,0,0,0.063,0.063,0.000,0,0,0,5454,5454,0,0
travel,25.744,617.7,565.273,565.273,fly,0.801,ok,2601,0,0,192.00,274345984,382767104,114090264,95883264,18123768,2904,7449760,22132800,958,5454,5454,0,0,0,0,0,0,0,0,0.061,0.063,0.000,0,0,0,5454,5454,0,0
travel,25.774,618.4,565.784,565.784,fly,0.861,ok,2601,0,0,192.00,274345984,382767104,114090264,95883264,18123768,2904,7449760,22132800,958,5454,5454,0,0,0,0,0,0,0,0,0.063,0.073,0.000,0,0,0,5454,5454,0,0
travel,25.804,619.1,566.293,566.293,fly,0.810,ok,2601,0,0,192.00,274345984,382767104,114090264,95883264,18123768,2904,7449760,22132800,958,5454,5454,0,0,0,0,0,0,0,0,0.062,0.064,0.000,0,0,0,5454,5454,0,0
travel,25.834,619.9,566.802,566.802,fly,0.818,ok,2601,0,0,192.00,274345984,382767104,114090264,95883264,18123768,2904,7449760,22132800,958,5454,5454,0,0,0,0,0,0,0,0,0.061,0.070,0.000,0,0,0,5454,5454,0,0
travel,25.865,620.6,567.318,567.318,fly,0.816,ok,2601,0,0,192.00,274345984,382767104,114090264,95883264,18123768,2904,7449760,22132800,958,5454,5454,0,0,0,0,0,0,0,0,0.061,0.066,0.000,0,0,0,5454,5454,0,0
travel,25.895,621.3,567.830,567.830,fly,0.837,ok,2601,0,0,192.00,274345984,382767104,114090264,95883264,18123768,2904,7449760,22132800,958,5454,5454,0,0,0,0,0,0,0,0,0.067,0.064,0.000,0,0,0,5454,5454,0,0
travel,25.933,622.2,568.476,568.476,fly,0.828,ok,2601,0,0,192.00,274595840,383356928,114090264,95883264,18123768,2904,11174640,22132800,958,5555,5555,0,0,0,0,0,0,0,0,0.063,0.067,0.000,0,0,0,5555,5555,0,0
travel,25.963,622.9,568.986,568.986,fly,0.817,ok,2601,0,0,192.00,274595840,383356928,114090264,95883264,18123768,2904,11174640,22132800,958,5555,5555,0,0,0,0,0,0,0,0,0.063,0.066,0.000,0,0,0,5555,5555,0,0
travel,25.993,623.7,569.495,569.495,fly,1.142,ok,2601,0,0,192.00,274595840,383356928,114090264,95883264,18123768,2904,11174640,22132800,958,5555,5555,0,0,0,0,0,0,0,0,0.387,0.061,0.000,0,0,0,5555,5555,0,0
travel,26.023,624.4,570.008,570.008,fly,0.952,ok,2601,0,0,192.00,274595840,383356928,114090264,95883264,18123768,2904,11174640,22132800,958,5555,5555,0,0,0,0,0,0,0,0,0.073,0.108,0.000,0,0,0,5555,5555,0,0
travel,26.053,625.1,570.519,570.519,fly,0.806,ok,2601,0,0,192.00,274595840,383356928,114090264,95883264,18123768,2904,11174640,22132800,958,5555,5555,0,0,0,0,0,0,0,0,0.062,0.065,0.000,0,0,0,5555,5555,0,0
travel,26.083,625.8,571.027,571.027,fly,0.796,ok,2601,0,0,192.00,274595840,383356928,114090264,95883264,18123768,2904,11174640,22132800,958,5555,5555,0,0,0,0,0,0,0,0,0.062,0.062,0.000,0,0,0,5555,5555,0,0
travel,26.114,626.6,571.542,571.542,fly,0.892,ok,2601,0,0,192.00,274595840,383356928,114090264,95883264,18123768,2904,11174640,22132800,958,5555,5555,0,0,0,0,0,0,0,0,0.132,0.067,0.000,0,0,0,5555,5555,0,0
travel,26.144,627.3,572.051,572.051,fly,0.796,ok,2601,0,0,192.00,274595840,383356928,114090264,95883264,18123768,2904,7449760,22132800,958,5555,5555,0,0,0,0,0,0,0,0,0.061,0.065,0.000,0,0,0,5555,5555,0,0
travel,26.174,628.0,572.571,572.571,fly,0.931,ok,2601,0,0,192.00,274595840,383356928,114090264,95883264,18123768,2904,7449760,22132800,958,5555,5555,0,0,0,0,0,0,0,0,0.135,0.079,0.000,0,0,0,5555,5555,0,0
travel,26.204,628.7,573.080,573.080,fly,0.806,ok,2601,0,0,192.00,274595840,383356928,114090264,95883264,18123768,2904,7449760,22132800,958,5555,5555,0,0,0,0,0,0,0,0,0.063,0.064,0.000,0,0,0,5555,5555,0,0
travel,26.235,629.5,573.599,573.599,fly,0.879,ok,2601,0,0,192.00,274595840,383356928,114090264,95883264,18123768,2904,7449760,22132800,958,5555,5555,0,0,0,0,0,0,0,0,0.064,0.069,0.000,0,0,0,5555,5555,0,0
travel,26.265,630.2,574.108,574.108,fly,0.808,ok,2601,0,0,192.00,274595840,383356928,114090264,95883264,18123768,2904,7449760,22132800,958,5555,5555,0,0,0,0,0,0,0,0,0.061,0.064,0.000,0,0,0,5555,5555,0,0
travel,26.295,630.9,574.619,574.619,fly,0.808,ok,2601,0,0,192.00,274595840,383356928,114090264,95883264,18123768,2904,7449760,22132800,958,5555,5555,0,0,0,0,0,0,0,0,0.062,0.064,0.000,0,0,0,5555,5555,0,0
travel,26.325,631.6,575.133,575.133,fly,0.887,ok,2601,0,0,192.00,274595840,383356928,114090264,95883264,18123768,2904,7449760,22132800,958,5555,5555,0,0,0,0,0,0,0,0,0.063,0.080,0.000,0,0,0,5555,5555,0,0
travel,26.355,632.4,575.643,575.643,fly,0.804,ok,2601,0,0,192.00,274595840,383356928,114090264,95883264,18123768,2904,7449760,22132800,958,5555,5555,0,0,0,0,0,0,0,0,0.062,0.062,0.000,0,0,0,5555,5555,0,0
travel,26.393,633.3,576.288,576.288,fly,0.819,ok,2601,0,0,192.00,273059840,381718528,114090264,95883264,18123768,2904,11174640,22132800,958,5656,5656,0,0,0,0,0,0,0,0,0.064,0.066,0.000,0,0,0,5656,5656,0,0
travel,26.424,634.0,576.800,576.800,fly,0.809,ok,2601,0,0,192.00,273059840,381718528,114090264,95883264,18123768,2904,11174640,22132800,958,5656,5656,0,0,0,0,0,0,0,0,0.062,0.063,0.000,0,0,0,5656,5656,0,0
travel,26.454,634.7,577.309,577.309,fly,0.971,ok,2601,0,0,192.00,273059840,381718528,114090264,95883264,18123768,2904,11174640,22132800,958,5656,5656,0,0,0,0,0,0,0,0,0.068,0.083,0.000,0,0,0,5656,5656,0,0
travel,26.484,635.4,577.825,577.825,fly,0.837,ok,2601,0,0,192.00,273059840,381718528,114090264,95883264,18123768,2904,11174640,22132800,958,5656,5656,0,0,0,0,0,0,0,0,0.063,0.071,0.000,0,0,0,5656,5656,0,0
travel,26.515,636.2,578.342,578.342,fly,0.812,ok,2601,0,0,192.00,273059840,381718528,114090264,95883264,18123768,2904,11174640,22132800,958,5656,5656,0,0,0,0,0,0,0,0,0.062,0.064,0.000,0,0,0,5656,5656,0,0
travel,26.545,636.9,578.862,578.862,fly,1.187,ok,2601,0,0,192.00,273059840,381718528,114090264,95883264,18123768,2904,11174640,22132800,958,5656,5656,0,0,0,0,0,0,0,0,0.426,0.067,0.000,0,0,0,5656,5656,0,0
travel,26.576,637.6,579.375,579.375,fly,0.808,ok,2601,0,0,192.00,273059840,381718528,114090264,95883264,18123768,2904,11174640,22132800,958,5656,5656,0,0,0,0,0,0,0,0,0.063,0.062,0.000,0,0,0,5656,5656,0,0
travel,26.606,638.4,579.888,579.888,fly,0.886,ok,2601,0,0,192.00,273059840,381718528,114090264,95883264,18123768,2904,7449760,22132800,958,5656,5656,0,0,0,0,0,0,0,0,0.134,0.064,0.000,0,0,0,5656,5656,0,0
travel,26.636,639.1,580.397,580.397,fly,0.810,ok,2601,0,0,192.00,273059840,381718528,114090264,95883264,18123768,2904,7449760,22132800,958,5656,5656,0,0,0,0,0,0,0,0,0.065,0.063,0.000,0,0,0,5656,5656,0,0
travel,26.666,639.8,580.911,580.911,fly,0.814,ok,2601,0,0,192.00,273059840,381718528,114090264,95883264,18123768,2904,7449760,22132800,958,5656,5656,0,0,0,0,0,0,0,0,0.061,0.065,0.000,0,0,0,5656,5656,0,0
travel,26.696,640.5,581.420,581.420,fly,0.840,ok,2601,0,0,192.00,273059840,381718528,114090264,95883264,18123768,2904,7449760,22132800,958,5656,5656,0,0,0,0,0,0,0,0,0.063,0.071,0.000,0,0,0,5656,5656,0,0
travel,26.727,641.3,581.939,581.939,fly,0.929,ok,2601,0,0,192.00,273059840,381718528,114090264,95883264,18123768,2904,7449760,22132800,958,5656,5656,0,0,0,0,0,0,0,0,0.070,0.109,0.000,0,0,0,5656,5656,0,0
travel,26.757,642.0,582.452,582.452,fly,0.814,ok,2601,0,0,192.00,273059840,381718528,114090264,95883264,18123768,2904,7449760,22132800,958,5656,5656,0,0,0,0,0,0,0,0,0.061,0.065,0.000,0,0,0,5656,5656,0,0
travel,26.787,642.7,582.963,582.963,fly,0.844,ok,2601,0,0,192.00,273059840,381718528,114090264,95883264,18123768,2904,7449760,22132800,958,5656,5656,0,0,0,0,0,0,0,0,0.062,0.071,0.000,0,0,0,5656,5656,0,0
travel,26.817,643.4,583.477,583.477,fly,0.806,ok,2601,0,0,192.00,273059840,381718528,114090264,95883264,18123768,2904,7449760,22132800,958,5656,5656,0,0,0,0,0,0,0,0,0.062,0.064,0.000,0,0,0,5656,5656,0,0
travel,26.848,644.2,583.990,583.990,fly,0.811,ok,2601,0,0,192.00,273059840,381718528,114090264,95883264,18123768,2904,7449760,22132800,958,5656,5656,0,0,0,0,0,0,0,0,0.062,0.065,0.000,0,0,0,5656,5656,0,0
travel,26.887,645.1,584.664,584.664,fly,0.840,ok,2601,0,0,192.00,273596416,385851392,114090264,95883264,18123768,2904,11174640,22132800,958,5757,5757,0,0,0,0,0,0,0,0,0.064,0.071,0.000,0,0,0,5757,5757,0,0
travel,26.917,645.8,585.173,585.173,fly,0.830,ok,2601,0,0,192.00,273596416,385851392,114090264,95883264,18123768,2904,11174640,22132800,958,5757,5757,0,0,0,0,0,0,0,0,0.068,0.066,0.000,0,0,0,5757,5757,0,0
travel,26.948,646.6,585.686,585.686,fly,0.816,ok,2601,0,0,192.00,273600512,385916928,114090264,95883264,18123768,2904,11174640,22132800,958,5757,5757,0,0,0,0,0,0,0,0,0.062,0.063,0.000,0,0,0,5757,5757,0,0
travel,26.978,647.3,586.195,586.195,fly,0.816,ok,2601,0,0,192.00,273600512,385916928,114090264,95883264,18123768,2904,11174640,22132800,958,5757,5757,0,0,0,0,0,0,0,0,0.063,0.065,0.000,0,0,0,5757,5757,0,0
travel,27.008,648.0,586.704,586.704,fly,0.812,ok,2601,0,0,192.00,273600512,385916928,114090264,95883264,18123768,2904,11174640,22132800,958,5757,5757,0,0,0,0,0,0,0,0,0.062,0.064,0.000,0,0,0,5757,5757,0,0
travel,27.038,648.7,587.218,587.218,fly,0.841,ok,2601,0,0,192.00,273600512,385916928,114090264,95883264,18123768,2904,11174640,22132800,958,5757,5757,0,0,0,0,0,0,0,0,0.063,0.070,0.000,0,0,0,5757,5757,0,0
travel,27.068,649.4,587.729,587.729,fly,0.804,ok,2601,0,0,192.00,273600512,385916928,114090264,95883264,18123768,2904,11174640,22132800,958,5757,5757,0,0,0,0,0,0,0,0,0.063,0.063,0.000,0,0,0,5757,5757,0,0
travel,27.098,650.2,588.238,588.238,fly,0.803,ok,2601,0,0,192.00,273600512,385916928,114090264,95883264,18123768,2904,7449760,22132800,958,5757,5757,0,0,0,0,0,0,0,0,0.062,0.066,0.000,0,0,0,5757,5757,0,0
travel,27.128,650.9,588.748,588.748,fly,0.800,ok,2601,0,0,192.00,273600512,385916928,114090264,95883264,18123768,2904,7449760,22132800,958,5757,5757,0,0,0,0,0,0,0,0,0.061,0.063,0.000,0,0,0,5757,5757,0,0
travel,27.158,651.6,589.259,589.259,fly,0.811,ok,2601,0,0,192.00,273600512,385916928,114090264,95883264,18123768,2904,7449760,22132800,958,5757,5757,0,0,0,0,0,0,0,0,0.062,0.070,0.000,0,0,0,5757,5757,0,0
travel,27.188,652.3,589.768,589.768,fly,0.798,ok,2601,0,0,192.00,273600512,385916928,114090264,95883264,18123768,2904,7449760,22132800,958,5757,5757,0,0,0,0,0,0,0,0,0.061,0.062,0.000,0,0,0,5757,5757,0,0
travel,27.219,653.1,590.282,590.282,fly,0.824,ok,2601,0,0,192.00,273600512,385916928,114090264,95883264,18123768,2904,7449760,22132800,958,5757,5757,0,0,0,0,0,0,0,0,0.062,0.065,0.000,0,0,0,5757,5757,0,0
travel,27.249,653.8,590.791,590.791,fly,0.810,ok,2601,0,0,192.00,273600512,385916928,114090264,95883264,18123768,2904,7449760,22132800,958,5757,5757,0,0,0,0,0,0,0,0,0.062,0.065,0.000,0,0,0,5757,5757,0,0
travel,27.279,654.5,591.300,591.300,fly,0.810,ok,2601,0,0,192.00,273600512,385916928,114090264,95883264,18123768,2904,7449760,22132800,958,5757,5757,0,0,0,0,0,0,0,0,0.062,0.067,0.000,0,0,0,5757,5757,0,0
travel,27.309,655.2,591.814,591.814,fly,0.820,ok,2601,0,0,192.00,273600512,385916928,114090264,95883264,18123768,2904,7449760,22132800,958,5757,5757,0,0,0,0,0,0,0,0,0.062,0.064,0.000,0,0,0,5757,5757,0,0
travel,27.347,656.1,592.462,592.462,fly,0.831,ok,2601,0,0,192.00,273670144,386441216,114090264,95883264,18123768,2904,11174640,22132800,958,5858,5858,0,0,0,0,0,0,0,0,0.064,0.067,0.000,0,0,0,5858,5858,0,0
travel,27.377,656.9,592.974,592.974,fly,0.832,ok,2601,0,0,192.00,273670144,386441216,114090264,95883264,18123768,2904,11174640,22132800,958,5858,5858,0,0,0,0,0,0,0,0,0.064,0.066,0.000,0,0,0,5858,5858,0,0
travel,27.407,657.6,593.485,593.485,fly,0.819,ok,2601,0,0,192.00,273670144,386441216,114090264,95883264,18123768,2904,11174640,22132800,958,5858,5858,0,0,0,0,0,0,0,0,0.064,0.069,0.000,0,0,0,5858,5858,0,0
travel,27.437,658.3,593.995,593.995,fly,0.840,ok,2601,0,0,192.00,273670144,386441216,114090264,95883264,18123768,2904,11174640,22132800,958,5858,5858,0,0,0,0,0,0,0,0,0.062,0.069,0.000,0,0,0,5858,5858,0,0
travel,27.468,659.0,594.510,594.510,fly,0.821,ok,2601,0,0,192.00,273670144,386441216,114090264,95883264,18123768,2904,11174640,22132800,958,5858,5858,0,0,0,0,0,0,0,0,0.062,0.071,0.000,0,0,0,5858,5858,0,0
travel,27.498,659.8,595.020,595.020,fly,0.819,ok,2601,0,0,192.00,273670144,386441216,114090264,95883264,18123768,2904,11174640,22132800,958,5858,5858,0,0,0,0,0,0,0,0,0.063,0.066,0.000,0,0,0,5858,5858,0,0
travel,27.528,660.5,595.529,595.529,fly,1.310,ok,2601,0,0,192.00,273670144,386441216,114090264,95883264,18123768,2904,11174640,22132800,958,5858,5858,0,0,0,0,0,0,0,0,0.264,0.103,0.000,0,0,0,5858,5858,0,0
travel,27.558,661.2,596.045,596.045,fly,0.824,ok,2601,0,0,192.00,273670144,386441216,114090264,95883264,18123768,2904,7449760,22132800,958,5858,5858,0,0,0,0,0,0,0,0,0.062,0.067,0.000,0,0,0,5858,5858,0,0
travel,27.589,661.9,596.559,596.559,fly,0.817,ok,2601,0,0,192.00,273670144,386441216,114090264,95883264,18123768,2904,7449760,22132800,958,5858,5858,0,0,0,0,0,0,0,0,0.062,0.064,0.000,0,0,0,5858,5858,0,0
travel,27.619,662.7,597.071,597.071,fly,0.814,ok,2601,0,0,192.00,273670144,386441216,114090264,95883264,18123768,2904,7449760,22132800,958,5858,5858,0,0,0,0,0,0,0,0,0.061,0.063,0.000,0,0,0,5858,5858,0,0
travel,27.649,663.4,597.580,597.580,fly,0.811,ok,2601,0,0,192.00,273670144,386441216,114090264,95883264,18123768,2904,7449760,22132800,958,5858,5858,0,0,0,0,0,0,0,0,0.061,0.065,0.000,0,0,0,5858,5858,0,0
travel,27.679,664.1,598.089,598.089,fly,0.959,ok,2601,0,0,192.00,273670144,386441216,114090264,95883264,18123768,2904,7449760,22132800,958,5858,5858,0,0,0,0,0,0,0,0,0.070,0.112,0.000,0,0,0,5858,5858,0,0
travel,27.710,664.8,598.610,598.610,fly,0.844,ok,2601,0,0,192.00,273670144,386441216,114090264,95883264,18123768,2904,7449760,22132800,958,5858,5858,0,0,0,0,0,0,0,0,0.063,0.069,0.000,0,0,0,5858,5858,0,0
travel,27.740,665.6,599.119,599.119,fly,0.836,ok,2601,0,0,192.00,273670144,386441216,114090264,95883264,18123768,2904,7449760,22132800,958,5858,5858,0,0,0,0,0,0,0,0,0.062,0.071,0.000,0,0,0,5858,5858,0,0
travel,27.770,666.3,599.636,599.636,fly,0.907,ok,2601,0,0,192.00,273670144,386441216,114090264,95883264,18123768,2904,7449760,22132800,958,5858,5858,0,0,0,0,0,0,0,0,0.071,0.106,0.000,0,0,0,5858,5858,0,0
travel,27.808,667.2,600.274,600.274,fly,0.817,ok,2601,0,0,192.00,273149952,385916928,114090264,95883264,18123768,2904,11174640,22132800,958,5959,5959,0,0,0,0,0,0,0,0,0.062,0.072,0.000,0,0,0,5959,5959,0,0
travel,27.838,667.9,600.783,600.783,fly,0.804,ok,2601,0,0,192.00,273149952,385916928,114090264,95883264,18123768,2904,11174640,22132800,958,5959,5959,0,0,0,0,0,0,0,0,0.062,0.066,0.000,0,0,0,5959,5959,0,0
travel,27.868,668.6,601.295,601.295,fly,0.814,ok,2601,0,0,192.00,273149952,385916928,114090264,95883264,18123768,2904,11174640,22132800,958,5959,5959,0,0,0,0,0,0,0,0,0.062,0.064,0.000,0,0,0,5959,5959,0,0
travel,27.898,669.4,601.804,601.804,fly,0.872,ok,2601,0,0,192.00,273149952,385916928,114090264,95883264,18123768,2904,11174640,22132800,958,5959,5959,0,0,0,0,0,0,0,0,0.063,0.072,0.000,0,0,0,5959,5959,0,0
travel,27.928,670.1,602.317,602.317,fly,0.801,ok,2601,0,0,192.00,273149952,385916928,114090264,95883264,18123768,2904,11174640,22132800,958,5959,5959,0,0,0,0,0,0,0,0,0.062,0.064,0.000,0,0,0,5959,5959,0,0
travel,27.958,670.8,602.826,602.826,fly,0.800,ok,2601,0,0,192.00,273149952,385916928,114090264,95883264,18123768,2904,11174640,22132800,958,5959,5959,0,0,0,0,0,0,0,0,0.061,0.064,0.000,0,0,0,5959,5959,0,0
travel,27.988,671.5,603.335,603.335,fly,0.803,ok,2601,0,0,192.00,273149952,385916928,114090264,95883264,18123768,2904,11174640,22132800,958,5959,5959,0,0,0,0,0,0,0,0,0.062,0.064,0.000,0,0,0,5959,5959,0,0
travel,28.018,672.2,603.844,603.844,fly,0.797,ok,2601,0,0,192.00,273149952,385916928,114090264,95883264,18123768,2904,11174640,22132800,958,5959,5959,0,0,0,0,0,0,0,0,0.061,0.060,0.000,0,0,0,5959,5959,0,0
travel,28.048,673.0,604.353,604.353,fly,0.934,ok,2601,0,0,192.00,273149952,385916928,114090264,95883264,18123768,2904,7449760,22132800,958,5959,5959,0,0,0,0,0,0,0,0,0.074,0.138,0.000,0,0,0,5959,5959,0,0
travel,28.078,673.7,604.868,604.868,fly,0.824,ok,2601,0,0,192.00,273149952,385916928,114090264,95883264,18123768,2904,7449760,22132800,958,5959,5959,0,0,0,0,0,0,0,0,0.061,0.062,0.000,0,0,0,5959,5959,0,0
travel,28.109,674.4,605.384,605.384,fly,0.814,ok,2601,0,0,192.00,273149952,385916928,114090264,95883264,18123768,2904,7449760,22132800,958,5959,5959,0,0,0,0,0,0,0,0,0.061,0.062,0.000,0,0,0,5959,5959,0,0
travel,28.139,675.1,605.894,605.894,fly,0.896,ok,2601,0,0,192.00,273149952,385916928,114090264,95883264,18123768,2904,7449760,22132800,958,5959,5959,0,0,0,0,0,0,0,0,0.137,0.066,0.000,0,0,0,5959,5959,0,0
travel,28.169,675.9,606.404,606.404,fly,0.814,ok,2601,0,0,192.00,273149952,385916928,114090264,95883264,18123768,2904,7449760,22132800,958,5959,5959,0,0,0,0,0,0,0,0,0.061,0.066,0.000,0,0,0,5959,5959,0,0
travel,28.199,676.6,606.919,606.919,fly,0.985,ok,2601,0,0,192.00,273149952,385916928,114090264,95883264,18123768,2904,7449760,22132800,958,5959,5959,0,0,0,0,0,0,0,0,0.070,0.108,0.000,0,0,0,5959,5959,0,0
travel,28.230,677.3,607.431,607.431,fly,0.820,ok,2601,0,0,192.00,273149952,385916928,114090264,95883264,18123768,2904,7449760,22132800,958,5959,5959,0,0,0,0,0,0,0,0,0.061,0.064,0.000,0,0,0,5959,5959,0,0
travel,28.260,678.0,607.944,607.944,fly,0.806,ok,2601,0,0,192.00,273149952,385916928,114090264,95883264,18123768,2904,7449760,22132800,958,5959,5959,0,0,0,0,0,0,0,0,0.061,0.064,0.000,0,0,0,5959,5959,0,0
travel,28.298,679.0,608.594,608.594,fly,0.811,ok,2601,0,0,192.00,273555456,385916928,114090264,95883264,18123768,2904,11174640,22132800,958,6060,6060,0,0,0,0,0,0,0,0,0.063,0.065,0.000,0,0,0,6060,6060,0,0
travel,28.328,679.7,609.104,609.104,fly,0.856,ok,2601,0,0,192.00,273555456,385916928,114090264,95883264,18123768,2904,11174640,22132800,958,6060,6060,0,0,0,0,0,0,0,0,0.064,0.073,0.000,0,0,0,6060,6060,0,0
travel,28.358,680.4,609.615,609.615,fly,0.810,ok,2601,0,0,192.00,273555456,385916928,114090264,95883264,18123768,2904,11174640,22132800,958,6060,6060,0,0,0,0,0,0,0,0,0.063,0.065,0.000,0,0,0,6060,6060,0,0
travel,28.389,681.1,610.131,610.131,fly,0.834,ok,2601,0,0,192.00,273555456,385916928,114090264,95883264,18123768,2904,11174640,22132800,958,6060,6060,0,0,0,0,0,0,0,0,0.063,0.066,0.000,0,0,0,6060,6060,0,0
travel,28.419,681.9,610.643,610.643,fly,0.818,ok,2601,0,0,192.00,273555456,385916928,114090264,95883264,18123768,2904,11174640,22132800,958,6060,6060,0,0,0,0,0,0,0,0,0.062,0.065,0.000,0,0,0,6060,6060,0,0
travel,28.449,682.6,611.158,611.158,fly,0.813,ok,2601,0,0,192.00,273555456,385916928,114090264,95883264,18123768,2904,11174640,22132800,958,6060,6060,0,0,0,0,0,0,0,0,0.061,0.063,0.000,0,0,0,6060,6060,0,0
travel,28.479,683.3,611.667,611.667,fly,0.838,ok,2601,0,0,192.00,273555456,385916928,114090264,95883264,18123768,2904,11174640,22132800,958,6060,6060,0,0,0,0,0,0,0,0,0.062,0.067,0.000,0,0,0,6060,6060,0,0
travel,28.510,684.0,612.180,612.180,fly,1.151,ok,2601,0,0,192.00,273555456,385916928,114090264,95883264,18123768,2904,7449760,22132800,958,6060,6060,0,0,0,0,0,0,0,0,0.389,0.061,0.000,0,0,0,6060,6060,0,0
travel,28.540,684.8,612.694,612.694,fly,0.815,ok,2601,0,0,192.00,273555456,385916928,114090264,95883264,18123768,2904,7449760,22132800,958,6060,6060,0,0,0,0,0,0,0,0,0.061,0.064,0.000,0,0,0,6060,6060,0,0
travel,28.570,685.5,613.210,613.210,fly,0.946,ok,2601,0,0,192.00,273555456,385916928,114090264,95883264,18123768,2904,7449760,22132800,958,6060,6060,0,0,0,0,0,0,0,0,0.138,0.076,0.000,0,0,0,6060,6060,0,0
travel,28.601,686.2,613.723,613.723,fly,0.817,ok,2601,0,0,192.00,273555456,385916928,114090264,95883264,18123768,2904,7449760,22132800,958,6060,6060,0,0,0,0,0,0,0,0,0.061,0.063,0.000,0,0,0,6060,6060,0,0
travel,28.631,686.9,614.232,614.232,fly,0.842,ok,2601,0,0,192.00,273555456,385916928,114090264,95883264,18123768,2904,7449760,22132800,958,6060,6060,0,0,0,0,0,0,0,0,0.061,0.068,0.000,0,0,0,6060,6060,0,0
travel,28.661,687.6,614.741,614.741,fly,0.821,ok,2601,0,0,192.00,273555456,385916928,114090264,95883264,18123768,2904,7449760,22132800,958,6060,6060,0,0,0,0,0,0,0,0,0.061,0.065,0.000,0,0,0,6060,6060,0,0
travel,28.691,688.4,615.254,615.254,fly,0.818,ok,2601,0,0,192.00,273555456,385916928,114090264,95883264,18123768,2904,7449760,22132800,958,6060,6060,0,0,0,0,0,0,0,0,0.062,0.064,0.000,0,0,0,6060,6060,0,0
travel,28.721,689.1,615.765,615.765,fly,0.825,ok,2601,0,0,192.00,273555456,385916928,114090264,95883264,18123768,2904,7449760,22132800,958,6060,6060,0,0,0,0,0,0,0,0,0.061,0.070,0.000,0,0,0,6060,6060,0,0
travel,28.759,690.0,616.413,616.413,fly,0.822,ok,2601,0,0,192.00,273920000,386965504,114090264,95883264,18123768,2904,11174640,22132800,958,6161,6161,0,0,0,0,0,0,0,0,0.064,0.065,0.000,0,0,0,6161,6161,0,0
travel,28.789,690.7,616.926,616.926,fly,0.799,ok,2601,0,0,192.00,273920000,386965504,114090264,95883264,18123768,2904,11174640,22132800,958,6161,6161,0,0,0,0,0,0,0,0,0.062,0.059,0.000,0,0,0,6161,6161,0,0
travel,28.819,691.5,617.437,617.437,fly,0.824,ok,2601,0,0,192.00,273920000,386965504,114090264,95883264,18123768,2904,11174640,22132800,958,6161,6161,0,0,0,0,0,0,0,0,0.065,0.067,0.000,0,0,0,6161,6161,0,0
travel,28.850,692.2,617.951,617.951,fly,0.815,ok,2601,0,0,192.00,273920000,386965504,114090264,95883264,18123768,2904,11174640,22132800,958,6161,6161,0,0,0,0,0,0,0,0,0.060,0.064,0.000,0,0,0,6161,6161,0,0
travel,28.880,692.9,618.461,618.461,fly,0.826,ok,2601,0,0,192.00,273920000,386965504,114090264,95883264,18123768,2904,11174640,22132800,958,6161,6161,0,0,0,0,0,0,0,0,0.064,0.069,0.000,0,0,0,6161,6161,0,0
travel,28.911,693.6,618.981,618.981,fly,0.845,ok,2601,0,0,192.00,273920000,386965504,114090264,95883264,18123768,2904,11174640,22132800,958,6161,6161,0,0,0,0,0,0,0,0,0.067,0.069,0.000,0,0,0,6161,6161,0,0
travel,28.941,694.4,619.491,619.491,fly,0.886,ok,2601,0,0,192.00,273920000,386965504,114090264,95883264,18123768,2904,11174640,22132800,958,6161,6161,0,0,0,0,0,0,0,0,0.139,0.060,0.000,0,0,0,6161,6161,0,0
travel,28.971,695.1,620.011,620.011,fly,0.873,ok,2601,0,0,192.00,273920000,386965504,114090264,95883264,18123768,2904,7449760,22132800,958,6161,6161,0,0,0,0,0,0,0,0,0.062,0.071,0.000,0,0,0,6161,6161,0,0
travel,29.001,695.8,620.523,620.523,fly,0.807,ok,2601,0,0,192.00,273920000,386965504,114090264,95883264,18123768,2904,7449760,22132800,958,6161,6161,0,0,0,0,0,0,0,0,0.062,0.062,0.000,0,0,0,6161,6161,0,0
travel,29.032,696.6,621.036,621.036,fly,0.965,ok,2601,0,0,192.00,273920000,386965504,114090264,95883264,18123768,2904,7449760,22132800,958,6161,6161,0,0,0,0,0,0,0,0,0.072,0.110,0.000,0,0,0,6161,6161,0,0
travel,29.062,697.3,621.545,621.545,fly,0.852,ok,2601,0,0,192.00,273920000,386965504,114090264,95883264,18123768,2904,7449760,22132800,958,6161,6161,0,0,0,0,0,0,0,0,0.064,0.075,0.000,0,0,0,6161,6161,0,0
travel,29.092,698.0,622.057,622.057,fly,0.823,ok,2601,0,0,192.00,273920000,386965504,114090264,95883264,18123768,2904,7449760,22132800,958,6161,6161,0,0,0,0,0,0,0,0,0.064,0.065,0.000,0,0,0,6161,6161,0,0
travel,29.122,698.7,622.566,622.566,fly,0.820,ok,2601,0,0,192.00,273920000,386965504,114090264,95883264,18123768,2904,7449760,22132800,958,6161,6161,0,0,0,0,0,0,0,0,0.062,0.065,0.000,0,0,0,6161,6161,0,0
travel,29.152,699.4,623.078,623.078,fly,0.831,ok,2601,0,0,192.00,273920000,386965504,114090264,95883264,18123768,2904,7449760,22132800,958,6161,6161,0,0,0,0,0,0,0,0,0.061,0.072,0.000,0,0,0,6161,6161,0,0
travel,29.182,700.2,623.590,623.590,fly,0.831,ok,2601,0,0,192.00,273920000,386965504,114090264,95883264,18123768,2904,7449760,22132800,958,6161,6161,0,0,0,0,0,0,0,0,0.064,0.067,0.000,0,0,0,6161,6161,0,0
travel,29.221,701.1,624.253,624.253,fly,0.842,ok,2601,0,0,192.00,275116032,390180864,114090264,95883264,18123768,2904,11174640,22132800,958,6262,6262,0,0,0,0,0,0,0,0,0.063,0.066,0.000,0,0,0,6262,6262,0,0
travel,29.251,701.8,624.763,624.763,fly,0.815,ok,2601,0,0,192.00,275120128,390180864,114090264,95883264,18123768,2904,11174640,22132800,958,6262,6262,0,0,0,0,0,0,0,0,0.061,0.061,0.000,0,0,0,6262,6262,0,0
travel,29.283,702.6,625.304,625.304,fly,0.820,ok,2601,0,0,192.00,275120128,390180864,114090264,95883264,18123768,2904,11174640,22132800,958,6262,6262,0,0,0,0,0,0,0,0,0.062,0.061,0.000,0,0,0,6262,6262,0,0
travel,29.313,703.3,625.816,625.816,fly,0.856,ok,2601,0,0,192.00,275120128,390180864,114090264,95883264,18123768,2904,11174640,22132800,958,6262,6262,0,0,0,0,0,0,0,0,0.063,0.068,0.000,0,0,0,6262,6262,0,0
travel,29.343,704.0,626.326,626.326,fly,0.841,ok,2601,0,0,192.00,275120128,390180864,114090264,95883264,18123768,2904,11174640,22132800,958,6262,6262,0,0,0,0,0,0,0,0,0.062,0.070,0.000,0,0,0,6262,6262,0,0
travel,29.374,704.8,626.837,626.837,fly,0.820,ok,2601,0,0,192.00,275120128,390180864,114090264,95883264,18123768,2904,11174640,22132800,958,6262,6262,0,0,0,0,0,0,0,0,0.061,0.064,0.000,0,0,0,6262,6262,0,0
travel,29.404,705.5,627.348,627.348,fly,0.821,ok,2601,0,0,192.00,275120128,390180864,114090264,95883264,18123768,2904,11174640,22132800,958,6262,6262,0,0,0,0,0,0,0,0,0.063,0.064,0.000,0,0,0,6262,6262,0,0
travel,29.434,706.2,627.862,627.862,fly,0.818,ok,2601,0,0,192.00,275120128,390180864,114090264,95883264,18123768,2904,7449760,22132800,958,6262,6262,0,0,0,0,0,0,0,0,0.062,0.061,0.000,0,0,0,6262,6262,0,0
travel,29.464,706.9,628.372,628.372,fly,0.820,ok,2601,0,0,192.00,275120128,390180864,114090264,95883264,18123768,2904,7449760,22132800,958,6262,6262,0,0,0,0,0,0,0,0,0.061,0.066,0.000,0,0,0,6262,6262,0,0
travel,29.494,707.6,628.883,628.883,fly,0.824,ok,2601,0,0,192.00,275120128,390180864,114090264,95883264,18123768,2904,7449760,22132800,958,6262,6262,0,0,0,0,0,0,0,0,0.063,0.068,0.000,0,0,0,6262,6262,0,0
travel,29.524,708.4,629.393,629.393,fly,0.816,ok,2601,0,0,192.00,275120128,390180864,114090264,95883264,18123768,2904,7449760,22132800,958,6262,6262,0,0,0,0,0,0,0,0,0.061,0.062,0.000,0,0,0,6262,6262,0,0
travel,29.554,709.1,629.902,629.902,fly,0.842,ok,2601,0,0,192.00,275120128,390180864,114090264,95883264,18123768,2904,7449760,22132800,958,6262,6262,0,0,0,0,0,0,0,0,0.063,0.068,0.000,0,0,0,6262,6262,0,0
travel,29.584,709.8,630.412,630.412,fly,0.818,ok,2601,0,0,192.00,275120128,390180864,114090264,95883264,18123768,2904,7449760,22132800,958,6262,6262,0,0,0,0,0,0,0,0,0.062,0.060,0.000,0,0,0,6262,6262,0,0
travel,29.615,710.5,630.929,630.929,fly,0.814,ok,2601,0,0,192.00,275120128,390180864,114090264,95883264,18123768,2904,7449760,22132800,958,6262,6262,0,0,0,0,0,0,0,0,0.062,0.060,0.000,0,0,0,6262,6262,0,0
travel,29.645,711.3,631.438,631.438,fly,0.961,ok,2601,0,0,192.00,275120128,390180864,114090264,95883264,18123768,2904,7449760,22132800,958,6262,6262,0,0,0,0,0,0,0,0,0.175,0.065,0.000,0,0,0,6262,6262,0,0
travel,29.675,712.0,631.952,631.952,fly,0.819,ok,2601,0,0,192.00,275120128,390180864,114090264,95883264,18123768,2904,7449760,22132800,958,6262,6262,0,0,0,0,0,0,0,0,0.061,0.063,0.000,0,0,0,6262,6262,0,0
travel,29.713,712.9,632.596,632.596,fly,0.823,ok,2601,0,0,192.00,276000768,391229440,114090264,95883264,18123768,2904,11174640,22132800,958,6363,6363,0,0,0,0,0,0,0,0,0.064,0.066,0.000,0,0,0,6363,6363,0,0
travel,29.743,713.6,633.109,633.109,fly,0.822,ok,2601,0,0,192.00,276000768,391229440,114090264,95883264,18123768,2904,11174640,22132800,958,6363,6363,0,0,0,0,0,0,0,0,0.063,0.066,0.000,0,0,0,6363,6363,0,0
travel,29.773,714.3,633.619,633.619,fly,0.823,ok,2601,0,0,192.00,276000768,391229440,114090264,95883264,18123768,2904,11174640,22132800,958,6363,6363,0,0,0,0,0,0,0,0,0.063,0.066,0.000,0,0,0,6363,6363,0,0
travel,29.804,715.1,634.130,634.130,fly,0.819,ok,2601,0,0,192.00,276000768,391229440,114090264,95883264,18123768,2904,11174640,22132800,958,6363,6363,0,0,0,0,0,0,0,0,0.062,0.064,0.000,0,0,0,6363,6363,0,0
travel,29.834,715.8,634.644,634.644,fly,0.815,ok,2601,0,0,192.00,276000768,391229440,114090264,95883264,18123768,2904,11174640,22132800,958,6363,6363,0,0,0,0,0,0,0,0,0.062,0.062,0.000,0,0,0,6363,6363,0,0
travel,29.864,716.5,635.155,635.155,fly,0.968,ok,2601,0,0,192.00,276000768,391229440,114090264,95883264,18123768,2904,11174640,22132800,958,6363,6363,0,0,0,0,0,0,0,0,0.071,0.111,0.000,0,0,0,6363,6363,0,0
travel,29.894,717.2,635.665,635.665,fly,0.825,ok,2601,0,0,192.00,276000768,391229440,114090264,95883264,18123768,2904,11174640,22132800,958,6363,6363,0,0,0,0,0,0,0,0,0.062,0.067,0.000,0,0,0,6363,6363,0,0
travel,29.924,718.0,636.179,636.179,fly,0.825,ok,2601,0,0,192.00,276000768,391229440,114090264,95883264,18123768,2904,7449760,22132800,958,6363,6363,0,0,0,0,0,0,0,0,0.062,0.064,0.000,0,0,0,6363,6363,0,0
travel,29.954,718.7,636.689,636.689,fly,1.160,ok,2601,0,0,192.00,276000768,391229440,114090264,95883264,18123768,2904,7449760,22132800,958,6363,6363,0,0,0,0,0,0,0,0,0.399,0.067,0.000,0,0,0,6363,6363,0,0
travel,29.985,719.4,637.208,637.208,fly,0.818,ok,2601,0,0,192.00,276000768,391229440,114090264,95883264,18123768,2904,7449760,22132800,958,6363,6363,0,0,0,0,0,0,0,0,0.061,0.063,0.000,0,0,0,6363,6363,0,0
travel,30.015,720.2,637.724,637.724,fly,0.824,ok,2601,0,0,192.00,276000768,391229440,114090264,95883264,18123768,2904,7449760,22132800,958,6363,6363,0,0,0,0,0,0,0,0,0.062,0.066,0.000,0,0,0,6363,6363,0,0
travel,30.046,720.9,638.233,638.233,fly,0.837,ok,2601,0,0,192.00,276000768,391229440,114090264,95883264,18123768,2904,7449760,22132800,958,6363,6363,0,0,0,0,0,0,0,0,0.062,0.076,0.000,0,0,0,6363,6363,0,0
travel,30.076,721.6,638.747,638.747,fly,0.824,ok,2601,0,0,192.00,276000768,391229440,114090264,95883264,18123768,2904,7449760,22132800,958,6363,6363,0,0,0,0,0,0,0,0,0.062,0.070,0.000,0,0,0,6363,6363,0,0
travel,30.106,722.3,639.256,639.256,fly,0.814,ok,2601,0,0,192.00,276000768,391229440,114090264,95883264,18123768,2904,7449760,22132800,958,6363,6363,0,0,0,0,0,0,0,0,0.062,0.062,0.000,0,0,0,6363,6363,0,0
travel,30.136,723.0,639.770,639.770,fly,0.818,ok,2601,0,0,192.00,276000768,391229440,114090264,95883264,18123768,2904,7449760,22132800,958,6363,6363,0,0,0,0,0,0,0,0,0.063,0.064,0.000,0,0,0,6363,6363,0,0
travel,30.174,724.0,640.414,640.414,fly,0.863,ok,2601,0,0,192.00,276492288,391753728,114090264,95883264,18123768,2904,11174640,22132800,958,6464,6464,0,0,0,0,0,0,0,0,0.064,0.073,0.000,0,0,0,6464,6464,0,0
travel,30.204,724.7,640.926,640.926,fly,0.835,ok,2601,0,0,192.00,276492288,391753728,114090264,95883264,18123768,2904,11174640,22132800,958,6464,6464,0,0,0,0,0,0,0,0,0.063,0.068,0.000,0,0,0,6464,6464,0,0
travel,30.234,725.4,641.435,641.435,fly,0.845,ok,2601,0,0,192.00,276492288,391753728,114090264,95883264,18123768,2904,11174640,22132800,958,6464,6464,0,0,0,0,0,0,0,0,0.064,0.068,0.000,0,0,0,6464,6464,0,0
travel,30.265,726.1,641.951,641.951,fly,0.823,ok,2601,0,0,192.00,276492288,391753728,114090264,95883264,18123768,2904,11174640,22132800,958,6464,6464,0,0,0,0,0,0,0,0,0.062,0.066,0.000,0,0,0,6464,6464,0,0
travel,30.295,726.9,642.469,642.469,fly,0.821,ok,2601,0,0,192.00,276492288,391753728,114090264,95883264,18123768,2904,11174640,22132800,958,6464,6464,0,0,0,0,0,0,0,0,0.063,0.063,0.000,0,0,0,6464,6464,0,0
travel,30.326,727.6,642.984,642.984,fly,0.843,ok,2601,0,0,192.00,276492288,391753728,114090264,95883264,18123768,2904,11174640,22132800,958,6464,6464,0,0,0,0,0,0,0,0,0.064,0.066,0.000,0,0,0,6464,6464,0,0
travel,30.356,728.3,643.494,643.494,fly,0.828,ok,2601,0,0,192.00,276492288,391753728,114090264,95883264,18123768,2904,11174640,22132800,958,6464,6464,0,0,0,0,0,0,0,0,0.062,0.066,0.000,0,0,0,6464,6464,0,0
travel,30.386,729.0,644.003,644.003,fly,0.856,ok,2601,0,0,192.00,276492288,391753728,114090264,95883264,18123768,2904,7449760,22132800,958,6464,6464,0,0,0,0,0,0,0,0,0.064,0.064,0.000,0,0,0,6464,6464,0,0
travel,30.416,729.8,644.512,644.512,fly,0.831,ok,2601,0,0,192.00,276492288,391753728,114090264,95883264,18123768,2904,7449760,22132800,958,6464,6464,0,0,0,0,0,0,0,0,0.062,0.065,0.000,0,0,0,6464,6464,0,0
travel,30.446,730.5,645.024,645.024,fly,0.816,ok,2601,0,0,192.00,276492288,391753728,114090264,95883264,18123768,2904,7449760,22132800,958,6464,6464,0,0,0,0,0,0,0,0,0.062,0.063,0.000,0,0,0,6464,6464,0,0
travel,30.476,731.2,645.533,645.533,fly,0.819,ok,2601,0,0,192.00,276492288,391753728,114090264,95883264,18123768,2904,7449760,22132800,958,6464,6464,0,0,0,0,0,0,0,0,0.064,0.063,0.000,0,0,0,6464,6464,0,0
travel,30.506,731.9,646.045,646.045,fly,0.888,ok,2601,0,0,192.00,276492288,391753728,114090264,95883264,18123768,2904,7449760,22132800,958,6464,6464,0,0,0,0,0,0,0,0,0.072,0.106,0.000,0,0,0,6464,6464,0,0
travel,30.536,732.6,646.556,646.556,fly,0.799,ok,2601,0,0,192.00,276492288,391753728,114090264,95883264,18123768,2904,7449760,22132800,958,6464,6464,0,0,0,0,0,0,0,0,0.061,0.062,0.000,0,0,0,6464,6464,0,0
travel,30.566,733.4,647.067,647.067,fly,0.826,ok,2601,0,0,192.00,276492288,391753728,114090264,95883264,18123768,2904,7449760,22132800,958,6464,6464,0,0,0,0,0,0,0,0,0.061,0.068,0.000,0,0,0,6464,6464,0,0
travel,30.596,734.1,647.575,647.575,fly,0.803,ok,2601,0,0,192.00,276492288,391753728,114090264,95883264,18123768,2904,7449760,22132800,958,6464,6464,0,0,0,0,0,0,0,0,0.061,0.062,0.000,0,0,0,6464,6464,0,0
travel,30.634,735.0,648.214,648.214,fly,0.822,ok,2601,0,0,192.00,277250048,392216576,114090264,95883264,18123768,2904,11174640,22132800,958,6565,6565,0,0,0,0,0,0,0,0,0.064,0.065,0.000,0,0,0,6565,6565,0,0
travel,30.665,735.7,648.736,648.736,fly,0.831,ok,2601,0,0,192.00,277250048,392216576,114090264,95883264,18123768,2904,11174640,22132800,958,6565,6565,0,0,0,0,0,0,0,0,0.062,0.065,0.000,0,0,0,6565,6565,0,0
travel,30.695,736.4,649.244,649.244,fly,0.830,ok,2601,0,0,192.00,277254144,392282112,114090264,95883264,18123768,2904,11174640,22132800,958,6565,6565,0,0,0,0,0,0,0,0,0.061,0.065,0.000,0,0,0,6565,6565,0,0
travel,30.725,737.2,649.761,649.761,fly,0.815,ok,2601,0,0,192.00,277254144,392282112,114090264,95883264,18123768,2904,11174640,22132800,958,6565,6565,0,0,0,0,0,0,0,0,0.063,0.060,0.000,0,0,0,6565,6565,0,0
travel,30.755,737.9,650.270,650.270,fly,0.821,ok,2601,0,0,192.00,277254144,392282112,114090264,95883264,18123768,2904,11174640,22132800,958,6565,6565,0,0,0,0,0,0,0,0,0.062,0.063,0.000,0,0,0,6565,6565,0,0
travel,30.785,738.6,650.782,650.782,fly,0.957,ok,2601,0,0,192.00,277254144,392282112,114090264,95883264,18123768,2904,11174640,22132800,958,6565,6565,0,0,0,0,0,0,0,0,0.088,0.159,0.000,0,0,0,6565,6565,0,0
travel,30.816,739.3,651.298,651.298,fly,1.065,ok,2601,0,0,192.00,277254144,392282112,114090264,95883264,18123768,2904,11174640,22132800,958,6565,6565,0,0,0,0,0,0,0,0,0.300,0.063,0.000,0,0,0,6565,6565,0,0
travel,30.846,740.1,651.808,651.808,fly,0.815,ok,2601,0,0,192.00,277254144,392282112,114090264,95883264,18123768,2904,7449760,22132800,958,6565,6565,0,0,0,0,0,0,0,0,0.061,0.060,0.000,0,0,0,6565,6565,0,0
travel,30.876,740.8,652.320,652.320,fly,0.817,ok,2601,0,0,192.00,277254144,392282112,114090264,95883264,18123768,2904,7449760,22132800,958,6565,6565,0,0,0,0,0,0,0,0,0.063,0.065,0.000,0,0,0,6565,6565,0,0
travel,30.906,741.5,652.830,652.830,fly,0.850,ok,2601,0,0,192.00,277254144,392282112,114090264,95883264,18123768,2904,7449760,22132800,958,6565,6565,0,0,0,0,0,0,0,0,0.064,0.068,0.000,0,0,0,6565,6565,0,0
travel,30.937,742.3,653.355,653.355,fly,0.829,ok,2601,0,0,192.00,277254144,392282112,114090264,95883264,18123768,2904,7449760,22132800,958,6565,6565,0,0,0,0,0,0,0,0,0.063,0.066,0.000,0,0,0,6565,6565,0,0
travel,30.967,743.0,653.863,653.863,fly,0.816,ok,2601,0,0,192.00,277254144,392282112,114090264,95883264,18123768,2904,7449760,22132800,958,6565,6565,0,0,0,0,0,0,0,0,0.061,0.066,0.000,0,0,0,6565,6565,0,0
travel,30.997,743.7,654.377,654.377,fly,0.818,ok,2601,0,0,192.00,277254144,392282112,114090264,95883264,18123768,2904,7449760,22132800,958,6565,6565,0,0,0,0,0,0,0,0,0.063,0.066,0.000,0,0,0,6565,6565,0,0
travel,31.028,744.4,654.890,654.890,fly,0.820,ok,2601,0,0,192.00,277254144,392282112,114090264,95883264,18123768,2904,7449760,22132800,958,6565,6565,0,0,0,0,0,0,0,0,0.062,0.067,0.000,0,0,0,6565,6565,0,0
travel,31.058,745.2,655.402,655.402,fly,0.816,ok,2601,0,0,192.00,277254144,392282112,114090264,95883264,18123768,2904,7449760,22132800,958,6565,6565,0,0,0,0,0,0,0,0,0.062,0.064,0.000,0,0,0,6565,6565,0,0
travel,31.088,745.9,655.910,655.910,fly,0.830,ok,2601,0,0,192.00,277254144,392282112,114090264,95883264,18123768,2904,7449760,22132800,958,6565,6565,0,0,0,0,0,0,0,0,0.062,0.068,0.000,0,0,0,6565,6565,0,0
travel,31.127,746.8,656.569,656.569,fly,0.935,ok,2601,0,0,192.00,278446080,395956224,114090264,95883264,18123768,2904,11174640,22132800,958,6666,6666,0,0,0,0,0,0,0,0,0.143,0.073,0.000,0,0,0,6666,6666,0,0
travel,31.157,747.5,657.080,657.080,fly,0.819,ok,2601,0,0,192.00,278446080,395956224,114090264,95883264,18123768,2904,11174640,22132800,958,6666,6666,0,0,0,0,0,0,0,0,0.063,0.063,0.000,0,0,0,6666,6666,0,0
travel,31.187,748.2,657.590,657.590,fly,0.818,ok,2601,0,0,192.00,278446080,395956224,114090264,95883264,18123768,2904,11174640,22132800,958,6666,6666,0,0,0,0,0,0,0,0,0.063,0.064,0.000,0,0,0,6666,6666,0,0
travel,31.217,749.0,658.101,658.101,fly,0.820,ok,2601,0,0,192.00,278446080,395956224,114090264,95883264,18123768,2904,11174640,22132800,958,6666,6666,0,0,0,0,0,0,0,0,0.062,0.064,0.000,0,0,0,6666,6666,0,0
travel,31.247,749.7,658.611,658.611,fly,0.952,ok,2601,0,0,192.00,278446080,395956224,114090264,95883264,18123768,2904,11174640,22132800,958,6666,6666,0,0,0,0,0,0,0,0,0.072,0.111,0.000,0,0,0,6666,6666,0,0
travel,31.278,750.4,659.132,659.132,fly,0.805,ok,2601,0,0,192.00,278446080,395956224,114090264,95883264,18123768,2904,11174640,22132800,958,6666,6666,0,0,0,0,0,0,0,0,0.061,0.065,0.000,0,0,0,6666,6666,0,0
travel,31.308,751.1,659.642,659.642,fly,0.813,ok,2601,0,0,192.00,278446080,395956224,114090264,95883264,18123768,2904,11174640,22132800,958,6666,6666,0,0,0,0,0,0,0,0,0.061,0.064,0.000,0,0,0,6666,6666,0,0
travel,31.338,751.9,660.163,660.163,fly,0.808,ok,2601,0,0,192.00,278446080,395956224,114090264,95883264,18123768,2904,7449760,22132800,958,6666,6666,0,0,0,0,0,0,0,0,0.065,0.065,0.000,0,0,0,6666,6666,0,0
travel,31.369,752.6,660.676,660.676,fly,0.803,ok,2601,0,0,192.00,278446080,395956224,114090264,95883264,18123768,2904,7449760,22132800,958,6666,6666,0,0,0,0,0,0,0,0,0.061,0.064,0.000,0,0,0,6666,6666,0,0
travel,31.399,753.3,661.185,661.185,fly,0.815,ok,2601,0,0,192.00,278446080,395956224,114090264,95883264,18123768,2904,7449760,22132800,958,6666,6666,0,0,0,0,0,0,0,0,0.061,0.068,0.000,0,0,0,6666,6666,0,0
travel,31.429,754.1,661.697,661.697,fly,0.819,ok,2601,0,0,192.00,278446080,395956224,114090264,95883264,18123768,2904,7449760,22132800,958,6666,6666,0,0,0,0,0,0,0,0,0.062,0.064,0.000,0,0,0,6666,6666,0,0
travel,31.459,754.8,662.206,662.206,fly,0.803,ok,2601,0,0,192.00,278446080,395956224,114090264,95883264,18123768,2904,7449760,22132800,958,6666,6666,0,0,0,0,0,0,0,0,0.061,0.063,0.000,0,0,0,6666,6666,0,0
travel,31.489,755.5,662.715,662.715,fly,0.861,ok,2601,0,0,192.00,278446080,395956224,114090264,95883264,18123768,2904,7449760,22132800,958,6666,6666,0,0,0,0,0,0,0,0,0.063,0.073,0.000,0,0,0,6666,6666,0,0
travel,31.519,756.2,663.224,663.224,fly,0.807,ok,2601,0,0,192.00,278446080,395956224,114090264,95883264,18123768,2904,7449760,22132800,958,6666,6666,0,0,0,0,0,0,0,0,0.064,0.062,0.000,0,0,0,6666,6666,0,0
travel,31.549,756.9,663.741,663.741,fly,0.805,ok,2601,0,0,192.00,278446080,395956224,114090264,95883264,18123768,2904,7449760,22132800,958,6666,6666,0,0,0,0,0,0,0,0,0.061,0.065,0.000,0,0,0,6666,6666,0,0
travel,31.587,757.9,664.386,664.386,fly,0.826,ok,2601,0,0,192.00,279293952,397008896,114090264,95883264,18123768,2904,11174640,22132800,958,6767,6767,0,0,0,0,0,0,0,0,0.061,0.063,0.000,0,0,0,6767,6767,0,0
travel,31.618,758.6,664.900,664.900,fly,0.995,ok,2601,0,0,192.00,279293952,397008896,114090264,95883264,18123768,2904,11174640,22132800,958,6767,6767,0,0,0,0,0,0,0,0,0.145,0.106,0.000,0,0,0,6767,6767,0,0
travel,31.648,759.3,665.414,665.414,fly,0.827,ok,2601,0,0,192.00,279293952,397008896,114090264,95883264,18123768,2904,11174640,22132800,958,6767,6767,0,0,0,0,0,0,0,0,0.063,0.067,0.000,0,0,0,6767,6767,0,0
travel,31.678,760.0,665.923,665.923,fly,0.814,ok,2601,0,0,192.00,279293952,397008896,114090264,95883264,18123768,2904,11174640,22132800,958,6767,6767,0,0,0,0,0,0,0,0,0.062,0.064,0.000,0,0,0,6767,6767,0,0
travel,31.708,760.8,666.432,666.432,fly,0.803,ok,2601,0,0,192.00,279293952,397008896,114090264,95883264,18123768,2904,11174640,22132800,958,6767,6767,0,0,0,0,0,0,0,0,0.061,0.065,0.000,0,0,0,6767,6767,0,0
travel,31.738,761.5,666.947,666.947,fly,0.800,ok,2601,0,0,192.00,279293952,397008896,114090264,95883264,18123768,2904,11174640,22132800,958,6767,6767,0,0,0,0,0,0,0,0,0.062,0.060,0.000,0,0,0,6767,6767,0,0
travel,31.768,762.2,667.456,667.456,fly,0.907,ok,2601,0,0,192.00,279293952,397008896,114090264,95883264,18123768,2904,11174640,22132800,958,6767,6767,0,0,0,0,0,0,0,0,0.071,0.107,0.000,0,0,0,6767,6767,0,0
travel,31.798,762.9,667.966,667.966,fly,0.811,ok,2601,0,0,192.00,279293952,397008896,114090264,95883264,18123768,2904,7449760,22132800,958,6767,6767,0,0,0,0,0,0,0,0,0.062,0.064,0.000,0,0,0,6767,6767,0,0
travel,31.828,763.6,668.475,668.475,fly,0.830,ok,2601,0,0,192.00,279293952,397008896,114090264,95883264,18123768,2904,7449760,22132800,958,6767,6767,0,0,0,0,0,0,0,0,0.061,0.069,0.000,0,0,0,6767,6767,0,0
travel,31.859,764.4,668.988,668.988,fly,0.795,ok,2601,0,0,192.00,279293952,397008896,114090264,95883264,18123768,2904,7449760,22132800,958,6767,6767,0,0,0,0,0,0,0,0,0.062,0.059,0.000,0,0,0,6767,6767,0,0
travel,31.889,765.1,669.497,669.497,fly,0.806,ok,2601,0,0,192.00,279293952,397008896,114090264,95883264,18123768,2904,7449760,22132800,958,6767,6767,0,0,0,0,0,0,0,0,0.061,0.064,0.000,0,0,0,6767,6767,0,0
travel,31.919,765.8,670.007,670.007,fly,1.143,ok,2601,0,0,192.00,279293952,397008896,114090264,95883264,18123768,2904,7449760,22132800,958,6767,6767,0,0,0,0,0,0,0,0,0.086,0.300,0.000,0,0,0,6767,6767,0,0
travel,31.950,766.5,670.531,670.531,fly,0.819,ok,2601,0,0,192.00,279293952,397008896,114090264,95883264,18123768,2904,7449760,22132800,958,6767,6767,0,0,0,0,0,0,0,0,0.061,0.064,0.000,0,0,0,6767,6767,0,0
travel,31.980,767.3,671.046,671.046,fly,0.825,ok,2601,0,0,192.00,279293952,397008896,114090264,95883264,18123768,2904,7449760,22132800,958,6767,6767,0,0,0,0,0,0,0,0,0.061,0.065,0.000,0,0,0,6767,6767,0,0
travel,32.010,768.0,671.557,671.557,fly,0.826,ok,2601,0,0,192.00,279293952,397008896,114090264,95883264,18123768,2904,7449760,22132800,958,6767,6767,0,0,0,0,0,0,0,0,0.065,0.068,0.000,0,0,0,6767,6767,0,0
travel,32.050,769.0,672.230,672.230,fly,0.843,ok,2601,0,0,192.00,279957504,397533184,114090264,95883264,18123768,2904,11174640,22132800,958,6868,6868,0,0,0,0,0,0,0,0,0.070,0.070,0.000,0,0,0,6868,6868,0,0
travel,32.080,769.7,672.744,672.744,fly,0.820,ok,2601,0,0,192.00,279957504,397533184,114090264,95883264,18123768,2904,11174640,22132800,958,6868,6868,0,0,0,0,0,0,0,0,0.064,0.068,0.000,0,0,0,6868,6868,0,0
travel,32.110,770.4,673.257,673.257,fly,0.824,ok,2601,0,0,192.00,279957504,397533184,114090264,95883264,18123768,2904,11174640,22132800,958,6868,6868,0,0,0,0,0,0,0,0,0.065,0.068,0.000,0,0,0,6868,6868,0,0
travel,32.140,771.1,673.767,673.767,fly,0.817,ok,2601,0,0,192.00,279957504,397533184,114090264,95883264,18123768,2904,11174640,22132800,958,6868,6868,0,0,0,0,0,0,0,0,0.062,0.066,0.000,0,0,0,6868,6868,0,0
travel,32.170,771.8,674.277,674.277,fly,0.834,ok,2601,0,0,192.00,279957504,397533184,114090264,95883264,18123768,2904,11174640,22132800,958,6868,6868,0,0,0,0,0,0,0,0,0.062,0.067,0.000,0,0,0,6868,6868,0,0
travel,32.201,772.6,674.787,674.787,fly,0.812,ok,2601,0,0,192.00,279957504,397533184,114090264,95883264,18123768,2904,11174640,22132800,958,6868,6868,0,0,0,0,0,0,0,0,0.065,0.064,0.000,0,0,0,6868,6868,0,0
travel,32.231,773.3,675.299,675.299,fly,0.841,ok,2601,0,0,192.00,279957504,397533184,114090264,95883264,18123768,2904,11174640,22132800,958,6868,6868,0,0,0,0,0,0,0,0,0.063,0.072,0.000,0,0,0,6868,6868,0,0
travel,32.261,774.0,675.809,675.809,fly,0.821,ok,2601,0,0,192.00,279957504,397533184,114090264,95883264,18123768,2904,7449760,22132800,958,6868,6868,0,0,0,0,0,0,0,0,0.063,0.066,0.000,0,0,0,6868,6868,0,0
travel,32.291,774.7,676.322,676.322,fly,0.814,ok,2601,0,0,192.00,279957504,397533184,114090264,95883264,18123768,2904,7449760,22132800,958,6868,6868,0,0,0,0,0,0,0,0,0.064,0.061,0.000,0,0,0,6868,6868,0,0
travel,32.322,775.5,676.839,676.839,fly,0.824,ok,2601,0,0,192.00,279957504,397533184,114090264,95883264,18123768,2904,7449760,22132800,958,6868,6868,0,0,0,0,0,0,0,0,0.062,0.064,0.000,0,0,0,6868,6868,0,0
travel,32.352,776.2,677.357,677.357,fly,0.823,ok,2601,0,0,192.00,279957504,397533184,114090264,95883264,18123768,2904,7449760,22132800,958,6868,6868,0,0,0,0,0,0,0,0,0.061,0.065,0.000,0,0,0,6868,6868,0,0
travel,32.383,776.9,677.875,677.875,fly,0.921,ok,2601,0,0,192.00,279957504,397533184,114090264,95883264,18123768,2904,7449760,22132800,958,6868,6868,0,0,0,0,0,0,0,0,0.138,0.071,0.000,0,0,0,6868,6868,0,0
travel,32.413,777.7,678.386,678.386,fly,0.802,ok,2601,0,0,192.00,279957504,397533184,114090264,95883264,18123768,2904,7449760,22132800,958,6868,6868,0,0,0,0,0,0,0,0,0.061,0.064,0.000,0,0,0,6868,6868,0,0
travel,32.443,778.4,678.895,678.895,fly,0.807,ok,2601,0,0,192.00,279957504,397533184,114090264,95883264,18123768,2904,7449760,22132800,958,6868,6868,0,0,0,0,0,0,0,0,0.061,0.064,0.000,0,0,0,6868,6868,0,0
travel,32.473,779.1,679.410,679.410,fly,0.856,ok,2601,0,0,192.00,279957504,397533184,114090264,95883264,18123768,2904,7449760,22132800,958,6868,6868,0,0,0,0,0,0,0,0,0.063,0.076,0.000,0,0,0,6868,6868,0,0
travel,32.503,779.8,679.919,679.919,fly,0.846,ok,2601,0,0,192.00,279957504,397533184,114090264,95883264,18123768,2904,7449760,22132800,958,6868,6868,0,0,0,0,0,0,0,0,0.062,0.071,0.000,0,0,0,6868,6868,0,0
travel,32.541,780.7,680.564,680.564,fly,0.818,ok,2601,0,0,192.00,280825856,398585856,114090264,95883264,18123768,2904,11174640,22132800,958,6969,6969,0,0,0,0,0,0,0,0,0.062,0.060,0.000,0,0,0,6969,6969,0,0
travel,32.571,781.5,681.076,681.076,fly,0.825,ok,2601,0,0,192.00,280825856,398585856,114090264,95883264,18123768,2904,11174640,22132800,958,6969,6969,0,0,0,0,0,0,0,0,0.062,0.064,0.000,0,0,0,6969,6969,0,0
travel,32.601,782.2,681.586,681.586,fly,0.864,ok,2601,0,0,192.00,280825856,398585856,114090264,95883264,18123768,2904,11174640,22132800,958,6969,6969,0,0,0,0,0,0,0,0,0.064,0.073,0.000,0,0,0,6969,6969,0,0
travel,32.631,782.9,682.095,682.095,fly,0.809,ok,2601,0,0,192.00,280825856,398585856,114090264,95883264,18123768,2904,11174640,22132800,958,6969,6969,0,0,0,0,0,0,0,0,0.062,0.062,0.000,0,0,0,6969,6969,0,0
travel,32.661,783.6,682.604,682.604,fly,0.804,ok,2601,0,0,192.00,280825856,398585856,114090264,95883264,18123768,2904,11174640,22132800,958,6969,6969,0,0,0,0,0,0,0,0,0.062,0.064,0.000,0,0,0,6969,6969,0,0
travel,32.692,784.3,683.118,683.118,fly,0.796,ok,2601,0,0,192.00,280825856,398585856,114090264,95883264,18123768,2904,11174640,22132800,958,6969,6969,0,0,0,0,0,0,0,0,0.062,0.062,0.000,0,0,0,6969,6969,0,0
travel,32.722,785.1,683.629,683.629,fly,0.791,ok,2601,0,0,192.00,280825856,398585856,114090264,95883264,18123768,2904,11174640,22132800,958,6969,6969,0,0,0,0,0,0,0,0,0.062,0.060,0.000,0,0,0,6969,6969,0,0
travel,32.752,785.8,684.138,684.138,fly,0.840,ok,2601,0,0,192.00,280825856,398585856,114090264,95883264,18123768,2904,7449760,22132800,958,6969,6969,0,0,0,0,0,0,0,0,0.062,0.071,0.000,0,0,0,6969,6969,0,0
travel,32.782,786.5,684.647,684.647,fly,0.797,ok,2601,0,0,192.00,280825856,398585856,114090264,95883264,18123768,2904,7449760,22132800,958,6969,6969,0,0,0,0,0,0,0,0,0.061,0.059,0.000,0,0,0,6969,6969,0,0
travel,32.812,787.2,685.156,685.156,fly,0.812,ok,2601,0,0,192.00,280825856,398585856,114090264,95883264,18123768,2904,7449760,22132800,958,6969,6969,0,0,0,0,0,0,0,0,0.062,0.063,0.000,0,0,0,6969,6969,0,0
travel,32.842,788.0,685.669,685.669,fly,0.825,ok,2601,0,0,192.00,280825856,398585856,114090264,95883264,18123768,2904,7449760,22132800,958,6969,6969,0,0,0,0,0,0,0,0,0.061,0.070,0.000,0,0,0,6969,6969,0,0
travel,32.872,788.7,686.181,686.181,fly,0.795,ok,2601,0,0,192.00,280825856,398585856,114090264,95883264,18123768,2904,7449760,22132800,958,6969,6969,0,0,0,0,0,0,0,0,0.061,0.065,0.000,0,0,0,6969,6969,0,0
travel,32.902,789.4,686.690,686.690,fly,0.845,ok,2601,0,0,192.00,280825856,398585856,114090264,95883264,18123768,2904,7449760,22132800,958,6969,6969,0,0,0,0,0,0,0,0,0.062,0.070,0.000,0,0,0,6969,6969,0,0
travel,32.932,790.1,687.199,687.199,fly,0.812,ok,2601,0,0,192.00,280825856,398585856,114090264,95883264,18123768,2904,7449760,22132800,958,6969,6969,0,0,0,0,0,0,0,0,0.061,0.064,0.000,0,0,0,6969,6969,0,0
travel,32.962,790.8,687.710,687.710,fly,0.803,ok,2601,0,0,192.00,280891392,398585856,114090264,95883264,18123768,2904,7449760,22132800,958,6969,6969,0,0,0,0,0,0,0,0,0.061,0.064,0.000,0,0,0,6969,6969,0,0
travel,33.001,791.8,688.357,688.357,fly,0.830,ok,2601,0,0,192.00,281661440,401211392,114090264,95883264,18123768,2904,11174640,22132800,958,7070,7070,0,0,0,0,0,0,0,0,0.063,0.066,0.000,0,0,0,7070,7070,0,0
travel,33.031,792.5,688.866,688.866,fly,0.813,ok,2601,0,0,192.00,281661440,401211392,114090264,95883264,18123768,2904,11174640,22132800,958,7070,7070,0,0,0,0,0,0,0,0,0.061,0.066,0.000,0,0,0,7070,7070,0,0
travel,33.061,793.2,689.382,689.382,fly,0.816,ok,2601,0,0,192.00,281661440,401211392,114090264,95883264,18123768,2904,11174640,22132800,958,7070,7070,0,0,0,0,0,0,0,0,0.062,0.066,0.000,0,0,0,7070,7070,0,0
travel,33.091,793.9,689.892,689.892,fly,0.937,ok,2601,0,0,192.00,281661440,401211392,114090264,95883264,18123768,2904,11174640,22132800,958,7070,7070,0,0,0,0,0,0,0,0,0.166,0.066,0.000,0,0,0,7070,7070,0,0
travel,33.121,794.7,690.407,690.407,fly,0.806,ok,2601,0,0,192.00,281661440,401211392,114090264,95883264,18123768,2904,11174640,22132800,958,7070,7070,0,0,0,0,0,0,0,0,0.061,0.065,0.000,0,0,0,7070,7070,0,0
travel,33.152,795.4,690.917,690.917,fly,0.810,ok,2601,0,0,192.00,281661440,401211392,114090264,95883264,18123768,2904,11174640,22132800,958,7070,7070,0,0,0,0,0,0,0,0,0.063,0.065,0.000,0,0,0,7070,7070,0,0
travel,33.182,796.1,691.428,691.428,fly,0.804,ok,2601,0,0,192.00,281661440,401211392,114090264,95883264,18123768,2904,11174640,22132800,958,7070,7070,0,0,0,0,0,0,0,0,0.061,0.064,0.000,0,0,0,7070,7070,0,0
travel,33.212,796.8,691.943,691.943,fly,0.831,ok,2601,0,0,192.00,281661440,401211392,114090264,95883264,18123768,2904,11174640,22132800,958,7070,7070,0,0,0,0,0,0,0,0,0.065,0.065,0.000,0,0,0,7070,7070,0,0
travel,33.242,797.5,692.453,692.453,fly,0.818,ok,2601,0,0,192.00,281661440,401211392,114090264,95883264,18123768,2904,7449760,22132800,958,7070,7070,0,0,0,0,0,0,0,0,0.062,0.064,0.000,0,0,0,7070,7070,0,0
travel,33.272,798.3,692.966,692.966,fly,0.807,ok,2601,0,0,192.00,281661440,401211392,114090264,95883264,18123768,2904,7449760,22132800,958,7070,7070,0,0,0,0,0,0,0,0,0.061,0.060,0.000,0,0,0,7070,7070,0,0
travel,33.302,799.0,693.476,693.476,fly,0.814,ok,2601,0,0,192.00,281661440,401211392,114090264,95883264,18123768,2904,7449760,22132800,958,7070,7070,0,0,0,0,0,0,0,0,0.064,0.063,0.000,0,0,0,7070,7070,0,0
travel,33.333,799.7,693.994,693.994,fly,0.804,ok,2601,0,0,192.00,281661440,401211392,114090264,95883264,18123768,2904,7449760,22132800,958,7070,7070,0,0,0,0,0,0,0,0,0.061,0.064,0.000,0,0,0,7070,7070,0,0
travel,33.363,800.5,694.504,694.504,fly,0.836,ok,2601,0,0,192.00,281661440,401211392,114090264,95883264,18123768,2904,7449760,22132800,958,7070,7070,0,0,0,0,0,0,0,0,0.062,0.069,0.000,0,0,0,7070,7070,0,0
travel,33.394,801.2,695.024,695.024,fly,0.817,ok,2601,0,0,192.00,281661440,401211392,114090264,95883264,18123768,2904,7449760,22132800,958,7070,7070,0,0,0,0,0,0,0,0,0.061,0.061,0.000,0,0,0,7070,7070,0,0
travel,33.424,801.9,695.533,695.533,fly,0.928,ok,2601,0,0,192.00,281661440,401211392,114090264,95883264,18123768,2904,7449760,22132800,958,7070,7070,0,0,0,0,0,0,0,0,0.072,0.110,0.000,0,0,0,7070,7070,0,0
travel,33.462,802.8,696.180,696.180,fly,0.876,ok,2601,0,0,192.00,281661440,401969152,114090264,95883264,18123768,2904,11174640,22132800,958,7171,7171,0,0,69,0,0,0,0,0,0.063,0.072,0.000,0,0,0,7171,7171,0,0
travel,33.492,803.5,696.694,696.694,fly,0.815,ok,2601,0,0,192.00,281661440,401969152,114090264,95883264,18123768,2904,11174640,22132800,958,7171,7171,0,0,0,0,0,0,0,0,0.062,0.064,0.000,0,0,0,7171,7171,0,0
travel,33.522,804.3,697.209,697.209,fly,0.924,ok,2601,0,0,192.00,281661440,401969152,114090264,95883264,18123768,2904,11174640,22132800,958,7171,7171,0,0,0,0,0,0,0,0,0.148,0.067,0.000,0,0,0,7171,7171,0,0
travel,33.553,805.0,697.722,697.722,fly,0.916,ok,2601,0,0,192.00,281661440,401969152,114090264,95883264,18123768,2904,11174640,22132800,958,7171,7171,0,0,0,0,0,0,0,0,0.072,0.108,0.000,0,0,0,7171,7171,0,0
travel,33.583,805.7,698.235,698.235,fly,0.810,ok,2601,0,0,192.00,281661440,401969152,114090264,95883264,18123768,2904,11174640,22132800,958,7171,7171,0,0,0,0,0,0,0,0,0.062,0.063,0.000,0,0,0,7171,7171,0,0
travel,33.613,806.4,698.744,698.744,fly,0.818,ok,2601,0,0,192.00,281661440,401969152,114090264,95883264,18123768,2904,11174640,22132800,958,7171,7171,0,0,0,0,0,0,0,0,0.060,0.065,0.000,0,0,0,7171,7171,0,0
travel,33.643,807.2,699.255,699.255,fly,0.808,ok,2601,0,0,192.00,281661440,401969152,114090264,95883264,18123768,2904,11174640,22132800,958,7171,7171,0,0,0,0,0,0,0,0,0.061,0.064,0.000,0,0,0,7171,7171,0,0
travel,33.673,807.9,699.766,699.766,fly,0.817,ok,2601,0,0,192.00,281661440,401969152,114090264,95883264,18123768,2904,11174640,22132800,958,7171,7171,0,0,0,0,0,0,0,0,0.061,0.066,0.000,0,0,0,7171,7171,0,0
travel,33.703,808.6,700.280,700.280,fly,0.815,ok,2601,0,0,192.00,281661440,401969152,114090264,95883264,18123768,2904,7449760,22132800,958,7171,7171,0,0,0,0,0,0,0,0,0.061,0.061,0.000,0,0,0,7171,7171,0,0
travel,33.733,809.3,700.789,700.789,fly,0.836,ok,2601,0,0,192.00,281661440,401969152,114090264,95883264,18123768,2904,7449760,22132800,958,7171,7171,0,0,0,0,0,0,0,0,0.062,0.070,0.000,0,0,0,7171,7171,0,0
travel,33.764,810.1,701.298,701.298,fly,0.838,ok,2601,0,0,192.00,281661440,401969152,114090264,95883264,18123768,2904,7449760,22132800,958,7171,7171,0,0,0,0,0,0,0,0,0.062,0.069,0.000,0,0,0,7171,7171,0,0
travel,33.794,810.8,701.811,701.811,fly,0.811,ok,2601,0,0,192.00,281661440,401969152,114090264,95883264,18123768,2904,7449760,22132800,958,7171,7171,0,0,0,0,0,0,0,0,0.063,0.063,0.000,0,0,0,7171,7171,0,0
travel,33.824,811.5,702.323,702.323,fly,0.820,ok,2601,0,0,192.00,281661440,401969152,114090264,95883264,18123768,2904,7449760,22132800,958,7171,7171,0,0,0,0,0,0,0,0,0.061,0.066,0.000,0,0,0,7171,7171,0,0
travel,33.854,812.2,702.832,702.832,fly,0.841,ok,2601,0,0,192.00,281661440,401969152,114090264,95883264,18123768,2904,7449760,22132800,958,7171,7171,0,0,0,0,0,0,0,0,0.062,0.072,0.000,0,0,0,7171,7171,0,0
travel,33.884,813.0,703.343,703.343,fly,0.814,ok,2601,0,0,192.00,281661440,401969152,114090264,95883264,18123768,2904,7449760,22132800,958,7171,7171,0,0,0,0,0,0,0,0,0.062,0.064,0.000,0,0,0,7171,7171,0,0
travel,33.914,813.7,703.855,703.855,fly,0.806,ok,2601,0,0,192.00,281661440,401969152,114090264,95883264,18123768,2904,7449760,22132800,958,7171,7171,0,0,0,0,0,0,0,0,0.061,0.060,0.000,0,0,0,7171,7171,0,0
travel,33.953,814.6,704.509,704.509,fly,0.999,ok,2601,0,0,192.00,281661440,401969152,114090264,95883264,18123768,2904,11174640,22132800,958,7272,7272,0,0,0,0,0,0,0,0,0.230,0.063,0.000,0,0,0,7272,7272,0,0
travel,33.983,815.3,705.021,705.021,fly,0.886,ok,2601,0,0,192.00,281661440,401969152,114090264,95883264,18123768,2904,11174640,22132800,958,7272,7272,0,0,0,0,0,0,0,0,0.065,0.081,0.000,0,0,0,7272,7272,0,0
travel,34.013,816.0,705.530,705.530,fly,0.915,ok,2601,0,0,192.00,281661440,401969152,114090264,95883264,18123768,2904,11174640,22132800,958,7272,7272,0,0,0,0,0,0,0,0,0.139,0.066,0.000,0,0,0,7272,7272,0,0
travel,34.043,816.8,706.041,706.041,fly,0.817,ok,2601,0,0,192.00,281661440,401969152,114090264,95883264,18123768,2904,11174640,22132800,958,7272,7272,0,0,0,0,0,0,0,0,0.062,0.065,0.000,0,0,0,7272,7272,0,0
travel,34.073,817.5,706.556,706.556,fly,0.821,ok,2601,0,0,192.00,281665536,401969152,114090264,95883264,18123768,2904,11174640,22132800,958,7272,7272,0,0,0,0,0,0,0,0,0.063,0.063,0.000,0,0,0,7272,7272,0,0
travel,34.105,818.3,707.096,707.096,fly,0.833,ok,2601,0,0,192.00,281665536,401969152,114090264,95883264,18123768,2904,11174640,22132800,958,7272,7272,0,0,0,0,0,0,0,0,0.062,0.070,0.000,0,0,0,7272,7272,0,0
travel,34.135,819.0,707.607,707.607,fly,0.808,ok,2601,0,0,192.00,281665536,401969152,114090264,95883264,18123768,2904,11174640,22132800,958,7272,7272,0,0,0,0,0,0,0,0,0.062,0.061,0.000,0,0,0,7272,7272,0,0
travel,34.166,819.7,708.116,708.116,fly,0.814,ok,2601,0,0,192.00,281665536,401969152,114090264,95883264,18123768,2904,7449760,22132800,958,7272,7272,0,0,0,0,0,0,0,0,0.062,0.066,0.000,0,0,0,7272,7272,0,0
travel,34.196,820.4,708.641,708.641,fly,0.818,ok,2601,0,0,192.00,281665536,401969152,114090264,95883264,18123768,2904,7449760,22132800,958,7272,7272,0,0,0,0,0,0,0,0,0.061,0.064,0.000,0,0,0,7272,7272,0,0
travel,34.227,821.2,709.157,709.157,fly,0.893,ok,2601,0,0,192.00,281665536,401969152,114090264,95883264,18123768,2904,7449760,22132800,958,7272,7272,0,0,0,0,0,0,0,0,0.136,0.062,0.000,0,0,0,7272,7272,0,0
travel,34.257,821.9,709.667,709.667,fly,0.893,ok,2601,0,0,192.00,281665536,401969152,114090264,95883264,18123768,2904,7449760,22132800,958,7272,7272,0,0,0,0,0,0,0,0,0.064,0.085,0.000,0,0,0,7272,7272,0,0
travel,34.287,822.6,710.178,710.178,fly,0.809,ok,2601,0,0,192.00,281665536,401969152,114090264,95883264,18123768,2904,7449760,22132800,958,7272,7272,0,0,0,0,0,0,0,0,0.061,0.065,0.000,0,0,0,7272,7272,0,0
travel,34.317,823.3,710.691,710.691,fly,0.818,ok,2601,0,0,192.00,281665536,401969152,114090264,95883264,18123768,2904,7449760,22132800,958,7272,7272,0,0,0,0,0,0,0,0,0.061,0.064,0.000,0,0,0,7272,7272,0,0
travel,34.347,824.1,711.202,711.202,fly,0.811,ok,2601,0,0,192.00,281665536,401969152,114090264,95883264,18123768,2904,7449760,22132800,958,7272,7272,0,0,0,0,0,0,0,0,0.062,0.061,0.000,0,0,0,7272,7272,0,0
travel,34.378,824.8,711.716,711.716,fly,0.811,ok,2601,0,0,192.00,281665536,401969152,114090264,95883264,18123768,2904,7449760,22132800,958,7272,7272,0,0,0,0,0,0,0,0,0.061,0.064,0.000,0,0,0,7272,7272,0,0
travel,34.416,825.7,712.359,712.359,fly,0.814,ok,2601,0,0,192.00,282189824,402493440,114090264,95883264,18123768,2904,11174640,22132800,958,7373,7373,0,0,0,0,0,0,0,0,0.062,0.063,0.000,0,0,0,7373,7373,0,0
travel,34.446,826.4,712.873,712.873,fly,0.860,ok,2601,0,0,192.00,282189824,402493440,114090264,95883264,18123768,2904,11174640,22132800,958,7373,7373,0,0,0,0,0,0,0,0,0.063,0.073,0.000,0,0,0,7373,7373,0,0
travel,34.476,827.2,713.384,713.384,fly,0.815,ok,2601,0,0,192.00,282189824,402493440,114090264,95883264,18123768,2904,11174640,22132800,958,7373,7373,0,0,0,0,0,0,0,0,0.061,0.062,0.000,0,0,0,7373,7373,0,0
travel,34.506,827.9,713.898,713.898,fly,0.817,ok,2601,0,0,192.00,282189824,402493440,114090264,95883264,18123768,2904,11174640,22132800,958,7373,7373,0,0,0,0,0,0,0,0,0.062,0.061,0.000,0,0,0,7373,7373,0,0
travel,34.537,828.6,714.412,714.412,fly,1.046,ok,2601,0,0,192.00,282189824,402493440,114090264,95883264,18123768,2904,11174640,22132800,958,7373,7373,0,0,0,0,0,0,0,0,0.273,0.071,0.000,0,0,0,7373,7373,0,0
travel,34.567,829.3,714.924,714.924,fly,0.817,ok,2601,0,0,192.00,282189824,402493440,114090264,95883264,18123768,2904,11174640,22132800,958,7373,7373,0,0,0,0,0,0,0,0,0.062,0.063,0.000,0,0,0,7373,7373,0,0
travel,34.597,830.1,715.437,715.437,fly,0.895,ok,2601,0,0,192.00,282189824,402493440,114090264,95883264,18123768,2904,11174640,22132800,958,7373,7373,0,0,0,0,0,0,0,0,0.133,0.066,0.000,0,0,0,7373,7373,0,0
travel,34.627,830.8,715.947,715.947,fly,0.812,ok,2601,0,0,192.00,282189824,402493440,114090264,95883264,18123768,2904,7449760,22132800,958,7373,7373,0,0,0,0,0,0,0,0,0.062,0.064,0.000,0,0,0,7373,7373,0,0
travel,34.657,831.5,716.460,716.460,fly,0.811,ok,2601,0,0,192.00,282189824,402493440,114090264,95883264,18123768,2904,7449760,22132800,958,7373,7373,0,0,0,0,0,0,0,0,0.061,0.064,0.000,0,0,0,7373,7373,0,0
travel,34.687,832.2,716.971,716.971,fly,0.837,ok,2601,0,0,192.00,282189824,402493440,114090264,95883264,18123768,2904,7449760,22132800,958,7373,7373,0,0,0,0,0,0,0,0,0.062,0.067,0.000,0,0,0,7373,7373,0,0
travel,34.718,833.0,717.485,717.485,fly,0.880,ok,2601,0,0,192.00,282189824,402493440,114090264,95883264,18123768,2904,7449760,22132800,958,7373,7373,0,0,0,0,0,0,0,0,0.064,0.079,0.000,0,0,0,7373,7373,0,0
travel,34.748,833.7,717.995,717.995,fly,0.807,ok,2601,0,0,192.00,282189824,402493440,114090264,95883264,18123768,2904,7449760,22132800,958,7373,7373,0,0,0,0,0,0,0,0,0.060,0.063,0.000,0,0,0,7373,7373,0,0
travel,34.778,834.4,718.507,718.507,fly,0.819,ok,2601,0,0,192.00,282189824,402493440,114090264,95883264,18123768,2904,7449760,22132800,958,7373,7373,0,0,0,0,0,0,0,0,0.064,0.067,0.000,0,0,0,7373,7373,0,0
travel,34.808,835.1,719.019,719.019,fly,0.824,ok,2601,0,0,192.00,282189824,402493440,114090264,95883264,18123768,2904,7449760,22132800,958,7373,7373,0,0,0,0,0,0,0,0,0.061,0.065,0.000,0,0,0,7373,7373,0,0
travel,34.838,835.8,719.528,719.528,fly,0.814,ok,2601,0,0,192.00,282189824,402493440,114090264,95883264,18123768,2904,7449760,22132800,958,7373,7373,0,0,0,0,0,0,0,0,0.061,0.065,0.000,0,0,0,7373,7373,0,0
travel,34.874,836.7,720.137,720.137,fly,3.006,ok,2601,0,0,192.00,282198016,402493440,114090264,95883264,18123768,2904,11174640,22132800,958,7474,7474,30,0,103,30,30,0,0,0,0.084,0.080,0.000,0,0,0,7474,7474,0,0
travel,34.906,837.5,720.684,720.684,fly,0.837,ok,2601,0,0,192.00,282198016,402493440,114090264,95883264,18123768,2904,11174640,22132800,958,7474,7474,0,0,0,0,0,0,0,0,0.062,0.070,0.000,0,0,0,7474,7474,0,0
travel,34.937,838.2,721.195,721.195,fly,0.823,ok,2601,0,0,192.00,282198016,402493440,114090264,95883264,18123768,2904,11174640,22132800,958,7474,7474,0,0,0,0,0,0,0,0,0.062,0.068,0.000,0,0,0,7474,7474,0,0
travel,34.967,838.9,721.706,721.706,fly,1.087,ok,2601,0,0,192.00,282198016,402493440,114090264,95883264,18123768,2904,11174640,22132800,958,7474,7474,0,0,0,0,0,0,0,0,0.314,0.064,0.000,0,0,0,7474,7474,0,0
travel,34.997,839.6,722.220,722.220,fly,0.828,ok,2601,0,0,192.00,282198016,402493440,114090264,95883264,18123768,2904,11174640,22132800,958,7474,7474,0,0,0,0,0,0,0,0,0.062,0.067,0.000,0,0,0,7474,7474,0,0
travel,35.027,840.4,722.729,722.729,fly,0.924,ok,2601,0,0,192.00,282198016,402493440,114090264,95883264,18123768,2904,11174640,22132800,958,7474,7474,0,0,0,0,0,0,0,0,0.133,0.068,0.000,0,0,0,7474,7474,0,0
travel,35.058,841.1,723.247,723.247,fly,0.815,ok,2601,0,0,192.00,282198016,402493440,114090264,95883264,18123768,2904,11174640,22132800,958,7474,7474,0,0,0,0,0,0,0,0,0.061,0.063,0.000,0,0,0,7474,7474,0,0
travel,35.088,841.8,723.761,723.761,fly,0.828,ok,2601,0,0,192.00,282198016,402493440,114090264,95883264,18123768,2904,7449760,22132800,958,7474,7474,0,0,0,0,0,0,0,0,0.062,0.068,0.000,0,0,0,7474,7474,0,0
travel,35.118,842.6,724.276,724.276,fly,0.827,ok,2601,0,0,192.00,282198016,402493440,114090264,95883264,18123768,2904,7449760,22132800,958,7474,7474,0,0,0,0,0,0,0,0,0.062,0.067,0.000,0,0,0,7474,7474,0,0
travel,35.148,843.3,724.785,724.785,fly,0.804,ok,2601,0,0,192.00,282198016,402493440,114090264,95883264,18123768,2904,7449760,22132800,958,7474,7474,0,0,0,0,0,0,0,0,0.061,0.064,0.000,0,0,0,7474,7474,0,0
travel,35.178,844.0,725.297,725.297,fly,0.805,ok,2601,0,0,192.00,282198016,402493440,114090264,95883264,18123768,2904,7449760,22132800,958,7474,7474,0,0,0,0,0,0,0,0,0.060,0.065,0.000,0,0,0,7474,7474,0,0
travel,35.209,844.7,725.810,725.810,fly,0.838,ok,2601,0,0,192.00,282198016,402493440,114090264,95883264,18123768,2904,7449760,22132800,958,7474,7474,0,0,0,0,0,0,0,0,0.061,0.071,0.000,0,0,0,7474,7474,0,0
travel,35.239,845.4,726.320,726.320,fly,0.817,ok,2601,0,0,192.00,282198016,402493440,114090264,95883264,18123768,2904,7449760,22132800,958,7474,7474,0,0,0,0,0,0,0,0,0.061,0.069,0.000,0,0,0,7474,7474,0,0
travel,35.269,846.2,726.829,726.829,fly,0.830,ok,2601,0,0,192.00,282198016,402493440,114090264,95883264,18123768,2904,7449760,22132800,958,7474,7474,0,0,0,0,0,0,0,0,0.061,0.071,0.000,0,0,0,7474,7474,0,0
travel,35.299,846.9,727.341,727.341,fly,0.799,ok,2601,0,0,192.00,282198016,402493440,114090264,95883264,18123768,2904,7449760,22132800,958,7474,7474,0,0,0,0,0,0,0,0,0.060,0.064,0.000,0,0,0,7474,7474,0,0
travel,35.329,847.6,727.854,727.854,fly,0.823,ok,2601,0,0,192.00,282198016,402493440,114090264,95883264,18123768,2904,7449760,22132800,958,7474,7474,0,0,0,0,0,0,0,0,0.061,0.065,0.000,0,0,0,7474,7474,0,0
travel,35.368,848.5,728.513,728.513,fly,0.828,ok,2601,0,0,192.00,282009600,404594688,114090264,95883264,18123768,2904,11174640,22132800,958,7575,7575,0,0,0,0,0,0,0,0,0.062,0.066,0.000,0,0,0,7575,7575,0,0
travel,35.398,849.3,729.027,729.027,fly,0.905,ok,2601,0,0,192.00,282009600,404594688,114090264,95883264,18123768,2904,11174640,22132800,958,7575,7575,0,0,0,0,0,0,0,0,0.141,0.066,0.000,0,0,0,7575,7575,0,0
travel,35.429,850.0,729.541,729.541,fly,0.819,ok,2601,0,0,192.00,282009600,404594688,114090264,95883264,18123768,2904,11174640,22132800,958,7575,7575,0,0,0,0,0,0,0,0,0.063,0.063,0.000,0,0,0,7575,7575,0,0
travel,35.459,850.7,730.052,730.052,fly,0.819,ok,2601,0,0,192.00,282009600,404594688,114090264,95883264,18123768,2904,11174640,22132800,958,7575,7575,0,0,0,0,0,0,0,0,0.062,0.065,0.000,0,0,0,7575,7575,0,0
travel,35.489,851.4,730.561,730.561,fly,0.817,ok,2601,0,0,192.00,282009600,404594688,114090264,95883264,18123768,2904,11174640,22132800,958,7575,7575,0,0,0,0,0,0,0,0,0.062,0.066,0.000,0,0,0,7575,7575,0,0
travel,35.519,852.2,731.070,731.070,fly,0.850,ok,2601,0,0,192.00,282009600,404594688,114090264,95883264,18123768,2904,11174640,22132800,958,7575,7575,0,0,0,0,0,0,0,0,0.063,0.072,0.000,0,0,0,7575,7575,0,0
travel,35.549,852.9,731.579,731.579,fly,0.814,ok,2601,0,0,192.00,282009600,404594688,114090264,95883264,18123768,2904,11174640,22132800,958,7575,7575,0,0,0,0,0,0,0,0,0.061,0.064,0.000,0,0,0,7575,7575,0,0
travel,35.579,853.6,732.088,732.088,fly,0.830,ok,2601,0,0,192.00,282009600,404594688,114090264,95883264,18123768,2904,7449760,22132800,958,7575,7575,0,0,0,0,0,0,0,0,0.060,0.066,0.000,0,0,0,7575,7575,0,0
travel,35.609,854.3,732.597,732.597,fly,0.833,ok,2601,0,0,192.00,282009600,404594688,114090264,95883264,18123768,2904,7449760,22132800,958,7575,7575,0,0,0,0,0,0,0,0,0.061,0.069,0.000,0,0,0,7575,7575,0,0
travel,35.639,855.0,733.109,733.109,fly,0.823,ok,2601,0,0,192.00,282009600,404594688,114090264,95883264,18123768,2904,7449760,22132800,958,7575,7575,0,0,0,0,0,0,0,0,0.061,0.067,0.000,0,0,0,7575,7575,0,0
travel,35.669,855.8,733.618,733.618,fly,0.907,ok,2601,0,0,192.00,282009600,404594688,114090264,95883264,18123768,2904,7449760,22132800,958,7575,7575,0,0,0,0,0,0,0,0,0.071,0.113,0.000,0,0,0,7575,7575,0,0
travel,35.699,856.5,734.133,734.133,fly,0.824,ok,2601,0,0,192.00,282066944,404619264,114090264,95883264,18123768,2904,7449760,22132800,958,7575,7575,0,0,0,0,0,0,0,0,0.063,0.061,0.000,0,0,0,7575,7575,0,0
travel,35.729,857.2,734.642,734.642,fly,0.813,ok,2601,0,0,192.00,282066944,404619264,114090264,95883264,18123768,2904,7449760,22132800,958,7575,7575,0,0,0,0,0,0,0,0,0.060,0.062,0.000,0,0,0,7575,7575,0,0
travel,35.759,857.9,735.152,735.152,fly,0.847,ok,2601,0,0,192.00,282066944,404619264,114090264,95883264,18123768,2904,7449760,22132800,958,7575,7575,0,0,0,0,0,0,0,0,0.060,0.073,0.000,0,0,0,7575,7575,0,0
travel,35.790,858.7,735.667,735.667,fly,1.126,ok,2601,0,0,192.00,282066944,404619264,114090264,95883264,18123768,2904,7449760,22132800,958,7575,7575,0,0,0,0,0,0,0,0,0.240,0.091,0.000,0,0,0,7575,7575,0,0
travel,35.828,859.6,736.322,736.322,fly,0.837,ok,2601,0,0,192.00,282275840,404762624,114090264,95883264,18123768,2904,11174640,22132800,958,7676,7676,0,0,0,0,0,0,0,0,0.064,0.068,0.000,0,0,0,7676,7676,0,0
travel,35.858,860.3,736.833,736.833,fly,0.821,ok,2601,0,0,192.00,282275840,404762624,114090264,95883264,18123768,2904,11174640,22132800,958,7676,7676,0,0,0,0,0,0,0,0,0.062,0.063,0.000,0,0,0,7676,7676,0,0
travel,35.889,861.0,737.343,737.343,fly,0.821,ok,2601,0,0,192.00,282279936,404828160,114090264,95883264,18123768,2904,11174640,22132800,958,7676,7676,0,0,0,0,0,0,0,0,0.062,0.068,0.000,0,0,0,7676,7676,0,0
travel,35.919,861.8,737.852,737.852,fly,0.814,ok,2601,0,0,192.00,282279936,404828160,114090264,95883264,18123768,2904,11174640,22132800,958,7676,7676,0,0,0,0,0,0,0,0,0.062,0.062,0.000,0,0,0,7676,7676,0,0
travel,35.949,862.5,738.364,738.364,fly,0.824,ok,2601,0,0,192.00,282279936,404828160,114090264,95883264,18123768,2904,11174640,22132800,958,7676,7676,0,0,0,0,0,0,0,0,0.062,0.065,0.000,0,0,0,7676,7676,0,0
travel,35.979,863.2,738.878,738.878,fly,0.820,ok,2601,0,0,192.00,282279936,404828160,114090264,95883264,18123768,2904,11174640,22132800,958,7676,7676,0,0,0,0,0,0,0,0,0.062,0.065,0.000,0,0,0,7676,7676,0,0
travel,36.009,863.9,739.391,739.391,fly,0.820,ok,2601,0,0,192.00,282279936,404828160,114090264,95883264,18123768,2904,11174640,22132800,958,7676,7676,0,0,0,0,0,0,0,0,0.062,0.065,0.000,0,0,0,7676,7676,0,0
travel,36.040,864.7,739.905,739.905,fly,0.813,ok,2601,0,0,192.00,282279936,404828160,114090264,95883264,18123768,2904,7449760,22132800,958,7676,7676,0,0,0,0,0,0,0,0,0.062,0.064,0.000,0,0,0,7676,7676,0,0
travel,36.070,865.4,740.416,740.416,fly,0.814,ok,2601,0,0,192.00,282279936,404828160,114090264,95883264,18123768,2904,7449760,22132800,958,7676,7676,0,0,0,0,0,0,0,0,0.062,0.067,0.000,0,0,0,7676,7676,0,0
travel,36.100,866.1,740.925,740.925,fly,0.813,ok,2601,0,0,192.00,282279936,404828160,114090264,95883264,18123768,2904,7449760,22132800,958,7676,7676,0,0,0,0,0,0,0,0,0.062,0.065,0.000,0,0,0,7676,7676,0,0
travel,36.130,866.8,741.439,741.439,fly,0.811,ok,2601,0,0,192.00,282279936,404828160,114090264,95883264,18123768,2904,7449760,22132800,958,7676,7676,0,0,0,0,0,0,0,0,0.061,0.068,0.000,0,0,0,7676,7676,0,0
travel,36.160,867.5,741.948,741.948,fly,0.965,ok,2601,0,0,192.00,282279936,404828160,114090264,95883264,18123768,2904,7449760,22132800,958,7676,7676,0,0,0,0,0,0,0,0,0.064,0.094,0.000,0,0,0,7676,7676,0,0
travel,36.191,868.3,742.465,742.465,fly,0.827,ok,2601,0,0,192.00,282279936,404828160,114090264,95883264,18123768,2904,7449760,22132800,958,7676,7676,0,0,0,0,0,0,0,0,0.061,0.067,0.000,0,0,0,7676,7676,0,0
travel,36.221,869.0,742.973,742.973,fly,0.827,ok,2601,0,0,192.00,282279936,404828160,114090264,95883264,18123768,2904,7449760,22132800,958,7676,7676,0,0,0,0,0,0,0,0,0.065,0.065,0.000,0,0,0,7676,7676,0,0
travel,36.251,869.7,743.485,743.485,fly,0.819,ok,2601,0,0,192.00,282279936,404828160,114090264,95883264,18123768,2904,7449760,22132800,958,7676,7676,0,0,0,0,0,0,0,0,0.060,0.066,0.000,0,0,0,7676,7676,0,0
travel,36.281,870.4,743.999,743.999,fly,0.816,ok,2601,0,0,192.00,282279936,404828160,114090264,95883264,18123768,2904,7449760,22132800,958,7676,7676,0,0,0,0,0,0,0,0,0.060,0.063,0.000,0,0,0,7676,7676,0,0
travel,36.319,871.4,744.641,744.641,fly,0.819,ok,2601,0,0,192.00,282279936,405413888,114090264,95883264,18123768,2904,11174640,22132800,958,7777,7777,0,0,0,0,0,0,0,0,0.062,0.063,0.000,0,0,0,7777,7777,0,0
travel,36.349,872.1,745.150,745.150,fly,0.815,ok,2601,0,0,192.00,282279936,405413888,114090264,95883264,18123768,2904,11174640,22132800,958,7777,7777,0,0,0,0,0,0,0,0,0.060,0.064,0.000,0,0,0,7777,7777,0,0
travel,36.379,872.8,745.662,745.662,fly,0.868,ok,2601,0,0,192.00,282279936,405413888,114090264,95883264,18123768,2904,11174640,22132800,958,7777,7777,0,0,0,0,0,0,0,0,0.062,0.073,0.000,0,0,0,7777,7777,0,0
travel,36.409,873.5,746.172,746.172,fly,0.819,ok,2601,0,0,192.00,282279936,405413888,114090264,95883264,18123768,2904,11174640,22132800,958,7777,7777,0,0,0,0,0,0,0,0,0.061,0.064,0.000,0,0,0,7777,7777,0,0
travel,36.439,874.2,746.684,746.684,fly,0.842,ok,2601,0,0,192.00,282279936,405413888,114090264,95883264,18123768,2904,11174640,22132800,958,7777,7777,0,0,0,0,0,0,0,0,0.062,0.067,0.000,0,0,0,7777,7777,0,0
travel,36.469,875.0,747.194,747.194,fly,0.812,ok,2601,0,0,192.00,282279936,405413888,114090264,95883264,18123768,2904,11174640,22132800,958,7777,7777,0,0,0,0,0,0,0,0,0.062,0.059,0.000,0,0,0,7777,7777,0,0
travel,36.499,875.7,747.705,747.705,fly,0.820,ok,2601,0,0,192.00,282279936,405413888,114090264,95883264,18123768,2904,7449760,22132800,958,7777,7777,0,0,0,0,0,0,0,0,0.060,0.064,0.000,0,0,0,7777,7777,0,0
travel,36.530,876.4,748.215,748.215,fly,1.019,ok,2601,0,0,192.00,282279936,405413888,114090264,95883264,18123768,2904,7449760,22132800,958,7777,7777,0,0,0,0,0,0,0,0,0.256,0.065,0.000,0,0,0,7777,7777,0,0
travel,36.560,877.1,748.725,748.725,fly,0.814,ok,2601,0,0,192.00,282279936,405413888,114090264,95883264,18123768,2904,7449760,22132800,958,7777,7777,0,0,0,0,0,0,0,0,0.061,0.062,0.000,0,0,0,7777,7777,0,0
travel,36.590,877.9,749.237,749.237,fly,0.906,ok,2601,0,0,192.00,282279936,405413888,114090264,95883264,18123768,2904,7449760,22132800,958,7777,7777,0,0,0,0,0,0,0,0,0.134,0.066,0.000,0,0,0,7777,7777,0,0
travel,36.620,878.6,749.749,749.749,fly,0.827,ok,2601,0,0,192.00,282279936,405413888,114090264,95883264,18123768,2904,7449760,22132800,958,7777,7777,0,0,0,0,0,0,0,0,0.061,0.064,0.000,0,0,0,7777,7777,0,0
travel,36.650,879.3,750.261,750.261,fly,0.830,ok,2601,0,0,192.00,282279936,405413888,114090264,95883264,18123768,2904,7449760,22132800,958,7777,7777,0,0,0,0,0,0,0,0,0.061,0.065,0.000,0,0,0,7777,7777,0,0
travel,36.680,880.0,750.773,750.773,fly,0.815,ok,2601,0,0,192.00,282279936,405413888,114090264,95883264,18123768,2904,7449760,22132800,958,7777,7777,0,0,0,0,0,0,0,0,0.059,0.063,0.000,0,0,0,7777,7777,0,0
travel,36.710,880.7,751.284,751.284,fly,0.884,ok,2601,0,0,192.00,282279936,405413888,114090264,95883264,18123768,2904,7449760,22132800,958,7777,7777,0,0,0,0,0,0,0,0,0.062,0.073,0.000,0,0,0,7777,7777,0,0
travel,36.741,881.5,751.797,751.797,fly,0.826,ok,2601,0,0,192.00,282279936,405413888,114090264,95883264,18123768,2904,7449760,22132800,958,7777,7777,0,0,0,0,0,0,0,0,0.061,0.075,0.000,0,0,0,7777,7777,0,0
travel,36.779,882.4,752.445,752.445,fly,0.821,ok,2601,0,0,192.00,283377664,406990848,114090264,95883264,18123768,2904,11174640,22132800,958,7878,7878,0,0,0,0,0,0,0,0,0.064,0.065,0.000,0,0,0,7878,7878,0,0
travel,36.809,883.1,752.957,752.957,fly,0.822,ok,2601,0,0,192.00,283377664,406990848,114090264,95883264,18123768,2904,11174640,22132800,958,7878,7878,0,0,0,0,0,0,0,0,0.061,0.064,0.000,0,0,0,7878,7878,0,0
travel,36.839,883.8,753.470,753.470,fly,0.844,ok,2601,0,0,192.00,283377664,406990848,114090264,95883264,18123768,2904,11174640,22132800,958,7878,7878,0,0,0,0,0,0,0,0,0.062,0.069,0.000,0,0,0,7878,7878,0,0
travel,36.870,884.6,753.988,753.988,fly,0.820,ok,2601,0,0,192.00,283377664,406990848,114090264,95883264,18123768,2904,11174640,22132800,958,7878,7878,0,0,0,0,0,0,0,0,0.061,0.063,0.000,0,0,0,7878,7878,0,0
travel,36.900,885.3,754.499,754.499,fly,0.825,ok,2601,0,0,192.00,283377664,406990848,114090264,95883264,18123768,2904,11174640,22132800,958,7878,7878,0,0,0,0,0,0,0,0,0.062,0.066,0.000,0,0,0,7878,7878,0,0
travel,36.930,886.0,755.015,755.015,fly,1.063,ok,2601,0,0,192.00,283377664,406990848,114090264,95883264,18123768,2904,11174640,22132800,958,7878,7878,0,0,0,0,0,0,0,0,0.071,0.112,0.000,0,0,0,7878,7878,0,0
travel,36.961,886.8,755.527,755.527,fly,0.820,ok,2601,0,0,192.00,283377664,406990848,114090264,95883264,18123768,2904,11174640,22132800,958,7878,7878,0,0,0,0,0,0,0,0,0.061,0.064,0.000,0,0,0,7878,7878,0,0
travel,36.991,887.5,756.040,756.040,fly,0.815,ok,2601,0,0,192.00,283377664,406990848,114090264,95883264,18123768,2904,7449760,22132800,958,7878,7878,0,0,0,0,0,0,0,0,0.062,0.064,0.000,0,0,0,7878,7878,0,0
travel,37.021,888.2,756.549,756.549,fly,0.858,ok,2601,0,0,192.00,283377664,406990848,114090264,95883264,18123768,2904,7449760,22132800,958,7878,7878,0,0,0,0,0,0,0,0,0.062,0.071,0.000,0,0,0,7878,7878,0,0
travel,37.051,888.9,757.058,757.058,fly,0.821,ok,2601,0,0,192.00,283377664,406990848,114090264,95883264,18123768,2904,7449760,22132800,958,7878,7878,0,0,0,0,0,0,0,0,0.061,0.070,0.000,0,0,0,7878,7878,0,0
travel,37.081,889.6,757.571,757.571,fly,0.843,ok,2601,0,0,192.00,283377664,406990848,114090264,95883264,18123768,2904,7449760,22132800,958,7878,7878,0,0,0,0,0,0,0,0,0.062,0.070,0.000,0,0,0,7878,7878,0,0
travel,37.112,890.4,758.090,758.090,fly,0.817,ok,2601,0,0,192.00,283377664,406990848,114090264,95883264,18123768,2904,7449760,22132800,958,7878,7878,0,0,0,0,0,0,0,0,0.062,0.065,0.000,0,0,0,7878,7878,0,0
travel,37.142,891.1,758.608,758.608,fly,0.816,ok,2601,0,0,192.00,283377664,406990848,114090264,95883264,18123768,2904,7449760,22132800,958,7878,7878,0,0,0,0,0,0,0,0,0.061,0.066,0.000,0,0,0,7878,7878,0,0
travel,37.173,891.8,759.122,759.122,fly,0.904,ok,2601,0,0,192.00,283377664,406990848,114090264,95883264,18123768,2904,7449760,22132800,958,7878,7878,0,0,0,0,0,0,0,0,0.136,0.070,0.000,0,0,0,7878,7878,0,0
travel,37.203,892.6,759.632,759.632,fly,0.819,ok,2601,0,0,192.00,283377664,406990848,114090264,95883264,18123768,2904,7449760,22132800,958,7878,7878,0,0,0,0,0,0,0,0,0.061,0.066,0.000,0,0,0,7878,7878,0,0
travel,37.241,893.5,760.279,760.279,fly,0.848,ok,2601,0,0,192.00,284540928,408039424,114090264,95883264,18123768,2904,11174640,22132800,958,7979,7979,0,0,0,0,0,0,0,0,0.064,0.071,0.000,0,0,0,7979,7979,0,0
travel,37.271,894.2,760.790,760.790,fly,0.817,ok,2601,0,0,192.00,284540928,408039424,114090264,95883264,18123768,2904,11174640,22132800,958,7979,7979,0,0,0,0,0,0,0,0,0.062,0.065,0.000,0,0,0,7979,7979,0,0
travel,37.301,894.9,761.299,761.299,fly,0.820,ok,2601,0,0,192.00,284540928,408039424,114090264,95883264,18123768,2904,11174640,22132800,958,7979,7979,0,0,0,0,0,0,0,0,0.061,0.065,0.000,0,0,0,7979,7979,0,0
travel,37.331,895.6,761.813,761.813,fly,0.921,ok,2601,0,0,192.00,284540928,408039424,114090264,95883264,18123768,2904,11174640,22132800,958,7979,7979,0,0,0,0,0,0,0,0,0.066,0.126,0.000,0,0,0,7979,7979,0,0
travel,37.361,896.4,762.323,762.323,fly,0.811,ok,2601,0,0,192.00,284540928,408039424,114090264,95883264,18123768,2904,11174640,22132800,958,7979,7979,0,0,0,0,0,0,0,0,0.061,0.062,0.000,0,0,0,7979,7979,0,0
travel,37.391,897.1,762.834,762.834,fly,0.828,ok,2601,0,0,192.00,284540928,408039424,114090264,95883264,18123768,2904,11174640,22132800,958,7979,7979,0,0,0,0,0,0,0,0,0.062,0.065,0.000,0,0,0,7979,7979,0,0
travel,37.422,897.8,763.349,763.349,fly,0.819,ok,2601,0,0,192.00,284540928,408039424,114090264,95883264,18123768,2904,11174640,22132800,958,7979,7979,0,0,0,0,0,0,0,0,0.061,0.067,0.000,0,0,0,7979,7979,0,0
travel,37.452,898.5,763.859,763.859,fly,0.818,ok,2601,0,0,192.00,284540928,408039424,114090264,95883264,18123768,2904,7449760,22132800,958,7979,7979,0,0,0,0,0,0,0,0,0.061,0.064,0.000,0,0,0,7979,7979,0,0
travel,37.482,899.3,764.377,764.377,fly,1.227,ok,2601,0,0,192.00,284540928,408039424,114090264,95883264,18123768,2904,7449760,22132800,958,7979,7979,0,0,0,0,0,0,0,0,0.444,0.067,0.000,0,0,0,7979,7979,0,0
travel,37.513,900.0,764.895,764.895,fly,0.827,ok,2601,0,0,192.00,284540928,408039424,114090264,95883264,18123768,2904,7449760,22132800,958,7979,7979,0,0,0,0,0,0,0,0,0.061,0.066,0.000,0,0,0,7979,7979,0,0
travel,37.543,900.7,765.407,765.407,fly,0.853,ok,2601,0,0,192.00,284540928,408039424,114090264,95883264,18123768,2904,7449760,22132800,958,7979,7979,0,0,0,0,0,0,0,0,0.064,0.083,0.000,0,0,0,7979,7979,0,0
travel,37.573,901.4,765.919,765.919,fly,0.987,ok,2601,0,0,192.00,284540928,408039424,114090264,95883264,18123768,2904,7449760,22132800,958,7979,7979,0,0,0,0,0,0,0,0,0.073,0.127,0.000,0,0,0,7979,7979,0,0
travel,37.604,902.2,766.433,766.433,fly,0.832,ok,2601,0,0,192.00,284540928,408039424,114090264,95883264,18123768,2904,7449760,22132800,958,7979,7979,0,0,0,0,0,0,0,0,0.065,0.065,0.000,0,0,0,7979,7979,0,0
travel,37.634,902.9,766.945,766.945,fly,0.815,ok,2601,0,0,192.00,284540928,408039424,114090264,95883264,18123768,2904,7449760,22132800,958,7979,7979,0,0,0,0,0,0,0,0,0.059,0.060,0.000,0,0,0,7979,7979,0,0
travel,37.664,903.6,767.462,767.462,fly,0.871,ok,2601,0,0,192.00,284540928,408039424,114090264,95883264,18123768,2904,7449760,22132800,958,7979,7979,0,0,0,0,0,0,0,0,0.062,0.073,0.000,0,0,0,7979,7979,0,0
travel,37.694,904.3,767.971,767.971,fly,0.824,ok,2601,0,0,192.00,284540928,408039424,114090264,95883264,18123768,2904,7449760,22132800,958,7979,7979,0,0,0,0,0,0,0,0,0.059,0.068,0.000,0,0,0,7979,7979,0,0
travel,37.733,905.3,768.631,768.631,fly,0.830,ok,2601,0,0,192.00,285409280,411193344,114090264,95883264,18123768,2904,11174640,22132800,958,8080,8080,0,0,0,0,0,0,0,0,0.063,0.062,0.000,0,0,0,8080,8080,0,0
travel,37.764,906.0,769.147,769.147,fly,0.820,ok,2601,0,0,192.00,285409280,411193344,114090264,95883264,18123768,2904,11174640,22132800,958,8080,8080,0,0,0,0,0,0,0,0,0.064,0.064,0.000,0,0,0,8080,8080,0,0
travel,37.794,906.7,769.660,769.660,fly,0.825,ok,2601,0,0,192.00,285409280,411193344,114090264,95883264,18123768,2904,11174640,22132800,958,8080,8080,0,0,0,0,0,0,0,0,0.062,0.065,0.000,0,0,0,8080,8080,0,0
travel,37.824,907.5,770.170,770.170,fly,0.817,ok,2601,0,0,192.00,285409280,411193344,114090264,95883264,18123768,2904,11174640,22132800,958,8080,8080,0,0,0,0,0,0,0,0,0.062,0.064,0.000,0,0,0,8080,8080,0,0
travel,37.854,908.2,770.685,770.685,fly,0.815,ok,2601,0,0,192.00,285409280,411193344,114090264,95883264,18123768,2904,11174640,22132800,958,8080,8080,0,0,0,0,0,0,0,0,0.062,0.069,0.000,0,0,0,8080,8080,0,0
travel,37.884,908.9,771.196,771.196,fly,0.919,ok,2601,0,0,192.00,285409280,411193344,114090264,95883264,18123768,2904,11174640,22132800,958,8080,8080,0,0,0,0,0,0,0,0,0.072,0.109,0.000,0,0,0,8080,8080,0,0
travel,37.914,909.6,771.706,771.706,fly,0.816,ok,2601,0,0,192.00,285409280,411193344,114090264,95883264,18123768,2904,7449760,22132800,958,8080,8080,0,0,0,0,0,0,0,0,0.062,0.065,0.001,0,0,0,8080,8080,0,0
travel,37.945,910.4,772.216,772.216,fly,0.832,ok,2601,0,0,192.00,285409280,411193344,114090264,95883264,18123768,2904,7449760,22132800,958,8080,8080,0,0,0,0,0,0,0,0,0.062,0.065,0.000,0,0,0,8080,8080,0,0
travel,37.975,911.1,772.733,772.733,fly,0.818,ok,2601,0,0,192.00,285409280,411193344,114090264,95883264,18123768,2904,7449760,22132800,958,8080,8080,0,0,0,0,0,0,0,0,0.061,0.065,0.000,0,0,0,8080,8080,0,0
travel,38.005,911.8,773.243,773.243,fly,0.819,ok,2601,0,0,192.00,285409280,411193344,114090264,95883264,18123768,2904,7449760,22132800,958,8080,8080,0,0,0,0,0,0,0,0,0.061,0.063,0.000,0,0,0,8080,8080,0,0
travel,38.035,912.5,773.755,773.755,fly,0.810,ok,2601,0,0,192.00,285409280,411193344,114090264,95883264,18123768,2904,7449760,22132800,958,8080,8080,0,0,0,0,0,0,0,0,0.062,0.064,0.000,0,0,0,8080,8080,0,0
travel,38.065,913.2,774.264,774.264,fly,0.822,ok,2601,0,0,192.00,285409280,411193344,114090264,95883264,18123768,2904,7449760,22132800,958,8080,8080,0,0,0,0,0,0,0,0,0.060,0.063,0.000,0,0,0,8080,8080,0,0
travel,38.096,914.0,774.778,774.778,fly,0.829,ok,2601,0,0,192.00,285409280,411193344,114090264,95883264,18123768,2904,7449760,22132800,958,8080,8080,0,0,0,0,0,0,0,0,0.061,0.068,0.000,0,0,0,8080,8080,0,0
travel,38.126,914.7,775.292,775.292,fly,1.111,ok,2601,0,0,192.00,285409280,411193344,114090264,95883264,18123768,2904,7449760,22132800,958,8080,8080,0,0,0,0,0,0,0,0,0.193,0.201,0.000,0,0,0,8080,8080,0,0
travel,38.156,915.4,775.805,775.805,fly,0.863,ok,2601,0,0,192.00,285409280,411193344,114090264,95883264,18123768,2904,7449760,22132800,958,8080,8080,0,0,0,0,0,0,0,0,0.062,0.075,0.000,0,0,0,8080,8080,0,0
travel,38.194,916.3,776.446,776.446,fly,0.825,ok,2601,0,0,192.00,286621696,412241920,114090264,95883264,18123768,2904,11174640,22132800,958,8181,8181,0,0,0,0,0,0,0,0,0.065,0.065,0.000,0,0,0,8181,8181,0,0
travel,38.224,917.1,776.956,776.956,fly,0.847,ok,2601,0,0,192.00,286621696,412241920,114090264,95883264,18123768,2904,11174640,22132800,958,8181,8181,0,0,0,0,0,0,0,0,0.063,0.070,0.000,0,0,0,8181,8181,0,0
travel,38.254,917.8,777.465,777.465,fly,0.917,ok,2601,0,0,192.00,286621696,412241920,114090264,95883264,18123768,2904,11174640,22132800,958,8181,8181,0,0,0,0,0,0,0,0,0.071,0.109,0.000,0,0,0,8181,8181,0,0
travel,38.284,918.5,777.975,777.975,fly,0.814,ok,2601,0,0,192.00,286621696,412241920,114090264,95883264,18123768,2904,11174640,22132800,958,8181,8181,0,0,0,0,0,0,0,0,0.062,0.064,0.000,0,0,0,8181,8181,0,0
travel,38.314,919.2,778.484,778.484,fly,0.820,ok,2601,0,0,192.00,286621696,412241920,114090264,95883264,18123768,2904,11174640,22132800,958,8181,8181,0,0,0,0,0,0,0,0,0.062,0.065,0.000,0,0,0,8181,8181,0,0
travel,38.344,919.9,778.997,778.997,fly,0.831,ok,2601,0,0,192.00,286621696,412241920,114090264,95883264,18123768,2904,11174640,22132800,958,8181,8181,0,0,0,0,0,0,0,0,0.063,0.064,0.000,0,0,0,8181,8181,0,0
travel,38.375,920.7,779.512,779.512,fly,0.815,ok,2601,0,0,192.00,286621696,412241920,114090264,95883264,18123768,2904,11174640,22132800,958,8181,8181,0,0,0,0,0,0,0,0,0.061,0.064,0.000,0,0,0,8181,8181,0,0
travel,38.405,921.4,780.025,780.025,fly,0.877,ok,2601,0,0,192.00,286621696,412241920,114090264,95883264,18123768,2904,7449760,22132800,958,8181,8181,0,0,0,0,0,0,0,0,0.064,0.076,0.000,0,0,0,8181,8181,0,0
travel,38.435,922.1,780.534,780.534,fly,0.948,ok,2601,0,0,192.00,286621696,412241920,114090264,95883264,18123768,2904,7449760,22132800,958,8181,8181,0,0,0,0,0,0,0,0,0.061,0.195,0.000,0,0,0,8181,8181,0,0
travel,38.465,922.8,781.051,781.051,fly,0.815,ok,2601,0,0,192.00,286621696,412241920,114090264,95883264,18123768,2904,7449760,22132800,958,8181,8181,0,0,0,0,0,0,0,0,0.062,0.063,0.000,0,0,0,8181,8181,0,0
travel,38.496,923.6,781.576,781.576,fly,0.826,ok,2601,0,0,192.00,286621696,412241920,114090264,95883264,18123768,2904,7449760,22132800,958,8181,8181,0,0,0,0,0,0,0,0,0.062,0.068,0.000,0,0,0,8181,8181,0,0
travel,38.526,924.3,782.085,782.085,fly,0.815,ok,2601,0,0,192.00,286621696,412241920,114090264,95883264,18123768,2904,7449760,22132800,958,8181,8181,0,0,0,0,0,0,0,0,0.061,0.063,0.000,0,0,0,8181,8181,0,0
travel,38.557,925.0,782.597,782.597,fly,0.818,ok,2601,0,0,192.00,286621696,412241920,114090264,95883264,18123768,2904,7449760,22132800,958,8181,8181,0,0,0,0,0,0,0,0,0.061,0.066,0.000,0,0,0,8181,8181,0,0
travel,38.587,925.8,783.108,783.108,fly,0.831,ok,2601,0,0,192.00,286621696,412241920,114090264,95883264,18123768,2904,7449760,22132800,958,8181,8181,0,0,0,0,0,0,0,0,0.062,0.074,0.000,0,0,0,8181,8181,0,0
travel,38.617,926.5,783.621,783.621,fly,0.809,ok,2601,0,0,192.00,286621696,412241920,114090264,95883264,18123768,2904,7449760,22132800,958,8181,8181,0,0,0,0,0,0,0,0,0.061,0.064,0.000,0,0,0,8181,8181,0,0
travel,38.655,927.4,784.272,784.272,fly,0.848,ok,2601,0,0,192.00,287993856,413818880,114090264,95883264,18123768,2904,11174640,22132800,958,8282,8282,0,0,0,0,0,0,0,0,0.063,0.073,0.000,0,0,0,8282,8282,0,0
travel,38.685,928.1,784.784,784.784,fly,0.825,ok,2601,0,0,192.00,287993856,413818880,114090264,95883264,18123768,2904,11174640,22132800,958,8282,8282,0,0,0,0,0,0,0,0,0.061,0.064,0.000,0,0,0,8282,8282,0,0
travel,38.715,928.8,785.293,785.293,fly,0.813,ok,2601,0,0,192.00,287993856,413818880,114090264,95883264,18123768,2904,11174640,22132800,958,8282,8282,0,0,0,0,0,0,0,0,0.062,0.066,0.000,0,0,0,8282,8282,0,0
travel,38.745,929.6,785.802,785.802,fly,0.808,ok,2601,0,0,192.00,287993856,413818880,114090264,95883264,18123768,2904,11174640,22132800,958,8282,8282,0,0,0,0,0,0,0,0,0.061,0.067,0.000,0,0,0,8282,8282,0,0
travel,38.776,930.3,786.316,786.316,fly,0.820,ok,2601,0,0,192.00,287993856,413818880,114090264,95883264,18123768,2904,11174640,22132800,958,8282,8282,0,0,0,0,0,0,0,0,0.061,0.064,0.000,0,0,0,8282,8282,0,0
travel,38.806,931.0,786.829,786.829,fly,1.046,ok,2601,0,0,192.00,287993856,413818880,114090264,95883264,18123768,2904,11174640,22132800,958,8282,8282,0,0,0,0,0,0,0,0,0.166,0.109,0.000,0,0,0,8282,8282,0,0
travel,38.836,931.7,787.339,787.339,fly,0.816,ok,2601,0,0,192.00,287993856,413818880,114090264,95883264,18123768,2904,11174640,22132800,958,8282,8282,0,0,0,0,0,0,0,0,0.062,0.062,0.000,0,0,0,8282,8282,0,0
travel,38.867,932.5,787.856,787.856,fly,0.828,ok,2601,0,0,192.00,287993856,413818880,114090264,95883264,18123768,2904,7449760,22132800,958,8282,8282,0,0,0,0,0,0,0,0,0.061,0.069,0.000,0,0,0,8282,8282,0,0
travel,38.897,933.2,788.368,788.368,fly,0.935,ok,2601,0,0,192.00,287993856,413818880,114090264,95883264,18123768,2904,7449760,22132800,958,8282,8282,0,0,0,0,0,0,0,0,0.071,0.106,0.000,0,0,0,8282,8282,0,0
travel,38.927,933.9,788.877,788.877,fly,0.826,ok,2601,0,0,192.00,287993856,413818880,114090264,95883264,18123768,2904,7449760,22132800,958,8282,8282,0,0,0,0,0,0,0,0,0.062,0.065,0.000,0,0,0,8282,8282,0,0
travel,38.957,934.6,789.388,789.388,fly,0.820,ok,2601,0,0,192.00,287993856,413818880,114090264,95883264,18123768,2904,7449760,22132800,958,8282,8282,0,0,0,0,0,0,0,0,0.061,0.064,0.000,0,0,0,8282,8282,0,0
travel,38.987,935.4,789.897,789.897,fly,0.824,ok,2601,0,0,192.00,287993856,413818880,114090264,95883264,18123768,2904,7449760,22132800,958,8282,8282,0,0,0,0,0,0,0,0,0.061,0.065,0.000,0,0,0,8282,8282,0,0
travel,39.017,936.1,790.405,790.405,fly,0.819,ok,2601,0,0,192.00,287993856,413818880,114090264,95883264,18123768,2904,7449760,22132800,958,8282,8282,0,0,0,0,0,0,0,0,0.061,0.066,0.000,0,0,0,8282,8282,0,0
travel,39.047,936.8,790.914,790.914,fly,0.951,ok,2601,0,0,192.00,287993856,413818880,114090264,95883264,18123768,2904,7449760,22132800,958,8282,8282,0,0,0,0,0,0,0,0,0.077,0.123,0.000,0,0,0,8282,8282,0,0
travel,39.077,937.5,791.427,791.427,fly,0.822,ok,2601,0,0,192.00,287993856,413818880,114090264,95883264,18123768,2904,7449760,22132800,958,8282,8282,0,0,0,0,0,0,0,0,0.060,0.067,0.000,0,0,0,8282,8282,0,0
travel,39.107,938.2,791.940,791.940,fly,0.811,ok,2601,0,0,192.00,287993856,413818880,114090264,95883264,18123768,2904,7449760,22132800,958,8282,8282,0,0,0,0,0,0,0,0,0.060,0.060,0.000,0,0,0,8282,8282,0,0
travel,39.146,939.2,792.602,792.602,fly,0.850,ok,2601,0,0,192.00,288841728,414871552,114090264,95883264,18123768,2904,11174640,22132800,958,8383,8383,0,0,0,0,0,0,0,0,0.063,0.071,0.000,0,0,0,8383,8383,0,0
travel,39.177,939.9,793.114,793.114,fly,0.905,ok,2601,0,0,192.00,288841728,414871552,114090264,95883264,18123768,2904,11174640,22132800,958,8383,8383,0,0,0,0,0,0,0,0,0.133,0.069,0.000,0,0,0,8383,8383,0,0
travel,39.207,940.6,793.623,793.623,fly,0.815,ok,2601,0,0,192.00,288841728,414871552,114090264,95883264,18123768,2904,11174640,22132800,958,8383,8383,0,0,0,0,0,0,0,0,0.063,0.065,0.000,0,0,0,8383,8383,0,0
travel,39.237,941.4,794.138,794.138,fly,0.828,ok,2601,0,0,192.00,288841728,414871552,114090264,95883264,18123768,2904,11174640,22132800,958,8383,8383,0,0,0,0,0,0,0,0,0.061,0.066,0.000,0,0,0,8383,8383,0,0
travel,39.267,942.1,794.647,794.647,fly,0.969,ok,2601,0,0,192.00,288841728,414871552,114090264,95883264,18123768,2904,11174640,22132800,958,8383,8383,0,0,0,0,0,0,0,0,0.069,0.109,0.000,0,0,0,8383,8383,0,0
travel,39.297,942.8,795.156,795.156,fly,0.824,ok,2601,0,0,192.00,288841728,414871552,114090264,95883264,18123768,2904,11174640,22132800,958,8383,8383,0,0,0,0,0,0,0,0,0.061,0.065,0.000,0,0,0,8383,8383,0,0
travel,39.327,943.5,795.669,795.669,fly,0.827,ok,2601,0,0,192.00,288841728,414871552,114090264,95883264,18123768,2904,7449760,22132800,958,8383,8383,0,0,0,0,0,0,0,0,0.062,0.066,0.000,0,0,0,8383,8383,0,0
travel,39.357,944.2,796.178,796.178,fly,0.820,ok,2601,0,0,192.00,288841728,414871552,114090264,95883264,18123768,2904,7449760,22132800,958,8383,8383,0,0,0,0,0,0,0,0,0.061,0.064,0.000,0,0,0,8383,8383,0,0
travel,39.387,945.0,796.692,796.692,fly,0.807,ok,2601,0,0,192.00,288841728,414871552,114090264,95883264,18123768,2904,7449760,22132800,958,8383,8383,0,0,0,0,0,0,0,0,0.060,0.065,0.000,0,0,0,8383,8383,0,0
travel,39.418,945.7,797.202,797.202,fly,0.825,ok,2601,0,0,192.00,288841728,414871552,114090264,95883264,18123768,2904,7449760,22132800,958,8383,8383,0,0,0,0,0,0,0,0,0.061,0.066,0.000,0,0,0,8383,8383,0,0
travel,39.448,946.4,797.711,797.711,fly,0.820,ok,2601,0,0,192.00,288841728,414871552,114090264,95883264,18123768,2904,7449760,22132800,958,8383,8383,0,0,0,0,0,0,0,0,0.061,0.063,0.000,0,0,0,8383,8383,0,0
travel,39.478,947.1,798.224,798.224,fly,0.821,ok,2601,0,0,192.00,288841728,414871552,114090264,95883264,18123768,2904,7449760,22132800,958,8383,8383,0,0,0,0,0,0,0,0,0.060,0.064,0.000,0,0,0,8383,8383,0,0
travel,39.508,947.9,798.739,798.739,fly,0.881,ok,2601,0,0,192.00,288841728,414871552,114090264,95883264,18123768,2904,7449760,22132800,958,8383,8383,0,0,0,0,0,0,0,0,0.132,0.065,0.000,0,0,0,8383,8383,0,0
travel,39.538,948.6,799.248,799.248,fly,0.806,ok,2601,0,0,192.00,288841728,414871552,114090264,95883264,18123768,2904,7449760,22132800,958,8383,8383,0,0,0,0,0,0,0,0,0.060,0.065,0.000,0,0,0,8383,8383,0,0
travel,39.568,949.3,799.761,799.761,fly,0.811,ok,2601,0,0,192.00,288841728,414871552,114090264,95883264,18123768,2904,7449760,22132800,958,8383,8383,0,0,0,0,0,0,0,0,0.061,0.068,0.000,0,0,0,8383,8383,0,0
travel,39.607,950.2,800.411,800.411,fly,0.829,ok,2601,0,0,192.00,289759232,415395840,114090264,95883264,18123768,2904,11174640,22132800,958,8484,8484,0,0,0,0,0,0,0,0,0.062,0.064,0.000,0,0,0,8484,8484,0,0
travel,39.637,951.0,800.925,800.925,fly,0.930,ok,2601,0,0,192.00,289759232,415395840,114090264,95883264,18123768,2904,11174640,22132800,958,8484,8484,0,0,0,0,0,0,0,0,0.071,0.115,0.000,0,0,0,8484,8484,0,0
travel,39.667,951.7,801.437,801.437,fly,0.822,ok,2601,0,0,192.00,289759232,415395840,114090264,95883264,18123768,2904,11174640,22132800,958,8484,8484,0,0,0,0,0,0,0,0,0.062,0.064,0.000,0,0,0,8484,8484,0,0
travel,39.697,952.4,801.946,801.946,fly,0.822,ok,2601,0,0,192.00,289759232,415395840,114090264,95883264,18123768,2904,11174640,22132800,958,8484,8484,0,0,0,0,0,0,0,0,0.061,0.064,0.000,0,0,0,8484,8484,0,0
travel,39.727,953.1,802.457,802.457,fly,0.825,ok,2601,0,0,192.00,289759232,415395840,114090264,95883264,18123768,2904,11174640,22132800,958,8484,8484,0,0,0,0,0,0,0,0,0.062,0.063,0.000,0,0,0,8484,8484,0,0
travel,39.758,953.8,802.969,802.969,fly,0.824,ok,2601,0,0,192.00,289759232,415395840,114090264,95883264,18123768,2904,11174640,22132800,958,8484,8484,0,0,0,0,0,0,0,0,0.060,0.072,0.000,0,0,0,8484,8484,0,0
travel,39.788,954.6,803.484,803.484,fly,0.812,ok,2601,0,0,192.00,289759232,415395840,114090264,95883264,18123768,2904,11174640,22132800,958,8484,8484,0,0,0,0,0,0,0,0,0.061,0.068,0.000,0,0,0,8484,8484,0,0
travel,39.818,955.3,803.995,803.995,fly,0.831,ok,2601,0,0,192.00,289759232,415395840,114090264,95883264,18123768,2904,7449760,22132800,958,8484,8484,0,0,0,0,0,0,0,0,0.061,0.074,0.000,0,0,0,8484,8484,0,0
travel,39.848,956.0,804.505,804.505,fly,0.818,ok,2601,0,0,192.00,289759232,415395840,114090264,95883264,18123768,2904,7449760,22132800,958,8484,8484,0,0,0,0,0,0,0,0,0.062,0.065,0.000,0,0,0,8484,8484,0,0
travel,39.878,956.7,805.019,805.019,fly,1.079,ok,2601,0,0,192.00,289759232,415395840,114090264,95883264,18123768,2904,7449760,22132800,958,8484,8484,0,0,0,0,0,0,0,0,0.306,0.068,0.000,0,0,0,8484,8484,0,0
travel,39.910,957.5,805.548,805.548,fly,0.821,ok,2601,0,0,192.00,289759232,415395840,114090264,95883264,18123768,2904,7449760,22132800,958,8484,8484,0,0,0,0,0,0,0,0,0.062,0.066,0.000,0,0,0,8484,8484,0,0
travel,39.940,958.2,806.059,806.059,fly,0.816,ok,2601,0,0,192.00,289759232,415395840,114090264,95883264,18123768,2904,7449760,22132800,958,8484,8484,0,0,0,0,0,0,0,0,0.061,0.061,0.000,0,0,0,8484,8484,0,0
travel,39.970,958.9,806.567,806.567,fly,0.990,ok,2601,0,0,192.00,289759232,415395840,114090264,95883264,18123768,2904,7449760,22132800,958,8484,8484,0,0,0,0,0,0,0,0,0.072,0.111,0.000,0,0,0,8484,8484,0,0
travel,40.000,959.7,807.078,807.078,fly,0.818,ok,2601,0,0,192.00,289759232,415395840,114090264,95883264,18123768,2904,7449760,22132800,958,8484,8484,0,0,0,0,0,0,0,0,0.061,0.061,0.000,0,0,0,8484,8484,0,0
travel,40.030,960.4,807.587,807.587,fly,0.845,ok,2601,0,0,192.00,289759232,415395840,114090264,95883264,18123768,2904,7449760,22132800,958,8484,8484,0,0,0,0,0,0,0,0,0.061,0.069,0.000,0,0,0,8484,8484,0,0
travel,40.068,961.3,808.238,808.238,fly,0.826,ok,2601,0,0,192.00,290394112,418545664,114090264,95883264,18123768,2904,11174640,22132800,958,8585,8585,0,0,0,0,0,0,0,0,0.062,0.064,0.000,0,0,0,8585,8585,0,0
travel,40.098,962.0,808.750,808.750,fly,0.843,ok,2601,0,0,192.00,290394112,418545664,114090264,95883264,18123768,2904,11174640,22132800,958,8585,8585,0,0,0,0,0,0,0,0,0.061,0.086,0.000,0,0,0,8585,8585,0,0
travel,40.129,962.7,809.265,809.265,fly,1.183,ok,2601,0,0,192.00,290394112,418545664,114090264,95883264,18123768,2904,11174640,22132800,958,8585,8585,0,0,0,0,0,0,0,0,0.417,0.063,0.000,0,0,0,8585,8585,0,0
travel,40.159,963.5,809.779,809.779,fly,0.818,ok,2601,0,0,192.00,290394112,418545664,114090264,95883264,18123768,2904,11174640,22132800,958,8585,8585,0,0,0,0,0,0,0,0,0.062,0.065,0.000,0,0,0,8585,8585,0,0
travel,40.189,964.2,810.294,810.294,fly,0.839,ok,2601,0,0,192.00,290394112,418545664,114090264,95883264,18123768,2904,11174640,22132800,958,8585,8585,0,0,0,0,0,0,0,0,0.062,0.071,0.000,0,0,0,8585,8585,0,0
travel,40.220,964.9,810.811,810.811,fly,0.852,ok,2601,0,0,192.00,290394112,418545664,114090264,95883264,18123768,2904,11174640,22132800,958,8585,8585,0,0,0,0,0,0,0,0,0.062,0.071,0.000,0,0,0,8585,8585,0,0
travel,40.250,965.7,811.325,811.325,fly,0.824,ok,2601,0,0,192.00,290394112,418545664,114090264,95883264,18123768,2904,11174640,22132800,958,8585,8585,0,0,0,0,0,0,0,0,0.062,0.065,0.000,0,0,0,8585,8585,0,0
travel,40.280,966.4,811.838,811.838,fly,0.919,ok,2601,0,0,192.00,290394112,418545664,114090264,95883264,18123768,2904,7449760,22132800,958,8585,8585,0,0,0,0,0,0,0,0,0.072,0.107,0.000,0,0,0,8585,8585,0,0
travel,40.311,967.1,812.351,812.351,fly,0.815,ok,2601,0,0,192.00,290394112,418545664,114090264,95883264,18123768,2904,7449760,22132800,958,8585,8585,0,0,0,0,0,0,0,0,0.062,0.060,0.000,0,0,0,8585,8585,0,0
travel,40.341,967.8,812.861,812.861,fly,0.818,ok,2601,0,0,192.00,290394112,418545664,114090264,95883264,18123768,2904,7449760,22132800,958,8585,8585,0,0,0,0,0,0,0,0,0.061,0.063,0.000,0,0,0,8585,8585,0,0
travel,40.371,968.6,813.373,813.373,fly,0.815,ok,2601,0,0,192.00,290394112,418545664,114090264,95883264,18123768,2904,7449760,22132800,958,8585,8585,0,0,0,0,0,0,0,0,0.064,0.062,0.000,0,0,0,8585,8585,0,0
travel,40.401,969.3,813.888,813.888,fly,1.213,ok,2601,0,0,192.00,290394112,418545664,114090264,95883264,18123768,2904,7449760,22132800,958,8585,8585,0,0,0,0,0,0,0,0,0.361,0.158,0.000,0,0,0,8585,8585,0,0
travel,40.432,970.0,814.409,814.409,fly,0.835,ok,2601,0,0,192.00,290394112,418545664,114090264,95883264,18123768,2904,7449760,22132800,958,8585,8585,0,0,0,0,0,0,0,0,0.061,0.066,0.000,0,0,0,8585,8585,0,0
travel,40.465,970.8,814.969,814.969,fly,0.863,ok,2601,0,0,192.00,290394112,418545664,114090264,95883264,18123768,2904,7449760,22132800,958,8585,8585,0,0,0,0,0,0,0,0,0.062,0.090,0.000,0,0,0,8585,8585,0,0
travel,40.495,971.5,815.480,815.480,fly,0.802,ok,2601,0,0,192.00,290394112,418545664,114090264,95883264,18123768,2904,7449760,22132800,958,8585,8585,0,0,0,0,0,0,0,0,0.060,0.065,0.000,0,0,0,8585,8585,0,0
travel,40.525,972.3,815.989,815.989,fly,0.820,ok,2601,0,0,192.00,290394112,418545664,114090264,95883264,18123768,2904,7449760,22132800,958,8585,8585,0,0,0,0,0,0,0,0,0.060,0.063,0.000,0,0,0,8585,8585,0,0
travel,40.564,973.2,816.640,816.640,fly,0.824,ok,2601,0,0,192.00,291397632,419598336,114090264,95883264,18123768,2904,11174640,22132800,958,8686,8686,0,0,0,0,0,0,0,0,0.061,0.065,0.000,0,0,0,8686,8686,0,0
travel,40.594,973.9,817.162,817.162,fly,0.936,ok,2601,0,0,192.00,291397632,419598336,114090264,95883264,18123768,2904,11174640,22132800,958,8686,8686,0,0,0,0,0,0,0,0,0.143,0.068,0.000,0,0,0,8686,8686,0,0
travel,40.625,974.6,817.676,817.676,fly,0.823,ok,2601,0,0,192.00,291397632,419598336,114090264,95883264,18123768,2904,11174640,22132800,958,8686,8686,0,0,0,0,0,0,0,0,0.060,0.064,0.000,0,0,0,8686,8686,0,0
travel,40.655,975.4,818.188,818.188,fly,0.818,ok,2601,0,0,192.00,291397632,419598336,114090264,95883264,18123768,2904,11174640,22132800,958,8686,8686,0,0,0,0,0,0,0,0,0.061,0.063,0.000,0,0,0,8686,8686,0,0
travel,40.685,976.1,818.697,818.697,fly,0.948,ok,2601,0,0,192.00,291397632,419598336,114090264,95883264,18123768,2904,11174640,22132800,958,8686,8686,0,0,0,0,0,0,0,0,0.066,0.085,0.000,0,0,0,8686,8686,0,0
travel,40.715,976.8,819.208,819.208,fly,0.835,ok,2601,0,0,192.00,291397632,419598336,114090264,95883264,18123768,2904,11174640,22132800,958,8686,8686,0,0,0,0,0,0,0,0,0.062,0.065,0.000,0,0,0,8686,8686,0,0
travel,40.745,977.5,819.719,819.719,fly,0.821,ok,2601,0,0,192.00,291397632,419598336,114090264,95883264,18123768,2904,7449760,22132800,958,8686,8686,0,0,0,0,0,0,0,0,0.061,0.068,0.000,0,0,0,8686,8686,0,0
travel,40.775,978.3,820.232,820.232,fly,0.822,ok,2601,0,0,192.00,291397632,419598336,114090264,95883264,18123768,2904,7449760,22132800,958,8686,8686,0,0,0,0,0,0,0,0,0.062,0.064,0.000,0,0,0,8686,8686,0,0
travel,40.805,979.0,820.743,820.743,fly,0.830,ok,2601,0,0,192.00,291397632,419598336,114090264,95883264,18123768,2904,7449760,22132800,958,8686,8686,0,0,0,0,0,0,0,0,0.061,0.068,0.000,0,0,0,8686,8686,0,0
travel,40.836,979.7,821.253,821.253,fly,0.814,ok,2601,0,0,192.00,291397632,419598336,114090264,95883264,18123768,2904,7449760,22132800,958,8686,8686,0,0,0,0,0,0,0,0,0.060,0.064,0.000,0,0,0,8686,8686,0,0
travel,40.866,980.4,821.764,821.764,fly,0.816,ok,2601,0,0,192.00,291397632,419598336,114090264,95883264,18123768,2904,7449760,22132800,958,8686,8686,0,0,0,0,0,0,0,0,0.062,0.064,0.000,0,0,0,8686,8686,0,0
travel,40.896,981.1,822.275,822.275,fly,0.815,ok,2601,0,0,192.00,291397632,419598336,114090264,95883264,18123768,2904,7449760,22132800,958,8686,8686,0,0,0,0,0,0,0,0,0.061,0.064,0.000,0,0,0,8686,8686,0,0
travel,40.926,981.9,822.787,822.787,fly,0.826,ok,2601,0,0,192.00,291397632,419598336,114090264,95883264,18123768,2904,7449760,22132800,958,8686,8686,0,0,0,0,0,0,0,0,0.061,0.062,0.000,0,0,0,8686,8686,0,0
travel,40.956,982.6,823.300,823.300,fly,0.818,ok,2601,0,0,192.00,291397632,419598336,114090264,95883264,18123768,2904,7449760,22132800,958,8686,8686,0,0,0,0,0,0,0,0,0.060,0.066,0.000,0,0,0,8686,8686,0,0
travel,40.987,983.3,823.818,823.818,fly,0.824,ok,2601,0,0,192.00,291397632,419598336,114090264,95883264,18123768,2904,7449760,22132800,958,8686,8686,0,0,0,0,0,0,0,0,0.061,0.064,0.000,0,0,0,8686,8686,0,0
travel,41.025,984.2,824.461,824.461,fly,0.824,ok,2601,0,0,192.00,291692544,419598336,114090264,95883264,18123768,2904,11174640,22132800,958,8787,8787,0,0,0,0,0,0,0,0,0.061,0.066,0.000,0,0,0,8787,8787,0,0
travel,41.055,985.0,824.972,824.972,fly,0.820,ok,2601,0,0,192.00,291692544,419598336,114090264,95883264,18123768,2904,11174640,22132800,958,8787,8787,0,0,0,0,0,0,0,0,0.063,0.064,0.000,0,0,0,8787,8787,0,0
travel,41.085,985.7,825.484,825.484,fly,0.924,ok,2601,0,0,192.00,291692544,419598336,114090264,95883264,18123768,2904,11174640,22132800,958,8787,8787,0,0,0,0,0,0,0,0,0.071,0.107,0.000,0,0,0,8787,8787,0,0
travel,41.115,986.4,825.994,825.994,fly,0.819,ok,2601,0,0,192.00,291692544,419598336,114090264,95883264,18123768,2904,11174640,22132800,958,8787,8787,0,0,0,0,0,0,0,0,0.062,0.065,0.000,0,0,0,8787,8787,0,0
travel,41.145,987.1,826.503,826.503,fly,0.817,ok,2601,0,0,192.00,291692544,419598336,114090264,95883264,18123768,2904,11174640,22132800,958,8787,8787,0,0,0,0,0,0,0,0,0.061,0.065,0.000,0,0,0,8787,8787,0,0
travel,41.175,987.8,827.013,827.013,fly,0.853,ok,2601,0,0,192.00,291692544,419598336,114090264,95883264,18123768,2904,11174640,22132800,958,8787,8787,0,0,0,0,0,0,0,0,0.061,0.065,0.000,0,0,0,8787,8787,0,0
travel,41.205,988.6,827.522,827.522,fly,0.824,ok,2601,0,0,192.00,291692544,419598336,114090264,95883264,18123768,2904,11174640,22132800,958,8787,8787,0,0,0,0,0,0,0,0,0.061,0.065,0.000,0,0,0,8787,8787,0,0
travel,41.235,989.3,828.037,828.037,fly,0.831,ok,2601,0,0,192.00,291692544,419598336,114090264,95883264,18123768,2904,7449760,22132800,958,8787,8787,0,0,0,0,0,0,0,0,0.060,0.065,0.000,0,0,0,8787,8787,0,0
travel,41.266,990.0,828.551,828.551,fly,0.814,ok,2601,0,0,192.00,291692544,419598336,114090264,95883264,18123768,2904,7449760,22132800,958,8787,8787,0,0,0,0,0,0,0,0,0.061,0.064,0.000,0,0,0,8787,8787,0,0
travel,41.296,990.7,829.062,829.062,fly,0.828,ok,2601,0,0,192.00,291692544,419598336,114090264,95883264,18123768,2904,7449760,22132800,958,8787,8787,0,0,0,0,0,0,0,0,0.060,0.070,0.000,0,0,0,8787,8787,0,0
travel,41.326,991.5,829.573,829.573,fly,0.833,ok,2601,0,0,192.00,291692544,419598336,114090264,95883264,18123768,2904,7449760,22132800,958,8787,8787,0,0,0,0,0,0,0,0,0.061,0.070,0.000,0,0,0,8787,8787,0,0
travel,41.356,992.2,830.082,830.082,fly,0.909,ok,2601,0,0,192.00,291758080,419598336,114090264,95883264,18123768,2904,7449760,22132800,958,8787,8787,0,0,0,0,0,0,0,0,0.141,0.069,0.000,0,0,0,8787,8787,0,0
travel,41.386,992.9,830.593,830.593,fly,0.815,ok,2601,0,0,192.00,291758080,419598336,114090264,95883264,18123768,2904,7449760,22132800,958,8787,8787,0,0,0,0,0,0,0,0,0.061,0.067,0.000,0,0,0,8787,8787,0,0
travel,41.416,993.6,831.104,831.104,fly,0.848,ok,2601,0,0,192.00,291758080,419598336,114090264,95883264,18123768,2904,7449760,22132800,958,8787,8787,0,0,0,0,0,0,0,0,0.062,0.073,0.000,0,0,0,8787,8787,0,0
travel,41.447,994.4,831.618,831.618,fly,0.811,ok,2601,0,0,192.00,291758080,419598336,114090264,95883264,18123768,2904,7449760,22132800,958,8787,8787,0,0,0,0,0,0,0,0,0.060,0.063,0.000,0,0,0,8787,8787,0,0
travel,41.485,995.3,832.266,832.266,fly,0.832,ok,2601,0,0,192.00,292282368,420122624,114090264,95883264,18123768,2904,11174640,22132800,958,8888,8888,0,0,0,0,0,0,0,0,0.061,0.066,0.000,0,0,0,8888,8888,0,0
travel,41.515,996.0,832.781,832.781,fly,0.819,ok,2601,0,0,192.00,292282368,420122624,114090264,95883264,18123768,2904,11174640,22132800,958,8888,8888,0,0,0,0,0,0,0,0,0.061,0.064,0.000,0,0,0,8888,8888,0,0
travel,41.545,996.7,833.294,833.294,fly,0.834,ok,2601,0,0,192.00,292282368,420122624,114090264,95883264,18123768,2904,11174640,22132800,958,8888,8888,0,0,0,0,0,0,0,0,0.061,0.064,0.000,0,0,0,8888,8888,0,0
travel,41.576,997.5,833.806,833.806,fly,0.810,ok,2601,0,0,192.00,292282368,420122624,114090264,95883264,18123768,2904,11174640,22132800,958,8888,8888,0,0,0,0,0,0,0,0,0.061,0.064,0.000,0,0,0,8888,8888,0,0
travel,41.606,998.2,834.315,834.315,fly,0.841,ok,2601,0,0,192.00,292282368,420122624,114090264,95883264,18123768,2904,11174640,22132800,958,8888,8888,0,0,0,0,0,0,0,0,0.062,0.070,0.000,0,0,0,8888,8888,0,0
travel,41.636,998.9,834.826,834.826,fly,0.874,ok,2601,0,0,192.00,292282368,420122624,114090264,95883264,18123768,2904,11174640,22132800,958,8888,8888,0,0,0,0,0,0,0,0,0.062,0.072,0.000,0,0,0,8888,8888,0,0
travel,41.666,999.6,835.338,835.338,fly,0.816,ok,2601,0,0,192.00,292282368,420122624,114090264,95883264,18123768,2904,11174640,22132800,958,8888,8888,0,0,0,0,0,0,0,0,0.060,0.063,0.000,0,0,0,8888,8888,0,0
drain,41.682,1000.0,835.611,835.611,fly,2.539,ok,2601,0,400,192.00,279683072,414019584,0,0,0,0,0,0,0,8888,8888,0,0,0,0,0,0,0,0,0.080,0.074,0.000,0,0,0,8888,8888,0,0
travel,41.697,1000.4,835.863,835.863,fly,0.904,ok,2601,0,0,192.00,279830528,414085120,114090264,95883264,18123768,2601,0,22132800,958,8888,8888,0,0,0,0,0,0,0,0,0.062,0.073,0.000,0,0,0,8888,8888,0,0
travel,41.727,1001.1,836.377,836.377,fly,0.877,ok,2601,0,0,192.00,279830528,414085120,114090264,95883264,18123768,2601,0,22132800,958,8888,8888,0,0,0,0,0,0,0,0,0.063,0.067,0.000,0,0,0,8888,8888,0,0
travel,41.758,1001.8,836.900,836.900,fly,0.863,ok,2601,0,0,192.00,279830528,414085120,114090264,95883264,18123768,2601,0,22132800,958,8888,8888,0,0,0,0,0,0,0,0,0.061,0.066,0.000,0,0,0,8888,8888,0,0
travel,41.789,1002.6,837.422,837.422,fly,0.876,ok,2601,0,0,192.00,279830528,414085120,114090264,95883264,18123768,2601,0,22132800,958,8888,8888,0,0,0,0,0,0,0,0,0.061,0.068,0.000,0,0,0,8888,8888,0,0
travel,41.819,1003.3,837.934,837.934,fly,1.210,ok,2601,0,0,192.00,279830528,414085120,114090264,95883264,18123768,2601,0,22132800,958,8888,8888,0,0,0,0,0,0,0,0,0.393,0.063,0.000,0,0,0,8888,8888,0,0
travel,41.849,1004.0,838.452,838.452,fly,0.863,ok,2601,0,0,192.00,279830528,414085120,114090264,95883264,18123768,2601,0,22132800,958,8888,8888,0,0,0,0,0,0,0,0,0.060,0.063,0.000,0,0,0,8888,8888,0,0
travel,41.880,1004.7,838.965,838.965,fly,0.867,ok,2601,0,0,192.00,279830528,414085120,114090264,95883264,18123768,2601,0,22132800,958,8888,8888,0,0,0,0,0,0,0,0,0.060,0.064,0.000,0,0,0,8888,8888,0,0
travel,41.910,1005.5,839.478,839.478,fly,0.874,ok,2601,0,0,192.00,279830528,414085120,114090264,95883264,18123768,2601,0,22132800,958,8888,8888,0,0,0,0,0,0,0,0,0.061,0.063,0.000,0,0,0,8888,8888,0,0
travel,41.940,1006.2,839.989,839.989,fly,0.901,ok,2601,0,0,192.00,279830528,414085120,114090264,95883264,18123768,2601,0,22132800,958,8888,8888,0,0,0,0,0,0,0,0,0.061,0.071,0.000,0,0,0,8888,8888,0,0
travel,41.978,1007.1,840.638,840.638,fly,0.859,ok,2601,0,0,192.00,279846912,414085120,114090264,95883264,18123768,2702,3724880,22132800,958,8989,8989,0,0,0,0,0,0,0,0,0.063,0.065,0.000,0,0,0,8989,8989,0,0
travel,42.009,1007.9,841.158,841.158,fly,0.853,ok,2601,0,0,192.00,279846912,414085120,114090264,95883264,18123768,2702,3724880,22132800,958,8989,8989,0,0,0,0,0,0,0,0,0.060,0.066,0.000,0,0,0,8989,8989,0,0
travel,42.039,1008.6,841.675,841.675,fly,1.049,ok,2601,0,0,192.00,279846912,414085120,114090264,95883264,18123768,2702,3724880,22132800,958,8989,8989,0,0,0,0,0,0,0,0,0.065,0.087,0.000,0,0,0,8989,8989,0,0
travel,42.070,1009.3,842.193,842.193,fly,0.853,ok,2601,0,0,192.00,279846912,414085120,114090264,95883264,18123768,2702,3724880,22132800,958,8989,8989,0,0,0,0,0,0,0,0,0.060,0.062,0.000,0,0,0,8989,8989,0,0
travel,42.100,1010.0,842.702,842.702,fly,0.879,ok,2601,0,0,192.00,279846912,414085120,114090264,95883264,18123768,2702,3724880,22132800,958,8989,8989,0,0,0,0,0,0,0,0,0.062,0.073,0.000,0,0,0,8989,8989,0,0
travel,42.131,1010.8,843.223,843.223,fly,0.919,ok,2601,0,0,192.00,279846912,414085120,114090264,95883264,18123768,2702,3724880,22132800,958,8989,8989,0,0,0,0,0,0,0,0,0.063,0.070,0.000,0,0,0,8989,8989,0,0
travel,42.161,1011.5,843.739,843.739,fly,0.858,ok,2601,0,0,192.00,279846912,414085120,114090264,95883264,18123768,2702,3724880,22132800,958,8989,8989,0,0,0,0,0,0,0,0,0.062,0.065,0.000,0,0,0,8989,8989,0,0
travel,42.191,1012.2,844.248,844.248,fly,0.867,ok,2601,0,0,192.00,279846912,414085120,114090264,95883264,18123768,2702,3724880,22132800,958,8989,8989,0,0,0,0,0,0,0,0,0.061,0.070,0.000,0,0,0,8989,8989,0,0
travel,42.222,1013.0,844.768,844.768,fly,0.865,ok,2601,0,0,192.00,279846912,414085120,114090264,95883264,18123768,2702,3724880,22132800,958,8989,8989,0,0,0,0,0,0,0,0,0.061,0.069,0.000,0,0,0,8989,8989,0,0
travel,42.252,1013.7,845.283,845.283,fly,0.858,ok,2601,0,0,192.00,279846912,414085120,114090264,95883264,18123768,2702,3724880,22132800,958,8989,8989,0,0,0,0,0,0,0,0,0.061,0.066,0.000,0,0,0,8989,8989,0,0
travel,42.282,1014.4,845.792,845.792,fly,0.888,ok,2601,0,0,192.00,279846912,414085120,114090264,95883264,18123768,2702,3724880,22132800,958,8989,8989,0,0,0,0,0,0,0,0,0.061,0.069,0.000,0,0,0,8989,8989,0,0
travel,42.313,1015.1,846.313,846.313,fly,0.940,ok,2601,0,0,192.00,279846912,414085120,114090264,95883264,18123768,2702,3724880,22132800,958,8989,8989,0,0,0,0,0,0,0,0,0.065,0.133,0.000,0,0,0,8989,8989,0,0
travel,42.343,1015.9,846.831,846.831,fly,1.105,ok,2601,0,0,192.00,279846912,414085120,114090264,95883264,18123768,2702,3724880,22132800,958,8989,8989,0,0,0,0,0,0,0,0,0.217,0.148,0.000,0,0,0,8989,8989,0,0
travel,42.374,1016.6,847.351,847.351,fly,0.865,ok,2601,0,0,192.00,279846912,414085120,114090264,95883264,18123768,2702,3724880,22132800,958,8989,8989,0,0,0,0,0,0,0,0,0.061,0.067,0.000,0,0,0,8989,8989,0,0
travel,42.404,1017.3,847.867,847.867,fly,0.857,ok,2601,0,0,192.00,279846912,414085120,114090264,95883264,18123768,2702,3724880,22132800,958,8989,8989,0,0,0,0,0,0,0,0,0.060,0.065,0.000,0,0,0,8989,8989,0,0
travel,42.443,1018.3,848.518,848.518,fly,0.865,ok,2601,0,0,192.00,279846912,414085120,114090264,95883264,18123768,2803,7449760,22132800,958,9090,9090,0,0,0,0,0,0,0,0,0.061,0.083,0.000,0,0,0,9090,9090,0,0
travel,42.473,1019.0,849.030,849.030,fly,1.220,ok,2601,0,0,192.00,279846912,414085120,114090264,95883264,18123768,2803,7449760,22132800,958,9090,9090,0,0,0,0,0,0,0,0,0.402,0.067,0.000,0,0,0,9090,9090,0,0
travel,42.504,1019.7,849.548,849.548,fly,0.846,ok,2601,0,0,192.00,279846912,414085120,114090264,95883264,18123768,2803,7449760,22132800,958,9090,9090,0,0,0,0,0,0,0,0,0.061,0.063,0.000,0,0,0,9090,9090,0,0
travel,42.534,1020.4,850.058,850.058,fly,0.873,ok,2601,0,0,192.00,279846912,414085120,114090264,95883264,18123768,2803,7449760,22132800,958,9090,9090,0,0,0,0,0,0,0,0,0.062,0.070,0.000,0,0,0,9090,9090,0,0
travel,42.564,1021.2,850.568,850.568,fly,1.040,ok,2601,0,0,192.00,279846912,414085120,114090264,95883264,18123768,2803,7449760,22132800,958,9090,9090,0,0,0,0,0,0,0,0,0.094,0.151,0.000,0,0,0,9090,9090,0,0
travel,42.594,1021.9,851.087,851.087,fly,0.846,ok,2601,0,0,192.00,279846912,414085120,114090264,95883264,18123768,2803,7449760,22132800,958,9090,9090,0,0,0,0,0,0,0,0,0.061,0.066,0.000,0,0,0,9090,9090,0,0
travel,42.624,1022.6,851.596,851.596,fly,0.847,ok,2601,0,0,192.00,279846912,414085120,114090264,95883264,18123768,2803,7449760,22132800,958,9090,9090,0,0,0,0,0,0,0,0,0.062,0.064,0.000,0,0,0,9090,9090,0,0
travel,42.659,1023.4,852.177,852.177,fly,0.843,ok,2601,0,0,192.00,279846912,414085120,114090264,95883264,18123768,2803,7449760,22132800,958,9090,9090,0,0,0,0,0,0,0,0,0.061,0.062,0.000,0,0,0,9090,9090,0,0
travel,42.689,1024.2,852.688,852.688,fly,0.867,ok,2601,0,0,192.00,279846912,414085120,114090264,95883264,18123768,2803,7449760,22132800,958,9090,9090,0,0,0,0,0,0,0,0,0.061,0.069,0.000,0,0,0,9090,9090,0,0
travel,42.719,1024.9,853.198,853.198,fly,0.843,ok,2601,0,0,192.00,279846912,414085120,114090264,95883264,18123768,2803,7449760,22132800,958,9090,9090,0,0,0,0,0,0,0,0,0.060,0.060,0.000,0,0,0,9090,9090,0,0
travel,42.749,1025.6,853.718,853.718,fly,0.843,ok,2601,0,0,192.00,279846912,414085120,114090264,95883264,18123768,2803,7449760,22132800,958,9090,9090,0,0,0,0,0,0,0,0,0.060,0.064,0.000,0,0,0,9090,9090,0,0
travel,42.780,1026.3,854.239,854.239,fly,0.856,ok,2601,0,0,192.00,279846912,414085120,114090264,95883264,18123768,2803,7449760,22132800,958,9090,9090,0,0,0,0,0,0,0,0,0.060,0.067,0.000,0,0,0,9090,9090,0,0
travel,42.810,1027.1,854.759,854.759,fly,0.846,ok,2601,0,0,192.00,279846912,414085120,114090264,95883264,18123768,2803,7449760,22132800,958,9090,9090,0,0,0,0,0,0,0,0,0.060,0.064,0.000,0,0,0,9090,9090,0,0
travel,42.841,1027.8,855.281,855.281,fly,0.853,ok,2601,0,0,192.00,279846912,414085120,114090264,95883264,18123768,2803,7449760,22132800,958,9090,9090,0,0,0,0,0,0,0,0,0.060,0.065,0.000,0,0,0,9090,9090,0,0
travel,42.872,1028.6,855.797,855.797,fly,0.971,ok,2601,0,0,192.00,279846912,414085120,114090264,95883264,18123768,2803,7449760,22132800,958,9090,9090,0,0,0,0,0,0,0,0,0.142,0.068,0.000,0,0,0,9090,9090,0,0
travel,42.911,1029.5,856.459,856.459,fly,0.822,ok,2601,0,0,192.00,280834048,415137792,114090264,95883264,18123768,2904,11174640,22132800,958,9191,9191,0,0,0,0,0,0,0,0,0.062,0.064,0.000,0,0,0,9191,9191,0,0
travel,42.941,1030.2,856.975,856.975,fly,0.823,ok,2601,0,0,192.00,280834048,415137792,114090264,95883264,18123768,2904,11174640,22132800,958,9191,9191,0,0,0,0,0,0,0,0,0.061,0.064,0.000,0,0,0,9191,9191,0,0
travel,42.971,1030.9,857.487,857.487,fly,0.816,ok,2601,0,0,192.00,280834048,415137792,114090264,95883264,18123768,2904,11174640,22132800,958,9191,9191,0,0,0,0,0,0,0,0,0.061,0.063,0.000,0,0,0,9191,9191,0,0
travel,43.001,1031.7,857.997,857.997,fly,0.819,ok,2601,0,0,192.00,280834048,415137792,114090264,95883264,18123768,2904,11174640,22132800,958,9191,9191,0,0,0,0,0,0,0,0,0.060,0.063,0.000,0,0,0,9191,9191,0,0
travel,43.032,1032.4,858.518,858.518,fly,0.815,ok,2601,0,0,192.00,280834048,415137792,114090264,95883264,18123768,2904,11174640,22132800,958,9191,9191,0,0,0,0,0,0,0,0,0.062,0.066,0.000,0,0,0,9191,9191,0,0
travel,43.062,1033.1,859.029,859.029,fly,0.843,ok,2601,0,0,192.00,280834048,415137792,114090264,95883264,18123768,2904,11174640,22132800,958,9191,9191,0,0,0,0,0,0,0,0,0.061,0.073,0.000,0,0,0,9191,9191,0,0
travel,43.094,1033.9,859.572,859.572,fly,0.821,ok,2601,0,0,192.00,280834048,415137792,114090264,95883264,18123768,2904,7449760,22132800,958,9191,9191,0,0,0,0,0,0,0,0,0.061,0.066,0.000,0,0,0,9191,9191,0,0
travel,43.124,1034.6,860.093,860.093,fly,0.834,ok,2601,0,0,192.00,280834048,415137792,114090264,95883264,18123768,2904,7449760,22132800,958,9191,9191,0,0,0,0,0,0,0,0,0.063,0.074,0.000,0,0,0,9191,9191,0,0
travel,43.154,1035.4,860.604,860.604,fly,0.802,ok,2601,0,0,192.00,280834048,415137792,114090264,95883264,18123768,2904,7449760,22132800,958,9191,9191,0,0,0,0,0,0,0,0,0.061,0.065,0.000,0,0,0,9191,9191,0,0
travel,43.185,1036.1,861.126,861.126,fly,0.822,ok,2601,0,0,192.00,280834048,415137792,114090264,95883264,18123768,2904,7449760,22132800,958,9191,9191,0,0,0,0,0,0,0,0,0.061,0.066,0.000,0,0,0,9191,9191,0,0
travel,43.215,1036.8,861.640,861.640,fly,0.821,ok,2601,0,0,192.00,280834048,415137792,114090264,95883264,18123768,2904,7449760,22132800,958,9191,9191,0,0,0,0,0,0,0,0,0.061,0.066,0.000,0,0,0,9191,9191,0,0
travel,43.246,1037.5,862.156,862.156,fly,0.815,ok,2601,0,0,192.00,280834048,415137792,114090264,95883264,18123768,2904,7449760,22132800,958,9191,9191,0,0,0,0,0,0,0,0,0.060,0.064,0.000,0,0,0,9191,9191,0,0
travel,43.276,1038.3,862.669,862.669,fly,0.821,ok,2601,0,0,192.00,280834048,415137792,114090264,95883264,18123768,2904,7449760,22132800,958,9191,9191,0,0,0,0,0,0,0,0,0.060,0.070,0.000,0,0,0,9191,9191,0,0
travel,43.306,1039.0,863.180,863.180,fly,0.873,ok,2601,0,0,192.00,280834048,415137792,114090264,95883264,18123768,2904,7449760,22132800,958,9191,9191,0,0,0,0,0,0,0,0,0.061,0.079,0.000,0,0,0,9191,9191,0,0
travel,43.336,1039.7,863.691,863.691,fly,0.815,ok,2601,0,0,192.00,280834048,415137792,114090264,95883264,18123768,2904,7449760,22132800,958,9191,9191,0,0,0,0,0,0,0,0,0.060,0.064,0.000,0,0,0,9191,9191,0,0
travel,43.375,1040.6,864.349,864.349,fly,1.286,ok,2601,0,0,192.00,281948160,416186368,114090264,95883264,18123768,2904,11174640,22132800,958,9292,9292,0,0,0,0,0,0,0,0,0.400,0.111,0.000,0,0,0,9292,9292,0,0
travel,43.405,1041.4,864.873,864.873,fly,0.800,ok,2601,0,0,192.00,281948160,416186368,114090264,95883264,18123768,2904,11174640,22132800,958,9292,9292,0,0,0,0,0,0,0,0,0.062,0.062,0.000,0,0,0,9292,9292,0,0
travel,43.436,1042.1,865.387,865.387,fly,0.821,ok,2601,0,0,192.00,281948160,416186368,114090264,95883264,18123768,2904,11174640,22132800,958,9292,9292,0,0,0,0,0,0,0,0,0.061,0.063,0.000,0,0,0,9292,9292,0,0
travel,43.466,1042.8,865.897,865.897,fly,0.818,ok,2601,0,0,192.00,281948160,416186368,114090264,95883264,18123768,2904,11174640,22132800,958,9292,9292,0,0,0,0,0,0,0,0,0.061,0.063,0.000,0,0,0,9292,9292,0,0
travel,43.496,1043.6,866.412,866.412,fly,0.819,ok,2601,0,0,192.00,281948160,416186368,114090264,95883264,18123768,2904,11174640,22132800,958,9292,9292,0,0,0,0,0,0,0,0,0.061,0.065,0.000,0,0,0,9292,9292,0,0
travel,43.526,1044.3,866.924,866.924,fly,0.819,ok,2601,0,0,192.00,281948160,416186368,114090264,95883264,18123768,2904,11174640,22132800,958,9292,9292,0,0,0,0,0,0,0,0,0.061,0.067,0.000,0,0,0,9292,9292,0,0
travel,43.556,1045.0,867.435,867.435,fly,0.816,ok,2601,0,0,192.00,281948160,416186368,114090264,95883264,18123768,2904,11174640,22132800,958,9292,9292,0,0,0,0,0,0,0,0,0.060,0.065,0.000,0,0,0,9292,9292,0,0
travel,43.586,1045.7,867.949,867.949,fly,0.816,ok,2601,0,0,192.00,281948160,416186368,114090264,95883264,18123768,2904,7449760,22132800,958,9292,9292,0,0,0,0,0,0,0,0,0.060,0.066,0.000,0,0,0,9292,9292,0,0
travel,43.617,1046.5,868.466,868.466,fly,0.867,ok,2601,0,0,192.00,281948160,416186368,114090264,95883264,18123768,2904,7449760,22132800,958,9292,9292,0,0,0,0,0,0,0,0,0.062,0.072,0.000,0,0,0,9292,9292,0,0
travel,43.647,1047.2,868.976,868.976,fly,0.807,ok,2601,0,0,192.00,281948160,416186368,114090264,95883264,18123768,2904,7449760,22132800,958,9292,9292,0,0,0,0,0,0,0,0,0.059,0.062,0.000,0,0,0,9292,9292,0,0
travel,43.677,1047.9,869.495,869.495,fly,0.825,ok,2601,0,0,192.00,281948160,416186368,114090264,95883264,18123768,2904,7449760,22132800,958,9292,9292,0,0,0,0,0,0,0,0,0.061,0.067,0.000,0,0,0,9292,9292,0,0
travel,43.708,1048.7,870.010,870.010,fly,0.866,ok,2601,0,0,192.00,281948160,416186368,114090264,95883264,18123768,2904,7449760,22132800,958,9292,9292,0,0,0,0,0,0,0,0,0.060,0.069,0.000,0,0,0,9292,9292,0,0
travel,43.738,1049.4,870.527,870.527,fly,0.821,ok,2601,0,0,192.00,281948160,416186368,114090264,95883264,18123768,2904,7449760,22132800,958,9292,9292,0,0,0,0,0,0,0,0,0.061,0.064,0.000,0,0,0,9292,9292,0,0
travel,43.768,1050.1,871.037,871.037,fly,0.822,ok,2601,0,0,192.00,281948160,416186368,114090264,95883264,18123768,2904,7449760,22132800,958,9292,9292,0,0,0,0,0,0,0,0,0.060,0.069,0.000,0,0,0,9292,9292,0,0
travel,43.798,1050.8,871.551,871.551,fly,0.815,ok,2601,0,0,192.00,281948160,416186368,114090264,95883264,18123768,2904,7449760,22132800,958,9292,9292,0,0,0,0,0,0,0,0,0.059,0.065,0.000,0,0,0,9292,9292,0,0
travel,43.837,1051.8,872.206,872.206,fly,0.972,ok,2601,0,0,192.00,282914816,417239040,114090264,95883264,18123768,2904,11174640,22132800,958,9393,9393,0,0,64,0,0,0,0,0,0.072,0.111,0.000,0,0,0,9393,9393,0,0
travel,43.867,1052.5,872.719,872.719,fly,0.848,ok,2601,0,0,192.00,282914816,417239040,114090264,95883264,18123768,2904,11174640,22132800,958,9393,9393,0,0,0,0,0,0,0,0,0.063,0.071,0.000,0,0,0,9393,9393,0,0
travel,43.897,1053.2,873.232,873.232,fly,0.819,ok,2601,0,0,192.00,282914816,417239040,114090264,95883264,18123768,2904,11174640,22132800,958,9393,9393,0,0,0,0,0,0,0,0,0.060,0.067,0.000,0,0,0,9393,9393,0,0
travel,43.927,1053.9,873.742,873.742,fly,0.820,ok,2601,0,0,192.00,282914816,417239040,114090264,95883264,18123768,2904,11174640,22132800,958,9393,9393,0,0,0,0,0,0,0,0,0.060,0.065,0.000,0,0,0,9393,9393,0,0
travel,43.957,1054.7,874.256,874.256,fly,0.813,ok,2601,0,0,192.00,282914816,417239040,114090264,95883264,18123768,2904,11174640,22132800,958,9393,9393,0,0,0,0,0,0,0,0,0.061,0.063,0.000,0,0,0,9393,9393,0,0
travel,43.987,1055.4,874.768,874.768,fly,0.815,ok,2601,0,0,192.00,282914816,417239040,114090264,95883264,18123768,2904,11174640,22132800,958,9393,9393,0,0,0,0,0,0,0,0,0.061,0.066,0.000,0,0,0,9393,9393,0,0
travel,44.018,1056.1,875.284,875.284,fly,0.811,ok,2601,0,0,192.00,282914816,417239040,114090264,95883264,18123768,2904,11174640,22132800,958,9393,9393,0,0,0,0,0,0,0,0,0.060,0.063,0.000,0,0,0,9393,9393,0,0
travel,44.049,1056.9,875.808,875.808,fly,0.818,ok,2601,0,0,192.00,282914816,417239040,114090264,95883264,18123768,2904,11174640,22132800,958,9393,9393,0,0,0,0,0,0,0,0,0.061,0.069,0.000,0,0,0,9393,9393,0,0
travel,44.079,1057.6,876.323,876.323,fly,0.963,ok,2601,0,0,192.00,282914816,417239040,114090264,95883264,18123768,2904,7449760,22132800,958,9393,9393,0,0,0,0,0,0,0,0,0.067,0.096,0.000,0,0,0,9393,9393,0,0
travel,44.109,1058.3,876.837,876.837,fly,0.843,ok,2601,0,0,192.00,282914816,417239040,114090264,95883264,18123768,2904,7449760,22132800,958,9393,9393,0,0,0,0,0,0,0,0,0.062,0.070,0.000,0,0,0,9393,9393,0,0
travel,44.139,1059.0,877.347,877.347,fly,0.820,ok,2601,0,0,192.00,282914816,417239040,114090264,95883264,18123768,2904,7449760,22132800,958,9393,9393,0,0,0,0,0,0,0,0,0.061,0.069,0.000,0,0,0,9393,9393,0,0
travel,44.170,1059.8,877.869,877.869,fly,0.918,ok,2601,0,0,192.00,282914816,417239040,114090264,95883264,18123768,2904,7449760,22132800,958,9393,9393,0,0,0,0,0,0,0,0,0.066,0.092,0.000,0,0,0,9393,9393,0,0
travel,44.200,1060.5,878.380,878.380,fly,0.931,ok,2601,0,0,192.00,282914816,417239040,114090264,95883264,18123768,2904,7449760,22132800,958,9393,9393,0,0,0,0,0,0,0,0,0.140,0.099,0.000,0,0,0,9393,9393,0,0
travel,44.230,1061.2,878.896,878.896,fly,0.818,ok,2601,0,0,192.00,282914816,417239040,114090264,95883264,18123768,2904,7449760,22132800,958,9393,9393,0,0,0,0,0,0,0,0,0.059,0.066,0.000,0,0,0,9393,9393,0,0
travel,44.261,1061.9,879.411,879.411,fly,0.825,ok,2601,0,0,192.00,282914816,417239040,114090264,95883264,18123768,2904,7449760,22132800,958,9393,9393,0,0,0,0,0,0,0,0,0.059,0.065,0.000,0,0,0,9393,9393,0,0
travel,44.291,1062.7,879.921,879.921,fly,0.816,ok,2601,0,0,192.00,282914816,417239040,114090264,95883264,18123768,2904,7449760,22132800,958,9393,9393,0,0,0,0,0,0,0,0,0.059,0.062,0.000,0,0,0,9393,9393,0,0
travel,44.329,1063.6,880.579,880.579,fly,0.815,ok,2601,0,0,192.00,283357184,417763328,114090264,95883264,18123768,2904,11174640,22132800,958,9494,9494,0,0,0,0,0,0,0,0,0.060,0.063,0.000,0,0,0,9494,9494,0,0
travel,44.359,1064.3,881.093,881.093,fly,0.852,ok,2601,0,0,192.00,283357184,417763328,114090264,95883264,18123768,2904,11174640,22132800,958,9494,9494,0,0,0,0,0,0,0,0,0.062,0.078,0.000,0,0,0,9494,9494,0,0
travel,44.389,1065.0,881.603,881.603,fly,0.912,ok,2601,0,0,192.00,283357184,417763328,114090264,95883264,18123768,2904,11174640,22132800,958,9494,9494,0,0,0,0,0,0,0,0,0.070,0.106,0.000,0,0,0,9494,9494,0,0
travel,44.420,1065.8,882.119,882.119,fly,0.814,ok,2601,0,0,192.00,283357184,417763328,114090264,95883264,18123768,2904,11174640,22132800,958,9494,9494,0,0,0,0,0,0,0,0,0.061,0.064,0.000,0,0,0,9494,9494,0,0
travel,44.450,1066.5,882.630,882.630,fly,0.819,ok,2601,0,0,192.00,283357184,417763328,114090264,95883264,18123768,2904,11174640,22132800,958,9494,9494,0,0,0,0,0,0,0,0,0.061,0.065,0.000,0,0,0,9494,9494,0,0
travel,44.480,1067.2,883.144,883.144,fly,0.811,ok,2601,0,0,192.00,283357184,417763328,114090264,95883264,18123768,2904,11174640,22132800,958,9494,9494,0,0,0,0,0,0,0,0,0.061,0.064,0.000,0,0,0,9494,9494,0,0
travel,44.510,1068.0,883.656,883.656,fly,0.821,ok,2601,0,0,192.00,283357184,417763328,114090264,95883264,18123768,2904,11174640,22132800,958,9494,9494,0,0,0,0,0,0,0,0,0.060,0.066,0.000,0,0,0,9494,9494,0,0
travel,44.540,1068.7,884.171,884.171,fly,0.827,ok,2601,0,0,192.00,283357184,417763328,114090264,95883264,18123768,2904,7449760,22132800,958,9494,9494,0,0,0,0,0,0,0,0,0.062,0.068,0.000,0,0,0,9494,9494,0,0
travel,44.571,1069.4,884.683,884.683,fly,0.818,ok,2601,0,0,192.00,283357184,417763328,114090264,95883264,18123768,2904,7449760,22132800,958,9494,9494,0,0,0,0,0,0,0,0,0.060,0.065,0.000,0,0,0,9494,9494,0,0
travel,44.601,1070.1,885.195,885.195,fly,0.821,ok,2601,0,0,192.00,283357184,417763328,114090264,95883264,18123768,2904,7449760,22132800,958,9494,9494,0,0,0,0,0,0,0,0,0.060,0.069,0.000,0,0,0,9494,9494,0,0
travel,44.631,1070.9,885.706,885.706,fly,1.125,ok,2601,0,0,192.00,283357184,417763328,114090264,95883264,18123768,2904,7449760,22132800,958,9494,9494,0,0,0,0,0,0,0,0,0.242,0.147,0.000,0,0,0,9494,9494,0,0
travel,44.661,1071.6,886.221,886.221,fly,0.817,ok,2601,0,0,192.00,283357184,417763328,114090264,95883264,18123768,2904,7449760,22132800,958,9494,9494,0,0,0,0,0,0,0,0,0.060,0.065,0.000,0,0,0,9494,9494,0,0
travel,44.691,1072.3,886.734,886.734,fly,0.831,ok,2601,0,0,192.00,283357184,417763328,114090264,95883264,18123768,2904,7449760,22132800,958,9494,9494,0,0,0,0,0,0,0,0,0.063,0.066,0.000,0,0,0,9494,9494,0,0
travel,44.721,1073.0,887.247,887.247,fly,0.811,ok,2601,0,0,192.00,283357184,417763328,114090264,95883264,18123768,2904,7449760,22132800,958,9494,9494,0,0,0,0,0,0,0,0,0.059,0.066,0.000,0,0,0,9494,9494,0,0
travel,44.751,1073.8,887.757,887.757,fly,0.812,ok,2601,0,0,192.00,283357184,417763328,114090264,95883264,18123768,2904,7449760,22132800,958,9494,9494,0,0,0,0,0,0,0,0,0.061,0.063,0.000,0,0,0,9494,9494,0,0
travel,44.790,1074.7,888.413,888.413,fly,0.816,ok,2601,0,0,192.00,283340800,417632256,114090264,95883264,18123768,2904,11174640,22132800,958,9595,9595,0,0,0,0,0,0,0,0,0.061,0.066,0.000,0,0,0,9595,9595,0,0
travel,44.820,1075.4,888.926,888.926,fly,0.816,ok,2601,0,0,192.00,283340800,417632256,114090264,95883264,18123768,2904,11174640,22132800,958,9595,9595,0,0,0,0,0,0,0,0,0.060,0.064,0.000,0,0,0,9595,9595,0,0
travel,44.851,1076.1,889.443,889.443,fly,0.816,ok,2601,0,0,192.00,283344896,417697792,114090264,95883264,18123768,2904,11174640,22132800,958,9595,9595,0,0,0,0,0,0,0,0,0.061,0.066,0.000,0,0,0,9595,9595,0,0
travel,44.881,1076.9,889.957,889.957,fly,0.820,ok,2601,0,0,192.00,283344896,417697792,114090264,95883264,18123768,2904,11174640,22132800,958,9595,9595,0,0,0,0,0,0,0,0,0.060,0.064,0.000,0,0,0,9595,9595,0,0
travel,44.911,1077.6,890.473,890.473,fly,0.871,ok,2601,0,0,192.00,283344896,417697792,114090264,95883264,18123768,2904,11174640,22132800,958,9595,9595,0,0,0,0,0,0,0,0,0.060,0.099,0.000,0,0,0,9595,9595,0,0
travel,44.942,1078.3,890.995,890.995,fly,0.878,ok,2601,0,0,192.00,283344896,417697792,114090264,95883264,18123768,2904,11174640,22132800,958,9595,9595,0,0,0,0,0,0,0,0,0.060,0.126,0.000,0,0,0,9595,9595,0,0
travel,44.972,1079.1,891.515,891.515,fly,0.814,ok,2601,0,0,192.00,283344896,417697792,114090264,95883264,18123768,2904,11174640,22132800,958,9595,9595,0,0,0,0,0,0,0,0,0.061,0.064,0.000,0,0,0,9595,9595,0,0
travel,45.003,1079.8,892.029,892.029,fly,0.893,ok,2601,0,0,192.00,283344896,417697792,114090264,95883264,18123768,2904,7449760,22132800,958,9595,9595,0,0,0,0,0,0,0,0,0.131,0.067,0.000,0,0,0,9595,9595,0,0
travel,45.033,1080.5,892.540,892.540,fly,0.816,ok,2601,0,0,192.00,283344896,417697792,114090264,95883264,18123768,2904,7449760,22132800,958,9595,9595,0,0,0,0,0,0,0,0,0.060,0.069,0.000,0,0,0,9595,9595,0,0
travel,45.063,1081.2,893.050,893.050,fly,0.896,ok,2601,0,0,192.00,283344896,417697792,114090264,95883264,18123768,2904,7449760,22132800,958,9595,9595,0,0,0,0,0,0,0,0,0.134,0.069,0.000,0,0,0,9595,9595,0,0
travel,45.093,1082.0,893.568,893.568,fly,0.874,ok,2601,0,0,192.00,283344896,417697792,114090264,95883264,18123768,2904,7449760,22132800,958,9595,9595,0,0,0,0,0,0,0,0,0.062,0.074,0.000,0,0,0,9595,9595,0,0
travel,45.124,1082.7,894.084,894.084,fly,0.827,ok,2601,0,0,192.00,283344896,417697792,114090264,95883264,18123768,2904,7449760,22132800,958,9595,9595,0,0,0,0,0,0,0,0,0.060,0.068,0.000,0,0,0,9595,9595,0,0
travel,45.154,1083.4,894.594,894.594,fly,0.813,ok,2601,0,0,192.00,283344896,417697792,114090264,95883264,18123768,2904,7449760,22132800,958,9595,9595,0,0,0,0,0,0,0,0,0.059,0.066,0.000,0,0,0,9595,9595,0,0
travel,45.184,1084.2,895.110,895.110,fly,0.834,ok,2601,0,0,192.00,283344896,417697792,114090264,95883264,18123768,2904,7449760,22132800,958,9595,9595,0,0,0,0,0,0,0,0,0.059,0.068,0.000,0,0,0,9595,9595,0,0
travel,45.214,1084.9,895.623,895.623,fly,0.813,ok,2601,0,0,192.00,283344896,417697792,114090264,95883264,18123768,2904,7449760,22132800,958,9595,9595,0,0,0,0,0,0,0,0,0.060,0.066,0.000,0,0,0,9595,9595,0,0
travel,45.252,1085.8,896.269,896.269,fly,0.827,ok,2601,0,0,192.00,283344896,417697792,114090264,95883264,18123768,2904,11174640,22132800,958,9696,9696,0,0,0,0,0,0,0,0,0.061,0.067,0.000,0,0,0,9696,9696,0,0
travel,45.282,1086.5,896.785,896.785,fly,0.823,ok,2601,0,0,192.00,283344896,417697792,114090264,95883264,18123768,2904,11174640,22132800,958,9696,9696,0,0,0,0,0,0,0,0,0.062,0.064,0.000,0,0,0,9696,9696,0,0
travel,45.313,1087.2,897.297,897.297,fly,0.834,ok,2601,0,0,192.00,283344896,417697792,114090264,95883264,18123768,2904,11174640,22132800,958,9696,9696,0,0,0,0,0,0,0,0,0.061,0.068,0.000,0,0,0,9696,9696,0,0
travel,45.343,1088.0,897.810,897.810,fly,0.812,ok,2601,0,0,192.00,283344896,417697792,114090264,95883264,18123768,2904,11174640,22132800,958,9696,9696,0,0,0,0,0,0,0,0,0.060,0.062,0.000,0,0,0,9696,9696,0,0
travel,45.373,1088.7,898.321,898.321,fly,0.818,ok,2601,0,0,192.00,283344896,417697792,114090264,95883264,18123768,2904,11174640,22132800,958,9696,9696,0,0,0,0,0,0,0,0,0.060,0.065,0.000,0,0,0,9696,9696,0,0
travel,45.404,1089.4,898.844,898.844,fly,0.841,ok,2601,0,0,192.00,283344896,417697792,114090264,95883264,18123768,2904,11174640,22132800,958,9696,9696,0,0,0,0,0,0,0,0,0.062,0.072,0.000,0,0,0,9696,9696,0,0
travel,45.434,1090.2,899.354,899.354,fly,1.022,ok,2601,0,0,192.00,283344896,417697792,114090264,95883264,18123768,2904,11174640,22132800,958,9696,9696,0,0,0,0,0,0,0,0,0.248,0.064,0.000,0,0,0,9696,9696,0,0
travel,45.464,1090.9,899.868,899.868,fly,0.818,ok,2601,0,0,192.00,283344896,417697792,114090264,95883264,18123768,2904,11174640,22132800,958,9696,9696,0,0,0,0,0,0,0,0,0.061,0.066,0.000,0,0,0,9696,9696,0,0
travel,45.494,1091.6,900.378,900.378,fly,0.816,ok,2601,0,0,192.00,283344896,417697792,114090264,95883264,18123768,2904,7449760,22132800,958,9696,9696,0,0,0,0,0,0,0,0,0.061,0.070,0.000,0,0,0,9696,9696,0,0
travel,45.524,1092.3,900.890,900.890,fly,0.896,ok,2601,0,0,192.00,283344896,417697792,114090264,95883264,18123768,2904,7449760,22132800,958,9696,9696,0,0,0,0,0,0,0,0,0.063,0.127,0.000,0,0,0,9696,9696,0,0
travel,45.554,1093.1,901.405,901.405,fly,0.950,ok,2601,0,0,192.00,283344896,417697792,114090264,95883264,18123768,2904,7449760,22132800,958,9696,9696,0,0,0,0,0,0,0,0,0.125,0.122,0.000,0,0,0,9696,9696,0,0
travel,45.584,1093.8,901.917,901.917,fly,0.819,ok,2601,0,0,192.00,283344896,417697792,114090264,95883264,18123768,2904,7449760,22132800,958,9696,9696,0,0,0,0,0,0,0,0,0.060,0.065,0.000,0,0,0,9696,9696,0,0
travel,45.615,1094.5,902.436,902.436,fly,0.811,ok,2601,0,0,192.00,283344896,417697792,114090264,95883264,18123768,2904,7449760,22132800,958,9696,9696,0,0,0,0,0,0,0,0,0.060,0.063,0.000,0,0,0,9696,9696,0,0
travel,45.645,1095.2,902.949,902.949,fly,0.833,ok,2601,0,0,192.00,283344896,417697792,114090264,95883264,18123768,2904,7449760,22132800,958,9696,9696,0,0,0,0,0,0,0,0,0.062,0.069,0.000,0,0,0,9696,9696,0,0
travel,45.675,1096.0,903.460,903.460,fly,0.841,ok,2601,0,0,192.00,283344896,417697792,114090264,95883264,18123768,2904,7449760,22132800,958,9696,9696,0,0,0,0,0,0,0,0,0.060,0.071,0.000,0,0,0,9696,9696,0,0
travel,45.705,1096.7,903.971,903.971,fly,0.817,ok,2601,0,0,192.00,283344896,417697792,114090264,95883264,18123768,2904,7449760,22132800,958,9696,9696,0,0,0,0,0,0,0,0,0.060,0.067,0.000,0,0,0,9696,9696,0,0
travel,45.743,1097.6,904.617,904.617,fly,0.824,ok,2601,0,0,192.00,283549696,418746368,114090264,95883264,18123768,2904,11174640,22132800,958,9797,9797,0,0,0,0,0,0,0,0,0.062,0.066,0.000,0,0,0,9797,9797,0,0
travel,45.774,1098.3,905.134,905.134,fly,0.870,ok,2601,0,0,192.00,283549696,418746368,114090264,95883264,18123768,2904,11174640,22132800,958,9797,9797,0,0,0,0,0,0,0,0,0.061,0.077,0.000,0,0,0,9797,9797,0,0
travel,45.804,1099.1,905.648,905.648,fly,0.816,ok,2601,0,0,192.00,283549696,418746368,114090264,95883264,18123768,2904,11174640,22132800,958,9797,9797,0,0,0,0,0,0,0,0,0.060,0.062,0.000,0,0,0,9797,9797,0,0
travel,45.834,1099.8,906.166,906.166,fly,0.816,ok,2601,0,0,192.00,283549696,418746368,114090264,95883264,18123768,2904,11174640,22132800,958,9797,9797,0,0,0,0,0,0,0,0,0.061,0.063,0.000,0,0,0,9797,9797,0,0
travel,45.864,1100.5,906.681,906.681,fly,0.926,ok,2601,0,0,192.00,283549696,418746368,114090264,95883264,18123768,2904,11174640,22132800,958,9797,9797,0,0,0,0,0,0,0,0,0.072,0.109,0.000,0,0,0,9797,9797,0,0
travel,45.895,1101.2,907.191,907.191,fly,0.818,ok,2601,0,0,192.00,283549696,418746368,114090264,95883264,18123768,2904,11174640,22132800,958,9797,9797,0,0,0,0,0,0,0,0,0.060,0.066,0.000,0,0,0,9797,9797,0,0
travel,45.925,1102.0,907.705,907.705,fly,0.851,ok,2601,0,0,192.00,283549696,418746368,114090264,95883264,18123768,2904,11174640,22132800,958,9797,9797,0,0,0,0,0,0,0,0,0.062,0.073,0.000,0,0,0,9797,9797,0,0
travel,45.955,1102.7,908.222,908.222,fly,0.824,ok,2601,0,0,192.00,283549696,418746368,114090264,95883264,18123768,2904,7449760,22132800,958,9797,9797,0,0,0,0,0,0,0,0,0.060,0.062,0.000,0,0,0,9797,9797,0,0
travel,45.985,1103.4,908.737,908.737,fly,0.842,ok,2601,0,0,192.00,283549696,418746368,114090264,95883264,18123768,2904,7449760,22132800,958,9797,9797,0,0,0,0,0,0,0,0,0.061,0.070,0.000,0,0,0,9797,9797,0,0
travel,46.016,1104.1,909.251,909.251,fly,0.853,ok,2601,0,0,192.00,283549696,418746368,114090264,95883264,18123768,2904,7449760,22132800,958,9797,9797,0,0,0,0,0,0,0,0,0.062,0.071,0.000,0,0,0,9797,9797,0,0
travel,46.046,1104.9,909.767,909.767,fly,0.818,ok,2601,0,0,192.00,283549696,418746368,114090264,95883264,18123768,2904,7449760,22132800,958,9797,9797,0,0,0,0,0,0,0,0,0.060,0.063,0.000,0,0,0,9797,9797,0,0
travel,46.076,1105.6,910.278,910.278,fly,0.816,ok,2601,0,0,192.00,283549696,418746368,114090264,95883264,18123768,2904,7449760,22132800,958,9797,9797,0,0,0,0,0,0,0,0,0.060,0.063,0.000,0,0,0,9797,9797,0,0
travel,46.106,1106.3,910.792,910.792,fly,0.814,ok,2601,0,0,192.00,283549696,418746368,114090264,95883264,18123768,2904,7449760,22132800,958,9797,9797,0,0,0,0,0,0,0,0,0.060,0.065,0.000,0,0,0,9797,9797,0,0
travel,46.136,1107.1,911.305,911.305,fly,0.815,ok,2601,0,0,192.00,283549696,418746368,114090264,95883264,18123768,2904,7449760,22132800,958,9797,9797,0,0,0,0,0,0,0,0,0.060,0.061,0.000,0,0,0,9797,9797,0,0
travel,46.167,1107.8,911.818,911.818,fly,0.821,ok,2601,0,0,192.00,283549696,418746368,114090264,95883264,18123768,2904,7449760,22132800,958,9797,9797,0,0,0,0,0,0,0,0,0.060,0.066,0.000,0,0,0,9797,9797,0,0
travel,46.205,1108.7,912.466,912.466,fly,0.827,ok,2601,0,0,192.00,284835840,419209216,114090264,95883264,18123768,2904,11174640,22132800,958,9898,9898,0,0,0,0,0,0,0,0,0.060,0.067,0.000,0,0,0,9898,9898,0,0
travel,46.235,1109.4,912.976,912.976,fly,0.821,ok,2601,0,0,192.00,284835840,419209216,114090264,95883264,18123768,2904,11174640,22132800,958,9898,9898,0,0,0,0,0,0,0,0,0.060,0.062,0.000,0,0,0,9898,9898,0,0
travel,46.265,1110.1,913.493,913.493,fly,0.831,ok,2601,0,0,192.00,284839936,419274752,114090264,95883264,18123768,2904,11174640,22132800,958,9898,9898,0,0,0,0,0,0,0,0,0.061,0.067,0.000,0,0,0,9898,9898,0,0
travel,46.296,1110.9,914.012,914.012,fly,0.881,ok,2601,0,0,192.00,284839936,419274752,114090264,95883264,18123768,2904,11174640,22132800,958,9898,9898,0,0,0,0,0,0,0,0,0.061,0.086,0.000,0,0,0,9898,9898,0,0
travel,46.326,1111.6,914.529,914.529,fly,0.806,ok,2601,0,0,192.00,284839936,419274752,114090264,95883264,18123768,2904,11174640,22132800,958,9898,9898,0,0,0,0,0,0,0,0,0.060,0.066,0.000,0,0,0,9898,9898,0,0
travel,46.357,1112.4,915.051,915.051,fly,0.888,ok,2601,0,0,192.00,284839936,419274752,114090264,95883264,18123768,2904,11174640,22132800,958,9898,9898,0,0,0,0,0,0,0,0,0.062,0.073,0.000,0,0,0,9898,9898,0,0
travel,46.387,1113.1,915.565,915.565,fly,0.871,ok,2601,0,0,192.00,284839936,419274752,114090264,95883264,18123768,2904,11174640,22132800,958,9898,9898,0,0,0,0,0,0,0,0,0.060,0.069,0.000,0,0,0,9898,9898,0,0
travel,46.417,1113.8,916.079,916.079,fly,0.816,ok,2601,0,0,192.00,284839936,419274752,114090264,95883264,18123768,2904,7449760,22132800,958,9898,9898,0,0,0,0,0,0,0,0,0.060,0.065,0.000,0,0,0,9898,9898,0,0
travel,46.448,1114.5,916.594,916.594,fly,0.826,ok,2601,0,0,192.00,284839936,419274752,114090264,95883264,18123768,2904,7449760,22132800,958,9898,9898,0,0,0,0,0,0,0,0,0.061,0.065,0.000,0,0,0,9898,9898,0,0
travel,46.478,1115.3,917.111,917.111,fly,0.828,ok,2601,0,0,192.00,284839936,419274752,114090264,95883264,18123768,2904,7449760,22132800,958,9898,9898,0,0,0,0,0,0,0,0,0.063,0.069,0.000,0,0,0,9898,9898,0,0
travel,46.508,1116.0,917.626,917.626,fly,0.914,ok,2601,0,0,192.00,284839936,419274752,114090264,95883264,18123768,2904,7449760,22132800,958,9898,9898,0,0,0,0,0,0,0,0,0.146,0.061,0.000,0,0,0,9898,9898,0,0
travel,46.538,1116.7,918.139,918.139,fly,0.814,ok,2601,0,0,192.00,284839936,419274752,114090264,95883264,18123768,2904,7449760,22132800,958,9898,9898,0,0,0,0,0,0,0,0,0.060,0.064,0.000,0,0,0,9898,9898,0,0
travel,46.569,1117.5,918.657,918.657,fly,0.825,ok,2601,0,0,192.00,284839936,419274752,114090264,95883264,18123768,2904,7449760,22132800,958,9898,9898,0,0,0,0,0,0,0,0,0.060,0.066,0.000,0,0,0,9898,9898,0,0
travel,46.599,1118.2,919.171,919.171,fly,0.817,ok,2601,0,0,192.00,284839936,419274752,114090264,95883264,18123768,2904,7449760,22132800,958,9898,9898,0,0,0,0,0,0,0,0,0.060,0.063,0.000,0,0,0,9898,9898,0,0
travel,46.629,1118.9,919.681,919.681,fly,0.820,ok,2601,0,0,192.00,284839936,419274752,114090264,95883264,18123768,2904,7449760,22132800,958,9898,9898,0,0,0,0,0,0,0,0,0.060,0.068,0.000,0,0,0,9898,9898,0,0
travel,46.668,1119.8,920.340,920.340,fly,0.813,ok,2601,0,0,192.00,284971008,421900288,114090264,95883264,18123768,2904,11174640,22132800,958,9999,9999,0,0,0,0,0,0,0,0,0.061,0.066,0.000,0,0,0,9999,9999,0,0
travel,46.698,1120.6,920.851,920.851,fly,0.808,ok,2601,0,0,192.00,284971008,421900288,114090264,95883264,18123768,2904,11174640,22132800,958,9999,9999,0,0,0,0,0,0,0,0,0.061,0.065,0.000,0,0,0,9999,9999,0,0
travel,46.728,1121.3,921.367,921.367,fly,0.809,ok,2601,0,0,192.00,284971008,421900288,114090264,95883264,18123768,2904,11174640,22132800,958,9999,9999,0,0,0,0,0,0,0,0,0.060,0.069,0.000,0,0,0,9999,9999,0,0
travel,46.758,1122.0,921.877,921.877,fly,0.880,ok,2601,0,0,192.00,284971008,421900288,114090264,95883264,18123768,2904,11174640,22132800,958,9999,9999,0,0,0,0,0,0,0,0,0.062,0.078,0.000,0,0,0,9999,9999,0,0
travel,46.789,1122.7,922.391,922.391,fly,0.806,ok,2601,0,0,192.00,284971008,421900288,114090264,95883264,18123768,2904,11174640,22132800,958,9999,9999,0,0,0,0,0,0,0,0,0.060,0.066,0.000,0,0,0,9999,9999,0,0
travel,46.819,1123.5,922.901,922.901,fly,0.844,ok,2601,0,0,192.00,284971008,421900288,114090264,95883264,18123768,2904,11174640,22132800,958,9999,9999,0,0,0,0,0,0,0,0,0.064,0.076,0.000,0,0,0,9999,9999,0,0
travel,46.849,1124.2,923.411,923.411,fly,0.830,ok,2601,0,0,192.00,284971008,421900288,114090264,95883264,18123768,2904,11174640,22132800,958,9999,9999,0,0,0,0,0,0,0,0,0.061,0.072,0.000,0,0,0,9999,9999,0,0
travel,46.879,1124.9,923.924,923.924,fly,0.806,ok,2601,0,0,192.00,284971008,421900288,114090264,95883264,18123768,2904,7449760,22132800,958,9999,9999,0,0,0,0,0,0,0,0,0.061,0.058,0.000,0,0,0,9999,9999,0,0
travel,46.909,1125.6,924.442,924.442,fly,0.816,ok,2601,0,0,192.00,284971008,421900288,114090264,95883264,18123768,2904,7449760,22132800,958,9999,9999,0,0,0,0,0,0,0,0,0.061,0.064,0.000,0,0,0,9999,9999,0,0
travel,46.939,1126.4,924.955,924.955,fly,1.318,ok,2601,0,0,192.00,284971008,421900288,114090264,95883264,18123768,2904,7449760,22132800,958,9999,9999,0,0,0,0,0,0,0,0,0.559,0.062,0.000,0,0,0,9999,9999,0,0
travel,46.970,1127.1,925.473,925.473,fly,0.814,ok,2601,0,0,192.00,284971008,421900288,114090264,95883264,18123768,2904,7449760,22132800,958,9999,9999,0,0,0,0,0,0,0,0,0.061,0.064,0.000,0,0,0,9999,9999,0,0
travel,47.000,1127.8,925.983,925.983,fly,0.926,ok,2601,0,0,192.00,284971008,421900288,114090264,95883264,18123768,2904,7449760,22132800,958,9999,9999,0,0,0,0,0,0,0,0,0.134,0.072,0.000,0,0,0,9999,9999,0,0
travel,47.030,1128.5,926.496,926.496,fly,0.842,ok,2601,0,0,192.00,284971008,421900288,114090264,95883264,18123768,2904,7449760,22132800,958,9999,9999,0,0,0,0,0,0,0,0,0.061,0.071,0.000,0,0,0,9999,9999,0,0
travel,47.060,1129.3,927.006,927.006,fly,0.880,ok,2601,0,0,192.00,284971008,421900288,114090264,95883264,18123768,2904,7449760,22132800,958,9999,9999,0,0,0,0,0,0,0,0,0.059,0.074,0.000,0,0,0,9999,9999,0,0
travel,47.090,1130.0,927.519,927.519,fly,0.818,ok,2601,0,0,192.00,284971008,421900288,114090264,95883264,18123768,2904,7449760,22132800,958,9999,9999,0,0,0,0,0,0,0,0,0.059,0.066,0.000,0,0,0,9999,9999,0,0
travel,47.124,1130.8,928.088,928.088,fly,3.558,ok,2571,30,60,192.00,285364224,421900288,112774344,94777344,17914728,2904,11174640,20620320,958,10070,10100,35,0,104,35,35,0,0,0,0.092,0.120,0.000,0,0,0,10070,10070,0,0
travel,47.159,1131.6,928.685,928.685,fly,0.804,ok,2601,0,0,192.00,285437952,422424576,114090264,95883264,18123768,2904,11174640,22132800,958,10100,10100,0,0,0,0,0,0,0,0,0.061,0.066,0.000,0,0,0,10100,10100,0,0
travel,47.189,1132.4,929.197,929.197,fly,0.804,ok,2601,0,0,192.00,285437952,422424576,114090264,95883264,18123768,2904,11174640,22132800,958,10100,10100,0,0,0,0,0,0,0,0,0.061,0.065,0.000,0,0,0,10100,10100,0,0
travel,47.219,1133.1,929.707,929.707,fly,0.819,ok,2601,0,0,192.00,285437952,422424576,114090264,95883264,18123768,2904,11174640,22132800,958,10100,10100,0,0,0,0,0,0,0,0,0.061,0.066,0.000,0,0,0,10100,10100,0,0
travel,47.249,1133.8,930.220,930.220,fly,0.852,ok,2601,0,0,192.00,285437952,422424576,114090264,95883264,18123768,2904,11174640,22132800,958,10100,10100,0,0,0,0,0,0,0,0,0.062,0.082,0.000,0,0,0,10100,10100,0,0
travel,47.279,1134.5,930.736,930.736,fly,0.810,ok,2601,0,0,192.00,285437952,422424576,114090264,95883264,18123768,2904,11174640,22132800,958,10100,10100,0,0,0,0,0,0,0,0,0.061,0.066,0.000,0,0,0,10100,10100,0,0
travel,47.310,1135.3,931.249,931.249,fly,0.829,ok,2601,0,0,192.00,285437952,422424576,114090264,95883264,18123768,2904,11174640,22132800,958,10100,10100,0,0,0,0,0,0,0,0,0.060,0.066,0.000,0,0,0,10100,10100,0,0
travel,47.340,1136.0,931.759,931.759,fly,0.814,ok,2601,0,0,192.00,285437952,422424576,114090264,95883264,18123768,2904,11174640,22132800,958,10100,10100,0,0,0,0,0,0,0,0,0.061,0.064,0.000,0,0,0,10100,10100,0,0
travel,47.370,1136.7,932.270,932.270,fly,0.813,ok,2601,0,0,192.00,285437952,422424576,114090264,95883264,18123768,2904,7449760,22132800,958,10100,10100,0,0,0,0,0,0,0,0,0.060,0.070,0.000,0,0,0,10100,10100,0,0
travel,47.400,1137.4,932.783,932.783,fly,0.810,ok,2601,0,0,192.00,285437952,422424576,114090264,95883264,18123768,2904,7449760,22132800,958,10100,10100,0,0,0,0,0,0,0,0,0.061,0.067,0.000,0,0,0,10100,10100,0,0
travel,47.430,1138.2,933.297,933.297,fly,0.802,ok,2601,0,0,192.00,285437952,422424576,114090264,95883264,18123768,2904,7449760,22132800,958,10100,10100,0,0,0,0,0,0,0,0,0.061,0.063,0.000,0,0,0,10100,10100,0,0
travel,47.463,1138.9,933.855,933.855,fly,0.818,ok,2601,0,0,192.00,285437952,422424576,114090264,95883264,18123768,2904,7449760,22132800,958,10100,10100,0,0,0,0,0,0,0,0,0.061,0.063,0.000,0,0,0,10100,10100,0,0
travel,47.493,1139.7,934.365,934.365,fly,0.841,ok,2601,0,0,192.00,285437952,422424576,114090264,95883264,18123768,2904,7449760,22132800,958,10100,10100,0,0,0,0,0,0,0,0,0.062,0.069,0.000,0,0,0,10100,10100,0,0
travel,47.523,1140.4,934.879,934.879,fly,0.820,ok,2601,0,0,192.00,285437952,422424576,114090264,95883264,18123768,2904,7449760,22132800,958,10100,10100,0,0,0,0,0,0,0,0,0.060,0.063,0.000,0,0,0,10100,10100,0,0
travel,47.553,1141.1,935.389,935.389,fly,0.817,ok,2601,0,0,192.00,285437952,422424576,114090264,95883264,18123768,2904,7449760,22132800,958,10100,10100,0,0,0,0,0,0,0,0,0.060,0.065,0.000,0,0,0,10100,10100,0,0
travel,47.583,1141.8,935.899,935.899,fly,0.820,ok,2601,0,0,192.00,285437952,422424576,114090264,95883264,18123768,2904,7449760,22132800,958,10100,10100,0,0,0,0,0,0,0,0,0.060,0.066,0.000,0,0,0,10100,10100,0,0
travel,47.621,1142.7,936.540,936.540,fly,0.815,ok,2601,0,0,192.00,285806592,422424576,114090264,95883264,18123768,2904,11174640,22132800,958,10201,10201,0,0,0,0,0,0,0,0,0.059,0.063,0.000,0,0,0,10201,10201,0,0
travel,47.651,1143.5,937.051,937.051,fly,0.812,ok,2601,0,0,192.00,285806592,422424576,114090264,95883264,18123768,2904,11174640,22132800,958,10201,10201,0,0,0,0,0,0,0,0,0.060,0.062,0.000,0,0,0,10201,10201,0,0
travel,47.681,1144.2,937.561,937.561,fly,0.825,ok,2601,0,0,192.00,285806592,422424576,114090264,95883264,18123768,2904,11174640,22132800,958,10201,10201,0,0,0,0,0,0,0,0,0.061,0.065,0.000,0,0,0,10201,10201,0,0
travel,47.711,1144.9,938.083,938.083,fly,0.825,ok,2601,0,0,192.00,285806592,422424576,114090264,95883264,18123768,2904,11174640,22132800,958,10201,10201,0,0,0,0,0,0,0,0,0.061,0.065,0.000,0,0,0,10201,10201,0,0
travel,47.742,1145.7,938.599,938.599,fly,0.845,ok,2601,0,0,192.00,285806592,422424576,114090264,95883264,18123768,2904,11174640,22132800,958,10201,10201,0,0,0,0,0,0,0,0,0.061,0.072,0.000,0,0,0,10201,10201,0,0
travel,47.772,1146.4,939.116,939.116,fly,0.834,ok,2601,0,0,192.00,285806592,422424576,114090264,95883264,18123768,2904,11174640,22132800,958,10201,10201,0,0,0,0,0,0,0,0,0.061,0.070,0.000,0,0,0,10201,10201,0,0
travel,47.803,1147.1,939.631,939.631,fly,0.984,ok,2601,0,0,192.00,285806592,422424576,114090264,95883264,18123768,2904,11174640,22132800,958,10201,10201,0,0,0,0,0,0,0,0,0.207,0.066,0.000,0,0,0,10201,10201,0,0
travel,47.833,1147.8,940.143,940.143,fly,0.826,ok,2601,0,0,192.00,285806592,422424576,114090264,95883264,18123768,2904,7449760,22132800,958,10201,10201,0,0,0,0,0,0,0,0,0.060,0.067,0.000,0,0,0,10201,10201,0,0
travel,47.863,1148.6,940.658,940.658,fly,0.815,ok,2601,0,0,192.00,285806592,422424576,114090264,95883264,18123768,2904,7449760,22132800,958,10201,10201,0,0,0,0,0,0,0,0,0.060,0.065,0.000,0,0,0,10201,10201,0,0
travel,47.893,1149.3,941.171,941.171,fly,0.817,ok,2601,0,0,192.00,285806592,422424576,114090264,95883264,18123768,2904,7449760,22132800,958,10201,10201,0,0,0,0,0,0,0,0,0.060,0.064,0.000,0,0,0,10201,10201,0,0
travel,47.923,1150.0,941.682,941.682,fly,0.826,ok,2601,0,0,192.00,285806592,422424576,114090264,95883264,18123768,2904,7449760,22132800,958,10201,10201,0,0,0,0,0,0,0,0,0.060,0.067,0.000,0,0,0,10201,10201,0,0
travel,47.953,1150.7,942.198,942.198,fly,0.799,ok,2601,0,0,192.00,285806592,422424576,114090264,95883264,18123768,2904,7449760,22132800,958,10201,10201,0,0,0,0,0,0,0,0,0.060,0.062,0.000,0,0,0,10201,10201,0,0
travel,47.984,1151.5,942.708,942.708,fly,0.877,ok,2601,0,0,192.00,285806592,422424576,114090264,95883264,18123768,2904,7449760,22132800,958,10201,10201,0,0,0,0,0,0,0,0,0.060,0.129,0.000,0,0,0,10201,10201,0,0
travel,48.014,1152.2,943.218,943.218,fly,0.927,ok,2601,0,0,192.00,285806592,422424576,114090264,95883264,18123768,2904,7449760,22132800,958,10201,10201,0,0,0,0,0,0,0,0,0.069,0.109,0.000,0,0,0,10201,10201,0,0
travel,48.044,1152.9,943.732,943.732,fly,0.819,ok,2601,0,0,192.00,285806592,422424576,114090264,95883264,18123768,2904,7449760,22132800,958,10201,10201,0,0,0,0,0,0,0,0,0.061,0.065,0.000,0,0,0,10201,10201,0,0
travel,48.082,1153.8,944.381,944.381,fly,0.840,ok,2601,0,0,192.00,285806592,422424576,114090264,95883264,18123768,2904,11174640,22132800,958,10302,10302,0,0,0,0,0,0,0,0,0.061,0.068,0.000,0,0,0,10302,10302,0,0
travel,48.112,1154.6,944.896,944.896,fly,0.815,ok,2601,0,0,192.00,285806592,422424576,114090264,95883264,18123768,2904,11174640,22132800,958,10302,10302,0,0,0,0,0,0,0,0,0.061,0.065,0.000,0,0,0,10302,10302,0,0
travel,48.143,1155.3,945.414,945.414,fly,0.849,ok,2601,0,0,192.00,285806592,422424576,114090264,95883264,18123768,2904,11174640,22132800,958,10302,10302,0,0,0,0,0,0,0,0,0.061,0.071,0.000,0,0,0,10302,10302,0,0
travel,48.173,1156.0,945.924,945.924,fly,0.825,ok,2601,0,0,192.00,285806592,422424576,114090264,95883264,18123768,2904,11174640,22132800,958,10302,10302,0,0,0,0,0,0,0,0,0.060,0.067,0.000,0,0,0,10302,10302,0,0
travel,48.203,1156.7,946.435,946.435,fly,0.821,ok,2601,0,0,192.00,285806592,422424576,114090264,95883264,18123768,2904,11174640,22132800,958,10302,10302,0,0,0,0,0,0,0,0,0.061,0.065,0.000,0,0,0,10302,10302,0,0
travel,48.234,1157.5,946.959,946.959,fly,0.927,ok,2601,0,0,192.00,285806592,422424576,114090264,95883264,18123768,2904,11174640,22132800,958,10302,10302,0,0,0,0,0,0,0,0,0.071,0.112,0.000,0,0,0,10302,10302,0,0
travel,48.264,1158.2,947.480,947.480,fly,0.825,ok,2601,0,0,192.00,285806592,422424576,114090264,95883264,18123768,2904,11174640,22132800,958,10302,10302,0,0,0,0,0,0,0,0,0.061,0.066,0.000,0,0,0,10302,10302,0,0
travel,48.295,1158.9,947.997,947.997,fly,0.818,ok,2601,0,0,192.00,285806592,422424576,114090264,95883264,18123768,2904,7449760,22132800,958,10302,10302,0,0,0,0,0,0,0,0,0.060,0.068,0.000,0,0,0,10302,10302,0,0
travel,48.325,1159.7,948.513,948.513,fly,0.805,ok,2601,0,0,192.00,285806592,422424576,114090264,95883264,18123768,2904,7449760,22132800,958,10302,10302,0,0,0,0,0,0,0,0,0.061,0.062,0.000,0,0,0,10302,10302,0,0
travel,48.355,1160.4,949.027,949.027,fly,0.799,ok,2601,0,0,192.00,285806592,422424576,114090264,95883264,18123768,2904,7449760,22132800,958,10302,10302,0,0,0,0,0,0,0,0,0.060,0.064,0.000,0,0,0,10302,10302,0,0
travel,48.385,1161.1,949.537,949.537,fly,0.808,ok,2601,0,0,192.00,285806592,422424576,114090264,95883264,18123768,2904,7449760,22132800,958,10302,10302,0,0,0,0,0,0,0,0,0.061,0.068,0.000,0,0,0,10302,10302,0,0
travel,48.415,1161.8,950.051,950.051,fly,0.814,ok,2601,0,0,192.00,285806592,422424576,114090264,95883264,18123768,2904,7449760,22132800,958,10302,10302,0,0,0,0,0,0,0,0,0.062,0.064,0.000,0,0,0,10302,10302,0,0
travel,48.446,1162.6,950.563,950.563,fly,0.811,ok,2601,0,0,192.00,285806592,422424576,114090264,95883264,18123768,2904,7449760,22132800,958,10302,10302,0,0,0,0,0,0,0,0,0.059,0.064,0.000,0,0,0,10302,10302,0,0
travel,48.476,1163.3,951.079,951.079,fly,0.922,ok,2601,0,0,192.00,285806592,422424576,114090264,95883264,18123768,2904,7449760,22132800,958,10302,10302,0,0,0,0,0,0,0,0,0.070,0.110,0.000,0,0,0,10302,10302,0,0
travel,48.506,1164.0,951.595,951.595,fly,0.818,ok,2601,0,0,192.00,285806592,422424576,114090264,95883264,18123768,2904,7449760,22132800,958,10302,10302,0,0,0,0,0,0,0,0,0.060,0.069,0.000,0,0,0,10302,10302,0,0
travel,48.545,1165.0,952.246,952.246,fly,0.831,ok,2601,0,0,192.00,286330880,422948864,114090264,95883264,18123768,2904,11174640,22132800,958,10403,10403,0,0,0,0,0,0,0,0,0.060,0.076,0.000,0,0,0,10403,10403,0,0
travel,48.575,1165.7,952.763,952.763,fly,0.846,ok,2601,0,0,192.00,286330880,422948864,114090264,95883264,18123768,2904,11174640,22132800,958,10403,10403,0,0,0,0,0,0,0,0,0.061,0.071,0.000,0,0,0,10403,10403,0,0
travel,48.605,1166.4,953.279,953.279,fly,0.861,ok,2601,0,0,192.00,286330880,422948864,114090264,95883264,18123768,2904,11174640,22132800,958,10403,10403,0,0,0,0,0,0,0,0,0.064,0.071,0.000,0,0,0,10403,10403,0,0
travel,48.636,1167.1,953.795,953.795,fly,0.818,ok,2601,0,0,192.00,286330880,422948864,114090264,95883264,18123768,2904,11174640,22132800,958,10403,10403,0,0,0,0,0,0,0,0,0.060,0.066,0.000,0,0,0,10403,10403,0,0
travel,48.666,1167.9,954.312,954.312,fly,0.826,ok,2601,0,0,192.00,286330880,422948864,114090264,95883264,18123768,2904,11174640,22132800,958,10403,10403,0,0,0,0,0,0,0,0,0.061,0.067,0.000,0,0,0,10403,10403,0,0
travel,48.696,1168.6,954.828,954.828,fly,0.822,ok,2601,0,0,192.00,286330880,422948864,114090264,95883264,18123768,2904,11174640,22132800,958,10403,10403,0,0,0,0,0,0,0,0,0.064,0.066,0.000,0,0,0,10403,10403,0,0
travel,48.727,1169.3,955.343,955.343,fly,0.816,ok,2601,0,0,192.00,286330880,422948864,114090264,95883264,18123768,2904,11174640,22132800,958,10403,10403,0,0,0,0,0,0,0,0,0.060,0.065,0.000,0,0,0,10403,10403,0,0
travel,48.757,1170.1,955.853,955.853,fly,0.819,ok,2601,0,0,192.00,286330880,422948864,114090264,95883264,18123768,2904,11174640,22132800,958,10403,10403,0,0,0,0,0,0,0,0,0.060,0.064,0.000,0,0,0,10403,10403,0,0
travel,48.787,1170.8,956.367,956.367,fly,0.814,ok,2601,0,0,192.00,286330880,422948864,114090264,95883264,18123768,2904,7449760,22132800,958,10403,10403,0,0,0,0,0,0,0,0,0.060,0.063,0.000,0,0,0,10403,10403,0,0
travel,48.817,1171.5,956.877,956.877,fly,0.836,ok,2601,0,0,192.00,286330880,422948864,114090264,95883264,18123768,2904,7449760,22132800,958,10403,10403,0,0,0,0,0,0,0,0,0.062,0.068,0.000,0,0,0,10403,10403,0,0
travel,48.847,1172.2,957.390,957.390,fly,0.851,ok,2601,0,0,192.00,286330880,422948864,114090264,95883264,18123768,2904,7449760,22132800,958,10403,10403,0,0,0,0,0,0,0,0,0.061,0.071,0.000,0,0,0,10403,10403,0,0
travel,48.877,1173.0,957.902,957.902,fly,0.819,ok,2601,0,0,192.00,286330880,422948864,114090264,95883264,18123768,2904,7449760,22132800,958,10403,10403,0,0,0,0,0,0,0,0,0.060,0.066,0.000,0,0,0,10403,10403,0,0
travel,48.907,1173.7,958.413,958.413,fly,0.821,ok,2601,0,0,192.00,286330880,422948864,114090264,95883264,18123768,2904,7449760,22132800,958,10403,10403,0,0,0,0,0,0,0,0,0.061,0.067,0.000,0,0,0,10403,10403,0,0
travel,48.938,1174.4,958.928,958.928,fly,0.813,ok,2601,0,0,192.00,286330880,422948864,114090264,95883264,18123768,2904,7449760,22132800,958,10403,10403,0,0,0,0,0,0,0,0,0.060,0.065,0.000,0,0,0,10403,10403,0,0
travel,48.968,1175.1,959.441,959.441,fly,0.815,ok,2601,0,0,192.00,286330880,422948864,114090264,95883264,18123768,2904,7449760,22132800,958,10403,10403,0,0,0,0,0,0,0,0,0.061,0.062,0.000,0,0,0,10403,10403,0,0
travel,48.998,1175.8,959.951,959.951,fly,0.840,ok,2601,0,0,192.00,286330880,422948864,114090264,95883264,18123768,2904,7449760,22132800,958,10403,10403,0,0,0,0,0,0,0,0,0.060,0.095,0.000,0,0,0,10403,10403,0,0
travel,49.037,1176.8,960.613,960.613,fly,0.809,ok,2601,0,0,192.00,286773248,423477248,114090264,95883264,18123768,2904,11174640,22132800,958,10504,10504,0,0,0,0,0,0,0,0,0.060,0.063,0.000,0,0,0,10504,10504,0,0
travel,49.067,1177.5,961.128,961.128,fly,0.838,ok,2601,0,0,192.00,286773248,423477248,114090264,95883264,18123768,2904,11174640,22132800,958,10504,10504,0,0,0,0,0,0,0,0,0.062,0.070,0.000,0,0,0,10504,10504,0,0
travel,49.097,1178.2,961.642,961.642,fly,0.814,ok,2601,0,0,192.00,286773248,423477248,114090264,95883264,18123768,2904,11174640,22132800,958,10504,10504,0,0,0,0,0,0,0,0,0.061,0.065,0.000,0,0,0,10504,10504,0,0
travel,49.128,1179.0,962.157,962.157,fly,0.888,ok,2601,0,0,192.00,286773248,423477248,114090264,95883264,18123768,2904,11174640,22132800,958,10504,10504,0,0,0,0,0,0,0,0,0.063,0.084,0.000,0,0,0,10504,10504,0,0
travel,49.158,1179.7,962.668,962.668,fly,0.839,ok,2601,0,0,192.00,286773248,423477248,114090264,95883264,18123768,2904,11174640,22132800,958,10504,10504,0,0,0,0,0,0,0,0,0.062,0.066,0.000,0,0,0,10504,10504,0,0
travel,49.188,1180.4,963.180,963.180,fly,0.814,ok,2601,0,0,192.00,286773248,423477248,114090264,95883264,18123768,2904,11174640,22132800,958,10504,10504,0,0,0,0,0,0,0,0,0.061,0.065,0.000,0,0,0,10504,10504,0,0
travel,49.218,1181.1,963.692,963.692,fly,0.855,ok,2601,0,0,192.00,286773248,423477248,114090264,95883264,18123768,2904,11174640,22132800,958,10504,10504,0,0,0,0,0,0,0,0,0.061,0.102,0.000,0,0,0,10504,10504,0,0
travel,49.248,1181.9,964.202,964.202,fly,0.815,ok,2601,0,0,192.00,286773248,423477248,114090264,95883264,18123768,2904,7449760,22132800,958,10504,10504,0,0,0,0,0,0,0,0,0.060,0.064,0.000,0,0,0,10504,10504,0,0
travel,49.278,1182.6,964.716,964.716,fly,0.946,ok,2601,0,0,192.00,286773248,423477248,114090264,95883264,18123768,2904,7449760,22132800,958,10504,10504,0,0,0,0,0,0,0,0,0.070,0.108,0.000,0,0,0,10504,10504,0,0
travel,49.308,1183.3,965.231,965.231,fly,0.833,ok,2601,0,0,192.00,286773248,423477248,114090264,95883264,18123768,2904,7449760,22132800,958,10504,10504,0,0,0,0,0,0,0,0,0.061,0.067,0.000,0,0,0,10504,10504,0,0
travel,49.338,1184.0,965.741,965.741,fly,0.803,ok,2601,0,0,192.00,286773248,423477248,114090264,95883264,18123768,2904,7449760,22132800,958,10504,10504,0,0,0,0,0,0,0,0,0.061,0.066,0.000,0,0,0,10504,10504,0,0
travel,49.368,1184.8,966.252,966.252,fly,0.798,ok,2601,0,0,192.00,286773248,423477248,114090264,95883264,18123768,2904,7449760,22132800,958,10504,10504,0,0,0,0,0,0,0,0,0.060,0.065,0.000,0,0,0,10504,10504,0,0
travel,49.399,1185.5,966.770,966.770,fly,0.827,ok,2601,0,0,192.00,286773248,423477248,114090264,95883264,18123768,2904,7449760,22132800,958,10504,10504,0,0,0,0,0,0,0,0,0.061,0.064,0.000,0,0,0,10504,10504,0,0
travel,49.429,1186.2,967.280,967.280,fly,0.843,ok,2601,0,0,192.00,286773248,423477248,114090264,95883264,18123768,2904,7449760,22132800,958,10504,10504,0,0,0,0,0,0,0,0,0.061,0.073,0.000,0,0,0,10504,10504,0,0
travel,49.460,1187.0,967.806,967.806,fly,0.794,ok,2601,0,0,192.00,286773248,423477248,114090264,95883264,18123768,2904,7449760,22132800,958,10504,10504,0,0,0,0,0,0,0,0,0.060,0.062,0.000,0,0,0,10504,10504,0,0
travel,49.499,1187.9,968.469,968.469,fly,0.815,ok,2601,0,0,192.00,286773248,425578496,114090264,95883264,18123768,2904,11174640,22132800,958,10605,10605,0,0,0,0,0,0,0,0,0.062,0.064,0.000,0,0,0,10605,10605,0,0
travel,49.529,1188.6,968.988,968.988,fly,0.811,ok,2601,0,0,192.00,286773248,425578496,114090264,95883264,18123768,2904,11174640,22132800,958,10605,10605,0,0,0,0,0,0,0,0,0.061,0.064,0.000,0,0,0,10605,10605,0,0
travel,49.559,1189.4,969.499,969.499,fly,0.852,ok,2601,0,0,192.00,286773248,425578496,114090264,95883264,18123768,2904,11174640,22132800,958,10605,10605,0,0,0,0,0,0,0,0,0.061,0.072,0.000,0,0,0,10605,10605,0,0
travel,49.589,1190.1,970.009,970.009,fly,0.859,ok,2601,0,0,192.00,286773248,425578496,114090264,95883264,18123768,2904,11174640,22132800,958,10605,10605,0,0,0,0,0,0,0,0,0.061,0.068,0.000,0,0,0,10605,10605,0,0
travel,49.620,1190.8,970.522,970.522,fly,0.813,ok,2601,0,0,192.00,286773248,425578496,114090264,95883264,18123768,2904,11174640,22132800,958,10605,10605,0,0,0,0,0,0,0,0,0.062,0.062,0.000,0,0,0,10605,10605,0,0
travel,49.650,1191.5,971.032,971.032,fly,0.871,ok,2601,0,0,192.00,286773248,425578496,114090264,95883264,18123768,2904,11174640,22132800,958,10605,10605,0,0,0,0,0,0,0,0,0.063,0.074,0.000,0,0,0,10605,10605,0,0
travel,49.680,1192.2,971.546,971.546,fly,0.813,ok,2601,0,0,192.00,286773248,425578496,114090264,95883264,18123768,2904,11174640,22132800,958,10605,10605,0,0,0,0,0,0,0,0,0.061,0.066,0.000,0,0,0,10605,10605,0,0
travel,49.710,1193.0,972.056,972.056,fly,0.813,ok,2601,0,0,192.00,286773248,425578496,114090264,95883264,18123768,2904,7449760,22132800,958,10605,10605,0,0,0,0,0,0,0,0,0.061,0.060,0.000,0,0,0,10605,10605,0,0
travel,49.740,1193.7,972.569,972.569,fly,0.815,ok,2601,0,0,192.00,286773248,425578496,114090264,95883264,18123768,2904,7449760,22132800,958,10605,10605,0,0,0,0,0,0,0,0,0.061,0.065,0.000,0,0,0,10605,10605,0,0
travel,49.770,1194.4,973.084,973.084,fly,0.821,ok,2601,0,0,192.00,286838784,425578496,114090264,95883264,18123768,2904,7449760,22132800,958,10605,10605,0,0,0,0,0,0,0,0,0.060,0.064,0.000,0,0,0,10605,10605,0,0
travel,49.801,1195.2,973.600,973.600,fly,0.815,ok,2601,0,0,192.00,286838784,425578496,114090264,95883264,18123768,2904,7449760,22132800,958,10605,10605,0,0,0,0,0,0,0,0,0.060,0.065,0.000,0,0,0,10605,10605,0,0
travel,49.831,1195.9,974.114,974.114,fly,0.836,ok,2601,0,0,192.00,286838784,425578496,114090264,95883264,18123768,2904,7449760,22132800,958,10605,10605,0,0,0,0,0,0,0,0,0.062,0.067,0.000,0,0,0,10605,10605,0,0
travel,49.861,1196.6,974.624,974.624,fly,0.814,ok,2601,0,0,192.00,286838784,425578496,114090264,95883264,18123768,2904,7449760,22132800,958,10605,10605,0,0,0,0,0,0,0,0,0.058,0.063,0.000,0,0,0,10605,10605,0,0
travel,49.891,1197.3,975.135,975.135,fly,0.822,ok,2601,0,0,192.00,286838784,425578496,114090264,95883264,18123768,2904,7449760,22132800,958,10605,10605,0,0,0,0,0,0,0,0,0.060,0.064,0.000,0,0,0,10605,10605,0,0
travel,49.921,1198.0,975.646,975.646,fly,0.822,ok,2601,0,0,192.00,286838784,425578496,114090264,95883264,18123768,2904,7449760,22132800,958,10605,10605,0,0,0,0,0,0,0,0,0.060,0.065,0.000,0,0,0,10605,10605,0,0
travel,49.959,1199.0,976.296,976.296,fly,1.198,ok,2601,0,0,192.00,286838784,425578496,114090264,95883264,18123768,2904,11174640,22132800,958,10706,10706,0,0,0,0,0,0,0,0,0.431,0.063,0.000,0,0,0,10706,10706,0,0
travel,49.989,1199.7,976.812,976.812,fly,0.820,ok,2601,0,0,192.00,286838784,425578496,114090264,95883264,18123768,2904,11174640,22132800,958,10706,10706,0,0,0,0,0,0,0,0,0.062,0.065,0.000,0,0,0,10706,10706,0,0
travel,50.020,1200.4,977.326,977.326,fly,0.848,ok,2601,0,0,192.00,286838784,425578496,114090264,95883264,18123768,2904,11174640,22132800,958,10706,10706,0,0,0,0,0,0,0,0,0.062,0.074,0.000,0,0,0,10706,10706,0,0
travel,50.050,1201.1,977.838,977.838,fly,0.818,ok,2601,0,0,192.00,286838784,425578496,114090264,95883264,18123768,2904,11174640,22132800,958,10706,10706,0,0,0,0,0,0,0,0,0.061,0.066,0.000,0,0,0,10706,10706,0,0
travel,50.080,1201.9,978.353,978.353,fly,0.821,ok,2601,0,0,192.00,286838784,425578496,114090264,95883264,18123768,2904,11174640,22132800,958,10706,10706,0,0,0,0,0,0,0,0,0.062,0.066,0.000,0,0,0,10706,10706,0,0
travel,50.110,1202.6,978.864,978.864,fly,0.820,ok,2601,0,0,192.00,286838784,425578496,114090264,95883264,18123768,2904,11174640,22132800,958,10706,10706,0,0,0,0,0,0,0,0,0.061,0.066,0.000,0,0,0,10706,10706,0,0
travel,50.141,1203.3,979.388,979.388,fly,0.832,ok,2601,0,0,192.00,286838784,425578496,114090264,95883264,18123768,2904,11174640,22132800,958,10706,10706,0,0,0,0,0,0,0,0,0.061,0.068,0.000,0,0,0,10706,10706,0,0
travel,50.171,1204.1,979.903,979.903,fly,0.816,ok,2601,0,0,192.00,286838784,425578496,114090264,95883264,18123768,2904,11174640,22132800,958,10706,10706,0,0,0,0,0,0,0,0,0.061,0.065,0.000,0,0,0,10706,10706,0,0
travel,50.201,1204.8,980.414,980.414,fly,0.832,ok,2601,0,0,192.00,286838784,425578496,114090264,95883264,18123768,2904,7449760,22132800,958,10706,10706,0,0,0,0,0,0,0,0,0.062,0.067,0.000,0,0,0,10706,10706,0,0
travel,50.231,1205.5,980.924,980.924,fly,0.813,ok,2601,0,0,192.00,286838784,425578496,114090264,95883264,18123768,2904,7449760,22132800,958,10706,10706,0,0,0,0,0,0,0,0,0.060,0.067,0.000,0,0,0,10706,10706,0,0
travel,50.262,1206.2,981.440,981.440,fly,0.909,ok,2601,0,0,192.00,286838784,425578496,114090264,95883264,18123768,2904,7449760,22132800,958,10706,10706,0,0,0,0,0,0,0,0,0.071,0.107,0.000,0,0,0,10706,10706,0,0
travel,50.292,1207.0,981.950,981.950,fly,0.827,ok,2601,0,0,192.00,286838784,425578496,114090264,95883264,18123768,2904,7449760,22132800,958,10706,10706,0,0,0,0,0,0,0,0,0.060,0.067,0.000,0,0,0,10706,10706,0,0
travel,50.322,1207.7,982.469,982.469,fly,0.830,ok,2601,0,0,192.00,286838784,425578496,114090264,95883264,18123768,2904,7449760,22132800,958,10706,10706,0,0,0,0,0,0,0,0,0.061,0.068,0.000,0,0,0,10706,10706,0,0
travel,50.353,1208.4,982.992,982.992,fly,0.897,ok,2601,0,0,192.00,286838784,425578496,114090264,95883264,18123768,2904,7449760,22132800,958,10706,10706,0,0,0,0,0,0,0,0,0.131,0.067,0.000,0,0,0,10706,10706,0,0
travel,50.384,1209.2,983.522,983.522,fly,0.826,ok,2601,0,0,192.00,286838784,425578496,114090264,95883264,18123768,2904,7449760,22132800,958,10706,10706,0,0,0,0,0,0,0,0,0.061,0.070,0.000,0,0,0,10706,10706,0,0
travel,50.420,1210.1,984.137,984.137,fly,2.901,ok,2601,0,0,192.00,285790208,424529920,114090264,95883264,18123768,2904,11174640,22132800,958,10807,10807,29,0,113,29,29,0,0,0,0.081,0.074,0.000,0,0,0,10807,10807,0,0
travel,50.453,1210.8,984.695,984.695,fly,0.885,ok,2601,0,0,192.00,285790208,424529920,114090264,95883264,18123768,2904,11174640,22132800,958,10807,10807,0,0,0,0,0,0,0,0,0.128,0.065,0.000,0,0,0,10807,10807,0,0
travel,50.484,1211.6,985.212,985.212,fly,0.828,ok,2601,0,0,192.00,285790208,424529920,114090264,95883264,18123768,2904,11174640,22132800,958,10807,10807,0,0,0,0,0,0,0,0,0.063,0.065,0.000,0,0,0,10807,10807,0,0
travel,50.514,1212.3,985.729,985.729,fly,0.803,ok,2601,0,0,192.00,285790208,424529920,114090264,95883264,18123768,2904,11174640,22132800,958,10807,10807,0,0,0,0,0,0,0,0,0.061,0.064,0.000,0,0,0,10807,10807,0,0
travel,50.544,1213.0,986.240,986.240,fly,1.309,ok,2601,0,0,192.00,285790208,424529920,114090264,95883264,18123768,2904,11174640,22132800,958,10807,10807,0,0,0,0,0,0,0,0,0.544,0.062,0.000,0,0,0,10807,10807,0,0
travel,50.575,1213.8,986.760,986.760,fly,0.824,ok,2601,0,0,192.00,285790208,424529920,114090264,95883264,18123768,2904,11174640,22132800,958,10807,10807,0,0,0,0,0,0,0,0,0.062,0.069,0.000,0,0,0,10807,10807,0,0
travel,50.605,1214.5,987.277,987.277,fly,0.827,ok,2601,0,0,192.00,285790208,424529920,114090264,95883264,18123768,2904,11174640,22132800,958,10807,10807,0,0,0,0,0,0,0,0,0.064,0.068,0.000,0,0,0,10807,10807,0,0
travel,50.635,1215.2,987.787,987.787,fly,0.847,ok,2601,0,0,192.00,285790208,424529920,114090264,95883264,18123768,2904,7449760,22132800,958,10807,10807,0,0,0,0,0,0,0,0,0.061,0.070,0.000,0,0,0,10807,10807,0,0
travel,50.665,1215.9,988.300,988.300,fly,0.821,ok,2601,0,0,192.00,285790208,424529920,114090264,95883264,18123768,2904,7449760,22132800,958,10807,10807,0,0,0,0,0,0,0,0,0.061,0.067,0.000,0,0,0,10807,10807,0,0
travel,50.696,1216.7,988.816,988.816,fly,0.825,ok,2601,0,0,192.00,285790208,424529920,114090264,95883264,18123768,2904,7449760,22132800,958,10807,10807,0,0,0,0,0,0,0,0,0.064,0.068,0.000,0,0,0,10807,10807,0,0
travel,50.726,1217.4,989.326,989.326,fly,0.823,ok,2601,0,0,192.00,285790208,424529920,114090264,95883264,18123768,2904,7449760,22132800,958,10807,10807,0,0,0,0,0,0,0,0,0.061,0.068,0.000,0,0,0,10807,10807,0,0
travel,50.756,1218.1,989.841,989.841,fly,0.818,ok,2601,0,0,192.00,285790208,424529920,114090264,95883264,18123768,2904,7449760,22132800,958,10807,10807,0,0,0,0,0,0,0,0,0.061,0.065,0.000,0,0,0,10807,10807,0,0
travel,50.786,1218.8,990.351,990.351,fly,0.820,ok,2601,0,0,192.00,285790208,424529920,114090264,95883264,18123768,2904,7449760,22132800,958,10807,10807,0,0,0,0,0,0,0,0,0.063,0.068,0.000,0,0,0,10807,10807,0,0
travel,50.816,1219.6,990.868,990.868,fly,0.806,ok,2601,0,0,192.00,285790208,424529920,114090264,95883264,18123768,2904,7449760,22132800,958,10807,10807,0,0,0,0,0,0,0,0,0.061,0.065,0.000,0,0,0,10807,10807,0,0
travel,50.847,1220.3,991.396,991.396,fly,0.826,ok,2601,0,0,192.00,285790208,424529920,114090264,95883264,18123768,2904,7449760,22132800,958,10807,10807,0,0,0,0,0,0,0,0,0.061,0.065,0.000,0,0,0,10807,10807,0,0
travel,50.877,1221.0,991.910,991.910,fly,0.828,ok,2601,0,0,192.00,285790208,424529920,114090264,95883264,18123768,2904,7449760,22132800,958,10807,10807,0,0,0,0,0,0,0,0,0.060,0.067,0.000,0,0,0,10807,10807,0,0
travel,50.916,1222.0,992.572,992.572,fly,0.905,ok,2601,0,0,192.00,285790208,424529920,114090264,95883264,18123768,2904,11174640,22132800,958,10908,10908,0,0,0,0,0,0,0,0,0.136,0.067,0.000,0,0,0,10908,10908,0,0
travel,50.947,1222.7,993.086,993.086,fly,0.821,ok,2601,0,0,192.00,285790208,424529920,114090264,95883264,18123768,2904,11174640,22132800,958,10908,10908,0,0,0,0,0,0,0,0,0.064,0.066,0.000,0,0,0,10908,10908,0,0
travel,50.977,1223.5,993.610,993.610,fly,0.859,ok,2601,0,0,192.00,285790208,424529920,114090264,95883264,18123768,2904,11174640,22132800,958,10908,10908,0,0,0,0,0,0,0,0,0.063,0.076,0.000,0,0,0,10908,10908,0,0
travel,51.008,1224.2,994.123,994.123,fly,0.819,ok,2601,0,0,192.00,285790208,424529920,114090264,95883264,18123768,2904,11174640,22132800,958,10908,10908,0,0,0,0,0,0,0,0,0.062,0.065,0.000,0,0,0,10908,10908,0,0
travel,51.038,1224.9,994.643,994.643,fly,0.824,ok,2601,0,0,192.00,285790208,424529920,114090264,95883264,18123768,2904,11174640,22132800,958,10908,10908,0,0,0,0,0,0,0,0,0.061,0.066,0.000,0,0,0,10908,10908,0,0
travel,51.069,1225.6,995.158,995.158,fly,0.832,ok,2601,0,0,192.00,285790208,424529920,114090264,95883264,18123768,2904,11174640,22132800,958,10908,10908,0,0,0,0,0,0,0,0,0.062,0.068,0.000,0,0,0,10908,10908,0,0
travel,51.099,1226.4,995.672,995.672,fly,0.803,ok,2601,0,0,192.00,285790208,424529920,114090264,95883264,18123768,2904,11174640,22132800,958,10908,10908,0,0,0,0,0,0,0,0,0.061,0.062,0.000,0,0,0,10908,10908,0,0
travel,51.129,1227.1,996.190,996.190,fly,0.832,ok,2601,0,0,192.00,285790208,424529920,114090264,95883264,18123768,2904,7449760,22132800,958,10908,10908,0,0,0,0,0,0,0,0,0.061,0.070,0.000,0,0,0,10908,10908,0,0
travel,51.159,1227.8,996.702,996.702,fly,0.805,ok,2601,0,0,192.00,285790208,424529920,114090264,95883264,18123768,2904,7449760,22132800,958,10908,10908,0,0,0,0,0,0,0,0,0.060,0.065,0.000,0,0,0,10908,10908,0,0
travel,51.190,1228.6,997.222,997.222,fly,0.932,ok,2601,0,0,192.00,285790208,424529920,114090264,95883264,18123768,2904,7449760,22132800,958,10908,10908,0,0,0,0,0,0,0,0,0.176,0.066,0.000,0,0,0,10908,10908,0,0
travel,51.220,1229.3,997.733,997.733,fly,0.828,ok,2601,0,0,192.00,285790208,424529920,114090264,95883264,18123768,2904,7449760,22132800,958,10908,10908,0,0,0,0,0,0,0,0,0.061,0.066,0.000,0,0,0,10908,10908,0,0
travel,51.250,1230.0,998.246,998.246,fly,0.822,ok,2601,0,0,192.00,285790208,424529920,114090264,95883264,18123768,2904,7449760,22132800,958,10908,10908,0,0,0,0,0,0,0,0,0.061,0.064,0.000,0,0,0,10908,10908,0,0
travel,51.281,1230.7,998.763,998.763,fly,0.822,ok,2601,0,0,192.00,285790208,424529920,114090264,95883264,18123768,2904,7449760,22132800,958,10908,10908,0,0,0,0,0,0,0,0,0.061,0.067,0.000,0,0,0,10908,10908,0,0
travel,51.311,1231.5,999.279,999.279,fly,0.827,ok,2601,0,0,192.00,285790208,424529920,114090264,95883264,18123768,2904,7449760,22132800,958,10908,10908,0,0,0,0,0,0,0,0,0.060,0.065,0.000,0,0,0,10908,10908,0,0
travel,51.341,1232.2,999.789,999.789,fly,0.841,ok,2601,0,0,192.00,285790208,424529920,114090264,95883264,18123768,2904,7449760,22132800,958,10908,10908,0,0,0,0,0,0,0,0,0.062,0.067,0.000,0,0,0,10908,10908,0,0
travel,51.379,1233.1,1000.443,1000.443,fly,0.839,ok,2601,0,0,192.00,285790208,424529920,114090264,95883264,18123768,2904,11174640,22132800,958,11009,11009,0,0,0,0,0,0,0,0,0.062,0.070,0.000,0,0,0,11009,11009,0,0
travel,51.409,1233.8,1000.953,1000.953,fly,0.833,ok,2601,0,0,192.00,285790208,424529920,114090264,95883264,18123768,2904,11174640,22132800,958,11009,11009,0,0,0,0,0,0,0,0,0.061,0.066,0.000,0,0,0,11009,11009,0,0
travel,51.440,1234.6,1001.467,1001.467,fly,0.945,ok,2601,0,0,192.00,285790208,424529920,114090264,95883264,18123768,2904,11174640,22132800,958,11009,11009,0,0,0,0,0,0,0,0,0.075,0.110,0.000,0,0,0,11009,11009,0,0
travel,51.471,1235.3,1001.992,1001.992,fly,0.849,ok,2601,0,0,192.00,285790208,424529920,114090264,95883264,18123768,2904,11174640,22132800,958,11009,11009,0,0,0,0,0,0,0,0,0.061,0.068,0.000,0,0,0,11009,11009,0,0
travel,51.501,1236.0,1002.513,1002.513,fly,0.819,ok,2601,0,0,192.00,285790208,424529920,114090264,95883264,18123768,2904,11174640,22132800,958,11009,11009,0,0,0,0,0,0,0,0,0.062,0.063,0.000,0,0,0,11009,11009,0,0
travel,51.531,1236.8,1003.024,1003.024,fly,0.823,ok,2601,0,0,192.00,285790208,424529920,114090264,95883264,18123768,2904,11174640,22132800,958,11009,11009,0,0,0,0,0,0,0,0,0.061,0.065,0.000,0,0,0,11009,11009,0,0
travel,51.562,1237.5,1003.539,1003.539,fly,0.821,ok,2601,0,0,192.00,285790208,424529920,114090264,95883264,18123768,2904,11174640,22132800,958,11009,11009,0,0,0,0,0,0,0,0,0.061,0.065,0.000,0,0,0,11009,11009,0,0
travel,51.592,1238.2,1004.049,1004.049,fly,0.818,ok,2601,0,0,192.00,285790208,424529920,114090264,95883264,18123768,2904,7449760,22132800,958,11009,11009,0,0,0,0,0,0,0,0,0.062,0.063,0.000,0,0,0,11009,11009,0,0
travel,51.622,1238.9,1004.562,1004.562,fly,0.937,ok,2601,0,0,192.00,285790208,424529920,114090264,95883264,18123768,2904,7449760,22132800,958,11009,11009,0,0,0,0,0,0,0,0,0.068,0.145,0.000,0,0,0,11009,11009,0,0
travel,51.652,1239.7,1005.076,1005.076,fly,0.823,ok,2601,0,0,192.00,285790208,424529920,114090264,95883264,18123768,2904,7449760,22132800,958,11009,11009,0,0,0,0,0,0,0,0,0.062,0.065,0.000,0,0,0,11009,11009,0,0
travel,51.682,1240.4,1005.592,1005.592,fly,0.816,ok,2601,0,0,192.00,285790208,424529920,114090264,95883264,18123768,2904,7449760,22132800,958,11009,11009,0,0,0,0,0,0,0,0,0.060,0.063,0.000,0,0,0,11009,11009,0,0
travel,51.712,1241.1,1006.105,1006.105,fly,0.832,ok,2601,0,0,192.00,285790208,424529920,114090264,95883264,18123768,2904,7449760,22132800,958,11009,11009,0,0,0,0,0,0,0,0,0.062,0.071,0.000,0,0,0,11009,11009,0,0
travel,51.743,1241.9,1006.628,1006.628,fly,0.839,ok,2601,0,0,192.00,285790208,424529920,114090264,95883264,18123768,2904,7449760,22132800,958,11009,11009,0,0,0,0,0,0,0,0,0.062,0.069,0.000,0,0,0,11009,11009,0,0
travel,51.774,1242.6,1007.147,1007.147,fly,0.914,ok,2601,0,0,192.00,285790208,424529920,114090264,95883264,18123768,2904,7449760,22132800,958,11009,11009,0,0,0,0,0,0,0,0,0.064,0.081,0.000,0,0,0,11009,11009,0,0
travel,51.804,1243.3,1007.659,1007.659,fly,0.828,ok,2601,0,0,192.00,285790208,424529920,114090264,95883264,18123768,2904,7449760,22132800,958,11009,11009,0,0,0,0,0,0,0,0,0.060,0.064,0.000,0,0,0,11009,11009,0,0
travel,51.842,1244.2,1008.312,1008.312,fly,0.947,ok,2601,0,0,192.00,278511616,417648640,114090264,95883264,18123768,2904,11174640,22132800,958,11110,11110,0,0,0,0,0,0,0,0,0.072,0.110,0.000,0,0,0,11110,11110,0,0
travel,51.872,1245.0,1008.825,1008.825,fly,0.825,ok,2601,0,0,192.00,278511616,417648640,114090264,95883264,18123768,2904,11174640,22132800,958,11110,11110,0,0,0,0,0,0,0,0,0.062,0.063,0.000,0,0,0,11110,11110,0,0
travel,51.903,1245.7,1009.338,1009.338,fly,0.815,ok,2601,0,0,192.00,278515712,417714176,114090264,95883264,18123768,2904,11174640,22132800,958,11110,11110,0,0,0,0,0,0,0,0,0.062,0.066,0.000,0,0,0,11110,11110,0,0
travel,51.933,1246.4,1009.850,1009.850,fly,0.811,ok,2601,0,0,192.00,278515712,417714176,114090264,95883264,18123768,2904,11174640,22132800,958,11110,11110,0,0,0,0,0,0,0,0,0.062,0.068,0.000,0,0,0,11110,11110,0,0
travel,51.963,1247.1,1010.362,1010.362,fly,0.809,ok,2601,0,0,192.00,278515712,417714176,114090264,95883264,18123768,2904,11174640,22132800,958,11110,11110,0,0,0,0,0,0,0,0,0.061,0.068,0.000,0,0,0,11110,11110,0,0
travel,51.993,1247.9,1010.878,1010.878,fly,0.819,ok,2601,0,0,192.00,278515712,417714176,114090264,95883264,18123768,2904,11174640,22132800,958,11110,11110,0,0,0,0,0,0,0,0,0.062,0.067,0.000,0,0,0,11110,11110,0,0
travel,52.023,1248.6,1011.392,1011.392,fly,0.846,ok,2601,0,0,192.00,278515712,417714176,114090264,95883264,18123768,2904,11174640,22132800,958,11110,11110,0,0,0,0,0,0,0,0,0.062,0.072,0.000,0,0,0,11110,11110,0,0
travel,52.054,1249.3,1011.904,1011.904,fly,0.837,ok,2601,0,0,192.00,278515712,417714176,114090264,95883264,18123768,2904,7449760,22132800,958,11110,11110,0,0,0,0,0,0,0,0,0.061,0.064,0.000,0,0,0,11110,11110,0,0
travel,52.084,1250.0,1012.418,1012.418,fly,1.771,ok,2601,0,0,192.00,278515712,417714176,114090264,95883264,18123768,2904,7449760,22132800,958,11110,11110,0,0,0,0,0,0,0,0,0.137,0.071,0.000,0,0,0,11110,11110,0,0
travel,52.115,1250.8,1012.941,1012.941,fly,0.821,ok,2601,0,0,192.00,278515712,417714176,114090264,95883264,18123768,2904,7449760,22132800,958,11110,11110,0,0,0,0,0,0,0,0,0.061,0.062,0.000,0,0,0,11110,11110,0,0
travel,52.145,1251.5,1013.455,1013.455,fly,0.823,ok,2601,0,0,192.00,278515712,417714176,114090264,95883264,18123768,2904,7449760,22132800,958,11110,11110,0,0,0,0,0,0,0,0,0.062,0.065,0.000,0,0,0,11110,11110,0,0
travel,52.175,1252.2,1013.966,1013.966,fly,0.847,ok,2601,0,0,192.00,278515712,417714176,114090264,95883264,18123768,2904,7449760,22132800,958,11110,11110,0,0,0,0,0,0,0,0,0.062,0.068,0.000,0,0,0,11110,11110,0,0
travel,52.205,1253.0,1014.478,1014.478,fly,0.824,ok,2601,0,0,192.00,278515712,417714176,114090264,95883264,18123768,2904,7449760,22132800,958,11110,11110,0,0,0,0,0,0,0,0,0.061,0.063,0.000,0,0,0,11110,11110,0,0
travel,52.235,1253.7,1014.989,1014.989,fly,0.855,ok,2601,0,0,192.00,278515712,417714176,114090264,95883264,18123768,2904,7449760,22132800,958,11110,11110,0,0,0,0,0,0,0,0,0.062,0.067,0.000,0,0,0,11110,11110,0,0
travel,52.265,1254.4,1015.504,1015.504,fly,0.821,ok,2601,0,0,192.00,278515712,417714176,114090264,95883264,18123768,2904,7449760,22132800,958,11110,11110,0,0,0,0,0,0,0,0,0.061,0.067,0.000,0,0,0,11110,11110,0,0
travel,52.299,1255.2,1016.084,1016.084,fly,3.609,ok,2571,30,68,192.00,278556672,417714176,112774344,94777344,17914728,2904,11174640,20202912,958,11181,11211,35,0,114,35,35,0,0,0,0.086,0.128,0.000,0,0,0,11181,11181,0,0
travel,52.335,1256.1,1016.681,1016.681,fly,1.055,ok,2601,0,0,192.00,278556672,417714176,114090264,95883264,18123768,2904,11174640,22132800,958,11211,11211,0,0,0,0,0,0,0,0,0.073,0.126,0.000,0,0,0,11211,11211,0,0
travel,52.365,1256.8,1017.199,1017.199,fly,0.811,ok,2601,0,0,192.00,278556672,417714176,114090264,95883264,18123768,2904,11174640,22132800,958,11211,11211,0,0,0,0,0,0,0,0,0.062,0.069,0.000,0,0,0,11211,11211,0,0
travel,52.395,1257.5,1017.709,1017.709,fly,0.896,ok,2601,0,0,192.00,278556672,417714176,114090264,95883264,18123768,2904,11174640,22132800,958,11211,11211,0,0,0,0,0,0,0,0,0.141,0.064,0.000,0,0,0,11211,11211,0,0
travel,52.425,1258.3,1018.222,1018.222,fly,0.823,ok,2601,0,0,192.00,278556672,417714176,114090264,95883264,18123768,2904,11174640,22132800,958,11211,11211,0,0,0,0,0,0,0,0,0.063,0.065,0.000,0,0,0,11211,11211,0,0
travel,52.455,1259.0,1018.733,1018.733,fly,0.811,ok,2601,0,0,192.00,278556672,417714176,114090264,95883264,18123768,2904,11174640,22132800,958,11211,11211,0,0,0,0,0,0,0,0,0.063,0.065,0.000,0,0,0,11211,11211,0,0
travel,52.486,1259.7,1019.248,1019.248,fly,0.822,ok,2601,0,0,192.00,278556672,417714176,114090264,95883264,18123768,2904,11174640,22132800,958,11211,11211,0,0,0,0,0,0,0,0,0.063,0.066,0.000,0,0,0,11211,11211,0,0
travel,52.516,1260.4,1019.761,1019.761,fly,0.830,ok,2601,0,0,192.00,278556672,417714176,114090264,95883264,18123768,2904,7449760,22132800,958,11211,11211,0,0,0,0,0,0,0,0,0.062,0.068,0.000,0,0,0,11211,11211,0,0
travel,52.546,1261.2,1020.273,1020.273,fly,0.830,ok,2601,0,0,192.00,278556672,417714176,114090264,95883264,18123768,2904,7449760,22132800,958,11211,11211,0,0,0,0,0,0,0,0,0.064,0.066,0.000,0,0,0,11211,11211,0,0
travel,52.576,1261.9,1020.791,1020.791,fly,0.822,ok,2601,0,0,192.00,278556672,417714176,114090264,95883264,18123768,2904,7449760,22132800,958,11211,11211,0,0,0,0,0,0,0,0,0.062,0.063,0.000,0,0,0,11211,11211,0,0
travel,52.606,1262.6,1021.302,1021.302,fly,0.824,ok,2601,0,0,192.00,278556672,417714176,114090264,95883264,18123768,2904,7449760,22132800,958,11211,11211,0,0,0,0,0,0,0,0,0.061,0.066,0.000,0,0,0,11211,11211,0,0
travel,52.637,1263.3,1021.820,1021.820,fly,0.850,ok,2601,0,0,192.00,278556672,417714176,114090264,95883264,18123768,2904,7449760,22132800,958,11211,11211,0,0,0,0,0,0,0,0,0.062,0.071,0.000,0,0,0,11211,11211,0,0
travel,52.667,1264.1,1022.331,1022.331,fly,0.823,ok,2601,0,0,192.00,278556672,417714176,114090264,95883264,18123768,2904,7449760,22132800,958,11211,11211,0,0,0,0,0,0,0,0,0.061,0.061,0.000,0,0,0,11211,11211,0,0
travel,52.697,1264.8,1022.844,1022.844,fly,0.825,ok,2601,0,0,192.00,278556672,417714176,114090264,95883264,18123768,2904,7449760,22132800,958,11211,11211,0,0,0,0,0,0,0,0,0.061,0.067,0.000,0,0,0,11211,11211,0,0
travel,52.727,1265.5,1023.355,1023.355,fly,0.939,ok,2601,0,0,192.00,278556672,417714176,114090264,95883264,18123768,2904,7449760,22132800,958,11211,11211,0,0,0,0,0,0,0,0,0.139,0.070,0.000,0,0,0,11211,11211,0,0
travel,52.757,1266.2,1023.866,1023.866,fly,0.905,ok,2601,0,0,192.00,278556672,417714176,114090264,95883264,18123768,2904,7449760,22132800,958,11211,11211,0,0,0,0,0,0,0,0,0.064,0.080,0.000,0,0,0,11211,11211,0,0
travel,52.795,1267.2,1024.511,1024.511,fly,0.830,ok,2601,0,0,192.00,278556672,417714176,114090264,95883264,18123768,2904,11174640,22132800,958,11312,11312,0,0,0,0,0,0,0,0,0.065,0.068,0.000,0,0,0,11312,11312,0,0
travel,52.825,1267.9,1025.026,1025.026,fly,0.825,ok,2601,0,0,192.00,278556672,417714176,114090264,95883264,18123768,2904,11174640,22132800,958,11312,11312,0,0,0,0,0,0,0,0,0.062,0.066,0.000,0,0,0,11312,11312,0,0
travel,52.856,1268.6,1025.542,1025.542,fly,0.819,ok,2601,0,0,192.00,278556672,417714176,114090264,95883264,18123768,2904,11174640,22132800,958,11312,11312,0,0,0,0,0,0,0,0,0.063,0.065,0.000,0,0,0,11312,11312,0,0
travel,52.886,1269.3,1026.058,1026.058,fly,0.819,ok,2601,0,0,192.00,278556672,417714176,114090264,95883264,18123768,2904,11174640,22132800,958,11312,11312,0,0,0,0,0,0,0,0,0.063,0.071,0.000,0,0,0,11312,11312,0,0
travel,52.916,1270.1,1026.569,1026.569,fly,0.816,ok,2601,0,0,192.00,278556672,417714176,114090264,95883264,18123768,2904,11174640,22132800,958,11312,11312,0,0,0,0,0,0,0,0,0.065,0.066,0.000,0,0,0,11312,11312,0,0
travel,52.947,1270.8,1027.085,1027.085,fly,0.894,ok,2601,0,0,192.00,278556672,417714176,114090264,95883264,18123768,2904,11174640,22132800,958,11312,11312,0,0,0,0,0,0,0,0,0.071,0.106,0.000,0,0,0,11312,11312,0,0
travel,52.977,1271.5,1027.598,1027.598,fly,0.826,ok,2601,0,0,192.00,278556672,417714176,114090264,95883264,18123768,2904,11174640,22132800,958,11312,11312,0,0,0,0,0,0,0,0,0.063,0.064,0.000,0,0,0,11312,11312,0,0
travel,53.007,1272.2,1028.113,1028.113,fly,0.814,ok,2601,0,0,192.00,278556672,417714176,114090264,95883264,18123768,2904,7449760,22132800,958,11312,11312,0,0,0,0,0,0,0,0,0.062,0.067,0.000,0,0,0,11312,11312,0,0
travel,53.037,1273.0,1028.628,1028.628,fly,1.231,ok,2601,0,0,192.00,278556672,417714176,114090264,95883264,18123768,2904,7449760,22132800,958,11312,11312,0,0,0,0,0,0,0,0,0.469,0.062,0.000,0,0,0,11312,11312,0,0
travel,53.068,1273.7,1029.145,1029.145,fly,0.823,ok,2601,0,0,192.00,278556672,417714176,114090264,95883264,18123768,2904,7449760,22132800,958,11312,11312,0,0,0,0,0,0,0,0,0.061,0.066,0.000,0,0,0,11312,11312,0,0
travel,53.098,1274.4,1029.657,1029.657,fly,0.824,ok,2601,0,0,192.00,278556672,417714176,114090264,95883264,18123768,2904,7449760,22132800,958,11312,11312,0,0,0,0,0,0,0,0,0.062,0.064,0.000,0,0,0,11312,11312,0,0
travel,53.128,1275.2,1030.169,1030.169,fly,0.870,ok,2601,0,0,192.00,278556672,417714176,114090264,95883264,18123768,2904,7449760,22132800,958,11312,11312,0,0,0,0,0,0,0,0,0.063,0.074,0.000,0,0,0,11312,11312,0,0
travel,53.158,1275.9,1030.679,1030.679,fly,0.818,ok,2601,0,0,192.00,278556672,417714176,114090264,95883264,18123768,2904,7449760,22132800,958,11312,11312,0,0,0,0,0,0,0,0,0.061,0.064,0.000,0,0,0,11312,11312,0,0
travel,53.188,1276.6,1031.190,1031.190,fly,0.818,ok,2601,0,0,192.00,278556672,417714176,114090264,95883264,18123768,2904,7449760,22132800,958,11312,11312,0,0,0,0,0,0,0,0,0.061,0.062,0.000,0,0,0,11312,11312,0,0
travel,53.218,1277.3,1031.704,1031.704,fly,0.993,ok,2601,0,0,192.00,278556672,417714176,114090264,95883264,18123768,2904,7449760,22132800,958,11312,11312,0,0,0,0,0,0,0,0,0.069,0.111,0.000,0,0,0,11312,11312,0,0
travel,53.256,1278.2,1032.352,1032.352,fly,0.828,ok,2601,0,0,192.00,278388736,417124352,114090264,95883264,18123768,2904,11174640,22132800,958,11413,11413,0,0,0,0,0,0,0,0,0.063,0.064,0.000,0,0,0,11413,11413,0,0
travel,53.287,1279.0,1032.866,1032.866,fly,0.857,ok,2601,0,0,192.00,278388736,417124352,114090264,95883264,18123768,2904,11174640,22132800,958,11413,11413,0,0,0,0,0,0,0,0,0.063,0.073,0.000,0,0,0,11413,11413,0,0
travel,53.317,1279.7,1033.384,1033.384,fly,0.825,ok,2601,0,0,192.00,278392832,417189888,114090264,95883264,18123768,2904,11174640,22132800,958,11413,11413,0,0,0,0,0,0,0,0,0.062,0.066,0.000,0,0,0,11413,11413,0,0
travel,53.347,1280.4,1033.894,1033.894,fly,0.828,ok,2601,0,0,192.00,278392832,417189888,114090264,95883264,18123768,2904,11174640,22132800,958,11413,11413,0,0,0,0,0,0,0,0,0.062,0.069,0.000,0,0,0,11413,11413,0,0
travel,53.377,1281.2,1034.410,1034.410,fly,0.835,ok,2601,0,0,192.00,278392832,417189888,114090264,95883264,18123768,2904,11174640,22132800,958,11413,11413,0,0,0,0,0,0,0,0,0.064,0.067,0.000,0,0,0,11413,11413,0,0
travel,53.408,1281.9,1034.925,1034.925,fly,0.915,ok,2601,0,0,192.00,278392832,417189888,114090264,95883264,18123768,2904,11174640,22132800,958,11413,11413,0,0,0,0,0,0,0,0,0.136,0.066,0.000,0,0,0,11413,11413,0,0
travel,53.438,1282.6,1035.438,1035.438,fly,0.836,ok,2601,0,0,192.00,278392832,417189888,114090264,95883264,18123768,2904,11174640,22132800,958,11413,11413,0,0,0,0,0,0,0,0,0.062,0.064,0.000,0,0,0,11413,11413,0,0
travel,53.468,1283.3,1035.954,1035.954,fly,0.822,ok,2601,0,0,192.00,278392832,417189888,114090264,95883264,18123768,2904,7449760,22132800,958,11413,11413,0,0,0,0,0,0,0,0,0.062,0.064,0.000,0,0,0,11413,11413,0,0
travel,53.498,1284.1,1036.469,1036.469,fly,0.814,ok,2601,0,0,192.00,278392832,417189888,114090264,95883264,18123768,2904,7449760,22132800,958,11413,11413,0,0,0,0,0,0,0,0,0.062,0.068,0.000,0,0,0,11413,11413,0,0
travel,53.529,1284.8,1036.981,1036.981,fly,0.820,ok,2601,0,0,192.00,278392832,417189888,114090264,95883264,18123768,2904,7449760,22132800,958,11413,11413,0,0,0,0,0,0,0,0,0.062,0.066,0.000,0,0,0,11413,11413,0,0
travel,53.559,1285.5,1037.496,1037.496,fly,0.817,ok,2601,0,0,192.00,278392832,417189888,114090264,95883264,18123768,2904,7449760,22132800,958,11413,11413,0,0,0,0,0,0,0,0,0.062,0.065,0.000,0,0,0,11413,11413,0,0
travel,53.589,1286.2,1038.013,1038.013,fly,0.874,ok,2601,0,0,192.00,278392832,417189888,114090264,95883264,18123768,2904,7449760,22132800,958,11413,11413,0,0,0,0,0,0,0,0,0.062,0.072,0.000,0,0,0,11413,11413,0,0
travel,53.619,1287.0,1038.523,1038.523,fly,0.841,ok,2601,0,0,192.00,278392832,417189888,114090264,95883264,18123768,2904,7449760,22132800,958,11413,11413,0,0,0,0,0,0,0,0,0.063,0.071,0.000,0,0,0,11413,11413,0,0
travel,53.649,1287.7,1039.034,1039.034,fly,0.827,ok,2601,0,0,192.00,278392832,417189888,114090264,95883264,18123768,2904,7449760,22132800,958,11413,11413,0,0,0,0,0,0,0,0,0.062,0.066,0.000,0,0,0,11413,11413,0,0
travel,53.679,1288.4,1039.546,1039.546,fly,1.100,ok,2601,0,0,192.00,278392832,417189888,114090264,95883264,18123768,2904,7449760,22132800,958,11413,11413,0,0,0,0,0,0,0,0,0.065,0.124,0.000,0,0,0,11413,11413,0,0
travel,53.718,1289.3,1040.195,1040.195,fly,0.860,ok,2601,0,0,192.00,278761472,417714176,114090264,95883264,18123768,2904,11174640,22132800,958,11514,11514,0,0,62,0,0,0,0,0,0.063,0.069,0.000,0,0,0,11514,11514,0,0
travel,53.748,1290.1,1040.711,1040.711,fly,0.894,ok,2601,0,0,192.00,278761472,417714176,114090264,95883264,18123768,2904,11174640,22132800,958,11514,11514,0,0,0,0,0,0,0,0,0.070,0.110,0.000,0,0,0,11514,11514,0,0
travel,53.778,1290.8,1041.225,1041.225,fly,0.899,ok,2601,0,0,192.00,278761472,417714176,114090264,95883264,18123768,2904,11174640,22132800,958,11514,11514,0,0,0,0,0,0,0,0,0.136,0.070,0.000,0,0,0,11514,11514,0,0
travel,53.808,1291.5,1041.740,1041.740,fly,0.815,ok,2601,0,0,192.00,278761472,417714176,114090264,95883264,18123768,2904,11174640,22132800,958,11514,11514,0,0,0,0,0,0,0,0,0.063,0.068,0.000,0,0,0,11514,11514,0,0
travel,53.838,1292.2,1042.250,1042.250,fly,0.815,ok,2601,0,0,192.00,278761472,417714176,114090264,95883264,18123768,2904,11174640,22132800,958,11514,11514,0,0,0,0,0,0,0,0,0.063,0.065,0.000,0,0,0,11514,11514,0,0
travel,53.869,1293.0,1042.763,1042.763,fly,0.816,ok,2601,0,0,192.00,278761472,417714176,114090264,95883264,18123768,2904,11174640,22132800,958,11514,11514,0,0,0,0,0,0,0,0,0.062,0.067,0.000,0,0,0,11514,11514,0,0
travel,53.899,1293.7,1043.275,1043.275,fly,0.845,ok,2601,0,0,192.00,278761472,417714176,114090264,95883264,18123768,2904,11174640,22132800,958,11514,11514,0,0,0,0,0,0,0,0,0.063,0.070,0.000,0,0,0,11514,11514,0,0
travel,53.929,1294.4,1043.787,1043.787,fly,0.818,ok,2601,0,0,192.00,278761472,417714176,114090264,95883264,18123768,2904,11174640,22132800,958,11514,11514,0,0,0,0,0,0,0,0,0.063,0.065,0.000,0,0,0,11514,11514,0,0
travel,53.959,1295.1,1044.301,1044.301,fly,0.814,ok,2601,0,0,192.00,278761472,417714176,114090264,95883264,18123768,2904,7449760,22132800,958,11514,11514,0,0,0,0,0,0,0,0,0.062,0.065,0.000,0,0,0,11514,11514,0,0
travel,53.989,1295.9,1044.811,1044.811,fly,0.846,ok,2601,0,0,192.00,278761472,417714176,114090264,95883264,18123768,2904,7449760,22132800,958,11514,11514,0,0,0,0,0,0,0,0,0.063,0.073,0.000,0,0,0,11514,11514,0,0
travel,54.020,1296.6,1045.330,1045.330,fly,0.823,ok,2601,0,0,192.00,278790144,417845248,114090264,95883264,18123768,2904,7449760,22132800,958,11514,11514,0,0,0,0,0,0,0,0,0.061,0.063,0.000,0,0,0,11514,11514,0,0
travel,54.050,1297.3,1045.840,1045.840,fly,0.809,ok,2601,0,0,192.00,278790144,417845248,114090264,95883264,18123768,2904,7449760,22132800,958,11514,11514,0,0,0,0,0,0,0,0,0.061,0.061,0.000,0,0,0,11514,11514,0,0
travel,54.080,1298.0,1046.358,1046.358,fly,0.899,ok,2601,0,0,192.00,278790144,417845248,114090264,95883264,18123768,2904,7449760,22132800,958,11514,11514,0,0,0,0,0,0,0,0,0.064,0.081,0.000,0,0,0,11514,11514,0,0
travel,54.110,1298.8,1046.873,1046.873,fly,0.926,ok,2601,0,0,192.00,278790144,417845248,114090264,95883264,18123768,2904,7449760,22132800,958,11514,11514,0,0,0,0,0,0,0,0,0.138,0.070,0.000,0,0,0,11514,11514,0,0
travel,54.140,1299.5,1047.383,1047.383,fly,0.818,ok,2601,0,0,192.00,278790144,417845248,114090264,95883264,18123768,2904,7449760,22132800,958,11514,11514,0,0,0,0,0,0,0,0,0.061,0.065,0.000,0,0,0,11514,11514,0,0
travel,54.171,1300.2,1047.896,1047.896,fly,0.821,ok,2601,0,0,192.00,278790144,417845248,114090264,95883264,18123768,2904,7449760,22132800,958,11514,11514,0,0,0,0,0,0,0,0,0.062,0.065,0.000,0,0,0,11514,11514,0,0
travel,54.209,1301.1,1048.548,1048.548,fly,0.827,ok,2601,0,0,192.00,279269376,418369536,114090264,95883264,18123768,2904,11174640,22132800,958,11615,11615,0,0,0,0,0,0,0,0,0.062,0.071,0.000,0,0,0,11615,11615,0,0
travel,54.239,1301.9,1049.062,1049.062,fly,0.899,ok,2601,0,0,192.00,279269376,418369536,114090264,95883264,18123768,2904,11174640,22132800,958,11615,11615,0,0,0,0,0,0,0,0,0.064,0.076,0.000,0,0,0,11615,11615,0,0
travel,54.270,1302.6,1049.586,1049.586,fly,0.820,ok,2601,0,0,192.00,279269376,418369536,114090264,95883264,18123768,2904,11174640,22132800,958,11615,11615,0,0,0,0,0,0,0,0,0.061,0.063,0.000,0,0,0,11615,11615,0,0
travel,54.300,1303.3,1050.096,1050.096,fly,0.850,ok,2601,0,0,192.00,279269376,418369536,114090264,95883264,18123768,2904,11174640,22132800,958,11615,11615,0,0,0,0,0,0,0,0,0.062,0.070,0.000,0,0,0,11615,11615,0,0
travel,54.330,1304.1,1050.612,1050.612,fly,0.816,ok,2601,0,0,192.00,279269376,418369536,114090264,95883264,18123768,2904,11174640,22132800,958,11615,11615,0,0,0,0,0,0,0,0,0.062,0.062,0.000,0,0,0,11615,11615,0,0
travel,54.361,1304.8,1051.126,1051.126,fly,0.821,ok,2601,0,0,192.00,279269376,418369536,114090264,95883264,18123768,2904,11174640,22132800,958,11615,11615,0,0,0,0,0,0,0,0,0.062,0.062,0.000,0,0,0,11615,11615,0,0
travel,54.391,1305.5,1051.637,1051.637,fly,0.824,ok,2601,0,0,192.00,279269376,418369536,114090264,95883264,18123768,2904,11174640,22132800,958,11615,11615,0,0,0,0,0,0,0,0,0.061,0.065,0.000,0,0,0,11615,11615,0,0
travel,54.421,1306.2,1052.149,1052.149,fly,1.178,ok,2601,0,0,192.00,279269376,418369536,114090264,95883264,18123768,2904,7449760,22132800,958,11615,11615,0,0,0,0,0,0,0,0,0.408,0.063,0.000,0,0,0,11615,11615,0,0
travel,54.451,1307.0,1052.666,1052.666,fly,0.821,ok,2601,0,0,192.00,279269376,418369536,114090264,95883264,18123768,2904,7449760,22132800,958,11615,11615,0,0,0,0,0,0,0,0,0.061,0.065,0.000,0,0,0,11615,11615,0,0
travel,54.481,1307.7,1053.176,1053.176,fly,0.829,ok,2601,0,0,192.00,279269376,418369536,114090264,95883264,18123768,2904,7449760,22132800,958,11615,11615,0,0,0,0,0,0,0,0,0.063,0.066,0.000,0,0,0,11615,11615,0,0
travel,54.511,1308.4,1053.688,1053.688,fly,0.818,ok,2601,0,0,192.00,279269376,418369536,114090264,95883264,18123768,2904,7449760,22132800,958,11615,11615,0,0,0,0,0,0,0,0,0.062,0.065,0.000,0,0,0,11615,11615,0,0
travel,54.541,1309.1,1054.203,1054.203,fly,0.827,ok,2601,0,0,192.00,279269376,418369536,114090264,95883264,18123768,2904,7449760,22132800,958,11615,11615,0,0,0,0,0,0,0,0,0.062,0.067,0.000,0,0,0,11615,11615,0,0
travel,54.572,1309.9,1054.717,1054.717,fly,0.825,ok,2601,0,0,192.00,279269376,418369536,114090264,95883264,18123768,2904,7449760,22132800,958,11615,11615,0,0,0,0,0,0,0,0,0.060,0.067,0.000,0,0,0,11615,11615,0,0
travel,54.602,1310.6,1055.228,1055.228,fly,0.821,ok,2601,0,0,192.00,279269376,418369536,114090264,95883264,18123768,2904,7449760,22132800,958,11615,11615,0,0,0,0,0,0,0,0,0.061,0.070,0.000,0,0,0,11615,11615,0,0
travel,54.632,1311.3,1055.740,1055.740,fly,0.858,ok,2601,0,0,192.00,279269376,418369536,114090264,95883264,18123768,2904,7449760,22132800,958,11615,11615,0,0,0,0,0,0,0,0,0.061,0.075,0.000,0,0,0,11615,11615,0,0
travel,54.670,1312.2,1056.388,1056.388,fly,0.845,ok,2601,0,0,192.00,278781952,417845248,114090264,95883264,18123768,2904,11174640,22132800,958,11716,11716,0,0,0,0,0,0,0,0,0.061,0.067,0.000,0,0,0,11716,11716,0,0
travel,54.700,1313.0,1056.905,1056.905,fly,0.847,ok,2601,0,0,192.00,278781952,417845248,114090264,95883264,18123768,2904,11174640,22132800,958,11716,11716,0,0,0,0,0,0,0,0,0.063,0.071,0.000,0,0,0,11716,11716,0,0
travel,54.730,1313.7,1057.416,1057.416,fly,0.818,ok,2601,0,0,192.00,278781952,417845248,114090264,95883264,18123768,2904,11174640,22132800,958,11716,11716,0,0,0,0,0,0,0,0,0.062,0.064,0.000,0,0,0,11716,11716,0,0
travel,54.761,1314.4,1057.933,1057.933,fly,0.819,ok,2601,0,0,192.00,278781952,417845248,114090264,95883264,18123768,2904,11174640,22132800,958,11716,11716,0,0,0,0,0,0,0,0,0.062,0.066,0.000,0,0,0,11716,11716,0,0
travel,54.791,1315.1,1058.444,1058.444,fly,1.162,ok,2601,0,0,192.00,278781952,417845248,114090264,95883264,18123768,2904,11174640,22132800,958,11716,11716,0,0,0,0,0,0,0,0,0.157,0.115,0.000,0,0,0,11716,11716,0,0
travel,54.821,1315.9,1058.963,1058.963,fly,0.817,ok,2601,0,0,192.00,278781952,417845248,114090264,95883264,18123768,2904,11174640,22132800,958,11716,11716,0,0,0,0,0,0,0,0,0.062,0.063,0.000,0,0,0,11716,11716,0,0
travel,54.852,1316.6,1059.477,1059.477,fly,0.823,ok,2601,0,0,192.00,278781952,417845248,114090264,95883264,18123768,2904,11174640,22132800,958,11716,11716,0,0,0,0,0,0,0,0,0.064,0.066,0.000,0,0,0,11716,11716,0,0
travel,54.882,1317.3,1059.991,1059.991,fly,0.820,ok,2601,0,0,192.00,278781952,417845248,114090264,95883264,18123768,2904,7449760,22132800,958,11716,11716,0,0,0,0,0,0,0,0,0.062,0.064,0.000,0,0,0,11716,11716,0,0
travel,54.913,1318.1,1060.513,1060.513,fly,0.819,ok,2601,0,0,192.00,278781952,417845248,114090264,95883264,18123768,2904,7449760,22132800,958,11716,11716,0,0,0,0,0,0,0,0,0.065,0.064,0.000,0,0,0,11716,11716,0,0
travel,54.943,1318.8,1061.025,1061.025,fly,0.826,ok,2601,0,0,192.00,278781952,417845248,114090264,95883264,18123768,2904,7449760,22132800,958,11716,11716,0,0,0,0,0,0,0,0,0.060,0.063,0.000,0,0,0,11716,11716,0,0
travel,54.973,1319.5,1061.535,1061.535,fly,0.825,ok,2601,0,0,192.00,278781952,417845248,114090264,95883264,18123768,2904,7449760,22132800,958,11716,11716,0,0,0,0,0,0,0,0,0.063,0.066,0.000,0,0,0,11716,11716,0,0
travel,55.003,1320.2,1062.047,1062.047,fly,0.822,ok,2601,0,0,192.00,278781952,417845248,114090264,95883264,18123768,2904,7449760,22132800,958,11716,11716,0,0,0,0,0,0,0,0,0.064,0.066,0.000,0,0,0,11716,11716,0,0
travel,55.033,1321.0,1062.558,1062.558,fly,0.821,ok,2601,0,0,192.00,278781952,417845248,114090264,95883264,18123768,2904,7449760,22132800,958,11716,11716,0,0,0,0,0,0,0,0,0.062,0.065,0.000,0,0,0,11716,11716,0,0
travel,55.063,1321.7,1063.070,1063.070,fly,0.819,ok,2601,0,0,192.00,278781952,417845248,114090264,95883264,18123768,2904,7449760,22132800,958,11716,11716,0,0,0,0,0,0,0,0,0.058,0.067,0.000,0,0,0,11716,11716,0,0
travel,55.093,1322.4,1063.583,1063.583,fly,0.848,ok,2601,0,0,192.00,278781952,417845248,114090264,95883264,18123768,2904,7449760,22132800,958,11716,11716,0,0,0,0,0,0,0,0,0.065,0.071,0.000,0,0,0,11716,11716,0,0
travel,55.131,1323.3,1064.230,1064.230,fly,0.829,ok,2601,0,0,192.00,278781952,417845248,114090264,95883264,18123768,2904,11174640,22132800,958,11817,11817,0,0,0,0,0,0,0,0,0.063,0.066,0.000,0,0,0,11817,11817,0,0
travel,55.161,1324.0,1064.744,1064.744,fly,0.925,ok,2601,0,0,192.00,278781952,417845248,114090264,95883264,18123768,2904,11174640,22132800,958,11817,11817,0,0,0,0,0,0,0,0,0.144,0.061,0.000,0,0,0,11817,11817,0,0
travel,55.192,1324.8,1065.258,1065.258,fly,0.844,ok,2601,0,0,192.00,278781952,417845248,114090264,95883264,18123768,2904,11174640,22132800,958,11817,11817,0,0,0,0,0,0,0,0,0.063,0.069,0.000,0,0,0,11817,11817,0,0
travel,55.222,1325.5,1065.771,1065.771,fly,0.820,ok,2601,0,0,192.00,278781952,417845248,114090264,95883264,18123768,2904,11174640,22132800,958,11817,11817,0,0,0,0,0,0,0,0,0.063,0.063,0.000,0,0,0,11817,11817,0,0
travel,55.252,1326.2,1066.281,1066.281,fly,0.829,ok,2601,0,0,192.00,278781952,417845248,114090264,95883264,18123768,2904,11174640,22132800,958,11817,11817,0,0,0,0,0,0,0,0,0.062,0.066,0.000,0,0,0,11817,11817,0,0
travel,55.282,1326.9,1066.794,1066.794,fly,0.818,ok,2601,0,0,192.00,278781952,417845248,114090264,95883264,18123768,2904,11174640,22132800,958,11817,11817,0,0,0,0,0,0,0,0,0.062,0.065,0.000,0,0,0,11817,11817,0,0
travel,55.312,1327.7,1067.304,1067.304,fly,0.817,ok,2601,0,0,192.00,278781952,417845248,114090264,95883264,18123768,2904,11174640,22132800,958,11817,11817,0,0,0,0,0,0,0,0,0.062,0.063,0.000,0,0,0,11817,11817,0,0
travel,55.342,1328.4,1067.818,1067.818,fly,0.813,ok,2601,0,0,192.00,278781952,417845248,114090264,95883264,18123768,2904,11174640,22132800,958,11817,11817,0,0,0,0,0,0,0,0,0.062,0.063,0.000,0,0,0,11817,11817,0,0
travel,55.372,1329.1,1068.330,1068.330,fly,0.823,ok,2601,0,0,192.00,278781952,417845248,114090264,95883264,18123768,2904,7449760,22132800,958,11817,11817,0,0,0,0,0,0,0,0,0.062,0.063,0.000,0,0,0,11817,11817,0,0
travel,55.403,1329.8,1068.845,1068.845,fly,0.822,ok,2601,0,0,192.00,278781952,417845248,114090264,95883264,18123768,2904,7449760,22132800,958,11817,11817,0,0,0,0,0,0,0,0,0.066,0.067,0.000,0,0,0,11817,11817,0,0
travel,55.433,1330.6,1069.357,1069.357,fly,0.853,ok,2601,0,0,192.00,278781952,417845248,114090264,95883264,18123768,2904,7449760,22132800,958,11817,11817,0,0,0,0,0,0,0,0,0.062,0.069,0.000,0,0,0,11817,11817,0,0
travel,55.463,1331.3,1069.872,1069.872,fly,0.817,ok,2601,0,0,192.00,278781952,417845248,114090264,95883264,18123768,2904,7449760,22132800,958,11817,11817,0,0,0,0,0,0,0,0,0.062,0.062,0.000,0,0,0,11817,11817,0,0
travel,55.493,1332.0,1070.382,1070.382,fly,0.823,ok,2601,0,0,192.00,278781952,417845248,114090264,95883264,18123768,2904,7449760,22132800,958,11817,11817,0,0,0,0,0,0,0,0,0.061,0.070,0.000,0,0,0,11817,11817,0,0
travel,55.524,1332.8,1070.899,1070.899,fly,0.948,ok,2601,0,0,192.00,278781952,417845248,114090264,95883264,18123768,2904,7449760,22132800,958,11817,11817,0,0,0,0,0,0,0,0,0.070,0.110,0.000,0,0,0,11817,11817,0,0
travel,55.554,1333.5,1071.416,1071.416,fly,1.393,ok,2601,0,0,192.00,278781952,417845248,114090264,95883264,18123768,2904,7449760,22132800,958,11817,11817,0,0,0,0,0,0,0,0,0.142,0.087,0.000,0,0,0,11817,11817,0,0
travel,55.585,1334.2,1071.936,1071.936,fly,0.858,ok,2601,0,0,192.00,278781952,417845248,114090264,95883264,18123768,2904,7449760,22132800,958,11817,11817,0,0,0,0,0,0,0,0,0.062,0.073,0.000,0,0,0,11817,11817,0,0
travel,55.623,1335.1,1072.583,1072.583,fly,0.823,ok,2601,0,0,192.00,279150592,418369536,114090264,95883264,18123768,2904,11174640,22132800,958,11918,11918,0,0,0,0,0,0,0,0,0.062,0.065,0.000,0,0,0,11918,11918,0,0
travel,55.653,1335.9,1073.099,1073.099,fly,0.860,ok,2601,0,0,192.00,279150592,418369536,114090264,95883264,18123768,2904,11174640,22132800,958,11918,11918,0,0,0,0,0,0,0,0,0.063,0.074,0.000,0,0,0,11918,11918,0,0
travel,55.683,1336.6,1073.610,1073.610,fly,0.828,ok,2601,0,0,192.00,279150592,418369536,114090264,95883264,18123768,2904,11174640,22132800,958,11918,11918,0,0,0,0,0,0,0,0,0.062,0.069,0.000,0,0,0,11918,11918,0,0
travel,55.713,1337.3,1074.128,1074.128,fly,0.815,ok,2601,0,0,192.00,279154688,418369536,114090264,95883264,18123768,2904,11174640,22132800,958,11918,11918,0,0,0,0,0,0,0,0,0.062,0.066,0.000,0,0,0,11918,11918,0,0
travel,55.743,1338.0,1074.639,1074.639,fly,0.841,ok,2601,0,0,192.00,279154688,418369536,114090264,95883264,18123768,2904,11174640,22132800,958,11918,11918,0,0,0,0,0,0,0,0,0.064,0.070,0.000,0,0,0,11918,11918,0,0
travel,55.774,1338.8,1075.151,1075.151,fly,0.830,ok,2601,0,0,192.00,279154688,418369536,114090264,95883264,18123768,2904,11174640,22132800,958,11918,11918,0,0,0,0,0,0,0,0,0.062,0.063,0.000,0,0,0,11918,11918,0,0
travel,55.804,1339.5,1075.661,1075.661,fly,0.825,ok,2601,0,0,192.00,279154688,418369536,114090264,95883264,18123768,2904,11174640,22132800,958,11918,11918,0,0,0,0,0,0,0,0,0.062,0.062,0.000,0,0,0,11918,11918,0,0
travel,55.834,1340.2,1076.178,1076.178,fly,0.831,ok,2601,0,0,192.00,279154688,418369536,114090264,95883264,18123768,2904,7449760,22132800,958,11918,11918,0,0,0,0,0,0,0,0,0.062,0.066,0.000,0,0,0,11918,11918,0,0
travel,55.864,1340.9,1076.692,1076.692,fly,0.824,ok,2601,0,0,192.00,279154688,418369536,114090264,95883264,18123768,2904,7449760,22132800,958,11918,11918,0,0,0,0,0,0,0,0,0.062,0.066,0.000,0,0,0,11918,11918,0,0
travel,55.894,1341.7,1077.204,1077.204,fly,0.817,ok,2601,0,0,192.00,279154688,418369536,114090264,95883264,18123768,2904,7449760,22132800,958,11918,11918,0,0,0,0,0,0,0,0,0.061,0.062,0.000,0,0,0,11918,11918,0,0
travel,55.925,1342.4,1077.726,1077.726,fly,0.842,ok,2601,0,0,192.00,279154688,418369536,114090264,95883264,18123768,2904,7449760,22132800,958,11918,11918,0,0,0,0,0,0,0,0,0.063,0.073,0.000,0,0,0,11918,11918,0,0
travel,55.955,1343.1,1078.241,1078.241,fly,0.816,ok,2601,0,0,192.00,279154688,418369536,114090264,95883264,18123768,2904,7449760,22132800,958,11918,11918,0,0,0,0,0,0,0,0,0.062,0.063,0.000,0,0,0,11918,11918,0,0
travel,55.986,1343.9,1078.755,1078.755,fly,0.850,ok,2601,0,0,192.00,279154688,418369536,114090264,95883264,18123768,2904,7449760,22132800,958,11918,11918,0,0,0,0,0,0,0,0,0.061,0.071,0.000,0,0,0,11918,11918,0,0
travel,56.016,1344.6,1079.266,1079.266,fly,0.845,ok,2601,0,0,192.00,279154688,418369536,114090264,95883264,18123768,2904,7449760,22132800,958,11918,11918,0,0,0,0,0,0,0,0,0.061,0.069,0.000,0,0,0,11918,11918,0,0
travel,56.046,1345.3,1079.780,1079.780,fly,0.810,ok,2601,0,0,192.00,279154688,418369536,114090264,95883264,18123768,2904,7449760,22132800,958,11918,11918,0,0,0,0,0,0,0,0,0.060,0.065,0.000,0,0,0,11918,11918,0,0
travel,56.084,1346.2,1080.428,1080.428,fly,0.831,ok,2601,0,0,192.00,279633920,418893824,114090264,95883264,18123768,2904,11174640,22132800,958,12019,12019,0,0,0,0,0,0,0,0,0.068,0.067,0.000,0,0,0,12019,12019,0,0
travel,56.114,1347.0,1080.939,1080.939,fly,1.206,ok,2601,0,0,192.00,279633920,418893824,114090264,95883264,18123768,2904,11174640,22132800,958,12019,12019,0,0,0,0,0,0,0,0,0.434,0.068,0.000,0,0,0,12019,12019,0,0
travel,56.144,1347.7,1081.453,1081.453,fly,0.846,ok,2601,0,0,192.00,279633920,418893824,114090264,95883264,18123768,2904,11174640,22132800,958,12019,12019,0,0,0,0,0,0,0,0,0.063,0.070,0.000,0,0,0,12019,12019,0,0
travel,56.175,1348.4,1081.969,1081.969,fly,0.819,ok,2601,0,0,192.00,279633920,418893824,114090264,95883264,18123768,2904,11174640,22132800,958,12019,12019,0,0,0,0,0,0,0,0,0.063,0.066,0.000,0,0,0,12019,12019,0,0
travel,56.205,1349.1,1082.480,1082.480,fly,0.807,ok,2601,0,0,192.00,279633920,418893824,114090264,95883264,18123768,2904,11174640,22132800,958,12019,12019,0,0,0,0,0,0,0,0,0.062,0.069,0.000,0,0,0,12019,12019,0,0
travel,56.235,1349.9,1083.000,1083.000,fly,0.827,ok,2601,0,0,192.00,279633920,418893824,114090264,95883264,18123768,2904,11174640,22132800,958,12019,12019,0,0,0,0,0,0,0,0,0.062,0.066,0.000,0,0,0,12019,12019,0,0
travel,56.266,1350.6,1083.513,1083.513,fly,0.932,ok,2601,0,0,192.00,279633920,418893824,114090264,95883264,18123768,2904,11174640,22132800,958,12019,12019,0,0,0,0,0,0,0,0,0.068,0.155,0.000,0,0,0,12019,12019,0,0
travel,56.296,1351.3,1084.024,1084.024,fly,0.817,ok,2601,0,0,192.00,279633920,418893824,114090264,95883264,18123768,2904,7449760,22132800,958,12019,12019,0,0,0,0,0,0,0,0,0.062,0.063,0.000,0,0,0,12019,12019,0,0
travel,56.326,1352.0,1084.536,1084.536,fly,0.827,ok,2601,0,0,192.00,279633920,418893824,114090264,95883264,18123768,2904,7449760,22132800,958,12019,12019,0,0,0,0,0,0,0,0,0.060,0.073,0.000,0,0,0,12019,12019,0,0
travel,56.356,1352.8,1085.052,1085.052,fly,0.817,ok,2601,0,0,192.00,279633920,418893824,114090264,95883264,18123768,2904,7449760,22132800,958,12019,12019,0,0,0,0,0,0,0,0,0.062,0.067,0.000,0,0,0,12019,12019,0,0
travel,56.386,1353.5,1085.562,1085.562,fly,0.828,ok,2601,0,0,192.00,279633920,418893824,114090264,95883264,18123768,2904,7449760,22132800,958,12019,12019,0,0,0,0,0,0,0,0,0.061,0.071,0.000,0,0,0,12019,12019,0,0
travel,56.416,1354.2,1086.080,1086.080,fly,0.843,ok,2601,0,0,192.00,279633920,418893824,114090264,95883264,18123768,2904,7449760,22132800,958,12019,12019,0,0,0,0,0,0,0,0,0.062,0.070,0.000,0,0,0,12019,12019,0,0
travel,56.447,1354.9,1086.592,1086.592,fly,0.918,ok,2601,0,0,192.00,279633920,418893824,114090264,95883264,18123768,2904,7449760,22132800,958,12019,12019,0,0,0,0,0,0,0,0,0.146,0.066,0.000,0,0,0,12019,12019,0,0
travel,56.477,1355.7,1087.103,1087.103,fly,0.814,ok,2601,0,0,192.00,279633920,418893824,114090264,95883264,18123768,2904,7449760,22132800,958,12019,12019,0,0,0,0,0,0,0,0,0.061,0.065,0.000,0,0,0,12019,12019,0,0
travel,56.507,1356.4,1087.615,1087.615,fly,0.979,ok,2601,0,0,192.00,279633920,418893824,114090264,95883264,18123768,2904,7449760,22132800,958,12019,12019,0,0,0,0,0,0,0,0,0.071,0.111,0.000,0,0,0,12019,12019,0,0
travel,56.544,1357.3,1088.256,1088.256,fly,0.865,ok,2601,0,0,192.00,279670784,418893824,114090264,95883264,18123768,2904,11174640,22132800,958,12120,12120,0,0,0,0,0,0,0,0,0.065,0.071,0.000,0,0,0,12120,12120,0,0
travel,56.575,1358.0,1088.770,1088.770,fly,0.812,ok,2601,0,0,192.00,279670784,418893824,114090264,95883264,18123768,2904,11174640,22132800,958,12120,12120,0,0,0,0,0,0,0,0,0.061,0.061,0.000,0,0,0,12120,12120,0,0
travel,56.605,1358.8,1089.283,1089.283,fly,0.823,ok,2601,0,0,192.00,279670784,418893824,114090264,95883264,18123768,2904,11174640,22132800,958,12120,12120,0,0,0,0,0,0,0,0,0.063,0.066,0.000,0,0,0,12120,12120,0,0
travel,56.635,1359.5,1089.793,1089.793,fly,0.914,ok,2601,0,0,192.00,279670784,418893824,114090264,95883264,18123768,2904,11174640,22132800,958,12120,12120,0,0,0,0,0,0,0,0,0.071,0.106,0.000,0,0,0,12120,12120,0,0
travel,56.665,1360.2,1090.305,1090.305,fly,0.804,ok,2601,0,0,192.00,279670784,418893824,114090264,95883264,18123768,2904,11174640,22132800,958,12120,12120,0,0,0,0,0,0,0,0,0.062,0.063,0.000,0,0,0,12120,12120,0,0
travel,56.695,1360.9,1090.816,1090.816,fly,0.852,ok,2601,0,0,192.00,279670784,418893824,114090264,95883264,18123768,2904,11174640,22132800,958,12120,12120,0,0,0,0,0,0,0,0,0.063,0.069,0.000,0,0,0,12120,12120,0,0
travel,56.726,1361.7,1091.338,1091.338,fly,0.866,ok,2601,0,0,192.00,279670784,418893824,114090264,95883264,18123768,2904,11174640,22132800,958,12120,12120,0,0,0,0,0,0,0,0,0.065,0.071,0.000,0,0,0,12120,12120,0,0
travel,56.756,1362.4,1091.849,1091.849,fly,0.905,ok,2601,0,0,192.00,279670784,418893824,114090264,95883264,18123768,2904,7449760,22132800,958,12120,12120,0,0,0,0,0,0,0,0,0.142,0.061,0.000,0,0,0,12120,12120,0,0
travel,56.786,1363.1,1092.362,1092.362,fly,0.831,ok,2601,0,0,192.00,279670784,418893824,114090264,95883264,18123768,2904,7449760,22132800,958,12120,12120,0,0,0,0,0,0,0,0,0.061,0.073,0.000,0,0,0,12120,12120,0,0
travel,56.816,1363.8,1092.877,1092.877,fly,0.850,ok,2601,0,0,192.00,279670784,418893824,114090264,95883264,18123768,2904,7449760,22132800,958,12120,12120,0,0,0,0,0,0,0,0,0.063,0.074,0.000,0,0,0,12120,12120,0,0
travel,56.846,1364.6,1093.387,1093.387,fly,0.816,ok,2601,0,0,192.00,279670784,418893824,114090264,95883264,18123768,2904,7449760,22132800,958,12120,12120,0,0,0,0,0,0,0,0,0.062,0.061,0.000,0,0,0,12120,12120,0,0
travel,56.877,1365.3,1093.903,1093.903,fly,0.820,ok,2601,0,0,192.00,279670784,418893824,114090264,95883264,18123768,2904,7449760,22132800,958,12120,12120,0,0,0,0,0,0,0,0,0.062,0.064,0.000,0,0,0,12120,12120,0,0
travel,56.907,1366.0,1094.414,1094.414,fly,0.822,ok,2601,0,0,192.00,279670784,418893824,114090264,95883264,18123768,2904,7449760,22132800,958,12120,12120,0,0,0,0,0,0,0,0,0.061,0.070,0.000,0,0,0,12120,12120,0,0
travel,56.937,1366.7,1094.927,1094.927,fly,0.840,ok,2601,0,0,192.00,279670784,418893824,114090264,95883264,18123768,2904,7449760,22132800,958,12120,12120,0,0,0,0,0,0,0,0,0.062,0.067,0.000,0,0,0,12120,12120,0,0
travel,56.967,1367.5,1095.437,1095.437,fly,0.829,ok,2601,0,0,192.00,279670784,418893824,114090264,95883264,18123768,2904,7449760,22132800,958,12120,12120,0,0,0,0,0,0,0,0,0.062,0.070,0.000,0,0,0,12120,12120,0,0
travel,56.997,1368.2,1095.956,1095.956,fly,0.817,ok,2601,0,0,192.00,279670784,418893824,114090264,95883264,18123768,2904,7449760,22132800,958,12120,12120,0,0,0,0,0,0,0,0,0.061,0.064,0.000,0,0,0,12120,12120,0,0
travel,57.040,1369.2,1096.673,1096.673,fly,0.822,ok,2601,0,0,192.00,280195072,419418112,114090264,95883264,18123768,2904,11174640,22132800,958,12221,12221,0,0,0,0,0,0,0,0,0.063,0.064,0.000,0,0,0,12221,12221,0,0
travel,57.070,1369.9,1097.198,1097.198,fly,0.865,ok,2601,0,0,192.00,280195072,419418112,114090264,95883264,18123768,2904,11174640,22132800,958,12221,12221,0,0,0,0,0,0,0,0,0.064,0.085,0.000,0,0,0,12221,12221,0,0
travel,57.101,1370.7,1097.718,1097.718,fly,0.827,ok,2601,0,0,192.00,280195072,419418112,114090264,95883264,18123768,2904,11174640,22132800,958,12221,12221,0,0,0,0,0,0,0,0,0.063,0.069,0.000,0,0,0,12221,12221,0,0
travel,57.131,1371.4,1098.230,1098.230,fly,0.838,ok,2601,0,0,192.00,280195072,419418112,114090264,95883264,18123768,2904,11174640,22132800,958,12221,12221,0,0,0,0,0,0,0,0,0.063,0.065,0.000,0,0,0,12221,12221,0,0
travel,57.161,1372.1,1098.742,1098.742,fly,0.855,ok,2601,0,0,192.00,280195072,419418112,114090264,95883264,18123768,2904,11174640,22132800,958,12221,12221,0,0,0,0,0,0,0,0,0.064,0.071,0.000,0,0,0,12221,12221,0,0
travel,57.192,1372.9,1099.260,1099.260,fly,0.826,ok,2601,0,0,192.00,280195072,419418112,114090264,95883264,18123768,2904,11174640,22132800,958,12221,12221,0,0,0,0,0,0,0,0,0.063,0.067,0.000,0,0,0,12221,12221,0,0
travel,57.222,1373.6,1099.775,1099.775,fly,0.825,ok,2601,0,0,192.00,280195072,419418112,114090264,95883264,18123768,2904,7449760,22132800,958,12221,12221,0,0,0,0,0,0,0,0,0.063,0.063,0.000,0,0,0,12221,12221,0,0
travel,57.252,1374.3,1100.286,1100.286,fly,0.834,ok,2601,0,0,192.00,280195072,419418112,114090264,95883264,18123768,2904,7449760,22132800,958,12221,12221,0,0,0,0,0,0,0,0,0.061,0.067,0.000,0,0,0,12221,12221,0,0
travel,57.282,1375.0,1100.802,1100.802,fly,0.827,ok,2601,0,0,192.00,280195072,419418112,114090264,95883264,18123768,2904,7449760,22132800,958,12221,12221,0,0,0,0,0,0,0,0,0.061,0.066,0.000,0,0,0,12221,12221,0,0
travel,57.312,1375.8,1101.312,1101.312,fly,0.826,ok,2601,0,0,192.00,280195072,419418112,114090264,95883264,18123768,2904,7449760,22132800,958,12221,12221,0,0,0,0,0,0,0,0,0.061,0.065,0.000,0,0,0,12221,12221,0,0
travel,57.343,1376.5,1101.825,1101.825,fly,0.912,ok,2601,0,0,192.00,280195072,419418112,114090264,95883264,18123768,2904,7449760,22132800,958,12221,12221,0,0,0,0,0,0,0,0,0.070,0.110,0.000,0,0,0,12221,12221,0,0
travel,57.373,1377.2,1102.337,1102.337,fly,0.814,ok,2601,0,0,192.00,280195072,419418112,114090264,95883264,18123768,2904,7449760,22132800,958,12221,12221,0,0,0,0,0,0,0,0,0.062,0.062,0.000,0,0,0,12221,12221,0,0
travel,57.403,1378.0,1102.859,1102.859,fly,0.830,ok,2601,0,0,192.00,280195072,419418112,114090264,95883264,18123768,2904,7449760,22132800,958,12221,12221,0,0,0,0,0,0,0,0,0.065,0.065,0.000,0,0,0,12221,12221,0,0
travel,57.433,1378.7,1103.370,1103.370,fly,0.945,ok,2601,0,0,192.00,280195072,419418112,114090264,95883264,18123768,2904,7449760,22132800,958,12221,12221,0,0,0,0,0,0,0,0,0.072,0.108,0.000,0,0,0,12221,12221,0,0
travel,57.464,1379.4,1103.884,1103.884,fly,0.819,ok,2601,0,0,192.00,280195072,419418112,114090264,95883264,18123768,2904,7449760,22132800,958,12221,12221,0,0,0,0,0,0,0,0,0.061,0.064,0.000,0,0,0,12221,12221,0,0
travel,57.502,1380.3,1104.535,1104.535,fly,0.831,ok,2601,0,0,192.00,280719360,419942400,114090264,95883264,18123768,2904,11174640,22132800,958,12322,12322,0,0,0,0,0,0,0,0,0.062,0.065,0.000,0,0,0,12322,12322,0,0
travel,57.532,1381.0,1105.049,1105.049,fly,0.915,ok,2601,0,0,192.00,280719360,419942400,114090264,95883264,18123768,2904,11174640,22132800,958,12322,12322,0,0,0,0,0,0,0,0,0.147,0.066,0.000,0,0,0,12322,12322,0,0
travel,57.562,1381.8,1105.562,1105.562,fly,0.835,ok,2601,0,0,192.00,280719360,419942400,114090264,95883264,18123768,2904,11174640,22132800,958,12322,12322,0,0,0,0,0,0,0,0,0.061,0.069,0.000,0,0,0,12322,12322,0,0
travel,57.593,1382.5,1106.074,1106.074,fly,0.827,ok,2601,0,0,192.00,280719360,419942400,114090264,95883264,18123768,2904,11174640,22132800,958,12322,12322,0,0,0,0,0,0,0,0,0.062,0.064,0.000,0,0,0,12322,12322,0,0
travel,57.623,1383.2,1106.589,1106.589,fly,0.823,ok,2601,0,0,192.00,280719360,419942400,114090264,95883264,18123768,2904,11174640,22132800,958,12322,12322,0,0,0,0,0,0,0,0,0.063,0.063,0.000,0,0,0,12322,12322,0,0
travel,57.653,1384.0,1107.102,1107.102,fly,0.851,ok,2601,0,0,192.00,280719360,419942400,114090264,95883264,18123768,2904,11174640,22132800,958,12322,12322,0,0,0,0,0,0,0,0,0.063,0.071,0.000,0,0,0,12322,12322,0,0
travel,57.683,1384.7,1107.613,1107.613,fly,0.819,ok,2601,0,0,192.00,280719360,419942400,114090264,95883264,18123768,2904,11174640,22132800,958,12322,12322,0,0,0,0,0,0,0,0,0.062,0.062,0.000,0,0,0,12322,12322,0,0
travel,57.713,1385.4,1108.126,1108.126,fly,0.834,ok,2601,0,0,192.00,280719360,419942400,114090264,95883264,18123768,2904,7449760,22132800,958,12322,12322,0,0,0,0,0,0,0,0,0.061,0.066,0.000,0,0,0,12322,12322,0,0
travel,57.743,1386.1,1108.638,1108.638,fly,0.822,ok,2601,0,0,192.00,280719360,419942400,114090264,95883264,18123768,2904,7449760,22132800,958,12322,12322,0,0,0,0,0,0,0,0,0.061,0.063,0.000,0,0,0,12322,12322,0,0
travel,57.774,1386.9,1109.153,1109.153,fly,0.828,ok,2601,0,0,192.00,280719360,419942400,114090264,95883264,18123768,2904,7449760,22132800,958,12322,12322,0,0,0,0,0,0,0,0,0.062,0.066,0.000,0,0,0,12322,12322,0,0
travel,57.804,1387.6,1109.666,1109.666,fly,0.832,ok,2601,0,0,192.00,280719360,419942400,114090264,95883264,18123768,2904,7449760,22132800,958,12322,12322,0,0,0,0,0,0,0,0,0.062,0.069,0.000,0,0,0,12322,12322,0,0
travel,57.834,1388.3,1110.181,1110.181,fly,0.827,ok,2601,0,0,192.00,280719360,419942400,114090264,95883264,18123768,2904,7449760,22132800,958,12322,12322,0,0,0,0,0,0,0,0,0.062,0.066,0.000,0,0,0,12322,12322,0,0
travel,57.864,1389.0,1110.697,1110.697,fly,0.824,ok,2601,0,0,192.00,280719360,419942400,114090264,95883264,18123768,2904,7449760,22132800,958,12322,12322,0,0,0,0,0,0,0,0,0.062,0.066,0.000,0,0,0,12322,12322,0,0
travel,57.894,1389.8,1111.207,1111.207,fly,0.828,ok,2601,0,0,192.00,280719360,419942400,114090264,95883264,18123768,2904,7449760,22132800,958,12322,12322,0,0,0,0,0,0,0,0,0.061,0.066,0.000,0,0,0,12322,12322,0,0
travel,57.925,1390.5,1111.721,1111.721,fly,0.836,ok,2601,0,0,192.00,280719360,419942400,114090264,95883264,18123768,2904,7449760,22132800,958,12322,12322,0,0,0,0,0,0,0,0,0.064,0.068,0.000,0,0,0,12322,12322,0,0
travel,57.962,1391.4,1112.364,1112.364,fly,0.827,ok,2601,0,0,192.00,281243648,420466688,114090264,95883264,18123768,2904,11174640,22132800,958,12423,12423,0,0,0,0,0,0,0,0,0.061,0.065,0.000,0,0,0,12423,12423,0,0
travel,57.993,1392.1,1112.877,1112.877,fly,0.824,ok,2601,0,0,192.00,281243648,420466688,114090264,95883264,18123768,2904,11174640,22132800,958,12423,12423,0,0,0,0,0,0,0,0,0.061,0.065,0.000,0,0,0,12423,12423,0,0
travel,58.023,1392.9,1113.395,1113.395,fly,0.832,ok,2601,0,0,192.00,281243648,420466688,114090264,95883264,18123768,2904,11174640,22132800,958,12423,12423,0,0,0,0,0,0,0,0,0.062,0.064,0.000,0,0,0,12423,12423,0,0
travel,58.053,1393.6,1113.908,1113.908,fly,0.859,ok,2601,0,0,192.00,281243648,420466688,114090264,95883264,18123768,2904,11174640,22132800,958,12423,12423,0,0,0,0,0,0,0,0,0.063,0.072,0.000,0,0,0,12423,12423,0,0
travel,58.083,1394.3,1114.419,1114.419,fly,0.825,ok,2601,0,0,192.00,281243648,420466688,114090264,95883264,18123768,2904,11174640,22132800,958,12423,12423,0,0,0,0,0,0,0,0,0.061,0.065,0.000,0,0,0,12423,12423,0,0
travel,58.113,1395.0,1114.929,1114.929,fly,0.852,ok,2601,0,0,192.00,281243648,420466688,114090264,95883264,18123768,2904,11174640,22132800,958,12423,12423,0,0,0,0,0,0,0,0,0.061,0.089,0.000,0,0,0,12423,12423,0,0
travel,58.144,1395.7,1115.444,1115.444,fly,0.902,ok,2601,0,0,192.00,281243648,420466688,114090264,95883264,18123768,2904,11174640,22132800,958,12423,12423,0,0,0,0,0,0,0,0,0.064,0.075,0.000,0,0,0,12423,12423,0,0
travel,58.174,1396.5,1115.955,1115.955,fly,0.899,ok,2601,0,0,192.00,281243648,420466688,114090264,95883264,18123768,2904,7449760,22132800,958,12423,12423,0,0,0,0,0,0,0,0,0.132,0.064,0.000,0,0,0,12423,12423,0,0
travel,58.204,1397.2,1116.468,1116.468,fly,0.956,ok,2601,0,0,192.00,281309184,420466688,114090264,95883264,18123768,2904,7449760,22132800,958,12423,12423,0,0,0,0,0,0,0,0,0.065,0.093,0.000,0,0,0,12423,12423,0,0
travel,58.235,1397.9,1116.994,1116.994,fly,0.886,ok,2601,0,0,192.00,281309184,420466688,114090264,95883264,18123768,2904,7449760,22132800,958,12423,12423,0,0,0,0,0,0,0,0,0.062,0.076,0.000,0,0,0,12423,12423,0,0
travel,58.265,1398.7,1117.507,1117.507,fly,0.829,ok,2601,0,0,192.00,281309184,420466688,114090264,95883264,18123768,2904,7449760,22132800,958,12423,12423,0,0,0,0,0,0,0,0,0.062,0.066,0.000,0,0,0,12423,12423,0,0
travel,58.296,1399.4,1118.033,1118.033,fly,0.819,ok,2601,0,0,192.00,281309184,420466688,114090264,95883264,18123768,2904,7449760,22132800,958,12423,12423,0,0,0,0,0,0,0,0,0.061,0.065,0.000,0,0,0,12423,12423,0,0
travel,58.326,1400.1,1118.547,1118.547,fly,0.829,ok,2601,0,0,192.00,281309184,420466688,114090264,95883264,18123768,2904,7449760,22132800,958,12423,12423,0,0,0,0,0,0,0,0,0.061,0.067,0.000,0,0,0,12423,12423,0,0
travel,58.356,1400.9,1119.061,1119.061,fly,0.830,ok,2601,0,0,192.00,281309184,420466688,114090264,95883264,18123768,2904,7449760,22132800,958,12423,12423,0,0,0,0,0,0,0,0,0.063,0.067,0.000,0,0,0,12423,12423,0,0
travel,58.387,1401.6,1119.575,1119.575,fly,0.824,ok,2601,0,0,192.00,281309184,420466688,114090264,95883264,18123768,2904,7449760,22132800,958,12423,12423,0,0,0,0,0,0,0,0,0.062,0.066,0.000,0,0,0,12423,12423,0,0
travel,58.425,1402.5,1120.222,1120.222,fly,0.850,ok,2601,0,0,192.00,281833472,420990976,114090264,95883264,18123768,2904,11174640,22132800,958,12524,12524,0,0,0,0,0,0,0,0,0.062,0.068,0.000,0,0,0,12524,12524,0,0
travel,58.455,1403.2,1120.735,1120.735,fly,0.830,ok,2601,0,0,192.00,281833472,420990976,114090264,95883264,18123768,2904,11174640,22132800,958,12524,12524,0,0,0,0,0,0,0,0,0.062,0.067,0.000,0,0,0,12524,12524,0,0
travel,58.485,1404.0,1121.245,1121.245,fly,0.857,ok,2601,0,0,192.00,281833472,420990976,114090264,95883264,18123768,2904,11174640,22132800,958,12524,12524,0,0,0,0,0,0,0,0,0.063,0.071,0.000,0,0,0,12524,12524,0,0
travel,58.515,1404.7,1121.756,1121.756,fly,0.825,ok,2601,0,0,192.00,281833472,420990976,114090264,95883264,18123768,2904,11174640,22132800,958,12524,12524,0,0,0,0,0,0,0,0,0.061,0.063,0.000,0,0,0,12524,12524,0,0
travel,58.545,1405.4,1122.267,1122.267,fly,0.827,ok,2601,0,0,192.00,281833472,420990976,114090264,95883264,18123768,2904,11174640,22132800,958,12524,12524,0,0,0,0,0,0,0,0,0.061,0.066,0.000,0,0,0,12524,12524,0,0
travel,58.575,1406.1,1122.779,1122.779,fly,1.072,ok,2601,0,0,192.00,281833472,420990976,114090264,95883264,18123768,2904,11174640,22132800,958,12524,12524,0,0,0,0,0,0,0,0,0.278,0.069,0.000,0,0,0,12524,12524,0,0
travel,58.608,1406.9,1123.342,1123.342,fly,1.036,ok,2601,0,0,192.00,281833472,420990976,114090264,95883264,18123768,2904,11174640,22132800,958,12524,12524,0,0,0,0,0,0,0,0,0.075,0.187,0.000,0,0,0,12524,12524,0,0
travel,58.639,1407.6,1123.858,1123.858,fly,0.815,ok,2601,0,0,192.00,281833472,420990976,114090264,95883264,18123768,2904,7449760,22132800,958,12524,12524,0,0,0,0,0,0,0,0,0.061,0.066,0.000,0,0,0,12524,12524,0,0
travel,58.669,1408.4,1124.368,1124.368,fly,0.809,ok,2601,0,0,192.00,281833472,420990976,114090264,95883264,18123768,2904,7449760,22132800,958,12524,12524,0,0,0,0,0,0,0,0,0.061,0.064,0.000,0,0,0,12524,12524,0,0
travel,58.699,1409.1,1124.878,1124.878,fly,0.811,ok,2601,0,0,192.00,281833472,420990976,114090264,95883264,18123768,2904,7449760,22132800,958,12524,12524,0,0,0,0,0,0,0,0,0.061,0.065,0.000,0,0,0,12524,12524,0,0
travel,58.729,1409.8,1125.400,1125.400,fly,0.838,ok,2601,0,0,192.00,281833472,420990976,114090264,95883264,18123768,2904,7449760,22132800,958,12524,12524,0,0,0,0,0,0,0,0,0.060,0.068,0.000,0,0,0,12524,12524,0,0
travel,58.760,1410.6,1125.916,1125.916,fly,0.825,ok,2601,0,0,192.00,281833472,420990976,114090264,95883264,18123768,2904,7449760,22132800,958,12524,12524,0,0,0,0,0,0,0,0,0.062,0.067,0.000,0,0,0,12524,12524,0,0
travel,58.790,1411.3,1126.428,1126.428,fly,0.824,ok,2601,0,0,192.00,281833472,420990976,114090264,95883264,18123768,2904,7449760,22132800,958,12524,12524,0,0,0,0,0,0,0,0,0.061,0.065,0.000,0,0,0,12524,12524,0,0
travel,58.820,1412.0,1126.946,1126.946,fly,0.823,ok,2601,0,0,192.00,281833472,420990976,114090264,95883264,18123768,2904,7449760,22132800,958,12524,12524,0,0,0,0,0,0,0,0,0.061,0.064,0.000,0,0,0,12524,12524,0,0
travel,58.851,1412.7,1127.462,1127.462,fly,0.984,ok,2601,0,0,192.00,281833472,420990976,114090264,95883264,18123768,2904,7449760,22132800,958,12524,12524,0,0,0,0,0,0,0,0,0.142,0.088,0.000,0,0,0,12524,12524,0,0
travel,58.881,1413.5,1127.976,1127.976,fly,0.806,ok,2601,0,0,192.00,281833472,420990976,114090264,95883264,18123768,2904,7449760,22132800,958,12524,12524,0,0,0,0,0,0,0,0,0.061,0.065,0.000,0,0,0,12524,12524,0,0
travel,58.919,1414.4,1128.621,1128.621,fly,0.808,ok,2601,0,0,192.00,281309184,420466688,114090264,95883264,18123768,2904,11174640,22132800,958,12625,12625,0,0,0,0,0,0,0,0,0.062,0.066,0.000,0,0,0,12625,12625,0,0
travel,58.949,1415.1,1129.132,1129.132,fly,0.808,ok,2601,0,0,192.00,281309184,420466688,114090264,95883264,18123768,2904,11174640,22132800,958,12625,12625,0,0,0,0,0,0,0,0,0.062,0.066,0.000,0,0,0,12625,12625,0,0
travel,58.979,1415.8,1129.645,1129.645,fly,0.897,ok,2601,0,0,192.00,281309184,420466688,114090264,95883264,18123768,2904,11174640,22132800,958,12625,12625,0,0,0,0,0,0,0,0,0.064,0.077,0.000,0,0,0,12625,12625,0,0
travel,59.009,1416.6,1130.159,1130.159,fly,0.848,ok,2601,0,0,192.00,281309184,420466688,114090264,95883264,18123768,2904,11174640,22132800,958,12625,12625,0,0,0,0,0,0,0,0,0.062,0.069,0.000,0,0,0,12625,12625,0,0
travel,59.039,1417.3,1130.670,1130.670,fly,0.830,ok,2601,0,0,192.00,281309184,420466688,114090264,95883264,18123768,2904,11174640,22132800,958,12625,12625,0,0,0,0,0,0,0,0,0.062,0.064,0.000,0,0,0,12625,12625,0,0
travel,59.069,1418.0,1131.182,1131.182,fly,0.858,ok,2601,0,0,192.00,281309184,420466688,114090264,95883264,18123768,2904,11174640,22132800,958,12625,12625,0,0,0,0,0,0,0,0,0.063,0.072,0.000,0,0,0,12625,12625,0,0
travel,59.099,1418.7,1131.692,1131.692,fly,0.831,ok,2601,0,0,192.00,281309184,420466688,114090264,95883264,18123768,2904,7449760,22132800,958,12625,12625,0,0,0,0,0,0,0,0,0.062,0.066,0.000,0,0,0,12625,12625,0,0
travel,59.130,1419.5,1132.206,1132.206,fly,0.825,ok,2601,0,0,192.00,281309184,420466688,114090264,95883264,18123768,2904,7449760,22132800,958,12625,12625,0,0,0,0,0,0,0,0,0.061,0.064,0.000,0,0,0,12625,12625,0,0
travel,59.160,1420.2,1132.720,1132.720,fly,1.117,ok,2601,0,0,192.00,281309184,420466688,114090264,95883264,18123768,2904,7449760,22132800,958,12625,12625,0,0,0,0,0,0,0,0,0.327,0.070,0.000,0,0,0,12625,12625,0,0
travel,59.190,1420.9,1133.239,1133.239,fly,0.820,ok,2601,0,0,192.00,281309184,420466688,114090264,95883264,18123768,2904,7449760,22132800,958,12625,12625,0,0,0,0,0,0,0,0,0.061,0.062,0.000,0,0,0,12625,12625,0,0
travel,59.220,1421.6,1133.751,1133.751,fly,0.841,ok,2601,0,0,192.00,281309184,420466688,114090264,95883264,18123768,2904,7449760,22132800,958,12625,12625,0,0,0,0,0,0,0,0,0.062,0.066,0.000,0,0,0,12625,12625,0,0
travel,59.251,1422.4,1134.265,1134.265,fly,0.846,ok,2601,0,0,192.00,281309184,420466688,114090264,95883264,18123768,2904,7449760,22132800,958,12625,12625,0,0,0,0,0,0,0,0,0.062,0.067,0.000,0,0,0,12625,12625,0,0
travel,59.281,1423.1,1134.775,1134.775,fly,0.823,ok,2601,0,0,192.00,281309184,420466688,114090264,95883264,18123768,2904,7449760,22132800,958,12625,12625,0,0,0,0,0,0,0,0,0.061,0.063,0.000,0,0,0,12625,12625,0,0
travel,59.311,1423.8,1135.286,1135.286,fly,0.828,ok,2601,0,0,192.00,281309184,420466688,114090264,95883264,18123768,2904,7449760,22132800,958,12625,12625,0,0,0,0,0,0,0,0,0.060,0.072,0.000,0,0,0,12625,12625,0,0
travel,59.341,1424.5,1135.800,1135.800,fly,0.833,ok,2601,0,0,192.00,281309184,420466688,114090264,95883264,18123768,2904,7449760,22132800,958,12625,12625,0,0,0,0,0,0,0,0,0.061,0.066,0.000,0,0,0,12625,12625,0,0
travel,59.379,1425.5,1136.452,1136.452,fly,0.946,ok,2601,0,0,192.00,281833472,420990976,114090264,95883264,18123768,2904,11174640,22132800,958,12726,12726,0,0,0,0,0,0,0,0,0.072,0.110,0.000,0,0,0,12726,12726,0,0
travel,59.409,1426.2,1136.963,1136.963,fly,0.826,ok,2601,0,0,192.00,281833472,420990976,114090264,95883264,18123768,2904,11174640,22132800,958,12726,12726,0,0,0,0,0,0,0,0,0.063,0.066,0.000,0,0,0,12726,12726,0,0
travel,59.440,1426.9,1137.477,1137.477,fly,0.829,ok,2601,0,0,192.00,281833472,420990976,114090264,95883264,18123768,2904,11174640,22132800,958,12726,12726,0,0,0,0,0,0,0,0,0.063,0.064,0.000,0,0,0,12726,12726,0,0
travel,59.470,1427.6,1137.992,1137.992,fly,1.215,ok,2601,0,0,192.00,281833472,420990976,114090264,95883264,18123768,2904,11174640,22132800,958,12726,12726,0,0,0,0,0,0,0,0,0.282,0.195,0.000,0,0,0,12726,12726,0,0
travel,59.500,1428.4,1138.512,1138.512,fly,0.832,ok,2601,0,0,192.00,281833472,420990976,114090264,95883264,18123768,2904,11174640,22132800,958,12726,12726,0,0,0,0,0,0,0,0,0.062,0.064,0.000,0,0,0,12726,12726,0,0
travel,59.531,1429.1,1139.028,1139.028,fly,0.831,ok,2601,0,0,192.00,281833472,420990976,114090264,95883264,18123768,2904,11174640,22132800,958,12726,12726,0,0,0,0,0,0,0,0,0.062,0.066,0.000,0,0,0,12726,12726,0,0
travel,59.561,1429.8,1139.540,1139.540,fly,0.836,ok,2601,0,0,192.00,281833472,420990976,114090264,95883264,18123768,2904,11174640,22132800,958,12726,12726,0,0,0,0,0,0,0,0,0.062,0.066,0.000,0,0,0,12726,12726,0,0
travel,59.591,1430.6,1140.059,1140.059,fly,0.802,ok,2601,0,0,192.00,281833472,420990976,114090264,95883264,18123768,2904,7449760,22132800,958,12726,12726,0,0,0,0,0,0,0,0,0.061,0.061,0.000,0,0,0,12726,12726,0,0
travel,59.622,1431.3,1140.571,1140.571,fly,0.832,ok,2601,0,0,192.00,281833472,420990976,114090264,95883264,18123768,2904,7449760,22132800,958,12726,12726,0,0,0,0,0,0,0,0,0.060,0.067,0.000,0,0,0,12726,12726,0,0
travel,59.652,1432.0,1141.082,1141.082,fly,0.831,ok,2601,0,0,192.00,281833472,420990976,114090264,95883264,18123768,2904,7449760,22132800,958,12726,12726,0,0,0,0,0,0,0,0,0.060,0.067,0.000,0,0,0,12726,12726,0,0
travel,59.682,1432.7,1141.593,1141.593,fly,0.825,ok,2601,0,0,192.00,281833472,420990976,114090264,95883264,18123768,2904,7449760,22132800,958,12726,12726,0,0,0,0,0,0,0,0,0.060,0.066,0.000,0,0,0,12726,12726,0,0
travel,59.712,1433.5,1142.107,1142.107,fly,0.861,ok,2601,0,0,192.00,281833472,420990976,114090264,95883264,18123768,2904,7449760,22132800,958,12726,12726,0,0,0,0,0,0,0,0,0.062,0.073,0.000,0,0,0,12726,12726,0,0
travel,59.742,1434.2,1142.619,1142.619,fly,0.832,ok,2601,0,0,192.00,281833472,420990976,114090264,95883264,18123768,2904,7449760,22132800,958,12726,12726,0,0,0,0,0,0,0,0,0.061,0.066,0.000,0,0,0,12726,12726,0,0
travel,59.772,1434.9,1143.135,1143.135,fly,0.826,ok,2601,0,0,192.00,281833472,420990976,114090264,95883264,18123768,2904,7449760,22132800,958,12726,12726,0,0,0,0,0,0,0,0,0.060,0.064,0.000,0,0,0,12726,12726,0,0
travel,59.803,1435.6,1143.648,1143.648,fly,1.014,ok,2601,0,0,192.00,281833472,420990976,114090264,95883264,18123768,2904,7449760,22132800,958,12726,12726,0,0,0,0,0,0,0,0,0.224,0.067,0.000,0,0,0,12726,12726,0,0
travel,59.841,1436.5,1144.294,1144.294,fly,1.065,ok,2601,0,0,192.00,281833472,420990976,114090264,95883264,18123768,2904,11174640,22132800,958,12827,12827,0,0,0,0,0,0,0,0,0.145,0.102,0.000,0,0,0,12827,12827,0,0
travel,59.871,1437.3,1144.807,1144.807,fly,0.805,ok,2601,0,0,192.00,281833472,420990976,114090264,95883264,18123768,2904,11174640,22132800,958,12827,12827,0,0,0,0,0,0,0,0,0.062,0.062,0.000,0,0,0,12827,12827,0,0
travel,59.901,1438.0,1145.328,1145.328,fly,0.848,ok,2601,0,0,192.00,281833472,420990976,114090264,95883264,18123768,2904,11174640,22132800,958,12827,12827,0,0,0,0,0,0,0,0,0.062,0.066,0.000,0,0,0,12827,12827,0,0
travel,59.931,1438.7,1145.838,1145.838,fly,0.864,ok,2601,0,0,192.00,281833472,420990976,114090264,95883264,18123768,2904,11174640,22132800,958,12827,12827,0,0,0,0,0,0,0,0,0.062,0.071,0.000,0,0,0,12827,12827,0,0
travel,59.961,1439.5,1146.349,1146.349,fly,0.851,ok,2601,0,0,192.00,281833472,420990976,114090264,95883264,18123768,2904,11174640,22132800,958,12827,12827,0,0,0,0,0,0,0,0,0.064,0.069,0.000,0,0,0,12827,12827,0,0
travel,59.992,1440.2,1146.861,1146.861,fly,0.832,ok,2601,0,0,192.00,281833472,420990976,114090264,95883264,18123768,2904,11174640,22132800,958,12827,12827,0,0,0,0,0,0,0,0,0.061,0.067,0.000,0,0,0,12827,12827,0,0
travel,60.022,1440.9,1147.375,1147.375,fly,0.930,ok,2601,0,0,192.00,281833472,420990976,114090264,95883264,18123768,2904,11174640,22132800,958,12827,12827,0,0,0,0,0,0,0,0,0.070,0.108,0.000,0,0,0,12827,12827,0,0
travel,60.052,1441.6,1147.888,1147.888,fly,0.814,ok,2601,0,0,192.00,281833472,420990976,114090264,95883264,18123768,2904,7449760,22132800,958,12827,12827,0,0,0,0,0,0,0,0,0.061,0.065,0.000,0,0,0,12827,12827,0,0
travel,60.082,1442.4,1148.402,1148.402,fly,0.832,ok,2601,0,0,192.00,281833472,420990976,114090264,95883264,18123768,2904,7449760,22132800,958,12827,12827,0,0,0,0,0,0,0,0,0.065,0.067,0.000,0,0,0,12827,12827,0,0
travel,60.112,1443.1,1148.912,1148.912,fly,0.958,ok,2601,0,0,192.00,281833472,420990976,114090264,95883264,18123768,2904,7449760,22132800,958,12827,12827,0,0,0,0,0,0,0,0,0.140,0.070,0.000,0,0,0,12827,12827,0,0
travel,60.142,1443.8,1149.423,1149.423,fly,0.822,ok,2601,0,0,192.00,281833472,420990976,114090264,95883264,18123768,2904,7449760,22132800,958,12827,12827,0,0,0,0,0,0,0,0,0.060,0.065,0.000,0,0,0,12827,12827,0,0
travel,60.172,1444.5,1149.936,1149.936,fly,0.836,ok,2601,0,0,192.00,281833472,420990976,114090264,95883264,18123768,2904,7449760,22132800,958,12827,12827,0,0,0,0,0,0,0,0,0.062,0.069,0.000,0,0,0,12827,12827,0,0
travel,60.202,1445.3,1150.446,1150.446,fly,0.827,ok,2601,0,0,192.00,281833472,420990976,114090264,95883264,18123768,2904,7449760,22132800,958,12827,12827,0,0,0,0,0,0,0,0,0.060,0.066,0.000,0,0,0,12827,12827,0,0
travel,60.232,1446.0,1150.956,1150.956,fly,0.828,ok,2601,0,0,192.00,281833472,420990976,114090264,95883264,18123768,2904,7449760,22132800,958,12827,12827,0,0,0,0,0,0,0,0,0.062,0.066,0.000,0,0,0,12827,12827,0,0
travel,60.262,1446.7,1151.466,1151.466,fly,0.932,ok,2601,0,0,192.00,281833472,420990976,114090264,95883264,18123768,2904,7449760,22132800,958,12827,12827,0,0,0,0,0,0,0,0,0.070,0.110,0.000,0,0,0,12827,12827,0,0
travel,60.293,1447.4,1151.981,1151.981,fly,0.818,ok,2601,0,0,192.00,281833472,420990976,114090264,95883264,18123768,2904,7449760,22132800,958,12827,12827,0,0,0,0,0,0,0,0,0.060,0.063,0.000,0,0,0,12827,12827,0,0
travel,60.331,1448.3,1152.631,1152.631,fly,0.823,ok,2601,0,0,192.00,280252416,419352576,114090264,95883264,18123768,2904,11174640,22132800,958,12928,12928,0,0,0,0,0,0,0,0,0.061,0.065,0.000,0,0,0,12928,12928,0,0
travel,60.362,1449.1,1153.153,1153.153,fly,0.827,ok,2601,0,0,192.00,280252416,419352576,114090264,95883264,18123768,2904,11174640,22132800,958,12928,12928,0,0,0,0,0,0,0,0,0.061,0.068,0.000,0,0,0,12928,12928,0,0
travel,60.392,1449.8,1153.674,1153.674,fly,0.814,ok,2601,0,0,192.00,280256512,419418112,114090264,95883264,18123768,2904,11174640,22132800,958,12928,12928,0,0,0,0,0,0,0,0,0.062,0.066,0.000,0,0,0,12928,12928,0,0
travel,60.423,1450.5,1154.190,1154.190,fly,0.832,ok,2601,0,0,192.00,280256512,419418112,114090264,95883264,18123768,2904,11174640,22132800,958,12928,12928,0,0,0,0,0,0,0,0,0.063,0.068,0.000,0,0,0,12928,12928,0,0
travel,60.454,1451.3,1154.715,1154.715,fly,0.823,ok,2601,0,0,192.00,280256512,419418112,114090264,95883264,18123768,2904,11174640,22132800,958,12928,12928,0,0,0,0,0,0,0,0,0.061,0.065,0.000,0,0,0,12928,12928,0,0
travel,60.484,1452.0,1155.228,1155.228,fly,0.829,ok,2601,0,0,192.00,280256512,419418112,114090264,95883264,18123768,2904,11174640,22132800,958,12928,12928,0,0,0,0,0,0,0,0,0.061,0.065,0.000,0,0,0,12928,12928,0,0
travel,60.514,1452.7,1155.739,1155.739,fly,1.131,ok,2601,0,0,192.00,280256512,419418112,114090264,95883264,18123768,2904,7449760,22132800,958,12928,12928,0,0,0,0,0,0,0,0,0.073,0.124,0.000,0,0,0,12928,12928,0,0
travel,60.544,1453.5,1156.256,1156.256,fly,0.836,ok,2601,0,0,192.00,280256512,419418112,114090264,95883264,18123768,2904,7449760,22132800,958,12928,12928,0,0,0,0,0,0,0,0,0.061,0.066,0.000,0,0,0,12928,12928,0,0
travel,60.574,1454.2,1156.766,1156.766,fly,0.822,ok,2601,0,0,192.00,280256512,419418112,114090264,95883264,18123768,2904,7449760,22132800,958,12928,12928,0,0,0,0,0,0,0,0,0.062,0.062,0.000,0,0,0,12928,12928,0,0
travel,60.604,1454.9,1157.278,1157.278,fly,0.924,ok,2601,0,0,192.00,280256512,419418112,114090264,95883264,18123768,2904,7449760,22132800,958,12928,12928,0,0,0,0,0,0,0,0,0.071,0.110,0.000,0,0,0,12928,12928,0,0
travel,60.634,1455.6,1157.792,1157.792,fly,1.171,ok,2601,0,0,192.00,280256512,419418112,114090264,95883264,18123768,2904,7449760,22132800,958,12928,12928,0,0,0,0,0,0,0,0,0.409,0.061,0.000,0,0,0,12928,12928,0,0
travel,60.665,1456.4,1158.305,1158.305,fly,0.831,ok,2601,0,0,192.00,280256512,419418112,114090264,95883264,18123768,2904,7449760,22132800,958,12928,12928,0,0,0,0,0,0,0,0,0.061,0.067,0.000,0,0,0,12928,12928,0,0
travel,60.695,1457.1,1158.818,1158.818,fly,0.957,ok,2601,0,0,192.00,280256512,419418112,114090264,95883264,18123768,2904,7449760,22132800,958,12928,12928,0,0,0,0,0,0,0,0,0.061,0.185,0.000,0,0,0,12928,12928,0,0
travel,60.725,1457.8,1159.330,1159.330,fly,0.830,ok,2601,0,0,192.00,280256512,419418112,114090264,95883264,18123768,2904,7449760,22132800,958,12928,12928,0,0,0,0,0,0,0,0,0.061,0.066,0.000,0,0,0,12928,12928,0,0
travel,60.755,1458.5,1159.844,1159.844,fly,0.832,ok,2601,0,0,192.00,280256512,419418112,114090264,95883264,18123768,2904,7449760,22132800,958,12928,12928,0,0,0,0,0,0,0,0,0.061,0.068,0.000,0,0,0,12928,12928,0,0
travel,60.793,1459.5,1160.490,1160.490,fly,0.822,ok,2601,0,0,192.00,280256512,419418112,114090264,95883264,18123768,2904,11174640,22132800,958,13029,13029,0,0,0,0,0,0,0,0,0.061,0.064,0.000,0,0,0,13029,13029,0,0
travel,60.823,1460.2,1161.001,1161.001,fly,0.906,ok,2601,0,0,192.00,280256512,419418112,114090264,95883264,18123768,2904,11174640,22132800,958,13029,13029,0,0,0,0,0,0,0,0,0.064,0.076,0.000,0,0,0,13029,13029,0,0
travel,60.853,1460.9,1161.513,1161.513,fly,0.826,ok,2601,0,0,192.00,280256512,419418112,114090264,95883264,18123768,2904,11174640,22132800,958,13029,13029,0,0,0,0,0,0,0,0,0.063,0.066,0.000,0,0,0,13029,13029,0,0
travel,60.883,1461.6,1162.024,1162.024,fly,0.822,ok,2601,0,0,192.00,280256512,419418112,114090264,95883264,18123768,2904,11174640,22132800,958,13029,13029,0,0,0,0,0,0,0,0,0.062,0.062,0.000,0,0,0,13029,13029,0,0
travel,60.914,1462.3,1162.536,1162.536,fly,0.832,ok,2601,0,0,192.00,280256512,419418112,114090264,95883264,18123768,2904,11174640,22132800,958,13029,13029,0,0,0,0,0,0,0,0,0.061,0.067,0.000,0,0,0,13029,13029,0,0
travel,60.944,1463.1,1163.046,1163.046,fly,0.829,ok,2601,0,0,192.00,280256512,419418112,114090264,95883264,18123768,2904,11174640,22132800,958,13029,13029,0,0,0,0,0,0,0,0,0.061,0.067,0.000,0,0,0,13029,13029,0,0
travel,60.974,1463.8,1163.558,1163.558,fly,0.824,ok,2601,0,0,192.00,280256512,419418112,114090264,95883264,18123768,2904,11174640,22132800,958,13029,13029,0,0,0,0,0,0,0,0,0.061,0.065,0.000,0,0,0,13029,13029,0,0
travel,61.004,1464.5,1164.068,1164.068,fly,0.830,ok,2601,0,0,192.00,280256512,419418112,114090264,95883264,18123768,2904,7449760,22132800,958,13029,13029,0,0,0,0,0,0,0,0,0.061,0.069,0.000,0,0,0,13029,13029,0,0
travel,61.034,1465.2,1164.581,1164.581,fly,0.834,ok,2601,0,0,192.00,280256512,419418112,114090264,95883264,18123768,2904,7449760,22132800,958,13029,13029,0,0,0,0,0,0,0,0,0.061,0.068,0.000,0,0,0,13029,13029,0,0
travel,61.064,1466.0,1165.093,1165.093,fly,1.077,ok,2601,0,0,192.00,280256512,419418112,114090264,95883264,18123768,2904,7449760,22132800,958,13029,13029,0,0,0,0,0,0,0,0,0.242,0.078,0.000,0,0,0,13029,13029,0,0
travel,61.094,1466.7,1165.609,1165.609,fly,0.822,ok,2601,0,0,192.00,280256512,419418112,114090264,95883264,18123768,2904,7449760,22132800,958,13029,13029,0,0,0,0,0,0,0,0,0.061,0.066,0.000,0,0,0,13029,13029,0,0
travel,61.124,1467.4,1166.121,1166.121,fly,0.830,ok,2601,0,0,192.00,280256512,419418112,114090264,95883264,18123768,2904,7449760,22132800,958,13029,13029,0,0,0,0,0,0,0,0,0.061,0.067,0.000,0,0,0,13029,13029,0,0
travel,61.154,1468.1,1166.632,1166.632,fly,0.827,ok,2601,0,0,192.00,280256512,419418112,114090264,95883264,18123768,2904,7449760,22132800,958,13029,13029,0,0,0,0,0,0,0,0,0.059,0.066,0.000,0,0,0,13029,13029,0,0
travel,61.185,1468.9,1167.146,1167.146,fly,0.830,ok,2601,0,0,192.00,280256512,419418112,114090264,95883264,18123768,2904,7449760,22132800,958,13029,13029,0,0,0,0,0,0,0,0,0.061,0.065,0.000,0,0,0,13029,13029,0,0
travel,61.215,1469.6,1167.658,1167.658,fly,0.823,ok,2601,0,0,192.00,280256512,419418112,114090264,95883264,18123768,2904,7449760,22132800,958,13029,13029,0,0,0,0,0,0,0,0,0.061,0.063,0.000,0,0,0,13029,13029,0,0
travel,61.253,1470.5,1168.304,1168.304,fly,0.836,ok,2601,0,0,192.00,280256512,419418112,114090264,95883264,18123768,2904,11174640,22132800,958,13130,13130,0,0,0,0,0,0,0,0,0.064,0.066,0.000,0,0,0,13130,13130,0,0
travel,61.283,1471.2,1168.822,1168.822,fly,0.825,ok,2601,0,0,192.00,280256512,419418112,114090264,95883264,18123768,2904,11174640,22132800,958,13130,13130,0,0,0,0,0,0,0,0,0.062,0.064,0.000,0,0,0,13130,13130,0,0
travel,61.313,1472.0,1169.333,1169.333,fly,0.838,ok,2601,0,0,192.00,280256512,419418112,114090264,95883264,18123768,2904,11174640,22132800,958,13130,13130,0,0,0,0,0,0,0,0,0.063,0.066,0.000,0,0,0,13130,13130,0,0
travel,61.344,1472.7,1169.851,1169.851,fly,0.827,ok,2601,0,0,192.00,280256512,419418112,114090264,95883264,18123768,2904,11174640,22132800,958,13130,13130,0,0,0,0,0,0,0,0,0.062,0.063,0.000,0,0,0,13130,13130,0,0
travel,61.374,1473.4,1170.362,1170.362,fly,0.973,ok,2601,0,0,192.00,280256512,419418112,114090264,95883264,18123768,2904,11174640,22132800,958,13130,13130,0,0,0,0,0,0,0,0,0.192,0.064,0.000,0,0,0,13130,13130,0,0
travel,61.404,1474.1,1170.876,1170.876,fly,0.825,ok,2601,0,0,192.00,280256512,419418112,114090264,95883264,18123768,2904,11174640,22132800,958,13130,13130,0,0,0,0,0,0,0,0,0.061,0.066,0.000,0,0,0,13130,13130,0,0
travel,61.434,1474.9,1171.389,1171.389,fly,0.832,ok,2601,0,0,192.00,280256512,419418112,114090264,95883264,18123768,2904,11174640,22132800,958,13130,13130,0,0,0,0,0,0,0,0,0.062,0.072,0.000,0,0,0,13130,13130,0,0
travel,61.464,1475.6,1171.901,1171.901,fly,0.848,ok,2601,0,0,192.00,280256512,419418112,114090264,95883264,18123768,2904,7449760,22132800,958,13130,13130,0,0,0,0,0,0,0,0,0.062,0.073,0.000,0,0,0,13130,13130,0,0
travel,61.495,1476.3,1172.414,1172.414,fly,0.829,ok,2601,0,0,192.00,280256512,419418112,114090264,95883264,18123768,2904,7449760,22132800,958,13130,13130,0,0,0,0,0,0,0,0,0.062,0.067,0.000,0,0,0,13130,13130,0,0
travel,61.525,1477.0,1172.928,1172.928,fly,0.834,ok,2601,0,0,192.00,280256512,419418112,114090264,95883264,18123768,2904,7449760,22132800,958,13130,13130,0,0,0,0,0,0,0,0,0.061,0.063,0.000,0,0,0,13130,13130,0,0
travel,61.555,1477.8,1173.438,1173.438,fly,0.825,ok,2601,0,0,192.00,280256512,419418112,114090264,95883264,18123768,2904,7449760,22132800,958,13130,13130,0,0,0,0,0,0,0,0,0.062,0.064,0.000,0,0,0,13130,13130,0,0
travel,61.585,1478.5,1173.952,1173.952,fly,0.826,ok,2601,0,0,192.00,280256512,419418112,114090264,95883264,18123768,2904,7449760,22132800,958,13130,13130,0,0,0,0,0,0,0,0,0.061,0.064,0.000,0,0,0,13130,13130,0,0
travel,61.616,1479.2,1174.475,1174.475,fly,0.818,ok,2601,0,0,192.00,280256512,419418112,114090264,95883264,18123768,2904,7449760,22132800,958,13130,13130,0,0,0,0,0,0,0,0,0.060,0.065,0.000,0,0,0,13130,13130,0,0
travel,61.646,1480.0,1174.988,1174.988,fly,0.922,ok,2601,0,0,192.00,280256512,419418112,114090264,95883264,18123768,2904,7449760,22132800,958,13130,13130,0,0,0,0,0,0,0,0,0.156,0.071,0.000,0,0,0,13130,13130,0,0
travel,61.676,1480.7,1175.503,1175.503,fly,0.807,ok,2601,0,0,192.00,280256512,419418112,114090264,95883264,18123768,2904,7449760,22132800,958,13130,13130,0,0,0,0,0,0,0,0,0.060,0.063,0.000,0,0,0,13130,13130,0,0
travel,61.706,1481.4,1176.013,1176.013,fly,4.482,ok,2536,65,40,192.00,280780800,419942400,111239104,93487104,17670848,2904,11174640,18166464,958,13166,13231,36,101,36,36,36,0,0,524288,0.512,0.081,0.000,0,0,0,13166,13166,0,0
travel,61.744,1482.3,1176.661,1176.661,fly,0.845,ok,2601,0,0,192.00,280780800,419942400,114090264,95883264,18123768,2904,11174640,22132800,958,13231,13231,0,0,0,0,0,0,0,0,0.063,0.067,0.000,0,0,0,13231,13231,0,0
travel,61.774,1483.0,1177.171,1177.171,fly,0.867,ok,2601,0,0,192.00,280780800,419942400,114090264,95883264,18123768,2904,11174640,22132800,958,13231,13231,0,0,0,0,0,0,0,0,0.064,0.074,0.000,0,0,0,13231,13231,0,0
travel,61.805,1483.8,1177.687,1177.687,fly,0.825,ok,2601,0,0,192.00,280780800,419942400,114090264,95883264,18123768,2904,11174640,22132800,958,13231,13231,0,0,0,0,0,0,0,0,0.062,0.065,0.000,0,0,0,13231,13231,0,0
travel,61.835,1484.5,1178.204,1178.204,fly,0.830,ok,2601,0,0,192.00,280780800,419942400,114090264,95883264,18123768,2904,11174640,22132800,958,13231,13231,0,0,0,0,0,0,0,0,0.062,0.066,0.000,0,0,0,13231,13231,0,0
travel,61.865,1485.2,1178.719,1178.719,fly,0.946,ok,2601,0,0,192.00,280780800,419942400,114090264,95883264,18123768,2904,11174640,22132800,958,13231,13231,0,0,0,0,0,0,0,0,0.070,0.108,0.000,0,0,0,13231,13231,0,0
travel,61.896,1486.0,1179.234,1179.234,fly,0.828,ok,2601,0,0,192.00,280780800,419942400,114090264,95883264,18123768,2904,11174640,22132800,958,13231,13231,0,0,0,0,0,0,0,0,0.061,0.064,0.000,0,0,0,13231,13231,0,0
travel,61.926,1486.7,1179.745,1179.745,fly,0.832,ok,2601,0,0,192.00,280780800,419942400,114090264,95883264,18123768,2904,11174640,22132800,958,13231,13231,0,0,0,0,0,0,0,0,0.061,0.067,0.000,0,0,0,13231,13231,0,0
travel,61.956,1487.4,1180.256,1180.256,fly,1.094,ok,2601,0,0,192.00,280780800,419942400,114090264,95883264,18123768,2904,7449760,22132800,958,13231,13231,0,0,0,0,0,0,0,0,0.304,0.067,0.000,0,0,0,13231,13231,0,0
travel,61.986,1488.1,1180.769,1180.769,fly,0.825,ok,2601,0,0,192.00,280780800,419942400,114090264,95883264,18123768,2904,7449760,22132800,958,13231,13231,0,0,0,0,0,0,0,0,0.061,0.065,0.000,0,0,0,13231,13231,0,0
travel,62.016,1488.9,1181.281,1181.281,fly,0.862,ok,2601,0,0,192.00,280780800,419942400,114090264,95883264,18123768,2904,7449760,22132800,958,13231,13231,0,0,0,0,0,0,0,0,0.062,0.072,0.000,0,0,0,13231,13231,0,0
travel,62.046,1489.6,1181.792,1181.792,fly,0.861,ok,2601,0,0,192.00,280780800,419942400,114090264,95883264,18123768,2904,7449760,22132800,958,13231,13231,0,0,0,0,0,0,0,0,0.061,0.068,0.000,0,0,0,13231,13231,0,0
travel,62.076,1490.3,1182.302,1182.302,fly,0.829,ok,2601,0,0,192.00,280780800,419942400,114090264,95883264,18123768,2904,7449760,22132800,958,13231,13231,0,0,0,0,0,0,0,0,0.060,0.066,0.000,0,0,0,13231,13231,0,0
travel,62.106,1491.0,1182.813,1182.813,fly,0.824,ok,2601,0,0,192.00,280780800,419942400,114090264,95883264,18123768,2904,7449760,22132800,958,13231,13231,0,0,0,0,0,0,0,0,0.061,0.066,0.000,0,0,0,13231,13231,0,0
travel,62.137,1491.8,1183.331,1183.331,fly,0.825,ok,2601,0,0,192.00,280780800,419942400,114090264,95883264,18123768,2904,7449760,22132800,958,13231,13231,0,0,0,0,0,0,0,0,0.060,0.063,0.000,0,0,0,13231,13231,0,0
travel,62.167,1492.5,1183.841,1183.841,fly,0.817,ok,2601,0,0,192.00,280780800,419942400,114090264,95883264,18123768,2904,7449760,22132800,958,13231,13231,0,0,0,0,0,0,0,0,0.062,0.065,0.000,0,0,0,13231,13231,0,0
travel,62.205,1493.4,1184.492,1184.492,fly,0.839,ok,2601,0,0,192.00,280252416,419352576,114090264,95883264,18123768,2904,11174640,22132800,958,13332,13332,0,0,0,0,0,0,0,0,0.064,0.067,0.000,0,0,0,13332,13332,0,0
travel,62.235,1494.1,1185.005,1185.005,fly,0.913,ok,2601,0,0,192.00,280252416,419352576,114090264,95883264,18123768,2904,11174640,22132800,958,13332,13332,0,0,0,0,0,0,0,0,0.064,0.080,0.000,0,0,0,13332,13332,0,0
travel,62.265,1494.8,1185.516,1185.516,fly,1.080,ok,2601,0,0,192.00,280256512,419418112,114090264,95883264,18123768,2904,11174640,22132800,958,13332,13332,0,0,0,0,0,0,0,0,0.266,0.077,0.000,0,0,0,13332,13332,0,0
travel,62.295,1495.6,1186.030,1186.030,fly,0.840,ok,2601,0,0,192.00,280256512,419418112,114090264,95883264,18123768,2904,11174640,22132800,958,13332,13332,0,0,0,0,0,0,0,0,0.062,0.066,0.000,0,0,0,13332,13332,0,0
travel,62.325,1496.3,1186.540,1186.540,fly,0.831,ok,2601,0,0,192.00,280256512,419418112,114090264,95883264,18123768,2904,11174640,22132800,958,13332,13332,0,0,0,0,0,0,0,0,0.062,0.065,0.000,0,0,0,13332,13332,0,0
travel,62.356,1497.0,1187.055,1187.055,fly,0.816,ok,2601,0,0,192.00,280260608,419418112,114090264,95883264,18123768,2904,11174640,22132800,958,13332,13332,0,0,0,0,0,0,0,0,0.062,0.061,0.000,0,0,0,13332,13332,0,0
travel,62.386,1497.7,1187.568,1187.568,fly,0.826,ok,2601,0,0,192.00,280260608,419418112,114090264,95883264,18123768,2904,7449760,22132800,958,13332,13332,0,0,0,0,0,0,0,0,0.063,0.067,0.000,0,0,0,13332,13332,0,0
travel,62.416,1498.5,1188.083,1188.083,fly,0.842,ok,2601,0,0,192.00,280260608,419418112,114090264,95883264,18123768,2904,7449760,22132800,958,13332,13332,0,0,0,0,0,0,0,0,0.062,0.071,0.000,0,0,0,13332,13332,0,0
travel,62.446,1499.2,1188.599,1188.599,fly,0.826,ok,2601,0,0,192.00,280260608,419418112,114090264,95883264,18123768,2904,7449760,22132800,958,13332,13332,0,0,0,0,0,0,0,0,0.061,0.067,0.000,0,0,0,13332,13332,0,0
travel,62.477,1499.9,1189.111,1189.111,fly,0.830,ok,2601,0,0,192.00,280260608,419418112,114090264,95883264,18123768,2904,7449760,22132800,958,13332,13332,0,0,0,0,0,0,0,0,0.061,0.065,0.000,0,0,0,13332,13332,0,0
travel,62.507,1500.7,1189.635,1189.635,fly,0.841,ok,2601,0,0,192.00,280260608,419418112,114090264,95883264,18123768,2904,7449760,22132800,958,13332,13332,0,0,0,0,0,0,0,0,0.060,0.065,0.000,0,0,0,13332,13332,0,0
travel,62.537,1501.4,1190.145,1190.145,fly,0.823,ok,2601,0,0,192.00,280260608,419418112,114090264,95883264,18123768,2904,7449760,22132800,958,13332,13332,0,0,0,0,0,0,0,0,0.061,0.063,0.000,0,0,0,13332,13332,0,0
travel,62.568,1502.1,1190.661,1190.661,fly,0.865,ok,2601,0,0,192.00,280260608,419418112,114090264,95883264,18123768,2904,7449760,22132800,958,13332,13332,0,0,0,0,0,0,0,0,0.061,0.073,0.000,0,0,0,13332,13332,0,0
travel,62.598,1502.8,1191.175,1191.175,fly,0.893,ok,2601,0,0,192.00,280260608,419418112,114090264,95883264,18123768,2904,7449760,22132800,958,13332,13332,0,0,0,0,0,0,0,0,0.141,0.065,0.000,0,0,0,13332,13332,0,0
travel,62.628,1503.6,1191.687,1191.687,fly,0.829,ok,2601,0,0,192.00,280260608,419418112,114090264,95883264,18123768,2904,7449760,22132800,958,13332,13332,0,0,0,0,0,0,0,0,0.061,0.064,0.000,0,0,0,13332,13332,0,0
travel,62.667,1504.5,1192.340,1192.340,fly,0.832,ok,2601,0,0,192.00,280784896,419942400,114090264,95883264,18123768,2904,11174640,22132800,958,13433,13433,0,0,0,0,0,0,0,0,0.061,0.066,0.000,0,0,0,13433,13433,0,0
travel,62.697,1505.2,1192.853,1192.853,fly,0.833,ok,2601,0,0,192.00,280784896,419942400,114090264,95883264,18123768,2904,11174640,22132800,958,13433,13433,0,0,0,0,0,0,0,0,0.062,0.066,0.000,0,0,0,13433,13433,0,0
travel,62.727,1505.9,1193.366,1193.366,fly,0.960,ok,2601,0,0,192.00,280784896,419942400,114090264,95883264,18123768,2904,11174640,22132800,958,13433,13433,0,0,0,0,0,0,0,0,0.073,0.133,0.000,0,0,0,13433,13433,0,0
travel,62.757,1506.7,1193.881,1193.881,fly,0.827,ok,2601,0,0,192.00,280784896,419942400,114090264,95883264,18123768,2904,11174640,22132800,958,13433,13433,0,0,0,0,0,0,0,0,0.061,0.066,0.000,0,0,0,13433,13433,0,0
travel,62.787,1507.4,1194.391,1194.391,fly,0.838,ok,2601,0,0,192.00,280784896,419942400,114090264,95883264,18123768,2904,11174640,22132800,958,13433,13433,0,0,0,0,0,0,0,0,0.063,0.072,0.000,0,0,0,13433,13433,0,0
travel,62.817,1508.1,1194.904,1194.904,fly,0.844,ok,2601,0,0,192.00,280784896,419942400,114090264,95883264,18123768,2904,11174640,22132800,958,13433,13433,0,0,0,0,0,0,0,0,0.062,0.067,0.000,0,0,0,13433,13433,0,0
travel,62.847,1508.8,1195.415,1195.415,fly,1.153,ok,2601,0,0,192.00,280784896,419942400,114090264,95883264,18123768,2904,11174640,22132800,958,13433,13433,0,0,0,0,0,0,0,0,0.380,0.065,0.000,0,0,0,13433,13433,0,0
travel,62.878,1509.6,1195.929,1195.929,fly,0.828,ok,2601,0,0,192.00,280784896,419942400,114090264,95883264,18123768,2904,7449760,22132800,958,13433,13433,0,0,0,0,0,0,0,0,0.062,0.067,0.000,0,0,0,13433,13433,0,0
travel,62.908,1510.3,1196.447,1196.447,fly,0.833,ok,2601,0,0,192.00,280784896,419942400,114090264,95883264,18123768,2904,7449760,22132800,958,13433,13433,0,0,0,0,0,0,0,0,0.061,0.067,0.000,0,0,0,13433,13433,0,0
travel,62.938,1511.0,1196.957,1196.957,fly,0.833,ok,2601,0,0,192.00,280784896,419942400,114090264,95883264,18123768,2904,7449760,22132800,958,13433,13433,0,0,0,0,0,0,0,0,0.061,0.067,0.000,0,0,0,13433,13433,0,0
travel,62.968,1511.8,1197.474,1197.474,fly,0.856,ok,2601,0,0,192.00,280784896,419942400,114090264,95883264,18123768,2904,7449760,22132800,958,13433,13433,0,0,0,0,0,0,0,0,0.061,0.072,0.000,0,0,0,13433,13433,0,0
travel,62.998,1512.5,1197.984,1197.984,fly,0.823,ok,2601,0,0,192.00,280784896,419942400,114090264,95883264,18123768,2904,7449760,22132800,958,13433,13433,0,0,0,0,0,0,0,0,0.061,0.063,0.000,0,0,0,13433,13433,0,0
travel,63.029,1513.2,1198.506,1198.506,fly,0.823,ok,2601,0,0,192.00,280784896,419942400,114090264,95883264,18123768,2904,7449760,22132800,958,13433,13433,0,0,0,0,0,0,0,0,0.060,0.063,0.000,0,0,0,13433,13433,0,0
travel,63.059,1513.9,1199.016,1199.016,fly,0.895,ok,2601,0,0,192.00,280784896,419942400,114090264,95883264,18123768,2904,7449760,22132800,958,13433,13433,0,0,0,0,0,0,0,0,0.061,0.069,0.000,0,0,0,13433,13433,0,0
travel,63.090,1514.7,1199.533,1199.533,fly,0.827,ok,2601,0,0,192.00,280784896,419942400,114090264,95883264,18123768,2904,7449760,22132800,958,13433,13433,0,0,0,0,0,0,0,0,0.061,0.064,0.000,0,0,0,13433,13433,0,0
travel,63.126,1515.5,1200.146,1200.146,fly,2.814,ok,2601,0,0,192.00,280784896,419942400,114090264,95883264,18123768,2904,11174640,22132800,958,13534,13534,28,0,99,28,28,0,0,0,0.060,0.078,0.000,0,0,0,13534,13534,0,0
travel,63.158,1516.3,1200.694,1200.694,fly,0.927,ok,2601,0,0,192.00,280784896,419942400,114090264,95883264,18123768,2904,11174640,22132800,958,13534,13534,0,0,0,0,0,0,0,0,0.135,0.067,0.000,0,0,0,13534,13534,0,0
travel,63.188,1517.0,1201.209,1201.209,fly,0.838,ok,2601,0,0,192.00,280784896,419942400,114090264,95883264,18123768,2904,11174640,22132800,958,13534,13534,0,0,0,0,0,0,0,0,0.070,0.065,0.000,0,0,0,13534,13534,0,0
travel,63.218,1517.8,1201.720,1201.720,fly,0.833,ok,2601,0,0,192.00,280784896,419942400,114090264,95883264,18123768,2904,11174640,22132800,958,13534,13534,0,0,0,0,0,0,0,0,0.062,0.066,0.000,0,0,0,13534,13534,0,0
travel,63.248,1518.5,1202.233,1202.233,fly,0.820,ok,2601,0,0,192.00,280784896,419942400,114090264,95883264,18123768,2904,11174640,22132800,958,13534,13534,0,0,0,0,0,0,0,0,0.061,0.062,0.000,0,0,0,13534,13534,0,0
travel,63.279,1519.2,1202.750,1202.750,fly,0.828,ok,2601,0,0,192.00,280784896,419942400,114090264,95883264,18123768,2904,11174640,22132800,958,13534,13534,0,0,0,0,0,0,0,0,0.061,0.067,0.000,0,0,0,13534,13534,0,0
travel,63.309,1519.9,1203.264,1203.264,fly,0.828,ok,2601,0,0,192.00,280784896,419942400,114090264,95883264,18123768,2904,11174640,22132800,958,13534,13534,0,0,0,0,0,0,0,0,0.060,0.066,0.000,0,0,0,13534,13534,0,0
travel,63.340,1520.7,1203.784,1203.784,fly,0.829,ok,2601,0,0,192.00,280784896,419942400,114090264,95883264,18123768,2904,7449760,22132800,958,13534,13534,0,0,0,0,0,0,0,0,0.061,0.068,0.000,0,0,0,13534,13534,0,0
travel,63.370,1521.4,1204.294,1204.294,fly,0.860,ok,2601,0,0,192.00,280784896,419942400,114090264,95883264,18123768,2904,7449760,22132800,958,13534,13534,0,0,0,0,0,0,0,0,0.066,0.069,0.000,0,0,0,13534,13534,0,0
travel,63.400,1522.1,1204.807,1204.807,fly,0.808,ok,2601,0,0,192.00,280784896,419942400,114090264,95883264,18123768,2904,7449760,22132800,958,13534,13534,0,0,0,0,0,0,0,0,0.060,0.065,0.000,0,0,0,13534,13534,0,0
travel,63.430,1522.9,1205.322,1205.322,fly,0.920,ok,2601,0,0,192.00,280784896,419942400,114090264,95883264,18123768,2904,7449760,22132800,958,13534,13534,0,0,0,0,0,0,0,0,0.132,0.068,0.000,0,0,0,13534,13534,0,0
travel,63.460,1523.6,1205.832,1205.832,fly,0.847,ok,2601,0,0,192.00,280784896,419942400,114090264,95883264,18123768,2904,7449760,22132800,958,13534,13534,0,0,0,0,0,0,0,0,0.061,0.079,0.000,0,0,0,13534,13534,0,0
travel,63.490,1524.3,1206.346,1206.346,fly,0.830,ok,2601,0,0,192.00,280784896,419942400,114090264,95883264,18123768,2904,7449760,22132800,958,13534,13534,0,0,0,0,0,0,0,0,0.061,0.062,0.000,0,0,0,13534,13534,0,0
travel,63.521,1525.0,1206.861,1206.861,fly,0.840,ok,2601,0,0,192.00,280784896,419942400,114090264,95883264,18123768,2904,7449760,22132800,958,13534,13534,0,0,0,0,0,0,0,0,0.062,0.070,0.000,0,0,0,13534,13534,0,0
travel,63.551,1525.8,1207.375,1207.375,fly,0.947,ok,2601,0,0,192.00,280784896,419942400,114090264,95883264,18123768,2904,7449760,22132800,958,13534,13534,0,0,0,0,0,0,0,0,0.070,0.109,0.000,0,0,0,13534,13534,0,0
travel,63.581,1526.5,1207.885,1207.885,fly,0.813,ok,2601,0,0,192.00,280784896,419942400,114090264,95883264,18123768,2904,7449760,22132800,958,13534,13534,0,0,0,0,0,0,0,0,0.061,0.070,0.000,0,0,0,13534,13534,0,0
travel,63.620,1527.4,1208.548,1208.548,fly,0.836,ok,2601,0,0,192.00,281309184,420466688,114090264,95883264,18123768,2904,11174640,22132800,958,13635,13635,0,0,0,0,0,0,0,0,0.061,0.067,0.000,0,0,0,13635,13635,0,0
travel,63.650,1528.2,1209.067,1209.067,fly,0.828,ok,2601,0,0,192.00,281309184,420466688,114090264,95883264,18123768,2904,11174640,22132800,958,13635,13635,0,0,0,0,0,0,0,0,0.065,0.070,0.000,0,0,0,13635,13635,0,0
travel,63.680,1528.9,1209.577,1209.577,fly,0.838,ok,2601,0,0,192.00,281309184,420466688,114090264,95883264,18123768,2904,11174640,22132800,958,13635,13635,0,0,0,0,0,0,0,0,0.062,0.072,0.000,0,0,0,13635,13635,0,0
travel,63.711,1529.6,1210.091,1210.091,fly,0.830,ok,2601,0,0,192.00,281309184,420466688,114090264,95883264,18123768,2904,11174640,22132800,958,13635,13635,0,0,0,0,0,0,0,0,0.062,0.067,0.000,0,0,0,13635,13635,0,0
travel,63.741,1530.3,1210.606,1210.606,fly,0.836,ok,2601,0,0,192.00,281309184,420466688,114090264,95883264,18123768,2904,11174640,22132800,958,13635,13635,0,0,0,0,0,0,0,0,0.065,0.067,0.000,0,0,0,13635,13635,0,0
travel,63.771,1531.1,1211.120,1211.120,fly,0.824,ok,2601,0,0,192.00,281309184,420466688,114090264,95883264,18123768,2904,11174640,22132800,958,13635,13635,0,0,0,0,0,0,0,0,0.061,0.065,0.000,0,0,0,13635,13635,0,0
travel,63.801,1531.8,1211.632,1211.632,fly,0.829,ok,2601,0,0,192.00,281309184,420466688,114090264,95883264,18123768,2904,11174640,22132800,958,13635,13635,0,0,0,0,0,0,0,0,0.062,0.070,0.000,0,0,0,13635,13635,0,0
travel,63.831,1532.5,1212.144,1212.144,fly,0.829,ok,2601,0,0,192.00,281309184,420466688,114090264,95883264,18123768,2904,7449760,22132800,958,13635,13635,0,0,0,0,0,0,0,0,0.063,0.064,0.000,0,0,0,13635,13635,0,0
travel,63.862,1533.2,1212.661,1212.661,fly,0.833,ok,2601,0,0,192.00,281309184,420466688,114090264,95883264,18123768,2904,7449760,22132800,958,13635,13635,0,0,0,0,0,0,0,0,0.061,0.065,0.000,0,0,0,13635,13635,0,0
travel,63.892,1534.0,1213.172,1213.172,fly,0.829,ok,2601,0,0,192.00,281309184,420466688,114090264,95883264,18123768,2904,7449760,22132800,958,13635,13635,0,0,0,0,0,0,0,0,0.061,0.063,0.000,0,0,0,13635,13635,0,0
travel,63.922,1534.7,1213.686,1213.686,fly,0.853,ok,2601,0,0,192.00,281309184,420466688,114090264,95883264,18123768,2904,7449760,22132800,958,13635,13635,0,0,0,0,0,0,0,0,0.065,0.070,0.000,0,0,0,13635,13635,0,0
travel,63.952,1535.4,1214.196,1214.196,fly,0.824,ok,2601,0,0,192.00,281309184,420466688,114090264,95883264,18123768,2904,7449760,22132800,958,13635,13635,0,0,0,0,0,0,0,0,0.061,0.064,0.000,0,0,0,13635,13635,0,0
travel,63.982,1536.1,1214.713,1214.713,fly,0.849,ok,2601,0,0,192.00,281309184,420466688,114090264,95883264,18123768,2904,7449760,22132800,958,13635,13635,0,0,0,0,0,0,0,0,0.061,0.071,0.000,0,0,0,13635,13635,0,0
travel,64.013,1536.9,1215.226,1215.226,fly,0.941,ok,2601,0,0,192.00,281309184,420466688,114090264,95883264,18123768,2904,7449760,22132800,958,13635,13635,0,0,0,0,0,0,0,0,0.157,0.068,0.000,0,0,0,13635,13635,0,0
travel,64.043,1537.6,1215.740,1215.740,fly,0.823,ok,2601,0,0,192.00,281309184,420466688,114090264,95883264,18123768,2904,7449760,22132800,958,13635,13635,0,0,0,0,0,0,0,0,0.060,0.065,0.000,0,0,0,13635,13635,0,0
travel,64.081,1538.5,1216.391,1216.391,fly,0.830,ok,2601,0,0,192.00,281833472,420990976,114090264,95883264,18123768,2904,11174640,22132800,958,13736,13736,0,0,0,0,0,0,0,0,0.062,0.066,0.000,0,0,0,13736,13736,0,0
travel,64.111,1539.2,1216.906,1216.906,fly,0.829,ok,2601,0,0,192.00,281833472,420990976,114090264,95883264,18123768,2904,11174640,22132800,958,13736,13736,0,0,0,0,0,0,0,0,0.062,0.066,0.000,0,0,0,13736,13736,0,0
travel,64.142,1540.0,1217.422,1217.422,fly,0.830,ok,2601,0,0,192.00,281833472,420990976,114090264,95883264,18123768,2904,11174640,22132800,958,13736,13736,0,0,0,0,0,0,0,0,0.063,0.063,0.000,0,0,0,13736,13736,0,0
travel,64.172,1540.7,1217.933,1217.933,fly,0.834,ok,2601,0,0,192.00,281833472,420990976,114090264,95883264,18123768,2904,11174640,22132800,958,13736,13736,0,0,0,0,0,0,0,0,0.062,0.066,0.000,0,0,0,13736,13736,0,0
travel,64.202,1541.4,1218.443,1218.443,fly,0.838,ok,2601,0,0,192.00,281833472,420990976,114090264,95883264,18123768,2904,11174640,22132800,958,13736,13736,0,0,0,0,0,0,0,0,0.061,0.066,0.000,0,0,0,13736,13736,0,0
travel,64.232,1542.1,1218.957,1218.957,fly,0.833,ok,2601,0,0,192.00,281833472,420990976,114090264,95883264,18123768,2904,11174640,22132800,958,13736,13736,0,0,0,0,0,0,0,0,0.061,0.067,0.000,0,0,0,13736,13736,0,0
travel,64.262,1542.9,1219.467,1219.467,fly,1.117,ok,2601,0,0,192.00,281833472,420990976,114090264,95883264,18123768,2904,11174640,22132800,958,13736,13736,0,0,0,0,0,0,0,0,0.345,0.064,0.000,0,0,0,13736,13736,0,0
travel,64.292,1543.6,1219.981,1219.981,fly,0.843,ok,2601,0,0,192.00,281833472,420990976,114090264,95883264,18123768,2904,7449760,22132800,958,13736,13736,0,0,0,0,0,0,0,0,0.062,0.066,0.000,0,0,0,13736,13736,0,0
travel,64.323,1544.3,1220.496,1220.496,fly,0.851,ok,2601,0,0,192.00,281833472,420990976,114090264,95883264,18123768,2904,7449760,22132800,958,13736,13736,0,0,0,0,0,0,0,0,0.063,0.070,0.000,0,0,0,13736,13736,0,0
travel,64.353,1545.0,1221.010,1221.010,fly,0.855,ok,2601,0,0,192.00,281833472,420990976,114090264,95883264,18123768,2904,7449760,22132800,958,13736,13736,0,0,0,0,0,0,0,0,0.061,0.066,0.000,0,0,0,13736,13736,0,0
travel,64.383,1545.8,1221.526,1221.526,fly,0.840,ok,2601,0,0,192.00,281833472,420990976,114090264,95883264,18123768,2904,7449760,22132800,958,13736,13736,0,0,0,0,0,0,0,0,0.062,0.085,0.000,0,0,0,13736,13736,0,0
travel,64.413,1546.5,1222.041,1222.041,fly,0.812,ok,2601,0,0,192.00,281833472,420990976,114090264,95883264,18123768,2904,7449760,22132800,958,13736,13736,0,0,0,0,0,0,0,0,0.061,0.065,0.000,0,0,0,13736,13736,0,0
travel,64.444,1547.2,1222.552,1222.552,fly,0.809,ok,2601,0,0,192.00,281833472,420990976,114090264,95883264,18123768,2904,7449760,22132800,958,13736,13736,0,0,0,0,0,0,0,0,0.061,0.062,0.000,0,0,0,13736,13736,0,0
travel,64.474,1548.0,1223.069,1223.069,fly,0.884,ok,2601,0,0,192.00,281833472,420990976,114090264,95883264,18123768,2904,7449760,22132800,958,13736,13736,0,0,0,0,0,0,0,0,0.063,0.076,0.000,0,0,0,13736,13736,0,0
travel,64.504,1548.7,1223.586,1223.586,fly,0.811,ok,2601,0,0,192.00,281833472,420990976,114090264,95883264,18123768,2904,7449760,22132800,958,13736,13736,0,0,0,0,0,0,0,0,0.060,0.065,0.000,0,0,0,13736,13736,0,0
travel,64.543,1549.6,1224.235,1224.235,fly,0.836,ok,2601,0,0,192.00,282357760,421515264,114090264,95883264,18123768,2904,11174640,22132800,958,13837,13837,0,0,0,0,0,0,0,0,0.061,0.065,0.000,0,0,0,13837,13837,0,0
travel,64.573,1550.3,1224.753,1224.753,fly,0.838,ok,2601,0,0,192.00,282357760,421515264,114090264,95883264,18123768,2904,11174640,22132800,958,13837,13837,0,0,0,0,0,0,0,0,0.061,0.063,0.000,0,0,0,13837,13837,0,0
travel,64.604,1551.1,1225.277,1225.277,fly,0.834,ok,2601,0,0,192.00,282357760,421515264,114090264,95883264,18123768,2904,11174640,22132800,958,13837,13837,0,0,0,0,0,0,0,0,0.062,0.065,0.000,0,0,0,13837,13837,0,0
travel,64.634,1551.8,1225.795,1225.795,fly,0.928,ok,2601,0,0,192.00,282357760,421515264,114090264,95883264,18123768,2904,11174640,22132800,958,13837,13837,0,0,0,0,0,0,0,0,0.073,0.110,0.000,0,0,0,13837,13837,0,0
travel,64.665,1552.5,1226.312,1226.312,fly,0.830,ok,2601,0,0,192.00,282357760,421515264,114090264,95883264,18123768,2904,11174640,22132800,958,13837,13837,0,0,0,0,0,0,0,0,0.062,0.064,0.000,0,0,0,13837,13837,0,0
travel,64.695,1553.3,1226.826,1226.826,fly,0.833,ok,2601,0,0,192.00,282357760,421515264,114090264,95883264,18123768,2904,11174640,22132800,958,13837,13837,0,0,0,0,0,0,0,0,0.060,0.066,0.000,0,0,0,13837,13837,0,0
travel,64.725,1554.0,1227.342,1227.342,fly,0.848,ok,2601,0,0,192.00,282357760,421515264,114090264,95883264,18123768,2904,11174640,22132800,958,13837,13837,0,0,0,0,0,0,0,0,0.062,0.067,0.000,0,0,0,13837,13837,0,0
travel,64.756,1554.7,1227.858,1227.858,fly,0.831,ok,2601,0,0,192.00,282357760,421515264,114090264,95883264,18123768,2904,7449760,22132800,958,13837,13837,0,0,0,0,0,0,0,0,0.061,0.065,0.000,0,0,0,13837,13837,0,0
travel,64.786,1555.4,1228.369,1228.369,fly,1.017,ok,2601,0,0,192.00,282357760,421515264,114090264,95883264,18123768,2904,7449760,22132800,958,13837,13837,0,0,0,0,0,0,0,0,0.259,0.064,0.000,0,0,0,13837,13837,0,0
travel,64.816,1556.2,1228.886,1228.886,fly,0.810,ok,2601,0,0,192.00,282357760,421515264,114090264,95883264,18123768,2904,7449760,22132800,958,13837,13837,0,0,0,0,0,0,0,0,0.060,0.065,0.000,0,0,0,13837,13837,0,0
travel,64.847,1556.9,1229.405,1229.405,fly,0.830,ok,2601,0,0,192.00,282357760,421515264,114090264,95883264,18123768,2904,7449760,22132800,958,13837,13837,0,0,0,0,0,0,0,0,0.062,0.066,0.000,0,0,0,13837,13837,0,0
travel,64.877,1557.6,1229.918,1229.918,fly,0.865,ok,2601,0,0,192.00,282357760,421515264,114090264,95883264,18123768,2904,7449760,22132800,958,13837,13837,0,0,0,0,0,0,0,0,0.061,0.073,0.000,0,0,0,13837,13837,0,0
travel,64.907,1558.4,1230.435,1230.435,fly,0.831,ok,2601,0,0,192.00,282357760,421515264,114090264,95883264,18123768,2904,7449760,22132800,958,13837,13837,0,0,0,0,0,0,0,0,0.061,0.067,0.000,0,0,0,13837,13837,0,0
travel,64.937,1559.1,1230.947,1230.947,fly,0.827,ok,2601,0,0,192.00,282357760,421515264,114090264,95883264,18123768,2904,7449760,22132800,958,13837,13837,0,0,0,0,0,0,0,0,0.061,0.068,0.000,0,0,0,13837,13837,0,0
travel,64.968,1559.8,1231.469,1231.469,fly,0.828,ok,2601,0,0,192.00,282357760,421515264,114090264,95883264,18123768,2904,7449760,22132800,958,13837,13837,0,0,0,0,0,0,0,0,0.061,0.065,0.000,0,0,0,13837,13837,0,0
travel,64.998,1560.6,1231.982,1231.982,fly,0.827,ok,2601,0,0,192.00,282357760,421515264,114090264,95883264,18123768,2904,7449760,22132800,958,13837,13837,0,0,0,0,0,0,0,0,0.059,0.064,0.000,0,0,0,13837,13837,0,0
travel,65.036,1561.5,1232.627,1232.627,fly,1.151,ok,2601,0,0,192.00,282357760,421515264,114090264,95883264,18123768,2904,11174640,22132800,958,13938,13938,0,0,0,0,0,0,0,0,0.363,0.067,0.000,0,0,0,13938,13938,0,0
travel,65.067,1562.2,1233.143,1233.143,fly,0.837,ok,2601,0,0,192.00,282357760,421515264,114090264,95883264,18123768,2904,11174640,22132800,958,13938,13938,0,0,0,0,0,0,0,0,0.062,0.064,0.000,0,0,0,13938,13938,0,0
travel,65.097,1562.9,1233.656,1233.656,fly,0.839,ok,2601,0,0,192.00,282357760,421515264,114090264,95883264,18123768,2904,11174640,22132800,958,13938,13938,0,0,0,0,0,0,0,0,0.063,0.066,0.000,0,0,0,13938,13938,0,0
travel,65.127,1563.7,1234.171,1234.171,fly,0.845,ok,2601,0,0,192.00,282357760,421515264,114090264,95883264,18123768,2904,11174640,22132800,958,13938,13938,0,0,0,0,0,0,0,0,0.063,0.068,0.000,0,0,0,13938,13938,0,0
travel,65.157,1564.4,1234.688,1234.688,fly,0.835,ok,2601,0,0,192.00,282357760,421515264,114090264,95883264,18123768,2904,11174640,22132800,958,13938,13938,0,0,0,0,0,0,0,0,0.062,0.068,0.000,0,0,0,13938,13938,0,0
travel,65.188,1565.1,1235.204,1235.204,fly,0.827,ok,2601,0,0,192.00,282357760,421515264,114090264,95883264,18123768,2904,11174640,22132800,958,13938,13938,0,0,0,0,0,0,0,0,0.062,0.060,0.000,0,0,0,13938,13938,0,0
travel,65.218,1565.8,1235.720,1235.720,fly,0.863,ok,2601,0,0,192.00,282357760,421515264,114090264,95883264,18123768,2904,7449760,22132800,958,13938,13938,0,0,0,0,0,0,0,0,0.063,0.068,0.000,0,0,0,13938,13938,0,0
travel,65.248,1566.6,1236.230,1236.230,fly,1.106,ok,2601,0,0,192.00,282357760,421515264,114090264,95883264,18123768,2904,7449760,22132800,958,13938,13938,0,0,0,0,0,0,0,0,0.325,0.062,0.000,0,0,0,13938,13938,0,0
travel,65.279,1567.3,1236.749,1236.749,fly,0.826,ok,2601,0,0,192.00,282357760,421515264,114090264,95883264,18123768,2904,7449760,22132800,958,13938,13938,0,0,0,0,0,0,0,0,0.061,0.067,0.000,0,0,0,13938,13938,0,0
travel,65.309,1568.0,1237.260,1237.260,fly,0.831,ok,2601,0,0,192.00,282357760,421515264,114090264,95883264,18123768,2904,7449760,22132800,958,13938,13938,0,0,0,0,0,0,0,0,0.061,0.066,0.000,0,0,0,13938,13938,0,0
travel,65.339,1568.7,1237.772,1237.772,fly,0.849,ok,2601,0,0,192.00,282357760,421515264,114090264,95883264,18123768,2904,7449760,22132800,958,13938,13938,0,0,0,0,0,0,0,0,0.061,0.076,0.000,0,0,0,13938,13938,0,0
travel,65.369,1569.5,1238.284,1238.284,fly,0.816,ok,2601,0,0,192.00,282357760,421515264,114090264,95883264,18123768,2904,7449760,22132800,958,13938,13938,0,0,0,0,0,0,0,0,0.064,0.065,0.000,0,0,0,13938,13938,0,0
travel,65.399,1570.2,1238.802,1238.802,fly,0.841,ok,2601,0,0,192.00,282357760,421515264,114090264,95883264,18123768,2904,7449760,22132800,958,13938,13938,0,0,0,0,0,0,0,0,0.060,0.068,0.000,0,0,0,13938,13938,0,0
travel,65.430,1570.9,1239.322,1239.322,fly,0.854,ok,2601,0,0,192.00,282357760,421515264,114090264,95883264,18123768,2904,7449760,22132800,958,13938,13938,0,0,0,0,0,0,0,0,0.061,0.073,0.000,0,0,0,13938,13938,0,0
travel,65.460,1571.7,1239.832,1239.832,fly,0.821,ok,2601,0,0,192.00,282357760,421515264,114090264,95883264,18123768,2904,7449760,22132800,958,13938,13938,0,0,0,0,0,0,0,0,0.060,0.066,0.000,0,0,0,13938,13938,0,0
travel,65.498,1572.6,1240.482,1240.482,fly,0.818,ok,2601,0,0,192.00,281915392,420990976,114090264,95883264,18123768,2904,11174640,22132800,958,14039,14039,0,0,0,0,0,0,0,0,0.062,0.066,0.000,0,0,0,14039,14039,0,0
travel,65.529,1573.3,1241.001,1241.001,fly,0.859,ok,2601,0,0,192.00,281915392,420990976,114090264,95883264,18123768,2904,11174640,22132800,958,14039,14039,0,0,0,0,0,0,0,0,0.061,0.064,0.000,0,0,0,14039,14039,0,0
travel,65.559,1574.0,1241.518,1241.518,fly,0.930,ok,2601,0,0,192.00,281915392,420990976,114090264,95883264,18123768,2904,11174640,22132800,958,14039,14039,0,0,0,0,0,0,0,0,0.134,0.069,0.000,0,0,0,14039,14039,0,0
travel,65.590,1574.8,1242.035,1242.035,fly,0.832,ok,2601,0,0,192.00,281915392,420990976,114090264,95883264,18123768,2904,11174640,22132800,958,14039,14039,0,0,0,0,0,0,0,0,0.061,0.066,0.000,0,0,0,14039,14039,0,0
travel,65.620,1575.5,1242.559,1242.559,fly,0.835,ok,2601,0,0,192.00,281915392,420990976,114090264,95883264,18123768,2904,11174640,22132800,958,14039,14039,0,0,0,0,0,0,0,0,0.062,0.067,0.000,0,0,0,14039,14039,0,0
travel,65.651,1576.2,1243.075,1243.075,fly,0.841,ok,2601,0,0,192.00,281915392,420990976,114090264,95883264,18123768,2904,11174640,22132800,958,14039,14039,0,0,0,0,0,0,0,0,0.061,0.066,0.000,0,0,0,14039,14039,0,0
travel,65.681,1577.0,1243.596,1243.596,fly,0.834,ok,2601,0,0,192.00,281915392,420990976,114090264,95883264,18123768,2904,11174640,22132800,958,14039,14039,0,0,0,0,0,0,0,0,0.061,0.066,0.000,0,0,0,14039,14039,0,0
travel,65.712,1577.7,1244.110,1244.110,fly,1.395,ok,2601,0,0,192.00,281915392,420990976,114090264,95883264,18123768,2904,7449760,22132800,958,14039,14039,0,0,0,0,0,0,0,0,0.524,0.154,0.000,0,0,0,14039,14039,0,0
travel,65.742,1578.5,1244.634,1244.634,fly,0.847,ok,2601,0,0,192.00,281915392,420990976,114090264,95883264,18123768,2904,7449760,22132800,958,14039,14039,0,0,0,0,0,0,0,0,0.062,0.069,0.000,0,0,0,14039,14039,0,0
travel,65.772,1579.2,1245.146,1245.146,fly,0.836,ok,2601,0,0,192.00,281915392,420990976,114090264,95883264,18123768,2904,7449760,22132800,958,14039,14039,0,0,0,0,0,0,0,0,0.062,0.066,0.000,0,0,0,14039,14039,0,0
travel,65.803,1579.9,1245.658,1245.658,fly,0.836,ok,2601,0,0,192.00,281915392,420990976,114090264,95883264,18123768,2904,7449760,22132800,958,14039,14039,0,0,0,0,0,0,0,0,0.061,0.067,0.000,0,0,0,14039,14039,0,0
travel,65.833,1580.6,1246.177,1246.177,fly,0.886,ok,2601,0,0,192.00,281915392,420990976,114090264,95883264,18123768,2904,7449760,22132800,958,14039,14039,0,0,0,0,0,0,0,0,0.064,0.078,0.000,0,0,0,14039,14039,0,0
travel,65.863,1581.4,1246.692,1246.692,fly,0.836,ok,2601,0,0,192.00,281915392,420990976,114090264,95883264,18123768,2904,7449760,22132800,958,14039,14039,0,0,0,0,0,0,0,0,0.060,0.066,0.000,0,0,0,14039,14039,0,0
travel,65.894,1582.1,1247.211,1247.211,fly,0.833,ok,2601,0,0,192.00,281915392,420990976,114090264,95883264,18123768,2904,7449760,22132800,958,14039,14039,0,0,0,0,0,0,0,0,0.061,0.070,0.000,0,0,0,14039,14039,0,0
travel,65.924,1582.8,1247.725,1247.725,fly,1.147,ok,2601,0,0,192.00,281915392,420990976,114090264,95883264,18123768,2904,7449760,22132800,958,14039,14039,0,0,0,0,0,0,0,0,0.061,0.373,0.000,0,0,0,14039,14039,0,0
travel,65.964,1583.8,1248.393,1248.393,fly,0.857,ok,2601,0,0,192.00,281915392,420990976,114090264,95883264,18123768,2904,11174640,22132800,958,14140,14140,0,0,0,0,0,0,0,0,0.063,0.070,0.000,0,0,0,14140,14140,0,0
travel,65.994,1584.5,1248.906,1248.906,fly,0.835,ok,2601,0,0,192.00,281915392,420990976,114090264,95883264,18123768,2904,11174640,22132800,958,14140,14140,0,0,0,0,0,0,0,0,0.061,0.064,0.000,0,0,0,14140,14140,0,0
travel,66.024,1585.2,1249.421,1249.421,fly,0.812,ok,2601,0,0,192.00,281915392,420990976,114090264,95883264,18123768,2904,11174640,22132800,958,14140,14140,0,0,0,0,0,0,0,0,0.063,0.064,0.000,0,0,0,14140,14140,0,0
travel,66.054,1585.9,1249.933,1249.933,fly,0.812,ok,2601,0,0,192.00,281915392,420990976,114090264,95883264,18123768,2904,11174640,22132800,958,14140,14140,0,0,0,0,0,0,0,0,0.061,0.065,0.000,0,0,0,14140,14140,0,0
travel,66.084,1586.7,1250.444,1250.444,fly,0.816,ok,2601,0,0,192.00,281915392,420990976,114090264,95883264,18123768,2904,11174640,22132800,958,14140,14140,0,0,0,0,0,0,0,0,0.062,0.065,0.000,0,0,0,14140,14140,0,0
travel,66.115,1587.4,1250.963,1250.963,fly,0.818,ok,2601,0,0,192.00,281915392,420990976,114090264,95883264,18123768,2904,11174640,22132800,958,14140,14140,0,0,0,0,0,0,0,0,0.060,0.062,0.000,0,0,0,14140,14140,0,0
travel,66.145,1588.1,1251.476,1251.476,fly,0.816,ok,2601,0,0,192.00,281915392,420990976,114090264,95883264,18123768,2904,11174640,22132800,958,14140,14140,0,0,0,0,0,0,0,0,0.062,0.063,0.000,0,0,0,14140,14140,0,0
travel,66.175,1588.9,1251.990,1251.990,fly,0.813,ok,2601,0,0,192.00,281915392,420990976,114090264,95883264,18123768,2904,7449760,22132800,958,14140,14140,0,0,0,0,0,0,0,0,0.061,0.065,0.000,0,0,0,14140,14140,0,0
travel,66.205,1589.6,1252.506,1252.506,fly,0.833,ok,2601,0,0,192.00,281915392,420990976,114090264,95883264,18123768,2904,7449760,22132800,958,14140,14140,0,0,0,0,0,0,0,0,0.061,0.067,0.000,0,0,0,14140,14140,0,0
travel,66.235,1590.3,1253.017,1253.017,fly,0.856,ok,2601,0,0,192.00,281915392,420990976,114090264,95883264,18123768,2904,7449760,22132800,958,14140,14140,0,0,0,0,0,0,0,0,0.062,0.067,0.000,0,0,0,14140,14140,0,0
travel,66.266,1591.0,1253.533,1253.533,fly,0.831,ok,2601,0,0,192.00,281915392,420990976,114090264,95883264,18123768,2904,7449760,22132800,958,14140,14140,0,0,0,0,0,0,0,0,0.061,0.067,0.000,0,0,0,14140,14140,0,0
travel,66.296,1591.8,1254.044,1254.044,fly,0.853,ok,2601,0,0,192.00,281915392,420990976,114090264,95883264,18123768,2904,7449760,22132800,958,14140,14140,0,0,0,0,0,0,0,0,0.061,0.071,0.000,0,0,0,14140,14140,0,0
travel,66.326,1592.5,1254.561,1254.561,fly,0.818,ok,2601,0,0,192.00,281915392,420990976,114090264,95883264,18123768,2904,7449760,22132800,958,14140,14140,0,0,0,0,0,0,0,0,0.061,0.066,0.000,0,0,0,14140,14140,0,0
travel,66.357,1593.2,1255.081,1255.081,fly,0.829,ok,2601,0,0,192.00,281915392,420990976,114090264,95883264,18123768,2904,7449760,22132800,958,14140,14140,0,0,0,0,0,0,0,0,0.061,0.063,0.000,0,0,0,14140,14140,0,0
travel,66.387,1594.0,1255.595,1255.595,fly,0.863,ok,2601,0,0,192.00,281915392,420990976,114090264,95883264,18123768,2904,7449760,22132800,958,14140,14140,0,0,0,0,0,0,0,0,0.062,0.078,0.000,0,0,0,14140,14140,0,0
travel,66.426,1594.9,1256.258,1256.258,fly,0.836,ok,2601,0,0,192.00,281915392,420990976,114090264,95883264,18123768,2904,11174640,22132800,958,14241,14241,0,0,0,0,0,0,0,0,0.062,0.066,0.000,0,0,0,14241,14241,0,0
travel,66.457,1595.6,1256.775,1256.775,fly,0.859,ok,2601,0,0,192.00,281915392,420990976,114090264,95883264,18123768,2904,11174640,22132800,958,14241,14241,0,0,0,0,0,0,0,0,0.066,0.073,0.000,0,0,0,14241,14241,0,0
travel,66.487,1596.3,1257.286,1257.286,fly,0.834,ok,2601,0,0,192.00,281915392,420990976,114090264,95883264,18123768,2904,11174640,22132800,958,14241,14241,0,0,0,0,0,0,0,0,0.063,0.064,0.000,0,0,0,14241,14241,0,0
travel,66.517,1597.1,1257.807,1257.807,fly,0.811,ok,2601,0,0,192.00,281915392,420990976,114090264,95883264,18123768,2904,11174640,22132800,958,14241,14241,0,0,0,0,0,0,0,0,0.062,0.063,0.000,0,0,0,14241,14241,0,0
travel,66.547,1597.8,1258.318,1258.318,fly,0.925,ok,2601,0,0,192.00,281915392,420990976,114090264,95883264,18123768,2904,11174640,22132800,958,14241,14241,0,0,0,0,0,0,0,0,0.140,0.071,0.000,0,0,0,14241,14241,0,0
travel,66.578,1598.5,1258.832,1258.832,fly,0.821,ok,2601,0,0,192.00,281915392,420990976,114090264,95883264,18123768,2904,11174640,22132800,958,14241,14241,0,0,0,0,0,0,0,0,0.061,0.066,0.000,0,0,0,14241,14241,0,0
travel,66.608,1599.3,1259.342,1259.342,fly,0.898,ok,2601,0,0,192.00,281980928,420990976,114090264,95883264,18123768,2904,11174640,22132800,958,14241,14241,0,0,0,0,0,0,0,0,0.137,0.066,0.000,0,0,0,14241,14241,0,0
travel,66.638,1600.0,1259.858,1259.858,fly,0.819,ok,2601,0,0,192.00,281980928,420990976,114090264,95883264,18123768,2904,7449760,22132800,958,14241,14241,0,0,0,0,0,0,0,0,0.062,0.066,0.000,0,0,0,14241,14241,0,0
travel,66.669,1600.7,1260.385,1260.385,fly,0.830,ok,2601,0,0,192.00,281980928,420990976,114090264,95883264,18123768,2904,7449760,22132800,958,14241,14241,0,0,0,0,0,0,0,0,0.061,0.065,0.000,0,0,0,14241,14241,0,0
travel,66.699,1601.5,1260.899,1260.899,fly,0.828,ok,2601,0,0,192.00,281980928,420990976,114090264,95883264,18123768,2904,7449760,22132800,958,14241,14241,0,0,0,0,0,0,0,0,0.061,0.066,0.000,0,0,0,14241,14241,0,0
travel,66.730,1602.2,1261.421,1261.421,fly,1.071,ok,2601,0,0,192.00,281980928,420990976,114090264,95883264,18123768,2904,7449760,22132800,958,14241,14241,0,0,0,0,0,0,0,0,0.072,0.109,0.000,0,0,0,14241,14241,0,0
travel,66.760,1602.9,1261.933,1261.933,fly,1.147,ok,2601,0,0,192.00,281980928,420990976,114090264,95883264,18123768,2904,7449760,22132800,958,14241,14241,0,0,0,0,0,0,0,0,0.384,0.060,0.000,0,0,0,14241,14241,0,0
travel,66.791,1603.7,1262.454,1262.454,fly,0.859,ok,2601,0,0,192.00,281980928,420990976,114090264,95883264,18123768,2904,7449760,22132800,958,14241,14241,0,0,0,0,0,0,0,0,0.060,0.070,0.000,0,0,0,14241,14241,0,0
travel,66.821,1604.4,1262.969,1262.969,fly,0.954,ok,2601,0,0,192.00,281980928,420990976,114090264,95883264,18123768,2904,7449760,22132800,958,14241,14241,0,0,0,0,0,0,0,0,0.070,0.110,0.000,0,0,0,14241,14241,0,0
travel,66.851,1605.1,1263.480,1263.480,fly,0.836,ok,2601,0,0,192.00,281980928,420990976,114090264,95883264,18123768,2904,7449760,22132800,958,14241,14241,0,0,0,0,0,0,0,0,0.061,0.064,0.000,0,0,0,14241,14241,0,0
travel,66.882,1605.8,1264.007,1264.007,fly,4.341,ok,2536,65,50,192.00,281456640,420466688,111239104,93487104,17670848,2904,11174640,17696880,958,14277,14342,36,101,36,36,36,0,0,0,0.396,0.081,0.000,0,0,0,14277,14277,0,0
travel,66.920,1606.8,1264.661,1264.661,fly,0.830,ok,2601,0,0,192.00,281456640,420466688,114090264,95883264,18123768,2904,11174640,22132800,958,14342,14342,0,0,0,0,0,0,0,0,0.062,0.066,0.000,0,0,0,14342,14342,0,0
travel,66.951,1607.5,1265.181,1265.181,fly,0.856,ok,2601,0,0,192.00,281456640,420466688,114090264,95883264,18123768,2904,11174640,22132800,958,14342,14342,0,0,0,0,0,0,0,0,0.063,0.070,0.000,0,0,0,14342,14342,0,0
travel,66.981,1608.2,1265.697,1265.697,fly,0.829,ok,2601,0,0,192.00,281456640,420466688,114090264,95883264,18123768,2904,11174640,22132800,958,14342,14342,0,0,0,0,0,0,0,0,0.062,0.065,0.000,0,0,0,14342,14342,0,0
travel,67.012,1609.0,1266.213,1266.213,fly,0.834,ok,2601,0,0,192.00,281456640,420466688,114090264,95883264,18123768,2904,11174640,22132800,958,14342,14342,0,0,0,0,0,0,0,0,0.062,0.068,0.000,0,0,0,14342,14342,0,0
travel,67.042,1609.7,1266.726,1266.726,fly,0.832,ok,2601,0,0,192.00,281456640,420466688,114090264,95883264,18123768,2904,11174640,22132800,958,14342,14342,0,0,0,0,0,0,0,0,0.061,0.065,0.000,0,0,0,14342,14342,0,0
travel,67.072,1610.4,1267.239,1267.239,fly,0.834,ok,2601,0,0,192.00,281456640,420466688,114090264,95883264,18123768,2904,11174640,22132800,958,14342,14342,0,0,0,0,0,0,0,0,0.063,0.066,0.000,0,0,0,14342,14342,0,0
travel,67.102,1611.1,1267.754,1267.754,fly,0.830,ok,2601,0,0,192.00,281456640,420466688,114090264,95883264,18123768,2904,11174640,22132800,958,14342,14342,0,0,0,0,0,0,0,0,0.061,0.066,0.000,0,0,0,14342,14342,0,0
travel,67.133,1611.9,1268.268,1268.268,fly,0.829,ok,2601,0,0,192.00,281456640,420466688,114090264,95883264,18123768,2904,7449760,22132800,958,14342,14342,0,0,0,0,0,0,0,0,0.061,0.065,0.000,0,0,0,14342,14342,0,0
travel,67.163,1612.6,1268.784,1268.784,fly,0.826,ok,2601,0,0,192.00,281456640,420466688,114090264,95883264,18123768,2904,7449760,22132800,958,14342,14342,0,0,0,0,0,0,0,0,0.060,0.065,0.000,0,0,0,14342,14342,0,0
travel,67.193,1613.3,1269.302,1269.302,fly,0.840,ok,2601,0,0,192.00,281456640,420466688,114090264,95883264,18123768,2904,7449760,22132800,958,14342,14342,0,0,0,0,0,0,0,0,0.061,0.069,0.000,0,0,0,14342,14342,0,0
travel,67.224,1614.1,1269.815,1269.815,fly,1.137,ok,2601,0,0,192.00,281456640,420466688,114090264,95883264,18123768,2904,7449760,22132800,958,14342,14342,0,0,0,0,0,0,0,0,0.367,0.062,0.000,0,0,0,14342,14342,0,0
travel,67.254,1614.8,1270.331,1270.331,fly,0.829,ok,2601,0,0,192.00,281456640,420466688,114090264,95883264,18123768,2904,7449760,22132800,958,14342,14342,0,0,0,0,0,0,0,0,0.061,0.066,0.000,0,0,0,14342,14342,0,0
travel,67.284,1615.5,1270.845,1270.845,fly,0.830,ok,2601,0,0,192.00,281456640,420466688,114090264,95883264,18123768,2904,7449760,22132800,958,14342,14342,0,0,0,0,0,0,0,0,0.062,0.066,0.000,0,0,0,14342,14342,0,0
travel,67.314,1616.2,1271.357,1271.357,fly,0.843,ok,2601,0,0,192.00,281456640,420466688,114090264,95883264,18123768,2904,7449760,22132800,958,14342,14342,0,0,0,0,0,0,0,0,0.062,0.068,0.000,0,0,0,14342,14342,0,0
travel,67.345,1617.0,1271.873,1271.873,fly,0.889,ok,2601,0,0,192.00,281456640,420466688,114090264,95883264,18123768,2904,7449760,22132800,958,14342,14342,0,0,0,0,0,0,0,0,0.062,0.077,0.000,0,0,0,14342,14342,0,0
travel,67.382,1617.9,1272.515,1272.515,fly,0.832,ok,2601,0,0,192.00,281456640,420466688,114090264,95883264,18123768,2904,11174640,22132800,958,14443,14443,0,0,0,0,0,0,0,0,0.063,0.064,0.000,0,0,0,14443,14443,0,0
travel,67.413,1618.6,1273.039,1273.039,fly,0.831,ok,2601,0,0,192.00,281456640,420466688,114090264,95883264,18123768,2904,11174640,22132800,958,14443,14443,0,0,0,0,0,0,0,0,0.061,0.064,0.000,0,0,0,14443,14443,0,0
travel,67.443,1619.3,1273.552,1273.552,fly,0.830,ok,2601,0,0,192.00,281456640,420466688,114090264,95883264,18123768,2904,11174640,22132800,958,14443,14443,0,0,0,0,0,0,0,0,0.062,0.064,0.000,0,0,0,14443,14443,0,0
travel,67.474,1620.1,1274.072,1274.072,fly,1.033,ok,2601,0,0,192.00,281456640,420466688,114090264,95883264,18123768,2904,11174640,22132800,958,14443,14443,0,0,0,0,0,0,0,0,0.143,0.165,0.000,0,0,0,14443,14443,0,0
travel,67.504,1620.8,1274.585,1274.585,fly,0.823,ok,2601,0,0,192.00,281456640,420466688,114090264,95883264,18123768,2904,11174640,22132800,958,14443,14443,0,0,0,0,0,0,0,0,0.060,0.063,0.000,0,0,0,14443,14443,0,0
travel,67.535,1621.5,1275.103,1275.103,fly,0.836,ok,2601,0,0,192.00,281456640,420466688,114090264,95883264,18123768,2904,11174640,22132800,958,14443,14443,0,0,0,0,0,0,0,0,0.062,0.067,0.000,0,0,0,14443,14443,0,0
travel,67.565,1622.3,1275.617,1275.617,fly,0.828,ok,2601,0,0,192.00,281456640,420466688,114090264,95883264,18123768,2904,7449760,22132800,958,14443,14443,0,0,0,0,0,0,0,0,0.061,0.064,0.000,0,0,0,14443,14443,0,0
travel,67.595,1623.0,1276.130,1276.130,fly,0.832,ok,2601,0,0,192.00,281456640,420466688,114090264,95883264,18123768,2904,7449760,22132800,958,14443,14443,0,0,0,0,0,0,0,0,0.061,0.067,0.000,0,0,0,14443,14443,0,0
travel,67.625,1623.7,1276.644,1276.644,fly,0.833,ok,2601,0,0,192.00,281456640,420466688,114090264,95883264,18123768,2904,7449760,22132800,958,14443,14443,0,0,0,0,0,0,0,0,0.062,0.065,0.000,0,0,0,14443,14443,0,0
travel,67.655,1624.4,1277.156,1277.156,fly,0.830,ok,2601,0,0,192.00,281456640,420466688,114090264,95883264,18123768,2904,7449760,22132800,958,14443,14443,0,0,0,0,0,0,0,0,0.061,0.066,0.000,0,0,0,14443,14443,0,0
travel,67.686,1625.2,1277.672,1277.672,fly,1.048,ok,2601,0,0,192.00,281456640,420466688,114090264,95883264,18123768,2904,7449760,22132800,958,14443,14443,0,0,0,0,0,0,0,0,0.249,0.064,0.000,0,0,0,14443,14443,0,0
travel,67.716,1625.9,1278.188,1278.188,fly,0.847,ok,2601,0,0,192.00,281456640,420466688,114090264,95883264,18123768,2904,7449760,22132800,958,14443,14443,0,0,0,0,0,0,0,0,0.061,0.066,0.000,0,0,0,14443,14443,0,0
travel,67.746,1626.6,1278.702,1278.702,fly,0.842,ok,2601,0,0,192.00,281456640,420466688,114090264,95883264,18123768,2904,7449760,22132800,958,14443,14443,0,0,0,0,0,0,0,0,0.061,0.066,0.000,0,0,0,14443,14443,0,0
travel,67.776,1627.4,1279.215,1279.215,fly,0.838,ok,2601,0,0,192.00,281456640,420466688,114090264,95883264,18123768,2904,7449760,22132800,958,14443,14443,0,0,0,0,0,0,0,0,0.061,0.064,0.000,0,0,0,14443,14443,0,0
travel,67.807,1628.1,1279.732,1279.732,fly,0.830,ok,2601,0,0,192.00,281456640,420466688,114090264,95883264,18123768,2904,7449760,22132800,958,14443,14443,0,0,0,0,0,0,0,0,0.061,0.065,0.000,0,0,0,14443,14443,0,0
travel,67.845,1629.0,1280.380,1280.380,fly,0.857,ok,2601,0,0,192.00,281653248,420990976,114090264,95883264,18123768,2904,11174640,22132800,958,14544,14544,0,0,0,0,0,0,0,0,0.062,0.070,0.000,0,0,0,14544,14544,0,0
travel,67.875,1629.7,1280.890,1280.890,fly,0.848,ok,2601,0,0,192.00,281653248,420990976,114090264,95883264,18123768,2904,11174640,22132800,958,14544,14544,0,0,0,0,0,0,0,0,0.062,0.067,0.000,0,0,0,14544,14544,0,0
travel,67.905,1630.5,1281.407,1281.407,fly,0.856,ok,2601,0,0,192.00,281653248,420990976,114090264,95883264,18123768,2904,11174640,22132800,958,14544,14544,0,0,0,0,0,0,0,0,0.063,0.070,0.000,0,0,0,14544,14544,0,0
travel,67.936,1631.2,1281.928,1281.928,fly,0.833,ok,2601,0,0,192.00,281653248,420990976,114090264,95883264,18123768,2904,11174640,22132800,958,14544,14544,0,0,0,0,0,0,0,0,0.062,0.067,0.000,0,0,0,14544,14544,0,0
travel,67.966,1631.9,1282.440,1282.440,fly,0.859,ok,2601,0,0,192.00,281653248,420990976,114090264,95883264,18123768,2904,11174640,22132800,958,14544,14544,0,0,0,0,0,0,0,0,0.061,0.069,0.000,0,0,0,14544,14544,0,0
travel,67.997,1632.6,1282.956,1282.956,fly,0.835,ok,2601,0,0,192.00,281653248,420990976,114090264,95883264,18123768,2904,11174640,22132800,958,14544,14544,0,0,0,0,0,0,0,0,0.061,0.066,0.000,0,0,0,14544,14544,0,0
travel,68.027,1633.4,1283.470,1283.470,fly,0.837,ok,2601,0,0,192.00,281653248,420990976,114090264,95883264,18123768,2904,7449760,22132800,958,14544,14544,0,0,0,0,0,0,0,0,0.060,0.062,0.000,0,0,0,14544,14544,0,0
travel,68.057,1634.1,1283.991,1283.991,fly,0.854,ok,2601,0,0,192.00,281653248,420990976,114090264,95883264,18123768,2904,7449760,22132800,958,14544,14544,0,0,0,0,0,0,0,0,0.062,0.070,0.000,0,0,0,14544,14544,0,0
travel,68.088,1634.8,1284.504,1284.504,fly,1.163,ok,2601,0,0,192.00,281653248,420990976,114090264,95883264,18123768,2904,7449760,22132800,958,14544,14544,0,0,0,0,0,0,0,0,0.393,0.062,0.000,0,0,0,14544,14544,0,0
travel,68.118,1635.6,1285.022,1285.022,fly,0.810,ok,2601,0,0,192.00,281653248,420990976,114090264,95883264,18123768,2904,7449760,22132800,958,14544,14544,0,0,0,0,0,0,0,0,0.062,0.065,0.000,0,0,0,14544,14544,0,0
travel,68.148,1636.3,1285.533,1285.533,fly,0.945,ok,2601,0,0,192.00,281653248,420990976,114090264,95883264,18123768,2904,7449760,22132800,958,14544,14544,0,0,0,0,0,0,0,0,0.136,0.074,0.000,0,0,0,14544,14544,0,0
travel,68.179,1637.0,1286.052,1286.052,fly,0.832,ok,2601,0,0,192.00,281653248,420990976,114090264,95883264,18123768,2904,7449760,22132800,958,14544,14544,0,0,0,0,0,0,0,0,0.061,0.066,0.000,0,0,0,14544,14544,0,0
travel,68.209,1637.7,1286.563,1286.563,fly,0.828,ok,2601,0,0,192.00,281653248,420990976,114090264,95883264,18123768,2904,7449760,22132800,958,14544,14544,0,0,0,0,0,0,0,0,0.060,0.064,0.000,0,0,0,14544,14544,0,0
travel,68.239,1638.5,1287.073,1287.073,fly,0.895,ok,2601,0,0,192.00,281653248,420990976,114090264,95883264,18123768,2904,7449760,22132800,958,14544,14544,0,0,0,0,0,0,0,0,0.065,0.094,0.000,0,0,0,14544,14544,0,0
travel,68.269,1639.2,1287.589,1287.589,fly,0.831,ok,2601,0,0,192.00,281653248,420990976,114090264,95883264,18123768,2904,7449760,22132800,958,14544,14544,0,0,0,0,0,0,0,0,0.062,0.063,0.000,0,0,0,14544,14544,0,0
travel,68.308,1640.1,1288.253,1288.253,fly,0.880,ok,2601,0,0,192.00,281980928,420990976,114090264,95883264,18123768,2904,11174640,22132800,958,14645,14645,0,0,0,0,0,0,0,0,0.066,0.078,0.000,0,0,0,14645,14645,0,0
travel,68.338,1640.9,1288.763,1288.763,fly,0.816,ok,2601,0,0,192.00,281980928,420990976,114090264,95883264,18123768,2904,11174640,22132800,958,14645,14645,0,0,0,0,0,0,0,0,0.061,0.063,0.000,0,0,0,14645,14645,0,0
travel,68.369,1641.6,1289.283,1289.283,fly,0.836,ok,2601,0,0,192.00,281980928,420990976,114090264,95883264,18123768,2904,11174640,22132800,958,14645,14645,0,0,0,0,0,0,0,0,0.062,0.063,0.000,0,0,0,14645,14645,0,0
travel,68.399,1642.3,1289.796,1289.796,fly,0.888,ok,2601,0,0,192.00,281980928,420990976,114090264,95883264,18123768,2904,11174640,22132800,958,14645,14645,0,0,0,0,0,0,0,0,0.061,0.088,0.000,0,0,0,14645,14645,0,0
travel,68.429,1643.0,1290.306,1290.306,fly,0.832,ok,2601,0,0,192.00,281980928,420990976,114090264,95883264,18123768,2904,11174640,22132800,958,14645,14645,0,0,0,0,0,0,0,0,0.061,0.065,0.000,0,0,0,14645,14645,0,0
travel,68.459,1643.8,1290.820,1290.820,fly,0.835,ok,2601,0,0,192.00,281980928,420990976,114090264,95883264,18123768,2904,11174640,22132800,958,14645,14645,0,0,0,0,0,0,0,0,0.062,0.067,0.000,0,0,0,14645,14645,0,0
travel,68.489,1644.5,1291.331,1291.331,fly,0.827,ok,2601,0,0,192.00,281980928,420990976,114090264,95883264,18123768,2904,11174640,22132800,958,14645,14645,0,0,0,0,0,0,0,0,0.061,0.066,0.000,0,0,0,14645,14645,0,0
travel,68.520,1645.2,1291.849,1291.849,fly,0.831,ok,2601,0,0,192.00,281980928,420990976,114090264,95883264,18123768,2904,7449760,22132800,958,14645,14645,0,0,0,0,0,0,0,0,0.062,0.064,0.000,0,0,0,14645,14645,0,0
travel,68.550,1646.0,1292.363,1292.363,fly,0.837,ok,2601,0,0,192.00,281980928,420990976,114090264,95883264,18123768,2904,7449760,22132800,958,14645,14645,0,0,0,0,0,0,0,0,0.062,0.071,0.000,0,0,0,14645,14645,0,0
travel,68.580,1646.7,1292.881,1292.881,fly,0.831,ok,2601,0,0,192.00,281980928,420990976,114090264,95883264,18123768,2904,7449760,22132800,958,14645,14645,0,0,0,0,0,0,0,0,0.061,0.066,0.000,0,0,0,14645,14645,0,0
travel,68.611,1647.4,1293.401,1293.401,fly,0.918,ok,2601,0,0,192.00,281980928,420990976,114090264,95883264,18123768,2904,7449760,22132800,958,14645,14645,0,0,0,0,0,0,0,0,0.139,0.068,0.000,0,0,0,14645,14645,0,0
travel,68.641,1648.1,1293.913,1293.913,fly,0.832,ok,2601,0,0,192.00,281980928,420990976,114090264,95883264,18123768,2904,7449760,22132800,958,14645,14645,0,0,0,0,0,0,0,0,0.061,0.067,0.000,0,0,0,14645,14645,0,0
travel,68.671,1648.9,1294.428,1294.428,fly,0.933,ok,2601,0,0,192.00,281980928,420990976,114090264,95883264,18123768,2904,7449760,22132800,958,14645,14645,0,0,0,0,0,0,0,0,0.065,0.142,0.000,0,0,0,14645,14645,0,0
travel,68.701,1649.6,1294.940,1294.940,fly,0.830,ok,2601,0,0,192.00,281980928,420990976,114090264,95883264,18123768,2904,7449760,22132800,958,14645,14645,0,0,0,0,0,0,0,0,0.061,0.066,0.000,0,0,0,14645,14645,0,0
travel,68.732,1650.3,1295.460,1295.460,fly,0.827,ok,2601,0,0,192.00,281980928,420990976,114090264,95883264,18123768,2904,7449760,22132800,958,14645,14645,0,0,0,0,0,0,0,0,0.061,0.065,0.000,0,0,0,14645,14645,0,0
travel,68.762,1651.1,1295.971,1295.971,fly,0.832,ok,2601,0,0,192.00,281980928,420990976,114090264,95883264,18123768,2904,7449760,22132800,958,14645,14645,0,0,0,0,0,0,0,0,0.061,0.067,0.000,0,0,0,14645,14645,0,0
travel,68.800,1652.0,1296.615,1296.615,fly,0.872,ok,2601,0,0,192.00,281980928,420990976,114090264,95883264,18123768,2904,11174640,22132800,958,14746,14746,0,0,0,0,0,0,0,0,0.063,0.078,0.000,0,0,0,14746,14746,0,0
travel,68.831,1652.7,1297.137,1297.137,fly,0.829,ok,2601,0,0,192.00,281980928,420990976,114090264,95883264,18123768,2904,11174640,22132800,958,14746,14746,0,0,0,0,0,0,0,0,0.062,0.066,0.000,0,0,0,14746,14746,0,0
travel,68.861,1653.4,1297.657,1297.657,fly,0.860,ok,2601,0,0,192.00,281980928,420990976,114090264,95883264,18123768,2904,11174640,22132800,958,14746,14746,0,0,0,0,0,0,0,0,0.063,0.072,0.000,0,0,0,14746,14746,0,0
travel,68.892,1654.2,1298.173,1298.173,fly,0.962,ok,2601,0,0,192.00,281980928,420990976,114090264,95883264,18123768,2904,11174640,22132800,958,14746,14746,0,0,0,0,0,0,0,0,0.070,0.109,0.000,0,0,0,14746,14746,0,0
travel,68.922,1654.9,1298.691,1298.691,fly,0.833,ok,2601,0,0,192.00,281980928,420990976,114090264,95883264,18123768,2904,11174640,22132800,958,14746,14746,0,0,0,0,0,0,0,0,0.061,0.067,0.000,0,0,0,14746,14746,0,0
travel,68.952,1655.6,1299.206,1299.206,fly,0.822,ok,2601,0,0,192.00,281980928,420990976,114090264,95883264,18123768,2904,11174640,22132800,958,14746,14746,0,0,0,0,0,0,0,0,0.061,0.067,0.000,0,0,0,14746,14746,0,0
travel,68.982,1656.4,1299.718,1299.718,fly,0.819,ok,2601,0,0,192.00,281980928,420990976,114090264,95883264,18123768,2904,7449760,22132800,958,14746,14746,0,0,0,0,0,0,0,0,0.060,0.068,0.000,0,0,0,14746,14746,0,0
travel,69.012,1657.1,1300.229,1300.229,fly,0.811,ok,2601,0,0,192.00,281980928,420990976,114090264,95883264,18123768,2904,7449760,22132800,958,14746,14746,0,0,0,0,0,0,0,0,0.061,0.064,0.000,0,0,0,14746,14746,0,0
travel,69.042,1657.8,1300.739,1300.739,fly,0.815,ok,2601,0,0,192.00,281980928,420990976,114090264,95883264,18123768,2904,7449760,22132800,958,14746,14746,0,0,0,0,0,0,0,0,0.061,0.064,0.000,0,0,0,14746,14746,0,0
travel,69.073,1658.5,1301.252,1301.252,fly,0.832,ok,2601,0,0,192.00,281980928,420990976,114090264,95883264,18123768,2904,7449760,22132800,958,14746,14746,0,0,0,0,0,0,0,0,0.062,0.067,0.000,0,0,0,14746,14746,0,0
travel,69.103,1659.3,1301.775,1301.775,fly,0.833,ok,2601,0,0,192.00,281980928,420990976,114090264,95883264,18123768,2904,7449760,22132800,958,14746,14746,0,0,0,0,0,0,0,0,0.062,0.067,0.000,0,0,0,14746,14746,0,0
travel,69.134,1660.0,1302.297,1302.297,fly,0.912,ok,2601,0,0,192.00,281980928,420990976,114090264,95883264,18123768,2904,7449760,22132800,958,14746,14746,0,0,0,0,0,0,0,0,0.064,0.125,0.000,0,0,0,14746,14746,0,0
travel,69.164,1660.7,1302.811,1302.811,fly,0.831,ok,2601,0,0,192.00,281980928,420990976,114090264,95883264,18123768,2904,7449760,22132800,958,14746,14746,0,0,0,0,0,0,0,0,0.060,0.066,0.000,0,0,0,14746,14746,0,0
travel,69.195,1661.5,1303.328,1303.328,fly,0.833,ok,2601,0,0,192.00,281980928,420990976,114090264,95883264,18123768,2904,7449760,22132800,958,14746,14746,0,0,0,0,0,0,0,0,0.060,0.064,0.000,0,0,0,14746,14746,0,0
travel,69.225,1662.2,1303.842,1303.842,fly,0.846,ok,2601,0,0,192.00,281980928,420990976,114090264,95883264,18123768,2904,7449760,22132800,958,14746,14746,0,0,0,0,0,0,0,0,0.062,0.074,0.000,0,0,0,14746,14746,0,0
travel,69.263,1663.1,1304.485,1304.485,fly,0.955,ok,2601,0,0,192.00,282730496,422563840,114090264,95883264,18123768,2904,11174640,22132800,958,14847,14847,0,0,0,0,0,0,0,0,0.064,0.094,0.000,0,0,0,14847,14847,0,0
travel,69.293,1663.8,1305.006,1305.006,fly,0.876,ok,2601,0,0,192.00,282730496,422563840,114090264,95883264,18123768,2904,11174640,22132800,958,14847,14847,0,0,0,0,0,0,0,0,0.062,0.067,0.000,0,0,0,14847,14847,0,0
travel,69.324,1664.6,1305.519,1305.519,fly,1.221,ok,2601,0,0,192.00,282730496,422563840,114090264,95883264,18123768,2904,11174640,22132800,958,14847,14847,0,0,0,0,0,0,0,0,0.442,0.062,0.000,0,0,0,14847,14847,0,0
travel,69.354,1665.3,1306.041,1306.041,fly,0.835,ok,2601,0,0,192.00,282730496,422563840,114090264,95883264,18123768,2904,11174640,22132800,958,14847,14847,0,0,0,0,0,0,0,0,0.062,0.066,0.000,0,0,0,14847,14847,0,0
travel,69.385,1666.0,1306.555,1306.555,fly,0.826,ok,2601,0,0,192.00,282730496,422563840,114090264,95883264,18123768,2904,11174640,22132800,958,14847,14847,0,0,0,0,0,0,0,0,0.062,0.064,0.000,0,0,0,14847,14847,0,0
travel,69.415,1666.7,1307.065,1307.065,fly,0.833,ok,2601,0,0,192.00,282730496,422563840,114090264,95883264,18123768,2904,11174640,22132800,958,14847,14847,0,0,0,0,0,0,0,0,0.061,0.066,0.000,0,0,0,14847,14847,0,0
travel,69.445,1667.5,1307.575,1307.575,fly,0.867,ok,2601,0,0,192.00,282730496,422563840,114090264,95883264,18123768,2904,7449760,22132800,958,14847,14847,0,0,0,0,0,0,0,0,0.063,0.073,0.000,0,0,0,14847,14847,0,0
travel,69.475,1668.2,1308.086,1308.086,fly,0.828,ok,2601,0,0,192.00,282730496,422563840,114090264,95883264,18123768,2904,7449760,22132800,958,14847,14847,0,0,0,0,0,0,0,0,0.061,0.064,0.000,0,0,0,14847,14847,0,0
travel,69.505,1668.9,1308.609,1308.609,fly,0.834,ok,2601,0,0,192.00,282730496,422563840,114090264,95883264,18123768,2904,7449760,22132800,958,14847,14847,0,0,0,0,0,0,0,0,0.062,0.065,0.000,0,0,0,14847,14847,0,0
travel,69.535,1669.6,1309.120,1309.120,fly,0.934,ok,2601,0,0,192.00,282730496,422563840,114090264,95883264,18123768,2904,7449760,22132800,958,14847,14847,0,0,0,0,0,0,0,0,0.068,0.146,0.000,0,0,0,14847,14847,0,0
travel,69.566,1670.4,1309.642,1309.642,fly,0.824,ok,2601,0,0,192.00,282730496,422563840,114090264,95883264,18123768,2904,7449760,22132800,958,14847,14847,0,0,0,0,0,0,0,0,0.061,0.066,0.000,0,0,0,14847,14847,0,0
travel,69.596,1671.1,1310.152,1310.152,fly,0.931,ok,2601,0,0,192.00,282730496,422563840,114090264,95883264,18123768,2904,7449760,22132800,958,14847,14847,0,0,0,0,0,0,0,0,0.159,0.063,0.000,0,0,0,14847,14847,0,0
travel,69.627,1671.8,1310.668,1310.668,fly,0.820,ok,2601,0,0,192.00,282730496,422563840,114090264,95883264,18123768,2904,7449760,22132800,958,14847,14847,0,0,0,0,0,0,0,0,0.060,0.063,0.000,0,0,0,14847,14847,0,0
travel,69.657,1672.6,1311.178,1311.178,fly,0.911,ok,2601,0,0,192.00,282730496,422563840,114090264,95883264,18123768,2904,7449760,22132800,958,14847,14847,0,0,0,0,0,0,0,0,0.141,0.067,0.000,0,0,0,14847,14847,0,0
travel,69.690,1673.4,1311.748,1311.748,fly,0.812,ok,2601,0,0,192.00,282677248,422469632,114090264,95883264,18123768,2904,7449760,22132800,958,14847,14847,0,0,0,0,0,0,0,0,0.060,0.062,0.000,0,0,0,14847,14847,0,0
travel,69.729,1674.3,1312.412,1312.412,fly,0.835,ok,2601,0,0,192.00,282140672,421421056,114090264,95883264,18123768,2904,11174640,22132800,958,14948,14948,0,0,0,0,0,0,0,0,0.061,0.067,0.000,0,0,0,14948,14948,0,0
travel,69.759,1675.0,1312.924,1312.924,fly,0.816,ok,2601,0,0,192.00,282140672,421421056,114090264,95883264,18123768,2904,11174640,22132800,958,14948,14948,0,0,0,0,0,0,0,0,0.061,0.064,0.000,0,0,0,14948,14948,0,0
travel,69.790,1675.8,1313.439,1313.439,fly,0.917,ok,2601,0,0,192.00,282140672,421421056,114090264,95883264,18123768,2904,11174640,22132800,958,14948,14948,0,0,0,0,0,0,0,0,0.149,0.064,0.000,0,0,0,14948,14948,0,0
travel,69.820,1676.5,1313.950,1313.950,fly,0.868,ok,2601,0,0,192.00,282140672,421421056,114090264,95883264,18123768,2904,11174640,22132800,958,14948,14948,0,0,0,0,0,0,0,0,0.061,0.072,0.000,0,0,0,14948,14948,0,0
travel,69.850,1677.2,1314.465,1314.465,fly,0.970,ok,2601,0,0,192.00,282140672,421421056,114090264,95883264,18123768,2904,11174640,22132800,958,14948,14948,0,0,0,0,0,0,0,0,0.070,0.110,0.000,0,0,0,14948,14948,0,0
travel,69.880,1677.9,1314.982,1314.982,fly,0.834,ok,2601,0,0,192.00,282140672,421421056,114090264,95883264,18123768,2904,11174640,22132800,958,14948,14948,0,0,0,0,0,0,0,0,0.061,0.063,0.000,0,0,0,14948,14948,0,0
travel,69.910,1678.7,1315.494,1315.494,fly,0.806,ok,2601,0,0,192.00,282140672,421421056,114090264,95883264,18123768,2904,11174640,22132800,958,14948,14948,0,0,0,0,0,0,0,0,0.060,0.060,0.000,0,0,0,14948,14948,0,0
travel,69.941,1679.4,1316.012,1316.012,fly,0.859,ok,2601,0,0,192.00,282140672,421421056,114090264,95883264,18123768,2904,7449760,22132800,958,14948,14948,0,0,0,0,0,0,0,0,0.061,0.066,0.000,0,0,0,14948,14948,0,0
travel,69.971,1680.1,1316.527,1316.527,fly,0.812,ok,2601,0,0,192.00,282140672,421421056,114090264,95883264,18123768,2904,7449760,22132800,958,14948,14948,0,0,0,0,0,0,0,0,0.061,0.064,0.000,0,0,0,14948,14948,0,0
travel,70.001,1680.8,1317.038,1317.038,fly,0.857,ok,2601,0,0,192.00,282140672,421421056,114090264,95883264,18123768,2904,7449760,22132800,958,14948,14948,0,0,0,0,0,0,0,0,0.061,0.067,0.000,0,0,0,14948,14948,0,0
travel,70.032,1681.6,1317.557,1317.557,fly,0.980,ok,2601,0,0,192.00,282140672,421421056,114090264,95883264,18123768,2904,7449760,22132800,958,14948,14948,0,0,0,0,0,0,0,0,0.072,0.109,0.000,0,0,0,14948,14948,0,0
travel,70.062,1682.3,1318.070,1318.070,fly,0.820,ok,2601,0,0,192.00,282140672,421421056,114090264,95883264,18123768,2904,7449760,22132800,958,14948,14948,0,0,0,0,0,0,0,0,0.062,0.065,0.000,0,0,0,14948,14948,0,0
travel,70.092,1683.0,1318.580,1318.580,fly,0.845,ok,2601,0,0,192.00,282140672,421421056,114090264,95883264,18123768,2904,7449760,22132800,958,14948,14948,0,0,0,0,0,0,0,0,0.061,0.067,0.000,0,0,0,14948,14948,0,0
travel,70.122,1683.8,1319.095,1319.095,fly,0.839,ok,2601,0,0,192.00,282140672,421421056,114090264,95883264,18123768,2904,7449760,22132800,958,14948,14948,0,0,0,0,0,0,0,0,0.061,0.070,0.000,0,0,0,14948,14948,0,0
travel,70.153,1684.5,1319.611,1319.611,fly,0.821,ok,2601,0,0,192.00,282140672,421421056,114090264,95883264,18123768,2904,7449760,22132800,958,14948,14948,0,0,0,0,0,0,0,0,0.060,0.063,0.000,0,0,0,14948,14948,0,0
travel,70.191,1685.4,1320.270,1320.270,fly,0.841,ok,2601,0,0,192.00,282890240,422469632,114090264,95883264,18123768,2904,11174640,22132800,958,15049,15049,0,0,0,0,0,0,0,0,0.062,0.066,0.000,0,0,0,15049,15049,0,0
travel,70.222,1686.1,1320.785,1320.785,fly,0.859,ok,2601,0,0,192.00,282890240,422469632,114090264,95883264,18123768,2904,11174640,22132800,958,15049,15049,0,0,0,0,0,0,0,0,0.064,0.070,0.000,0,0,0,15049,15049,0,0
travel,70.252,1686.9,1321.302,1321.302,fly,0.848,ok,2601,0,0,192.00,282890240,422469632,114090264,95883264,18123768,2904,11174640,22132800,958,15049,15049,0,0,0,0,0,0,0,0,0.061,0.069,0.000,0,0,0,15049,15049,0,0
travel,70.282,1687.6,1321.814,1321.814,fly,0.813,ok,2601,0,0,192.00,282890240,422469632,114090264,95883264,18123768,2904,11174640,22132800,958,15049,15049,0,0,0,0,0,0,0,0,0.061,0.063,0.000,0,0,0,15049,15049,0,0
travel,70.313,1688.3,1322.331,1322.331,fly,0.907,ok,2601,0,0,192.00,282890240,422469632,114090264,95883264,18123768,2904,11174640,22132800,958,15049,15049,0,0,0,0,0,0,0,0,0.144,0.065,0.000,0,0,0,15049,15049,0,0
travel,70.343,1689.1,1322.841,1322.841,fly,0.809,ok,2601,0,0,192.00,282890240,422469632,114090264,95883264,18123768,2904,11174640,22132800,958,15049,15049,0,0,0,0,0,0,0,0,0.061,0.064,0.000,0,0,0,15049,15049,0,0
travel,70.373,1689.8,1323.355,1323.355,fly,0.834,ok,2601,0,0,192.00,282890240,422469632,114090264,95883264,18123768,2904,11174640,22132800,958,15049,15049,0,0,0,0,0,0,0,0,0.062,0.069,0.000,0,0,0,15049,15049,0,0
travel,70.403,1690.5,1323.868,1323.868,fly,0.851,ok,2601,0,0,192.00,282890240,422469632,114090264,95883264,18123768,2904,7449760,22132800,958,15049,15049,0,0,0,0,0,0,0,0,0.061,0.070,0.000,0,0,0,15049,15049,0,0
travel,70.433,1691.2,1324.382,1324.382,fly,0.831,ok,2601,0,0,192.00,282890240,422469632,114090264,95883264,18123768,2904,7449760,22132800,958,15049,15049,0,0,0,0,0,0,0,0,0.061,0.068,0.000,0,0,0,15049,15049,0,0
travel,70.463,1692.0,1324.893,1324.893,fly,0.820,ok,2601,0,0,192.00,282890240,422469632,114090264,95883264,18123768,2904,7449760,22132800,958,15049,15049,0,0,0,0,0,0,0,0,0.061,0.064,0.000,0,0,0,15049,15049,0,0
travel,70.493,1692.7,1325.403,1325.403,fly,0.826,ok,2601,0,0,192.00,282890240,422469632,114090264,95883264,18123768,2904,7449760,22132800,958,15049,15049,0,0,0,0,0,0,0,0,0.060,0.079,0.000,0,0,0,15049,15049,0,0
travel,70.524,1693.4,1325.921,1325.921,fly,0.816,ok,2601,0,0,192.00,282890240,422469632,114090264,95883264,18123768,2904,7449760,22132800,958,15049,15049,0,0,0,0,0,0,0,0,0.061,0.063,0.000,0,0,0,15049,15049,0,0
travel,70.554,1694.1,1326.432,1326.432,fly,0.816,ok,2601,0,0,192.00,282890240,422469632,114090264,95883264,18123768,2904,7449760,22132800,958,15049,15049,0,0,0,0,0,0,0,0,0.061,0.064,0.000,0,0,0,15049,15049,0,0
travel,70.584,1694.9,1326.947,1326.947,fly,0.833,ok,2601,0,0,192.00,282890240,422469632,114090264,95883264,18123768,2904,7449760,22132800,958,15049,15049,0,0,0,0,0,0,0,0,0.060,0.063,0.000,0,0,0,15049,15049,0,0
travel,70.614,1695.6,1327.462,1327.462,fly,0.840,ok,2601,0,0,192.00,282890240,422469632,114090264,95883264,18123768,2904,7449760,22132800,958,15049,15049,0,0,0,0,0,0,0,0,0.060,0.068,0.000,0,0,0,15049,15049,0,0
travel,70.645,1696.3,1327.978,1327.978,fly,0.842,ok,2601,0,0,192.00,282890240,422469632,114090264,95883264,18123768,2904,7449760,22132800,958,15049,15049,0,0,0,0,0,0,0,0,0.063,0.068,0.000,0,0,0,15049,15049,0,0
travel,70.683,1697.2,1328.623,1328.623,fly,0.815,ok,2601,0,0,192.00,283262976,422469632,114090264,95883264,18123768,2904,11174640,22132800,958,15150,15150,0,0,0,0,0,0,0,0,0.061,0.064,0.000,0,0,0,15150,15150,0,0
travel,70.713,1698.0,1329.135,1329.135,fly,0.837,ok,2601,0,0,192.00,283262976,422469632,114090264,95883264,18123768,2904,11174640,22132800,958,15150,15150,0,0,0,0,0,0,0,0,0.062,0.085,0.000,0,0,0,15150,15150,0,0
travel,70.743,1698.7,1329.647,1329.647,fly,0.815,ok,2601,0,0,192.00,283262976,422469632,114090264,95883264,18123768,2904,11174640,22132800,958,15150,15150,0,0,0,0,0,0,0,0,0.061,0.065,0.000,0,0,0,15150,15150,0,0
travel,70.773,1699.4,1330.159,1330.159,fly,0.870,ok,2601,0,0,192.00,283262976,422469632,114090264,95883264,18123768,2904,11174640,22132800,958,15150,15150,0,0,0,0,0,0,0,0,0.062,0.073,0.000,0,0,0,15150,15150,0,0
travel,70.803,1700.1,1330.673,1330.673,fly,0.814,ok,2601,0,0,192.00,283262976,422469632,114090264,95883264,18123768,2904,11174640,22132800,958,15150,15150,0,0,0,0,0,0,0,0,0.062,0.061,0.000,0,0,0,15150,15150,0,0
travel,70.833,1700.9,1331.184,1331.184,fly,0.823,ok,2601,0,0,192.00,283262976,422469632,114090264,95883264,18123768,2904,11174640,22132800,958,15150,15150,0,0,0,0,0,0,0,0,0.060,0.065,0.000,0,0,0,15150,15150,0,0
travel,70.864,1701.6,1331.700,1331.700,fly,0.827,ok,2601,0,0,192.00,283262976,422469632,114090264,95883264,18123768,2904,7449760,22132800,958,15150,15150,0,0,0,0,0,0,0,0,0.061,0.069,0.000,0,0,0,15150,15150,0,0
travel,70.894,1702.3,1332.212,1332.212,fly,0.808,ok,2601,0,0,192.00,283262976,422469632,114090264,95883264,18123768,2904,7449760,22132800,958,15150,15150,0,0,0,0,0,0,0,0,0.060,0.058,0.000,0,0,0,15150,15150,0,0
travel,70.924,1703.0,1332.727,1332.727,fly,0.826,ok,2601,0,0,192.00,283262976,422469632,114090264,95883264,18123768,2904,7449760,22132800,958,15150,15150,0,0,0,0,0,0,0,0,0.061,0.064,0.000,0,0,0,15150,15150,0,0
travel,70.955,1703.8,1333.245,1333.245,fly,0.913,ok,2601,0,0,192.00,283262976,422469632,114090264,95883264,18123768,2904,7449760,22132800,958,15150,15150,0,0,0,0,0,0,0,0,0.157,0.060,0.000,0,0,0,15150,15150,0,0
travel,70.985,1704.5,1333.757,1333.757,fly,0.823,ok,2601,0,0,192.00,283262976,422469632,114090264,95883264,18123768,2904,7449760,22132800,958,15150,15150,0,0,0,0,0,0,0,0,0.060,0.065,0.000,0,0,0,15150,15150,0,0
travel,71.015,1705.2,1334.274,1334.274,fly,0.813,ok,2601,0,0,192.00,283262976,422469632,114090264,95883264,18123768,2904,7449760,22132800,958,15150,15150,0,0,0,0,0,0,0,0,0.062,0.063,0.000,0,0,0,15150,15150,0,0
travel,71.045,1705.9,1334.784,1334.784,fly,0.814,ok,2601,0,0,192.00,283262976,422469632,114090264,95883264,18123768,2904,7449760,22132800,958,15150,15150,0,0,0,0,0,0,0,0,0.061,0.065,0.000,0,0,0,15150,15150,0,0
travel,71.075,1706.7,1335.296,1335.296,fly,0.810,ok,2601,0,0,192.00,283262976,422469632,114090264,95883264,18123768,2904,7449760,22132800,958,15150,15150,0,0,0,0,0,0,0,0,0.061,0.062,0.000,0,0,0,15150,15150,0,0
travel,71.105,1707.4,1335.807,1335.807,fly,0.807,ok,2601,0,0,192.00,283262976,422469632,114090264,95883264,18123768,2904,7449760,22132800,958,15150,15150,0,0,0,0,0,0,0,0,0.060,0.061,0.000,0,0,0,15150,15150,0,0
travel,71.143,1708.3,1336.453,1336.453,fly,0.815,ok,2601,0,0,192.00,283533312,422469632,114090264,95883264,18123768,2904,11174640,22132800,958,15251,15251,0,0,0,0,0,0,0,0,0.062,0.063,0.000,0,0,0,15251,15251,0,0
travel,71.174,1709.0,1336.969,1336.969,fly,0.837,ok,2601,0,0,192.00,283533312,422469632,114090264,95883264,18123768,2904,11174640,22132800,958,15251,15251,0,0,0,0,0,0,0,0,0.063,0.069,0.000,0,0,0,15251,15251,0,0
travel,71.204,1709.8,1337.479,1337.479,fly,0.812,ok,2601,0,0,192.00,283533312,422469632,114090264,95883264,18123768,2904,11174640,22132800,958,15251,15251,0,0,0,0,0,0,0,0,0.062,0.063,0.000,0,0,0,15251,15251,0,0
travel,71.234,1710.5,1337.989,1337.989,fly,0.804,ok,2601,0,0,192.00,283533312,422469632,114090264,95883264,18123768,2904,11174640,22132800,958,15251,15251,0,0,0,0,0,0,0,0,0.061,0.064,0.000,0,0,0,15251,15251,0,0
travel,71.264,1711.2,1338.502,1338.502,fly,0.867,ok,2601,0,0,192.00,283533312,422469632,114090264,95883264,18123768,2904,11174640,22132800,958,15251,15251,0,0,0,0,0,0,0,0,0.064,0.073,0.000,0,0,0,15251,15251,0,0
travel,71.294,1711.9,1339.022,1339.022,fly,0.842,ok,2601,0,0,192.00,283533312,422469632,114090264,95883264,18123768,2904,11174640,22132800,958,15251,15251,0,0,0,0,0,0,0,0,0.061,0.069,0.000,0,0,0,15251,15251,0,0
travel,71.324,1712.7,1339.534,1339.534,fly,0.855,ok,2601,0,0,192.00,283533312,422469632,114090264,95883264,18123768,2904,11174640,22132800,958,15251,15251,0,0,0,0,0,0,0,0,0.062,0.075,0.000,0,0,0,15251,15251,0,0
travel,71.355,1713.4,1340.059,1340.059,fly,0.811,ok,2601,0,0,192.00,283533312,422469632,114090264,95883264,18123768,2904,7449760,22132800,958,15251,15251,0,0,0,0,0,0,0,0,0.061,0.061,0.000,0,0,0,15251,15251,0,0
travel,71.386,1714.1,1340.573,1340.573,fly,1.177,ok,2601,0,0,192.00,283533312,422469632,114090264,95883264,18123768,2904,7449760,22132800,958,15251,15251,0,0,0,0,0,0,0,0,0.406,0.066,0.000,0,0,0,15251,15251,0,0
travel,71.416,1714.9,1341.088,1341.088,fly,0.813,ok,2601,0,0,192.00,283533312,422469632,114090264,95883264,18123768,2904,7449760,22132800,958,15251,15251,0,0,0,0,0,0,0,0,0.061,0.069,0.000,0,0,0,15251,15251,0,0
travel,71.446,1715.6,1341.602,1341.602,fly,0.815,ok,2601,0,0,192.00,283533312,422469632,114090264,95883264,18123768,2904,7449760,22132800,958,15251,15251,0,0,0,0,0,0,0,0,0.065,0.066,0.000,0,0,0,15251,15251,0,0
travel,71.476,1716.3,1342.114,1342.114,fly,0.912,ok,2601,0,0,192.00,283533312,422469632,114090264,95883264,18123768,2904,7449760,22132800,958,15251,15251,0,0,0,0,0,0,0,0,0.069,0.114,0.000,0,0,0,15251,15251,0,0
travel,71.506,1717.0,1342.627,1342.627,fly,0.808,ok,2601,0,0,192.00,283533312,422469632,114090264,95883264,18123768,2904,7449760,22132800,958,15251,15251,0,0,0,0,0,0,0,0,0.061,0.063,0.000,0,0,0,15251,15251,0,0
travel,71.536,1717.8,1343.137,1343.137,fly,0.815,ok,2601,0,0,192.00,283533312,422469632,114090264,95883264,18123768,2904,7449760,22132800,958,15251,15251,0,0,0,0,0,0,0,0,0.061,0.069,0.000,0,0,0,15251,15251,0,0
travel,71.567,1718.5,1343.651,1343.651,fly,0.813,ok,2601,0,0,192.00,283533312,422469632,114090264,95883264,18123768,2904,7449760,22132800,958,15251,15251,0,0,0,0,0,0,0,0,0.061,0.065,0.000,0,0,0,15251,15251,0,0
travel,71.604,1719.4,1344.293,1344.293,fly,0.845,ok,2601,0,0,192.00,283992064,423518208,114090264,95883264,18123768,2904,11174640,22132800,958,15352,15352,0,0,0,0,0,0,0,0,0.062,0.067,0.000,0,0,0,15352,15352,0,0
travel,71.634,1720.1,1344.805,1344.805,fly,0.830,ok,2601,0,0,192.00,283992064,423518208,114090264,95883264,18123768,2904,11174640,22132800,958,15352,15352,0,0,0,0,0,0,0,0,0.062,0.065,0.000,0,0,0,15352,15352,0,0
travel,71.665,1720.8,1345.319,1345.319,fly,0.853,ok,2601,0,0,192.00,283992064,423518208,114090264,95883264,18123768,2904,11174640,22132800,958,15352,15352,0,0,0,0,0,0,0,0,0.062,0.072,0.000,0,0,0,15352,15352,0,0
travel,71.695,1721.6,1345.829,1345.829,fly,0.839,ok,2601,0,0,192.00,283992064,423518208,114090264,95883264,18123768,2904,11174640,22132800,958,15352,15352,0,0,0,0,0,0,0,0,0.062,0.069,0.000,0,0,0,15352,15352,0,0
travel,71.725,1722.3,1346.344,1346.344,fly,0.991,ok,2601,0,0,192.00,283992064,423518208,114090264,95883264,18123768,2904,11174640,22132800,958,15352,15352,0,0,0,0,0,0,0,0,0.066,0.095,0.000,0,0,0,15352,15352,0,0
travel,71.755,1723.0,1346.861,1346.861,fly,1.377,ok,2601,0,0,192.00,283992064,423518208,114090264,95883264,18123768,2904,11174640,22132800,958,15352,15352,0,0,0,0,0,0,0,0,0.516,0.106,0.000,0,0,0,15352,15352,0,0
travel,71.786,1723.8,1347.379,1347.379,fly,0.835,ok,2601,0,0,192.00,283992064,423518208,114090264,95883264,18123768,2904,11174640,22132800,958,15352,15352,0,0,0,0,0,0,0,0,0.061,0.065,0.000,0,0,0,15352,15352,0,0
travel,71.816,1724.5,1347.899,1347.899,fly,0.839,ok,2601,0,0,192.00,283992064,423518208,114090264,95883264,18123768,2904,7449760,22132800,958,15352,15352,0,0,0,0,0,0,0,0,0.062,0.069,0.000,0,0,0,15352,15352,0,0
travel,71.846,1725.2,1348.409,1348.409,fly,0.814,ok,2601,0,0,192.00,283992064,423518208,114090264,95883264,18123768,2904,7449760,22132800,958,15352,15352,0,0,0,0,0,0,0,0,0.061,0.065,0.000,0,0,0,15352,15352,0,0
travel,71.877,1725.9,1348.920,1348.920,fly,0.803,ok,2601,0,0,192.00,283992064,423518208,114090264,95883264,18123768,2904,7449760,22132800,958,15352,15352,0,0,0,0,0,0,0,0,0.061,0.062,0.000,0,0,0,15352,15352,0,0
travel,71.907,1726.7,1349.432,1349.432,fly,0.807,ok,2601,0,0,192.00,283992064,423518208,114090264,95883264,18123768,2904,7449760,22132800,958,15352,15352,0,0,0,0,0,0,0,0,0.061,0.064,0.000,0,0,0,15352,15352,0,0
travel,71.937,1727.4,1349.942,1349.942,fly,0.818,ok,2601,0,0,192.00,283992064,423518208,114090264,95883264,18123768,2904,7449760,22132800,958,15352,15352,0,0,0,0,0,0,0,0,0.061,0.064,0.000,0,0,0,15352,15352,0,0
travel,71.967,1728.1,1350.454,1350.454,fly,0.810,ok,2601,0,0,192.00,283992064,423518208,114090264,95883264,18123768,2904,7449760,22132800,958,15352,15352,0,0,0,0,0,0,0,0,0.061,0.064,0.000,0,0,0,15352,15352,0,0
travel,71.997,1728.8,1350.973,1350.973,fly,0.819,ok,2601,0,0,192.00,283992064,423518208,114090264,95883264,18123768,2904,7449760,22132800,958,15352,15352,0,0,0,0,0,0,0,0,0.061,0.068,0.000,0,0,0,15352,15352,0,0
travel,72.027,1729.6,1351.483,1351.483,fly,0.807,ok,2601,0,0,192.00,283992064,423518208,114090264,95883264,18123768,2904,7449760,22132800,958,15352,15352,0,0,0,0,0,0,0,0,0.060,0.062,0.000,0,0,0,15352,15352,0,0
travel,72.057,1730.3,1351.995,1351.995,fly,0.833,ok,2601,0,0,192.00,283992064,423518208,114090264,95883264,18123768,2904,7449760,22132800,958,15352,15352,0,0,0,0,0,0,0,0,0.061,0.067,0.000,0,0,0,15352,15352,0,0
travel,72.096,1731.2,1352.656,1352.656,fly,0.835,ok,2601,0,0,192.00,284647424,423518208,114090264,95883264,18123768,2904,11174640,22132800,958,15453,15453,0,0,0,0,0,0,0,0,0.062,0.068,0.000,0,0,0,15453,15453,0,0
travel,72.127,1731.9,1353.172,1353.172,fly,0.949,ok,2601,0,0,192.00,284647424,423518208,114090264,95883264,18123768,2904,11174640,22132800,958,15453,15453,0,0,0,0,0,0,0,0,0.136,0.075,0.000,0,0,0,15453,15453,0,0
travel,72.157,1732.7,1353.684,1353.684,fly,0.846,ok,2601,0,0,192.00,284647424,423518208,114090264,95883264,18123768,2904,11174640,22132800,958,15453,15453,0,0,0,0,0,0,0,0,0.062,0.068,0.000,0,0,0,15453,15453,0,0
travel,72.187,1733.4,1354.205,1354.205,fly,0.829,ok,2601,0,0,192.00,284647424,423518208,114090264,95883264,18123768,2904,11174640,22132800,958,15453,15453,0,0,0,0,0,0,0,0,0.062,0.066,0.000,0,0,0,15453,15453,0,0
travel,72.218,1734.1,1354.721,1354.721,fly,0.801,ok,2601,0,0,192.00,284647424,423518208,114090264,95883264,18123768,2904,11174640,22132800,958,15453,15453,0,0,0,0,0,0,0,0,0.060,0.060,0.000,0,0,0,15453,15453,0,0
travel,72.248,1734.9,1355.237,1355.237,fly,0.813,ok,2601,0,0,192.00,284647424,423518208,114090264,95883264,18123768,2904,11174640,22132800,958,15453,15453,0,0,0,0,0,0,0,0,0.061,0.067,0.000,0,0,0,15453,15453,0,0
travel,72.278,1735.6,1355.748,1355.748,fly,0.837,ok,2601,0,0,192.00,284647424,423518208,114090264,95883264,18123768,2904,11174640,22132800,958,15453,15453,0,0,0,0,0,0,0,0,0.061,0.068,0.000,0,0,0,15453,15453,0,0
travel,72.308,1736.3,1356.258,1356.258,fly,1.046,ok,2601,0,0,192.00,284647424,423518208,114090264,95883264,18123768,2904,7449760,22132800,958,15453,15453,0,0,0,0,0,0,0,0,0.070,0.123,0.000,0,0,0,15453,15453,0,0
travel,72.339,1737.0,1356.776,1356.776,fly,0.836,ok,2601,0,0,192.00,284647424,423518208,114090264,95883264,18123768,2904,7449760,22132800,958,15453,15453,0,0,0,0,0,0,0,0,0.061,0.064,0.000,0,0,0,15453,15453,0,0
travel,72.369,1737.8,1357.290,1357.290,fly,0.826,ok,2601,0,0,192.00,284647424,423518208,114090264,95883264,18123768,2904,7449760,22132800,958,15453,15453,0,0,0,0,0,0,0,0,0.060,0.069,0.000,0,0,0,15453,15453,0,0
travel,72.399,1738.5,1357.803,1357.803,fly,0.985,ok,2601,0,0,192.00,284647424,423518208,114090264,95883264,18123768,2904,7449760,22132800,958,15453,15453,0,0,0,0,0,0,0,0,0.216,0.069,0.000,0,0,0,15453,15453,0,0
travel,72.429,1739.2,1358.316,1358.316,fly,0.805,ok,2601,0,0,192.00,284647424,423518208,114090264,95883264,18123768,2904,7449760,22132800,958,15453,15453,0,0,0,0,0,0,0,0,0.060,0.062,0.000,0,0,0,15453,15453,0,0
travel,72.460,1740.0,1358.838,1358.838,fly,0.812,ok,2601,0,0,192.00,284647424,423518208,114090264,95883264,18123768,2904,7449760,22132800,958,15453,15453,0,0,0,0,0,0,0,0,0.062,0.063,0.000,0,0,0,15453,15453,0,0
travel,72.490,1740.7,1359.353,1359.353,fly,0.802,ok,2601,0,0,192.00,284647424,423518208,114090264,95883264,18123768,2904,7449760,22132800,958,15453,15453,0,0,0,0,0,0,0,0,0.060,0.060,0.000,0,0,0,15453,15453,0,0
travel,72.520,1741.4,1359.864,1359.864,fly,0.809,ok,2601,0,0,192.00,284647424,423518208,114090264,95883264,18123768,2904,7449760,22132800,958,15453,15453,0,0,0,0,0,0,0,0,0.061,0.065,0.000,0,0,0,15453,15453,0,0
travel,72.559,1742.3,1360.520,1360.520,fly,0.808,ok,2601,0,0,192.00,283189248,422469632,114090264,95883264,18123768,2904,11174640,22132800,958,15554,15554,0,0,0,0,0,0,0,0,0.062,0.062,0.000,0,0,0,15554,15554,0,0
travel,72.589,1743.1,1361.030,1361.030,fly,0.810,ok,2601,0,0,192.00,283189248,422469632,114090264,95883264,18123768,2904,11174640,22132800,958,15554,15554,0,0,0,0,0,0,0,0,0.061,0.062,0.000,0,0,0,15554,15554,0,0
travel,72.619,1743.8,1361.545,1361.545,fly,0.811,ok,2601,0,0,192.00,283189248,422469632,114090264,95883264,18123768,2904,11174640,22132800,958,15554,15554,0,0,0,0,0,0,0,0,0.061,0.064,0.000,0,0,0,15554,15554,0,0
travel,72.649,1744.5,1362.057,1362.057,fly,0.814,ok,2601,0,0,192.00,283189248,422469632,114090264,95883264,18123768,2904,11174640,22132800,958,15554,15554,0,0,0,0,0,0,0,0,0.062,0.065,0.000,0,0,0,15554,15554,0,0
travel,72.679,1745.2,1362.567,1362.567,fly,0.870,ok,2601,0,0,192.00,283189248,422469632,114090264,95883264,18123768,2904,11174640,22132800,958,15554,15554,0,0,0,0,0,0,0,0,0.063,0.079,0.000,0,0,0,15554,15554,0,0
travel,72.709,1746.0,1363.077,1363.077,fly,0.814,ok,2601,0,0,192.00,283189248,422469632,114090264,95883264,18123768,2904,11174640,22132800,958,15554,15554,0,0,0,0,0,0,0,0,0.061,0.068,0.000,0,0,0,15554,15554,0,0
travel,72.739,1746.7,1363.591,1363.591,fly,0.839,ok,2601,0,0,192.00,283189248,422469632,114090264,95883264,18123768,2904,11174640,22132800,958,15554,15554,0,0,0,0,0,0,0,0,0.065,0.068,0.000,0,0,0,15554,15554,0,0
travel,72.770,1747.4,1364.107,1364.107,fly,0.803,ok,2601,0,0,192.00,283189248,422469632,114090264,95883264,18123768,2904,7449760,22132800,958,15554,15554,0,0,0,0,0,0,0,0,0.061,0.061,0.000,0,0,0,15554,15554,0,0
travel,72.800,1748.1,1364.618,1364.618,fly,0.802,ok,2601,0,0,192.00,283189248,422469632,114090264,95883264,18123768,2904,7449760,22132800,958,15554,15554,0,0,0,0,0,0,0,0,0.061,0.059,0.000,0,0,0,15554,15554,0,0
travel,72.830,1748.9,1365.137,1365.137,fly,0.857,ok,2601,0,0,192.00,283189248,422469632,114090264,95883264,18123768,2904,7449760,22132800,958,15554,15554,0,0,0,0,0,0,0,0,0.061,0.070,0.000,0,0,0,15554,15554,0,0
travel,72.861,1749.6,1365.650,1365.650,fly,0.829,ok,2601,0,0,192.00,283189248,422469632,114090264,95883264,18123768,2904,7449760,22132800,958,15554,15554,0,0,0,0,0,0,0,0,0.060,0.062,0.000,0,0,0,15554,15554,0,0
travel,72.892,1750.3,1366.179,1366.179,fly,0.805,ok,2601,0,0,192.00,283193344,422469632,114090264,95883264,18123768,2904,7449760,22132800,958,15554,15554,0,0,0,0,0,0,0,0,0.061,0.060,0.000,0,0,0,15554,15554,0,0
travel,72.922,1751.1,1366.691,1366.691,fly,0.811,ok,2601,0,0,192.00,283193344,422469632,114090264,95883264,18123768,2904,7449760,22132800,958,15554,15554,0,0,0,0,0,0,0,0,0.061,0.068,0.000,0,0,0,15554,15554,0,0
travel,72.952,1751.8,1367.201,1367.201,fly,0.831,ok,2601,0,0,192.00,283193344,422469632,114090264,95883264,18123768,2904,7449760,22132800,958,15554,15554,0,0,0,0,0,0,0,0,0.061,0.071,0.000,0,0,0,15554,15554,0,0
travel,72.982,1752.5,1367.714,1367.714,fly,0.838,ok,2601,0,0,192.00,283193344,422469632,114090264,95883264,18123768,2904,7449760,22132800,958,15554,15554,0,0,0,0,0,0,0,0,0.061,0.064,0.000,0,0,0,15554,15554,0,0
travel,73.020,1753.4,1368.357,1368.357,fly,0.842,ok,2601,0,0,192.00,283914240,422469632,114090264,95883264,18123768,2904,11174640,22132800,958,15655,15655,0,0,0,0,0,0,0,0,0.061,0.067,0.000,0,0,0,15655,15655,0,0
travel,73.050,1754.1,1368.871,1368.871,fly,0.849,ok,2601,0,0,192.00,283914240,422469632,114090264,95883264,18123768,2904,11174640,22132800,958,15655,15655,0,0,0,0,0,0,0,0,0.064,0.073,0.000,0,0,0,15655,15655,0,0
travel,73.080,1754.9,1369.381,1369.381,fly,0.810,ok,2601,0,0,192.00,283914240,422469632,114090264,95883264,18123768,2904,11174640,22132800,958,15655,15655,0,0,0,0,0,0,0,0,0.061,0.062,0.000,0,0,0,15655,15655,0,0
travel,73.110,1755.6,1369.893,1369.893,fly,0.865,ok,2601,0,0,192.00,283914240,422469632,114090264,95883264,18123768,2904,11174640,22132800,958,15655,15655,0,0,0,0,0,0,0,0,0.062,0.070,0.000,0,0,0,15655,15655,0,0
travel,73.140,1756.3,1370.405,1370.405,fly,0.805,ok,2601,0,0,192.00,283914240,422469632,114090264,95883264,18123768,2904,11174640,22132800,958,15655,15655,0,0,0,0,0,0,0,0,0.061,0.064,0.000,0,0,0,15655,15655,0,0
travel,73.170,1757.0,1370.915,1370.915,fly,0.817,ok,2601,0,0,192.00,283914240,422469632,114090264,95883264,18123768,2904,11174640,22132800,958,15655,15655,0,0,0,0,0,0,0,0,0.060,0.072,0.000,0,0,0,15655,15655,0,0
travel,73.201,1757.8,1371.431,1371.431,fly,0.848,ok,2601,0,0,192.00,283914240,422469632,114090264,95883264,18123768,2904,11174640,22132800,958,15655,15655,0,0,0,0,0,0,0,0,0.062,0.071,0.000,0,0,0,15655,15655,0,0
travel,73.231,1758.5,1371.941,1371.941,fly,0.831,ok,2601,0,0,192.00,283914240,422469632,114090264,95883264,18123768,2904,7449760,22132800,958,15655,15655,0,0,0,0,0,0,0,0,0.062,0.066,0.000,0,0,0,15655,15655,0,0
travel,73.261,1759.2,1372.451,1372.451,fly,0.833,ok,2601,0,0,192.00,283914240,422469632,114090264,95883264,18123768,2904,7449760,22132800,958,15655,15655,0,0,0,0,0,0,0,0,0.061,0.065,0.000,0,0,0,15655,15655,0,0
travel,73.291,1759.9,1372.966,1372.966,fly,0.824,ok,2601,0,0,192.00,283914240,422469632,114090264,95883264,18123768,2904,7449760,22132800,958,15655,15655,0,0,0,0,0,0,0,0,0.060,0.066,0.000,0,0,0,15655,15655,0,0
travel,73.321,1760.7,1373.478,1373.478,fly,0.829,ok,2601,0,0,192.00,283914240,422469632,114090264,95883264,18123768,2904,7449760,22132800,958,15655,15655,0,0,0,0,0,0,0,0,0.062,0.063,0.000,0,0,0,15655,15655,0,0
travel,73.351,1761.4,1373.997,1373.997,fly,0.818,ok,2601,0,0,192.00,283914240,422469632,114090264,95883264,18123768,2904,7449760,22132800,958,15655,15655,0,0,0,0,0,0,0,0,0.061,0.066,0.000,0,0,0,15655,15655,0,0
travel,73.382,1762.1,1374.512,1374.512,fly,0.893,ok,2601,0,0,192.00,283914240,422469632,114090264,95883264,18123768,2904,7449760,22132800,958,15655,15655,0,0,0,0,0,0,0,0,0.138,0.066,0.000,0,0,0,15655,15655,0,0
travel,73.412,1762.9,1375.027,1375.027,fly,0.808,ok,2601,0,0,192.00,283914240,422469632,114090264,95883264,18123768,2904,7449760,22132800,958,15655,15655,0,0,0,0,0,0,0,0,0.060,0.064,0.000,0,0,0,15655,15655,0,0
travel,73.442,1763.6,1375.537,1375.537,fly,0.956,ok,2601,0,0,192.00,283914240,422469632,114090264,95883264,18123768,2904,7449760,22132800,958,15655,15655,0,0,0,0,0,0,0,0,0.076,0.158,0.000,0,0,0,15655,15655,0,0
travel,73.481,1764.5,1376.191,1376.191,fly,0.900,ok,2601,0,0,192.00,284045312,422993920,114090264,95883264,18123768,2904,11174640,22132800,958,15756,15756,0,0,69,0,0,0,0,0,0.064,0.078,0.000,0,0,0,15756,15756,0,0
travel,73.511,1765.2,1376.704,1376.704,fly,0.808,ok,2601,0,0,192.00,284045312,422993920,114090264,95883264,18123768,2904,11174640,22132800,958,15756,15756,0,0,0,0,0,0,0,0,0.061,0.062,0.000,0,0,0,15756,15756,0,0
travel,73.541,1766.0,1377.216,1377.216,fly,0.812,ok,2601,0,0,192.00,284045312,422993920,114090264,95883264,18123768,2904,11174640,22132800,958,15756,15756,0,0,0,0,0,0,0,0,0.062,0.063,0.000,0,0,0,15756,15756,0,0
travel,73.571,1766.7,1377.726,1377.726,fly,0.813,ok,2601,0,0,192.00,284045312,422993920,114090264,95883264,18123768,2904,11174640,22132800,958,15756,15756,0,0,0,0,0,0,0,0,0.061,0.070,0.000,0,0,0,15756,15756,0,0
travel,73.601,1767.4,1378.236,1378.236,fly,0.813,ok,2601,0,0,192.00,284045312,422993920,114090264,95883264,18123768,2904,11174640,22132800,958,15756,15756,0,0,0,0,0,0,0,0,0.061,0.064,0.000,0,0,0,15756,15756,0,0
travel,73.631,1768.1,1378.749,1378.749,fly,0.840,ok,2601,0,0,192.00,284045312,422993920,114090264,95883264,18123768,2904,11174640,22132800,958,15756,15756,0,0,0,0,0,0,0,0,0.061,0.067,0.000,0,0,0,15756,15756,0,0
travel,73.661,1768.8,1379.261,1379.261,fly,0.814,ok,2601,0,0,192.00,284045312,422993920,114090264,95883264,18123768,2904,11174640,22132800,958,15756,15756,0,0,0,0,0,0,0,0,0.061,0.065,0.000,0,0,0,15756,15756,0,0
travel,73.691,1769.6,1379.772,1379.772,fly,0.811,ok,2601,0,0,192.00,284045312,422993920,114090264,95883264,18123768,2904,11174640,22132800,958,15756,15756,0,0,0,0,0,0,0,0,0.060,0.064,0.000,0,0,0,15756,15756,0,0
travel,73.721,1770.3,1380.282,1380.282,fly,0.854,ok,2601,0,0,192.00,284045312,422993920,114090264,95883264,18123768,2904,7449760,22132800,958,15756,15756,0,0,0,0,0,0,0,0,0.062,0.070,0.000,0,0,0,15756,15756,0,0
travel,73.752,1771.0,1380.799,1380.799,fly,0.814,ok,2601,0,0,192.00,284045312,422993920,114090264,95883264,18123768,2904,7449760,22132800,958,15756,15756,0,0,0,0,0,0,0,0,0.061,0.065,0.000,0,0,0,15756,15756,0,0
travel,73.782,1771.7,1381.309,1381.309,fly,0.812,ok,2601,0,0,192.00,284045312,422993920,114090264,95883264,18123768,2904,7449760,22132800,958,15756,15756,0,0,0,0,0,0,0,0,0.060,0.065,0.000,0,0,0,15756,15756,0,0
travel,73.812,1772.5,1381.821,1381.821,fly,0.829,ok,2601,0,0,192.00,284045312,422993920,114090264,95883264,18123768,2904,7449760,22132800,958,15756,15756,0,0,0,0,0,0,0,0,0.060,0.064,0.000,0,0,0,15756,15756,0,0
travel,73.843,1773.2,1382.348,1382.348,fly,0.815,ok,2601,0,0,192.00,284045312,422993920,114090264,95883264,18123768,2904,7449760,22132800,958,15756,15756,0,0,0,0,0,0,0,0,0.060,0.066,0.000,0,0,0,15756,15756,0,0
travel,73.873,1773.9,1382.858,1382.858,fly,0.932,ok,2601,0,0,192.00,284045312,422993920,114090264,95883264,18123768,2904,7449760,22132800,958,15756,15756,0,0,0,0,0,0,0,0,0.138,0.070,0.000,0,0,0,15756,15756,0,0
travel,73.903,1774.7,1383.369,1383.369,fly,0.808,ok,2601,0,0,192.00,284045312,422993920,114090264,95883264,18123768,2904,7449760,22132800,958,15756,15756,0,0,0,0,0,0,0,0,0.061,0.064,0.000,0,0,0,15756,15756,0,0
travel,73.933,1775.4,1383.879,1383.879,fly,0.893,ok,2601,0,0,192.00,284045312,422993920,114090264,95883264,18123768,2904,7449760,22132800,958,15756,15756,0,0,0,0,0,0,0,0,0.138,0.061,0.000,0,0,0,15756,15756,0,0
travel,73.971,1776.3,1384.527,1384.527,fly,0.894,ok,2601,0,0,192.00,283922432,422400000,114090264,95883264,18123768,2904,11174640,22132800,958,15857,15857,0,0,0,0,0,0,0,0,0.134,0.065,0.000,0,0,0,15857,15857,0,0
travel,74.001,1777.0,1385.037,1385.037,fly,0.815,ok,2601,0,0,192.00,283922432,422400000,114090264,95883264,18123768,2904,11174640,22132800,958,15857,15857,0,0,0,0,0,0,0,0,0.061,0.065,0.000,0,0,0,15857,15857,0,0
travel,74.031,1777.7,1385.555,1385.555,fly,0.813,ok,2601,0,0,192.00,283926528,422465536,114090264,95883264,18123768,2904,11174640,22132800,958,15857,15857,0,0,0,0,0,0,0,0,0.064,0.065,0.000,0,0,0,15857,15857,0,0
travel,74.061,1778.5,1386.065,1386.065,fly,0.807,ok,2601,0,0,192.00,283926528,422465536,114090264,95883264,18123768,2904,11174640,22132800,958,15857,15857,0,0,0,0,0,0,0,0,0.062,0.064,0.000,0,0,0,15857,15857,0,0
travel,74.091,1779.2,1386.575,1386.575,fly,0.919,ok,2601,0,0,192.00,283926528,422465536,114090264,95883264,18123768,2904,11174640,22132800,958,15857,15857,0,0,0,0,0,0,0,0,0.063,0.074,0.000,0,0,0,15857,15857,0,0
travel,74.121,1779.9,1387.088,1387.088,fly,0.823,ok,2601,0,0,192.00,283926528,422465536,114090264,95883264,18123768,2904,11174640,22132800,958,15857,15857,0,0,0,0,0,0,0,0,0.061,0.066,0.000,0,0,0,15857,15857,0,0
travel,74.152,1780.6,1387.609,1387.609,fly,0.835,ok,2601,0,0,192.00,283926528,422465536,114090264,95883264,18123768,2904,11174640,22132800,958,15857,15857,0,0,0,0,0,0,0,0,0.063,0.066,0.000,0,0,0,15857,15857,0,0
travel,74.182,1781.4,1388.122,1388.122,fly,0.926,ok,2601,0,0,192.00,283926528,422465536,114090264,95883264,18123768,2904,7449760,22132800,958,15857,15857,0,0,0,0,0,0,0,0,0.072,0.109,0.000,0,0,0,15857,15857,0,0
travel,74.212,1782.1,1388.634,1388.634,fly,0.809,ok,2601,0,0,192.00,283926528,422465536,114090264,95883264,18123768,2904,7449760,22132800,958,15857,15857,0,0,0,0,0,0,0,0,0.061,0.066,0.000,0,0,0,15857,15857,0,0
travel,74.243,1782.8,1389.147,1389.147,fly,0.816,ok,2601,0,0,192.00,283926528,422465536,114090264,95883264,18123768,2904,7449760,22132800,958,15857,15857,0,0,0,0,0,0,0,0,0.061,0.066,0.000,0,0,0,15857,15857,0,0
travel,74.273,1783.6,1389.661,1389.661,fly,0.811,ok,2601,0,0,192.00,283926528,422465536,114090264,95883264,18123768,2904,7449760,22132800,958,15857,15857,0,0,0,0,0,0,0,0,0.061,0.065,0.000,0,0,0,15857,15857,0,0
travel,74.303,1784.3,1390.172,1390.172,fly,0.810,ok,2601,0,0,192.00,283926528,422465536,114090264,95883264,18123768,2904,7449760,22132800,958,15857,15857,0,0,0,0,0,0,0,0,0.061,0.063,0.000,0,0,0,15857,15857,0,0
travel,74.333,1785.0,1390.683,1390.683,fly,0.813,ok,2601,0,0,192.00,283926528,422465536,114090264,95883264,18123768,2904,7449760,22132800,958,15857,15857,0,0,0,0,0,0,0,0,0.061,0.065,0.000,0,0,0,15857,15857,0,0
travel,74.363,1785.7,1391.195,1391.195,fly,0.819,ok,2601,0,0,192.00,283926528,422465536,114090264,95883264,18123768,2904,7449760,22132800,958,15857,15857,0,0,0,0,0,0,0,0,0.061,0.062,0.000,0,0,0,15857,15857,0,0
travel,74.393,1786.4,1391.710,1391.710,fly,0.817,ok,2601,0,0,192.00,283926528,422465536,114090264,95883264,18123768,2904,7449760,22132800,958,15857,15857,0,0,0,0,0,0,0,0,0.061,0.062,0.000,0,0,0,15857,15857,0,0
travel,74.431,1787.4,1392.349,1392.349,fly,0.880,ok,2601,0,0,192.00,284069888,422465536,114090264,95883264,18123768,2904,11174640,22132800,958,15958,15958,0,0,0,0,0,0,0,0,0.062,0.121,0.000,0,0,0,15958,15958,0,0
travel,74.461,1788.1,1392.860,1392.860,fly,0.806,ok,2601,0,0,192.00,284069888,422465536,114090264,95883264,18123768,2904,11174640,22132800,958,15958,15958,0,0,0,0,0,0,0,0,0.061,0.061,0.000,0,0,0,15958,15958,0,0
travel,74.492,1788.8,1393.387,1393.387,fly,0.812,ok,2601,0,0,192.00,284069888,422465536,114090264,95883264,18123768,2904,11174640,22132800,958,15958,15958,0,0,0,0,0,0,0,0,0.061,0.062,0.000,0,0,0,15958,15958,0,0
travel,74.522,1789.5,1393.897,1393.897,fly,0.896,ok,2601,0,0,192.00,284069888,422465536,114090264,95883264,18123768,2904,11174640,22132800,958,15958,15958,0,0,0,0,0,0,0,0,0.139,0.060,0.000,0,0,0,15958,15958,0,0
travel,74.552,1790.3,1394.409,1394.409,fly,0.809,ok,2601,0,0,192.00,284069888,422465536,114090264,95883264,18123768,2904,11174640,22132800,958,15958,15958,0,0,0,0,0,0,0,0,0.061,0.062,0.000,0,0,0,15958,15958,0,0
travel,74.582,1791.0,1394.919,1394.919,fly,0.907,ok,2601,0,0,192.00,284069888,422465536,114090264,95883264,18123768,2904,11174640,22132800,958,15958,15958,0,0,0,0,0,0,0,0,0.136,0.067,0.000,0,0,0,15958,15958,0,0
travel,74.612,1791.7,1395.429,1395.429,fly,0.811,ok,2601,0,0,192.00,284069888,422465536,114090264,95883264,18123768,2904,11174640,22132800,958,15958,15958,0,0,0,0,0,0,0,0,0.061,0.064,0.000,0,0,0,15958,15958,0,0
travel,74.642,1792.4,1395.942,1395.942,fly,0.824,ok,2601,0,0,192.00,284069888,422465536,114090264,95883264,18123768,2904,7449760,22132800,958,15958,15958,0,0,0,0,0,0,0,0,0.061,0.066,0.001,0,0,0,15958,15958,0,0
travel,74.672,1793.2,1396.456,1396.456,fly,0.953,ok,2601,0,0,192.00,284069888,422465536,114090264,95883264,18123768,2904,7449760,22132800,958,15958,15958,0,0,0,0,0,0,0,0,0.070,0.115,0.000,0,0,0,15958,15958,0,0
travel,74.703,1793.9,1396.967,1396.967,fly,0.835,ok,2601,0,0,192.00,284069888,422465536,114090264,95883264,18123768,2904,7449760,22132800,958,15958,15958,0,0,0,0,0,0,0,0,0.061,0.066,0.000,0,0,0,15958,15958,0,0
travel,74.733,1794.6,1397.487,1397.487,fly,0.863,ok,2601,0,0,192.00,284069888,422465536,114090264,95883264,18123768,2904,7449760,22132800,958,15958,15958,0,0,0,0,0,0,0,0,0.063,0.077,0.000,0,0,0,15958,15958,0,0
travel,74.764,1795.4,1398.007,1398.007,fly,0.887,ok,2601,0,0,192.00,284069888,422465536,114090264,95883264,18123768,2904,7449760,22132800,958,15958,15958,0,0,0,0,0,0,0,0,0.062,0.067,0.000,0,0,0,15958,15958,0,0
travel,74.794,1796.1,1398.523,1398.523,fly,0.830,ok,2601,0,0,192.00,284069888,422465536,114090264,95883264,18123768,2904,7449760,22132800,958,15958,15958,0,0,0,0,0,0,0,0,0.061,0.065,0.000,0,0,0,15958,15958,0,0
travel,74.824,1796.8,1399.038,1399.038,fly,0.864,ok,2601,0,0,192.00,284069888,422465536,114090264,95883264,18123768,2904,7449760,22132800,958,15958,15958,0,0,0,0,0,0,0,0,0.064,0.070,0.000,0,0,0,15958,15958,0,0
travel,74.854,1797.5,1399.549,1399.549,fly,1.000,ok,2601,0,0,192.00,284069888,422465536,114090264,95883264,18123768,2904,7449760,22132800,958,15958,15958,0,0,0,0,0,0,0,0,0.145,0.105,0.000,0,0,0,15958,15958,0,0
travel,74.892,1798.4,1400.191,1400.191,fly,1.349,ok,2601,0,0,192.00,284356608,422989824,114090264,95883264,18123768,2904,11174640,22132800,958,16059,16059,0,0,79,0,0,0,0,0,0.524,0.070,0.000,0,0,0,16059,16059,0,0
travel,74.923,1799.2,1400.708,1400.708,fly,0.815,ok,2601,0,0,192.00,284356608,422989824,114090264,95883264,18123768,2904,11174640,22132800,958,16059,16059,0,0,0,0,0,0,0,0,0.061,0.062,0.000,0,0,0,16059,16059,0,0
travel,74.953,1799.9,1401.230,1401.230,fly,0.808,ok,2601,0,0,192.00,284356608,422989824,114090264,95883264,18123768,2904,11174640,22132800,958,16059,16059,0,0,0,0,0,0,0,0,0.062,0.064,0.000,0,0,0,16059,16059,0,0
travel,74.983,1800.6,1401.744,1401.744,fly,0.812,ok,2601,0,0,192.00,284356608,422989824,114090264,95883264,18123768,2904,11174640,22132800,958,16059,16059,0,0,0,0,0,0,0,0,0.061,0.065,0.000,0,0,0,16059,16059,0,0
travel,75.014,1801.4,1402.254,1402.254,fly,0.808,ok,2601,0,0,192.00,284422144,422989824,114090264,95883264,18123768,2904,11174640,22132800,958,16059,16059,0,0,0,0,0,0,0,0,0.062,0.062,0.000,0,0,0,16059,16059,0,0
travel,75.044,1802.1,1402.768,1402.768,fly,0.819,ok,2601,0,0,192.00,284422144,422989824,114090264,95883264,18123768,2904,11174640,22132800,958,16059,16059,0,0,0,0,0,0,0,0,0.061,0.066,0.000,0,0,0,16059,16059,0,0
travel,75.074,1802.8,1403.283,1403.283,fly,0.811,ok,2601,0,0,192.00,284422144,422989824,114090264,95883264,18123768,2904,11174640,22132800,958,16059,16059,0,0,0,0,0,0,0,0,0.061,0.065,0.000,0,0,0,16059,16059,0,0
travel,75.104,1803.5,1403.794,1403.794,fly,0.831,ok,2601,0,0,192.00,284422144,422989824,114090264,95883264,18123768,2904,11174640,22132800,958,16059,16059,0,0,0,0,0,0,0,0,0.061,0.066,0.000,0,0,0,16059,16059,0,0
travel,75.134,1804.3,1404.309,1404.309,fly,1.127,ok,2601,0,0,192.00,284422144,422989824,114090264,95883264,18123768,2904,7449760,22132800,958,16059,16059,0,0,0,0,0,0,0,0,0.142,0.107,0.000,0,0,0,16059,16059,0,0
travel,75.165,1805.0,1404.828,1404.828,fly,0.817,ok,2601,0,0,192.00,284422144,422989824,114090264,95883264,18123768,2904,7449760,22132800,958,16059,16059,0,0,0,0,0,0,0,0,0.063,0.069,0.000,0,0,0,16059,16059,0,0
travel,75.195,1805.7,1405.340,1405.340,fly,0.815,ok,2601,0,0,192.00,284422144,422989824,114090264,95883264,18123768,2904,7449760,22132800,958,16059,16059,0,0,0,0,0,0,0,0,0.060,0.064,0.000,0,0,0,16059,16059,0,0
travel,75.225,1806.4,1405.852,1405.852,fly,0.924,ok,2601,0,0,192.00,284422144,422989824,114090264,95883264,18123768,2904,7449760,22132800,958,16059,16059,0,0,0,0,0,0,0,0,0.138,0.070,0.000,0,0,0,16059,16059,0,0
travel,75.256,1807.2,1406.370,1406.370,fly,0.832,ok,2601,0,0,192.00,284422144,422989824,114090264,95883264,18123768,2904,7449760,22132800,958,16059,16059,0,0,0,0,0,0,0,0,0.060,0.069,0.000,0,0,0,16059,16059,0,0
travel,75.286,1807.9,1406.884,1406.884,fly,0.815,ok,2601,0,0,192.00,284422144,422989824,114090264,95883264,18123768,2904,7449760,22132800,958,16059,16059,0,0,0,0,0,0,0,0,0.060,0.065,0.000,0,0,0,16059,16059,0,0
travel,75.316,1808.6,1407.394,1407.394,fly,0.803,ok,2601,0,0,192.00,284422144,422989824,114090264,95883264,18123768,2904,7449760,22132800,958,16059,16059,0,0,0,0,0,0,0,0,0.060,0.060,0.000,0,0,0,16059,16059,0,0
travel,75.346,1809.4,1407.908,1407.908,fly,0.837,ok,2601,0,0,192.00,284422144,422989824,114090264,95883264,18123768,2904,7449760,22132800,958,16059,16059,0,0,0,0,0,0,0,0,0.061,0.068,0.000,0,0,0,16059,16059,0,0
travel,75.384,1810.3,1408.556,1408.556,fly,0.852,ok,2601,0,0,192.00,283709440,421875712,114090264,95883264,18123768,2904,11174640,22132800,958,16160,16160,0,0,0,0,0,0,0,0,0.062,0.068,0.000,0,0,0,16160,16160,0,0
travel,75.414,1811.0,1409.068,1409.068,fly,0.838,ok,2601,0,0,192.00,283709440,421875712,114090264,95883264,18123768,2904,11174640,22132800,958,16160,16160,0,0,0,0,0,0,0,0,0.062,0.066,0.000,0,0,0,16160,16160,0,0
travel,75.445,1811.7,1409.585,1409.585,fly,0.821,ok,2601,0,0,192.00,283713536,421941248,114090264,95883264,18123768,2904,11174640,22132800,958,16160,16160,0,0,0,0,0,0,0,0,0.062,0.065,0.000,0,0,0,16160,16160,0,0
travel,75.475,1812.5,1410.097,1410.097,fly,0.808,ok,2601,0,0,192.00,283713536,421941248,114090264,95883264,18123768,2904,11174640,22132800,958,16160,16160,0,0,0,0,0,0,0,0,0.060,0.060,0.000,0,0,0,16160,16160,0,0
travel,75.505,1813.2,1410.608,1410.608,fly,0.812,ok,2601,0,0,192.00,283713536,421941248,114090264,95883264,18123768,2904,11174640,22132800,958,16160,16160,0,0,0,0,0,0,0,0,0.062,0.063,0.000,0,0,0,16160,16160,0,0
travel,75.535,1813.9,1411.120,1411.120,fly,1.187,ok,2601,0,0,192.00,283713536,421941248,114090264,95883264,18123768,2904,11174640,22132800,958,16160,16160,0,0,0,0,0,0,0,0,0.421,0.069,0.000,0,0,0,16160,16160,0,0
travel,75.565,1814.6,1411.635,1411.635,fly,0.812,ok,2601,0,0,192.00,283713536,421941248,114090264,95883264,18123768,2904,11174640,22132800,958,16160,16160,0,0,0,0,0,0,0,0,0.061,0.064,0.000,0,0,0,16160,16160,0,0
travel,75.595,1815.3,1412.146,1412.146,fly,0.986,ok,2601,0,0,192.00,283713536,421941248,114090264,95883264,18123768,2904,7449760,22132800,958,16160,16160,0,0,0,0,0,0,0,0,0.140,0.075,0.000,0,0,0,16160,16160,0,0
travel,75.626,1816.1,1412.666,1412.666,fly,0.830,ok,2601,0,0,192.00,283713536,421941248,114090264,95883264,18123768,2904,7449760,22132800,958,16160,16160,0,0,0,0,0,0,0,0,0.062,0.067,0.000,0,0,0,16160,16160,0,0
travel,75.656,1816.8,1413.185,1413.185,fly,0.822,ok,2601,0,0,192.00,283713536,421941248,114090264,95883264,18123768,2904,7449760,22132800,958,16160,16160,0,0,0,0,0,0,0,0,0.062,0.066,0.000,0,0,0,16160,16160,0,0
travel,75.687,1817.5,1413.697,1413.697,fly,0.860,ok,2601,0,0,192.00,283713536,421941248,114090264,95883264,18123768,2904,7449760,22132800,958,16160,16160,0,0,0,0,0,0,0,0,0.061,0.074,0.000,0,0,0,16160,16160,0,0
travel,75.717,1818.3,1414.210,1414.210,fly,0.805,ok,2601,0,0,192.00,283713536,421941248,114090264,95883264,18123768,2904,7449760,22132800,958,16160,16160,0,0,0,0,0,0,0,0,0.061,0.061,0.000,0,0,0,16160,16160,0,0
travel,75.747,1819.0,1414.720,1414.720,fly,0.807,ok,2601,0,0,192.00,283713536,421941248,114090264,95883264,18123768,2904,7449760,22132800,958,16160,16160,0,0,0,0,0,0,0,0,0.060,0.064,0.000,0,0,0,16160,16160,0,0
travel,75.777,1819.7,1415.237,1415.237,fly,0.812,ok,2601,0,0,192.00,283713536,421941248,114090264,95883264,18123768,2904,7449760,22132800,958,16160,16160,0,0,0,0,0,0,0,0,0.061,0.064,0.000,0,0,0,16160,16160,0,0
travel,75.807,1820.4,1415.747,1415.747,fly,0.813,ok,2601,0,0,192.00,283713536,421941248,114090264,95883264,18123768,2904,7449760,22132800,958,16160,16160,0,0,0,0,0,0,0,0,0.060,0.065,0.000,0,0,0,16160,16160,0,0
travel,75.846,1821.4,1416.403,1416.403,fly,1.131,ok,2601,0,0,192.00,283901952,422465536,114090264,95883264,18123768,2904,11174640,22132800,958,16261,16261,0,0,0,0,0,0,0,0,0.350,0.067,0.000,0,0,0,16261,16261,0,0
travel,75.876,1822.1,1416.924,1416.924,fly,0.818,ok,2601,0,0,192.00,283901952,422465536,114090264,95883264,18123768,2904,11174640,22132800,958,16261,16261,0,0,0,0,0,0,0,0,0.062,0.066,0.000,0,0,0,16261,16261,0,0
travel,75.907,1822.8,1417.437,1417.437,fly,0.813,ok,2601,0,0,192.00,283901952,422465536,114090264,95883264,18123768,2904,11174640,22132800,958,16261,16261,0,0,0,0,0,0,0,0,0.062,0.067,0.000,0,0,0,16261,16261,0,0
travel,75.937,1823.6,1417.952,1417.952,fly,0.931,ok,2601,0,0,192.00,283901952,422465536,114090264,95883264,18123768,2904,11174640,22132800,958,16261,16261,0,0,0,0,0,0,0,0,0.072,0.114,0.000,0,0,0,16261,16261,0,0
travel,75.967,1824.3,1418.466,1418.466,fly,0.808,ok,2601,0,0,192.00,283901952,422465536,114090264,95883264,18123768,2904,11174640,22132800,958,16261,16261,0,0,0,0,0,0,0,0,0.061,0.061,0.000,0,0,0,16261,16261,0,0
travel,75.997,1825.0,1418.976,1418.976,fly,0.808,ok,2601,0,0,192.00,283901952,422465536,114090264,95883264,18123768,2904,11174640,22132800,958,16261,16261,0,0,0,0,0,0,0,0,0.061,0.064,0.000,0,0,0,16261,16261,0,0
travel,76.027,1825.7,1419.490,1419.490,fly,0.815,ok,2601,0,0,192.00,283901952,422465536,114090264,95883264,18123768,2904,11174640,22132800,958,16261,16261,0,0,0,0,0,0,0,0,0.062,0.066,0.000,0,0,0,16261,16261,0,0
travel,76.057,1826.5,1420.004,1420.004,fly,0.894,ok,2601,0,0,192.00,283901952,422465536,114090264,95883264,18123768,2904,7449760,22132800,958,16261,16261,0,0,0,0,0,0,0,0,0.062,0.071,0.000,0,0,0,16261,16261,0,0
travel,76.088,1827.2,1420.515,1420.515,fly,0.851,ok,2601,0,0,192.00,283901952,422465536,114090264,95883264,18123768,2904,7449760,22132800,958,16261,16261,0,0,0,0,0,0,0,0,0.061,0.070,0.000,0,0,0,16261,16261,0,0
travel,76.118,1827.9,1421.025,1421.025,fly,0.809,ok,2601,0,0,192.00,283901952,422465536,114090264,95883264,18123768,2904,7449760,22132800,958,16261,16261,0,0,0,0,0,0,0,0,0.060,0.061,0.000,0,0,0,16261,16261,0,0
travel,76.148,1828.6,1421.535,1421.535,fly,0.827,ok,2601,0,0,192.00,283901952,422465536,114090264,95883264,18123768,2904,7449760,22132800,958,16261,16261,0,0,0,0,0,0,0,0,0.061,0.067,0.000,0,0,0,16261,16261,0,0
travel,76.178,1829.4,1422.047,1422.047,fly,0.815,ok,2601,0,0,192.00,283901952,422465536,114090264,95883264,18123768,2904,7449760,22132800,958,16261,16261,0,0,0,0,0,0,0,0,0.061,0.066,0.000,0,0,0,16261,16261,0,0
travel,76.208,1830.1,1422.563,1422.563,fly,0.816,ok,2601,0,0,192.00,283901952,422465536,114090264,95883264,18123768,2904,7449760,22132800,958,16261,16261,0,0,0,0,0,0,0,0,0.061,0.065,0.000,0,0,0,16261,16261,0,0
travel,76.238,1830.8,1423.073,1423.073,fly,0.810,ok,2601,0,0,192.00,283901952,422465536,114090264,95883264,18123768,2904,7449760,22132800,958,16261,16261,0,0,0,0,0,0,0,0,0.060,0.064,0.000,0,0,0,16261,16261,0,0
travel,76.268,1831.5,1423.584,1423.584,fly,0.809,ok,2601,0,0,192.00,283901952,422465536,114090264,95883264,18123768,2904,7449760,22132800,958,16261,16261,0,0,0,0,0,0,0,0,0.059,0.064,0.000,0,0,0,16261,16261,0,0
travel,76.306,1832.4,1424.230,1424.230,fly,0.831,ok,2601,0,0,192.00,284372992,422465536,114090264,95883264,18123768,2904,11174640,22132800,958,16362,16362,0,0,0,0,0,0,0,0,0.062,0.067,0.000,0,0,0,16362,16362,0,0
travel,76.336,1833.2,1424.745,1424.745,fly,0.991,ok,2601,0,0,192.00,284372992,422465536,114090264,95883264,18123768,2904,11174640,22132800,958,16362,16362,0,0,0,0,0,0,0,0,0.144,0.110,0.000,0,0,0,16362,16362,0,0
travel,76.367,1833.9,1425.258,1425.258,fly,0.823,ok,2601,0,0,192.00,284372992,422465536,114090264,95883264,18123768,2904,11174640,22132800,958,16362,16362,0,0,0,0,0,0,0,0,0.062,0.064,0.000,0,0,0,16362,16362,0,0
travel,76.397,1834.6,1425.771,1425.771,fly,0.930,ok,2601,0,0,192.00,284372992,422465536,114090264,95883264,18123768,2904,11174640,22132800,958,16362,16362,0,0,0,0,0,0,0,0,0.137,0.072,0.000,0,0,0,16362,16362,0,0
travel,76.427,1835.3,1426.283,1426.283,fly,0.832,ok,2601,0,0,192.00,284372992,422465536,114090264,95883264,18123768,2904,11174640,22132800,958,16362,16362,0,0,0,0,0,0,0,0,0.063,0.067,0.000,0,0,0,16362,16362,0,0
travel,76.458,1836.1,1426.810,1426.810,fly,0.825,ok,2601,0,0,192.00,284372992,422465536,114090264,95883264,18123768,2904,11174640,22132800,958,16362,16362,0,0,0,0,0,0,0,0,0.062,0.068,0.000,0,0,0,16362,16362,0,0
travel,76.488,1836.8,1427.322,1427.322,fly,0.825,ok,2601,0,0,192.00,284372992,422465536,114090264,95883264,18123768,2904,11174640,22132800,958,16362,16362,0,0,0,0,0,0,0,0,0.062,0.071,0.000,0,0,0,16362,16362,0,0
travel,76.518,1837.5,1427.832,1427.832,fly,0.805,ok,2601,0,0,192.00,284372992,422465536,114090264,95883264,18123768,2904,11174640,22132800,958,16362,16362,0,0,0,0,0,0,0,0,0.060,0.061,0.000,0,0,0,16362,16362,0,0
travel,76.548,1838.3,1428.345,1428.345,fly,0.808,ok,2601,0,0,192.00,284372992,422465536,114090264,95883264,18123768,2904,7449760,22132800,958,16362,16362,0,0,0,0,0,0,0,0,0.061,0.062,0.000,0,0,0,16362,16362,0,0
travel,76.578,1839.0,1428.858,1428.858,fly,0.807,ok,2601,0,0,192.00,284372992,422465536,114090264,95883264,18123768,2904,7449760,22132800,958,16362,16362,0,0,0,0,0,0,0,0,0.061,0.062,0.000,0,0,0,16362,16362,0,0
travel,76.609,1839.7,1429.374,1429.374,fly,0.809,ok,2601,0,0,192.00,284372992,422465536,114090264,95883264,18123768,2904,7449760,22132800,958,16362,16362,0,0,0,0,0,0,0,0,0.061,0.062,0.000,0,0,0,16362,16362,0,0
travel,76.639,1840.4,1429.884,1429.884,fly,0.836,ok,2601,0,0,192.00,284372992,422465536,114090264,95883264,18123768,2904,7449760,22132800,958,16362,16362,0,0,0,0,0,0,0,0,0.061,0.068,0.000,0,0,0,16362,16362,0,0
travel,76.669,1841.2,1430.398,1430.398,fly,0.804,ok,2601,0,0,192.00,284372992,422465536,114090264,95883264,18123768,2904,7449760,22132800,958,16362,16362,0,0,0,0,0,0,0,0,0.059,0.061,0.000,0,0,0,16362,16362,0,0
travel,76.699,1841.9,1430.916,1430.916,fly,0.807,ok,2601,0,0,192.00,284372992,422465536,114090264,95883264,18123768,2904,7449760,22132800,958,16362,16362,0,0,0,0,0,0,0,0,0.060,0.069,0.000,0,0,0,16362,16362,0,0
travel,76.730,1842.6,1431.441,1431.441,fly,1.042,ok,2601,0,0,192.00,284372992,422465536,114090264,95883264,18123768,2904,7449760,22132800,958,16362,16362,0,0,0,0,0,0,0,0,0.272,0.063,0.000,0,0,0,16362,16362,0,0
travel,76.760,1843.4,1431.952,1431.952,fly,0.811,ok,2601,0,0,192.00,284372992,422465536,114090264,95883264,18123768,2904,7449760,22132800,958,16362,16362,0,0,0,0,0,0,0,0,0.061,0.064,0.000,0,0,0,16362,16362,0,0
travel,76.798,1844.3,1432.593,1432.593,fly,0.809,ok,2601,0,0,192.00,284930048,422989824,114090264,95883264,18123768,2904,11174640,22132800,958,16463,16463,0,0,0,0,0,0,0,0,0.061,0.061,0.000,0,0,0,16463,16463,0,0
travel,76.828,1845.0,1433.104,1433.104,fly,1.086,ok,2601,0,0,192.00,284930048,422989824,114090264,95883264,18123768,2904,11174640,22132800,958,16463,16463,0,0,0,0,0,0,0,0,0.331,0.062,0.000,0,0,0,16463,16463,0,0
travel,76.858,1845.7,1433.616,1433.616,fly,0.818,ok,2601,0,0,192.00,284930048,422989824,114090264,95883264,18123768,2904,11174640,22132800,958,16463,16463,0,0,0,0,0,0,0,0,0.061,0.066,0.000,0,0,0,16463,16463,0,0
travel,76.888,1846.4,1434.128,1434.128,fly,0.890,ok,2601,0,0,192.00,284930048,422989824,114090264,95883264,18123768,2904,11174640,22132800,958,16463,16463,0,0,0,0,0,0,0,0,0.133,0.064,0.000,0,0,0,16463,16463,0,0
travel,76.919,1847.2,1434.642,1434.642,fly,0.823,ok,2601,0,0,192.00,284930048,422989824,114090264,95883264,18123768,2904,11174640,22132800,958,16463,16463,0,0,0,0,0,0,0,0,0.061,0.068,0.000,0,0,0,16463,16463,0,0
travel,76.949,1847.9,1435.159,1435.159,fly,0.812,ok,2601,0,0,192.00,284930048,422989824,114090264,95883264,18123768,2904,11174640,22132800,958,16463,16463,0,0,0,0,0,0,0,0,0.062,0.062,0.000,0,0,0,16463,16463,0,0
travel,76.980,1848.6,1435.679,1435.679,fly,0.810,ok,2601,0,0,192.00,284930048,422989824,114090264,95883264,18123768,2904,11174640,22132800,958,16463,16463,0,0,0,0,0,0,0,0,0.061,0.062,0.000,0,0,0,16463,16463,0,0
travel,77.010,1849.4,1436.189,1436.189,fly,0.925,ok,2601,0,0,192.00,284930048,422989824,114090264,95883264,18123768,2904,7449760,22132800,958,16463,16463,0,0,0,0,0,0,0,0,0.071,0.113,0.000,0,0,0,16463,16463,0,0
travel,77.040,1850.1,1436.702,1436.702,fly,0.838,ok,2601,0,0,192.00,284930048,422989824,114090264,95883264,18123768,2904,7449760,22132800,958,16463,16463,0,0,0,0,0,0,0,0,0.061,0.067,0.000,0,0,0,16463,16463,0,0
travel,77.070,1850.8,1437.216,1437.216,fly,0.805,ok,2601,0,0,192.00,284930048,422989824,114090264,95883264,18123768,2904,7449760,22132800,958,16463,16463,0,0,0,0,0,0,0,0,0.061,0.062,0.000,0,0,0,16463,16463,0,0
travel,77.100,1851.5,1437.734,1437.734,fly,0.825,ok,2601,0,0,192.00,284930048,422989824,114090264,95883264,18123768,2904,7449760,22132800,958,16463,16463,0,0,0,0,0,0,0,0,0.060,0.066,0.000,0,0,0,16463,16463,0,0
travel,77.131,1852.3,1438.257,1438.257,fly,0.836,ok,2601,0,0,192.00,284930048,422989824,114090264,95883264,18123768,2904,7449760,22132800,958,16463,16463,0,0,0,0,0,0,0,0,0.061,0.068,0.000,0,0,0,16463,16463,0,0
travel,77.161,1853.0,1438.768,1438.768,fly,0.939,ok,2601,0,0,192.00,284930048,422989824,114090264,95883264,18123768,2904,7449760,22132800,958,16463,16463,0,0,0,0,0,0,0,0,0.149,0.076,0.000,0,0,0,16463,16463,0,0
travel,77.191,1853.7,1439.281,1439.281,fly,0.825,ok,2601,0,0,192.00,284930048,422989824,114090264,95883264,18123768,2904,7449760,22132800,958,16463,16463,0,0,0,0,0,0,0,0,0.063,0.067,0.000,0,0,0,16463,16463,0,0
travel,77.222,1854.5,1439.796,1439.796,fly,0.828,ok,2601,0,0,192.00,284930048,422989824,114090264,95883264,18123768,2904,7449760,22132800,958,16463,16463,0,0,0,0,0,0,0,0,0.062,0.066,0.000,0,0,0,16463,16463,0,0
travel,77.260,1855.4,1440.442,1440.442,fly,0.827,ok,2601,0,0,192.00,285229056,423514112,114090264,95883264,18123768,2904,11174640,22132800,958,16564,16564,0,0,0,0,0,0,0,0,0.061,0.067,0.000,0,0,0,16564,16564,0,0
travel,77.290,1856.1,1440.956,1440.956,fly,0.810,ok,2601,0,0,192.00,285229056,423514112,114090264,95883264,18123768,2904,11174640,22132800,958,16564,16564,0,0,0,0,0,0,0,0,0.062,0.064,0.000,0,0,0,16564,16564,0,0
travel,77.320,1856.8,1441.468,1441.468,fly,0.805,ok,2601,0,0,192.00,285229056,423514112,114090264,95883264,18123768,2904,11174640,22132800,958,16564,16564,0,0,0,0,0,0,0,0,0.062,0.064,0.000,0,0,0,16564,16564,0,0
travel,77.350,1857.5,1441.981,1441.981,fly,0.805,ok,2601,0,0,192.00,285229056,423514112,114090264,95883264,18123768,2904,11174640,22132800,958,16564,16564,0,0,0,0,0,0,0,0,0.061,0.064,0.000,0,0,0,16564,16564,0,0
travel,77.380,1858.3,1442.492,1442.492,fly,0.917,ok,2601,0,0,192.00,285229056,423514112,114090264,95883264,18123768,2904,11174640,22132800,958,16564,16564,0,0,0,0,0,0,0,0,0.069,0.124,0.000,0,0,0,16564,16564,0,0
travel,77.410,1859.0,1443.002,1443.002,fly,0.866,ok,2601,0,0,192.00,285229056,423514112,114090264,95883264,18123768,2904,11174640,22132800,958,16564,16564,0,0,0,0,0,0,0,0,0.062,0.066,0.000,0,0,0,16564,16564,0,0
travel,77.440,1859.7,1443.516,1443.516,fly,0.813,ok,2601,0,0,192.00,285229056,423514112,114090264,95883264,18123768,2904,11174640,22132800,958,16564,16564,0,0,0,0,0,0,0,0,0.061,0.063,0.000,0,0,0,16564,16564,0,0
travel,77.470,1860.4,1444.026,1444.026,fly,0.806,ok,2601,0,0,192.00,285229056,423514112,114090264,95883264,18123768,2904,7449760,22132800,958,16564,16564,0,0,0,0,0,0,0,0,0.061,0.062,0.000,0,0,0,16564,16564,0,0
travel,77.501,1861.2,1444.539,1444.539,fly,0.842,ok,2601,0,0,192.00,285229056,423514112,114090264,95883264,18123768,2904,7449760,22132800,958,16564,16564,0,0,0,0,0,0,0,0,0.062,0.070,0.000,0,0,0,16564,16564,0,0
travel,77.531,1861.9,1445.053,1445.053,fly,0.939,ok,2601,0,0,192.00,285229056,423514112,114090264,95883264,18123768,2904,7449760,22132800,958,16564,16564,0,0,0,0,0,0,0,0,0.070,0.108,0.000,0,0,0,16564,16564,0,0
travel,77.561,1862.6,1445.563,1445.563,fly,0.811,ok,2601,0,0,192.00,285229056,423514112,114090264,95883264,18123768,2904,7449760,22132800,958,16564,16564,0,0,0,0,0,0,0,0,0.060,0.063,0.000,0,0,0,16564,16564,0,0
travel,77.591,1863.3,1446.073,1446.073,fly,0.852,ok,2601,0,0,192.00,285229056,423514112,114090264,95883264,18123768,2904,7449760,22132800,958,16564,16564,0,0,0,0,0,0,0,0,0.061,0.081,0.000,0,0,0,16564,16564,0,0
travel,77.621,1864.1,1446.584,1446.584,fly,0.805,ok,2601,0,0,192.00,285229056,423514112,114090264,95883264,18123768,2904,7449760,22132800,958,16564,16564,0,0,0,0,0,0,0,0,0.061,0.062,0.000,0,0,0,16564,16564,0,0
travel,77.651,1864.8,1447.094,1447.094,fly,0.833,ok,2601,0,0,192.00,285229056,423514112,114090264,95883264,18123768,2904,7449760,22132800,958,16564,16564,0,0,0,0,0,0,0,0,0.061,0.069,0.000,0,0,0,16564,16564,0,0
travel,77.682,1865.5,1447.619,1447.619,fly,0.831,ok,2601,0,0,192.00,285229056,423514112,114090264,95883264,18123768,2904,7449760,22132800,958,16564,16564,0,0,0,0,0,0,0,0,0.061,0.067,0.000,0,0,0,16564,16564,0,0
travel,77.720,1866.4,1448.266,1448.266,fly,0.826,ok,2601,0,0,192.00,285949952,424042496,114090264,95883264,18123768,2904,11174640,22132800,958,16665,16665,0,0,0,0,0,0,0,0,0.062,0.065,0.000,0,0,0,16665,16665,0,0
travel,77.750,1867.2,1448.778,1448.778,fly,0.808,ok,2601,0,0,192.00,285949952,424042496,114090264,95883264,18123768,2904,11174640,22132800,958,16665,16665,0,0,0,0,0,0,0,0,0.061,0.065,0.000,0,0,0,16665,16665,0,0
travel,77.780,1867.9,1449.291,1449.291,fly,0.812,ok,2601,0,0,192.00,285949952,424042496,114090264,95883264,18123768,2904,11174640,22132800,958,16665,16665,0,0,0,0,0,0,0,0,0.061,0.064,0.000,0,0,0,16665,16665,0,0
travel,77.810,1868.6,1449.806,1449.806,fly,0.812,ok,2601,0,0,192.00,285949952,424042496,114090264,95883264,18123768,2904,11174640,22132800,958,16665,16665,0,0,0,0,0,0,0,0,0.061,0.067,0.000,0,0,0,16665,16665,0,0
travel,77.841,1869.3,1450.318,1450.318,fly,0.814,ok,2601,0,0,192.00,285949952,424042496,114090264,95883264,18123768,2904,11174640,22132800,958,16665,16665,0,0,0,0,0,0,0,0,0.062,0.064,0.000,0,0,0,16665,16665,0,0
travel,77.871,1870.1,1450.832,1450.832,fly,0.815,ok,2601,0,0,192.00,285949952,424042496,114090264,95883264,18123768,2904,11174640,22132800,958,16665,16665,0,0,0,0,0,0,0,0,0.062,0.062,0.000,0,0,0,16665,16665,0,0
travel,77.901,1870.8,1451.343,1451.343,fly,0.805,ok,2601,0,0,192.00,285949952,424042496,114090264,95883264,18123768,2904,11174640,22132800,958,16665,16665,0,0,0,0,0,0,0,0,0.061,0.062,0.000,0,0,0,16665,16665,0,0
travel,77.931,1871.5,1451.854,1451.854,fly,0.834,ok,2601,0,0,192.00,285949952,424042496,114090264,95883264,18123768,2904,11174640,22132800,958,16665,16665,0,0,0,0,0,0,0,0,0.062,0.068,0.000,0,0,0,16665,16665,0,0
travel,77.961,1872.2,1452.369,1452.369,fly,1.015,ok,2601,0,0,192.00,285949952,424042496,114090264,95883264,18123768,2904,7449760,22132800,958,16665,16665,0,0,0,0,0,0,0,0,0.072,0.115,0.000,0,0,0,16665,16665,0,0
travel,77.992,1873.0,1452.885,1452.885,fly,0.848,ok,2601,0,0,192.00,285949952,424042496,114090264,95883264,18123768,2904,7449760,22132800,958,16665,16665,0,0,0,0,0,0,0,0,0.062,0.070,0.000,0,0,0,16665,16665,0,0
travel,78.022,1873.7,1453.395,1453.395,fly,0.803,ok,2601,0,0,192.00,285949952,424042496,114090264,95883264,18123768,2904,7449760,22132800,958,16665,16665,0,0,0,0,0,0,0,0,0.061,0.063,0.000,0,0,0,16665,16665,0,0
travel,78.052,1874.4,1453.911,1453.911,fly,0.850,ok,2601,0,0,192.00,285949952,424042496,114090264,95883264,18123768,2904,7449760,22132800,958,16665,16665,0,0,0,0,0,0,0,0,0.062,0.070,0.000,0,0,0,16665,16665,0,0
travel,78.082,1875.1,1454.424,1454.424,fly,1.231,ok,2601,0,0,192.00,285949952,424042496,114090264,95883264,18123768,2904,7449760,22132800,958,16665,16665,0,0,0,0,0,0,0,0,0.449,0.071,0.000,0,0,0,16665,16665,0,0
travel,78.112,1875.9,1454.939,1454.939,fly,0.799,ok,2601,0,0,192.00,285949952,424042496,114090264,95883264,18123768,2904,7449760,22132800,958,16665,16665,0,0,0,0,0,0,0,0,0.060,0.061,0.000,0,0,0,16665,16665,0,0
travel,78.142,1876.6,1455.450,1455.450,fly,1.221,ok,2601,0,0,192.00,285949952,424042496,114090264,95883264,18123768,2904,7449760,22132800,958,16665,16665,0,0,0,0,0,0,0,0,0.453,0.065,0.000,0,0,0,16665,16665,0,0
travel,78.173,1877.3,1455.965,1455.965,fly,0.828,ok,2601,0,0,192.00,285949952,424042496,114090264,95883264,18123768,2904,7449760,22132800,958,16665,16665,0,0,0,0,0,0,0,0,0.061,0.067,0.000,0,0,0,16665,16665,0,0
travel,78.211,1878.2,1456.609,1456.609,fly,0.811,ok,2601,0,0,192.00,286408704,424566784,114090264,95883264,18123768,2904,11174640,22132800,958,16766,16766,0,0,0,0,0,0,0,0,0.061,0.066,0.000,0,0,0,16766,16766,0,0
travel,78.241,1879.0,1457.124,1457.124,fly,0.886,ok,2601,0,0,192.00,286408704,424566784,114090264,95883264,18123768,2904,11174640,22132800,958,16766,16766,0,0,0,0,0,0,0,0,0.135,0.063,0.000,0,0,0,16766,16766,0,0
travel,78.271,1879.7,1457.634,1457.634,fly,0.803,ok,2601,0,0,192.00,286408704,424566784,114090264,95883264,18123768,2904,11174640,22132800,958,16766,16766,0,0,0,0,0,0,0,0,0.062,0.062,0.000,0,0,0,16766,16766,0,0
travel,78.301,1880.4,1458.145,1458.145,fly,0.810,ok,2601,0,0,192.00,286408704,424566784,114090264,95883264,18123768,2904,11174640,22132800,958,16766,16766,0,0,0,0,0,0,0,0,0.062,0.065,0.000,0,0,0,16766,16766,0,0
travel,78.331,1881.1,1458.664,1458.664,fly,0.856,ok,2601,0,0,192.00,286408704,424566784,114090264,95883264,18123768,2904,11174640,22132800,958,16766,16766,0,0,0,0,0,0,0,0,0.062,0.071,0.000,0,0,0,16766,16766,0,0
travel,78.361,1881.9,1459.175,1459.175,fly,0.815,ok,2601,0,0,192.00,286408704,424566784,114090264,95883264,18123768,2904,11174640,22132800,958,16766,16766,0,0,0,0,0,0,0,0,0.061,0.062,0.000,0,0,0,16766,16766,0,0
travel,78.391,1882.6,1459.685,1459.685,fly,0.803,ok,2601,0,0,192.00,286408704,424566784,114090264,95883264,18123768,2904,11174640,22132800,958,16766,16766,0,0,0,0,0,0,0,0,0.061,0.062,0.000,0,0,0,16766,16766,0,0
travel,78.422,1883.3,1460.199,1460.199,fly,0.818,ok,2601,0,0,192.00,286408704,424566784,114090264,95883264,18123768,2904,7449760,22132800,958,16766,16766,0,0,0,0,0,0,0,0,0.065,0.067,0.000,0,0,0,16766,16766,0,0
travel,78.452,1884.0,1460.710,1460.710,fly,0.810,ok,2601,0,0,192.00,286408704,424566784,114090264,95883264,18123768,2904,7449760,22132800,958,16766,16766,0,0,0,0,0,0,0,0,0.061,0.064,0.000,0,0,0,16766,16766,0,0
travel,78.482,1884.8,1461.224,1461.224,fly,0.830,ok,2601,0,0,192.00,286408704,424566784,114090264,95883264,18123768,2904,7449760,22132800,958,16766,16766,0,0,0,0,0,0,0,0,0.062,0.067,0.000,0,0,0,16766,16766,0,0
travel,78.512,1885.5,1461.737,1461.737,fly,0.806,ok,2601,0,0,192.00,286408704,424566784,114090264,95883264,18123768,2904,7449760,22132800,958,16766,16766,0,0,0,0,0,0,0,0,0.061,0.062,0.000,0,0,0,16766,16766,0,0
travel,78.543,1886.2,1462.253,1462.253,fly,0.827,ok,2601,0,0,192.00,286408704,424566784,114090264,95883264,18123768,2904,7449760,22132800,958,16766,16766,0,0,0,0,0,0,0,0,0.061,0.068,0.000,0,0,0,16766,16766,0,0
travel,78.573,1886.9,1462.763,1462.763,fly,0.871,ok,2601,0,0,192.00,286408704,424566784,114090264,95883264,18123768,2904,7449760,22132800,958,16766,16766,0,0,0,0,0,0,0,0,0.063,0.073,0.000,0,0,0,16766,16766,0,0
travel,78.603,1887.7,1463.275,1463.275,fly,0.801,ok,2601,0,0,192.00,286408704,424566784,114090264,95883264,18123768,2904,7449760,22132800,958,16766,16766,0,0,0,0,0,0,0,0,0.061,0.064,0.000,0,0,0,16766,16766,0,0
travel,78.633,1888.4,1463.786,1463.786,fly,0.810,ok,2601,0,0,192.00,286408704,424566784,114090264,95883264,18123768,2904,7449760,22132800,958,16766,16766,0,0,0,0,0,0,0,0,0.060,0.063,0.000,0,0,0,16766,16766,0,0
travel,78.671,1889.3,1464.435,1464.435,fly,0.832,ok,2601,0,0,192.00,286621696,425091072,114090264,95883264,18123768,2904,11174640,22132800,958,16867,16867,0,0,0,0,0,0,0,0,0.061,0.069,0.000,0,0,0,16867,16867,0,0
travel,78.701,1890.0,1464.949,1464.949,fly,0.804,ok,2601,0,0,192.00,286621696,425091072,114090264,95883264,18123768,2904,11174640,22132800,958,16867,16867,0,0,0,0,0,0,0,0,0.062,0.062,0.000,0,0,0,16867,16867,0,0
travel,78.731,1890.7,1465.461,1465.461,fly,0.803,ok,2601,0,0,192.00,286621696,425091072,114090264,95883264,18123768,2904,11174640,22132800,958,16867,16867,0,0,0,0,0,0,0,0,0.063,0.061,0.000,0,0,0,16867,16867,0,0
travel,78.762,1891.5,1465.977,1465.977,fly,0.852,ok,2601,0,0,192.00,286621696,425091072,114090264,95883264,18123768,2904,11174640,22132800,958,16867,16867,0,0,0,0,0,0,0,0,0.062,0.070,0.000,0,0,0,16867,16867,0,0
travel,78.792,1892.2,1466.490,1466.490,fly,0.828,ok,2601,0,0,192.00,286621696,425091072,114090264,95883264,18123768,2904,11174640,22132800,958,16867,16867,0,0,0,0,0,0,0,0,0.061,0.064,0.000,0,0,0,16867,16867,0,0
travel,78.822,1892.9,1467.010,1467.010,fly,0.867,ok,2601,0,0,192.00,286621696,425091072,114090264,95883264,18123768,2904,11174640,22132800,958,16867,16867,0,0,0,0,0,0,0,0,0.064,0.068,0.000,0,0,0,16867,16867,0,0
travel,78.853,1893.7,1467.524,1467.524,fly,0.919,ok,2601,0,0,192.00,286621696,425091072,114090264,95883264,18123768,2904,11174640,22132800,958,16867,16867,0,0,0,0,0,0,0,0,0.139,0.070,0.000,0,0,0,16867,16867,0,0
travel,78.883,1894.4,1468.036,1468.036,fly,0.835,ok,2601,0,0,192.00,286621696,425091072,114090264,95883264,18123768,2904,11174640,22132800,958,16867,16867,0,0,0,0,0,0,0,0,0.061,0.068,0.000,0,0,0,16867,16867,0,0
travel,78.913,1895.1,1468.549,1468.549,fly,0.827,ok,2601,0,0,192.00,286621696,425091072,114090264,95883264,18123768,2904,7449760,22132800,958,16867,16867,0,0,0,0,0,0,0,0,0.062,0.065,0.000,0,0,0,16867,16867,0,0
travel,78.943,1895.8,1469.059,1469.059,fly,0.850,ok,2601,0,0,192.00,286621696,425091072,114090264,95883264,18123768,2904,7449760,22132800,958,16867,16867,0,0,0,0,0,0,0,0,0.063,0.073,0.000,0,0,0,16867,16867,0,0
travel,78.973,1896.6,1469.578,1469.578,fly,0.796,ok,2601,0,0,192.00,286621696,425091072,114090264,95883264,18123768,2904,7449760,22132800,958,16867,16867,0,0,0,0,0,0,0,0,0.061,0.061,0.000,0,0,0,16867,16867,0,0
travel,79.003,1897.3,1470.088,1470.088,fly,0.806,ok,2601,0,0,192.00,286621696,425091072,114090264,95883264,18123768,2904,7449760,22132800,958,16867,16867,0,0,0,0,0,0,0,0,0.065,0.065,0.000,0,0,0,16867,16867,0,0
travel,79.034,1898.0,1470.602,1470.602,fly,0.932,ok,2601,0,0,192.00,286621696,425091072,114090264,95883264,18123768,2904,7449760,22132800,958,16867,16867,0,0,0,0,0,0,0,0,0.071,0.114,0.000,0,0,0,16867,16867,0,0
travel,79.064,1898.7,1471.112,1471.112,fly,0.801,ok,2601,0,0,192.00,286621696,425091072,114090264,95883264,18123768,2904,7449760,22132800,958,16867,16867,0,0,0,0,0,0,0,0,0.061,0.063,0.000,0,0,0,16867,16867,0,0
travel,79.094,1899.5,1471.626,1471.626,fly,0.860,ok,2601,0,0,192.00,286621696,425091072,114090264,95883264,18123768,2904,7449760,22132800,958,16867,16867,0,0,0,0,0,0,0,0,0.062,0.080,0.000,0,0,0,16867,16867,0,0
travel,79.132,1900.4,1472.268,1472.268,fly,0.813,ok,2601,0,0,192.00,287539200,425615360,114090264,95883264,18123768,2904,11174640,22132800,958,16968,16968,0,0,0,0,0,0,0,0,0.062,0.062,0.000,0,0,0,16968,16968,0,0
travel,79.162,1901.1,1472.786,1472.786,fly,0.806,ok,2601,0,0,192.00,287539200,425615360,114090264,95883264,18123768,2904,11174640,22132800,958,16968,16968,0,0,0,0,0,0,0,0,0.061,0.061,0.000,0,0,0,16968,16968,0,0
travel,79.192,1901.8,1473.299,1473.299,fly,0.807,ok,2601,0,0,192.00,287539200,425615360,114090264,95883264,18123768,2904,11174640,22132800,958,16968,16968,0,0,0,0,0,0,0,0,0.062,0.065,0.000,0,0,0,16968,16968,0,0
travel,79.222,1902.6,1473.813,1473.813,fly,0.991,ok,2601,0,0,192.00,287539200,425615360,114090264,95883264,18123768,2904,11174640,22132800,958,16968,16968,0,0,0,0,0,0,0,0,0.083,0.116,0.000,0,0,0,16968,16968,0,0
travel,79.252,1903.3,1474.324,1474.324,fly,0.806,ok,2601,0,0,192.00,287539200,425615360,114090264,95883264,18123768,2904,11174640,22132800,958,16968,16968,0,0,0,0,0,0,0,0,0.061,0.062,0.000,0,0,0,16968,16968,0,0
travel,79.283,1904.0,1474.840,1474.840,fly,0.828,ok,2601,0,0,192.00,287539200,425615360,114090264,95883264,18123768,2904,11174640,22132800,958,16968,16968,0,0,0,0,0,0,0,0,0.062,0.064,0.000,0,0,0,16968,16968,0,0
travel,79.313,1904.7,1475.350,1475.350,fly,0.802,ok,2601,0,0,192.00,287539200,425615360,114090264,95883264,18123768,2904,11174640,22132800,958,16968,16968,0,0,0,0,0,0,0,0,0.062,0.064,0.000,0,0,0,16968,16968,0,0
travel,79.343,1905.5,1475.865,1475.865,fly,0.846,ok,2601,0,0,192.00,287539200,425615360,114090264,95883264,18123768,2904,11174640,22132800,958,16968,16968,0,0,0,0,0,0,0,0,0.060,0.066,0.000,0,0,0,16968,16968,0,0
travel,79.373,1906.2,1476.381,1476.381,fly,0.809,ok,2601,0,0,192.00,287539200,425615360,114090264,95883264,18123768,2904,7449760,22132800,958,16968,16968,0,0,0,0,0,0,0,0,0.061,0.063,0.000,0,0,0,16968,16968,0,0
travel,79.403,1906.9,1476.891,1476.891,fly,0.938,ok,2601,0,0,192.00,287539200,425615360,114090264,95883264,18123768,2904,7449760,22132800,958,16968,16968,0,0,0,0,0,0,0,0,0.183,0.060,0.000,0,0,0,16968,16968,0,0
travel,79.434,1907.6,1477.403,1477.403,fly,0.808,ok,2601,0,0,192.00,287539200,425615360,114090264,95883264,18123768,2904,7449760,22132800,958,16968,16968,0,0,0,0,0,0,0,0,0.061,0.065,0.000,0,0,0,16968,16968,0,0
travel,79.464,1908.4,1477.913,1477.913,fly,1.053,ok,2601,0,0,192.00,287539200,425615360,114090264,95883264,18123768,2904,7449760,22132800,958,16968,16968,0,0,0,0,0,0,0,0,0.284,0.065,0.000,0,0,0,16968,16968,0,0
travel,79.494,1909.1,1478.427,1478.427,fly,0.828,ok,2601,0,0,192.00,287539200,425615360,114090264,95883264,18123768,2904,7449760,22132800,958,16968,16968,0,0,0,0,0,0,0,0,0.060,0.070,0.000,0,0,0,16968,16968,0,0
travel,79.524,1909.8,1478.937,1478.937,fly,1.192,ok,2601,0,0,192.00,287539200,425615360,114090264,95883264,18123768,2904,7449760,22132800,958,16968,16968,0,0,0,0,0,0,0,0,0.429,0.071,0.000,0,0,0,16968,16968,0,0
travel,79.554,1910.5,1479.454,1479.454,fly,0.807,ok,2601,0,0,192.00,287539200,425615360,114090264,95883264,18123768,2904,7449760,22132800,958,16968,16968,0,0,0,0,0,0,0,0,0.061,0.065,0.000,0,0,0,16968,16968,0,0
travel,79.584,1911.3,1479.966,1479.966,fly,0.900,ok,2601,0,0,192.00,287539200,425615360,114090264,95883264,18123768,2904,7449760,22132800,958,16968,16968,0,0,0,0,0,0,0,0,0.135,0.070,0.000,0,0,0,16968,16968,0,0
travel,79.622,1912.2,1480.611,1480.611,fly,0.811,ok,2601,0,0,192.00,287670272,425615360,114090264,95883264,18123768,2904,11174640,22132800,958,17069,17069,0,0,0,0,0,0,0,0,0.062,0.066,0.000,0,0,0,17069,17069,0,0
travel,79.653,1912.9,1481.125,1481.125,fly,0.899,ok,2601,0,0,192.00,287670272,425615360,114090264,95883264,18123768,2904,11174640,22132800,958,17069,17069,0,0,0,0,0,0,0,0,0.068,0.140,0.000,0,0,0,17069,17069,0,0
travel,79.683,1913.6,1481.640,1481.640,fly,0.811,ok,2601,0,0,192.00,287670272,425615360,114090264,95883264,18123768,2904,11174640,22132800,958,17069,17069,0,0,0,0,0,0,0,0,0.062,0.065,0.000,0,0,0,17069,17069,0,0
travel,79.713,1914.4,1482.150,1482.150,fly,0.805,ok,2601,0,0,192.00,287670272,425615360,114090264,95883264,18123768,2904,11174640,22132800,958,17069,17069,0,0,0,0,0,0,0,0,0.062,0.063,0.000,0,0,0,17069,17069,0,0
travel,79.743,1915.1,1482.663,1482.663,fly,0.805,ok,2601,0,0,192.00,287670272,425615360,114090264,95883264,18123768,2904,11174640,22132800,958,17069,17069,0,0,0,0,0,0,0,0,0.062,0.064,0.000,0,0,0,17069,17069,0,0
travel,79.773,1915.8,1483.173,1483.173,fly,0.806,ok,2601,0,0,192.00,287670272,425615360,114090264,95883264,18123768,2904,11174640,22132800,958,17069,17069,0,0,0,0,0,0,0,0,0.061,0.062,0.000,0,0,0,17069,17069,0,0
travel,79.803,1916.5,1483.687,1483.687,fly,0.826,ok,2601,0,0,192.00,287670272,425615360,114090264,95883264,18123768,2904,11174640,22132800,958,17069,17069,0,0,0,0,0,0,0,0,0.063,0.068,0.000,0,0,0,17069,17069,0,0
travel,79.833,1917.2,1484.197,1484.197,fly,0.812,ok,2601,0,0,192.00,287670272,425615360,114090264,95883264,18123768,2904,7449760,22132800,958,17069,17069,0,0,0,0,0,0,0,0,0.061,0.066,0.000,0,0,0,17069,17069,0,0
travel,79.864,1918.0,1484.715,1484.715,fly,0.824,ok,2601,0,0,192.00,287670272,425615360,114090264,95883264,18123768,2904,7449760,22132800,958,17069,17069,0,0,0,0,0,0,0,0,0.062,0.069,0.000,0,0,0,17069,17069,0,0
travel,79.894,1918.7,1485.229,1485.229,fly,0.951,ok,2601,0,0,192.00,287670272,425615360,114090264,95883264,18123768,2904,7449760,22132800,958,17069,17069,0,0,0,0,0,0,0,0,0.071,0.115,0.000,0,0,0,17069,17069,0,0
travel,79.924,1919.4,1485.741,1485.741,fly,0.810,ok,2601,0,0,192.00,287670272,425615360,114090264,95883264,18123768,2904,7449760,22132800,958,17069,17069,0,0,0,0,0,0,0,0,0.064,0.069,0.000,0,0,0,17069,17069,0,0
travel,79.954,1920.2,1486.255,1486.255,fly,0.806,ok,2601,0,0,192.00,287670272,425615360,114090264,95883264,18123768,2904,7449760,22132800,958,17069,17069,0,0,0,0,0,0,0,0,0.061,0.062,0.000,0,0,0,17069,17069,0,0
travel,79.984,1920.9,1486.769,1486.769,fly,0.810,ok,2601,0,0,192.00,287670272,425615360,114090264,95883264,18123768,2904,7449760,22132800,958,17069,17069,0,0,0,0,0,0,0,0,0.061,0.064,0.000,0,0,0,17069,17069,0,0
travel,80.015,1921.6,1487.282,1487.282,fly,0.810,ok,2601,0,0,192.00,287670272,425615360,114090264,95883264,18123768,2904,7449760,22132800,958,17069,17069,0,0,0,0,0,0,0,0,0.061,0.065,0.000,0,0,0,17069,17069,0,0
travel,80.045,1922.3,1487.799,1487.799,fly,0.926,ok,2601,0,0,192.00,287670272,425615360,114090264,95883264,18123768,2904,7449760,22132800,958,17069,17069,0,0,0,0,0,0,0,0,0.070,0.111,0.000,0,0,0,17069,17069,0,0
travel,80.083,1923.2,1488.443,1488.443,fly,0.808,ok,2601,0,0,192.00,288129024,426139648,114090264,95883264,18123768,2904,11174640,22132800,958,17170,17170,0,0,0,0,0,0,0,0,0.062,0.066,0.000,0,0,0,17170,17170,0,0
travel,80.113,1924.0,1488.953,1488.953,fly,0.806,ok,2601,0,0,192.00,288129024,426139648,114090264,95883264,18123768,2904,11174640,22132800,958,17170,17170,0,0,0,0,0,0,0,0,0.061,0.067,0.000,0,0,0,17170,17170,0,0
travel,80.143,1924.7,1489.464,1489.464,fly,0.840,ok,2601,0,0,192.00,288129024,426139648,114090264,95883264,18123768,2904,11174640,22132800,958,17170,17170,0,0,0,0,0,0,0,0,0.063,0.070,0.000,0,0,0,17170,17170,0,0
travel,80.173,1925.4,1489.974,1489.974,fly,0.822,ok,2601,0,0,192.00,288129024,426139648,114090264,95883264,18123768,2904,11174640,22132800,958,17170,17170,0,0,0,0,0,0,0,0,0.062,0.063,0.000,0,0,0,17170,17170,0,0
travel,80.204,1926.2,1490.497,1490.497,fly,0.867,ok,2601,0,0,192.00,288129024,426139648,114090264,95883264,18123768,2904,11174640,22132800,958,17170,17170,0,0,0,0,0,0,0,0,0.062,0.071,0.000,0,0,0,17170,17170,0,0
travel,80.234,1926.9,1491.010,1491.010,fly,0.971,ok,2601,0,0,192.00,288129024,426139648,114090264,95883264,18123768,2904,11174640,22132800,958,17170,17170,0,0,0,0,0,0,0,0,0.149,0.069,0.000,0,0,0,17170,17170,0,0
travel,80.264,1927.6,1491.524,1491.524,fly,0.803,ok,2601,0,0,192.00,288129024,426139648,114090264,95883264,18123768,2904,11174640,22132800,958,17170,17170,0,0,0,0,0,0,0,0,0.062,0.064,0.000,0,0,0,17170,17170,0,0
travel,80.294,1928.3,1492.034,1492.034,fly,0.808,ok,2601,0,0,192.00,288129024,426139648,114090264,95883264,18123768,2904,7449760,22132800,958,17170,17170,0,0,0,0,0,0,0,0,0.061,0.065,0.000,0,0,0,17170,17170,0,0
travel,80.324,1929.0,1492.544,1492.544,fly,1.139,ok,2601,0,0,192.00,288129024,426139648,114090264,95883264,18123768,2904,7449760,22132800,958,17170,17170,0,0,0,0,0,0,0,0,0.064,0.275,0.000,0,0,0,17170,17170,0,0
travel,80.355,1929.8,1493.062,1493.062,fly,0.807,ok,2601,0,0,192.00,288129024,426139648,114090264,95883264,18123768,2904,7449760,22132800,958,17170,17170,0,0,0,0,0,0,0,0,0.061,0.062,0.000,0,0,0,17170,17170,0,0
travel,80.385,1930.5,1493.576,1493.576,fly,0.804,ok,2601,0,0,192.00,288129024,426139648,114090264,95883264,18123768,2904,7449760,22132800,958,17170,17170,0,0,0,0,0,0,0,0,0.061,0.065,0.000,0,0,0,17170,17170,0,0
travel,80.415,1931.2,1494.091,1494.091,fly,0.802,ok,2601,0,0,192.00,288129024,426139648,114090264,95883264,18123768,2904,7449760,22132800,958,17170,17170,0,0,0,0,0,0,0,0,0.061,0.064,0.000,0,0,0,17170,17170,0,0
travel,80.445,1932.0,1494.602,1494.602,fly,0.866,ok,2601,0,0,192.00,288129024,426139648,114090264,95883264,18123768,2904,7449760,22132800,958,17170,17170,0,0,0,0,0,0,0,0,0.062,0.076,0.000,0,0,0,17170,17170,0,0
travel,80.475,1932.7,1495.115,1495.115,fly,0.807,ok,2601,0,0,192.00,288129024,426139648,114090264,95883264,18123768,2904,7449760,22132800,958,17170,17170,0,0,0,0,0,0,0,0,0.061,0.065,0.000,0,0,0,17170,17170,0,0
travel,80.505,1933.4,1495.625,1495.625,fly,0.819,ok,2601,0,0,192.00,288129024,426139648,114090264,95883264,18123768,2904,7449760,22132800,958,17170,17170,0,0,0,0,0,0,0,0,0.061,0.065,0.000,0,0,0,17170,17170,0,0
travel,80.545,1934.3,1496.292,1496.292,fly,0.880,ok,2601,0,0,192.00,289259520,428240896,114090264,95883264,18123768,2904,11174640,22132800,958,17271,17271,0,0,0,0,0,0,0,0,0.069,0.073,0.000,0,0,0,17271,17271,0,0
travel,80.575,1935.1,1496.807,1496.807,fly,0.824,ok,2601,0,0,192.00,289259520,428240896,114090264,95883264,18123768,2904,11174640,22132800,958,17271,17271,0,0,0,0,0,0,0,0,0.061,0.065,0.000,0,0,0,17271,17271,0,0
travel,80.605,1935.8,1497.317,1497.317,fly,1.022,ok,2601,0,0,192.00,289259520,428240896,114090264,95883264,18123768,2904,11174640,22132800,958,17271,17271,0,0,0,0,0,0,0,0,0.241,0.072,0.000,0,0,0,17271,17271,0,0
travel,80.635,1936.5,1497.831,1497.831,fly,0.805,ok,2601,0,0,192.00,289259520,428240896,114090264,95883264,18123768,2904,11174640,22132800,958,17271,17271,0,0,0,0,0,0,0,0,0.063,0.064,0.000,0,0,0,17271,17271,0,0
travel,80.665,1937.3,1498.343,1498.343,fly,0.932,ok,2601,0,0,192.00,289259520,428240896,114090264,95883264,18123768,2904,11174640,22132800,958,17271,17271,0,0,0,0,0,0,0,0,0.175,0.059,0.000,0,0,0,17271,17271,0,0
travel,80.695,1938.0,1498.854,1498.854,fly,0.834,ok,2601,0,0,192.00,289259520,428240896,114090264,95883264,18123768,2904,11174640,22132800,958,17271,17271,0,0,0,0,0,0,0,0,0.062,0.067,0.000,0,0,0,17271,17271,0,0
travel,80.726,1938.7,1499.369,1499.369,fly,0.863,ok,2601,0,0,192.00,289259520,428240896,114090264,95883264,18123768,2904,11174640,22132800,958,17271,17271,0,0,0,0,0,0,0,0,0.062,0.080,0.000,0,0,0,17271,17271,0,0
travel,80.756,1939.4,1499.886,1499.886,fly,0.802,ok,2601,0,0,192.00,289259520,428240896,114090264,95883264,18123768,2904,11174640,22132800,958,17271,17271,0,0,0,0,0,0,0,0,0.061,0.063,0.000,0,0,0,17271,17271,0,0
travel,80.787,1940.2,1500.406,1500.406,fly,0.821,ok,2601,0,0,192.00,289259520,428240896,114090264,95883264,18123768,2904,7449760,22132800,958,17271,17271,0,0,0,0,0,0,0,0,0.061,0.067,0.000,0,0,0,17271,17271,0,0
travel,80.817,1940.9,1500.917,1500.917,fly,0.822,ok,2601,0,0,192.00,289259520,428240896,114090264,95883264,18123768,2904,7449760,22132800,958,17271,17271,0,0,0,0,0,0,0,0,0.060,0.065,0.000,0,0,0,17271,17271,0,0
travel,80.847,1941.6,1501.439,1501.439,fly,0.814,ok,2601,0,0,192.00,289259520,428240896,114090264,95883264,18123768,2904,7449760,22132800,958,17271,17271,0,0,0,0,0,0,0,0,0.061,0.065,0.000,0,0,0,17271,17271,0,0
travel,80.878,1942.4,1501.952,1501.952,fly,0.800,ok,2601,0,0,192.00,289259520,428240896,114090264,95883264,18123768,2904,7449760,22132800,958,17271,17271,0,0,0,0,0,0,0,0,0.060,0.064,0.000,0,0,0,17271,17271,0,0
travel,80.908,1943.1,1502.476,1502.476,fly,0.811,ok,2601,0,0,192.00,289259520,428240896,114090264,95883264,18123768,2904,7449760,22132800,958,17271,17271,0,0,0,0,0,0,0,0,0.060,0.064,0.000,0,0,0,17271,17271,0,0
travel,80.938,1943.8,1502.987,1502.987,fly,0.823,ok,2601,0,0,192.00,289259520,428240896,114090264,95883264,18123768,2904,7449760,22132800,958,17271,17271,0,0,0,0,0,0,0,0,0.061,0.066,0.000,0,0,0,17271,17271,0,0
travel,80.969,1944.5,1503.499,1503.499,fly,0.867,ok,2601,0,0,192.00,289259520,428240896,114090264,95883264,18123768,2904,7449760,22132800,958,17271,17271,0,0,0,0,0,0,0,0,0.062,0.074,0.000,0,0,0,17271,17271,0,0
travel,80.999,1945.3,1504.013,1504.013,fly,4.375,ok,2535,66,48,192.00,290009088,428765184,111195240,93450240,17663880,2904,11174640,17853432,958,17306,17372,35,101,35,35,35,0,0,524288,0.395,0.092,0.000,0,0,0,17306,17306,0,0
travel,81.037,1946.2,1504.660,1504.660,fly,1.210,ok,2601,0,0,192.00,290934784,429293568,114090264,95883264,18123768,2904,11174640,22132800,958,17372,17372,0,0,0,0,0,0,0,0,0.438,0.065,0.000,0,0,0,17372,17372,0,0
travel,81.067,1946.9,1505.180,1505.180,fly,0.821,ok,2601,0,0,192.00,290934784,429293568,114090264,95883264,18123768,2904,11174640,22132800,958,17372,17372,0,0,0,0,0,0,0,0,0.063,0.063,0.000,0,0,0,17372,17372,0,0
travel,81.098,1947.6,1505.693,1505.693,fly,0.826,ok,2601,0,0,192.00,290934784,429293568,114090264,95883264,18123768,2904,11174640,22132800,958,17372,17372,0,0,0,0,0,0,0,0,0.067,0.067,0.000,0,0,0,17372,17372,0,0
travel,81.128,1948.4,1506.203,1506.203,fly,0.822,ok,2601,0,0,192.00,290934784,429293568,114090264,95883264,18123768,2904,11174640,22132800,958,17372,17372,0,0,0,0,0,0,0,0,0.060,0.063,0.000,0,0,0,17372,17372,0,0
travel,81.158,1949.1,1506.716,1506.716,fly,0.822,ok,2601,0,0,192.00,290934784,429293568,114090264,95883264,18123768,2904,11174640,22132800,958,17372,17372,0,0,0,0,0,0,0,0,0.062,0.065,0.000,0,0,0,17372,17372,0,0
travel,81.188,1949.8,1507.231,1507.231,fly,0.825,ok,2601,0,0,192.00,290934784,429293568,114090264,95883264,18123768,2904,11174640,22132800,958,17372,17372,0,0,0,0,0,0,0,0,0.064,0.062,0.000,0,0,0,17372,17372,0,0
travel,81.218,1950.5,1507.741,1507.741,fly,0.821,ok,2601,0,0,192.00,290934784,429293568,114090264,95883264,18123768,2904,11174640,22132800,958,17372,17372,0,0,0,0,0,0,0,0,0.062,0.065,0.000,0,0,0,17372,17372,0,0
travel,81.248,1951.3,1508.255,1508.255,fly,0.824,ok,2601,0,0,192.00,290934784,429293568,114090264,95883264,18123768,2904,7449760,22132800,958,17372,17372,0,0,0,0,0,0,0,0,0.063,0.063,0.000,0,0,0,17372,17372,0,0
travel,81.278,1952.0,1508.769,1508.769,fly,0.955,ok,2601,0,0,192.00,290934784,429293568,114090264,95883264,18123768,2904,7449760,22132800,958,17372,17372,0,0,0,0,0,0,0,0,0.067,0.093,0.000,0,0,0,17372,17372,0,0
travel,81.309,1952.7,1509.282,1509.282,fly,0.829,ok,2601,0,0,192.00,290934784,429293568,114090264,95883264,18123768,2904,7449760,22132800,958,17372,17372,0,0,0,0,0,0,0,0,0.060,0.067,0.000,0,0,0,17372,17372,0,0
travel,81.339,1953.4,1509.797,1509.797,fly,0.825,ok,2601,0,0,192.00,290934784,429293568,114090264,95883264,18123768,2904,7449760,22132800,958,17372,17372,0,0,0,0,0,0,0,0,0.060,0.065,0.000,0,0,0,17372,17372,0,0
travel,81.369,1954.2,1510.316,1510.316,fly,0.992,ok,2601,0,0,192.00,290934784,429293568,114090264,95883264,18123768,2904,7449760,22132800,958,17372,17372,0,0,0,0,0,0,0,0,0.146,0.109,0.000,0,0,0,17372,17372,0,0
travel,81.400,1954.9,1510.830,1510.830,fly,0.844,ok,2601,0,0,192.00,290934784,429293568,114090264,95883264,18123768,2904,7449760,22132800,958,17372,17372,0,0,0,0,0,0,0,0,0.061,0.067,0.000,0,0,0,17372,17372,0,0
travel,81.430,1955.6,1511.344,1511.344,fly,0.829,ok,2601,0,0,192.00,290934784,429293568,114090264,95883264,18123768,2904,7449760,22132800,958,17372,17372,0,0,0,0,0,0,0,0,0.061,0.068,0.000,0,0,0,17372,17372,0,0
travel,81.460,1956.4,1511.854,1511.854,fly,0.871,ok,2601,0,0,192.00,290934784,429293568,114090264,95883264,18123768,2904,7449760,22132800,958,17372,17372,0,0,0,0,0,0,0,0,0.061,0.127,0.000,0,0,0,17372,17372,0,0
travel,81.498,1957.3,1512.503,1512.503,fly,0.858,ok,2601,0,0,192.00,291368960,429752320,114090264,95883264,18123768,2904,11174640,22132800,958,17473,17473,0,0,0,0,0,0,0,0,0.062,0.074,0.000,0,0,0,17473,17473,0,0
travel,81.528,1958.0,1513.016,1513.016,fly,0.882,ok,2601,0,0,192.00,291368960,429752320,114090264,95883264,18123768,2904,11174640,22132800,958,17473,17473,0,0,0,0,0,0,0,0,0.062,0.064,0.000,0,0,0,17473,17473,0,0
travel,81.558,1958.7,1513.527,1513.527,fly,0.849,ok,2601,0,0,192.00,291373056,429817856,114090264,95883264,18123768,2904,11174640,22132800,958,17473,17473,0,0,0,0,0,0,0,0,0.063,0.070,0.000,0,0,0,17473,17473,0,0
travel,81.588,1959.4,1514.039,1514.039,fly,0.905,ok,2601,0,0,192.00,291373056,429817856,114090264,95883264,18123768,2904,11174640,22132800,958,17473,17473,0,0,0,0,0,0,0,0,0.064,0.098,0.000,0,0,0,17473,17473,0,0
travel,81.619,1960.2,1514.550,1514.550,fly,0.819,ok,2601,0,0,192.00,291373056,429817856,114090264,95883264,18123768,2904,11174640,22132800,958,17473,17473,0,0,0,0,0,0,0,0,0.061,0.065,0.000,0,0,0,17473,17473,0,0
travel,81.649,1960.9,1515.060,1515.060,fly,0.835,ok,2601,0,0,192.00,291373056,429817856,114090264,95883264,18123768,2904,11174640,22132800,958,17473,17473,0,0,0,0,0,0,0,0,0.062,0.065,0.000,0,0,0,17473,17473,0,0
travel,81.679,1961.6,1515.581,1515.581,fly,0.909,ok,2601,0,0,192.00,291373056,429817856,114090264,95883264,18123768,2904,11174640,22132800,958,17473,17473,0,0,0,0,0,0,0,0,0.135,0.066,0.000,0,0,0,17473,17473,0,0
travel,81.709,1962.3,1516.091,1516.091,fly,0.821,ok,2601,0,0,192.00,291373056,429817856,114090264,95883264,18123768,2904,7449760,22132800,958,17473,17473,0,0,0,0,0,0,0,0,0.060,0.063,0.000,0,0,0,17473,17473,0,0
travel,81.740,1963.1,1516.614,1516.614,fly,0.812,ok,2601,0,0,192.00,291373056,429817856,114090264,95883264,18123768,2904,7449760,22132800,958,17473,17473,0,0,0,0,0,0,0,0,0.060,0.066,0.000,0,0,0,17473,17473,0,0
travel,81.770,1963.8,1517.129,1517.129,fly,0.820,ok,2601,0,0,192.00,291373056,429817856,114090264,95883264,18123768,2904,7449760,22132800,958,17473,17473,0,0,0,0,0,0,0,0,0.061,0.063,0.000,0,0,0,17473,17473,0,0
travel,81.801,1964.5,1517.644,1517.644,fly,0.845,ok,2601,0,0,192.00,291373056,429817856,114090264,95883264,18123768,2904,7449760,22132800,958,17473,17473,0,0,0,0,0,0,0,0,0.062,0.079,0.000,0,0,0,17473,17473,0,0
travel,81.831,1965.3,1518.155,1518.155,fly,0.831,ok,2601,0,0,192.00,291373056,429817856,114090264,95883264,18123768,2904,7449760,22132800,958,17473,17473,0,0,0,0,0,0,0,0,0.061,0.065,0.000,0,0,0,17473,17473,0,0
travel,81.861,1966.0,1518.667,1518.667,fly,0.823,ok,2601,0,0,192.00,291373056,429817856,114090264,95883264,18123768,2904,7449760,22132800,958,17473,17473,0,0,0,0,0,0,0,0,0.061,0.063,0.000,0,0,0,17473,17473,0,0
travel,81.891,1966.7,1519.180,1519.180,fly,0.819,ok,2601,0,0,192.00,291373056,429817856,114090264,95883264,18123768,2904,7449760,22132800,958,17473,17473,0,0,0,0,0,0,0,0,0.060,0.064,0.000,0,0,0,17473,17473,0,0
travel,81.921,1967.4,1519.690,1519.690,fly,0.817,ok,2601,0,0,192.00,291373056,429817856,114090264,95883264,18123768,2904,7449760,22132800,958,17473,17473,0,0,0,0,0,0,0,0,0.061,0.063,0.000,0,0,0,17473,17473,0,0
travel,81.959,1968.4,1520.338,1520.338,fly,0.854,ok,2601,0,0,192.00,291713024,430342144,114090264,95883264,18123768,2904,11174640,22132800,958,17574,17574,0,0,0,0,0,0,0,0,0.063,0.073,0.000,0,0,0,17574,17574,0,0
travel,81.990,1969.1,1520.862,1520.862,fly,0.830,ok,2601,0,0,192.00,291713024,430342144,114090264,95883264,18123768,2904,11174640,22132800,958,17574,17574,0,0,0,0,0,0,0,0,0.062,0.066,0.000,0,0,0,17574,17574,0,0
travel,82.020,1969.8,1521.372,1521.372,fly,0.824,ok,2601,0,0,192.00,291713024,430342144,114090264,95883264,18123768,2904,11174640,22132800,958,17574,17574,0,0,0,0,0,0,0,0,0.061,0.064,0.000,0,0,0,17574,17574,0,0
travel,82.050,1970.5,1521.888,1521.888,fly,0.826,ok,2601,0,0,192.00,291713024,430342144,114090264,95883264,18123768,2904,11174640,22132800,958,17574,17574,0,0,0,0,0,0,0,0,0.063,0.067,0.000,0,0,0,17574,17574,0,0
travel,82.080,1971.3,1522.401,1522.401,fly,0.820,ok,2601,0,0,192.00,291713024,430342144,114090264,95883264,18123768,2904,11174640,22132800,958,17574,17574,0,0,0,0,0,0,0,0,0.062,0.063,0.000,0,0,0,17574,17574,0,0
travel,82.111,1972.0,1522.917,1522.917,fly,0.819,ok,2601,0,0,192.00,291713024,430342144,114090264,95883264,18123768,2904,11174640,22132800,958,17574,17574,0,0,0,0,0,0,0,0,0.063,0.062,0.000,0,0,0,17574,17574,0,0
travel,82.141,1972.7,1523.429,1523.429,fly,0.969,ok,2601,0,0,192.00,291713024,430342144,114090264,95883264,18123768,2904,11174640,22132800,958,17574,17574,0,0,0,0,0,0,0,0,0.071,0.108,0.000,0,0,0,17574,17574,0,0
travel,82.171,1973.4,1523.939,1523.939,fly,0.828,ok,2601,0,0,192.00,291713024,430342144,114090264,95883264,18123768,2904,7449760,22132800,958,17574,17574,0,0,0,0,0,0,0,0,0.061,0.066,0.000,0,0,0,17574,17574,0,0
travel,82.201,1974.2,1524.453,1524.453,fly,0.845,ok,2601,0,0,192.00,291713024,430342144,114090264,95883264,18123768,2904,7449760,22132800,958,17574,17574,0,0,0,0,0,0,0,0,0.062,0.069,0.000,0,0,0,17574,17574,0,0
travel,82.231,1974.9,1524.970,1524.970,fly,0.827,ok,2601,0,0,192.00,291713024,430342144,114090264,95883264,18123768,2904,7449760,22132800,958,17574,17574,0,0,0,0,0,0,0,0,0.061,0.069,0.000,0,0,0,17574,17574,0,0
travel,82.262,1975.6,1525.487,1525.487,fly,0.824,ok,2601,0,0,192.00,291713024,430342144,114090264,95883264,18123768,2904,7449760,22132800,958,17574,17574,0,0,0,0,0,0,0,0,0.062,0.070,0.000,0,0,0,17574,17574,0,0
travel,82.292,1976.4,1526.001,1526.001,fly,1.033,ok,2601,0,0,192.00,291713024,430342144,114090264,95883264,18123768,2904,7449760,22132800,958,17574,17574,0,0,0,0,0,0,0,0,0.069,0.157,0.000,0,0,0,17574,17574,0,0
travel,82.323,1977.1,1526.521,1526.521,fly,0.822,ok,2601,0,0,192.00,291713024,430342144,114090264,95883264,18123768,2904,7449760,22132800,958,17574,17574,0,0,0,0,0,0,0,0,0.061,0.063,0.000,0,0,0,17574,17574,0,0
travel,82.353,1977.8,1527.034,1527.034,fly,0.832,ok,2601,0,0,192.00,291713024,430342144,114090264,95883264,18123768,2904,7449760,22132800,958,17574,17574,0,0,0,0,0,0,0,0,0.061,0.067,0.000,0,0,0,17574,17574,0,0
travel,82.383,1978.6,1527.547,1527.547,fly,0.823,ok,2601,0,0,192.00,291713024,430342144,114090264,95883264,18123768,2904,7449760,22132800,958,17574,17574,0,0,0,0,0,0,0,0,0.061,0.064,0.000,0,0,0,17574,17574,0,0
travel,82.421,1979.5,1528.193,1528.193,fly,0.885,ok,2601,0,0,192.00,292368384,431394816,114090264,95883264,18123768,2904,11174640,22132800,958,17675,17675,0,0,69,0,0,0,0,0,0.064,0.081,0.000,0,0,0,17675,17675,0,0
travel,82.451,1980.2,1528.703,1528.703,fly,0.817,ok,2601,0,0,192.00,292368384,431394816,114090264,95883264,18123768,2904,11174640,22132800,958,17675,17675,0,0,0,0,0,0,0,0,0.062,0.068,0.000,0,0,0,17675,17675,0,0
travel,82.481,1980.9,1529.215,1529.215,fly,0.819,ok,2601,0,0,192.00,292368384,431394816,114090264,95883264,18123768,2904,11174640,22132800,958,17675,17675,0,0,0,0,0,0,0,0,0.062,0.069,0.000,0,0,0,17675,17675,0,0
travel,82.511,1981.6,1529.727,1529.727,fly,0.943,ok,2601,0,0,192.00,292368384,431394816,114090264,95883264,18123768,2904,11174640,22132800,958,17675,17675,0,0,0,0,0,0,0,0,0.072,0.107,0.000,0,0,0,17675,17675,0,0
travel,82.542,1982.4,1530.249,1530.249,fly,0.823,ok,2601,0,0,192.00,292368384,431394816,114090264,95883264,18123768,2904,11174640,22132800,958,17675,17675,0,0,0,0,0,0,0,0,0.061,0.065,0.000,0,0,0,17675,17675,0,0
travel,82.572,1983.1,1530.761,1530.761,fly,0.827,ok,2601,0,0,192.00,292368384,431394816,114090264,95883264,18123768,2904,11174640,22132800,958,17675,17675,0,0,0,0,0,0,0,0,0.061,0.064,0.000,0,0,0,17675,17675,0,0
travel,82.602,1983.8,1531.272,1531.272,fly,0.827,ok,2601,0,0,192.00,292368384,431394816,114090264,95883264,18123768,2904,11174640,22132800,958,17675,17675,0,0,0,0,0,0,0,0,0.061,0.066,0.000,0,0,0,17675,17675,0,0
travel,82.632,1984.5,1531.785,1531.785,fly,0.818,ok,2601,0,0,192.00,292368384,431394816,114090264,95883264,18123768,2904,7449760,22132800,958,17675,17675,0,0,0,0,0,0,0,0,0.061,0.062,0.000,0,0,0,17675,17675,0,0
travel,82.662,1985.3,1532.296,1532.296,fly,0.821,ok,2601,0,0,192.00,292368384,431394816,114090264,95883264,18123768,2904,7449760,22132800,958,17675,17675,0,0,0,0,0,0,0,0,0.061,0.063,0.000,0,0,0,17675,17675,0,0
travel,82.692,1986.0,1532.808,1532.808,fly,0.824,ok,2601,0,0,192.00,292368384,431394816,114090264,95883264,18123768,2904,7449760,22132800,958,17675,17675,0,0,0,0,0,0,0,0,0.060,0.064,0.000,0,0,0,17675,17675,0,0
travel,82.723,1986.7,1533.324,1533.324,fly,0.812,ok,2601,0,0,192.00,292368384,431394816,114090264,95883264,18123768,2904,7449760,22132800,958,17675,17675,0,0,0,0,0,0,0,0,0.061,0.069,0.000,0,0,0,17675,17675,0,0
travel,82.753,1987.5,1533.840,1533.840,fly,0.824,ok,2601,0,0,192.00,292368384,431394816,114090264,95883264,18123768,2904,7449760,22132800,958,17675,17675,0,0,0,0,0,0,0,0,0.061,0.070,0.000,0,0,0,17675,17675,0,0
travel,82.783,1988.2,1534.352,1534.352,fly,0.830,ok,2601,0,0,192.00,292368384,431394816,114090264,95883264,18123768,2904,7449760,22132800,958,17675,17675,0,0,0,0,0,0,0,0,0.063,0.063,0.000,0,0,0,17675,17675,0,0
travel,82.814,1988.9,1534.869,1534.869,fly,0.802,ok,2601,0,0,192.00,292368384,431394816,114090264,95883264,18123768,2904,7449760,22132800,958,17675,17675,0,0,0,0,0,0,0,0,0.060,0.066,0.000,0,0,0,17675,17675,0,0
travel,82.844,1989.6,1535.387,1535.387,fly,0.875,ok,2601,0,0,192.00,292368384,431394816,114090264,95883264,18123768,2904,7449760,22132800,958,17675,17675,0,0,0,0,0,0,0,0,0.108,0.073,0.000,0,0,0,17675,17675,0,0
travel,82.874,1990.4,1535.902,1535.902,fly,0.826,ok,2601,0,0,192.00,292368384,431394816,114090264,95883264,18123768,2904,7449760,22132800,958,17675,17675,0,0,0,0,0,0,0,0,0.060,0.066,0.000,0,0,0,17675,17675,0,0
travel,82.912,1991.3,1536.542,1536.542,fly,0.897,ok,2601,0,0,192.00,292806656,431853568,114090264,95883264,18123768,2904,11174640,22132800,958,17776,17776,0,0,0,0,0,0,0,0,0.064,0.075,0.000,0,0,0,17776,17776,0,0
travel,82.942,1992.0,1537.055,1537.055,fly,0.817,ok,2601,0,0,192.00,292806656,431853568,114090264,95883264,18123768,2904,11174640,22132800,958,17776,17776,0,0,0,0,0,0,0,0,0.062,0.069,0.000,0,0,0,17776,17776,0,0
travel,82.973,1992.7,1537.568,1537.568,fly,0.819,ok,2601,0,0,192.00,292810752,431919104,114090264,95883264,18123768,2904,11174640,22132800,958,17776,17776,0,0,0,0,0,0,0,0,0.062,0.071,0.000,0,0,0,17776,17776,0,0
travel,83.003,1993.4,1538.082,1538.082,fly,0.817,ok,2601,0,0,192.00,292810752,431919104,114090264,95883264,18123768,2904,11174640,22132800,958,17776,17776,0,0,0,0,0,0,0,0,0.061,0.064,0.000,0,0,0,17776,17776,0,0
travel,83.033,1994.2,1538.595,1538.595,fly,0.813,ok,2601,0,0,192.00,292810752,431919104,114090264,95883264,18123768,2904,11174640,22132800,958,17776,17776,0,0,0,0,0,0,0,0,0.062,0.064,0.000,0,0,0,17776,17776,0,0
travel,83.063,1994.9,1539.107,1539.107,fly,0.922,ok,2601,0,0,192.00,292810752,431919104,114090264,95883264,18123768,2904,11174640,22132800,958,17776,17776,0,0,0,0,0,0,0,0,0.072,0.115,0.000,0,0,0,17776,17776,0,0
travel,83.093,1995.6,1539.619,1539.619,fly,0.817,ok,2601,0,0,192.00,292810752,431919104,114090264,95883264,18123768,2904,11174640,22132800,958,17776,17776,0,0,0,0,0,0,0,0,0.061,0.062,0.000,0,0,0,17776,17776,0,0
travel,83.123,1996.3,1540.132,1540.132,fly,0.820,ok,2601,0,0,192.00,292810752,431919104,114090264,95883264,18123768,2904,7449760,22132800,958,17776,17776,0,0,0,0,0,0,0,0,0.063,0.065,0.000,0,0,0,17776,17776,0,0
travel,83.153,1997.1,1540.643,1540.643,fly,0.826,ok,2601,0,0,192.00,292810752,431919104,114090264,95883264,18123768,2904,7449760,22132800,958,17776,17776,0,0,0,0,0,0,0,0,0.060,0.066,0.000,0,0,0,17776,17776,0,0
travel,83.184,1997.8,1541.159,1541.159,fly,0.820,ok,2601,0,0,192.00,292810752,431919104,114090264,95883264,18123768,2904,7449760,22132800,958,17776,17776,0,0,0,0,0,0,0,0,0.061,0.064,0.000,0,0,0,17776,17776,0,0
travel,83.215,1998.5,1541.684,1541.684,fly,0.899,ok,2601,0,0,192.00,292810752,431919104,114090264,95883264,18123768,2904,7449760,22132800,958,17776,17776,0,0,0,0,0,0,0,0,0.132,0.063,0.000,0,0,0,17776,17776,0,0
travel,83.245,1999.3,1542.196,1542.196,fly,0.819,ok,2601,0,0,192.00,292810752,431919104,114090264,95883264,18123768,2904,7449760,22132800,958,17776,17776,0,0,0,0,0,0,0,0,0.060,0.063,0.000,0,0,0,17776,17776,0,0
travel,83.275,2000.0,1542.710,1542.710,fly,0.821,ok,2601,0,0,192.00,292810752,431919104,114090264,95883264,18123768,2904,7449760,22132800,958,17776,17776,0,0,0,0,0,0,0,0,0.060,0.065,0.000,0,0,0,17776,17776,0,0
travel,83.307,2000.8,1543.247,1543.247,fly,0.942,ok,2601,0,0,192.00,292831232,431919104,114090264,95883264,18123768,2601,0,22132800,958,17776,17776,0,0,0,0,0,0,0,0,0.062,0.100,0.000,0,0,0,17776,17776,0,0
travel,83.337,2001.5,1543.760,1543.760,fly,0.861,ok,2601,0,0,192.00,292831232,431919104,114090264,95883264,18123768,2601,0,22132800,958,17776,17776,0,0,0,0,0,0,0,0,0.061,0.063,0.000,0,0,0,17776,17776,0,0
travel,83.375,2002.4,1544.407,1544.407,fly,1.393,ok,2601,0,0,192.00,293314560,431984640,114090264,95883264,18123768,2702,3724880,22132800,958,17877,17877,0,0,0,0,0,0,0,0,0.462,0.171,0.000,0,0,0,17877,17877,0,0
travel,83.405,2003.1,1544.929,1544.929,fly,0.870,ok,2601,0,0,192.00,293380096,431984640,114090264,95883264,18123768,2702,3724880,22132800,958,17877,17877,0,0,0,0,0,0,0,0,0.061,0.067,0.000,0,0,0,17877,17877,0,0
travel,83.436,2003.9,1545.444,1545.444,fly,0.866,ok,2601,0,0,192.00,293380096,431984640,114090264,95883264,18123768,2702,3724880,22132800,958,17877,17877,0,0,0,0,0,0,0,0,0.062,0.068,0.000,0,0,0,17877,17877,0,0
travel,83.466,2004.6,1545.958,1545.958,fly,0.882,ok,2601,0,0,192.00,293380096,431984640,114090264,95883264,18123768,2702,3724880,22132800,958,17877,17877,0,0,0,0,0,0,0,0,0.064,0.072,0.000,0,0,0,17877,17877,0,0
travel,83.496,2005.3,1546.470,1546.470,fly,0.838,ok,2601,0,0,192.00,293380096,431984640,114090264,95883264,18123768,2702,3724880,22132800,958,17877,17877,0,0,0,0,0,0,0,0,0.062,0.062,0.000,0,0,0,17877,17877,0,0
travel,83.526,2006.0,1546.983,1546.983,fly,0.931,ok,2601,0,0,192.00,293380096,431984640,114090264,95883264,18123768,2702,3724880,22132800,958,17877,17877,0,0,0,0,0,0,0,0,0.132,0.066,0.000,0,0,0,17877,17877,0,0
travel,83.556,2006.8,1547.494,1547.494,fly,0.851,ok,2601,0,0,192.00,293380096,431984640,114090264,95883264,18123768,2702,3724880,22132800,958,17877,17877,0,0,0,0,0,0,0,0,0.061,0.066,0.000,0,0,0,17877,17877,0,0
travel,83.586,2007.5,1548.006,1548.006,fly,0.906,ok,2601,0,0,192.00,293380096,431984640,114090264,95883264,18123768,2702,3724880,22132800,958,17877,17877,0,0,0,0,0,0,0,0,0.062,0.070,0.000,0,0,0,17877,17877,0,0
travel,83.617,2008.2,1548.522,1548.522,fly,0.844,ok,2601,0,0,192.00,293380096,431984640,114090264,95883264,18123768,2702,3724880,22132800,958,17877,17877,0,0,0,0,0,0,0,0,0.061,0.063,0.000,0,0,0,17877,17877,0,0
travel,83.647,2008.9,1549.032,1549.032,fly,0.853,ok,2601,0,0,192.00,293380096,431984640,114090264,95883264,18123768,2702,3724880,22132800,958,17877,17877,0,0,0,0,0,0,0,0,0.061,0.065,0.000,0,0,0,17877,17877,0,0
travel,83.677,2009.7,1549.542,1549.542,fly,1.408,ok,2601,0,0,192.00,293380096,431984640,114090264,95883264,18123768,2702,3724880,22132800,958,17877,17877,0,0,0,0,0,0,0,0,0.446,0.165,0.000,0,0,0,17877,17877,0,0
travel,83.708,2010.4,1550.076,1550.076,fly,0.875,ok,2601,0,0,192.00,293380096,431984640,114090264,95883264,18123768,2702,3724880,22132800,958,17877,17877,0,0,0,0,0,0,0,0,0.061,0.066,0.000,0,0,0,17877,17877,0,0
travel,83.739,2011.1,1550.597,1550.597,fly,0.914,ok,2601,0,0,192.00,293380096,431984640,114090264,95883264,18123768,2702,3724880,22132800,958,17877,17877,0,0,0,0,0,0,0,0,0.061,0.068,0.000,0,0,0,17877,17877,0,0
travel,83.769,2011.9,1551.107,1551.107,fly,0.849,ok,2601,0,0,192.00,293380096,431984640,114090264,95883264,18123768,2702,3724880,22132800,958,17877,17877,0,0,0,0,0,0,0,0,0.061,0.063,0.000,0,0,0,17877,17877,0,0
travel,83.799,2012.6,1551.623,1551.623,fly,0.844,ok,2601,0,0,192.00,293380096,431984640,114090264,95883264,18123768,2702,3724880,22132800,958,17877,17877,0,0,0,0,0,0,0,0,0.060,0.065,0.000,0,0,0,17877,17877,0,0
travel,83.837,2013.5,1552.268,1552.268,fly,0.878,ok,2601,0,0,192.00,293380096,431984640,114090264,95883264,18123768,2803,7449760,22132800,958,17978,17978,0,0,0,0,0,0,0,0,0.062,0.073,0.000,0,0,0,17978,17978,0,0
travel,83.868,2014.2,1552.784,1552.784,fly,0.865,ok,2601,0,0,192.00,293380096,431984640,114090264,95883264,18123768,2803,7449760,22132800,958,17978,17978,0,0,0,0,0,0,0,0,0.062,0.062,0.000,0,0,0,17978,17978,0,0
travel,83.898,2015.0,1553.299,1553.299,fly,0.867,ok,2601,0,0,192.00,293380096,431984640,114090264,95883264,18123768,2803,7449760,22132800,958,17978,17978,0,0,0,0,0,0,0,0,0.062,0.072,0.000,0,0,0,17978,17978,0,0
travel,83.928,2015.7,1553.812,1553.812,fly,0.867,ok,2601,0,0,192.00,293380096,431984640,114090264,95883264,18123768,2803,7449760,22132800,958,17978,17978,0,0,0,0,0,0,0,0,0.062,0.071,0.000,0,0,0,17978,17978,0,0
travel,83.958,2016.4,1554.323,1554.323,fly,0.875,ok,2601,0,0,192.00,293380096,431984640,114090264,95883264,18123768,2803,7449760,22132800,958,17978,17978,0,0,0,0,0,0,0,0,0.063,0.070,0.000,0,0,0,17978,17978,0,0
travel,83.988,2017.1,1554.836,1554.836,fly,0.862,ok,2601,0,0,192.00,293380096,431984640,114090264,95883264,18123768,2803,7449760,22132800,958,17978,17978,0,0,0,0,0,0,0,0,0.063,0.066,0.000,0,0,0,17978,17978,0,0
travel,84.018,2017.9,1555.349,1555.349,fly,0.864,ok,2601,0,0,192.00,293380096,431984640,114090264,95883264,18123768,2803,7449760,22132800,958,17978,17978,0,0,0,0,0,0,0,0,0.062,0.069,0.000,0,0,0,17978,17978,0,0
travel,84.049,2018.6,1555.863,1555.863,fly,0.850,ok,2601,0,0,192.00,293380096,431984640,114090264,95883264,18123768,2803,7449760,22132800,958,17978,17978,0,0,0,0,0,0,0,0,0.062,0.064,0.000,0,0,0,17978,17978,0,0
travel,84.080,2019.3,1556.389,1556.389,fly,0.851,ok,2601,0,0,192.00,293380096,431984640,114090264,95883264,18123768,2803,7449760,22132800,958,17978,17978,0,0,0,0,0,0,0,0,0.061,0.065,0.000,0,0,0,17978,17978,0,0
travel,84.110,2020.1,1556.901,1556.901,fly,0.850,ok,2601,0,0,192.00,293380096,431984640,114090264,95883264,18123768,2803,7449760,22132800,958,17978,17978,0,0,0,0,0,0,0,0,0.061,0.067,0.000,0,0,0,17978,17978,0,0
travel,84.140,2020.8,1557.411,1557.411,fly,0.933,ok,2601,0,0,192.00,293380096,431984640,114090264,95883264,18123768,2803,7449760,22132800,958,17978,17978,0,0,0,0,0,0,0,0,0.071,0.109,0.000,0,0,0,17978,17978,0,0
travel,84.170,2021.5,1557.926,1557.926,fly,0.834,ok,2601,0,0,192.00,293380096,431984640,114090264,95883264,18123768,2803,7449760,22132800,958,17978,17978,0,0,0,0,0,0,0,0,0.061,0.063,0.000,0,0,0,17978,17978,0,0
travel,84.200,2022.2,1558.436,1558.436,fly,0.829,ok,2601,0,0,192.00,293380096,431984640,114090264,95883264,18123768,2803,7449760,22132800,958,17978,17978,0,0,0,0,0,0,0,0,0.061,0.062,0.000,0,0,0,17978,17978,0,0
travel,84.230,2023.0,1558.955,1558.955,fly,1.063,ok,2601,0,0,192.00,293380096,431984640,114090264,95883264,18123768,2803,7449760,22132800,958,17978,17978,0,0,0,0,0,0,0,0,0.070,0.259,0.000,0,0,0,17978,17978,0,0
travel,84.261,2023.7,1559.469,1559.469,fly,0.834,ok,2601,0,0,192.00,293380096,431984640,114090264,95883264,18123768,2803,7449760,22132800,958,17978,17978,0,0,0,0,0,0,0,0,0.060,0.065,0.000,0,0,0,17978,17978,0,0
travel,84.291,2024.4,1559.987,1559.987,fly,1.034,ok,2601,0,0,192.00,293380096,431984640,114090264,95883264,18123768,2803,7449760,22132800,958,17978,17978,0,0,0,0,0,0,0,0,0.064,0.177,0.000,0,0,0,17978,17978,0,0
travel,84.331,2025.4,1560.665,1560.665,fly,0.810,ok,2601,0,0,192.00,294170624,433033216,114090264,95883264,18123768,2904,11174640,22132800,958,18079,18079,0,0,0,0,0,0,0,0,0.062,0.063,0.000,0,0,0,18079,18079,0,0
travel,84.361,2026.1,1561.180,1561.180,fly,0.821,ok,2601,0,0,192.00,294170624,433033216,114090264,95883264,18123768,2904,11174640,22132800,958,18079,18079,0,0,0,0,0,0,0,0,0.062,0.066,0.000,0,0,0,18079,18079,0,0
travel,84.391,2026.8,1561.691,1561.691,fly,0.803,ok,2601,0,0,192.00,294170624,433033216,114090264,95883264,18123768,2904,11174640,22132800,958,18079,18079,0,0,0,0,0,0,0,0,0.061,0.065,0.000,0,0,0,18079,18079,0,0
travel,84.422,2027.6,1562.204,1562.204,fly,0.808,ok,2601,0,0,192.00,294170624,433033216,114090264,95883264,18123768,2904,11174640,22132800,958,18079,18079,0,0,0,0,0,0,0,0,0.062,0.065,0.000,0,0,0,18079,18079,0,0
travel,84.452,2028.3,1562.715,1562.715,fly,0.806,ok,2601,0,0,192.00,294170624,433033216,114090264,95883264,18123768,2904,11174640,22132800,958,18079,18079,0,0,0,0,0,0,0,0,0.062,0.062,0.000,0,0,0,18079,18079,0,0
travel,84.483,2029.0,1563.244,1563.244,fly,0.822,ok,2601,0,0,192.00,294170624,433033216,114090264,95883264,18123768,2904,11174640,22132800,958,18079,18079,0,0,0,0,0,0,0,0,0.065,0.064,0.000,0,0,0,18079,18079,0,0
travel,84.513,2029.8,1563.756,1563.756,fly,0.815,ok,2601,0,0,192.00,294170624,433033216,114090264,95883264,18123768,2904,7449760,22132800,958,18079,18079,0,0,0,0,0,0,0,0,0.061,0.064,0.000,0,0,0,18079,18079,0,0
travel,84.543,2030.5,1564.266,1564.266,fly,0.820,ok,2601,0,0,192.00,294170624,433033216,114090264,95883264,18123768,2904,7449760,22132800,958,18079,18079,0,0,0,0,0,0,0,0,0.063,0.066,0.000,0,0,0,18079,18079,0,0
travel,84.573,2031.2,1564.780,1564.780,fly,1.018,ok,2601,0,0,192.00,294170624,433033216,114090264,95883264,18123768,2904,7449760,22132800,958,18079,18079,0,0,0,0,0,0,0,0,0.247,0.065,0.000,0,0,0,18079,18079,0,0
travel,84.603,2031.9,1565.293,1565.293,fly,0.811,ok,2601,0,0,192.00,294170624,433033216,114090264,95883264,18123768,2904,7449760,22132800,958,18079,18079,0,0,0,0,0,0,0,0,0.060,0.067,0.000,0,0,0,18079,18079,0,0
travel,84.633,2032.7,1565.803,1565.803,fly,0.850,ok,2601,0,0,192.00,294170624,433033216,114090264,95883264,18123768,2904,7449760,22132800,958,18079,18079,0,0,0,0,0,0,0,0,0.061,0.065,0.000,0,0,0,18079,18079,0,0
travel,84.664,2033.4,1566.318,1566.318,fly,0.804,ok,2601,0,0,192.00,294170624,433033216,114090264,95883264,18123768,2904,7449760,22132800,958,18079,18079,0,0,0,0,0,0,0,0,0.061,0.062,0.000,0,0,0,18079,18079,0,0
travel,84.694,2034.1,1566.828,1566.828,fly,0.951,ok,2601,0,0,192.00,294170624,433033216,114090264,95883264,18123768,2904,7449760,22132800,958,18079,18079,0,0,0,0,0,0,0,0,0.190,0.065,0.000,0,0,0,18079,18079,0,0
travel,84.724,2034.8,1567.340,1567.340,fly,0.825,ok,2601,0,0,192.00,294170624,433033216,114090264,95883264,18123768,2904,7449760,22132800,958,18079,18079,0,0,0,0,0,0,0,0,0.060,0.065,0.000,0,0,0,18079,18079,0,0
travel,84.754,2035.6,1567.854,1567.854,fly,0.855,ok,2601,0,0,192.00,294170624,433033216,114090264,95883264,18123768,2904,7449760,22132800,958,18079,18079,0,0,0,0,0,0,0,0,0.062,0.073,0.000,0,0,0,18079,18079,0,0
travel,84.792,2036.5,1568.506,1568.506,fly,0.832,ok,2601,0,0,192.00,295079936,434020352,114090264,95883264,18123768,2904,11174640,22132800,958,18180,18180,0,0,0,0,0,0,0,0,0.062,0.069,0.000,0,0,0,18180,18180,0,0
travel,84.823,2037.2,1569.020,1569.020,fly,1.042,ok,2601,0,0,192.00,295079936,434020352,114090264,95883264,18123768,2904,11174640,22132800,958,18180,18180,0,0,0,0,0,0,0,0,0.069,0.104,0.000,0,0,0,18180,18180,0,0
travel,84.855,2038.0,1569.578,1569.578,fly,0.820,ok,2601,0,0,192.00,295079936,434020352,114090264,95883264,18123768,2904,11174640,22132800,958,18180,18180,0,0,0,0,0,0,0,0,0.062,0.065,0.000,0,0,0,18180,18180,0,0
travel,84.886,2038.7,1570.092,1570.092,fly,0.819,ok,2601,0,0,192.00,295079936,434020352,114090264,95883264,18123768,2904,11174640,22132800,958,18180,18180,0,0,0,0,0,0,0,0,0.064,0.068,0.000,0,0,0,18180,18180,0,0
travel,84.916,2039.4,1570.602,1570.602,fly,0.858,ok,2601,0,0,192.00,295079936,434020352,114090264,95883264,18123768,2904,11174640,22132800,958,18180,18180,0,0,0,0,0,0,0,0,0.062,0.071,0.000,0,0,0,18180,18180,0,0
travel,84.946,2040.2,1571.116,1571.116,fly,0.809,ok,2601,0,0,192.00,295079936,434020352,114090264,95883264,18123768,2904,11174640,22132800,958,18180,18180,0,0,0,0,0,0,0,0,0.061,0.063,0.000,0,0,0,18180,18180,0,0
travel,84.976,2040.9,1571.626,1571.626,fly,0.838,ok,2601,0,0,192.00,295079936,434020352,114090264,95883264,18123768,2904,7449760,22132800,958,18180,18180,0,0,0,0,0,0,0,0,0.061,0.067,0.000,0,0,0,18180,18180,0,0
travel,85.006,2041.6,1572.139,1572.139,fly,0.809,ok,2601,0,0,192.00,295079936,434020352,114090264,95883264,18123768,2904,7449760,22132800,958,18180,18180,0,0,0,0,0,0,0,0,0.061,0.065,0.000,0,0,0,18180,18180,0,0
travel,85.036,2042.3,1572.651,1572.651,fly,0.823,ok,2601,0,0,192.00,295079936,434020352,114090264,95883264,18123768,2904,7449760,22132800,958,18180,18180,0,0,0,0,0,0,0,0,0.061,0.065,0.000,0,0,0,18180,18180,0,0
travel,85.066,2043.1,1573.166,1573.166,fly,0.810,ok,2601,0,0,192.00,295079936,434020352,114090264,95883264,18123768,2904,7449760,22132800,958,18180,18180,0,0,0,0,0,0,0,0,0.061,0.066,0.000,0,0,0,18180,18180,0,0
travel,85.096,2043.8,1573.676,1573.676,fly,0.808,ok,2601,0,0,192.00,295079936,434020352,114090264,95883264,18123768,2904,7449760,22132800,958,18180,18180,0,0,0,0,0,0,0,0,0.061,0.063,0.000,0,0,0,18180,18180,0,0
travel,85.126,2044.5,1574.186,1574.186,fly,0.808,ok,2601,0,0,192.00,295079936,434020352,114090264,95883264,18123768,2904,7449760,22132800,958,18180,18180,0,0,0,0,0,0,0,0,0.061,0.065,0.000,0,0,0,18180,18180,0,0
travel,85.156,2045.2,1574.696,1574.696,fly,0.796,ok,2601,0,0,192.00,295079936,434020352,114090264,95883264,18123768,2904,7449760,22132800,958,18180,18180,0,0,0,0,0,0,0,0,0.060,0.062,0.000,0,0,0,18180,18180,0,0
travel,85.187,2046.0,1575.211,1575.211,fly,0.827,ok,2601,0,0,192.00,295079936,434020352,114090264,95883264,18123768,2904,7449760,22132800,958,18180,18180,0,0,0,0,0,0,0,0,0.061,0.069,0.000,0,0,0,18180,18180,0,0
travel,85.217,2046.7,1575.722,1575.722,fly,0.903,ok,2601,0,0,192.00,295079936,434020352,114090264,95883264,18123768,2904,7449760,22132800,958,18180,18180,0,0,0,0,0,0,0,0,0.062,0.076,0.000,0,0,0,18180,18180,0,0
travel,85.255,2047.6,1576.367,1576.367,fly,0.819,ok,2601,0,0,192.00,295604224,434544640,114090264,95883264,18123768,2904,11174640,22132800,958,18281,18281,0,0,0,0,0,0,0,0,0.063,0.064,0.000,0,0,0,18281,18281,0,0
travel,85.285,2048.3,1576.880,1576.880,fly,0.807,ok,2601,0,0,192.00,295604224,434544640,114090264,95883264,18123768,2904,11174640,22132800,958,18281,18281,0,0,0,0,0,0,0,0,0.061,0.065,0.000,0,0,0,18281,18281,0,0
travel,85.315,2049.0,1577.388,1577.388,fly,0.805,ok,2601,0,0,192.00,295604224,434544640,114090264,95883264,18123768,2904,11174640,22132800,958,18281,18281,0,0,0,0,0,0,0,0,0.061,0.064,0.000,0,0,0,18281,18281,0,0
travel,85.345,2049.8,1577.898,1577.898,fly,0.897,ok,2601,0,0,192.00,295604224,434544640,114090264,95883264,18123768,2904,11174640,22132800,958,18281,18281,0,0,0,0,0,0,0,0,0.066,0.088,0.000,0,0,0,18281,18281,0,0
travel,85.375,2050.5,1578.409,1578.409,fly,0.829,ok,2601,0,0,192.00,295604224,434544640,114090264,95883264,18123768,2904,11174640,22132800,958,18281,18281,0,0,0,0,0,0,0,0,0.061,0.064,0.000,0,0,0,18281,18281,0,0
travel,85.405,2051.2,1578.920,1578.920,fly,0.803,ok,2601,0,0,192.00,295604224,434544640,114090264,95883264,18123768,2904,11174640,22132800,958,18281,18281,0,0,0,0,0,0,0,0,0.061,0.064,0.000,0,0,0,18281,18281,0,0
travel,85.435,2051.9,1579.427,1579.427,fly,0.810,ok,2601,0,0,192.00,295604224,434544640,114090264,95883264,18123768,2904,11174640,22132800,958,18281,18281,0,0,0,0,0,0,0,0,0.062,0.065,0.000,0,0,0,18281,18281,0,0
travel,85.466,2052.7,1579.945,1579.945,fly,0.852,ok,2601,0,0,192.00,295604224,434544640,114090264,95883264,18123768,2904,7449760,22132800,958,18281,18281,0,0,0,0,0,0,0,0,0.062,0.072,0.000,0,0,0,18281,18281,0,0
travel,85.496,2053.4,1580.455,1580.455,fly,1.160,ok,2601,0,0,192.00,295604224,434544640,114090264,95883264,18123768,2904,7449760,22132800,958,18281,18281,0,0,0,0,0,0,0,0,0.409,0.067,0.000,0,0,0,18281,18281,0,0
travel,85.527,2054.1,1580.972,1580.972,fly,0.799,ok,2601,0,0,192.00,295604224,434544640,114090264,95883264,18123768,2904,7449760,22132800,958,18281,18281,0,0,0,0,0,0,0,0,0.060,0.065,0.000,0,0,0,18281,18281,0,0
travel,85.557,2054.8,1581.480,1581.480,fly,0.886,ok,2601,0,0,192.00,295604224,434544640,114090264,95883264,18123768,2904,7449760,22132800,958,18281,18281,0,0,0,0,0,0,0,0,0.140,0.061,0.000,0,0,0,18281,18281,0,0
travel,85.587,2055.5,1581.988,1581.988,fly,0.823,ok,2601,0,0,192.00,295604224,434544640,114090264,95883264,18123768,2904,7449760,22132800,958,18281,18281,0,0,0,0,0,0,0,0,0.061,0.066,0.000,0,0,0,18281,18281,0,0
travel,85.617,2056.3,1582.498,1582.498,fly,1.070,ok,2601,0,0,192.00,295604224,434544640,114090264,95883264,18123768,2904,7449760,22132800,958,18281,18281,0,0,0,0,0,0,0,0,0.306,0.065,0.000,0,0,0,18281,18281,0,0
travel,85.647,2057.0,1583.007,1583.007,fly,0.917,ok,2601,0,0,192.00,295604224,434544640,114090264,95883264,18123768,2904,7449760,22132800,958,18281,18281,0,0,0,0,0,0,0,0,0.061,0.073,0.000,0,0,0,18281,18281,0,0
travel,85.677,2057.7,1583.519,1583.519,fly,0.817,ok,2601,0,0,192.00,295604224,434544640,114090264,95883264,18123768,2904,7449760,22132800,958,18281,18281,0,0,0,0,0,0,0,0,0.060,0.069,0.000,0,0,0,18281,18281,0,0
travel,85.711,2058.5,1584.085,1584.085,fly,3.984,ok,2573,28,67,192.00,295931904,434544640,112862072,94851072,17928664,2904,11174640,20150688,958,18354,18382,37,0,77,37,37,0,0,0,0.296,0.097,0.000,0,0,0,18354,18354,0,0
travel,85.746,2059.4,1584.684,1584.684,fly,0.845,ok,2601,0,0,192.00,295997440,434544640,114090264,95883264,18123768,2904,11174640,22132800,958,18382,18382,0,0,0,0,0,0,0,0,0.062,0.069,0.000,0,0,0,18382,18382,0,0
travel,85.777,2060.1,1585.204,1585.204,fly,0.819,ok,2601,0,0,192.00,295997440,434544640,114090264,95883264,18123768,2904,11174640,22132800,958,18382,18382,0,0,0,0,0,0,0,0,0.061,0.067,0.000,0,0,0,18382,18382,0,0
travel,85.807,2060.8,1585.713,1585.713,fly,0.855,ok,2601,0,0,192.00,295997440,434544640,114090264,95883264,18123768,2904,11174640,22132800,958,18382,18382,0,0,0,0,0,0,0,0,0.062,0.073,0.000,0,0,0,18382,18382,0,0
travel,85.837,2061.5,1586.225,1586.225,fly,0.803,ok,2601,0,0,192.00,295997440,434544640,114090264,95883264,18123768,2904,11174640,22132800,958,18382,18382,0,0,0,0,0,0,0,0,0.061,0.063,0.000,0,0,0,18382,18382,0,0
travel,85.867,2062.3,1586.733,1586.733,fly,0.800,ok,2601,0,0,192.00,295997440,434544640,114090264,95883264,18123768,2904,11174640,22132800,958,18382,18382,0,0,0,0,0,0,0,0,0.061,0.062,0.000,0,0,0,18382,18382,0,0
travel,85.897,2063.0,1587.240,1587.240,fly,0.812,ok,2601,0,0,192.00,295997440,434544640,114090264,95883264,18123768,2904,11174640,22132800,958,18382,18382,0,0,0,0,0,0,0,0,0.061,0.064,0.000,0,0,0,18382,18382,0,0
travel,85.927,2063.7,1587.748,1587.748,fly,0.802,ok,2601,0,0,192.00,295997440,434544640,114090264,95883264,18123768,2904,7449760,22132800,958,18382,18382,0,0,0,0,0,0,0,0,0.060,0.062,0.001,0,0,0,18382,18382,0,0
travel,85.957,2064.4,1588.259,1588.259,fly,0.798,ok,2601,0,0,192.00,295997440,434544640,114090264,95883264,18123768,2904,7449760,22132800,958,18382,18382,0,0,0,0,0,0,0,0,0.059,0.063,0.000,0,0,0,18382,18382,0,0
travel,85.987,2065.1,1588.766,1588.766,fly,0.810,ok,2601,0,0,192.00,295997440,434544640,114090264,95883264,18123768,2904,7449760,22132800,958,18382,18382,0,0,0,0,0,0,0,0,0.061,0.064,0.000,0,0,0,18382,18382,0,0
travel,86.017,2065.8,1589.276,1589.276,fly,0.831,ok,2601,0,0,192.00,295997440,434544640,114090264,95883264,18123768,2904,7449760,22132800,958,18382,18382,0,0,0,0,0,0,0,0,0.061,0.069,0.000,0,0,0,18382,18382,0,0
travel,86.047,2066.6,1589.784,1589.784,fly,0.798,ok,2601,0,0,192.00,295997440,434544640,114090264,95883264,18123768,2904,7449760,22132800,958,18382,18382,0,0,0,0,0,0,0,0,0.060,0.063,0.000,0,0,0,18382,18382,0,0
travel,86.078,2067.3,1590.298,1590.298,fly,0.824,ok,2601,0,0,192.00,295997440,434544640,114090264,95883264,18123768,2904,7449760,22132800,958,18382,18382,0,0,0,0,0,0,0,0,0.063,0.067,0.000,0,0,0,18382,18382,0,0
travel,86.108,2068.0,1590.809,1590.809,fly,1.063,ok,2601,0,0,192.00,295997440,434544640,114090264,95883264,18123768,2904,7449760,22132800,958,18382,18382,0,0,0,0,0,0,0,0,0.284,0.071,0.000,0,0,0,18382,18382,0,0
travel,86.138,2068.7,1591.319,1591.319,fly,0.851,ok,2601,0,0,192.00,295997440,434544640,114090264,95883264,18123768,2904,7449760,22132800,958,18382,18382,0,0,0,0,0,0,0,0,0.061,0.073,0.000,0,0,0,18382,18382,0,0
travel,86.169,2069.5,1591.835,1591.835,fly,0.841,ok,2601,0,0,192.00,295997440,434544640,114090264,95883264,18123768,2904,7449760,22132800,958,18382,18382,0,0,0,0,0,0,0,0,0.062,0.074,0.000,0,0,0,18382,18382,0,0
travel,86.207,2070.4,1592.479,1592.479,fly,0.837,ok,2601,0,0,192.00,296087552,435597312,114090264,95883264,18123768,2904,11174640,22132800,958,18483,18483,0,0,0,0,0,0,0,0,0.062,0.070,0.000,0,0,0,18483,18483,0,0
travel,86.237,2071.1,1592.990,1592.990,fly,0.927,ok,2601,0,0,192.00,296087552,435597312,114090264,95883264,18123768,2904,11174640,22132800,958,18483,18483,0,0,0,0,0,0,0,0,0.072,0.108,0.000,0,0,0,18483,18483,0,0
travel,86.267,2071.8,1593.501,1593.501,fly,0.860,ok,2601,0,0,192.00,296087552,435597312,114090264,95883264,18123768,2904,11174640,22132800,958,18483,18483,0,0,0,0,0,0,0,0,0.062,0.071,0.000,0,0,0,18483,18483,0,0
travel,86.297,2072.5,1594.009,1594.009,fly,0.843,ok,2601,0,0,192.00,296087552,435597312,114090264,95883264,18123768,2904,11174640,22132800,958,18483,18483,0,0,0,0,0,0,0,0,0.061,0.063,0.000,0,0,0,18483,18483,0,0
travel,86.327,2073.3,1594.520,1594.520,fly,0.800,ok,2601,0,0,192.00,296087552,435597312,114090264,95883264,18123768,2904,11174640,22132800,958,18483,18483,0,0,0,0,0,0,0,0,0.061,0.065,0.000,0,0,0,18483,18483,0,0
travel,86.357,2074.0,1595.031,1595.031,fly,0.817,ok,2601,0,0,192.00,296087552,435597312,114090264,95883264,18123768,2904,11174640,22132800,958,18483,18483,0,0,0,0,0,0,0,0,0.062,0.066,0.000,0,0,0,18483,18483,0,0
travel,86.388,2074.7,1595.542,1595.542,fly,0.921,ok,2601,0,0,192.00,296087552,435597312,114090264,95883264,18123768,2904,11174640,22132800,958,18483,18483,0,0,0,0,0,0,0,0,0.070,0.109,0.000,0,0,0,18483,18483,0,0
travel,86.418,2075.4,1596.050,1596.050,fly,0.805,ok,2601,0,0,192.00,296087552,435597312,114090264,95883264,18123768,2904,7449760,22132800,958,18483,18483,0,0,0,0,0,0,0,0,0.061,0.065,0.000,0,0,0,18483,18483,0,0
travel,86.448,2076.2,1596.561,1596.561,fly,0.808,ok,2601,0,0,192.00,296087552,435597312,114090264,95883264,18123768,2904,7449760,22132800,958,18483,18483,0,0,0,0,0,0,0,0,0.061,0.063,0.000,0,0,0,18483,18483,0,0
travel,86.478,2076.9,1597.069,1597.069,fly,0.803,ok,2601,0,0,192.00,296087552,435597312,114090264,95883264,18123768,2904,7449760,22132800,958,18483,18483,0,0,0,0,0,0,0,0,0.063,0.064,0.000,0,0,0,18483,18483,0,0
travel,86.509,2077.6,1597.586,1597.586,fly,0.801,ok,2601,0,0,192.00,296087552,435597312,114090264,95883264,18123768,2904,7449760,22132800,958,18483,18483,0,0,0,0,0,0,0,0,0.061,0.065,0.000,0,0,0,18483,18483,0,0
travel,86.539,2078.3,1598.094,1598.094,fly,0.822,ok,2601,0,0,192.00,296087552,435597312,114090264,95883264,18123768,2904,7449760,22132800,958,18483,18483,0,0,0,0,0,0,0,0,0.060,0.068,0.000,0,0,0,18483,18483,0,0
travel,86.569,2079.0,1598.604,1598.604,fly,0.805,ok,2601,0,0,192.00,296087552,435597312,114090264,95883264,18123768,2904,7449760,22132800,958,18483,18483,0,0,0,0,0,0,0,0,0.062,0.066,0.000,0,0,0,18483,18483,0,0
travel,86.599,2079.8,1599.121,1599.121,fly,0.816,ok,2601,0,0,192.00,296087552,435597312,114090264,95883264,18123768,2904,7449760,22132800,958,18483,18483,0,0,0,0,0,0,0,0,0.061,0.064,0.000,0,0,0,18483,18483,0,0
travel,86.630,2080.5,1599.634,1599.634,fly,0.945,ok,2601,0,0,192.00,296087552,435597312,114090264,95883264,18123768,2904,7449760,22132800,958,18483,18483,0,0,0,0,0,0,0,0,0.070,0.114,0.000,0,0,0,18483,18483,0,0
travel,86.668,2081.4,1600.277,1600.277,fly,0.804,ok,2601,0,0,192.00,296718336,435597312,114090264,95883264,18123768,2904,11174640,22132800,958,18584,18584,0,0,0,0,0,0,0,0,0.062,0.064,0.000,0,0,0,18584,18584,0,0
travel,86.698,2082.1,1600.788,1600.788,fly,1.038,ok,2601,0,0,192.00,296718336,435597312,114090264,95883264,18123768,2904,11174640,22132800,958,18584,18584,0,0,0,0,0,0,0,0,0.244,0.068,0.000,0,0,0,18584,18584,0,0
travel,86.728,2082.9,1601.300,1601.300,fly,0.802,ok,2601,0,0,192.00,296718336,435597312,114090264,95883264,18123768,2904,11174640,22132800,958,18584,18584,0,0,0,0,0,0,0,0,0.061,0.065,0.000,0,0,0,18584,18584,0,0
travel,86.758,2083.6,1601.807,1601.807,fly,1.028,ok,2601,0,0,192.00,296718336,435597312,114090264,95883264,18123768,2904,11174640,22132800,958,18584,18584,0,0,0,0,0,0,0,0,0.265,0.065,0.000,0,0,0,18584,18584,0,0
travel,86.788,2084.3,1602.316,1602.316,fly,0.798,ok,2601,0,0,192.00,296718336,435597312,114090264,95883264,18123768,2904,11174640,22132800,958,18584,18584,0,0,0,0,0,0,0,0,0.061,0.061,0.000,0,0,0,18584,18584,0,0
travel,86.818,2085.0,1602.824,1602.824,fly,1.174,ok,2601,0,0,192.00,296718336,435597312,114090264,95883264,18123768,2904,11174640,22132800,958,18584,18584,0,0,0,0,0,0,0,0,0.406,0.069,0.000,0,0,0,18584,18584,0,0
travel,86.848,2085.7,1603.338,1603.338,fly,0.817,ok,2601,0,0,192.00,296718336,435597312,114090264,95883264,18123768,2904,11174640,22132800,958,18584,18584,0,0,0,0,0,0,0,0,0.061,0.066,0.000,0,0,0,18584,18584,0,0
travel,86.879,2086.5,1603.851,1603.851,fly,0.827,ok,2601,0,0,192.00,296718336,435597312,114090264,95883264,18123768,2904,11174640,22132800,958,18584,18584,0,0,0,0,0,0,0,0,0.061,0.067,0.000,0,0,0,18584,18584,0,0
travel,86.909,2087.2,1604.360,1604.360,fly,0.830,ok,2601,0,0,192.00,296718336,435597312,114090264,95883264,18123768,2904,7449760,22132800,958,18584,18584,0,0,0,0,0,0,0,0,0.061,0.067,0.000,0,0,0,18584,18584,0,0
travel,86.939,2087.9,1604.878,1604.878,fly,0.849,ok,2601,0,0,192.00,296718336,435597312,114090264,95883264,18123768,2904,7449760,22132800,958,18584,18584,0,0,0,0,0,0,0,0,0.063,0.073,0.000,0,0,0,18584,18584,0,0
travel,86.970,2088.6,1605.389,1605.389,fly,0.817,ok,2601,0,0,192.00,296718336,435597312,114090264,95883264,18123768,2904,7449760,22132800,958,18584,18584,0,0,0,0,0,0,0,0,0.061,0.066,0.000,0,0,0,18584,18584,0,0
travel,87.000,2089.4,1605.900,1605.900,fly,0.819,ok,2601,0,0,192.00,296718336,435597312,114090264,95883264,18123768,2904,7449760,22132800,958,18584,18584,0,0,0,0,0,0,0,0,0.061,0.065,0.000,0,0,0,18584,18584,0,0
travel,87.030,2090.1,1606.408,1606.408,fly,0.791,ok,2601,0,0,192.00,296718336,435597312,114090264,95883264,18123768,2904,7449760,22132800,958,18584,18584,0,0,0,0,0,0,0,0,0.059,0.059,0.000,0,0,0,18584,18584,0,0
travel,87.060,2090.8,1606.918,1606.918,fly,0.896,ok,2601,0,0,192.00,296718336,435597312,114090264,95883264,18123768,2904,7449760,22132800,958,18584,18584,0,0,0,0,0,0,0,0,0.070,0.108,0.000,0,0,0,18584,18584,0,0
travel,87.090,2091.5,1607.426,1607.426,fly,0.846,ok,2601,0,0,192.00,296718336,435597312,114090264,95883264,18123768,2904,7449760,22132800,958,18584,18584,0,0,0,0,0,0,0,0,0.061,0.069,0.000,0,0,0,18584,18584,0,0
travel,87.120,2092.2,1607.936,1607.936,fly,0.813,ok,2601,0,0,192.00,296718336,435597312,114090264,95883264,18123768,2904,7449760,22132800,958,18584,18584,0,0,0,0,0,0,0,0,0.060,0.066,0.000,0,0,0,18584,18584,0,0
travel,87.159,2093.2,1608.596,1608.596,fly,0.822,ok,2601,0,0,192.00,297111552,436121600,114090264,95883264,18123768,2904,11174640,22132800,958,18685,18685,0,0,0,0,0,0,0,0,0.062,0.065,0.000,0,0,0,18685,18685,0,0
travel,87.189,2093.9,1609.105,1609.105,fly,0.808,ok,2601,0,0,192.00,297111552,436121600,114090264,95883264,18123768,2904,11174640,22132800,958,18685,18685,0,0,0,0,0,0,0,0,0.062,0.065,0.000,0,0,0,18685,18685,0,0
travel,87.219,2094.6,1609.612,1609.612,fly,0.811,ok,2601,0,0,192.00,297111552,436121600,114090264,95883264,18123768,2904,11174640,22132800,958,18685,18685,0,0,0,0,0,0,0,0,0.062,0.062,0.000,0,0,0,18685,18685,0,0
travel,87.249,2095.3,1610.121,1610.121,fly,0.809,ok,2601,0,0,192.00,297111552,436121600,114090264,95883264,18123768,2904,11174640,22132800,958,18685,18685,0,0,0,0,0,0,0,0,0.061,0.066,0.000,0,0,0,18685,18685,0,0
travel,87.279,2096.0,1610.630,1610.630,fly,0.812,ok,2601,0,0,192.00,297111552,436121600,114090264,95883264,18123768,2904,11174640,22132800,958,18685,18685,0,0,0,0,0,0,0,0,0.061,0.064,0.000,0,0,0,18685,18685,0,0
travel,87.310,2096.8,1611.141,1611.141,fly,0.811,ok,2601,0,0,192.00,297111552,436121600,114090264,95883264,18123768,2904,11174640,22132800,958,18685,18685,0,0,0,0,0,0,0,0,0.062,0.065,0.000,0,0,0,18685,18685,0,0
travel,87.340,2097.5,1611.655,1611.655,fly,0.950,ok,2601,0,0,192.00,297111552,436121600,114090264,95883264,18123768,2904,11174640,22132800,958,18685,18685,0,0,0,0,0,0,0,0,0.073,0.116,0.000,0,0,0,18685,18685,0,0
travel,87.370,2098.2,1612.168,1612.168,fly,0.834,ok,2601,0,0,192.00,297111552,436121600,114090264,95883264,18123768,2904,7449760,22132800,958,18685,18685,0,0,0,0,0,0,0,0,0.061,0.070,0.000,0,0,0,18685,18685,0,0
travel,87.400,2098.9,1612.676,1612.676,fly,0.819,ok,2601,0,0,192.00,297111552,436121600,114090264,95883264,18123768,2904,7449760,22132800,958,18685,18685,0,0,0,0,0,0,0,0,0.060,0.063,0.000,0,0,0,18685,18685,0,0
travel,87.431,2099.7,1613.190,1613.190,fly,0.811,ok,2601,0,0,192.00,297111552,436121600,114090264,95883264,18123768,2904,7449760,22132800,958,18685,18685,0,0,0,0,0,0,0,0,0.061,0.067,0.000,0,0,0,18685,18685,0,0
travel,87.461,2100.4,1613.701,1613.701,fly,0.800,ok,2601,0,0,192.00,297111552,436121600,114090264,95883264,18123768,2904,7449760,22132800,958,18685,18685,0,0,0,0,0,0,0,0,0.060,0.062,0.000,0,0,0,18685,18685,0,0
travel,87.491,2101.1,1614.219,1614.219,fly,0.815,ok,2601,0,0,192.00,297111552,436121600,114090264,95883264,18123768,2904,7449760,22132800,958,18685,18685,0,0,0,0,0,0,0,0,0.061,0.070,0.000,0,0,0,18685,18685,0,0
travel,87.522,2101.9,1614.734,1614.734,fly,0.923,ok,2601,0,0,192.00,297111552,436121600,114090264,95883264,18123768,2904,7449760,22132800,958,18685,18685,0,0,0,0,0,0,0,0,0.073,0.146,0.000,0,0,0,18685,18685,0,0
travel,87.553,2102.6,1615.254,1615.254,fly,0.800,ok,2601,0,0,192.00,297111552,436121600,114090264,95883264,18123768,2904,7449760,22132800,958,18685,18685,0,0,0,0,0,0,0,0,0.060,0.061,0.000,0,0,0,18685,18685,0,0
travel,87.583,2103.3,1615.765,1615.765,fly,0.899,ok,2601,0,0,192.00,297111552,436121600,114090264,95883264,18123768,2904,7449760,22132800,958,18685,18685,0,0,0,0,0,0,0,0,0.131,0.068,0.000,0,0,0,18685,18685,0,0
travel,87.621,2104.2,1616.411,1616.411,fly,0.822,ok,2601,0,0,192.00,297570304,436121600,114090264,95883264,18123768,2904,11174640,22132800,958,18786,18786,0,0,0,0,0,0,0,0,0.062,0.066,0.000,0,0,0,18786,18786,0,0
travel,87.651,2104.9,1616.919,1616.919,fly,0.831,ok,2601,0,0,192.00,297570304,436121600,114090264,95883264,18123768,2904,11174640,22132800,958,18786,18786,0,0,0,0,0,0,0,0,0.062,0.074,0.000,0,0,0,18786,18786,0,0
travel,87.682,2105.7,1617.437,1617.437,fly,0.819,ok,2601,0,0,192.00,297570304,436121600,114090264,95883264,18123768,2904,11174640,22132800,958,18786,18786,0,0,0,0,0,0,0,0,0.062,0.065,0.000,0,0,0,18786,18786,0,0
travel,87.712,2106.4,1617.950,1617.950,fly,0.960,ok,2601,0,0,192.00,297570304,436121600,114090264,95883264,18123768,2904,11174640,22132800,958,18786,18786,0,0,0,0,0,0,0,0,0.063,0.076,0.000,0,0,0,18786,18786,0,0
travel,87.742,2107.1,1618.462,1618.462,fly,0.822,ok,2601,0,0,192.00,297570304,436121600,114090264,95883264,18123768,2904,11174640,22132800,958,18786,18786,0,0,0,0,0,0,0,0,0.062,0.066,0.000,0,0,0,18786,18786,0,0
travel,87.772,2107.8,1618.971,1618.971,fly,0.812,ok,2601,0,0,192.00,297570304,436121600,114090264,95883264,18123768,2904,11174640,22132800,958,18786,18786,0,0,0,0,0,0,0,0,0.061,0.064,0.000,0,0,0,18786,18786,0,0
travel,87.803,2108.6,1619.490,1619.490,fly,0.837,ok,2601,0,0,192.00,297570304,436121600,114090264,95883264,18123768,2904,11174640,22132800,958,18786,18786,0,0,0,0,0,0,0,0,0.063,0.072,0.000,0,0,0,18786,18786,0,0
travel,87.833,2109.3,1620.003,1620.003,fly,0.842,ok,2601,0,0,192.00,297570304,436121600,114090264,95883264,18123768,2904,7449760,22132800,958,18786,18786,0,0,0,0,0,0,0,0,0.060,0.063,0.000,0,0,0,18786,18786,0,0
travel,87.863,2110.0,1620.516,1620.516,fly,0.829,ok,2601,0,0,192.00,297570304,436121600,114090264,95883264,18123768,2904,7449760,22132800,958,18786,18786,0,0,0,0,0,0,0,0,0.062,0.069,0.000,0,0,0,18786,18786,0,0
travel,87.894,2110.8,1621.026,1621.026,fly,0.818,ok,2601,0,0,192.00,297570304,436121600,114090264,95883264,18123768,2904,7449760,22132800,958,18786,18786,0,0,0,0,0,0,0,0,0.062,0.066,0.000,0,0,0,18786,18786,0,0
travel,87.924,2111.5,1621.545,1621.545,fly,0.824,ok,2601,0,0,192.00,297570304,436121600,114090264,95883264,18123768,2904,7449760,22132800,958,18786,18786,0,0,0,0,0,0,0,0,0.061,0.065,0.000,0,0,0,18786,18786,0,0
travel,87.955,2112.2,1622.062,1622.062,fly,0.804,ok,2601,0,0,192.00,297570304,436121600,114090264,95883264,18123768,2904,7449760,22132800,958,18786,18786,0,0,0,0,0,0,0,0,0.063,0.064,0.000,0,0,0,18786,18786,0,0
travel,87.985,2112.9,1622.570,1622.570,fly,0.806,ok,2601,0,0,192.00,297570304,436121600,114090264,95883264,18123768,2904,7449760,22132800,958,18786,18786,0,0,0,0,0,0,0,0,0.061,0.065,0.000,0,0,0,18786,18786,0,0
travel,88.015,2113.7,1623.078,1623.078,fly,0.806,ok,2601,0,0,192.00,297570304,436121600,114090264,95883264,18123768,2904,7449760,22132800,958,18786,18786,0,0,0,0,0,0,0,0,0.060,0.064,0.000,0,0,0,18786,18786,0,0
travel,88.045,2114.4,1623.589,1623.589,fly,0.843,ok,2601,0,0,192.00,297570304,436121600,114090264,95883264,18123768,2904,7449760,22132800,958,18786,18786,0,0,0,0,0,0,0,0,0.064,0.070,0.000,0,0,0,18786,18786,0,0
travel,88.083,2115.3,1624.234,1624.234,fly,0.852,ok,2601,0,0,192.00,298291200,437170176,114090264,95883264,18123768,2904,11174640,22132800,958,18887,18887,0,0,0,0,0,0,0,0,0.062,0.068,0.000,0,0,0,18887,18887,0,0
travel,88.113,2116.0,1624.745,1624.745,fly,0.819,ok,2601,0,0,192.00,298291200,437170176,114090264,95883264,18123768,2904,11174640,22132800,958,18887,18887,0,0,0,0,0,0,0,0,0.062,0.067,0.000,0,0,0,18887,18887,0,0
travel,88.143,2116.7,1625.253,1625.253,fly,0.820,ok,2601,0,0,192.00,298291200,437170176,114090264,95883264,18123768,2904,11174640,22132800,958,18887,18887,0,0,0,0,0,0,0,0,0.061,0.067,0.000,0,0,0,18887,18887,0,0
travel,88.174,2117.5,1625.767,1625.767,fly,0.833,ok,2601,0,0,192.00,298291200,437170176,114090264,95883264,18123768,2904,11174640,22132800,958,18887,18887,0,0,0,0,0,0,0,0,0.061,0.071,0.000,0,0,0,18887,18887,0,0
travel,88.204,2118.2,1626.281,1626.281,fly,0.956,ok,2601,0,0,192.00,298291200,437170176,114090264,95883264,18123768,2904,11174640,22132800,958,18887,18887,0,0,0,0,0,0,0,0,0.069,0.117,0.000,0,0,0,18887,18887,0,0
travel,88.234,2118.9,1626.791,1626.791,fly,0.801,ok,2601,0,0,192.00,298291200,437170176,114090264,95883264,18123768,2904,11174640,22132800,958,18887,18887,0,0,0,0,0,0,0,0,0.060,0.063,0.000,0,0,0,18887,18887,0,0
travel,88.264,2119.6,1627.300,1627.300,fly,0.814,ok,2601,0,0,192.00,298291200,437170176,114090264,95883264,18123768,2904,11174640,22132800,958,18887,18887,0,0,0,0,0,0,0,0,0.061,0.065,0.000,0,0,0,18887,18887,0,0
travel,88.295,2120.4,1627.815,1627.815,fly,0.812,ok,2601,0,0,192.00,298291200,437170176,114090264,95883264,18123768,2904,11174640,22132800,958,18887,18887,0,0,0,0,0,0,0,0,0.061,0.063,0.000,0,0,0,18887,18887,0,0
travel,88.325,2121.1,1628.325,1628.325,fly,0.840,ok,2601,0,0,192.00,298291200,437170176,114090264,95883264,18123768,2904,7449760,22132800,958,18887,18887,0,0,0,0,0,0,0,0,0.061,0.071,0.000,0,0,0,18887,18887,0,0
travel,88.355,2121.8,1628.836,1628.836,fly,0.807,ok,2601,0,0,192.00,298291200,437170176,114090264,95883264,18123768,2904,7449760,22132800,958,18887,18887,0,0,0,0,0,0,0,0,0.060,0.065,0.000,0,0,0,18887,18887,0,0
travel,88.385,2122.5,1629.345,1629.345,fly,0.807,ok,2601,0,0,192.00,298291200,437170176,114090264,95883264,18123768,2904,7449760,22132800,958,18887,18887,0,0,0,0,0,0,0,0,0.060,0.061,0.000,0,0,0,18887,18887,0,0
travel,88.416,2123.2,1629.859,1629.859,fly,0.801,ok,2601,0,0,192.00,298291200,437170176,114090264,95883264,18123768,2904,7449760,22132800,958,18887,18887,0,0,0,0,0,0,0,0,0.061,0.062,0.000,0,0,0,18887,18887,0,0
travel,88.446,2124.0,1630.372,1630.372,fly,0.844,ok,2601,0,0,192.00,298291200,437170176,114090264,95883264,18123768,2904,7449760,22132800,958,18887,18887,0,0,0,0,0,0,0,0,0.069,0.074,0.000,0,0,0,18887,18887,0,0
travel,88.476,2124.7,1630.880,1630.880,fly,0.837,ok,2601,0,0,192.00,298291200,437170176,114090264,95883264,18123768,2904,7449760,22132800,958,18887,18887,0,0,0,0,0,0,0,0,0.060,0.070,0.000,0,0,0,18887,18887,0,0
travel,88.506,2125.4,1631.391,1631.391,fly,0.855,ok,2601,0,0,192.00,298291200,437170176,114090264,95883264,18123768,2904,7449760,22132800,958,18887,18887,0,0,0,0,0,0,0,0,0.061,0.078,0.000,0,0,0,18887,18887,0,0
travel,88.536,2126.1,1631.903,1631.903,fly,0.821,ok,2601,0,0,192.00,298291200,437170176,114090264,95883264,18123768,2904,7449760,22132800,958,18887,18887,0,0,0,0,0,0,0,0,0.060,0.070,0.000,0,0,0,18887,18887,0,0
travel,88.574,2127.0,1632.549,1632.549,fly,0.891,ok,2601,0,0,192.00,298553344,437170176,114090264,95883264,18123768,2904,11174640,22132800,958,18988,18988,0,0,0,0,0,0,0,0,0.071,0.121,0.000,0,0,0,18988,18988,0,0
travel,88.605,2127.8,1633.061,1633.061,fly,0.836,ok,2601,0,0,192.00,298553344,437170176,114090264,95883264,18123768,2904,11174640,22132800,958,18988,18988,0,0,0,0,0,0,0,0,0.062,0.070,0.000,0,0,0,18988,18988,0,0
travel,88.635,2128.5,1633.573,1633.573,fly,0.800,ok,2601,0,0,192.00,298553344,437170176,114090264,95883264,18123768,2904,11174640,22132800,958,18988,18988,0,0,0,0,0,0,0,0,0.061,0.061,0.000,0,0,0,18988,18988,0,0
travel,88.665,2129.2,1634.084,1634.084,fly,0.810,ok,2601,0,0,192.00,298553344,437170176,114090264,95883264,18123768,2904,11174640,22132800,958,18988,18988,0,0,0,0,0,0,0,0,0.060,0.066,0.000,0,0,0,18988,18988,0,0
travel,88.696,2129.9,1634.599,1634.599,fly,0.859,ok,2601,0,0,192.00,298553344,437170176,114090264,95883264,18123768,2904,11174640,22132800,958,18988,18988,0,0,0,0,0,0,0,0,0.063,0.072,0.000,0,0,0,18988,18988,0,0
travel,88.726,2130.7,1635.115,1635.115,fly,0.806,ok,2601,0,0,192.00,298553344,437170176,114090264,95883264,18123768,2904,11174640,22132800,958,18988,18988,0,0,0,0,0,0,0,0,0.061,0.064,0.000,0,0,0,18988,18988,0,0
travel,88.756,2131.4,1635.628,1635.628,fly,1.218,ok,2601,0,0,192.00,298553344,437170176,114090264,95883264,18123768,2904,11174640,22132800,958,18988,18988,0,0,0,0,0,0,0,0,0.473,0.062,0.000,0,0,0,18988,18988,0,0
travel,88.787,2132.1,1636.147,1636.147,fly,0.940,ok,2601,0,0,192.00,298553344,437170176,114090264,95883264,18123768,2904,7449760,22132800,958,18988,18988,0,0,0,0,0,0,0,0,0.075,0.109,0.000,0,0,0,18988,18988,0,0
travel,88.817,2132.9,1636.655,1636.655,fly,0.876,ok,2601,0,0,192.00,298553344,437170176,114090264,95883264,18123768,2904,7449760,22132800,958,18988,18988,0,0,0,0,0,0,0,0,0.131,0.064,0.000,0,0,0,18988,18988,0,0
travel,88.847,2133.6,1637.165,1637.165,fly,0.814,ok,2601,0,0,192.00,298553344,437170176,114090264,95883264,18123768,2904,7449760,22132800,958,18988,18988,0,0,0,0,0,0,0,0,0.061,0.064,0.000,0,0,0,18988,18988,0,0
travel,88.878,2134.3,1637.679,1637.679,fly,0.855,ok,2601,0,0,192.00,298553344,437170176,114090264,95883264,18123768,2904,7449760,22132800,958,18988,18988,0,0,0,0,0,0,0,0,0.061,0.072,0.000,0,0,0,18988,18988,0,0
travel,88.908,2135.0,1638.190,1638.190,fly,0.810,ok,2601,0,0,192.00,298553344,437170176,114090264,95883264,18123768,2904,7449760,22132800,958,18988,18988,0,0,0,0,0,0,0,0,0.060,0.064,0.000,0,0,0,18988,18988,0,0
travel,88.938,2135.7,1638.697,1638.697,fly,0.807,ok,2601,0,0,192.00,298553344,437170176,114090264,95883264,18123768,2904,7449760,22132800,958,18988,18988,0,0,0,0,0,0,0,0,0.061,0.065,0.000,0,0,0,18988,18988,0,0
travel,88.968,2136.5,1639.209,1639.209,fly,0.819,ok,2601,0,0,192.00,298553344,437170176,114090264,95883264,18123768,2904,7449760,22132800,958,18988,18988,0,0,0,0,0,0,0,0,0.061,0.069,0.000,0,0,0,18988,18988,0,0
travel,88.998,2137.2,1639.719,1639.719,fly,0.958,ok,2601,0,0,192.00,298553344,437170176,114090264,95883264,18123768,2904,7449760,22132800,958,18988,18988,0,0,0,0,0,0,0,0,0.065,0.088,0.000,0,0,0,18988,18988,0,0
travel,89.036,2138.1,1640.364,1640.364,fly,0.812,ok,2601,0,0,192.00,297787392,437170176,114090264,95883264,18123768,2904,11174640,22132800,958,19089,19089,0,0,0,0,0,0,0,0,0.063,0.064,0.000,0,0,0,19089,19089,0,0
travel,89.066,2138.8,1640.872,1640.872,fly,0.800,ok,2601,0,0,192.00,297787392,437170176,114090264,95883264,18123768,2904,11174640,22132800,958,19089,19089,0,0,0,0,0,0,0,0,0.061,0.062,0.000,0,0,0,19089,19089,0,0
travel,89.097,2139.5,1641.384,1641.384,fly,0.804,ok,2601,0,0,192.00,297787392,437170176,114090264,95883264,18123768,2904,11174640,22132800,958,19089,19089,0,0,0,0,0,0,0,0,0.061,0.065,0.000,0,0,0,19089,19089,0,0
travel,89.127,2140.3,1641.892,1641.892,fly,1.383,ok,2601,0,0,192.00,297787392,437170176,114090264,95883264,18123768,2904,11174640,22132800,958,19089,19089,0,0,0,0,0,0,0,0,0.090,0.111,0.000,0,0,0,19089,19089,0,0
travel,89.157,2141.0,1642.410,1642.410,fly,0.808,ok,2601,0,0,192.00,297787392,437170176,114090264,95883264,18123768,2904,11174640,22132800,958,19089,19089,0,0,0,0,0,0,0,0,0.061,0.066,0.000,0,0,0,19089,19089,0,0
travel,89.187,2141.7,1642.920,1642.920,fly,0.827,ok,2601,0,0,192.00,297787392,437170176,114090264,95883264,18123768,2904,11174640,22132800,958,19089,19089,0,0,0,0,0,0,0,0,0.061,0.067,0.000,0,0,0,19089,19089,0,0
travel,89.217,2142.4,1643.430,1643.430,fly,0.801,ok,2601,0,0,192.00,297787392,437170176,114090264,95883264,18123768,2904,11174640,22132800,958,19089,19089,0,0,0,0,0,0,0,0,0.061,0.063,0.000,0,0,0,19089,19089,0,0
travel,89.248,2143.2,1643.941,1643.941,fly,0.807,ok,2601,0,0,192.00,297787392,437170176,114090264,95883264,18123768,2904,7449760,22132800,958,19089,19089,0,0,0,0,0,0,0,0,0.060,0.065,0.000,0,0,0,19089,19089,0,0
travel,89.278,2143.9,1644.453,1644.453,fly,0.831,ok,2601,0,0,192.00,297787392,437170176,114090264,95883264,18123768,2904,7449760,22132800,958,19089,19089,0,0,0,0,0,0,0,0,0.061,0.067,0.000,0,0,0,19089,19089,0,0
travel,89.308,2144.6,1644.961,1644.961,fly,1.349,ok,2601,0,0,192.00,297787392,437170176,114090264,95883264,18123768,2904,7449760,22132800,958,19089,19089,0,0,0,0,0,0,0,0,0.604,0.065,0.000,0,0,0,19089,19089,0,0
travel,89.338,2145.3,1645.478,1645.478,fly,0.813,ok,2601,0,0,192.00,297787392,437170176,114090264,95883264,18123768,2904,7449760,22132800,958,19089,19089,0,0,0,0,0,0,0,0,0.064,0.070,0.000,0,0,0,19089,19089,0,0
travel,89.369,2146.1,1645.988,1645.988,fly,1.234,ok,2601,0,0,192.00,297787392,437170176,114090264,95883264,18123768,2904,7449760,22132800,958,19089,19089,0,0,0,0,0,0,0,0,0.223,0.302,0.000,0,0,0,19089,19089,0,0
travel,89.400,2146.8,1646.515,1646.515,fly,0.828,ok,2601,0,0,192.00,297787392,437170176,114090264,95883264,18123768,2904,7449760,22132800,958,19089,19089,0,0,0,0,0,0,0,0,0.061,0.066,0.000,0,0,0,19089,19089,0,0
travel,89.431,2147.5,1647.035,1647.035,fly,0.806,ok,2601,0,0,192.00,297787392,437170176,114090264,95883264,18123768,2904,7449760,22132800,958,19089,19089,0,0,0,0,0,0,0,0,0.060,0.066,0.000,0,0,0,19089,19089,0,0
travel,89.461,2148.3,1647.545,1647.545,fly,0.798,ok,2601,0,0,192.00,297787392,437170176,114090264,95883264,18123768,2904,7449760,22132800,958,19089,19089,0,0,0,0,0,0,0,0,0.060,0.061,0.000,0,0,0,19089,19089,0,0
travel,89.498,2149.2,1648.186,1648.186,fly,0.868,ok,2601,0,0,192.00,298496000,437170176,114090264,95883264,18123768,2904,11174640,22132800,958,19190,19190,0,0,73,0,0,0,0,0,0.063,0.074,0.000,0,0,0,19190,19190,0,0
travel,89.529,2149.9,1648.696,1648.696,fly,0.804,ok,2601,0,0,192.00,298496000,437170176,114090264,95883264,18123768,2904,11174640,22132800,958,19190,19190,0,0,0,0,0,0,0,0,0.062,0.062,0.000,0,0,0,19190,19190,0,0
travel,89.559,2150.6,1649.203,1649.203,fly,0.826,ok,2601,0,0,192.00,298496000,437170176,114090264,95883264,18123768,2904,11174640,22132800,958,19190,19190,0,0,0,0,0,0,0,0,0.062,0.066,0.000,0,0,0,19190,19190,0,0
travel,89.589,2151.3,1649.713,1649.713,fly,0.812,ok,2601,0,0,192.00,298496000,437170176,114090264,95883264,18123768,2904,11174640,22132800,958,19190,19190,0,0,0,0,0,0,0,0,0.061,0.066,0.000,0,0,0,19190,19190,0,0
travel,89.619,2152.0,1650.221,1650.221,fly,0.819,ok,2601,0,0,192.00,298496000,437170176,114090264,95883264,18123768,2904,11174640,22132800,958,19190,19190,0,0,0,0,0,0,0,0,0.062,0.063,0.000,0,0,0,19190,19190,0,0
travel,89.649,2152.8,1650.733,1650.733,fly,0.981,ok,2601,0,0,192.00,298496000,437170176,114090264,95883264,18123768,2904,11174640,22132800,958,19190,19190,0,0,0,0,0,0,0,0,0.070,0.112,0.000,0,0,0,19190,19190,0,0
travel,89.679,2153.5,1651.245,1651.245,fly,0.819,ok,2601,0,0,192.00,298496000,437170176,114090264,95883264,18123768,2904,11174640,22132800,958,19190,19190,0,0,0,0,0,0,0,0,0.061,0.064,0.000,0,0,0,19190,19190,0,0
travel,89.709,2154.2,1651.753,1651.753,fly,0.836,ok,2601,0,0,192.00,298496000,437170176,114090264,95883264,18123768,2904,11174640,22132800,958,19190,19190,0,0,0,0,0,0,0,0,0.061,0.068,0.000,0,0,0,19190,19190,0,0
travel,89.739,2154.9,1652.260,1652.260,fly,0.801,ok,2601,0,0,192.00,298496000,437170176,114090264,95883264,18123768,2904,7449760,22132800,958,19190,19190,0,0,0,0,0,0,0,0,0.060,0.065,0.000,0,0,0,19190,19190,0,0
travel,89.769,2155.6,1652.769,1652.769,fly,0.818,ok,2601,0,0,192.00,298496000,437170176,114090264,95883264,18123768,2904,7449760,22132800,958,19190,19190,0,0,0,0,0,0,0,0,0.062,0.063,0.000,0,0,0,19190,19190,0,0
travel,89.800,2156.4,1653.281,1653.281,fly,0.829,ok,2601,0,0,192.00,298496000,437170176,114090264,95883264,18123768,2904,7449760,22132800,958,19190,19190,0,0,0,0,0,0,0,0,0.062,0.079,0.000,0,0,0,19190,19190,0,0
travel,89.830,2157.1,1653.789,1653.789,fly,0.807,ok,2601,0,0,192.00,298496000,437170176,114090264,95883264,18123768,2904,7449760,22132800,958,19190,19190,0,0,0,0,0,0,0,0,0.060,0.067,0.000,0,0,0,19190,19190,0,0
travel,89.860,2157.8,1654.306,1654.306,fly,0.859,ok,2601,0,0,192.00,298496000,437170176,114090264,95883264,18123768,2904,7449760,22132800,958,19190,19190,0,0,0,0,0,0,0,0,0.062,0.097,0.000,0,0,0,19190,19190,0,0
travel,89.890,2158.5,1654.813,1654.813,fly,0.802,ok,2601,0,0,192.00,298496000,437170176,114090264,95883264,18123768,2904,7449760,22132800,958,19190,19190,0,0,0,0,0,0,0,0,0.059,0.064,0.000,0,0,0,19190,19190,0,0
travel,89.920,2159.3,1655.324,1655.324,fly,0.829,ok,2601,0,0,192.00,298496000,437170176,114090264,95883264,18123768,2904,7449760,22132800,958,19190,19190,0,0,0,0,0,0,0,0,0.060,0.085,0.000,0,0,0,19190,19190,0,0
travel,89.951,2160.0,1655.837,1655.837,fly,0.859,ok,2601,0,0,192.00,298496000,437170176,114090264,95883264,18123768,2904,7449760,22132800,958,19190,19190,0,0,0,0,0,0,0,0,0.061,0.073,0.000,0,0,0,19190,19190,0,0
travel,89.988,2160.9,1656.474,1656.474,fly,0.828,ok,2601,0,0,192.00,298692608,437170176,114090264,95883264,18123768,2904,11174640,22132800,958,19291,19291,0,0,0,0,0,0,0,0,0.062,0.064,0.000,0,0,0,19291,19291,0,0
stop,90.000,2161.2,1656.680,1656.680,fly,4.764,ok,2601,0,0,192.00,298692608,437170176,0,0,0,0,0,0,0,19291,19291,0,0,0,0,0,0,0,0,0.087,0.114,0.000,0,0,0,19291,19291,0,0
