phase,elapsed_s,distance_m,x,y,mode,frame_ms,primary,resident_packages,pending_packages,worker_queue,complete_radius_m,working_set_bytes,private_bytes,live_package_bytes,live_mesh_bytes,live_collision_bytes,live_gl_resources,retirement_queue_bytes,worker_result_bytes,cache_entries,packages_created,packages_retired,pkg_create,pkg_retire,worker_batch,collision,mesh,gl_create,gl_delete,alloc_delta,finish_ms,swap_ms,retire_ms,wake_water_body,wake_topology,wake_terrain_state,wake_mesh,wake_collision,wake_grass,wake_tree
travel,0.029,0.7,128.996,128.996,fly,0.792,ok,2601,0,0,192.00,396132352,524341248,114090264,95883264,18123768,2601,0,22132800,925241,0,0,0,0,0,0,0,0,0,0,0.419,0.011,0.000,0,0,0,0,0,0,0
travel,0.060,1.4,129.510,129.510,fly,0.756,ok,2601,0,0,192.00,396132352,524341248,114090264,95883264,18123768,2601,0,22132800,925286,0,0,0,0,0,0,0,0,0,0,0.409,0.010,0.000,0,0,0,0,0,0,0
travel,0.090,2.2,130.022,130.022,fly,0.744,ok,2601,0,0,192.00,396132352,524341248,114090264,95883264,18123768,2601,0,22132800,925331,0,0,0,0,0,0,0,0,0,0,0.394,0.010,0.000,0,0,0,0,0,0,0
travel,0.121,2.9,130.545,130.545,fly,0.785,ok,2601,0,0,192.00,396132352,524341248,114090264,95883264,18123768,2601,0,22132800,925331,0,0,0,0,0,0,0,0,0,0,0.405,0.011,0.000,0,0,0,0,0,0,0
travel,0.151,3.6,131.055,131.055,fly,0.759,ok,2601,0,0,192.00,396132352,524341248,114090264,95883264,18123768,2601,0,22132800,925376,0,0,0,0,0,0,0,0,0,0,0.413,0.010,0.000,0,0,0,0,0,0,0
travel,0.181,4.3,131.575,131.575,fly,0.772,ok,2601,0,0,192.00,396132352,524341248,114090264,95883264,18123768,2601,0,22132800,925376,0,0,0,0,0,0,0,0,0,0,0.415,0.010,0.000,0,0,0,0,0,0,0
travel,0.211,5.1,132.086,132.086,fly,0.821,ok,2601,0,0,192.00,396132352,524341248,114090264,95883264,18123768,2601,0,22132800,925394,0,0,0,0,0,0,0,0,0,0,0.422,0.011,0.000,0,0,0,0,0,0,0
travel,0.241,5.8,132.596,132.596,fly,1.020,ok,2601,0,0,192.00,396132352,524341248,114090264,95883264,18123768,2601,0,22132800,925394,0,0,0,0,0,0,0,0,0,0,0.641,0.023,0.000,0,0,0,0,0,0,0
travel,0.272,6.5,133.110,133.110,fly,0.741,ok,2601,0,0,192.00,396132352,524341248,114090264,95883264,18123768,2601,0,22132800,925400,0,0,0,0,0,0,0,0,0,0,0.392,0.010,0.000,0,0,0,0,0,0,0
travel,0.302,7.2,133.623,133.623,fly,0.769,ok,2601,0,0,192.00,396132352,524341248,114090264,95883264,18123768,2601,0,22132800,925400,0,0,0,0,0,0,0,0,0,0,0.411,0.011,0.000,0,0,0,0,0,0,0
travel,0.332,8.0,134.135,134.135,fly,0.754,ok,2601,0,0,192.00,396132352,524341248,114090264,95883264,18123768,2601,0,22132800,925402,0,0,0,0,0,0,0,0,0,0,0.407,0.010,0.000,0,0,0,0,0,0,0
travel,0.362,8.7,134.644,134.644,fly,0.783,ok,2601,0,0,192.00,396136448,524341248,114090264,95883264,18123768,2601,0,22132800,925402,0,0,0,0,0,0,0,0,0,0,0.397,0.017,0.000,0,0,0,0,0,0,0
travel,0.393,9.4,135.162,135.162,fly,0.755,ok,2601,0,0,192.00,396136448,524341248,114090264,95883264,18123768,2601,0,22132800,925402,0,0,0,0,0,0,0,0,0,0,0.405,0.011,0.000,0,0,0,0,0,0,0
travel,0.423,10.1,135.673,135.673,fly,0.742,ok,2601,0,0,192.00,396136448,524341248,114090264,95883264,18123768,2601,0,22132800,925402,0,0,0,0,0,0,0,0,0,0,0.393,0.010,0.000,0,0,0,0,0,0,0
travel,0.463,11.1,136.351,136.351,fly,0.820,ok,2601,0,118,192.00,400691200,533270528,114090264,95883264,18123768,2702,3724880,15975936,954976,101,101,0,0,7,0,0,0,0,0,0.401,0.018,0.000,0,0,0,101,101,0,0
travel,0.493,11.8,136.868,136.868,fly,0.780,ok,2601,0,11,192.00,400740352,533270528,114090264,95883264,18123768,2702,3724880,21558768,979485,101,101,0,0,6,0,0,0,0,0,0.404,0.011,0.000,0,0,0,101,101,0,0
travel,0.523,12.6,137.381,137.381,fly,0.800,ok,2601,0,0,192.00,400740352,533270528,114090264,95883264,18123768,2702,3724880,22132800,980982,101,101,0,0,0,0,0,0,0,0,0.435,0.021,0.000,0,0,0,101,101,0,0
travel,0.554,13.3,137.895,137.895,fly,0.748,ok,2601,0,0,192.00,400740352,533270528,114090264,95883264,18123768,2702,3724880,22132800,980982,101,101,0,0,0,0,0,0,0,0,0.394,0.010,0.000,0,0,0,101,101,0,0
travel,0.584,14.0,138.407,138.407,fly,0.780,ok,2601,0,0,192.00,400740352,533270528,114090264,95883264,18123768,2702,3724880,22132800,980982,101,101,0,0,0,0,0,0,0,0,0.412,0.010,0.000,0,0,0,101,101,0,0
travel,0.614,14.7,138.921,138.921,fly,0.792,ok,2601,0,0,192.00,400740352,533270528,114090264,95883264,18123768,2702,3724880,22132800,980982,101,101,0,0,0,0,0,0,0,0,0.415,0.011,0.000,0,0,0,101,101,0,0
travel,0.644,15.5,139.435,139.435,fly,0.756,ok,2601,0,0,192.00,400740352,533270528,114090264,95883264,18123768,2702,3724880,22132800,980982,101,101,0,0,0,0,0,0,0,0,0.408,0.010,0.000,0,0,0,101,101,0,0
travel,0.674,16.2,139.944,139.944,fly,1.277,ok,2601,0,0,192.00,400740352,533270528,114090264,95883264,18123768,2702,3724880,22132800,980982,101,101,0,0,0,0,0,0,0,0,0.901,0.011,0.000,0,0,0,101,101,0,0
travel,0.705,16.9,140.459,140.459,fly,0.827,ok,2601,0,0,192.00,400740352,533270528,114090264,95883264,18123768,2702,3724880,22132800,980982,101,101,0,0,0,0,0,0,0,0,0.430,0.018,0.000,0,0,0,101,101,0,0
travel,0.735,17.6,140.971,140.971,fly,0.757,ok,2601,0,0,192.00,400740352,533270528,114090264,95883264,18123768,2702,3724880,22132800,980982,101,101,0,0,0,0,0,0,0,0,0.410,0.010,0.000,0,0,0,101,101,0,0
travel,0.765,18.4,141.481,141.481,fly,0.773,ok,2601,0,0,192.00,400740352,533270528,114090264,95883264,18123768,2702,3724880,22132800,980982,101,101,0,0,0,0,0,0,0,0,0.397,0.011,0.000,0,0,0,101,101,0,0
travel,0.795,19.1,141.990,141.990,fly,0.744,ok,2601,0,0,192.00,400740352,533270528,114090264,95883264,18123768,2702,3724880,22132800,980982,101,101,0,0,0,0,0,0,0,0,0.394,0.010,0.000,0,0,0,101,101,0,0
travel,0.826,19.8,142.510,142.510,fly,0.786,ok,2601,0,0,192.00,400740352,533270528,114090264,95883264,18123768,2702,3724880,22132800,980982,101,101,0,0,0,0,0,0,0,0,0.399,0.021,0.000,0,0,0,101,101,0,0
travel,0.856,20.5,143.022,143.022,fly,0.756,ok,2601,0,0,192.00,400740352,533270528,114090264,95883264,18123768,2702,3724880,22132800,980982,101,101,0,0,0,0,0,0,0,0,0.407,0.010,0.000,0,0,0,101,101,0,0
travel,0.886,21.3,143.535,143.535,fly,0.820,ok,2601,0,0,192.00,400740352,533270528,114090264,95883264,18123768,2702,3724880,22132800,980982,101,101,0,0,0,0,0,0,0,0,0.409,0.020,0.000,0,0,0,101,101,0,0
travel,0.922,22.1,144.154,144.154,fly,3.604,ok,2587,14,173,192.00,404611072,539049984,113476168,95367168,18026216,2789,7449760,13837056,993607,188,202,25,0,41,25,25,25,0,1052672,0.560,0.020,0.000,0,0,0,188,188,0,0
travel,0.957,23.0,144.737,144.737,fly,0.841,ok,2601,0,50,192.00,405164032,539574272,114090264,95883264,18123768,2803,7449760,19523904,1025058,202,202,0,0,3,0,0,0,0,0,0.428,0.020,0.000,0,0,0,202,202,0,0
travel,0.987,23.7,145.252,145.252,fly,0.829,ok,2601,0,0,192.00,405217280,539652096,114090264,95883264,18123768,2803,7449760,22132800,1035674,202,202,0,0,0,0,0,0,0,0,0.430,0.021,0.000,0,0,0,202,202,0,0
travel,1.017,24.4,145.766,145.766,fly,0.765,ok,2601,0,0,192.00,405217280,539652096,114090264,95883264,18123768,2803,7449760,22132800,1035674,202,202,0,0,0,0,0,0,0,0,0.411,0.010,0.000,0,0,0,202,202,0,0
travel,1.048,25.1,146.279,146.279,fly,0.761,ok,2601,0,0,192.00,405221376,539652096,114090264,95883264,18123768,2803,7449760,22132800,1035674,202,202,0,0,0,0,0,0,0,0,0.409,0.010,0.000,0,0,0,202,202,0,0
travel,1.078,25.9,146.789,146.789,fly,0.801,ok,2601,0,0,192.00,405221376,539652096,114090264,95883264,18123768,2803,7449760,22132800,1035674,202,202,0,0,0,0,0,0,0,0,0.417,0.011,0.000,0,0,0,202,202,0,0
travel,1.108,26.6,147.298,147.298,fly,1.190,ok,2601,0,0,192.00,405221376,539652096,114090264,95883264,18123768,2803,7449760,22132800,1035674,202,202,0,0,0,0,0,0,0,0,0.819,0.019,0.000,0,0,0,202,202,0,0
travel,1.138,27.3,147.817,147.817,fly,0.760,ok,2601,0,0,192.00,405221376,539652096,114090264,95883264,18123768,2803,7449760,22132800,1035674,202,202,0,0,0,0,0,0,0,0,0.409,0.010,0.000,0,0,0,202,202,0,0
travel,1.168,28.0,148.326,148.326,fly,1.423,ok,2601,0,0,192.00,405221376,539652096,114090264,95883264,18123768,2803,7449760,22132800,1035674,202,202,0,0,0,0,0,0,0,0,0.998,0.025,0.000,0,0,0,202,202,0,0
travel,1.199,28.8,148.843,148.843,fly,0.770,ok,2601,0,0,192.00,405221376,539652096,114090264,95883264,18123768,2803,7449760,22132800,1035674,202,202,0,0,0,0,0,0,0,0,0.390,0.017,0.000,0,0,0,202,202,0,0
travel,1.229,29.5,149.358,149.358,fly,0.828,ok,2601,0,0,192.00,405221376,539652096,114090264,95883264,18123768,2803,7449760,22132800,1035674,202,202,0,0,0,0,0,0,0,0,0.432,0.023,0.000,0,0,0,202,202,0,0
travel,1.260,30.2,149.885,149.885,fly,0.759,ok,2601,0,0,192.00,405221376,539652096,114090264,95883264,18123768,2803,7449760,22132800,1035674,202,202,0,0,0,0,0,0,0,0,0.407,0.010,0.000,0,0,0,202,202,0,0
travel,1.290,31.0,150.398,150.398,fly,0.778,ok,2601,0,0,192.00,405221376,539652096,114090264,95883264,18123768,2803,7449760,22132800,1035674,202,202,0,0,0,0,0,0,0,0,0.409,0.021,0.000,0,0,0,202,202,0,0
travel,1.321,31.7,150.910,150.910,fly,0.877,ok,2601,0,0,192.00,405221376,539652096,114090264,95883264,18123768,2803,7449760,22132800,1035674,202,202,0,0,0,0,0,0,0,0,0.417,0.095,0.000,0,0,0,202,202,0,0
travel,1.351,32.4,151.425,151.425,fly,0.744,ok,2601,0,0,192.00,405221376,539652096,114090264,95883264,18123768,2803,7449760,22132800,1035674,202,202,0,0,0,0,0,0,0,0,0.394,0.010,0.000,0,0,0,202,202,0,0
travel,1.381,33.2,151.944,151.944,fly,0.752,ok,2601,0,0,192.00,405221376,539652096,114090264,95883264,18123768,2803,7449760,22132800,1035674,202,202,0,0,0,0,0,0,0,0,0.395,0.010,0.000,0,0,0,202,202,0,0
travel,1.422,34.1,152.627,152.627,fly,0.809,ok,2601,0,74,192.00,412282880,550928384,114090264,95883264,18123768,2904,11174640,18271680,1075989,303,303,0,0,5,0,0,0,0,69632,0.400,0.011,0.000,0,0,0,303,303,0,0
travel,1.452,34.8,153.138,153.138,fly,0.808,ok,2601,0,0,192.00,413401088,552116224,114090264,95883264,18123768,2904,11174640,22132800,1089698,303,303,0,0,0,0,0,0,0,0,0.424,0.011,0.000,0,0,0,303,303,0,0
travel,1.483,35.6,153.659,153.659,fly,0.766,ok,2601,0,0,192.00,413401088,552116224,114090264,95883264,18123768,2904,11174640,22132800,1089698,303,303,0,0,0,0,0,0,0,0,0.413,0.010,0.000,0,0,0,303,303,0,0
travel,1.513,36.3,154.168,154.168,fly,0.763,ok,2601,0,0,192.00,413401088,552116224,114090264,95883264,18123768,2904,11174640,22132800,1089698,303,303,0,0,0,0,0,0,0,0,0.411,0.010,0.000,0,0,0,303,303,0,0
travel,1.543,37.0,154.686,154.686,fly,0.782,ok,2601,0,0,192.00,413401088,552116224,114090264,95883264,18123768,2904,11174640,22132800,1089698,303,303,0,0,0,0,0,0,0,0,0.429,0.010,0.000,0,0,0,303,303,0,0
travel,1.573,37.8,155.202,155.202,fly,0.771,ok,2601,0,0,192.00,413405184,552116224,114090264,95883264,18123768,2904,11174640,22132800,1089698,303,303,0,0,0,0,0,0,0,0,0.411,0.010,0.000,0,0,0,303,303,0,0
travel,1.604,38.5,155.718,155.718,fly,0.824,ok,2601,0,0,192.00,413405184,552116224,114090264,95883264,18123768,2904,11174640,22132800,1089698,303,303,0,0,0,0,0,0,0,0,0.415,0.012,0.000,0,0,0,303,303,0,0
travel,1.634,39.2,156.231,156.231,fly,0.776,ok,2601,0,0,192.00,413405184,552116224,114090264,95883264,18123768,2904,11174640,22132800,1089698,303,303,0,0,0,0,0,0,0,0,0.415,0.010,0.000,0,0,0,303,303,0,0
travel,1.665,40.0,156.752,156.752,fly,0.758,ok,2601,0,0,192.00,413405184,552116224,114090264,95883264,18123768,2904,7449760,22132800,1089698,303,303,0,0,0,0,0,0,0,0,0.402,0.010,0.000,0,0,0,303,303,0,0
travel,1.695,40.7,157.268,157.268,fly,0.787,ok,2601,0,0,192.00,413405184,552116224,114090264,95883264,18123768,2904,7449760,22132800,1089698,303,303,0,0,0,0,0,0,0,0,0.409,0.011,0.000,0,0,0,303,303,0,0
travel,1.726,41.4,157.785,157.785,fly,0.786,ok,2601,0,0,192.00,413405184,552116224,114090264,95883264,18123768,2904,7449760,22132800,1089698,303,303,0,0,0,0,0,0,0,0,0.407,0.011,0.000,0,0,0,303,303,0,0
travel,1.756,42.1,158.300,158.300,fly,0.825,ok,2601,0,0,192.00,413405184,552116224,114090264,95883264,18123768,2904,7449760,22132800,1089698,303,303,0,0,0,0,0,0,0,0,0.429,0.021,0.000,0,0,0,303,303,0,0
travel,1.786,42.9,158.817,158.817,fly,0.767,ok,2601,0,0,192.00,413405184,552116224,114090264,95883264,18123768,2904,7449760,22132800,1089698,303,303,0,0,0,0,0,0,0,0,0.414,0.010,0.000,0,0,0,303,303,0,0
travel,1.817,43.6,159.330,159.330,fly,0.756,ok,2601,0,0,192.00,413405184,552116224,114090264,95883264,18123768,2904,7449760,22132800,1089698,303,303,0,0,0,0,0,0,0,0,0.394,0.011,0.000,0,0,0,303,303,0,0
travel,1.847,44.3,159.839,159.839,fly,0.840,ok,2601,0,0,192.00,413409280,552116224,114090264,95883264,18123768,2904,7449760,22132800,1089698,303,303,0,0,0,0,0,0,0,0,0.439,0.024,0.000,0,0,0,303,303,0,0
travel,1.883,45.2,160.456,160.456,fly,1.352,ok,2601,0,107,192.00,417513472,560414720,114090264,95883264,18123768,2904,11174640,16549872,1122840,404,404,0,0,8,0,0,0,0,151552,0.775,0.023,0.000,0,0,0,404,404,0,0
travel,1.914,45.9,160.974,160.974,fly,0.748,ok,2601,0,16,192.00,419303424,562298880,114090264,95883264,18123768,2904,11174640,21297888,1142970,404,404,0,0,5,0,0,0,0,77824,0.397,0.010,0.000,0,0,0,404,404,0,0
travel,1.944,46.7,161.488,161.488,fly,1.012,ok,2601,0,0,192.00,419573760,562536448,114090264,95883264,18123768,2904,11174640,22132800,1145742,404,404,0,0,0,0,0,0,0,0,0.642,0.011,0.000,0,0,0,404,404,0,0
travel,1.974,47.4,162.001,162.001,fly,0.807,ok,2601,0,0,192.00,419573760,562536448,114090264,95883264,18123768,2904,11174640,22132800,1145742,404,404,0,0,0,0,0,0,0,0,0.401,0.010,0.000,0,0,0,404,404,0,0
travel,2.004,48.1,162.514,162.514,fly,0.810,ok,2601,0,0,192.00,419573760,562536448,114090264,95883264,18123768,2904,11174640,22132800,1145742,404,404,0,0,0,0,0,0,0,0,0.417,0.017,0.000,0,0,0,404,404,0,0
travel,2.035,48.8,163.032,163.032,fly,0.767,ok,2601,0,0,192.00,419573760,562536448,114090264,95883264,18123768,2904,11174640,22132800,1145742,404,404,0,0,0,0,0,0,0,0,0.392,0.011,0.000,0,0,0,404,404,0,0
travel,2.065,49.6,163.544,163.544,fly,0.803,ok,2601,0,0,192.00,419573760,562536448,114090264,95883264,18123768,2904,11174640,22132800,1145742,404,404,0,0,0,0,0,0,0,0,0.409,0.020,0.000,0,0,0,404,404,0,0
travel,2.095,50.3,164.056,164.056,fly,0.771,ok,2601,0,0,192.00,419577856,562536448,114090264,95883264,18123768,2904,11174640,22132800,1145742,404,404,0,0,0,0,0,0,0,0,0.417,0.010,0.000,0,0,0,404,404,0,0
travel,2.125,51.0,164.570,164.570,fly,0.770,ok,2601,0,0,192.00,419577856,562536448,114090264,95883264,18123768,2904,11174640,22132800,1145742,404,404,0,0,0,0,0,0,0,0,0.384,0.011,0.000,0,0,0,404,404,0,0
travel,2.156,51.7,165.088,165.088,fly,0.779,ok,2601,0,0,192.00,419577856,562536448,114090264,95883264,18123768,2904,7449760,22132800,1145742,404,404,0,0,0,0,0,0,0,0,0.405,0.011,0.000,0,0,0,404,404,0,0
travel,2.186,52.5,165.601,165.601,fly,0.795,ok,2601,0,0,192.00,419577856,562536448,114090264,95883264,18123768,2904,7449760,22132800,1145742,404,404,0,0,0,0,0,0,0,0,0.422,0.018,0.000,0,0,0,404,404,0,0
travel,2.216,53.2,166.113,166.113,fly,0.861,ok,2601,0,0,192.00,419577856,562536448,114090264,95883264,18123768,2904,7449760,22132800,1145742,404,404,0,0,0,0,0,0,0,0,0.425,0.023,0.000,0,0,0,404,404,0,0
travel,2.247,53.9,166.625,166.625,fly,0.755,ok,2601,0,0,192.00,419577856,562536448,114090264,95883264,18123768,2904,7449760,22132800,1145742,404,404,0,0,0,0,0,0,0,0,0.403,0.010,0.000,0,0,0,404,404,0,0
travel,2.277,54.6,167.139,167.139,fly,0.837,ok,2601,0,0,192.00,418529280,561487872,114090264,95883264,18123768,2904,7449760,22132800,1145742,404,404,0,0,0,0,0,0,0,0,0.456,0.020,0.000,0,0,0,404,404,0,0
travel,2.307,55.4,167.655,167.655,fly,0.762,ok,2601,0,0,192.00,418529280,561487872,114090264,95883264,18123768,2904,7449760,22132800,1145742,404,404,0,0,0,0,0,0,0,0,0.390,0.010,0.000,0,0,0,404,404,0,0
travel,2.344,56.3,168.286,168.286,fly,0.823,ok,2601,0,152,192.00,420892672,569901056,114090264,95883264,18123768,2904,11174640,14201952,1165008,505,505,0,0,7,0,0,0,0,77824,0.427,0.011,0.000,0,0,0,505,505,0,0
travel,2.375,57.0,168.796,168.796,fly,0.779,ok,2601,0,53,192.00,422932480,572002304,114090264,95883264,18123768,2904,11174640,19367376,1190342,505,505,0,0,2,0,0,0,0,151552,0.399,0.011,0.000,0,0,0,505,505,0,0
travel,2.405,57.7,169.307,169.307,fly,0.760,ok,2601,0,0,192.00,424140800,573243392,114090264,95883264,18123768,2904,11174640,22132800,1201154,505,505,0,0,0,0,0,0,0,0,0.391,0.011,0.000,0,0,0,505,505,0,0
travel,2.435,58.4,169.821,169.821,fly,0.767,ok,2601,0,0,192.00,424140800,573243392,114090264,95883264,18123768,2904,11174640,22132800,1201154,505,505,0,0,0,0,0,0,0,0,0.405,0.020,0.000,0,0,0,505,505,0,0
travel,2.466,59.2,170.340,170.340,fly,0.753,ok,2601,0,0,192.00,424140800,573243392,114090264,95883264,18123768,2904,11174640,22132800,1201154,505,505,0,0,0,0,0,0,0,0,0.408,0.010,0.000,0,0,0,505,505,0,0
travel,2.496,59.9,170.853,170.853,fly,0.776,ok,2601,0,0,192.00,424140800,573243392,114090264,95883264,18123768,2904,11174640,22132800,1201154,505,505,0,0,0,0,0,0,0,0,0.408,0.011,0.000,0,0,0,505,505,0,0
travel,2.526,60.6,171.374,171.374,fly,0.823,ok,2601,0,0,192.00,424140800,573243392,114090264,95883264,18123768,2904,11174640,22132800,1201154,505,505,0,0,0,0,0,0,0,0,0.428,0.020,0.000,0,0,0,505,505,0,0
travel,2.557,61.4,171.888,171.888,fly,0.768,ok,2601,0,0,192.00,424140800,573243392,114090264,95883264,18123768,2904,11174640,22132800,1201154,505,505,0,0,0,0,0,0,0,0,0.405,0.021,0.000,0,0,0,505,505,0,0
travel,2.587,62.1,172.399,172.399,fly,1.308,ok,2601,0,0,192.00,424140800,573243392,114090264,95883264,18123768,2904,11174640,22132800,1201154,505,505,0,0,0,0,0,0,0,0,0.867,0.023,0.000,0,0,0,505,505,0,0
travel,2.617,62.8,172.916,172.916,fly,0.753,ok,2601,0,0,192.00,424144896,573243392,114090264,95883264,18123768,2904,7449760,22132800,1201154,505,505,0,0,0,0,0,0,0,0,0.403,0.010,0.000,0,0,0,505,505,0,0
travel,2.648,63.5,173.431,173.431,fly,0.825,ok,2601,0,0,192.00,424148992,573243392,114090264,95883264,18123768,2904,7449760,22132800,1201154,505,505,0,0,0,0,0,0,0,0,0.444,0.012,0.000,0,0,0,505,505,0,0
travel,2.678,64.3,173.946,173.946,fly,0.749,ok,2601,0,0,192.00,424148992,573243392,114090264,95883264,18123768,2904,7449760,22132800,1201154,505,505,0,0,0,0,0,0,0,0,0.402,0.010,0.000,0,0,0,505,505,0,0
travel,2.708,65.0,174.457,174.457,fly,0.762,ok,2601,0,0,192.00,424148992,573243392,114090264,95883264,18123768,2904,7449760,22132800,1201154,505,505,0,0,0,0,0,0,0,0,0.390,0.011,0.000,0,0,0,505,505,0,0
travel,2.739,65.7,174.975,174.975,fly,0.738,ok,2601,0,0,192.00,424148992,573243392,114090264,95883264,18123768,2904,7449760,22132800,1201154,505,505,0,0,0,0,0,0,0,0,0.389,0.011,0.000,0,0,0,505,505,0,0
travel,2.769,66.5,175.490,175.490,fly,0.785,ok,2601,0,0,192.00,424148992,573243392,114090264,95883264,18123768,2904,7449760,22132800,1201154,505,505,0,0,0,0,0,0,0,0,0.406,0.021,0.000,0,0,0,505,505,0,0
travel,2.799,67.2,176.007,176.007,fly,4.921,ok,2550,51,104,192.00,424292352,573321216,111853200,94003200,17768400,2904,11174640,14096400,1203689,555,606,50,101,50,50,50,0,0,77824,0.507,0.021,0.000,0,0,0,555,555,0,0
travel,2.836,68.1,176.633,176.633,fly,0.842,ok,2601,0,77,192.00,426840064,575864832,114090264,95883264,18123768,2904,11174640,18115152,1241060,606,606,0,0,7,0,0,0,0,69632,0.418,0.021,0.000,0,0,0,606,606,0,0
travel,2.867,68.8,177.151,177.151,fly,0.750,ok,2601,0,0,192.00,428204032,577290240,114090264,95883264,18123768,2904,11174640,22132800,1257450,606,606,0,0,0,0,0,0,0,0,0.404,0.010,0.000,0,0,0,606,606,0,0
travel,2.897,69.5,177.665,177.665,fly,0.848,ok,2601,0,0,192.00,428204032,577290240,114090264,95883264,18123768,2904,11174640,22132800,1257450,606,606,0,0,0,0,0,0,0,0,0.449,0.022,0.000,0,0,0,606,606,0,0
travel,2.928,70.3,178.183,178.183,fly,0.746,ok,2601,0,0,192.00,428204032,577290240,114090264,95883264,18123768,2904,11174640,22132800,1257450,606,606,0,0,0,0,0,0,0,0,0.395,0.010,0.000,0,0,0,606,606,0,0
travel,2.958,71.0,178.695,178.695,fly,0.799,ok,2601,0,0,192.00,428204032,577290240,114090264,95883264,18123768,2904,11174640,22132800,1257450,606,606,0,0,0,0,0,0,0,0,0.409,0.022,0.000,0,0,0,606,606,0,0
travel,2.989,71.7,179.217,179.217,fly,0.763,ok,2601,0,0,192.00,428204032,577290240,114090264,95883264,18123768,2904,11174640,22132800,1257450,606,606,0,0,0,0,0,0,0,0,0.416,0.010,0.000,0,0,0,606,606,0,0
travel,3.019,72.4,179.728,179.728,fly,0.762,ok,2601,0,0,192.00,428204032,577290240,114090264,95883264,18123768,2904,11174640,22132800,1257450,606,606,0,0,0,0,0,0,0,0,0.394,0.010,0.000,0,0,0,606,606,0,0
travel,3.049,73.2,180.240,180.240,fly,0.815,ok,2601,0,0,192.00,428204032,577290240,114090264,95883264,18123768,2904,11174640,22132800,1257450,606,606,0,0,0,0,0,0,0,0,0.430,0.011,0.000,0,0,0,606,606,0,0
travel,3.079,73.9,180.750,180.750,fly,0.753,ok,2601,0,0,192.00,428204032,577290240,114090264,95883264,18123768,2904,11174640,22132800,1257450,606,606,0,0,0,0,0,0,0,0,0.406,0.010,0.000,0,0,0,606,606,0,0
travel,3.110,74.6,181.273,181.273,fly,0.756,ok,2601,0,0,192.00,428204032,577290240,114090264,95883264,18123768,2904,7449760,22132800,1257450,606,606,0,0,0,0,0,0,0,0,0.410,0.010,0.000,0,0,0,606,606,0,0
travel,3.140,75.4,181.786,181.786,fly,0.748,ok,2601,0,0,192.00,428204032,577290240,114090264,95883264,18123768,2904,7449760,22132800,1257450,606,606,0,0,0,0,0,0,0,0,0.403,0.010,0.000,0,0,0,606,606,0,0
travel,3.170,76.1,182.303,182.303,fly,0.762,ok,2601,0,0,192.00,428212224,577290240,114090264,95883264,18123768,2904,7449760,22132800,1257450,606,606,0,0,0,0,0,0,0,0,0.398,0.011,0.000,0,0,0,606,606,0,0
travel,3.201,76.8,182.817,182.817,fly,0.749,ok,2601,0,0,192.00,428212224,577290240,114090264,95883264,18123768,2904,7449760,22132800,1257450,606,606,0,0,0,0,0,0,0,0,0.402,0.010,0.000,0,0,0,606,606,0,0
travel,3.231,77.5,183.329,183.329,fly,0.997,ok,2601,0,0,192.00,428212224,577290240,114090264,95883264,18123768,2904,7449760,22132800,1257450,606,606,0,0,0,0,0,0,0,0,0.608,0.022,0.000,0,0,0,606,606,0,0
travel,3.261,78.3,183.846,183.846,fly,0.750,ok,2601,0,0,192.00,428212224,577290240,114090264,95883264,18123768,2904,7449760,22132800,1257450,606,606,0,0,0,0,0,0,0,0,0.406,0.010,0.000,0,0,0,606,606,0,0
travel,3.297,79.1,184.455,184.455,fly,0.781,ok,2601,0,102,192.00,431697920,580894720,114090264,95883264,18123768,2904,11174640,16810752,1291699,707,707,0,0,3,0,0,0,0,106496,0.409,0.010,0.000,0,0,0,707,707,0,0
travel,3.328,79.9,184.970,184.970,fly,0.748,ok,2601,0,9,192.00,432996352,582221824,114090264,95883264,18123768,2904,11174640,21715296,1309957,707,707,0,0,3,0,0,0,0,0,0.398,0.010,0.000,0,0,0,707,707,0,0
travel,3.358,80.6,185.485,185.485,fly,0.749,ok,2601,0,0,192.00,433065984,582299648,114090264,95883264,18123768,2904,11174640,22132800,1311342,707,707,0,0,0,0,0,0,0,0,0.397,0.010,0.000,0,0,0,707,707,0,0
travel,3.388,81.3,186.000,186.000,fly,0.850,ok,2601,0,0,192.00,433065984,582299648,114090264,95883264,18123768,2904,11174640,22132800,1311342,707,707,0,0,0,0,0,0,0,0,0.445,0.011,0.000,0,0,0,707,707,0,0
travel,3.418,82.0,186.512,186.512,fly,0.875,ok,2601,0,0,192.00,433065984,582299648,114090264,95883264,18123768,2904,11174640,22132800,1311342,707,707,0,0,0,0,0,0,0,0,0.514,0.011,0.000,0,0,0,707,707,0,0
travel,3.448,82.8,187.022,187.022,fly,0.753,ok,2601,0,0,192.00,433065984,582299648,114090264,95883264,18123768,2904,11174640,22132800,1311342,707,707,0,0,0,0,0,0,0,0,0.405,0.011,0.000,0,0,0,707,707,0,0
travel,3.479,83.5,187.537,187.537,fly,0.813,ok,2601,0,0,192.00,433065984,582299648,114090264,95883264,18123768,2904,11174640,22132800,1311342,707,707,0,0,0,0,0,0,0,0,0.430,0.020,0.000,0,0,0,707,707,0,0
travel,3.509,84.2,188.055,188.055,fly,0.786,ok,2601,0,0,192.00,433065984,582299648,114090264,95883264,18123768,2904,11174640,22132800,1311342,707,707,0,0,0,0,0,0,0,0,0.402,0.011,0.000,0,0,0,707,707,0,0
travel,3.540,84.9,188.568,188.568,fly,0.748,ok,2601,0,0,192.00,433065984,582299648,114090264,95883264,18123768,2904,11174640,22132800,1311342,707,707,0,0,0,0,0,0,0,0,0.404,0.010,0.000,0,0,0,707,707,0,0
travel,3.570,85.7,189.085,189.085,fly,0.773,ok,2601,0,0,192.00,433065984,582299648,114090264,95883264,18123768,2904,7449760,22132800,1311342,707,707,0,0,0,0,0,0,0,0,0.410,0.022,0.000,0,0,0,707,707,0,0
travel,3.600,86.4,189.598,189.598,fly,0.792,ok,2601,0,0,192.00,433065984,582299648,114090264,95883264,18123768,2904,7449760,22132800,1311342,707,707,0,0,0,0,0,0,0,0,0.418,0.011,0.000,0,0,0,707,707,0,0
travel,3.631,87.1,190.112,190.112,fly,0.744,ok,2601,0,0,192.00,433065984,582299648,114090264,95883264,18123768,2904,7449760,22132800,1311342,707,707,0,0,0,0,0,0,0,0,0.393,0.010,0.000,0,0,0,707,707,0,0
travel,3.661,87.9,190.621,190.621,fly,0.777,ok,2601,0,0,192.00,433065984,582299648,114090264,95883264,18123768,2904,7449760,22132800,1311342,707,707,0,0,0,0,0,0,0,0,0.404,0.011,0.000,0,0,0,707,707,0,0
travel,3.691,88.6,191.131,191.131,fly,0.823,ok,2601,0,0,192.00,433074176,582299648,114090264,95883264,18123768,2904,7449760,22132800,1311342,707,707,0,0,0,0,0,0,0,0,0.417,0.012,0.000,0,0,0,707,707,0,0
travel,3.721,89.3,191.642,191.642,fly,0.814,ok,2601,0,0,192.00,433074176,582299648,114090264,95883264,18123768,2904,7449760,22132800,1311342,707,707,0,0,0,0,0,0,0,0,0.405,0.022,0.000,0,0,0,707,707,0,0
travel,3.757,90.2,192.267,192.267,fly,0.777,ok,2601,0,167,192.00,434352128,583626752,114090264,95883264,18123768,2904,11174640,13419312,1325188,808,808,0,0,4,0,0,0,0,0,0.397,0.011,0.000,0,0,0,808,808,0,0
travel,3.788,90.9,192.779,192.779,fly,0.812,ok,2601,0,68,192.00,434352128,583626752,114090264,95883264,18123768,2904,11174640,18584736,1231236,808,808,0,0,5,0,0,0,0,0,0.447,0.022,0.000,0,0,0,808,808,0,0
travel,3.818,91.6,193.293,193.293,fly,0.796,ok,2601,0,0,192.00,435073024,584396800,114090264,95883264,18123768,2904,11174640,22132800,1243654,808,808,0,0,0,0,0,0,0,0,0.409,0.011,0.000,0,0,0,808,808,0,0
travel,3.848,92.4,193.810,193.810,fly,0.782,ok,2601,0,0,192.00,435073024,584396800,114090264,95883264,18123768,2904,11174640,22132800,1243654,808,808,0,0,0,0,0,0,0,0,0.406,0.011,0.000,0,0,0,808,808,0,0
travel,3.879,93.1,194.330,194.330,fly,0.777,ok,2601,0,0,192.00,435073024,584396800,114090264,95883264,18123768,2904,11174640,22132800,1243654,808,808,0,0,0,0,0,0,0,0,0.403,0.011,0.000,0,0,0,808,808,0,0
travel,3.909,93.8,194.839,194.839,fly,0.755,ok,2601,0,0,192.00,435073024,584396800,114090264,95883264,18123768,2904,11174640,22132800,1243654,808,808,0,0,0,0,0,0,0,0,0.405,0.010,0.000,0,0,0,808,808,0,0
travel,3.939,94.5,195.354,195.354,fly,0.773,ok,2601,0,0,192.00,435073024,584396800,114090264,95883264,18123768,2904,11174640,22132800,1243654,808,808,0,0,0,0,0,0,0,0,0.415,0.010,0.000,0,0,0,808,808,0,0
travel,3.970,95.3,195.868,195.868,fly,0.751,ok,2601,0,0,192.00,435073024,584396800,114090264,95883264,18123768,2904,11174640,22132800,1243654,808,808,0,0,0,0,0,0,0,0,0.402,0.010,0.000,0,0,0,808,808,0,0
travel,4.000,96.0,196.381,196.381,fly,0.771,ok,2601,0,0,192.00,435073024,584396800,114090264,95883264,18123768,2904,11174640,22132800,1243654,808,808,0,0,0,0,0,0,0,0,0.407,0.010,0.000,0,0,0,808,808,0,0
travel,4.030,96.7,196.893,196.893,fly,0.796,ok,2601,0,0,192.00,435073024,584396800,114090264,95883264,18123768,2904,11174640,22132800,1243654,808,808,0,0,0,0,0,0,0,0,0.421,0.011,0.000,0,0,0,808,808,0,0
travel,4.060,97.4,197.406,197.406,fly,0.825,ok,2601,0,0,192.00,435073024,584396800,114090264,95883264,18123768,2904,7449760,22132800,1243654,808,808,0,0,0,0,0,0,0,0,0.407,0.020,0.000,0,0,0,808,808,0,0
travel,4.090,98.2,197.915,197.915,fly,0.772,ok,2601,0,0,192.00,435073024,584396800,114090264,95883264,18123768,2904,7449760,22132800,1243654,808,808,0,0,0,0,0,0,0,0,0.419,0.012,0.000,0,0,0,808,808,0,0
travel,4.121,98.9,198.429,198.429,fly,0.813,ok,2601,0,0,192.00,435073024,584396800,114090264,95883264,18123768,2904,7449760,22132800,1243654,808,808,0,0,0,0,0,0,0,0,0.438,0.011,0.000,0,0,0,808,808,0,0
travel,4.151,99.6,198.949,198.949,fly,0.758,ok,2601,0,0,192.00,435073024,584396800,114090264,95883264,18123768,2904,7449760,22132800,1243654,808,808,0,0,0,0,0,0,0,0,0.410,0.010,0.000,0,0,0,808,808,0,0
travel,4.181,100.4,199.462,199.462,fly,0.773,ok,2601,0,0,192.00,435073024,584396800,114090264,95883264,18123768,2904,7449760,22132800,1243654,808,808,0,0,0,0,0,0,0,0,0.404,0.024,0.000,0,0,0,808,808,0,0
travel,4.211,101.1,199.971,199.971,fly,0.759,ok,2601,0,0,192.00,435081216,584396800,114090264,95883264,18123768,2904,7449760,22132800,1243654,808,808,0,0,0,0,0,0,0,0,0.404,0.010,0.000,0,0,0,808,808,0,0
travel,4.248,101.9,200.588,200.588,fly,0.746,ok,2601,0,78,192.00,435998720,585269248,114090264,95883264,18123768,2904,11174640,18062976,1283118,909,909,0,0,3,0,0,0,0,0,0.397,0.010,0.000,0,0,0,909,909,0,0
travel,4.278,102.7,201.101,201.101,fly,0.834,ok,2601,0,0,192.00,437047296,586313728,114090264,95883264,18123768,2904,11174640,22132800,1296622,909,909,0,0,0,0,0,0,0,0,0.405,0.011,0.000,0,0,0,909,909,0,0
travel,4.308,103.4,201.617,201.617,fly,0.804,ok,2601,0,0,192.00,437047296,586313728,114090264,95883264,18123768,2904,11174640,22132800,1296622,909,909,0,0,0,0,0,0,0,0,0.423,0.011,0.000,0,0,0,909,909,0,0
travel,4.339,104.1,202.129,202.129,fly,0.748,ok,2601,0,0,192.00,437047296,586313728,114090264,95883264,18123768,2904,11174640,22132800,1296622,909,909,0,0,0,0,0,0,0,0,0.394,0.010,0.000,0,0,0,909,909,0,0
travel,4.369,104.9,202.646,202.646,fly,1.011,ok,2601,0,0,192.00,437047296,586313728,114090264,95883264,18123768,2904,11174640,22132800,1296622,909,909,0,0,0,0,0,0,0,0,0.586,0.019,0.000,0,0,0,909,909,0,0
travel,4.399,105.6,203.159,203.159,fly,0.738,ok,2601,0,0,192.00,437047296,586313728,114090264,95883264,18123768,2904,11174640,22132800,1296622,909,909,0,0,0,0,0,0,0,0,0.389,0.010,0.000,0,0,0,909,909,0,0
travel,4.430,106.3,203.673,203.673,fly,0.815,ok,2601,0,0,192.00,437047296,586313728,114090264,95883264,18123768,2904,11174640,22132800,1296622,909,909,0,0,0,0,0,0,0,0,0.426,0.022,0.000,0,0,0,909,909,0,0
travel,4.460,107.0,204.186,204.186,fly,0.784,ok,2601,0,0,192.00,437047296,586313728,114090264,95883264,18123768,2904,11174640,22132800,1296622,909,909,0,0,0,0,0,0,0,0,0.415,0.010,0.000,0,0,0,909,909,0,0
travel,4.490,107.8,204.699,204.699,fly,0.796,ok,2601,0,0,192.00,437047296,586313728,114090264,95883264,18123768,2904,11174640,22132800,1296622,909,909,0,0,0,0,0,0,0,0,0.410,0.022,0.000,0,0,0,909,909,0,0
travel,4.521,108.5,205.219,205.219,fly,0.754,ok,2601,0,0,192.00,437047296,586313728,114090264,95883264,18123768,2904,7449760,22132800,1296622,909,909,0,0,0,0,0,0,0,0,0.407,0.010,0.000,0,0,0,909,909,0,0
travel,4.551,109.2,205.731,205.731,fly,0.841,ok,2601,0,0,192.00,437047296,586313728,114090264,95883264,18123768,2904,7449760,22132800,1296622,909,909,0,0,0,0,0,0,0,0,0.429,0.011,0.000,0,0,0,909,909,0,0
travel,4.581,109.9,206.246,206.246,fly,0.759,ok,2601,0,0,192.00,437047296,586313728,114090264,95883264,18123768,2904,7449760,22132800,1296622,909,909,0,0,0,0,0,0,0,0,0.404,0.010,0.000,0,0,0,909,909,0,0
travel,4.611,110.7,206.755,206.755,fly,0.755,ok,2601,0,0,192.00,437047296,586313728,114090264,95883264,18123768,2904,7449760,22132800,1296622,909,909,0,0,0,0,0,0,0,0,0.404,0.010,0.000,0,0,0,909,909,0,0
travel,4.642,111.4,207.276,207.276,fly,0.801,ok,2601,0,0,192.00,437047296,586313728,114090264,95883264,18123768,2904,7449760,22132800,1296622,909,909,0,0,0,0,0,0,0,0,0.403,0.011,0.000,0,0,0,909,909,0,0
travel,4.672,112.1,207.790,207.790,fly,0.750,ok,2601,0,0,192.00,437047296,586313728,114090264,95883264,18123768,2904,7449760,22132800,1296622,909,909,0,0,0,0,0,0,0,0,0.401,0.010,0.000,0,0,0,909,909,0,0
travel,4.712,113.1,208.461,208.461,fly,0.787,ok,2601,0,95,192.00,438169600,587448320,114090264,95883264,18123768,2904,11174640,17175984,1332858,1010,1010,0,0,2,0,0,0,0,139264,0.395,0.011,0.000,0,0,0,1010,1010,0,0
travel,4.743,113.8,208.985,208.985,fly,0.845,ok,2601,0,0,192.00,439681024,589037568,114090264,95883264,18123768,2904,11174640,22132800,1353278,1010,1010,0,0,0,0,0,0,0,0,0.404,0.018,0.000,0,0,0,1010,1010,0,0
travel,4.773,114.5,209.495,209.495,fly,0.752,ok,2601,0,0,192.00,439681024,589037568,114090264,95883264,18123768,2904,11174640,22132800,1353278,1010,1010,0,0,0,0,0,0,0,0,0.390,0.011,0.000,0,0,0,1010,1010,0,0
travel,4.803,115.3,210.007,210.007,fly,0.829,ok,2601,0,0,192.00,439681024,589037568,114090264,95883264,18123768,2904,11174640,22132800,1353278,1010,1010,0,0,0,0,0,0,0,0,0.396,0.011,0.000,0,0,0,1010,1010,0,0
travel,4.833,116.0,210.516,210.516,fly,0.823,ok,2601,0,0,192.00,439681024,589037568,114090264,95883264,18123768,2904,11174640,22132800,1353278,1010,1010,0,0,0,0,0,0,0,0,0.417,0.022,0.000,0,0,0,1010,1010,0,0
travel,4.863,116.7,211.031,211.031,fly,0.851,ok,2601,0,0,192.00,439681024,589037568,114090264,95883264,18123768,2904,11174640,22132800,1353278,1010,1010,0,0,0,0,0,0,0,0,0.468,0.011,0.000,0,0,0,1010,1010,0,0
travel,4.894,117.5,211.551,211.551,fly,0.749,ok,2601,0,0,192.00,439681024,589037568,114090264,95883264,18123768,2904,11174640,22132800,1353278,1010,1010,0,0,0,0,0,0,0,0,0.391,0.010,0.000,0,0,0,1010,1010,0,0
travel,4.924,118.2,212.061,212.061,fly,0.778,ok,2601,0,0,192.00,439681024,589037568,114090264,95883264,18123768,2904,11174640,22132800,1353278,1010,1010,0,0,0,0,0,0,0,0,0.406,0.010,0.000,0,0,0,1010,1010,0,0
travel,4.954,118.9,212.573,212.573,fly,0.767,ok,2601,0,0,192.00,439681024,589037568,114090264,95883264,18123768,2904,11174640,22132800,1353278,1010,1010,0,0,0,0,0,0,0,0,0.411,0.010,0.000,0,0,0,1010,1010,0,0
travel,4.984,119.6,213.086,213.086,fly,0.785,ok,2601,0,0,192.00,439681024,589037568,114090264,95883264,18123768,2904,7449760,22132800,1353278,1010,1010,0,0,0,0,0,0,0,0,0.402,0.011,0.000,0,0,0,1010,1010,0,0
travel,5.015,120.4,213.601,213.601,fly,0.762,ok,2601,0,0,192.00,439681024,589037568,114090264,95883264,18123768,2904,7449760,22132800,1353278,1010,1010,0,0,0,0,0,0,0,0,0.405,0.010,0.000,0,0,0,1010,1010,0,0
travel,5.045,121.1,214.113,214.113,fly,0.764,ok,2601,0,0,192.00,439681024,589037568,114090264,95883264,18123768,2904,7449760,22132800,1353278,1010,1010,0,0,0,0,0,0,0,0,0.387,0.021,0.000,0,0,0,1010,1010,0,0
travel,5.075,121.8,214.632,214.632,fly,0.813,ok,2601,0,0,192.00,439681024,589037568,114090264,95883264,18123768,2904,7449760,22132800,1353278,1010,1010,0,0,0,0,0,0,0,0,0.405,0.011,0.000,0,0,0,1010,1010,0,0
travel,5.106,122.5,215.145,215.145,fly,0.760,ok,2601,0,0,192.00,439681024,589037568,114090264,95883264,18123768,2904,7449760,22132800,1353278,1010,1010,0,0,0,0,0,0,0,0,0.400,0.010,0.000,0,0,0,1010,1010,0,0
travel,5.136,123.3,215.659,215.659,fly,0.795,ok,2601,0,0,192.00,439681024,589037568,114090264,95883264,18123768,2904,7449760,22132800,1353278,1010,1010,0,0,0,0,0,0,0,0,0.403,0.011,0.000,0,0,0,1010,1010,0,0
travel,5.172,124.1,216.269,216.269,fly,1.080,ok,2601,0,148,192.00,441180160,590573568,114090264,95883264,18123768,2904,11174640,14462832,1373713,1111,1111,0,0,6,0,0,0,0,233472,0.587,0.022,0.000,0,0,0,1111,1111,0,0
travel,5.203,124.9,216.799,216.799,fly,0.796,ok,2601,0,51,192.00,442372096,591872000,114090264,95883264,18123768,2904,11174640,19471728,1396897,1111,1111,0,0,3,0,0,0,0,0,0.436,0.011,0.000,0,0,0,1111,1111,0,0
travel,5.233,125.6,217.309,217.309,fly,0.775,ok,2601,0,0,192.00,443191296,592699392,114090264,95883264,18123768,2904,11174640,22132800,1407126,1111,1111,0,0,0,0,0,0,0,0,0.398,0.023,0.000,0,0,0,1111,1111,0,0
travel,5.264,126.3,217.827,217.827,fly,0.754,ok,2601,0,0,192.00,443199488,592699392,114090264,95883264,18123768,2904,11174640,22132800,1407126,1111,1111,0,0,0,0,0,0,0,0,0.393,0.010,0.000,0,0,0,1111,1111,0,0
travel,5.294,127.1,218.342,218.342,fly,0.774,ok,2601,0,0,192.00,443199488,592699392,114090264,95883264,18123768,2904,11174640,22132800,1407126,1111,1111,0,0,0,0,0,0,0,0,0.408,0.010,0.000,0,0,0,1111,1111,0,0
travel,5.324,127.8,218.859,218.859,fly,0.773,ok,2601,0,0,192.00,443199488,592699392,114090264,95883264,18123768,2904,11174640,22132800,1407126,1111,1111,0,0,0,0,0,0,0,0,0.404,0.010,0.000,0,0,0,1111,1111,0,0
travel,5.355,128.5,219.374,219.374,fly,0.805,ok,2601,0,0,192.00,443199488,592699392,114090264,95883264,18123768,2904,11174640,22132800,1407126,1111,1111,0,0,0,0,0,0,0,0,0.416,0.011,0.000,0,0,0,1111,1111,0,0
travel,5.386,129.3,219.900,219.900,fly,0.767,ok,2601,0,0,192.00,443199488,592699392,114090264,95883264,18123768,2904,11174640,22132800,1407126,1111,1111,0,0,0,0,0,0,0,0,0.407,0.010,0.000,0,0,0,1111,1111,0,0
travel,5.416,130.0,220.412,220.412,fly,0.774,ok,2601,0,0,192.00,443199488,592699392,114090264,95883264,18123768,2904,11174640,22132800,1407126,1111,1111,0,0,0,0,0,0,0,0,0.409,0.010,0.000,0,0,0,1111,1111,0,0
travel,5.446,130.7,220.931,220.931,fly,0.767,ok,2601,0,0,192.00,443199488,592699392,114090264,95883264,18123768,2904,7449760,22132800,1407126,1111,1111,0,0,0,0,0,0,0,0,0.406,0.010,0.000,0,0,0,1111,1111,0,0
travel,5.477,131.4,221.443,221.443,fly,0.805,ok,2601,0,0,192.00,443199488,592699392,114090264,95883264,18123768,2904,7449760,22132800,1407126,1111,1111,0,0,0,0,0,0,0,0,0.409,0.011,0.000,0,0,0,1111,1111,0,0
travel,5.507,132.2,221.958,221.958,fly,0.794,ok,2601,0,0,192.00,443199488,592699392,114090264,95883264,18123768,2904,7449760,22132800,1407126,1111,1111,0,0,0,0,0,0,0,0,0.405,0.011,0.000,0,0,0,1111,1111,0,0
travel,5.537,132.9,222.470,222.470,fly,0.820,ok,2601,0,0,192.00,443199488,592699392,114090264,95883264,18123768,2904,7449760,22132800,1407126,1111,1111,0,0,0,0,0,0,0,0,0.411,0.011,0.000,0,0,0,1111,1111,0,0
travel,5.567,133.6,222.986,222.986,fly,0.785,ok,2601,0,0,192.00,443199488,592699392,114090264,95883264,18123768,2904,7449760,22132800,1407126,1111,1111,0,0,0,0,0,0,0,0,0.403,0.011,0.000,0,0,0,1111,1111,0,0
travel,5.598,134.4,223.502,223.502,fly,0.767,ok,2601,0,0,192.00,443199488,592699392,114090264,95883264,18123768,2904,7449760,22132800,1407126,1111,1111,0,0,0,0,0,0,0,0,0.388,0.022,0.000,0,0,0,1111,1111,0,0
travel,5.628,135.1,224.012,224.012,fly,4.732,ok,2550,51,103,192.00,443863040,593379328,111853200,94003200,17768400,2904,11174640,14148576,1409933,1161,1212,50,101,50,50,50,0,0,679936,0.516,0.022,0.000,0,0,0,1161,1161,0,0
travel,5.665,136.0,224.633,224.633,fly,0.804,ok,2601,0,88,192.00,444452864,594001920,114090264,95883264,18123768,2904,11174640,17541216,1226871,1212,1212,0,0,0,0,0,0,0,0,0.436,0.011,0.000,0,0,0,1212,1212,0,0
travel,5.695,136.7,225.142,225.142,fly,0.809,ok,2601,0,0,192.00,444452864,594001920,114090264,95883264,18123768,2904,11174640,22132800,1244486,1212,1212,0,0,0,0,0,0,0,0,0.410,0.020,0.000,0,0,0,1212,1212,0,0
travel,5.725,137.4,225.661,225.661,fly,0.958,ok,2601,0,0,192.00,444452864,594001920,114090264,95883264,18123768,2904,11174640,22132800,1244486,1212,1212,0,0,0,0,0,0,0,0,0.508,0.022,0.000,0,0,0,1212,1212,0,0
travel,5.755,138.1,226.177,226.177,fly,0.792,ok,2601,0,0,192.00,444452864,594001920,114090264,95883264,18123768,2904,11174640,22132800,1244486,1212,1212,0,0,0,0,0,0,0,0,0.397,0.017,0.000,0,0,0,1212,1212,0,0
travel,5.785,138.9,226.686,226.686,fly,1.256,ok,2601,0,0,192.00,444461056,594001920,114090264,95883264,18123768,2904,11174640,22132800,1244486,1212,1212,0,0,0,0,0,0,0,0,0.846,0.023,0.000,0,0,0,1212,1212,0,0
travel,5.816,139.6,227.206,227.206,fly,0.768,ok,2601,0,0,192.00,444461056,594001920,114090264,95883264,18123768,2904,11174640,22132800,1244486,1212,1212,0,0,0,0,0,0,0,0,0.406,0.010,0.000,0,0,0,1212,1212,0,0
travel,5.846,140.3,227.720,227.720,fly,0.811,ok,2601,0,0,192.00,444461056,594001920,114090264,95883264,18123768,2904,11174640,22132800,1244486,1212,1212,0,0,0,0,0,0,0,0,0.421,0.011,0.000,0,0,0,1212,1212,0,0
travel,5.877,141.0,228.235,228.235,fly,0.754,ok,2601,0,0,192.00,444461056,594001920,114090264,95883264,18123768,2904,11174640,22132800,1244486,1212,1212,0,0,0,0,0,0,0,0,0.391,0.010,0.000,0,0,0,1212,1212,0,0
travel,5.907,141.8,228.749,228.749,fly,0.848,ok,2601,0,0,192.00,444461056,594001920,114090264,95883264,18123768,2904,11174640,22132800,1244486,1212,1212,0,0,0,0,0,0,0,0,0.429,0.020,0.000,0,0,0,1212,1212,0,0
travel,5.937,142.5,229.263,229.263,fly,0.743,ok,2601,0,0,192.00,444461056,594001920,114090264,95883264,18123768,2904,7449760,22132800,1244486,1212,1212,0,0,0,0,0,0,0,0,0.390,0.010,0.000,0,0,0,1212,1212,0,0
travel,5.968,143.2,229.777,229.777,fly,0.846,ok,2601,0,0,192.00,444461056,594001920,114090264,95883264,18123768,2904,7449760,22132800,1244486,1212,1212,0,0,0,0,0,0,0,0,0.434,0.011,0.000,0,0,0,1212,1212,0,0
travel,5.998,144.0,230.297,230.297,fly,0.754,ok,2601,0,0,192.00,444461056,594001920,114090264,95883264,18123768,2904,7449760,22132800,1244486,1212,1212,0,0,0,0,0,0,0,0,0.390,0.010,0.000,0,0,0,1212,1212,0,0
travel,6.028,144.7,230.809,230.809,fly,0.770,ok,2601,0,0,192.00,444461056,594001920,114090264,95883264,18123768,2904,7449760,22132800,1244486,1212,1212,0,0,0,0,0,0,0,0,0.392,0.022,0.000,0,0,0,1212,1212,0,0
travel,6.059,145.4,231.323,231.323,fly,0.855,ok,2601,0,0,192.00,444461056,594001920,114090264,95883264,18123768,2904,7449760,22132800,1244486,1212,1212,0,0,0,0,0,0,0,0,0.407,0.021,0.000,0,0,0,1212,1212,0,0
travel,6.089,146.1,231.839,231.839,fly,0.754,ok,2601,0,0,192.00,444461056,594001920,114090264,95883264,18123768,2904,7449760,22132800,1244486,1212,1212,0,0,0,0,0,0,0,0,0.391,0.010,0.000,0,0,0,1212,1212,0,0
travel,6.126,147.0,232.460,232.460,fly,0.839,ok,2601,0,96,192.00,444461056,594001920,114090264,95883264,18123768,2904,11174640,17175984,1280226,1313,1313,0,0,4,0,0,0,0,0,0.434,0.013,0.000,0,0,0,1313,1313,0,0
travel,6.156,147.8,232.979,232.979,fly,0.836,ok,2601,0,0,192.00,444461056,594001920,114090264,95883264,18123768,2904,11174640,22132800,1299854,1313,1313,0,0,0,0,0,0,0,0,0.420,0.011,0.000,0,0,0,1313,1313,0,0
travel,6.186,148.5,233.490,233.490,fly,0.777,ok,2601,0,0,192.00,444461056,594001920,114090264,95883264,18123768,2904,11174640,22132800,1299854,1313,1313,0,0,0,0,0,0,0,0,0.397,0.022,0.000,0,0,0,1313,1313,0,0
travel,6.216,149.2,233.999,233.999,fly,0.784,ok,2601,0,0,192.00,444461056,594001920,114090264,95883264,18123768,2904,11174640,22132800,1299854,1313,1313,0,0,0,0,0,0,0,0,0.393,0.011,0.000,0,0,0,1313,1313,0,0
travel,6.247,149.9,234.518,234.518,fly,0.742,ok,2601,0,0,192.00,444461056,594001920,114090264,95883264,18123768,2904,11174640,22132800,1299854,1313,1313,0,0,0,0,0,0,0,0,0.390,0.010,0.000,0,0,0,1313,1313,0,0
travel,6.277,150.7,235.030,235.030,fly,0.751,ok,2601,0,0,192.00,444461056,594001920,114090264,95883264,18123768,2904,11174640,22132800,1299854,1313,1313,0,0,0,0,0,0,0,0,0.393,0.010,0.000,0,0,0,1313,1313,0,0
travel,6.308,151.4,235.546,235.546,fly,0.748,ok,2601,0,0,192.00,444469248,594001920,114090264,95883264,18123768,2904,11174640,22132800,1299854,1313,1313,0,0,0,0,0,0,0,0,0.395,0.010,0.000,0,0,0,1313,1313,0,0
travel,6.338,152.1,236.059,236.059,fly,0.754,ok,2601,0,0,192.00,444469248,594001920,114090264,95883264,18123768,2904,11174640,22132800,1299854,1313,1313,0,0,0,0,0,0,0,0,0.401,0.010,0.000,0,0,0,1313,1313,0,0
travel,6.368,152.8,236.578,236.578,fly,0.752,ok,2601,0,0,192.00,444469248,594001920,114090264,95883264,18123768,2904,11174640,22132800,1299854,1313,1313,0,0,0,0,0,0,0,0,0.392,0.011,0.000,0,0,0,1313,1313,0,0
travel,6.398,153.6,237.087,237.087,fly,0.748,ok,2601,0,0,192.00,444469248,594001920,114090264,95883264,18123768,2904,7449760,22132800,1299854,1313,1313,0,0,0,0,0,0,0,0,0.397,0.010,0.000,0,0,0,1313,1313,0,0
travel,6.429,154.3,237.599,237.599,fly,1.197,ok,2601,0,0,192.00,444469248,594001920,114090264,95883264,18123768,2904,7449760,22132800,1299854,1313,1313,0,0,0,0,0,0,0,0,0.819,0.024,0.000,0,0,0,1313,1313,0,0
travel,6.459,155.0,238.116,238.116,fly,0.743,ok,2601,0,0,192.00,444469248,594001920,114090264,95883264,18123768,2904,7449760,22132800,1299854,1313,1313,0,0,0,0,0,0,0,0,0.390,0.010,0.000,0,0,0,1313,1313,0,0
travel,6.489,155.7,238.625,238.625,fly,0.788,ok,2601,0,0,192.00,444469248,594001920,114090264,95883264,18123768,2904,7449760,22132800,1299854,1313,1313,0,0,0,0,0,0,0,0,0.397,0.029,0.000,0,0,0,1313,1313,0,0
travel,6.519,156.5,239.137,239.137,fly,0.759,ok,2601,0,0,192.00,444469248,594001920,114090264,95883264,18123768,2904,7449760,22132800,1299854,1313,1313,0,0,0,0,0,0,0,0,0.403,0.010,0.000,0,0,0,1313,1313,0,0
travel,6.549,157.2,239.647,239.647,fly,0.807,ok,2601,0,0,192.00,444469248,594001920,114090264,95883264,18123768,2904,7449760,22132800,1299854,1313,1313,0,0,0,0,0,0,0,0,0.443,0.020,0.000,0,0,0,1313,1313,0,0
travel,6.586,158.1,240.268,240.268,fly,0.862,ok,2601,0,159,192.00,444469248,594001920,114090264,95883264,18123768,2904,11174640,13836720,1316559,1414,1414,0,0,7,0,0,0,0,0,0.423,0.019,0.000,0,0,0,1414,1414,0,0
travel,6.617,158.8,240.793,240.793,fly,0.786,ok,2601,0,37,192.00,444469248,594001920,114090264,95883264,18123768,2904,11174640,20202192,1347845,1414,1414,0,0,0,0,0,0,0,0,0.412,0.010,0.000,0,0,0,1414,1414,0,0
travel,6.647,159.5,241.302,241.302,fly,0.759,ok,2601,0,0,192.00,444469248,594001920,114090264,95883264,18123768,2904,11174640,22132800,1355094,1414,1414,0,0,0,0,0,0,0,0,0.391,0.010,0.000,0,0,0,1414,1414,0,0
travel,6.677,160.3,241.817,241.817,fly,0.894,ok,2601,0,0,192.00,444469248,594001920,114090264,95883264,18123768,2904,11174640,22132800,1355094,1414,1414,0,0,0,0,0,0,0,0,0.534,0.011,0.000,0,0,0,1414,1414,0,0
travel,6.707,161.0,242.326,242.326,fly,0.776,ok,2601,0,0,192.00,444469248,594001920,114090264,95883264,18123768,2904,11174640,22132800,1355094,1414,1414,0,0,0,0,0,0,0,0,0.403,0.010,0.000,0,0,0,1414,1414,0,0
travel,6.737,161.7,242.836,242.836,fly,0.743,ok,2601,0,0,192.00,444469248,594001920,114090264,95883264,18123768,2904,11174640,22132800,1355094,1414,1414,0,0,0,0,0,0,0,0,0.391,0.010,0.000,0,0,0,1414,1414,0,0
travel,6.767,162.4,243.352,243.352,fly,0.744,ok,2601,0,0,192.00,444469248,594001920,114090264,95883264,18123768,2904,11174640,22132800,1355094,1414,1414,0,0,0,0,0,0,0,0,0.389,0.011,0.000,0,0,0,1414,1414,0,0
travel,6.798,163.2,243.865,243.865,fly,0.761,ok,2601,0,0,192.00,444469248,594001920,114090264,95883264,18123768,2904,11174640,22132800,1355094,1414,1414,0,0,0,0,0,0,0,0,0.389,0.010,0.000,0,0,0,1414,1414,0,0
travel,6.828,163.9,244.377,244.377,fly,0.789,ok,2601,0,0,192.00,444477440,594001920,114090264,95883264,18123768,2904,11174640,22132800,1355094,1414,1414,0,0,0,0,0,0,0,0,0.407,0.013,0.000,0,0,0,1414,1414,0,0
travel,6.858,164.6,244.890,244.890,fly,0.743,ok,2601,0,0,192.00,444477440,594001920,114090264,95883264,18123768,2904,11174640,22132800,1355094,1414,1414,0,0,0,0,0,0,0,0,0.391,0.010,0.000,0,0,0,1414,1414,0,0
travel,6.889,165.3,245.408,245.408,fly,0.878,ok,2601,0,0,192.00,444477440,594001920,114090264,95883264,18123768,2904,7449760,22132800,1355094,1414,1414,0,0,0,0,0,0,0,0,0.438,0.023,0.000,0,0,0,1414,1414,0,0
travel,6.919,166.1,245.917,245.917,fly,0.855,ok,2601,0,0,192.00,444477440,594001920,114090264,95883264,18123768,2904,7449760,22132800,1355094,1414,1414,0,0,0,0,0,0,0,0,0.410,0.022,0.000,0,0,0,1414,1414,0,0
travel,6.949,166.8,246.429,246.429,fly,0.761,ok,2601,0,0,192.00,444477440,594001920,114090264,95883264,18123768,2904,7449760,22132800,1355094,1414,1414,0,0,0,0,0,0,0,0,0.391,0.023,0.000,0,0,0,1414,1414,0,0
travel,6.979,167.5,246.947,246.947,fly,0.787,ok,2601,0,0,192.00,444477440,594001920,114090264,95883264,18123768,2904,7449760,22132800,1355094,1414,1414,0,0,0,0,0,0,0,0,0.391,0.011,0.000,0,0,0,1414,1414,0,0
travel,7.009,168.2,247.457,247.457,fly,0.739,ok,2601,0,0,192.00,444477440,594001920,114090264,95883264,18123768,2904,7449760,22132800,1355094,1414,1414,0,0,0,0,0,0,0,0,0.387,0.010,0.000,0,0,0,1414,1414,0,0
travel,7.040,169.0,247.977,247.977,fly,0.752,ok,2601,0,0,192.00,444477440,594001920,114090264,95883264,18123768,2904,7449760,22132800,1355094,1414,1414,0,0,0,0,0,0,0,0,0.394,0.010,0.000,0,0,0,1414,1414,0,0
travel,7.076,169.8,248.594,248.594,fly,0.794,ok,2601,0,77,192.00,444502016,593985536,114090264,95883264,18123768,2904,11174640,18115152,1395265,1515,1515,0,0,2,0,0,0,0,0,0.402,0.020,0.000,0,0,0,1515,1515,0,0
travel,7.107,170.6,249.107,249.107,fly,0.758,ok,2601,0,0,192.00,444502016,593985536,114090264,95883264,18123768,2904,11174640,22132800,1410186,1515,1515,0,0,0,0,0,0,0,0,0.407,0.010,0.000,0,0,0,1515,1515,0,0
travel,7.137,171.3,249.628,249.628,fly,0.842,ok,2601,0,0,192.00,444502016,593985536,114090264,95883264,18123768,2904,11174640,22132800,1410186,1515,1515,0,0,0,0,0,0,0,0,0.413,0.021,0.000,0,0,0,1515,1515,0,0
travel,7.167,172.0,250.138,250.138,fly,0.745,ok,2601,0,0,192.00,444502016,593985536,114090264,95883264,18123768,2904,11174640,22132800,1410186,1515,1515,0,0,0,0,0,0,0,0,0.392,0.010,0.000,0,0,0,1515,1515,0,0
travel,7.197,172.7,250.650,250.650,fly,0.762,ok,2601,0,0,192.00,444502016,593985536,114090264,95883264,18123768,2904,11174640,22132800,1410186,1515,1515,0,0,0,0,0,0,0,0,0.395,0.021,0.000,0,0,0,1515,1515,0,0
travel,7.228,173.5,251.167,251.167,fly,0.860,ok,2601,0,0,192.00,444502016,593985536,114090264,95883264,18123768,2904,11174640,22132800,1410186,1515,1515,0,0,0,0,0,0,0,0,0.460,0.019,0.000,0,0,0,1515,1515,0,0
travel,7.258,174.2,251.680,251.680,fly,0.793,ok,2601,0,0,192.00,444502016,593985536,114090264,95883264,18123768,2904,11174640,22132800,1410186,1515,1515,0,0,0,0,0,0,0,0,0.393,0.011,0.000,0,0,0,1515,1515,0,0
travel,7.289,174.9,252.195,252.195,fly,0.746,ok,2601,0,0,192.00,444502016,593985536,114090264,95883264,18123768,2904,11174640,22132800,1410186,1515,1515,0,0,0,0,0,0,0,0,0.392,0.011,0.000,0,0,0,1515,1515,0,0
travel,7.319,175.7,252.705,252.705,fly,0.754,ok,2601,0,0,192.00,444502016,593985536,114090264,95883264,18123768,2904,11174640,22132800,1410186,1515,1515,0,0,0,0,0,0,0,0,0.404,0.010,0.000,0,0,0,1515,1515,0,0
travel,7.349,176.4,253.227,253.227,fly,0.767,ok,2601,0,0,192.00,444510208,593985536,114090264,95883264,18123768,2904,7449760,22132800,1410186,1515,1515,0,0,0,0,0,0,0,0,0.392,0.010,0.000,0,0,0,1515,1515,0,0
travel,7.380,177.1,253.741,253.741,fly,0.747,ok,2601,0,0,192.00,444510208,593985536,114090264,95883264,18123768,2904,7449760,22132800,1410186,1515,1515,0,0,0,0,0,0,0,0,0.388,0.010,0.000,0,0,0,1515,1515,0,0
travel,7.410,177.8,254.258,254.258,fly,0.772,ok,2601,0,0,192.00,444510208,593985536,114090264,95883264,18123768,2904,7449760,22132800,1410186,1515,1515,0,0,0,0,0,0,0,0,0.393,0.011,0.000,0,0,0,1515,1515,0,0
travel,7.440,178.6,254.767,254.767,fly,0.782,ok,2601,0,0,192.00,444510208,593985536,114090264,95883264,18123768,2904,7449760,22132800,1410186,1515,1515,0,0,0,0,0,0,0,0,0.398,0.017,0.000,0,0,0,1515,1515,0,0
travel,7.470,179.3,255.277,255.277,fly,0.789,ok,2601,0,0,192.00,444510208,593985536,114090264,95883264,18123768,2904,7449760,22132800,1410186,1515,1515,0,0,0,0,0,0,0,0,0.419,0.011,0.000,0,0,0,1515,1515,0,0
travel,7.500,180.0,255.791,255.791,fly,0.865,ok,2601,0,0,192.00,444510208,593985536,114090264,95883264,18123768,2904,7449760,22132800,1410186,1515,1515,0,0,0,0,0,0,0,0,0.421,0.019,0.000,0,0,0,1515,1515,0,0
travel,7.537,180.9,256.406,256.406,fly,0.837,ok,2601,0,123,192.00,445014016,594518016,114090264,95883264,18123768,2904,11174640,15715056,1222338,1616,1616,0,0,5,0,0,0,0,0,0.442,0.021,0.000,0,0,0,1616,1616,0,0
travel,7.567,181.6,256.926,256.926,fly,0.764,ok,2601,0,25,192.00,445014016,594518016,114090264,95883264,18123768,2904,11174640,20828304,1246003,1616,1616,0,0,5,0,0,0,0,0,0.412,0.010,0.000,0,0,0,1616,1616,0,0
travel,7.598,182.4,257.446,257.446,fly,0.748,ok,2601,0,0,192.00,445014016,594518016,114090264,95883264,18123768,2904,11174640,22132800,1251518,1616,1616,0,0,0,0,0,0,0,0,0.394,0.010,0.000,0,0,0,1616,1616,0,0
travel,7.628,183.1,257.962,257.962,fly,0.769,ok,2601,0,0,192.00,445014016,594518016,114090264,95883264,18123768,2904,11174640,22132800,1251518,1616,1616,0,0,0,0,0,0,0,0,0.398,0.010,0.000,0,0,0,1616,1616,0,0
travel,7.659,183.8,258.475,258.475,fly,0.956,ok,2601,0,0,192.00,445014016,594518016,114090264,95883264,18123768,2904,11174640,22132800,1251518,1616,1616,0,0,0,0,0,0,0,0,0.518,0.024,0.000,0,0,0,1616,1616,0,0
travel,7.689,184.5,258.990,258.990,fly,0.779,ok,2601,0,0,192.00,445014016,594518016,114090264,95883264,18123768,2904,11174640,22132800,1251518,1616,1616,0,0,0,0,0,0,0,0,0.410,0.022,0.000,0,0,0,1616,1616,0,0
travel,7.719,185.3,259.502,259.502,fly,1.636,ok,2601,0,0,192.00,445014016,594518016,114090264,95883264,18123768,2904,11174640,22132800,1251518,1616,1616,0,0,0,0,0,0,0,0,0.828,0.021,0.000,0,0,0,1616,1616,0,0
travel,7.750,186.0,260.023,260.023,fly,0.744,ok,2601,0,0,192.00,445014016,594518016,114090264,95883264,18123768,2904,11174640,22132800,1251518,1616,1616,0,0,0,0,0,0,0,0,0.391,0.010,0.000,0,0,0,1616,1616,0,0
travel,7.780,186.7,260.540,260.540,fly,0.827,ok,2601,0,0,192.00,445014016,594518016,114090264,95883264,18123768,2904,11174640,22132800,1251518,1616,1616,0,0,0,0,0,0,0,0,0.424,0.013,0.000,0,0,0,1616,1616,0,0
travel,7.811,187.5,261.059,261.059,fly,0.775,ok,2601,0,0,192.00,445014016,594518016,114090264,95883264,18123768,2904,7449760,22132800,1251518,1616,1616,0,0,0,0,0,0,0,0,0.400,0.011,0.000,0,0,0,1616,1616,0,0
travel,7.841,188.2,261.571,261.571,fly,0.761,ok,2601,0,0,192.00,445014016,594518016,114090264,95883264,18123768,2904,7449760,22132800,1251518,1616,1616,0,0,0,0,0,0,0,0,0.394,0.022,0.000,0,0,0,1616,1616,0,0
travel,7.872,188.9,262.090,262.090,fly,0.743,ok,2601,0,0,192.00,445022208,594518016,114090264,95883264,18123768,2904,7449760,22132800,1251518,1616,1616,0,0,0,0,0,0,0,0,0.390,0.010,0.000,0,0,0,1616,1616,0,0
travel,7.902,189.6,262.600,262.600,fly,0.790,ok,2601,0,0,192.00,445022208,594518016,114090264,95883264,18123768,2904,7449760,22132800,1251518,1616,1616,0,0,0,0,0,0,0,0,0.387,0.011,0.000,0,0,0,1616,1616,0,0
travel,7.932,190.4,263.116,263.116,fly,0.780,ok,2601,0,0,192.00,445022208,594518016,114090264,95883264,18123768,2904,7449760,22132800,1251518,1616,1616,0,0,0,0,0,0,0,0,0.399,0.011,0.000,0,0,0,1616,1616,0,0
travel,7.962,191.1,263.627,263.627,fly,0.740,ok,2601,0,0,192.00,445022208,594518016,114090264,95883264,18123768,2904,7449760,22132800,1251518,1616,1616,0,0,0,0,0,0,0,0,0.389,0.010,0.000,0,0,0,1616,1616,0,0
travel,7.999,192.0,264.257,264.257,fly,0.780,ok,2601,0,140,192.00,445022208,594518016,114090264,95883264,18123768,2904,11174640,14828064,1274067,1717,1717,0,0,6,0,0,0,0,0,0.395,0.011,0.000,0,0,0,1717,1717,0,0
travel,8.029,192.7,264.768,264.768,fly,0.771,ok,2601,0,41,192.00,445022208,594518016,114090264,95883264,18123768,2904,11174640,20045664,1298526,1717,1717,0,0,1,0,0,0,0,0,0.409,0.011,0.000,0,0,0,1717,1717,0,0
travel,8.060,193.4,265.283,265.283,fly,0.747,ok,2601,0,0,192.00,445022208,594518016,114090264,95883264,18123768,2904,11174640,22132800,1307310,1717,1717,0,0,0,0,0,0,0,0,0.394,0.010,0.000,0,0,0,1717,1717,0,0
travel,8.090,194.2,265.801,265.801,fly,0.780,ok,2601,0,0,192.00,445022208,594518016,114090264,95883264,18123768,2904,11174640,22132800,1307310,1717,1717,0,0,0,0,0,0,0,0,0.410,0.010,0.000,0,0,0,1717,1717,0,0
travel,8.120,194.9,266.315,266.315,fly,0.741,ok,2601,0,0,192.00,445022208,594518016,114090264,95883264,18123768,2904,11174640,22132800,1307310,1717,1717,0,0,0,0,0,0,0,0,0.388,0.010,0.000,0,0,0,1717,1717,0,0
travel,8.151,195.6,266.827,266.827,fly,0.744,ok,2601,0,0,192.00,445022208,594518016,114090264,95883264,18123768,2904,11174640,22132800,1307310,1717,1717,0,0,0,0,0,0,0,0,0.391,0.011,0.000,0,0,0,1717,1717,0,0
travel,8.181,196.3,267.337,267.337,fly,0.776,ok,2601,0,0,192.00,445022208,594518016,114090264,95883264,18123768,2904,11174640,22132800,1307310,1717,1717,0,0,0,0,0,0,0,0,0.410,0.010,0.000,0,0,0,1717,1717,0,0
travel,8.211,197.1,267.858,267.858,fly,0.741,ok,2601,0,0,192.00,445022208,594518016,114090264,95883264,18123768,2904,11174640,22132800,1307310,1717,1717,0,0,0,0,0,0,0,0,0.389,0.010,0.000,0,0,0,1717,1717,0,0
travel,8.242,197.8,268.371,268.371,fly,1.294,ok,2601,0,0,192.00,445022208,594518016,114090264,95883264,18123768,2904,11174640,22132800,1307310,1717,1717,0,0,0,0,0,0,0,0,0.720,0.021,0.000,0,0,0,1717,1717,0,0
travel,8.272,198.5,268.890,268.890,fly,0.741,ok,2601,0,0,192.00,445022208,594518016,114090264,95883264,18123768,2904,11174640,22132800,1307310,1717,1717,0,0,0,0,0,0,0,0,0.388,0.010,0.000,0,0,0,1717,1717,0,0
travel,8.302,199.3,269.403,269.403,fly,0.782,ok,2601,0,0,192.00,445022208,594518016,114090264,95883264,18123768,2904,7449760,22132800,1307310,1717,1717,0,0,0,0,0,0,0,0,0.396,0.011,0.000,0,0,0,1717,1717,0,0
travel,8.333,200.0,269.917,269.917,fly,0.743,ok,2601,0,0,192.00,445022208,594518016,114090264,95883264,18123768,2904,7449760,22132800,1307310,1717,1717,0,0,0,0,0,0,0,0,0.389,0.010,0.000,0,0,0,1717,1717,0,0
travel,8.363,200.7,270.430,270.430,fly,0.782,ok,2601,0,0,192.00,445022208,594518016,114090264,95883264,18123768,2904,7449760,22132800,1307310,1717,1717,0,0,0,0,0,0,0,0,0.400,0.020,0.000,0,0,0,1717,1717,0,0
travel,8.393,201.4,270.944,270.944,fly,0.879,ok,2601,0,0,192.00,445026304,594518016,114090264,95883264,18123768,2904,7449760,22132800,1307310,1717,1717,0,0,0,0,0,0,0,0,0.387,0.020,0.000,0,0,0,1717,1717,0,0
travel,8.424,202.2,271.461,271.461,fly,0.738,ok,2601,0,0,192.00,445026304,594518016,114090264,95883264,18123768,2904,7449760,22132800,1307310,1717,1717,0,0,0,0,0,0,0,0,0.385,0.010,0.000,0,0,0,1717,1717,0,0
travel,8.454,202.9,271.970,271.970,fly,0.943,ok,2601,0,0,192.00,445026304,594518016,114090264,95883264,18123768,2904,7449760,22132800,1307310,1717,1717,0,0,0,0,0,0,0,0,0.549,0.016,0.000,0,0,0,1717,1717,0,0
travel,8.490,203.8,272.591,272.591,fly,0.748,ok,2601,0,59,192.00,445566976,595042304,114090264,95883264,18123768,2904,11174640,19054320,1350389,1818,1818,0,0,3,0,0,0,0,0,0.396,0.010,0.000,0,0,0,1818,1818,0,0
travel,8.520,204.5,273.102,273.102,fly,0.776,ok,2601,0,0,192.00,445566976,595042304,114090264,95883264,18123768,2904,11174640,22132800,1360958,1818,1818,0,0,0,0,0,0,0,0,0.396,0.021,0.000,0,0,0,1818,1818,0,0
travel,8.551,205.2,273.614,273.614,fly,0.745,ok,2601,0,0,192.00,445566976,595042304,114090264,95883264,18123768,2904,11174640,22132800,1360958,1818,1818,0,0,0,0,0,0,0,0,0.391,0.010,0.000,0,0,0,1818,1818,0,0
travel,8.581,206.0,274.134,274.134,fly,0.742,ok,2601,0,0,192.00,445566976,595042304,114090264,95883264,18123768,2904,11174640,22132800,1360958,1818,1818,0,0,0,0,0,0,0,0,0.386,0.010,0.000,0,0,0,1818,1818,0,0
travel,8.612,206.7,274.649,274.649,fly,0.773,ok,2601,0,0,192.00,445566976,595042304,114090264,95883264,18123768,2904,11174640,22132800,1360958,1818,1818,0,0,0,0,0,0,0,0,0.395,0.011,0.000,0,0,0,1818,1818,0,0
travel,8.642,207.4,275.165,275.165,fly,0.782,ok,2601,0,0,192.00,445566976,595042304,114090264,95883264,18123768,2904,11174640,22132800,1360958,1818,1818,0,0,0,0,0,0,0,0,0.403,0.011,0.000,0,0,0,1818,1818,0,0
travel,8.672,208.1,275.674,275.674,fly,0.742,ok,2601,0,0,192.00,445566976,595042304,114090264,95883264,18123768,2904,11174640,22132800,1360958,1818,1818,0,0,0,0,0,0,0,0,0.389,0.010,0.000,0,0,0,1818,1818,0,0
travel,8.702,208.9,276.189,276.189,fly,0.823,ok,2601,0,0,192.00,445566976,595042304,114090264,95883264,18123768,2904,11174640,22132800,1360958,1818,1818,0,0,0,0,0,0,0,0,0.441,0.011,0.000,0,0,0,1818,1818,0,0
travel,8.732,209.6,276.698,276.698,fly,0.759,ok,2601,0,0,192.00,445566976,595042304,114090264,95883264,18123768,2904,11174640,22132800,1360958,1818,1818,0,0,0,0,0,0,0,0,0.391,0.025,0.000,0,0,0,1818,1818,0,0
travel,8.762,210.3,277.208,277.208,fly,0.738,ok,2601,0,0,192.00,445566976,595042304,114090264,95883264,18123768,2904,7449760,22132800,1360958,1818,1818,0,0,0,0,0,0,0,0,0.385,0.010,0.000,0,0,0,1818,1818,0,0
travel,8.793,211.0,277.729,277.729,fly,0.924,ok,2601,0,0,192.00,445566976,595042304,114090264,95883264,18123768,2904,7449760,22132800,1360958,1818,1818,0,0,0,0,0,0,0,0,0.396,0.020,0.000,0,0,0,1818,1818,0,0
travel,8.823,211.8,278.246,278.246,fly,0.745,ok,2601,0,0,192.00,445566976,595042304,114090264,95883264,18123768,2904,7449760,22132800,1360958,1818,1818,0,0,0,0,0,0,0,0,0.388,0.010,0.000,0,0,0,1818,1818,0,0
travel,8.854,212.5,278.762,278.762,fly,0.766,ok,2601,0,0,192.00,445566976,595042304,114090264,95883264,18123768,2904,7449760,22132800,1360958,1818,1818,0,0,0,0,0,0,0,0,0.389,0.022,0.000,0,0,0,1818,1818,0,0
travel,8.884,213.2,279.274,279.274,fly,0.766,ok,2601,0,0,192.00,445566976,595042304,114090264,95883264,18123768,2904,7449760,22132800,1360958,1818,1818,0,0,0,0,0,0,0,0,0.392,0.011,0.000,0,0,0,1818,1818,0,0
travel,8.914,214.0,279.786,279.786,fly,0.742,ok,2601,0,0,192.00,445571072,595042304,114090264,95883264,18123768,2904,7449760,22132800,1360958,1818,1818,0,0,0,0,0,0,0,0,0.387,0.010,0.000,0,0,0,1818,1818,0,0
travel,8.950,214.8,280.398,280.398,fly,1.226,ok,2601,0,118,192.00,446095360,595570688,114090264,95883264,18123768,2904,11174640,15975936,1391146,1919,1919,0,0,8,0,0,0,0,0,0.786,0.024,0.000,0,0,0,1919,1919,0,0
travel,8.981,215.6,280.924,280.924,fly,0.762,ok,2601,0,5,192.00,446259200,595709952,114090264,95883264,18123768,2904,11174640,21871824,1414087,1919,1919,0,0,4,0,0,0,0,0,0.395,0.011,0.000,0,0,0,1919,1919,0,0
travel,9.011,216.3,281.433,281.433,fly,1.154,ok,2601,0,0,192.00,446324736,595779584,114090264,95883264,18123768,2904,11174640,22132800,1414522,1919,1919,0,0,0,0,0,0,0,0,0.771,0.024,0.000,0,0,0,1919,1919,0,0
travel,9.041,217.0,281.945,281.945,fly,0.770,ok,2601,0,0,192.00,446324736,595779584,114090264,95883264,18123768,2904,11174640,22132800,1414522,1919,1919,0,0,0,0,0,0,0,0,0.420,0.010,0.000,0,0,0,1919,1919,0,0
travel,9.072,217.7,282.458,282.458,fly,0.757,ok,2601,0,0,192.00,446324736,595779584,114090264,95883264,18123768,2904,11174640,22132800,1414522,1919,1919,0,0,0,0,0,0,0,0,0.403,0.011,0.000,0,0,0,1919,1919,0,0
travel,9.102,218.5,282.975,282.975,fly,0.775,ok,2601,0,0,192.00,446324736,595779584,114090264,95883264,18123768,2904,11174640,22132800,1414522,1919,1919,0,0,0,0,0,0,0,0,0.385,0.011,0.000,0,0,0,1919,1919,0,0
travel,9.132,219.2,283.489,283.489,fly,0.820,ok,2601,0,0,192.00,446324736,595779584,114090264,95883264,18123768,2904,11174640,22132800,1414522,1919,1919,0,0,0,0,0,0,0,0,0.418,0.013,0.000,0,0,0,1919,1919,0,0
travel,9.163,219.9,284.002,284.002,fly,0.813,ok,2601,0,0,192.00,446324736,595779584,114090264,95883264,18123768,2904,11174640,22132800,1414522,1919,1919,0,0,0,0,0,0,0,0,0.390,0.011,0.000,0,0,0,1919,1919,0,0
travel,9.193,220.6,284.513,284.513,fly,0.757,ok,2601,0,0,192.00,446324736,595779584,114090264,95883264,18123768,2904,11174640,22132800,1414522,1919,1919,0,0,0,0,0,0,0,0,0.392,0.010,0.000,0,0,0,1919,1919,0,0
travel,9.223,221.4,285.024,285.024,fly,0.797,ok,2601,0,0,192.00,446324736,595779584,114090264,95883264,18123768,2904,7449760,22132800,1414522,1919,1919,0,0,0,0,0,0,0,0,0.420,0.021,0.000,0,0,0,1919,1919,0,0
travel,9.253,222.1,285.538,285.538,fly,0.769,ok,2601,0,0,192.00,446324736,595779584,114090264,95883264,18123768,2904,7449760,22132800,1414522,1919,1919,0,0,0,0,0,0,0,0,0.403,0.010,0.000,0,0,0,1919,1919,0,0
travel,9.283,222.8,286.051,286.051,fly,0.819,ok,2601,0,0,192.00,446324736,595779584,114090264,95883264,18123768,2904,7449760,22132800,1414522,1919,1919,0,0,0,0,0,0,0,0,0.443,0.021,0.000,0,0,0,1919,1919,0,0
travel,9.313,223.5,286.563,286.563,fly,0.758,ok,2601,0,0,192.00,446324736,595779584,114090264,95883264,18123768,2904,7449760,22132800,1414522,1919,1919,0,0,0,0,0,0,0,0,0.393,0.010,0.000,0,0,0,1919,1919,0,0
travel,9.344,224.3,287.075,287.075,fly,1.197,ok,2601,0,0,192.00,446324736,595779584,114090264,95883264,18123768,2904,7449760,22132800,1414522,1919,1919,0,0,0,0,0,0,0,0,0.778,0.022,0.000,0,0,0,1919,1919,0,0
travel,9.374,225.0,287.591,287.591,fly,0.748,ok,2601,0,0,192.00,446324736,595779584,114090264,95883264,18123768,2904,7449760,22132800,1414522,1919,1919,0,0,0,0,0,0,0,0,0.386,0.010,0.000,0,0,0,1919,1919,0,0
travel,9.412,225.9,288.228,288.228,fly,0.761,ok,2601,0,163,192.00,447016960,596484096,114090264,95883264,18123768,2904,11174640,13628016,1430191,2020,2020,0,0,7,0,0,0,0,221184,0.399,0.010,0.000,0,0,0,2020,2020,0,0
travel,9.442,226.6,288.745,288.745,fly,0.768,ok,2601,0,50,192.00,447324160,596721664,114090264,95883264,18123768,2904,11174640,19523904,1242459,2020,2020,0,0,2,0,0,0,0,0,0.392,0.011,0.000,0,0,0,2020,2020,0,0
travel,9.473,227.4,289.263,289.263,fly,0.783,ok,2601,0,0,192.00,447324160,596721664,114090264,95883264,18123768,2904,11174640,22132800,1252543,2020,2020,0,0,0,0,0,0,0,0,0.387,0.011,0.000,0,0,0,2020,2020,0,0
travel,9.503,228.1,289.775,289.775,fly,0.763,ok,2601,0,0,192.00,447324160,596721664,114090264,95883264,18123768,2904,11174640,22132800,1252543,2020,2020,0,0,0,0,0,0,0,0,0.392,0.010,0.000,0,0,0,2020,2020,0,0
travel,9.533,228.8,290.294,290.294,fly,0.804,ok,2601,0,0,192.00,447324160,596721664,114090264,95883264,18123768,2904,11174640,22132800,1252543,2020,2020,0,0,0,0,0,0,0,0,0.402,0.020,0.000,0,0,0,2020,2020,0,0
travel,9.564,229.5,290.810,290.810,fly,0.759,ok,2601,0,0,192.00,447324160,596721664,114090264,95883264,18123768,2904,11174640,22132800,1252543,2020,2020,0,0,0,0,0,0,0,0,0.393,0.010,0.000,0,0,0,2020,2020,0,0
travel,9.595,230.3,291.335,291.335,fly,0.852,ok,2601,0,0,192.00,447324160,596721664,114090264,95883264,18123768,2904,11174640,22132800,1252543,2020,2020,0,0,0,0,0,0,0,0,0.431,0.021,0.000,0,0,0,2020,2020,0,0
travel,9.627,231.1,291.882,291.882,fly,0.881,ok,2601,0,0,192.00,447324160,596721664,114090264,95883264,18123768,2904,11174640,22132800,1252543,2020,2020,0,0,0,0,0,0,0,0,0.430,0.023,0.000,0,0,0,2020,2020,0,0
travel,9.662,231.9,292.483,292.483,fly,1.028,ok,2601,0,0,192.00,447328256,596725760,114090264,95883264,18123768,2904,11174640,22132800,1252543,2020,2020,0,0,0,0,0,0,0,0,0.074,0.101,0.000,0,0,0,2020,2020,0,0
travel,9.697,232.7,293.078,293.078,fly,0.902,ok,2601,0,0,192.00,447328256,596725760,114090264,95883264,18123768,2904,7449760,22132800,1252543,2020,2020,0,0,0,0,0,0,0,0,0.071,0.073,0.000,0,0,0,2020,2020,0,0
travel,9.731,233.5,293.644,293.644,fly,1.252,ok,2601,0,0,192.00,447328256,596725760,114090264,95883264,18123768,2904,7449760,22132800,1252543,2020,2020,0,0,0,0,0,0,0,0,0.079,0.146,0.000,0,0,0,2020,2020,0,0
travel,9.762,234.3,294.181,294.181,fly,1.029,ok,2601,0,0,192.00,447328256,596725760,114090264,95883264,18123768,2904,7449760,22132800,1252543,2020,2020,0,0,0,0,0,0,0,0,0.077,0.113,0.000,0,0,0,2020,2020,0,0
travel,9.793,235.0,294.705,294.705,fly,0.890,ok,2601,0,0,192.00,447328256,596725760,114090264,95883264,18123768,2904,7449760,22132800,1252543,2020,2020,0,0,0,0,0,0,0,0,0.070,0.068,0.000,0,0,0,2020,2020,0,0
travel,9.825,235.8,295.238,295.238,fly,0.877,ok,2601,0,0,192.00,447328256,596725760,114090264,95883264,18123768,2904,7449760,22132800,1252543,2020,2020,0,0,0,0,0,0,0,0,0.067,0.071,0.000,0,0,0,2020,2020,0,0
travel,9.855,236.5,295.761,295.761,fly,0.889,ok,2601,0,0,192.00,447332352,596725760,114090264,95883264,18123768,2904,7449760,22132800,1252543,2020,2020,0,0,0,0,0,0,0,0,0.068,0.077,0.000,0,0,0,2020,2020,0,0
travel,9.894,237.5,296.422,296.422,fly,0.858,ok,2601,0,77,192.00,448065536,598827008,114090264,95883264,18123768,2904,11174640,18115152,1291845,2121,2121,0,0,3,0,0,0,0,0,0.068,0.068,0.000,0,0,0,2121,2121,0,0
travel,9.925,238.2,296.941,296.941,fly,0.852,ok,2601,0,0,192.00,448065536,598827008,114090264,95883264,18123768,2904,11174640,22132800,1306815,2121,2121,0,0,0,0,0,0,0,0,0.068,0.069,0.000,0,0,0,2121,2121,0,0
travel,9.955,238.9,297.457,297.457,fly,0.855,ok,2601,0,0,192.00,448065536,598827008,114090264,95883264,18123768,2904,11174640,22132800,1306815,2121,2121,0,0,0,0,0,0,0,0,0.069,0.065,0.000,0,0,0,2121,2121,0,0
travel,9.986,239.7,297.980,297.980,fly,0.862,ok,2601,0,0,192.00,448065536,598827008,114090264,95883264,18123768,2904,11174640,22132800,1306815,2121,2121,0,0,0,0,0,0,0,0,0.068,0.069,0.000,0,0,0,2121,2121,0,0
travel,10.017,240.4,298.494,298.494,fly,0.857,ok,2601,0,0,192.00,448065536,598827008,114090264,95883264,18123768,2904,11174640,22132800,1306815,2121,2121,0,0,0,0,0,0,0,0,0.070,0.063,0.000,0,0,0,2121,2121,0,0
travel,10.047,241.1,299.015,299.015,fly,0.956,ok,2601,0,0,192.00,448065536,598827008,114090264,95883264,18123768,2904,11174640,22132800,1306815,2121,2121,0,0,0,0,0,0,0,0,0.068,0.072,0.000,0,0,0,2121,2121,0,0
travel,10.078,241.9,299.534,299.534,fly,0.872,ok,2601,0,0,192.00,448065536,598827008,114090264,95883264,18123768,2904,11174640,22132800,1306815,2121,2121,0,0,0,0,0,0,0,0,0.068,0.066,0.000,0,0,0,2121,2121,0,0
travel,10.108,242.6,300.049,300.049,fly,0.913,ok,2601,0,0,192.00,448065536,598827008,114090264,95883264,18123768,2904,7449760,22132800,1306815,2121,2121,0,0,0,0,0,0,0,0,0.069,0.077,0.000,0,0,0,2121,2121,0,0
travel,10.138,243.3,300.563,300.563,fly,0.968,ok,2601,0,0,192.00,448065536,598827008,114090264,95883264,18123768,2904,7449760,22132800,1306815,2121,2121,0,0,0,0,0,0,0,0,0.077,0.105,0.000,0,0,0,2121,2121,0,0
travel,10.169,244.1,301.088,301.088,fly,0.884,ok,2601,0,0,192.00,448065536,598827008,114090264,95883264,18123768,2904,7449760,22132800,1306815,2121,2121,0,0,0,0,0,0,0,0,0.068,0.070,0.000,0,0,0,2121,2121,0,0
travel,10.200,244.8,301.613,301.613,fly,0.919,ok,2601,0,0,192.00,448065536,598827008,114090264,95883264,18123768,2904,7449760,22132800,1306815,2121,2121,0,0,0,0,0,0,0,0,0.067,0.077,0.000,0,0,0,2121,2121,0,0
travel,10.230,245.5,302.126,302.126,fly,0.871,ok,2601,0,0,192.00,448065536,598827008,114090264,95883264,18123768,2904,7449760,22132800,1306815,2121,2121,0,0,0,0,0,0,0,0,0.067,0.069,0.000,0,0,0,2121,2121,0,0
travel,10.261,246.3,302.646,302.646,fly,0.906,ok,2601,0,0,192.00,448065536,598827008,114090264,95883264,18123768,2904,7449760,22132800,1306815,2121,2121,0,0,0,0,0,0,0,0,0.068,0.081,0.000,0,0,0,2121,2121,0,0
travel,10.292,247.0,303.162,303.162,fly,0.899,ok,2601,0,0,192.00,448065536,598827008,114090264,95883264,18123768,2904,7449760,22132800,1306815,2121,2121,0,0,0,0,0,0,0,0,0.071,0.075,0.000,0,0,0,2121,2121,0,0
travel,10.322,247.7,303.675,303.675,fly,0.870,ok,2601,0,0,192.00,448065536,598827008,114090264,95883264,18123768,2904,7449760,22132800,1306815,2121,2121,0,0,0,0,0,0,0,0,0.068,0.066,0.000,0,0,0,2121,2121,0,0
travel,10.366,248.8,304.431,304.431,fly,1.185,ok,2601,0,89,192.00,448098304,598827008,114090264,95883264,18123768,2904,11174640,17489040,1344577,2222,2222,0,0,11,0,0,0,0,0,0.081,0.119,0.000,0,0,0,2222,2222,0,0
travel,10.397,249.5,304.952,304.952,fly,1.294,ok,2601,0,0,192.00,448098304,598827008,114090264,95883264,18123768,2904,11174640,22132800,1361427,2222,2222,0,0,0,0,0,0,0,0,0.463,0.076,0.000,0,0,0,2222,2222,0,0
travel,10.428,250.3,305.485,305.485,fly,0.975,ok,2601,0,0,192.00,448098304,598827008,114090264,95883264,18123768,2904,11174640,22132800,1361427,2222,2222,0,0,0,0,0,0,0,0,0.077,0.107,0.000,0,0,0,2222,2222,0,0
travel,10.459,251.0,306.003,306.003,fly,0.931,ok,2601,0,0,192.00,448098304,598827008,114090264,95883264,18123768,2904,11174640,22132800,1361427,2222,2222,0,0,0,0,0,0,0,0,0.067,0.067,0.000,0,0,0,2222,2222,0,0
travel,10.490,251.8,306.524,306.524,fly,0.892,ok,2601,0,0,192.00,448098304,598827008,114090264,95883264,18123768,2904,11174640,22132800,1361427,2222,2222,0,0,0,0,0,0,0,0,0.075,0.071,0.000,0,0,0,2222,2222,0,0
travel,10.520,252.5,307.043,307.043,fly,0.882,ok,2601,0,0,192.00,448098304,598827008,114090264,95883264,18123768,2904,7449760,22132800,1361427,2222,2222,0,0,0,0,0,0,0,0,0.067,0.069,0.000,0,0,0,2222,2222,0,0
travel,10.551,253.2,307.560,307.560,fly,0.866,ok,2601,0,0,192.00,448098304,598827008,114090264,95883264,18123768,2904,7449760,22132800,1361427,2222,2222,0,0,0,0,0,0,0,0,0.067,0.071,0.000,0,0,0,2222,2222,0,0
travel,10.582,254.0,308.085,308.085,fly,0.899,ok,2601,0,0,192.00,448098304,598827008,114090264,95883264,18123768,2904,7449760,22132800,1361427,2222,2222,0,0,0,0,0,0,0,0,0.093,0.073,0.000,0,0,0,2222,2222,0,0
travel,10.612,254.7,308.597,308.597,fly,0.865,ok,2601,0,0,192.00,448098304,598827008,114090264,95883264,18123768,2904,7449760,22132800,1361427,2222,2222,0,0,0,0,0,0,0,0,0.067,0.067,0.000,0,0,0,2222,2222,0,0
travel,10.642,255.4,309.118,309.118,fly,0.873,ok,2601,0,0,192.00,448098304,598827008,114090264,95883264,18123768,2904,7449760,22132800,1361427,2222,2222,0,0,0,0,0,0,0,0,0.069,0.066,0.000,0,0,0,2222,2222,0,0
travel,10.673,256.2,309.638,309.638,fly,1.251,ok,2601,0,0,192.00,448098304,598827008,114090264,95883264,18123768,2904,7449760,22132800,1361427,2222,2222,0,0,0,0,0,0,0,0,0.390,0.082,0.000,0,0,0,2222,2222,0,0
travel,10.704,256.9,310.157,310.157,fly,0.847,ok,2601,0,0,192.00,448098304,598827008,114090264,95883264,18123768,2904,7449760,22132800,1361427,2222,2222,0,0,0,0,0,0,0,0,0.066,0.066,0.000,0,0,0,2222,2222,0,0
travel,10.734,257.6,310.678,310.678,fly,0.864,ok,2601,0,0,192.00,448098304,598827008,114090264,95883264,18123768,2904,7449760,22132800,1361427,2222,2222,0,0,0,0,0,0,0,0,0.066,0.069,0.000,0,0,0,2222,2222,0,0
travel,10.765,258.4,311.193,311.193,fly,1.107,ok,2601,0,0,192.00,448098304,598827008,114090264,95883264,18123768,2904,7449760,22132800,1361427,2222,2222,0,0,0,0,0,0,0,0,0.256,0.072,0.000,0,0,0,2222,2222,0,0
travel,10.796,259.1,311.716,311.716,fly,0.865,ok,2601,0,0,192.00,448098304,598827008,114090264,95883264,18123768,2904,7449760,22132800,1361427,2222,2222,0,0,0,0,0,0,0,0,0.068,0.067,0.000,0,0,0,2222,2222,0,0
travel,10.835,260.1,312.384,312.384,fly,0.849,ok,2601,0,108,192.00,448647168,599351296,114090264,95883264,18123768,2904,11174640,16497696,1394331,2323,2323,0,0,6,0,0,0,0,0,0.067,0.066,0.000,0,0,0,2323,2323,0,0
travel,10.867,260.8,312.919,312.919,fly,0.848,ok,2601,0,0,192.00,448647168,599351296,114090264,95883264,18123768,2904,11174640,22132800,1417747,2323,2323,0,0,0,0,0,0,0,0,0.066,0.064,0.000,0,0,0,2323,2323,0,0
travel,10.897,261.5,313.441,313.441,fly,0.865,ok,2601,0,0,192.00,448647168,599351296,114090264,95883264,18123768,2904,11174640,22132800,1417747,2323,2323,0,0,0,0,0,0,0,0,0.069,0.072,0.000,0,0,0,2323,2323,0,0
travel,10.929,262.3,313.982,313.982,fly,1.213,ok,2601,0,0,192.00,448647168,599351296,114090264,95883264,18123768,2904,11174640,22132800,1417747,2323,2323,0,0,0,0,0,0,0,0,0.072,0.089,0.000,0,0,0,2323,2323,0,0
travel,10.962,263.1,314.533,314.533,fly,0.863,ok,2601,0,0,192.00,448647168,599351296,114090264,95883264,18123768,2904,7449760,22132800,1417747,2323,2323,0,0,0,0,0,0,0,0,0.066,0.065,0.000,0,0,0,2323,2323,0,0
travel,10.993,263.8,315.057,315.057,fly,0.851,ok,2601,0,0,192.00,448647168,599351296,114090264,95883264,18123768,2904,7449760,22132800,1417747,2323,2323,0,0,0,0,0,0,0,0,0.064,0.069,0.000,0,0,0,2323,2323,0,0
travel,11.024,264.6,315.585,315.585,fly,1.209,ok,2601,0,0,192.00,448647168,599351296,114090264,95883264,18123768,2904,7449760,22132800,1417747,2323,2323,0,0,0,0,0,0,0,0,0.073,0.117,0.000,0,0,0,2323,2323,0,0
travel,11.055,265.3,316.114,316.114,fly,0.839,ok,2601,0,0,192.00,448647168,599351296,114090264,95883264,18123768,2904,7449760,22132800,1417747,2323,2323,0,0,0,0,0,0,0,0,0.064,0.065,0.000,0,0,0,2323,2323,0,0
travel,11.085,266.1,316.632,316.632,fly,1.013,ok,2601,0,0,192.00,448647168,599351296,114090264,95883264,18123768,2904,7449760,22132800,1417747,2323,2323,0,0,0,0,0,0,0,0,0.074,0.197,0.000,0,0,0,2323,2323,0,0
travel,11.116,266.8,317.156,317.156,fly,0.865,ok,2601,0,0,192.00,448647168,599351296,114090264,95883264,18123768,2904,7449760,22132800,1417747,2323,2323,0,0,0,0,0,0,0,0,0.070,0.067,0.000,0,0,0,2323,2323,0,0
travel,11.147,267.5,317.669,317.669,fly,0.852,ok,2601,0,0,192.00,448647168,599351296,114090264,95883264,18123768,2904,7449760,22132800,1417747,2323,2323,0,0,0,0,0,0,0,0,0.064,0.065,0.000,0,0,0,2323,2323,0,0
travel,11.177,268.3,318.186,318.186,fly,0.859,ok,2601,0,0,192.00,448647168,599351296,114090264,95883264,18123768,2904,7449760,22132800,1417747,2323,2323,0,0,0,0,0,0,0,0,0.063,0.069,0.000,0,0,0,2323,2323,0,0
travel,11.208,269.0,318.705,318.705,fly,1.255,ok,2601,0,0,192.00,448647168,599351296,114090264,95883264,18123768,2904,7449760,22132800,1417747,2323,2323,0,0,0,0,0,0,0,0,0.408,0.074,0.000,0,0,0,2323,2323,0,0
travel,11.238,269.7,319.223,319.223,fly,0.847,ok,2601,0,0,192.00,448647168,599351296,114090264,95883264,18123768,2904,7449760,22132800,1417747,2323,2323,0,0,0,0,0,0,0,0,0.064,0.066,0.000,0,0,0,2323,2323,0,0
travel,11.269,270.5,319.754,319.754,fly,0.851,ok,2601,0,0,192.00,448647168,599351296,114090264,95883264,18123768,2904,7449760,22132800,1417747,2323,2323,0,0,0,0,0,0,0,0,0.065,0.068,0.000,0,0,0,2323,2323,0,0
travel,11.310,271.4,320.434,320.434,fly,0.902,ok,2601,0,103,192.00,450191360,600891392,114090264,95883264,18123768,2904,11174640,16758576,1230557,2424,2424,0,0,8,0,0,0,0,0,0.067,0.079,0.000,0,0,0,2424,2424,0,0
travel,11.340,272.2,320.955,320.955,fly,0.940,ok,2601,0,0,192.00,450191360,600891392,114090264,95883264,18123768,2904,11174640,22132800,1251318,2424,2424,0,0,0,0,0,0,0,0,0.073,0.109,0.000,0,0,0,2424,2424,0,0
travel,11.370,272.9,321.467,321.467,fly,1.039,ok,2601,0,0,192.00,450191360,600891392,114090264,95883264,18123768,2904,11174640,22132800,1251318,2424,2424,0,0,0,0,0,0,0,0,0.076,0.121,0.000,0,0,0,2424,2424,0,0
travel,11.402,273.6,321.998,321.998,fly,0.867,ok,2601,0,0,192.00,450191360,600891392,114090264,95883264,18123768,2904,11174640,22132800,1251318,2424,2424,0,0,0,0,0,0,0,0,0.066,0.069,0.000,0,0,0,2424,2424,0,0
travel,11.432,274.4,322.515,322.515,fly,0.878,ok,2601,0,0,192.00,450191360,600891392,114090264,95883264,18123768,2904,11174640,22132800,1251318,2424,2424,0,0,0,0,0,0,0,0,0.066,0.072,0.000,0,0,0,2424,2424,0,0
travel,11.463,275.1,323.034,323.034,fly,1.101,ok,2601,0,0,192.00,450191360,600891392,114090264,95883264,18123768,2904,7449760,22132800,1251318,2424,2424,0,0,0,0,0,0,0,0,0.076,0.159,0.000,0,0,0,2424,2424,0,0
travel,11.494,275.9,323.557,323.557,fly,0.864,ok,2601,0,0,192.00,450191360,600891392,114090264,95883264,18123768,2904,7449760,22132800,1251318,2424,2424,0,0,0,0,0,0,0,0,0.066,0.067,0.000,0,0,0,2424,2424,0,0
travel,11.524,276.6,324.075,324.075,fly,0.871,ok,2601,0,0,192.00,450191360,600891392,114090264,95883264,18123768,2904,7449760,22132800,1251318,2424,2424,0,0,0,0,0,0,0,0,0.069,0.072,0.000,0,0,0,2424,2424,0,0
travel,11.555,277.3,324.591,324.591,fly,0.890,ok,2601,0,0,192.00,450191360,600891392,114090264,95883264,18123768,2904,7449760,22132800,1251318,2424,2424,0,0,0,0,0,0,0,0,0.073,0.078,0.000,0,0,0,2424,2424,0,0
travel,11.585,278.1,325.112,325.112,fly,0.971,ok,2601,0,0,192.00,450191360,600891392,114090264,95883264,18123768,2904,7449760,22132800,1251318,2424,2424,0,0,0,0,0,0,0,0,0.073,0.120,0.000,0,0,0,2424,2424,0,0
travel,11.617,278.8,325.643,325.643,fly,0.856,ok,2601,0,0,192.00,450191360,600891392,114090264,95883264,18123768,2904,7449760,22132800,1251318,2424,2424,0,0,0,0,0,0,0,0,0.065,0.071,0.000,0,0,0,2424,2424,0,0
travel,11.647,279.5,326.161,326.161,fly,0.906,ok,2601,0,0,192.00,450191360,600891392,114090264,95883264,18123768,2904,7449760,22132800,1251318,2424,2424,0,0,0,0,0,0,0,0,0.066,0.075,0.000,0,0,0,2424,2424,0,0
travel,11.678,280.3,326.679,326.679,fly,0.871,ok,2601,0,0,192.00,450191360,600891392,114090264,95883264,18123768,2904,7449760,22132800,1251318,2424,2424,0,0,0,0,0,0,0,0,0.067,0.076,0.000,0,0,0,2424,2424,0,0
travel,11.708,281.0,327.192,327.192,fly,0.873,ok,2601,0,0,192.00,450191360,600891392,114090264,95883264,18123768,2904,7449760,22132800,1251318,2424,2424,0,0,0,0,0,0,0,0,0.066,0.073,0.000,0,0,0,2424,2424,0,0
travel,11.738,281.7,327.707,327.707,fly,0.875,ok,2601,0,0,192.00,450191360,600891392,114090264,95883264,18123768,2904,7449760,22132800,1251318,2424,2424,0,0,0,0,0,0,0,0,0.066,0.071,0.000,0,0,0,2424,2424,0,0
travel,11.778,282.7,328.382,328.382,fly,1.212,ok,2601,0,106,192.00,450740224,601419776,114090264,95883264,18123768,2904,11174640,16602048,1285210,2525,2525,0,0,10,0,0,0,0,0,0.070,0.094,0.000,0,0,0,2525,2525,0,0
travel,11.811,283.5,328.933,328.933,fly,0.932,ok,2601,0,0,192.00,450740224,601419776,114090264,95883264,18123768,2904,11174640,22132800,1307034,2525,2525,0,0,0,0,0,0,0,0,0.067,0.086,0.000,0,0,0,2525,2525,0,0
travel,11.842,284.2,329.461,329.461,fly,0.870,ok,2601,0,0,192.00,450740224,601419776,114090264,95883264,18123768,2904,11174640,22132800,1307034,2525,2525,0,0,0,0,0,0,0,0,0.065,0.075,0.000,0,0,0,2525,2525,0,0
travel,11.873,284.9,329.984,329.984,fly,0.872,ok,2601,0,0,192.00,450740224,601419776,114090264,95883264,18123768,2904,11174640,22132800,1307034,2525,2525,0,0,0,0,0,0,0,0,0.067,0.069,0.000,0,0,0,2525,2525,0,0
travel,11.903,285.7,330.498,330.498,fly,0.917,ok,2601,0,0,192.00,450740224,601419776,114090264,95883264,18123768,2904,11174640,22132800,1307034,2525,2525,0,0,0,0,0,0,0,0,0.067,0.080,0.000,0,0,0,2525,2525,0,0
travel,11.934,286.4,331.022,331.022,fly,0.868,ok,2601,0,0,192.00,450740224,601419776,114090264,95883264,18123768,2904,7449760,22132800,1307034,2525,2525,0,0,0,0,0,0,0,0,0.066,0.070,0.000,0,0,0,2525,2525,0,0
travel,11.965,287.2,331.549,331.549,fly,0.882,ok,2601,0,0,192.00,450740224,601419776,114090264,95883264,18123768,2904,7449760,22132800,1307034,2525,2525,0,0,0,0,0,0,0,0,0.067,0.076,0.000,0,0,0,2525,2525,0,0
travel,11.995,287.9,332.058,332.058,fly,0.894,ok,2601,0,0,192.00,450740224,601419776,114090264,95883264,18123768,2904,7449760,22132800,1307034,2525,2525,0,0,0,0,0,0,0,0,0.066,0.073,0.000,0,0,0,2525,2525,0,0
travel,12.026,288.6,332.590,332.590,fly,0.869,ok,2601,0,0,192.00,450740224,601419776,114090264,95883264,18123768,2904,7449760,22132800,1307034,2525,2525,0,0,0,0,0,0,0,0,0.065,0.072,0.000,0,0,0,2525,2525,0,0
travel,12.057,289.4,333.111,333.111,fly,0.875,ok,2601,0,0,192.00,450740224,601419776,114090264,95883264,18123768,2904,7449760,22132800,1307034,2525,2525,0,0,0,0,0,0,0,0,0.065,0.072,0.000,0,0,0,2525,2525,0,0
travel,12.087,290.1,333.622,333.622,fly,0.903,ok,2601,0,0,192.00,450740224,601419776,114090264,95883264,18123768,2904,7449760,22132800,1307034,2525,2525,0,0,0,0,0,0,0,0,0.066,0.084,0.000,0,0,0,2525,2525,0,0
travel,12.118,290.8,334.140,334.140,fly,0.864,ok,2601,0,0,192.00,450740224,601419776,114090264,95883264,18123768,2904,7449760,22132800,1307034,2525,2525,0,0,0,0,0,0,0,0,0.065,0.070,0.000,0,0,0,2525,2525,0,0
travel,12.148,291.6,334.658,334.658,fly,0.851,ok,2601,0,0,192.00,450740224,601419776,114090264,95883264,18123768,2904,7449760,22132800,1307034,2525,2525,0,0,0,0,0,0,0,0,0.065,0.065,0.000,0,0,0,2525,2525,0,0
travel,12.178,292.3,335.173,335.173,fly,0.843,ok,2601,0,0,192.00,450740224,601419776,114090264,95883264,18123768,2904,7449760,22132800,1307034,2525,2525,0,0,0,0,0,0,0,0,0.064,0.070,0.000,0,0,0,2525,2525,0,0
travel,12.209,293.0,335.689,335.689,fly,0.837,ok,2601,0,0,192.00,450740224,601419776,114090264,95883264,18123768,2904,7449760,22132800,1307034,2525,2525,0,0,0,0,0,0,0,0,0.064,0.064,0.000,0,0,0,2525,2525,0,0
travel,12.249,294.0,336.364,336.364,fly,0.968,ok,2601,0,97,192.00,450834432,601419776,114090264,95883264,18123768,2904,11174640,17071632,1342754,2626,2626,0,0,10,0,0,0,0,0,0.067,0.142,0.000,0,0,0,2626,2626,0,0
travel,12.280,294.7,336.899,336.899,fly,0.903,ok,2601,0,0,192.00,450834432,601419776,114090264,95883264,18123768,2904,11174640,22132800,1363934,2626,2626,0,0,0,0,0,0,0,0,0.067,0.077,0.000,0,0,0,2626,2626,0,0
travel,12.311,295.5,337.415,337.415,fly,1.194,ok,2601,0,0,192.00,450834432,601419776,114090264,95883264,18123768,2904,11174640,22132800,1363934,2626,2626,0,0,0,0,0,0,0,0,0.362,0.071,0.000,0,0,0,2626,2626,0,0
travel,12.342,296.2,337.940,337.940,fly,0.865,ok,2601,0,0,192.00,450834432,601419776,114090264,95883264,18123768,2904,11174640,22132800,1363934,2626,2626,0,0,0,0,0,0,0,0,0.067,0.070,0.000,0,0,0,2626,2626,0,0
travel,12.372,296.9,338.464,338.464,fly,0.871,ok,2601,0,0,192.00,450834432,601419776,114090264,95883264,18123768,2904,11174640,22132800,1363934,2626,2626,0,0,0,0,0,0,0,0,0.067,0.071,0.000,0,0,0,2626,2626,0,0
travel,12.403,297.7,338.980,338.980,fly,1.511,ok,2601,0,0,192.00,450834432,601419776,114090264,95883264,18123768,2904,7449760,22132800,1363934,2626,2626,0,0,0,0,0,0,0,0,0.661,0.080,0.000,0,0,0,2626,2626,0,0
travel,12.434,298.4,339.507,339.507,fly,0.888,ok,2601,0,0,192.00,450834432,601419776,114090264,95883264,18123768,2904,7449760,22132800,1363934,2626,2626,0,0,0,0,0,0,0,0,0.066,0.072,0.000,0,0,0,2626,2626,0,0
travel,12.465,299.2,340.032,340.032,fly,0.867,ok,2601,0,0,192.00,450834432,601419776,114090264,95883264,18123768,2904,7449760,22132800,1363934,2626,2626,0,0,0,0,0,0,0,0,0.066,0.068,0.000,0,0,0,2626,2626,0,0
travel,12.495,299.9,340.542,340.542,fly,0.909,ok,2601,0,0,192.00,450834432,601419776,114090264,95883264,18123768,2904,7449760,22132800,1363934,2626,2626,0,0,0,0,0,0,0,0,0.066,0.075,0.000,0,0,0,2626,2626,0,0
travel,12.526,300.6,341.061,341.061,fly,0.883,ok,2601,0,0,192.00,450834432,601419776,114090264,95883264,18123768,2904,7449760,22132800,1363934,2626,2626,0,0,0,0,0,0,0,0,0.064,0.074,0.000,0,0,0,2626,2626,0,0
travel,12.556,301.3,341.573,341.573,fly,0.835,ok,2601,0,0,192.00,450834432,601419776,114090264,95883264,18123768,2904,7449760,22132800,1363934,2626,2626,0,0,0,0,0,0,0,0,0.064,0.067,0.000,0,0,0,2626,2626,0,0
travel,12.586,302.1,342.084,342.084,fly,0.843,ok,2601,0,0,192.00,450834432,601419776,114090264,95883264,18123768,2904,7449760,22132800,1363934,2626,2626,0,0,0,0,0,0,0,0,0.063,0.065,0.000,0,0,0,2626,2626,0,0
travel,12.616,302.8,342.598,342.598,fly,0.869,ok,2601,0,0,192.00,450834432,601419776,114090264,95883264,18123768,2904,7449760,22132800,1363934,2626,2626,0,0,0,0,0,0,0,0,0.064,0.070,0.000,0,0,0,2626,2626,0,0
travel,12.648,303.5,343.136,343.136,fly,0.871,ok,2601,0,0,192.00,450834432,601419776,114090264,95883264,18123768,2904,7449760,22132800,1363934,2626,2626,0,0,0,0,0,0,0,0,0.065,0.070,0.000,0,0,0,2626,2626,0,0
travel,12.678,304.3,343.655,343.655,fly,1.047,ok,2601,0,0,192.00,450834432,601419776,114090264,95883264,18123768,2904,7449760,22132800,1363934,2626,2626,0,0,0,0,0,0,0,0,0.064,0.241,0.000,0,0,0,2626,2626,0,0
travel,12.722,305.3,344.386,344.386,fly,1.127,ok,2601,0,92,192.00,450834432,601419776,114090264,95883264,18123768,2904,11174640,17332512,1400337,2727,2727,0,0,6,0,0,0,0,0,0.066,0.086,0.000,0,0,0,2727,2727,0,0
travel,12.753,306.1,344.911,344.911,fly,0.877,ok,2601,0,0,192.00,450834432,601419776,114090264,95883264,18123768,2904,11174640,22132800,1417094,2727,2727,0,0,0,0,0,0,0,0,0.069,0.070,0.000,0,0,0,2727,2727,0,0
travel,12.785,306.8,345.460,345.460,fly,0.837,ok,2601,0,0,192.00,450834432,601419776,114090264,95883264,18123768,2904,11174640,22132800,1417094,2727,2727,0,0,0,0,0,0,0,0,0.068,0.065,0.000,0,0,0,2727,2727,0,0
travel,12.815,307.6,345.971,345.971,fly,0.841,ok,2601,0,0,192.00,450834432,601419776,114090264,95883264,18123768,2904,11174640,22132800,1417094,2727,2727,0,0,0,0,0,0,0,0,0.067,0.063,0.000,0,0,0,2727,2727,0,0
travel,12.845,308.3,346.481,346.481,fly,0.839,ok,2601,0,0,192.00,450834432,601419776,114090264,95883264,18123768,2904,11174640,22132800,1417094,2727,2727,0,0,0,0,0,0,0,0,0.065,0.066,0.000,0,0,0,2727,2727,0,0
travel,12.875,309.0,346.995,346.995,fly,0.857,ok,2601,0,0,192.00,450834432,601419776,114090264,95883264,18123768,2904,7449760,22132800,1417094,2727,2727,0,0,0,0,0,0,0,0,0.066,0.066,0.000,0,0,0,2727,2727,0,0
travel,12.905,309.7,347.505,347.505,fly,0.828,ok,2601,0,0,192.00,450834432,601419776,114090264,95883264,18123768,2904,7449760,22132800,1417094,2727,2727,0,0,0,0,0,0,0,0,0.065,0.061,0.000,0,0,0,2727,2727,0,0
travel,12.936,310.5,348.022,348.022,fly,0.840,ok,2601,0,0,192.00,450834432,601419776,114090264,95883264,18123768,2904,7449760,22132800,1417094,2727,2727,0,0,0,0,0,0,0,0,0.065,0.066,0.000,0,0,0,2727,2727,0,0
travel,12.966,311.2,348.536,348.536,fly,1.083,ok,2601,0,0,192.00,450834432,601419776,114090264,95883264,18123768,2904,7449760,22132800,1417094,2727,2727,0,0,0,0,0,0,0,0,0.142,0.108,0.000,0,0,0,2727,2727,0,0
travel,12.997,311.9,349.056,349.056,fly,0.870,ok,2601,0,0,192.00,450834432,601419776,114090264,95883264,18123768,2904,7449760,22132800,1417094,2727,2727,0,0,0,0,0,0,0,0,0.065,0.071,0.000,0,0,0,2727,2727,0,0
travel,13.027,312.6,349.571,349.571,fly,0.868,ok,2601,0,0,192.00,450834432,601419776,114090264,95883264,18123768,2904,7449760,22132800,1417094,2727,2727,0,0,0,0,0,0,0,0,0.066,0.072,0.000,0,0,0,2727,2727,0,0
travel,13.058,313.4,350.091,350.091,fly,0.874,ok,2601,0,0,192.00,450834432,601419776,114090264,95883264,18123768,2904,7449760,22132800,1417094,2727,2727,0,0,0,0,0,0,0,0,0.071,0.072,0.000,0,0,0,2727,2727,0,0
travel,13.088,314.1,350.605,350.605,fly,0.867,ok,2601,0,0,192.00,450834432,601419776,114090264,95883264,18123768,2904,7449760,22132800,1417094,2727,2727,0,0,0,0,0,0,0,0,0.066,0.070,0.000,0,0,0,2727,2727,0,0
travel,13.119,314.8,351.125,351.125,fly,0.946,ok,2601,0,0,192.00,450834432,601419776,114090264,95883264,18123768,2904,7449760,22132800,1417094,2727,2727,0,0,0,0,0,0,0,0,0.075,0.115,0.000,0,0,0,2727,2727,0,0
travel,13.149,315.6,351.645,351.645,fly,0.974,ok,2601,0,0,192.00,450834432,601419776,114090264,95883264,18123768,2904,7449760,22132800,1417094,2727,2727,0,0,0,0,0,0,0,0,0.143,0.076,0.000,0,0,0,2727,2727,0,0
travel,13.190,316.5,352.329,352.329,fly,1.056,ok,2601,0,131,192.00,450863104,601419776,114090264,95883264,18123768,2904,11174640,15297648,1227592,2828,2828,0,0,3,0,0,0,0,0,0.079,0.130,0.000,0,0,0,2828,2828,0,0
travel,13.220,317.3,352.846,352.846,fly,0.903,ok,2601,0,0,192.00,450863104,601419776,114090264,95883264,18123768,2904,11174640,22132800,1257901,2828,2828,0,0,0,0,0,0,0,0,0.072,0.085,0.000,0,0,0,2828,2828,0,0
travel,13.252,318.0,353.376,353.376,fly,0.877,ok,2601,0,0,192.00,450863104,601419776,114090264,95883264,18123768,2904,11174640,22132800,1257901,2828,2828,0,0,0,0,0,0,0,0,0.066,0.072,0.000,0,0,0,2828,2828,0,0
travel,13.282,318.8,353.898,353.898,fly,0.895,ok,2601,0,0,192.00,450863104,601419776,114090264,95883264,18123768,2904,11174640,22132800,1257901,2828,2828,0,0,0,0,0,0,0,0,0.068,0.078,0.000,0,0,0,2828,2828,0,0
travel,13.314,319.5,354.429,354.429,fly,1.144,ok,2601,0,0,192.00,450863104,601419776,114090264,95883264,18123768,2904,11174640,22132800,1257901,2828,2828,0,0,0,0,0,0,0,0,0.259,0.129,0.000,0,0,0,2828,2828,0,0
travel,13.344,320.2,354.946,354.946,fly,0.873,ok,2601,0,0,192.00,450863104,601419776,114090264,95883264,18123768,2904,7449760,22132800,1257901,2828,2828,0,0,0,0,0,0,0,0,0.069,0.071,0.000,0,0,0,2828,2828,0,0
travel,13.375,321.0,355.470,355.470,fly,0.887,ok,2601,0,0,192.00,450863104,601419776,114090264,95883264,18123768,2904,7449760,22132800,1257901,2828,2828,0,0,0,0,0,0,0,0,0.066,0.074,0.000,0,0,0,2828,2828,0,0
travel,13.406,321.7,355.995,355.995,fly,0.900,ok,2601,0,0,192.00,450863104,601419776,114090264,95883264,18123768,2904,7449760,22132800,1257901,2828,2828,0,0,0,0,0,0,0,0,0.067,0.080,0.000,0,0,0,2828,2828,0,0
travel,13.436,322.5,356.512,356.512,fly,0.880,ok,2601,0,0,192.00,450863104,601419776,114090264,95883264,18123768,2904,7449760,22132800,1257901,2828,2828,0,0,0,0,0,0,0,0,0.065,0.070,0.000,0,0,0,2828,2828,0,0
travel,13.467,323.2,357.031,357.031,fly,0.885,ok,2601,0,0,192.00,450863104,601419776,114090264,95883264,18123768,2904,7449760,22132800,1257901,2828,2828,0,0,0,0,0,0,0,0,0.067,0.075,0.000,0,0,0,2828,2828,0,0
travel,13.498,323.9,357.554,357.554,fly,0.899,ok,2601,0,0,192.00,450863104,601419776,114090264,95883264,18123768,2904,7449760,22132800,1257901,2828,2828,0,0,0,0,0,0,0,0,0.065,0.084,0.000,0,0,0,2828,2828,0,0
travel,13.528,324.7,358.066,358.066,fly,0.935,ok,2601,0,0,192.00,450863104,601419776,114090264,95883264,18123768,2904,7449760,22132800,1257901,2828,2828,0,0,0,0,0,0,0,0,0.066,0.079,0.000,0,0,0,2828,2828,0,0
travel,13.559,325.4,358.584,358.584,fly,0.881,ok,2601,0,0,192.00,450863104,601419776,114090264,95883264,18123768,2904,7449760,22132800,1257901,2828,2828,0,0,0,0,0,0,0,0,0.064,0.070,0.000,0,0,0,2828,2828,0,0
travel,13.589,326.1,359.103,359.103,fly,0.869,ok,2601,0,0,192.00,450863104,601419776,114090264,95883264,18123768,2904,7449760,22132800,1257901,2828,2828,0,0,0,0,0,0,0,0,0.065,0.070,0.000,0,0,0,2828,2828,0,0
travel,13.620,326.9,359.619,359.619,fly,0.882,ok,2601,0,0,192.00,450863104,601419776,114090264,95883264,18123768,2904,7449760,22132800,1257901,2828,2828,0,0,0,0,0,0,0,0,0.067,0.073,0.000,0,0,0,2828,2828,0,0
travel,13.658,327.8,360.267,360.267,fly,0.925,ok,2601,0,125,192.00,450863104,601419776,114090264,95883264,18123768,2904,11174640,15610704,1285617,2929,2929,0,0,7,0,0,0,0,0,0.074,0.085,0.000,0,0,0,2929,2929,0,0
travel,13.689,328.5,360.792,360.792,fly,0.874,ok,2601,0,0,192.00,450863104,601419776,114090264,95883264,18123768,2904,11174640,22132800,1311241,2929,2929,0,0,0,0,0,0,0,0,0.067,0.070,0.000,0,0,0,2929,2929,0,0
travel,13.719,329.2,361.311,361.311,fly,0.880,ok,2601,0,0,192.00,450863104,601419776,114090264,95883264,18123768,2904,11174640,22132800,1311241,2929,2929,0,0,0,0,0,0,0,0,0.068,0.069,0.000,0,0,0,2929,2929,0,0
travel,13.750,330.0,361.828,361.828,fly,1.472,ok,2601,0,0,192.00,450863104,601419776,114090264,95883264,18123768,2904,11174640,22132800,1311241,2929,2929,0,0,0,0,0,0,0,0,0.514,0.114,0.000,0,0,0,2929,2929,0,0
travel,13.781,330.7,362.362,362.362,fly,0.874,ok,2601,0,0,192.00,450863104,601419776,114090264,95883264,18123768,2904,11174640,22132800,1311241,2929,2929,0,0,0,0,0,0,0,0,0.066,0.069,0.000,0,0,0,2929,2929,0,0
travel,13.812,331.5,362.883,362.883,fly,0.872,ok,2601,0,0,192.00,450863104,601419776,114090264,95883264,18123768,2904,7449760,22132800,1311241,2929,2929,0,0,0,0,0,0,0,0,0.065,0.072,0.000,0,0,0,2929,2929,0,0
travel,13.843,332.2,363.413,363.413,fly,0.878,ok,2601,0,0,192.00,450863104,601419776,114090264,95883264,18123768,2904,7449760,22132800,1311241,2929,2929,0,0,0,0,0,0,0,0,0.066,0.070,0.000,0,0,0,2929,2929,0,0
travel,13.874,332.9,363.927,363.927,fly,0.874,ok,2601,0,0,192.00,450863104,601419776,114090264,95883264,18123768,2904,7449760,22132800,1311241,2929,2929,0,0,0,0,0,0,0,0,0.066,0.070,0.000,0,0,0,2929,2929,0,0
travel,13.904,333.7,364.448,364.448,fly,0.905,ok,2601,0,0,192.00,450863104,601419776,114090264,95883264,18123768,2904,7449760,22132800,1311241,2929,2929,0,0,0,0,0,0,0,0,0.065,0.077,0.000,0,0,0,2929,2929,0,0
travel,13.935,334.4,364.966,364.966,fly,0.905,ok,2601,0,0,192.00,450863104,601419776,114090264,95883264,18123768,2904,7449760,22132800,1311241,2929,2929,0,0,0,0,0,0,0,0,0.065,0.076,0.000,0,0,0,2929,2929,0,0
travel,13.965,335.1,365.475,365.475,fly,0.874,ok,2601,0,0,192.00,450863104,601419776,114090264,95883264,18123768,2904,7449760,22132800,1311241,2929,2929,0,0,0,0,0,0,0,0,0.065,0.070,0.000,0,0,0,2929,2929,0,0
travel,13.996,335.9,365.997,365.997,fly,0.884,ok,2601,0,0,192.00,450863104,601419776,114090264,95883264,18123768,2904,7449760,22132800,1311241,2929,2929,0,0,0,0,0,0,0,0,0.065,0.074,0.000,0,0,0,2929,2929,0,0
travel,14.026,336.6,366.517,366.517,fly,0.977,ok,2601,0,0,192.00,450863104,601419776,114090264,95883264,18123768,2904,7449760,22132800,1311241,2929,2929,0,0,0,0,0,0,0,0,0.067,0.089,0.000,0,0,0,2929,2929,0,0
travel,14.057,337.3,367.034,367.034,fly,0.879,ok,2601,0,0,192.00,450863104,601419776,114090264,95883264,18123768,2904,7449760,22132800,1311241,2929,2929,0,0,0,0,0,0,0,0,0.064,0.071,0.000,0,0,0,2929,2929,0,0
travel,14.087,338.1,367.551,367.551,fly,0.875,ok,2601,0,0,192.00,450863104,601419776,114090264,95883264,18123768,2904,7449760,22132800,1311241,2929,2929,0,0,0,0,0,0,0,0,0.063,0.069,0.000,0,0,0,2929,2929,0,0
travel,14.127,339.0,368.219,368.219,fly,0.911,ok,2601,0,153,192.00,450883584,601419776,114090264,95883264,18123768,2904,11174640,14149776,1329837,3030,3030,0,0,23,0,0,0,0,0,0.066,0.073,0.000,0,0,0,3030,3030,0,0
travel,14.158,339.8,368.753,368.753,fly,0.887,ok,2601,0,0,192.00,450883584,601419776,114090264,95883264,18123768,2904,11174640,22132800,1366797,3030,3030,0,0,0,0,0,0,0,0,0.066,0.077,0.000,0,0,0,3030,3030,0,0
travel,14.189,340.5,369.276,369.276,fly,0.969,ok,2601,0,0,192.00,450883584,601419776,114090264,95883264,18123768,2904,11174640,22132800,1366797,3030,3030,0,0,0,0,0,0,0,0,0.145,0.078,0.000,0,0,0,3030,3030,0,0
travel,14.219,341.2,369.793,369.793,fly,0.882,ok,2601,0,0,192.00,450883584,601419776,114090264,95883264,18123768,2904,11174640,22132800,1366797,3030,3030,0,0,0,0,0,0,0,0,0.065,0.073,0.000,0,0,0,3030,3030,0,0
travel,14.250,342.0,370.318,370.318,fly,0.875,ok,2601,0,0,192.00,450883584,601419776,114090264,95883264,18123768,2904,11174640,22132800,1366797,3030,3030,0,0,0,0,0,0,0,0,0.064,0.069,0.000,0,0,0,3030,3030,0,0
travel,14.281,342.7,370.837,370.837,fly,0.899,ok,2601,0,0,192.00,450883584,601419776,114090264,95883264,18123768,2904,7449760,22132800,1366797,3030,3030,0,0,0,0,0,0,0,0,0.064,0.073,0.000,0,0,0,3030,3030,0,0
travel,14.311,343.4,371.352,371.352,fly,0.847,ok,2601,0,0,192.00,450883584,601419776,114090264,95883264,18123768,2904,7449760,22132800,1366797,3030,3030,0,0,0,0,0,0,0,0,0.063,0.065,0.000,0,0,0,3030,3030,0,0
travel,14.342,344.2,371.867,371.867,fly,0.844,ok,2601,0,0,192.00,450883584,601419776,114090264,95883264,18123768,2904,7449760,22132800,1366797,3030,3030,0,0,0,0,0,0,0,0,0.062,0.064,0.000,0,0,0,3030,3030,0,0
travel,14.372,344.9,372.383,372.383,fly,1.599,ok,2601,0,0,192.00,450883584,601419776,114090264,95883264,18123768,2904,7449760,22132800,1366797,3030,3030,0,0,0,0,0,0,0,0,0.769,0.070,0.000,0,0,0,3030,3030,0,0
travel,14.403,345.6,372.908,372.908,fly,0.859,ok,2601,0,0,192.00,450883584,601419776,114090264,95883264,18123768,2904,7449760,22132800,1366797,3030,3030,0,0,0,0,0,0,0,0,0.063,0.070,0.000,0,0,0,3030,3030,0,0
travel,14.434,346.4,373.428,373.428,fly,0.866,ok,2601,0,0,192.00,450883584,601419776,114090264,95883264,18123768,2904,7449760,22132800,1366797,3030,3030,0,0,0,0,0,0,0,0,0.062,0.071,0.000,0,0,0,3030,3030,0,0
travel,14.464,347.1,373.943,373.943,fly,1.574,ok,2601,0,0,192.00,450883584,601419776,114090264,95883264,18123768,2904,7449760,22132800,1366797,3030,3030,0,0,0,0,0,0,0,0,0.716,0.077,0.000,0,0,0,3030,3030,0,0
travel,14.495,347.9,374.469,374.469,fly,0.871,ok,2601,0,0,192.00,450883584,601419776,114090264,95883264,18123768,2904,7449760,22132800,1366797,3030,3030,0,0,0,0,0,0,0,0,0.064,0.074,0.000,0,0,0,3030,3030,0,0
travel,14.525,348.6,374.982,374.982,fly,0.873,ok,2601,0,0,192.00,450883584,601419776,114090264,95883264,18123768,2904,7449760,22132800,1366797,3030,3030,0,0,0,0,0,0,0,0,0.068,0.072,0.000,0,0,0,3030,3030,0,0
travel,14.556,349.3,375.497,375.497,fly,1.138,ok,2601,0,0,192.00,450883584,601419776,114090264,95883264,18123768,2904,7449760,22132800,1366797,3030,3030,0,0,0,0,0,0,0,0,0.071,0.203,0.000,0,0,0,3030,3030,0,0
travel,14.590,350.1,376.083,376.083,fly,3.788,ok,2572,29,194,192.00,451407872,601419776,112818208,94814208,17921696,2904,11174640,13524360,1372908,3102,3131,35,0,36,35,35,0,0,0,0.354,0.112,0.000,0,0,0,3102,3102,0,0
travel,14.625,351.0,376.681,376.681,fly,0.983,ok,2601,0,42,192.00,451411968,601419776,114090264,95883264,18123768,2904,11174640,19941312,1412797,3131,3131,0,0,6,0,0,0,0,0,0.073,0.115,0.000,0,0,0,3131,3131,0,0
travel,14.656,351.7,377.204,377.204,fly,0.893,ok,2601,0,0,192.00,451411968,601419776,114090264,95883264,18123768,2904,11174640,22132800,1418941,3131,3131,0,0,0,0,0,0,0,0,0.066,0.075,0.000,0,0,0,3131,3131,0,0
travel,14.687,352.5,377.732,377.732,fly,0.936,ok,2601,0,0,192.00,451411968,601419776,114090264,95883264,18123768,2904,11174640,22132800,1418941,3131,3131,0,0,0,0,0,0,0,0,0.072,0.112,0.000,0,0,0,3131,3131,0,0
travel,14.718,353.2,378.250,378.250,fly,0.890,ok,2601,0,0,192.00,451411968,601419776,114090264,95883264,18123768,2904,11174640,22132800,1418941,3131,3131,0,0,0,0,0,0,0,0,0.066,0.074,0.000,0,0,0,3131,3131,0,0
travel,14.748,353.9,378.765,378.765,fly,0.856,ok,2601,0,0,192.00,451411968,601419776,114090264,95883264,18123768,2904,7449760,22132800,1418941,3131,3131,0,0,0,0,0,0,0,0,0.064,0.072,0.000,0,0,0,3131,3131,0,0
travel,14.779,354.7,379.292,379.292,fly,0.846,ok,2601,0,0,192.00,451411968,601419776,114090264,95883264,18123768,2904,7449760,22132800,1418941,3131,3131,0,0,0,0,0,0,0,0,0.066,0.068,0.000,0,0,0,3131,3131,0,0
travel,14.810,355.4,379.806,379.806,fly,0.830,ok,2601,0,0,192.00,451411968,601419776,114090264,95883264,18123768,2904,7449760,22132800,1418941,3131,3131,0,0,0,0,0,0,0,0,0.063,0.066,0.000,0,0,0,3131,3131,0,0
travel,14.841,356.1,380.332,380.332,fly,0.837,ok,2601,0,0,192.00,451411968,601419776,114090264,95883264,18123768,2904,7449760,22132800,1418941,3131,3131,0,0,0,0,0,0,0,0,0.063,0.066,0.000,0,0,0,3131,3131,0,0
travel,14.871,356.9,380.847,380.847,fly,0.977,ok,2601,0,0,192.00,451411968,601419776,114090264,95883264,18123768,2904,7449760,22132800,1418941,3131,3131,0,0,0,0,0,0,0,0,0.070,0.176,0.000,0,0,0,3131,3131,0,0
travel,14.901,357.6,381.361,381.361,fly,0.862,ok,2601,0,0,192.00,451411968,601419776,114090264,95883264,18123768,2904,7449760,22132800,1418941,3131,3131,0,0,0,0,0,0,0,0,0.062,0.070,0.000,0,0,0,3131,3131,0,0
travel,14.932,358.3,381.875,381.875,fly,0.868,ok,2601,0,0,192.00,451411968,601419776,114090264,95883264,18123768,2904,7449760,22132800,1418941,3131,3131,0,0,0,0,0,0,0,0,0.065,0.070,0.000,0,0,0,3131,3131,0,0
travel,14.962,359.1,382.394,382.394,fly,0.866,ok,2601,0,0,192.00,451411968,601419776,114090264,95883264,18123768,2904,7449760,22132800,1418941,3131,3131,0,0,0,0,0,0,0,0,0.066,0.068,0.000,0,0,0,3131,3131,0,0
travel,14.993,359.8,382.916,382.916,fly,0.920,ok,2601,0,0,192.00,451411968,601419776,114090264,95883264,18123768,2904,7449760,22132800,1418941,3131,3131,0,0,0,0,0,0,0,0,0.062,0.079,0.000,0,0,0,3131,3131,0,0
travel,15.023,360.5,383.432,383.432,fly,0.926,ok,2601,0,0,192.00,451411968,601419776,114090264,95883264,18123768,2904,7449760,22132800,1418941,3131,3131,0,0,0,0,0,0,0,0,0.063,0.126,0.000,0,0,0,3131,3131,0,0
travel,15.054,361.3,383.947,383.947,fly,0.868,ok,2601,0,0,192.00,451411968,601419776,114090264,95883264,18123768,2904,7449760,22132800,1418941,3131,3131,0,0,0,0,0,0,0,0,0.062,0.071,0.000,0,0,0,3131,3131,0,0
travel,15.093,362.2,384.613,384.613,fly,0.953,ok,2601,0,61,192.00,451424256,601419776,114090264,95883264,18123768,2904,11174640,18949968,1241682,3232,3232,0,0,0,0,0,0,0,0,0.074,0.110,0.000,0,0,0,3232,3232,0,0
travel,15.124,362.9,385.132,385.132,fly,0.872,ok,2601,0,0,192.00,451424256,601419776,114090264,95883264,18123768,2904,11174640,22132800,1253182,3232,3232,0,0,0,0,0,0,0,0,0.062,0.075,0.000,0,0,0,3232,3232,0,0
travel,15.154,363.7,385.644,385.644,fly,0.854,ok,2601,0,0,192.00,451424256,601419776,114090264,95883264,18123768,2904,11174640,22132800,1253182,3232,3232,0,0,0,0,0,0,0,0,0.064,0.068,0.000,0,0,0,3232,3232,0,0
travel,15.185,364.4,386.165,386.165,fly,0.914,ok,2601,0,0,192.00,451424256,601419776,114090264,95883264,18123768,2904,11174640,22132800,1253182,3232,3232,0,0,0,0,0,0,0,0,0.066,0.085,0.000,0,0,0,3232,3232,0,0
travel,15.215,365.1,386.682,386.682,fly,0.862,ok,2601,0,0,192.00,451424256,601419776,114090264,95883264,18123768,2904,7449760,22132800,1253182,3232,3232,0,0,0,0,0,0,0,0,0.064,0.069,0.000,0,0,0,3232,3232,0,0
travel,15.246,365.9,387.208,387.208,fly,0.870,ok,2601,0,0,192.00,451424256,601419776,114090264,95883264,18123768,2904,7449760,22132800,1253182,3232,3232,0,0,0,0,0,0,0,0,0.063,0.074,0.000,0,0,0,3232,3232,0,0
travel,15.276,366.6,387.723,387.723,fly,0.957,ok,2601,0,0,192.00,451424256,601419776,114090264,95883264,18123768,2904,7449760,22132800,1253182,3232,3232,0,0,0,0,0,0,0,0,0.066,0.082,0.000,0,0,0,3232,3232,0,0
travel,15.307,367.3,388.241,388.241,fly,0.851,ok,2601,0,0,192.00,451424256,601419776,114090264,95883264,18123768,2904,7449760,22132800,1253182,3232,3232,0,0,0,0,0,0,0,0,0.062,0.069,0.000,0,0,0,3232,3232,0,0
travel,15.337,368.1,388.756,388.756,fly,1.046,ok,2601,0,0,192.00,451424256,601419776,114090264,95883264,18123768,2904,7449760,22132800,1253182,3232,3232,0,0,0,0,0,0,0,0,0.260,0.064,0.000,0,0,0,3232,3232,0,0
travel,15.368,368.8,389.270,389.270,fly,0.851,ok,2601,0,0,192.00,451424256,601419776,114090264,95883264,18123768,2904,7449760,22132800,1253182,3232,3232,0,0,0,0,0,0,0,0,0.065,0.066,0.000,0,0,0,3232,3232,0,0
travel,15.399,369.5,389.799,389.799,fly,0.872,ok,2601,0,0,192.00,451424256,601419776,114090264,95883264,18123768,2904,7449760,22132800,1253182,3232,3232,0,0,0,0,0,0,0,0,0.062,0.070,0.000,0,0,0,3232,3232,0,0
travel,15.429,370.3,390.314,390.314,fly,0.892,ok,2601,0,0,192.00,451424256,601419776,114090264,95883264,18123768,2904,7449760,22132800,1253182,3232,3232,0,0,0,0,0,0,0,0,0.063,0.077,0.000,0,0,0,3232,3232,0,0
travel,15.460,371.0,390.832,390.832,fly,0.895,ok,2601,0,0,192.00,451424256,601419776,114090264,95883264,18123768,2904,7449760,22132800,1253182,3232,3232,0,0,0,0,0,0,0,0,0.064,0.079,0.000,0,0,0,3232,3232,0,0
travel,15.491,371.7,391.359,391.359,fly,0.868,ok,2601,0,0,192.00,451424256,601419776,114090264,95883264,18123768,2904,7449760,22132800,1253182,3232,3232,0,0,0,0,0,0,0,0,0.063,0.074,0.000,0,0,0,3232,3232,0,0
travel,15.521,372.5,391.878,391.878,fly,0.949,ok,2601,0,0,192.00,451424256,601419776,114090264,95883264,18123768,2904,7449760,22132800,1253182,3232,3232,0,0,0,0,0,0,0,0,0.072,0.112,0.000,0,0,0,3232,3232,0,0
travel,15.560,373.4,392.541,392.541,fly,0.945,ok,2601,0,46,192.00,451489792,601419776,114090264,95883264,18123768,2904,11174640,19732608,1299714,3333,3333,0,0,5,0,0,0,0,0,0.066,0.097,0.000,0,0,0,3333,3333,0,0
travel,15.591,374.1,393.056,393.056,fly,0.875,ok,2601,0,0,192.00,451489792,601419776,114090264,95883264,18123768,2904,11174640,22132800,1308574,3333,3333,0,0,0,0,0,0,0,0,0.064,0.070,0.000,0,0,0,3333,3333,0,0
travel,15.621,374.9,393.573,393.573,fly,0.884,ok,2601,0,0,192.00,451489792,601419776,114090264,95883264,18123768,2904,11174640,22132800,1308574,3333,3333,0,0,0,0,0,0,0,0,0.064,0.074,0.000,0,0,0,3333,3333,0,0
travel,15.652,375.6,394.090,394.090,fly,0.891,ok,2601,0,0,192.00,451489792,601419776,114090264,95883264,18123768,2904,11174640,22132800,1308574,3333,3333,0,0,0,0,0,0,0,0,0.063,0.084,0.000,0,0,0,3333,3333,0,0
travel,15.682,376.3,394.606,394.606,fly,0.891,ok,2601,0,0,192.00,451489792,601419776,114090264,95883264,18123768,2904,11174640,22132800,1308574,3333,3333,0,0,0,0,0,0,0,0,0.067,0.076,0.000,0,0,0,3333,3333,0,0
travel,15.713,377.1,395.133,395.133,fly,0.862,ok,2601,0,0,192.00,451489792,601419776,114090264,95883264,18123768,2904,7449760,22132800,1308574,3333,3333,0,0,0,0,0,0,0,0,0.064,0.069,0.000,0,0,0,3333,3333,0,0
travel,15.744,377.8,395.647,395.647,fly,0.871,ok,2601,0,0,192.00,451489792,601419776,114090264,95883264,18123768,2904,7449760,22132800,1308574,3333,3333,0,0,0,0,0,0,0,0,0.066,0.073,0.000,0,0,0,3333,3333,0,0
travel,15.774,378.5,396.167,396.167,fly,0.862,ok,2601,0,0,192.00,451489792,601419776,114090264,95883264,18123768,2904,7449760,22132800,1308574,3333,3333,0,0,0,0,0,0,0,0,0.063,0.074,0.000,0,0,0,3333,3333,0,0
travel,15.804,379.3,396.679,396.679,fly,0.911,ok,2601,0,0,192.00,451489792,601419776,114090264,95883264,18123768,2904,7449760,22132800,1308574,3333,3333,0,0,0,0,0,0,0,0,0.064,0.080,0.000,0,0,0,3333,3333,0,0
travel,15.834,380.0,397.188,397.188,fly,0.944,ok,2601,0,0,192.00,451489792,601419776,114090264,95883264,18123768,2904,7449760,22132800,1308574,3333,3333,0,0,0,0,0,0,0,0,0.069,0.097,0.000,0,0,0,3333,3333,0,0
travel,15.865,380.7,397.700,397.700,fly,0.855,ok,2601,0,0,192.00,451489792,601419776,114090264,95883264,18123768,2904,7449760,22132800,1308574,3333,3333,0,0,0,0,0,0,0,0,0.062,0.072,0.000,0,0,0,3333,3333,0,0
travel,15.896,381.5,398.230,398.230,fly,0.877,ok,2601,0,0,192.00,451489792,601419776,114090264,95883264,18123768,2904,7449760,22132800,1308574,3333,3333,0,0,0,0,0,0,0,0,0.063,0.074,0.000,0,0,0,3333,3333,0,0
travel,15.926,382.2,398.739,398.739,fly,0.922,ok,2601,0,0,192.00,451489792,601419776,114090264,95883264,18123768,2904,7449760,22132800,1308574,3333,3333,0,0,0,0,0,0,0,0,0.063,0.081,0.000,0,0,0,3333,3333,0,0
travel,15.956,382.9,399.252,399.252,fly,0.864,ok,2601,0,0,192.00,451489792,601419776,114090264,95883264,18123768,2904,7449760,22132800,1308574,3333,3333,0,0,0,0,0,0,0,0,0.062,0.070,0.000,0,0,0,3333,3333,0,0
travel,15.987,383.6,399.770,399.770,fly,0.886,ok,2601,0,0,192.00,451489792,601419776,114090264,95883264,18123768,2904,7449760,22132800,1308574,3333,3333,0,0,0,0,0,0,0,0,0.065,0.075,0.000,0,0,0,3333,3333,0,0
travel,16.026,384.6,400.444,400.444,fly,0.842,ok,2601,0,78,192.00,451489792,601419776,114090264,95883264,18123768,2904,11174640,18062976,1346869,3434,3434,0,0,5,0,0,0,0,0,0.064,0.068,0.000,0,0,0,3434,3434,0,0
travel,16.057,385.3,400.963,400.963,fly,0.965,ok,2601,0,0,192.00,451489792,601419776,114090264,95883264,18123768,2904,11174640,22132800,1363058,3434,3434,0,0,0,0,0,0,0,0,0.176,0.070,0.000,0,0,0,3434,3434,0,0
travel,16.087,386.0,401.477,401.477,fly,0.843,ok,2601,0,0,192.00,451489792,601419776,114090264,95883264,18123768,2904,11174640,22132800,1363058,3434,3434,0,0,0,0,0,0,0,0,0.063,0.066,0.000,0,0,0,3434,3434,0,0
travel,16.118,386.8,402.000,402.000,fly,0.920,ok,2601,0,0,192.00,451489792,601419776,114090264,95883264,18123768,2904,11174640,22132800,1363058,3434,3434,0,0,0,0,0,0,0,0,0.064,0.071,0.000,0,0,0,3434,3434,0,0
travel,16.149,387.5,402.516,402.516,fly,0.862,ok,2601,0,0,192.00,451489792,601419776,114090264,95883264,18123768,2904,11174640,22132800,1363058,3434,3434,0,0,0,0,0,0,0,0,0.063,0.069,0.000,0,0,0,3434,3434,0,0
travel,16.179,388.3,403.038,403.038,fly,0.843,ok,2601,0,0,192.00,451489792,601419776,114090264,95883264,18123768,2904,7449760,22132800,1363058,3434,3434,0,0,0,0,0,0,0,0,0.063,0.065,0.000,0,0,0,3434,3434,0,0
travel,16.210,389.0,403.562,403.562,fly,0.842,ok,2601,0,0,192.00,451489792,601419776,114090264,95883264,18123768,2904,7449760,22132800,1363058,3434,3434,0,0,0,0,0,0,0,0,0.063,0.067,0.000,0,0,0,3434,3434,0,0
travel,16.241,389.7,404.085,404.085,fly,0.866,ok,2601,0,0,192.00,451489792,601419776,114090264,95883264,18123768,2904,7449760,22132800,1363058,3434,3434,0,0,0,0,0,0,0,0,0.064,0.069,0.000,0,0,0,3434,3434,0,0
travel,16.272,390.5,404.610,404.610,fly,0.884,ok,2601,0,0,192.00,451489792,601419776,114090264,95883264,18123768,2904,7449760,22132800,1363058,3434,3434,0,0,0,0,0,0,0,0,0.065,0.077,0.000,0,0,0,3434,3434,0,0
travel,16.302,391.2,405.125,405.125,fly,0.864,ok,2601,0,0,192.00,451489792,601419776,114090264,95883264,18123768,2904,7449760,22132800,1363058,3434,3434,0,0,0,0,0,0,0,0,0.064,0.070,0.000,0,0,0,3434,3434,0,0
travel,16.333,391.9,405.648,405.648,fly,0.860,ok,2601,0,0,192.00,451489792,601419776,114090264,95883264,18123768,2904,7449760,22132800,1363058,3434,3434,0,0,0,0,0,0,0,0,0.062,0.069,0.000,0,0,0,3434,3434,0,0
travel,16.364,392.7,406.168,406.168,fly,0.861,ok,2601,0,0,192.00,451489792,601419776,114090264,95883264,18123768,2904,7449760,22132800,1363058,3434,3434,0,0,0,0,0,0,0,0,0.062,0.073,0.000,0,0,0,3434,3434,0,0
travel,16.394,393.4,406.686,406.686,fly,0.937,ok,2601,0,0,192.00,451489792,601419776,114090264,95883264,18123768,2904,7449760,22132800,1363058,3434,3434,0,0,0,0,0,0,0,0,0.068,0.079,0.000,0,0,0,3434,3434,0,0
travel,16.425,394.1,407.199,407.199,fly,0.917,ok,2601,0,0,192.00,451489792,601419776,114090264,95883264,18123768,2904,7449760,22132800,1363058,3434,3434,0,0,0,0,0,0,0,0,0.067,0.078,0.000,0,0,0,3434,3434,0,0
travel,16.455,394.9,407.710,407.710,fly,0.866,ok,2601,0,0,192.00,451489792,601419776,114090264,95883264,18123768,2904,7449760,22132800,1363058,3434,3434,0,0,0,0,0,0,0,0,0.061,0.078,0.000,0,0,0,3434,3434,0,0
travel,16.494,395.8,408.382,408.382,fly,1.131,ok,2601,0,99,192.00,451489792,601419776,114090264,95883264,18123768,2904,11174640,16967280,1397674,3535,3535,0,0,6,0,0,0,0,0,0.064,0.084,0.000,0,0,0,3535,3535,0,0
travel,16.527,396.6,408.936,408.936,fly,0.866,ok,2601,0,0,192.00,451489792,601419776,114090264,95883264,18123768,2904,11174640,22132800,1418822,3535,3535,0,0,0,0,0,0,0,0,0.061,0.071,0.000,0,0,0,3535,3535,0,0
travel,16.557,397.3,409.450,409.450,fly,0.863,ok,2601,0,0,192.00,451489792,601419776,114090264,95883264,18123768,2904,11174640,22132800,1418822,3535,3535,0,0,0,0,0,0,0,0,0.064,0.070,0.000,0,0,0,3535,3535,0,0
travel,16.588,398.1,409.964,409.964,fly,0.839,ok,2601,0,0,192.00,451489792,601419776,114090264,95883264,18123768,2904,11174640,22132800,1418822,3535,3535,0,0,0,0,0,0,0,0,0.060,0.066,0.000,0,0,0,3535,3535,0,0
travel,16.619,398.8,410.501,410.501,fly,0.856,ok,2601,0,0,192.00,451489792,601419776,114090264,95883264,18123768,2904,11174640,22132800,1418822,3535,3535,0,0,0,0,0,0,0,0,0.062,0.072,0.000,0,0,0,3535,3535,0,0
travel,16.650,399.6,411.026,411.026,fly,0.929,ok,2601,0,0,192.00,451489792,601419776,114090264,95883264,18123768,2904,7449760,22132800,1418822,3535,3535,0,0,0,0,0,0,0,0,0.068,0.073,0.000,0,0,0,3535,3535,0,0
travel,16.681,400.3,411.552,411.552,fly,0.844,ok,2601,0,0,192.00,451489792,601419776,114090264,95883264,18123768,2904,7449760,22132800,1418822,3535,3535,0,0,0,0,0,0,0,0,0.062,0.068,0.000,0,0,0,3535,3535,0,0
travel,16.712,401.0,412.075,412.075,fly,0.841,ok,2601,0,0,192.00,451489792,601419776,114090264,95883264,18123768,2904,7449760,22132800,1418822,3535,3535,0,0,0,0,0,0,0,0,0.064,0.070,0.000,0,0,0,3535,3535,0,0
travel,16.742,401.8,412.589,412.589,fly,0.875,ok,2601,0,0,192.00,451489792,601419776,114090264,95883264,18123768,2904,7449760,22132800,1418822,3535,3535,0,0,0,0,0,0,0,0,0.065,0.078,0.000,0,0,0,3535,3535,0,0
travel,16.773,402.5,413.105,413.105,fly,0.836,ok,2601,0,0,192.00,451489792,601419776,114090264,95883264,18123768,2904,7449760,22132800,1418822,3535,3535,0,0,0,0,0,0,0,0,0.062,0.065,0.000,0,0,0,3535,3535,0,0
travel,16.804,403.2,413.628,413.628,fly,0.841,ok,2601,0,0,192.00,451489792,601419776,114090264,95883264,18123768,2904,7449760,22132800,1418822,3535,3535,0,0,0,0,0,0,0,0,0.066,0.069,0.000,0,0,0,3535,3535,0,0
travel,16.834,404.0,414.144,414.144,fly,0.836,ok,2601,0,0,192.00,451489792,601419776,114090264,95883264,18123768,2904,7449760,22132800,1418822,3535,3535,0,0,0,0,0,0,0,0,0.062,0.069,0.000,0,0,0,3535,3535,0,0
travel,16.864,404.7,414.658,414.658,fly,0.833,ok,2601,0,0,192.00,451489792,601419776,114090264,95883264,18123768,2904,7449760,22132800,1418822,3535,3535,0,0,0,0,0,0,0,0,0.064,0.064,0.000,0,0,0,3535,3535,0,0
travel,16.895,405.4,415.173,415.173,fly,0.832,ok,2601,0,0,192.00,451489792,601419776,114090264,95883264,18123768,2904,7449760,22132800,1418822,3535,3535,0,0,0,0,0,0,0,0,0.062,0.066,0.000,0,0,0,3535,3535,0,0
travel,16.925,406.1,415.688,415.688,fly,0.835,ok,2601,0,0,192.00,451489792,601419776,114090264,95883264,18123768,2904,7449760,22132800,1418822,3535,3535,0,0,0,0,0,0,0,0,0.063,0.068,0.000,0,0,0,3535,3535,0,0
travel,16.965,407.1,416.361,416.361,fly,0.841,ok,2601,0,121,192.00,451919872,601862144,114090264,95883264,18123768,2904,11174640,15819408,1229700,3636,3636,0,0,2,0,0,0,0,0,0.063,0.070,0.000,0,0,0,3636,3636,0,0
travel,16.996,407.8,416.891,416.891,fly,0.839,ok,2601,0,0,192.00,451919872,601862144,114090264,95883264,18123768,2904,11174640,22132800,1256565,3636,3636,0,0,0,0,0,0,0,0,0.064,0.067,0.000,0,0,0,3636,3636,0,0
travel,17.026,408.6,417.409,417.409,fly,0.859,ok,2601,0,0,192.00,451919872,601862144,114090264,95883264,18123768,2904,11174640,22132800,1256565,3636,3636,0,0,0,0,0,0,0,0,0.066,0.073,0.000,0,0,0,3636,3636,0,0
travel,17.057,409.3,417.931,417.931,fly,0.859,ok,2601,0,0,192.00,451919872,601862144,114090264,95883264,18123768,2904,11174640,22132800,1256565,3636,3636,0,0,0,0,0,0,0,0,0.063,0.073,0.000,0,0,0,3636,3636,0,0
travel,17.088,410.1,418.452,418.452,fly,0.839,ok,2601,0,0,192.00,451919872,601862144,114090264,95883264,18123768,2904,11174640,22132800,1256565,3636,3636,0,0,0,0,0,0,0,0,0.066,0.065,0.000,0,0,0,3636,3636,0,0
travel,17.118,410.8,418.963,418.963,fly,0.844,ok,2601,0,0,192.00,451919872,601862144,114090264,95883264,18123768,2904,7449760,22132800,1256565,3636,3636,0,0,0,0,0,0,0,0,0.065,0.068,0.000,0,0,0,3636,3636,0,0
travel,17.149,411.5,419.480,419.480,fly,0.884,ok,2601,0,0,192.00,451919872,601862144,114090264,95883264,18123768,2904,7449760,22132800,1256565,3636,3636,0,0,0,0,0,0,0,0,0.061,0.073,0.000,0,0,0,3636,3636,0,0
travel,17.179,412.2,419.989,419.989,fly,0.840,ok,2601,0,0,192.00,451919872,601862144,114090264,95883264,18123768,2904,7449760,22132800,1256565,3636,3636,0,0,0,0,0,0,0,0,0.063,0.069,0.000,0,0,0,3636,3636,0,0
travel,17.209,412.9,420.499,420.499,fly,0.836,ok,2601,0,0,192.00,451919872,601862144,114090264,95883264,18123768,2904,7449760,22132800,1256565,3636,3636,0,0,0,0,0,0,0,0,0.062,0.065,0.000,0,0,0,3636,3636,0,0
travel,17.239,413.7,421.017,421.017,fly,1.522,ok,2601,0,0,192.00,451919872,601862144,114090264,95883264,18123768,2904,7449760,22132800,1256565,3636,3636,0,0,0,0,0,0,0,0,0.664,0.132,0.000,0,0,0,3636,3636,0,0
travel,17.270,414.4,421.542,421.542,fly,0.856,ok,2601,0,0,192.00,451919872,601862144,114090264,95883264,18123768,2904,7449760,22132800,1256565,3636,3636,0,0,0,0,0,0,0,0,0.063,0.069,0.000,0,0,0,3636,3636,0,0
travel,17.301,415.2,422.062,422.062,fly,0.856,ok,2601,0,0,192.00,451919872,601862144,114090264,95883264,18123768,2904,7449760,22132800,1256565,3636,3636,0,0,0,0,0,0,0,0,0.062,0.071,0.000,0,0,0,3636,3636,0,0
travel,17.331,415.9,422.573,422.573,fly,0.852,ok,2601,0,0,192.00,451919872,601862144,114090264,95883264,18123768,2904,7449760,22132800,1256565,3636,3636,0,0,0,0,0,0,0,0,0.061,0.067,0.000,0,0,0,3636,3636,0,0
travel,17.361,416.6,423.086,423.086,fly,0.845,ok,2601,0,0,192.00,451919872,601862144,114090264,95883264,18123768,2904,7449760,22132800,1256565,3636,3636,0,0,0,0,0,0,0,0,0.063,0.064,0.000,0,0,0,3636,3636,0,0
travel,17.392,417.3,423.605,423.605,fly,0.845,ok,2601,0,0,192.00,451919872,601862144,114090264,95883264,18123768,2904,7449760,22132800,1256565,3636,3636,0,0,0,0,0,0,0,0,0.062,0.066,0.000,0,0,0,3636,3636,0,0
travel,17.431,418.3,424.268,424.268,fly,0.915,ok,2601,0,133,192.00,451919872,601862144,114090264,95883264,18123768,2904,11174640,15193296,1281441,3737,3737,0,0,10,0,0,0,0,0,0.064,0.092,0.000,0,0,0,3737,3737,0,0
travel,17.462,419.0,424.791,424.791,fly,0.860,ok,2601,0,0,192.00,451919872,601862144,114090264,95883264,18123768,2904,11174640,22132800,1312465,3737,3737,0,0,5,0,0,0,0,0,0.067,0.073,0.000,0,0,0,3737,3737,0,0
travel,17.492,419.7,425.307,425.307,fly,0.852,ok,2601,0,0,192.00,451919872,601862144,114090264,95883264,18123768,2904,11174640,22132800,1312465,3737,3737,0,0,0,0,0,0,0,0,0.067,0.066,0.000,0,0,0,3737,3737,0,0
travel,17.523,420.5,425.833,425.833,fly,0.859,ok,2601,0,0,192.00,451919872,601862144,114090264,95883264,18123768,2904,11174640,22132800,1312465,3737,3737,0,0,0,0,0,0,0,0,0.063,0.067,0.000,0,0,0,3737,3737,0,0
travel,17.553,421.2,426.348,426.348,fly,0.852,ok,2601,0,0,192.00,451919872,601862144,114090264,95883264,18123768,2904,11174640,22132800,1312465,3737,3737,0,0,0,0,0,0,0,0,0.065,0.068,0.000,0,0,0,3737,3737,0,0
travel,17.584,422.0,426.864,426.864,fly,0.888,ok,2601,0,0,192.00,451919872,601862144,114090264,95883264,18123768,2904,11174640,22132800,1312465,3737,3737,0,0,0,0,0,0,0,0,0.064,0.075,0.000,0,0,0,3737,3737,0,0
travel,17.614,422.7,427.378,427.378,fly,0.996,ok,2601,0,0,192.00,451919872,601862144,114090264,95883264,18123768,2904,7449760,22132800,1312465,3737,3737,0,0,0,0,0,0,0,0,0.175,0.088,0.000,0,0,0,3737,3737,0,0
travel,17.644,423.4,427.891,427.891,fly,0.852,ok,2601,0,0,192.00,451919872,601862144,114090264,95883264,18123768,2904,7449760,22132800,1312465,3737,3737,0,0,0,0,0,0,0,0,0.064,0.066,0.000,0,0,0,3737,3737,0,0
travel,17.675,424.1,428.414,428.414,fly,0.884,ok,2601,0,0,192.00,451919872,601862144,114090264,95883264,18123768,2904,7449760,22132800,1312465,3737,3737,0,0,0,0,0,0,0,0,0.064,0.075,0.000,0,0,0,3737,3737,0,0
travel,17.706,424.9,428.931,428.931,fly,0.859,ok,2601,0,0,192.00,451919872,601862144,114090264,95883264,18123768,2904,7449760,22132800,1312465,3737,3737,0,0,0,0,0,0,0,0,0.062,0.077,0.000,0,0,0,3737,3737,0,0
travel,17.736,425.6,429.449,429.449,fly,0.849,ok,2601,0,0,192.00,451919872,601862144,114090264,95883264,18123768,2904,7449760,22132800,1312465,3737,3737,0,0,0,0,0,0,0,0,0.063,0.065,0.000,0,0,0,3737,3737,0,0
travel,17.768,426.4,429.987,429.987,fly,0.854,ok,2601,0,0,192.00,451919872,601862144,114090264,95883264,18123768,2904,7449760,22132800,1312465,3737,3737,0,0,0,0,0,0,0,0,0.064,0.069,0.000,0,0,0,3737,3737,0,0
travel,17.798,427.1,430.502,430.502,fly,0.849,ok,2601,0,0,192.00,451919872,601862144,114090264,95883264,18123768,2904,7449760,22132800,1312465,3737,3737,0,0,0,0,0,0,0,0,0.063,0.065,0.000,0,0,0,3737,3737,0,0
travel,17.829,427.8,431.024,431.024,fly,0.850,ok,2601,0,0,192.00,451919872,601862144,114090264,95883264,18123768,2904,7449760,22132800,1312465,3737,3737,0,0,0,0,0,0,0,0,0.062,0.069,0.000,0,0,0,3737,3737,0,0
travel,17.859,428.6,431.535,431.535,fly,0.854,ok,2601,0,0,192.00,451919872,601862144,114090264,95883264,18123768,2904,7449760,22132800,1312465,3737,3737,0,0,0,0,0,0,0,0,0.064,0.071,0.000,0,0,0,3737,3737,0,0
travel,17.897,429.5,432.169,432.169,fly,2.834,ok,2601,0,156,192.00,451932160,601862144,114090264,95883264,18123768,2904,11174640,13993248,1330029,3838,3838,28,0,50,28,28,0,0,0,0.062,0.082,0.000,0,0,0,3838,3838,0,0
travel,17.929,430.2,432.718,432.718,fly,0.852,ok,2601,0,4,192.00,451944448,601862144,114090264,95883264,18123768,2904,11174640,21924000,1367200,3838,3838,0,0,8,0,0,0,0,0,0.062,0.066,0.000,0,0,0,3838,3838,0,0
travel,17.960,431.0,433.239,433.239,fly,0.881,ok,2601,0,0,192.00,451944448,601862144,114090264,95883264,18123768,2904,11174640,22132800,1367237,3838,3838,0,0,0,0,0,0,0,0,0.065,0.072,0.000,0,0,0,3838,3838,0,0
travel,17.991,431.7,433.763,433.763,fly,0.862,ok,2601,0,0,192.00,451948544,601862144,114090264,95883264,18123768,2904,11174640,22132800,1367237,3838,3838,0,0,0,0,0,0,0,0,0.064,0.066,0.000,0,0,0,3838,3838,0,0
travel,18.021,432.4,434.275,434.275,fly,0.848,ok,2601,0,0,192.00,451948544,601862144,114090264,95883264,18123768,2904,11174640,22132800,1367237,3838,3838,0,0,0,0,0,0,0,0,0.064,0.069,0.000,0,0,0,3838,3838,0,0
travel,18.051,433.2,434.791,434.791,fly,0.854,ok,2601,0,0,192.00,451948544,601862144,114090264,95883264,18123768,2904,11174640,22132800,1367237,3838,3838,0,0,0,0,0,0,0,0,0.064,0.067,0.000,0,0,0,3838,3838,0,0
travel,18.082,433.9,435.305,435.305,fly,0.895,ok,2601,0,0,192.00,451948544,601862144,114090264,95883264,18123768,2904,7449760,22132800,1367237,3838,3838,0,0,0,0,0,0,0,0,0.065,0.075,0.000,0,0,0,3838,3838,0,0
travel,18.112,434.6,435.827,435.827,fly,0.832,ok,2601,0,0,192.00,451948544,601862144,114090264,95883264,18123768,2904,7449760,22132800,1367237,3838,3838,0,0,0,0,0,0,0,0,0.063,0.068,0.000,0,0,0,3838,3838,0,0
travel,18.143,435.4,436.342,436.342,fly,0.835,ok,2601,0,0,192.00,451948544,601862144,114090264,95883264,18123768,2904,7449760,22132800,1367237,3838,3838,0,0,0,0,0,0,0,0,0.064,0.065,0.000,0,0,0,3838,3838,0,0
travel,18.173,436.1,436.853,436.853,fly,0.950,ok,2601,0,0,192.00,451948544,601862144,114090264,95883264,18123768,2904,7449760,22132800,1367237,3838,3838,0,0,0,0,0,0,0,0,0.068,0.079,0.000,0,0,0,3838,3838,0,0
travel,18.203,436.8,437.366,437.366,fly,0.883,ok,2601,0,0,192.00,451948544,601862144,114090264,95883264,18123768,2904,7449760,22132800,1367237,3838,3838,0,0,0,0,0,0,0,0,0.063,0.072,0.000,0,0,0,3838,3838,0,0
travel,18.233,437.5,437.882,437.882,fly,0.882,ok,2601,0,0,192.00,451948544,601862144,114090264,95883264,18123768,2904,7449760,22132800,1367237,3838,3838,0,0,0,0,0,0,0,0,0.063,0.080,0.000,0,0,0,3838,3838,0,0
travel,18.264,438.3,438.405,438.405,fly,0.861,ok,2601,0,0,192.00,451948544,601862144,114090264,95883264,18123768,2904,7449760,22132800,1367237,3838,3838,0,0,0,0,0,0,0,0,0.066,0.066,0.000,0,0,0,3838,3838,0,0
travel,18.295,439.0,438.933,438.933,fly,0.884,ok,2601,0,0,192.00,451948544,601862144,114090264,95883264,18123768,2904,7449760,22132800,1367237,3838,3838,0,0,0,0,0,0,0,0,0.063,0.077,0.000,0,0,0,3838,3838,0,0
travel,18.326,439.8,439.456,439.456,fly,0.848,ok,2601,0,0,192.00,451948544,601862144,114090264,95883264,18123768,2904,7449760,22132800,1367237,3838,3838,0,0,0,0,0,0,0,0,0.062,0.066,0.000,0,0,0,3838,3838,0,0
travel,18.357,440.5,439.979,439.979,fly,0.839,ok,2601,0,0,192.00,451948544,601862144,114090264,95883264,18123768,2904,7449760,22132800,1367237,3838,3838,0,0,0,0,0,0,0,0,0.062,0.069,0.000,0,0,0,3838,3838,0,0
travel,18.395,441.4,440.626,440.626,fly,0.860,ok,2601,0,31,192.00,452046848,601931776,114090264,95883264,18123768,2904,11174640,20515248,1416745,3939,3939,0,0,5,0,0,0,0,69632,0.063,0.068,0.000,0,0,0,3939,3939,0,0
travel,18.429,442.2,441.192,441.192,fly,0.849,ok,2601,0,0,192.00,452243456,602140672,114090264,95883264,18123768,2904,11174640,22132800,1422925,3939,3939,0,0,0,0,0,0,0,0,0.063,0.065,0.000,0,0,0,3939,3939,0,0
travel,18.459,442.9,441.706,441.706,fly,0.860,ok,2601,0,0,192.00,452243456,602140672,114090264,95883264,18123768,2904,11174640,22132800,1422925,3939,3939,0,0,0,0,0,0,0,0,0.071,0.066,0.000,0,0,0,3939,3939,0,0
travel,18.489,443.7,442.221,442.221,fly,0.851,ok,2601,0,0,192.00,452243456,602140672,114090264,95883264,18123768,2904,11174640,22132800,1422925,3939,3939,0,0,0,0,0,0,0,0,0.063,0.067,0.000,0,0,0,3939,3939,0,0
travel,18.520,444.4,442.734,442.734,fly,0.967,ok,2601,0,0,192.00,452247552,602140672,114090264,95883264,18123768,2904,11174640,22132800,1422925,3939,3939,0,0,0,0,0,0,0,0,0.071,0.107,0.000,0,0,0,3939,3939,0,0
travel,18.550,445.1,443.243,443.243,fly,0.854,ok,2601,0,0,192.00,452247552,602140672,114090264,95883264,18123768,2904,7449760,22132800,1422925,3939,3939,0,0,0,0,0,0,0,0,0.063,0.064,0.000,0,0,0,3939,3939,0,0
travel,18.580,445.9,443.764,443.764,fly,0.834,ok,2601,0,0,192.00,452247552,602140672,114090264,95883264,18123768,2904,7449760,22132800,1422925,3939,3939,0,0,0,0,0,0,0,0,0.061,0.064,0.000,0,0,0,3939,3939,0,0
travel,18.610,446.6,444.277,444.277,fly,0.880,ok,2601,0,0,192.00,452247552,602140672,114090264,95883264,18123768,2904,7449760,22132800,1422925,3939,3939,0,0,0,0,0,0,0,0,0.066,0.075,0.000,0,0,0,3939,3939,0,0
travel,18.641,447.3,444.793,444.793,fly,0.830,ok,2601,0,0,192.00,452247552,602140672,114090264,95883264,18123768,2904,7449760,22132800,1422925,3939,3939,0,0,0,0,0,0,0,0,0.063,0.063,0.000,0,0,0,3939,3939,0,0
travel,18.671,448.0,445.310,445.310,fly,0.878,ok,2601,0,0,192.00,452247552,602140672,114090264,95883264,18123768,2904,7449760,22132800,1422925,3939,3939,0,0,0,0,0,0,0,0,0.065,0.069,0.000,0,0,0,3939,3939,0,0
travel,18.702,448.8,445.825,445.825,fly,0.855,ok,2601,0,0,192.00,452247552,602140672,114090264,95883264,18123768,2904,7449760,22132800,1422925,3939,3939,0,0,0,0,0,0,0,0,0.065,0.071,0.000,0,0,0,3939,3939,0,0
travel,18.732,449.5,446.345,446.345,fly,0.840,ok,2601,0,0,192.00,452247552,602140672,114090264,95883264,18123768,2904,7449760,22132800,1422925,3939,3939,0,0,0,0,0,0,0,0,0.062,0.068,0.000,0,0,0,3939,3939,0,0
travel,18.763,450.2,446.863,446.863,fly,0.905,ok,2601,0,0,192.00,452247552,602140672,114090264,95883264,18123768,2904,7449760,22132800,1422925,3939,3939,0,0,0,0,0,0,0,0,0.133,0.068,0.000,0,0,0,3939,3939,0,0
travel,18.793,451.0,447.376,447.376,fly,0.837,ok,2601,0,0,192.00,452247552,602140672,114090264,95883264,18123768,2904,7449760,22132800,1422925,3939,3939,0,0,0,0,0,0,0,0,0.064,0.067,0.000,0,0,0,3939,3939,0,0
travel,18.824,451.7,447.892,447.892,fly,0.935,ok,2601,0,0,192.00,452247552,602140672,114090264,95883264,18123768,2904,7449760,22132800,1422925,3939,3939,0,0,0,0,0,0,0,0,0.079,0.112,0.000,0,0,0,3939,3939,0,0
travel,18.865,452.7,448.596,448.596,fly,1.135,ok,2601,0,52,192.00,452390912,602296320,114090264,95883264,18123768,2904,11174640,19419552,1250894,4040,4040,0,0,4,0,0,0,0,0,0.068,0.082,0.000,0,0,0,4040,4040,0,0
travel,18.896,453.4,449.118,449.118,fly,0.842,ok,2601,0,0,192.00,452390912,602296320,114090264,95883264,18123768,2904,11174640,22132800,1262004,4040,4040,0,0,0,0,0,0,0,0,0.065,0.062,0.000,0,0,0,4040,4040,0,0
travel,18.926,454.1,449.632,449.632,fly,0.893,ok,2601,0,0,192.00,452390912,602296320,114090264,95883264,18123768,2904,11174640,22132800,1262004,4040,4040,0,0,0,0,0,0,0,0,0.065,0.081,0.000,0,0,0,4040,4040,0,0
travel,18.957,454.9,450.153,450.153,fly,0.849,ok,2601,0,0,192.00,452390912,602296320,114090264,95883264,18123768,2904,11174640,22132800,1262004,4040,4040,0,0,0,0,0,0,0,0,0.065,0.068,0.000,0,0,0,4040,4040,0,0
travel,18.987,455.6,450.672,450.672,fly,0.848,ok,2601,0,0,192.00,452390912,602296320,114090264,95883264,18123768,2904,11174640,22132800,1262004,4040,4040,0,0,0,0,0,0,0,0,0.065,0.066,0.000,0,0,0,4040,4040,0,0
travel,19.018,456.3,451.182,451.182,fly,0.854,ok,2601,0,0,192.00,452390912,602296320,114090264,95883264,18123768,2904,7449760,22132800,1262004,4040,4040,0,0,0,0,0,0,0,0,0.062,0.072,0.000,0,0,0,4040,4040,0,0
travel,19.048,457.1,451.700,451.700,fly,0.847,ok,2601,0,0,192.00,452390912,602296320,114090264,95883264,18123768,2904,7449760,22132800,1262004,4040,4040,0,0,0,0,0,0,0,0,0.064,0.068,0.000,0,0,0,4040,4040,0,0
travel,19.079,457.8,452.221,452.221,fly,1.310,ok,2601,0,0,192.00,452395008,602296320,114090264,95883264,18123768,2904,7449760,22132800,1262004,4040,4040,0,0,0,0,0,0,0,0,0.513,0.065,0.000,0,0,0,4040,4040,0,0
travel,19.110,458.6,452.744,452.744,fly,0.879,ok,2601,0,0,192.00,452395008,602296320,114090264,95883264,18123768,2904,7449760,22132800,1262004,4040,4040,0,0,0,0,0,0,0,0,0.064,0.075,0.000,0,0,0,4040,4040,0,0
travel,19.140,459.3,453.256,453.256,fly,0.854,ok,2601,0,0,192.00,452395008,602296320,114090264,95883264,18123768,2904,7449760,22132800,1262004,4040,4040,0,0,0,0,0,0,0,0,0.067,0.067,0.000,0,0,0,4040,4040,0,0
travel,19.170,460.0,453.769,453.769,fly,0.840,ok,2601,0,0,192.00,452395008,602296320,114090264,95883264,18123768,2904,7449760,22132800,1262004,4040,4040,0,0,0,0,0,0,0,0,0.061,0.065,0.000,0,0,0,4040,4040,0,0
travel,19.201,460.7,454.291,454.291,fly,0.845,ok,2601,0,0,192.00,452395008,602296320,114090264,95883264,18123768,2904,7449760,22132800,1262004,4040,4040,0,0,0,0,0,0,0,0,0.062,0.068,0.000,0,0,0,4040,4040,0,0
travel,19.232,461.5,454.818,454.818,fly,0.853,ok,2601,0,0,192.00,452395008,602296320,114090264,95883264,18123768,2904,7449760,22132800,1262004,4040,4040,0,0,0,0,0,0,0,0,0.065,0.069,0.000,0,0,0,4040,4040,0,0
travel,19.262,462.2,455.335,455.335,fly,0.865,ok,2601,0,0,192.00,452395008,602296320,114090264,95883264,18123768,2904,7449760,22132800,1262004,4040,4040,0,0,0,0,0,0,0,0,0.064,0.072,0.000,0,0,0,4040,4040,0,0
travel,19.293,462.9,455.850,455.850,fly,0.846,ok,2601,0,0,192.00,452395008,602296320,114090264,95883264,18123768,2904,7449760,22132800,1262004,4040,4040,0,0,0,0,0,0,0,0,0.064,0.066,0.000,0,0,0,4040,4040,0,0
travel,19.332,463.9,456.510,456.510,fly,0.873,ok,2601,0,51,192.00,452460544,602296320,114090264,95883264,18123768,2904,11174640,19471728,1308563,4141,4141,0,0,3,0,0,0,0,0,0.064,0.077,0.000,0,0,0,4141,4141,0,0
travel,19.362,464.6,457.033,457.033,fly,0.855,ok,2601,0,0,192.00,452460544,602296320,114090264,95883264,18123768,2904,11174640,22132800,1317908,4141,4141,0,0,0,0,0,0,0,0,0.064,0.067,0.000,0,0,0,4141,4141,0,0
travel,19.393,465.4,457.556,457.556,fly,0.848,ok,2601,0,0,192.00,452460544,602296320,114090264,95883264,18123768,2904,11174640,22132800,1317908,4141,4141,0,0,0,0,0,0,0,0,0.069,0.063,0.000,0,0,0,4141,4141,0,0
travel,19.424,466.1,458.074,458.074,fly,0.849,ok,2601,0,0,192.00,452460544,602296320,114090264,95883264,18123768,2904,11174640,22132800,1317908,4141,4141,0,0,0,0,0,0,0,0,0.065,0.068,0.000,0,0,0,4141,4141,0,0
travel,19.454,466.8,458.589,458.589,fly,1.219,ok,2601,0,0,192.00,452460544,602296320,114090264,95883264,18123768,2904,11174640,22132800,1317908,4141,4141,0,0,0,0,0,0,0,0,0.387,0.081,0.000,0,0,0,4141,4141,0,0
travel,19.485,467.6,459.114,459.114,fly,1.159,ok,2601,0,0,192.00,452460544,602296320,114090264,95883264,18123768,2904,7449760,22132800,1317908,4141,4141,0,0,0,0,0,0,0,0,0.078,0.108,0.000,0,0,0,4141,4141,0,0
travel,19.515,468.3,459.628,459.628,fly,0.915,ok,2601,0,0,192.00,452460544,602296320,114090264,95883264,18123768,2904,7449760,22132800,1317908,4141,4141,0,0,0,0,0,0,0,0,0.110,0.072,0.000,0,0,0,4141,4141,0,0
travel,19.546,469.0,460.147,460.147,fly,0.864,ok,2601,0,0,192.00,452460544,602296320,114090264,95883264,18123768,2904,7449760,22132800,1317908,4141,4141,0,0,0,0,0,0,0,0,0.064,0.066,0.000,0,0,0,4141,4141,0,0
travel,19.577,469.8,460.664,460.664,fly,0.851,ok,2601,0,0,192.00,452460544,602296320,114090264,95883264,18123768,2904,7449760,22132800,1317908,4141,4141,0,0,0,0,0,0,0,0,0.065,0.066,0.000,0,0,0,4141,4141,0,0
travel,19.607,470.5,461.179,461.179,fly,0.848,ok,2601,0,0,192.00,452464640,602296320,114090264,95883264,18123768,2904,7449760,22132800,1317908,4141,4141,0,0,0,0,0,0,0,0,0.068,0.068,0.000,0,0,0,4141,4141,0,0
travel,19.637,471.2,461.695,461.695,fly,0.850,ok,2601,0,0,192.00,452464640,602296320,114090264,95883264,18123768,2904,7449760,22132800,1317908,4141,4141,0,0,0,0,0,0,0,0,0.064,0.067,0.000,0,0,0,4141,4141,0,0
travel,19.668,471.9,462.219,462.219,fly,0.866,ok,2601,0,0,192.00,452464640,602296320,114090264,95883264,18123768,2904,7449760,22132800,1317908,4141,4141,0,0,0,0,0,0,0,0,0.068,0.071,0.000,0,0,0,4141,4141,0,0
travel,19.698,472.7,462.730,462.730,fly,1.619,ok,2601,0,0,192.00,452464640,602296320,114090264,95883264,18123768,2904,7449760,22132800,1317908,4141,4141,0,0,0,0,0,0,0,0,0.814,0.071,0.000,0,0,0,4141,4141,0,0
travel,19.730,473.4,463.258,463.258,fly,0.867,ok,2601,0,0,192.00,452464640,602296320,114090264,95883264,18123768,2904,7449760,22132800,1317908,4141,4141,0,0,0,0,0,0,0,0,0.070,0.066,0.000,0,0,0,4141,4141,0,0
travel,19.760,474.2,463.781,463.781,fly,0.854,ok,2601,0,0,192.00,452464640,602296320,114090264,95883264,18123768,2904,7449760,22132800,1317908,4141,4141,0,0,0,0,0,0,0,0,0.063,0.068,0.000,0,0,0,4141,4141,0,0
travel,19.799,475.1,464.439,464.439,fly,0.843,ok,2601,0,65,192.00,452481024,602296320,114090264,95883264,18123768,2904,11174640,18741264,1359437,4242,4242,0,0,3,0,0,0,0,0,0.066,0.066,0.000,0,0,0,4242,4242,0,0
travel,19.830,475.8,464.969,464.969,fly,0.855,ok,2601,0,0,192.00,452481024,602296320,114090264,95883264,18123768,2904,11174640,22132800,1373012,4242,4242,0,0,0,0,0,0,0,0,0.069,0.066,0.000,0,0,0,4242,4242,0,0
travel,19.860,476.6,465.480,465.480,fly,0.850,ok,2601,0,0,192.00,452481024,602296320,114090264,95883264,18123768,2904,11174640,22132800,1373012,4242,4242,0,0,0,0,0,0,0,0,0.063,0.067,0.000,0,0,0,4242,4242,0,0
travel,19.891,477.3,466.005,466.005,fly,0.905,ok,2601,0,0,192.00,452481024,602296320,114090264,95883264,18123768,2904,11174640,22132800,1373012,4242,4242,0,0,0,0,0,0,0,0,0.065,0.070,0.000,0,0,0,4242,4242,0,0
travel,19.922,478.0,466.519,466.519,fly,1.439,ok,2601,0,0,192.00,452481024,602296320,114090264,95883264,18123768,2904,11174640,22132800,1373012,4242,4242,0,0,0,0,0,0,0,0,0.416,0.102,0.000,0,0,0,4242,4242,0,0
travel,19.953,478.8,467.045,467.045,fly,0.848,ok,2601,0,0,192.00,452481024,602296320,114090264,95883264,18123768,2904,7449760,22132800,1373012,4242,4242,0,0,0,0,0,0,0,0,0.064,0.065,0.000,0,0,0,4242,4242,0,0
travel,19.984,479.5,467.573,467.573,fly,0.850,ok,2601,0,0,192.00,452481024,602296320,114090264,95883264,18123768,2904,7449760,22132800,1373012,4242,4242,0,0,0,0,0,0,0,0,0.064,0.068,0.000,0,0,0,4242,4242,0,0
travel,20.014,480.3,468.091,468.091,fly,0.878,ok,2601,0,0,192.00,452481024,602296320,114090264,95883264,18123768,2904,7449760,22132800,1373012,4242,4242,0,0,0,0,0,0,0,0,0.065,0.076,0.000,0,0,0,4242,4242,0,0
travel,20.045,481.0,468.617,468.617,fly,0.848,ok,2601,0,0,192.00,452481024,602296320,114090264,95883264,18123768,2904,7449760,22132800,1373012,4242,4242,0,0,0,0,0,0,0,0,0.063,0.067,0.000,0,0,0,4242,4242,0,0
travel,20.076,481.7,469.132,469.132,fly,0.877,ok,2601,0,0,192.00,452481024,602296320,114090264,95883264,18123768,2904,7449760,22132800,1373012,4242,4242,0,0,0,0,0,0,0,0,0.064,0.078,0.000,0,0,0,4242,4242,0,0
travel,20.106,482.5,469.644,469.644,fly,0.852,ok,2601,0,0,192.00,452481024,602296320,114090264,95883264,18123768,2904,7449760,22132800,1373012,4242,4242,0,0,0,0,0,0,0,0,0.063,0.068,0.000,0,0,0,4242,4242,0,0
travel,20.136,483.2,470.161,470.161,fly,0.857,ok,2601,0,0,192.00,452485120,602296320,114090264,95883264,18123768,2904,7449760,22132800,1373012,4242,4242,0,0,0,0,0,0,0,0,0.064,0.065,0.000,0,0,0,4242,4242,0,0
travel,20.167,483.9,470.676,470.676,fly,1.317,ok,2601,0,0,192.00,452485120,602296320,114090264,95883264,18123768,2904,7449760,22132800,1373012,4242,4242,0,0,0,0,0,0,0,0,0.514,0.070,0.000,0,0,0,4242,4242,0,0
travel,20.197,484.6,471.192,471.192,fly,0.842,ok,2601,0,0,192.00,452485120,602296320,114090264,95883264,18123768,2904,7449760,22132800,1373012,4242,4242,0,0,0,0,0,0,0,0,0.064,0.069,0.000,0,0,0,4242,4242,0,0
travel,20.228,485.4,471.710,471.710,fly,0.852,ok,2601,0,0,192.00,452485120,602296320,114090264,95883264,18123768,2904,7449760,22132800,1373012,4242,4242,0,0,0,0,0,0,0,0,0.064,0.066,0.000,0,0,0,4242,4242,0,0
travel,20.266,486.3,472.356,472.356,fly,0.859,ok,2601,0,96,192.00,452485120,602296320,114090264,95883264,18123768,2904,11174640,17123808,1408148,4343,4343,0,0,1,0,0,0,0,0,0.067,0.067,0.000,0,0,0,4343,4343,0,0
travel,20.297,487.0,472.888,472.888,fly,0.871,ok,2601,0,0,192.00,452485120,602296320,114090264,95883264,18123768,2904,11174640,22132800,1424492,4343,4343,0,0,0,0,0,0,0,0,0.069,0.074,0.000,0,0,0,4343,4343,0,0
travel,20.327,487.8,473.401,473.401,fly,0.872,ok,2601,0,0,192.00,452485120,602296320,114090264,95883264,18123768,2904,11174640,22132800,1424492,4343,4343,0,0,0,0,0,0,0,0,0.067,0.070,0.000,0,0,0,4343,4343,0,0
travel,20.358,488.5,473.926,473.926,fly,0.863,ok,2601,0,0,192.00,452485120,602296320,114090264,95883264,18123768,2904,11174640,22132800,1424492,4343,4343,0,0,0,0,0,0,0,0,0.070,0.068,0.000,0,0,0,4343,4343,0,0
travel,20.389,489.2,474.443,474.443,fly,1.472,ok,2601,0,0,192.00,452485120,602296320,114090264,95883264,18123768,2904,11174640,22132800,1424492,4343,4343,0,0,0,0,0,0,0,0,0.666,0.066,0.000,0,0,0,4343,4343,0,0
travel,20.420,490.0,474.971,474.971,fly,0.872,ok,2601,0,0,192.00,452485120,602296320,114090264,95883264,18123768,2904,7449760,22132800,1424492,4343,4343,0,0,0,0,0,0,0,0,0.067,0.083,0.001,0,0,0,4343,4343,0,0
travel,20.450,490.7,475.483,475.483,fly,0.842,ok,2601,0,0,192.00,452485120,602296320,114090264,95883264,18123768,2904,7449760,22132800,1424492,4343,4343,0,0,0,0,0,0,0,0,0.065,0.067,0.000,0,0,0,4343,4343,0,0
travel,20.480,491.4,475.993,475.993,fly,0.869,ok,2601,0,0,192.00,452485120,602296320,114090264,95883264,18123768,2904,7449760,22132800,1424492,4343,4343,0,0,0,0,0,0,0,0,0.066,0.073,0.000,0,0,0,4343,4343,0,0
travel,20.511,492.2,476.517,476.517,fly,0.846,ok,2601,0,0,192.00,452485120,602296320,114090264,95883264,18123768,2904,7449760,22132800,1424492,4343,4343,0,0,0,0,0,0,0,0,0.069,0.069,0.000,0,0,0,4343,4343,0,0
travel,20.542,492.9,477.039,477.039,fly,0.975,ok,2601,0,0,192.00,452485120,602296320,114090264,95883264,18123768,2904,7449760,22132800,1424492,4343,4343,0,0,0,0,0,0,0,0,0.071,0.118,0.000,0,0,0,4343,4343,0,0
travel,20.572,493.6,477.555,477.555,fly,0.835,ok,2601,0,0,192.00,452485120,602296320,114090264,95883264,18123768,2904,7449760,22132800,1424492,4343,4343,0,0,0,0,0,0,0,0,0.065,0.065,0.000,0,0,0,4343,4343,0,0
travel,20.603,494.4,478.075,478.075,fly,0.939,ok,2601,0,0,192.00,452485120,602296320,114090264,95883264,18123768,2904,7449760,22132800,1424492,4343,4343,0,0,0,0,0,0,0,0,0.069,0.082,0.000,0,0,0,4343,4343,0,0
travel,20.633,495.1,478.587,478.587,fly,1.184,ok,2601,0,0,192.00,452485120,602296320,114090264,95883264,18123768,2904,7449760,22132800,1424492,4343,4343,0,0,0,0,0,0,0,0,0.398,0.061,0.000,0,0,0,4343,4343,0,0
travel,20.664,495.8,479.105,479.105,fly,0.850,ok,2601,0,0,192.00,452489216,602296320,114090264,95883264,18123768,2904,7449760,22132800,1424492,4343,4343,0,0,0,0,0,0,0,0,0.068,0.065,0.000,0,0,0,4343,4343,0,0
travel,20.695,496.6,479.633,479.633,fly,0.946,ok,2601,0,0,192.00,452489216,602296320,114090264,95883264,18123768,2904,7449760,22132800,1424492,4343,4343,0,0,0,0,0,0,0,0,0.070,0.087,0.000,0,0,0,4343,4343,0,0
travel,20.735,497.5,480.321,480.321,fly,0.884,ok,2601,0,121,192.00,452825088,602677248,114090264,95883264,18123768,2904,11174640,15819408,1232673,4444,4444,0,0,4,0,0,0,0,0,0.069,0.070,0.000,0,0,0,4444,4444,0,0
travel,20.766,498.3,480.848,480.848,fly,0.860,ok,2601,0,0,192.00,452825088,602677248,114090264,95883264,18123768,2904,11174640,22132800,1259790,4444,4444,0,0,0,0,0,0,0,0,0.066,0.069,0.000,0,0,0,4444,4444,0,0
travel,20.797,499.0,481.369,481.369,fly,0.901,ok,2601,0,0,192.00,452825088,602677248,114090264,95883264,18123768,2904,11174640,22132800,1259790,4444,4444,0,0,0,0,0,0,0,0,0.069,0.069,0.000,0,0,0,4444,4444,0,0
travel,20.828,499.8,481.890,481.890,fly,0.856,ok,2601,0,0,192.00,452825088,602677248,114090264,95883264,18123768,2904,11174640,22132800,1259790,4444,4444,0,0,0,0,0,0,0,0,0.066,0.068,0.000,0,0,0,4444,4444,0,0
travel,20.859,500.5,482.422,482.422,fly,0.965,ok,2601,0,0,192.00,452829184,602677248,114090264,95883264,18123768,2904,11174640,22132800,1259790,4444,4444,0,0,0,0,0,0,0,0,0.075,0.108,0.000,0,0,0,4444,4444,0,0
travel,20.890,501.3,482.939,482.939,fly,0.866,ok,2601,0,0,192.00,452829184,602677248,114090264,95883264,18123768,2904,7449760,22132800,1259790,4444,4444,0,0,0,0,0,0,0,0,0.066,0.063,0.000,0,0,0,4444,4444,0,0
travel,20.921,502.0,483.461,483.461,fly,0.859,ok,2601,0,0,192.00,452829184,602677248,114090264,95883264,18123768,2904,7449760,22132800,1259790,4444,4444,0,0,0,0,0,0,0,0,0.065,0.068,0.000,0,0,0,4444,4444,0,0
travel,20.952,502.7,483.991,483.991,fly,0.859,ok,2601,0,0,192.00,452829184,602677248,114090264,95883264,18123768,2904,7449760,22132800,1259790,4444,4444,0,0,0,0,0,0,0,0,0.066,0.067,0.000,0,0,0,4444,4444,0,0
travel,20.982,503.5,484.509,484.509,fly,0.926,ok,2601,0,0,192.00,452829184,602677248,114090264,95883264,18123768,2904,7449760,22132800,1259790,4444,4444,0,0,0,0,0,0,0,0,0.067,0.128,0.000,0,0,0,4444,4444,0,0
travel,21.013,504.2,485.026,485.026,fly,0.862,ok,2601,0,0,192.00,452829184,602677248,114090264,95883264,18123768,2904,7449760,22132800,1259790,4444,4444,0,0,0,0,0,0,0,0,0.066,0.070,0.000,0,0,0,4444,4444,0,0
travel,21.044,504.9,485.550,485.550,fly,0.854,ok,2601,0,0,192.00,452829184,602677248,114090264,95883264,18123768,2904,7449760,22132800,1259790,4444,4444,0,0,0,0,0,0,0,0,0.066,0.065,0.000,0,0,0,4444,4444,0,0
travel,21.075,505.7,486.074,486.074,fly,0.847,ok,2601,0,0,192.00,452829184,602677248,114090264,95883264,18123768,2904,7449760,22132800,1259790,4444,4444,0,0,0,0,0,0,0,0,0.066,0.066,0.000,0,0,0,4444,4444,0,0
travel,21.105,506.4,486.597,486.597,fly,0.959,ok,2601,0,0,192.00,452829184,602677248,114090264,95883264,18123768,2904,7449760,22132800,1259790,4444,4444,0,0,0,0,0,0,0,0,0.075,0.112,0.000,0,0,0,4444,4444,0,0
travel,21.136,507.2,487.116,487.116,fly,0.871,ok,2601,0,0,192.00,452829184,602677248,114090264,95883264,18123768,2904,7449760,22132800,1259790,4444,4444,0,0,0,0,0,0,0,0,0.067,0.070,0.000,0,0,0,4444,4444,0,0
travel,21.166,507.9,487.630,487.630,fly,0.841,ok,2601,0,0,192.00,452829184,602677248,114090264,95883264,18123768,2904,7449760,22132800,1259790,4444,4444,0,0,0,0,0,0,0,0,0.065,0.068,0.000,0,0,0,4444,4444,0,0
travel,21.209,508.9,488.363,488.363,fly,0.960,ok,2601,0,88,192.00,452898816,602677248,114090264,95883264,18123768,2904,11174640,17541216,1297942,4545,4545,0,0,5,0,0,0,0,0,0.071,0.080,0.000,0,0,0,4545,4545,0,0
travel,21.241,509.7,488.892,488.892,fly,0.962,ok,2601,0,0,192.00,452898816,602677248,114090264,95883264,18123768,2904,11174640,22132800,1315954,4545,4545,0,0,0,0,0,0,0,0,0.071,0.113,0.000,0,0,0,4545,4545,0,0
travel,21.272,510.4,489.424,489.424,fly,0.864,ok,2601,0,0,192.00,452898816,602677248,114090264,95883264,18123768,2904,11174640,22132800,1315954,4545,4545,0,0,0,0,0,0,0,0,0.067,0.066,0.000,0,0,0,4545,4545,0,0
travel,21.303,511.2,489.943,489.943,fly,0.862,ok,2601,0,0,192.00,452898816,602677248,114090264,95883264,18123768,2904,11174640,22132800,1315954,4545,4545,0,0,0,0,0,0,0,0,0.067,0.069,0.000,0,0,0,4545,4545,0,0
travel,21.333,511.9,490.458,490.458,fly,0.888,ok,2601,0,0,192.00,452898816,602677248,114090264,95883264,18123768,2904,11174640,22132800,1315954,4545,4545,0,0,0,0,0,0,0,0,0.067,0.075,0.000,0,0,0,4545,4545,0,0
travel,21.364,512.6,490.987,490.987,fly,1.036,ok,2601,0,0,192.00,452898816,602677248,114090264,95883264,18123768,2904,7449760,22132800,1315954,4545,4545,0,0,0,0,0,0,0,0,0.071,0.229,0.000,0,0,0,4545,4545,0,0
travel,21.394,513.4,491.501,491.501,fly,0.850,ok,2601,0,0,192.00,452898816,602677248,114090264,95883264,18123768,2904,7449760,22132800,1315954,4545,4545,0,0,0,0,0,0,0,0,0.067,0.069,0.000,0,0,0,4545,4545,0,0
travel,21.425,514.1,492.018,492.018,fly,0.857,ok,2601,0,0,192.00,452898816,602677248,114090264,95883264,18123768,2904,7449760,22132800,1315954,4545,4545,0,0,0,0,0,0,0,0,0.069,0.068,0.000,0,0,0,4545,4545,0,0
travel,21.455,514.8,492.532,492.532,fly,0.876,ok,2601,0,0,192.00,452898816,602677248,114090264,95883264,18123768,2904,7449760,22132800,1315954,4545,4545,0,0,0,0,0,0,0,0,0.066,0.068,0.000,0,0,0,4545,4545,0,0
travel,21.486,515.5,493.046,493.046,fly,1.570,ok,2601,0,0,192.00,452898816,602677248,114090264,95883264,18123768,2904,7449760,22132800,1315954,4545,4545,0,0,0,0,0,0,0,0,0.681,0.138,0.000,0,0,0,4545,4545,0,0
travel,21.516,516.3,493.570,493.570,fly,0.863,ok,2601,0,0,192.00,452898816,602677248,114090264,95883264,18123768,2904,7449760,22132800,1315954,4545,4545,0,0,0,0,0,0,0,0,0.064,0.067,0.000,0,0,0,4545,4545,0,0
travel,21.547,517.0,494.084,494.084,fly,0.874,ok,2601,0,0,192.00,452898816,602677248,114090264,95883264,18123768,2904,7449760,22132800,1315954,4545,4545,0,0,0,0,0,0,0,0,0.066,0.073,0.000,0,0,0,4545,4545,0,0
travel,21.578,517.8,494.608,494.608,fly,0.886,ok,2601,0,0,192.00,452898816,602677248,114090264,95883264,18123768,2904,7449760,22132800,1315954,4545,4545,0,0,0,0,0,0,0,0,0.068,0.076,0.000,0,0,0,4545,4545,0,0
travel,21.609,518.5,495.140,495.140,fly,0.887,ok,2601,0,0,192.00,452898816,602677248,114090264,95883264,18123768,2904,7449760,22132800,1315954,4545,4545,0,0,0,0,0,0,0,0,0.068,0.075,0.000,0,0,0,4545,4545,0,0
travel,21.640,519.2,495.663,495.663,fly,0.837,ok,2601,0,0,192.00,452898816,602677248,114090264,95883264,18123768,2904,7449760,22132800,1315954,4545,4545,0,0,0,0,0,0,0,0,0.065,0.065,0.000,0,0,0,4545,4545,0,0
travel,21.680,520.2,496.339,496.339,fly,0.847,ok,2601,0,89,192.00,452898816,602677248,114090264,95883264,18123768,2904,11174640,17489040,1353256,4646,4646,0,0,5,0,0,0,0,0,0.067,0.069,0.000,0,0,0,4646,4646,0,0
travel,21.711,520.9,496.864,496.864,fly,0.830,ok,2601,0,0,192.00,452898816,602677248,114090264,95883264,18123768,2904,11174640,22132800,1370806,4646,4646,0,0,0,0,0,0,0,0,0.067,0.061,0.000,0,0,0,4646,4646,0,0
travel,21.741,521.7,497.380,497.380,fly,0.850,ok,2601,0,0,192.00,452902912,602677248,114090264,95883264,18123768,2904,11174640,22132800,1370806,4646,4646,0,0,0,0,0,0,0,0,0.069,0.068,0.000,0,0,0,4646,4646,0,0
travel,21.772,522.4,497.903,497.903,fly,0.839,ok,2601,0,0,192.00,452902912,602677248,114090264,95883264,18123768,2904,11174640,22132800,1370806,4646,4646,0,0,0,0,0,0,0,0,0.067,0.064,0.000,0,0,0,4646,4646,0,0
travel,21.802,523.1,498.420,498.420,fly,0.857,ok,2601,0,0,192.00,452902912,602677248,114090264,95883264,18123768,2904,11174640,22132800,1370806,4646,4646,0,0,0,0,0,0,0,0,0.067,0.067,0.000,0,0,0,4646,4646,0,0
travel,21.833,523.9,498.941,498.941,fly,0.849,ok,2601,0,0,192.00,452902912,602677248,114090264,95883264,18123768,2904,7449760,22132800,1370806,4646,4646,0,0,0,0,0,0,0,0,0.066,0.073,0.001,0,0,0,4646,4646,0,0
travel,21.864,524.6,499.474,499.474,fly,0.979,ok,2601,0,0,192.00,452902912,602677248,114090264,95883264,18123768,2904,7449760,22132800,1370806,4646,4646,0,0,0,0,0,0,0,0,0.070,0.087,0.000,0,0,0,4646,4646,0,0
travel,21.895,525.4,499.985,499.985,fly,0.856,ok,2601,0,0,192.00,452902912,602677248,114090264,95883264,18123768,2904,7449760,22132800,1370806,4646,4646,0,0,0,0,0,0,0,0,0.067,0.064,0.000,0,0,0,4646,4646,0,0
travel,21.925,526.1,500.505,500.505,fly,0.859,ok,2601,0,0,192.00,452902912,602677248,114090264,95883264,18123768,2904,7449760,22132800,1370806,4646,4646,0,0,0,0,0,0,0,0,0.065,0.067,0.000,0,0,0,4646,4646,0,0
travel,21.956,526.8,501.024,501.024,fly,0.977,ok,2601,0,0,192.00,452902912,602677248,114090264,95883264,18123768,2904,7449760,22132800,1370806,4646,4646,0,0,0,0,0,0,0,0,0.074,0.109,0.000,0,0,0,4646,4646,0,0
travel,21.986,527.5,501.534,501.534,fly,0.856,ok,2601,0,0,192.00,452902912,602677248,114090264,95883264,18123768,2904,7449760,22132800,1370806,4646,4646,0,0,0,0,0,0,0,0,0.065,0.066,0.000,0,0,0,4646,4646,0,0
travel,22.017,528.3,502.053,502.053,fly,0.878,ok,2601,0,0,192.00,452902912,602677248,114090264,95883264,18123768,2904,7449760,22132800,1370806,4646,4646,0,0,0,0,0,0,0,0,0.066,0.072,0.000,0,0,0,4646,4646,0,0
travel,22.047,529.0,502.569,502.569,fly,1.192,ok,2601,0,0,192.00,452902912,602677248,114090264,95883264,18123768,2904,7449760,22132800,1370806,4646,4646,0,0,0,0,0,0,0,0,0.381,0.071,0.000,0,0,0,4646,4646,0,0
travel,22.077,529.7,503.085,503.085,fly,0.833,ok,2601,0,0,192.00,452902912,602677248,114090264,95883264,18123768,2904,7449760,22132800,1370806,4646,4646,0,0,0,0,0,0,0,0,0.066,0.064,0.000,0,0,0,4646,4646,0,0
travel,22.108,530.5,503.603,503.603,fly,0.842,ok,2601,0,0,192.00,452902912,602677248,114090264,95883264,18123768,2904,7449760,22132800,1370806,4646,4646,0,0,0,0,0,0,0,0,0.064,0.065,0.000,0,0,0,4646,4646,0,0
travel,22.147,531.4,504.263,504.263,fly,0.884,ok,2601,0,131,192.00,452902912,602677248,114090264,95883264,18123768,2904,11174640,15297648,1396894,4747,4747,0,0,2,0,0,0,0,0,0.070,0.076,0.000,0,0,0,4747,4747,0,0
travel,22.178,532.2,504.791,504.791,fly,0.869,ok,2601,0,0,192.00,452902912,602677248,114090264,95883264,18123768,2904,11174640,22132800,1426662,4747,4747,0,0,0,0,0,0,0,0,0.067,0.068,0.000,0,0,0,4747,4747,0,0
travel,22.208,532.9,505.304,505.304,fly,0.861,ok,2601,0,0,192.00,452902912,602677248,114090264,95883264,18123768,2904,11174640,22132800,1426662,4747,4747,0,0,0,0,0,0,0,0,0.069,0.066,0.000,0,0,0,4747,4747,0,0
travel,22.239,533.6,505.821,505.821,fly,0.874,ok,2601,0,0,192.00,452902912,602677248,114090264,95883264,18123768,2904,11174640,22132800,1426662,4747,4747,0,0,0,0,0,0,0,0,0.068,0.071,0.000,0,0,0,4747,4747,0,0
travel,22.269,534.3,506.335,506.335,fly,1.319,ok,2601,0,0,192.00,452907008,602677248,114090264,95883264,18123768,2904,11174640,22132800,1426662,4747,4747,0,0,0,0,0,0,0,0,0.522,0.072,0.000,0,0,0,4747,4747,0,0
travel,22.300,535.1,506.858,506.858,fly,0.890,ok,2601,0,0,192.00,452907008,602677248,114090264,95883264,18123768,2904,11174640,22132800,1426662,4747,4747,0,0,0,0,0,0,0,0,0.068,0.075,0.000,0,0,0,4747,4747,0,0
travel,22.331,535.8,507.379,507.379,fly,0.864,ok,2601,0,0,192.00,452907008,602677248,114090264,95883264,18123768,2904,7449760,22132800,1426662,4747,4747,0,0,0,0,0,0,0,0,0.067,0.066,0.000,0,0,0,4747,4747,0,0
travel,22.361,536.5,507.893,507.893,fly,0.967,ok,2601,0,0,192.00,452907008,602677248,114090264,95883264,18123768,2904,7449760,22132800,1426662,4747,4747,0,0,0,0,0,0,0,0,0.075,0.107,0.000,0,0,0,4747,4747,0,0
travel,22.391,537.3,508.407,508.407,fly,0.865,ok,2601,0,0,192.00,452907008,602677248,114090264,95883264,18123768,2904,7449760,22132800,1426662,4747,4747,0,0,0,0,0,0,0,0,0.066,0.072,0.000,0,0,0,4747,4747,0,0
travel,22.422,538.0,508.929,508.929,fly,0.855,ok,2601,0,0,192.00,452907008,602677248,114090264,95883264,18123768,2904,7449760,22132800,1426662,4747,4747,0,0,0,0,0,0,0,0,0.066,0.067,0.000,0,0,0,4747,4747,0,0
travel,22.452,538.7,509.441,509.441,fly,0.856,ok,2601,0,0,192.00,452907008,602677248,114090264,95883264,18123768,2904,7449760,22132800,1426662,4747,4747,0,0,0,0,0,0,0,0,0.067,0.067,0.000,0,0,0,4747,4747,0,0
travel,22.482,539.5,509.956,509.956,fly,0.891,ok,2601,0,0,192.00,452907008,602677248,114090264,95883264,18123768,2904,7449760,22132800,1426662,4747,4747,0,0,0,0,0,0,0,0,0.067,0.077,0.000,0,0,0,4747,4747,0,0
travel,22.513,540.2,510.469,510.469,fly,1.122,ok,2601,0,0,192.00,452907008,602677248,114090264,95883264,18123768,2904,7449760,22132800,1426662,4747,4747,0,0,0,0,0,0,0,0,0.340,0.061,0.000,0,0,0,4747,4747,0,0
travel,22.543,540.9,510.980,510.980,fly,0.837,ok,2601,0,0,192.00,452907008,602677248,114090264,95883264,18123768,2904,7449760,22132800,1426662,4747,4747,0,0,0,0,0,0,0,0,0.065,0.065,0.000,0,0,0,4747,4747,0,0
travel,22.573,541.6,511.499,511.499,fly,0.899,ok,2601,0,0,192.00,452907008,602677248,114090264,95883264,18123768,2904,7449760,22132800,1426662,4747,4747,0,0,0,0,0,0,0,0,0.064,0.075,0.000,0,0,0,4747,4747,0,0
travel,22.604,542.4,512.012,512.012,fly,5.755,ok,2536,65,101,192.00,452907008,602677248,111239104,93487104,17670848,2904,11174640,14983728,1430390,4783,4848,36,101,36,36,36,0,0,0,0.540,0.136,0.000,0,0,0,4783,4783,0,0
travel,22.647,543.4,512.740,512.740,fly,0.957,ok,2601,0,0,192.00,452939776,602677248,114090264,95883264,18123768,2904,11174640,22132800,1261354,4848,4848,0,0,0,0,0,0,0,0,0.077,0.114,0.000,0,0,0,4848,4848,0,0
travel,22.677,544.1,513.256,513.256,fly,1.279,ok,2601,0,0,192.00,452939776,602677248,114090264,95883264,18123768,2904,11174640,22132800,1261354,4848,4848,0,0,0,0,0,0,0,0,0.466,0.067,0.000,0,0,0,4848,4848,0,0
travel,22.708,544.9,513.778,513.778,fly,0.866,ok,2601,0,0,192.00,452939776,602677248,114090264,95883264,18123768,2904,11174640,22132800,1261354,4848,4848,0,0,0,0,0,0,0,0,0.070,0.069,0.000,0,0,0,4848,4848,0,0
travel,22.738,545.6,514.291,514.291,fly,0.859,ok,2601,0,0,192.00,452939776,602677248,114090264,95883264,18123768,2904,11174640,22132800,1261354,4848,4848,0,0,0,0,0,0,0,0,0.067,0.065,0.000,0,0,0,4848,4848,0,0
travel,22.769,546.3,514.811,514.811,fly,0.888,ok,2601,0,0,192.00,452939776,602677248,114090264,95883264,18123768,2904,11174640,22132800,1261354,4848,4848,0,0,0,0,0,0,0,0,0.068,0.065,0.000,0,0,0,4848,4848,0,0
travel,22.800,547.1,515.335,515.335,fly,0.856,ok,2601,0,0,192.00,452943872,602677248,114090264,95883264,18123768,2904,7449760,22132800,1261354,4848,4848,0,0,0,0,0,0,0,0,0.066,0.065,0.000,0,0,0,4848,4848,0,0
travel,22.830,547.8,515.854,515.854,fly,0.863,ok,2601,0,0,192.00,452943872,602677248,114090264,95883264,18123768,2904,7449760,22132800,1261354,4848,4848,0,0,0,0,0,0,0,0,0.066,0.073,0.000,0,0,0,4848,4848,0,0
travel,22.861,548.5,516.371,516.371,fly,0.862,ok,2601,0,0,192.00,452943872,602677248,114090264,95883264,18123768,2904,7449760,22132800,1261354,4848,4848,0,0,0,0,0,0,0,0,0.067,0.066,0.000,0,0,0,4848,4848,0,0
travel,22.891,549.3,516.890,516.890,fly,0.853,ok,2601,0,0,192.00,452943872,602677248,114090264,95883264,18123768,2904,7449760,22132800,1261354,4848,4848,0,0,0,0,0,0,0,0,0.067,0.066,0.000,0,0,0,4848,4848,0,0
travel,22.922,550.0,517.410,517.410,fly,0.838,ok,2601,0,0,192.00,452943872,602677248,114090264,95883264,18123768,2904,7449760,22132800,1261354,4848,4848,0,0,0,0,0,0,0,0,0.067,0.064,0.000,0,0,0,4848,4848,0,0
travel,22.952,550.7,517.926,517.926,fly,0.963,ok,2601,0,0,192.00,452943872,602677248,114090264,95883264,18123768,2904,7449760,22132800,1261354,4848,4848,0,0,0,0,0,0,0,0,0.085,0.081,0.000,0,0,0,4848,4848,0,0
travel,22.983,551.5,518.444,518.444,fly,0.856,ok,2601,0,0,192.00,452943872,602677248,114090264,95883264,18123768,2904,7449760,22132800,1261354,4848,4848,0,0,0,0,0,0,0,0,0.066,0.065,0.000,0,0,0,4848,4848,0,0
travel,23.013,552.2,518.957,518.957,fly,1.418,ok,2601,0,0,192.00,452943872,602677248,114090264,95883264,18123768,2904,7449760,22132800,1261354,4848,4848,0,0,0,0,0,0,0,0,0.602,0.071,0.000,0,0,0,4848,4848,0,0
travel,23.044,552.9,519.474,519.474,fly,0.856,ok,2601,0,0,192.00,452943872,602677248,114090264,95883264,18123768,2904,7449760,22132800,1261354,4848,4848,0,0,0,0,0,0,0,0,0.065,0.066,0.000,0,0,0,4848,4848,0,0
travel,23.075,553.7,519.999,519.999,fly,0.913,ok,2601,0,0,192.00,452943872,602677248,114090264,95883264,18123768,2904,7449760,22132800,1261354,4848,4848,0,0,0,0,0,0,0,0,0.067,0.078,0.000,0,0,0,4848,4848,0,0
travel,23.113,554.6,520.650,520.650,fly,0.902,ok,2601,0,0,192.00,453468160,603201536,114090264,95883264,18123768,2904,11174640,22132800,1315918,4949,4949,0,0,8,0,0,0,0,0,0.069,0.076,0.000,0,0,0,4949,4949,0,0
travel,23.144,555.3,521.169,521.169,fly,0.874,ok,2601,0,0,192.00,453468160,603201536,114090264,95883264,18123768,2904,11174640,22132800,1315918,4949,4949,0,0,0,0,0,0,0,0,0.068,0.070,0.000,0,0,0,4949,4949,0,0
travel,23.174,556.0,521.682,521.682,fly,0.859,ok,2601,0,0,192.00,453468160,603201536,114090264,95883264,18123768,2904,11174640,22132800,1315918,4949,4949,0,0,0,0,0,0,0,0,0.066,0.067,0.000,0,0,0,4949,4949,0,0
travel,23.204,556.8,522.200,522.200,fly,0.862,ok,2601,0,0,192.00,453468160,603201536,114090264,95883264,18123768,2904,11174640,22132800,1315918,4949,4949,0,0,0,0,0,0,0,0,0.067,0.067,0.000,0,0,0,4949,4949,0,0
travel,23.234,557.5,522.710,522.710,fly,0.859,ok,2601,0,0,192.00,453468160,603201536,114090264,95883264,18123768,2904,11174640,22132800,1315918,4949,4949,0,0,0,0,0,0,0,0,0.067,0.064,0.000,0,0,0,4949,4949,0,0
travel,23.265,558.2,523.225,523.225,fly,0.890,ok,2601,0,0,192.00,453468160,603201536,114090264,95883264,18123768,2904,7449760,22132800,1315918,4949,4949,0,0,0,0,0,0,0,0,0.068,0.075,0.000,0,0,0,4949,4949,0,0
travel,23.295,559.0,523.741,523.741,fly,0.871,ok,2601,0,0,192.00,453468160,603201536,114090264,95883264,18123768,2904,7449760,22132800,1315918,4949,4949,0,0,0,0,0,0,0,0,0.065,0.070,0.000,0,0,0,4949,4949,0,0
travel,23.326,559.7,524.259,524.259,fly,0.858,ok,2601,0,0,192.00,453472256,603201536,114090264,95883264,18123768,2904,7449760,22132800,1315918,4949,4949,0,0,0,0,0,0,0,0,0.064,0.064,0.000,0,0,0,4949,4949,0,0
travel,23.357,560.4,524.782,524.782,fly,0.879,ok,2601,0,0,192.00,453472256,603201536,114090264,95883264,18123768,2904,7449760,22132800,1315918,4949,4949,0,0,0,0,0,0,0,0,0.066,0.070,0.000,0,0,0,4949,4949,0,0
travel,23.387,561.2,525.295,525.295,fly,1.004,ok,2601,0,0,192.00,453472256,603201536,114090264,95883264,18123768,2904,7449760,22132800,1315918,4949,4949,0,0,0,0,0,0,0,0,0.073,0.152,0.000,0,0,0,4949,4949,0,0
travel,23.417,561.9,525.810,525.810,fly,0.871,ok,2601,0,0,192.00,453472256,603201536,114090264,95883264,18123768,2904,7449760,22132800,1315918,4949,4949,0,0,0,0,0,0,0,0,0.064,0.066,0.000,0,0,0,4949,4949,0,0
travel,23.451,562.7,526.389,526.389,fly,0.839,ok,2601,0,0,192.00,453472256,603201536,114090264,95883264,18123768,2904,7449760,22132800,1315918,4949,4949,0,0,0,0,0,0,0,0,0.065,0.068,0.000,0,0,0,4949,4949,0,0
travel,23.482,563.4,526.911,526.911,fly,0.842,ok,2601,0,0,192.00,453472256,603201536,114090264,95883264,18123768,2904,7449760,22132800,1315918,4949,4949,0,0,0,0,0,0,0,0,0.065,0.066,0.000,0,0,0,4949,4949,0,0
travel,23.512,564.2,527.424,527.424,fly,0.870,ok,2601,0,0,192.00,453472256,603201536,114090264,95883264,18123768,2904,7449760,22132800,1315918,4949,4949,0,0,0,0,0,0,0,0,0.066,0.073,0.000,0,0,0,4949,4949,0,0
travel,23.543,564.9,527.948,527.948,fly,0.858,ok,2601,0,0,192.00,453472256,603201536,114090264,95883264,18123768,2904,7449760,22132800,1315918,4949,4949,0,0,0,0,0,0,0,0,0.065,0.069,0.000,0,0,0,4949,4949,0,0
travel,23.583,565.9,528.625,528.625,fly,0.979,ok,2601,0,6,192.00,453472256,603201536,114090264,95883264,18123768,2904,11174640,21819648,1370786,5050,5050,0,0,8,0,0,0,0,0,0.071,0.099,0.000,0,0,0,5050,5050,0,0
travel,23.614,566.6,529.150,529.150,fly,0.867,ok,2601,0,0,192.00,453472256,603201536,114090264,95883264,18123768,2904,11174640,22132800,1371298,5050,5050,0,0,0,0,0,0,0,0,0.065,0.067,0.000,0,0,0,5050,5050,0,0
travel,23.644,567.3,529.666,529.666,fly,1.000,ok,2601,0,0,192.00,453472256,603201536,114090264,95883264,18123768,2904,11174640,22132800,1371298,5050,5050,0,0,0,0,0,0,0,0,0.176,0.074,0.000,0,0,0,5050,5050,0,0
travel,23.675,568.1,530.184,530.184,fly,0.853,ok,2601,0,0,192.00,453472256,603201536,114090264,95883264,18123768,2904,11174640,22132800,1371298,5050,5050,0,0,0,0,0,0,0,0,0.064,0.067,0.000,0,0,0,5050,5050,0,0
travel,23.706,568.8,530.705,530.705,fly,0.876,ok,2601,0,0,192.00,453472256,603201536,114090264,95883264,18123768,2904,11174640,22132800,1371298,5050,5050,0,0,0,0,0,0,0,0,0.068,0.072,0.000,0,0,0,5050,5050,0,0
travel,23.736,569.5,531.215,531.215,fly,0.941,ok,2601,0,0,192.00,453472256,603201536,114090264,95883264,18123768,2904,7449760,22132800,1371298,5050,5050,0,0,0,0,0,0,0,0,0.071,0.085,0.000,0,0,0,5050,5050,0,0
travel,23.767,570.3,531.742,531.742,fly,0.869,ok,2601,0,0,192.00,453472256,603201536,114090264,95883264,18123768,2904,7449760,22132800,1371298,5050,5050,0,0,0,0,0,0,0,0,0.067,0.068,0.000,0,0,0,5050,5050,0,0
travel,23.797,571.0,532.257,532.257,fly,0.860,ok,2601,0,0,192.00,453472256,603201536,114090264,95883264,18123768,2904,7449760,22132800,1371298,5050,5050,0,0,0,0,0,0,0,0,0.069,0.066,0.000,0,0,0,5050,5050,0,0
travel,23.828,571.7,532.771,532.771,fly,0.881,ok,2601,0,0,192.00,453472256,603201536,114090264,95883264,18123768,2904,7449760,22132800,1371298,5050,5050,0,0,0,0,0,0,0,0,0.067,0.071,0.000,0,0,0,5050,5050,0,0
travel,23.858,572.5,533.297,533.297,fly,0.909,ok,2601,0,0,192.00,453476352,603201536,114090264,95883264,18123768,2904,7449760,22132800,1371298,5050,5050,0,0,0,0,0,0,0,0,0.069,0.077,0.000,0,0,0,5050,5050,0,0
travel,23.889,573.2,533.815,533.815,fly,0.883,ok,2601,0,0,192.00,453476352,603201536,114090264,95883264,18123768,2904,7449760,22132800,1371298,5050,5050,0,0,0,0,0,0,0,0,0.067,0.074,0.000,0,0,0,5050,5050,0,0
travel,23.920,573.9,534.332,534.332,fly,0.864,ok,2601,0,0,192.00,453476352,603201536,114090264,95883264,18123768,2904,7449760,22132800,1371298,5050,5050,0,0,0,0,0,0,0,0,0.067,0.069,0.000,0,0,0,5050,5050,0,0
travel,23.950,574.7,534.845,534.845,fly,0.865,ok,2601,0,0,192.00,453476352,603201536,114090264,95883264,18123768,2904,7449760,22132800,1371298,5050,5050,0,0,0,0,0,0,0,0,0.066,0.068,0.000,0,0,0,5050,5050,0,0
travel,23.981,575.4,535.368,535.368,fly,0.955,ok,2601,0,0,192.00,453476352,603201536,114090264,95883264,18123768,2904,7449760,22132800,1371298,5050,5050,0,0,0,0,0,0,0,0,0.075,0.108,0.000,0,0,0,5050,5050,0,0
travel,24.011,576.1,535.880,535.880,fly,0.854,ok,2601,0,0,192.00,453476352,603201536,114090264,95883264,18123768,2904,7449760,22132800,1371298,5050,5050,0,0,0,0,0,0,0,0,0.065,0.066,0.000,0,0,0,5050,5050,0,0
travel,24.049,577.1,536.536,536.536,fly,0.968,ok,2601,0,42,192.00,453541888,603201536,114090264,95883264,18123768,2904,11174640,19941312,1418419,5151,5151,0,0,1,0,0,0,0,0,0.080,0.106,0.000,0,0,0,5151,5151,0,0
travel,24.080,577.8,537.052,537.052,fly,0.849,ok,2601,0,0,192.00,453672960,603340800,114090264,95883264,18123768,2904,11174640,22132800,1425890,5151,5151,0,0,0,0,0,0,0,0,0.070,0.069,0.000,0,0,0,5151,5151,0,0
travel,24.110,578.5,537.569,537.569,fly,0.845,ok,2601,0,0,192.00,453672960,603340800,114090264,95883264,18123768,2904,11174640,22132800,1425890,5151,5151,0,0,0,0,0,0,0,0,0.069,0.065,0.000,0,0,0,5151,5151,0,0
travel,24.140,579.2,538.079,538.079,fly,0.959,ok,2601,0,0,192.00,453672960,603340800,114090264,95883264,18123768,2904,11174640,22132800,1425890,5151,5151,0,0,0,0,0,0,0,0,0.070,0.080,0.000,0,0,0,5151,5151,0,0
travel,24.171,580.0,538.600,538.600,fly,0.862,ok,2601,0,0,192.00,453672960,603340800,114090264,95883264,18123768,2904,11174640,22132800,1425890,5151,5151,0,0,0,0,0,0,0,0,0.067,0.066,0.000,0,0,0,5151,5151,0,0
travel,24.201,580.7,539.110,539.110,fly,1.389,ok,2601,0,0,192.00,453672960,603340800,114090264,95883264,18123768,2904,7449760,22132800,1425890,5151,5151,0,0,0,0,0,0,0,0,0.555,0.072,0.000,0,0,0,5151,5151,0,0
travel,24.232,581.4,539.628,539.628,fly,0.857,ok,2601,0,0,192.00,453672960,603340800,114090264,95883264,18123768,2904,7449760,22132800,1425890,5151,5151,0,0,0,0,0,0,0,0,0.066,0.065,0.000,0,0,0,5151,5151,0,0
travel,24.262,582.2,540.143,540.143,fly,1.196,ok,2601,0,0,192.00,453672960,603340800,114090264,95883264,18123768,2904,7449760,22132800,1425890,5151,5151,0,0,0,0,0,0,0,0,0.081,0.270,0.000,0,0,0,5151,5151,0,0
travel,24.293,582.9,540.663,540.663,fly,0.857,ok,2601,0,0,192.00,453672960,603340800,114090264,95883264,18123768,2904,7449760,22132800,1425890,5151,5151,0,0,0,0,0,0,0,0,0.066,0.066,0.000,0,0,0,5151,5151,0,0
travel,24.323,583.6,541.177,541.177,fly,0.865,ok,2601,0,0,192.00,453672960,603340800,114090264,95883264,18123768,2904,7449760,22132800,1425890,5151,5151,0,0,0,0,0,0,0,0,0.067,0.067,0.000,0,0,0,5151,5151,0,0
travel,24.354,584.3,541.698,541.698,fly,0.905,ok,2601,0,0,192.00,453672960,603340800,114090264,95883264,18123768,2904,7449760,22132800,1425890,5151,5151,0,0,0,0,0,0,0,0,0.070,0.076,0.000,0,0,0,5151,5151,0,0
travel,24.384,585.1,542.215,542.215,fly,0.839,ok,2601,0,0,192.00,453677056,603340800,114090264,95883264,18123768,2904,7449760,22132800,1425890,5151,5151,0,0,0,0,0,0,0,0,0.065,0.065,0.000,0,0,0,5151,5151,0,0
travel,24.414,585.8,542.728,542.728,fly,0.847,ok,2601,0,0,192.00,453677056,603340800,114090264,95883264,18123768,2904,7449760,22132800,1425890,5151,5151,0,0,0,0,0,0,0,0,0.066,0.073,0.000,0,0,0,5151,5151,0,0
travel,24.445,586.5,543.249,543.249,fly,0.878,ok,2601,0,0,192.00,453677056,603340800,114090264,95883264,18123768,2904,7449760,22132800,1425890,5151,5151,0,0,0,0,0,0,0,0,0.067,0.071,0.000,0,0,0,5151,5151,0,0
travel,24.476,587.3,543.774,543.774,fly,0.853,ok,2601,0,0,192.00,453677056,603340800,114090264,95883264,18123768,2904,7449760,22132800,1425890,5151,5151,0,0,0,0,0,0,0,0,0.064,0.071,0.000,0,0,0,5151,5151,0,0
travel,24.516,588.2,544.449,544.449,fly,0.842,ok,2601,0,83,192.00,454070272,603746304,114090264,95883264,18123768,2904,11174640,17802096,1247421,5252,5252,0,0,7,0,0,0,0,0,0.066,0.068,0.000,0,0,0,5252,5252,0,0
travel,24.547,589.0,544.974,544.974,fly,0.845,ok,2601,0,0,192.00,454070272,603746304,114090264,95883264,18123768,2904,11174640,22132800,1263961,5252,5252,0,0,0,0,0,0,0,0,0.066,0.069,0.000,0,0,0,5252,5252,0,0
travel,24.577,589.7,545.486,545.486,fly,0.977,ok,2601,0,0,192.00,454070272,603746304,114090264,95883264,18123768,2904,11174640,22132800,1263961,5252,5252,0,0,0,0,0,0,0,0,0.079,0.110,0.000,0,0,0,5252,5252,0,0
travel,24.608,590.4,546.002,546.002,fly,0.882,ok,2601,0,0,192.00,454070272,603746304,114090264,95883264,18123768,2904,11174640,22132800,1263961,5252,5252,0,0,0,0,0,0,0,0,0.066,0.068,0.000,0,0,0,5252,5252,0,0
travel,24.638,591.2,546.517,546.517,fly,0.845,ok,2601,0,0,192.00,454070272,603746304,114090264,95883264,18123768,2904,11174640,22132800,1263961,5252,5252,0,0,0,0,0,0,0,0,0.065,0.068,0.000,0,0,0,5252,5252,0,0
travel,24.668,591.9,547.035,547.035,fly,0.863,ok,2601,0,0,192.00,454070272,603746304,114090264,95883264,18123768,2904,7449760,22132800,1263961,5252,5252,0,0,0,0,0,0,0,0,0.065,0.068,0.000,0,0,0,5252,5252,0,0
travel,24.699,592.6,547.552,547.552,fly,0.866,ok,2601,0,0,192.00,454070272,603746304,114090264,95883264,18123768,2904,7449760,22132800,1263961,5252,5252,0,0,0,0,0,0,0,0,0.067,0.069,0.000,0,0,0,5252,5252,0,0
travel,24.730,593.4,548.079,548.079,fly,0.872,ok,2601,0,0,192.00,454070272,603746304,114090264,95883264,18123768,2904,7449760,22132800,1263961,5252,5252,0,0,0,0,0,0,0,0,0.067,0.073,0.000,0,0,0,5252,5252,0,0
travel,24.761,594.1,548.600,548.600,fly,0.854,ok,2601,0,0,192.00,454070272,603746304,114090264,95883264,18123768,2904,7449760,22132800,1263961,5252,5252,0,0,0,0,0,0,0,0,0.066,0.068,0.000,0,0,0,5252,5252,0,0
travel,24.791,594.8,549.118,549.118,fly,0.875,ok,2601,0,0,192.00,454070272,603746304,114090264,95883264,18123768,2904,7449760,22132800,1263961,5252,5252,0,0,0,0,0,0,0,0,0.066,0.069,0.000,0,0,0,5252,5252,0,0
travel,24.822,595.6,549.634,549.634,fly,0.958,ok,2601,0,0,192.00,454070272,603746304,114090264,95883264,18123768,2904,7449760,22132800,1263961,5252,5252,0,0,0,0,0,0,0,0,0.163,0.069,0.000,0,0,0,5252,5252,0,0
travel,24.852,596.3,550.147,550.147,fly,0.858,ok,2601,0,0,192.00,454070272,603746304,114090264,95883264,18123768,2904,7449760,22132800,1263961,5252,5252,0,0,0,0,0,0,0,0,0.066,0.067,0.000,0,0,0,5252,5252,0,0
travel,24.883,597.0,550.674,550.674,fly,0.891,ok,2601,0,0,192.00,454070272,603746304,114090264,95883264,18123768,2904,7449760,22132800,1263961,5252,5252,0,0,0,0,0,0,0,0,0.066,0.078,0.000,0,0,0,5252,5252,0,0
travel,24.914,597.8,551.195,551.195,fly,1.690,ok,2601,0,0,192.00,454074368,603746304,114090264,95883264,18123768,2904,7449760,22132800,1263961,5252,5252,0,0,0,0,0,0,0,0,0.780,0.096,0.000,0,0,0,5252,5252,0,0
travel,24.945,598.5,551.724,551.724,fly,0.838,ok,2601,0,0,192.00,454074368,603746304,114090264,95883264,18123768,2904,7449760,22132800,1263961,5252,5252,0,0,0,0,0,0,0,0,0.065,0.068,0.000,0,0,0,5252,5252,0,0
travel,24.986,599.5,552.428,552.428,fly,0.999,ok,2601,0,69,192.00,454074368,603746304,114090264,95883264,18123768,2904,11174640,18532560,1306044,5353,5353,0,0,7,0,0,0,0,0,0.147,0.081,0.000,0,0,0,5353,5353,0,0
travel,25.017,600.3,552.949,552.949,fly,0.958,ok,2601,0,0,192.00,454074368,603746304,114090264,95883264,18123768,2904,11174640,22132800,1319469,5353,5353,0,0,0,0,0,0,0,0,0.082,0.108,0.000,0,0,0,5353,5353,0,0
travel,25.047,601.0,553.463,553.463,fly,0.858,ok,2601,0,0,192.00,454074368,603746304,114090264,95883264,18123768,2904,11174640,22132800,1319469,5353,5353,0,0,0,0,0,0,0,0,0.069,0.067,0.000,0,0,0,5353,5353,0,0
travel,25.078,601.7,553.976,553.976,fly,0.861,ok,2601,0,0,192.00,454074368,603746304,114090264,95883264,18123768,2904,11174640,22132800,1319469,5353,5353,0,0,0,0,0,0,0,0,0.067,0.066,0.000,0,0,0,5353,5353,0,0
travel,25.108,602.4,554.495,554.495,fly,0.846,ok,2601,0,0,192.00,454074368,603746304,114090264,95883264,18123768,2904,11174640,22132800,1319469,5353,5353,0,0,0,0,0,0,0,0,0.067,0.073,0.000,0,0,0,5353,5353,0,0
travel,25.140,603.2,555.030,555.030,fly,1.237,ok,2601,0,0,192.00,454074368,603746304,114090264,95883264,18123768,2904,7449760,22132800,1319469,5353,5353,0,0,0,0,0,0,0,0,0.077,0.106,0.000,0,0,0,5353,5353,0,0
travel,25.171,603.9,555.553,555.553,fly,0.836,ok,2601,0,0,192.00,454074368,603746304,114090264,95883264,18123768,2904,7449760,22132800,1319469,5353,5353,0,0,0,0,0,0,0,0,0.067,0.063,0.000,0,0,0,5353,5353,0,0
travel,25.201,604.7,556.067,556.067,fly,0.855,ok,2601,0,0,192.00,454074368,603746304,114090264,95883264,18123768,2904,7449760,22132800,1319469,5353,5353,0,0,0,0,0,0,0,0,0.070,0.083,0.000,0,0,0,5353,5353,0,0
travel,25.231,605.4,556.581,556.581,fly,0.899,ok,2601,0,0,192.00,454074368,603746304,114090264,95883264,18123768,2904,7449760,22132800,1319469,5353,5353,0,0,0,0,0,0,0,0,0.068,0.078,0.000,0,0,0,5353,5353,0,0
travel,25.262,606.1,557.097,557.097,fly,0.831,ok,2601,0,0,192.00,454074368,603746304,114090264,95883264,18123768,2904,7449760,22132800,1319469,5353,5353,0,0,0,0,0,0,0,0,0.065,0.065,0.000,0,0,0,5353,5353,0,0
travel,25.292,606.9,557.620,557.620,fly,0.857,ok,2601,0,0,192.00,454074368,603746304,114090264,95883264,18123768,2904,7449760,22132800,1319469,5353,5353,0,0,0,0,0,0,0,0,0.066,0.068,0.000,0,0,0,5353,5353,0,0
travel,25.323,607.6,558.134,558.134,fly,0.855,ok,2601,0,0,192.00,454074368,603746304,114090264,95883264,18123768,2904,7449760,22132800,1319469,5353,5353,0,0,0,0,0,0,0,0,0.068,0.066,0.000,0,0,0,5353,5353,0,0
travel,25.353,608.3,558.647,558.647,fly,0.874,ok,2601,0,0,192.00,454074368,603746304,114090264,95883264,18123768,2904,7449760,22132800,1319469,5353,5353,0,0,0,0,0,0,0,0,0.067,0.068,0.000,0,0,0,5353,5353,0,0
travel,25.383,609.0,559.160,559.160,fly,1.311,ok,2601,0,0,192.00,454074368,603746304,114090264,95883264,18123768,2904,7449760,22132800,1319469,5353,5353,0,0,0,0,0,0,0,0,0.510,0.068,0.000,0,0,0,5353,5353,0,0
travel,25.414,609.8,559.686,559.686,fly,0.843,ok,2601,0,0,192.00,454074368,603746304,114090264,95883264,18123768,2904,7449760,22132800,1319469,5353,5353,0,0,0,0,0,0,0,0,0.065,0.065,0.000,0,0,0,5353,5353,0,0
travel,25.453,610.7,560.351,560.351,fly,0.854,ok,2601,0,101,192.00,454094848,603746304,114090264,95883264,18123768,2904,11174640,16862928,1354264,5454,5454,0,0,8,0,0,0,0,0,0.066,0.066,0.000,0,0,0,5454,5454,0,0
travel,25.484,611.5,560.878,560.878,fly,0.857,ok,2601,0,0,192.00,454094848,603746304,114090264,95883264,18123768,2904,11174640,22132800,1374685,5454,5454,0,0,0,0,0,0,0,0,0.067,0.067,0.000,0,0,0,5454,5454,0,0
travel,25.516,612.2,561.408,561.408,fly,0.882,ok,2601,0,0,192.00,454094848,603746304,114090264,95883264,18123768,2904,11174640,22132800,1374685,5454,5454,0,0,0,0,0,0,0,0,0.068,0.072,0.000,0,0,0,5454,5454,0,0
travel,25.546,613.0,561.927,561.927,fly,0.857,ok,2601,0,0,192.00,454094848,603746304,114090264,95883264,18123768,2904,11174640,22132800,1374685,5454,5454,0,0,0,0,0,0,0,0,0.067,0.067,0.000,0,0,0,5454,5454,0,0
travel,25.577,613.7,562.452,562.452,fly,0.852,ok,2601,0,0,192.00,454094848,603746304,114090264,95883264,18123768,2904,11174640,22132800,1374685,5454,5454,0,0,0,0,0,0,0,0,0.067,0.067,0.000,0,0,0,5454,5454,0,0
travel,25.609,614.5,562.989,562.989,fly,0.920,ok,2601,0,0,192.00,454094848,603746304,114090264,95883264,18123768,2904,7449760,22132800,1374685,5454,5454,0,0,0,0,0,0,0,0,0.070,0.079,0.000,0,0,0,5454,5454,0,0
travel,25.639,615.2,563.502,563.502,fly,0.877,ok,2601,0,0,192.00,454094848,603746304,114090264,95883264,18123768,2904,7449760,22132800,1374685,5454,5454,0,0,0,0,0,0,0,0,0.067,0.071,0.000,0,0,0,5454,5454,0,0
travel,25.670,615.9,564.020,564.020,fly,0.862,ok,2601,0,0,192.00,454094848,603746304,114090264,95883264,18123768,2904,7449760,22132800,1374685,5454,5454,0,0,0,0,0,0,0,0,0.067,0.067,0.000,0,0,0,5454,5454,0,0
travel,25.700,616.6,564.530,564.530,fly,1.502,ok,2601,0,0,192.00,454094848,603746304,114090264,95883264,18123768,2904,7449760,22132800,1374685,5454,5454,0,0,0,0,0,0,0,0,0.639,0.125,0.000,0,0,0,5454,5454,0,0
travel,25.731,617.4,565.063,565.063,fly,0.861,ok,2601,0,0,192.00,454094848,603746304,114090264,95883264,18123768,2904,7449760,22132800,1374685,5454,5454,0,0,0,0,0,0,0,0,0.067,0.068,0.000,0,0,0,5454,5454,0,0
travel,25.762,618.1,565.584,565.584,fly,0.858,ok,2601,0,0,192.00,454094848,603746304,114090264,95883264,18123768,2904,7449760,22132800,1374685,5454,5454,0,0,0,0,0,0,0,0,0.067,0.066,0.000,0,0,0,5454,5454,0,0
travel,25.792,618.9,566.100,566.100,fly,0.877,ok,2601,0,0,192.00,454094848,603746304,114090264,95883264,18123768,2904,7449760,22132800,1374685,5454,5454,0,0,0,0,0,0,0,0,0.068,0.070,0.000,0,0,0,5454,5454,0,0
travel,25.823,619.6,566.624,566.624,fly,0.852,ok,2601,0,0,192.00,454094848,603746304,114090264,95883264,18123768,2904,7449760,22132800,1374685,5454,5454,0,0,0,0,0,0,0,0,0.066,0.065,0.000,0,0,0,5454,5454,0,0
travel,25.854,620.3,567.145,567.145,fly,0.859,ok,2601,0,0,192.00,454094848,603746304,114090264,95883264,18123768,2904,7449760,22132800,1374685,5454,5454,0,0,0,0,0,0,0,0,0.069,0.069,0.000,0,0,0,5454,5454,0,0
travel,25.884,621.1,567.659,567.659,fly,0.852,ok,2601,0,0,192.00,454094848,603746304,114090264,95883264,18123768,2904,7449760,22132800,1374685,5454,5454,0,0,0,0,0,0,0,0,0.067,0.067,0.000,0,0,0,5454,5454,0,0
travel,25.922,622.0,568.306,568.306,fly,0.878,ok,2601,0,106,192.00,454094848,603746304,114090264,95883264,18123768,2904,11174640,16602048,1408949,5555,5555,0,0,7,0,0,0,0,0,0.069,0.087,0.000,0,0,0,5555,5555,0,0
travel,25.953,622.7,568.832,568.832,fly,0.859,ok,2601,0,0,192.00,454094848,603746304,114090264,95883264,18123768,2904,11174640,22132800,1430053,5555,5555,0,0,0,0,0,0,0,0,0.069,0.065,0.000,0,0,0,5555,5555,0,0
travel,25.984,623.5,569.359,569.359,fly,0.875,ok,2601,0,0,192.00,454098944,603746304,114090264,95883264,18123768,2904,11174640,22132800,1430053,5555,5555,0,0,0,0,0,0,0,0,0.070,0.070,0.000,0,0,0,5555,5555,0,0
travel,26.015,624.2,569.869,569.869,fly,0.857,ok,2601,0,0,192.00,454098944,603746304,114090264,95883264,18123768,2904,11174640,22132800,1430053,5555,5555,0,0,0,0,0,0,0,0,0.069,0.067,0.000,0,0,0,5555,5555,0,0
travel,26.045,624.9,570.385,570.385,fly,0.860,ok,2601,0,0,192.00,454098944,603746304,114090264,95883264,18123768,2904,11174640,22132800,1430053,5555,5555,0,0,0,0,0,0,0,0,0.068,0.069,0.000,0,0,0,5555,5555,0,0
travel,26.076,625.7,570.910,570.910,fly,0.854,ok,2601,0,0,192.00,454098944,603746304,114090264,95883264,18123768,2904,11174640,22132800,1430053,5555,5555,0,0,0,0,0,0,0,0,0.068,0.066,0.000,0,0,0,5555,5555,0,0
travel,26.106,626.4,571.425,571.425,fly,0.856,ok,2601,0,0,192.00,454098944,603746304,114090264,95883264,18123768,2904,7449760,22132800,1430053,5555,5555,0,0,0,0,0,0,0,0,0.068,0.070,0.000,0,0,0,5555,5555,0,0
travel,26.137,627.1,571.941,571.941,fly,0.974,ok,2601,0,0,192.00,454098944,603746304,114090264,95883264,18123768,2904,7449760,22132800,1430053,5555,5555,0,0,0,0,0,0,0,0,0.075,0.107,0.000,0,0,0,5555,5555,0,0
travel,26.167,627.9,572.459,572.459,fly,1.013,ok,2601,0,0,192.00,454098944,603746304,114090264,95883264,18123768,2904,7449760,22132800,1430053,5555,5555,0,0,0,0,0,0,0,0,0.208,0.065,0.000,0,0,0,5555,5555,0,0
travel,26.198,628.6,572.976,572.976,fly,0.851,ok,2601,0,0,192.00,454098944,603746304,114090264,95883264,18123768,2904,7449760,22132800,1430053,5555,5555,0,0,0,0,0,0,0,0,0.067,0.065,0.000,0,0,0,5555,5555,0,0
travel,26.228,629.3,573.492,573.492,fly,0.887,ok,2601,0,0,192.00,454098944,603746304,114090264,95883264,18123768,2904,7449760,22132800,1430053,5555,5555,0,0,0,0,0,0,0,0,0.066,0.089,0.000,0,0,0,5555,5555,0,0
travel,26.258,630.0,574.005,574.005,fly,0.884,ok,2601,0,0,192.00,454098944,603746304,114090264,95883264,18123768,2904,7449760,22132800,1430053,5555,5555,0,0,0,0,0,0,0,0,0.067,0.066,0.000,0,0,0,5555,5555,0,0
travel,26.289,630.8,574.528,574.528,fly,0.852,ok,2601,0,0,192.00,454098944,603746304,114090264,95883264,18123768,2904,7449760,22132800,1430053,5555,5555,0,0,0,0,0,0,0,0,0.070,0.068,0.000,0,0,0,5555,5555,0,0
travel,26.320,631.5,575.043,575.043,fly,0.861,ok,2601,0,0,192.00,454098944,603746304,114090264,95883264,18123768,2904,7449760,22132800,1430053,5555,5555,0,0,0,0,0,0,0,0,0.067,0.068,0.000,0,0,0,5555,5555,0,0
travel,26.350,632.2,575.557,575.557,fly,0.861,ok,2601,0,0,192.00,454098944,603746304,114090264,95883264,18123768,2904,7449760,22132800,1430053,5555,5555,0,0,0,0,0,0,0,0,0.067,0.070,0.000,0,0,0,5555,5555,0,0
travel,26.389,633.2,576.224,576.224,fly,0.971,ok,2601,0,139,192.00,454094848,603746304,114090264,95883264,18123768,2904,11174640,14880240,1453400,5656,5656,0,0,4,0,0,0,0,0,0.078,0.109,0.000,0,0,0,5656,5656,0,0
travel,26.419,633.9,576.736,576.736,fly,0.866,ok,2601,0,0,192.00,454094848,603746304,114090264,95883264,18123768,2904,11174640,22132800,1264962,5656,5656,0,0,0,0,0,0,0,0,0.068,0.070,0.000,0,0,0,5656,5656,0,0
travel,26.450,634.6,577.253,577.253,fly,0.865,ok,2601,0,0,192.00,454094848,603746304,114090264,95883264,18123768,2904,11174640,22132800,1264962,5656,5656,0,0,0,0,0,0,0,0,0.070,0.069,0.000,0,0,0,5656,5656,0,0
travel,26.480,635.4,577.768,577.768,fly,0.886,ok,2601,0,0,192.00,454094848,603746304,114090264,95883264,18123768,2904,11174640,22132800,1264962,5656,5656,0,0,0,0,0,0,0,0,0.068,0.074,0.000,0,0,0,5656,5656,0,0
travel,26.511,636.1,578.289,578.289,fly,0.865,ok,2601,0,0,192.00,454160384,603746304,114090264,95883264,18123768,2904,11174640,22132800,1264962,5656,5656,0,0,0,0,0,0,0,0,0.068,0.071,0.000,0,0,0,5656,5656,0,0
travel,26.542,636.8,578.818,578.818,fly,0.909,ok,2601,0,0,192.00,454160384,603746304,114090264,95883264,18123768,2904,11174640,22132800,1264962,5656,5656,0,0,0,0,0,0,0,0,0.069,0.075,0.000,0,0,0,5656,5656,0,0
travel,26.573,637.6,579.337,579.337,fly,0.858,ok,2601,0,0,192.00,454160384,603746304,114090264,95883264,18123768,2904,7449760,22132800,1264962,5656,5656,0,0,0,0,0,0,0,0,0.067,0.066,0.000,0,0,0,5656,5656,0,0
travel,26.603,638.3,579.856,579.856,fly,0.839,ok,2601,0,0,192.00,454160384,603746304,114090264,95883264,18123768,2904,7449760,22132800,1264962,5656,5656,0,0,0,0,0,0,0,0,0.067,0.067,0.000,0,0,0,5656,5656,0,0
travel,26.634,639.0,580.370,580.370,fly,1.135,ok,2601,0,0,192.00,454160384,603746304,114090264,95883264,18123768,2904,7449760,22132800,1264962,5656,5656,0,0,0,0,0,0,0,0,0.310,0.079,0.000,0,0,0,5656,5656,0,0
travel,26.664,639.8,580.886,580.886,fly,0.875,ok,2601,0,0,192.00,454160384,603746304,114090264,95883264,18123768,2904,7449760,22132800,1264962,5656,5656,0,0,0,0,0,0,0,0,0.068,0.071,0.000,0,0,0,5656,5656,0,0
travel,26.695,640.5,581.404,581.404,fly,0.861,ok,2601,0,0,192.00,454160384,603746304,114090264,95883264,18123768,2904,7449760,22132800,1264962,5656,5656,0,0,0,0,0,0,0,0,0.069,0.067,0.000,0,0,0,5656,5656,0,0
travel,26.726,641.2,581.932,581.932,fly,0.868,ok,2601,0,0,192.00,454160384,603746304,114090264,95883264,18123768,2904,7449760,22132800,1264962,5656,5656,0,0,0,0,0,0,0,0,0.068,0.069,0.000,0,0,0,5656,5656,0,0
travel,26.756,642.0,582.451,582.451,fly,0.884,ok,2601,0,0,192.00,454160384,603746304,114090264,95883264,18123768,2904,7449760,22132800,1264962,5656,5656,0,0,0,0,0,0,0,0,0.068,0.075,0.000,0,0,0,5656,5656,0,0
travel,26.787,642.7,582.973,582.973,fly,0.858,ok,2601,0,0,192.00,454160384,603746304,114090264,95883264,18123768,2904,7449760,22132800,1264962,5656,5656,0,0,0,0,0,0,0,0,0.067,0.069,0.000,0,0,0,5656,5656,0,0
travel,26.818,643.5,583.489,583.489,fly,0.875,ok,2601,0,0,192.00,454160384,603746304,114090264,95883264,18123768,2904,7449760,22132800,1264962,5656,5656,0,0,0,0,0,0,0,0,0.069,0.069,0.000,0,0,0,5656,5656,0,0
travel,26.848,644.2,584.010,584.010,fly,4.385,ok,2537,64,100,192.00,454160384,603746304,111282968,93523968,17677816,2904,11174640,14983704,1269070,5693,5757,37,101,37,37,37,0,0,0,0.463,0.104,0.000,0,0,0,5693,5693,0,0
travel,26.887,645.1,584.660,584.660,fly,0.852,ok,2601,0,0,192.00,454160384,603746304,114090264,95883264,18123768,2904,11174640,22132800,1321082,5757,5757,0,0,0,0,0,0,0,0,0.069,0.066,0.000,0,0,0,5757,5757,0,0
travel,26.917,645.8,585.180,585.180,fly,0.865,ok,2601,0,0,192.00,454160384,603746304,114090264,95883264,18123768,2904,11174640,22132800,1321082,5757,5757,0,0,0,0,0,0,0,0,0.070,0.070,0.000,0,0,0,5757,5757,0,0
travel,26.948,646.6,585.696,585.696,fly,0.862,ok,2601,0,0,192.00,454160384,603746304,114090264,95883264,18123768,2904,11174640,22132800,1321082,5757,5757,0,0,0,0,0,0,0,0,0.070,0.066,0.000,0,0,0,5757,5757,0,0
travel,26.978,647.3,586.210,586.210,fly,0.935,ok,2601,0,0,192.00,454160384,603746304,114090264,95883264,18123768,2904,11174640,22132800,1321082,5757,5757,0,0,0,0,0,0,0,0,0.077,0.107,0.000,0,0,0,5757,5757,0,0
travel,27.009,648.0,586.732,586.732,fly,0.897,ok,2601,0,0,192.00,454160384,603746304,114090264,95883264,18123768,2904,11174640,22132800,1321082,5757,5757,0,0,0,0,0,0,0,0,0.091,0.074,0.000,0,0,0,5757,5757,0,0
travel,27.039,648.8,587.247,587.247,fly,0.861,ok,2601,0,0,192.00,454160384,603746304,114090264,95883264,18123768,2904,7449760,22132800,1321082,5757,5757,0,0,0,0,0,0,0,0,0.067,0.069,0.000,0,0,0,5757,5757,0,0
travel,27.070,649.5,587.767,587.767,fly,0.864,ok,2601,0,0,192.00,454160384,603746304,114090264,95883264,18123768,2904,7449760,22132800,1321082,5757,5757,0,0,0,0,0,0,0,0,0.068,0.070,0.000,0,0,0,5757,5757,0,0
travel,27.100,650.2,588.283,588.283,fly,1.175,ok,2601,0,0,192.00,454160384,603746304,114090264,95883264,18123768,2904,7449760,22132800,1321082,5757,5757,0,0,0,0,0,0,0,0,0.395,0.063,0.000,0,0,0,5757,5757,0,0
travel,27.131,651.0,588.803,588.803,fly,0.858,ok,2601,0,0,192.00,454160384,603746304,114090264,95883264,18123768,2904,7449760,22132800,1321082,5757,5757,0,0,0,0,0,0,0,0,0.068,0.066,0.000,0,0,0,5757,5757,0,0
travel,27.161,651.7,589.322,589.322,fly,0.877,ok,2601,0,0,192.00,454160384,603746304,114090264,95883264,18123768,2904,7449760,22132800,1321082,5757,5757,0,0,0,0,0,0,0,0,0.068,0.069,0.000,0,0,0,5757,5757,0,0
travel,27.191,652.4,589.833,589.833,fly,0.884,ok,2601,0,0,192.00,454160384,603746304,114090264,95883264,18123768,2904,7449760,22132800,1321082,5757,5757,0,0,0,0,0,0,0,0,0.068,0.076,0.000,0,0,0,5757,5757,0,0
travel,27.222,653.2,590.349,590.349,fly,0.857,ok,2601,0,0,192.00,454160384,603746304,114090264,95883264,18123768,2904,7449760,22132800,1321082,5757,5757,0,0,0,0,0,0,0,0,0.067,0.068,0.000,0,0,0,5757,5757,0,0
travel,27.252,653.9,590.864,590.864,fly,0.864,ok,2601,0,0,192.00,454160384,603746304,114090264,95883264,18123768,2904,7449760,22132800,1321082,5757,5757,0,0,0,0,0,0,0,0,0.071,0.066,0.000,0,0,0,5757,5757,0,0
travel,27.283,654.6,591.377,591.377,fly,0.872,ok,2601,0,0,192.00,454160384,603746304,114090264,95883264,18123768,2904,7449760,22132800,1321082,5757,5757,0,0,0,0,0,0,0,0,0.069,0.071,0.000,0,0,0,5757,5757,0,0
travel,27.313,655.3,591.899,591.899,fly,0.856,ok,2601,0,0,192.00,454160384,603746304,114090264,95883264,18123768,2904,7449760,22132800,1321082,5757,5757,0,0,0,0,0,0,0,0,0.068,0.066,0.000,0,0,0,5757,5757,0,0
travel,27.354,656.3,592.585,592.585,fly,0.851,ok,2601,0,1,192.00,454160384,603746304,114090264,95883264,18123768,2904,11174640,22080600,1375546,5858,5858,0,0,7,0,0,0,0,0,0.069,0.065,0.000,0,0,0,5858,5858,0,0
travel,27.384,657.0,593.100,593.100,fly,0.921,ok,2601,0,0,192.00,454160384,603746304,114090264,95883264,18123768,2904,11174640,22132800,1375546,5858,5858,0,0,0,0,0,0,0,0,0.072,0.081,0.000,0,0,0,5858,5858,0,0
travel,27.414,657.8,593.615,593.615,fly,0.842,ok,2601,0,0,192.00,454160384,603746304,114090264,95883264,18123768,2904,11174640,22132800,1375546,5858,5858,0,0,0,0,0,0,0,0,0.069,0.068,0.000,0,0,0,5858,5858,0,0
travel,27.445,658.5,594.137,594.137,fly,0.851,ok,2601,0,0,192.00,454160384,603746304,114090264,95883264,18123768,2904,11174640,22132800,1375546,5858,5858,0,0,0,0,0,0,0,0,0.071,0.064,0.000,0,0,0,5858,5858,0,0
travel,27.476,659.2,594.652,594.652,fly,0.874,ok,2601,0,0,192.00,454160384,603746304,114090264,95883264,18123768,2904,11174640,22132800,1375546,5858,5858,0,0,0,0,0,0,0,0,0.070,0.068,0.000,0,0,0,5858,5858,0,0
travel,27.506,660.0,595.167,595.167,fly,0.865,ok,2601,0,0,192.00,454160384,603746304,114090264,95883264,18123768,2904,7449760,22132800,1375546,5858,5858,0,0,0,0,0,0,0,0,0.069,0.069,0.000,0,0,0,5858,5858,0,0
travel,27.536,660.7,595.683,595.683,fly,0.859,ok,2601,0,0,192.00,454160384,603746304,114090264,95883264,18123768,2904,7449760,22132800,1375546,5858,5858,0,0,0,0,0,0,0,0,0.068,0.065,0.000,0,0,0,5858,5858,0,0
travel,27.567,661.4,596.207,596.207,fly,0.946,ok,2601,0,0,192.00,454160384,603746304,114090264,95883264,18123768,2904,7449760,22132800,1375546,5858,5858,0,0,0,0,0,0,0,0,0.152,0.068,0.000,0,0,0,5858,5858,0,0
travel,27.597,662.2,596.718,596.718,fly,0.846,ok,2601,0,0,192.00,454160384,603746304,114090264,95883264,18123768,2904,7449760,22132800,1375546,5858,5858,0,0,0,0,0,0,0,0,0.066,0.069,0.000,0,0,0,5858,5858,0,0
travel,27.628,662.9,597.239,597.239,fly,0.877,ok,2601,0,0,192.00,454160384,603746304,114090264,95883264,18123768,2904,7449760,22132800,1375546,5858,5858,0,0,0,0,0,0,0,0,0.071,0.073,0.000,0,0,0,5858,5858,0,0
travel,27.658,663.6,597.750,597.750,fly,0.851,ok,2601,0,0,192.00,454160384,603746304,114090264,95883264,18123768,2904,7449760,22132800,1375546,5858,5858,0,0,0,0,0,0,0,0,0.067,0.068,0.000,0,0,0,5858,5858,0,0
travel,27.689,664.3,598.266,598.266,fly,0.835,ok,2601,0,0,192.00,454160384,603746304,114090264,95883264,18123768,2904,7449760,22132800,1375546,5858,5858,0,0,0,0,0,0,0,0,0.067,0.065,0.000,0,0,0,5858,5858,0,0
travel,27.719,665.1,598.776,598.776,fly,0.957,ok,2601,0,0,192.00,454160384,603746304,114090264,95883264,18123768,2904,7449760,22132800,1375546,5858,5858,0,0,0,0,0,0,0,0,0.176,0.064,0.000,0,0,0,5858,5858,0,0
travel,27.749,665.8,599.292,599.292,fly,0.836,ok,2601,0,0,192.00,454160384,603746304,114090264,95883264,18123768,2904,7449760,22132800,1375546,5858,5858,0,0,0,0,0,0,0,0,0.067,0.064,0.000,0,0,0,5858,5858,0,0
travel,27.780,666.5,599.813,599.813,fly,0.863,ok,2601,0,0,192.00,454160384,603746304,114090264,95883264,18123768,2904,7449760,22132800,1375546,5858,5858,0,0,0,0,0,0,0,0,0.068,0.067,0.000,0,0,0,5858,5858,0,0
travel,27.818,667.5,600.462,600.462,fly,0.866,ok,2601,0,44,192.00,454225920,603746304,114090264,95883264,18123768,2904,11174640,19836960,1423315,5959,5959,0,0,8,0,0,0,0,0,0.069,0.065,0.000,0,0,0,5959,5959,0,0
travel,27.849,668.2,600.988,600.988,fly,0.875,ok,2601,0,0,192.00,454225920,603746304,114090264,95883264,18123768,2904,11174640,22132800,1432134,5959,5959,0,0,0,0,0,0,0,0,0.072,0.070,0.000,0,0,0,5959,5959,0,0
travel,27.880,668.9,601.505,601.505,fly,0.865,ok,2601,0,0,192.00,454225920,603746304,114090264,95883264,18123768,2904,11174640,22132800,1432134,5959,5959,0,0,0,0,0,0,0,0,0.070,0.069,0.000,0,0,0,5959,5959,0,0
travel,27.911,669.7,602.034,602.034,fly,0.900,ok,2601,0,0,192.00,454225920,603746304,114090264,95883264,18123768,2904,11174640,22132800,1432134,5959,5959,0,0,0,0,0,0,0,0,0.071,0.075,0.000,0,0,0,5959,5959,0,0
travel,27.941,670.4,602.547,602.547,fly,1.396,ok,2601,0,0,192.00,454225920,603746304,114090264,95883264,18123768,2904,11174640,22132800,1432134,5959,5959,0,0,0,0,0,0,0,0,0.603,0.065,0.000,0,0,0,5959,5959,0,0
travel,27.972,671.2,603.076,603.076,fly,0.859,ok,2601,0,0,192.00,454225920,603746304,114090264,95883264,18123768,2904,7449760,22132800,1432134,5959,5959,0,0,0,0,0,0,0,0,0.068,0.064,0.000,0,0,0,5959,5959,0,0
travel,28.003,671.9,603.602,603.602,fly,0.939,ok,2601,0,0,192.00,454225920,603746304,114090264,95883264,18123768,2904,7449760,22132800,1432134,5959,5959,0,0,0,0,0,0,0,0,0.070,0.080,0.000,0,0,0,5959,5959,0,0
travel,28.033,672.6,604.113,604.113,fly,0.972,ok,2601,0,0,192.00,454225920,603746304,114090264,95883264,18123768,2904,7449760,22132800,1432134,5959,5959,0,0,0,0,0,0,0,0,0.077,0.111,0.000,0,0,0,5959,5959,0,0
travel,28.064,673.4,604.632,604.632,fly,0.855,ok,2601,0,0,192.00,454225920,603746304,114090264,95883264,18123768,2904,7449760,22132800,1432134,5959,5959,0,0,0,0,0,0,0,0,0.069,0.066,0.000,0,0,0,5959,5959,0,0
travel,28.094,674.1,605.146,605.146,fly,0.891,ok,2601,0,0,192.00,454225920,603746304,114090264,95883264,18123768,2904,7449760,22132800,1432134,5959,5959,0,0,0,0,0,0,0,0,0.069,0.075,0.000,0,0,0,5959,5959,0,0
travel,28.125,674.8,605.660,605.660,fly,0.861,ok,2601,0,0,192.00,454225920,603746304,114090264,95883264,18123768,2904,7449760,22132800,1432134,5959,5959,0,0,0,0,0,0,0,0,0.068,0.069,0.000,0,0,0,5959,5959,0,0
travel,28.155,675.5,606.178,606.178,fly,0.888,ok,2601,0,0,192.00,454225920,603746304,114090264,95883264,18123768,2904,7449760,22132800,1432134,5959,5959,0,0,0,0,0,0,0,0,0.072,0.075,0.000,0,0,0,5959,5959,0,0
travel,28.186,676.3,606.698,606.698,fly,0.858,ok,2601,0,0,192.00,454225920,603746304,114090264,95883264,18123768,2904,7449760,22132800,1432134,5959,5959,0,0,0,0,0,0,0,0,0.068,0.066,0.000,0,0,0,5959,5959,0,0
travel,28.216,677.0,607.215,607.215,fly,0.870,ok,2601,0,0,192.00,454225920,603746304,114090264,95883264,18123768,2904,7449760,22132800,1432134,5959,5959,0,0,0,0,0,0,0,0,0.066,0.067,0.000,0,0,0,5959,5959,0,0
travel,28.247,677.7,607.734,607.734,fly,0.864,ok,2601,0,0,192.00,454225920,603746304,114090264,95883264,18123768,2904,7449760,22132800,1432134,5959,5959,0,0,0,0,0,0,0,0,0.067,0.069,0.000,0,0,0,5959,5959,0,0
travel,28.287,678.7,608.411,608.411,fly,0.856,ok,2601,0,97,192.00,454230016,603746304,114090264,95883264,18123768,2904,11174640,17071632,1247244,6060,6060,0,0,7,0,0,0,0,0,0.070,0.069,0.000,0,0,0,6060,6060,0,0
travel,28.319,679.5,608.952,608.952,fly,0.864,ok,2601,0,0,192.00,454230016,603746304,114090264,95883264,18123768,2904,11174640,22132800,1266669,6060,6060,0,0,0,0,0,0,0,0,0.070,0.068,0.000,0,0,0,6060,6060,0,0
travel,28.349,680.2,609.465,609.465,fly,1.037,ok,2601,0,0,192.00,454230016,603746304,114090264,95883264,18123768,2904,11174640,22132800,1266669,6060,6060,0,0,0,0,0,0,0,0,0.232,0.065,0.000,0,0,0,6060,6060,0,0
travel,28.379,680.9,609.977,609.977,fly,0.858,ok,2601,0,0,192.00,454230016,603746304,114090264,95883264,18123768,2904,11174640,22132800,1266669,6060,6060,0,0,0,0,0,0,0,0,0.070,0.070,0.000,0,0,0,6060,6060,0,0
travel,28.410,681.6,610.496,610.496,fly,0.879,ok,2601,0,0,192.00,454230016,603746304,114090264,95883264,18123768,2904,11174640,22132800,1266669,6060,6060,0,0,0,0,0,0,0,0,0.070,0.072,0.000,0,0,0,6060,6060,0,0
travel,28.440,682.4,611.008,611.008,fly,0.913,ok,2601,0,0,192.00,454230016,603746304,114090264,95883264,18123768,2904,7449760,22132800,1266669,6060,6060,0,0,0,0,0,0,0,0,0.070,0.073,0.000,0,0,0,6060,6060,0,0
travel,28.471,683.1,611.530,611.530,fly,0.858,ok,2601,0,0,192.00,454230016,603746304,114090264,95883264,18123768,2904,7449760,22132800,1266669,6060,6060,0,0,0,0,0,0,0,0,0.070,0.065,0.000,0,0,0,6060,6060,0,0
travel,28.501,683.8,612.053,612.053,fly,1.088,ok,2601,0,0,192.00,454230016,603746304,114090264,95883264,18123768,2904,7449760,22132800,1266669,6060,6060,0,0,0,0,0,0,0,0,0.071,0.278,0.000,0,0,0,6060,6060,0,0
travel,28.532,684.6,612.566,612.566,fly,0.898,ok,2601,0,0,192.00,454230016,603746304,114090264,95883264,18123768,2904,7449760,22132800,1266669,6060,6060,0,0,0,0,0,0,0,0,0.070,0.070,0.000,0,0,0,6060,6060,0,0
travel,28.563,685.3,613.090,613.090,fly,0.872,ok,2601,0,0,192.00,454230016,603746304,114090264,95883264,18123768,2904,7449760,22132800,1266669,6060,6060,0,0,0,0,0,0,0,0,0.070,0.074,0.000,0,0,0,6060,6060,0,0
travel,28.593,686.0,613.608,613.608,fly,0.863,ok,2601,0,0,192.00,454230016,603746304,114090264,95883264,18123768,2904,7449760,22132800,1266669,6060,6060,0,0,0,0,0,0,0,0,0.070,0.066,0.000,0,0,0,6060,6060,0,0
travel,28.624,686.8,614.126,614.126,fly,0.977,ok,2601,0,0,192.00,454230016,603746304,114090264,95883264,18123768,2904,7449760,22132800,1266669,6060,6060,0,0,0,0,0,0,0,0,0.073,0.157,0.000,0,0,0,6060,6060,0,0
travel,28.654,687.5,614.647,614.647,fly,0.857,ok,2601,0,0,192.00,454230016,603746304,114090264,95883264,18123768,2904,7449760,22132800,1266669,6060,6060,0,0,0,0,0,0,0,0,0.067,0.069,0.000,0,0,0,6060,6060,0,0
travel,28.685,688.3,615.169,615.169,fly,0.887,ok,2601,0,0,192.00,454230016,603746304,114090264,95883264,18123768,2904,7449760,22132800,1266669,6060,6060,0,0,0,0,0,0,0,0,0.088,0.069,0.000,0,0,0,6060,6060,0,0
travel,28.716,689.0,615.692,615.692,fly,0.869,ok,2601,0,0,192.00,454230016,603746304,114090264,95883264,18123768,2904,7449760,22132800,1266669,6060,6060,0,0,0,0,0,0,0,0,0.068,0.070,0.000,0,0,0,6060,6060,0,0
travel,28.754,689.9,616.338,616.338,fly,0.920,ok,2601,0,97,192.00,454230016,603746304,114090264,95883264,18123768,2904,11174640,17071632,1302580,6161,6161,0,0,7,0,0,0,0,0,0.070,0.088,0.000,0,0,0,6161,6161,0,0
travel,28.785,690.6,616.859,616.859,fly,0.868,ok,2601,0,0,192.00,454230016,603746304,114090264,95883264,18123768,2904,11174640,22132800,1320577,6161,6161,0,0,0,0,0,0,0,0,0.070,0.066,0.000,0,0,0,6161,6161,0,0
travel,28.816,691.4,617.383,617.383,fly,0.871,ok,2601,0,0,192.00,454230016,603746304,114090264,95883264,18123768,2904,11174640,22132800,1320577,6161,6161,0,0,0,0,0,0,0,0,0.070,0.071,0.000,0,0,0,6161,6161,0,0
travel,28.846,692.1,617.898,617.898,fly,0.975,ok,2601,0,0,192.00,454230016,603746304,114090264,95883264,18123768,2904,11174640,22132800,1320577,6161,6161,0,0,0,0,0,0,0,0,0.081,0.106,0.000,0,0,0,6161,6161,0,0
travel,28.876,692.8,618.415,618.415,fly,0.864,ok,2601,0,0,192.00,454230016,603746304,114090264,95883264,18123768,2904,11174640,22132800,1320577,6161,6161,0,0,0,0,0,0,0,0,0.070,0.066,0.000,0,0,0,6161,6161,0,0
travel,28.907,693.6,618.924,618.924,fly,0.885,ok,2601,0,0,192.00,454230016,603746304,114090264,95883264,18123768,2904,7449760,22132800,1320577,6161,6161,0,0,0,0,0,0,0,0,0.074,0.069,0.000,0,0,0,6161,6161,0,0
travel,28.937,694.3,619.433,619.433,fly,0.876,ok,2601,0,0,192.00,454230016,603746304,114090264,95883264,18123768,2904,7449760,22132800,1320577,6161,6161,0,0,0,0,0,0,0,0,0.069,0.073,0.000,0,0,0,6161,6161,0,0
travel,28.967,695.0,619.949,619.949,fly,0.867,ok,2601,0,0,192.00,454230016,603746304,114090264,95883264,18123768,2904,7449760,22132800,1320577,6161,6161,0,0,0,0,0,0,0,0,0.071,0.065,0.000,0,0,0,6161,6161,0,0
travel,28.997,695.7,620.459,620.459,fly,0.878,ok,2601,0,0,192.00,454230016,603746304,114090264,95883264,18123768,2904,7449760,22132800,1320577,6161,6161,0,0,0,0,0,0,0,0,0.069,0.066,0.000,0,0,0,6161,6161,0,0
travel,29.028,696.5,620.983,620.983,fly,0.843,ok,2601,0,0,192.00,454230016,603746304,114090264,95883264,18123768,2904,7449760,22132800,1320577,6161,6161,0,0,0,0,0,0,0,0,0.067,0.064,0.000,0,0,0,6161,6161,0,0
travel,29.058,697.2,621.498,621.498,fly,0.861,ok,2601,0,0,192.00,454230016,603746304,114090264,95883264,18123768,2904,7449760,22132800,1320577,6161,6161,0,0,0,0,0,0,0,0,0.069,0.066,0.000,0,0,0,6161,6161,0,0
travel,29.089,697.9,622.013,622.013,fly,0.906,ok,2601,0,0,192.00,454230016,603746304,114090264,95883264,18123768,2904,7449760,22132800,1320577,6161,6161,0,0,0,0,0,0,0,0,0.069,0.069,0.000,0,0,0,6161,6161,0,0
travel,29.119,698.7,622.528,622.528,fly,0.858,ok,2601,0,0,192.00,454230016,603746304,114090264,95883264,18123768,2904,7449760,22132800,1320577,6161,6161,0,0,0,0,0,0,0,0,0.068,0.067,0.000,0,0,0,6161,6161,0,0
travel,29.149,699.4,623.042,623.042,fly,0.958,ok,2601,0,0,192.00,454230016,603746304,114090264,95883264,18123768,2904,7449760,22132800,1320577,6161,6161,0,0,0,0,0,0,0,0,0.141,0.071,0.000,0,0,0,6161,6161,0,0
travel,29.180,700.1,623.555,623.555,fly,0.997,ok,2601,0,0,192.00,454230016,603746304,114090264,95883264,18123768,2904,7449760,22132800,1320577,6161,6161,0,0,0,0,0,0,0,0,0.079,0.169,0.000,0,0,0,6161,6161,0,0
travel,29.219,701.1,624.223,624.223,fly,0.899,ok,2601,0,142,192.00,454230016,603746304,114090264,95883264,18123768,2904,11174640,14723712,1343021,6262,6262,0,0,2,0,0,0,0,0,0.071,0.082,0.000,0,0,0,6262,6262,0,0
travel,29.253,701.9,624.801,624.801,fly,0.854,ok,2601,0,0,192.00,454230016,603746304,114090264,95883264,18123768,2904,11174640,22132800,1373813,6262,6262,0,0,0,0,0,0,0,0,0.071,0.068,0.000,0,0,0,6262,6262,0,0
travel,29.284,702.6,625.320,625.320,fly,0.907,ok,2601,0,0,192.00,454230016,603746304,114090264,95883264,18123768,2904,11174640,22132800,1373813,6262,6262,0,0,0,0,0,0,0,0,0.070,0.074,0.000,0,0,0,6262,6262,0,0
travel,29.314,703.3,625.830,625.830,fly,0.884,ok,2601,0,0,192.00,454230016,603746304,114090264,95883264,18123768,2904,11174640,22132800,1373813,6262,6262,0,0,0,0,0,0,0,0,0.070,0.075,0.000,0,0,0,6262,6262,0,0
travel,29.344,704.1,626.342,626.342,fly,0.871,ok,2601,0,0,192.00,454230016,603746304,114090264,95883264,18123768,2904,11174640,22132800,1373813,6262,6262,0,0,0,0,0,0,0,0,0.070,0.068,0.000,0,0,0,6262,6262,0,0
travel,29.375,704.8,626.868,626.868,fly,0.851,ok,2601,0,0,192.00,454230016,603746304,114090264,95883264,18123768,2904,7449760,22132800,1373813,6262,6262,0,0,0,0,0,0,0,0,0.068,0.069,0.000,0,0,0,6262,6262,0,0
travel,29.406,705.5,627.398,627.398,fly,0.860,ok,2601,0,0,192.00,454230016,603746304,114090264,95883264,18123768,2904,7449760,22132800,1373813,6262,6262,0,0,0,0,0,0,0,0,0.072,0.070,0.000,0,0,0,6262,6262,0,0
travel,29.436,706.3,627.913,627.913,fly,0.850,ok,2601,0,0,192.00,454230016,603746304,114090264,95883264,18123768,2904,7449760,22132800,1373813,6262,6262,0,0,0,0,0,0,0,0,0.068,0.066,0.000,0,0,0,6262,6262,0,0
travel,29.467,707.0,628.428,628.428,fly,0.841,ok,2601,0,0,192.00,454230016,603746304,114090264,95883264,18123768,2904,7449760,22132800,1373813,6262,6262,0,0,0,0,0,0,0,0,0.068,0.066,0.000,0,0,0,6262,6262,0,0
travel,29.497,707.7,628.944,628.944,fly,0.852,ok,2601,0,0,192.00,454230016,603746304,114090264,95883264,18123768,2904,7449760,22132800,1373813,6262,6262,0,0,0,0,0,0,0,0,0.070,0.074,0.000,0,0,0,6262,6262,0,0
travel,29.528,708.5,629.465,629.465,fly,0.845,ok,2601,0,0,192.00,454230016,603746304,114090264,95883264,18123768,2904,7449760,22132800,1373813,6262,6262,0,0,0,0,0,0,0,0,0.068,0.066,0.000,0,0,0,6262,6262,0,0
travel,29.558,709.2,629.977,629.977,fly,0.860,ok,2601,0,0,192.00,454230016,603746304,114090264,95883264,18123768,2904,7449760,22132800,1373813,6262,6262,0,0,0,0,0,0,0,0,0.068,0.065,0.000,0,0,0,6262,6262,0,0
travel,29.589,709.9,630.499,630.499,fly,0.845,ok,2601,0,0,192.00,454287360,603705344,114090264,95883264,18123768,2904,7449760,22132800,1373813,6262,6262,0,0,0,0,0,0,0,0,0.068,0.068,0.000,0,0,0,6262,6262,0,0
travel,29.619,710.7,631.014,631.014,fly,0.905,ok,2601,0,0,192.00,454287360,603705344,114090264,95883264,18123768,2904,7449760,22132800,1373813,6262,6262,0,0,0,0,0,0,0,0,0.068,0.069,0.000,0,0,0,6262,6262,0,0
travel,29.650,711.4,631.528,631.528,fly,0.843,ok,2601,0,0,192.00,454287360,603705344,114090264,95883264,18123768,2904,7449760,22132800,1373813,6262,6262,0,0,0,0,0,0,0,0,0.068,0.062,0.000,0,0,0,6262,6262,0,0
travel,29.689,712.3,632.189,632.189,fly,0.902,ok,2601,0,149,192.00,454418432,605409280,114090264,95883264,18123768,2904,11174640,14358480,1394168,6363,6363,0,0,21,0,0,0,0,0,0.071,0.076,0.000,0,0,0,6363,6363,0,0
travel,29.719,713.1,632.713,632.713,fly,0.853,ok,2601,0,0,192.00,454418432,605409280,114090264,95883264,18123768,2904,11174640,22132800,1430397,6363,6363,0,0,5,0,0,0,0,0,0.068,0.067,0.000,0,0,0,6363,6363,0,0
travel,29.750,713.8,633.232,633.232,fly,0.849,ok,2601,0,0,192.00,454418432,605409280,114090264,95883264,18123768,2904,11174640,22132800,1430397,6363,6363,0,0,0,0,0,0,0,0,0.069,0.064,0.000,0,0,0,6363,6363,0,0
travel,29.781,714.5,633.750,633.750,fly,0.902,ok,2601,0,0,192.00,454422528,605474816,114090264,95883264,18123768,2904,11174640,22132800,1430397,6363,6363,0,0,0,0,0,0,0,0,0.070,0.081,0.000,0,0,0,6363,6363,0,0
travel,29.811,715.3,634.268,634.268,fly,0.843,ok,2601,0,0,192.00,454422528,605474816,114090264,95883264,18123768,2904,11174640,22132800,1430397,6363,6363,0,0,0,0,0,0,0,0,0.067,0.066,0.000,0,0,0,6363,6363,0,0
travel,29.842,716.0,634.788,634.788,fly,0.852,ok,2601,0,0,192.00,454422528,605474816,114090264,95883264,18123768,2904,11174640,22132800,1430397,6363,6363,0,0,0,0,0,0,0,0,0.068,0.068,0.000,0,0,0,6363,6363,0,0
travel,29.872,716.7,635.298,635.298,fly,0.886,ok,2601,0,0,192.00,454422528,605474816,114090264,95883264,18123768,2904,7449760,22132800,1430397,6363,6363,0,0,0,0,0,0,0,0,0.070,0.076,0.000,0,0,0,6363,6363,0,0
travel,29.902,717.5,635.816,635.816,fly,0.871,ok,2601,0,0,192.00,454422528,605474816,114090264,95883264,18123768,2904,7449760,22132800,1430397,6363,6363,0,0,0,0,0,0,0,0,0.069,0.070,0.000,0,0,0,6363,6363,0,0
travel,29.933,718.2,636.336,636.336,fly,0.882,ok,2601,0,0,192.00,454422528,605474816,114090264,95883264,18123768,2904,7449760,22132800,1430397,6363,6363,0,0,0,0,0,0,0,0,0.069,0.067,0.000,0,0,0,6363,6363,0,0
travel,29.963,718.9,636.853,636.853,fly,0.869,ok,2601,0,0,192.00,454422528,605474816,114090264,95883264,18123768,2904,7449760,22132800,1430397,6363,6363,0,0,0,0,0,0,0,0,0.076,0.067,0.000,0,0,0,6363,6363,0,0
travel,29.994,719.6,637.369,637.369,fly,0.863,ok,2601,0,0,192.00,454422528,605474816,114090264,95883264,18123768,2904,7449760,22132800,1430397,6363,6363,0,0,0,0,0,0,0,0,0.071,0.064,0.000,0,0,0,6363,6363,0,0
travel,30.025,720.4,637.890,637.890,fly,0.862,ok,2601,0,0,192.00,454422528,605474816,114090264,95883264,18123768,2904,7449760,22132800,1430397,6363,6363,0,0,0,0,0,0,0,0,0.068,0.068,0.000,0,0,0,6363,6363,0,0
travel,30.055,721.1,638.404,638.404,fly,1.057,ok,2601,0,0,192.00,454422528,605474816,114090264,95883264,18123768,2904,7449760,22132800,1430397,6363,6363,0,0,0,0,0,0,0,0,0.077,0.133,0.000,0,0,0,6363,6363,0,0
travel,30.086,721.9,638.930,638.930,fly,0.855,ok,2601,0,0,192.00,454422528,605474816,114090264,95883264,18123768,2904,7449760,22132800,1430397,6363,6363,0,0,0,0,0,0,0,0,0.068,0.069,0.000,0,0,0,6363,6363,0,0
travel,30.117,722.6,639.453,639.453,fly,0.865,ok,2601,0,0,192.00,454422528,605474816,114090264,95883264,18123768,2904,7449760,22132800,1430397,6363,6363,0,0,0,0,0,0,0,0,0.068,0.067,0.000,0,0,0,6363,6363,0,0
travel,30.147,723.3,639.963,639.963,fly,0.854,ok,2601,0,0,192.00,454422528,605474816,114090264,95883264,18123768,2904,7449760,22132800,1430397,6363,6363,0,0,0,0,0,0,0,0,0.066,0.066,0.000,0,0,0,6363,6363,0,0
travel,30.186,724.3,640.622,640.622,fly,0.870,ok,2601,0,23,192.00,454418432,605474816,114090264,95883264,18123768,2904,11174640,20932656,1260617,6464,6464,0,0,3,0,0,0,0,0,0.071,0.062,0.000,0,0,0,6464,6464,0,0
travel,30.217,725.0,641.151,641.151,fly,0.861,ok,2601,0,0,192.00,454418432,605474816,114090264,95883264,18123768,2904,11174640,22132800,1264166,6464,6464,0,0,0,0,0,0,0,0,0.069,0.066,0.000,0,0,0,6464,6464,0,0
travel,30.247,725.7,641.670,641.670,fly,0.857,ok,2601,0,0,192.00,454418432,605474816,114090264,95883264,18123768,2904,11174640,22132800,1264166,6464,6464,0,0,0,0,0,0,0,0,0.069,0.067,0.000,0,0,0,6464,6464,0,0
travel,30.278,726.5,642.194,642.194,fly,0.895,ok,2601,0,0,192.00,454418432,605474816,114090264,95883264,18123768,2904,11174640,22132800,1264166,6464,6464,0,0,0,0,0,0,0,0,0.069,0.102,0.000,0,0,0,6464,6464,0,0
travel,30.309,727.2,642.718,642.718,fly,0.892,ok,2601,0,0,192.00,454418432,605474816,114090264,95883264,18123768,2904,11174640,22132800,1264166,6464,6464,0,0,0,0,0,0,0,0,0.069,0.071,0.000,0,0,0,6464,6464,0,0
travel,30.339,727.9,643.228,643.228,fly,0.862,ok,2601,0,0,192.00,454418432,605474816,114090264,95883264,18123768,2904,7449760,22132800,1264166,6464,6464,0,0,0,0,0,0,0,0,0.071,0.066,0.000,0,0,0,6464,6464,0,0
travel,30.369,728.7,643.739,643.739,fly,0.872,ok,2601,0,0,192.00,454418432,605474816,114090264,95883264,18123768,2904,7449760,22132800,1264166,6464,6464,0,0,0,0,0,0,0,0,0.068,0.068,0.000,0,0,0,6464,6464,0,0
travel,30.400,729.4,644.255,644.255,fly,0.883,ok,2601,0,0,192.00,454418432,605474816,114090264,95883264,18123768,2904,7449760,22132800,1264166,6464,6464,0,0,0,0,0,0,0,0,0.069,0.074,0.000,0,0,0,6464,6464,0,0
travel,30.431,730.1,644.778,644.778,fly,0.952,ok,2601,0,0,192.00,454418432,605474816,114090264,95883264,18123768,2904,7449760,22132800,1264166,6464,6464,0,0,0,0,0,0,0,0,0.142,0.067,0.000,0,0,0,6464,6464,0,0
travel,30.461,730.9,645.290,645.290,fly,0.855,ok,2601,0,0,192.00,454418432,605474816,114090264,95883264,18123768,2904,7449760,22132800,1264166,6464,6464,0,0,0,0,0,0,0,0,0.068,0.068,0.000,0,0,0,6464,6464,0,0
travel,30.491,731.6,645.806,645.806,fly,0.873,ok,2601,0,0,192.00,454418432,605474816,114090264,95883264,18123768,2904,7449760,22132800,1264166,6464,6464,0,0,0,0,0,0,0,0,0.074,0.071,0.000,0,0,0,6464,6464,0,0
travel,30.522,732.3,646.322,646.322,fly,1.333,ok,2601,0,0,192.00,454418432,605474816,114090264,95883264,18123768,2904,7449760,22132800,1264166,6464,6464,0,0,0,0,0,0,0,0,0.406,0.142,0.000,0,0,0,6464,6464,0,0
travel,30.553,733.1,646.850,646.850,fly,0.878,ok,2601,0,0,192.00,454418432,605474816,114090264,95883264,18123768,2904,7449760,22132800,1264166,6464,6464,0,0,0,0,0,0,0,0,0.067,0.093,0.000,0,0,0,6464,6464,0,0
travel,30.583,733.8,647.369,647.369,fly,0.839,ok,2601,0,0,192.00,454418432,605474816,114090264,95883264,18123768,2904,7449760,22132800,1264166,6464,6464,0,0,0,0,0,0,0,0,0.067,0.066,0.000,0,0,0,6464,6464,0,0
travel,30.614,734.5,647.883,647.883,fly,0.866,ok,2601,0,0,192.00,454418432,605474816,114090264,95883264,18123768,2904,7449760,22132800,1264166,6464,6464,0,0,0,0,0,0,0,0,0.069,0.071,0.000,0,0,0,6464,6464,0,0
travel,30.653,735.5,648.547,648.547,fly,1.008,ok,2601,0,13,192.00,454418432,605474816,114090264,95883264,18123768,2904,11174640,21454416,1317313,6565,6565,0,0,5,0,0,0,0,0,0.206,0.072,0.000,0,0,0,6565,6565,0,0
travel,30.683,736.2,649.062,649.062,fly,0.871,ok,2601,0,0,192.00,454418432,605474816,114090264,95883264,18123768,2904,11174640,22132800,1319406,6565,6565,0,0,0,0,0,0,0,0,0.069,0.070,0.000,0,0,0,6565,6565,0,0
travel,30.714,736.9,649.578,649.578,fly,0.952,ok,2601,0,0,192.00,454418432,605474816,114090264,95883264,18123768,2904,11174640,22132800,1319406,6565,6565,0,0,0,0,0,0,0,0,0.077,0.106,0.000,0,0,0,6565,6565,0,0
travel,30.744,737.6,650.089,650.089,fly,0.968,ok,2601,0,0,192.00,454418432,605474816,114090264,95883264,18123768,2904,11174640,22132800,1319406,6565,6565,0,0,0,0,0,0,0,0,0.138,0.074,0.000,0,0,0,6565,6565,0,0
travel,30.774,738.4,650.609,650.609,fly,0.860,ok,2601,0,0,192.00,454418432,605474816,114090264,95883264,18123768,2904,11174640,22132800,1319406,6565,6565,0,0,0,0,0,0,0,0,0.068,0.065,0.000,0,0,0,6565,6565,0,0
travel,30.805,739.1,651.125,651.125,fly,0.874,ok,2601,0,0,192.00,454418432,605474816,114090264,95883264,18123768,2904,7449760,22132800,1319406,6565,6565,0,0,0,0,0,0,0,0,0.068,0.067,0.000,0,0,0,6565,6565,0,0
travel,30.835,739.8,651.640,651.640,fly,1.014,ok,2601,0,0,192.00,454418432,605474816,114090264,95883264,18123768,2904,7449760,22132800,1319406,6565,6565,0,0,0,0,0,0,0,0,0.098,0.167,0.000,0,0,0,6565,6565,0,0
travel,30.866,740.6,652.165,652.165,fly,0.850,ok,2601,0,0,192.00,454418432,605474816,114090264,95883264,18123768,2904,7449760,22132800,1319406,6565,6565,0,0,0,0,0,0,0,0,0.067,0.069,0.000,0,0,0,6565,6565,0,0
travel,30.896,741.3,652.679,652.679,fly,0.837,ok,2601,0,0,192.00,454418432,605474816,114090264,95883264,18123768,2904,7449760,22132800,1319406,6565,6565,0,0,0,0,0,0,0,0,0.067,0.066,0.000,0,0,0,6565,6565,0,0
travel,30.927,742.0,653.194,653.194,fly,0.876,ok,2601,0,0,192.00,454418432,605474816,114090264,95883264,18123768,2904,7449760,22132800,1319406,6565,6565,0,0,0,0,0,0,0,0,0.068,0.074,0.000,0,0,0,6565,6565,0,0
travel,30.957,742.8,653.707,653.707,fly,0.849,ok,2601,0,0,192.00,454418432,605474816,114090264,95883264,18123768,2904,7449760,22132800,1319406,6565,6565,0,0,0,0,0,0,0,0,0.070,0.069,0.000,0,0,0,6565,6565,0,0
travel,30.988,743.5,654.233,654.233,fly,0.852,ok,2601,0,0,192.00,454418432,605474816,114090264,95883264,18123768,2904,7449760,22132800,1319406,6565,6565,0,0,0,0,0,0,0,0,0.067,0.064,0.000,0,0,0,6565,6565,0,0
travel,31.019,744.2,654.758,654.758,fly,0.902,ok,2601,0,0,192.00,454418432,605474816,114090264,95883264,18123768,2904,7449760,22132800,1319406,6565,6565,0,0,0,0,0,0,0,0,0.069,0.073,0.000,0,0,0,6565,6565,0,0
travel,31.052,745.0,655.319,655.319,fly,0.848,ok,2601,0,0,192.00,454418432,605474816,114090264,95883264,18123768,2904,7449760,22132800,1319406,6565,6565,0,0,0,0,0,0,0,0,0.067,0.065,0.000,0,0,0,6565,6565,0,0
travel,31.082,745.8,655.834,655.834,fly,1.121,ok,2601,0,0,192.00,454418432,605474816,114090264,95883264,18123768,2904,7449760,22132800,1319406,6565,6565,0,0,0,0,0,0,0,0,0.230,0.104,0.000,0,0,0,6565,6565,0,0
travel,31.122,746.7,656.497,656.497,fly,0.870,ok,2601,0,33,192.00,454418432,605474816,114090264,95883264,18123768,2904,11174640,20410896,1366714,6666,6666,0,0,7,0,0,0,0,0,0.070,0.068,0.000,0,0,0,6666,6666,0,0
travel,31.152,747.4,657.016,657.016,fly,0.964,ok,2601,0,0,192.00,454418432,605474816,114090264,95883264,18123768,2904,11174640,22132800,1372834,6666,6666,0,0,0,0,0,0,0,0,0.071,0.076,0.000,0,0,0,6666,6666,0,0
travel,31.183,748.2,657.532,657.532,fly,0.872,ok,2601,0,0,192.00,454418432,605474816,114090264,95883264,18123768,2904,11174640,22132800,1372834,6666,6666,0,0,0,0,0,0,0,0,0.069,0.066,0.000,0,0,0,6666,6666,0,0
travel,31.213,748.9,658.049,658.049,fly,0.858,ok,2601,0,0,192.00,454418432,605474816,114090264,95883264,18123768,2904,11174640,22132800,1372834,6666,6666,0,0,0,0,0,0,0,0,0.069,0.069,0.000,0,0,0,6666,6666,0,0
travel,31.243,749.6,658.563,658.563,fly,0.841,ok,2601,0,0,192.00,454418432,605474816,114090264,95883264,18123768,2904,11174640,22132800,1372834,6666,6666,0,0,0,0,0,0,0,0,0.067,0.066,0.000,0,0,0,6666,6666,0,0
travel,31.275,750.4,659.095,659.095,fly,0.874,ok,2601,0,0,192.00,454422528,605474816,114090264,95883264,18123768,2904,7449760,22132800,1372834,6666,6666,0,0,0,0,0,0,0,0,0.069,0.071,0.000,0,0,0,6666,6666,0,0
travel,31.305,751.1,659.611,659.611,fly,0.864,ok,2601,0,0,192.00,454422528,605474816,114090264,95883264,18123768,2904,7449760,22132800,1372834,6666,6666,0,0,0,0,0,0,0,0,0.068,0.066,0.000,0,0,0,6666,6666,0,0
travel,31.335,751.8,660.125,660.125,fly,0.862,ok,2601,0,0,192.00,454422528,605474816,114090264,95883264,18123768,2904,7449760,22132800,1372834,6666,6666,0,0,0,0,0,0,0,0,0.068,0.069,0.000,0,0,0,6666,6666,0,0
travel,31.366,752.6,660.641,660.641,fly,0.881,ok,2601,0,0,192.00,454422528,605474816,114090264,95883264,18123768,2904,7449760,22132800,1372834,6666,6666,0,0,0,0,0,0,0,0,0.068,0.069,0.000,0,0,0,6666,6666,0,0
travel,31.397,753.3,661.163,661.163,fly,0.869,ok,2601,0,0,192.00,454422528,605474816,114090264,95883264,18123768,2904,7449760,22132800,1372834,6666,6666,0,0,0,0,0,0,0,0,0.069,0.067,0.000,0,0,0,6666,6666,0,0
travel,31.427,754.0,661.674,661.674,fly,0.863,ok,2601,0,0,192.00,454422528,605474816,114090264,95883264,18123768,2904,7449760,22132800,1372834,6666,6666,0,0,0,0,0,0,0,0,0.067,0.066,0.000,0,0,0,6666,6666,0,0
travel,31.457,754.7,662.186,662.186,fly,0.864,ok,2601,0,0,192.00,454422528,605474816,114090264,95883264,18123768,2904,7449760,22132800,1372834,6666,6666,0,0,0,0,0,0,0,0,0.069,0.069,0.000,0,0,0,6666,6666,0,0
travel,31.487,755.5,662.703,662.703,fly,0.864,ok,2601,0,0,192.00,454422528,605474816,114090264,95883264,18123768,2904,7449760,22132800,1372834,6666,6666,0,0,0,0,0,0,0,0,0.067,0.065,0.000,0,0,0,6666,6666,0,0
travel,31.518,756.2,663.221,663.221,fly,0.865,ok,2601,0,0,192.00,454422528,605474816,114090264,95883264,18123768,2904,7449760,22132800,1372834,6666,6666,0,0,0,0,0,0,0,0,0.067,0.067,0.000,0,0,0,6666,6666,0,0
travel,31.549,756.9,663.740,663.740,fly,0.897,ok,2601,0,0,192.00,454422528,605474816,114090264,95883264,18123768,2904,7449760,22132800,1372834,6666,6666,0,0,0,0,0,0,0,0,0.067,0.074,0.000,0,0,0,6666,6666,0,0
travel,31.587,757.9,664.396,664.396,fly,0.914,ok,2601,0,72,192.00,454422528,605474816,114090264,95883264,18123768,2904,11174640,18376032,1414496,6767,6767,0,0,7,0,0,0,0,0,0.070,0.081,0.000,0,0,0,6767,6767,0,0
travel,31.617,758.6,664.907,664.907,fly,1.165,ok,2601,0,0,192.00,454422528,605474816,114090264,95883264,18123768,2904,11174640,22132800,1428814,6767,6767,0,0,0,0,0,0,0,0,0.356,0.066,0.000,0,0,0,6767,6767,0,0
travel,31.648,759.3,665.425,665.425,fly,0.886,ok,2601,0,0,192.00,454422528,605474816,114090264,95883264,18123768,2904,11174640,22132800,1428814,6767,6767,0,0,0,0,0,0,0,0,0.071,0.072,0.000,0,0,0,6767,6767,0,0
travel,31.679,760.1,665.949,665.949,fly,1.026,ok,2601,0,0,192.00,454422528,605474816,114090264,95883264,18123768,2904,11174640,22132800,1428814,6767,6767,0,0,0,0,0,0,0,0,0.071,0.161,0.000,0,0,0,6767,6767,0,0
travel,31.710,760.8,666.477,666.477,fly,0.874,ok,2601,0,0,192.00,454422528,605474816,114090264,95883264,18123768,2904,11174640,22132800,1428814,6767,6767,0,0,0,0,0,0,0,0,0.069,0.068,0.000,0,0,0,6767,6767,0,0
travel,31.741,761.6,667.005,667.005,fly,0.933,ok,2601,0,0,192.00,454422528,605474816,114090264,95883264,18123768,2904,7449760,22132800,1428814,6767,6767,0,0,0,0,0,0,0,0,0.069,0.068,0.000,0,0,0,6767,6767,0,0
travel,31.772,762.3,667.532,667.532,fly,1.008,ok,2601,0,0,192.00,454422528,605474816,114090264,95883264,18123768,2904,7449760,22132800,1428814,6767,6767,0,0,0,0,0,0,0,0,0.068,0.219,0.000,0,0,0,6767,6767,0,0
travel,31.803,763.0,668.054,668.054,fly,0.936,ok,2601,0,0,192.00,454422528,605474816,114090264,95883264,18123768,2904,7449760,22132800,1428814,6767,6767,0,0,0,0,0,0,0,0,0.070,0.084,0.000,0,0,0,6767,6767,0,0
travel,31.834,763.8,668.577,668.577,fly,0.863,ok,2601,0,0,192.00,454422528,605474816,114090264,95883264,18123768,2904,7449760,22132800,1428814,6767,6767,0,0,0,0,0,0,0,0,0.068,0.068,0.000,0,0,0,6767,6767,0,0
travel,31.864,764.5,669.091,669.091,fly,0.859,ok,2601,0,0,192.00,454422528,605474816,114090264,95883264,18123768,2904,7449760,22132800,1428814,6767,6767,0,0,0,0,0,0,0,0,0.068,0.068,0.000,0,0,0,6767,6767,0,0
travel,31.894,765.2,669.606,669.606,fly,1.016,ok,2601,0,0,192.00,454422528,605474816,114090264,95883264,18123768,2904,7449760,22132800,1428814,6767,6767,0,0,0,0,0,0,0,0,0.069,0.203,0.000,0,0,0,6767,6767,0,0
travel,31.925,766.0,670.127,670.127,fly,0.927,ok,2601,0,0,192.00,454422528,605474816,114090264,95883264,18123768,2904,7449760,22132800,1428814,6767,6767,0,0,0,0,0,0,0,0,0.071,0.098,0.000,0,0,0,6767,6767,0,0
travel,31.955,766.7,670.641,670.641,fly,0.909,ok,2601,0,0,192.00,454422528,605474816,114090264,95883264,18123768,2904,7449760,22132800,1428814,6767,6767,0,0,0,0,0,0,0,0,0.067,0.108,0.000,0,0,0,6767,6767,0,0
travel,31.986,767.4,671.165,671.165,fly,0.928,ok,2601,0,0,192.00,454422528,605474816,114090264,95883264,18123768,2904,7449760,22132800,1428814,6767,6767,0,0,0,0,0,0,0,0,0.069,0.087,0.000,0,0,0,6767,6767,0,0
travel,32.017,768.2,671.694,671.694,fly,0.961,ok,2601,0,0,192.00,454422528,605474816,114090264,95883264,18123768,2904,7449760,22132800,1428814,6767,6767,0,0,0,0,0,0,0,0,0.075,0.107,0.000,0,0,0,6767,6767,0,0
travel,32.058,769.2,672.381,672.381,fly,0.849,ok,2601,0,103,192.00,454430720,605474816,114090264,95883264,18123768,2904,11174640,16758576,1243633,6868,6868,0,0,7,0,0,0,0,0,0.069,0.067,0.000,0,0,0,6868,6868,0,0
travel,32.089,769.9,672.914,672.914,fly,0.845,ok,2601,0,0,192.00,454430720,605474816,114090264,95883264,18123768,2904,11174640,22132800,1263577,6868,6868,0,0,0,0,0,0,0,0,0.069,0.066,0.000,0,0,0,6868,6868,0,0
travel,32.120,770.7,673.434,673.434,fly,0.994,ok,2601,0,0,192.00,454430720,605474816,114090264,95883264,18123768,2904,11174640,22132800,1263577,6868,6868,0,0,0,0,0,0,0,0,0.081,0.138,0.000,0,0,0,6868,6868,0,0
travel,32.151,771.4,673.963,673.963,fly,1.016,ok,2601,0,0,192.00,454434816,605540352,114090264,95883264,18123768,2904,11174640,22132800,1263577,6868,6868,0,0,0,0,0,0,0,0,0.069,0.216,0.000,0,0,0,6868,6868,0,0
travel,32.182,772.1,674.484,674.484,fly,0.903,ok,2601,0,0,192.00,454434816,605540352,114090264,95883264,18123768,2904,7449760,22132800,1263577,6868,6868,0,0,0,0,0,0,0,0,0.072,0.080,0.000,0,0,0,6868,6868,0,0
travel,32.213,772.9,675.007,675.007,fly,0.934,ok,2601,0,0,192.00,454434816,605540352,114090264,95883264,18123768,2904,7449760,22132800,1263577,6868,6868,0,0,0,0,0,0,0,0,0.069,0.066,0.000,0,0,0,6868,6868,0,0
travel,32.243,773.6,675.524,675.524,fly,0.868,ok,2601,0,0,192.00,454434816,605540352,114090264,95883264,18123768,2904,7449760,22132800,1263577,6868,6868,0,0,0,0,0,0,0,0,0.069,0.071,0.000,0,0,0,6868,6868,0,0
travel,32.274,774.4,676.051,676.051,fly,0.904,ok,2601,0,0,192.00,454434816,605540352,114090264,95883264,18123768,2904,7449760,22132800,1263577,6868,6868,0,0,0,0,0,0,0,0,0.069,0.080,0.000,0,0,0,6868,6868,0,0
travel,32.305,775.1,676.569,676.569,fly,0.950,ok,2601,0,0,192.00,454434816,605540352,114090264,95883264,18123768,2904,7449760,22132800,1263577,6868,6868,0,0,0,0,0,0,0,0,0.075,0.103,0.000,0,0,0,6868,6868,0,0
travel,32.336,775.8,677.096,677.096,fly,0.874,ok,2601,0,0,192.00,454434816,605540352,114090264,95883264,18123768,2904,7449760,22132800,1263577,6868,6868,0,0,0,0,0,0,0,0,0.071,0.066,0.000,0,0,0,6868,6868,0,0
travel,32.366,776.6,677.615,677.615,fly,0.866,ok,2601,0,0,192.00,454434816,605540352,114090264,95883264,18123768,2904,7449760,22132800,1263577,6868,6868,0,0,0,0,0,0,0,0,0.069,0.068,0.000,0,0,0,6868,6868,0,0
travel,32.397,777.3,678.135,678.135,fly,0.865,ok,2601,0,0,192.00,454434816,605540352,114090264,95883264,18123768,2904,7449760,22132800,1263577,6868,6868,0,0,0,0,0,0,0,0,0.068,0.067,0.000,0,0,0,6868,6868,0,0
travel,32.428,778.0,678.652,678.652,fly,0.859,ok,2601,0,0,192.00,454434816,605540352,114090264,95883264,18123768,2904,7449760,22132800,1263577,6868,6868,0,0,0,0,0,0,0,0,0.069,0.066,0.000,0,0,0,6868,6868,0,0
travel,32.468,779.0,679.331,679.331,fly,1.408,ok,2601,0,0,192.00,454463488,605540352,114090264,95883264,18123768,2904,7449760,22132800,1263577,6868,6868,0,0,0,0,0,0,0,0,0.079,0.300,0.000,0,0,0,6868,6868,0,0
travel,32.500,779.8,679.889,679.889,fly,1.236,ok,2601,0,0,192.00,454463488,605540352,114090264,95883264,18123768,2904,7449760,22132800,1263577,6868,6868,0,0,0,0,0,0,0,0,0.150,0.105,0.000,0,0,0,6868,6868,0,0
travel,32.548,780.9,680.699,680.699,fly,1.129,ok,2601,0,0,192.00,454463488,605540352,114090264,95883264,18123768,2904,11174640,22132800,1318597,6969,6969,0,0,1,0,0,0,0,0,0.078,0.123,0.000,0,0,0,6969,6969,0,0
travel,32.579,781.7,681.224,681.224,fly,0.856,ok,2601,0,0,192.00,454463488,605540352,114090264,95883264,18123768,2904,11174640,22132800,1318597,6969,6969,0,0,0,0,0,0,0,0,0.072,0.067,0.000,0,0,0,6969,6969,0,0
travel,32.610,782.4,681.754,681.754,fly,0.870,ok,2601,0,0,192.00,454463488,605540352,114090264,95883264,18123768,2904,11174640,22132800,1318597,6969,6969,0,0,0,0,0,0,0,0,0.071,0.077,0.000,0,0,0,6969,6969,0,0
travel,32.641,783.2,682.275,682.275,fly,0.874,ok,2601,0,0,192.00,454467584,605540352,114090264,95883264,18123768,2904,7449760,22132800,1318597,6969,6969,0,0,0,0,0,0,0,0,0.070,0.072,0.000,0,0,0,6969,6969,0,0
travel,32.671,783.9,682.789,682.789,fly,0.936,ok,2601,0,0,192.00,454467584,605540352,114090264,95883264,18123768,2904,7449760,22132800,1318597,6969,6969,0,0,0,0,0,0,0,0,0.075,0.124,0.000,0,0,0,6969,6969,0,0
travel,32.702,784.6,683.312,683.312,fly,0.846,ok,2601,0,0,192.00,454467584,605540352,114090264,95883264,18123768,2904,7449760,22132800,1318597,6969,6969,0,0,0,0,0,0,0,0,0.072,0.068,0.000,0,0,0,6969,6969,0,0
travel,32.733,785.4,683.829,683.829,fly,1.064,ok,2601,0,0,192.00,454467584,605540352,114090264,95883264,18123768,2904,7449760,22132800,1318597,6969,6969,0,0,0,0,0,0,0,0,0.078,0.125,0.000,0,0,0,6969,6969,0,0
travel,32.764,786.1,684.360,684.360,fly,0.858,ok,2601,0,0,192.00,454467584,605540352,114090264,95883264,18123768,2904,7449760,22132800,1318597,6969,6969,0,0,0,0,0,0,0,0,0.068,0.065,0.000,0,0,0,6969,6969,0,0
travel,32.796,786.9,684.897,684.897,fly,0.877,ok,2601,0,0,192.00,454467584,605540352,114090264,95883264,18123768,2904,7449760,22132800,1318597,6969,6969,0,0,0,0,0,0,0,0,0.067,0.082,0.000,0,0,0,6969,6969,0,0
travel,32.830,787.7,685.474,685.474,fly,1.406,ok,2601,0,0,192.00,454467584,605540352,114090264,95883264,18123768,2904,7449760,22132800,1318597,6969,6969,0,0,0,0,0,0,0,0,0.099,0.151,0.000,0,0,0,6969,6969,0,0
travel,32.875,788.8,686.240,686.240,fly,1.595,ok,2601,0,0,192.00,454467584,605540352,114090264,95883264,18123768,2904,7449760,22132800,1318597,6969,6969,0,0,0,0,0,0,0,0,0.222,0.180,0.000,0,0,0,6969,6969,0,0
travel,32.923,789.9,687.062,687.062,fly,1.858,ok,2601,0,0,192.00,454467584,605540352,114090264,95883264,18123768,2904,7449760,22132800,1318597,6969,6969,0,0,0,0,0,0,0,0,0.132,0.468,0.000,0,0,0,6969,6969,0,0
travel,32.971,791.1,687.866,687.866,fly,2.153,ok,2601,0,0,192.00,454467584,605540352,114090264,95883264,18123768,2904,7449760,22132800,1318597,6969,6969,0,0,0,0,0,0,0,0,0.263,0.543,0.000,0,0,0,6969,6969,0,0
travel,33.030,792.5,688.877,688.877,fly,1.052,ok,2601,0,0,192.00,454467584,605540352,114090264,95883264,18123768,2904,11174640,22132800,1372529,7070,7070,0,0,4,0,0,0,0,0,0.080,0.179,0.000,0,0,0,7070,7070,0,0
travel,33.062,793.3,689.414,689.414,fly,0.865,ok,2601,0,0,192.00,454467584,605540352,114090264,95883264,18123768,2904,11174640,22132800,1372529,7070,7070,0,0,0,0,0,0,0,0,0.070,0.072,0.000,0,0,0,7070,7070,0,0
travel,33.093,794.0,689.938,689.938,fly,1.282,ok,2601,0,0,192.00,454467584,605540352,114090264,95883264,18123768,2904,7449760,22132800,1372529,7070,7070,0,0,0,0,0,0,0,0,0.151,0.346,0.000,0,0,0,7070,7070,0,0
travel,33.124,794.7,690.465,690.465,fly,0.886,ok,2601,0,0,192.00,454467584,605540352,114090264,95883264,18123768,2904,7449760,22132800,1372529,7070,7070,0,0,0,0,0,0,0,0,0.071,0.074,0.000,0,0,0,7070,7070,0,0
travel,33.154,795.5,690.980,690.980,fly,0.876,ok,2601,0,0,192.00,454467584,605540352,114090264,95883264,18123768,2904,7449760,22132800,1372529,7070,7070,0,0,0,0,0,0,0,0,0.070,0.074,0.000,0,0,0,7070,7070,0,0
travel,33.184,796.2,691.493,691.493,fly,0.936,ok,2601,0,0,192.00,454467584,605540352,114090264,95883264,18123768,2904,7449760,22132800,1372529,7070,7070,0,0,0,0,0,0,0,0,0.080,0.106,0.000,0,0,0,7070,7070,0,0
travel,33.215,796.9,692.004,692.004,fly,0.884,ok,2601,0,0,192.00,454467584,605540352,114090264,95883264,18123768,2904,7449760,22132800,1372529,7070,7070,0,0,0,0,0,0,0,0,0.069,0.069,0.000,0,0,0,7070,7070,0,0
travel,33.245,797.6,692.522,692.522,fly,0.987,ok,2601,0,0,192.00,454467584,605540352,114090264,95883264,18123768,2904,7449760,22132800,1372529,7070,7070,0,0,0,0,0,0,0,0,0.081,0.114,0.000,0,0,0,7070,7070,0,0
travel,33.275,798.4,693.035,693.035,fly,0.863,ok,2601,0,0,192.00,454467584,605540352,114090264,95883264,18123768,2904,7449760,22132800,1372529,7070,7070,0,0,0,0,0,0,0,0,0.071,0.074,0.000,0,0,0,7070,7070,0,0
travel,33.306,799.1,693.547,693.547,fly,0.915,ok,2601,0,0,192.00,454467584,605540352,114090264,95883264,18123768,2904,7449760,22132800,1372529,7070,7070,0,0,0,0,0,0,0,0,0.069,0.137,0.000,0,0,0,7070,7070,0,0
travel,33.336,799.8,694.070,694.070,fly,0.947,ok,2601,0,0,192.00,454467584,605540352,114090264,95883264,18123768,2904,7449760,22132800,1372529,7070,7070,0,0,0,0,0,0,0,0,0.075,0.095,0.000,0,0,0,7070,7070,0,0
travel,33.367,800.6,694.583,694.583,fly,0.885,ok,2601,0,0,192.00,454467584,605540352,114090264,95883264,18123768,2904,7449760,22132800,1372529,7070,7070,0,0,0,0,0,0,0,0,0.070,0.104,0.000,0,0,0,7070,7070,0,0
travel,33.397,801.3,695.100,695.100,fly,0.853,ok,2601,0,0,192.00,454467584,605540352,114090264,95883264,18123768,2904,7449760,22132800,1372529,7070,7070,0,0,0,0,0,0,0,0,0.070,0.068,0.000,0,0,0,7070,7070,0,0
travel,33.427,802.0,695.609,695.609,fly,0.838,ok,2601,0,0,192.00,454467584,605540352,114090264,95883264,18123768,2904,7449760,22132800,1372529,7070,7070,0,0,0,0,0,0,0,0,0.069,0.063,0.000,0,0,0,7070,7070,0,0
travel,33.469,803.0,696.326,696.326,fly,1.155,ok,2601,0,112,192.00,454467584,605540352,114090264,95883264,18123768,2904,11174640,16288992,1404256,7171,7171,0,0,7,0,0,0,0,0,0.075,0.091,0.000,0,0,0,7171,7171,0,0
travel,33.503,803.8,696.890,696.890,fly,0.859,ok,2601,0,0,192.00,454467584,605540352,114090264,95883264,18123768,2904,11174640,22132800,1427709,7171,7171,0,0,0,0,0,0,0,0,0.070,0.066,0.000,0,0,0,7171,7171,0,0
travel,33.533,804.5,697.399,697.399,fly,0.867,ok,2601,0,0,192.00,454467584,605540352,114090264,95883264,18123768,2904,11174640,22132800,1427709,7171,7171,0,0,0,0,0,0,0,0,0.070,0.067,0.000,0,0,0,7171,7171,0,0
travel,33.563,805.3,697.909,697.909,fly,0.849,ok,2601,0,0,192.00,454467584,605540352,114090264,95883264,18123768,2904,11174640,22132800,1427709,7171,7171,0,0,0,0,0,0,0,0,0.074,0.067,0.000,0,0,0,7171,7171,0,0
travel,33.593,806.0,698.425,698.425,fly,0.899,ok,2601,0,0,192.00,454467584,605540352,114090264,95883264,18123768,2904,7449760,22132800,1427709,7171,7171,0,0,0,0,0,0,0,0,0.070,0.075,0.000,0,0,0,7171,7171,0,0
travel,33.623,806.7,698.936,698.936,fly,0.881,ok,2601,0,0,192.00,454467584,605540352,114090264,95883264,18123768,2904,7449760,22132800,1427709,7171,7171,0,0,0,0,0,0,0,0,0.070,0.071,0.000,0,0,0,7171,7171,0,0
travel,33.654,807.5,699.461,699.461,fly,0.931,ok,2601,0,0,192.00,454467584,605540352,114090264,95883264,18123768,2904,7449760,22132800,1427709,7171,7171,0,0,0,0,0,0,0,0,0.071,0.129,0.000,0,0,0,7171,7171,0,0
travel,33.685,808.2,699.987,699.987,fly,0.930,ok,2601,0,0,192.00,454467584,605540352,114090264,95883264,18123768,2904,7449760,22132800,1427709,7171,7171,0,0,0,0,0,0,0,0,0.069,0.135,0.000,0,0,0,7171,7171,0,0
travel,33.717,809.0,700.521,700.521,fly,0.980,ok,2601,0,0,192.00,454467584,605540352,114090264,95883264,18123768,2904,7449760,22132800,1427709,7171,7171,0,0,0,0,0,0,0,0,0.075,0.111,0.000,0,0,0,7171,7171,0,0
travel,33.747,809.7,701.038,701.038,fly,1.052,ok,2601,0,0,192.00,454467584,605540352,114090264,95883264,18123768,2904,7449760,22132800,1427709,7171,7171,0,0,0,0,0,0,0,0,0.074,0.147,0.000,0,0,0,7171,7171,0,0
travel,33.778,810.4,701.564,701.564,fly,1.078,ok,2601,0,0,192.00,454467584,605540352,114090264,95883264,18123768,2904,7449760,22132800,1427709,7171,7171,0,0,0,0,0,0,0,0,0.072,0.258,0.000,0,0,0,7171,7171,0,0
travel,33.810,811.2,702.108,702.108,fly,0.921,ok,2601,0,0,192.00,454467584,605540352,114090264,95883264,18123768,2904,7449760,22132800,1427709,7171,7171,0,0,0,0,0,0,0,0,0.071,0.087,0.000,0,0,0,7171,7171,0,0
travel,33.841,811.9,702.628,702.628,fly,0.852,ok,2601,0,0,192.00,454467584,605540352,114090264,95883264,18123768,2904,7449760,22132800,1427709,7171,7171,0,0,0,0,0,0,0,0,0.068,0.070,0.000,0,0,0,7171,7171,0,0
travel,33.871,812.7,703.140,703.140,fly,0.974,ok,2601,0,0,192.00,454467584,605540352,114090264,95883264,18123768,2904,7449760,22132800,1427709,7171,7171,0,0,0,0,0,0,0,0,0.073,0.160,0.000,0,0,0,7171,7171,0,0
travel,33.903,813.4,703.677,703.677,fly,0.862,ok,2601,0,0,192.00,454467584,605540352,114090264,95883264,18123768,2904,7449760,22132800,1427709,7171,7171,0,0,0,0,0,0,0,0,0.069,0.070,0.000,0,0,0,7171,7171,0,0
travel,33.947,814.5,704.426,704.426,fly,1.053,ok,2601,0,101,192.00,454455296,605540352,114090264,95883264,18123768,2904,11174640,16862928,1244179,7272,7272,0,0,7,0,0,0,0,0,0.081,0.107,0.000,0,0,0,7272,7272,0,0
travel,33.980,815.3,704.996,704.996,fly,0.861,ok,2601,0,0,192.00,454455296,605540352,114090264,95883264,18123768,2904,11174640,22132800,1262619,7272,7272,0,0,0,0,0,0,0,0,0.070,0.073,0.000,0,0,0,7272,7272,0,0
travel,34.012,816.0,705.525,705.525,fly,1.305,ok,2601,0,0,192.00,454455296,605540352,114090264,95883264,18123768,2904,11174640,22132800,1262619,7272,7272,0,0,0,0,0,0,0,0,0.156,0.312,0.000,0,0,0,7272,7272,0,0
travel,34.042,816.8,706.047,706.047,fly,0.846,ok,2601,0,0,192.00,454455296,605540352,114090264,95883264,18123768,2904,11174640,22132800,1262619,7272,7272,0,0,0,0,0,0,0,0,0.070,0.064,0.000,0,0,0,7272,7272,0,0
travel,34.073,817.5,706.564,706.564,fly,0.847,ok,2601,0,0,192.00,454455296,605540352,114090264,95883264,18123768,2904,7449760,22132800,1262619,7272,7272,0,0,0,0,0,0,0,0,0.069,0.068,0.000,0,0,0,7272,7272,0,0
travel,34.103,818.2,707.073,707.073,fly,1.190,ok,2601,0,0,192.00,454455296,605540352,114090264,95883264,18123768,2904,7449760,22132800,1262619,7272,7272,0,0,0,0,0,0,0,0,0.282,0.126,0.000,0,0,0,7272,7272,0,0
travel,34.133,819.0,707.590,707.590,fly,0.859,ok,2601,0,0,192.00,454455296,605540352,114090264,95883264,18123768,2904,7449760,22132800,1262619,7272,7272,0,0,0,0,0,0,0,0,0.069,0.076,0.000,0,0,0,7272,7272,0,0
travel,34.163,819.7,708.100,708.100,fly,0.851,ok,2601,0,0,192.00,454455296,605540352,114090264,95883264,18123768,2904,7449760,22132800,1262619,7272,7272,0,0,0,0,0,0,0,0,0.068,0.073,0.000,0,0,0,7272,7272,0,0
travel,34.193,820.4,708.609,708.609,fly,0.845,ok,2601,0,0,192.00,454455296,605540352,114090264,95883264,18123768,2904,7449760,22132800,1262619,7272,7272,0,0,0,0,0,0,0,0,0.070,0.066,0.000,0,0,0,7272,7272,0,0
travel,34.224,821.1,709.130,709.130,fly,0.854,ok,2601,0,0,192.00,454455296,605540352,114090264,95883264,18123768,2904,7449760,22132800,1262619,7272,7272,0,0,0,0,0,0,0,0,0.069,0.069,0.000,0,0,0,7272,7272,0,0
travel,34.254,821.9,709.640,709.640,fly,0.917,ok,2601,0,0,192.00,454455296,605540352,114090264,95883264,18123768,2904,7449760,22132800,1262619,7272,7272,0,0,0,0,0,0,0,0,0.080,0.079,0.000,0,0,0,7272,7272,0,0
travel,34.284,822.6,710.149,710.149,fly,0.872,ok,2601,0,0,192.00,454455296,605540352,114090264,95883264,18123768,2904,7449760,22132800,1262619,7272,7272,0,0,0,0,0,0,0,0,0.069,0.070,0.000,0,0,0,7272,7272,0,0
travel,34.314,823.3,710.657,710.657,fly,0.850,ok,2601,0,0,192.00,454455296,605540352,114090264,95883264,18123768,2904,7449760,22132800,1262619,7272,7272,0,0,0,0,0,0,0,0,0.068,0.065,0.000,0,0,0,7272,7272,0,0
travel,34.345,824.0,711.173,711.173,fly,1.041,ok,2601,0,0,192.00,454455296,605540352,114090264,95883264,18123768,2904,7449760,22132800,1262619,7272,7272,0,0,0,0,0,0,0,0,0.069,0.235,0.000,0,0,0,7272,7272,0,0
travel,34.375,824.7,711.686,711.686,fly,0.846,ok,2601,0,0,192.00,454455296,605540352,114090264,95883264,18123768,2904,7449760,22132800,1262619,7272,7272,0,0,0,0,0,0,0,0,0.069,0.068,0.000,0,0,0,7272,7272,0,0
travel,34.418,825.8,712.420,712.420,fly,1.173,ok,2601,0,79,192.00,454455296,605540352,114090264,95883264,18123768,2904,11174640,18010800,1302378,7373,7373,0,0,8,0,0,0,0,0,0.072,0.085,0.000,0,0,0,7373,7373,0,0
travel,34.451,826.6,712.974,712.974,fly,0.861,ok,2601,0,0,192.00,454455296,605540352,114090264,95883264,18123768,2904,11174640,22132800,1317559,7373,7373,0,0,0,0,0,0,0,0,0.070,0.073,0.000,0,0,0,7373,7373,0,0
travel,34.481,827.3,713.485,713.485,fly,0.850,ok,2601,0,0,192.00,454455296,605540352,114090264,95883264,18123768,2904,11174640,22132800,1317559,7373,7373,0,0,0,0,0,0,0,0,0.070,0.070,0.000,0,0,0,7373,7373,0,0
travel,34.511,828.0,713.996,713.996,fly,1.090,ok,2601,0,0,192.00,454455296,605540352,114090264,95883264,18123768,2904,11174640,22132800,1317559,7373,7373,0,0,0,0,0,0,0,0,0.310,0.062,0.000,0,0,0,7373,7373,0,0
travel,34.541,828.7,714.510,714.510,fly,0.849,ok,2601,0,0,192.00,454455296,605540352,114090264,95883264,18123768,2904,7449760,22132800,1317559,7373,7373,0,0,0,0,0,0,0,0,0.070,0.066,0.000,0,0,0,7373,7373,0,0
travel,34.572,829.5,715.024,715.024,fly,0.861,ok,2601,0,0,192.00,454455296,605540352,114090264,95883264,18123768,2904,7449760,22132800,1317559,7373,7373,0,0,0,0,0,0,0,0,0.069,0.067,0.000,0,0,0,7373,7373,0,0
travel,34.602,830.2,715.536,715.536,fly,0.936,ok,2601,0,0,192.00,454455296,605540352,114090264,95883264,18123768,2904,7449760,22132800,1317559,7373,7373,0,0,0,0,0,0,0,0,0.078,0.107,0.000,0,0,0,7373,7373,0,0
travel,34.632,830.9,716.047,716.047,fly,0.846,ok,2601,0,0,192.00,454455296,605540352,114090264,95883264,18123768,2904,7449760,22132800,1317559,7373,7373,0,0,0,0,0,0,0,0,0.066,0.065,0.000,0,0,0,7373,7373,0,0
travel,34.662,831.6,716.556,716.556,fly,0.930,ok,2601,0,0,192.00,454455296,605540352,114090264,95883264,18123768,2904,7449760,22132800,1317559,7373,7373,0,0,0,0,0,0,0,0,0.142,0.074,0.000,0,0,0,7373,7373,0,0
travel,34.692,832.4,717.065,717.065,fly,0.869,ok,2601,0,0,192.00,454455296,605540352,114090264,95883264,18123768,2904,7449760,22132800,1317559,7373,7373,0,0,0,0,0,0,0,0,0.067,0.069,0.000,0,0,0,7373,7373,0,0
travel,34.722,833.1,717.574,717.574,fly,0.853,ok,2601,0,0,192.00,454455296,605540352,114090264,95883264,18123768,2904,7449760,22132800,1317559,7373,7373,0,0,0,0,0,0,0,0,0.068,0.066,0.000,0,0,0,7373,7373,0,0
travel,34.752,833.8,718.087,718.087,fly,0.868,ok,2601,0,0,192.00,454455296,605540352,114090264,95883264,18123768,2904,7449760,22132800,1317559,7373,7373,0,0,0,0,0,0,0,0,0.068,0.067,0.000,0,0,0,7373,7373,0,0
travel,34.783,834.5,718.606,718.606,fly,0.859,ok,2601,0,0,192.00,454455296,605540352,114090264,95883264,18123768,2904,7449760,22132800,1317559,7373,7373,0,0,0,0,0,0,0,0,0.069,0.070,0.000,0,0,0,7373,7373,0,0
travel,34.813,835.3,719.115,719.115,fly,1.065,ok,2601,0,0,192.00,454455296,605540352,114090264,95883264,18123768,2904,7449760,22132800,1317559,7373,7373,0,0,0,0,0,0,0,0,0.279,0.065,0.000,0,0,0,7373,7373,0,0
travel,34.843,836.0,719.629,719.629,fly,0.843,ok,2601,0,0,192.00,454455296,605540352,114090264,95883264,18123768,2904,7449760,22132800,1317559,7373,7373,0,0,0,0,0,0,0,0,0.067,0.064,0.000,0,0,0,7373,7373,0,0
travel,34.893,837.2,720.472,720.472,fly,1.378,ok,2601,0,82,192.00,454455296,605540352,114090264,95883264,18123768,2904,11174640,17906448,1356803,7474,7474,0,0,7,0,0,0,0,0,0.095,0.161,0.000,0,0,0,7474,7474,0,0
travel,34.931,838.1,721.116,721.116,fly,0.891,ok,2601,0,0,192.00,454455296,605540352,114090264,95883264,18123768,2904,11174640,22132800,1370843,7474,7474,0,0,0,0,0,0,0,0,0.071,0.076,0.000,0,0,0,7474,7474,0,0
travel,34.964,838.9,721.675,721.675,fly,1.188,ok,2601,0,0,192.00,454455296,605540352,114090264,95883264,18123768,2904,11174640,22132800,1370843,7474,7474,0,0,0,0,0,0,0,0,0.079,0.109,0.000,0,0,0,7474,7474,0,0
travel,34.996,839.6,722.216,722.216,fly,1.122,ok,2601,0,0,192.00,454455296,605540352,114090264,95883264,18123768,2904,11174640,22132800,1370843,7474,7474,0,0,0,0,0,0,0,0,0.080,0.110,0.000,0,0,0,7474,7474,0,0
travel,35.037,840.6,722.919,722.919,fly,1.447,ok,2601,0,0,192.00,454455296,605540352,114090264,95883264,18123768,2904,7449760,22132800,1370843,7474,7474,0,0,0,0,0,0,0,0,0.152,0.184,0.000,0,0,0,7474,7474,0,0
travel,35.078,841.6,723.615,723.615,fly,1.550,ok,2601,0,0,192.00,454455296,605540352,114090264,95883264,18123768,2904,7449760,22132800,1370843,7474,7474,0,0,0,0,0,0,0,0,0.078,0.401,0.000,0,0,0,7474,7474,0,0
travel,35.118,842.6,724.293,724.293,fly,0.956,ok,2601,0,0,192.00,454455296,605540352,114090264,95883264,18123768,2904,7449760,22132800,1370843,7474,7474,0,0,0,0,0,0,0,0,0.070,0.121,0.000,0,0,0,7474,7474,0,0
travel,35.150,843.4,724.839,724.839,fly,0.887,ok,2601,0,0,192.00,454455296,605540352,114090264,95883264,18123768,2904,7449760,22132800,1370843,7474,7474,0,0,0,0,0,0,0,0,0.070,0.075,0.000,0,0,0,7474,7474,0,0
travel,35.182,844.1,725.384,725.384,fly,0.953,ok,2601,0,0,192.00,454455296,605540352,114090264,95883264,18123768,2904,7449760,22132800,1370843,7474,7474,0,0,0,0,0,0,0,0,0.079,0.110,0.000,0,0,0,7474,7474,0,0
travel,35.215,844.9,725.939,725.939,fly,0.995,ok,2601,0,0,192.00,454520832,605540352,114090264,95883264,18123768,2904,7449760,22132800,1370843,7474,7474,0,0,0,0,0,0,0,0,0.070,0.077,0.000,0,0,0,7474,7474,0,0
travel,35.246,845.6,726.462,726.462,fly,0.868,ok,2601,0,0,192.00,454520832,605540352,114090264,95883264,18123768,2904,7449760,22132800,1370843,7474,7474,0,0,0,0,0,0,0,0,0.068,0.070,0.000,0,0,0,7474,7474,0,0
travel,35.277,846.4,726.984,726.984,fly,1.038,ok,2601,0,0,192.00,454520832,605540352,114090264,95883264,18123768,2904,7449760,22132800,1370843,7474,7474,0,0,0,0,0,0,0,0,0.078,0.111,0.000,0,0,0,7474,7474,0,0
travel,35.307,847.1,727.507,727.507,fly,0.874,ok,2601,0,0,192.00,454520832,605540352,114090264,95883264,18123768,2904,7449760,22132800,1370843,7474,7474,0,0,0,0,0,0,0,0,0.067,0.068,0.000,0,0,0,7474,7474,0,0
travel,35.342,847.9,728.090,728.090,fly,3.894,ok,2559,42,178,192.00,454520832,605540352,112247976,94334976,17831112,2904,11174640,15037776,1381863,7533,7575,24,0,33,24,24,0,0,0,0.093,0.104,0.000,0,0,0,7533,7533,0,0
travel,35.381,848.9,728.764,728.764,fly,0.897,ok,2601,0,0,192.00,454520832,605540352,114090264,95883264,18123768,2904,11174640,22132800,1426003,7575,7575,0,0,0,0,0,0,0,0,0.070,0.071,0.000,0,0,0,7575,7575,0,0
travel,35.412,849.6,729.286,729.286,fly,0.937,ok,2601,0,0,192.00,454520832,605540352,114090264,95883264,18123768,2904,11174640,22132800,1426003,7575,7575,0,0,0,0,0,0,0,0,0.071,0.080,0.000,0,0,0,7575,7575,0,0
travel,35.443,850.4,729.817,729.817,fly,0.883,ok,2601,0,0,192.00,454520832,605540352,114090264,95883264,18123768,2904,11174640,22132800,1426003,7575,7575,0,0,0,0,0,0,0,0,0.069,0.074,0.000,0,0,0,7575,7575,0,0
travel,35.476,851.2,730.369,730.369,fly,1.002,ok,2601,0,0,192.00,454520832,605540352,114090264,95883264,18123768,2904,7449760,22132800,1426003,7575,7575,0,0,0,0,0,0,0,0,0.070,0.085,0.000,0,0,0,7575,7575,0,0
travel,35.510,852.0,730.938,730.938,fly,1.065,ok,2601,0,0,192.00,454520832,605540352,114090264,95883264,18123768,2904,7449760,22132800,1426003,7575,7575,0,0,0,0,0,0,0,0,0.069,0.128,0.000,0,0,0,7575,7575,0,0
travel,35.548,852.9,731.589,731.589,fly,1.585,ok,2601,0,0,192.00,454520832,605540352,114090264,95883264,18123768,2904,7449760,22132800,1426003,7575,7575,0,0,0,0,0,0,0,0,0.090,0.229,0.000,0,0,0,7575,7575,0,0
travel,35.589,853.9,732.285,732.285,fly,1.328,ok,2601,0,0,192.00,454520832,605540352,114090264,95883264,18123768,2904,7449760,22132800,1426003,7575,7575,0,0,0,0,0,0,0,0,0.089,0.135,0.000,0,0,0,7575,7575,0,0
travel,35.625,854.7,732.894,732.894,fly,1.090,ok,2601,0,0,192.00,454520832,605540352,114090264,95883264,18123768,2904,7449760,22132800,1426003,7575,7575,0,0,0,0,0,0,0,0,0.073,0.110,0.000,0,0,0,7575,7575,0,0
travel,35.663,855.6,733.536,733.536,fly,1.004,ok,2601,0,0,192.00,454520832,605540352,114090264,95883264,18123768,2904,7449760,22132800,1426003,7575,7575,0,0,0,0,0,0,0,0,0.071,0.088,0.000,0,0,0,7575,7575,0,0
travel,35.694,856.4,734.069,734.069,fly,0.867,ok,2601,0,0,192.00,454520832,605540352,114090264,95883264,18123768,2904,7449760,22132800,1426003,7575,7575,0,0,0,0,0,0,0,0,0.068,0.067,0.000,0,0,0,7575,7575,0,0
travel,35.731,857.3,734.702,734.702,fly,1.283,ok,2601,0,0,192.00,454520832,605540352,114090264,95883264,18123768,2904,7449760,22132800,1426003,7575,7575,0,0,0,0,0,0,0,0,0.092,0.095,0.000,0,0,0,7575,7575,0,0
travel,35.770,858.2,735.350,735.350,fly,0.992,ok,2601,0,0,192.00,454520832,605540352,114090264,95883264,18123768,2904,7449760,22132800,1426003,7575,7575,0,0,0,0,0,0,0,0,0.071,0.098,0.000,0,0,0,7575,7575,0,0
travel,35.803,859.0,735.910,735.910,fly,1.387,ok,2601,0,0,192.00,454520832,605540352,114090264,95883264,18123768,2904,7449760,22132800,1426003,7575,7575,0,0,0,0,0,0,0,0,0.132,0.134,0.000,0,0,0,7575,7575,0,0
travel,35.853,860.2,736.773,736.773,fly,0.899,ok,2601,0,0,192.00,454520832,605540352,114090264,95883264,18123768,2904,11174640,22132800,1263468,7676,7676,0,0,6,0,0,0,0,0,0.070,0.073,0.000,0,0,0,7676,7676,0,0
travel,35.884,861.0,737.291,737.291,fly,0.906,ok,2601,0,0,192.00,454520832,605540352,114090264,95883264,18123768,2904,11174640,22132800,1263468,7676,7676,0,0,0,0,0,0,0,0,0.072,0.072,0.000,0,0,0,7676,7676,0,0
travel,35.915,861.7,737.816,737.816,fly,0.889,ok,2601,0,0,192.00,454520832,605540352,114090264,95883264,18123768,2904,7449760,22132800,1263468,7676,7676,0,0,0,0,0,0,0,0,0.069,0.071,0.000,0,0,0,7676,7676,0,0
travel,35.946,862.4,738.334,738.334,fly,1.039,ok,2601,0,0,192.00,454520832,605540352,114090264,95883264,18123768,2904,7449760,22132800,1263468,7676,7676,0,0,0,0,0,0,0,0,0.074,0.127,0.000,0,0,0,7676,7676,0,0
travel,35.977,863.2,738.875,738.875,fly,0.890,ok,2601,0,0,192.00,454520832,605540352,114090264,95883264,18123768,2904,7449760,22132800,1263468,7676,7676,0,0,0,0,0,0,0,0,0.069,0.071,0.000,0,0,0,7676,7676,0,0
travel,36.008,863.9,739.403,739.403,fly,0.878,ok,2601,0,0,192.00,454520832,605540352,114090264,95883264,18123768,2904,7449760,22132800,1263468,7676,7676,0,0,0,0,0,0,0,0,0.069,0.066,0.000,0,0,0,7676,7676,0,0
travel,36.039,864.7,739.928,739.928,fly,0.911,ok,2601,0,0,192.00,454520832,605540352,114090264,95883264,18123768,2904,7449760,22132800,1263468,7676,7676,0,0,0,0,0,0,0,0,0.069,0.118,0.000,0,0,0,7676,7676,0,0
travel,36.070,865.4,740.454,740.454,fly,0.996,ok,2601,0,0,192.00,454520832,605540352,114090264,95883264,18123768,2904,7449760,22132800,1263468,7676,7676,0,0,0,0,0,0,0,0,0.072,0.089,0.000,0,0,0,7676,7676,0,0
travel,36.101,866.2,740.968,740.968,fly,0.872,ok,2601,0,0,192.00,454520832,605540352,114090264,95883264,18123768,2904,7449760,22132800,1263468,7676,7676,0,0,0,0,0,0,0,0,0.067,0.072,0.000,0,0,0,7676,7676,0,0
travel,36.131,866.9,741.484,741.484,fly,1.000,ok,2601,0,0,192.00,454520832,605540352,114090264,95883264,18123768,2904,7449760,22132800,1263468,7676,7676,0,0,0,0,0,0,0,0,0.068,0.089,0.000,0,0,0,7676,7676,0,0
travel,36.162,867.6,742.002,742.002,fly,0.943,ok,2601,0,0,192.00,454520832,605540352,114090264,95883264,18123768,2904,7449760,22132800,1263468,7676,7676,0,0,0,0,0,0,0,0,0.069,0.076,0.000,0,0,0,7676,7676,0,0
travel,36.193,868.4,742.526,742.526,fly,0.876,ok,2601,0,0,192.00,454520832,605540352,114090264,95883264,18123768,2904,7449760,22132800,1263468,7676,7676,0,0,0,0,0,0,0,0,0.067,0.067,0.000,0,0,0,7676,7676,0,0
travel,36.224,869.1,743.055,743.055,fly,0.885,ok,2601,0,0,192.00,454520832,605540352,114090264,95883264,18123768,2904,7449760,22132800,1263468,7676,7676,0,0,0,0,0,0,0,0,0.069,0.070,0.000,0,0,0,7676,7676,0,0
travel,36.254,869.8,743.573,743.573,fly,0.898,ok,2601,0,0,192.00,454520832,605540352,114090264,95883264,18123768,2904,7449760,22132800,1263468,7676,7676,0,0,0,0,0,0,0,0,0.066,0.089,0.000,0,0,0,7676,7676,0,0
travel,36.296,870.8,744.280,744.280,fly,1.187,ok,2601,0,136,192.00,454524928,605540352,114090264,95883264,18123768,2904,11174640,15036768,1287611,7777,7777,0,0,6,0,0,0,0,0,0.073,0.090,0.000,0,0,0,7777,7777,0,0
travel,36.331,871.7,744.873,744.873,fly,1.145,ok,2601,0,0,192.00,454524928,605540352,114090264,95883264,18123768,2904,11174640,22132800,1318468,7777,7777,0,0,0,0,0,0,0,0,0.070,0.334,0.000,0,0,0,7777,7777,0,0
travel,36.362,872.4,745.400,745.400,fly,0.860,ok,2601,0,0,192.00,454524928,605540352,114090264,95883264,18123768,2904,11174640,22132800,1318468,7777,7777,0,0,0,0,0,0,0,0,0.069,0.066,0.000,0,0,0,7777,7777,0,0
travel,36.392,873.2,745.914,745.914,fly,1.406,ok,2601,0,0,192.00,454524928,605540352,114090264,95883264,18123768,2904,7449760,22132800,1318468,7777,7777,0,0,0,0,0,0,0,0,0.094,0.118,0.000,0,0,0,7777,7777,0,0
travel,36.424,873.9,746.446,746.446,fly,0.878,ok,2601,0,0,192.00,454524928,605540352,114090264,95883264,18123768,2904,7449760,22132800,1318468,7777,7777,0,0,0,0,0,0,0,0,0.083,0.064,0.000,0,0,0,7777,7777,0,0
travel,36.456,874.7,747.001,747.001,fly,0.917,ok,2601,0,0,192.00,454524928,605540352,114090264,95883264,18123768,2904,7449760,22132800,1318468,7777,7777,0,0,0,0,0,0,0,0,0.084,0.067,0.000,0,0,0,7777,7777,0,0
travel,36.487,875.4,747.522,747.522,fly,0.924,ok,2601,0,0,192.00,454524928,605540352,114090264,95883264,18123768,2904,7449760,22132800,1318468,7777,7777,0,0,0,0,0,0,0,0,0.086,0.075,0.000,0,0,0,7777,7777,0,0
travel,36.519,876.2,748.057,748.057,fly,0.963,ok,2601,0,0,192.00,454524928,605540352,114090264,95883264,18123768,2904,7449760,22132800,1318468,7777,7777,0,0,0,0,0,0,0,0,0.088,0.090,0.000,0,0,0,7777,7777,0,0
travel,36.551,877.0,748.605,748.605,fly,1.078,ok,2601,0,0,192.00,454524928,605540352,114090264,95883264,18123768,2904,7449760,22132800,1318468,7777,7777,0,0,0,0,0,0,0,0,0.092,0.109,0.000,0,0,0,7777,7777,0,0
travel,36.583,877.7,749.154,749.154,fly,1.250,ok,2601,0,0,192.00,454524928,605540352,114090264,95883264,18123768,2904,7449760,22132800,1318468,7777,7777,0,0,0,0,0,0,0,0,0.110,0.282,0.000,0,0,0,7777,7777,0,0
travel,36.615,878.5,749.693,749.693,fly,0.875,ok,2601,0,0,192.00,454524928,605540352,114090264,95883264,18123768,2904,7449760,22132800,1318468,7777,7777,0,0,0,0,0,0,0,0,0.081,0.066,0.000,0,0,0,7777,7777,0,0
travel,36.645,879.2,750.208,750.208,fly,0.976,ok,2601,0,0,192.00,454524928,605540352,114090264,95883264,18123768,2904,7449760,22132800,1318468,7777,7777,0,0,0,0,0,0,0,0,0.075,0.121,0.000,0,0,0,7777,7777,0,0
travel,36.676,880.0,750.722,750.722,fly,0.883,ok,2601,0,0,192.00,454524928,605540352,114090264,95883264,18123768,2904,7449760,22132800,1318468,7777,7777,0,0,0,0,0,0,0,0,0.066,0.072,0.000,0,0,0,7777,7777,0,0
travel,36.706,880.7,751.242,751.242,fly,0.890,ok,2601,0,0,192.00,454524928,605540352,114090264,95883264,18123768,2904,7449760,22132800,1318468,7777,7777,0,0,0,0,0,0,0,0,0.066,0.079,0.000,0,0,0,7777,7777,0,0
travel,36.737,881.4,751.758,751.758,fly,0.918,ok,2601,0,0,192.00,454524928,605540352,114090264,95883264,18123768,2904,7449760,22132800,1318468,7777,7777,0,0,0,0,0,0,0,0,0.067,0.079,0.000,0,0,0,7777,7777,0,0
travel,36.784,882.6,752.559,752.559,fly,1.282,ok,2601,0,32,192.00,454524928,605540352,114090264,95883264,18123768,2904,11174640,20463072,1366632,7878,7878,0,0,9,0,0,0,0,0,0.073,0.141,0.000,0,0,0,7878,7878,0,0
travel,36.817,883.3,753.111,753.111,fly,1.065,ok,2601,0,0,192.00,454524928,605540352,114090264,95883264,18123768,2904,11174640,22132800,1372088,7878,7878,0,0,0,0,0,0,0,0,0.078,0.112,0.000,0,0,0,7878,7878,0,0
travel,36.848,884.1,753.644,753.644,fly,0.872,ok,2601,0,0,192.00,454524928,605540352,114090264,95883264,18123768,2904,11174640,22132800,1372088,7878,7878,0,0,0,0,0,0,0,0,0.066,0.077,0.000,0,0,0,7878,7878,0,0
travel,36.879,884.8,754.175,754.175,fly,0.878,ok,2601,0,0,192.00,454524928,605540352,114090264,95883264,18123768,2904,7449760,22132800,1372088,7878,7878,0,0,0,0,0,0,0,0,0.066,0.069,0.000,0,0,0,7878,7878,0,0
travel,36.910,885.6,754.691,754.691,fly,0.867,ok,2601,0,0,192.00,454524928,605540352,114090264,95883264,18123768,2904,7449760,22132800,1372088,7878,7878,0,0,0,0,0,0,0,0,0.067,0.066,0.000,0,0,0,7878,7878,0,0
travel,36.943,886.4,755.251,755.251,fly,0.926,ok,2601,0,0,192.00,454524928,605540352,114090264,95883264,18123768,2904,7449760,22132800,1372088,7878,7878,0,0,0,0,0,0,0,0,0.069,0.080,0.000,0,0,0,7878,7878,0,0
travel,36.977,887.2,755.834,755.834,fly,1.046,ok,2601,0,0,192.00,454524928,605540352,114090264,95883264,18123768,2904,7449760,22132800,1372088,7878,7878,0,0,0,0,0,0,0,0,0.070,0.142,0.000,0,0,0,7878,7878,0,0
travel,37.012,888.0,756.428,756.428,fly,0.977,ok,2601,0,0,192.00,454524928,605540352,114090264,95883264,18123768,2904,7449760,22132800,1372088,7878,7878,0,0,0,0,0,0,0,0,0.073,0.109,0.000,0,0,0,7878,7878,0,0
travel,37.045,888.8,756.990,756.990,fly,1.055,ok,2601,0,0,192.00,454524928,605540352,114090264,95883264,18123768,2904,7449760,22132800,1372088,7878,7878,0,0,0,0,0,0,0,0,0.077,0.114,0.000,0,0,0,7878,7878,0,0
travel,37.077,889.6,757.525,757.525,fly,0.867,ok,2601,0,0,192.00,454524928,605540352,114090264,95883264,18123768,2904,7449760,22132800,1372088,7878,7878,0,0,0,0,0,0,0,0,0.067,0.068,0.000,0,0,0,7878,7878,0,0
travel,37.109,890.3,758.067,758.067,fly,0.869,ok,2601,0,0,192.00,454524928,605540352,114090264,95883264,18123768,2904,7449760,22132800,1372088,7878,7878,0,0,0,0,0,0,0,0,0.067,0.069,0.000,0,0,0,7878,7878,0,0
travel,37.139,891.1,758.580,758.580,fly,0.863,ok,2601,0,0,192.00,454524928,605540352,114090264,95883264,18123768,2904,7449760,22132800,1372088,7878,7878,0,0,0,0,0,0,0,0,0.067,0.066,0.000,0,0,0,7878,7878,0,0
travel,37.169,891.8,759.095,759.095,fly,0.881,ok,2601,0,0,192.00,454524928,605540352,114090264,95883264,18123768,2904,7449760,22132800,1372088,7878,7878,0,0,0,0,0,0,0,0,0.068,0.072,0.000,0,0,0,7878,7878,0,0
travel,37.200,892.5,759.609,759.609,fly,1.037,ok,2601,0,0,192.00,454524928,605540352,114090264,95883264,18123768,2904,7449760,22132800,1372088,7878,7878,0,0,0,0,0,0,0,0,0.175,0.127,0.000,0,0,0,7878,7878,0,0
travel,37.242,893.5,760.331,760.331,fly,1.180,ok,2601,0,113,192.00,454524928,605540352,114090264,95883264,18123768,2904,11174640,16236816,1403316,7979,7979,0,0,5,0,0,0,0,0,0.070,0.088,0.000,0,0,0,7979,7979,0,0
travel,37.275,894.3,760.887,760.887,fly,0.873,ok,2601,0,0,192.00,454524928,605540352,114090264,95883264,18123768,2904,11174640,22132800,1425940,7979,7979,0,0,0,0,0,0,0,0,0.068,0.070,0.000,0,0,0,7979,7979,0,0
travel,37.305,895.1,761.397,761.397,fly,0.877,ok,2601,0,0,192.00,454524928,605540352,114090264,95883264,18123768,2904,11174640,22132800,1425940,7979,7979,0,0,0,0,0,0,0,0,0.069,0.071,0.000,0,0,0,7979,7979,0,0
travel,37.335,895.8,761.912,761.912,fly,0.858,ok,2601,0,0,192.00,454524928,605540352,114090264,95883264,18123768,2904,11174640,22132800,1425940,7979,7979,0,0,0,0,0,0,0,0,0.066,0.066,0.000,0,0,0,7979,7979,0,0
travel,37.366,896.5,762.425,762.425,fly,0.888,ok,2601,0,0,192.00,454524928,605540352,114090264,95883264,18123768,2904,7449760,22132800,1425940,7979,7979,0,0,0,0,0,0,0,0,0.066,0.073,0.000,0,0,0,7979,7979,0,0
travel,37.396,897.2,762.935,762.935,fly,1.082,ok,2601,0,0,192.00,454524928,605540352,114090264,95883264,18123768,2904,7449760,22132800,1425940,7979,7979,0,0,0,0,0,0,0,0,0.163,0.110,0.000,0,0,0,7979,7979,0,0
travel,37.426,898.0,763.453,763.453,fly,0.929,ok,2601,0,0,192.00,454524928,605540352,114090264,95883264,18123768,2904,7449760,22132800,1425940,7979,7979,0,0,0,0,0,0,0,0,0.069,0.082,0.000,0,0,0,7979,7979,0,0
travel,37.456,898.7,763.963,763.963,fly,0.863,ok,2601,0,0,192.00,454524928,605540352,114090264,95883264,18123768,2904,7449760,22132800,1425940,7979,7979,0,0,0,0,0,0,0,0,0.066,0.067,0.000,0,0,0,7979,7979,0,0
travel,37.487,899.4,764.493,764.493,fly,1.134,ok,2601,0,0,192.00,454524928,605540352,114090264,95883264,18123768,2904,7449760,22132800,1425940,7979,7979,0,0,0,0,0,0,0,0,0.147,0.124,0.000,0,0,0,7979,7979,0,0
travel,37.518,900.2,765.019,765.019,fly,1.063,ok,2601,0,0,192.00,454524928,605540352,114090264,95883264,18123768,2904,7449760,22132800,1425940,7979,7979,0,0,0,0,0,0,0,0,0.072,0.226,0.000,0,0,0,7979,7979,0,0
travel,37.549,900.9,765.544,765.544,fly,0.997,ok,2601,0,0,192.00,454524928,605540352,114090264,95883264,18123768,2904,7449760,22132800,1425940,7979,7979,0,0,0,0,0,0,0,0,0.066,0.180,0.000,0,0,0,7979,7979,0,0
travel,37.580,901.7,766.070,766.070,fly,0.890,ok,2601,0,0,192.00,454524928,605540352,114090264,95883264,18123768,2904,7449760,22132800,1425940,7979,7979,0,0,0,0,0,0,0,0,0.065,0.073,0.000,0,0,0,7979,7979,0,0
travel,37.611,902.4,766.594,766.594,fly,0.866,ok,2601,0,0,192.00,454524928,605540352,114090264,95883264,18123768,2904,7449760,22132800,1425940,7979,7979,0,0,0,0,0,0,0,0,0.065,0.070,0.000,0,0,0,7979,7979,0,0
travel,37.642,903.1,767.108,767.108,fly,1.059,ok,2601,0,0,192.00,454524928,605540352,114090264,95883264,18123768,2904,7449760,22132800,1425940,7979,7979,0,0,0,0,0,0,0,0,0.074,0.107,0.000,0,0,0,7979,7979,0,0
travel,37.673,903.9,767.639,767.639,fly,0.863,ok,2601,0,0,192.00,454524928,605540352,114090264,95883264,18123768,2904,7449760,22132800,1425940,7979,7979,0,0,0,0,0,0,0,0,0.065,0.067,0.000,0,0,0,7979,7979,0,0
travel,37.717,904.9,768.383,768.383,fly,1.264,ok,2601,0,118,192.00,454610944,605655040,114090264,95883264,18123768,2904,11174640,15975936,1238446,8080,8080,0,0,5,0,0,0,0,0,0.145,0.087,0.000,0,0,0,8080,8080,0,0
travel,37.750,905.7,768.953,768.953,fly,0.878,ok,2601,0,0,192.00,454610944,605655040,114090264,95883264,18123768,2904,11174640,22132800,1263126,8080,8080,0,0,0,0,0,0,0,0,0.067,0.073,0.000,0,0,0,8080,8080,0,0
travel,37.781,906.5,769.467,769.467,fly,0.869,ok,2601,0,0,192.00,454610944,605655040,114090264,95883264,18123768,2904,11174640,22132800,1263126,8080,8080,0,0,0,0,0,0,0,0,0.068,0.070,0.000,0,0,0,8080,8080,0,0
travel,37.811,907.2,769.980,769.980,fly,0.914,ok,2601,0,0,192.00,454610944,605655040,114090264,95883264,18123768,2904,11174640,22132800,1263126,8080,8080,0,0,0,0,0,0,0,0,0.069,0.080,0.000,0,0,0,8080,8080,0,0
travel,37.842,907.9,770.510,770.510,fly,0.970,ok,2601,0,0,192.00,454610944,605655040,114090264,95883264,18123768,2904,7449760,22132800,1263126,8080,8080,0,0,0,0,0,0,0,0,0.139,0.074,0.000,0,0,0,8080,8080,0,0
travel,37.873,908.7,771.028,771.028,fly,0.900,ok,2601,0,0,192.00,454610944,605655040,114090264,95883264,18123768,2904,7449760,22132800,1263126,8080,8080,0,0,0,0,0,0,0,0,0.068,0.073,0.000,0,0,0,8080,8080,0,0
travel,37.904,909.4,771.552,771.552,fly,0.868,ok,2601,0,0,192.00,454610944,605655040,114090264,95883264,18123768,2904,7449760,22132800,1263126,8080,8080,0,0,0,0,0,0,0,0,0.071,0.067,0.000,0,0,0,8080,8080,0,0
travel,37.934,910.1,772.067,772.067,fly,0.874,ok,2601,0,0,192.00,454610944,605655040,114090264,95883264,18123768,2904,7449760,22132800,1263126,8080,8080,0,0,0,0,0,0,0,0,0.067,0.071,0.000,0,0,0,8080,8080,0,0
travel,37.965,910.9,772.593,772.593,fly,1.007,ok,2601,0,0,192.00,454610944,605655040,114090264,95883264,18123768,2904,7449760,22132800,1263126,8080,8080,0,0,0,0,0,0,0,0,0.075,0.109,0.000,0,0,0,8080,8080,0,0
travel,37.995,911.6,773.107,773.107,fly,0.868,ok,2601,0,0,192.00,454610944,605655040,114090264,95883264,18123768,2904,7449760,22132800,1263126,8080,8080,0,0,0,0,0,0,0,0,0.069,0.071,0.000,0,0,0,8080,8080,0,0
travel,38.026,912.4,773.629,773.629,fly,0.971,ok,2601,0,0,192.00,454610944,605655040,114090264,95883264,18123768,2904,7449760,22132800,1263126,8080,8080,0,0,0,0,0,0,0,0,0.073,0.103,0.000,0,0,0,8080,8080,0,0
travel,38.056,913.1,774.144,774.144,fly,0.881,ok,2601,0,0,192.00,454610944,605655040,114090264,95883264,18123768,2904,7449760,22132800,1263126,8080,8080,0,0,0,0,0,0,0,0,0.068,0.074,0.000,0,0,0,8080,8080,0,0
travel,38.087,913.8,774.655,774.655,fly,0.912,ok,2601,0,0,192.00,454610944,605655040,114090264,95883264,18123768,2904,7449760,22132800,1263126,8080,8080,0,0,0,0,0,0,0,0,0.067,0.073,0.000,0,0,0,8080,8080,0,0
travel,38.117,914.5,775.175,775.175,fly,0.871,ok,2601,0,0,192.00,454610944,605655040,114090264,95883264,18123768,2904,7449760,22132800,1263126,8080,8080,0,0,0,0,0,0,0,0,0.070,0.068,0.000,0,0,0,8080,8080,0,0
travel,38.148,915.3,775.692,775.692,fly,0.861,ok,2601,0,0,192.00,454610944,605655040,114090264,95883264,18123768,2904,7449760,22132800,1263126,8080,8080,0,0,0,0,0,0,0,0,0.066,0.075,0.000,0,0,0,8080,8080,0,0
travel,38.191,916.3,776.427,776.427,fly,1.187,ok,2601,0,76,192.00,454610944,605655040,114090264,95883264,18123768,2904,11174640,18167328,1303294,8181,8181,0,0,8,0,0,0,0,0,0.070,0.088,0.000,0,0,0,8181,8181,0,0
travel,38.224,917.1,776.982,776.982,fly,0.886,ok,2601,0,0,192.00,454610944,605655040,114090264,95883264,18123768,2904,11174640,22132800,1315602,8181,8181,0,0,0,0,0,0,0,0,0.070,0.073,0.000,0,0,0,8181,8181,0,0
travel,38.254,917.8,777.492,777.492,fly,1.043,ok,2601,0,0,192.00,454610944,605655040,114090264,95883264,18123768,2904,11174640,22132800,1315602,8181,8181,0,0,0,0,0,0,0,0,0.077,0.103,0.000,0,0,0,8181,8181,0,0
travel,38.284,918.5,778.003,778.003,fly,0.920,ok,2601,0,0,192.00,454610944,605655040,114090264,95883264,18123768,2904,11174640,22132800,1315602,8181,8181,0,0,0,0,0,0,0,0,0.071,0.070,0.000,0,0,0,8181,8181,0,0
travel,38.314,919.3,778.515,778.515,fly,1.140,ok,2601,0,0,192.00,454610944,605655040,114090264,95883264,18123768,2904,7449760,22132800,1315602,8181,8181,0,0,0,0,0,0,0,0,0.301,0.077,0.000,0,0,0,8181,8181,0,0
travel,38.344,920.0,779.029,779.029,fly,0.880,ok,2601,0,0,192.00,454610944,605655040,114090264,95883264,18123768,2904,7449760,22132800,1315602,8181,8181,0,0,0,0,0,0,0,0,0.068,0.078,0.000,0,0,0,8181,8181,0,0
travel,38.374,920.7,779.538,779.538,fly,0.866,ok,2601,0,0,192.00,454610944,605655040,114090264,95883264,18123768,2904,7449760,22132800,1315602,8181,8181,0,0,0,0,0,0,0,0,0.068,0.068,0.000,0,0,0,8181,8181,0,0
travel,38.405,921.4,780.049,780.049,fly,0.884,ok,2601,0,0,192.00,454610944,605655040,114090264,95883264,18123768,2904,7449760,22132800,1315602,8181,8181,0,0,0,0,0,0,0,0,0.067,0.070,0.000,0,0,0,8181,8181,0,0
travel,38.435,922.2,780.572,780.572,fly,0.871,ok,2601,0,0,192.00,454610944,605655040,114090264,95883264,18123768,2904,7449760,22132800,1315602,8181,8181,0,0,0,0,0,0,0,0,0.068,0.070,0.000,0,0,0,8181,8181,0,0
travel,38.466,922.9,781.084,781.084,fly,0.879,ok,2601,0,0,192.00,454610944,605655040,114090264,95883264,18123768,2904,7449760,22132800,1315602,8181,8181,0,0,0,0,0,0,0,0,0.067,0.070,0.000,0,0,0,8181,8181,0,0
travel,38.496,923.6,781.607,781.607,fly,0.853,ok,2601,0,0,192.00,454610944,605655040,114090264,95883264,18123768,2904,7449760,22132800,1315602,8181,8181,0,0,0,0,0,0,0,0,0.066,0.068,0.000,0,0,0,8181,8181,0,0
travel,38.527,924.4,782.127,782.127,fly,0.870,ok,2601,0,0,192.00,454610944,605655040,114090264,95883264,18123768,2904,7449760,22132800,1315602,8181,8181,0,0,0,0,0,0,0,0,0.067,0.071,0.000,0,0,0,8181,8181,0,0
travel,38.557,925.1,782.640,782.640,fly,0.868,ok,2601,0,0,192.00,454610944,605655040,114090264,95883264,18123768,2904,7449760,22132800,1315602,8181,8181,0,0,0,0,0,0,0,0,0.065,0.068,0.000,0,0,0,8181,8181,0,0
travel,38.587,925.8,783.150,783.150,fly,0.857,ok,2601,0,0,192.00,454610944,605655040,114090264,95883264,18123768,2904,7449760,22132800,1315602,8181,8181,0,0,0,0,0,0,0,0,0.066,0.065,0.000,0,0,0,8181,8181,0,0
travel,38.618,926.5,783.670,783.670,fly,0.863,ok,2601,0,0,192.00,454610944,605655040,114090264,95883264,18123768,2904,7449760,22132800,1315602,8181,8181,0,0,0,0,0,0,0,0,0.066,0.069,0.000,0,0,0,8181,8181,0,0
travel,38.663,927.6,784.427,784.427,fly,1.175,ok,2601,0,73,192.00,454610944,605655040,114090264,95883264,18123768,2904,11174640,18323856,1355739,8282,8282,0,0,6,0,0,0,0,0,0.071,0.089,0.000,0,0,0,8282,8282,0,0
travel,38.696,928.4,784.991,784.991,fly,0.861,ok,2601,0,0,192.00,454610944,605655040,114090264,95883264,18123768,2904,11174640,22132800,1370578,8282,8282,0,0,0,0,0,0,0,0,0.070,0.067,0.000,0,0,0,8282,8282,0,0
travel,38.726,929.1,785.508,785.508,fly,0.868,ok,2601,0,0,192.00,454610944,605655040,114090264,95883264,18123768,2904,11174640,22132800,1370578,8282,8282,0,0,0,0,0,0,0,0,0.068,0.067,0.000,0,0,0,8282,8282,0,0
travel,38.757,929.9,786.023,786.023,fly,0.996,ok,2601,0,0,192.00,454610944,605655040,114090264,95883264,18123768,2904,11174640,22132800,1370578,8282,8282,0,0,0,0,0,0,0,0,0.071,0.092,0.000,0,0,0,8282,8282,0,0
travel,38.787,930.6,786.540,786.540,fly,0.866,ok,2601,0,0,192.00,454610944,605655040,114090264,95883264,18123768,2904,7449760,22132800,1370578,8282,8282,0,0,0,0,0,0,0,0,0.067,0.067,0.000,0,0,0,8282,8282,0,0
travel,38.818,931.3,787.061,787.061,fly,0.869,ok,2601,0,0,192.00,454610944,605655040,114090264,95883264,18123768,2904,7449760,22132800,1370578,8282,8282,0,0,0,0,0,0,0,0,0.068,0.071,0.000,0,0,0,8282,8282,0,0
travel,38.849,932.1,787.593,787.593,fly,0.883,ok,2601,0,0,192.00,454610944,605655040,114090264,95883264,18123768,2904,7449760,22132800,1370578,8282,8282,0,0,0,0,0,0,0,0,0.069,0.071,0.000,0,0,0,8282,8282,0,0
travel,38.880,932.8,788.115,788.115,fly,0.915,ok,2601,0,0,192.00,454610944,605655040,114090264,95883264,18123768,2904,7449760,22132800,1370578,8282,8282,0,0,0,0,0,0,0,0,0.067,0.079,0.000,0,0,0,8282,8282,0,0
travel,38.911,933.6,788.636,788.636,fly,0.867,ok,2601,0,0,192.00,454610944,605655040,114090264,95883264,18123768,2904,7449760,22132800,1370578,8282,8282,0,0,0,0,0,0,0,0,0.066,0.070,0.000,0,0,0,8282,8282,0,0
travel,38.941,934.3,789.154,789.154,fly,0.875,ok,2601,0,0,192.00,454610944,605655040,114090264,95883264,18123768,2904,7449760,22132800,1370578,8282,8282,0,0,0,0,0,0,0,0,0.065,0.071,0.000,0,0,0,8282,8282,0,0
travel,38.972,935.0,789.674,789.674,fly,0.957,ok,2601,0,0,192.00,454610944,605655040,114090264,95883264,18123768,2904,7449760,22132800,1370578,8282,8282,0,0,0,0,0,0,0,0,0.137,0.074,0.000,0,0,0,8282,8282,0,0
travel,39.003,935.8,790.201,790.201,fly,0.908,ok,2601,0,0,192.00,454610944,605655040,114090264,95883264,18123768,2904,7449760,22132800,1370578,8282,8282,0,0,0,0,0,0,0,0,0.067,0.075,0.000,0,0,0,8282,8282,0,0
travel,39.033,936.5,790.717,790.717,fly,0.881,ok,2601,0,0,192.00,454610944,605655040,114090264,95883264,18123768,2904,7449760,22132800,1370578,8282,8282,0,0,0,0,0,0,0,0,0.073,0.075,0.000,0,0,0,8282,8282,0,0
travel,39.064,937.2,791.227,791.227,fly,1.106,ok,2601,0,0,192.00,454610944,605655040,114090264,95883264,18123768,2904,7449760,22132800,1370578,8282,8282,0,0,0,0,0,0,0,0,0.258,0.076,0.000,0,0,0,8282,8282,0,0
travel,39.094,938.0,791.749,791.749,fly,0.854,ok,2601,0,0,192.00,454610944,605655040,114090264,95883264,18123768,2904,7449760,22132800,1370578,8282,8282,0,0,0,0,0,0,0,0,0.066,0.066,0.000,0,0,0,8282,8282,0,0
travel,39.140,939.1,792.518,792.518,fly,1.322,ok,2601,0,46,192.00,454610944,605655040,114090264,95883264,18123768,2904,11174640,19732608,1417994,8383,8383,0,0,10,0,0,0,0,0,0.072,0.178,0.000,0,0,0,8383,8383,0,0
travel,39.171,939.8,793.047,793.047,fly,1.032,ok,2601,0,0,192.00,454610944,605655040,114090264,95883264,18123768,2904,11174640,22132800,1428438,8383,8383,0,0,0,0,0,0,0,0,0.214,0.069,0.000,0,0,0,8383,8383,0,0
travel,39.201,940.5,793.569,793.569,fly,0.909,ok,2601,0,0,192.00,454610944,605655040,114090264,95883264,18123768,2904,11174640,22132800,1428438,8383,8383,0,0,0,0,0,0,0,0,0.070,0.076,0.000,0,0,0,8383,8383,0,0
travel,39.232,941.3,794.083,794.083,fly,0.870,ok,2601,0,0,192.00,454610944,605655040,114090264,95883264,18123768,2904,11174640,22132800,1428438,8383,8383,0,0,0,0,0,0,0,0,0.068,0.067,0.000,0,0,0,8383,8383,0,0
travel,39.262,942.0,794.602,794.602,fly,1.260,ok,2601,0,0,192.00,454610944,605655040,114090264,95883264,18123768,2904,7449760,22132800,1428438,8383,8383,0,0,0,0,0,0,0,0,0.089,0.211,0.000,0,0,0,8383,8383,0,0
travel,39.294,942.8,795.141,795.141,fly,1.012,ok,2601,0,0,192.00,454610944,605655040,114090264,95883264,18123768,2904,7449760,22132800,1428438,8383,8383,0,0,0,0,0,0,0,0,0.078,0.110,0.000,0,0,0,8383,8383,0,0
travel,39.326,943.5,795.687,795.687,fly,1.367,ok,2601,0,0,192.00,454610944,605655040,114090264,95883264,18123768,2904,7449760,22132800,1428438,8383,8383,0,0,0,0,0,0,0,0,0.097,0.239,0.000,0,0,0,8383,8383,0,0
travel,39.359,944.3,796.243,796.243,fly,0.876,ok,2601,0,0,192.00,454610944,605655040,114090264,95883264,18123768,2904,7449760,22132800,1428438,8383,8383,0,0,0,0,0,0,0,0,0.067,0.074,0.000,0,0,0,8383,8383,0,0
travel,39.390,945.1,796.770,796.770,fly,0.919,ok,2601,0,0,192.00,454610944,605655040,114090264,95883264,18123768,2904,7449760,22132800,1428438,8383,8383,0,0,0,0,0,0,0,0,0.067,0.074,0.000,0,0,0,8383,8383,0,0
travel,39.422,945.8,797.313,797.313,fly,0.989,ok,2601,0,0,192.00,454610944,605655040,114090264,95883264,18123768,2904,7449760,22132800,1428438,8383,8383,0,0,0,0,0,0,0,0,0.067,0.114,0.000,0,0,0,8383,8383,0,0
travel,39.455,946.6,797.863,797.863,fly,1.658,ok,2601,0,0,192.00,454610944,605655040,114090264,95883264,18123768,2904,7449760,22132800,1428438,8383,8383,0,0,0,0,0,0,0,0,0.369,0.151,0.000,0,0,0,8383,8383,0,0
travel,39.492,947.5,798.503,798.503,fly,1.386,ok,2601,0,0,192.00,454610944,605655040,114090264,95883264,18123768,2904,7449760,22132800,1428438,8383,8383,0,0,0,0,0,0,0,0,0.169,0.158,0.000,0,0,0,8383,8383,0,0
travel,39.530,948.4,799.139,799.139,fly,1.133,ok,2601,0,0,192.00,454610944,605655040,114090264,95883264,18123768,2904,7449760,22132800,1428438,8383,8383,0,0,0,0,0,0,0,0,0.077,0.160,0.000,0,0,0,8383,8383,0,0
travel,39.564,949.3,799.725,799.725,fly,1.363,ok,2601,0,0,192.00,454610944,605655040,114090264,95883264,18123768,2904,7449760,22132800,1428438,8383,8383,0,0,0,0,0,0,0,0,0.096,0.123,0.000,0,0,0,8383,8383,0,0
travel,39.616,950.5,800.595,800.595,fly,1.409,ok,2601,0,67,192.00,454787072,605810688,114090264,95883264,18123768,2904,11174640,18636912,1252794,8484,8484,0,0,4,0,0,0,0,0,0.094,0.154,0.000,0,0,0,8484,8484,0,0
travel,39.650,951.3,801.183,801.183,fly,0.868,ok,2601,0,0,192.00,454787072,605810688,114090264,95883264,18123768,2904,11174640,22132800,1265246,8484,8484,0,0,0,0,0,0,0,0,0.067,0.068,0.000,0,0,0,8484,8484,0,0
travel,39.686,952.2,801.787,801.787,fly,0.979,ok,2601,0,0,192.00,454787072,605810688,114090264,95883264,18123768,2904,11174640,22132800,1265246,8484,8484,0,0,0,0,0,0,0,0,0.069,0.118,0.000,0,0,0,8484,8484,0,0
travel,39.720,953.0,802.361,802.361,fly,0.982,ok,2601,0,0,192.00,454787072,605810688,114090264,95883264,18123768,2904,7449760,22132800,1265246,8484,8484,0,0,0,0,0,0,0,0,0.070,0.122,0.000,0,0,0,8484,8484,0,0
travel,39.753,953.8,802.927,802.927,fly,0.864,ok,2601,0,0,192.00,454787072,605810688,114090264,95883264,18123768,2904,7449760,22132800,1265246,8484,8484,0,0,0,0,0,0,0,0,0.070,0.067,0.000,0,0,0,8484,8484,0,0
travel,39.787,954.6,803.497,803.497,fly,1.001,ok,2601,0,0,192.00,454787072,605810688,114090264,95883264,18123768,2904,7449760,22132800,1265246,8484,8484,0,0,0,0,0,0,0,0,0.072,0.087,0.000,0,0,0,8484,8484,0,0
travel,39.817,955.3,804.012,804.012,fly,1.051,ok,2601,0,0,192.00,454787072,605810688,114090264,95883264,18123768,2904,7449760,22132800,1265246,8484,8484,0,0,0,0,0,0,0,0,0.143,0.074,0.000,0,0,0,8484,8484,0,0
travel,39.848,956.1,804.541,804.541,fly,0.860,ok,2601,0,0,192.00,454787072,605810688,114090264,95883264,18123768,2904,7449760,22132800,1265246,8484,8484,0,0,0,0,0,0,0,0,0.068,0.067,0.000,0,0,0,8484,8484,0,0
travel,39.879,956.8,805.060,805.060,fly,0.881,ok,2601,0,0,192.00,454787072,605810688,114090264,95883264,18123768,2904,7449760,22132800,1265246,8484,8484,0,0,0,0,0,0,0,0,0.068,0.070,0.000,0,0,0,8484,8484,0,0
travel,39.911,957.6,805.600,805.600,fly,0.880,ok,2601,0,0,192.00,454787072,605810688,114090264,95883264,18123768,2904,7449760,22132800,1265246,8484,8484,0,0,0,0,0,0,0,0,0.068,0.074,0.000,0,0,0,8484,8484,0,0
travel,39.941,958.3,806.122,806.122,fly,0.983,ok,2601,0,0,192.00,454787072,605810688,114090264,95883264,18123768,2904,7449760,22132800,1265246,8484,8484,0,0,0,0,0,0,0,0,0.077,0.109,0.000,0,0,0,8484,8484,0,0
travel,39.972,959.0,806.637,806.637,fly,0.868,ok,2601,0,0,192.00,454787072,605810688,114090264,95883264,18123768,2904,7449760,22132800,1265246,8484,8484,0,0,0,0,0,0,0,0,0.067,0.073,0.000,0,0,0,8484,8484,0,0
travel,40.002,959.8,807.152,807.152,fly,0.868,ok,2601,0,0,192.00,454787072,605810688,114090264,95883264,18123768,2904,7449760,22132800,1265246,8484,8484,0,0,0,0,0,0,0,0,0.067,0.071,0.000,0,0,0,8484,8484,0,0
travel,40.032,960.5,807.665,807.665,fly,0.887,ok,2601,0,0,192.00,454787072,605810688,114090264,95883264,18123768,2904,7449760,22132800,1265246,8484,8484,0,0,0,0,0,0,0,0,0.067,0.076,0.000,0,0,0,8484,8484,0,0
travel,40.076,961.5,808.400,808.400,fly,0.947,ok,2601,0,84,192.00,454864896,605945856,114090264,95883264,18123768,2904,11174640,17749920,1304118,8585,8585,0,0,6,0,0,0,0,0,0.068,0.078,0.000,0,0,0,8585,8585,0,0
travel,40.108,962.3,808.941,808.941,fly,0.877,ok,2601,0,0,192.00,454864896,605945856,114090264,95883264,18123768,2904,11174640,22132800,1320046,8585,8585,0,0,0,0,0,0,0,0,0.069,0.075,0.000,0,0,0,8585,8585,0,0
travel,40.138,963.0,809.454,809.454,fly,0.893,ok,2601,0,0,192.00,454864896,605945856,114090264,95883264,18123768,2904,11174640,22132800,1320046,8585,8585,0,0,0,0,0,0,0,0,0.071,0.072,0.000,0,0,0,8585,8585,0,0
travel,40.168,963.7,809.965,809.965,fly,0.871,ok,2601,0,0,192.00,454864896,605945856,114090264,95883264,18123768,2904,11174640,22132800,1320046,8585,8585,0,0,0,0,0,0,0,0,0.069,0.070,0.000,0,0,0,8585,8585,0,0
travel,40.199,964.5,810.491,810.491,fly,0.873,ok,2601,0,0,192.00,454864896,605945856,114090264,95883264,18123768,2904,7449760,22132800,1320046,8585,8585,0,0,0,0,0,0,0,0,0.068,0.069,0.000,0,0,0,8585,8585,0,0
travel,40.229,965.2,811.003,811.003,fly,1.117,ok,2601,0,0,192.00,454864896,605945856,114090264,95883264,18123768,2904,7449760,22132800,1320046,8585,8585,0,0,0,0,0,0,0,0,0.070,0.260,0.000,0,0,0,8585,8585,0,0
travel,40.260,965.9,811.518,811.518,fly,0.883,ok,2601,0,0,192.00,454864896,605945856,114090264,95883264,18123768,2904,7449760,22132800,1320046,8585,8585,0,0,0,0,0,0,0,0,0.068,0.069,0.000,0,0,0,8585,8585,0,0
travel,40.290,966.7,812.029,812.029,fly,0.948,ok,2601,0,0,192.00,454864896,605945856,114090264,95883264,18123768,2904,7449760,22132800,1320046,8585,8585,0,0,0,0,0,0,0,0,0.141,0.072,0.000,0,0,0,8585,8585,0,0
travel,40.320,967.4,812.539,812.539,fly,0.862,ok,2601,0,0,192.00,454864896,605945856,114090264,95883264,18123768,2904,7449760,22132800,1320046,8585,8585,0,0,0,0,0,0,0,0,0.066,0.069,0.000,0,0,0,8585,8585,0,0
travel,40.350,968.1,813.049,813.049,fly,0.855,ok,2601,0,0,192.00,454864896,605945856,114090264,95883264,18123768,2904,7449760,22132800,1320046,8585,8585,0,0,0,0,0,0,0,0,0.064,0.068,0.000,0,0,0,8585,8585,0,0
travel,40.381,968.9,813.585,813.585,fly,1.022,ok,2601,0,0,192.00,454864896,605945856,114090264,95883264,18123768,2904,7449760,22132800,1320046,8585,8585,0,0,0,0,0,0,0,0,0.171,0.085,0.000,0,0,0,8585,8585,0,0
travel,40.412,969.6,814.098,814.098,fly,0.875,ok,2601,0,0,192.00,454864896,605945856,114090264,95883264,18123768,2904,7449760,22132800,1320046,8585,8585,0,0,0,0,0,0,0,0,0.066,0.071,0.000,0,0,0,8585,8585,0,0
travel,40.442,970.3,814.615,814.615,fly,0.876,ok,2601,0,0,192.00,454864896,605945856,114090264,95883264,18123768,2904,7449760,22132800,1320046,8585,8585,0,0,0,0,0,0,0,0,0.068,0.069,0.000,0,0,0,8585,8585,0,0
travel,40.472,971.0,815.130,815.130,fly,1.060,ok,2601,0,0,192.00,454864896,605945856,114090264,95883264,18123768,2904,7449760,22132800,1320046,8585,8585,0,0,0,0,0,0,0,0,0.070,0.134,0.000,0,0,0,8585,8585,0,0
travel,40.503,971.8,815.642,815.642,fly,0.868,ok,2601,0,0,192.00,454864896,605945856,114090264,95883264,18123768,2904,7449760,22132800,1320046,8585,8585,0,0,0,0,0,0,0,0,0.068,0.069,0.000,0,0,0,8585,8585,0,0
travel,40.546,972.8,816.384,816.384,fly,1.231,ok,2601,0,90,192.00,454885376,605945856,114090264,95883264,18123768,2904,11174640,17436864,1356815,8686,8686,0,0,8,0,0,0,0,0,0.114,0.089,0.000,0,0,0,8686,8686,0,0
travel,40.579,973.6,816.938,816.938,fly,0.920,ok,2601,0,0,192.00,454885376,605945856,114090264,95883264,18123768,2904,11174640,22132800,1374550,8686,8686,0,0,0,0,0,0,0,0,0.069,0.082,0.000,0,0,0,8686,8686,0,0
travel,40.609,974.3,817.455,817.455,fly,0.913,ok,2601,0,0,192.00,454885376,605945856,114090264,95883264,18123768,2904,11174640,22132800,1374550,8686,8686,0,0,0,0,0,0,0,0,0.069,0.083,0.000,0,0,0,8686,8686,0,0
travel,40.640,975.1,817.976,817.976,fly,0.885,ok,2601,0,0,192.00,454885376,605945856,114090264,95883264,18123768,2904,11174640,22132800,1374550,8686,8686,0,0,0,0,0,0,0,0,0.071,0.067,0.000,0,0,0,8686,8686,0,0
travel,40.671,975.8,818.491,818.491,fly,0.901,ok,2601,0,0,192.00,454885376,605945856,114090264,95883264,18123768,2904,7449760,22132800,1374550,8686,8686,0,0,0,0,0,0,0,0,0.071,0.071,0.000,0,0,0,8686,8686,0,0
travel,40.701,976.5,819.006,819.006,fly,0.942,ok,2601,0,0,192.00,454885376,605945856,114090264,95883264,18123768,2904,7449760,22132800,1374550,8686,8686,0,0,0,0,0,0,0,0,0.068,0.068,0.000,0,0,0,8686,8686,0,0
travel,40.732,977.3,819.525,819.525,fly,0.907,ok,2601,0,0,192.00,454885376,605945856,114090264,95883264,18123768,2904,7449760,22132800,1374550,8686,8686,0,0,0,0,0,0,0,0,0.068,0.102,0.000,0,0,0,8686,8686,0,0
travel,40.762,978.0,820.040,820.040,fly,1.245,ok,2601,0,0,192.00,454885376,605945856,114090264,95883264,18123768,2904,7449760,22132800,1374550,8686,8686,0,0,0,0,0,0,0,0,0.082,0.220,0.000,0,0,0,8686,8686,0,0
travel,40.793,978.7,820.567,820.567,fly,0.886,ok,2601,0,0,192.00,454885376,605945856,114090264,95883264,18123768,2904,7449760,22132800,1374550,8686,8686,0,0,0,0,0,0,0,0,0.069,0.076,0.000,0,0,0,8686,8686,0,0
travel,40.825,979.5,821.102,821.102,fly,0.869,ok,2601,0,0,192.00,454885376,605945856,114090264,95883264,18123768,2904,7449760,22132800,1374550,8686,8686,0,0,0,0,0,0,0,0,0.069,0.067,0.000,0,0,0,8686,8686,0,0
travel,40.856,980.3,821.644,821.644,fly,0.873,ok,2601,0,0,192.00,454885376,605945856,114090264,95883264,18123768,2904,7449760,22132800,1374550,8686,8686,0,0,0,0,0,0,0,0,0.068,0.074,0.000,0,0,0,8686,8686,0,0
travel,40.887,981.0,822.164,822.164,fly,0.951,ok,2601,0,0,192.00,454885376,605945856,114090264,95883264,18123768,2904,7449760,22132800,1374550,8686,8686,0,0,0,0,0,0,0,0,0.076,0.113,0.000,0,0,0,8686,8686,0,0
travel,40.918,981.7,822.681,822.681,fly,1.068,ok,2601,0,0,192.00,454885376,605945856,114090264,95883264,18123768,2904,7449760,22132800,1374550,8686,8686,0,0,0,0,0,0,0,0,0.077,0.110,0.000,0,0,0,8686,8686,0,0
travel,40.948,982.4,823.197,823.197,fly,0.862,ok,2601,0,0,192.00,454885376,605945856,114090264,95883264,18123768,2904,7449760,22132800,1374550,8686,8686,0,0,0,0,0,0,0,0,0.068,0.068,0.000,0,0,0,8686,8686,0,0
travel,40.979,983.2,823.718,823.718,fly,0.935,ok,2601,0,0,192.00,454885376,605945856,114090264,95883264,18123768,2904,7449760,22132800,1374550,8686,8686,0,0,0,0,0,0,0,0,0.071,0.121,0.000,0,0,0,8686,8686,0,0
travel,41.024,984.3,824.481,824.481,fly,1.292,ok,2601,0,61,192.00,454885376,605945856,114090264,95883264,18123768,2904,11174640,18949968,1417694,8787,8787,0,0,9,0,0,0,0,0,0.072,0.156,0.000,0,0,0,8787,8787,0,0
travel,41.057,985.1,825.050,825.050,fly,0.875,ok,2601,0,0,192.00,454885376,605945856,114090264,95883264,18123768,2904,11174640,22132800,1429190,8787,8787,0,0,0,0,0,0,0,0,0.069,0.069,0.000,0,0,0,8787,8787,0,0
travel,41.088,985.8,825.570,825.570,fly,0.894,ok,2601,0,0,192.00,454885376,605945856,114090264,95883264,18123768,2904,11174640,22132800,1429190,8787,8787,0,0,0,0,0,0,0,0,0.070,0.077,0.000,0,0,0,8787,8787,0,0
travel,41.118,986.5,826.080,826.080,fly,0.895,ok,2601,0,0,192.00,454885376,605945856,114090264,95883264,18123768,2904,11174640,22132800,1429190,8787,8787,0,0,0,0,0,0,0,0,0.072,0.079,0.000,0,0,0,8787,8787,0,0
travel,41.149,987.3,826.599,826.599,fly,0.866,ok,2601,0,0,192.00,454885376,605945856,114090264,95883264,18123768,2904,7449760,22132800,1429190,8787,8787,0,0,0,0,0,0,0,0,0.070,0.067,0.000,0,0,0,8787,8787,0,0
travel,41.179,988.0,827.114,827.114,fly,1.382,ok,2601,0,0,192.00,454885376,605945856,114090264,95883264,18123768,2904,7449760,22132800,1429190,8787,8787,0,0,0,0,0,0,0,0,0.165,0.127,0.000,0,0,0,8787,8787,0,0
travel,41.209,988.7,827.632,827.632,fly,0.883,ok,2601,0,0,192.00,454885376,605945856,114090264,95883264,18123768,2904,7449760,22132800,1429190,8787,8787,0,0,0,0,0,0,0,0,0.068,0.074,0.000,0,0,0,8787,8787,0,0
travel,41.240,989.4,828.143,828.143,fly,0.866,ok,2601,0,0,192.00,454885376,605945856,114090264,95883264,18123768,2904,7449760,22132800,1429190,8787,8787,0,0,0,0,0,0,0,0,0.066,0.067,0.000,0,0,0,8787,8787,0,0
travel,41.270,990.2,828.654,828.654,fly,0.900,ok,2601,0,0,192.00,454885376,605945856,114090264,95883264,18123768,2904,7449760,22132800,1429190,8787,8787,0,0,0,0,0,0,0,0,0.068,0.101,0.000,0,0,0,8787,8787,0,0
travel,41.300,990.9,829.165,829.165,fly,0.873,ok,2601,0,0,192.00,454885376,605945856,114090264,95883264,18123768,2904,7449760,22132800,1429190,8787,8787,0,0,0,0,0,0,0,0,0.068,0.070,0.000,0,0,0,8787,8787,0,0
travel,41.330,991.6,829.678,829.678,fly,0.863,ok,2601,0,0,192.00,454885376,605945856,114090264,95883264,18123768,2904,7449760,22132800,1429190,8787,8787,0,0,0,0,0,0,0,0,0.068,0.068,0.000,0,0,0,8787,8787,0,0
travel,41.360,992.3,830.191,830.191,fly,0.862,ok,2601,0,0,192.00,454885376,605945856,114090264,95883264,18123768,2904,7449760,22132800,1429190,8787,8787,0,0,0,0,0,0,0,0,0.067,0.065,0.000,0,0,0,8787,8787,0,0
travel,41.391,993.1,830.703,830.703,fly,0.864,ok,2601,0,0,192.00,454885376,605945856,114090264,95883264,18123768,2904,7449760,22132800,1429190,8787,8787,0,0,0,0,0,0,0,0,0.068,0.068,0.000,0,0,0,8787,8787,0,0
travel,41.421,993.8,831.217,831.217,fly,0.991,ok,2601,0,0,192.00,454885376,605945856,114090264,95883264,18123768,2904,7449760,22132800,1429190,8787,8787,0,0,0,0,0,0,0,0,0.153,0.077,0.000,0,0,0,8787,8787,0,0
travel,41.451,994.5,831.734,831.734,fly,0.892,ok,2601,0,0,192.00,454885376,605945856,114090264,95883264,18123768,2904,7449760,22132800,1429190,8787,8787,0,0,0,0,0,0,0,0,0.069,0.074,0.000,0,0,0,8787,8787,0,0
travel,41.496,995.6,832.498,832.498,fly,1.192,ok,2601,0,69,192.00,454873088,605945856,114090264,95883264,18123768,2904,11174640,18532560,1254349,8888,8888,0,0,8,0,0,0,0,0,0.071,0.085,0.000,0,0,0,8888,8888,0,0
travel,41.530,996.4,833.064,833.064,fly,0.886,ok,2601,0,0,192.00,454873088,605945856,114090264,95883264,18123768,2904,11174640,22132800,1267457,8888,8888,0,0,0,0,0,0,0,0,0.070,0.071,0.000,0,0,0,8888,8888,0,0
travel,41.560,997.1,833.575,833.575,fly,0.866,ok,2601,0,0,192.00,454873088,605945856,114090264,95883264,18123768,2904,11174640,22132800,1267457,8888,8888,0,0,0,0,0,0,0,0,0.070,0.069,0.000,0,0,0,8888,8888,0,0
travel,41.590,997.8,834.086,834.086,fly,1.142,ok,2601,0,0,192.00,454873088,605945856,114090264,95883264,18123768,2904,11174640,22132800,1267457,8888,8888,0,0,0,0,0,0,0,0,0.080,0.130,0.000,0,0,0,8888,8888,0,0
travel,41.622,998.6,834.624,834.624,fly,0.878,ok,2601,0,0,192.00,454873088,605945856,114090264,95883264,18123768,2904,7449760,22132800,1267457,8888,8888,0,0,0,0,0,0,0,0,0.071,0.073,0.000,0,0,0,8888,8888,0,0
travel,41.652,999.3,835.134,835.134,fly,0.876,ok,2601,0,0,192.00,454873088,605945856,114090264,95883264,18123768,2904,7449760,22132800,1267457,8888,8888,0,0,0,0,0,0,0,0,0.071,0.072,0.000,0,0,0,8888,8888,0,0
drain,41.680,1000.0,835.611,835.611,fly,1.655,ok,2601,0,418,192.00,454873088,605945856,0,0,0,0,0,0,0,8888,8888,0,0,0,0,0,0,0,0,0.083,0.095,0.000,0,0,0,8888,8888,0,0
drain,41.680,1000.0,835.611,835.611,fly,27.504,draw_submit,2601,0,0,192.00,454946816,605945856,114090264,95883264,18123768,2601,0,22132800,1340881,8888,8888,0,0,0,0,0,0,303,0,0.201,0.329,0.000,0,0,0,8888,8888,0,0
travel,41.683,1000.1,835.672,835.672,fly,1.503,ok,2601,0,0,192.00,454950912,605945856,114090264,95883264,18123768,2601,0,22132800,1340881,8888,8888,0,0,0,0,0,0,0,0,0.153,0.198,0.000,0,0,0,8888,8888,0,0
travel,41.717,1000.9,836.243,836.243,fly,1.286,ok,2601,0,0,192.00,454950912,605945856,114090264,95883264,18123768,2601,0,22132800,1340881,8888,8888,0,0,0,0,0,0,0,0,0.149,0.154,0.000,0,0,0,8888,8888,0,0
travel,41.750,1001.7,836.804,836.804,fly,1.204,ok,2601,0,0,192.00,454950912,605945856,114090264,95883264,18123768,2601,0,22132800,1340881,8888,8888,0,0,0,0,0,0,0,0,0.080,0.166,0.000,0,0,0,8888,8888,0,0
travel,41.781,1002.4,837.336,837.336,fly,0.946,ok,2601,0,0,192.00,454950912,605945856,114090264,95883264,18123768,2601,0,22132800,1340881,8888,8888,0,0,0,0,0,0,0,0,0.068,0.083,0.000,0,0,0,8888,8888,0,0
travel,41.815,1003.3,837.910,837.910,fly,0.925,ok,2601,0,0,192.00,454950912,605945856,114090264,95883264,18123768,2601,0,22132800,1340881,8888,8888,0,0,0,0,0,0,0,0,0.091,0.067,0.000,0,0,0,8888,8888,0,0
travel,41.850,1004.1,838.494,838.494,fly,1.085,ok,2601,0,0,192.00,454950912,605945856,114090264,95883264,18123768,2601,0,22132800,1340881,8888,8888,0,0,0,0,0,0,0,0,0.098,0.142,0.000,0,0,0,8888,8888,0,0
travel,41.895,1005.2,839.268,839.268,fly,1.857,ok,2601,0,0,192.00,454950912,605945856,114090264,95883264,18123768,2601,0,22132800,1340881,8888,8888,0,0,0,0,0,0,0,0,0.117,0.537,0.000,0,0,0,8888,8888,0,0
travel,41.951,1006.5,840.211,840.211,fly,4.750,ok,2564,37,150,192.00,454975488,606011392,112467296,94519296,17865952,2665,3724880,16237704,1360488,8952,8989,17,0,43,17,17,17,0,0,0.312,0.647,0.000,0,0,0,8952,8952,0,0
travel,41.998,1007.6,841.006,841.006,fly,0.977,ok,2601,0,0,192.00,455581696,606642176,114090264,95883264,18123768,2702,3724880,22132800,1396721,8989,8989,0,0,0,0,0,0,0,0,0.068,0.070,0.000,0,0,0,8989,8989,0,0
travel,42.030,1008.4,841.551,841.551,fly,0.937,ok,2601,0,0,192.00,455581696,606642176,114090264,95883264,18123768,2702,3724880,22132800,1396721,8989,8989,0,0,0,0,0,0,0,0,0.069,0.076,0.000,0,0,0,8989,8989,0,0
travel,42.061,1009.2,842.082,842.082,fly,0.918,ok,2601,0,0,192.00,455581696,606642176,114090264,95883264,18123768,2702,3724880,22132800,1396721,8989,8989,0,0,0,0,0,0,0,0,0.069,0.066,0.000,0,0,0,8989,8989,0,0
travel,42.092,1009.9,842.605,842.605,fly,0.908,ok,2601,0,0,192.00,455581696,606642176,114090264,95883264,18123768,2702,3724880,22132800,1396721,8989,8989,0,0,0,0,0,0,0,0,0.068,0.071,0.000,0,0,0,8989,8989,0,0
travel,42.124,1010.7,843.145,843.145,fly,1.049,ok,2601,0,0,192.00,455581696,606642176,114090264,95883264,18123768,2702,3724880,22132800,1396721,8989,8989,0,0,0,0,0,0,0,0,0.146,0.086,0.000,0,0,0,8989,8989,0,0
travel,42.155,1011.4,843.665,843.665,fly,0.895,ok,2601,0,0,192.00,455581696,606642176,114090264,95883264,18123768,2702,3724880,22132800,1396721,8989,8989,0,0,0,0,0,0,0,0,0.068,0.066,0.000,0,0,0,8989,8989,0,0
travel,42.185,1012.1,844.191,844.191,fly,0.898,ok,2601,0,0,192.00,455581696,606642176,114090264,95883264,18123768,2702,3724880,22132800,1396721,8989,8989,0,0,0,0,0,0,0,0,0.068,0.066,0.000,0,0,0,8989,8989,0,0
travel,42.218,1012.9,844.739,844.739,fly,0.915,ok,2601,0,0,192.00,455581696,606642176,114090264,95883264,18123768,2702,3724880,22132800,1396721,8989,8989,0,0,0,0,0,0,0,0,0.068,0.073,0.000,0,0,0,8989,8989,0,0
travel,42.249,1013.7,845.261,845.261,fly,0.993,ok,2601,0,0,192.00,455581696,606642176,114090264,95883264,18123768,2702,3724880,22132800,1396721,8989,8989,0,0,0,0,0,0,0,0,0.144,0.076,0.000,0,0,0,8989,8989,0,0
travel,42.279,1014.4,845.780,845.780,fly,0.912,ok,2601,0,0,192.00,455581696,606642176,114090264,95883264,18123768,2702,3724880,22132800,1396721,8989,8989,0,0,0,0,0,0,0,0,0.068,0.070,0.000,0,0,0,8989,8989,0,0
travel,42.310,1015.1,846.305,846.305,fly,0.968,ok,2601,0,0,192.00,455581696,606642176,114090264,95883264,18123768,2702,3724880,22132800,1396721,8989,8989,0,0,0,0,0,0,0,0,0.069,0.086,0.000,0,0,0,8989,8989,0,0
travel,42.342,1015.9,846.838,846.838,fly,1.159,ok,2601,0,0,192.00,455581696,606642176,114090264,95883264,18123768,2702,3724880,22132800,1396721,8989,8989,0,0,0,0,0,0,0,0,0.075,0.111,0.000,0,0,0,8989,8989,0,0
travel,42.373,1016.6,847.365,847.365,fly,0.916,ok,2601,0,0,192.00,455581696,606642176,114090264,95883264,18123768,2702,3724880,22132800,1396721,8989,8989,0,0,0,0,0,0,0,0,0.067,0.082,0.000,0,0,0,8989,8989,0,0
travel,42.404,1017.4,847.901,847.901,fly,0.919,ok,2601,0,0,192.00,455581696,606642176,114090264,95883264,18123768,2702,3724880,22132800,1396721,8989,8989,0,0,0,0,0,0,0,0,0.067,0.081,0.000,0,0,0,8989,8989,0,0
travel,42.451,1018.5,848.700,848.700,fly,0.955,ok,2601,0,0,192.00,455651328,606711808,114090264,95883264,18123768,2803,7449760,22132800,1451249,9090,9090,0,0,0,0,0,0,0,0,0.069,0.076,0.000,0,0,0,9090,9090,0,0
travel,42.482,1019.3,849.227,849.227,fly,1.135,ok,2601,0,0,192.00,455651328,606711808,114090264,95883264,18123768,2803,7449760,22132800,1451249,9090,9090,0,0,0,0,0,0,0,0,0.080,0.241,0.000,0,0,0,9090,9090,0,0
travel,42.514,1020.0,849.756,849.756,fly,0.893,ok,2601,0,0,192.00,455651328,606711808,114090264,95883264,18123768,2803,7449760,22132800,1451249,9090,9090,0,0,0,0,0,0,0,0,0.067,0.066,0.000,0,0,0,9090,9090,0,0
travel,42.544,1020.8,850.281,850.281,fly,1.307,ok,2601,0,0,192.00,455651328,606711808,114090264,95883264,18123768,2803,7449760,22132800,1451249,9090,9090,0,0,0,0,0,0,0,0,0.351,0.111,0.000,0,0,0,9090,9090,0,0
travel,42.576,1021.5,850.810,850.810,fly,0.902,ok,2601,0,0,192.00,455651328,606711808,114090264,95883264,18123768,2803,7449760,22132800,1451249,9090,9090,0,0,0,0,0,0,0,0,0.068,0.073,0.000,0,0,0,9090,9090,0,0
travel,42.607,1022.2,851.336,851.336,fly,0.912,ok,2601,0,0,192.00,455651328,606711808,114090264,95883264,18123768,2803,7449760,22132800,1451249,9090,9090,0,0,0,0,0,0,0,0,0.068,0.071,0.000,0,0,0,9090,9090,0,0
travel,42.638,1023.0,851.870,851.870,fly,1.070,ok,2601,0,0,192.00,455651328,606711808,114090264,95883264,18123768,2803,7449760,22132800,1451249,9090,9090,0,0,0,0,0,0,0,0,0.076,0.108,0.000,0,0,0,9090,9090,0,0
travel,42.669,1023.7,852.386,852.386,fly,0.994,ok,2601,0,0,192.00,455651328,606711808,114090264,95883264,18123768,2803,7449760,22132800,1451249,9090,9090,0,0,0,0,0,0,0,0,0.077,0.121,0.000,0,0,0,9090,9090,0,0
travel,42.699,1024.5,852.910,852.910,fly,1.292,ok,2601,0,0,192.00,455651328,606711808,114090264,95883264,18123768,2803,7449760,22132800,1451249,9090,9090,0,0,0,0,0,0,0,0,0.092,0.213,0.000,0,0,0,9090,9090,0,0
travel,42.731,1025.2,853.445,853.445,fly,0.982,ok,2601,0,0,192.00,455651328,606711808,114090264,95883264,18123768,2803,7449760,22132800,1451249,9090,9090,0,0,0,0,0,0,0,0,0.071,0.076,0.000,0,0,0,9090,9090,0,0
travel,42.762,1026.0,853.966,853.966,fly,0.905,ok,2601,0,0,192.00,455651328,606711808,114090264,95883264,18123768,2803,7449760,22132800,1451249,9090,9090,0,0,0,0,0,0,0,0,0.067,0.073,0.000,0,0,0,9090,9090,0,0
travel,42.792,1026.7,854.487,854.487,fly,0.896,ok,2601,0,0,192.00,455651328,606711808,114090264,95883264,18123768,2803,7449760,22132800,1451249,9090,9090,0,0,0,0,0,0,0,0,0.065,0.068,0.000,0,0,0,9090,9090,0,0
travel,42.823,1027.4,855.013,855.013,fly,0.944,ok,2601,0,0,192.00,455651328,606711808,114090264,95883264,18123768,2803,7449760,22132800,1451249,9090,9090,0,0,0,0,0,0,0,0,0.069,0.075,0.000,0,0,0,9090,9090,0,0
travel,42.854,1028.2,855.538,855.538,fly,1.061,ok,2601,0,0,192.00,455651328,606711808,114090264,95883264,18123768,2803,7449760,22132800,1451249,9090,9090,0,0,0,0,0,0,0,0,0.065,0.197,0.000,0,0,0,9090,9090,0,0
travel,42.895,1029.2,856.231,856.231,fly,2.827,ok,2601,0,137,192.00,456486912,607567872,114090264,95883264,18123768,2904,11174640,14984592,1474744,9191,9191,14,0,35,14,14,14,0,233472,0.101,0.133,0.000,0,0,0,9191,9191,0,0
travel,42.931,1030.0,856.845,856.845,fly,0.892,ok,2601,0,0,192.00,458526720,609759232,114090264,95883264,18123768,2904,11174640,22132800,1506433,9191,9191,0,0,0,0,0,0,0,0,0.070,0.072,0.000,0,0,0,9191,9191,0,0
travel,42.962,1030.8,857.368,857.368,fly,0.901,ok,2601,0,0,192.00,458526720,609759232,114090264,95883264,18123768,2904,11174640,22132800,1506433,9191,9191,0,0,0,0,0,0,0,0,0.069,0.072,0.000,0,0,0,9191,9191,0,0
travel,42.992,1031.5,857.889,857.889,fly,0.867,ok,2601,0,0,192.00,458526720,609759232,114090264,95883264,18123768,2904,7449760,22132800,1506433,9191,9191,0,0,0,0,0,0,0,0,0.066,0.067,0.000,0,0,0,9191,9191,0,0
travel,43.023,1032.2,858.407,858.407,fly,0.903,ok,2601,0,0,192.00,458526720,609759232,114090264,95883264,18123768,2904,7449760,22132800,1506433,9191,9191,0,0,0,0,0,0,0,0,0.069,0.075,0.000,0,0,0,9191,9191,0,0
travel,43.054,1033.0,858.938,858.938,fly,0.863,ok,2601,0,0,192.00,458526720,609759232,114090264,95883264,18123768,2904,7449760,22132800,1506433,9191,9191,0,0,0,0,0,0,0,0,0.066,0.067,0.000,0,0,0,9191,9191,0,0
travel,43.084,1033.7,859.451,859.451,fly,0.873,ok,2601,0,0,192.00,458526720,609759232,114090264,95883264,18123768,2904,7449760,22132800,1506433,9191,9191,0,0,0,0,0,0,0,0,0.066,0.069,0.000,0,0,0,9191,9191,0,0
travel,43.115,1034.5,859.979,859.979,fly,0.987,ok,2601,0,0,192.00,458526720,609759232,114090264,95883264,18123768,2904,7449760,22132800,1506433,9191,9191,0,0,0,0,0,0,0,0,0.068,0.116,0.000,0,0,0,9191,9191,0,0
travel,43.146,1035.2,860.503,860.503,fly,0.877,ok,2601,0,0,192.00,458526720,609759232,114090264,95883264,18123768,2904,7449760,22132800,1506433,9191,9191,0,0,0,0,0,0,0,0,0.068,0.076,0.000,0,0,0,9191,9191,0,0
travel,43.177,1036.0,861.034,861.034,fly,0.864,ok,2601,0,0,192.00,458526720,609759232,114090264,95883264,18123768,2904,7449760,22132800,1506433,9191,9191,0,0,0,0,0,0,0,0,0.066,0.073,0.000,0,0,0,9191,9191,0,0
travel,43.208,1036.7,861.557,861.557,fly,0.978,ok,2601,0,0,192.00,458526720,609759232,114090264,95883264,18123768,2904,7449760,22132800,1506433,9191,9191,0,0,0,0,0,0,0,0,0.157,0.076,0.000,0,0,0,9191,9191,0,0
travel,43.238,1037.4,862.070,862.070,fly,0.865,ok,2601,0,0,192.00,458526720,609759232,114090264,95883264,18123768,2904,7449760,22132800,1506433,9191,9191,0,0,0,0,0,0,0,0,0.070,0.068,0.000,0,0,0,9191,9191,0,0
travel,43.269,1038.1,862.583,862.583,fly,0.874,ok,2601,0,0,192.00,458526720,609759232,114090264,95883264,18123768,2904,7449760,22132800,1506433,9191,9191,0,0,0,0,0,0,0,0,0.066,0.071,0.000,0,0,0,9191,9191,0,0
travel,43.299,1038.9,863.100,863.100,fly,0.948,ok,2601,0,0,192.00,458526720,609759232,114090264,95883264,18123768,2904,7449760,22132800,1506433,9191,9191,0,0,0,0,0,0,0,0,0.077,0.113,0.000,0,0,0,9191,9191,0,0
travel,43.329,1039.6,863.618,863.618,fly,0.871,ok,2601,0,0,192.00,458526720,609759232,114090264,95883264,18123768,2904,7449760,22132800,1506433,9191,9191,0,0,0,0,0,0,0,0,0.066,0.072,0.000,0,0,0,9191,9191,0,0
travel,43.374,1040.7,864.373,864.373,fly,1.208,ok,2601,0,119,192.00,459812864,611082240,114090264,95883264,18123768,2904,11174640,15923760,1313110,9292,9292,0,0,6,0,0,0,0,0,0.072,0.092,0.000,0,0,0,9292,9292,0,0
travel,43.408,1041.5,864.960,864.960,fly,0.855,ok,2601,0,0,192.00,459812864,611082240,114090264,95883264,18123768,2904,11174640,22132800,1338332,9292,9292,0,0,0,0,0,0,0,0,0.068,0.067,0.000,0,0,0,9292,9292,0,0
travel,43.439,1042.2,865.481,865.481,fly,0.865,ok,2601,0,0,192.00,459812864,611082240,114090264,95883264,18123768,2904,11174640,22132800,1338332,9292,9292,0,0,0,0,0,0,0,0,0.068,0.068,0.000,0,0,0,9292,9292,0,0
travel,43.470,1043.0,866.006,866.006,fly,0.963,ok,2601,0,0,192.00,459812864,611082240,114090264,95883264,18123768,2904,11174640,22132800,1338332,9292,9292,0,0,0,0,0,0,0,0,0.077,0.081,0.000,0,0,0,9292,9292,0,0
travel,43.500,1043.7,866.523,866.523,fly,0.880,ok,2601,0,0,192.00,459812864,611082240,114090264,95883264,18123768,2904,7449760,22132800,1338332,9292,9292,0,0,0,0,0,0,0,0,0.069,0.075,0.000,0,0,0,9292,9292,0,0
travel,43.530,1044.4,867.034,867.034,fly,0.874,ok,2601,0,0,192.00,459812864,611082240,114090264,95883264,18123768,2904,7449760,22132800,1338332,9292,9292,0,0,0,0,0,0,0,0,0.068,0.076,0.000,0,0,0,9292,9292,0,0
travel,43.561,1045.2,867.560,867.560,fly,0.899,ok,2601,0,0,192.00,459812864,611082240,114090264,95883264,18123768,2904,7449760,22132800,1338332,9292,9292,0,0,0,0,0,0,0,0,0.067,0.070,0.000,0,0,0,9292,9292,0,0
travel,43.593,1045.9,868.097,868.097,fly,0.990,ok,2601,0,0,192.00,459812864,611082240,114090264,95883264,18123768,2904,7449760,22132800,1338332,9292,9292,0,0,0,0,0,0,0,0,0.068,0.084,0.000,0,0,0,9292,9292,0,0
travel,43.625,1046.7,868.639,868.639,fly,0.992,ok,2601,0,0,192.00,459812864,611082240,114090264,95883264,18123768,2904,7449760,22132800,1338332,9292,9292,0,0,0,0,0,0,0,0,0.076,0.115,0.000,0,0,0,9292,9292,0,0
travel,43.656,1047.5,869.163,869.163,fly,0.872,ok,2601,0,0,192.00,459812864,611082240,114090264,95883264,18123768,2904,7449760,22132800,1338332,9292,9292,0,0,0,0,0,0,0,0,0.065,0.069,0.000,0,0,0,9292,9292,0,0
travel,43.686,1048.2,869.684,869.684,fly,0.857,ok,2601,0,0,192.00,459812864,611082240,114090264,95883264,18123768,2904,7449760,22132800,1338332,9292,9292,0,0,0,0,0,0,0,0,0.066,0.065,0.000,0,0,0,9292,9292,0,0
travel,43.717,1048.9,870.203,870.203,fly,0.879,ok,2601,0,0,192.00,459812864,611082240,114090264,95883264,18123768,2904,7449760,22132800,1338332,9292,9292,0,0,0,0,0,0,0,0,0.067,0.075,0.000,0,0,0,9292,9292,0,0
travel,43.747,1049.7,870.716,870.716,fly,0.860,ok,2601,0,0,192.00,459812864,611082240,114090264,95883264,18123768,2904,7449760,22132800,1338332,9292,9292,0,0,0,0,0,0,0,0,0.068,0.069,0.000,0,0,0,9292,9292,0,0
travel,43.778,1050.4,871.238,871.238,fly,1.011,ok,2601,0,0,192.00,459812864,611082240,114090264,95883264,18123768,2904,7449760,22132800,1338332,9292,9292,0,0,0,0,0,0,0,0,0.072,0.120,0.000,0,0,0,9292,9292,0,0
travel,43.808,1051.1,871.751,871.751,fly,0.892,ok,2601,0,0,192.00,459812864,611082240,114090264,95883264,18123768,2904,7449760,22132800,1338332,9292,9292,0,0,0,0,0,0,0,0,0.066,0.076,0.000,0,0,0,9292,9292,0,0
travel,43.851,1052.2,872.486,872.486,fly,1.160,ok,2601,0,53,192.00,459948032,611352576,114090264,95883264,18123768,2904,11174640,19367376,1382943,9393,9393,0,0,6,0,0,0,0,0,0.069,0.084,0.000,0,0,0,9393,9393,0,0
travel,43.883,1052.9,873.026,873.026,fly,0.867,ok,2601,0,0,192.00,459948032,611352576,114090264,95883264,18123768,2904,11174640,22132800,1393124,9393,9393,0,0,0,0,0,0,0,0,0.069,0.067,0.000,0,0,0,9393,9393,0,0
travel,43.913,1053.6,873.542,873.542,fly,0.885,ok,2601,0,0,192.00,459948032,611352576,114090264,95883264,18123768,2904,11174640,22132800,1393124,9393,9393,0,0,0,0,0,0,0,0,0.070,0.072,0.000,0,0,0,9393,9393,0,0
travel,43.944,1054.4,874.057,874.057,fly,0.880,ok,2601,0,0,192.00,459948032,611352576,114090264,95883264,18123768,2904,11174640,22132800,1393124,9393,9393,0,0,0,0,0,0,0,0,0.070,0.073,0.000,0,0,0,9393,9393,0,0
travel,43.975,1055.1,874.580,874.580,fly,0.860,ok,2601,0,0,192.00,459948032,611352576,114090264,95883264,18123768,2904,7449760,22132800,1393124,9393,9393,0,0,0,0,0,0,0,0,0.066,0.066,0.000,0,0,0,9393,9393,0,0
travel,44.007,1055.9,875.126,875.126,fly,0.871,ok,2601,0,0,192.00,459948032,611352576,114090264,95883264,18123768,2904,7449760,22132800,1393124,9393,9393,0,0,0,0,0,0,0,0,0.066,0.069,0.000,0,0,0,9393,9393,0,0
travel,44.037,1056.6,875.649,875.649,fly,0.963,ok,2601,0,0,192.00,459948032,611352576,114090264,95883264,18123768,2904,7449760,22132800,1393124,9393,9393,0,0,0,0,0,0,0,0,0.067,0.145,0.000,0,0,0,9393,9393,0,0
travel,44.068,1057.4,876.164,876.164,fly,0.902,ok,2601,0,0,192.00,460013568,611352576,114090264,95883264,18123768,2904,7449760,22132800,1393124,9393,9393,0,0,0,0,0,0,0,0,0.067,0.078,0.000,0,0,0,9393,9393,0,0
travel,44.098,1058.1,876.687,876.687,fly,0.852,ok,2601,0,0,192.00,460013568,611352576,114090264,95883264,18123768,2904,7449760,22132800,1393124,9393,9393,0,0,0,0,0,0,0,0,0.065,0.069,0.000,0,0,0,9393,9393,0,0
travel,44.129,1058.8,877.209,877.209,fly,0.907,ok,2601,0,0,192.00,460013568,611352576,114090264,95883264,18123768,2904,7449760,22132800,1393124,9393,9393,0,0,0,0,0,0,0,0,0.066,0.073,0.000,0,0,0,9393,9393,0,0
travel,44.160,1059.6,877.728,877.728,fly,0.873,ok,2601,0,0,192.00,460013568,611352576,114090264,95883264,18123768,2904,7449760,22132800,1393124,9393,9393,0,0,0,0,0,0,0,0,0.066,0.072,0.000,0,0,0,9393,9393,0,0
travel,44.190,1060.3,878.241,878.241,fly,0.913,ok,2601,0,0,192.00,460013568,611352576,114090264,95883264,18123768,2904,7449760,22132800,1393124,9393,9393,0,0,0,0,0,0,0,0,0.069,0.077,0.000,0,0,0,9393,9393,0,0
travel,44.221,1061.0,878.761,878.761,fly,0.855,ok,2601,0,0,192.00,460013568,611352576,114090264,95883264,18123768,2904,7449760,22132800,1393124,9393,9393,0,0,0,0,0,0,0,0,0.066,0.066,0.000,0,0,0,9393,9393,0,0
travel,44.251,1061.8,879.280,879.280,fly,0.903,ok,2601,0,0,192.00,460013568,611352576,114090264,95883264,18123768,2904,7449760,22132800,1393124,9393,9393,0,0,0,0,0,0,0,0,0.066,0.076,0.000,0,0,0,9393,9393,0,0
travel,44.282,1062.5,879.806,879.806,fly,0.866,ok,2601,0,0,192.00,460013568,611352576,114090264,95883264,18123768,2904,7449760,22132800,1393124,9393,9393,0,0,0,0,0,0,0,0,0.066,0.069,0.000,0,0,0,9393,9393,0,0
travel,44.326,1063.6,880.550,880.550,fly,1.179,ok,2601,0,39,192.00,460058624,611352576,114090264,95883264,18123768,2904,11174640,20097840,1440639,9494,9494,0,0,7,0,0,0,0,0,0.071,0.090,0.000,0,0,0,9494,9494,0,0
travel,44.357,1064.3,881.082,881.082,fly,0.932,ok,2601,0,0,192.00,460058624,611352576,114090264,95883264,18123768,2904,11174640,22132800,1448872,9494,9494,0,0,0,0,0,0,0,0,0.070,0.080,0.000,0,0,0,9494,9494,0,0
travel,44.388,1065.0,881.600,881.600,fly,0.875,ok,2601,0,0,192.00,460058624,611352576,114090264,95883264,18123768,2904,11174640,22132800,1448872,9494,9494,0,0,0,0,0,0,0,0,0.069,0.070,0.000,0,0,0,9494,9494,0,0
travel,44.418,1065.8,882.110,882.110,fly,0.866,ok,2601,0,0,192.00,460058624,611352576,114090264,95883264,18123768,2904,11174640,22132800,1448872,9494,9494,0,0,0,0,0,0,0,0,0.069,0.070,0.000,0,0,0,9494,9494,0,0
travel,44.448,1066.5,882.626,882.626,fly,0.876,ok,2601,0,0,192.00,460058624,611352576,114090264,95883264,18123768,2904,7449760,22132800,1448872,9494,9494,0,0,0,0,0,0,0,0,0.068,0.070,0.000,0,0,0,9494,9494,0,0
travel,44.478,1067.2,883.138,883.138,fly,1.047,ok,2601,0,0,192.00,460058624,611352576,114090264,95883264,18123768,2904,7449760,22132800,1448872,9494,9494,0,0,0,0,0,0,0,0,0.078,0.114,0.000,0,0,0,9494,9494,0,0
travel,44.508,1067.9,883.650,883.650,fly,0.870,ok,2601,0,0,192.00,460058624,611352576,114090264,95883264,18123768,2904,7449760,22132800,1448872,9494,9494,0,0,0,0,0,0,0,0,0.067,0.072,0.000,0,0,0,9494,9494,0,0
travel,44.539,1068.7,884.172,884.172,fly,0.872,ok,2601,0,0,192.00,460058624,611352576,114090264,95883264,18123768,2904,7449760,22132800,1448872,9494,9494,0,0,0,0,0,0,0,0,0.067,0.068,0.000,0,0,0,9494,9494,0,0
travel,44.569,1069.4,884.690,884.690,fly,0.925,ok,2601,0,0,192.00,460058624,611352576,114090264,95883264,18123768,2904,7449760,22132800,1448872,9494,9494,0,0,0,0,0,0,0,0,0.070,0.074,0.000,0,0,0,9494,9494,0,0
travel,44.600,1070.2,885.213,885.213,fly,1.016,ok,2601,0,0,192.00,460058624,611352576,114090264,95883264,18123768,2904,7449760,22132800,1448872,9494,9494,0,0,0,0,0,0,0,0,0.078,0.120,0.000,0,0,0,9494,9494,0,0
travel,44.631,1070.9,885.742,885.742,fly,0.860,ok,2601,0,0,192.00,460058624,611352576,114090264,95883264,18123768,2904,7449760,22132800,1448872,9494,9494,0,0,0,0,0,0,0,0,0.066,0.066,0.000,0,0,0,9494,9494,0,0
travel,44.662,1071.6,886.258,886.258,fly,0.865,ok,2601,0,0,192.00,460058624,611352576,114090264,95883264,18123768,2904,7449760,22132800,1448872,9494,9494,0,0,0,0,0,0,0,0,0.067,0.070,0.000,0,0,0,9494,9494,0,0
travel,44.693,1072.4,886.786,886.786,fly,0.935,ok,2601,0,0,192.00,460058624,611352576,114090264,95883264,18123768,2904,7449760,22132800,1448872,9494,9494,0,0,0,0,0,0,0,0,0.066,0.084,0.000,0,0,0,9494,9494,0,0
travel,44.724,1073.1,887.315,887.315,fly,0.866,ok,2601,0,0,192.00,460058624,611352576,114090264,95883264,18123768,2904,7449760,22132800,1448872,9494,9494,0,0,0,0,0,0,0,0,0.064,0.066,0.000,0,0,0,9494,9494,0,0
travel,44.754,1073.9,887.829,887.829,fly,1.066,ok,2601,0,0,192.00,460058624,611352576,114090264,95883264,18123768,2904,7449760,22132800,1448872,9494,9494,0,0,0,0,0,0,0,0,0.075,0.126,0.000,0,0,0,9494,9494,0,0
travel,44.796,1074.9,888.546,888.546,fly,1.127,ok,2601,0,43,192.00,460058624,611352576,114090264,95883264,18123768,2904,11174640,19889136,1495870,9595,9595,0,0,6,0,0,0,0,0,0.077,0.117,0.000,0,0,0,9595,9595,0,0
travel,44.828,1075.6,889.090,889.090,fly,0.865,ok,2601,0,0,192.00,460058624,611352576,114090264,95883264,18123768,2904,11174640,22132800,1503184,9595,9595,0,0,0,0,0,0,0,0,0.066,0.068,0.000,0,0,0,9595,9595,0,0
travel,44.859,1076.4,889.613,889.613,fly,0.868,ok,2601,0,0,192.00,460058624,611352576,114090264,95883264,18123768,2904,11174640,22132800,1503184,9595,9595,0,0,0,0,0,0,0,0,0.066,0.066,0.000,0,0,0,9595,9595,0,0
travel,44.889,1077.1,890.130,890.130,fly,0.860,ok,2601,0,0,192.00,460058624,611352576,114090264,95883264,18123768,2904,11174640,22132800,1503184,9595,9595,0,0,0,0,0,0,0,0,0.068,0.068,0.000,0,0,0,9595,9595,0,0
travel,44.919,1077.8,890.641,890.641,fly,0.943,ok,2601,0,0,192.00,460058624,611352576,114090264,95883264,18123768,2904,7449760,22132800,1503184,9595,9595,0,0,0,0,0,0,0,0,0.068,0.139,0.000,0,0,0,9595,9595,0,0
travel,44.950,1078.6,891.168,891.168,fly,0.873,ok,2601,0,0,192.00,460058624,611352576,114090264,95883264,18123768,2904,7449760,22132800,1503184,9595,9595,0,0,0,0,0,0,0,0,0.069,0.070,0.000,0,0,0,9595,9595,0,0
travel,44.981,1079.3,891.685,891.685,fly,0.863,ok,2601,0,0,192.00,460058624,611352576,114090264,95883264,18123768,2904,7449760,22132800,1503184,9595,9595,0,0,0,0,0,0,0,0,0.066,0.071,0.000,0,0,0,9595,9595,0,0
travel,45.011,1080.0,892.203,892.203,fly,0.863,ok,2601,0,0,192.00,460058624,611352576,114090264,95883264,18123768,2904,7449760,22132800,1503184,9595,9595,0,0,0,0,0,0,0,0,0.067,0.070,0.000,0,0,0,9595,9595,0,0
travel,45.042,1080.8,892.725,892.725,fly,1.019,ok,2601,0,0,192.00,460058624,611352576,114090264,95883264,18123768,2904,7449760,22132800,1503184,9595,9595,0,0,0,0,0,0,0,0,0.075,0.111,0.000,0,0,0,9595,9595,0,0
travel,45.073,1081.5,893.246,893.246,fly,0.873,ok,2601,0,0,192.00,460058624,611352576,114090264,95883264,18123768,2904,7449760,22132800,1503184,9595,9595,0,0,0,0,0,0,0,0,0.067,0.070,0.000,0,0,0,9595,9595,0,0
travel,45.105,1082.3,893.797,893.797,fly,0.870,ok,2601,0,0,192.00,460058624,611352576,114090264,95883264,18123768,2904,7449760,22132800,1503184,9595,9595,0,0,0,0,0,0,0,0,0.067,0.071,0.000,0,0,0,9595,9595,0,0
travel,45.136,1083.0,894.324,894.324,fly,0.892,ok,2601,0,0,192.00,460058624,611352576,114090264,95883264,18123768,2904,7449760,22132800,1503184,9595,9595,0,0,0,0,0,0,0,0,0.067,0.074,0.000,0,0,0,9595,9595,0,0
travel,45.168,1083.8,894.866,894.866,fly,0.865,ok,2601,0,0,192.00,460058624,611352576,114090264,95883264,18123768,2904,7449760,22132800,1503184,9595,9595,0,0,0,0,0,0,0,0,0.065,0.071,0.000,0,0,0,9595,9595,0,0
travel,45.198,1084.5,895.383,895.383,fly,0.942,ok,2601,0,0,192.00,460058624,611352576,114090264,95883264,18123768,2904,7449760,22132800,1503184,9595,9595,0,0,0,0,0,0,0,0,0.067,0.088,0.000,0,0,0,9595,9595,0,0
travel,45.229,1085.3,895.900,895.900,fly,0.900,ok,2601,0,0,192.00,460058624,611352576,114090264,95883264,18123768,2904,7449760,22132800,1503184,9595,9595,0,0,0,0,0,0,0,0,0.066,0.075,0.000,0,0,0,9595,9595,0,0
travel,45.273,1086.3,896.654,896.654,fly,1.148,ok,2601,0,26,192.00,460062720,611352576,114090264,95883264,18123768,2904,11174640,20776128,1300109,9696,9696,0,0,7,0,0,0,0,0,0.070,0.082,0.000,0,0,0,9696,9696,0,0
travel,45.305,1087.1,897.185,897.185,fly,0.876,ok,2601,0,0,192.00,460062720,611352576,114090264,95883264,18123768,2904,11174640,22132800,1305001,9696,9696,0,0,0,0,0,0,0,0,0.067,0.071,0.000,0,0,0,9696,9696,0,0
travel,45.336,1087.8,897.714,897.714,fly,0.866,ok,2601,0,0,192.00,460062720,611352576,114090264,95883264,18123768,2904,11174640,22132800,1305001,9696,9696,0,0,0,0,0,0,0,0,0.067,0.067,0.000,0,0,0,9696,9696,0,0
travel,45.367,1088.6,898.247,898.247,fly,0.904,ok,2601,0,0,192.00,460062720,611352576,114090264,95883264,18123768,2904,11174640,22132800,1305001,9696,9696,0,0,0,0,0,0,0,0,0.071,0.075,0.000,0,0,0,9696,9696,0,0
travel,45.398,1089.3,898.772,898.772,fly,1.321,ok,2601,0,0,192.00,460062720,611352576,114090264,95883264,18123768,2904,7449760,22132800,1305001,9696,9696,0,0,0,0,0,0,0,0,0.301,0.133,0.000,0,0,0,9696,9696,0,0
travel,45.428,1090.1,899.292,899.292,fly,0.909,ok,2601,0,0,192.00,460062720,611352576,114090264,95883264,18123768,2904,7449760,22132800,1305001,9696,9696,0,0,0,0,0,0,0,0,0.070,0.083,0.000,0,0,0,9696,9696,0,0
travel,45.459,1090.8,899.804,899.804,fly,0.867,ok,2601,0,0,192.00,460062720,611352576,114090264,95883264,18123768,2904,7449760,22132800,1305001,9696,9696,0,0,0,0,0,0,0,0,0.067,0.069,0.000,0,0,0,9696,9696,0,0
travel,45.489,1091.5,900.317,900.317,fly,0.887,ok,2601,0,0,192.00,460062720,611352576,114090264,95883264,18123768,2904,7449760,22132800,1305001,9696,9696,0,0,0,0,0,0,0,0,0.068,0.074,0.000,0,0,0,9696,9696,0,0
travel,45.519,1092.3,900.839,900.839,fly,0.874,ok,2601,0,0,192.00,460062720,611352576,114090264,95883264,18123768,2904,7449760,22132800,1305001,9696,9696,0,0,0,0,0,0,0,0,0.068,0.072,0.000,0,0,0,9696,9696,0,0
travel,45.550,1093.0,901.364,901.364,fly,1.128,ok,2601,0,0,192.00,460062720,611352576,114090264,95883264,18123768,2904,7449760,22132800,1305001,9696,9696,0,0,0,0,0,0,0,0,0.067,0.135,0.000,0,0,0,9696,9696,0,0
travel,45.581,1093.7,901.884,901.884,fly,1.166,ok,2601,0,0,192.00,460062720,611352576,114090264,95883264,18123768,2904,7449760,22132800,1305001,9696,9696,0,0,0,0,0,0,0,0,0.279,0.085,0.000,0,0,0,9696,9696,0,0
travel,45.612,1094.5,902.411,902.411,fly,0.862,ok,2601,0,0,192.00,460062720,611352576,114090264,95883264,18123768,2904,7449760,22132800,1305001,9696,9696,0,0,0,0,0,0,0,0,0.065,0.069,0.000,0,0,0,9696,9696,0,0
travel,45.643,1095.2,902.935,902.935,fly,0.865,ok,2601,0,0,192.00,460062720,611352576,114090264,95883264,18123768,2904,7449760,22132800,1305001,9696,9696,0,0,0,0,0,0,0,0,0.065,0.067,0.000,0,0,0,9696,9696,0,0
travel,45.673,1095.9,903.446,903.446,fly,0.951,ok,2601,0,0,192.00,460062720,611352576,114090264,95883264,18123768,2904,7449760,22132800,1305001,9696,9696,0,0,0,0,0,0,0,0,0.138,0.067,0.000,0,0,0,9696,9696,0,0
travel,45.703,1096.7,903.964,903.964,fly,1.009,ok,2601,0,0,192.00,460062720,611352576,114090264,95883264,18123768,2904,7449760,22132800,1305001,9696,9696,0,0,0,0,0,0,0,0,0.076,0.109,0.000,0,0,0,9696,9696,0,0
travel,45.750,1097.8,904.753,904.753,fly,1.034,ok,2601,0,0,192.00,460107776,611352576,114090264,95883264,18123768,2904,11174640,22132800,1360225,9797,9797,0,0,0,0,0,0,0,0,0.071,0.088,0.000,0,0,0,9797,9797,0,0
travel,45.781,1098.5,905.281,905.281,fly,1.325,ok,2601,0,0,192.00,460107776,611352576,114090264,95883264,18123768,2904,11174640,22132800,1360225,9797,9797,0,0,0,0,0,0,0,0,0.097,0.136,0.000,0,0,0,9797,9797,0,0
travel,45.812,1099.3,905.811,905.811,fly,0.998,ok,2601,0,0,192.00,460107776,611352576,114090264,95883264,18123768,2904,11174640,22132800,1360225,9797,9797,0,0,0,0,0,0,0,0,0.068,0.085,0.000,0,0,0,9797,9797,0,0
travel,45.843,1100.0,906.332,906.332,fly,0.869,ok,2601,0,0,192.00,460107776,611352576,114090264,95883264,18123768,2904,7449760,22132800,1360225,9797,9797,0,0,0,0,0,0,0,0,0.066,0.071,0.000,0,0,0,9797,9797,0,0
travel,45.873,1100.8,906.855,906.855,fly,0.872,ok,2601,0,0,192.00,460107776,611352576,114090264,95883264,18123768,2904,7449760,22132800,1360225,9797,9797,0,0,0,0,0,0,0,0,0.069,0.069,0.000,0,0,0,9797,9797,0,0
travel,45.904,1101.5,907.381,907.381,fly,1.019,ok,2601,0,0,192.00,460107776,611352576,114090264,95883264,18123768,2904,7449760,22132800,1360225,9797,9797,0,0,0,0,0,0,0,0,0.075,0.112,0.000,0,0,0,9797,9797,0,0
travel,45.935,1102.3,907.909,907.909,fly,0.858,ok,2601,0,0,192.00,460107776,611352576,114090264,95883264,18123768,2904,7449760,22132800,1360225,9797,9797,0,0,0,0,0,0,0,0,0.067,0.069,0.000,0,0,0,9797,9797,0,0
travel,45.966,1103.0,908.428,908.428,fly,0.862,ok,2601,0,0,192.00,460107776,611352576,114090264,95883264,18123768,2904,7449760,22132800,1360225,9797,9797,0,0,0,0,0,0,0,0,0.067,0.069,0.000,0,0,0,9797,9797,0,0
travel,45.997,1103.7,908.946,908.946,fly,0.908,ok,2601,0,0,192.00,460107776,611352576,114090264,95883264,18123768,2904,7449760,22132800,1360225,9797,9797,0,0,0,0,0,0,0,0,0.069,0.076,0.000,0,0,0,9797,9797,0,0
travel,46.028,1104.5,909.479,909.479,fly,0.911,ok,2601,0,0,192.00,460107776,611352576,114090264,95883264,18123768,2904,7449760,22132800,1360225,9797,9797,0,0,0,0,0,0,0,0,0.070,0.078,0.000,0,0,0,9797,9797,0,0
travel,46.059,1105.2,910.013,910.013,fly,0.924,ok,2601,0,0,192.00,460107776,611352576,114090264,95883264,18123768,2904,7449760,22132800,1360225,9797,9797,0,0,0,0,0,0,0,0,0.069,0.072,0.000,0,0,0,9797,9797,0,0
travel,46.090,1106.0,910.536,910.536,fly,0.868,ok,2601,0,0,192.00,460107776,611352576,114090264,95883264,18123768,2904,7449760,22132800,1360225,9797,9797,0,0,0,0,0,0,0,0,0.067,0.069,0.000,0,0,0,9797,9797,0,0
travel,46.120,1106.7,911.050,911.050,fly,0.894,ok,2601,0,0,192.00,460107776,611352576,114090264,95883264,18123768,2904,7449760,22132800,1360225,9797,9797,0,0,0,0,0,0,0,0,0.067,0.076,0.000,0,0,0,9797,9797,0,0
travel,46.151,1107.4,911.576,911.576,fly,0.857,ok,2601,0,0,192.00,460107776,611352576,114090264,95883264,18123768,2904,7449760,22132800,1360225,9797,9797,0,0,0,0,0,0,0,0,0.067,0.066,0.000,0,0,0,9797,9797,0,0
travel,46.194,1108.5,912.300,912.300,fly,1.179,ok,2601,0,123,192.00,460107776,611352576,114090264,95883264,18123768,2904,11174640,15715056,1388453,9898,9898,0,0,8,0,0,0,0,0,0.072,0.087,0.000,0,0,0,9898,9898,0,0
travel,46.227,1109.3,912.870,912.870,fly,0.875,ok,2601,0,0,192.00,460128256,611352576,114090264,95883264,18123768,2904,11174640,22132800,1413525,9898,9898,0,0,0,0,0,0,0,0,0.070,0.070,0.000,0,0,0,9898,9898,0,0
travel,46.258,1110.0,913.393,913.393,fly,0.866,ok,2601,0,0,192.00,460128256,611352576,114090264,95883264,18123768,2904,11174640,22132800,1413525,9898,9898,0,0,0,0,0,0,0,0,0.068,0.066,0.000,0,0,0,9898,9898,0,0
travel,46.289,1110.7,913.909,913.909,fly,0.870,ok,2601,0,0,192.00,460128256,611352576,114090264,95883264,18123768,2904,11174640,22132800,1413525,9898,9898,0,0,0,0,0,0,0,0,0.068,0.068,0.000,0,0,0,9898,9898,0,0
travel,46.319,1111.5,914.423,914.423,fly,0.864,ok,2601,0,0,192.00,460128256,611352576,114090264,95883264,18123768,2904,7449760,22132800,1413525,9898,9898,0,0,0,0,0,0,0,0,0.069,0.069,0.000,0,0,0,9898,9898,0,0
travel,46.349,1112.2,914.939,914.939,fly,0.904,ok,2601,0,0,192.00,460128256,611352576,114090264,95883264,18123768,2904,7449760,22132800,1413525,9898,9898,0,0,0,0,0,0,0,0,0.070,0.080,0.000,0,0,0,9898,9898,0,0
travel,46.380,1112.9,915.457,915.457,fly,0.865,ok,2601,0,0,192.00,460128256,611352576,114090264,95883264,18123768,2904,7449760,22132800,1413525,9898,9898,0,0,0,0,0,0,0,0,0.070,0.069,0.000,0,0,0,9898,9898,0,0
travel,46.410,1113.7,915.975,915.975,fly,0.975,ok,2601,0,0,192.00,460128256,611352576,114090264,95883264,18123768,2904,7449760,22132800,1413525,9898,9898,0,0,0,0,0,0,0,0,0.072,0.089,0.000,0,0,0,9898,9898,0,0
travel,46.441,1114.4,916.505,916.505,fly,0.861,ok,2601,0,0,192.00,460128256,611352576,114090264,95883264,18123768,2904,7449760,22132800,1413525,9898,9898,0,0,0,0,0,0,0,0,0.067,0.066,0.000,0,0,0,9898,9898,0,0
travel,46.472,1115.1,917.029,917.029,fly,0.876,ok,2601,0,0,192.00,460128256,611352576,114090264,95883264,18123768,2904,7449760,22132800,1413525,9898,9898,0,0,0,0,0,0,0,0,0.069,0.069,0.000,0,0,0,9898,9898,0,0
travel,46.503,1115.9,917.550,917.550,fly,0.945,ok,2601,0,0,192.00,460128256,611352576,114090264,95883264,18123768,2904,7449760,22132800,1413525,9898,9898,0,0,0,0,0,0,0,0,0.143,0.072,0.000,0,0,0,9898,9898,0,0
travel,46.533,1116.6,918.065,918.065,fly,0.865,ok,2601,0,0,192.00,460128256,611352576,114090264,95883264,18123768,2904,7449760,22132800,1413525,9898,9898,0,0,0,0,0,0,0,0,0.070,0.069,0.000,0,0,0,9898,9898,0,0
travel,46.564,1117.3,918.582,918.582,fly,1.206,ok,2601,0,0,192.00,460128256,611352576,114090264,95883264,18123768,2904,7449760,22132800,1413525,9898,9898,0,0,0,0,0,0,0,0,0.081,0.116,0.000,0,0,0,9898,9898,0,0
travel,46.594,1118.1,919.105,919.105,fly,0.899,ok,2601,0,0,192.00,460128256,611352576,114090264,95883264,18123768,2904,7449760,22132800,1413525,9898,9898,0,0,0,0,0,0,0,0,0.065,0.093,0.000,0,0,0,9898,9898,0,0
travel,46.625,1118.8,919.623,919.623,fly,0.893,ok,2601,0,0,192.00,460128256,611352576,114090264,95883264,18123768,2904,7449760,22132800,1413525,9898,9898,0,0,0,0,0,0,0,0,0.068,0.074,0.000,0,0,0,9898,9898,0,0
travel,46.664,1119.8,920.294,920.294,fly,0.970,ok,2601,0,134,192.00,460128256,611352576,114090264,95883264,18123768,2904,11174640,15141120,1438498,9999,9999,0,0,4,0,0,0,0,0,0.071,0.107,0.000,0,0,0,9999,9999,0,0
travel,46.698,1120.6,920.867,920.867,fly,0.872,ok,2601,0,0,192.00,460128256,611352576,114090264,95883264,18123768,2904,11174640,22132800,1466397,9999,9999,0,0,0,0,0,0,0,0,0.071,0.070,0.000,0,0,0,9999,9999,0,0
travel,46.729,1121.3,921.396,921.396,fly,0.866,ok,2601,0,0,192.00,460128256,611352576,114090264,95883264,18123768,2904,11174640,22132800,1466397,9999,9999,0,0,0,0,0,0,0,0,0.070,0.068,0.000,0,0,0,9999,9999,0,0
travel,46.760,1122.1,921.918,921.918,fly,1.212,ok,2601,0,0,192.00,460128256,611352576,114090264,95883264,18123768,2904,11174640,22132800,1466397,9999,9999,0,0,0,0,0,0,0,0,0.089,0.212,0.000,0,0,0,9999,9999,0,0
travel,46.791,1122.8,922.440,922.440,fly,0.865,ok,2601,0,0,192.00,460128256,611352576,114090264,95883264,18123768,2904,7449760,22132800,1466397,9999,9999,0,0,0,0,0,0,0,0,0.067,0.067,0.000,0,0,0,9999,9999,0,0
travel,46.821,1123.5,922.955,922.955,fly,0.882,ok,2601,0,0,192.00,460128256,611352576,114090264,95883264,18123768,2904,7449760,22132800,1466397,9999,9999,0,0,0,0,0,0,0,0,0.068,0.070,0.000,0,0,0,9999,9999,0,0
travel,46.851,1124.3,923.475,923.475,fly,0.972,ok,2601,0,0,192.00,460128256,611352576,114090264,95883264,18123768,2904,7449760,22132800,1466397,9999,9999,0,0,0,0,0,0,0,0,0.072,0.088,0.000,0,0,0,9999,9999,0,0
travel,46.882,1125.0,923.991,923.991,fly,0.857,ok,2601,0,0,192.00,460128256,611352576,114090264,95883264,18123768,2904,7449760,22132800,1466397,9999,9999,0,0,0,0,0,0,0,0,0.066,0.066,0.000,0,0,0,9999,9999,0,0
travel,46.912,1125.7,924.510,924.510,fly,1.071,ok,2601,0,0,192.00,460128256,611352576,114090264,95883264,18123768,2904,7449760,22132800,1466397,9999,9999,0,0,0,0,0,0,0,0,0.075,0.106,0.000,0,0,0,9999,9999,0,0
travel,46.943,1126.5,925.039,925.039,fly,0.927,ok,2601,0,0,192.00,460128256,611352576,114090264,95883264,18123768,2904,7449760,22132800,1466397,9999,9999,0,0,0,0,0,0,0,0,0.068,0.074,0.000,0,0,0,9999,9999,0,0
travel,46.974,1127.2,925.556,925.556,fly,0.870,ok,2601,0,0,192.00,460128256,611352576,114090264,95883264,18123768,2904,7449760,22132800,1466397,9999,9999,0,0,0,0,0,0,0,0,0.068,0.068,0.000,0,0,0,9999,9999,0,0
travel,47.004,1127.9,926.074,926.074,fly,0.899,ok,2601,0,0,192.00,460128256,611352576,114090264,95883264,18123768,2904,7449760,22132800,1466397,9999,9999,0,0,0,0,0,0,0,0,0.069,0.076,0.000,0,0,0,9999,9999,0,0
travel,47.034,1128.7,926.586,926.586,fly,0.869,ok,2601,0,0,192.00,460128256,611352576,114090264,95883264,18123768,2904,7449760,22132800,1466397,9999,9999,0,0,0,0,0,0,0,0,0.068,0.074,0.000,0,0,0,9999,9999,0,0
travel,47.065,1129.4,927.103,927.103,fly,0.865,ok,2601,0,0,192.00,460128256,611352576,114090264,95883264,18123768,2904,7449760,22132800,1466397,9999,9999,0,0,0,0,0,0,0,0,0.072,0.070,0.000,0,0,0,9999,9999,0,0
travel,47.095,1130.1,927.623,927.623,fly,0.901,ok,2601,0,0,192.00,460128256,611352576,114090264,95883264,18123768,2904,7449760,22132800,1466397,9999,9999,0,0,0,0,0,0,0,0,0.067,0.078,0.000,0,0,0,9999,9999,0,0
travel,47.140,1131.2,928.382,928.382,fly,1.325,ok,2601,0,115,192.00,460128256,611352576,114090264,95883264,18123768,2904,11174640,16184640,1274780,10100,10100,0,0,8,0,0,0,0,0,0.224,0.089,0.000,0,0,0,10100,10100,0,0
travel,47.173,1132.0,928.938,928.938,fly,0.899,ok,2601,0,0,192.00,460128256,611352576,114090264,95883264,18123768,2904,11174640,22132800,1298382,10100,10100,0,0,0,0,0,0,0,0,0.070,0.076,0.000,0,0,0,10100,10100,0,0
travel,47.204,1132.7,929.461,929.461,fly,1.151,ok,2601,0,0,192.00,460128256,611352576,114090264,95883264,18123768,2904,11174640,22132800,1298382,10100,10100,0,0,0,0,0,0,0,0,0.082,0.112,0.000,0,0,0,10100,10100,0,0
travel,47.234,1133.5,929.984,929.984,fly,0.870,ok,2601,0,0,192.00,460128256,611352576,114090264,95883264,18123768,2904,11174640,22132800,1298382,10100,10100,0,0,0,0,0,0,0,0,0.072,0.067,0.000,0,0,0,10100,10100,0,0
travel,47.265,1134.2,930.513,930.513,fly,1.012,ok,2601,0,0,192.00,460128256,611352576,114090264,95883264,18123768,2904,7449760,22132800,1298382,10100,10100,0,0,0,0,0,0,0,0,0.197,0.076,0.000,0,0,0,10100,10100,0,0
travel,47.297,1135.0,931.049,931.049,fly,0.868,ok,2601,0,0,192.00,460128256,611352576,114090264,95883264,18123768,2904,7449760,22132800,1298382,10100,10100,0,0,0,0,0,0,0,0,0.069,0.070,0.000,0,0,0,10100,10100,0,0
travel,47.328,1135.7,931.570,931.570,fly,0.874,ok,2601,0,0,192.00,460128256,611352576,114090264,95883264,18123768,2904,7449760,22132800,1298382,10100,10100,0,0,0,0,0,0,0,0,0.069,0.069,0.000,0,0,0,10100,10100,0,0
travel,47.358,1136.4,932.086,932.086,fly,1.338,ok,2601,0,0,192.00,460128256,611352576,114090264,95883264,18123768,2904,7449760,22132800,1298382,10100,10100,0,0,0,0,0,0,0,0,0.088,0.160,0.000,0,0,0,10100,10100,0,0
travel,47.389,1137.2,932.614,932.614,fly,0.866,ok,2601,0,0,192.00,460128256,611352576,114090264,95883264,18123768,2904,7449760,22132800,1298382,10100,10100,0,0,0,0,0,0,0,0,0.068,0.067,0.000,0,0,0,10100,10100,0,0
travel,47.420,1137.9,933.131,933.131,fly,0.877,ok,2601,0,0,192.00,460128256,611352576,114090264,95883264,18123768,2904,7449760,22132800,1298382,10100,10100,0,0,0,0,0,0,0,0,0.070,0.074,0.000,0,0,0,10100,10100,0,0
travel,47.450,1138.6,933.647,933.647,fly,1.011,ok,2601,0,0,192.00,460128256,611352576,114090264,95883264,18123768,2904,7449760,22132800,1298382,10100,10100,0,0,0,0,0,0,0,0,0.078,0.111,0.000,0,0,0,10100,10100,0,0
travel,47.481,1139.4,934.167,934.167,fly,0.894,ok,2601,0,0,192.00,460128256,611352576,114090264,95883264,18123768,2904,7449760,22132800,1298382,10100,10100,0,0,0,0,0,0,0,0,0.068,0.074,0.000,0,0,0,10100,10100,0,0
travel,47.511,1140.1,934.690,934.690,fly,0.861,ok,2601,0,0,192.00,460128256,611352576,114090264,95883264,18123768,2904,7449760,22132800,1298382,10100,10100,0,0,0,0,0,0,0,0,0.069,0.066,0.000,0,0,0,10100,10100,0,0
travel,47.542,1140.9,935.213,935.213,fly,0.878,ok,2601,0,0,192.00,460128256,611352576,114090264,95883264,18123768,2904,7449760,22132800,1298382,10100,10100,0,0,0,0,0,0,0,0,0.070,0.072,0.000,0,0,0,10100,10100,0,0
travel,47.572,1141.6,935.731,935.731,fly,0.858,ok,2601,0,0,192.00,460128256,611352576,114090264,95883264,18123768,2904,7449760,22132800,1298382,10100,10100,0,0,0,0,0,0,0,0,0.065,0.069,0.000,0,0,0,10100,10100,0,0
travel,47.615,1142.6,936.448,936.448,fly,0.934,ok,2601,0,78,192.00,460177408,611352576,114090264,95883264,18123768,2904,11174640,18062976,1338191,10201,10201,0,0,5,0,0,0,0,0,0.071,0.088,0.000,0,0,0,10201,10201,0,0
travel,47.648,1143.4,937.008,937.008,fly,1.066,ok,2601,0,0,192.00,460177408,611352576,114090264,95883264,18123768,2904,11174640,22132800,1355198,10201,10201,0,0,0,0,0,0,0,0,0.079,0.114,0.000,0,0,0,10201,10201,0,0
travel,47.678,1144.1,937.525,937.525,fly,0.856,ok,2601,0,0,192.00,460177408,611352576,114090264,95883264,18123768,2904,11174640,22132800,1355198,10201,10201,0,0,0,0,0,0,0,0,0.069,0.066,0.000,0,0,0,10201,10201,0,0
travel,47.708,1144.9,938.038,938.038,fly,0.871,ok,2601,0,0,192.00,460177408,611352576,114090264,95883264,18123768,2904,11174640,22132800,1355198,10201,10201,0,0,0,0,0,0,0,0,0.072,0.070,0.000,0,0,0,10201,10201,0,0
travel,47.739,1145.6,938.560,938.560,fly,0.871,ok,2601,0,0,192.00,460177408,611352576,114090264,95883264,18123768,2904,7449760,22132800,1355198,10201,10201,0,0,0,0,0,0,0,0,0.070,0.070,0.000,0,0,0,10201,10201,0,0
travel,47.769,1146.3,939.072,939.072,fly,0.873,ok,2601,0,0,192.00,460177408,611352576,114090264,95883264,18123768,2904,7449760,22132800,1355198,10201,10201,0,0,0,0,0,0,0,0,0.069,0.070,0.000,0,0,0,10201,10201,0,0
travel,47.800,1147.1,939.590,939.590,fly,0.881,ok,2601,0,0,192.00,460177408,611352576,114090264,95883264,18123768,2904,7449760,22132800,1355198,10201,10201,0,0,0,0,0,0,0,0,0.070,0.071,0.000,0,0,0,10201,10201,0,0
travel,47.830,1147.8,940.106,940.106,fly,0.882,ok,2601,0,0,192.00,460177408,611352576,114090264,95883264,18123768,2904,7449760,22132800,1355198,10201,10201,0,0,0,0,0,0,0,0,0.079,0.072,0.000,0,0,0,10201,10201,0,0
travel,47.860,1148.5,940.619,940.619,fly,0.875,ok,2601,0,0,192.00,460177408,611352576,114090264,95883264,18123768,2904,7449760,22132800,1355198,10201,10201,0,0,0,0,0,0,0,0,0.069,0.078,0.000,0,0,0,10201,10201,0,0
travel,47.891,1149.3,941.149,941.149,fly,1.034,ok,2601,0,0,192.00,460177408,611352576,114090264,95883264,18123768,2904,7449760,22132800,1355198,10201,10201,0,0,0,0,0,0,0,0,0.077,0.109,0.000,0,0,0,10201,10201,0,0
travel,47.922,1150.0,941.663,941.663,fly,0.880,ok,2601,0,0,192.00,460177408,611352576,114090264,95883264,18123768,2904,7449760,22132800,1355198,10201,10201,0,0,0,0,0,0,0,0,0.069,0.073,0.000,0,0,0,10201,10201,0,0
travel,47.952,1150.7,942.185,942.185,fly,0.855,ok,2601,0,0,192.00,460177408,611352576,114090264,95883264,18123768,2904,7449760,22132800,1355198,10201,10201,0,0,0,0,0,0,0,0,0.068,0.064,0.000,0,0,0,10201,10201,0,0
travel,47.983,1151.5,942.711,942.711,fly,0.867,ok,2601,0,0,192.00,460177408,611352576,114090264,95883264,18123768,2904,7449760,22132800,1355198,10201,10201,0,0,0,0,0,0,0,0,0.068,0.073,0.000,0,0,0,10201,10201,0,0
travel,48.014,1152.2,943.234,943.234,fly,0.880,ok,2601,0,0,192.00,460177408,611352576,114090264,95883264,18123768,2904,7449760,22132800,1355198,10201,10201,0,0,0,0,0,0,0,0,0.068,0.071,0.000,0,0,0,10201,10201,0,0
travel,48.045,1152.9,943.753,943.753,fly,1.022,ok,2601,0,0,192.00,460177408,611352576,114090264,95883264,18123768,2904,7449760,22132800,1355198,10201,10201,0,0,0,0,0,0,0,0,0.071,0.099,0.000,0,0,0,10201,10201,0,0
travel,48.090,1154.0,944.523,944.523,fly,1.157,ok,2601,0,40,192.00,460177408,611352576,114090264,95883264,18123768,2904,11174640,20045664,1403226,10302,10302,0,0,9,0,0,0,0,0,0.071,0.087,0.000,0,0,0,10302,10302,0,0
travel,48.121,1154.8,945.057,945.057,fly,0.860,ok,2601,0,0,192.00,460177408,611352576,114090264,95883264,18123768,2904,11174640,22132800,1411114,10302,10302,0,0,0,0,0,0,0,0,0.069,0.066,0.000,0,0,0,10302,10302,0,0
travel,48.151,1155.5,945.570,945.570,fly,1.020,ok,2601,0,0,192.00,460177408,611352576,114090264,95883264,18123768,2904,11174640,22132800,1411114,10302,10302,0,0,0,0,0,0,0,0,0.078,0.116,0.000,0,0,0,10302,10302,0,0
travel,48.182,1156.3,946.096,946.096,fly,0.936,ok,2601,0,0,192.00,460177408,611352576,114090264,95883264,18123768,2904,11174640,22132800,1411114,10302,10302,0,0,0,0,0,0,0,0,0.075,0.123,0.000,0,0,0,10302,10302,0,0
travel,48.213,1157.0,946.622,946.622,fly,0.862,ok,2601,0,0,192.00,460177408,611352576,114090264,95883264,18123768,2904,7449760,22132800,1411114,10302,10302,0,0,0,0,0,0,0,0,0.067,0.069,0.000,0,0,0,10302,10302,0,0
travel,48.244,1157.7,947.143,947.143,fly,0.923,ok,2601,0,0,192.00,460177408,611352576,114090264,95883264,18123768,2904,7449760,22132800,1411114,10302,10302,0,0,0,0,0,0,0,0,0.068,0.088,0.000,0,0,0,10302,10302,0,0
travel,48.274,1158.5,947.657,947.657,fly,0.871,ok,2601,0,0,192.00,460177408,611352576,114090264,95883264,18123768,2904,7449760,22132800,1411114,10302,10302,0,0,0,0,0,0,0,0,0.068,0.068,0.000,0,0,0,10302,10302,0,0
travel,48.305,1159.2,948.177,948.177,fly,0.892,ok,2601,0,0,192.00,460177408,611352576,114090264,95883264,18123768,2904,7449760,22132800,1411114,10302,10302,0,0,0,0,0,0,0,0,0.067,0.074,0.000,0,0,0,10302,10302,0,0
travel,48.336,1159.9,948.706,948.706,fly,1.240,ok,2601,0,0,192.00,460177408,611352576,114090264,95883264,18123768,2904,7449760,22132800,1411114,10302,10302,0,0,0,0,0,0,0,0,0.144,0.107,0.000,0,0,0,10302,10302,0,0
travel,48.366,1160.7,949.222,949.222,fly,0.872,ok,2601,0,0,192.00,460177408,611352576,114090264,95883264,18123768,2904,7449760,22132800,1411114,10302,10302,0,0,0,0,0,0,0,0,0.066,0.073,0.000,0,0,0,10302,10302,0,0
travel,48.397,1161.4,949.748,949.748,fly,1.021,ok,2601,0,0,192.00,460177408,611352576,114090264,95883264,18123768,2904,7449760,22132800,1411114,10302,10302,0,0,0,0,0,0,0,0,0.072,0.082,0.000,0,0,0,10302,10302,0,0
travel,48.429,1162.2,950.284,950.284,fly,1.149,ok,2601,0,0,192.00,460177408,611352576,114090264,95883264,18123768,2904,7449760,22132800,1411114,10302,10302,0,0,0,0,0,0,0,0,0.090,0.093,0.000,0,0,0,10302,10302,0,0
travel,48.459,1162.9,950.804,950.804,fly,0.869,ok,2601,0,0,192.00,460177408,611352576,114090264,95883264,18123768,2904,7449760,22132800,1411114,10302,10302,0,0,0,0,0,0,0,0,0.068,0.070,0.000,0,0,0,10302,10302,0,0
travel,48.490,1163.7,951.327,951.327,fly,1.087,ok,2601,0,0,192.00,460177408,611352576,114090264,95883264,18123768,2904,7449760,22132800,1411114,10302,10302,0,0,0,0,0,0,0,0,0.077,0.110,0.000,0,0,0,10302,10302,0,0
travel,48.520,1164.4,951.842,951.842,fly,0.880,ok,2601,0,0,192.00,460177408,611352576,114090264,95883264,18123768,2904,7449760,22132800,1411114,10302,10302,0,0,0,0,0,0,0,0,0.068,0.072,0.000,0,0,0,10302,10302,0,0
travel,48.564,1165.4,952.574,952.574,fly,1.168,ok,2601,0,37,192.00,460177408,611352576,114090264,95883264,18123768,2904,11174640,20202192,1460496,10403,10403,0,0,8,0,0,0,0,0,0.075,0.086,0.000,0,0,0,10403,10403,0,0
travel,48.596,1166.2,953.119,953.119,fly,1.184,ok,2601,0,0,192.00,460177408,611352576,114090264,95883264,18123768,2904,11174640,22132800,1468366,10403,10403,0,0,0,0,0,0,0,0,0.081,0.126,0.000,0,0,0,10403,10403,0,0
travel,48.627,1166.9,953.657,953.657,fly,0.944,ok,2601,0,0,192.00,460177408,611352576,114090264,95883264,18123768,2904,11174640,22132800,1468366,10403,10403,0,0,0,0,0,0,0,0,0.076,0.082,0.000,0,0,0,10403,10403,0,0
travel,48.657,1167.7,954.170,954.170,fly,0.864,ok,2601,0,0,192.00,460177408,611352576,114090264,95883264,18123768,2904,11174640,22132800,1468366,10403,10403,0,0,0,0,0,0,0,0,0.069,0.069,0.000,0,0,0,10403,10403,0,0
travel,48.688,1168.4,954.693,954.693,fly,0.861,ok,2601,0,0,192.00,460177408,611352576,114090264,95883264,18123768,2904,7449760,22132800,1468366,10403,10403,0,0,0,0,0,0,0,0,0.069,0.070,0.000,0,0,0,10403,10403,0,0
travel,48.718,1169.1,955.207,955.207,fly,0.871,ok,2601,0,0,192.00,460177408,611352576,114090264,95883264,18123768,2904,7449760,22132800,1468366,10403,10403,0,0,0,0,0,0,0,0,0.071,0.071,0.000,0,0,0,10403,10403,0,0
travel,48.749,1169.9,955.733,955.733,fly,1.095,ok,2601,0,0,192.00,460177408,611352576,114090264,95883264,18123768,2904,7449760,22132800,1468366,10403,10403,0,0,0,0,0,0,0,0,0.070,0.097,0.000,0,0,0,10403,10403,0,0
travel,48.781,1170.6,956.266,956.266,fly,0.926,ok,2601,0,0,192.00,460177408,611352576,114090264,95883264,18123768,2904,7449760,22132800,1468366,10403,10403,0,0,0,0,0,0,0,0,0.072,0.085,0.000,0,0,0,10403,10403,0,0
travel,48.811,1171.4,956.785,956.785,fly,1.014,ok,2601,0,0,192.00,460177408,611352576,114090264,95883264,18123768,2904,7449760,22132800,1468366,10403,10403,0,0,0,0,0,0,0,0,0.079,0.110,0.000,0,0,0,10403,10403,0,0
travel,48.842,1172.1,957.307,957.307,fly,1.127,ok,2601,0,0,192.00,460177408,611352576,114090264,95883264,18123768,2904,7449760,22132800,1468366,10403,10403,0,0,0,0,0,0,0,0,0.252,0.119,0.000,0,0,0,10403,10403,0,0
travel,48.872,1172.8,957.825,957.825,fly,0.867,ok,2601,0,0,192.00,460177408,611352576,114090264,95883264,18123768,2904,7449760,22132800,1468366,10403,10403,0,0,0,0,0,0,0,0,0.069,0.070,0.000,0,0,0,10403,10403,0,0
travel,48.903,1173.6,958.344,958.344,fly,0.880,ok,2601,0,0,192.00,460177408,611352576,114090264,95883264,18123768,2904,7449760,22132800,1468366,10403,10403,0,0,0,0,0,0,0,0,0.069,0.068,0.000,0,0,0,10403,10403,0,0
travel,48.934,1174.3,958.868,958.868,fly,0.942,ok,2601,0,0,192.00,460177408,611352576,114090264,95883264,18123768,2904,7449760,22132800,1468366,10403,10403,0,0,0,0,0,0,0,0,0.073,0.087,0.000,0,0,0,10403,10403,0,0
travel,48.964,1175.0,959.384,959.384,fly,0.858,ok,2601,0,0,192.00,460177408,611352576,114090264,95883264,18123768,2904,7449760,22132800,1468366,10403,10403,0,0,0,0,0,0,0,0,0.067,0.070,0.000,0,0,0,10403,10403,0,0
travel,48.995,1175.8,959.900,959.900,fly,0.898,ok,2601,0,0,192.00,460177408,611352576,114090264,95883264,18123768,2904,7449760,22132800,1468366,10403,10403,0,0,0,0,0,0,0,0,0.067,0.104,0.000,0,0,0,10403,10403,0,0
travel,49.041,1176.9,960.682,960.682,fly,1.466,ok,2601,0,8,192.00,460177408,611352576,114090264,95883264,18123768,2904,11174640,21715296,1299940,10504,10504,0,0,4,0,0,0,0,0,0.375,0.090,0.000,0,0,0,10504,10504,0,0
travel,49.072,1177.6,961.211,961.211,fly,0.872,ok,2601,0,0,192.00,460177408,611352576,114090264,95883264,18123768,2904,11174640,22132800,1300760,10504,10504,0,0,0,0,0,0,0,0,0.070,0.072,0.000,0,0,0,10504,10504,0,0
travel,49.103,1178.4,961.739,961.739,fly,1.347,ok,2601,0,0,192.00,460177408,611352576,114090264,95883264,18123768,2904,11174640,22132800,1300760,10504,10504,0,0,0,0,0,0,0,0,0.110,0.116,0.000,0,0,0,10504,10504,0,0
travel,49.134,1179.1,962.264,962.264,fly,0.871,ok,2601,0,0,192.00,460177408,611352576,114090264,95883264,18123768,2904,11174640,22132800,1300760,10504,10504,0,0,0,0,0,0,0,0,0.070,0.068,0.000,0,0,0,10504,10504,0,0
travel,49.164,1179.9,962.786,962.786,fly,0.862,ok,2601,0,0,192.00,460177408,611352576,114090264,95883264,18123768,2904,7449760,22132800,1300760,10504,10504,0,0,0,0,0,0,0,0,0.068,0.071,0.000,0,0,0,10504,10504,0,0
travel,49.195,1180.6,963.301,963.301,fly,0.915,ok,2601,0,0,192.00,460177408,611352576,114090264,95883264,18123768,2904,7449760,22132800,1300760,10504,10504,0,0,0,0,0,0,0,0,0.068,0.077,0.000,0,0,0,10504,10504,0,0
travel,49.225,1181.3,963.822,963.822,fly,0.943,ok,2601,0,0,192.00,460177408,611352576,114090264,95883264,18123768,2904,7449760,22132800,1300760,10504,10504,0,0,0,0,0,0,0,0,0.070,0.081,0.000,0,0,0,10504,10504,0,0
travel,49.256,1182.1,964.338,964.338,fly,0.855,ok,2601,0,0,192.00,460177408,611352576,114090264,95883264,18123768,2904,7449760,22132800,1300760,10504,10504,0,0,0,0,0,0,0,0,0.068,0.069,0.000,0,0,0,10504,10504,0,0
travel,49.287,1182.8,964.862,964.862,fly,0.875,ok,2601,0,0,192.00,460177408,611352576,114090264,95883264,18123768,2904,7449760,22132800,1300760,10504,10504,0,0,0,0,0,0,0,0,0.066,0.070,0.000,0,0,0,10504,10504,0,0
travel,49.317,1183.5,965.383,965.383,fly,0.868,ok,2601,0,0,192.00,460177408,611352576,114090264,95883264,18123768,2904,7449760,22132800,1300760,10504,10504,0,0,0,0,0,0,0,0,0.068,0.068,0.000,0,0,0,10504,10504,0,0
travel,49.347,1184.3,965.899,965.899,fly,0.863,ok,2601,0,0,192.00,460177408,611352576,114090264,95883264,18123768,2904,7449760,22132800,1300760,10504,10504,0,0,0,0,0,0,0,0,0.068,0.069,0.000,0,0,0,10504,10504,0,0
travel,49.378,1185.0,966.425,966.425,fly,0.902,ok,2601,0,0,192.00,460177408,611352576,114090264,95883264,18123768,2904,7449760,22132800,1300760,10504,10504,0,0,0,0,0,0,0,0,0.069,0.075,0.000,0,0,0,10504,10504,0,0
travel,49.409,1185.7,966.947,966.947,fly,0.862,ok,2601,0,0,192.00,460177408,611352576,114090264,95883264,18123768,2904,7449760,22132800,1300760,10504,10504,0,0,0,0,0,0,0,0,0.067,0.068,0.000,0,0,0,10504,10504,0,0
travel,49.440,1186.5,967.468,967.468,fly,0.896,ok,2601,0,0,192.00,460177408,611352576,114090264,95883264,18123768,2904,7449760,22132800,1300760,10504,10504,0,0,0,0,0,0,0,0,0.070,0.084,0.000,0,0,0,10504,10504,0,0
travel,49.470,1187.2,967.983,967.983,fly,0.862,ok,2601,0,0,192.00,460177408,611352576,114090264,95883264,18123768,2904,7449760,22132800,1300760,10504,10504,0,0,0,0,0,0,0,0,0.067,0.069,0.000,0,0,0,10504,10504,0,0
travel,49.515,1188.3,968.740,968.740,fly,0.888,ok,2601,0,0,192.00,460177408,611352576,114090264,95883264,18123768,2904,11174640,22132800,1354708,10605,10605,0,0,0,0,0,0,0,0,0.071,0.072,0.000,0,0,0,10605,10605,0,0
travel,49.545,1189.0,969.251,969.251,fly,0.868,ok,2601,0,0,192.00,460177408,611352576,114090264,95883264,18123768,2904,11174640,22132800,1354708,10605,10605,0,0,0,0,0,0,0,0,0.070,0.071,0.000,0,0,0,10605,10605,0,0
travel,49.576,1189.7,969.779,969.779,fly,0.866,ok,2601,0,0,192.00,460177408,611352576,114090264,95883264,18123768,2904,11174640,22132800,1354708,10605,10605,0,0,0,0,0,0,0,0,0.070,0.066,0.000,0,0,0,10605,10605,0,0
travel,49.606,1190.5,970.297,970.297,fly,0.873,ok,2601,0,0,192.00,460177408,611352576,114090264,95883264,18123768,2904,11174640,22132800,1354708,10605,10605,0,0,0,0,0,0,0,0,0.071,0.070,0.000,0,0,0,10605,10605,0,0
travel,49.638,1191.3,970.841,970.841,fly,1.357,ok,2601,0,0,192.00,460177408,611352576,114090264,95883264,18123768,2904,7449760,22132800,1354708,10605,10605,0,0,0,0,0,0,0,0,0.149,0.133,0.000,0,0,0,10605,10605,0,0
travel,49.670,1192.0,971.377,971.377,fly,0.951,ok,2601,0,0,192.00,460177408,611352576,114090264,95883264,18123768,2904,7449760,22132800,1354708,10605,10605,0,0,0,0,0,0,0,0,0.071,0.083,0.000,0,0,0,10605,10605,0,0
travel,49.701,1192.8,971.902,971.902,fly,0.894,ok,2601,0,0,192.00,460177408,611352576,114090264,95883264,18123768,2904,7449760,22132800,1354708,10605,10605,0,0,0,0,0,0,0,0,0.069,0.075,0.000,0,0,0,10605,10605,0,0
travel,49.731,1193.5,972.421,972.421,fly,0.863,ok,2601,0,0,192.00,460177408,611352576,114090264,95883264,18123768,2904,7449760,22132800,1354708,10605,10605,0,0,0,0,0,0,0,0,0.070,0.067,0.000,0,0,0,10605,10605,0,0
travel,49.762,1194.2,972.942,972.942,fly,0.866,ok,2601,0,0,192.00,460177408,611352576,114090264,95883264,18123768,2904,7449760,22132800,1354708,10605,10605,0,0,0,0,0,0,0,0,0.070,0.068,0.000,0,0,0,10605,10605,0,0
travel,49.792,1195.0,973.459,973.459,fly,0.868,ok,2601,0,0,192.00,460177408,611352576,114090264,95883264,18123768,2904,7449760,22132800,1354708,10605,10605,0,0,0,0,0,0,0,0,0.066,0.071,0.000,0,0,0,10605,10605,0,0
travel,49.823,1195.7,973.975,973.975,fly,0.935,ok,2601,0,0,192.00,460177408,611352576,114090264,95883264,18123768,2904,7449760,22132800,1354708,10605,10605,0,0,0,0,0,0,0,0,0.138,0.066,0.000,0,0,0,10605,10605,0,0
travel,49.854,1196.4,974.508,974.508,fly,1.020,ok,2601,0,0,192.00,460177408,611352576,114090264,95883264,18123768,2904,7449760,22132800,1354708,10605,10605,0,0,0,0,0,0,0,0,0.065,0.233,0.000,0,0,0,10605,10605,0,0
travel,49.885,1197.2,975.034,975.034,fly,0.874,ok,2601,0,0,192.00,460177408,611352576,114090264,95883264,18123768,2904,7449760,22132800,1354708,10605,10605,0,0,0,0,0,0,0,0,0.068,0.068,0.000,0,0,0,10605,10605,0,0
travel,49.916,1197.9,975.553,975.553,fly,0.878,ok,2601,0,0,192.00,460177408,611352576,114090264,95883264,18123768,2904,7449760,22132800,1354708,10605,10605,0,0,0,0,0,0,0,0,0.069,0.072,0.000,0,0,0,10605,10605,0,0
travel,49.960,1199.0,976.300,976.300,fly,1.567,ok,2601,0,117,192.00,460177408,611352576,114090264,95883264,18123768,2904,11174640,16028112,1384676,10706,10706,0,0,17,0,0,0,0,0,0.091,0.103,0.000,0,0,0,10706,10706,0,0
travel,49.994,1199.8,976.878,976.878,fly,0.872,ok,2601,0,0,192.00,460177408,611352576,114090264,95883264,18123768,2904,11174640,22132800,1410356,10706,10706,0,0,0,0,0,0,0,0,0.070,0.069,0.000,0,0,0,10706,10706,0,0
travel,50.024,1200.5,977.395,977.395,fly,1.043,ok,2601,0,0,192.00,460177408,611352576,114090264,95883264,18123768,2904,11174640,22132800,1410356,10706,10706,0,0,0,0,0,0,0,0,0.073,0.155,0.000,0,0,0,10706,10706,0,0
travel,50.055,1201.3,977.922,977.922,fly,1.357,ok,2601,0,0,192.00,460177408,611352576,114090264,95883264,18123768,2904,11174640,22132800,1410356,10706,10706,0,0,0,0,0,0,0,0,0.361,0.111,0.000,0,0,0,10706,10706,0,0
travel,50.086,1202.0,978.447,978.447,fly,0.868,ok,2601,0,0,192.00,460177408,611352576,114090264,95883264,18123768,2904,7449760,22132800,1410356,10706,10706,0,0,0,0,0,0,0,0,0.069,0.065,0.000,0,0,0,10706,10706,0,0
travel,50.116,1202.7,978.966,978.966,fly,0.905,ok,2601,0,0,192.00,460177408,611352576,114090264,95883264,18123768,2904,7449760,22132800,1410356,10706,10706,0,0,0,0,0,0,0,0,0.069,0.077,0.000,0,0,0,10706,10706,0,0
travel,50.148,1203.5,979.495,979.495,fly,1.097,ok,2601,0,0,192.00,460177408,611352576,114090264,95883264,18123768,2904,7449760,22132800,1410356,10706,10706,0,0,0,0,0,0,0,0,0.246,0.074,0.000,0,0,0,10706,10706,0,0
travel,50.178,1204.2,980.010,980.010,fly,0.901,ok,2601,0,0,192.00,460177408,611352576,114090264,95883264,18123768,2904,7449760,22132800,1410356,10706,10706,0,0,0,0,0,0,0,0,0.068,0.067,0.000,0,0,0,10706,10706,0,0
travel,50.208,1204.9,980.528,980.528,fly,1.159,ok,2601,0,0,192.00,460177408,611352576,114090264,95883264,18123768,2904,7449760,22132800,1410356,10706,10706,0,0,0,0,0,0,0,0,0.096,0.212,0.000,0,0,0,10706,10706,0,0
travel,50.239,1205.7,981.055,981.055,fly,0.987,ok,2601,0,0,192.00,460177408,611352576,114090264,95883264,18123768,2904,7449760,22132800,1410356,10706,10706,0,0,0,0,0,0,0,0,0.141,0.075,0.000,0,0,0,10706,10706,0,0
travel,50.270,1206.4,981.575,981.575,fly,0.875,ok,2601,0,0,192.00,460177408,611352576,114090264,95883264,18123768,2904,7449760,22132800,1410356,10706,10706,0,0,0,0,0,0,0,0,0.068,0.081,0.000,0,0,0,10706,10706,0,0
travel,50.301,1207.2,982.096,982.096,fly,1.115,ok,2601,0,0,192.00,460177408,611352576,114090264,95883264,18123768,2904,7449760,22132800,1410356,10706,10706,0,0,0,0,0,0,0,0,0.068,0.275,0.000,0,0,0,10706,10706,0,0
travel,50.331,1207.9,982.616,982.616,fly,1.066,ok,2601,0,0,192.00,460177408,611352576,114090264,95883264,18123768,2904,7449760,22132800,1410356,10706,10706,0,0,0,0,0,0,0,0,0.252,0.073,0.000,0,0,0,10706,10706,0,0
travel,50.362,1208.6,983.140,983.140,fly,0.870,ok,2601,0,0,192.00,460177408,611352576,114090264,95883264,18123768,2904,7449760,22132800,1410356,10706,10706,0,0,0,0,0,0,0,0,0.070,0.071,0.000,0,0,0,10706,10706,0,0
travel,50.393,1209.4,983.669,983.669,fly,0.865,ok,2601,0,0,192.00,460177408,611352576,114090264,95883264,18123768,2904,7449760,22132800,1410356,10706,10706,0,0,0,0,0,0,0,0,0.070,0.067,0.000,0,0,0,10706,10706,0,0
travel,50.436,1210.4,984.390,984.390,fly,1.142,ok,2601,0,90,192.00,460177408,611352576,114090264,95883264,18123768,2904,11174640,17436864,1446943,10807,10807,0,0,8,0,0,0,0,0,0.071,0.092,0.000,0,0,0,10807,10807,0,0
travel,50.468,1211.2,984.945,984.945,fly,0.869,ok,2601,0,0,192.00,460177408,611352576,114090264,95883264,18123768,2904,11174640,22132800,1465488,10807,10807,0,0,0,0,0,0,0,0,0.068,0.073,0.000,0,0,0,10807,10807,0,0
travel,50.499,1211.9,985.466,985.466,fly,0.859,ok,2601,0,0,192.00,460177408,611352576,114090264,95883264,18123768,2904,11174640,22132800,1465488,10807,10807,0,0,0,0,0,0,0,0,0.068,0.070,0.000,0,0,0,10807,10807,0,0
travel,50.529,1212.7,985.983,985.983,fly,0.876,ok,2601,0,0,192.00,460177408,611352576,114090264,95883264,18123768,2904,11174640,22132800,1465488,10807,10807,0,0,0,0,0,0,0,0,0.069,0.070,0.000,0,0,0,10807,10807,0,0
travel,50.560,1213.4,986.500,986.500,fly,0.928,ok,2601,0,0,192.00,460177408,611352576,114090264,95883264,18123768,2904,7449760,22132800,1465488,10807,10807,0,0,0,0,0,0,0,0,0.072,0.084,0.000,0,0,0,10807,10807,0,0
travel,50.590,1214.1,987.016,987.016,fly,0.914,ok,2601,0,0,192.00,460177408,611352576,114090264,95883264,18123768,2904,7449760,22132800,1465488,10807,10807,0,0,0,0,0,0,0,0,0.069,0.074,0.000,0,0,0,10807,10807,0,0
travel,50.620,1214.9,987.530,987.530,fly,1.041,ok,2601,0,0,192.00,460177408,611352576,114090264,95883264,18123768,2904,7449760,22132800,1465488,10807,10807,0,0,0,0,0,0,0,0,0.204,0.081,0.000,0,0,0,10807,10807,0,0
travel,50.650,1215.6,988.041,988.041,fly,0.884,ok,2601,0,0,192.00,460177408,611352576,114090264,95883264,18123768,2904,7449760,22132800,1465488,10807,10807,0,0,0,0,0,0,0,0,0.069,0.078,0.000,0,0,0,10807,10807,0,0
travel,50.680,1216.3,988.553,988.553,fly,0.873,ok,2601,0,0,192.00,460177408,611352576,114090264,95883264,18123768,2904,7449760,22132800,1465488,10807,10807,0,0,0,0,0,0,0,0,0.068,0.075,0.000,0,0,0,10807,10807,0,0
travel,50.710,1217.0,989.063,989.063,fly,0.860,ok,2601,0,0,192.00,460177408,611352576,114090264,95883264,18123768,2904,7449760,22132800,1465488,10807,10807,0,0,0,0,0,0,0,0,0.068,0.074,0.000,0,0,0,10807,10807,0,0
travel,50.742,1217.8,989.602,989.602,fly,1.176,ok,2601,0,0,192.00,460177408,611352576,114090264,95883264,18123768,2904,7449760,22132800,1465488,10807,10807,0,0,0,0,0,0,0,0,0.073,0.082,0.000,0,0,0,10807,10807,0,0
travel,50.774,1218.5,990.137,990.137,fly,0.872,ok,2601,0,0,192.00,460177408,611352576,114090264,95883264,18123768,2904,7449760,22132800,1465488,10807,10807,0,0,0,0,0,0,0,0,0.067,0.070,0.000,0,0,0,10807,10807,0,0
travel,50.804,1219.3,990.654,990.654,fly,0.910,ok,2601,0,0,192.00,460177408,611352576,114090264,95883264,18123768,2904,7449760,22132800,1465488,10807,10807,0,0,0,0,0,0,0,0,0.068,0.093,0.000,0,0,0,10807,10807,0,0
travel,50.835,1220.0,991.175,991.175,fly,0.901,ok,2601,0,0,192.00,460177408,611352576,114090264,95883264,18123768,2904,7449760,22132800,1465488,10807,10807,0,0,0,0,0,0,0,0,0.067,0.076,0.000,0,0,0,10807,10807,0,0
travel,50.865,1220.7,991.687,991.687,fly,0.856,ok,2601,0,0,192.00,460177408,611352576,114090264,95883264,18123768,2904,7449760,22132800,1465488,10807,10807,0,0,0,0,0,0,0,0,0.066,0.065,0.000,0,0,0,10807,10807,0,0
travel,50.909,1221.8,992.445,992.445,fly,1.508,ok,2601,0,95,192.00,460177408,611352576,114090264,95883264,18123768,2904,11174640,17175984,1280790,10908,10908,0,0,4,0,0,0,0,0,0.246,0.179,0.000,0,0,0,10908,10908,0,0
travel,50.942,1222.6,993.003,993.003,fly,0.913,ok,2601,0,0,192.00,460177408,611352576,114090264,95883264,18123768,2904,11174640,22132800,1299130,10908,10908,0,0,0,0,0,0,0,0,0.068,0.070,0.000,0,0,0,10908,10908,0,0
travel,50.973,1223.3,993.522,993.522,fly,0.861,ok,2601,0,0,192.00,460177408,611352576,114090264,95883264,18123768,2904,11174640,22132800,1299130,10908,10908,0,0,0,0,0,0,0,0,0.067,0.067,0.000,0,0,0,10908,10908,0,0
travel,51.003,1224.1,994.043,994.043,fly,1.420,ok,2601,0,0,192.00,460177408,611352576,114090264,95883264,18123768,2904,11174640,22132800,1299130,10908,10908,0,0,0,0,0,0,0,0,0.093,0.117,0.000,0,0,0,10908,10908,0,0
travel,51.035,1224.8,994.573,994.573,fly,0.863,ok,2601,0,0,192.00,460177408,611352576,114090264,95883264,18123768,2904,7449760,22132800,1299130,10908,10908,0,0,0,0,0,0,0,0,0.068,0.067,0.000,0,0,0,10908,10908,0,0
travel,51.065,1225.5,995.090,995.090,fly,0.866,ok,2601,0,0,192.00,460177408,611352576,114090264,95883264,18123768,2904,7449760,22132800,1299130,10908,10908,0,0,0,0,0,0,0,0,0.069,0.070,0.000,0,0,0,10908,10908,0,0
travel,51.096,1226.3,995.619,995.619,fly,0.872,ok,2601,0,0,192.00,460177408,611352576,114090264,95883264,18123768,2904,7449760,22132800,1299130,10908,10908,0,0,0,0,0,0,0,0,0.067,0.069,0.000,0,0,0,10908,10908,0,0
travel,51.127,1227.0,996.138,996.138,fly,0.865,ok,2601,0,0,192.00,460177408,611352576,114090264,95883264,18123768,2904,7449760,22132800,1299130,10908,10908,0,0,0,0,0,0,0,0,0.066,0.068,0.000,0,0,0,10908,10908,0,0
travel,51.158,1227.8,996.667,996.667,fly,1.032,ok,2601,0,0,192.00,460177408,611352576,114090264,95883264,18123768,2904,7449760,22132800,1299130,10908,10908,0,0,0,0,0,0,0,0,0.075,0.110,0.000,0,0,0,10908,10908,0,0
travel,51.189,1228.5,997.194,997.194,fly,0.856,ok,2601,0,0,192.00,460177408,611352576,114090264,95883264,18123768,2904,7449760,22132800,1299130,10908,10908,0,0,0,0,0,0,0,0,0.065,0.066,0.000,0,0,0,10908,10908,0,0
travel,51.220,1229.3,997.718,997.718,fly,1.331,ok,2601,0,0,192.00,460177408,611352576,114090264,95883264,18123768,2904,7449760,22132800,1299130,10908,10908,0,0,0,0,0,0,0,0,0.142,0.118,0.000,0,0,0,10908,10908,0,0
travel,51.251,1230.0,998.252,998.252,fly,0.947,ok,2601,0,0,192.00,460177408,611352576,114090264,95883264,18123768,2904,7449760,22132800,1299130,10908,10908,0,0,0,0,0,0,0,0,0.070,0.092,0.000,0,0,0,10908,10908,0,0
travel,51.282,1230.8,998.773,998.773,fly,0.864,ok,2601,0,0,192.00,460177408,611352576,114090264,95883264,18123768,2904,7449760,22132800,1299130,10908,10908,0,0,0,0,0,0,0,0,0.065,0.073,0.000,0,0,0,10908,10908,0,0
travel,51.312,1231.5,999.293,999.293,fly,1.077,ok,2601,0,0,192.00,460177408,611352576,114090264,95883264,18123768,2904,7449760,22132800,1299130,10908,10908,0,0,0,0,0,0,0,0,0.092,0.111,0.000,0,0,0,10908,10908,0,0
travel,51.343,1232.2,999.820,999.820,fly,0.866,ok,2601,0,0,192.00,460177408,611352576,114090264,95883264,18123768,2904,7449760,22132800,1299130,10908,10908,0,0,0,0,0,0,0,0,0.066,0.068,0.000,0,0,0,10908,10908,0,0
travel,51.385,1233.2,1000.530,1000.530,fly,1.149,ok,2601,0,46,192.00,460177408,611352576,114090264,95883264,18123768,2904,11174640,19732608,1346450,11009,11009,0,0,8,0,0,0,0,0,0.069,0.088,0.000,0,0,0,11009,11009,0,0
travel,51.417,1234.0,1001.072,1001.072,fly,0.935,ok,2601,0,0,192.00,460177408,611352576,114090264,95883264,18123768,2904,11174640,22132800,1355022,11009,11009,0,0,0,0,0,0,0,0,0.136,0.066,0.000,0,0,0,11009,11009,0,0
travel,51.448,1234.8,1001.600,1001.600,fly,0.906,ok,2601,0,0,192.00,460177408,611352576,114090264,95883264,18123768,2904,11174640,22132800,1355022,11009,11009,0,0,0,0,0,0,0,0,0.069,0.074,0.000,0,0,0,11009,11009,0,0
travel,51.479,1235.5,1002.121,1002.121,fly,0.869,ok,2601,0,0,192.00,460177408,611352576,114090264,95883264,18123768,2904,11174640,22132800,1355022,11009,11009,0,0,0,0,0,0,0,0,0.067,0.068,0.000,0,0,0,11009,11009,0,0
travel,51.509,1236.2,1002.636,1002.636,fly,1.117,ok,2601,0,0,192.00,460177408,611352576,114090264,95883264,18123768,2904,7449760,22132800,1355022,11009,11009,0,0,0,0,0,0,0,0,0.280,0.077,0.000,0,0,0,11009,11009,0,0
travel,51.540,1237.0,1003.164,1003.164,fly,0.865,ok,2601,0,0,192.00,460177408,611352576,114090264,95883264,18123768,2904,7449760,22132800,1355022,11009,11009,0,0,0,0,0,0,0,0,0.069,0.070,0.000,0,0,0,11009,11009,0,0
travel,51.570,1237.7,1003.678,1003.678,fly,0.862,ok,2601,0,0,192.00,460177408,611352576,114090264,95883264,18123768,2904,7449760,22132800,1355022,11009,11009,0,0,0,0,0,0,0,0,0.068,0.070,0.000,0,0,0,11009,11009,0,0
travel,51.601,1238.4,1004.201,1004.201,fly,1.008,ok,2601,0,0,192.00,460177408,611352576,114090264,95883264,18123768,2904,7449760,22132800,1355022,11009,11009,0,0,0,0,0,0,0,0,0.169,0.075,0.000,0,0,0,11009,11009,0,0
travel,51.632,1239.2,1004.720,1004.720,fly,0.870,ok,2601,0,0,192.00,460177408,611352576,114090264,95883264,18123768,2904,7449760,22132800,1355022,11009,11009,0,0,0,0,0,0,0,0,0.067,0.068,0.000,0,0,0,11009,11009,0,0
travel,51.662,1239.9,1005.238,1005.238,fly,0.851,ok,2601,0,0,192.00,460177408,611352576,114090264,95883264,18123768,2904,7449760,22132800,1355022,11009,11009,0,0,0,0,0,0,0,0,0.069,0.067,0.000,0,0,0,11009,11009,0,0
travel,51.692,1240.6,1005.752,1005.752,fly,1.037,ok,2601,0,0,192.00,460177408,611352576,114090264,95883264,18123768,2904,7449760,22132800,1355022,11009,11009,0,0,0,0,0,0,0,0,0.206,0.075,0.000,0,0,0,11009,11009,0,0
travel,51.723,1241.3,1006.266,1006.266,fly,0.853,ok,2601,0,0,192.00,460177408,611352576,114090264,95883264,18123768,2904,7449760,22132800,1355022,11009,11009,0,0,0,0,0,0,0,0,0.066,0.068,0.000,0,0,0,11009,11009,0,0
travel,51.753,1242.1,1006.783,1006.783,fly,0.869,ok,2601,0,0,192.00,460177408,611352576,114090264,95883264,18123768,2904,7449760,22132800,1355022,11009,11009,0,0,0,0,0,0,0,0,0.066,0.070,0.000,0,0,0,11009,11009,0,0
travel,51.783,1242.8,1007.301,1007.301,fly,1.182,ok,2601,0,0,192.00,460177408,611352576,114090264,95883264,18123768,2904,7449760,22132800,1355022,11009,11009,0,0,0,0,0,0,0,0,0.313,0.073,0.000,0,0,0,11009,11009,0,0
travel,51.814,1243.6,1007.825,1007.825,fly,0.852,ok,2601,0,0,192.00,460177408,611352576,114090264,95883264,18123768,2904,7449760,22132800,1355022,11009,11009,0,0,0,0,0,0,0,0,0.063,0.065,0.000,0,0,0,11009,11009,0,0
travel,51.861,1244.7,1008.616,1008.616,fly,1.176,ok,2601,0,15,192.00,460177408,611352576,114090264,95883264,18123768,2904,11174640,21350064,1407646,11110,11110,0,0,6,0,0,0,0,0,0.070,0.089,0.000,0,0,0,11110,11110,0,0
travel,51.893,1245.4,1009.159,1009.159,fly,1.047,ok,2601,0,0,192.00,460177408,611352576,114090264,95883264,18123768,2904,11174640,22132800,1409402,11110,11110,0,0,0,0,0,0,0,0,0.070,0.133,0.000,0,0,0,11110,11110,0,0
travel,51.924,1246.2,1009.681,1009.681,fly,1.071,ok,2601,0,0,192.00,460177408,611352576,114090264,95883264,18123768,2904,11174640,22132800,1409402,11110,11110,0,0,0,0,0,0,0,0,0.078,0.110,0.000,0,0,0,11110,11110,0,0
travel,51.954,1246.9,1010.202,1010.202,fly,1.345,ok,2601,0,0,192.00,460177408,611352576,114090264,95883264,18123768,2904,11174640,22132800,1409402,11110,11110,0,0,0,0,0,0,0,0,0.098,0.213,0.000,0,0,0,11110,11110,0,0
travel,51.985,1247.7,1010.731,1010.731,fly,0.861,ok,2601,0,0,192.00,460177408,611352576,114090264,95883264,18123768,2904,7449760,22132800,1409402,11110,11110,0,0,0,0,0,0,0,0,0.066,0.066,0.000,0,0,0,11110,11110,0,0
travel,52.016,1248.4,1011.250,1011.250,fly,0.855,ok,2601,0,0,192.00,460177408,611352576,114090264,95883264,18123768,2904,7449760,22132800,1409402,11110,11110,0,0,0,0,0,0,0,0,0.065,0.068,0.000,0,0,0,11110,11110,0,0
travel,52.046,1249.1,1011.765,1011.765,fly,0.892,ok,2601,0,0,192.00,460177408,611352576,114090264,95883264,18123768,2904,7449760,22132800,1409402,11110,11110,0,0,0,0,0,0,0,0,0.067,0.075,0.000,0,0,0,11110,11110,0,0
travel,52.076,1249.9,1012.280,1012.280,fly,0.893,ok,2601,0,0,192.00,460177408,611352576,114090264,95883264,18123768,2904,7449760,22132800,1409402,11110,11110,0,0,0,0,0,0,0,0,0.068,0.072,0.000,0,0,0,11110,11110,0,0
travel,52.108,1250.6,1012.808,1012.808,fly,0.870,ok,2601,0,0,192.00,460177408,611352576,114090264,95883264,18123768,2904,7449760,22132800,1409402,11110,11110,0,0,0,0,0,0,0,0,0.069,0.066,0.000,0,0,0,11110,11110,0,0
travel,52.138,1251.3,1013.324,1013.324,fly,0.860,ok,2601,0,0,192.00,460177408,611352576,114090264,95883264,18123768,2904,7449760,22132800,1409402,11110,11110,0,0,0,0,0,0,0,0,0.066,0.066,0.000,0,0,0,11110,11110,0,0
travel,52.168,1252.1,1013.836,1013.836,fly,0.875,ok,2601,0,0,192.00,460177408,611352576,114090264,95883264,18123768,2904,7449760,22132800,1409402,11110,11110,0,0,0,0,0,0,0,0,0.067,0.072,0.000,0,0,0,11110,11110,0,0
travel,52.198,1252.8,1014.351,1014.351,fly,0.886,ok,2601,0,0,192.00,460177408,611352576,114090264,95883264,18123768,2904,7449760,22132800,1409402,11110,11110,0,0,0,0,0,0,0,0,0.068,0.071,0.000,0,0,0,11110,11110,0,0
travel,52.229,1253.5,1014.866,1014.866,fly,0.865,ok,2601,0,0,192.00,460177408,611352576,114090264,95883264,18123768,2904,7449760,22132800,1409402,11110,11110,0,0,0,0,0,0,0,0,0.067,0.068,0.000,0,0,0,11110,11110,0,0
travel,52.259,1254.2,1015.384,1015.384,fly,0.879,ok,2601,0,0,192.00,460177408,611352576,114090264,95883264,18123768,2904,7449760,22132800,1409402,11110,11110,0,0,0,0,0,0,0,0,0.069,0.069,0.000,0,0,0,11110,11110,0,0
travel,52.289,1255.0,1015.899,1015.899,fly,0.879,ok,2601,0,0,192.00,460177408,611352576,114090264,95883264,18123768,2904,7449760,22132800,1409402,11110,11110,0,0,0,0,0,0,0,0,0.067,0.078,0.000,0,0,0,11110,11110,0,0
travel,52.335,1256.1,1016.681,1016.681,fly,1.150,ok,2601,0,0,192.00,460177408,611352576,114090264,95883264,18123768,2904,11174640,22132800,1464014,11211,11211,0,0,5,0,0,0,0,0,0.070,0.281,0.000,0,0,0,11211,11211,0,0
travel,52.366,1256.8,1017.197,1017.197,fly,0.863,ok,2601,0,0,192.00,460177408,611352576,114090264,95883264,18123768,2904,11174640,22132800,1464014,11211,11211,0,0,0,0,0,0,0,0,0.068,0.066,0.000,0,0,0,11211,11211,0,0
travel,52.396,1257.5,1017.707,1017.707,fly,0.855,ok,2601,0,0,192.00,460177408,611352576,114090264,95883264,18123768,2904,11174640,22132800,1464014,11211,11211,0,0,0,0,0,0,0,0,0.068,0.062,0.000,0,0,0,11211,11211,0,0
travel,52.426,1258.3,1018.225,1018.225,fly,0.933,ok,2601,0,0,192.00,460177408,611352576,114090264,95883264,18123768,2904,11174640,22132800,1464014,11211,11211,0,0,0,0,0,0,0,0,0.071,0.077,0.000,0,0,0,11211,11211,0,0
travel,52.456,1259.0,1018.738,1018.738,fly,1.275,ok,2601,0,0,192.00,460177408,611352576,114090264,95883264,18123768,2904,7449760,22132800,1464014,11211,11211,0,0,0,0,0,0,0,0,0.080,0.154,0.000,0,0,0,11211,11211,0,0
travel,52.488,1259.8,1019.282,1019.282,fly,0.864,ok,2601,0,0,192.00,460177408,611352576,114090264,95883264,18123768,2904,7449760,22132800,1464014,11211,11211,0,0,0,0,0,0,0,0,0.068,0.068,0.000,0,0,0,11211,11211,0,0
travel,52.519,1260.5,1019.797,1019.797,fly,0.881,ok,2601,0,0,192.00,460177408,611352576,114090264,95883264,18123768,2904,7449760,22132800,1464014,11211,11211,0,0,0,0,0,0,0,0,0.067,0.071,0.000,0,0,0,11211,11211,0,0
travel,52.549,1261.2,1020.315,1020.315,fly,0.875,ok,2601,0,0,192.00,460177408,611352576,114090264,95883264,18123768,2904,7449760,22132800,1464014,11211,11211,0,0,0,0,0,0,0,0,0.068,0.068,0.000,0,0,0,11211,11211,0,0
travel,52.579,1261.9,1020.828,1020.828,fly,0.901,ok,2601,0,0,192.00,460177408,611352576,114090264,95883264,18123768,2904,7449760,22132800,1464014,11211,11211,0,0,0,0,0,0,0,0,0.070,0.085,0.000,0,0,0,11211,11211,0,0
travel,52.609,1262.7,1021.338,1021.338,fly,0.853,ok,2601,0,0,192.00,460177408,611352576,114090264,95883264,18123768,2904,7449760,22132800,1464014,11211,11211,0,0,0,0,0,0,0,0,0.067,0.067,0.000,0,0,0,11211,11211,0,0
travel,52.639,1263.4,1021.849,1021.849,fly,0.954,ok,2601,0,0,192.00,460177408,611352576,114090264,95883264,18123768,2904,7449760,22132800,1464014,11211,11211,0,0,0,0,0,0,0,0,0.138,0.073,0.000,0,0,0,11211,11211,0,0
travel,52.670,1264.1,1022.361,1022.361,fly,0.888,ok,2601,0,0,192.00,460177408,611352576,114090264,95883264,18123768,2904,7449760,22132800,1464014,11211,11211,0,0,0,0,0,0,0,0,0.068,0.071,0.000,0,0,0,11211,11211,0,0
travel,52.700,1264.8,1022.873,1022.873,fly,0.854,ok,2601,0,0,192.00,460242944,611352576,114090264,95883264,18123768,2904,7449760,22132800,1464014,11211,11211,0,0,0,0,0,0,0,0,0.066,0.064,0.000,0,0,0,11211,11211,0,0
travel,52.730,1265.6,1023.384,1023.384,fly,0.862,ok,2601,0,0,192.00,460242944,611352576,114090264,95883264,18123768,2904,7449760,22132800,1464014,11211,11211,0,0,0,0,0,0,0,0,0.066,0.070,0.000,0,0,0,11211,11211,0,0
travel,52.760,1266.3,1023.901,1023.901,fly,0.861,ok,2601,0,0,192.00,460242944,611352576,114090264,95883264,18123768,2904,7449760,22132800,1464014,11211,11211,0,0,0,0,0,0,0,0,0.067,0.067,0.000,0,0,0,11211,11211,0,0
travel,52.807,1267.4,1024.701,1024.701,fly,1.206,ok,2601,0,5,192.00,460242944,611352576,114090264,95883264,18123768,2904,11174640,21871824,1295503,11312,11312,0,0,8,0,0,0,0,0,0.071,0.093,0.000,0,0,0,11312,11312,0,0
travel,52.838,1268.2,1025.225,1025.225,fly,0.915,ok,2601,0,0,192.00,460242944,611352576,114090264,95883264,18123768,2904,11174640,22132800,1295944,11312,11312,0,0,0,0,0,0,0,0,0.069,0.086,0.000,0,0,0,11312,11312,0,0
travel,52.868,1268.9,1025.739,1025.739,fly,0.858,ok,2601,0,0,192.00,460242944,611352576,114090264,95883264,18123768,2904,11174640,22132800,1295944,11312,11312,0,0,0,0,0,0,0,0,0.068,0.065,0.000,0,0,0,11312,11312,0,0
travel,52.899,1269.6,1026.254,1026.254,fly,0.889,ok,2601,0,0,192.00,460242944,611352576,114090264,95883264,18123768,2904,11174640,22132800,1295944,11312,11312,0,0,0,0,0,0,0,0,0.070,0.072,0.000,0,0,0,11312,11312,0,0
travel,52.929,1270.3,1026.767,1026.767,fly,0.875,ok,2601,0,0,192.00,460242944,611352576,114090264,95883264,18123768,2904,7449760,22132800,1295944,11312,11312,0,0,0,0,0,0,0,0,0.068,0.070,0.000,0,0,0,11312,11312,0,0
travel,52.961,1271.1,1027.310,1027.310,fly,0.866,ok,2601,0,0,192.00,460242944,611352576,114090264,95883264,18123768,2904,7449760,22132800,1295944,11312,11312,0,0,0,0,0,0,0,0,0.069,0.066,0.000,0,0,0,11312,11312,0,0
travel,52.991,1271.8,1027.823,1027.823,fly,0.903,ok,2601,0,0,192.00,460242944,611352576,114090264,95883264,18123768,2904,7449760,22132800,1295944,11312,11312,0,0,0,0,0,0,0,0,0.071,0.079,0.000,0,0,0,11312,11312,0,0
travel,53.021,1272.6,1028.336,1028.336,fly,0.853,ok,2601,0,0,192.00,460242944,611352576,114090264,95883264,18123768,2904,7449760,22132800,1295944,11312,11312,0,0,0,0,0,0,0,0,0.068,0.065,0.000,0,0,0,11312,11312,0,0
travel,53.051,1273.3,1028.849,1028.849,fly,0.900,ok,2601,0,0,192.00,460242944,611352576,114090264,95883264,18123768,2904,7449760,22132800,1295944,11312,11312,0,0,0,0,0,0,0,0,0.071,0.076,0.000,0,0,0,11312,11312,0,0
travel,53.082,1274.0,1029.365,1029.365,fly,0.859,ok,2601,0,0,192.00,460242944,611352576,114090264,95883264,18123768,2904,7449760,22132800,1295944,11312,11312,0,0,0,0,0,0,0,0,0.069,0.070,0.000,0,0,0,11312,11312,0,0
travel,53.113,1274.8,1029.893,1029.893,fly,1.131,ok,2601,0,0,192.00,460242944,611352576,114090264,95883264,18123768,2904,7449760,22132800,1295944,11312,11312,0,0,0,0,0,0,0,0,0.076,0.230,0.000,0,0,0,11312,11312,0,0
travel,53.143,1275.5,1030.413,1030.413,fly,0.864,ok,2601,0,0,192.00,460242944,611352576,114090264,95883264,18123768,2904,7449760,22132800,1295944,11312,11312,0,0,0,0,0,0,0,0,0.068,0.071,0.000,0,0,0,11312,11312,0,0
travel,53.174,1276.2,1030.929,1030.929,fly,0.848,ok,2601,0,0,192.00,460242944,611352576,114090264,95883264,18123768,2904,7449760,22132800,1295944,11312,11312,0,0,0,0,0,0,0,0,0.065,0.065,0.000,0,0,0,11312,11312,0,0
travel,53.204,1277.0,1031.443,1031.443,fly,0.869,ok,2601,0,0,192.00,460242944,611352576,114090264,95883264,18123768,2904,7449760,22132800,1295944,11312,11312,0,0,0,0,0,0,0,0,0.068,0.069,0.000,0,0,0,11312,11312,0,0
travel,53.234,1277.7,1031.957,1031.957,fly,0.986,ok,2601,0,0,192.00,460242944,611352576,114090264,95883264,18123768,2904,7449760,22132800,1295944,11312,11312,0,0,0,0,0,0,0,0,0.073,0.115,0.000,0,0,0,11312,11312,0,0
travel,53.279,1278.8,1032.717,1032.717,fly,0.932,ok,2601,0,0,192.00,460242944,611352576,114090264,95883264,18123768,2904,11174640,22132800,1352096,11413,11413,0,0,0,0,0,0,0,0,0.070,0.074,0.000,0,0,0,11413,11413,0,0
travel,53.309,1279.5,1033.231,1033.231,fly,0.895,ok,2601,0,0,192.00,460242944,611352576,114090264,95883264,18123768,2904,11174640,22132800,1352096,11413,11413,0,0,0,0,0,0,0,0,0.070,0.073,0.000,0,0,0,11413,11413,0,0
travel,53.339,1280.2,1033.744,1033.744,fly,0.861,ok,2601,0,0,192.00,460242944,611352576,114090264,95883264,18123768,2904,11174640,22132800,1352096,11413,11413,0,0,0,0,0,0,0,0,0.067,0.066,0.000,0,0,0,11413,11413,0,0
travel,53.369,1280.9,1034.257,1034.257,fly,0.983,ok,2601,0,0,192.00,460242944,611352576,114090264,95883264,18123768,2904,11174640,22132800,1352096,11413,11413,0,0,0,0,0,0,0,0,0.176,0.075,0.000,0,0,0,11413,11413,0,0
travel,53.400,1281.7,1034.771,1034.771,fly,0.867,ok,2601,0,0,192.00,460242944,611352576,114090264,95883264,18123768,2904,7449760,22132800,1352096,11413,11413,0,0,0,0,0,0,0,0,0.067,0.067,0.000,0,0,0,11413,11413,0,0
travel,53.430,1282.4,1035.284,1035.284,fly,0.849,ok,2601,0,0,192.00,460242944,611352576,114090264,95883264,18123768,2904,7449760,22132800,1352096,11413,11413,0,0,0,0,0,0,0,0,0.066,0.066,0.000,0,0,0,11413,11413,0,0
travel,53.460,1283.1,1035.794,1035.794,fly,0.861,ok,2601,0,0,192.00,460242944,611352576,114090264,95883264,18123768,2904,7449760,22132800,1352096,11413,11413,0,0,0,0,0,0,0,0,0.064,0.069,0.000,0,0,0,11413,11413,0,0
travel,53.490,1283.8,1036.307,1036.307,fly,0.892,ok,2601,0,0,192.00,460242944,611352576,114090264,95883264,18123768,2904,7449760,22132800,1352096,11413,11413,0,0,0,0,0,0,0,0,0.071,0.074,0.000,0,0,0,11413,11413,0,0
travel,53.521,1284.6,1036.825,1036.825,fly,0.860,ok,2601,0,0,192.00,460242944,611352576,114090264,95883264,18123768,2904,7449760,22132800,1352096,11413,11413,0,0,0,0,0,0,0,0,0.067,0.068,0.000,0,0,0,11413,11413,0,0
travel,53.551,1285.3,1037.341,1037.341,fly,0.887,ok,2601,0,0,192.00,460242944,611352576,114090264,95883264,18123768,2904,7449760,22132800,1352096,11413,11413,0,0,0,0,0,0,0,0,0.068,0.075,0.000,0,0,0,11413,11413,0,0
travel,53.581,1286.0,1037.861,1037.861,fly,0.862,ok,2601,0,0,192.00,460242944,611352576,114090264,95883264,18123768,2904,7449760,22132800,1352096,11413,11413,0,0,0,0,0,0,0,0,0.067,0.067,0.000,0,0,0,11413,11413,0,0
travel,53.613,1286.8,1038.398,1038.398,fly,1.029,ok,2601,0,0,192.00,460242944,611352576,114090264,95883264,18123768,2904,7449760,22132800,1352096,11413,11413,0,0,0,0,0,0,0,0,0.078,0.114,0.000,0,0,0,11413,11413,0,0
travel,53.643,1287.5,1038.913,1038.913,fly,0.860,ok,2601,0,0,192.00,460242944,611352576,114090264,95883264,18123768,2904,7449760,22132800,1352096,11413,11413,0,0,0,0,0,0,0,0,0.065,0.069,0.000,0,0,0,11413,11413,0,0
travel,53.674,1288.3,1039.438,1039.438,fly,1.009,ok,2601,0,0,192.00,460242944,611352576,114090264,95883264,18123768,2904,7449760,22132800,1352096,11413,11413,0,0,0,0,0,0,0,0,0.076,0.112,0.000,0,0,0,11413,11413,0,0
travel,53.705,1289.0,1039.954,1039.954,fly,0.857,ok,2601,0,0,192.00,460242944,611352576,114090264,95883264,18123768,2904,7449760,22132800,1352096,11413,11413,0,0,0,0,0,0,0,0,0.067,0.065,0.000,0,0,0,11413,11413,0,0
travel,53.751,1290.1,1040.733,1040.733,fly,0.908,ok,2601,0,0,192.00,460242944,611352576,114090264,95883264,18123768,2904,11174640,22132800,1404708,11514,11514,0,0,0,0,0,0,0,0,0.068,0.104,0.000,0,0,0,11514,11514,0,0
travel,53.781,1290.8,1041.248,1041.248,fly,0.900,ok,2601,0,0,192.00,460242944,611352576,114090264,95883264,18123768,2904,11174640,22132800,1404708,11514,11514,0,0,0,0,0,0,0,0,0.070,0.080,0.000,0,0,0,11514,11514,0,0
travel,53.811,1291.5,1041.760,1041.760,fly,0.862,ok,2601,0,0,192.00,460242944,611352576,114090264,95883264,18123768,2904,11174640,22132800,1404708,11514,11514,0,0,0,0,0,0,0,0,0.069,0.066,0.000,0,0,0,11514,11514,0,0
travel,53.841,1292.3,1042.272,1042.272,fly,0.860,ok,2601,0,0,192.00,460242944,611352576,114090264,95883264,18123768,2904,11174640,22132800,1404708,11514,11514,0,0,0,0,0,0,0,0,0.068,0.068,0.000,0,0,0,11514,11514,0,0
travel,53.871,1293.0,1042.790,1042.790,fly,0.861,ok,2601,0,0,192.00,460242944,611352576,114090264,95883264,18123768,2904,7449760,22132800,1404708,11514,11514,0,0,0,0,0,0,0,0,0.069,0.066,0.000,0,0,0,11514,11514,0,0
travel,53.902,1293.7,1043.312,1043.312,fly,0.978,ok,2601,0,0,192.00,460242944,611352576,114090264,95883264,18123768,2904,7449760,22132800,1404708,11514,11514,0,0,0,0,0,0,0,0,0.078,0.110,0.000,0,0,0,11514,11514,0,0
travel,53.932,1294.5,1043.824,1043.824,fly,0.860,ok,2601,0,0,192.00,460242944,611352576,114090264,95883264,18123768,2904,7449760,22132800,1404708,11514,11514,0,0,0,0,0,0,0,0,0.066,0.065,0.000,0,0,0,11514,11514,0,0
travel,53.963,1295.2,1044.338,1044.338,fly,0.862,ok,2601,0,0,192.00,460242944,611352576,114090264,95883264,18123768,2904,7449760,22132800,1404708,11514,11514,0,0,0,0,0,0,0,0,0.066,0.069,0.000,0,0,0,11514,11514,0,0
travel,53.993,1295.9,1044.848,1044.848,fly,0.992,ok,2601,0,0,192.00,460242944,611352576,114090264,95883264,18123768,2904,7449760,22132800,1404708,11514,11514,0,0,0,0,0,0,0,0,0.141,0.085,0.000,0,0,0,11514,11514,0,0
travel,54.023,1296.6,1045.361,1045.361,fly,0.893,ok,2601,0,0,192.00,460242944,611352576,114090264,95883264,18123768,2904,7449760,22132800,1404708,11514,11514,0,0,0,0,0,0,0,0,0.068,0.073,0.000,0,0,0,11514,11514,0,0
travel,54.053,1297.4,1045.872,1045.872,fly,0.853,ok,2601,0,0,192.00,460242944,611352576,114090264,95883264,18123768,2904,7449760,22132800,1404708,11514,11514,0,0,0,0,0,0,0,0,0.068,0.067,0.000,0,0,0,11514,11514,0,0
travel,54.085,1298.1,1046.412,1046.412,fly,1.083,ok,2601,0,0,192.00,460242944,611352576,114090264,95883264,18123768,2904,7449760,22132800,1404708,11514,11514,0,0,0,0,0,0,0,0,0.250,0.078,0.000,0,0,0,11514,11514,0,0
travel,54.116,1298.9,1046.939,1046.939,fly,0.859,ok,2601,0,0,192.00,460242944,611352576,114090264,95883264,18123768,2904,7449760,22132800,1404708,11514,11514,0,0,0,0,0,0,0,0,0.068,0.068,0.000,0,0,0,11514,11514,0,0
travel,54.146,1299.6,1047.455,1047.455,fly,0.912,ok,2601,0,0,192.00,460242944,611352576,114090264,95883264,18123768,2904,7449760,22132800,1404708,11514,11514,0,0,0,0,0,0,0,0,0.070,0.081,0.000,0,0,0,11514,11514,0,0
travel,54.176,1300.3,1047.973,1047.973,fly,0.993,ok,2601,0,0,192.00,460242944,611352576,114090264,95883264,18123768,2904,7449760,22132800,1404708,11514,11514,0,0,0,0,0,0,0,0,0.165,0.078,0.000,0,0,0,11514,11514,0,0
travel,54.221,1301.4,1048.737,1048.737,fly,0.848,ok,2601,0,0,192.00,460242944,611352576,114090264,95883264,18123768,2904,11174640,22132800,1458512,11615,11615,0,0,0,0,0,0,0,0,0.068,0.065,0.000,0,0,0,11615,11615,0,0
travel,54.252,1302.1,1049.254,1049.254,fly,0.877,ok,2601,0,0,192.00,460242944,611352576,114090264,95883264,18123768,2904,11174640,22132800,1458512,11615,11615,0,0,0,0,0,0,0,0,0.071,0.066,0.000,0,0,0,11615,11615,0,0
travel,54.282,1302.9,1049.766,1049.766,fly,1.062,ok,2601,0,0,192.00,460242944,611352576,114090264,95883264,18123768,2904,11174640,22132800,1458512,11615,11615,0,0,0,0,0,0,0,0,0.145,0.101,0.000,0,0,0,11615,11615,0,0
travel,54.312,1303.6,1050.282,1050.282,fly,0.857,ok,2601,0,0,192.00,460242944,611352576,114090264,95883264,18123768,2904,11174640,22132800,1458512,11615,11615,0,0,0,0,0,0,0,0,0.068,0.066,0.000,0,0,0,11615,11615,0,0
travel,54.342,1304.3,1050.793,1050.793,fly,0.866,ok,2601,0,0,192.00,460242944,611352576,114090264,95883264,18123768,2904,7449760,22132800,1458512,11615,11615,0,0,0,0,0,0,0,0,0.070,0.069,0.000,0,0,0,11615,11615,0,0
travel,54.372,1305.0,1051.303,1051.303,fly,0.858,ok,2601,0,0,192.00,460242944,611352576,114090264,95883264,18123768,2904,7449760,22132800,1458512,11615,11615,0,0,0,0,0,0,0,0,0.069,0.066,0.000,0,0,0,11615,11615,0,0
travel,54.403,1305.8,1051.821,1051.821,fly,0.894,ok,2601,0,0,192.00,460242944,611352576,114090264,95883264,18123768,2904,7449760,22132800,1458512,11615,11615,0,0,0,0,0,0,0,0,0.069,0.075,0.000,0,0,0,11615,11615,0,0
travel,54.433,1306.5,1052.333,1052.333,fly,0.880,ok,2601,0,0,192.00,460242944,611352576,114090264,95883264,18123768,2904,7449760,22132800,1458512,11615,11615,0,0,0,0,0,0,0,0,0.070,0.073,0.000,0,0,0,11615,11615,0,0
travel,54.463,1307.2,1052.846,1052.846,fly,0.861,ok,2601,0,0,192.00,460242944,611352576,114090264,95883264,18123768,2904,7449760,22132800,1458512,11615,11615,0,0,0,0,0,0,0,0,0.068,0.068,0.000,0,0,0,11615,11615,0,0
travel,54.493,1308.0,1053.362,1053.362,fly,0.863,ok,2601,0,0,192.00,460242944,611352576,114090264,95883264,18123768,2904,7449760,22132800,1458512,11615,11615,0,0,0,0,0,0,0,0,0.068,0.068,0.000,0,0,0,11615,11615,0,0
travel,54.525,1308.7,1053.893,1053.893,fly,0.900,ok,2601,0,0,192.00,460242944,611352576,114090264,95883264,18123768,2904,7449760,22132800,1458512,11615,11615,0,0,0,0,0,0,0,0,0.071,0.074,0.000,0,0,0,11615,11615,0,0
travel,54.555,1309.4,1054.404,1054.404,fly,0.923,ok,2601,0,0,192.00,460242944,611352576,114090264,95883264,18123768,2904,7449760,22132800,1458512,11615,11615,0,0,0,0,0,0,0,0,0.070,0.078,0.000,0,0,0,11615,11615,0,0
travel,54.585,1310.2,1054.918,1054.918,fly,0.870,ok,2601,0,0,192.00,460242944,611352576,114090264,95883264,18123768,2904,7449760,22132800,1458512,11615,11615,0,0,0,0,0,0,0,0,0.069,0.067,0.000,0,0,0,11615,11615,0,0
travel,54.617,1310.9,1055.463,1055.463,fly,0.881,ok,2601,0,0,192.00,460242944,611352576,114090264,95883264,18123768,2904,7449760,22132800,1458512,11615,11615,0,0,0,0,0,0,0,0,0.068,0.067,0.000,0,0,0,11615,11615,0,0
travel,54.647,1311.7,1055.977,1055.977,fly,0.892,ok,2601,0,0,192.00,460242944,611352576,114090264,95883264,18123768,2904,7449760,22132800,1458512,11615,11615,0,0,0,0,0,0,0,0,0.068,0.074,0.000,0,0,0,11615,11615,0,0
travel,54.695,1312.8,1056.780,1056.780,fly,0.871,ok,2601,0,0,192.00,460242944,611352576,114090264,95883264,18123768,2904,11174640,22132800,1288892,11716,11716,0,0,0,0,0,0,0,0,0.069,0.068,0.000,0,0,0,11716,11716,0,0
travel,54.725,1313.5,1057.301,1057.301,fly,0.874,ok,2601,0,0,192.00,460242944,611352576,114090264,95883264,18123768,2904,11174640,22132800,1288892,11716,11716,0,0,0,0,0,0,0,0,0.069,0.066,0.000,0,0,0,11716,11716,0,0
travel,54.755,1314.2,1057.813,1057.813,fly,1.005,ok,2601,0,0,192.00,460242944,611352576,114090264,95883264,18123768,2904,11174640,22132800,1288892,11716,11716,0,0,0,0,0,0,0,0,0.079,0.117,0.000,0,0,0,11716,11716,0,0
travel,54.786,1315.0,1058.325,1058.325,fly,0.862,ok,2601,0,0,192.00,460242944,611352576,114090264,95883264,18123768,2904,11174640,22132800,1288892,11716,11716,0,0,0,0,0,0,0,0,0.069,0.068,0.000,0,0,0,11716,11716,0,0
travel,54.816,1315.7,1058.835,1058.835,fly,0.874,ok,2601,0,0,192.00,460242944,611352576,114090264,95883264,18123768,2904,7449760,22132800,1288892,11716,11716,0,0,0,0,0,0,0,0,0.073,0.070,0.000,0,0,0,11716,11716,0,0
travel,54.846,1316.4,1059.347,1059.347,fly,0.869,ok,2601,0,0,192.00,460242944,611352576,114090264,95883264,18123768,2904,7449760,22132800,1288892,11716,11716,0,0,0,0,0,0,0,0,0.067,0.070,0.000,0,0,0,11716,11716,0,0
travel,54.876,1317.1,1059.858,1059.858,fly,0.863,ok,2601,0,0,192.00,460242944,611352576,114090264,95883264,18123768,2904,7449760,22132800,1288892,11716,11716,0,0,0,0,0,0,0,0,0.068,0.069,0.000,0,0,0,11716,11716,0,0
travel,54.906,1317.9,1060.372,1060.372,fly,0.908,ok,2601,0,0,192.00,460242944,611352576,114090264,95883264,18123768,2904,7449760,22132800,1288892,11716,11716,0,0,0,0,0,0,0,0,0.068,0.089,0.000,0,0,0,11716,11716,0,0
travel,54.936,1318.6,1060.887,1060.887,fly,0.859,ok,2601,0,0,192.00,460242944,611352576,114090264,95883264,18123768,2904,7449760,22132800,1288892,11716,11716,0,0,0,0,0,0,0,0,0.067,0.067,0.000,0,0,0,11716,11716,0,0
travel,54.966,1319.3,1061.400,1061.400,fly,0.870,ok,2601,0,0,192.00,460242944,611352576,114090264,95883264,18123768,2904,7449760,22132800,1288892,11716,11716,0,0,0,0,0,0,0,0,0.067,0.072,0.000,0,0,0,11716,11716,0,0
travel,54.997,1320.0,1061.915,1061.915,fly,0.859,ok,2601,0,0,192.00,460242944,611352576,114090264,95883264,18123768,2904,7449760,22132800,1288892,11716,11716,0,0,0,0,0,0,0,0,0.067,0.067,0.000,0,0,0,11716,11716,0,0
travel,55.027,1320.8,1062.427,1062.427,fly,0.863,ok,2601,0,0,192.00,460242944,611352576,114090264,95883264,18123768,2904,7449760,22132800,1288892,11716,11716,0,0,0,0,0,0,0,0,0.067,0.070,0.000,0,0,0,11716,11716,0,0
travel,55.057,1321.5,1062.938,1062.938,fly,1.155,ok,2601,0,0,192.00,460242944,611352576,114090264,95883264,18123768,2904,7449760,22132800,1288892,11716,11716,0,0,0,0,0,0,0,0,0.174,0.106,0.000,0,0,0,11716,11716,0,0
travel,55.087,1322.2,1063.455,1063.455,fly,0.860,ok,2601,0,0,192.00,460242944,611352576,114090264,95883264,18123768,2904,7449760,22132800,1288892,11716,11716,0,0,0,0,0,0,0,0,0.066,0.068,0.000,0,0,0,11716,11716,0,0
travel,55.117,1322.9,1063.965,1063.965,fly,0.863,ok,2601,0,0,192.00,460242944,611352576,114090264,95883264,18123768,2904,7449760,22132800,1288892,11716,11716,0,0,0,0,0,0,0,0,0.067,0.069,0.000,0,0,0,11716,11716,0,0
travel,55.162,1324.0,1064.725,1064.725,fly,0.864,ok,2601,0,0,192.00,460242944,611352576,114090264,95883264,18123768,2904,11174640,22132800,1344072,11817,11817,0,0,0,0,0,0,0,0,0.069,0.068,0.000,0,0,0,11817,11817,0,0
travel,55.193,1324.8,1065.254,1065.254,fly,0.880,ok,2601,0,0,192.00,460242944,611352576,114090264,95883264,18123768,2904,11174640,22132800,1344072,11817,11817,0,0,0,0,0,0,0,0,0.068,0.078,0.000,0,0,0,11817,11817,0,0
travel,55.224,1325.5,1065.773,1065.773,fly,0.857,ok,2601,0,0,192.00,460242944,611352576,114090264,95883264,18123768,2904,11174640,22132800,1344072,11817,11817,0,0,0,0,0,0,0,0,0.070,0.071,0.000,0,0,0,11817,11817,0,0
travel,55.254,1326.2,1066.289,1066.289,fly,0.945,ok,2601,0,0,192.00,460242944,611352576,114090264,95883264,18123768,2904,11174640,22132800,1344072,11817,11817,0,0,0,0,0,0,0,0,0.070,0.084,0.000,0,0,0,11817,11817,0,0
travel,55.284,1327.0,1066.803,1066.803,fly,0.860,ok,2601,0,0,192.00,460242944,611352576,114090264,95883264,18123768,2904,7449760,22132800,1344072,11817,11817,0,0,0,0,0,0,0,0,0.068,0.068,0.000,0,0,0,11817,11817,0,0
travel,55.315,1327.7,1067.321,1067.321,fly,0.867,ok,2601,0,0,192.00,460242944,611352576,114090264,95883264,18123768,2904,7449760,22132800,1344072,11817,11817,0,0,0,0,0,0,0,0,0.068,0.068,0.000,0,0,0,11817,11817,0,0
travel,55.345,1328.4,1067.834,1067.834,fly,0.853,ok,2601,0,0,192.00,460242944,611352576,114090264,95883264,18123768,2904,7449760,22132800,1344072,11817,11817,0,0,0,0,0,0,0,0,0.068,0.068,0.000,0,0,0,11817,11817,0,0
travel,55.375,1329.1,1068.348,1068.348,fly,0.989,ok,2601,0,0,192.00,460242944,611352576,114090264,95883264,18123768,2904,7449760,22132800,1344072,11817,11817,0,0,0,0,0,0,0,0,0.078,0.107,0.000,0,0,0,11817,11817,0,0
travel,55.406,1329.9,1068.865,1068.865,fly,0.879,ok,2601,0,0,192.00,460242944,611352576,114090264,95883264,18123768,2904,7449760,22132800,1344072,11817,11817,0,0,0,0,0,0,0,0,0.070,0.073,0.000,0,0,0,11817,11817,0,0
travel,55.436,1330.6,1069.375,1069.375,fly,0.861,ok,2601,0,0,192.00,460242944,611352576,114090264,95883264,18123768,2904,7449760,22132800,1344072,11817,11817,0,0,0,0,0,0,0,0,0.068,0.066,0.000,0,0,0,11817,11817,0,0
travel,55.466,1331.3,1069.893,1069.893,fly,0.857,ok,2601,0,0,192.00,460242944,611352576,114090264,95883264,18123768,2904,7449760,22132800,1344072,11817,11817,0,0,0,0,0,0,0,0,0.068,0.070,0.000,0,0,0,11817,11817,0,0
travel,55.496,1332.1,1070.403,1070.403,fly,0.999,ok,2601,0,0,192.00,460242944,611352576,114090264,95883264,18123768,2904,7449760,22132800,1344072,11817,11817,0,0,0,0,0,0,0,0,0.075,0.135,0.000,0,0,0,11817,11817,0,0
travel,55.526,1332.8,1070.920,1070.920,fly,0.863,ok,2601,0,0,192.00,460242944,611352576,114090264,95883264,18123768,2904,7449760,22132800,1344072,11817,11817,0,0,0,0,0,0,0,0,0.068,0.070,0.000,0,0,0,11817,11817,0,0
travel,55.557,1333.5,1071.432,1071.432,fly,0.856,ok,2601,0,0,192.00,460242944,611352576,114090264,95883264,18123768,2904,7449760,22132800,1344072,11817,11817,0,0,0,0,0,0,0,0,0.068,0.070,0.000,0,0,0,11817,11817,0,0
travel,55.587,1334.2,1071.946,1071.946,fly,0.920,ok,2601,0,0,192.00,460242944,611352576,114090264,95883264,18123768,2904,7449760,22132800,1344072,11817,11817,0,0,0,0,0,0,0,0,0.071,0.078,0.000,0,0,0,11817,11817,0,0
travel,55.633,1335.3,1072.730,1072.730,fly,1.012,ok,2601,0,0,192.00,460242944,611352576,114090264,95883264,18123768,2904,11174640,22132800,1399728,11918,11918,0,0,0,0,0,0,0,0,0.077,0.124,0.000,0,0,0,11918,11918,0,0
travel,55.663,1336.1,1073.246,1073.246,fly,0.860,ok,2601,0,0,192.00,460242944,611352576,114090264,95883264,18123768,2904,11174640,22132800,1399728,11918,11918,0,0,0,0,0,0,0,0,0.068,0.065,0.000,0,0,0,11918,11918,0,0
travel,55.693,1336.8,1073.759,1073.759,fly,0.868,ok,2601,0,0,192.00,460242944,611352576,114090264,95883264,18123768,2904,11174640,22132800,1399728,11918,11918,0,0,0,0,0,0,0,0,0.068,0.070,0.000,0,0,0,11918,11918,0,0
travel,55.726,1337.6,1074.308,1074.308,fly,0.864,ok,2601,0,0,192.00,460242944,611352576,114090264,95883264,18123768,2904,11174640,22132800,1399728,11918,11918,0,0,0,0,0,0,0,0,0.069,0.069,0.000,0,0,0,11918,11918,0,0
travel,55.756,1338.3,1074.823,1074.823,fly,0.892,ok,2601,0,0,192.00,460242944,611352576,114090264,95883264,18123768,2904,7449760,22132800,1399728,11918,11918,0,0,0,0,0,0,0,0,0.068,0.075,0.000,0,0,0,11918,11918,0,0
travel,55.786,1339.0,1075.336,1075.336,fly,0.868,ok,2601,0,0,192.00,460242944,611352576,114090264,95883264,18123768,2904,7449760,22132800,1399728,11918,11918,0,0,0,0,0,0,0,0,0.069,0.069,0.000,0,0,0,11918,11918,0,0
travel,55.816,1339.8,1075.847,1075.847,fly,0.972,ok,2601,0,0,192.00,460242944,611352576,114090264,95883264,18123768,2904,7449760,22132800,1399728,11918,11918,0,0,0,0,0,0,0,0,0.078,0.108,0.000,0,0,0,11918,11918,0,0
travel,55.847,1340.5,1076.364,1076.364,fly,0.859,ok,2601,0,0,192.00,460242944,611352576,114090264,95883264,18123768,2904,7449760,22132800,1399728,11918,11918,0,0,0,0,0,0,0,0,0.067,0.065,0.000,0,0,0,11918,11918,0,0
travel,55.877,1341.2,1076.876,1076.876,fly,0.863,ok,2601,0,0,192.00,460242944,611352576,114090264,95883264,18123768,2904,7449760,22132800,1399728,11918,11918,0,0,0,0,0,0,0,0,0.066,0.070,0.000,0,0,0,11918,11918,0,0
travel,55.907,1341.9,1077.395,1077.395,fly,0.862,ok,2601,0,0,192.00,460242944,611352576,114090264,95883264,18123768,2904,7449760,22132800,1399728,11918,11918,0,0,0,0,0,0,0,0,0.066,0.069,0.000,0,0,0,11918,11918,0,0
travel,55.938,1342.7,1077.908,1077.908,fly,1.377,ok,2601,0,0,192.00,460242944,611352576,114090264,95883264,18123768,2904,7449760,22132800,1399728,11918,11918,0,0,0,0,0,0,0,0,0.339,0.253,0.000,0,0,0,11918,11918,0,0
travel,55.968,1343.4,1078.430,1078.430,fly,0.855,ok,2601,0,0,192.00,460242944,611352576,114090264,95883264,18123768,2904,7449760,22132800,1399728,11918,11918,0,0,0,0,0,0,0,0,0.067,0.068,0.000,0,0,0,11918,11918,0,0
travel,55.999,1344.1,1078.954,1078.954,fly,0.882,ok,2601,0,0,192.00,460242944,611352576,114090264,95883264,18123768,2904,7449760,22132800,1399728,11918,11918,0,0,0,0,0,0,0,0,0.068,0.071,0.000,0,0,0,11918,11918,0,0
travel,56.029,1344.9,1079.465,1079.465,fly,0.887,ok,2601,0,0,192.00,460242944,611352576,114090264,95883264,18123768,2904,7449760,22132800,1399728,11918,11918,0,0,0,0,0,0,0,0,0.067,0.075,0.000,0,0,0,11918,11918,0,0
travel,56.059,1345.6,1079.981,1079.981,fly,0.854,ok,2601,0,0,192.00,460242944,611352576,114090264,95883264,18123768,2904,7449760,22132800,1399728,11918,11918,0,0,0,0,0,0,0,0,0.065,0.065,0.000,0,0,0,11918,11918,0,0
travel,56.104,1346.7,1080.744,1080.744,fly,0.894,ok,2601,0,0,192.00,460242944,611352576,114090264,95883264,18123768,2904,11174640,22132800,1457064,12019,12019,0,0,0,0,0,0,0,0,0.069,0.074,0.000,0,0,0,12019,12019,0,0
travel,56.134,1347.4,1081.255,1081.255,fly,0.859,ok,2601,0,0,192.00,460242944,611352576,114090264,95883264,18123768,2904,11174640,22132800,1457064,12019,12019,0,0,0,0,0,0,0,0,0.067,0.069,0.000,0,0,0,12019,12019,0,0
travel,56.165,1348.1,1081.766,1081.766,fly,0.998,ok,2601,0,0,192.00,460242944,611352576,114090264,95883264,18123768,2904,11174640,22132800,1457064,12019,12019,0,0,0,0,0,0,0,0,0.081,0.120,0.000,0,0,0,12019,12019,0,0
travel,56.195,1348.8,1082.277,1082.277,fly,0.955,ok,2601,0,0,192.00,460242944,611352576,114090264,95883264,18123768,2904,11174640,22132800,1457064,12019,12019,0,0,0,0,0,0,0,0,0.140,0.067,0.000,0,0,0,12019,12019,0,0
travel,56.225,1349.6,1082.788,1082.788,fly,0.868,ok,2601,0,0,192.00,460242944,611352576,114090264,95883264,18123768,2904,7449760,22132800,1457064,12019,12019,0,0,0,0,0,0,0,0,0.068,0.070,0.000,0,0,0,12019,12019,0,0
travel,56.255,1350.3,1083.304,1083.304,fly,0.901,ok,2601,0,0,192.00,460242944,611352576,114090264,95883264,18123768,2904,7449760,22132800,1457064,12019,12019,0,0,0,0,0,0,0,0,0.070,0.075,0.000,0,0,0,12019,12019,0,0
travel,56.285,1351.0,1083.820,1083.820,fly,0.853,ok,2601,0,0,192.00,460242944,611352576,114090264,95883264,18123768,2904,7449760,22132800,1457064,12019,12019,0,0,0,0,0,0,0,0,0.068,0.065,0.000,0,0,0,12019,12019,0,0
travel,56.317,1351.8,1084.356,1084.356,fly,0.854,ok,2601,0,0,192.00,460242944,611352576,114090264,95883264,18123768,2904,7449760,22132800,1457064,12019,12019,0,0,0,0,0,0,0,0,0.067,0.065,0.000,0,0,0,12019,12019,0,0
travel,56.347,1352.5,1084.871,1084.871,fly,0.868,ok,2601,0,0,192.00,460242944,611352576,114090264,95883264,18123768,2904,7449760,22132800,1457064,12019,12019,0,0,0,0,0,0,0,0,0.070,0.073,0.000,0,0,0,12019,12019,0,0
travel,56.377,1353.2,1085.381,1085.381,fly,0.856,ok,2601,0,0,192.00,460242944,611352576,114090264,95883264,18123768,2904,7449760,22132800,1457064,12019,12019,0,0,0,0,0,0,0,0,0.067,0.068,0.000,0,0,0,12019,12019,0,0
travel,56.407,1354.0,1085.891,1085.891,fly,0.859,ok,2601,0,0,192.00,460242944,611352576,114090264,95883264,18123768,2904,7449760,22132800,1457064,12019,12019,0,0,0,0,0,0,0,0,0.066,0.066,0.000,0,0,0,12019,12019,0,0
travel,56.438,1354.7,1086.409,1086.409,fly,0.858,ok,2601,0,0,192.00,460242944,611352576,114090264,95883264,18123768,2904,7449760,22132800,1457064,12019,12019,0,0,0,0,0,0,0,0,0.067,0.066,0.000,0,0,0,12019,12019,0,0
travel,56.468,1355.4,1086.922,1086.922,fly,0.862,ok,2601,0,0,192.00,460242944,611352576,114090264,95883264,18123768,2904,7449760,22132800,1457064,12019,12019,0,0,0,0,0,0,0,0,0.067,0.069,0.000,0,0,0,12019,12019,0,0
travel,56.498,1356.1,1087.436,1087.436,fly,0.877,ok,2601,0,0,192.00,460242944,611352576,114090264,95883264,18123768,2904,7449760,22132800,1457064,12019,12019,0,0,0,0,0,0,0,0,0.066,0.068,0.000,0,0,0,12019,12019,0,0
travel,56.528,1356.9,1087.950,1087.950,fly,0.975,ok,2601,0,0,192.00,460242944,611352576,114090264,95883264,18123768,2904,7449760,22132800,1457064,12019,12019,0,0,0,0,0,0,0,0,0.165,0.069,0.000,0,0,0,12019,12019,0,0
travel,56.575,1358.0,1088.742,1088.742,fly,0.988,ok,2601,0,0,192.00,460242944,611352576,114090264,95883264,18123768,2904,11174640,22132800,1285544,12120,12120,0,0,5,0,0,0,0,0,0.070,0.128,0.000,0,0,0,12120,12120,0,0
travel,56.606,1358.7,1089.272,1089.272,fly,0.861,ok,2601,0,0,192.00,460242944,611352576,114090264,95883264,18123768,2904,11174640,22132800,1285544,12120,12120,0,0,0,0,0,0,0,0,0.070,0.068,0.000,0,0,0,12120,12120,0,0
travel,56.636,1359.5,1089.786,1089.786,fly,0.868,ok,2601,0,0,192.00,460242944,611352576,114090264,95883264,18123768,2904,11174640,22132800,1285544,12120,12120,0,0,0,0,0,0,0,0,0.068,0.067,0.000,0,0,0,12120,12120,0,0
travel,56.667,1360.2,1090.299,1090.299,fly,0.866,ok,2601,0,0,192.00,460242944,611352576,114090264,95883264,18123768,2904,11174640,22132800,1285544,12120,12120,0,0,0,0,0,0,0,0,0.069,0.069,0.000,0,0,0,12120,12120,0,0
travel,56.697,1360.9,1090.813,1090.813,fly,0.859,ok,2601,0,0,192.00,460242944,611352576,114090264,95883264,18123768,2904,7449760,22132800,1285544,12120,12120,0,0,0,0,0,0,0,0,0.069,0.066,0.000,0,0,0,12120,12120,0,0
travel,56.727,1361.6,1091.331,1091.331,fly,0.923,ok,2601,0,0,192.00,460242944,611352576,114090264,95883264,18123768,2904,7449760,22132800,1285544,12120,12120,0,0,0,0,0,0,0,0,0.078,0.075,0.000,0,0,0,12120,12120,0,0
travel,56.760,1362.4,1091.888,1091.888,fly,0.886,ok,2601,0,0,192.00,460242944,611352576,114090264,95883264,18123768,2904,7449760,22132800,1285544,12120,12120,0,0,0,0,0,0,0,0,0.068,0.073,0.000,0,0,0,12120,12120,0,0
travel,56.790,1363.2,1092.405,1092.405,fly,0.858,ok,2601,0,0,192.00,460242944,611352576,114090264,95883264,18123768,2904,7449760,22132800,1285544,12120,12120,0,0,0,0,0,0,0,0,0.068,0.068,0.000,0,0,0,12120,12120,0,0
travel,56.821,1363.9,1092.921,1092.921,fly,1.019,ok,2601,0,0,192.00,460242944,611352576,114090264,95883264,18123768,2904,7449760,22132800,1285544,12120,12120,0,0,0,0,0,0,0,0,0.081,0.114,0.000,0,0,0,12120,12120,0,0
travel,56.851,1364.6,1093.436,1093.436,fly,0.882,ok,2601,0,0,192.00,460242944,611352576,114090264,95883264,18123768,2904,7449760,22132800,1285544,12120,12120,0,0,0,0,0,0,0,0,0.068,0.072,0.000,0,0,0,12120,12120,0,0
travel,56.881,1365.4,1093.950,1093.950,fly,0.846,ok,2601,0,0,192.00,460242944,611352576,114090264,95883264,18123768,2904,7449760,22132800,1285544,12120,12120,0,0,0,0,0,0,0,0,0.067,0.065,0.000,0,0,0,12120,12120,0,0
travel,56.911,1366.1,1094.463,1094.463,fly,0.883,ok,2601,0,0,192.00,460242944,611352576,114090264,95883264,18123768,2904,7449760,22132800,1285544,12120,12120,0,0,0,0,0,0,0,0,0.072,0.072,0.000,0,0,0,12120,12120,0,0
travel,56.942,1366.8,1094.983,1094.983,fly,0.869,ok,2601,0,0,192.00,460242944,611352576,114090264,95883264,18123768,2904,7449760,22132800,1285544,12120,12120,0,0,0,0,0,0,0,0,0.067,0.073,0.000,0,0,0,12120,12120,0,0
travel,56.972,1367.5,1095.499,1095.499,fly,0.856,ok,2601,0,0,192.00,460242944,611352576,114090264,95883264,18123768,2904,7449760,22132800,1285544,12120,12120,0,0,0,0,0,0,0,0,0.065,0.064,0.000,0,0,0,12120,12120,0,0
travel,57.003,1368.3,1096.011,1096.011,fly,4.886,ok,2537,64,100,192.00,460242944,611352576,111282968,93523968,17677816,2904,11174640,14983704,1289672,12157,12221,37,101,37,37,37,0,0,0,0.585,0.109,0.000,0,0,0,12157,12157,0,0
travel,57.048,1369.4,1096.782,1096.782,fly,0.857,ok,2601,0,0,192.00,460242944,611352576,114090264,95883264,18123768,2904,11174640,22132800,1337848,12221,12221,0,0,0,0,0,0,0,0,0.066,0.066,0.000,0,0,0,12221,12221,0,0
travel,57.078,1370.1,1097.298,1097.298,fly,0.920,ok,2601,0,0,192.00,460242944,611352576,114090264,95883264,18123768,2904,11174640,22132800,1337848,12221,12221,0,0,0,0,0,0,0,0,0.069,0.072,0.000,0,0,0,12221,12221,0,0
travel,57.109,1370.8,1097.812,1097.812,fly,0.897,ok,2601,0,0,192.00,460242944,611352576,114090264,95883264,18123768,2904,11174640,22132800,1337848,12221,12221,0,0,0,0,0,0,0,0,0.071,0.071,0.000,0,0,0,12221,12221,0,0
travel,57.139,1371.5,1098.327,1098.327,fly,0.862,ok,2601,0,0,192.00,460242944,611352576,114090264,95883264,18123768,2904,11174640,22132800,1337848,12221,12221,0,0,0,0,0,0,0,0,0.069,0.068,0.000,0,0,0,12221,12221,0,0
travel,57.169,1372.3,1098.839,1098.839,fly,0.948,ok,2601,0,0,192.00,460242944,611352576,114090264,95883264,18123768,2904,7449760,22132800,1337848,12221,12221,0,0,0,0,0,0,0,0,0.154,0.065,0.000,0,0,0,12221,12221,0,0
travel,57.199,1373.0,1099.353,1099.353,fly,0.863,ok,2601,0,0,192.00,460242944,611352576,114090264,95883264,18123768,2904,7449760,22132800,1337848,12221,12221,0,0,0,0,0,0,0,0,0.066,0.070,0.000,0,0,0,12221,12221,0,0
travel,57.229,1373.7,1099.866,1099.866,fly,0.928,ok,2601,0,0,192.00,460242944,611352576,114090264,95883264,18123768,2904,7449760,22132800,1337848,12221,12221,0,0,0,0,0,0,0,0,0.069,0.070,0.000,0,0,0,12221,12221,0,0
travel,57.266,1374.6,1100.494,1100.494,fly,0.899,ok,2601,0,0,192.00,460242944,611352576,114090264,95883264,18123768,2904,7449760,22132800,1337848,12221,12221,0,0,0,0,0,0,0,0,0.067,0.081,0.000,0,0,0,12221,12221,0,0
travel,57.300,1375.4,1101.068,1101.068,fly,0.918,ok,2601,0,0,192.00,460242944,611352576,114090264,95883264,18123768,2904,7449760,22132800,1337848,12221,12221,0,0,0,0,0,0,0,0,0.067,0.071,0.000,0,0,0,12221,12221,0,0
travel,57.333,1376.2,1101.632,1101.632,fly,0.932,ok,2601,0,0,192.00,460242944,611352576,114090264,95883264,18123768,2904,7449760,22132800,1337848,12221,12221,0,0,0,0,0,0,0,0,0.066,0.122,0.000,0,0,0,12221,12221,0,0
travel,57.365,1377.0,1102.161,1102.161,fly,0.926,ok,2601,0,0,192.00,460242944,611352576,114090264,95883264,18123768,2904,7449760,22132800,1337848,12221,12221,0,0,0,0,0,0,0,0,0.076,0.080,0.000,0,0,0,12221,12221,0,0
travel,57.395,1377.7,1102.682,1102.682,fly,0.954,ok,2601,0,0,192.00,460242944,611352576,114090264,95883264,18123768,2904,7449760,22132800,1337848,12221,12221,0,0,0,0,0,0,0,0,0.071,0.104,0.000,0,0,0,12221,12221,0,0
travel,57.425,1378.4,1103.197,1103.197,fly,0.874,ok,2601,0,0,192.00,460242944,611352576,114090264,95883264,18123768,2904,7449760,22132800,1337848,12221,12221,0,0,0,0,0,0,0,0,0.070,0.069,0.000,0,0,0,12221,12221,0,0
travel,57.456,1379.2,1103.714,1103.714,fly,0.988,ok,2601,0,0,192.00,460242944,611352576,114090264,95883264,18123768,2904,7449760,22132800,1337848,12221,12221,0,0,0,0,0,0,0,0,0.164,0.074,0.000,0,0,0,12221,12221,0,0
travel,57.501,1380.2,1104.474,1104.474,fly,1.156,ok,2601,0,60,192.00,460242944,611352576,114090264,95883264,18123768,2904,11174640,19002144,1381277,12322,12322,0,0,9,0,0,0,0,0,0.070,0.082,0.000,0,0,0,12322,12322,0,0
travel,57.533,1381.0,1105.022,1105.022,fly,0.878,ok,2601,0,0,192.00,460242944,611352576,114090264,95883264,18123768,2904,11174640,22132800,1393140,12322,12322,0,0,0,0,0,0,0,0,0.068,0.071,0.000,0,0,0,12322,12322,0,0
travel,57.564,1381.7,1105.543,1105.543,fly,0.911,ok,2601,0,0,192.00,460242944,611352576,114090264,95883264,18123768,2904,11174640,22132800,1393140,12322,12322,0,0,0,0,0,0,0,0,0.072,0.075,0.000,0,0,0,12322,12322,0,0
travel,57.594,1382.5,1106.062,1106.062,fly,0.869,ok,2601,0,0,192.00,460242944,611352576,114090264,95883264,18123768,2904,11174640,22132800,1393140,12322,12322,0,0,0,0,0,0,0,0,0.068,0.073,0.000,0,0,0,12322,12322,0,0
travel,57.624,1383.2,1106.575,1106.575,fly,0.863,ok,2601,0,0,192.00,460242944,611352576,114090264,95883264,18123768,2904,7449760,22132800,1393140,12322,12322,0,0,0,0,0,0,0,0,0.068,0.068,0.000,0,0,0,12322,12322,0,0
travel,57.655,1383.9,1107.090,1107.090,fly,0.872,ok,2601,0,0,192.00,460242944,611352576,114090264,95883264,18123768,2904,7449760,22132800,1393140,12322,12322,0,0,0,0,0,0,0,0,0.068,0.073,0.000,0,0,0,12322,12322,0,0
travel,57.685,1384.7,1107.602,1107.602,fly,0.886,ok,2601,0,0,192.00,460242944,611352576,114090264,95883264,18123768,2904,7449760,22132800,1393140,12322,12322,0,0,0,0,0,0,0,0,0.069,0.076,0.000,0,0,0,12322,12322,0,0
travel,57.715,1385.4,1108.124,1108.124,fly,0.863,ok,2601,0,0,192.00,460242944,611352576,114090264,95883264,18123768,2904,7449760,22132800,1393140,12322,12322,0,0,0,0,0,0,0,0,0.067,0.066,0.000,0,0,0,12322,12322,0,0
travel,57.746,1386.1,1108.640,1108.640,fly,1.001,ok,2601,0,0,192.00,460242944,611352576,114090264,95883264,18123768,2904,7449760,22132800,1393140,12322,12322,0,0,0,0,0,0,0,0,0.172,0.081,0.000,0,0,0,12322,12322,0,0
travel,57.776,1386.9,1109.153,1109.153,fly,0.860,ok,2601,0,0,192.00,460242944,611352576,114090264,95883264,18123768,2904,7449760,22132800,1393140,12322,12322,0,0,0,0,0,0,0,0,0.066,0.069,0.000,0,0,0,12322,12322,0,0
travel,57.806,1387.6,1109.670,1109.670,fly,0.870,ok,2601,0,0,192.00,460242944,611352576,114090264,95883264,18123768,2904,7449760,22132800,1393140,12322,12322,0,0,0,0,0,0,0,0,0.066,0.071,0.000,0,0,0,12322,12322,0,0
travel,57.836,1388.3,1110.183,1110.183,fly,0.945,ok,2601,0,0,192.00,460242944,611352576,114090264,95883264,18123768,2904,7449760,22132800,1393140,12322,12322,0,0,0,0,0,0,0,0,0.073,0.111,0.000,0,0,0,12322,12322,0,0
travel,57.867,1389.0,1110.702,1110.702,fly,0.858,ok,2601,0,0,192.00,460242944,611352576,114090264,95883264,18123768,2904,7449760,22132800,1393140,12322,12322,0,0,0,0,0,0,0,0,0.065,0.065,0.000,0,0,0,12322,12322,0,0
travel,57.897,1389.8,1111.213,1111.213,fly,0.861,ok,2601,0,0,192.00,460242944,611352576,114090264,95883264,18123768,2904,7449760,22132800,1393140,12322,12322,0,0,0,0,0,0,0,0,0.064,0.070,0.000,0,0,0,12322,12322,0,0
travel,57.927,1390.5,1111.724,1111.724,fly,0.863,ok,2601,0,0,192.00,460242944,611352576,114090264,95883264,18123768,2904,7449760,22132800,1393140,12322,12322,0,0,0,0,0,0,0,0,0.066,0.074,0.000,0,0,0,12322,12322,0,0
travel,57.971,1391.5,1112.462,1112.462,fly,1.168,ok,2601,0,68,192.00,460242944,611352576,114090264,95883264,18123768,2904,11174640,18584736,1433840,12423,12423,0,0,5,0,0,0,0,0,0.070,0.084,0.000,0,0,0,12423,12423,0,0
travel,58.003,1392.3,1113.007,1113.007,fly,0.964,ok,2601,0,0,192.00,460242944,611352576,114090264,95883264,18123768,2904,11174640,22132800,1446292,12423,12423,0,0,0,0,0,0,0,0,0.069,0.111,0.000,0,0,0,12423,12423,0,0
travel,58.033,1393.0,1113.523,1113.523,fly,0.872,ok,2601,0,0,192.00,460242944,611352576,114090264,95883264,18123768,2904,11174640,22132800,1446292,12423,12423,0,0,0,0,0,0,0,0,0.069,0.067,0.000,0,0,0,12423,12423,0,0
travel,58.063,1393.8,1114.040,1114.040,fly,0.909,ok,2601,0,0,192.00,460242944,611352576,114090264,95883264,18123768,2904,11174640,22132800,1446292,12423,12423,0,0,0,0,0,0,0,0,0.067,0.075,0.000,0,0,0,12423,12423,0,0
travel,58.094,1394.5,1114.552,1114.552,fly,1.083,ok,2601,0,0,192.00,460242944,611352576,114090264,95883264,18123768,2904,7449760,22132800,1446292,12423,12423,0,0,0,0,0,0,0,0,0.148,0.106,0.000,0,0,0,12423,12423,0,0
travel,58.124,1395.2,1115.066,1115.066,fly,0.873,ok,2601,0,0,192.00,460242944,611352576,114090264,95883264,18123768,2904,7449760,22132800,1446292,12423,12423,0,0,0,0,0,0,0,0,0.067,0.071,0.000,0,0,0,12423,12423,0,0
travel,58.154,1395.9,1115.582,1115.582,fly,0.874,ok,2601,0,0,192.00,460242944,611352576,114090264,95883264,18123768,2904,7449760,22132800,1446292,12423,12423,0,0,0,0,0,0,0,0,0.067,0.070,0.000,0,0,0,12423,12423,0,0
travel,58.184,1396.7,1116.092,1116.092,fly,0.855,ok,2601,0,0,192.00,460242944,611352576,114090264,95883264,18123768,2904,7449760,22132800,1446292,12423,12423,0,0,0,0,0,0,0,0,0.066,0.065,0.000,0,0,0,12423,12423,0,0
travel,58.215,1397.4,1116.619,1116.619,fly,0.892,ok,2601,0,0,192.00,460242944,611352576,114090264,95883264,18123768,2904,7449760,22132800,1446292,12423,12423,0,0,0,0,0,0,0,0,0.066,0.074,0.000,0,0,0,12423,12423,0,0
travel,58.246,1398.1,1117.138,1117.138,fly,0.877,ok,2601,0,0,192.00,460242944,611352576,114090264,95883264,18123768,2904,7449760,22132800,1446292,12423,12423,0,0,0,0,0,0,0,0,0.065,0.070,0.000,0,0,0,12423,12423,0,0
travel,58.276,1398.9,1117.650,1117.650,fly,0.876,ok,2601,0,0,192.00,460242944,611352576,114090264,95883264,18123768,2904,7449760,22132800,1446292,12423,12423,0,0,0,0,0,0,0,0,0.066,0.070,0.000,0,0,0,12423,12423,0,0
travel,58.306,1399.6,1118.165,1118.165,fly,0.861,ok,2601,0,0,192.00,460242944,611352576,114090264,95883264,18123768,2904,7449760,22132800,1446292,12423,12423,0,0,0,0,0,0,0,0,0.068,0.067,0.000,0,0,0,12423,12423,0,0
travel,58.336,1400.3,1118.677,1118.677,fly,0.859,ok,2601,0,0,192.00,460242944,611352576,114090264,95883264,18123768,2904,7449760,22132800,1446292,12423,12423,0,0,0,0,0,0,0,0,0.067,0.066,0.000,0,0,0,12423,12423,0,0
travel,58.366,1401.0,1119.190,1119.190,fly,0.861,ok,2601,0,0,192.00,460242944,611352576,114090264,95883264,18123768,2904,7449760,22132800,1446292,12423,12423,0,0,0,0,0,0,0,0,0.066,0.068,0.000,0,0,0,12423,12423,0,0
travel,58.397,1401.8,1119.709,1119.709,fly,0.862,ok,2601,0,0,192.00,460242944,611352576,114090264,95883264,18123768,2904,7449760,22132800,1446292,12423,12423,0,0,0,0,0,0,0,0,0.065,0.071,0.000,0,0,0,12423,12423,0,0
travel,58.441,1402.8,1120.464,1120.464,fly,1.154,ok,2601,0,89,192.00,460242944,611352576,114090264,95883264,18123768,2904,11174640,17489040,1262794,12524,12524,0,0,5,0,0,0,0,0,0.070,0.085,0.000,0,0,0,12524,12524,0,0
travel,58.474,1403.6,1121.024,1121.024,fly,0.891,ok,2601,0,0,192.00,460242944,611352576,114090264,95883264,18123768,2904,11174640,22132800,1279137,12524,12524,0,0,0,0,0,0,0,0,0.069,0.071,0.000,0,0,0,12524,12524,0,0
travel,58.505,1404.4,1121.544,1121.544,fly,0.861,ok,2601,0,0,192.00,460242944,611352576,114090264,95883264,18123768,2904,11174640,22132800,1279137,12524,12524,0,0,0,0,0,0,0,0,0.071,0.065,0.000,0,0,0,12524,12524,0,0
travel,58.535,1405.1,1122.059,1122.059,fly,0.873,ok,2601,0,0,192.00,460242944,611352576,114090264,95883264,18123768,2904,11174640,22132800,1279137,12524,12524,0,0,0,0,0,0,0,0,0.068,0.070,0.000,0,0,0,12524,12524,0,0
travel,58.566,1405.8,1122.576,1122.576,fly,0.897,ok,2601,0,0,192.00,460242944,611352576,114090264,95883264,18123768,2904,7449760,22132800,1279137,12524,12524,0,0,0,0,0,0,0,0,0.069,0.072,0.000,0,0,0,12524,12524,0,0
travel,58.596,1406.6,1123.094,1123.094,fly,0.900,ok,2601,0,0,192.00,460242944,611352576,114090264,95883264,18123768,2904,7449760,22132800,1279137,12524,12524,0,0,0,0,0,0,0,0,0.069,0.076,0.000,0,0,0,12524,12524,0,0
travel,58.626,1407.3,1123.610,1123.610,fly,0.885,ok,2601,0,0,192.00,460242944,611352576,114090264,95883264,18123768,2904,7449760,22132800,1279137,12524,12524,0,0,0,0,0,0,0,0,0.071,0.073,0.000,0,0,0,12524,12524,0,0
travel,58.656,1408.0,1124.122,1124.122,fly,0.864,ok,2601,0,0,192.00,460242944,611352576,114090264,95883264,18123768,2904,7449760,22132800,1279137,12524,12524,0,0,0,0,0,0,0,0,0.067,0.068,0.000,0,0,0,12524,12524,0,0
travel,58.687,1408.7,1124.633,1124.633,fly,0.878,ok,2601,0,0,192.00,460242944,611352576,114090264,95883264,18123768,2904,7449760,22132800,1279137,12524,12524,0,0,0,0,0,0,0,0,0.066,0.068,0.000,0,0,0,12524,12524,0,0
travel,58.717,1409.5,1125.149,1125.149,fly,1.364,ok,2601,0,0,192.00,460242944,611352576,114090264,95883264,18123768,2904,7449760,22132800,1279137,12524,12524,0,0,0,0,0,0,0,0,0.320,0.254,0.000,0,0,0,12524,12524,0,0
travel,58.748,1410.2,1125.676,1125.676,fly,0.872,ok,2601,0,0,192.00,460242944,611352576,114090264,95883264,18123768,2904,7449760,22132800,1279137,12524,12524,0,0,0,0,0,0,0,0,0.066,0.081,0.000,0,0,0,12524,12524,0,0
travel,58.778,1410.9,1126.189,1126.189,fly,0.865,ok,2601,0,0,192.00,460242944,611352576,114090264,95883264,18123768,2904,7449760,22132800,1279137,12524,12524,0,0,0,0,0,0,0,0,0.068,0.067,0.000,0,0,0,12524,12524,0,0
travel,58.808,1411.7,1126.700,1126.700,fly,0.875,ok,2601,0,0,192.00,460242944,611352576,114090264,95883264,18123768,2904,7449760,22132800,1279137,12524,12524,0,0,0,0,0,0,0,0,0.066,0.076,0.000,0,0,0,12524,12524,0,0
travel,58.838,1412.4,1127.210,1127.210,fly,1.076,ok,2601,0,0,192.00,460242944,611352576,114090264,95883264,18123768,2904,7449760,22132800,1279137,12524,12524,0,0,0,0,0,0,0,0,0.075,0.156,0.000,0,0,0,12524,12524,0,0
travel,58.869,1413.1,1127.726,1127.726,fly,0.864,ok,2601,0,0,192.00,460242944,611352576,114090264,95883264,18123768,2904,7449760,22132800,1279137,12524,12524,0,0,0,0,0,0,0,0,0.066,0.067,0.000,0,0,0,12524,12524,0,0
travel,58.910,1414.1,1128.432,1128.432,fly,1.241,ok,2601,0,76,192.00,460242944,611352576,114090264,95883264,18123768,2904,11174640,18167328,1318483,12625,12625,0,0,8,0,0,0,0,0,0.071,0.106,0.000,0,0,0,12625,12625,0,0
travel,58.942,1414.9,1128.979,1128.979,fly,0.869,ok,2601,0,0,192.00,460242944,611352576,114090264,95883264,18123768,2904,11174640,22132800,1331633,12625,12625,0,0,0,0,0,0,0,0,0.067,0.066,0.000,0,0,0,12625,12625,0,0
travel,58.973,1415.6,1129.495,1129.495,fly,1.115,ok,2601,0,0,192.00,460242944,611352576,114090264,95883264,18123768,2904,11174640,22132800,1331633,12625,12625,0,0,0,0,0,0,0,0,0.147,0.115,0.000,0,0,0,12625,12625,0,0
travel,59.003,1416.4,1130.018,1130.018,fly,0.875,ok,2601,0,0,192.00,460242944,611352576,114090264,95883264,18123768,2904,11174640,22132800,1331633,12625,12625,0,0,0,0,0,0,0,0,0.067,0.070,0.000,0,0,0,12625,12625,0,0
travel,59.034,1417.1,1130.533,1130.533,fly,0.870,ok,2601,0,0,192.00,460242944,611352576,114090264,95883264,18123768,2904,7449760,22132800,1331633,12625,12625,0,0,0,0,0,0,0,0,0.066,0.070,0.000,0,0,0,12625,12625,0,0
travel,59.064,1417.8,1131.044,1131.044,fly,0.861,ok,2601,0,0,192.00,460242944,611352576,114090264,95883264,18123768,2904,7449760,22132800,1331633,12625,12625,0,0,0,0,0,0,0,0,0.070,0.066,0.000,0,0,0,12625,12625,0,0
travel,59.094,1418.5,1131.556,1131.556,fly,0.910,ok,2601,0,0,192.00,460242944,611352576,114090264,95883264,18123768,2904,7449760,22132800,1331633,12625,12625,0,0,0,0,0,0,0,0,0.066,0.111,0.000,0,0,0,12625,12625,0,0
travel,59.124,1419.3,1132.074,1132.074,fly,0.869,ok,2601,0,0,192.00,460242944,611352576,114090264,95883264,18123768,2904,7449760,22132800,1331633,12625,12625,0,0,0,0,0,0,0,0,0.067,0.069,0.000,0,0,0,12625,12625,0,0
travel,59.155,1420.0,1132.589,1132.589,fly,0.870,ok,2601,0,0,192.00,460242944,611352576,114090264,95883264,18123768,2904,7449760,22132800,1331633,12625,12625,0,0,0,0,0,0,0,0,0.067,0.070,0.000,0,0,0,12625,12625,0,0
travel,59.185,1420.7,1133.105,1133.105,fly,0.913,ok,2601,0,0,192.00,460242944,611352576,114090264,95883264,18123768,2904,7449760,22132800,1331633,12625,12625,0,0,0,0,0,0,0,0,0.067,0.083,0.000,0,0,0,12625,12625,0,0
travel,59.215,1421.5,1133.621,1133.621,fly,0.861,ok,2601,0,0,192.00,460242944,611352576,114090264,95883264,18123768,2904,7449760,22132800,1331633,12625,12625,0,0,0,0,0,0,0,0,0.065,0.065,0.000,0,0,0,12625,12625,0,0
travel,59.245,1422.2,1134.132,1134.132,fly,0.865,ok,2601,0,0,192.00,460242944,611352576,114090264,95883264,18123768,2904,7449760,22132800,1331633,12625,12625,0,0,0,0,0,0,0,0,0.066,0.069,0.000,0,0,0,12625,12625,0,0
travel,59.276,1422.9,1134.644,1134.644,fly,0.856,ok,2601,0,0,192.00,460242944,611352576,114090264,95883264,18123768,2904,7449760,22132800,1331633,12625,12625,0,0,0,0,0,0,0,0,0.067,0.067,0.000,0,0,0,12625,12625,0,0
travel,59.306,1423.6,1135.168,1135.168,fly,1.116,ok,2601,0,0,192.00,460242944,611352576,114090264,95883264,18123768,2904,7449760,22132800,1331633,12625,12625,0,0,0,0,0,0,0,0,0.220,0.108,0.000,0,0,0,12625,12625,0,0
travel,59.337,1424.4,1135.681,1135.681,fly,0.861,ok,2601,0,0,192.00,460242944,611352576,114090264,95883264,18123768,2904,7449760,22132800,1331633,12625,12625,0,0,0,0,0,0,0,0,0.068,0.068,0.000,0,0,0,12625,12625,0,0
travel,59.381,1425.4,1136.438,1136.438,fly,1.166,ok,2601,0,65,192.00,460242944,611352576,114090264,95883264,18123768,2904,11174640,18741264,1373965,12726,12726,0,0,7,0,0,0,0,0,0.070,0.084,0.000,0,0,0,12726,12726,0,0
travel,59.413,1426.2,1136.982,1136.982,fly,0.986,ok,2601,0,0,192.00,460242944,611352576,114090264,95883264,18123768,2904,11174640,22132800,1386173,12726,12726,0,0,0,0,0,0,0,0,0.074,0.096,0.000,0,0,0,12726,12726,0,0
travel,59.443,1426.9,1137.494,1137.494,fly,0.863,ok,2601,0,0,192.00,460242944,611352576,114090264,95883264,18123768,2904,11174640,22132800,1386173,12726,12726,0,0,0,0,0,0,0,0,0.068,0.066,0.000,0,0,0,12726,12726,0,0
travel,59.473,1427.7,1138.008,1138.008,fly,0.916,ok,2601,0,0,192.00,460242944,611352576,114090264,95883264,18123768,2904,11174640,22132800,1386173,12726,12726,0,0,0,0,0,0,0,0,0.070,0.074,0.000,0,0,0,12726,12726,0,0
travel,59.504,1428.4,1138.521,1138.521,fly,0.866,ok,2601,0,0,192.00,460242944,611352576,114090264,95883264,18123768,2904,11174640,22132800,1386173,12726,12726,0,0,0,0,0,0,0,0,0.067,0.066,0.000,0,0,0,12726,12726,0,0
travel,59.534,1429.1,1139.037,1139.037,fly,0.865,ok,2601,0,0,192.00,460242944,611352576,114090264,95883264,18123768,2904,7449760,22132800,1386173,12726,12726,0,0,0,0,0,0,0,0,0.067,0.068,0.000,0,0,0,12726,12726,0,0
travel,59.565,1429.8,1139.556,1139.556,fly,0.969,ok,2601,0,0,192.00,460242944,611352576,114090264,95883264,18123768,2904,7449760,22132800,1386173,12726,12726,0,0,0,0,0,0,0,0,0.068,0.138,0.000,0,0,0,12726,12726,0,0
travel,59.595,1430.6,1140.069,1140.069,fly,0.882,ok,2601,0,0,192.00,460242944,611352576,114090264,95883264,18123768,2904,7449760,22132800,1386173,12726,12726,0,0,0,0,0,0,0,0,0.068,0.073,0.000,0,0,0,12726,12726,0,0
travel,59.625,1431.3,1140.582,1140.582,fly,0.867,ok,2601,0,0,192.00,460242944,611352576,114090264,95883264,18123768,2904,7449760,22132800,1386173,12726,12726,0,0,0,0,0,0,0,0,0.068,0.069,0.000,0,0,0,12726,12726,0,0
travel,59.655,1432.0,1141.098,1141.098,fly,0.879,ok,2601,0,0,192.00,460242944,611352576,114090264,95883264,18123768,2904,7449760,22132800,1386173,12726,12726,0,0,0,0,0,0,0,0,0.068,0.070,0.000,0,0,0,12726,12726,0,0
travel,59.686,1432.8,1141.625,1141.625,fly,0.865,ok,2601,0,0,192.00,460242944,611352576,114090264,95883264,18123768,2904,7449760,22132800,1386173,12726,12726,0,0,0,0,0,0,0,0,0.065,0.069,0.000,0,0,0,12726,12726,0,0
travel,59.717,1433.5,1142.144,1142.144,fly,0.920,ok,2601,0,0,192.00,460242944,611352576,114090264,95883264,18123768,2904,7449760,22132800,1386173,12726,12726,0,0,0,0,0,0,0,0,0.070,0.075,0.000,0,0,0,12726,12726,0,0
travel,59.748,1434.3,1142.674,1142.674,fly,0.863,ok,2601,0,0,192.00,460242944,611352576,114090264,95883264,18123768,2904,7449760,22132800,1386173,12726,12726,0,0,0,0,0,0,0,0,0.068,0.064,0.000,0,0,0,12726,12726,0,0
travel,59.778,1435.0,1143.188,1143.188,fly,0.866,ok,2601,0,0,192.00,460242944,611352576,114090264,95883264,18123768,2904,7449760,22132800,1386173,12726,12726,0,0,0,0,0,0,0,0,0.066,0.069,0.000,0,0,0,12726,12726,0,0
travel,59.808,1435.7,1143.702,1143.702,fly,0.899,ok,2601,0,0,192.00,460242944,611352576,114090264,95883264,18123768,2904,7449760,22132800,1386173,12726,12726,0,0,0,0,0,0,0,0,0.068,0.074,0.000,0,0,0,12726,12726,0,0
travel,59.851,1436.7,1144.422,1144.422,fly,1.215,ok,2601,0,83,192.00,460242944,611352576,114090264,95883264,18123768,2904,11174640,17802096,1424733,12827,12827,0,0,7,0,0,0,0,0,0.074,0.096,0.000,0,0,0,12827,12827,0,0
travel,59.883,1437.5,1144.975,1144.975,fly,0.919,ok,2601,0,0,192.00,460242944,611352576,114090264,95883264,18123768,2904,11174640,22132800,1440921,12827,12827,0,0,0,0,0,0,0,0,0.071,0.079,0.000,0,0,0,12827,12827,0,0
travel,59.914,1438.2,1145.490,1145.490,fly,0.864,ok,2601,0,0,192.00,460242944,611352576,114090264,95883264,18123768,2904,11174640,22132800,1440921,12827,12827,0,0,0,0,0,0,0,0,0.068,0.065,0.000,0,0,0,12827,12827,0,0
travel,59.944,1439.0,1146.000,1146.000,fly,0.864,ok,2601,0,0,192.00,460242944,611352576,114090264,95883264,18123768,2904,11174640,22132800,1440921,12827,12827,0,0,0,0,0,0,0,0,0.067,0.064,0.000,0,0,0,12827,12827,0,0
travel,59.974,1439.7,1146.515,1146.515,fly,0.859,ok,2601,0,0,192.00,460242944,611352576,114090264,95883264,18123768,2904,11174640,22132800,1440921,12827,12827,0,0,0,0,0,0,0,0,0.067,0.065,0.000,0,0,0,12827,12827,0,0
travel,60.004,1440.4,1147.034,1147.034,fly,1.083,ok,2601,0,0,192.00,460242944,611352576,114090264,95883264,18123768,2904,7449760,22132800,1440921,12827,12827,0,0,0,0,0,0,0,0,0.082,0.128,0.000,0,0,0,12827,12827,0,0
travel,60.035,1441.2,1147.549,1147.549,fly,0.872,ok,2601,0,0,192.00,460242944,611352576,114090264,95883264,18123768,2904,7449760,22132800,1440921,12827,12827,0,0,0,0,0,0,0,0,0.069,0.069,0.000,0,0,0,12827,12827,0,0
travel,60.065,1441.9,1148.063,1148.063,fly,0.886,ok,2601,0,0,192.00,460242944,611352576,114090264,95883264,18123768,2904,7449760,22132800,1440921,12827,12827,0,0,0,0,0,0,0,0,0.069,0.073,0.000,0,0,0,12827,12827,0,0
travel,60.095,1442.6,1148.580,1148.580,fly,0.871,ok,2601,0,0,192.00,460242944,611352576,114090264,95883264,18123768,2904,7449760,22132800,1440921,12827,12827,0,0,0,0,0,0,0,0,0.072,0.069,0.000,0,0,0,12827,12827,0,0
travel,60.125,1443.3,1149.090,1149.090,fly,0.897,ok,2601,0,0,192.00,460242944,611352576,114090264,95883264,18123768,2904,7449760,22132800,1440921,12827,12827,0,0,0,0,0,0,0,0,0.069,0.076,0.000,0,0,0,12827,12827,0,0
travel,60.155,1444.1,1149.601,1149.601,fly,0.871,ok,2601,0,0,192.00,460242944,611352576,114090264,95883264,18123768,2904,7449760,22132800,1440921,12827,12827,0,0,0,0,0,0,0,0,0.068,0.068,0.000,0,0,0,12827,12827,0,0
travel,60.186,1444.8,1150.114,1150.114,fly,1.131,ok,2601,0,0,192.00,460242944,611352576,114090264,95883264,18123768,2904,7449760,22132800,1440921,12827,12827,0,0,0,0,0,0,0,0,0.145,0.112,0.000,0,0,0,12827,12827,0,0
travel,60.216,1445.5,1150.632,1150.632,fly,0.865,ok,2601,0,0,192.00,460242944,611352576,114090264,95883264,18123768,2904,7449760,22132800,1440921,12827,12827,0,0,0,0,0,0,0,0,0.068,0.067,0.000,0,0,0,12827,12827,0,0
travel,60.247,1446.2,1151.149,1151.149,fly,1.062,ok,2601,0,0,192.00,460242944,611352576,114090264,95883264,18123768,2904,7449760,22132800,1440921,12827,12827,0,0,0,0,0,0,0,0,0.078,0.126,0.000,0,0,0,12827,12827,0,0
travel,60.277,1447.0,1151.663,1151.663,fly,0.877,ok,2601,0,0,192.00,460242944,611352576,114090264,95883264,18123768,2904,7449760,22132800,1440921,12827,12827,0,0,0,0,0,0,0,0,0.067,0.078,0.000,0,0,0,12827,12827,0,0
travel,60.321,1448.0,1152.417,1152.417,fly,1.192,ok,2601,0,100,192.00,460242944,611352576,114090264,95883264,18123768,2904,11174640,16915104,1254141,12928,12928,0,0,6,0,0,0,0,0,0.071,0.092,0.000,0,0,0,12928,12928,0,0
travel,60.354,1448.8,1152.978,1152.978,fly,0.868,ok,2601,0,0,192.00,460242944,611352576,114090264,95883264,18123768,2904,11174640,22132800,1271607,12928,12928,0,0,0,0,0,0,0,0,0.068,0.068,0.000,0,0,0,12928,12928,0,0
travel,60.384,1449.6,1153.488,1153.488,fly,1.046,ok,2601,0,0,192.00,460242944,611352576,114090264,95883264,18123768,2904,11174640,22132800,1271607,12928,12928,0,0,0,0,0,0,0,0,0.078,0.133,0.000,0,0,0,12928,12928,0,0
travel,60.414,1450.3,1154.003,1154.003,fly,0.941,ok,2601,0,0,192.00,460242944,611352576,114090264,95883264,18123768,2904,11174640,22132800,1271607,12928,12928,0,0,0,0,0,0,0,0,0.069,0.075,0.000,0,0,0,12928,12928,0,0
travel,60.445,1451.0,1154.521,1154.521,fly,0.872,ok,2601,0,0,192.00,460242944,611352576,114090264,95883264,18123768,2904,7449760,22132800,1271607,12928,12928,0,0,0,0,0,0,0,0,0.069,0.067,0.000,0,0,0,12928,12928,0,0
travel,60.475,1451.7,1155.033,1155.033,fly,0.863,ok,2601,0,0,192.00,460242944,611352576,114090264,95883264,18123768,2904,7449760,22132800,1271607,12928,12928,0,0,0,0,0,0,0,0,0.068,0.067,0.000,0,0,0,12928,12928,0,0
travel,60.505,1452.5,1155.548,1155.548,fly,0.919,ok,2601,0,0,192.00,460242944,611352576,114090264,95883264,18123768,2904,7449760,22132800,1271607,12928,12928,0,0,0,0,0,0,0,0,0.071,0.082,0.000,0,0,0,12928,12928,0,0
travel,60.535,1453.2,1156.060,1156.060,fly,0.913,ok,2601,0,0,192.00,460242944,611352576,114090264,95883264,18123768,2904,7449760,22132800,1271607,12928,12928,0,0,0,0,0,0,0,0,0.069,0.107,0.000,0,0,0,12928,12928,0,0
travel,60.566,1453.9,1156.571,1156.571,fly,0.868,ok,2601,0,0,192.00,460242944,611352576,114090264,95883264,18123768,2904,7449760,22132800,1271607,12928,12928,0,0,0,0,0,0,0,0,0.067,0.070,0.000,0,0,0,12928,12928,0,0
travel,60.596,1454.6,1157.092,1157.092,fly,0.858,ok,2601,0,0,192.00,460242944,611352576,114090264,95883264,18123768,2904,7449760,22132800,1271607,12928,12928,0,0,0,0,0,0,0,0,0.067,0.065,0.000,0,0,0,12928,12928,0,0
travel,60.626,1455.4,1157.606,1157.606,fly,0.952,ok,2601,0,0,192.00,460242944,611352576,114090264,95883264,18123768,2904,7449760,22132800,1271607,12928,12928,0,0,0,0,0,0,0,0,0.143,0.073,0.000,0,0,0,12928,12928,0,0
travel,60.657,1456.1,1158.127,1158.127,fly,0.871,ok,2601,0,0,192.00,460242944,611352576,114090264,95883264,18123768,2904,7449760,22132800,1271607,12928,12928,0,0,0,0,0,0,0,0,0.067,0.068,0.000,0,0,0,12928,12928,0,0
travel,60.688,1456.9,1158.650,1158.650,fly,0.860,ok,2601,0,0,192.00,460242944,611352576,114090264,95883264,18123768,2904,7449760,22132800,1271607,12928,12928,0,0,0,0,0,0,0,0,0.068,0.067,0.000,0,0,0,12928,12928,0,0
travel,60.718,1457.6,1159.162,1159.162,fly,1.121,ok,2601,0,0,192.00,460242944,611352576,114090264,95883264,18123768,2904,7449760,22132800,1271607,12928,12928,0,0,0,0,0,0,0,0,0.281,0.070,0.000,0,0,0,12928,12928,0,0
travel,60.748,1458.3,1159.674,1159.674,fly,0.912,ok,2601,0,0,192.00,460242944,611352576,114090264,95883264,18123768,2904,7449760,22132800,1271607,12928,12928,0,0,0,0,0,0,0,0,0.071,0.078,0.000,0,0,0,12928,12928,0,0
travel,60.791,1459.3,1160.399,1160.399,fly,1.169,ok,2601,0,90,192.00,460242944,611352576,114090264,95883264,18123768,2904,11174640,17436864,1308485,13029,13029,0,0,8,0,0,0,0,0,0.073,0.088,0.000,0,0,0,13029,13029,0,0
travel,60.823,1460.1,1160.951,1160.951,fly,0.859,ok,2601,0,0,192.00,460242944,611352576,114090264,95883264,18123768,2904,11174640,22132800,1325595,13029,13029,0,0,0,0,0,0,0,0,0.068,0.065,0.000,0,0,0,13029,13029,0,0
travel,60.854,1460.8,1161.465,1161.465,fly,0.872,ok,2601,0,0,192.00,460242944,611352576,114090264,95883264,18123768,2904,11174640,22132800,1325595,13029,13029,0,0,0,0,0,0,0,0,0.068,0.071,0.000,0,0,0,13029,13029,0,0
travel,60.884,1461.6,1161.976,1161.976,fly,0.860,ok,2601,0,0,192.00,460242944,611352576,114090264,95883264,18123768,2904,11174640,22132800,1325595,13029,13029,0,0,0,0,0,0,0,0,0.069,0.068,0.000,0,0,0,13029,13029,0,0
travel,60.914,1462.3,1162.490,1162.490,fly,0.892,ok,2601,0,0,192.00,460242944,611352576,114090264,95883264,18123768,2904,11174640,22132800,1325595,13029,13029,0,0,0,0,0,0,0,0,0.069,0.074,0.000,0,0,0,13029,13029,0,0
travel,60.944,1463.0,1163.002,1163.002,fly,0.912,ok,2601,0,0,192.00,460242944,611352576,114090264,95883264,18123768,2904,7449760,22132800,1325595,13029,13029,0,0,0,0,0,0,0,0,0.070,0.068,0.000,0,0,0,13029,13029,0,0
travel,60.974,1463.7,1163.518,1163.518,fly,0.874,ok,2601,0,0,192.00,460242944,611352576,114090264,95883264,18123768,2904,7449760,22132800,1325595,13029,13029,0,0,0,0,0,0,0,0,0.070,0.072,0.000,0,0,0,13029,13029,0,0
travel,61.004,1464.5,1164.030,1164.030,fly,1.081,ok,2601,0,0,192.00,460242944,611352576,114090264,95883264,18123768,2904,7449760,22132800,1325595,13029,13029,0,0,0,0,0,0,0,0,0.078,0.160,0.000,0,0,0,13029,13029,0,0
travel,61.035,1465.2,1164.548,1164.548,fly,0.868,ok,2601,0,0,192.00,460242944,611352576,114090264,95883264,18123768,2904,7449760,22132800,1325595,13029,13029,0,0,0,0,0,0,0,0,0.070,0.070,0.000,0,0,0,13029,13029,0,0
travel,61.065,1465.9,1165.058,1165.058,fly,0.960,ok,2601,0,0,192.00,460242944,611352576,114090264,95883264,18123768,2904,7449760,22132800,1325595,13029,13029,0,0,0,0,0,0,0,0,0.078,0.108,0.000,0,0,0,13029,13029,0,0
travel,61.095,1466.6,1165.576,1165.576,fly,0.867,ok,2601,0,0,192.00,460242944,611352576,114090264,95883264,18123768,2904,7449760,22132800,1325595,13029,13029,0,0,0,0,0,0,0,0,0.069,0.069,0.000,0,0,0,13029,13029,0,0
travel,61.126,1467.4,1166.090,1166.090,fly,1.022,ok,2601,0,0,192.00,460242944,611352576,114090264,95883264,18123768,2904,7449760,22132800,1325595,13029,13029,0,0,0,0,0,0,0,0,0.077,0.106,0.000,0,0,0,13029,13029,0,0
travel,61.156,1468.1,1166.608,1166.608,fly,0.947,ok,2601,0,0,192.00,460242944,611352576,114090264,95883264,18123768,2904,7449760,22132800,1325595,13029,13029,0,0,0,0,0,0,0,0,0.070,0.125,0.000,0,0,0,13029,13029,0,0
travel,61.186,1468.8,1167.123,1167.123,fly,0.862,ok,2601,0,0,192.00,460242944,611352576,114090264,95883264,18123768,2904,7449760,22132800,1325595,13029,13029,0,0,0,0,0,0,0,0,0.068,0.065,0.000,0,0,0,13029,13029,0,0
travel,61.217,1469.6,1167.641,1167.641,fly,0.872,ok,2601,0,0,192.00,460185600,611254272,114090264,95883264,18123768,2904,7449760,22132800,1325595,13029,13029,0,0,0,0,0,0,0,0,0.067,0.069,0.000,0,0,0,13029,13029,0,0
travel,61.260,1470.6,1168.378,1168.378,fly,1.178,ok,2601,0,95,192.00,460185600,611254272,114090264,95883264,18123768,2904,11174640,17175984,1361431,13130,13130,0,0,9,0,0,0,0,0,0.073,0.086,0.000,0,0,0,13130,13130,0,0
travel,61.294,1471.4,1168.951,1168.951,fly,0.866,ok,2601,0,0,192.00,460251136,611254272,114090264,95883264,18123768,2904,11174640,22132800,1380103,13130,13130,0,0,0,0,0,0,0,0,0.069,0.066,0.000,0,0,0,13130,13130,0,0
travel,61.324,1472.1,1169.462,1169.462,fly,0.870,ok,2601,0,0,192.00,460251136,611254272,114090264,95883264,18123768,2904,11174640,22132800,1380103,13130,13130,0,0,0,0,0,0,0,0,0.073,0.066,0.000,0,0,0,13130,13130,0,0
travel,61.354,1472.9,1169.975,1169.975,fly,0.874,ok,2601,0,0,192.00,460251136,611254272,114090264,95883264,18123768,2904,11174640,22132800,1380103,13130,13130,0,0,0,0,0,0,0,0,0.069,0.070,0.000,0,0,0,13130,13130,0,0
travel,61.384,1473.6,1170.486,1170.486,fly,0.892,ok,2601,0,0,192.00,460251136,611254272,114090264,95883264,18123768,2904,7449760,22132800,1380103,13130,13130,0,0,0,0,0,0,0,0,0.070,0.074,0.001,0,0,0,13130,13130,0,0
travel,61.414,1474.3,1170.998,1170.998,fly,0.897,ok,2601,0,0,192.00,460251136,611254272,114090264,95883264,18123768,2904,7449760,22132800,1380103,13130,13130,0,0,0,0,0,0,0,0,0.070,0.075,0.000,0,0,0,13130,13130,0,0
travel,61.444,1475.0,1171.510,1171.510,fly,0.866,ok,2601,0,0,192.00,460251136,611254272,114090264,95883264,18123768,2904,7449760,22132800,1380103,13130,13130,0,0,0,0,0,0,0,0,0.069,0.067,0.000,0,0,0,13130,13130,0,0
travel,61.475,1475.8,1172.036,1172.036,fly,0.860,ok,2601,0,0,192.00,460251136,611254272,114090264,95883264,18123768,2904,7449760,22132800,1380103,13130,13130,0,0,0,0,0,0,0,0,0.070,0.065,0.000,0,0,0,13130,13130,0,0
travel,61.505,1476.5,1172.548,1172.548,fly,0.878,ok,2601,0,0,192.00,460251136,611254272,114090264,95883264,18123768,2904,7449760,22132800,1380103,13130,13130,0,0,0,0,0,0,0,0,0.068,0.070,0.000,0,0,0,13130,13130,0,0
travel,61.536,1477.2,1173.061,1173.061,fly,0.863,ok,2601,0,0,192.00,460251136,611254272,114090264,95883264,18123768,2904,7449760,22132800,1380103,13130,13130,0,0,0,0,0,0,0,0,0.067,0.068,0.000,0,0,0,13130,13130,0,0
travel,61.566,1478.0,1173.575,1173.575,fly,0.866,ok,2601,0,0,192.00,460251136,611254272,114090264,95883264,18123768,2904,7449760,22132800,1380103,13130,13130,0,0,0,0,0,0,0,0,0.067,0.068,0.000,0,0,0,13130,13130,0,0
travel,61.596,1478.7,1174.087,1174.087,fly,0.962,ok,2601,0,0,192.00,460251136,611254272,114090264,95883264,18123768,2904,7449760,22132800,1380103,13130,13130,0,0,0,0,0,0,0,0,0.140,0.070,0.000,0,0,0,13130,13130,0,0
travel,61.626,1479.4,1174.602,1174.602,fly,0.886,ok,2601,0,0,192.00,460251136,611254272,114090264,95883264,18123768,2904,7449760,22132800,1380103,13130,13130,0,0,0,0,0,0,0,0,0.071,0.073,0.000,0,0,0,13130,13130,0,0
travel,61.656,1480.1,1175.113,1175.113,fly,0.891,ok,2601,0,0,192.00,460251136,611254272,114090264,95883264,18123768,2904,7449760,22132800,1380103,13130,13130,0,0,0,0,0,0,0,0,0.068,0.069,0.000,0,0,0,13130,13130,0,0
travel,61.686,1480.9,1175.624,1175.624,fly,0.863,ok,2601,0,0,192.00,460251136,611254272,114090264,95883264,18123768,2904,7449760,22132800,1380103,13130,13130,0,0,0,0,0,0,0,0,0.066,0.067,0.000,0,0,0,13130,13130,0,0
travel,61.729,1481.9,1176.354,1176.354,fly,1.199,ok,2601,0,104,192.00,460251136,611254272,114090264,95883264,18123768,2904,11174640,16758576,1414583,13231,13231,0,0,7,0,0,0,0,0,0.074,0.086,0.000,0,0,0,13231,13231,0,0
travel,61.763,1482.7,1176.933,1176.933,fly,0.878,ok,2601,0,0,192.00,460251136,611254272,114090264,95883264,18123768,2904,11174640,22132800,1435835,13231,13231,0,0,0,0,0,0,0,0,0.069,0.072,0.000,0,0,0,13231,13231,0,0
travel,61.794,1483.4,1177.449,1177.449,fly,0.861,ok,2601,0,0,192.00,460251136,611254272,114090264,95883264,18123768,2904,11174640,22132800,1435835,13231,13231,0,0,0,0,0,0,0,0,0.069,0.070,0.000,0,0,0,13231,13231,0,0
travel,61.825,1484.2,1177.972,1177.972,fly,0.861,ok,2601,0,0,192.00,460251136,611254272,114090264,95883264,18123768,2904,11174640,22132800,1435835,13231,13231,0,0,0,0,0,0,0,0,0.070,0.065,0.000,0,0,0,13231,13231,0,0
travel,61.855,1484.9,1178.484,1178.484,fly,0.882,ok,2601,0,0,192.00,460251136,611254272,114090264,95883264,18123768,2904,11174640,22132800,1435835,13231,13231,0,0,0,0,0,0,0,0,0.070,0.067,0.000,0,0,0,13231,13231,0,0
travel,61.885,1485.6,1178.996,1178.996,fly,0.873,ok,2601,0,0,192.00,460251136,611254272,114090264,95883264,18123768,2904,7449760,22132800,1435835,13231,13231,0,0,0,0,0,0,0,0,0.070,0.070,0.000,0,0,0,13231,13231,0,0
travel,61.915,1486.4,1179.510,1179.510,fly,0.885,ok,2601,0,0,192.00,460251136,611254272,114090264,95883264,18123768,2904,7449760,22132800,1435835,13231,13231,0,0,0,0,0,0,0,0,0.070,0.074,0.000,0,0,0,13231,13231,0,0
travel,61.945,1487.1,1180.021,1180.021,fly,0.865,ok,2601,0,0,192.00,460251136,611254272,114090264,95883264,18123768,2904,7449760,22132800,1435835,13231,13231,0,0,0,0,0,0,0,0,0.070,0.067,0.000,0,0,0,13231,13231,0,0
travel,61.975,1487.8,1180.531,1180.531,fly,0.867,ok,2601,0,0,192.00,460251136,611254272,114090264,95883264,18123768,2904,7449760,22132800,1435835,13231,13231,0,0,0,0,0,0,0,0,0.070,0.066,0.000,0,0,0,13231,13231,0,0
travel,62.005,1488.5,1181.045,1181.045,fly,0.878,ok,2601,0,0,192.00,460251136,611254272,114090264,95883264,18123768,2904,7449760,22132800,1435835,13231,13231,0,0,0,0,0,0,0,0,0.069,0.070,0.000,0,0,0,13231,13231,0,0
travel,62.035,1489.2,1181.555,1181.555,fly,1.005,ok,2601,0,0,192.00,460251136,611254272,114090264,95883264,18123768,2904,7449760,22132800,1435835,13231,13231,0,0,0,0,0,0,0,0,0.076,0.113,0.000,0,0,0,13231,13231,0,0
travel,62.066,1490.0,1182.071,1182.071,fly,0.893,ok,2601,0,0,192.00,460251136,611254272,114090264,95883264,18123768,2904,7449760,22132800,1435835,13231,13231,0,0,0,0,0,0,0,0,0.070,0.073,0.000,0,0,0,13231,13231,0,0
travel,62.097,1490.7,1182.595,1182.595,fly,1.086,ok,2601,0,0,192.00,460251136,611254272,114090264,95883264,18123768,2904,7449760,22132800,1435835,13231,13231,0,0,0,0,0,0,0,0,0.071,0.082,0.000,0,0,0,13231,13231,0,0
travel,62.128,1491.5,1183.129,1183.129,fly,0.953,ok,2601,0,0,192.00,460251136,611254272,114090264,95883264,18123768,2904,7449760,22132800,1435835,13231,13231,0,0,0,0,0,0,0,0,0.142,0.072,0.000,0,0,0,13231,13231,0,0
travel,62.158,1492.2,1183.644,1183.644,fly,0.895,ok,2601,0,0,192.00,460251136,611254272,114090264,95883264,18123768,2904,7449760,22132800,1435835,13231,13231,0,0,0,0,0,0,0,0,0.069,0.074,0.000,0,0,0,13231,13231,0,0
travel,62.202,1493.3,1184.395,1184.395,fly,1.163,ok,2601,0,107,192.00,460251136,611254272,114090264,95883264,18123768,2904,11174640,16549872,1251635,13332,13332,0,0,6,0,0,0,0,0,0.072,0.083,0.000,0,0,0,13332,13332,0,0
travel,62.236,1494.1,1184.959,1184.959,fly,0.864,ok,2601,0,0,192.00,460251136,611254272,114090264,95883264,18123768,2904,11174640,22132800,1273585,13332,13332,0,0,0,0,0,0,0,0,0.069,0.065,0.000,0,0,0,13332,13332,0,0
travel,62.266,1494.8,1185.472,1185.472,fly,0.896,ok,2601,0,0,192.00,460251136,611254272,114090264,95883264,18123768,2904,11174640,22132800,1273585,13332,13332,0,0,0,0,0,0,0,0,0.074,0.072,0.000,0,0,0,13332,13332,0,0
travel,62.296,1495.5,1185.984,1185.984,fly,0.866,ok,2601,0,0,192.00,460251136,611254272,114090264,95883264,18123768,2904,11174640,22132800,1273585,13332,13332,0,0,0,0,0,0,0,0,0.068,0.066,0.000,0,0,0,13332,13332,0,0
travel,62.326,1496.2,1186.495,1186.495,fly,0.901,ok,2601,0,0,192.00,460251136,611254272,114090264,95883264,18123768,2904,11174640,22132800,1273585,13332,13332,0,0,0,0,0,0,0,0,0.068,0.076,0.000,0,0,0,13332,13332,0,0
travel,62.356,1497.0,1187.009,1187.009,fly,0.908,ok,2601,0,0,192.00,460251136,611254272,114090264,95883264,18123768,2904,7449760,22132800,1273585,13332,13332,0,0,0,0,0,0,0,0,0.069,0.069,0.000,0,0,0,13332,13332,0,0
travel,62.387,1497.7,1187.535,1187.535,fly,0.866,ok,2601,0,0,192.00,460251136,611254272,114090264,95883264,18123768,2904,7449760,22132800,1273585,13332,13332,0,0,0,0,0,0,0,0,0.068,0.068,0.000,0,0,0,13332,13332,0,0
travel,62.418,1498.4,1188.052,1188.052,fly,0.882,ok,2601,0,0,192.00,460251136,611254272,114090264,95883264,18123768,2904,7449760,22132800,1273585,13332,13332,0,0,0,0,0,0,0,0,0.068,0.073,0.000,0,0,0,13332,13332,0,0
travel,62.448,1499.2,1188.574,1188.574,fly,0.871,ok,2601,0,0,192.00,460251136,611254272,114090264,95883264,18123768,2904,7449760,22132800,1273585,13332,13332,0,0,0,0,0,0,0,0,0.069,0.069,0.000,0,0,0,13332,13332,0,0
travel,62.479,1499.9,1189.088,1189.088,fly,0.869,ok,2601,0,0,192.00,460251136,611254272,114090264,95883264,18123768,2904,7449760,22132800,1273585,13332,13332,0,0,0,0,0,0,0,0,0.068,0.068,0.000,0,0,0,13332,13332,0,0
travel,62.509,1500.6,1189.611,1189.611,fly,0.886,ok,2601,0,0,192.00,460251136,611254272,114090264,95883264,18123768,2904,7449760,22132800,1273585,13332,13332,0,0,0,0,0,0,0,0,0.068,0.071,0.000,0,0,0,13332,13332,0,0
travel,62.539,1501.4,1190.121,1190.121,fly,0.977,ok,2601,0,0,192.00,460251136,611254272,114090264,95883264,18123768,2904,7449760,22132800,1273585,13332,13332,0,0,0,0,0,0,0,0,0.077,0.109,0.000,0,0,0,13332,13332,0,0
travel,62.570,1502.1,1190.636,1190.636,fly,0.860,ok,2601,0,0,192.00,460251136,611254272,114090264,95883264,18123768,2904,7449760,22132800,1273585,13332,13332,0,0,0,0,0,0,0,0,0.067,0.065,0.000,0,0,0,13332,13332,0,0
travel,62.600,1502.8,1191.149,1191.149,fly,0.862,ok,2601,0,0,192.00,460251136,611254272,114090264,95883264,18123768,2904,7449760,22132800,1273585,13332,13332,0,0,0,0,0,0,0,0,0.066,0.067,0.000,0,0,0,13332,13332,0,0
travel,62.630,1503.5,1191.663,1191.663,fly,0.867,ok,2601,0,0,192.00,460251136,611254272,114090264,95883264,18123768,2904,7449760,22132800,1273585,13332,13332,0,0,0,0,0,0,0,0,0.068,0.066,0.000,0,0,0,13332,13332,0,0
travel,62.673,1504.6,1192.387,1192.387,fly,1.171,ok,2601,0,86,192.00,460251136,611254272,114090264,95883264,18123768,2904,11174640,17645568,1311407,13433,13433,0,0,9,0,0,0,0,0,0.073,0.089,0.000,0,0,0,13433,13433,0,0
travel,62.706,1505.4,1192.948,1192.948,fly,0.907,ok,2601,0,0,192.00,460251136,611254272,114090264,95883264,18123768,2904,11174640,22132800,1327273,13433,13433,0,0,0,0,0,0,0,0,0.072,0.072,0.000,0,0,0,13433,13433,0,0
travel,62.736,1506.1,1193.464,1193.464,fly,0.868,ok,2601,0,0,192.00,460251136,611254272,114090264,95883264,18123768,2904,11174640,22132800,1327273,13433,13433,0,0,0,0,0,0,0,0,0.069,0.066,0.000,0,0,0,13433,13433,0,0
travel,62.766,1506.8,1193.975,1193.975,fly,1.017,ok,2601,0,0,192.00,460251136,611254272,114090264,95883264,18123768,2904,11174640,22132800,1327273,13433,13433,0,0,0,0,0,0,0,0,0.081,0.116,0.000,0,0,0,13433,13433,0,0
travel,62.797,1507.5,1194.495,1194.495,fly,0.865,ok,2601,0,0,192.00,460251136,611254272,114090264,95883264,18123768,2904,7449760,22132800,1327273,13433,13433,0,0,0,0,0,0,0,0,0.068,0.068,0.000,0,0,0,13433,13433,0,0
travel,62.827,1508.3,1195.011,1195.011,fly,0.908,ok,2601,0,0,192.00,460251136,611254272,114090264,95883264,18123768,2904,7449760,22132800,1327273,13433,13433,0,0,0,0,0,0,0,0,0.069,0.067,0.000,0,0,0,13433,13433,0,0
travel,62.857,1509.0,1195.521,1195.521,fly,0.870,ok,2601,0,0,192.00,460251136,611254272,114090264,95883264,18123768,2904,7449760,22132800,1327273,13433,13433,0,0,0,0,0,0,0,0,0.069,0.067,0.000,0,0,0,13433,13433,0,0
travel,62.888,1509.7,1196.049,1196.049,fly,0.886,ok,2601,0,0,192.00,460251136,611254272,114090264,95883264,18123768,2904,7449760,22132800,1327273,13433,13433,0,0,0,0,0,0,0,0,0.069,0.071,0.000,0,0,0,13433,13433,0,0
travel,62.919,1510.5,1196.571,1196.571,fly,0.863,ok,2601,0,0,192.00,460251136,611254272,114090264,95883264,18123768,2904,7449760,22132800,1327273,13433,13433,0,0,0,0,0,0,0,0,0.070,0.068,0.000,0,0,0,13433,13433,0,0
travel,62.949,1511.2,1197.086,1197.086,fly,0.865,ok,2601,0,0,192.00,460251136,611254272,114090264,95883264,18123768,2904,7449760,22132800,1327273,13433,13433,0,0,0,0,0,0,0,0,0.067,0.068,0.000,0,0,0,13433,13433,0,0
travel,62.980,1511.9,1197.606,1197.606,fly,0.870,ok,2601,0,0,192.00,460251136,611254272,114090264,95883264,18123768,2904,7449760,22132800,1327273,13433,13433,0,0,0,0,0,0,0,0,0.070,0.069,0.000,0,0,0,13433,13433,0,0
travel,63.010,1512.7,1198.119,1198.119,fly,0.946,ok,2601,0,0,192.00,460251136,611254272,114090264,95883264,18123768,2904,7449760,22132800,1327273,13433,13433,0,0,0,0,0,0,0,0,0.069,0.083,0.000,0,0,0,13433,13433,0,0
travel,63.041,1513.4,1198.645,1198.645,fly,0.949,ok,2601,0,0,192.00,460251136,611254272,114090264,95883264,18123768,2904,7449760,22132800,1327273,13433,13433,0,0,0,0,0,0,0,0,0.076,0.108,0.000,0,0,0,13433,13433,0,0
travel,63.071,1514.1,1199.160,1199.160,fly,0.870,ok,2601,0,0,192.00,460251136,611254272,114090264,95883264,18123768,2904,7449760,22132800,1327273,13433,13433,0,0,0,0,0,0,0,0,0.068,0.070,0.000,0,0,0,13433,13433,0,0
travel,63.101,1514.9,1199.674,1199.674,fly,0.876,ok,2601,0,0,192.00,460251136,611254272,114090264,95883264,18123768,2904,7449760,22132800,1327273,13433,13433,0,0,0,0,0,0,0,0,0.068,0.072,0.000,0,0,0,13433,13433,0,0
travel,63.146,1515.9,1200.432,1200.432,fly,1.163,ok,2601,0,70,192.00,460251136,611254272,114090264,95883264,18123768,2904,11174640,18480384,1368215,13534,13534,0,0,8,0,0,0,0,0,0.071,0.089,0.000,0,0,0,13534,13534,0,0
travel,63.178,1516.7,1200.979,1200.979,fly,0.970,ok,2601,0,0,192.00,460251136,611254272,114090264,95883264,18123768,2904,11174640,22132800,1381209,13534,13534,0,0,0,0,0,0,0,0,0.076,0.109,0.000,0,0,0,13534,13534,0,0
travel,63.208,1517.4,1201.490,1201.490,fly,0.863,ok,2601,0,0,192.00,460251136,611254272,114090264,95883264,18123768,2904,11174640,22132800,1381209,13534,13534,0,0,0,0,0,0,0,0,0.067,0.066,0.000,0,0,0,13534,13534,0,0
travel,63.239,1518.2,1202.019,1202.019,fly,0.864,ok,2601,0,0,192.00,460251136,611254272,114090264,95883264,18123768,2904,11174640,22132800,1381209,13534,13534,0,0,0,0,0,0,0,0,0.067,0.067,0.000,0,0,0,13534,13534,0,0
travel,63.270,1518.9,1202.532,1202.532,fly,0.871,ok,2601,0,0,192.00,460251136,611254272,114090264,95883264,18123768,2904,11174640,22132800,1381209,13534,13534,0,0,0,0,0,0,0,0,0.070,0.069,0.000,0,0,0,13534,13534,0,0
travel,63.300,1519.6,1203.054,1203.054,fly,1.047,ok,2601,0,0,192.00,460251136,611254272,114090264,95883264,18123768,2904,7449760,22132800,1381209,13534,13534,0,0,0,0,0,0,0,0,0.079,0.113,0.000,0,0,0,13534,13534,0,0
travel,63.331,1520.4,1203.569,1203.569,fly,0.867,ok,2601,0,0,192.00,460251136,611254272,114090264,95883264,18123768,2904,7449760,22132800,1381209,13534,13534,0,0,0,0,0,0,0,0,0.067,0.069,0.000,0,0,0,13534,13534,0,0
travel,63.361,1521.1,1204.088,1204.088,fly,0.863,ok,2601,0,0,192.00,460251136,611254272,114090264,95883264,18123768,2904,7449760,22132800,1381209,13534,13534,0,0,0,0,0,0,0,0,0.065,0.066,0.000,0,0,0,13534,13534,0,0
travel,63.391,1521.8,1204.599,1204.599,fly,0.869,ok,2601,0,0,192.00,460251136,611254272,114090264,95883264,18123768,2904,7449760,22132800,1381209,13534,13534,0,0,0,0,0,0,0,0,0.067,0.067,0.000,0,0,0,13534,13534,0,0
travel,63.421,1522.6,1205.114,1205.114,fly,1.015,ok,2601,0,0,192.00,460251136,611254272,114090264,95883264,18123768,2904,7449760,22132800,1381209,13534,13534,0,0,0,0,0,0,0,0,0.074,0.107,0.000,0,0,0,13534,13534,0,0
travel,63.452,1523.3,1205.631,1205.631,fly,0.867,ok,2601,0,0,192.00,460251136,611254272,114090264,95883264,18123768,2904,7449760,22132800,1381209,13534,13534,0,0,0,0,0,0,0,0,0.064,0.070,0.000,0,0,0,13534,13534,0,0
travel,63.482,1524.0,1206.145,1206.145,fly,0.955,ok,2601,0,0,192.00,460251136,611254272,114090264,95883264,18123768,2904,7449760,22132800,1381209,13534,13534,0,0,0,0,0,0,0,0,0.158,0.062,0.000,0,0,0,13534,13534,0,0
travel,63.512,1524.7,1206.657,1206.657,fly,0.888,ok,2601,0,0,192.00,460251136,611254272,114090264,95883264,18123768,2904,7449760,22132800,1381209,13534,13534,0,0,0,0,0,0,0,0,0.069,0.074,0.000,0,0,0,13534,13534,0,0
travel,63.543,1525.5,1207.182,1207.182,fly,1.062,ok,2601,0,0,192.00,460251136,611254272,114090264,95883264,18123768,2904,7449760,22132800,1381209,13534,13534,0,0,0,0,0,0,0,0,0.098,0.185,0.000,0,0,0,13534,13534,0,0
travel,63.573,1526.2,1207.698,1207.698,fly,1.062,ok,2601,0,0,192.00,460251136,611254272,114090264,95883264,18123768,2904,7449760,22132800,1381209,13534,13534,0,0,0,0,0,0,0,0,0.189,0.080,0.000,0,0,0,13534,13534,0,0
travel,63.617,1527.3,1208.433,1208.433,fly,1.200,ok,2601,0,73,192.00,460251136,611254272,114090264,95883264,18123768,2904,11174640,18323856,1422893,13635,13635,0,0,7,0,0,0,0,0,0.069,0.088,0.000,0,0,0,13635,13635,0,0
travel,63.649,1528.0,1208.980,1208.980,fly,0.872,ok,2601,0,0,192.00,460251136,611254272,114090264,95883264,18123768,2904,11174640,22132800,1436529,13635,13635,0,0,0,0,0,0,0,0,0.068,0.068,0.000,0,0,0,13635,13635,0,0
travel,63.679,1528.8,1209.496,1209.496,fly,1.008,ok,2601,0,0,192.00,460251136,611254272,114090264,95883264,18123768,2904,11174640,22132800,1436529,13635,13635,0,0,0,0,0,0,0,0,0.080,0.161,0.000,0,0,0,13635,13635,0,0
travel,63.710,1529.5,1210.012,1210.012,fly,0.911,ok,2601,0,0,192.00,460251136,611254272,114090264,95883264,18123768,2904,11174640,22132800,1436529,13635,13635,0,0,0,0,0,0,0,0,0.067,0.068,0.000,0,0,0,13635,13635,0,0
travel,63.740,1530.2,1210.525,1210.525,fly,0.870,ok,2601,0,0,192.00,460251136,611254272,114090264,95883264,18123768,2904,7449760,22132800,1436529,13635,13635,0,0,0,0,0,0,0,0,0.068,0.073,0.000,0,0,0,13635,13635,0,0
travel,63.770,1530.9,1211.043,1211.043,fly,0.879,ok,2601,0,0,192.00,460251136,611254272,114090264,95883264,18123768,2904,7449760,22132800,1436529,13635,13635,0,0,0,0,0,0,0,0,0.069,0.070,0.000,0,0,0,13635,13635,0,0
travel,63.801,1531.7,1211.564,1211.564,fly,0.976,ok,2601,0,0,192.00,460251136,611254272,114090264,95883264,18123768,2904,7449760,22132800,1436529,13635,13635,0,0,0,0,0,0,0,0,0.079,0.109,0.000,0,0,0,13635,13635,0,0
travel,63.831,1532.4,1212.078,1212.078,fly,0.870,ok,2601,0,0,192.00,460251136,611254272,114090264,95883264,18123768,2904,7449760,22132800,1436529,13635,13635,0,0,0,0,0,0,0,0,0.068,0.070,0.000,0,0,0,13635,13635,0,0
travel,63.861,1533.1,1212.590,1212.590,fly,0.895,ok,2601,0,0,192.00,460251136,611254272,114090264,95883264,18123768,2904,7449760,22132800,1436529,13635,13635,0,0,0,0,0,0,0,0,0.067,0.074,0.000,0,0,0,13635,13635,0,0
travel,63.891,1533.9,1213.104,1213.104,fly,0.857,ok,2601,0,0,192.00,460251136,611254272,114090264,95883264,18123768,2904,7449760,22132800,1436529,13635,13635,0,0,0,0,0,0,0,0,0.066,0.069,0.000,0,0,0,13635,13635,0,0
travel,63.922,1534.6,1213.614,1213.614,fly,1.163,ok,2601,0,0,192.00,460251136,611254272,114090264,95883264,18123768,2904,7449760,22132800,1436529,13635,13635,0,0,0,0,0,0,0,0,0.347,0.068,0.000,0,0,0,13635,13635,0,0
travel,63.952,1535.3,1214.130,1214.130,fly,0.857,ok,2601,0,0,192.00,460251136,611254272,114090264,95883264,18123768,2904,7449760,22132800,1436529,13635,13635,0,0,0,0,0,0,0,0,0.065,0.065,0.000,0,0,0,13635,13635,0,0
travel,63.983,1536.1,1214.660,1214.660,fly,0.859,ok,2601,0,0,192.00,460251136,611254272,114090264,95883264,18123768,2904,7449760,22132800,1436529,13635,13635,0,0,0,0,0,0,0,0,0.065,0.068,0.000,0,0,0,13635,13635,0,0
travel,64.013,1536.8,1215.175,1215.175,fly,0.959,ok,2601,0,0,192.00,460251136,611254272,114090264,95883264,18123768,2904,7449760,22132800,1436529,13635,13635,0,0,0,0,0,0,0,0,0.066,0.134,0.000,0,0,0,13635,13635,0,0
travel,64.044,1537.5,1215.692,1215.692,fly,0.868,ok,2601,0,0,192.00,460251136,611254272,114090264,95883264,18123768,2904,7449760,22132800,1436529,13635,13635,0,0,0,0,0,0,0,0,0.066,0.078,0.000,0,0,0,13635,13635,0,0
travel,64.088,1538.6,1216.439,1216.439,fly,1.208,ok,2601,0,98,192.00,460251136,611254272,114090264,95883264,18123768,2904,11174640,17019456,1253322,13736,13736,0,0,8,0,0,0,0,0,0.071,0.091,0.000,0,0,0,13736,13736,0,0
travel,64.121,1539.4,1217.004,1217.004,fly,1.317,ok,2601,0,0,192.00,460251136,611254272,114090264,95883264,18123768,2904,11174640,22132800,1274262,13736,13736,0,0,0,0,0,0,0,0,0.413,0.076,0.000,0,0,0,13736,13736,0,0
travel,64.152,1540.1,1217.528,1217.528,fly,1.151,ok,2601,0,0,192.00,460251136,611254272,114090264,95883264,18123768,2904,11174640,22132800,1274262,13736,13736,0,0,0,0,0,0,0,0,0.069,0.084,0.000,0,0,0,13736,13736,0,0
travel,64.183,1540.9,1218.058,1218.058,fly,0.878,ok,2601,0,0,192.00,460251136,611254272,114090264,95883264,18123768,2904,11174640,22132800,1274262,13736,13736,0,0,0,0,0,0,0,0,0.068,0.073,0.000,0,0,0,13736,13736,0,0
travel,64.214,1541.6,1218.578,1218.578,fly,0.880,ok,2601,0,0,192.00,460251136,611254272,114090264,95883264,18123768,2904,11174640,22132800,1274262,13736,13736,0,0,0,0,0,0,0,0,0.068,0.070,0.000,0,0,0,13736,13736,0,0
travel,64.244,1542.3,1219.097,1219.097,fly,0.854,ok,2601,0,0,192.00,460251136,611254272,114090264,95883264,18123768,2904,7449760,22132800,1274262,13736,13736,0,0,0,0,0,0,0,0,0.067,0.065,0.000,0,0,0,13736,13736,0,0
travel,64.274,1543.1,1219.612,1219.612,fly,0.868,ok,2601,0,0,192.00,460251136,611254272,114090264,95883264,18123768,2904,7449760,22132800,1274262,13736,13736,0,0,0,0,0,0,0,0,0.066,0.067,0.000,0,0,0,13736,13736,0,0
travel,64.305,1543.8,1220.137,1220.137,fly,0.880,ok,2601,0,0,192.00,460251136,611254272,114090264,95883264,18123768,2904,7449760,22132800,1274262,13736,13736,0,0,0,0,0,0,0,0,0.068,0.073,0.000,0,0,0,13736,13736,0,0
travel,64.335,1544.5,1220.650,1220.650,fly,0.865,ok,2601,0,0,192.00,460251136,611254272,114090264,95883264,18123768,2904,7449760,22132800,1274262,13736,13736,0,0,0,0,0,0,0,0,0.067,0.068,0.000,0,0,0,13736,13736,0,0
travel,64.366,1545.3,1221.164,1221.164,fly,0.872,ok,2601,0,0,192.00,460251136,611254272,114090264,95883264,18123768,2904,7449760,22132800,1274262,13736,13736,0,0,0,0,0,0,0,0,0.065,0.070,0.000,0,0,0,13736,13736,0,0
travel,64.396,1546.0,1221.676,1221.676,fly,0.946,ok,2601,0,0,192.00,460251136,611254272,114090264,95883264,18123768,2904,7449760,22132800,1274262,13736,13736,0,0,0,0,0,0,0,0,0.072,0.108,0.000,0,0,0,13736,13736,0,0
travel,64.427,1546.7,1222.205,1222.205,fly,0.930,ok,2601,0,0,192.00,460251136,611254272,114090264,95883264,18123768,2904,7449760,22132800,1274262,13736,13736,0,0,0,0,0,0,0,0,0.067,0.107,0.000,0,0,0,13736,13736,0,0
travel,64.458,1547.5,1222.730,1222.730,fly,0.876,ok,2601,0,0,192.00,460251136,611254272,114090264,95883264,18123768,2904,7449760,22132800,1274262,13736,13736,0,0,0,0,0,0,0,0,0.066,0.069,0.000,0,0,0,13736,13736,0,0
travel,64.488,1548.2,1223.247,1223.247,fly,0.875,ok,2601,0,0,192.00,460251136,611254272,114090264,95883264,18123768,2904,7449760,22132800,1274262,13736,13736,0,0,0,0,0,0,0,0,0.069,0.071,0.000,0,0,0,13736,13736,0,0
travel,64.519,1548.9,1223.763,1223.763,fly,0.869,ok,2601,0,0,192.00,460251136,611254272,114090264,95883264,18123768,2904,7449760,22132800,1274262,13736,13736,0,0,0,0,0,0,0,0,0.066,0.067,0.000,0,0,0,13736,13736,0,0
travel,64.563,1550.0,1224.515,1224.515,fly,1.205,ok,2601,0,38,192.00,460251136,611254272,114090264,95883264,18123768,2904,11174640,20150016,1323154,13837,13837,0,0,7,0,0,0,0,0,0.073,0.089,0.000,0,0,0,13837,13837,0,0
travel,64.595,1550.8,1225.058,1225.058,fly,0.865,ok,2601,0,0,192.00,460251136,611254272,114090264,95883264,18123768,2904,11174640,22132800,1329794,13837,13837,0,0,0,0,0,0,0,0,0.069,0.066,0.000,0,0,0,13837,13837,0,0
travel,64.626,1551.5,1225.589,1225.589,fly,0.902,ok,2601,0,0,192.00,460251136,611254272,114090264,95883264,18123768,2904,11174640,22132800,1329794,13837,13837,0,0,0,0,0,0,0,0,0.070,0.075,0.000,0,0,0,13837,13837,0,0
travel,64.657,1552.3,1226.108,1226.108,fly,0.862,ok,2601,0,0,192.00,460251136,611254272,114090264,95883264,18123768,2904,11174640,22132800,1329794,13837,13837,0,0,0,0,0,0,0,0,0.067,0.065,0.000,0,0,0,13837,13837,0,0
travel,64.687,1553.0,1226.622,1226.622,fly,0.959,ok,2601,0,0,192.00,460251136,611254272,114090264,95883264,18123768,2904,7449760,22132800,1329794,13837,13837,0,0,0,0,0,0,0,0,0.143,0.072,0.000,0,0,0,13837,13837,0,0
travel,64.717,1553.7,1227.142,1227.142,fly,0.874,ok,2601,0,0,192.00,460251136,611254272,114090264,95883264,18123768,2904,7449760,22132800,1329794,13837,13837,0,0,0,0,0,0,0,0,0.068,0.072,0.000,0,0,0,13837,13837,0,0
travel,64.748,1554.4,1227.659,1227.659,fly,0.885,ok,2601,0,0,192.00,460251136,611254272,114090264,95883264,18123768,2904,7449760,22132800,1329794,13837,13837,0,0,0,0,0,0,0,0,0.069,0.072,0.000,0,0,0,13837,13837,0,0
travel,64.778,1555.2,1228.171,1228.171,fly,1.103,ok,2601,0,0,192.00,460251136,611254272,114090264,95883264,18123768,2904,7449760,22132800,1329794,13837,13837,0,0,0,0,0,0,0,0,0.288,0.074,0.000,0,0,0,13837,13837,0,0
travel,64.808,1555.9,1228.685,1228.685,fly,0.872,ok,2601,0,0,192.00,460251136,611254272,114090264,95883264,18123768,2904,7449760,22132800,1329794,13837,13837,0,0,0,0,0,0,0,0,0.066,0.066,0.000,0,0,0,13837,13837,0,0
travel,64.838,1556.6,1229.200,1229.200,fly,0.863,ok,2601,0,0,192.00,460251136,611254272,114090264,95883264,18123768,2904,7449760,22132800,1329794,13837,13837,0,0,0,0,0,0,0,0,0.065,0.067,0.000,0,0,0,13837,13837,0,0
travel,64.869,1557.3,1229.711,1229.711,fly,1.347,ok,2601,0,0,192.00,460251136,611254272,114090264,95883264,18123768,2904,7449760,22132800,1329794,13837,13837,0,0,0,0,0,0,0,0,0.101,0.114,0.000,0,0,0,13837,13837,0,0
travel,64.899,1558.1,1230.236,1230.236,fly,0.861,ok,2601,0,0,192.00,460251136,611254272,114090264,95883264,18123768,2904,7449760,22132800,1329794,13837,13837,0,0,0,0,0,0,0,0,0.066,0.068,0.000,0,0,0,13837,13837,0,0
travel,64.930,1558.8,1230.750,1230.750,fly,0.871,ok,2601,0,0,192.00,460251136,611254272,114090264,95883264,18123768,2904,7449760,22132800,1329794,13837,13837,0,0,0,0,0,0,0,0,0.066,0.070,0.000,0,0,0,13837,13837,0,0
travel,64.960,1559.5,1231.260,1231.260,fly,0.900,ok,2601,0,0,192.00,460251136,611254272,114090264,95883264,18123768,2904,7449760,22132800,1329794,13837,13837,0,0,0,0,0,0,0,0,0.066,0.076,0.000,0,0,0,13837,13837,0,0
travel,64.990,1560.3,1231.775,1231.775,fly,0.917,ok,2601,0,0,192.00,460251136,611254272,114090264,95883264,18123768,2904,7449760,22132800,1329794,13837,13837,0,0,0,0,0,0,0,0,0.068,0.084,0.000,0,0,0,13837,13837,0,0
travel,65.035,1561.4,1232.547,1232.547,fly,1.168,ok,2601,0,37,192.00,460251136,611254272,114090264,95883264,18123768,2904,11174640,20254368,1376856,13938,13938,0,0,8,0,0,0,0,0,0.073,0.082,0.000,0,0,0,13938,13938,0,0
travel,65.068,1562.1,1233.093,1233.093,fly,1.205,ok,2601,0,0,192.00,460251136,611254272,114090264,95883264,18123768,2904,11174640,22132800,1382658,13938,13938,0,0,0,0,0,0,0,0,0.238,0.113,0.000,0,0,0,13938,13938,0,0
travel,65.098,1562.9,1233.613,1233.613,fly,0.865,ok,2601,0,0,192.00,460251136,611254272,114090264,95883264,18123768,2904,11174640,22132800,1382658,13938,13938,0,0,0,0,0,0,0,0,0.068,0.070,0.000,0,0,0,13938,13938,0,0
travel,65.128,1563.6,1234.126,1234.126,fly,1.039,ok,2601,0,0,192.00,460251136,611254272,114090264,95883264,18123768,2904,11174640,22132800,1382658,13938,13938,0,0,0,0,0,0,0,0,0.068,0.088,0.000,0,0,0,13938,13938,0,0
travel,65.159,1564.3,1234.644,1234.644,fly,0.875,ok,2601,0,0,192.00,460251136,611254272,114090264,95883264,18123768,2904,7449760,22132800,1382658,13938,13938,0,0,0,0,0,0,0,0,0.065,0.073,0.000,0,0,0,13938,13938,0,0
travel,65.190,1565.1,1235.170,1235.170,fly,0.877,ok,2601,0,0,192.00,460251136,611254272,114090264,95883264,18123768,2904,7449760,22132800,1382658,13938,13938,0,0,0,0,0,0,0,0,0.066,0.071,0.000,0,0,0,13938,13938,0,0
travel,65.220,1565.8,1235.687,1235.687,fly,0.900,ok,2601,0,0,192.00,460251136,611254272,114090264,95883264,18123768,2904,7449760,22132800,1382658,13938,13938,0,0,0,0,0,0,0,0,0.067,0.073,0.000,0,0,0,13938,13938,0,0
travel,65.250,1566.5,1236.198,1236.198,fly,0.887,ok,2601,0,0,192.00,460251136,611254272,114090264,95883264,18123768,2904,7449760,22132800,1382658,13938,13938,0,0,0,0,0,0,0,0,0.067,0.073,0.000,0,0,0,13938,13938,0,0
travel,65.281,1567.3,1236.725,1236.725,fly,0.991,ok,2601,0,0,192.00,460251136,611254272,114090264,95883264,18123768,2904,7449760,22132800,1382658,13938,13938,0,0,0,0,0,0,0,0,0.076,0.107,0.000,0,0,0,13938,13938,0,0
travel,65.311,1568.0,1237.237,1237.237,fly,0.874,ok,2601,0,0,192.00,460251136,611254272,114090264,95883264,18123768,2904,7449760,22132800,1382658,13938,13938,0,0,0,0,0,0,0,0,0.070,0.066,0.000,0,0,0,13938,13938,0,0
travel,65.341,1568.7,1237.750,1237.750,fly,0.872,ok,2601,0,0,192.00,460251136,611254272,114090264,95883264,18123768,2904,7449760,22132800,1382658,13938,13938,0,0,0,0,0,0,0,0,0.065,0.066,0.000,0,0,0,13938,13938,0,0
travel,65.372,1569.4,1238.265,1238.265,fly,0.911,ok,2601,0,0,192.00,460251136,611254272,114090264,95883264,18123768,2904,7449760,22132800,1382658,13938,13938,0,0,0,0,0,0,0,0,0.065,0.077,0.000,0,0,0,13938,13938,0,0
travel,65.402,1570.2,1238.775,1238.775,fly,0.860,ok,2601,0,0,192.00,460251136,611254272,114090264,95883264,18123768,2904,7449760,22132800,1382658,13938,13938,0,0,0,0,0,0,0,0,0.065,0.069,0.000,0,0,0,13938,13938,0,0
travel,65.432,1570.9,1239.285,1239.285,fly,0.869,ok,2601,0,0,192.00,460251136,611254272,114090264,95883264,18123768,2904,7449760,22132800,1382658,13938,13938,0,0,0,0,0,0,0,0,0.065,0.068,0.000,0,0,0,13938,13938,0,0
travel,65.462,1571.6,1239.798,1239.798,fly,0.902,ok,2601,0,0,192.00,460251136,611254272,114090264,95883264,18123768,2904,7449760,22132800,1382658,13938,13938,0,0,0,0,0,0,0,0,0.066,0.074,0.000,0,0,0,13938,13938,0,0
travel,65.506,1572.7,1240.554,1240.554,fly,1.487,ok,2601,0,28,192.00,460251136,611254272,114090264,95883264,18123768,2904,11174640,20723952,1434039,14039,14039,0,0,6,0,0,0,0,0,0.075,0.334,0.000,0,0,0,14039,14039,0,0
travel,65.538,1573.4,1241.094,1241.094,fly,0.869,ok,2601,0,0,192.00,460251136,611254272,114090264,95883264,18123768,2904,11174640,22132800,1439090,14039,14039,0,0,0,0,0,0,0,0,0.067,0.068,0.000,0,0,0,14039,14039,0,0
travel,65.568,1574.2,1241.608,1241.608,fly,0.874,ok,2601,0,0,192.00,460251136,611254272,114090264,95883264,18123768,2904,11174640,22132800,1439090,14039,14039,0,0,0,0,0,0,0,0,0.068,0.068,0.000,0,0,0,14039,14039,0,0
travel,65.599,1574.9,1242.120,1242.120,fly,0.921,ok,2601,0,0,192.00,460251136,611254272,114090264,95883264,18123768,2904,11174640,22132800,1439090,14039,14039,0,0,0,0,0,0,0,0,0.073,0.082,0.000,0,0,0,14039,14039,0,0
travel,65.629,1575.6,1242.638,1242.638,fly,0.968,ok,2601,0,0,192.00,460251136,611254272,114090264,95883264,18123768,2904,7449760,22132800,1439090,14039,14039,0,0,0,0,0,0,0,0,0.077,0.109,0.000,0,0,0,14039,14039,0,0
travel,65.659,1576.4,1243.153,1243.153,fly,0.865,ok,2601,0,0,192.00,460251136,611254272,114090264,95883264,18123768,2904,7449760,22132800,1439090,14039,14039,0,0,0,0,0,0,0,0,0.067,0.065,0.000,0,0,0,14039,14039,0,0
travel,65.689,1577.1,1243.664,1243.664,fly,0.864,ok,2601,0,0,192.00,460251136,611254272,114090264,95883264,18123768,2904,7449760,22132800,1439090,14039,14039,0,0,0,0,0,0,0,0,0.067,0.067,0.000,0,0,0,14039,14039,0,0
travel,65.720,1577.8,1244.180,1244.180,fly,0.873,ok,2601,0,0,192.00,460251136,611254272,114090264,95883264,18123768,2904,7449760,22132800,1439090,14039,14039,0,0,0,0,0,0,0,0,0.072,0.068,0.000,0,0,0,14039,14039,0,0
travel,65.750,1578.5,1244.693,1244.693,fly,0.924,ok,2601,0,0,192.00,460251136,611254272,114090264,95883264,18123768,2904,7449760,22132800,1439090,14039,14039,0,0,0,0,0,0,0,0,0.068,0.079,0.000,0,0,0,14039,14039,0,0
travel,65.780,1579.3,1245.203,1245.203,fly,0.869,ok,2601,0,0,192.00,460251136,611254272,114090264,95883264,18123768,2904,7449760,22132800,1439090,14039,14039,0,0,0,0,0,0,0,0,0.067,0.067,0.000,0,0,0,14039,14039,0,0
travel,65.810,1580.0,1245.721,1245.721,fly,0.877,ok,2601,0,0,192.00,460251136,611254272,114090264,95883264,18123768,2904,7449760,22132800,1439090,14039,14039,0,0,0,0,0,0,0,0,0.068,0.068,0.000,0,0,0,14039,14039,0,0
travel,65.840,1580.7,1246.233,1246.233,fly,0.982,ok,2601,0,0,192.00,460251136,611254272,114090264,95883264,18123768,2904,7449760,22132800,1439090,14039,14039,0,0,0,0,0,0,0,0,0.173,0.065,0.000,0,0,0,14039,14039,0,0
travel,65.871,1581.4,1246.746,1246.746,fly,0.869,ok,2601,0,0,192.00,460251136,611254272,114090264,95883264,18123768,2904,7449760,22132800,1439090,14039,14039,0,0,0,0,0,0,0,0,0.068,0.066,0.000,0,0,0,14039,14039,0,0
travel,65.901,1582.2,1247.266,1247.266,fly,0.878,ok,2601,0,0,192.00,460251136,611254272,114090264,95883264,18123768,2904,7449760,22132800,1439090,14039,14039,0,0,0,0,0,0,0,0,0.067,0.071,0.000,0,0,0,14039,14039,0,0
travel,65.931,1582.9,1247.778,1247.778,fly,1.055,ok,2601,0,0,192.00,460251136,611254272,114090264,95883264,18123768,2904,7449760,22132800,1439090,14039,14039,0,0,0,0,0,0,0,0,0.218,0.071,0.000,0,0,0,14039,14039,0,0
travel,65.977,1584.0,1248.553,1248.553,fly,1.169,ok,2601,0,53,192.00,460251136,611254272,114090264,95883264,18123768,2904,11174640,19367376,1259053,14140,14140,0,0,7,0,0,0,0,0,0.070,0.084,0.000,0,0,0,14140,14140,0,0
travel,66.009,1584.8,1249.097,1249.097,fly,0.871,ok,2601,0,0,192.00,460251136,611254272,114090264,95883264,18123768,2904,11174640,22132800,1269449,14140,14140,0,0,0,0,0,0,0,0,0.068,0.065,0.000,0,0,0,14140,14140,0,0
travel,66.039,1585.5,1249.612,1249.612,fly,0.999,ok,2601,0,0,192.00,460251136,611254272,114090264,95883264,18123768,2904,11174640,22132800,1269449,14140,14140,0,0,0,0,0,0,0,0,0.078,0.111,0.000,0,0,0,14140,14140,0,0
travel,66.070,1586.2,1250.127,1250.127,fly,0.877,ok,2601,0,0,192.00,460251136,611254272,114090264,95883264,18123768,2904,11174640,22132800,1269449,14140,14140,0,0,0,0,0,0,0,0,0.069,0.067,0.000,0,0,0,14140,14140,0,0
travel,66.100,1587.0,1250.647,1250.647,fly,0.876,ok,2601,0,0,192.00,460251136,611254272,114090264,95883264,18123768,2904,7449760,22132800,1269449,14140,14140,0,0,0,0,0,0,0,0,0.071,0.069,0.000,0,0,0,14140,14140,0,0
travel,66.130,1587.7,1251.161,1251.161,fly,0.874,ok,2601,0,0,192.00,460251136,611254272,114090264,95883264,18123768,2904,7449760,22132800,1269449,14140,14140,0,0,0,0,0,0,0,0,0.068,0.067,0.000,0,0,0,14140,14140,0,0
travel,66.161,1588.4,1251.673,1251.673,fly,1.037,ok,2601,0,0,192.00,460251136,611254272,114090264,95883264,18123768,2904,7449760,22132800,1269449,14140,14140,0,0,0,0,0,0,0,0,0.080,0.114,0.000,0,0,0,14140,14140,0,0
travel,66.191,1589.1,1252.193,1252.193,fly,0.877,ok,2601,0,0,192.00,460251136,611254272,114090264,95883264,18123768,2904,7449760,22132800,1269449,14140,14140,0,0,0,0,0,0,0,0,0.068,0.070,0.000,0,0,0,14140,14140,0,0
travel,66.221,1589.9,1252.705,1252.705,fly,0.889,ok,2601,0,0,192.00,460251136,611254272,114090264,95883264,18123768,2904,7449760,22132800,1269449,14140,14140,0,0,0,0,0,0,0,0,0.083,0.071,0.000,0,0,0,14140,14140,0,0
travel,66.251,1590.6,1253.216,1253.216,fly,0.872,ok,2601,0,0,192.00,460251136,611254272,114090264,95883264,18123768,2904,7449760,22132800,1269449,14140,14140,0,0,0,0,0,0,0,0,0.067,0.069,0.000,0,0,0,14140,14140,0,0
travel,66.281,1591.3,1253.726,1253.726,fly,0.975,ok,2601,0,0,192.00,460251136,611254272,114090264,95883264,18123768,2904,7449760,22132800,1269449,14140,14140,0,0,0,0,0,0,0,0,0.078,0.122,0.000,0,0,0,14140,14140,0,0
travel,66.311,1592.0,1254.238,1254.238,fly,0.985,ok,2601,0,0,192.00,460251136,611254272,114090264,95883264,18123768,2904,7449760,22132800,1269449,14140,14140,0,0,0,0,0,0,0,0,0.073,0.110,0.000,0,0,0,14140,14140,0,0
travel,66.342,1592.8,1254.762,1254.762,fly,0.876,ok,2601,0,0,192.00,460251136,611254272,114090264,95883264,18123768,2904,7449760,22132800,1269449,14140,14140,0,0,0,0,0,0,0,0,0.069,0.067,0.000,0,0,0,14140,14140,0,0
travel,66.373,1593.5,1255.288,1255.288,fly,1.228,ok,2601,0,0,192.00,460251136,611254272,114090264,95883264,18123768,2904,7449760,22132800,1269449,14140,14140,0,0,0,0,0,0,0,0,0.071,0.096,0.000,0,0,0,14140,14140,0,0
travel,66.404,1594.3,1255.809,1255.809,fly,0.986,ok,2601,0,0,192.00,460251136,611254272,114090264,95883264,18123768,2904,7449760,22132800,1269449,14140,14140,0,0,0,0,0,0,0,0,0.174,0.070,0.000,0,0,0,14140,14140,0,0
travel,66.449,1595.3,1256.578,1256.578,fly,1.025,ok,2601,0,21,192.00,460251136,611254272,114090264,95883264,18123768,2904,11174640,21037008,1320859,14241,14241,0,0,8,0,0,0,0,0,0.073,0.086,0.000,0,0,0,14241,14241,0,0
travel,66.480,1596.1,1257.100,1257.100,fly,0.868,ok,2601,0,0,192.00,460251136,611254272,114090264,95883264,18123768,2904,11174640,22132800,1324201,14241,14241,0,0,0,0,0,0,0,0,0.069,0.065,0.000,0,0,0,14241,14241,0,0
travel,66.510,1596.8,1257.614,1257.614,fly,0.906,ok,2601,0,0,192.00,460251136,611254272,114090264,95883264,18123768,2904,11174640,22132800,1324201,14241,14241,0,0,0,0,0,0,0,0,0.072,0.074,0.000,0,0,0,14241,14241,0,0
travel,66.540,1597.5,1258.126,1258.126,fly,0.884,ok,2601,0,0,192.00,460251136,611254272,114090264,95883264,18123768,2904,11174640,22132800,1324201,14241,14241,0,0,0,0,0,0,0,0,0.071,0.074,0.000,0,0,0,14241,14241,0,0
travel,66.571,1598.3,1258.645,1258.645,fly,0.994,ok,2601,0,0,192.00,460251136,611254272,114090264,95883264,18123768,2904,7449760,22132800,1324201,14241,14241,0,0,0,0,0,0,0,0,0.079,0.108,0.000,0,0,0,14241,14241,0,0
travel,66.601,1599.0,1259.158,1259.158,fly,0.997,ok,2601,0,0,192.00,460251136,611254272,114090264,95883264,18123768,2904,7449760,22132800,1324201,14241,14241,0,0,0,0,0,0,0,0,0.155,0.074,0.000,0,0,0,14241,14241,0,0
travel,66.631,1599.7,1259.672,1259.672,fly,0.883,ok,2601,0,0,192.00,460251136,611254272,114090264,95883264,18123768,2904,7449760,22132800,1324201,14241,14241,0,0,0,0,0,0,0,0,0.069,0.070,0.000,0,0,0,14241,14241,0,0
travel,66.662,1600.5,1260.197,1260.197,fly,0.881,ok,2601,0,0,192.00,460251136,611254272,114090264,95883264,18123768,2904,7449760,22132800,1324201,14241,14241,0,0,0,0,0,0,0,0,0.068,0.066,0.000,0,0,0,14241,14241,0,0
travel,66.692,1601.2,1260.712,1260.712,fly,0.956,ok,2601,0,0,192.00,460251136,611254272,114090264,95883264,18123768,2904,7449760,22132800,1324201,14241,14241,0,0,0,0,0,0,0,0,0.128,0.077,0.000,0,0,0,14241,14241,0,0
travel,66.723,1601.9,1261.225,1261.225,fly,0.872,ok,2601,0,0,192.00,460251136,611254272,114090264,95883264,18123768,2904,7449760,22132800,1324201,14241,14241,0,0,0,0,0,0,0,0,0.068,0.066,0.000,0,0,0,14241,14241,0,0
travel,66.753,1602.7,1261.745,1261.745,fly,0.880,ok,2601,0,0,192.00,460251136,611254272,114090264,95883264,18123768,2904,7449760,22132800,1324201,14241,14241,0,0,0,0,0,0,0,0,0.067,0.070,0.000,0,0,0,14241,14241,0,0
travel,66.783,1603.4,1262.257,1262.257,fly,0.980,ok,2601,0,0,192.00,460251136,611254272,114090264,95883264,18123768,2904,7449760,22132800,1324201,14241,14241,0,0,0,0,0,0,0,0,0.140,0.071,0.000,0,0,0,14241,14241,0,0
travel,66.814,1604.1,1262.775,1262.775,fly,1.053,ok,2601,0,0,192.00,460251136,611254272,114090264,95883264,18123768,2904,7449760,22132800,1324201,14241,14241,0,0,0,0,0,0,0,0,0.072,0.094,0.000,0,0,0,14241,14241,0,0
travel,66.844,1604.8,1263.293,1263.293,fly,0.992,ok,2601,0,0,192.00,460251136,611254272,114090264,95883264,18123768,2904,7449760,22132800,1324201,14241,14241,0,0,0,0,0,0,0,0,0.075,0.116,0.000,0,0,0,14241,14241,0,0
travel,66.874,1605.6,1263.808,1263.808,fly,0.924,ok,2601,0,0,192.00,460251136,611254272,114090264,95883264,18123768,2904,7449760,22132800,1324201,14241,14241,0,0,0,0,0,0,0,0,0.073,0.080,0.000,0,0,0,14241,14241,0,0
travel,66.920,1606.7,1264.584,1264.584,fly,1.165,ok,2601,0,22,192.00,460251136,611254272,114090264,95883264,18123768,2904,11174640,20984832,1377070,14342,14342,0,0,9,0,0,0,0,0,0.072,0.084,0.000,0,0,0,14342,14342,0,0
travel,66.952,1607.4,1265.122,1265.122,fly,0.874,ok,2601,0,0,192.00,460251136,611254272,114090264,95883264,18123768,2904,11174640,22132800,1381397,14342,14342,0,0,0,0,0,0,0,0,0.069,0.070,0.000,0,0,0,14342,14342,0,0
travel,66.983,1608.2,1265.649,1265.649,fly,1.062,ok,2601,0,0,192.00,460251136,611254272,114090264,95883264,18123768,2904,11174640,22132800,1381397,14342,14342,0,0,0,0,0,0,0,0,0.081,0.111,0.000,0,0,0,14342,14342,0,0
travel,67.013,1608.9,1266.164,1266.164,fly,1.042,ok,2601,0,0,192.00,460251136,611254272,114090264,95883264,18123768,2904,11174640,22132800,1381397,14342,14342,0,0,0,0,0,0,0,0,0.080,0.183,0.000,0,0,0,14342,14342,0,0
travel,67.044,1609.6,1266.686,1266.686,fly,0.877,ok,2601,0,0,192.00,460251136,611254272,114090264,95883264,18123768,2904,7449760,22132800,1381397,14342,14342,0,0,0,0,0,0,0,0,0.069,0.070,0.000,0,0,0,14342,14342,0,0
travel,67.074,1610.4,1267.202,1267.202,fly,0.923,ok,2601,0,0,192.00,460251136,611254272,114090264,95883264,18123768,2904,7449760,22132800,1381397,14342,14342,0,0,0,0,0,0,0,0,0.085,0.073,0.000,0,0,0,14342,14342,0,0
travel,67.104,1611.1,1267.715,1267.715,fly,0.875,ok,2601,0,0,192.00,460251136,611254272,114090264,95883264,18123768,2904,7449760,22132800,1381397,14342,14342,0,0,0,0,0,0,0,0,0.068,0.068,0.000,0,0,0,14342,14342,0,0
travel,67.134,1611.8,1268.226,1268.226,fly,0.920,ok,2601,0,0,192.00,460251136,611254272,114090264,95883264,18123768,2904,7449760,22132800,1381397,14342,14342,0,0,0,0,0,0,0,0,0.071,0.074,0.000,0,0,0,14342,14342,0,0
travel,67.164,1612.5,1268.736,1268.736,fly,0.995,ok,2601,0,0,192.00,460251136,611254272,114090264,95883264,18123768,2904,7449760,22132800,1381397,14342,14342,0,0,0,0,0,0,0,0,0.139,0.078,0.000,0,0,0,14342,14342,0,0
travel,67.195,1613.3,1269.263,1269.263,fly,0.876,ok,2601,0,0,192.00,460251136,611254272,114090264,95883264,18123768,2904,7449760,22132800,1381397,14342,14342,0,0,0,0,0,0,0,0,0.067,0.068,0.000,0,0,0,14342,14342,0,0
travel,67.226,1614.0,1269.776,1269.776,fly,0.868,ok,2601,0,0,192.00,460251136,611254272,114090264,95883264,18123768,2904,7449760,22132800,1381397,14342,14342,0,0,0,0,0,0,0,0,0.066,0.067,0.000,0,0,0,14342,14342,0,0
travel,67.256,1614.7,1270.290,1270.290,fly,1.308,ok,2601,0,0,192.00,460251136,611254272,114090264,95883264,18123768,2904,7449760,22132800,1381397,14342,14342,0,0,0,0,0,0,0,0,0.201,0.317,0.000,0,0,0,14342,14342,0,0
travel,67.287,1615.5,1270.814,1270.814,fly,0.861,ok,2601,0,0,192.00,460251136,611254272,114090264,95883264,18123768,2904,7449760,22132800,1381397,14342,14342,0,0,0,0,0,0,0,0,0.067,0.067,0.000,0,0,0,14342,14342,0,0
travel,67.317,1616.2,1271.326,1271.326,fly,0.869,ok,2601,0,0,192.00,460251136,611254272,114090264,95883264,18123768,2904,7449760,22132800,1381397,14342,14342,0,0,0,0,0,0,0,0,0.068,0.069,0.000,0,0,0,14342,14342,0,0
travel,67.347,1616.9,1271.836,1271.836,fly,0.879,ok,2601,0,0,192.00,460251136,611254272,114090264,95883264,18123768,2904,7449760,22132800,1381397,14342,14342,0,0,0,0,0,0,0,0,0.068,0.068,0.000,0,0,0,14342,14342,0,0
travel,67.388,1617.9,1272.540,1272.540,fly,0.950,ok,2601,0,44,192.00,460251136,611254272,114090264,95883264,18123768,2904,11174640,19836960,1425673,14443,14443,0,0,5,0,0,0,0,0,0.072,0.090,0.000,0,0,0,14443,14443,0,0
travel,67.420,1618.7,1273.081,1273.081,fly,0.998,ok,2601,0,0,192.00,460251136,611254272,114090264,95883264,18123768,2904,11174640,22132800,1435341,14443,14443,0,0,0,0,0,0,0,0,0.181,0.074,0.000,0,0,0,14443,14443,0,0
travel,67.450,1619.4,1273.594,1273.594,fly,0.869,ok,2601,0,0,192.00,460251136,611254272,114090264,95883264,18123768,2904,11174640,22132800,1435341,14443,14443,0,0,0,0,0,0,0,0,0.070,0.070,0.000,0,0,0,14443,14443,0,0
travel,67.480,1620.1,1274.108,1274.108,fly,0.890,ok,2601,0,0,192.00,460251136,611254272,114090264,95883264,18123768,2904,11174640,22132800,1435341,14443,14443,0,0,0,0,0,0,0,0,0.076,0.074,0.000,0,0,0,14443,14443,0,0
travel,67.511,1620.9,1274.619,1274.619,fly,0.954,ok,2601,0,0,192.00,460251136,611254272,114090264,95883264,18123768,2904,7449760,22132800,1435341,14443,14443,0,0,0,0,0,0,0,0,0.141,0.066,0.000,0,0,0,14443,14443,0,0
travel,67.541,1621.6,1275.131,1275.131,fly,0.871,ok,2601,0,0,192.00,460251136,611254272,114090264,95883264,18123768,2904,7449760,22132800,1435341,14443,14443,0,0,0,0,0,0,0,0,0.070,0.066,0.000,0,0,0,14443,14443,0,0
travel,67.571,1622.3,1275.648,1275.648,fly,0.869,ok,2601,0,0,192.00,460251136,611254272,114090264,95883264,18123768,2904,7449760,22132800,1435341,14443,14443,0,0,0,0,0,0,0,0,0.069,0.069,0.000,0,0,0,14443,14443,0,0
travel,67.601,1623.0,1276.161,1276.161,fly,1.023,ok,2601,0,0,192.00,460251136,611254272,114090264,95883264,18123768,2904,7449760,22132800,1435341,14443,14443,0,0,0,0,0,0,0,0,0.072,0.124,0.000,0,0,0,14443,14443,0,0
travel,67.632,1623.8,1276.678,1276.678,fly,0.869,ok,2601,0,0,192.00,460251136,611254272,114090264,95883264,18123768,2904,7449760,22132800,1435341,14443,14443,0,0,0,0,0,0,0,0,0.068,0.071,0.000,0,0,0,14443,14443,0,0
travel,67.662,1624.5,1277.189,1277.189,fly,0.959,ok,2601,0,0,192.00,460251136,611254272,114090264,95883264,18123768,2904,7449760,22132800,1435341,14443,14443,0,0,0,0,0,0,0,0,0.072,0.085,0.000,0,0,0,14443,14443,0,0
travel,67.692,1625.2,1277.703,1277.703,fly,0.874,ok,2601,0,0,192.00,460251136,611254272,114090264,95883264,18123768,2904,7449760,22132800,1435341,14443,14443,0,0,0,0,0,0,0,0,0.068,0.070,0.000,0,0,0,14443,14443,0,0
travel,67.722,1625.9,1278.220,1278.220,fly,0.888,ok,2601,0,0,192.00,460251136,611254272,114090264,95883264,18123768,2904,7449760,22132800,1435341,14443,14443,0,0,0,0,0,0,0,0,0.068,0.078,0.000,0,0,0,14443,14443,0,0
travel,67.752,1626.7,1278.730,1278.730,fly,0.868,ok,2601,0,0,192.00,460251136,611254272,114090264,95883264,18123768,2904,7449760,22132800,1435341,14443,14443,0,0,0,0,0,0,0,0,0.067,0.067,0.000,0,0,0,14443,14443,0,0
travel,67.782,1627.4,1279.240,1279.240,fly,0.869,ok,2601,0,0,192.00,460251136,611254272,114090264,95883264,18123768,2904,7449760,22132800,1435341,14443,14443,0,0,0,0,0,0,0,0,0.066,0.070,0.000,0,0,0,14443,14443,0,0
travel,67.813,1628.1,1279.754,1279.754,fly,0.869,ok,2601,0,0,192.00,460251136,611254272,114090264,95883264,18123768,2904,7449760,22132800,1435341,14443,14443,0,0,0,0,0,0,0,0,0.066,0.066,0.000,0,0,0,14443,14443,0,0
travel,67.857,1629.2,1280.511,1280.511,fly,1.318,ok,2601,0,70,192.00,460251136,611254272,114090264,95883264,18123768,2904,11174640,18480384,1253016,14544,14544,0,0,6,0,0,0,0,0,0.271,0.111,0.000,0,0,0,14544,14544,0,0
travel,67.890,1630.0,1281.070,1281.070,fly,0.996,ok,2601,0,0,192.00,460251136,611254272,114090264,95883264,18123768,2904,11174640,22132800,1267328,14544,14544,0,0,0,0,0,0,0,0,0.078,0.107,0.000,0,0,0,14544,14544,0,0
travel,67.920,1630.7,1281.582,1281.582,fly,0.901,ok,2601,0,0,192.00,460251136,611254272,114090264,95883264,18123768,2904,11174640,22132800,1267328,14544,14544,0,0,0,0,0,0,0,0,0.069,0.075,0.000,0,0,0,14544,14544,0,0
travel,67.951,1631.4,1282.098,1282.098,fly,0.871,ok,2601,0,0,192.00,460251136,611254272,114090264,95883264,18123768,2904,11174640,22132800,1267328,14544,14544,0,0,0,0,0,0,0,0,0.068,0.069,0.000,0,0,0,14544,14544,0,0
travel,67.981,1632.2,1282.608,1282.608,fly,0.882,ok,2601,0,0,192.00,460251136,611254272,114090264,95883264,18123768,2904,7449760,22132800,1267328,14544,14544,0,0,0,0,0,0,0,0,0.072,0.071,0.000,0,0,0,14544,14544,0,0
travel,68.011,1632.9,1283.118,1283.118,fly,0.864,ok,2601,0,0,192.00,460251136,611254272,114090264,95883264,18123768,2904,7449760,22132800,1267328,14544,14544,0,0,0,0,0,0,0,0,0.069,0.065,0.000,0,0,0,14544,14544,0,0
travel,68.041,1633.6,1283.628,1283.628,fly,0.961,ok,2601,0,0,192.00,460251136,611254272,114090264,95883264,18123768,2904,7449760,22132800,1267328,14544,14544,0,0,0,0,0,0,0,0,0.076,0.110,0.000,0,0,0,14544,14544,0,0
travel,68.071,1634.3,1284.145,1284.145,fly,0.865,ok,2601,0,0,192.00,460251136,611254272,114090264,95883264,18123768,2904,7449760,22132800,1267328,14544,14544,0,0,0,0,0,0,0,0,0.068,0.068,0.000,0,0,0,14544,14544,0,0
travel,68.102,1635.1,1284.669,1284.669,fly,0.891,ok,2601,0,0,192.00,460251136,611254272,114090264,95883264,18123768,2904,7449760,22132800,1267328,14544,14544,0,0,0,0,0,0,0,0,0.069,0.073,0.000,0,0,0,14544,14544,0,0
travel,68.133,1635.8,1285.194,1285.194,fly,0.892,ok,2601,0,0,192.00,460251136,611254272,114090264,95883264,18123768,2904,7449760,22132800,1267328,14544,14544,0,0,0,0,0,0,0,0,0.067,0.083,0.000,0,0,0,14544,14544,0,0
travel,68.164,1636.6,1285.720,1285.720,fly,0.889,ok,2601,0,0,192.00,460251136,611254272,114090264,95883264,18123768,2904,7449760,22132800,1267328,14544,14544,0,0,0,0,0,0,0,0,0.070,0.072,0.000,0,0,0,14544,14544,0,0
travel,68.194,1637.3,1286.235,1286.235,fly,0.889,ok,2601,0,0,192.00,460251136,611254272,114090264,95883264,18123768,2904,7449760,22132800,1267328,14544,14544,0,0,0,0,0,0,0,0,0.068,0.086,0.000,0,0,0,14544,14544,0,0
travel,68.224,1638.0,1286.746,1286.746,fly,1.045,ok,2601,0,0,192.00,460251136,611254272,114090264,95883264,18123768,2904,7449760,22132800,1267328,14544,14544,0,0,0,0,0,0,0,0,0.076,0.111,0.000,0,0,0,14544,14544,0,0
travel,68.254,1638.7,1287.263,1287.263,fly,0.865,ok,2601,0,0,192.00,460251136,611254272,114090264,95883264,18123768,2904,7449760,22132800,1267328,14544,14544,0,0,0,0,0,0,0,0,0.068,0.066,0.000,0,0,0,14544,14544,0,0
travel,68.285,1639.5,1287.776,1287.776,fly,0.872,ok,2601,0,0,192.00,460251136,611254272,114090264,95883264,18123768,2904,7449760,22132800,1267328,14544,14544,0,0,0,0,0,0,0,0,0.066,0.070,0.000,0,0,0,14544,14544,0,0
travel,68.329,1640.5,1288.524,1288.524,fly,1.171,ok,2601,0,37,192.00,460251136,611254272,114090264,95883264,18123768,2904,11174640,20254368,1315568,14645,14645,0,0,7,0,0,0,0,0,0.071,0.089,0.000,0,0,0,14645,14645,0,0
travel,68.360,1641.3,1289.062,1289.062,fly,0.862,ok,2601,0,0,192.00,460251136,611254272,114090264,95883264,18123768,2904,11174640,22132800,1321560,14645,14645,0,0,0,0,0,0,0,0,0.070,0.066,0.000,0,0,0,14645,14645,0,0
travel,68.391,1642.0,1289.576,1289.576,fly,0.881,ok,2601,0,0,192.00,460251136,611254272,114090264,95883264,18123768,2904,11174640,22132800,1321560,14645,14645,0,0,0,0,0,0,0,0,0.070,0.070,0.000,0,0,0,14645,14645,0,0
travel,68.421,1642.7,1290.093,1290.093,fly,0.877,ok,2601,0,0,192.00,460251136,611254272,114090264,95883264,18123768,2904,11174640,22132800,1321560,14645,14645,0,0,0,0,0,0,0,0,0.068,0.072,0.000,0,0,0,14645,14645,0,0
travel,68.451,1643.5,1290.612,1290.612,fly,0.873,ok,2601,0,0,192.00,460251136,611254272,114090264,95883264,18123768,2904,7449760,22132800,1321560,14645,14645,0,0,0,0,0,0,0,0,0.070,0.067,0.000,0,0,0,14645,14645,0,0
travel,68.482,1644.2,1291.132,1291.132,fly,0.866,ok,2601,0,0,192.00,460251136,611254272,114090264,95883264,18123768,2904,7449760,22132800,1321560,14645,14645,0,0,0,0,0,0,0,0,0.070,0.070,0.000,0,0,0,14645,14645,0,0
travel,68.512,1644.9,1291.644,1291.644,fly,0.937,ok,2601,0,0,192.00,460251136,611254272,114090264,95883264,18123768,2904,7449760,22132800,1321560,14645,14645,0,0,0,0,0,0,0,0,0.072,0.078,0.000,0,0,0,14645,14645,0,0
travel,68.543,1645.7,1292.161,1292.161,fly,0.867,ok,2601,0,0,192.00,460251136,611254272,114090264,95883264,18123768,2904,7449760,22132800,1321560,14645,14645,0,0,0,0,0,0,0,0,0.070,0.066,0.000,0,0,0,14645,14645,0,0
travel,68.573,1646.4,1292.679,1292.679,fly,0.877,ok,2601,0,0,192.00,460251136,611254272,114090264,95883264,18123768,2904,7449760,22132800,1321560,14645,14645,0,0,0,0,0,0,0,0,0.070,0.074,0.000,0,0,0,14645,14645,0,0
travel,68.604,1647.1,1293.209,1293.209,fly,1.107,ok,2601,0,0,192.00,460251136,611254272,114090264,95883264,18123768,2904,7449760,22132800,1321560,14645,14645,0,0,0,0,0,0,0,0,0.071,0.086,0.000,0,0,0,14645,14645,0,0
travel,68.635,1647.9,1293.724,1293.724,fly,0.887,ok,2601,0,0,192.00,460251136,611254272,114090264,95883264,18123768,2904,7449760,22132800,1321560,14645,14645,0,0,0,0,0,0,0,0,0.069,0.073,0.000,0,0,0,14645,14645,0,0
travel,68.665,1648.6,1294.234,1294.234,fly,0.867,ok,2601,0,0,192.00,460251136,611254272,114090264,95883264,18123768,2904,7449760,22132800,1321560,14645,14645,0,0,0,0,0,0,0,0,0.066,0.066,0.000,0,0,0,14645,14645,0,0
travel,68.695,1649.3,1294.753,1294.753,fly,0.873,ok,2601,0,0,192.00,460251136,611254272,114090264,95883264,18123768,2904,7449760,22132800,1321560,14645,14645,0,0,0,0,0,0,0,0,0.066,0.070,0.000,0,0,0,14645,14645,0,0
travel,68.725,1650.1,1295.264,1295.264,fly,0.873,ok,2601,0,0,192.00,460251136,611254272,114090264,95883264,18123768,2904,7449760,22132800,1321560,14645,14645,0,0,0,0,0,0,0,0,0.068,0.073,0.000,0,0,0,14645,14645,0,0
travel,68.755,1650.8,1295.775,1295.775,fly,1.250,ok,2601,0,0,192.00,460251136,611254272,114090264,95883264,18123768,2904,7449760,22132800,1321560,14645,14645,0,0,0,0,0,0,0,0,0.142,0.292,0.000,0,0,0,14645,14645,0,0
travel,68.802,1651.9,1296.569,1296.569,fly,1.205,ok,2601,0,22,192.00,460775424,611782656,114090264,95883264,18123768,2904,11174640,20984832,1372098,14746,14746,0,0,7,0,0,0,0,0,0.070,0.090,0.000,0,0,0,14746,14746,0,0
travel,68.833,1652.6,1297.097,1297.097,fly,0.888,ok,2601,0,0,192.00,460775424,611782656,114090264,95883264,18123768,2904,11174640,22132800,1376656,14746,14746,0,0,0,0,0,0,0,0,0.069,0.069,0.000,0,0,0,14746,14746,0,0
travel,68.863,1653.4,1297.610,1297.610,fly,0.882,ok,2601,0,0,192.00,460775424,611782656,114090264,95883264,18123768,2904,11174640,22132800,1376656,14746,14746,0,0,0,0,0,0,0,0,0.069,0.068,0.000,0,0,0,14746,14746,0,0
travel,68.894,1654.1,1298.141,1298.141,fly,0.998,ok,2601,0,0,192.00,460775424,611782656,114090264,95883264,18123768,2904,11174640,22132800,1376656,14746,14746,0,0,0,0,0,0,0,0,0.077,0.102,0.000,0,0,0,14746,14746,0,0
travel,68.925,1654.9,1298.664,1298.664,fly,0.886,ok,2601,0,0,192.00,460775424,611782656,114090264,95883264,18123768,2904,7449760,22132800,1376656,14746,14746,0,0,0,0,0,0,0,0,0.072,0.067,0.000,0,0,0,14746,14746,0,0
travel,68.956,1655.6,1299.183,1299.183,fly,0.900,ok,2601,0,0,192.00,460775424,611782656,114090264,95883264,18123768,2904,7449760,22132800,1376656,14746,14746,0,0,0,0,0,0,0,0,0.069,0.074,0.000,0,0,0,14746,14746,0,0
travel,68.986,1656.3,1299.697,1299.697,fly,0.880,ok,2601,0,0,192.00,460775424,611782656,114090264,95883264,18123768,2904,7449760,22132800,1376656,14746,14746,0,0,0,0,0,0,0,0,0.068,0.070,0.000,0,0,0,14746,14746,0,0
travel,69.017,1657.1,1300.227,1300.227,fly,0.901,ok,2601,0,0,192.00,460775424,611782656,114090264,95883264,18123768,2904,7449760,22132800,1376656,14746,14746,0,0,0,0,0,0,0,0,0.070,0.072,0.000,0,0,0,14746,14746,0,0
travel,69.048,1657.8,1300.746,1300.746,fly,0.875,ok,2601,0,0,192.00,460775424,611782656,114090264,95883264,18123768,2904,7449760,22132800,1376656,14746,14746,0,0,0,0,0,0,0,0,0.070,0.068,0.000,0,0,0,14746,14746,0,0
travel,69.078,1658.5,1301.257,1301.257,fly,0.889,ok,2601,0,0,192.00,460775424,611782656,114090264,95883264,18123768,2904,7449760,22132800,1376656,14746,14746,0,0,0,0,0,0,0,0,0.069,0.084,0.000,0,0,0,14746,14746,0,0
travel,69.108,1659.3,1301.773,1301.773,fly,0.869,ok,2601,0,0,192.00,460775424,611782656,114090264,95883264,18123768,2904,7449760,22132800,1376656,14746,14746,0,0,0,0,0,0,0,0,0.068,0.069,0.000,0,0,0,14746,14746,0,0
travel,69.138,1660.0,1302.288,1302.288,fly,0.867,ok,2601,0,0,192.00,460775424,611782656,114090264,95883264,18123768,2904,7449760,22132800,1376656,14746,14746,0,0,0,0,0,0,0,0,0.068,0.065,0.000,0,0,0,14746,14746,0,0
travel,69.169,1660.7,1302.800,1302.800,fly,0.871,ok,2601,0,0,192.00,460775424,611782656,114090264,95883264,18123768,2904,7449760,22132800,1376656,14746,14746,0,0,0,0,0,0,0,0,0.069,0.067,0.000,0,0,0,14746,14746,0,0
travel,69.199,1661.4,1303.313,1303.313,fly,0.881,ok,2601,0,0,192.00,460775424,611782656,114090264,95883264,18123768,2904,7449760,22132800,1376656,14746,14746,0,0,0,0,0,0,0,0,0.067,0.081,0.000,0,0,0,14746,14746,0,0
travel,69.229,1662.2,1303.828,1303.828,fly,0.909,ok,2601,0,0,192.00,460775424,611782656,114090264,95883264,18123768,2904,7449760,22132800,1376656,14746,14746,0,0,0,0,0,0,0,0,0.069,0.074,0.000,0,0,0,14746,14746,0,0
travel,69.273,1663.2,1304.576,1304.576,fly,1.266,ok,2601,0,26,192.00,460775424,611782656,114090264,95883264,18123768,2904,11174640,20776128,1426376,14847,14847,0,0,6,0,0,0,0,0,0.083,0.089,0.000,0,0,0,14847,14847,0,0
travel,69.304,1664.0,1305.107,1305.107,fly,0.869,ok,2601,0,0,192.00,460775424,611782656,114090264,95883264,18123768,2904,11174640,22132800,1431600,14847,14847,0,0,0,0,0,0,0,0,0.068,0.069,0.000,0,0,0,14847,14847,0,0
travel,69.335,1664.7,1305.624,1305.624,fly,0.909,ok,2601,0,0,192.00,460775424,611782656,114090264,95883264,18123768,2904,11174640,22132800,1431600,14847,14847,0,0,0,0,0,0,0,0,0.088,0.074,0.000,0,0,0,14847,14847,0,0
travel,69.365,1665.4,1306.137,1306.137,fly,0.864,ok,2601,0,0,192.00,460775424,611782656,114090264,95883264,18123768,2904,11174640,22132800,1431600,14847,14847,0,0,0,0,0,0,0,0,0.068,0.068,0.000,0,0,0,14847,14847,0,0
travel,69.395,1666.2,1306.649,1306.649,fly,1.042,ok,2601,0,0,192.00,460775424,611782656,114090264,95883264,18123768,2904,7449760,22132800,1431600,14847,14847,0,0,0,0,0,0,0,0,0.078,0.125,0.000,0,0,0,14847,14847,0,0
travel,69.425,1666.9,1307.164,1307.164,fly,1.104,ok,2601,0,0,192.00,460775424,611782656,114090264,95883264,18123768,2904,7449760,22132800,1431600,14847,14847,0,0,0,0,0,0,0,0,0.145,0.105,0.000,0,0,0,14847,14847,0,0
travel,69.456,1667.6,1307.682,1307.682,fly,0.898,ok,2601,0,0,192.00,460775424,611782656,114090264,95883264,18123768,2904,7449760,22132800,1431600,14847,14847,0,0,0,0,0,0,0,0,0.070,0.077,0.000,0,0,0,14847,14847,0,0
travel,69.486,1668.4,1308.204,1308.204,fly,0.878,ok,2601,0,0,192.00,460775424,611782656,114090264,95883264,18123768,2904,7449760,22132800,1431600,14847,14847,0,0,0,0,0,0,0,0,0.067,0.071,0.000,0,0,0,14847,14847,0,0
travel,69.517,1669.1,1308.723,1308.723,fly,1.100,ok,2601,0,0,192.00,460775424,611782656,114090264,95883264,18123768,2904,7449760,22132800,1431600,14847,14847,0,0,0,0,0,0,0,0,0.218,0.082,0.000,0,0,0,14847,14847,0,0
travel,69.547,1669.8,1309.239,1309.239,fly,0.868,ok,2601,0,0,192.00,460775424,611782656,114090264,95883264,18123768,2904,7449760,22132800,1431600,14847,14847,0,0,0,0,0,0,0,0,0.066,0.069,0.000,0,0,0,14847,14847,0,0
travel,69.578,1670.5,1309.753,1309.753,fly,0.866,ok,2601,0,0,192.00,460775424,611782656,114090264,95883264,18123768,2904,7449760,22132800,1431600,14847,14847,0,0,0,0,0,0,0,0,0.068,0.066,0.000,0,0,0,14847,14847,0,0
travel,69.608,1671.3,1310.267,1310.267,fly,0.890,ok,2601,0,0,192.00,460775424,611782656,114090264,95883264,18123768,2904,7449760,22132800,1431600,14847,14847,0,0,0,0,0,0,0,0,0.067,0.071,0.000,0,0,0,14847,14847,0,0
travel,69.638,1672.0,1310.779,1310.779,fly,0.888,ok,2601,0,0,192.00,460775424,611782656,114090264,95883264,18123768,2904,7449760,22132800,1431600,14847,14847,0,0,0,0,0,0,0,0,0.067,0.071,0.000,0,0,0,14847,14847,0,0
travel,69.669,1672.7,1311.302,1311.302,fly,0.901,ok,2601,0,0,192.00,460775424,611782656,114090264,95883264,18123768,2904,7449760,22132800,1431600,14847,14847,0,0,0,0,0,0,0,0,0.067,0.080,0.000,0,0,0,14847,14847,0,0
travel,69.699,1673.5,1311.814,1311.814,fly,0.874,ok,2601,0,0,192.00,460775424,611782656,114090264,95883264,18123768,2904,7449760,22132800,1431600,14847,14847,0,0,0,0,0,0,0,0,0.067,0.066,0.000,0,0,0,14847,14847,0,0
travel,69.748,1674.6,1312.650,1312.650,fly,1.177,ok,2601,0,26,192.00,460775424,611782656,114090264,95883264,18123768,2904,11174640,20776128,1262289,14948,14948,0,0,7,0,0,0,0,0,0.071,0.091,0.000,0,0,0,14948,14948,0,0
travel,69.780,1675.4,1313.189,1313.189,fly,0.874,ok,2601,0,0,192.00,460775424,611782656,114090264,95883264,18123768,2904,11174640,22132800,1266960,14948,14948,0,0,0,0,0,0,0,0,0.068,0.066,0.000,0,0,0,14948,14948,0,0
travel,69.811,1676.1,1313.712,1313.712,fly,0.872,ok,2601,0,0,192.00,460775424,611782656,114090264,95883264,18123768,2904,11174640,22132800,1266960,14948,14948,0,0,0,0,0,0,0,0,0.068,0.066,0.000,0,0,0,14948,14948,0,0
travel,69.841,1676.9,1314.230,1314.230,fly,0.953,ok,2601,0,0,192.00,460775424,611782656,114090264,95883264,18123768,2904,11174640,22132800,1266960,14948,14948,0,0,0,0,0,0,0,0,0.140,0.066,0.000,0,0,0,14948,14948,0,0
travel,69.871,1677.6,1314.745,1314.745,fly,0.878,ok,2601,0,0,192.00,460840960,611782656,114090264,95883264,18123768,2904,7449760,22132800,1266960,14948,14948,0,0,0,0,0,0,0,0,0.070,0.069,0.000,0,0,0,14948,14948,0,0
travel,69.902,1678.3,1315.258,1315.258,fly,0.877,ok,2601,0,0,192.00,460840960,611782656,114090264,95883264,18123768,2904,7449760,22132800,1266960,14948,14948,0,0,0,0,0,0,0,0,0.070,0.070,0.000,0,0,0,14948,14948,0,0
travel,69.932,1679.1,1315.770,1315.770,fly,0.879,ok,2601,0,0,192.00,460840960,611782656,114090264,95883264,18123768,2904,7449760,22132800,1266960,14948,14948,0,0,0,0,0,0,0,0,0.067,0.078,0.000,0,0,0,14948,14948,0,0
travel,69.962,1679.8,1316.281,1316.281,fly,0.886,ok,2601,0,0,192.00,460840960,611782656,114090264,95883264,18123768,2904,7449760,22132800,1266960,14948,14948,0,0,0,0,0,0,0,0,0.070,0.072,0.000,0,0,0,14948,14948,0,0
travel,69.992,1680.5,1316.792,1316.792,fly,0.867,ok,2601,0,0,192.00,460840960,611782656,114090264,95883264,18123768,2904,7449760,22132800,1266960,14948,14948,0,0,0,0,0,0,0,0,0.066,0.066,0.000,0,0,0,14948,14948,0,0
travel,70.022,1681.2,1317.304,1317.304,fly,0.869,ok,2601,0,0,192.00,460840960,611782656,114090264,95883264,18123768,2904,7449760,22132800,1266960,14948,14948,0,0,0,0,0,0,0,0,0.068,0.070,0.000,0,0,0,14948,14948,0,0
travel,70.053,1682.0,1317.830,1317.830,fly,0.863,ok,2601,0,0,192.00,460840960,611782656,114090264,95883264,18123768,2904,7449760,22132800,1266960,14948,14948,0,0,0,0,0,0,0,0,0.068,0.065,0.000,0,0,0,14948,14948,0,0
travel,70.084,1682.7,1318.354,1318.354,fly,1.339,ok,2601,0,0,192.00,460840960,611782656,114090264,95883264,18123768,2904,7449760,22132800,1266960,14948,14948,0,0,0,0,0,0,0,0,0.093,0.137,0.000,0,0,0,14948,14948,0,0
travel,70.114,1683.4,1318.875,1318.875,fly,0.983,ok,2601,0,0,192.00,460840960,611782656,114090264,95883264,18123768,2904,7449760,22132800,1266960,14948,14948,0,0,0,0,0,0,0,0,0.075,0.108,0.000,0,0,0,14948,14948,0,0
travel,70.144,1684.2,1319.385,1319.385,fly,0.871,ok,2601,0,0,192.00,460840960,611782656,114090264,95883264,18123768,2904,7449760,22132800,1266960,14948,14948,0,0,0,0,0,0,0,0,0.065,0.070,0.000,0,0,0,14948,14948,0,0
travel,70.174,1684.9,1319.896,1319.896,fly,0.876,ok,2601,0,0,192.00,460840960,611782656,114090264,95883264,18123768,2904,7449760,22132800,1266960,14948,14948,0,0,0,0,0,0,0,0,0.066,0.066,0.000,0,0,0,14948,14948,0,0
travel,70.219,1686.0,1320.658,1320.658,fly,0.882,ok,2601,0,0,192.00,460840960,611782656,114090264,95883264,18123768,2904,11174640,22132800,1322640,15049,15049,0,0,3,0,0,0,0,0,0.067,0.069,0.000,0,0,0,15049,15049,0,0
travel,70.249,1686.7,1321.170,1321.170,fly,0.864,ok,2601,0,0,192.00,460840960,611782656,114090264,95883264,18123768,2904,11174640,22132800,1322640,15049,15049,0,0,0,0,0,0,0,0,0.067,0.068,0.000,0,0,0,15049,15049,0,0
travel,70.279,1687.4,1321.682,1321.682,fly,0.865,ok,2601,0,0,192.00,460840960,611782656,114090264,95883264,18123768,2904,11174640,22132800,1322640,15049,15049,0,0,0,0,0,0,0,0,0.068,0.068,0.000,0,0,0,15049,15049,0,0
travel,70.309,1688.1,1322.192,1322.192,fly,0.874,ok,2601,0,0,192.00,460840960,611782656,114090264,95883264,18123768,2904,11174640,22132800,1322640,15049,15049,0,0,0,0,0,0,0,0,0.068,0.067,0.000,0,0,0,15049,15049,0,0
travel,70.340,1688.9,1322.713,1322.713,fly,1.093,ok,2601,0,0,192.00,460840960,611782656,114090264,95883264,18123768,2904,7449760,22132800,1322640,15049,15049,0,0,0,0,0,0,0,0,0.079,0.110,0.000,0,0,0,15049,15049,0,0
travel,70.370,1689.6,1323.226,1323.226,fly,0.892,ok,2601,0,0,192.00,460840960,611782656,114090264,95883264,18123768,2904,7449760,22132800,1322640,15049,15049,0,0,0,0,0,0,0,0,0.068,0.071,0.000,0,0,0,15049,15049,0,0
travel,70.400,1690.3,1323.737,1323.737,fly,0.873,ok,2601,0,0,192.00,460840960,611782656,114090264,95883264,18123768,2904,7449760,22132800,1322640,15049,15049,0,0,0,0,0,0,0,0,0.067,0.081,0.000,0,0,0,15049,15049,0,0
travel,70.431,1691.0,1324.250,1324.250,fly,0.875,ok,2601,0,0,192.00,460840960,611782656,114090264,95883264,18123768,2904,7449760,22132800,1322640,15049,15049,0,0,0,0,0,0,0,0,0.068,0.067,0.000,0,0,0,15049,15049,0,0
travel,70.461,1691.8,1324.764,1324.764,fly,1.010,ok,2601,0,0,192.00,460840960,611782656,114090264,95883264,18123768,2904,7449760,22132800,1322640,15049,15049,0,0,0,0,0,0,0,0,0.079,0.113,0.000,0,0,0,15049,15049,0,0
travel,70.491,1692.5,1325.275,1325.275,fly,0.872,ok,2601,0,0,192.00,460840960,611782656,114090264,95883264,18123768,2904,7449760,22132800,1322640,15049,15049,0,0,0,0,0,0,0,0,0.067,0.069,0.000,0,0,0,15049,15049,0,0
travel,70.521,1693.2,1325.785,1325.785,fly,0.863,ok,2601,0,0,192.00,460840960,611782656,114090264,95883264,18123768,2904,7449760,22132800,1322640,15049,15049,0,0,0,0,0,0,0,0,0.066,0.066,0.000,0,0,0,15049,15049,0,0
travel,70.551,1693.9,1326.298,1326.298,fly,0.866,ok,2601,0,0,192.00,460840960,611782656,114090264,95883264,18123768,2904,7449760,22132800,1322640,15049,15049,0,0,0,0,0,0,0,0,0.067,0.066,0.000,0,0,0,15049,15049,0,0
travel,70.581,1694.7,1326.811,1326.811,fly,0.869,ok,2601,0,0,192.00,460840960,611782656,114090264,95883264,18123768,2904,7449760,22132800,1322640,15049,15049,0,0,0,0,0,0,0,0,0.068,0.069,0.000,0,0,0,15049,15049,0,0
travel,70.611,1695.4,1327.322,1327.322,fly,0.947,ok,2601,0,0,192.00,460840960,611782656,114090264,95883264,18123768,2904,7449760,22132800,1322640,15049,15049,0,0,0,0,0,0,0,0,0.069,0.083,0.000,0,0,0,15049,15049,0,0
travel,70.641,1696.1,1327.833,1327.833,fly,0.859,ok,2601,0,0,192.00,460840960,611782656,114090264,95883264,18123768,2904,7449760,22132800,1322640,15049,15049,0,0,0,0,0,0,0,0,0.065,0.065,0.000,0,0,0,15049,15049,0,0
travel,70.688,1697.2,1328.620,1328.620,fly,1.256,ok,2601,0,8,192.00,460840960,611782656,114090264,95883264,18123768,2904,11174640,21715296,1375932,15150,15150,0,0,7,0,0,0,0,0,0.158,0.094,0.000,0,0,0,15150,15150,0,0
travel,70.718,1698.0,1329.143,1329.143,fly,0.872,ok,2601,0,0,192.00,460840960,611782656,114090264,95883264,18123768,2904,11174640,22132800,1376784,15150,15150,0,0,0,0,0,0,0,0,0.069,0.067,0.000,0,0,0,15150,15150,0,0
travel,70.749,1698.7,1329.656,1329.656,fly,0.872,ok,2601,0,0,192.00,460840960,611782656,114090264,95883264,18123768,2904,11174640,22132800,1376784,15150,15150,0,0,0,0,0,0,0,0,0.068,0.070,0.000,0,0,0,15150,15150,0,0
travel,70.779,1699.4,1330.168,1330.168,fly,0.880,ok,2601,0,0,192.00,460840960,611782656,114090264,95883264,18123768,2904,11174640,22132800,1376784,15150,15150,0,0,0,0,0,0,0,0,0.068,0.069,0.000,0,0,0,15150,15150,0,0
travel,70.809,1700.1,1330.682,1330.682,fly,0.881,ok,2601,0,0,192.00,460840960,611782656,114090264,95883264,18123768,2904,7449760,22132800,1376784,15150,15150,0,0,0,0,0,0,0,0,0.069,0.071,0.000,0,0,0,15150,15150,0,0
travel,70.839,1700.9,1331.194,1331.194,fly,0.875,ok,2601,0,0,192.00,460840960,611782656,114090264,95883264,18123768,2904,7449760,22132800,1376784,15150,15150,0,0,0,0,0,0,0,0,0.068,0.068,0.000,0,0,0,15150,15150,0,0
travel,70.869,1701.6,1331.705,1331.705,fly,0.895,ok,2601,0,0,192.00,460840960,611782656,114090264,95883264,18123768,2904,7449760,22132800,1376784,15150,15150,0,0,0,0,0,0,0,0,0.070,0.071,0.000,0,0,0,15150,15150,0,0
travel,70.899,1702.3,1332.222,1332.222,fly,0.866,ok,2601,0,0,192.00,460840960,611782656,114090264,95883264,18123768,2904,7449760,22132800,1376784,15150,15150,0,0,0,0,0,0,0,0,0.068,0.069,0.000,0,0,0,15150,15150,0,0
travel,70.929,1703.0,1332.733,1332.733,fly,1.030,ok,2601,0,0,192.00,460840960,611782656,114090264,95883264,18123768,2904,7449760,22132800,1376784,15150,15150,0,0,0,0,0,0,0,0,0.077,0.111,0.000,0,0,0,15150,15150,0,0
travel,70.960,1703.8,1333.247,1333.247,fly,0.877,ok,2601,0,0,192.00,460840960,611782656,114090264,95883264,18123768,2904,7449760,22132800,1376784,15150,15150,0,0,0,0,0,0,0,0,0.066,0.070,0.000,0,0,0,15150,15150,0,0
travel,70.990,1704.5,1333.766,1333.766,fly,0.864,ok,2601,0,0,192.00,460840960,611782656,114090264,95883264,18123768,2904,7449760,22132800,1376784,15150,15150,0,0,0,0,0,0,0,0,0.067,0.066,0.000,0,0,0,15150,15150,0,0
travel,71.021,1705.2,1334.281,1334.281,fly,0.970,ok,2601,0,0,192.00,460840960,611782656,114090264,95883264,18123768,2904,7449760,22132800,1376784,15150,15150,0,0,0,0,0,0,0,0,0.141,0.074,0.000,0,0,0,15150,15150,0,0
travel,71.051,1706.0,1334.797,1334.797,fly,0.866,ok,2601,0,0,192.00,460840960,611782656,114090264,95883264,18123768,2904,7449760,22132800,1376784,15150,15150,0,0,0,0,0,0,0,0,0.066,0.069,0.000,0,0,0,15150,15150,0,0
travel,71.081,1706.7,1335.315,1335.315,fly,0.867,ok,2601,0,0,192.00,460840960,611782656,114090264,95883264,18123768,2904,7449760,22132800,1376784,15150,15150,0,0,0,0,0,0,0,0,0.066,0.069,0.000,0,0,0,15150,15150,0,0
travel,71.111,1707.4,1335.825,1335.825,fly,0.898,ok,2601,0,0,192.00,460840960,611782656,114090264,95883264,18123768,2904,7449760,22132800,1376784,15150,15150,0,0,0,0,0,0,0,0,0.066,0.074,0.000,0,0,0,15150,15150,0,0
travel,71.156,1708.5,1336.590,1336.590,fly,1.214,ok,2601,0,17,192.00,460840960,611782656,114090264,95883264,18123768,2904,11174640,21245712,1430896,15251,15251,0,0,6,0,0,0,0,0,0.072,0.098,0.000,0,0,0,15251,15251,0,0
travel,71.188,1709.3,1337.128,1337.128,fly,0.920,ok,2601,0,0,192.00,460840960,611782656,114090264,95883264,18123768,2904,11174640,22132800,1433708,15251,15251,0,0,0,0,0,0,0,0,0.069,0.079,0.000,0,0,0,15251,15251,0,0
travel,71.218,1710.0,1337.640,1337.640,fly,0.947,ok,2601,0,0,192.00,460840960,611782656,114090264,95883264,18123768,2904,11174640,22132800,1433708,15251,15251,0,0,0,0,0,0,0,0,0.078,0.107,0.000,0,0,0,15251,15251,0,0
travel,71.249,1710.7,1338.156,1338.156,fly,0.870,ok,2601,0,0,192.00,460840960,611782656,114090264,95883264,18123768,2904,11174640,22132800,1433708,15251,15251,0,0,0,0,0,0,0,0,0.067,0.066,0.000,0,0,0,15251,15251,0,0
travel,71.279,1711.4,1338.670,1338.670,fly,0.868,ok,2601,0,0,192.00,460840960,611782656,114090264,95883264,18123768,2904,11174640,22132800,1433708,15251,15251,0,0,0,0,0,0,0,0,0.067,0.069,0.000,0,0,0,15251,15251,0,0
travel,71.309,1712.2,1339.182,1339.182,fly,0.947,ok,2601,0,0,192.00,460840960,611782656,114090264,95883264,18123768,2904,7449760,22132800,1433708,15251,15251,0,0,0,0,0,0,0,0,0.067,0.152,0.000,0,0,0,15251,15251,0,0
travel,71.339,1712.9,1339.695,1339.695,fly,0.868,ok,2601,0,0,192.00,460840960,611782656,114090264,95883264,18123768,2904,7449760,22132800,1433708,15251,15251,0,0,0,0,0,0,0,0,0.068,0.065,0.000,0,0,0,15251,15251,0,0
travel,71.369,1713.6,1340.205,1340.205,fly,0.948,ok,2601,0,0,192.00,460840960,611782656,114090264,95883264,18123768,2904,7449760,22132800,1433708,15251,15251,0,0,0,0,0,0,0,0,0.139,0.074,0.000,0,0,0,15251,15251,0,0
travel,71.399,1714.3,1340.716,1340.716,fly,0.897,ok,2601,0,0,192.00,460840960,611782656,114090264,95883264,18123768,2904,7449760,22132800,1433708,15251,15251,0,0,0,0,0,0,0,0,0.067,0.077,0.000,0,0,0,15251,15251,0,0
travel,71.430,1715.1,1341.242,1341.242,fly,0.864,ok,2601,0,0,192.00,460840960,611782656,114090264,95883264,18123768,2904,7449760,22132800,1433708,15251,15251,0,0,0,0,0,0,0,0,0.066,0.066,0.000,0,0,0,15251,15251,0,0
travel,71.460,1715.8,1341.752,1341.752,fly,0.880,ok,2601,0,0,192.00,460840960,611782656,114090264,95883264,18123768,2904,7449760,22132800,1433708,15251,15251,0,0,0,0,0,0,0,0,0.067,0.071,0.000,0,0,0,15251,15251,0,0
travel,71.490,1716.5,1342.262,1342.262,fly,0.873,ok,2601,0,0,192.00,460840960,611782656,114090264,95883264,18123768,2904,7449760,22132800,1433708,15251,15251,0,0,0,0,0,0,0,0,0.065,0.070,0.000,0,0,0,15251,15251,0,0
travel,71.520,1717.2,1342.772,1342.772,fly,0.891,ok,2601,0,0,192.00,460840960,611782656,114090264,95883264,18123768,2904,7449760,22132800,1433708,15251,15251,0,0,0,0,0,0,0,0,0.065,0.075,0.000,0,0,0,15251,15251,0,0
travel,71.550,1718.0,1343.282,1343.282,fly,0.866,ok,2601,0,0,192.00,460840960,611782656,114090264,95883264,18123768,2904,7449760,22132800,1433708,15251,15251,0,0,0,0,0,0,0,0,0.065,0.069,0.000,0,0,0,15251,15251,0,0
travel,71.580,1718.7,1343.796,1343.796,fly,0.858,ok,2601,0,0,192.00,460840960,611782656,114090264,95883264,18123768,2904,7449760,22132800,1433708,15251,15251,0,0,0,0,0,0,0,0,0.065,0.066,0.000,0,0,0,15251,15251,0,0
travel,71.625,1719.8,1344.564,1344.564,fly,1.163,ok,2601,0,53,192.00,460840960,611782656,114090264,95883264,18123768,2904,11174640,19367376,1258690,15352,15352,0,0,6,0,0,0,0,0,0.069,0.082,0.000,0,0,0,15352,15352,0,0
travel,71.657,1720.5,1345.104,1345.104,fly,0.907,ok,2601,0,0,192.00,460840960,611782656,114090264,95883264,18123768,2904,11174640,22132800,1267834,15352,15352,0,0,0,0,0,0,0,0,0.068,0.070,0.000,0,0,0,15352,15352,0,0
travel,71.687,1721.3,1345.615,1345.615,fly,0.859,ok,2601,0,0,192.00,460840960,611782656,114090264,95883264,18123768,2904,11174640,22132800,1267834,15352,15352,0,0,0,0,0,0,0,0,0.066,0.065,0.000,0,0,0,15352,15352,0,0
travel,71.718,1722.0,1346.131,1346.131,fly,0.992,ok,2601,0,0,192.00,460840960,611782656,114090264,95883264,18123768,2904,11174640,22132800,1267834,15352,15352,0,0,0,0,0,0,0,0,0.069,0.097,0.000,0,0,0,15352,15352,0,0
travel,71.749,1722.7,1346.662,1346.662,fly,0.977,ok,2601,0,0,192.00,460840960,611782656,114090264,95883264,18123768,2904,7449760,22132800,1267834,15352,15352,0,0,0,0,0,0,0,0,0.074,0.116,0.000,0,0,0,15352,15352,0,0
travel,71.780,1723.5,1347.186,1347.186,fly,0.877,ok,2601,0,0,192.00,460840960,611782656,114090264,95883264,18123768,2904,7449760,22132800,1267834,15352,15352,0,0,0,0,0,0,0,0,0.068,0.072,0.000,0,0,0,15352,15352,0,0
travel,71.810,1724.2,1347.698,1347.698,fly,0.909,ok,2601,0,0,192.00,460840960,611782656,114090264,95883264,18123768,2904,7449760,22132800,1267834,15352,15352,0,0,0,0,0,0,0,0,0.067,0.073,0.000,0,0,0,15352,15352,0,0
travel,71.840,1724.9,1348.211,1348.211,fly,0.863,ok,2601,0,0,192.00,460840960,611782656,114090264,95883264,18123768,2904,7449760,22132800,1267834,15352,15352,0,0,0,0,0,0,0,0,0.067,0.065,0.000,0,0,0,15352,15352,0,0
travel,71.871,1725.7,1348.735,1348.735,fly,0.863,ok,2601,0,0,192.00,460840960,611782656,114090264,95883264,18123768,2904,7449760,22132800,1267834,15352,15352,0,0,0,0,0,0,0,0,0.066,0.068,0.000,0,0,0,15352,15352,0,0
travel,71.903,1726.4,1349.272,1349.272,fly,0.865,ok,2601,0,0,192.00,460840960,611782656,114090264,95883264,18123768,2904,7449760,22132800,1267834,15352,15352,0,0,0,0,0,0,0,0,0.066,0.067,0.000,0,0,0,15352,15352,0,0
travel,71.933,1727.2,1349.788,1349.788,fly,0.879,ok,2601,0,0,192.00,460840960,611782656,114090264,95883264,18123768,2904,7449760,22132800,1267834,15352,15352,0,0,0,0,0,0,0,0,0.065,0.070,0.000,0,0,0,15352,15352,0,0
travel,71.965,1727.9,1350.329,1350.329,fly,0.893,ok,2601,0,0,192.00,460840960,611782656,114090264,95883264,18123768,2904,7449760,22132800,1267834,15352,15352,0,0,0,0,0,0,0,0,0.065,0.071,0.000,0,0,0,15352,15352,0,0
travel,71.995,1728.7,1350.843,1350.843,fly,1.178,ok,2601,0,0,192.00,460840960,611782656,114090264,95883264,18123768,2904,7449760,22132800,1267834,15352,15352,0,0,0,0,0,0,0,0,0.068,0.330,0.000,0,0,0,15352,15352,0,0
travel,72.025,1729.4,1351.363,1351.363,fly,0.914,ok,2601,0,0,192.00,460840960,611782656,114090264,95883264,18123768,2904,7449760,22132800,1267834,15352,15352,0,0,0,0,0,0,0,0,0.067,0.114,0.000,0,0,0,15352,15352,0,0
travel,72.056,1730.1,1351.881,1351.881,fly,1.059,ok,2601,0,0,192.00,460840960,611782656,114090264,95883264,18123768,2904,7449760,22132800,1267834,15352,15352,0,0,0,0,0,0,0,0,0.074,0.143,0.000,0,0,0,15352,15352,0,0
travel,72.102,1731.2,1352.667,1352.667,fly,0.929,ok,2601,0,0,192.00,460840960,611782656,114090264,95883264,18123768,2904,11174640,22132800,1322534,15453,15453,0,0,6,0,0,0,0,0,0.068,0.081,0.000,0,0,0,15453,15453,0,0
travel,72.133,1732.0,1353.190,1353.190,fly,1.031,ok,2601,0,0,192.00,460840960,611782656,114090264,95883264,18123768,2904,11174640,22132800,1322534,15453,15453,0,0,0,0,0,0,0,0,0.163,0.108,0.000,0,0,0,15453,15453,0,0
travel,72.166,1732.8,1353.750,1353.750,fly,1.003,ok,2601,0,0,192.00,460840960,611782656,114090264,95883264,18123768,2904,11174640,22132800,1322534,15453,15453,0,0,0,0,0,0,0,0,0.096,0.167,0.000,0,0,0,15453,15453,0,0
travel,72.198,1733.5,1354.300,1354.300,fly,0.902,ok,2601,0,0,192.00,460840960,611782656,114090264,95883264,18123768,2904,7449760,22132800,1322534,15453,15453,0,0,0,0,0,0,0,0,0.094,0.066,0.000,0,0,0,15453,15453,0,0
travel,72.230,1734.3,1354.832,1354.832,fly,0.957,ok,2601,0,0,192.00,460840960,611782656,114090264,95883264,18123768,2904,7449760,22132800,1322534,15453,15453,0,0,0,0,0,0,0,0,0.118,0.082,0.000,0,0,0,15453,15453,0,0
travel,72.261,1735.0,1355.356,1355.356,fly,0.979,ok,2601,0,0,192.00,460840960,611782656,114090264,95883264,18123768,2904,7449760,22132800,1322534,15453,15453,0,0,0,0,0,0,0,0,0.095,0.095,0.000,0,0,0,15453,15453,0,0
travel,72.292,1735.8,1355.886,1355.886,fly,0.909,ok,2601,0,0,192.00,460840960,611782656,114090264,95883264,18123768,2904,7449760,22132800,1322534,15453,15453,0,0,0,0,0,0,0,0,0.091,0.067,0.000,0,0,0,15453,15453,0,0
travel,72.326,1736.6,1356.469,1356.469,fly,0.899,ok,2601,0,0,192.00,460840960,611782656,114090264,95883264,18123768,2904,7449760,22132800,1322534,15453,15453,0,0,0,0,0,0,0,0,0.090,0.067,0.000,0,0,0,15453,15453,0,0
travel,72.359,1737.4,1357.026,1357.026,fly,0.937,ok,2601,0,0,192.00,460840960,611782656,114090264,95883264,18123768,2904,7449760,22132800,1322534,15453,15453,0,0,0,0,0,0,0,0,0.068,0.091,0.000,0,0,0,15453,15453,0,0
travel,72.390,1738.1,1357.552,1357.552,fly,0.878,ok,2601,0,0,192.00,460840960,611782656,114090264,95883264,18123768,2904,7449760,22132800,1322534,15453,15453,0,0,0,0,0,0,0,0,0.067,0.068,0.000,0,0,0,15453,15453,0,0
travel,72.420,1738.9,1358.068,1358.068,fly,0.900,ok,2601,0,0,192.00,460840960,611782656,114090264,95883264,18123768,2904,7449760,22132800,1322534,15453,15453,0,0,0,0,0,0,0,0,0.067,0.103,0.000,0,0,0,15453,15453,0,0
travel,72.451,1739.6,1358.584,1358.584,fly,0.871,ok,2601,0,0,192.00,460840960,611782656,114090264,95883264,18123768,2904,7449760,22132800,1322534,15453,15453,0,0,0,0,0,0,0,0,0.069,0.069,0.000,0,0,0,15453,15453,0,0
travel,72.481,1740.3,1359.105,1359.105,fly,0.866,ok,2601,0,0,192.00,460840960,611782656,114090264,95883264,18123768,2904,7449760,22132800,1322534,15453,15453,0,0,0,0,0,0,0,0,0.066,0.068,0.000,0,0,0,15453,15453,0,0
travel,72.512,1741.1,1359.621,1359.621,fly,0.868,ok,2601,0,0,192.00,460840960,611782656,114090264,95883264,18123768,2904,7449760,22132800,1322534,15453,15453,0,0,0,0,0,0,0,0,0.069,0.066,0.000,0,0,0,15453,15453,0,0
travel,72.556,1742.1,1360.380,1360.380,fly,1.250,ok,2601,0,94,192.00,460840960,611782656,114090264,95883264,18123768,2904,11174640,17228160,1358204,15554,15554,0,0,7,0,0,0,0,0,0.075,0.096,0.000,0,0,0,15554,15554,0,0
travel,72.589,1742.9,1360.936,1360.936,fly,0.908,ok,2601,0,0,192.00,460840960,611782656,114090264,95883264,18123768,2904,11174640,22132800,1375802,15554,15554,0,0,0,0,0,0,0,0,0.069,0.076,0.000,0,0,0,15554,15554,0,0
travel,72.619,1743.7,1361.451,1361.451,fly,1.129,ok,2601,0,0,192.00,460840960,611782656,114090264,95883264,18123768,2904,11174640,22132800,1375802,15554,15554,0,0,0,0,0,0,0,0,0.154,0.183,0.000,0,0,0,15554,15554,0,0
travel,72.650,1744.4,1361.978,1361.978,fly,0.875,ok,2601,0,0,192.00,460840960,611782656,114090264,95883264,18123768,2904,7449760,22132800,1375802,15554,15554,0,0,0,0,0,0,0,0,0.067,0.070,0.000,0,0,0,15554,15554,0,0
travel,72.681,1745.1,1362.505,1362.505,fly,0.873,ok,2601,0,0,192.00,460840960,611782656,114090264,95883264,18123768,2904,7449760,22132800,1375802,15554,15554,0,0,0,0,0,0,0,0,0.068,0.067,0.000,0,0,0,15554,15554,0,0
travel,72.712,1745.9,1363.033,1363.033,fly,0.927,ok,2601,0,0,192.00,460840960,611782656,114090264,95883264,18123768,2904,7449760,22132800,1375802,15554,15554,0,0,0,0,0,0,0,0,0.070,0.087,0.000,0,0,0,15554,15554,0,0
travel,72.743,1746.6,1363.550,1363.550,fly,0.874,ok,2601,0,0,192.00,460840960,611782656,114090264,95883264,18123768,2904,7449760,22132800,1375802,15554,15554,0,0,0,0,0,0,0,0,0.077,0.069,0.000,0,0,0,15554,15554,0,0
travel,72.773,1747.4,1364.071,1364.071,fly,1.101,ok,2601,0,0,192.00,460840960,611782656,114090264,95883264,18123768,2904,7449760,22132800,1375802,15554,15554,0,0,0,0,0,0,0,0,0.075,0.107,0.000,0,0,0,15554,15554,0,0
travel,72.804,1748.1,1364.591,1364.591,fly,0.872,ok,2601,0,0,192.00,460840960,611782656,114090264,95883264,18123768,2904,7449760,22132800,1375802,15554,15554,0,0,0,0,0,0,0,0,0.067,0.069,0.000,0,0,0,15554,15554,0,0
travel,72.834,1748.8,1365.102,1365.102,fly,0.919,ok,2601,0,0,192.00,460840960,611782656,114090264,95883264,18123768,2904,7449760,22132800,1375802,15554,15554,0,0,0,0,0,0,0,0,0.068,0.076,0.000,0,0,0,15554,15554,0,0
travel,72.865,1749.6,1365.620,1365.620,fly,0.896,ok,2601,0,0,192.00,460840960,611782656,114090264,95883264,18123768,2904,7449760,22132800,1375802,15554,15554,0,0,0,0,0,0,0,0,0.066,0.075,0.000,0,0,0,15554,15554,0,0
travel,72.895,1750.3,1366.145,1366.145,fly,0.900,ok,2601,0,0,192.00,460840960,611782656,114090264,95883264,18123768,2904,7449760,22132800,1375802,15554,15554,0,0,0,0,0,0,0,0,0.069,0.076,0.000,0,0,0,15554,15554,0,0
travel,72.926,1751.0,1366.661,1366.661,fly,0.857,ok,2601,0,0,192.00,460840960,611782656,114090264,95883264,18123768,2904,7449760,22132800,1375802,15554,15554,0,0,0,0,0,0,0,0,0.066,0.069,0.000,0,0,0,15554,15554,0,0
travel,72.956,1751.8,1367.182,1367.182,fly,0.866,ok,2601,0,0,192.00,460840960,611782656,114090264,95883264,18123768,2904,7449760,22132800,1375802,15554,15554,0,0,0,0,0,0,0,0,0.066,0.067,0.000,0,0,0,15554,15554,0,0
travel,72.987,1752.5,1367.704,1367.704,fly,0.867,ok,2601,0,0,192.00,460840960,611782656,114090264,95883264,18123768,2904,7449760,22132800,1375802,15554,15554,0,0,0,0,0,0,0,0,0.066,0.067,0.000,0,0,0,15554,15554,0,0
travel,73.031,1753.6,1368.452,1368.452,fly,1.344,ok,2601,0,67,192.00,460840960,611782656,114090264,95883264,18123768,2904,11174640,18636912,1415757,15655,15655,0,0,7,0,0,0,0,0,0.138,0.155,0.000,0,0,0,15655,15655,0,0
travel,73.066,1754.4,1369.043,1369.043,fly,0.942,ok,2601,0,0,192.00,460840960,611782656,114090264,95883264,18123768,2904,11174640,22132800,1427750,15655,15655,0,0,0,0,0,0,0,0,0.071,0.111,0.000,0,0,0,15655,15655,0,0
travel,73.097,1755.1,1369.577,1369.577,fly,0.938,ok,2601,0,0,192.00,460840960,611782656,114090264,95883264,18123768,2904,11174640,22132800,1427750,15655,15655,0,0,0,0,0,0,0,0,0.072,0.079,0.000,0,0,0,15655,15655,0,0
travel,73.129,1755.9,1370.109,1370.109,fly,1.039,ok,2601,0,0,192.00,460840960,611782656,114090264,95883264,18123768,2904,11174640,22132800,1427750,15655,15655,0,0,0,0,0,0,0,0,0.078,0.161,0.000,0,0,0,15655,15655,0,0
travel,73.160,1756.7,1370.643,1370.643,fly,0.919,ok,2601,0,0,192.00,460840960,611782656,114090264,95883264,18123768,2904,7449760,22132800,1427750,15655,15655,0,0,0,0,0,0,0,0,0.086,0.077,0.000,0,0,0,15655,15655,0,0
travel,73.191,1757.4,1371.162,1371.162,fly,0.857,ok,2601,0,0,192.00,460840960,611782656,114090264,95883264,18123768,2904,7449760,22132800,1427750,15655,15655,0,0,0,0,0,0,0,0,0.068,0.073,0.000,0,0,0,15655,15655,0,0
travel,73.221,1758.1,1371.678,1371.678,fly,0.886,ok,2601,0,0,192.00,460840960,611782656,114090264,95883264,18123768,2904,7449760,22132800,1427750,15655,15655,0,0,0,0,0,0,0,0,0.070,0.071,0.000,0,0,0,15655,15655,0,0
travel,73.252,1758.9,1372.199,1372.199,fly,0.883,ok,2601,0,0,192.00,460840960,611782656,114090264,95883264,18123768,2904,7449760,22132800,1427750,15655,15655,0,0,0,0,0,0,0,0,0.069,0.070,0.000,0,0,0,15655,15655,0,0
travel,73.282,1759.6,1372.716,1372.716,fly,1.333,ok,2601,0,0,192.00,460840960,611782656,114090264,95883264,18123768,2904,7449760,22132800,1427750,15655,15655,0,0,0,0,0,0,0,0,0.071,0.169,0.000,0,0,0,15655,15655,0,0
travel,73.314,1760.3,1373.252,1373.252,fly,1.087,ok,2601,0,0,192.00,460840960,611782656,114090264,95883264,18123768,2904,7449760,22132800,1427750,15655,15655,0,0,0,0,0,0,0,0,0.075,0.113,0.000,0,0,0,15655,15655,0,0
travel,73.345,1761.1,1373.778,1373.778,fly,0.909,ok,2601,0,0,192.00,460840960,611782656,114090264,95883264,18123768,2904,7449760,22132800,1427750,15655,15655,0,0,0,0,0,0,0,0,0.069,0.105,0.000,0,0,0,15655,15655,0,0
travel,73.375,1761.8,1374.296,1374.296,fly,0.951,ok,2601,0,0,192.00,460840960,611782656,114090264,95883264,18123768,2904,7449760,22132800,1427750,15655,15655,0,0,0,0,0,0,0,0,0.075,0.094,0.000,0,0,0,15655,15655,0,0
travel,73.406,1762.6,1374.819,1374.819,fly,0.876,ok,2601,0,0,192.00,460840960,611782656,114090264,95883264,18123768,2904,7449760,22132800,1427750,15655,15655,0,0,0,0,0,0,0,0,0.068,0.071,0.000,0,0,0,15655,15655,0,0
travel,73.436,1763.3,1375.339,1375.339,fly,0.921,ok,2601,0,0,192.00,460840960,611782656,114090264,95883264,18123768,2904,7449760,22132800,1427750,15655,15655,0,0,0,0,0,0,0,0,0.072,0.081,0.000,0,0,0,15655,15655,0,0
travel,73.467,1764.0,1375.857,1375.857,fly,0.977,ok,2601,0,0,192.00,460840960,611782656,114090264,95883264,18123768,2904,7449760,22132800,1427750,15655,15655,0,0,0,0,0,0,0,0,0.170,0.069,0.000,0,0,0,15655,15655,0,0
travel,73.511,1765.1,1376.601,1376.601,fly,0.885,ok,2601,0,43,192.00,460840960,611782656,114090264,95883264,18123768,2904,11174640,19889136,1253317,15756,15756,0,0,6,0,0,0,0,0,0.070,0.072,0.000,0,0,0,15756,15756,0,0
travel,73.542,1765.8,1377.136,1377.136,fly,0.915,ok,2601,0,0,192.00,460840960,611782656,114090264,95883264,18123768,2904,11174640,22132800,1262422,15756,15756,0,0,0,0,0,0,0,0,0.072,0.098,0.000,0,0,0,15756,15756,0,0
travel,73.572,1766.6,1377.650,1377.650,fly,1.238,ok,2601,0,0,192.00,460840960,611782656,114090264,95883264,18123768,2904,11174640,22132800,1262422,15756,15756,0,0,0,0,0,0,0,0,0.167,0.118,0.000,0,0,0,15756,15756,0,0
travel,73.604,1767.3,1378.186,1378.186,fly,0.874,ok,2601,0,0,192.00,460840960,611782656,114090264,95883264,18123768,2904,11174640,22132800,1262422,15756,15756,0,0,0,0,0,0,0,0,0.068,0.069,0.000,0,0,0,15756,15756,0,0
travel,73.635,1768.1,1378.706,1378.706,fly,0.931,ok,2601,0,0,192.00,460840960,611782656,114090264,95883264,18123768,2904,7449760,22132800,1262422,15756,15756,0,0,0,0,0,0,0,0,0.068,0.089,0.000,0,0,0,15756,15756,0,0
travel,73.665,1768.8,1379.224,1379.224,fly,0.920,ok,2601,0,0,192.00,460840960,611782656,114090264,95883264,18123768,2904,7449760,22132800,1262422,15756,15756,0,0,0,0,0,0,0,0,0.092,0.077,0.000,0,0,0,15756,15756,0,0
travel,73.696,1769.5,1379.743,1379.743,fly,0.853,ok,2601,0,0,192.00,460840960,611782656,114090264,95883264,18123768,2904,7449760,22132800,1262422,15756,15756,0,0,0,0,0,0,0,0,0.068,0.069,0.000,0,0,0,15756,15756,0,0
travel,73.726,1770.2,1380.255,1380.255,fly,0.851,ok,2601,0,0,192.00,460840960,611782656,114090264,95883264,18123768,2904,7449760,22132800,1262422,15756,15756,0,0,0,0,0,0,0,0,0.070,0.065,0.000,0,0,0,15756,15756,0,0
travel,73.756,1771.0,1380.767,1380.767,fly,0.950,ok,2601,0,0,192.00,460840960,611782656,114090264,95883264,18123768,2904,7449760,22132800,1262422,15756,15756,0,0,0,0,0,0,0,0,0.069,0.095,0.000,0,0,0,15756,15756,0,0
travel,73.787,1771.7,1381.296,1381.296,fly,0.863,ok,2601,0,0,192.00,460840960,611782656,114090264,95883264,18123768,2904,7449760,22132800,1262422,15756,15756,0,0,0,0,0,0,0,0,0.066,0.067,0.000,0,0,0,15756,15756,0,0
travel,73.818,1772.5,1381.819,1381.819,fly,0.888,ok,2601,0,0,192.00,460840960,611782656,114090264,95883264,18123768,2904,7449760,22132800,1262422,15756,15756,0,0,0,0,0,0,0,0,0.068,0.070,0.000,0,0,0,15756,15756,0,0
travel,73.850,1773.2,1382.364,1382.364,fly,0.851,ok,2601,0,0,192.00,460840960,611782656,114090264,95883264,18123768,2904,7449760,22132800,1262422,15756,15756,0,0,0,0,0,0,0,0,0.067,0.068,0.000,0,0,0,15756,15756,0,0
travel,73.880,1774.0,1382.878,1382.878,fly,0.852,ok,2601,0,0,192.00,460840960,611782656,114090264,95883264,18123768,2904,7449760,22132800,1262422,15756,15756,0,0,0,0,0,0,0,0,0.067,0.068,0.000,0,0,0,15756,15756,0,0
travel,73.910,1774.7,1383.391,1383.391,fly,0.875,ok,2601,0,0,192.00,460840960,611782656,114090264,95883264,18123768,2904,7449760,22132800,1262422,15756,15756,0,0,0,0,0,0,0,0,0.067,0.077,0.000,0,0,0,15756,15756,0,0
travel,73.940,1775.4,1383.901,1383.901,fly,1.000,ok,2601,0,0,192.00,460840960,611782656,114090264,95883264,18123768,2904,7449760,22132800,1262422,15756,15756,0,0,0,0,0,0,0,0,0.078,0.117,0.000,0,0,0,15756,15756,0,0
travel,73.986,1776.5,1384.677,1384.677,fly,0.966,ok,2601,0,0,192.00,460840960,611782656,114090264,95883264,18123768,2904,11174640,22132800,1316898,15857,15857,0,0,4,0,0,0,0,0,0.070,0.087,0.000,0,0,0,15857,15857,0,0
travel,74.017,1777.2,1385.205,1385.205,fly,0.859,ok,2601,0,0,192.00,460840960,611782656,114090264,95883264,18123768,2904,11174640,22132800,1316898,15857,15857,0,0,0,0,0,0,0,0,0.069,0.069,0.000,0,0,0,15857,15857,0,0
travel,74.047,1778.0,1385.718,1385.718,fly,1.166,ok,2601,0,0,192.00,460840960,611782656,114090264,95883264,18123768,2904,11174640,22132800,1316898,15857,15857,0,0,0,0,0,0,0,0,0.322,0.102,0.000,0,0,0,15857,15857,0,0
travel,74.078,1778.7,1386.246,1386.246,fly,0.847,ok,2601,0,0,192.00,460840960,611782656,114090264,95883264,18123768,2904,11174640,22132800,1316898,15857,15857,0,0,0,0,0,0,0,0,0.069,0.064,0.000,0,0,0,15857,15857,0,0
travel,74.111,1779.5,1386.794,1386.794,fly,0.851,ok,2601,0,0,192.00,460840960,611782656,114090264,95883264,18123768,2904,7449760,22132800,1316898,15857,15857,0,0,0,0,0,0,0,0,0.071,0.067,0.000,0,0,0,15857,15857,0,0
travel,74.141,1780.2,1387.309,1387.309,fly,1.008,ok,2601,0,0,192.00,460840960,611782656,114090264,95883264,18123768,2904,7449760,22132800,1316898,15857,15857,0,0,0,0,0,0,0,0,0.214,0.067,0.000,0,0,0,15857,15857,0,0
travel,74.172,1781.0,1387.836,1387.836,fly,1.221,ok,2601,0,0,192.00,460840960,611782656,114090264,95883264,18123768,2904,7449760,22132800,1316898,15857,15857,0,0,0,0,0,0,0,0,0.073,0.088,0.000,0,0,0,15857,15857,0,0
travel,74.203,1781.7,1388.366,1388.366,fly,0.923,ok,2601,0,0,192.00,460840960,611782656,114090264,95883264,18123768,2904,7449760,22132800,1316898,15857,15857,0,0,0,0,0,0,0,0,0.070,0.080,0.000,0,0,0,15857,15857,0,0
travel,74.234,1782.5,1388.886,1388.886,fly,1.000,ok,2601,0,0,192.00,460840960,611782656,114090264,95883264,18123768,2904,7449760,22132800,1316898,15857,15857,0,0,0,0,0,0,0,0,0.084,0.113,0.000,0,0,0,15857,15857,0,0
travel,74.264,1783.2,1389.402,1389.402,fly,0.856,ok,2601,0,0,192.00,460840960,611782656,114090264,95883264,18123768,2904,7449760,22132800,1316898,15857,15857,0,0,0,0,0,0,0,0,0.066,0.068,0.000,0,0,0,15857,15857,0,0
travel,74.294,1783.9,1389.921,1389.921,fly,0.888,ok,2601,0,0,192.00,460840960,611782656,114090264,95883264,18123768,2904,7449760,22132800,1316898,15857,15857,0,0,0,0,0,0,0,0,0.067,0.070,0.000,0,0,0,15857,15857,0,0
travel,74.325,1784.6,1390.438,1390.438,fly,0.874,ok,2601,0,0,192.00,460840960,611782656,114090264,95883264,18123768,2904,7449760,22132800,1316898,15857,15857,0,0,0,0,0,0,0,0,0.067,0.073,0.000,0,0,0,15857,15857,0,0
travel,74.355,1785.4,1390.953,1390.953,fly,0.869,ok,2601,0,0,192.00,460840960,611782656,114090264,95883264,18123768,2904,7449760,22132800,1316898,15857,15857,0,0,0,0,0,0,0,0,0.069,0.068,0.000,0,0,0,15857,15857,0,0
travel,74.386,1786.1,1391.471,1391.471,fly,1.015,ok,2601,0,0,192.00,460840960,611782656,114090264,95883264,18123768,2904,7449760,22132800,1316898,15857,15857,0,0,0,0,0,0,0,0,0.128,0.137,0.000,0,0,0,15857,15857,0,0
travel,74.417,1786.9,1392.006,1392.006,fly,6.195,ok,2537,64,95,192.00,460840960,611782656,111282968,93523968,17677816,2904,11174640,15244584,1322614,15894,15958,37,101,37,37,37,0,0,0,0.447,0.132,0.000,0,0,0,15894,15894,0,0
travel,74.464,1788.0,1392.804,1392.804,fly,1.029,ok,2601,0,0,192.00,460840960,611782656,114090264,95883264,18123768,2904,11174640,22132800,1373150,15958,15958,0,0,0,0,0,0,0,0,0.092,0.091,0.000,0,0,0,15958,15958,0,0
travel,74.502,1788.9,1393.438,1393.438,fly,1.157,ok,2601,0,0,192.00,460840960,611782656,114090264,95883264,18123768,2904,11174640,22132800,1373150,15958,15958,0,0,0,0,0,0,0,0,0.073,0.108,0.000,0,0,0,15958,15958,0,0
travel,74.540,1789.8,1394.097,1394.097,fly,0.973,ok,2601,0,0,192.00,460840960,611782656,114090264,95883264,18123768,2904,11174640,22132800,1373150,15958,15958,0,0,0,0,0,0,0,0,0.072,0.141,0.000,0,0,0,15958,15958,0,0
travel,74.576,1790.7,1394.694,1394.694,fly,1.357,ok,2601,0,0,192.00,460840960,611782656,114090264,95883264,18123768,2904,7449760,22132800,1373150,15958,15958,0,0,0,0,0,0,0,0,0.087,0.169,0.000,0,0,0,15958,15958,0,0
travel,74.614,1791.6,1395.347,1395.347,fly,1.182,ok,2601,0,0,192.00,460840960,611782656,114090264,95883264,18123768,2904,7449760,22132800,1373150,15958,15958,0,0,0,0,0,0,0,0,0.367,0.075,0.000,0,0,0,15958,15958,0,0
travel,74.645,1792.3,1395.870,1395.870,fly,1.175,ok,2601,0,0,192.00,460840960,611782656,114090264,95883264,18123768,2904,7449760,22132800,1373150,15958,15958,0,0,0,0,0,0,0,0,0.076,0.109,0.000,0,0,0,15958,15958,0,0
travel,74.676,1793.1,1396.404,1396.404,fly,0.878,ok,2601,0,0,192.00,460840960,611782656,114090264,95883264,18123768,2904,7449760,22132800,1373150,15958,15958,0,0,0,0,0,0,0,0,0.068,0.070,0.000,0,0,0,15958,15958,0,0
travel,74.707,1793.8,1396.930,1396.930,fly,0.920,ok,2601,0,0,192.00,460840960,611782656,114090264,95883264,18123768,2904,7449760,22132800,1373150,15958,15958,0,0,0,0,0,0,0,0,0.069,0.078,0.000,0,0,0,15958,15958,0,0
travel,74.737,1794.6,1397.444,1397.444,fly,0.872,ok,2601,0,0,192.00,460840960,611782656,114090264,95883264,18123768,2904,7449760,22132800,1373150,15958,15958,0,0,0,0,0,0,0,0,0.068,0.067,0.000,0,0,0,15958,15958,0,0
travel,74.768,1795.3,1397.962,1397.962,fly,0.865,ok,2601,0,0,192.00,460840960,611782656,114090264,95883264,18123768,2904,7449760,22132800,1373150,15958,15958,0,0,0,0,0,0,0,0,0.068,0.067,0.000,0,0,0,15958,15958,0,0
travel,74.799,1796.0,1398.485,1398.485,fly,1.076,ok,2601,0,0,192.00,460840960,611782656,114090264,95883264,18123768,2904,7449760,22132800,1373150,15958,15958,0,0,0,0,0,0,0,0,0.076,0.108,0.000,0,0,0,15958,15958,0,0
travel,74.831,1796.8,1399.044,1399.044,fly,1.268,ok,2601,0,0,192.00,460840960,611782656,114090264,95883264,18123768,2904,7449760,22132800,1373150,15958,15958,0,0,0,0,0,0,0,0,0.186,0.147,0.000,0,0,0,15958,15958,0,0
travel,74.863,1797.6,1399.580,1399.580,fly,0.868,ok,2601,0,0,192.00,460840960,611782656,114090264,95883264,18123768,2904,7449760,22132800,1373150,15958,15958,0,0,0,0,0,0,0,0,0.067,0.068,0.000,0,0,0,15958,15958,0,0
travel,74.906,1798.6,1400.314,1400.314,fly,1.016,ok,2601,0,120,192.00,460840960,611782656,114090264,95883264,18123768,2904,11174640,15871584,1402450,16059,16059,0,0,6,0,0,0,0,0,0.070,0.127,0.000,0,0,0,16059,16059,0,0
travel,74.939,1799.4,1400.867,1400.867,fly,0.879,ok,2601,0,0,192.00,460840960,611782656,114090264,95883264,18123768,2904,11174640,22132800,1427730,16059,16059,0,0,0,0,0,0,0,0,0.069,0.070,0.000,0,0,0,16059,16059,0,0
travel,74.969,1800.1,1401.385,1401.385,fly,0.861,ok,2601,0,0,192.00,460840960,611782656,114090264,95883264,18123768,2904,11174640,22132800,1427730,16059,16059,0,0,0,0,0,0,0,0,0.069,0.068,0.000,0,0,0,16059,16059,0,0
travel,75.000,1800.9,1401.900,1401.900,fly,0.940,ok,2601,0,0,192.00,460840960,611782656,114090264,95883264,18123768,2904,11174640,22132800,1427730,16059,16059,0,0,0,0,0,0,0,0,0.077,0.108,0.000,0,0,0,16059,16059,0,0
travel,75.030,1801.6,1402.414,1402.414,fly,1.014,ok,2601,0,0,192.00,460840960,611782656,114090264,95883264,18123768,2904,7449760,22132800,1427730,16059,16059,0,0,0,0,0,0,0,0,0.198,0.076,0.000,0,0,0,16059,16059,0,0
travel,75.063,1802.4,1402.984,1402.984,fly,1.275,ok,2601,0,0,192.00,460840960,611782656,114090264,95883264,18123768,2904,7449760,22132800,1427730,16059,16059,0,0,0,0,0,0,0,0,0.147,0.103,0.000,0,0,0,16059,16059,0,0
travel,75.094,1803.1,1403.508,1403.508,fly,0.904,ok,2601,0,0,192.00,460840960,611782656,114090264,95883264,18123768,2904,7449760,22132800,1427730,16059,16059,0,0,0,0,0,0,0,0,0.069,0.072,0.000,0,0,0,16059,16059,0,0
travel,75.125,1803.9,1404.027,1404.027,fly,0.850,ok,2601,0,0,192.00,460840960,611782656,114090264,95883264,18123768,2904,7449760,22132800,1427730,16059,16059,0,0,0,0,0,0,0,0,0.069,0.069,0.000,0,0,0,16059,16059,0,0
travel,75.155,1804.6,1404.545,1404.545,fly,1.097,ok,2601,0,0,192.00,460840960,611782656,114090264,95883264,18123768,2904,7449760,22132800,1427730,16059,16059,0,0,0,0,0,0,0,0,0.140,0.081,0.000,0,0,0,16059,16059,0,0
travel,75.186,1805.3,1405.061,1405.061,fly,0.878,ok,2601,0,0,192.00,460840960,611782656,114090264,95883264,18123768,2904,7449760,22132800,1427730,16059,16059,0,0,0,0,0,0,0,0,0.067,0.070,0.000,0,0,0,16059,16059,0,0
travel,75.225,1806.3,1405.723,1405.723,fly,1.103,ok,2601,0,0,192.00,460840960,611782656,114090264,95883264,18123768,2904,7449760,22132800,1427730,16059,16059,0,0,0,0,0,0,0,0,0.142,0.108,0.000,0,0,0,16059,16059,0,0
travel,75.256,1807.0,1406.250,1406.250,fly,1.276,ok,2601,0,0,192.00,460840960,611782656,114090264,95883264,18123768,2904,7449760,22132800,1427730,16059,16059,0,0,0,0,0,0,0,0,0.078,0.129,0.000,0,0,0,16059,16059,0,0
travel,75.289,1807.8,1406.812,1406.812,fly,0.856,ok,2601,0,0,192.00,460840960,611782656,114090264,95883264,18123768,2904,7449760,22132800,1427730,16059,16059,0,0,0,0,0,0,0,0,0.066,0.070,0.000,0,0,0,16059,16059,0,0
travel,75.319,1808.5,1407.327,1407.327,fly,0.991,ok,2601,0,0,192.00,460840960,611782656,114090264,95883264,18123768,2904,7449760,22132800,1427730,16059,16059,0,0,0,0,0,0,0,0,0.078,0.108,0.000,0,0,0,16059,16059,0,0
travel,75.349,1809.3,1407.839,1407.839,fly,0.988,ok,2601,0,0,192.00,460840960,611782656,114090264,95883264,18123768,2904,7449760,22132800,1427730,16059,16059,0,0,0,0,0,0,0,0,0.074,0.087,0.000,0,0,0,16059,16059,0,0
travel,75.396,1810.4,1408.642,1408.642,fly,1.167,ok,2601,0,31,192.00,460840960,611782656,114090264,95883264,18123768,2904,11174640,20515248,1257240,16160,16160,0,0,7,0,0,0,0,0,0.071,0.085,0.000,0,0,0,16160,16160,0,0
travel,75.428,1811.2,1409.180,1409.180,fly,0.853,ok,2601,0,0,192.00,460840960,611782656,114090264,95883264,18123768,2904,11174640,22132800,1263512,16160,16160,0,0,0,0,0,0,0,0,0.067,0.072,0.000,0,0,0,16160,16160,0,0
travel,75.458,1811.9,1409.693,1409.693,fly,0.842,ok,2601,0,0,192.00,460840960,611782656,114090264,95883264,18123768,2904,11174640,22132800,1263512,16160,16160,0,0,0,0,0,0,0,0,0.066,0.068,0.000,0,0,0,16160,16160,0,0
travel,75.488,1812.6,1410.205,1410.205,fly,0.961,ok,2601,0,0,192.00,460840960,611782656,114090264,95883264,18123768,2904,7449760,22132800,1263512,16160,16160,0,0,0,0,0,0,0,0,0.075,0.105,0.000,0,0,0,16160,16160,0,0
travel,75.519,1813.3,1410.720,1410.720,fly,0.863,ok,2601,0,0,192.00,460840960,611782656,114090264,95883264,18123768,2904,7449760,22132800,1263512,16160,16160,0,0,0,0,0,0,0,0,0.071,0.068,0.000,0,0,0,16160,16160,0,0
travel,75.549,1814.1,1411.232,1411.232,fly,0.844,ok,2601,0,0,192.00,460840960,611782656,114090264,95883264,18123768,2904,7449760,22132800,1263512,16160,16160,0,0,0,0,0,0,0,0,0.069,0.067,0.000,0,0,0,16160,16160,0,0
travel,75.579,1814.8,1411.743,1411.743,fly,0.854,ok,2601,0,0,192.00,460840960,611782656,114090264,95883264,18123768,2904,7449760,22132800,1263512,16160,16160,0,0,0,0,0,0,0,0,0.066,0.070,0.000,0,0,0,16160,16160,0,0
travel,75.609,1815.5,1412.256,1412.256,fly,0.848,ok,2601,0,0,192.00,460840960,611782656,114090264,95883264,18123768,2904,7449760,22132800,1263512,16160,16160,0,0,0,0,0,0,0,0,0.065,0.064,0.000,0,0,0,16160,16160,0,0
travel,75.641,1816.3,1412.796,1412.796,fly,0.872,ok,2601,0,0,192.00,460840960,611782656,114090264,95883264,18123768,2904,7449760,22132800,1263512,16160,16160,0,0,0,0,0,0,0,0,0.066,0.067,0.000,0,0,0,16160,16160,0,0
travel,75.672,1817.0,1413.323,1413.323,fly,0.930,ok,2601,0,0,192.00,460840960,611782656,114090264,95883264,18123768,2904,7449760,22132800,1263512,16160,16160,0,0,0,0,0,0,0,0,0.068,0.076,0.000,0,0,0,16160,16160,0,0
travel,75.703,1817.8,1413.852,1413.852,fly,0.880,ok,2601,0,0,192.00,460840960,611782656,114090264,95883264,18123768,2904,7449760,22132800,1263512,16160,16160,0,0,0,0,0,0,0,0,0.068,0.070,0.000,0,0,0,16160,16160,0,0
travel,75.734,1818.5,1414.374,1414.374,fly,0.873,ok,2601,0,0,192.00,460840960,611782656,114090264,95883264,18123768,2904,7449760,22132800,1263512,16160,16160,0,0,0,0,0,0,0,0,0.068,0.067,0.000,0,0,0,16160,16160,0,0
travel,75.765,1819.2,1414.901,1414.901,fly,1.048,ok,2601,0,0,192.00,460840960,611782656,114090264,95883264,18123768,2904,7449760,22132800,1263512,16160,16160,0,0,0,0,0,0,0,0,0.067,0.188,0.000,0,0,0,16160,16160,0,0
travel,75.795,1820.0,1415.420,1415.420,fly,0.876,ok,2601,0,0,192.00,460840960,611782656,114090264,95883264,18123768,2904,7449760,22132800,1263512,16160,16160,0,0,0,0,0,0,0,0,0.068,0.071,0.000,0,0,0,16160,16160,0,0
travel,75.826,1820.7,1415.941,1415.941,fly,0.957,ok,2601,0,0,192.00,460840960,611782656,114090264,95883264,18123768,2904,7449760,22132800,1263512,16160,16160,0,0,0,0,0,0,0,0,0.070,0.085,0.000,0,0,0,16160,16160,0,0
travel,75.871,1821.8,1416.707,1416.707,fly,0.962,ok,2601,0,0,192.00,460840960,611782656,114090264,95883264,18123768,2904,11174640,22132800,1320164,16261,16261,0,0,0,0,0,0,0,0,0.071,0.079,0.000,0,0,0,16261,16261,0,0
travel,75.902,1822.5,1417.227,1417.227,fly,0.876,ok,2601,0,0,192.00,460840960,611782656,114090264,95883264,18123768,2904,11174640,22132800,1320164,16261,16261,0,0,0,0,0,0,0,0,0.069,0.067,0.000,0,0,0,16261,16261,0,0
travel,75.932,1823.3,1417.740,1417.740,fly,1.018,ok,2601,0,0,192.00,460840960,611782656,114090264,95883264,18123768,2904,11174640,22132800,1320164,16261,16261,0,0,0,0,0,0,0,0,0.076,0.111,0.000,0,0,0,16261,16261,0,0
travel,75.963,1824.0,1418.265,1418.265,fly,0.900,ok,2601,0,0,192.00,460840960,611782656,114090264,95883264,18123768,2904,11174640,22132800,1320164,16261,16261,0,0,0,0,0,0,0,0,0.070,0.078,0.000,0,0,0,16261,16261,0,0
travel,75.994,1824.8,1418.799,1418.799,fly,0.933,ok,2601,0,0,192.00,460840960,611782656,114090264,95883264,18123768,2904,7449760,22132800,1320164,16261,16261,0,0,0,0,0,0,0,0,0.070,0.091,0.000,0,0,0,16261,16261,0,0
travel,76.025,1825.5,1419.334,1419.334,fly,0.852,ok,2601,0,0,192.00,460840960,611782656,114090264,95883264,18123768,2904,7449760,22132800,1320164,16261,16261,0,0,0,0,0,0,0,0,0.067,0.068,0.000,0,0,0,16261,16261,0,0
travel,76.056,1826.2,1419.849,1419.849,fly,0.860,ok,2601,0,0,192.00,460840960,611782656,114090264,95883264,18123768,2904,7449760,22132800,1320164,16261,16261,0,0,0,0,0,0,0,0,0.068,0.069,0.000,0,0,0,16261,16261,0,0
travel,76.086,1827.0,1420.360,1420.360,fly,0.988,ok,2601,0,0,192.00,460840960,611782656,114090264,95883264,18123768,2904,7449760,22132800,1320164,16261,16261,0,0,0,0,0,0,0,0,0.079,0.112,0.000,0,0,0,16261,16261,0,0
travel,76.116,1827.7,1420.871,1420.871,fly,0.936,ok,2601,0,0,192.00,460840960,611782656,114090264,95883264,18123768,2904,7449760,22132800,1320164,16261,16261,0,0,0,0,0,0,0,0,0.142,0.065,0.000,0,0,0,16261,16261,0,0
travel,76.146,1828.4,1421.387,1421.387,fly,0.880,ok,2601,0,0,192.00,460840960,611782656,114090264,95883264,18123768,2904,7449760,22132800,1320164,16261,16261,0,0,0,0,0,0,0,0,0.067,0.073,0.000,0,0,0,16261,16261,0,0
travel,76.177,1829.2,1421.918,1421.918,fly,0.867,ok,2601,0,0,192.00,460840960,611782656,114090264,95883264,18123768,2904,7449760,22132800,1320164,16261,16261,0,0,0,0,0,0,0,0,0.067,0.071,0.000,0,0,0,16261,16261,0,0
travel,76.207,1829.9,1422.428,1422.428,fly,0.977,ok,2601,0,0,192.00,460840960,611782656,114090264,95883264,18123768,2904,7449760,22132800,1320164,16261,16261,0,0,0,0,0,0,0,0,0.134,0.086,0.000,0,0,0,16261,16261,0,0
travel,76.238,1830.6,1422.943,1422.943,fly,0.839,ok,2601,0,0,192.00,460840960,611782656,114090264,95883264,18123768,2904,7449760,22132800,1320164,16261,16261,0,0,0,0,0,0,0,0,0.064,0.064,0.000,0,0,0,16261,16261,0,0
travel,76.268,1831.3,1423.453,1423.453,fly,0.862,ok,2601,0,0,192.00,460840960,611782656,114090264,95883264,18123768,2904,7449760,22132800,1320164,16261,16261,0,0,0,0,0,0,0,0,0.067,0.069,0.000,0,0,0,16261,16261,0,0
travel,76.298,1832.1,1423.965,1423.965,fly,1.160,ok,2601,0,0,192.00,460840960,611782656,114090264,95883264,18123768,2904,7449760,22132800,1320164,16261,16261,0,0,0,0,0,0,0,0,0.075,0.358,0.000,0,0,0,16261,16261,0,0
travel,76.341,1833.1,1424.704,1424.704,fly,0.882,ok,2601,0,0,192.00,461365248,612306944,114090264,95883264,18123768,2904,11174640,22132800,1374876,16362,16362,0,0,0,0,0,0,0,0,0.067,0.065,0.000,0,0,0,16362,16362,0,0
travel,76.374,1833.9,1425.260,1425.260,fly,1.007,ok,2601,0,0,192.00,461365248,612306944,114090264,95883264,18123768,2904,11174640,22132800,1374876,16362,16362,0,0,0,0,0,0,0,0,0.175,0.074,0.000,0,0,0,16362,16362,0,0
travel,76.404,1834.6,1425.776,1425.776,fly,0.838,ok,2601,0,0,192.00,461365248,612306944,114090264,95883264,18123768,2904,11174640,22132800,1374876,16362,16362,0,0,0,0,0,0,0,0,0.067,0.065,0.000,0,0,0,16362,16362,0,0
travel,76.435,1835.4,1426.289,1426.289,fly,1.063,ok,2601,0,0,192.00,461365248,612306944,114090264,95883264,18123768,2904,11174640,22132800,1374876,16362,16362,0,0,0,0,0,0,0,0,0.077,0.115,0.000,0,0,0,16362,16362,0,0
travel,76.465,1836.1,1426.803,1426.803,fly,1.169,ok,2601,0,0,192.00,461365248,612306944,114090264,95883264,18123768,2904,7449760,22132800,1374876,16362,16362,0,0,0,0,0,0,0,0,0.280,0.111,0.000,0,0,0,16362,16362,0,0
travel,76.496,1836.8,1427.324,1427.324,fly,0.842,ok,2601,0,0,192.00,461365248,612306944,114090264,95883264,18123768,2904,7449760,22132800,1374876,16362,16362,0,0,0,0,0,0,0,0,0.066,0.063,0.000,0,0,0,16362,16362,0,0
travel,76.526,1837.5,1427.839,1427.839,fly,0.849,ok,2601,0,0,192.00,461365248,612306944,114090264,95883264,18123768,2904,7449760,22132800,1374876,16362,16362,0,0,0,0,0,0,0,0,0.067,0.069,0.000,0,0,0,16362,16362,0,0
travel,76.556,1838.3,1428.355,1428.355,fly,0.887,ok,2601,0,0,192.00,461365248,612306944,114090264,95883264,18123768,2904,7449760,22132800,1374876,16362,16362,0,0,0,0,0,0,0,0,0.069,0.074,0.000,0,0,0,16362,16362,0,0
travel,76.586,1839.0,1428.866,1428.866,fly,0.851,ok,2601,0,0,192.00,461365248,612306944,114090264,95883264,18123768,2904,7449760,22132800,1374876,16362,16362,0,0,0,0,0,0,0,0,0.066,0.068,0.000,0,0,0,16362,16362,0,0
travel,76.617,1839.7,1429.396,1429.396,fly,0.844,ok,2601,0,0,192.00,461365248,612306944,114090264,95883264,18123768,2904,7449760,22132800,1374876,16362,16362,0,0,0,0,0,0,0,0,0.067,0.064,0.000,0,0,0,16362,16362,0,0
travel,76.647,1840.5,1429.907,1429.907,fly,0.849,ok,2601,0,0,192.00,461365248,612306944,114090264,95883264,18123768,2904,7449760,22132800,1374876,16362,16362,0,0,0,0,0,0,0,0,0.066,0.068,0.000,0,0,0,16362,16362,0,0
travel,76.678,1841.2,1430.422,1430.422,fly,0.855,ok,2601,0,0,192.00,461365248,612306944,114090264,95883264,18123768,2904,7449760,22132800,1374876,16362,16362,0,0,0,0,0,0,0,0,0.067,0.070,0.000,0,0,0,16362,16362,0,0
travel,76.708,1841.9,1430.936,1430.936,fly,1.009,ok,2601,0,0,192.00,461365248,612306944,114090264,95883264,18123768,2904,7449760,22132800,1374876,16362,16362,0,0,0,0,0,0,0,0,0.144,0.077,0.000,0,0,0,16362,16362,0,0
travel,76.738,1842.6,1431.450,1431.450,fly,0.848,ok,2601,0,0,192.00,461365248,612306944,114090264,95883264,18123768,2904,7449760,22132800,1374876,16362,16362,0,0,0,0,0,0,0,0,0.066,0.065,0.000,0,0,0,16362,16362,0,0
travel,76.768,1843.4,1431.964,1431.964,fly,0.871,ok,2601,0,0,192.00,461365248,612306944,114090264,95883264,18123768,2904,7449760,22132800,1374876,16362,16362,0,0,0,0,0,0,0,0,0.067,0.072,0.000,0,0,0,16362,16362,0,0
travel,76.812,1844.4,1432.708,1432.708,fly,0.903,ok,2601,0,0,192.00,461365248,612306944,114090264,95883264,18123768,2904,11174640,22132800,1429888,16463,16463,0,0,0,0,0,0,0,0,0.068,0.072,0.000,0,0,0,16463,16463,0,0
travel,76.843,1845.2,1433.234,1433.234,fly,0.857,ok,2601,0,0,192.00,461365248,612306944,114090264,95883264,18123768,2904,11174640,22132800,1429888,16463,16463,0,0,0,0,0,0,0,0,0.069,0.068,0.000,0,0,0,16463,16463,0,0
travel,76.873,1845.9,1433.747,1433.747,fly,0.852,ok,2601,0,0,192.00,461365248,612306944,114090264,95883264,18123768,2904,11174640,22132800,1429888,16463,16463,0,0,0,0,0,0,0,0,0.070,0.066,0.000,0,0,0,16463,16463,0,0
travel,76.904,1846.6,1434.260,1434.260,fly,0.980,ok,2601,0,0,192.00,461365248,612306944,114090264,95883264,18123768,2904,11174640,22132800,1429888,16463,16463,0,0,0,0,0,0,0,0,0.076,0.108,0.000,0,0,0,16463,16463,0,0
travel,76.934,1847.4,1434.776,1434.776,fly,0.872,ok,2601,0,0,192.00,461365248,612306944,114090264,95883264,18123768,2904,7449760,22132800,1429888,16463,16463,0,0,0,0,0,0,0,0,0.070,0.068,0.000,0,0,0,16463,16463,0,0
travel,76.965,1848.1,1435.298,1435.298,fly,1.244,ok,2601,0,0,192.00,461365248,612306944,114090264,95883264,18123768,2904,7449760,22132800,1429888,16463,16463,0,0,0,0,0,0,0,0,0.432,0.070,0.000,0,0,0,16463,16463,0,0
travel,76.995,1848.8,1435.818,1435.818,fly,0.858,ok,2601,0,0,192.00,461365248,612306944,114090264,95883264,18123768,2904,7449760,22132800,1429888,16463,16463,0,0,0,0,0,0,0,0,0.068,0.069,0.000,0,0,0,16463,16463,0,0
travel,77.025,1849.6,1436.330,1436.330,fly,0.950,ok,2601,0,0,192.00,461365248,612306944,114090264,95883264,18123768,2904,7449760,22132800,1429888,16463,16463,0,0,0,0,0,0,0,0,0.075,0.107,0.000,0,0,0,16463,16463,0,0
travel,77.055,1850.3,1436.841,1436.841,fly,0.846,ok,2601,0,0,192.00,461365248,612306944,114090264,95883264,18123768,2904,7449760,22132800,1429888,16463,16463,0,0,0,0,0,0,0,0,0.067,0.064,0.000,0,0,0,16463,16463,0,0
travel,77.085,1851.0,1437.352,1437.352,fly,0.881,ok,2601,0,0,192.00,461365248,612306944,114090264,95883264,18123768,2904,7449760,22132800,1429888,16463,16463,0,0,0,0,0,0,0,0,0.067,0.069,0.000,0,0,0,16463,16463,0,0
travel,77.116,1851.7,1437.875,1437.875,fly,0.888,ok,2601,0,0,192.00,461365248,612306944,114090264,95883264,18123768,2904,7449760,22132800,1429888,16463,16463,0,0,0,0,0,0,0,0,0.070,0.071,0.000,0,0,0,16463,16463,0,0
travel,77.146,1852.5,1438.389,1438.389,fly,0.851,ok,2601,0,0,192.00,461365248,612306944,114090264,95883264,18123768,2904,7449760,22132800,1429888,16463,16463,0,0,0,0,0,0,0,0,0.066,0.068,0.000,0,0,0,16463,16463,0,0
travel,77.177,1853.2,1438.913,1438.913,fly,0.863,ok,2601,0,0,192.00,461365248,612306944,114090264,95883264,18123768,2904,7449760,22132800,1429888,16463,16463,0,0,0,0,0,0,0,0,0.067,0.069,0.000,0,0,0,16463,16463,0,0
travel,77.207,1853.9,1439.424,1439.424,fly,0.926,ok,2601,0,0,192.00,461365248,612306944,114090264,95883264,18123768,2904,7449760,22132800,1429888,16463,16463,0,0,0,0,0,0,0,0,0.140,0.067,0.000,0,0,0,16463,16463,0,0
travel,77.237,1854.6,1439.935,1439.935,fly,0.847,ok,2601,0,0,192.00,461365248,612306944,114090264,95883264,18123768,2904,7449760,22132800,1429888,16463,16463,0,0,0,0,0,0,0,0,0.065,0.066,0.000,0,0,0,16463,16463,0,0
travel,77.284,1855.8,1440.719,1440.719,fly,0.927,ok,2601,0,0,192.00,461365248,612306944,114090264,95883264,18123768,2904,11174640,22132800,1268850,16564,16564,0,0,5,0,0,0,0,0,0.071,0.074,0.000,0,0,0,16564,16564,0,0
travel,77.314,1856.5,1441.244,1441.244,fly,0.944,ok,2601,0,0,192.00,461365248,612306944,114090264,95883264,18123768,2904,11174640,22132800,1268850,16564,16564,0,0,0,0,0,0,0,0,0.070,0.089,0.000,0,0,0,16564,16564,0,0
travel,77.345,1857.2,1441.758,1441.758,fly,0.843,ok,2601,0,0,192.00,461365248,612306944,114090264,95883264,18123768,2904,11174640,22132800,1268850,16564,16564,0,0,0,0,0,0,0,0,0.066,0.065,0.000,0,0,0,16564,16564,0,0
travel,77.375,1858.0,1442.277,1442.277,fly,0.908,ok,2601,0,0,192.00,461365248,612306944,114090264,95883264,18123768,2904,11174640,22132800,1268850,16564,16564,0,0,0,0,0,0,0,0,0.070,0.077,0.000,0,0,0,16564,16564,0,0
travel,77.405,1858.7,1442.787,1442.787,fly,0.846,ok,2601,0,0,192.00,461365248,612306944,114090264,95883264,18123768,2904,11174640,22132800,1268850,16564,16564,0,0,0,0,0,0,0,0,0.066,0.067,0.000,0,0,0,16564,16564,0,0
travel,77.436,1859.4,1443.303,1443.303,fly,0.864,ok,2601,0,0,192.00,461365248,612306944,114090264,95883264,18123768,2904,7449760,22132800,1268850,16564,16564,0,0,0,0,0,0,0,0,0.068,0.066,0.000,0,0,0,16564,16564,0,0
travel,77.466,1860.1,1443.820,1443.820,fly,0.872,ok,2601,0,0,192.00,461365248,612306944,114090264,95883264,18123768,2904,7449760,22132800,1268850,16564,16564,0,0,0,0,0,0,0,0,0.069,0.073,0.000,0,0,0,16564,16564,0,0
travel,77.496,1860.9,1444.333,1444.333,fly,0.846,ok,2601,0,0,192.00,461365248,612306944,114090264,95883264,18123768,2904,7449760,22132800,1268850,16564,16564,0,0,0,0,0,0,0,0,0.066,0.066,0.000,0,0,0,16564,16564,0,0
travel,77.527,1861.6,1444.851,1444.851,fly,0.841,ok,2601,0,0,192.00,461365248,612306944,114090264,95883264,18123768,2904,7449760,22132800,1268850,16564,16564,0,0,0,0,0,0,0,0,0.064,0.067,0.000,0,0,0,16564,16564,0,0
travel,77.557,1862.3,1445.368,1445.368,fly,0.964,ok,2601,0,0,192.00,461365248,612306944,114090264,95883264,18123768,2904,7449760,22132800,1268850,16564,16564,0,0,0,0,0,0,0,0,0.066,0.122,0.000,0,0,0,16564,16564,0,0
travel,77.587,1863.1,1445.880,1445.880,fly,0.889,ok,2601,0,0,192.00,461365248,612306944,114090264,95883264,18123768,2904,7449760,22132800,1268850,16564,16564,0,0,0,0,0,0,0,0,0.066,0.073,0.000,0,0,0,16564,16564,0,0
travel,77.617,1863.8,1446.390,1446.390,fly,0.839,ok,2601,0,0,192.00,461365248,612306944,114090264,95883264,18123768,2904,7449760,22132800,1268850,16564,16564,0,0,0,0,0,0,0,0,0.067,0.065,0.000,0,0,0,16564,16564,0,0
travel,77.647,1864.5,1446.900,1446.900,fly,0.840,ok,2601,0,0,192.00,461365248,612306944,114090264,95883264,18123768,2904,7449760,22132800,1268850,16564,16564,0,0,0,0,0,0,0,0,0.066,0.065,0.000,0,0,0,16564,16564,0,0
travel,77.678,1865.2,1447.417,1447.417,fly,0.900,ok,2601,0,0,192.00,461365248,612306944,114090264,95883264,18123768,2904,7449760,22132800,1268850,16564,16564,0,0,0,0,0,0,0,0,0.066,0.079,0.000,0,0,0,16564,16564,0,0
travel,77.708,1866.0,1447.928,1447.928,fly,0.849,ok,2601,0,0,192.00,461365248,612306944,114090264,95883264,18123768,2904,7449760,22132800,1268850,16564,16564,0,0,0,0,0,0,0,0,0.068,0.069,0.000,0,0,0,16564,16564,0,0
travel,77.752,1867.0,1448.681,1448.681,fly,0.851,ok,2601,0,0,192.00,461365248,612306944,114090264,95883264,18123768,2904,11174640,22132800,1324458,16665,16665,0,0,0,0,0,0,0,0,0.068,0.068,0.000,0,0,0,16665,16665,0,0
travel,77.782,1867.7,1449.193,1449.193,fly,0.927,ok,2601,0,0,192.00,461365248,612306944,114090264,95883264,18123768,2904,11174640,22132800,1324458,16665,16665,0,0,0,0,0,0,0,0,0.139,0.065,0.000,0,0,0,16665,16665,0,0
travel,77.812,1868.5,1449.703,1449.703,fly,0.867,ok,2601,0,0,192.00,461365248,612306944,114090264,95883264,18123768,2904,11174640,22132800,1324458,16665,16665,0,0,0,0,0,0,0,0,0.069,0.070,0.000,0,0,0,16665,16665,0,0
travel,77.842,1869.2,1450.213,1450.213,fly,0.846,ok,2601,0,0,192.00,461365248,612306944,114090264,95883264,18123768,2904,11174640,22132800,1324458,16665,16665,0,0,0,0,0,0,0,0,0.068,0.065,0.000,0,0,0,16665,16665,0,0
travel,77.872,1869.9,1450.726,1450.726,fly,0.840,ok,2601,0,0,192.00,461365248,612306944,114090264,95883264,18123768,2904,11174640,22132800,1324458,16665,16665,0,0,0,0,0,0,0,0,0.072,0.060,0.000,0,0,0,16665,16665,0,0
travel,77.902,1870.6,1451.236,1451.236,fly,0.849,ok,2601,0,0,192.00,461365248,612306944,114090264,95883264,18123768,2904,7449760,22132800,1324458,16665,16665,0,0,0,0,0,0,0,0,0.068,0.069,0.000,0,0,0,16665,16665,0,0
travel,77.932,1871.4,1451.746,1451.746,fly,0.871,ok,2601,0,0,192.00,461365248,612306944,114090264,95883264,18123768,2904,7449760,22132800,1324458,16665,16665,0,0,0,0,0,0,0,0,0.068,0.071,0.000,0,0,0,16665,16665,0,0
travel,77.962,1872.1,1452.258,1452.258,fly,0.859,ok,2601,0,0,192.00,461365248,612306944,114090264,95883264,18123768,2904,7449760,22132800,1324458,16665,16665,0,0,0,0,0,0,0,0,0.067,0.070,0.000,0,0,0,16665,16665,0,0
travel,77.992,1872.8,1452.768,1452.768,fly,0.844,ok,2601,0,0,192.00,461365248,612306944,114090264,95883264,18123768,2904,7449760,22132800,1324458,16665,16665,0,0,0,0,0,0,0,0,0.066,0.066,0.000,0,0,0,16665,16665,0,0
travel,78.022,1873.5,1453.279,1453.279,fly,0.842,ok,2601,0,0,192.00,461365248,612306944,114090264,95883264,18123768,2904,7449760,22132800,1324458,16665,16665,0,0,0,0,0,0,0,0,0.066,0.066,0.000,0,0,0,16665,16665,0,0
travel,78.053,1874.2,1453.792,1453.792,fly,0.901,ok,2601,0,0,192.00,461365248,612306944,114090264,95883264,18123768,2904,7449760,22132800,1324458,16665,16665,0,0,0,0,0,0,0,0,0.068,0.072,0.000,0,0,0,16665,16665,0,0
travel,78.083,1875.0,1454.307,1454.307,fly,0.927,ok,2601,0,0,192.00,461365248,612306944,114090264,95883264,18123768,2904,7449760,22132800,1324458,16665,16665,0,0,0,0,0,0,0,0,0.071,0.095,0.000,0,0,0,16665,16665,0,0
travel,78.113,1875.7,1454.821,1454.821,fly,0.845,ok,2601,0,0,192.00,461365248,612306944,114090264,95883264,18123768,2904,7449760,22132800,1324458,16665,16665,0,0,0,0,0,0,0,0,0.064,0.069,0.000,0,0,0,16665,16665,0,0
travel,78.144,1876.4,1455.346,1455.346,fly,0.845,ok,2601,0,0,192.00,461365248,612306944,114090264,95883264,18123768,2904,7449760,22132800,1324458,16665,16665,0,0,0,0,0,0,0,0,0.065,0.067,0.000,0,0,0,16665,16665,0,0
travel,78.175,1877.2,1455.868,1455.868,fly,0.863,ok,2601,0,0,192.00,461365248,612306944,114090264,95883264,18123768,2904,7449760,22132800,1324458,16665,16665,0,0,0,0,0,0,0,0,0.066,0.071,0.000,0,0,0,16665,16665,0,0
travel,78.219,1878.3,1456.628,1456.628,fly,1.014,ok,2601,0,0,192.00,461365248,612306944,114090264,95883264,18123768,2904,11174640,22132800,1382010,16766,16766,0,0,8,0,0,0,0,0,0.070,0.078,0.000,0,0,0,16766,16766,0,0
travel,78.250,1879.0,1457.140,1457.140,fly,0.847,ok,2601,0,0,192.00,461365248,612306944,114090264,95883264,18123768,2904,11174640,22132800,1382010,16766,16766,0,0,0,0,0,0,0,0,0.069,0.065,0.000,0,0,0,16766,16766,0,0
travel,78.280,1879.7,1457.651,1457.651,fly,0.865,ok,2601,0,0,192.00,461365248,612306944,114090264,95883264,18123768,2904,11174640,22132800,1382010,16766,16766,0,0,0,0,0,0,0,0,0.065,0.073,0.000,0,0,0,16766,16766,0,0
travel,78.310,1880.4,1458.163,1458.163,fly,0.841,ok,2601,0,0,192.00,461365248,612306944,114090264,95883264,18123768,2904,11174640,22132800,1382010,16766,16766,0,0,0,0,0,0,0,0,0.069,0.068,0.000,0,0,0,16766,16766,0,0
travel,78.340,1881.1,1458.674,1458.674,fly,0.846,ok,2601,0,0,192.00,461365248,612306944,114090264,95883264,18123768,2904,11174640,22132800,1382010,16766,16766,0,0,0,0,0,0,0,0,0.067,0.067,0.000,0,0,0,16766,16766,0,0
travel,78.370,1881.9,1459.184,1459.184,fly,0.849,ok,2601,0,0,192.00,461365248,612306944,114090264,95883264,18123768,2904,7449760,22132800,1382010,16766,16766,0,0,0,0,0,0,0,0,0.067,0.068,0.000,0,0,0,16766,16766,0,0
travel,78.400,1882.6,1459.695,1459.695,fly,1.044,ok,2601,0,0,192.00,461365248,612306944,114090264,95883264,18123768,2904,7449760,22132800,1382010,16766,16766,0,0,0,0,0,0,0,0,0.148,0.140,0.000,0,0,0,16766,16766,0,0
travel,78.430,1883.3,1460.209,1460.209,fly,0.840,ok,2601,0,0,192.00,461365248,612306944,114090264,95883264,18123768,2904,7449760,22132800,1382010,16766,16766,0,0,0,0,0,0,0,0,0.067,0.065,0.000,0,0,0,16766,16766,0,0
travel,78.460,1884.0,1460.719,1460.719,fly,0.864,ok,2601,0,0,192.00,461365248,612306944,114090264,95883264,18123768,2904,7449760,22132800,1382010,16766,16766,0,0,0,0,0,0,0,0,0.068,0.073,0.000,0,0,0,16766,16766,0,0
travel,78.490,1884.8,1461.235,1461.235,fly,0.844,ok,2601,0,0,192.00,461365248,612306944,114090264,95883264,18123768,2904,7449760,22132800,1382010,16766,16766,0,0,0,0,0,0,0,0,0.068,0.064,0.000,0,0,0,16766,16766,0,0
travel,78.521,1885.5,1461.748,1461.748,fly,0.842,ok,2601,0,0,192.00,461430784,612306944,114090264,95883264,18123768,2904,7449760,22132800,1382010,16766,16766,0,0,0,0,0,0,0,0,0.067,0.066,0.000,0,0,0,16766,16766,0,0
travel,78.551,1886.2,1462.258,1462.258,fly,0.887,ok,2601,0,0,192.00,461430784,612306944,114090264,95883264,18123768,2904,7449760,22132800,1382010,16766,16766,0,0,0,0,0,0,0,0,0.074,0.074,0.000,0,0,0,16766,16766,0,0
travel,78.581,1886.9,1462.774,1462.774,fly,0.845,ok,2601,0,0,192.00,461430784,612306944,114090264,95883264,18123768,2904,7449760,22132800,1382010,16766,16766,0,0,0,0,0,0,0,0,0.066,0.067,0.000,0,0,0,16766,16766,0,0
travel,78.611,1887.7,1463.288,1463.288,fly,0.958,ok,2601,0,0,192.00,461430784,612306944,114090264,95883264,18123768,2904,7449760,22132800,1382010,16766,16766,0,0,0,0,0,0,0,0,0.139,0.076,0.000,0,0,0,16766,16766,0,0
travel,78.641,1888.4,1463.803,1463.803,fly,0.859,ok,2601,0,0,192.00,461430784,612306944,114090264,95883264,18123768,2904,7449760,22132800,1382010,16766,16766,0,0,0,0,0,0,0,0,0.067,0.077,0.000,0,0,0,16766,16766,0,0
travel,78.685,1889.5,1464.544,1464.544,fly,0.863,ok,2601,0,29,192.00,461430784,612306944,114090264,95883264,18123768,2904,11174640,20619600,1431730,16867,16867,0,0,5,0,0,0,0,0,0.068,0.067,0.000,0,0,0,16867,16867,0,0
travel,78.715,1890.2,1465.061,1465.061,fly,0.871,ok,2601,0,0,192.00,461430784,612306944,114090264,95883264,18123768,2904,11174640,22132800,1437870,16867,16867,0,0,0,0,0,0,0,0,0.072,0.069,0.000,0,0,0,16867,16867,0,0
travel,78.746,1890.9,1465.586,1465.586,fly,0.917,ok,2601,0,0,192.00,461430784,612306944,114090264,95883264,18123768,2904,11174640,22132800,1437870,16867,16867,0,0,0,0,0,0,0,0,0.069,0.086,0.000,0,0,0,16867,16867,0,0
travel,78.777,1891.7,1466.099,1466.099,fly,0.861,ok,2601,0,0,192.00,461430784,612306944,114090264,95883264,18123768,2904,11174640,22132800,1437870,16867,16867,0,0,0,0,0,0,0,0,0.070,0.069,0.000,0,0,0,16867,16867,0,0
travel,78.807,1892.4,1466.611,1466.611,fly,0.841,ok,2601,0,0,192.00,461430784,612306944,114090264,95883264,18123768,2904,11174640,22132800,1437870,16867,16867,0,0,0,0,0,0,0,0,0.067,0.066,0.000,0,0,0,16867,16867,0,0
travel,78.837,1893.1,1467.127,1467.127,fly,0.846,ok,2601,0,0,192.00,461430784,612306944,114090264,95883264,18123768,2904,7449760,22132800,1437870,16867,16867,0,0,0,0,0,0,0,0,0.067,0.069,0.000,0,0,0,16867,16867,0,0
travel,78.867,1893.8,1467.638,1467.638,fly,0.856,ok,2601,0,0,192.00,461430784,612306944,114090264,95883264,18123768,2904,7449760,22132800,1437870,16867,16867,0,0,0,0,0,0,0,0,0.067,0.077,0.000,0,0,0,16867,16867,0,0
travel,78.897,1894.6,1468.155,1468.155,fly,0.866,ok,2601,0,0,192.00,461430784,612306944,114090264,95883264,18123768,2904,7449760,22132800,1437870,16867,16867,0,0,0,0,0,0,0,0,0.067,0.072,0.000,0,0,0,16867,16867,0,0
travel,78.927,1895.3,1468.665,1468.665,fly,0.844,ok,2601,0,0,192.00,461430784,612306944,114090264,95883264,18123768,2904,7449760,22132800,1437870,16867,16867,0,0,0,0,0,0,0,0,0.070,0.064,0.000,0,0,0,16867,16867,0,0
travel,78.958,1896.0,1469.180,1469.180,fly,0.871,ok,2601,0,0,192.00,461430784,612306944,114090264,95883264,18123768,2904,7449760,22132800,1437870,16867,16867,0,0,0,0,0,0,0,0,0.069,0.073,0.000,0,0,0,16867,16867,0,0
travel,78.988,1896.7,1469.690,1469.690,fly,0.848,ok,2601,0,0,192.00,461430784,612306944,114090264,95883264,18123768,2904,7449760,22132800,1437870,16867,16867,0,0,0,0,0,0,0,0,0.066,0.069,0.000,0,0,0,16867,16867,0,0
travel,79.018,1897.5,1470.203,1470.203,fly,0.840,ok,2601,0,0,192.00,461430784,612306944,114090264,95883264,18123768,2904,7449760,22132800,1437870,16867,16867,0,0,0,0,0,0,0,0,0.067,0.067,0.000,0,0,0,16867,16867,0,0
travel,79.048,1898.2,1470.713,1470.713,fly,0.839,ok,2601,0,0,192.00,461430784,612306944,114090264,95883264,18123768,2904,7449760,22132800,1437870,16867,16867,0,0,0,0,0,0,0,0,0.066,0.067,0.000,0,0,0,16867,16867,0,0
travel,79.079,1898.9,1471.237,1471.237,fly,1.200,ok,2601,0,0,192.00,461430784,612306944,114090264,95883264,18123768,2904,7449760,22132800,1437870,16867,16867,0,0,0,0,0,0,0,0,0.176,0.108,0.000,0,0,0,16867,16867,0,0
travel,79.109,1899.7,1471.758,1471.758,fly,0.863,ok,2601,0,0,192.00,461430784,612306944,114090264,95883264,18123768,2904,7449760,22132800,1437870,16867,16867,0,0,0,0,0,0,0,0,0.067,0.067,0.000,0,0,0,16867,16867,0,0
travel,79.154,1900.7,1472.511,1472.511,fly,1.246,ok,2601,0,77,192.00,461430784,612306944,114090264,95883264,18123768,2904,11174640,18115152,1254341,16968,16968,0,0,6,0,0,0,0,0,0.073,0.102,0.000,0,0,0,16968,16968,0,0
travel,79.186,1901.5,1473.058,1473.058,fly,0.872,ok,2601,0,0,192.00,461430784,612306944,114090264,95883264,18123768,2904,11174640,22132800,1269300,16968,16968,0,0,0,0,0,0,0,0,0.069,0.072,0.000,0,0,0,16968,16968,0,0
travel,79.216,1902.2,1473.569,1473.569,fly,0.875,ok,2601,0,0,192.00,461430784,612306944,114090264,95883264,18123768,2904,11174640,22132800,1269300,16968,16968,0,0,0,0,0,0,0,0,0.069,0.072,0.000,0,0,0,16968,16968,0,0
travel,79.246,1902.9,1474.086,1474.086,fly,0.884,ok,2601,0,0,192.00,461430784,612306944,114090264,95883264,18123768,2904,11174640,22132800,1269300,16968,16968,0,0,0,0,0,0,0,0,0.069,0.072,0.000,0,0,0,16968,16968,0,0
travel,79.277,1903.7,1474.598,1474.598,fly,1.233,ok,2601,0,0,192.00,461430784,612306944,114090264,95883264,18123768,2904,11174640,22132800,1269300,16968,16968,0,0,0,0,0,0,0,0,0.145,0.103,0.000,0,0,0,16968,16968,0,0
travel,79.307,1904.4,1475.117,1475.117,fly,0.869,ok,2601,0,0,192.00,461430784,612306944,114090264,95883264,18123768,2904,7449760,22132800,1269300,16968,16968,0,0,0,0,0,0,0,0,0.068,0.070,0.000,0,0,0,16968,16968,0,0
travel,79.337,1905.1,1475.628,1475.628,fly,0.901,ok,2601,0,0,192.00,461430784,612306944,114090264,95883264,18123768,2904,7449760,22132800,1269300,16968,16968,0,0,0,0,0,0,0,0,0.069,0.083,0.000,0,0,0,16968,16968,0,0
travel,79.367,1905.9,1476.140,1476.140,fly,0.837,ok,2601,0,0,192.00,461430784,612306944,114090264,95883264,18123768,2904,7449760,22132800,1269300,16968,16968,0,0,0,0,0,0,0,0,0.067,0.068,0.000,0,0,0,16968,16968,0,0
travel,79.397,1906.6,1476.653,1476.653,fly,0.864,ok,2601,0,0,192.00,461430784,612306944,114090264,95883264,18123768,2904,7449760,22132800,1269300,16968,16968,0,0,0,0,0,0,0,0,0.067,0.071,0.000,0,0,0,16968,16968,0,0
travel,79.427,1907.3,1477.163,1477.163,fly,0.871,ok,2601,0,0,192.00,461430784,612306944,114090264,95883264,18123768,2904,7449760,22132800,1269300,16968,16968,0,0,0,0,0,0,0,0,0.066,0.069,0.000,0,0,0,16968,16968,0,0
travel,79.457,1908.0,1477.674,1477.674,fly,0.837,ok,2601,0,0,192.00,461430784,612306944,114090264,95883264,18123768,2904,7449760,22132800,1269300,16968,16968,0,0,0,0,0,0,0,0,0.066,0.067,0.000,0,0,0,16968,16968,0,0
travel,79.488,1908.8,1478.192,1478.192,fly,0.851,ok,2601,0,0,192.00,461430784,612306944,114090264,95883264,18123768,2904,7449760,22132800,1269300,16968,16968,0,0,0,0,0,0,0,0,0.067,0.071,0.000,0,0,0,16968,16968,0,0
travel,79.518,1909.5,1478.702,1478.702,fly,0.862,ok,2601,0,0,192.00,461430784,612306944,114090264,95883264,18123768,2904,7449760,22132800,1269300,16968,16968,0,0,0,0,0,0,0,0,0.065,0.070,0.000,0,0,0,16968,16968,0,0
travel,79.548,1910.2,1479.221,1479.221,fly,0.848,ok,2601,0,0,192.00,461430784,612306944,114090264,95883264,18123768,2904,7449760,22132800,1269300,16968,16968,0,0,0,0,0,0,0,0,0.067,0.066,0.000,0,0,0,16968,16968,0,0
travel,79.578,1910.9,1479.731,1479.731,fly,0.900,ok,2601,0,0,192.00,461430784,612306944,114090264,95883264,18123768,2904,7449760,22132800,1269300,16968,16968,0,0,0,0,0,0,0,0,0.069,0.087,0.000,0,0,0,16968,16968,0,0
travel,79.621,1912.0,1480.461,1480.461,fly,1.129,ok,2601,0,59,192.00,461430784,612306944,114090264,95883264,18123768,2904,11174640,19054320,1313586,17069,17069,0,0,7,0,0,0,0,0,0.071,0.082,0.000,0,0,0,17069,17069,0,0
travel,79.654,1912.7,1481.017,1481.017,fly,0.974,ok,2601,0,0,192.00,461430784,612306944,114090264,95883264,18123768,2904,11174640,22132800,1326392,17069,17069,0,0,0,0,0,0,0,0,0.072,0.078,0.000,0,0,0,17069,17069,0,0
travel,79.685,1913.5,1481.537,1481.537,fly,0.945,ok,2601,0,0,192.00,461430784,612306944,114090264,95883264,18123768,2904,11174640,22132800,1326392,17069,17069,0,0,0,0,0,0,0,0,0.074,0.085,0.000,0,0,0,17069,17069,0,0
travel,79.715,1914.2,1482.050,1482.050,fly,0.842,ok,2601,0,0,192.00,461430784,612306944,114090264,95883264,18123768,2904,11174640,22132800,1326392,17069,17069,0,0,0,0,0,0,0,0,0.067,0.068,0.000,0,0,0,17069,17069,0,0
travel,79.745,1914.9,1482.562,1482.562,fly,0.855,ok,2601,0,0,192.00,461430784,612306944,114090264,95883264,18123768,2904,11174640,22132800,1326392,17069,17069,0,0,0,0,0,0,0,0,0.074,0.070,0.000,0,0,0,17069,17069,0,0
travel,79.775,1915.7,1483.074,1483.074,fly,0.837,ok,2601,0,0,192.00,461430784,612306944,114090264,95883264,18123768,2904,7449760,22132800,1326392,17069,17069,0,0,0,0,0,0,0,0,0.068,0.066,0.000,0,0,0,17069,17069,0,0
travel,79.806,1916.4,1483.604,1483.604,fly,0.874,ok,2601,0,0,192.00,461430784,612306944,114090264,95883264,18123768,2904,7449760,22132800,1326392,17069,17069,0,0,0,0,0,0,0,0,0.068,0.071,0.000,0,0,0,17069,17069,0,0
travel,79.837,1917.1,1484.124,1484.124,fly,0.866,ok,2601,0,0,192.00,461430784,612306944,114090264,95883264,18123768,2904,7449760,22132800,1326392,17069,17069,0,0,0,0,0,0,0,0,0.068,0.068,0.000,0,0,0,17069,17069,0,0
travel,79.867,1917.9,1484.638,1484.638,fly,0.848,ok,2601,0,0,192.00,461430784,612306944,114090264,95883264,18123768,2904,7449760,22132800,1326392,17069,17069,0,0,0,0,0,0,0,0,0.067,0.068,0.000,0,0,0,17069,17069,0,0
travel,79.898,1918.6,1485.157,1485.157,fly,0.839,ok,2601,0,0,192.00,461430784,612306944,114090264,95883264,18123768,2904,7449760,22132800,1326392,17069,17069,0,0,0,0,0,0,0,0,0.067,0.064,0.000,0,0,0,17069,17069,0,0
travel,79.928,1919.3,1485.669,1485.669,fly,1.010,ok,2601,0,0,192.00,461430784,612306944,114090264,95883264,18123768,2904,7449760,22132800,1326392,17069,17069,0,0,0,0,0,0,0,0,0.074,0.111,0.000,0,0,0,17069,17069,0,0
travel,79.958,1920.1,1486.185,1486.185,fly,0.842,ok,2601,0,0,192.00,461430784,612306944,114090264,95883264,18123768,2904,7449760,22132800,1326392,17069,17069,0,0,0,0,0,0,0,0,0.066,0.068,0.000,0,0,0,17069,17069,0,0
travel,79.988,1920.8,1486.697,1486.697,fly,0.859,ok,2601,0,0,192.00,461430784,612306944,114090264,95883264,18123768,2904,7449760,22132800,1326392,17069,17069,0,0,0,0,0,0,0,0,0.067,0.073,0.000,0,0,0,17069,17069,0,0
travel,80.018,1921.5,1487.209,1487.209,fly,0.871,ok,2601,0,0,192.00,461430784,612306944,114090264,95883264,18123768,2904,7449760,22132800,1326392,17069,17069,0,0,0,0,0,0,0,0,0.067,0.072,0.000,0,0,0,17069,17069,0,0
travel,80.048,1922.2,1487.721,1487.721,fly,0.950,ok,2601,0,0,192.00,461430784,612306944,114090264,95883264,18123768,2904,7449760,22132800,1326392,17069,17069,0,0,0,0,0,0,0,0,0.076,0.110,0.000,0,0,0,17069,17069,0,0
travel,80.092,1923.3,1488.458,1488.458,fly,1.140,ok,2601,0,65,192.00,461430784,612306944,114090264,95883264,18123768,2904,11174640,18741264,1369652,17170,17170,0,0,6,0,0,0,0,0,0.070,0.086,0.000,0,0,0,17170,17170,0,0
travel,80.124,1924.0,1488.998,1488.998,fly,0.845,ok,2601,0,0,192.00,461430784,612306944,114090264,95883264,18123768,2904,11174640,22132800,1382916,17170,17170,0,0,0,0,0,0,0,0,0.067,0.070,0.000,0,0,0,17170,17170,0,0
travel,80.154,1924.8,1489.510,1489.510,fly,0.844,ok,2601,0,0,192.00,461430784,612306944,114090264,95883264,18123768,2904,11174640,22132800,1382916,17170,17170,0,0,0,0,0,0,0,0,0.068,0.068,0.000,0,0,0,17170,17170,0,0
travel,80.184,1925.5,1490.021,1490.021,fly,0.843,ok,2601,0,0,192.00,461430784,612306944,114090264,95883264,18123768,2904,11174640,22132800,1382916,17170,17170,0,0,0,0,0,0,0,0,0.067,0.068,0.000,0,0,0,17170,17170,0,0
travel,80.214,1926.2,1490.538,1490.538,fly,0.846,ok,2601,0,0,192.00,461430784,612306944,114090264,95883264,18123768,2904,11174640,22132800,1382916,17170,17170,0,0,0,0,0,0,0,0,0.069,0.070,0.000,0,0,0,17170,17170,0,0
travel,80.245,1926.9,1491.056,1491.056,fly,0.993,ok,2601,0,0,192.00,461430784,612306944,114090264,95883264,18123768,2904,7449760,22132800,1382916,17170,17170,0,0,0,0,0,0,0,0,0.177,0.075,0.000,0,0,0,17170,17170,0,0
travel,80.275,1927.7,1491.567,1491.567,fly,0.871,ok,2601,0,0,192.00,461430784,612306944,114090264,95883264,18123768,2904,7449760,22132800,1382916,17170,17170,0,0,0,0,0,0,0,0,0.067,0.072,0.000,0,0,0,17170,17170,0,0
travel,80.305,1928.4,1492.080,1492.080,fly,0.873,ok,2601,0,0,192.00,461430784,612306944,114090264,95883264,18123768,2904,7449760,22132800,1382916,17170,17170,0,0,0,0,0,0,0,0,0.068,0.072,0.000,0,0,0,17170,17170,0,0
travel,80.335,1929.1,1492.591,1492.591,fly,0.880,ok,2601,0,0,192.00,461430784,612306944,114090264,95883264,18123768,2904,7449760,22132800,1382916,17170,17170,0,0,0,0,0,0,0,0,0.070,0.072,0.000,0,0,0,17170,17170,0,0
travel,80.365,1929.8,1493.105,1493.105,fly,0.851,ok,2601,0,0,192.00,461430784,612306944,114090264,95883264,18123768,2904,7449760,22132800,1382916,17170,17170,0,0,0,0,0,0,0,0,0.070,0.067,0.000,0,0,0,17170,17170,0,0
travel,80.395,1930.6,1493.619,1493.619,fly,0.880,ok,2601,0,0,192.00,461430784,612306944,114090264,95883264,18123768,2904,7449760,22132800,1382916,17170,17170,0,0,0,0,0,0,0,0,0.069,0.075,0.000,0,0,0,17170,17170,0,0
travel,80.426,1931.3,1494.133,1494.133,fly,0.837,ok,2601,0,0,192.00,461430784,612306944,114090264,95883264,18123768,2904,7449760,22132800,1382916,17170,17170,0,0,0,0,0,0,0,0,0.067,0.064,0.000,0,0,0,17170,17170,0,0
travel,80.456,1932.0,1494.647,1494.647,fly,0.837,ok,2601,0,0,192.00,461430784,612306944,114090264,95883264,18123768,2904,7449760,22132800,1382916,17170,17170,0,0,0,0,0,0,0,0,0.068,0.066,0.000,0,0,0,17170,17170,0,0
travel,80.486,1932.8,1495.165,1495.165,fly,1.036,ok,2601,0,0,192.00,461430784,612306944,114090264,95883264,18123768,2904,7449760,22132800,1382916,17170,17170,0,0,0,0,0,0,0,0,0.175,0.078,0.000,0,0,0,17170,17170,0,0
travel,80.517,1933.5,1495.678,1495.678,fly,0.841,ok,2601,0,0,192.00,461430784,612306944,114090264,95883264,18123768,2904,7449760,22132800,1382916,17170,17170,0,0,0,0,0,0,0,0,0.067,0.067,0.000,0,0,0,17170,17170,0,0
travel,80.559,1934.5,1496.395,1496.395,fly,1.141,ok,2601,0,80,192.00,461430784,612306944,114090264,95883264,18123768,2904,11174640,17958624,1422065,17271,17271,0,0,7,0,0,0,0,0,0.071,0.086,0.000,0,0,0,17271,17271,0,0
travel,80.591,1935.3,1496.939,1496.939,fly,0.917,ok,2601,0,0,192.00,461430784,612306944,114090264,95883264,18123768,2904,11174640,22132800,1437148,17271,17271,0,0,0,0,0,0,0,0,0.070,0.076,0.000,0,0,0,17271,17271,0,0
travel,80.622,1936.0,1497.464,1497.464,fly,0.933,ok,2601,0,0,192.00,461430784,612306944,114090264,95883264,18123768,2904,11174640,22132800,1437148,17271,17271,0,0,0,0,0,0,0,0,0.072,0.079,0.000,0,0,0,17271,17271,0,0
travel,80.653,1936.8,1497.998,1497.998,fly,0.883,ok,2601,0,0,192.00,461430784,612306944,114090264,95883264,18123768,2904,11174640,22132800,1437148,17271,17271,0,0,0,0,0,0,0,0,0.073,0.070,0.000,0,0,0,17271,17271,0,0
travel,80.683,1937.5,1498.514,1498.514,fly,0.866,ok,2601,0,0,192.00,461430784,612306944,114090264,95883264,18123768,2904,11174640,22132800,1437148,17271,17271,0,0,0,0,0,0,0,0,0.069,0.069,0.000,0,0,0,17271,17271,0,0
travel,80.714,1938.2,1499.027,1499.027,fly,0.893,ok,2601,0,0,192.00,461430784,612306944,114090264,95883264,18123768,2904,7449760,22132800,1437148,17271,17271,0,0,0,0,0,0,0,0,0.071,0.075,0.000,0,0,0,17271,17271,0,0
travel,80.744,1938.9,1499.537,1499.537,fly,0.987,ok,2601,0,0,192.00,461430784,612306944,114090264,95883264,18123768,2904,7449760,22132800,1437148,17271,17271,0,0,0,0,0,0,0,0,0.140,0.080,0.000,0,0,0,17271,17271,0,0
travel,80.774,1939.7,1500.050,1500.050,fly,1.042,ok,2601,0,0,192.00,461430784,612306944,114090264,95883264,18123768,2904,7449760,22132800,1437148,17271,17271,0,0,0,0,0,0,0,0,0.080,0.114,0.000,0,0,0,17271,17271,0,0
travel,80.804,1940.4,1500.569,1500.569,fly,0.856,ok,2601,0,0,192.00,461430784,612306944,114090264,95883264,18123768,2904,7449760,22132800,1437148,17271,17271,0,0,0,0,0,0,0,0,0.067,0.068,0.000,0,0,0,17271,17271,0,0
travel,80.834,1941.1,1501.079,1501.079,fly,0.891,ok,2601,0,0,192.00,461430784,612306944,114090264,95883264,18123768,2904,7449760,22132800,1437148,17271,17271,0,0,0,0,0,0,0,0,0.068,0.108,0.000,0,0,0,17271,17271,0,0
travel,80.865,1941.9,1501.596,1501.596,fly,0.852,ok,2601,0,0,192.00,461430784,612306944,114090264,95883264,18123768,2904,7449760,22132800,1437148,17271,17271,0,0,0,0,0,0,0,0,0.066,0.069,0.000,0,0,0,17271,17271,0,0
travel,80.895,1942.6,1502.109,1502.109,fly,0.846,ok,2601,0,0,192.00,461430784,612306944,114090264,95883264,18123768,2904,7449760,22132800,1437148,17271,17271,0,0,0,0,0,0,0,0,0.067,0.067,0.000,0,0,0,17271,17271,0,0
travel,80.925,1943.3,1502.621,1502.621,fly,0.839,ok,2601,0,0,192.00,461430784,612306944,114090264,95883264,18123768,2904,7449760,22132800,1437148,17271,17271,0,0,0,0,0,0,0,0,0.066,0.068,0.000,0,0,0,17271,17271,0,0
travel,80.955,1944.0,1503.132,1503.132,fly,0.849,ok,2601,0,0,192.00,461430784,612306944,114090264,95883264,18123768,2904,7449760,22132800,1437148,17271,17271,0,0,0,0,0,0,0,0,0.067,0.068,0.000,0,0,0,17271,17271,0,0
travel,80.985,1944.7,1503.642,1503.642,fly,0.862,ok,2601,0,0,192.00,461430784,612306944,114090264,95883264,18123768,2904,7449760,22132800,1437148,17271,17271,0,0,0,0,0,0,0,0,0.067,0.071,0.000,0,0,0,17271,17271,0,0
travel,81.029,1945.8,1504.385,1504.385,fly,1.146,ok,2601,0,114,192.00,461430784,612306944,114090264,95883264,18123768,2904,11174640,16184640,1245253,17372,17372,0,0,5,0,0,0,0,0,0.072,0.085,0.000,0,0,0,17372,17372,0,0
travel,81.063,1946.6,1504.962,1504.962,fly,0.880,ok,2601,0,0,192.00,461430784,612306944,114090264,95883264,18123768,2904,11174640,22132800,1267640,17372,17372,0,0,0,0,0,0,0,0,0.069,0.073,0.000,0,0,0,17372,17372,0,0
travel,81.093,1947.3,1505.474,1505.474,fly,0.854,ok,2601,0,0,192.00,461430784,612306944,114090264,95883264,18123768,2904,11174640,22132800,1267640,17372,17372,0,0,0,0,0,0,0,0,0.067,0.070,0.000,0,0,0,17372,17372,0,0
travel,81.123,1948.1,1505.985,1505.985,fly,0.840,ok,2601,0,0,192.00,461430784,612306944,114090264,95883264,18123768,2904,11174640,22132800,1267640,17372,17372,0,0,0,0,0,0,0,0,0.067,0.063,0.000,0,0,0,17372,17372,0,0
travel,81.153,1948.8,1506.499,1506.499,fly,0.877,ok,2601,0,0,192.00,461430784,612306944,114090264,95883264,18123768,2904,11174640,22132800,1267640,17372,17372,0,0,0,0,0,0,0,0,0.069,0.069,0.000,0,0,0,17372,17372,0,0
travel,81.183,1949.5,1507.013,1507.013,fly,0.915,ok,2601,0,0,192.00,461430784,612306944,114090264,95883264,18123768,2904,7449760,22132800,1267640,17372,17372,0,0,0,0,0,0,0,0,0.073,0.066,0.000,0,0,0,17372,17372,0,0
travel,81.214,1950.2,1507.528,1507.528,fly,0.874,ok,2601,0,0,192.00,461430784,612306944,114090264,95883264,18123768,2904,7449760,22132800,1267640,17372,17372,0,0,0,0,0,0,0,0,0.068,0.071,0.000,0,0,0,17372,17372,0,0
travel,81.244,1951.0,1508.039,1508.039,fly,0.982,ok,2601,0,0,192.00,461430784,612306944,114090264,95883264,18123768,2904,7449760,22132800,1267640,17372,17372,0,0,0,0,0,0,0,0,0.173,0.079,0.000,0,0,0,17372,17372,0,0
travel,81.274,1951.7,1508.554,1508.554,fly,0.846,ok,2601,0,0,192.00,461430784,612306944,114090264,95883264,18123768,2904,7449760,22132800,1267640,17372,17372,0,0,0,0,0,0,0,0,0.067,0.065,0.000,0,0,0,17372,17372,0,0
travel,81.304,1952.4,1509.066,1509.066,fly,0.856,ok,2601,0,0,192.00,461430784,612306944,114090264,95883264,18123768,2904,7449760,22132800,1267640,17372,17372,0,0,0,0,0,0,0,0,0.068,0.066,0.000,0,0,0,17372,17372,0,0
travel,81.334,1953.1,1509.576,1509.576,fly,0.961,ok,2601,0,0,192.00,461430784,612306944,114090264,95883264,18123768,2904,7449760,22132800,1267640,17372,17372,0,0,0,0,0,0,0,0,0.078,0.109,0.000,0,0,0,17372,17372,0,0
travel,81.365,1953.9,1510.092,1510.092,fly,0.888,ok,2601,0,0,192.00,461430784,612306944,114090264,95883264,18123768,2904,7449760,22132800,1267640,17372,17372,0,0,0,0,0,0,0,0,0.069,0.071,0.000,0,0,0,17372,17372,0,0
travel,81.395,1954.6,1510.605,1510.605,fly,0.863,ok,2601,0,0,192.00,461430784,612306944,114090264,95883264,18123768,2904,7449760,22132800,1267640,17372,17372,0,0,0,0,0,0,0,0,0.068,0.069,0.000,0,0,0,17372,17372,0,0
travel,81.425,1955.3,1511.117,1511.117,fly,0.900,ok,2601,0,0,192.00,461430784,612306944,114090264,95883264,18123768,2904,7449760,22132800,1267640,17372,17372,0,0,0,0,0,0,0,0,0.069,0.077,0.000,0,0,0,17372,17372,0,0
travel,81.455,1956.0,1511.632,1511.632,fly,0.869,ok,2601,0,0,192.00,461430784,612306944,114090264,95883264,18123768,2904,7449760,22132800,1267640,17372,17372,0,0,0,0,0,0,0,0,0.068,0.073,0.000,0,0,0,17372,17372,0,0
travel,81.498,1957.1,1512.354,1512.354,fly,1.158,ok,2601,0,94,192.00,461430784,612306944,114090264,95883264,18123768,2904,11174640,17228160,1302922,17473,17473,0,0,8,0,0,0,0,0,0.073,0.084,0.000,0,0,0,17473,17473,0,0
travel,81.530,1957.9,1512.911,1512.911,fly,0.884,ok,2601,0,0,192.00,461430784,612306944,114090264,95883264,18123768,2904,11174640,22132800,1320952,17473,17473,0,0,0,0,0,0,0,0,0.069,0.071,0.000,0,0,0,17473,17473,0,0
travel,81.561,1958.6,1513.434,1513.434,fly,0.877,ok,2601,0,0,192.00,461430784,612306944,114090264,95883264,18123768,2904,11174640,22132800,1320952,17473,17473,0,0,0,0,0,0,0,0,0.070,0.071,0.000,0,0,0,17473,17473,0,0
travel,81.591,1959.3,1513.945,1513.945,fly,1.051,ok,2601,0,0,192.00,461430784,612306944,114090264,95883264,18123768,2904,11174640,22132800,1320952,17473,17473,0,0,0,0,0,0,0,0,0.147,0.129,0.000,0,0,0,17473,17473,0,0
travel,81.622,1960.0,1514.462,1514.462,fly,0.854,ok,2601,0,0,192.00,461430784,612306944,114090264,95883264,18123768,2904,11174640,22132800,1320952,17473,17473,0,0,0,0,0,0,0,0,0.069,0.069,0.000,0,0,0,17473,17473,0,0
travel,81.652,1960.8,1514.976,1514.976,fly,0.856,ok,2601,0,0,192.00,461430784,612306944,114090264,95883264,18123768,2904,7449760,22132800,1320952,17473,17473,0,0,0,0,0,0,0,0,0.068,0.068,0.000,0,0,0,17473,17473,0,0
travel,81.682,1961.5,1515.493,1515.493,fly,0.876,ok,2601,0,0,192.00,461430784,612306944,114090264,95883264,18123768,2904,7449760,22132800,1320952,17473,17473,0,0,0,0,0,0,0,0,0.069,0.073,0.000,0,0,0,17473,17473,0,0
travel,81.712,1962.2,1516.004,1516.004,fly,0.944,ok,2601,0,0,192.00,461430784,612306944,114090264,95883264,18123768,2904,7449760,22132800,1320952,17473,17473,0,0,0,0,0,0,0,0,0.069,0.089,0.000,0,0,0,17473,17473,0,0
travel,81.743,1963.0,1516.518,1516.518,fly,0.883,ok,2601,0,0,192.00,461430784,612306944,114090264,95883264,18123768,2904,7449760,22132800,1320952,17473,17473,0,0,0,0,0,0,0,0,0.069,0.072,0.000,0,0,0,17473,17473,0,0
travel,81.773,1963.7,1517.031,1517.031,fly,0.902,ok,2601,0,0,192.00,461430784,612306944,114090264,95883264,18123768,2904,7449760,22132800,1320952,17473,17473,0,0,0,0,0,0,0,0,0.069,0.080,0.000,0,0,0,17473,17473,0,0
travel,81.803,1964.4,1517.554,1517.554,fly,0.886,ok,2601,0,0,192.00,461430784,612306944,114090264,95883264,18123768,2904,7449760,22132800,1320952,17473,17473,0,0,0,0,0,0,0,0,0.067,0.075,0.000,0,0,0,17473,17473,0,0
travel,81.834,1965.1,1518.067,1518.067,fly,0.946,ok,2601,0,0,192.00,461430784,612306944,114090264,95883264,18123768,2904,7449760,22132800,1320952,17473,17473,0,0,0,0,0,0,0,0,0.068,0.078,0.000,0,0,0,17473,17473,0,0
travel,81.864,1965.9,1518.578,1518.578,fly,0.844,ok,2601,0,0,192.00,461430784,612306944,114090264,95883264,18123768,2904,7449760,22132800,1320952,17473,17473,0,0,0,0,0,0,0,0,0.067,0.067,0.000,0,0,0,17473,17473,0,0
travel,81.894,1966.6,1519.093,1519.093,fly,0.852,ok,2601,0,0,192.00,461430784,612306944,114090264,95883264,18123768,2904,7449760,22132800,1320952,17473,17473,0,0,0,0,0,0,0,0,0.065,0.065,0.000,0,0,0,17473,17473,0,0
travel,81.924,1967.3,1519.603,1519.603,fly,0.905,ok,2601,0,0,192.00,461430784,612306944,114090264,95883264,18123768,2904,7449760,22132800,1320952,17473,17473,0,0,0,0,0,0,0,0,0.070,0.081,0.000,0,0,0,17473,17473,0,0
travel,81.966,1968.3,1520.314,1520.314,fly,0.876,ok,2601,0,123,192.00,461430784,612306944,114090264,95883264,18123768,2904,11174640,15715056,1349320,17574,17574,0,0,4,0,0,0,0,0,0.068,0.066,0.000,0,0,0,17574,17574,0,0
travel,81.999,1969.1,1520.878,1520.878,fly,0.881,ok,2601,0,0,192.00,461430784,612306944,114090264,95883264,18123768,2904,11174640,22132800,1374684,17574,17574,0,0,0,0,0,0,0,0,0.070,0.073,0.000,0,0,0,17574,17574,0,0
travel,82.029,1969.8,1521.393,1521.393,fly,0.882,ok,2601,0,0,192.00,461430784,612306944,114090264,95883264,18123768,2904,11174640,22132800,1374684,17574,17574,0,0,0,0,0,0,0,0,0.069,0.070,0.000,0,0,0,17574,17574,0,0
travel,82.061,1970.6,1521.933,1521.933,fly,0.890,ok,2601,0,0,192.00,461430784,612306944,114090264,95883264,18123768,2904,11174640,22132800,1374684,17574,17574,0,0,0,0,0,0,0,0,0.070,0.071,0.000,0,0,0,17574,17574,0,0
travel,82.091,1971.3,1522.446,1522.446,fly,1.010,ok,2601,0,0,192.00,461430784,612306944,114090264,95883264,18123768,2904,11174640,22132800,1374684,17574,17574,0,0,0,0,0,0,0,0,0.079,0.089,0.000,0,0,0,17574,17574,0,0
travel,82.122,1972.1,1522.962,1522.962,fly,1.248,ok,2601,0,0,192.00,461430784,612306944,114090264,95883264,18123768,2904,7449760,22132800,1374684,17574,17574,0,0,0,0,0,0,0,0,0.352,0.104,0.000,0,0,0,17574,17574,0,0
travel,82.152,1972.8,1523.478,1523.478,fly,0.880,ok,2601,0,0,192.00,461430784,612306944,114090264,95883264,18123768,2904,7449760,22132800,1374684,17574,17574,0,0,0,0,0,0,0,0,0.069,0.072,0.000,0,0,0,17574,17574,0,0
travel,82.183,1973.5,1523.999,1523.999,fly,0.862,ok,2601,0,0,192.00,461430784,612306944,114090264,95883264,18123768,2904,7449760,22132800,1374684,17574,17574,0,0,0,0,0,0,0,0,0.070,0.069,0.000,0,0,0,17574,17574,0,0
travel,82.213,1974.3,1524.513,1524.513,fly,1.008,ok,2601,0,0,192.00,461430784,612306944,114090264,95883264,18123768,2904,7449760,22132800,1374684,17574,17574,0,0,0,0,0,0,0,0,0.073,0.110,0.000,0,0,0,17574,17574,0,0
travel,82.243,1975.0,1525.029,1525.029,fly,0.877,ok,2601,0,0,192.00,461430784,612306944,114090264,95883264,18123768,2904,7449760,22132800,1374684,17574,17574,0,0,0,0,0,0,0,0,0.069,0.072,0.000,0,0,0,17574,17574,0,0
travel,82.273,1975.7,1525.541,1525.541,fly,0.860,ok,2601,0,0,192.00,461430784,612306944,114090264,95883264,18123768,2904,7449760,22132800,1374684,17574,17574,0,0,0,0,0,0,0,0,0.067,0.065,0.000,0,0,0,17574,17574,0,0
travel,82.303,1976.4,1526.052,1526.052,fly,0.855,ok,2601,0,0,192.00,461430784,612306944,114090264,95883264,18123768,2904,7449760,22132800,1374684,17574,17574,0,0,0,0,0,0,0,0,0.067,0.069,0.000,0,0,0,17574,17574,0,0
travel,82.333,1977.2,1526.562,1526.562,fly,0.869,ok,2601,0,0,192.00,461430784,612306944,114090264,95883264,18123768,2904,7449760,22132800,1374684,17574,17574,0,0,0,0,0,0,0,0,0.067,0.071,0.000,0,0,0,17574,17574,0,0
travel,82.363,1977.9,1527.073,1527.073,fly,0.929,ok,2601,0,0,192.00,461430784,612306944,114090264,95883264,18123768,2904,7449760,22132800,1374684,17574,17574,0,0,0,0,0,0,0,0,0.068,0.133,0.000,0,0,0,17574,17574,0,0
travel,82.394,1978.6,1527.594,1527.594,fly,0.887,ok,2601,0,0,192.00,461430784,612306944,114090264,95883264,18123768,2904,7449760,22132800,1374684,17574,17574,0,0,0,0,0,0,0,0,0.069,0.070,0.000,0,0,0,17574,17574,0,0
travel,82.437,1979.6,1528.314,1528.314,fly,1.267,ok,2601,0,115,192.00,461430784,612306944,114090264,95883264,18123768,2904,11174640,16184640,1405811,17675,17675,0,0,6,0,0,0,0,0,0.172,0.083,0.000,0,0,0,17675,17675,0,0
travel,82.470,1980.4,1528.875,1528.875,fly,0.844,ok,2601,0,0,192.00,461430784,612306944,114090264,95883264,18123768,2904,11174640,22132800,1429060,17675,17675,0,0,0,0,0,0,0,0,0.068,0.066,0.000,0,0,0,17675,17675,0,0
travel,82.500,1981.2,1529.399,1529.399,fly,0.853,ok,2601,0,0,192.00,461430784,612306944,114090264,95883264,18123768,2904,11174640,22132800,1429060,17675,17675,0,0,0,0,0,0,0,0,0.070,0.069,0.000,0,0,0,17675,17675,0,0
travel,82.530,1981.9,1529.910,1529.910,fly,0.848,ok,2601,0,0,192.00,461430784,612306944,114090264,95883264,18123768,2904,11174640,22132800,1429060,17675,17675,0,0,0,0,0,0,0,0,0.069,0.064,0.000,0,0,0,17675,17675,0,0
travel,82.560,1982.6,1530.420,1530.420,fly,1.066,ok,2601,0,0,192.00,461430784,612306944,114090264,95883264,18123768,2904,11174640,22132800,1429060,17675,17675,0,0,0,0,0,0,0,0,0.093,0.220,0.000,0,0,0,17675,17675,0,0
travel,82.591,1983.3,1530.938,1530.938,fly,0.887,ok,2601,0,0,192.00,461430784,612306944,114090264,95883264,18123768,2904,7449760,22132800,1429060,17675,17675,0,0,0,0,0,0,0,0,0.074,0.073,0.000,0,0,0,17675,17675,0,0
travel,82.621,1984.1,1531.457,1531.457,fly,0.894,ok,2601,0,0,192.00,461430784,612306944,114090264,95883264,18123768,2904,7449760,22132800,1429060,17675,17675,0,0,0,0,0,0,0,0,0.070,0.074,0.000,0,0,0,17675,17675,0,0
travel,82.652,1984.8,1531.972,1531.972,fly,0.941,ok,2601,0,0,192.00,461430784,612306944,114090264,95883264,18123768,2904,7449760,22132800,1429060,17675,17675,0,0,0,0,0,0,0,0,0.071,0.079,0.000,0,0,0,17675,17675,0,0
travel,82.683,1985.6,1532.507,1532.507,fly,1.275,ok,2601,0,0,192.00,461430784,612306944,114090264,95883264,18123768,2904,7449760,22132800,1429060,17675,17675,0,0,0,0,0,0,0,0,0.080,0.311,0.000,0,0,0,17675,17675,0,0
travel,82.714,1986.3,1533.033,1533.033,fly,1.069,ok,2601,0,0,192.00,461430784,612306944,114090264,95883264,18123768,2904,7449760,22132800,1429060,17675,17675,0,0,0,0,0,0,0,0,0.077,0.105,0.000,0,0,0,17675,17675,0,0
travel,82.745,1987.1,1533.559,1533.559,fly,1.393,ok,2601,0,0,192.00,461430784,612306944,114090264,95883264,18123768,2904,7449760,22132800,1429060,17675,17675,0,0,0,0,0,0,0,0,0.141,0.193,0.000,0,0,0,17675,17675,0,0
travel,82.778,1987.8,1534.113,1534.113,fly,0.907,ok,2601,0,0,192.00,461430784,612306944,114090264,95883264,18123768,2904,7449760,22132800,1429060,17675,17675,0,0,0,0,0,0,0,0,0.068,0.080,0.000,0,0,0,17675,17675,0,0
travel,82.810,1988.6,1534.666,1534.666,fly,0.965,ok,2601,0,0,192.00,461430784,612306944,114090264,95883264,18123768,2904,7449760,22132800,1429060,17675,17675,0,0,0,0,0,0,0,0,0.077,0.111,0.000,0,0,0,17675,17675,0,0
travel,82.841,1989.4,1535.190,1535.190,fly,0.845,ok,2601,0,0,192.00,461430784,612306944,114090264,95883264,18123768,2904,7449760,22132800,1429060,17675,17675,0,0,0,0,0,0,0,0,0.066,0.064,0.000,0,0,0,17675,17675,0,0
travel,82.871,1990.1,1535.703,1535.703,fly,0.972,ok,2601,0,0,192.00,461430784,612306944,114090264,95883264,18123768,2904,7449760,22132800,1429060,17675,17675,0,0,0,0,0,0,0,0,0.137,0.076,0.000,0,0,0,17675,17675,0,0
travel,82.915,1991.1,1536.450,1536.450,fly,1.111,ok,2601,0,90,192.00,461430784,612306944,114090264,95883264,18123768,2904,11174640,17436864,1242050,17776,17776,0,0,8,0,0,0,0,0,0.072,0.090,0.000,0,0,0,17776,17776,0,0
travel,82.948,1991.9,1537.007,1537.007,fly,0.931,ok,2601,0,0,192.00,461430784,612306944,114090264,95883264,18123768,2904,11174640,22132800,1259638,17776,17776,0,0,0,0,0,0,0,0,0.068,0.069,0.000,0,0,0,17776,17776,0,0
travel,82.978,1992.7,1537.519,1537.519,fly,0.943,ok,2601,0,0,192.00,461430784,612306944,114090264,95883264,18123768,2904,11174640,22132800,1259638,17776,17776,0,0,0,0,0,0,0,0,0.077,0.108,0.000,0,0,0,17776,17776,0,0
travel,83.009,1993.4,1538.041,1538.041,fly,0.879,ok,2601,0,0,192.00,461430784,612306944,114090264,95883264,18123768,2904,11174640,22132800,1259638,17776,17776,0,0,0,0,0,0,0,0,0.070,0.076,0.000,0,0,0,17776,17776,0,0
travel,83.039,1994.1,1538.559,1538.559,fly,0.873,ok,2601,0,0,192.00,461430784,612306944,114090264,95883264,18123768,2904,7449760,22132800,1259638,17776,17776,0,0,0,0,0,0,0,0,0.071,0.070,0.000,0,0,0,17776,17776,0,0
travel,83.070,1994.8,1539.072,1539.072,fly,0.991,ok,2601,0,0,192.00,461430784,612306944,114090264,95883264,18123768,2904,7449760,22132800,1259638,17776,17776,0,0,0,0,0,0,0,0,0.141,0.078,0.000,0,0,0,17776,17776,0,0
travel,83.100,1995.6,1539.588,1539.588,fly,0.910,ok,2601,0,0,192.00,461430784,612306944,114090264,95883264,18123768,2904,7449760,22132800,1259638,17776,17776,0,0,0,0,0,0,0,0,0.070,0.079,0.000,0,0,0,17776,17776,0,0
travel,83.130,1996.3,1540.103,1540.103,fly,0.851,ok,2601,0,0,192.00,461430784,612306944,114090264,95883264,18123768,2904,7449760,22132800,1259638,17776,17776,0,0,0,0,0,0,0,0,0.069,0.067,0.000,0,0,0,17776,17776,0,0
travel,83.160,1997.0,1540.615,1540.615,fly,0.849,ok,2601,0,0,192.00,461430784,612306944,114090264,95883264,18123768,2904,7449760,22132800,1259638,17776,17776,0,0,0,0,0,0,0,0,0.067,0.066,0.000,0,0,0,17776,17776,0,0
travel,83.191,1997.8,1541.132,1541.132,fly,0.922,ok,2601,0,0,192.00,461430784,612306944,114090264,95883264,18123768,2904,7449760,22132800,1259638,17776,17776,0,0,0,0,0,0,0,0,0.071,0.091,0.000,0,0,0,17776,17776,0,0
travel,83.221,1998.5,1541.648,1541.648,fly,0.958,ok,2601,0,0,192.00,461430784,612306944,114090264,95883264,18123768,2904,7449760,22132800,1259638,17776,17776,0,0,0,0,0,0,0,0,0.067,0.151,0.000,0,0,0,17776,17776,0,0
travel,83.251,1999.2,1542.163,1542.163,fly,0.981,ok,2601,0,0,192.00,461430784,612306944,114090264,95883264,18123768,2904,7449760,22132800,1259638,17776,17776,0,0,0,0,0,0,0,0,0.077,0.123,0.000,0,0,0,17776,17776,0,0
travel,83.282,2000.0,1542.679,1542.679,fly,0.927,ok,2601,0,0,192.00,461430784,612306944,114090264,95883264,18123768,2904,7449760,22132800,1259638,17776,17776,0,0,0,0,0,0,0,0,0.067,0.084,0.000,0,0,0,17776,17776,0,0
drain,83.284,2000.0,1542.714,1542.714,fly,26.574,draw_submit,2601,0,0,192.00,461443072,612306944,114090264,95883264,18123768,2601,0,22132800,1335306,17776,17776,0,0,0,0,0,0,303,0,0.172,0.184,0.000,0,0,0,17776,17776,0,0
travel,83.313,2000.7,1543.215,1543.215,fly,0.934,ok,2601,0,0,192.00,461443072,612306944,114090264,95883264,18123768,2601,0,22132800,1335306,17776,17776,0,0,0,0,0,0,0,0,0.069,0.078,0.000,0,0,0,17776,17776,0,0
travel,83.344,2001.4,1543.733,1543.733,fly,0.935,ok,2601,0,0,192.00,461443072,612306944,114090264,95883264,18123768,2601,0,22132800,1335306,17776,17776,0,0,0,0,0,0,0,0,0.067,0.078,0.000,0,0,0,17776,17776,0,0
travel,83.389,2002.5,1544.496,1544.496,fly,1.380,ok,2601,0,45,192.00,461443072,612306944,114090264,95883264,18123768,2702,3724880,19784784,1380805,17877,17877,0,0,9,0,0,0,0,0,0.231,0.086,0.000,0,0,0,17877,17877,0,0
travel,83.421,2003.3,1545.042,1545.042,fly,0.952,ok,2601,0,0,192.00,461443072,612306944,114090264,95883264,18123768,2702,3724880,22132800,1388066,17877,17877,0,0,0,0,0,0,0,0,0.068,0.079,0.000,0,0,0,17877,17877,0,0
travel,83.451,2004.0,1545.562,1545.562,fly,0.975,ok,2601,0,0,192.00,461443072,612306944,114090264,95883264,18123768,2702,3724880,22132800,1388066,17877,17877,0,0,0,0,0,0,0,0,0.072,0.084,0.000,0,0,0,17877,17877,0,0
travel,83.482,2004.8,1546.087,1546.087,fly,0.949,ok,2601,0,0,192.00,461443072,612306944,114090264,95883264,18123768,2702,3724880,22132800,1388066,17877,17877,0,0,0,0,0,0,0,0,0.069,0.080,0.000,0,0,0,17877,17877,0,0
travel,83.513,2005.5,1546.611,1546.611,fly,1.260,ok,2601,0,0,192.00,461443072,612306944,114090264,95883264,18123768,2702,3724880,22132800,1388066,17877,17877,0,0,0,0,0,0,0,0,0.075,0.098,0.000,0,0,0,17877,17877,0,0
travel,83.546,2006.3,1547.163,1547.163,fly,0.961,ok,2601,0,0,192.00,461443072,612306944,114090264,95883264,18123768,2702,3724880,22132800,1388066,17877,17877,0,0,0,0,0,0,0,0,0.068,0.083,0.000,0,0,0,17877,17877,0,0
travel,83.576,2007.0,1547.680,1547.680,fly,0.987,ok,2601,0,0,192.00,461443072,612306944,114090264,95883264,18123768,2702,3724880,22132800,1388066,17877,17877,0,0,0,0,0,0,0,0,0.074,0.080,0.000,0,0,0,17877,17877,0,0
travel,83.607,2007.8,1548.210,1548.210,fly,0.951,ok,2601,0,0,192.00,461443072,612306944,114090264,95883264,18123768,2702,3724880,22132800,1388066,17877,17877,0,0,0,0,0,0,0,0,0.069,0.080,0.000,0,0,0,17877,17877,0,0
travel,83.638,2008.5,1548.728,1548.728,fly,0.936,ok,2601,0,0,192.00,461443072,612306944,114090264,95883264,18123768,2702,3724880,22132800,1388066,17877,17877,0,0,0,0,0,0,0,0,0.070,0.079,0.000,0,0,0,17877,17877,0,0
travel,83.668,2009.2,1549.246,1549.246,fly,0.969,ok,2601,0,0,192.00,461443072,612306944,114090264,95883264,18123768,2702,3724880,22132800,1388066,17877,17877,0,0,0,0,0,0,0,0,0.067,0.092,0.000,0,0,0,17877,17877,0,0
travel,83.699,2010.0,1549.767,1549.767,fly,1.108,ok,2601,0,0,192.00,461443072,612306944,114090264,95883264,18123768,2702,3724880,22132800,1388066,17877,17877,0,0,0,0,0,0,0,0,0.174,0.087,0.000,0,0,0,17877,17877,0,0
travel,83.730,2010.7,1550.296,1550.296,fly,0.938,ok,2601,0,0,192.00,461443072,612306944,114090264,95883264,18123768,2702,3724880,22132800,1388066,17877,17877,0,0,0,0,0,0,0,0,0.067,0.079,0.000,0,0,0,17877,17877,0,0
travel,83.760,2011.5,1550.814,1550.814,fly,0.950,ok,2601,0,0,192.00,461443072,612306944,114090264,95883264,18123768,2702,3724880,22132800,1388066,17877,17877,0,0,0,0,0,0,0,0,0.067,0.082,0.000,0,0,0,17877,17877,0,0
travel,83.791,2012.2,1551.328,1551.328,fly,0.967,ok,2601,0,0,192.00,461443072,612306944,114090264,95883264,18123768,2702,3724880,22132800,1388066,17877,17877,0,0,0,0,0,0,0,0,0.070,0.081,0.000,0,0,0,17877,17877,0,0
travel,83.821,2012.9,1551.846,1551.846,fly,0.946,ok,2601,0,0,192.00,461443072,612306944,114090264,95883264,18123768,2702,3724880,22132800,1388066,17877,17877,0,0,0,0,0,0,0,0,0.066,0.081,0.000,0,0,0,17877,17877,0,0
travel,83.868,2014.0,1552.646,1552.646,fly,1.059,ok,2601,0,0,192.00,461443072,612306944,114090264,95883264,18123768,2803,7449760,22132800,1444366,17978,17978,0,0,8,0,0,0,0,0,0.072,0.089,0.000,0,0,0,17978,17978,0,0
travel,83.899,2014.8,1553.165,1553.165,fly,1.039,ok,2601,0,0,192.00,461443072,612306944,114090264,95883264,18123768,2803,7449760,22132800,1444366,17978,17978,0,0,0,0,0,0,0,0,0.069,0.186,0.000,0,0,0,17978,17978,0,0
travel,83.930,2015.5,1553.692,1553.692,fly,0.924,ok,2601,0,0,192.00,461443072,612306944,114090264,95883264,18123768,2803,7449760,22132800,1444366,17978,17978,0,0,0,0,0,0,0,0,0.068,0.083,0.000,0,0,0,17978,17978,0,0
travel,83.960,2016.3,1554.209,1554.209,fly,0.939,ok,2601,0,0,192.00,461443072,612306944,114090264,95883264,18123768,2803,7449760,22132800,1444366,17978,17978,0,0,0,0,0,0,0,0,0.067,0.078,0.000,0,0,0,17978,17978,0,0
travel,83.991,2017.0,1554.732,1554.732,fly,0.934,ok,2601,0,0,192.00,461443072,612306944,114090264,95883264,18123768,2803,7449760,22132800,1444366,17978,17978,0,0,0,0,0,0,0,0,0.066,0.089,0.000,0,0,0,17978,17978,0,0
travel,84.021,2017.7,1555.246,1555.246,fly,0.912,ok,2601,0,0,192.00,461443072,612306944,114090264,95883264,18123768,2803,7449760,22132800,1444366,17978,17978,0,0,0,0,0,0,0,0,0.068,0.077,0.000,0,0,0,17978,17978,0,0
travel,84.052,2018.5,1555.767,1555.767,fly,0.927,ok,2601,0,0,192.00,461443072,612306944,114090264,95883264,18123768,2803,7449760,22132800,1444366,17978,17978,0,0,0,0,0,0,0,0,0.070,0.084,0.000,0,0,0,17978,17978,0,0
travel,84.082,2019.2,1556.283,1556.283,fly,0.949,ok,2601,0,0,192.00,461443072,612306944,114090264,95883264,18123768,2803,7449760,22132800,1444366,17978,17978,0,0,0,0,0,0,0,0,0.068,0.079,0.000,0,0,0,17978,17978,0,0
travel,84.113,2019.9,1556.798,1556.798,fly,1.103,ok,2601,0,0,192.00,461443072,612306944,114090264,95883264,18123768,2803,7449760,22132800,1444366,17978,17978,0,0,0,0,0,0,0,0,0.077,0.119,0.000,0,0,0,17978,17978,0,0
travel,84.143,2020.7,1557.318,1557.318,fly,0.952,ok,2601,0,0,192.00,461443072,612306944,114090264,95883264,18123768,2803,7449760,22132800,1444366,17978,17978,0,0,0,0,0,0,0,0,0.069,0.081,0.000,0,0,0,17978,17978,0,0
travel,84.173,2021.4,1557.832,1557.832,fly,0.950,ok,2601,0,0,192.00,461443072,612306944,114090264,95883264,18123768,2803,7449760,22132800,1444366,17978,17978,0,0,0,0,0,0,0,0,0.069,0.099,0.000,0,0,0,17978,17978,0,0
travel,84.204,2022.1,1558.347,1558.347,fly,0.936,ok,2601,0,0,192.00,461443072,612306944,114090264,95883264,18123768,2803,7449760,22132800,1444366,17978,17978,0,0,0,0,0,0,0,0,0.069,0.080,0.000,0,0,0,17978,17978,0,0
travel,84.234,2022.8,1558.861,1558.861,fly,0.915,ok,2601,0,0,192.00,461443072,612306944,114090264,95883264,18123768,2803,7449760,22132800,1444366,17978,17978,0,0,0,0,0,0,0,0,0.069,0.084,0.000,0,0,0,17978,17978,0,0
travel,84.264,2023.6,1559.379,1559.379,fly,0.912,ok,2601,0,0,192.00,461443072,612306944,114090264,95883264,18123768,2803,7449760,22132800,1444366,17978,17978,0,0,0,0,0,0,0,0,0.066,0.079,0.000,0,0,0,17978,17978,0,0
travel,84.295,2024.3,1559.893,1559.893,fly,0.951,ok,2601,0,0,192.00,461443072,612306944,114090264,95883264,18123768,2803,7449760,22132800,1444366,17978,17978,0,0,0,0,0,0,0,0,0.068,0.086,0.000,0,0,0,17978,17978,0,0
travel,84.340,2025.4,1560.659,1560.659,fly,0.950,ok,2601,0,0,192.00,461447168,612306944,114090264,95883264,18123768,2904,11174640,22132800,1498182,18079,18079,0,0,5,0,0,0,0,0,0.072,0.078,0.000,0,0,0,18079,18079,0,0
travel,84.370,2026.1,1561.177,1561.177,fly,0.903,ok,2601,0,0,192.00,461447168,612306944,114090264,95883264,18123768,2904,11174640,22132800,1498182,18079,18079,0,0,0,0,0,0,0,0,0.071,0.079,0.000,0,0,0,18079,18079,0,0
travel,84.401,2026.8,1561.692,1561.692,fly,0.916,ok,2601,0,0,192.00,461447168,612306944,114090264,95883264,18123768,2904,7449760,22132800,1498182,18079,18079,0,0,0,0,0,0,0,0,0.083,0.078,0.000,0,0,0,18079,18079,0,0
travel,84.431,2027.6,1562.205,1562.205,fly,0.900,ok,2601,0,0,192.00,461447168,612306944,114090264,95883264,18123768,2904,7449760,22132800,1498182,18079,18079,0,0,0,0,0,0,0,0,0.068,0.072,0.000,0,0,0,18079,18079,0,0
travel,84.461,2028.3,1562.719,1562.719,fly,0.901,ok,2601,0,0,192.00,461447168,612306944,114090264,95883264,18123768,2904,7449760,22132800,1498182,18079,18079,0,0,0,0,0,0,0,0,0.069,0.081,0.000,0,0,0,18079,18079,0,0
travel,84.491,2029.0,1563.236,1563.236,fly,0.901,ok,2601,0,0,192.00,461447168,612306944,114090264,95883264,18123768,2904,7449760,22132800,1498182,18079,18079,0,0,0,0,0,0,0,0,0.067,0.080,0.000,0,0,0,18079,18079,0,0
travel,84.522,2029.8,1563.760,1563.760,fly,1.016,ok,2601,0,0,192.00,461447168,612306944,114090264,95883264,18123768,2904,7449760,22132800,1498182,18079,18079,0,0,0,0,0,0,0,0,0.072,0.171,0.000,0,0,0,18079,18079,0,0
travel,84.552,2030.5,1564.272,1564.272,fly,0.920,ok,2601,0,0,192.00,461447168,612306944,114090264,95883264,18123768,2904,7449760,22132800,1498182,18079,18079,0,0,0,0,0,0,0,0,0.068,0.086,0.000,0,0,0,18079,18079,0,0
travel,84.583,2031.2,1564.786,1564.786,fly,0.908,ok,2601,0,0,192.00,461447168,612306944,114090264,95883264,18123768,2904,7449760,22132800,1498182,18079,18079,0,0,0,0,0,0,0,0,0.068,0.080,0.000,0,0,0,18079,18079,0,0
travel,84.613,2031.9,1565.305,1565.305,fly,0.910,ok,2601,0,0,192.00,461447168,612306944,114090264,95883264,18123768,2904,7449760,22132800,1498182,18079,18079,0,0,0,0,0,0,0,0,0.068,0.080,0.000,0,0,0,18079,18079,0,0
travel,84.643,2032.7,1565.820,1565.820,fly,0.940,ok,2601,0,0,192.00,461447168,612306944,114090264,95883264,18123768,2904,7449760,22132800,1498182,18079,18079,0,0,0,0,0,0,0,0,0.069,0.087,0.000,0,0,0,18079,18079,0,0
travel,84.673,2033.4,1566.331,1566.331,fly,0.898,ok,2601,0,0,192.00,461447168,612306944,114090264,95883264,18123768,2904,7449760,22132800,1498182,18079,18079,0,0,0,0,0,0,0,0,0.067,0.079,0.000,0,0,0,18079,18079,0,0
travel,84.703,2034.1,1566.842,1566.842,fly,0.930,ok,2601,0,0,192.00,461447168,612306944,114090264,95883264,18123768,2904,7449760,22132800,1498182,18079,18079,0,0,0,0,0,0,0,0,0.067,0.086,0.000,0,0,0,18079,18079,0,0
travel,84.734,2034.8,1567.353,1567.353,fly,0.908,ok,2601,0,0,192.00,461447168,612306944,114090264,95883264,18123768,2904,7449760,22132800,1498182,18079,18079,0,0,0,0,0,0,0,0,0.066,0.079,0.000,0,0,0,18079,18079,0,0
travel,84.764,2035.6,1567.867,1567.867,fly,0.890,ok,2601,0,0,192.00,461447168,612306944,114090264,95883264,18123768,2904,7449760,22132800,1498182,18079,18079,0,0,0,0,0,0,0,0,0.068,0.078,0.000,0,0,0,18079,18079,0,0
travel,84.810,2036.7,1568.656,1568.656,fly,1.195,ok,2601,0,18,192.00,461447168,612306944,114090264,95883264,18123768,2904,11174640,21193536,1333294,18180,18180,0,0,5,0,0,0,0,0,0.072,0.092,0.000,0,0,0,18180,18180,0,0
travel,84.841,2037.4,1569.183,1569.183,fly,1.051,ok,2601,0,0,192.00,461447168,612306944,114090264,95883264,18123768,2904,11174640,22132800,1336494,18180,18180,0,0,0,0,0,0,0,0,0.077,0.159,0.000,0,0,0,18180,18180,0,0
travel,84.872,2038.2,1569.703,1569.703,fly,0.904,ok,2601,0,0,192.00,461447168,612306944,114090264,95883264,18123768,2904,11174640,22132800,1336494,18180,18180,0,0,0,0,0,0,0,0,0.070,0.079,0.000,0,0,0,18180,18180,0,0
travel,84.902,2038.9,1570.219,1570.219,fly,0.900,ok,2601,0,0,192.00,461447168,612306944,114090264,95883264,18123768,2904,7449760,22132800,1336494,18180,18180,0,0,0,0,0,0,0,0,0.069,0.083,0.000,0,0,0,18180,18180,0,0
travel,84.932,2039.6,1570.732,1570.732,fly,1.035,ok,2601,0,0,192.00,461447168,612306944,114090264,95883264,18123768,2904,7449760,22132800,1336494,18180,18180,0,0,0,0,0,0,0,0,0.146,0.090,0.000,0,0,0,18180,18180,0,0
travel,84.963,2040.4,1571.246,1571.246,fly,0.894,ok,2601,0,0,192.00,461447168,612306944,114090264,95883264,18123768,2904,7449760,22132800,1336494,18180,18180,0,0,0,0,0,0,0,0,0.069,0.074,0.000,0,0,0,18180,18180,0,0
travel,84.993,2041.1,1571.762,1571.762,fly,1.004,ok,2601,0,0,192.00,461447168,612306944,114090264,95883264,18123768,2904,7449760,22132800,1336494,18180,18180,0,0,0,0,0,0,0,0,0.072,0.113,0.000,0,0,0,18180,18180,0,0
travel,85.023,2041.8,1572.276,1572.276,fly,1.272,ok,2601,0,0,192.00,461447168,612306944,114090264,95883264,18123768,2904,7449760,22132800,1336494,18180,18180,0,0,0,0,0,0,0,0,0.424,0.069,0.000,0,0,0,18180,18180,0,0
travel,85.054,2042.5,1572.793,1572.793,fly,0.895,ok,2601,0,0,192.00,461447168,612306944,114090264,95883264,18123768,2904,7449760,22132800,1336494,18180,18180,0,0,0,0,0,0,0,0,0.067,0.079,0.000,0,0,0,18180,18180,0,0
travel,85.084,2043.3,1573.311,1573.311,fly,0.898,ok,2601,0,0,192.00,461447168,612306944,114090264,95883264,18123768,2904,7449760,22132800,1336494,18180,18180,0,0,0,0,0,0,0,0,0.068,0.079,0.000,0,0,0,18180,18180,0,0
travel,85.115,2044.0,1573.834,1573.834,fly,0.904,ok,2601,0,0,192.00,461447168,612306944,114090264,95883264,18123768,2904,7449760,22132800,1336494,18180,18180,0,0,0,0,0,0,0,0,0.068,0.079,0.000,0,0,0,18180,18180,0,0
travel,85.145,2044.7,1574.345,1574.345,fly,0.888,ok,2601,0,0,192.00,461447168,612306944,114090264,95883264,18123768,2904,7449760,22132800,1336494,18180,18180,0,0,0,0,0,0,0,0,0.067,0.079,0.000,0,0,0,18180,18180,0,0
travel,85.175,2045.5,1574.859,1574.859,fly,0.915,ok,2601,0,0,192.00,461447168,612306944,114090264,95883264,18123768,2904,7449760,22132800,1336494,18180,18180,0,0,0,0,0,0,0,0,0.067,0.081,0.000,0,0,0,18180,18180,0,0
travel,85.205,2046.2,1575.374,1575.374,fly,0.903,ok,2601,0,0,192.00,461447168,612306944,114090264,95883264,18123768,2904,7449760,22132800,1336494,18180,18180,0,0,0,0,0,0,0,0,0.069,0.081,0.000,0,0,0,18180,18180,0,0
travel,85.236,2046.9,1575.886,1575.886,fly,0.897,ok,2601,0,0,192.00,461447168,612306944,114090264,95883264,18123768,2904,7449760,22132800,1336494,18180,18180,0,0,0,0,0,0,0,0,0.070,0.079,0.000,0,0,0,18180,18180,0,0
travel,85.281,2048.0,1576.656,1576.656,fly,0.909,ok,2601,0,0,192.00,461447168,612306944,114090264,95883264,18123768,2904,11174640,22132800,1388766,18281,18281,0,0,0,0,0,0,0,0,0.070,0.081,0.000,0,0,0,18281,18281,0,0
travel,85.311,2048.7,1577.169,1577.169,fly,0.942,ok,2601,0,0,192.00,461447168,612306944,114090264,95883264,18123768,2904,11174640,22132800,1388766,18281,18281,0,0,0,0,0,0,0,0,0.070,0.086,0.000,0,0,0,18281,18281,0,0
travel,85.342,2049.5,1577.683,1577.683,fly,0.879,ok,2601,0,0,192.00,461447168,612306944,114090264,95883264,18123768,2904,11174640,22132800,1388766,18281,18281,0,0,0,0,0,0,0,0,0.068,0.078,0.000,0,0,0,18281,18281,0,0
travel,85.372,2050.2,1578.201,1578.201,fly,0.901,ok,2601,0,0,192.00,461447168,612306944,114090264,95883264,18123768,2904,7449760,22132800,1388766,18281,18281,0,0,0,0,0,0,0,0,0.067,0.079,0.000,0,0,0,18281,18281,0,0
travel,85.402,2050.9,1578.712,1578.712,fly,0.908,ok,2601,0,0,192.00,461447168,612306944,114090264,95883264,18123768,2904,7449760,22132800,1388766,18281,18281,0,0,0,0,0,0,0,0,0.069,0.081,0.000,0,0,0,18281,18281,0,0
travel,85.433,2051.6,1579.223,1579.223,fly,0.895,ok,2601,0,0,192.00,461447168,612306944,114090264,95883264,18123768,2904,7449760,22132800,1388766,18281,18281,0,0,0,0,0,0,0,0,0.070,0.080,0.000,0,0,0,18281,18281,0,0
travel,85.463,2052.4,1579.737,1579.737,fly,0.894,ok,2601,0,0,192.00,461447168,612306944,114090264,95883264,18123768,2904,7449760,22132800,1388766,18281,18281,0,0,0,0,0,0,0,0,0.068,0.079,0.000,0,0,0,18281,18281,0,0
travel,85.493,2053.1,1580.248,1580.248,fly,0.924,ok,2601,0,0,192.00,461447168,612306944,114090264,95883264,18123768,2904,7449760,22132800,1388766,18281,18281,0,0,0,0,0,0,0,0,0.068,0.086,0.000,0,0,0,18281,18281,0,0
travel,85.523,2053.8,1580.756,1580.756,fly,0.900,ok,2601,0,0,192.00,461447168,612306944,114090264,95883264,18123768,2904,7449760,22132800,1388766,18281,18281,0,0,0,0,0,0,0,0,0.067,0.080,0.000,0,0,0,18281,18281,0,0
travel,85.554,2054.5,1581.271,1581.271,fly,0.959,ok,2601,0,0,192.00,461447168,612306944,114090264,95883264,18123768,2904,7449760,22132800,1388766,18281,18281,0,0,0,0,0,0,0,0,0.072,0.088,0.000,0,0,0,18281,18281,0,0
travel,85.584,2055.3,1581.783,1581.783,fly,0.918,ok,2601,0,0,192.00,461447168,612306944,114090264,95883264,18123768,2904,7449760,22132800,1388766,18281,18281,0,0,0,0,0,0,0,0,0.067,0.079,0.000,0,0,0,18281,18281,0,0
travel,85.614,2056.0,1582.291,1582.291,fly,0.887,ok,2601,0,0,192.00,461447168,612306944,114090264,95883264,18123768,2904,7449760,22132800,1388766,18281,18281,0,0,0,0,0,0,0,0,0.068,0.080,0.000,0,0,0,18281,18281,0,0
travel,85.644,2056.7,1582.801,1582.801,fly,0.927,ok,2601,0,0,192.00,461447168,612306944,114090264,95883264,18123768,2904,7449760,22132800,1388766,18281,18281,0,0,0,0,0,0,0,0,0.068,0.084,0.000,0,0,0,18281,18281,0,0
travel,85.674,2057.4,1583.313,1583.313,fly,0.917,ok,2601,0,0,192.00,461447168,612306944,114090264,95883264,18123768,2904,7449760,22132800,1388766,18281,18281,0,0,0,0,0,0,0,0,0.069,0.086,0.000,0,0,0,18281,18281,0,0
travel,85.704,2058.1,1583.823,1583.823,fly,0.894,ok,2601,0,0,192.00,461447168,612306944,114090264,95883264,18123768,2904,7449760,22132800,1388766,18281,18281,0,0,0,0,0,0,0,0,0.067,0.079,0.000,0,0,0,18281,18281,0,0
travel,85.751,2059.3,1584.611,1584.611,fly,1.214,ok,2601,0,0,192.00,461447168,612306944,114090264,95883264,18123768,2904,11174640,22132800,1443202,18382,18382,0,0,8,0,0,0,0,0,0.071,0.099,0.000,0,0,0,18382,18382,0,0
travel,85.782,2060.0,1585.134,1585.134,fly,0.940,ok,2601,0,0,192.00,461447168,612306944,114090264,95883264,18123768,2904,11174640,22132800,1443202,18382,18382,0,0,0,0,0,0,0,0,0.143,0.068,0.000,0,0,0,18382,18382,0,0
travel,85.812,2060.7,1585.654,1585.654,fly,1.477,ok,2601,0,0,192.00,461447168,612306944,114090264,95883264,18123768,2904,11174640,22132800,1443202,18382,18382,0,0,0,0,0,0,0,0,0.298,0.137,0.000,0,0,0,18382,18382,0,0
travel,85.844,2061.5,1586.187,1586.187,fly,0.876,ok,2601,0,0,192.00,461447168,612306944,114090264,95883264,18123768,2904,7449760,22132800,1443202,18382,18382,0,0,0,0,0,0,0,0,0.066,0.072,0.000,0,0,0,18382,18382,0,0
travel,85.875,2062.2,1586.708,1586.708,fly,0.916,ok,2601,0,0,192.00,461447168,612306944,114090264,95883264,18123768,2904,7449760,22132800,1443202,18382,18382,0,0,0,0,0,0,0,0,0.069,0.079,0.000,0,0,0,18382,18382,0,0
travel,85.905,2062.9,1587.224,1587.224,fly,1.070,ok,2601,0,0,192.00,461447168,612306944,114090264,95883264,18123768,2904,7449760,22132800,1443202,18382,18382,0,0,0,0,0,0,0,0,0.069,0.200,0.000,0,0,0,18382,18382,0,0
travel,85.936,2063.7,1587.745,1587.745,fly,0.892,ok,2601,0,0,192.00,461447168,612306944,114090264,95883264,18123768,2904,7449760,22132800,1443202,18382,18382,0,0,0,0,0,0,0,0,0.067,0.079,0.000,0,0,0,18382,18382,0,0
travel,85.966,2064.4,1588.259,1588.259,fly,0.897,ok,2601,0,0,192.00,461447168,612306944,114090264,95883264,18123768,2904,7449760,22132800,1443202,18382,18382,0,0,0,0,0,0,0,0,0.065,0.081,0.000,0,0,0,18382,18382,0,0
travel,85.997,2065.1,1588.774,1588.774,fly,0.906,ok,2601,0,0,192.00,461447168,612306944,114090264,95883264,18123768,2904,7449760,22132800,1443202,18382,18382,0,0,0,0,0,0,0,0,0.067,0.081,0.000,0,0,0,18382,18382,0,0
travel,86.027,2065.9,1589.284,1589.284,fly,0.950,ok,2601,0,0,192.00,461447168,612306944,114090264,95883264,18123768,2904,7449760,22132800,1443202,18382,18382,0,0,0,0,0,0,0,0,0.071,0.089,0.000,0,0,0,18382,18382,0,0
travel,86.057,2066.6,1589.797,1589.797,fly,0.917,ok,2601,0,0,192.00,461447168,612306944,114090264,95883264,18123768,2904,7449760,22132800,1443202,18382,18382,0,0,0,0,0,0,0,0,0.067,0.078,0.000,0,0,0,18382,18382,0,0
travel,86.087,2067.3,1590.307,1590.307,fly,0.892,ok,2601,0,0,192.00,461447168,612306944,114090264,95883264,18123768,2904,7449760,22132800,1443202,18382,18382,0,0,0,0,0,0,0,0,0.068,0.078,0.000,0,0,0,18382,18382,0,0
travel,86.118,2068.0,1590.818,1590.818,fly,0.892,ok,2601,0,0,192.00,461447168,612306944,114090264,95883264,18123768,2904,7449760,22132800,1443202,18382,18382,0,0,0,0,0,0,0,0,0.067,0.078,0.000,0,0,0,18382,18382,0,0
travel,86.148,2068.7,1591.327,1591.327,fly,0.919,ok,2601,0,0,192.00,461447168,612306944,114090264,95883264,18123768,2904,7449760,22132800,1443202,18382,18382,0,0,0,0,0,0,0,0,0.069,0.088,0.000,0,0,0,18382,18382,0,0
travel,86.178,2069.5,1591.842,1591.842,fly,0.892,ok,2601,0,0,192.00,461447168,612306944,114090264,95883264,18123768,2904,7449760,22132800,1443202,18382,18382,0,0,0,0,0,0,0,0,0.069,0.079,0.000,0,0,0,18382,18382,0,0
travel,86.223,2070.6,1592.609,1592.609,fly,1.165,ok,2601,0,11,192.00,461447168,612306944,114090264,95883264,18123768,2904,11174640,21610944,1496408,18483,18483,0,0,7,0,0,0,0,0,0.072,0.088,0.000,0,0,0,18483,18483,0,0
travel,86.254,2071.3,1593.132,1593.132,fly,0.912,ok,2601,0,0,192.00,461447168,612306944,114090264,95883264,18123768,2904,11174640,22132800,1497334,18483,18483,0,0,0,0,0,0,0,0,0.078,0.082,0.000,0,0,0,18483,18483,0,0
travel,86.284,2072.0,1593.646,1593.646,fly,0.916,ok,2601,0,0,192.00,461447168,612306944,114090264,95883264,18123768,2904,11174640,22132800,1497334,18483,18483,0,0,0,0,0,0,0,0,0.070,0.089,0.000,0,0,0,18483,18483,0,0
travel,86.315,2072.8,1594.164,1594.164,fly,1.451,ok,2601,0,0,192.00,461447168,612306944,114090264,95883264,18123768,2904,7449760,22132800,1497334,18483,18483,0,0,0,0,0,0,0,0,0.588,0.073,0.000,0,0,0,18483,18483,0,0
travel,86.346,2073.5,1594.685,1594.685,fly,0.893,ok,2601,0,0,192.00,461447168,612306944,114090264,95883264,18123768,2904,7449760,22132800,1497334,18483,18483,0,0,0,0,0,0,0,0,0.069,0.078,0.000,0,0,0,18483,18483,0,0
travel,86.376,2074.2,1595.198,1595.198,fly,0.891,ok,2601,0,0,192.00,461447168,612306944,114090264,95883264,18123768,2904,7449760,22132800,1497334,18483,18483,0,0,0,0,0,0,0,0,0.068,0.079,0.000,0,0,0,18483,18483,0,0
travel,86.406,2074.9,1595.711,1595.711,fly,0.980,ok,2601,0,0,192.00,461447168,612306944,114090264,95883264,18123768,2904,7449760,22132800,1497334,18483,18483,0,0,0,0,0,0,0,0,0.142,0.080,0.000,0,0,0,18483,18483,0,0
travel,86.437,2075.7,1596.228,1596.228,fly,0.893,ok,2601,0,0,192.00,461447168,612306944,114090264,95883264,18123768,2904,7449760,22132800,1497334,18483,18483,0,0,0,0,0,0,0,0,0.066,0.086,0.000,0,0,0,18483,18483,0,0
travel,86.467,2076.4,1596.740,1596.740,fly,0.964,ok,2601,0,0,192.00,461447168,612306944,114090264,95883264,18123768,2904,7449760,22132800,1497334,18483,18483,0,0,0,0,0,0,0,0,0.071,0.087,0.000,0,0,0,18483,18483,0,0
travel,86.498,2077.2,1597.268,1597.268,fly,0.932,ok,2601,0,0,192.00,461447168,612306944,114090264,95883264,18123768,2904,7449760,22132800,1497334,18483,18483,0,0,0,0,0,0,0,0,0.069,0.084,0.000,0,0,0,18483,18483,0,0
travel,86.529,2077.9,1597.780,1597.780,fly,0.886,ok,2601,0,0,192.00,461447168,612306944,114090264,95883264,18123768,2904,7449760,22132800,1497334,18483,18483,0,0,0,0,0,0,0,0,0.071,0.082,0.000,0,0,0,18483,18483,0,0
travel,86.560,2078.6,1598.303,1598.303,fly,0.924,ok,2601,0,0,192.00,461447168,612306944,114090264,95883264,18123768,2904,7449760,22132800,1497334,18483,18483,0,0,0,0,0,0,0,0,0.067,0.110,0.000,0,0,0,18483,18483,0,0
travel,86.590,2079.3,1598.819,1598.819,fly,0.885,ok,2601,0,0,192.00,461447168,612306944,114090264,95883264,18123768,2904,7449760,22132800,1497334,18483,18483,0,0,0,0,0,0,0,0,0.066,0.079,0.000,0,0,0,18483,18483,0,0
travel,86.620,2080.1,1599.327,1599.327,fly,1.045,ok,2601,0,0,192.00,461447168,612306944,114090264,95883264,18123768,2904,7449760,22132800,1497334,18483,18483,0,0,0,0,0,0,0,0,0.066,0.099,0.000,0,0,0,18483,18483,0,0
travel,86.650,2080.8,1599.841,1599.841,fly,0.904,ok,2601,0,0,192.00,461447168,612306944,114090264,95883264,18123768,2904,7449760,22132800,1497334,18483,18483,0,0,0,0,0,0,0,0,0.065,0.079,0.000,0,0,0,18483,18483,0,0
travel,86.696,2081.9,1600.617,1600.617,fly,0.894,ok,2601,0,41,192.00,461447168,612306944,114090264,95883264,18123768,2904,11174640,20045664,1297764,18584,18584,0,0,6,0,0,0,0,0,0.070,0.072,0.000,0,0,0,18584,18584,0,0
travel,86.726,2082.6,1601.130,1601.130,fly,0.931,ok,2601,0,0,192.00,461447168,612306944,114090264,95883264,18123768,2904,11174640,22132800,1304665,18584,18584,0,0,0,0,0,0,0,0,0.072,0.078,0.000,0,0,0,18584,18584,0,0
travel,86.757,2083.3,1601.644,1601.644,fly,0.927,ok,2601,0,0,192.00,461447168,612306944,114090264,95883264,18123768,2904,11174640,22132800,1304665,18584,18584,0,0,0,0,0,0,0,0,0.071,0.086,0.000,0,0,0,18584,18584,0,0
travel,86.787,2084.1,1602.157,1602.157,fly,0.937,ok,2601,0,0,192.00,461447168,612306944,114090264,95883264,18123768,2904,7449760,22132800,1304665,18584,18584,0,0,0,0,0,0,0,0,0.070,0.086,0.000,0,0,0,18584,18584,0,0
travel,86.817,2084.8,1602.668,1602.668,fly,1.038,ok,2601,0,0,192.00,461447168,612306944,114090264,95883264,18123768,2904,7449760,22132800,1304665,18584,18584,0,0,0,0,0,0,0,0,0.154,0.078,0.000,0,0,0,18584,18584,0,0
travel,86.848,2085.5,1603.183,1603.183,fly,0.887,ok,2601,0,0,192.00,461447168,612306944,114090264,95883264,18123768,2904,7449760,22132800,1304665,18584,18584,0,0,0,0,0,0,0,0,0.070,0.079,0.000,0,0,0,18584,18584,0,0
travel,86.878,2086.2,1603.697,1603.697,fly,0.886,ok,2601,0,0,192.00,461447168,612306944,114090264,95883264,18123768,2904,7449760,22132800,1304665,18584,18584,0,0,0,0,0,0,0,0,0.068,0.078,0.000,0,0,0,18584,18584,0,0
travel,86.908,2087.0,1604.208,1604.208,fly,1.008,ok,2601,0,0,192.00,461447168,612306944,114090264,95883264,18123768,2904,7449760,22132800,1304665,18584,18584,0,0,0,0,0,0,0,0,0.172,0.083,0.000,0,0,0,18584,18584,0,0
travel,86.939,2087.7,1604.727,1604.727,fly,1.043,ok,2601,0,0,192.00,461447168,612306944,114090264,95883264,18123768,2904,7449760,22132800,1304665,18584,18584,0,0,0,0,0,0,0,0,0.076,0.122,0.000,0,0,0,18584,18584,0,0
travel,86.969,2088.4,1605.237,1605.237,fly,0.961,ok,2601,0,0,192.00,461447168,612306944,114090264,95883264,18123768,2904,7449760,22132800,1304665,18584,18584,0,0,0,0,0,0,0,0,0.070,0.150,0.000,0,0,0,18584,18584,0,0
travel,86.999,2089.1,1605.749,1605.749,fly,0.934,ok,2601,0,0,192.00,461447168,612306944,114090264,95883264,18123768,2904,7449760,22132800,1304665,18584,18584,0,0,0,0,0,0,0,0,0.069,0.090,0.000,0,0,0,18584,18584,0,0
travel,87.029,2089.9,1606.258,1606.258,fly,0.896,ok,2601,0,0,192.00,461447168,612306944,114090264,95883264,18123768,2904,7449760,22132800,1304665,18584,18584,0,0,0,0,0,0,0,0,0.069,0.080,0.000,0,0,0,18584,18584,0,0
travel,87.060,2090.6,1606.770,1606.770,fly,0.897,ok,2601,0,0,192.00,461447168,612306944,114090264,95883264,18123768,2904,7449760,22132800,1304665,18584,18584,0,0,0,0,0,0,0,0,0.071,0.076,0.000,0,0,0,18584,18584,0,0
travel,87.090,2091.3,1607.280,1607.280,fly,0.926,ok,2601,0,0,192.00,461512704,612306944,114090264,95883264,18123768,2904,7449760,22132800,1304665,18584,18584,0,0,0,0,0,0,0,0,0.084,0.084,0.000,0,0,0,18584,18584,0,0
travel,87.120,2092.0,1607.790,1607.790,fly,0.887,ok,2601,0,0,192.00,461512704,612306944,114090264,95883264,18123768,2904,7449760,22132800,1304665,18584,18584,0,0,0,0,0,0,0,0,0.068,0.079,0.000,0,0,0,18584,18584,0,0
travel,87.161,2093.0,1608.479,1608.479,fly,0.965,ok,2601,0,71,192.00,461512704,612306944,114090264,95883264,18123768,2904,11174640,18480384,1345953,18685,18685,0,0,4,0,0,0,0,0,0.077,0.100,0.000,0,0,0,18685,18685,0,0
travel,87.193,2093.8,1609.033,1609.033,fly,0.948,ok,2601,0,0,192.00,461512704,612306944,114090264,95883264,18123768,2904,11174640,22132800,1359009,18685,18685,0,0,0,0,0,0,0,0,0.071,0.083,0.000,0,0,0,18685,18685,0,0
travel,87.224,2094.5,1609.548,1609.548,fly,0.892,ok,2601,0,0,192.00,461512704,612306944,114090264,95883264,18123768,2904,11174640,22132800,1359009,18685,18685,0,0,0,0,0,0,0,0,0.070,0.080,0.000,0,0,0,18685,18685,0,0
travel,87.254,2095.2,1610.064,1610.064,fly,0.930,ok,2601,0,0,192.00,461512704,612306944,114090264,95883264,18123768,2904,7449760,22132800,1359009,18685,18685,0,0,0,0,0,0,0,0,0.070,0.087,0.000,0,0,0,18685,18685,0,0
travel,87.285,2096.0,1610.589,1610.589,fly,0.918,ok,2601,0,0,192.00,461512704,612306944,114090264,95883264,18123768,2904,7449760,22132800,1359009,18685,18685,0,0,0,0,0,0,0,0,0.071,0.084,0.000,0,0,0,18685,18685,0,0
travel,87.315,2096.7,1611.099,1611.099,fly,0.916,ok,2601,0,0,192.00,461512704,612306944,114090264,95883264,18123768,2904,7449760,22132800,1359009,18685,18685,0,0,0,0,0,0,0,0,0.070,0.083,0.000,0,0,0,18685,18685,0,0
travel,87.346,2097.4,1611.612,1611.612,fly,0.912,ok,2601,0,0,192.00,461512704,612306944,114090264,95883264,18123768,2904,7449760,22132800,1359009,18685,18685,0,0,0,0,0,0,0,0,0.071,0.083,0.000,0,0,0,18685,18685,0,0
travel,87.376,2098.2,1612.122,1612.122,fly,0.890,ok,2601,0,0,192.00,461512704,612306944,114090264,95883264,18123768,2904,7449760,22132800,1359009,18685,18685,0,0,0,0,0,0,0,0,0.070,0.077,0.000,0,0,0,18685,18685,0,0
travel,87.406,2098.9,1612.630,1612.630,fly,0.888,ok,2601,0,0,192.00,461512704,612306944,114090264,95883264,18123768,2904,7449760,22132800,1359009,18685,18685,0,0,0,0,0,0,0,0,0.068,0.078,0.000,0,0,0,18685,18685,0,0
travel,87.436,2099.6,1613.145,1613.145,fly,0.891,ok,2601,0,0,192.00,461512704,612306944,114090264,95883264,18123768,2904,7449760,22132800,1359009,18685,18685,0,0,0,0,0,0,0,0,0.068,0.080,0.000,0,0,0,18685,18685,0,0
travel,87.466,2100.3,1613.656,1613.656,fly,0.902,ok,2601,0,0,192.00,461512704,612306944,114090264,95883264,18123768,2904,7449760,22132800,1359009,18685,18685,0,0,0,0,0,0,0,0,0.068,0.082,0.000,0,0,0,18685,18685,0,0
travel,87.497,2101.1,1614.168,1614.168,fly,0.983,ok,2601,0,0,192.00,461512704,612306944,114090264,95883264,18123768,2904,7449760,22132800,1359009,18685,18685,0,0,0,0,0,0,0,0,0.068,0.084,0.000,0,0,0,18685,18685,0,0
travel,87.527,2101.8,1614.679,1614.679,fly,0.890,ok,2601,0,0,192.00,461512704,612306944,114090264,95883264,18123768,2904,7449760,22132800,1359009,18685,18685,0,0,0,0,0,0,0,0,0.067,0.079,0.000,0,0,0,18685,18685,0,0
travel,87.557,2102.5,1615.193,1615.193,fly,0.880,ok,2601,0,0,192.00,461512704,612306944,114090264,95883264,18123768,2904,7449760,22132800,1359009,18685,18685,0,0,0,0,0,0,0,0,0.067,0.079,0.000,0,0,0,18685,18685,0,0
travel,87.588,2103.2,1615.706,1615.706,fly,0.905,ok,2601,0,0,192.00,461512704,612306944,114090264,95883264,18123768,2904,7449760,22132800,1359009,18685,18685,0,0,0,0,0,0,0,0,0.073,0.081,0.000,0,0,0,18685,18685,0,0
travel,87.632,2104.3,1616.467,1616.467,fly,1.215,ok,2601,0,58,192.00,461512704,612306944,114090264,95883264,18123768,2904,11174640,19106496,1402573,18786,18786,0,0,8,0,0,0,0,0,0.072,0.099,0.000,0,0,0,18786,18786,0,0
travel,87.665,2105.1,1617.012,1617.012,fly,1.060,ok,2601,0,0,192.00,461512704,612306944,114090264,95883264,18123768,2904,11174640,22132800,1412477,18786,18786,0,0,0,0,0,0,0,0,0.078,0.120,0.000,0,0,0,18786,18786,0,0
travel,87.695,2105.8,1617.523,1617.523,fly,1.017,ok,2601,0,0,192.00,461512704,612306944,114090264,95883264,18123768,2904,11174640,22132800,1412477,18786,18786,0,0,0,0,0,0,0,0,0.140,0.080,0.000,0,0,0,18786,18786,0,0
travel,87.725,2106.5,1618.035,1618.035,fly,0.895,ok,2601,0,0,192.00,461512704,612306944,114090264,95883264,18123768,2904,11174640,22132800,1412477,18786,18786,0,0,0,0,0,0,0,0,0.070,0.078,0.000,0,0,0,18786,18786,0,0
travel,87.755,2107.2,1618.545,1618.545,fly,0.895,ok,2601,0,0,192.00,461512704,612306944,114090264,95883264,18123768,2904,7449760,22132800,1412477,18786,18786,0,0,0,0,0,0,0,0,0.070,0.078,0.000,0,0,0,18786,18786,0,0
travel,87.785,2108.0,1619.057,1619.057,fly,1.212,ok,2601,0,0,192.00,461512704,612306944,114090264,95883264,18123768,2904,7449760,22132800,1412477,18786,18786,0,0,0,0,0,0,0,0,0.301,0.092,0.000,0,0,0,18786,18786,0,0
travel,87.816,2108.7,1619.573,1619.573,fly,0.892,ok,2601,0,0,192.00,461512704,612306944,114090264,95883264,18123768,2904,7449760,22132800,1412477,18786,18786,0,0,0,0,0,0,0,0,0.071,0.077,0.000,0,0,0,18786,18786,0,0
travel,87.847,2109.4,1620.090,1620.090,fly,0.910,ok,2601,0,0,192.00,461512704,612306944,114090264,95883264,18123768,2904,7449760,22132800,1412477,18786,18786,0,0,0,0,0,0,0,0,0.071,0.085,0.000,0,0,0,18786,18786,0,0
travel,87.877,2110.1,1620.599,1620.599,fly,1.012,ok,2601,0,0,192.00,461512704,612306944,114090264,95883264,18123768,2904,7449760,22132800,1412477,18786,18786,0,0,0,0,0,0,0,0,0.176,0.086,0.000,0,0,0,18786,18786,0,0
travel,87.907,2110.9,1621.116,1621.116,fly,0.965,ok,2601,0,0,192.00,461512704,612306944,114090264,95883264,18123768,2904,7449760,22132800,1412477,18786,18786,0,0,0,0,0,0,0,0,0.071,0.092,0.000,0,0,0,18786,18786,0,0
travel,87.938,2111.6,1621.630,1621.630,fly,0.924,ok,2601,0,0,192.00,461512704,612306944,114090264,95883264,18123768,2904,7449760,22132800,1412477,18786,18786,0,0,0,0,0,0,0,0,0.070,0.090,0.000,0,0,0,18786,18786,0,0
travel,87.968,2112.3,1622.144,1622.144,fly,0.890,ok,2601,0,0,192.00,461512704,612306944,114090264,95883264,18123768,2904,7449760,22132800,1412477,18786,18786,0,0,0,0,0,0,0,0,0.069,0.078,0.000,0,0,0,18786,18786,0,0
travel,87.998,2113.1,1622.652,1622.652,fly,0.902,ok,2601,0,0,192.00,461512704,612306944,114090264,95883264,18123768,2904,7449760,22132800,1412477,18786,18786,0,0,0,0,0,0,0,0,0.069,0.080,0.000,0,0,0,18786,18786,0,0
travel,88.028,2113.8,1623.166,1623.166,fly,0.949,ok,2601,0,0,192.00,461512704,612306944,114090264,95883264,18123768,2904,7449760,22132800,1412477,18786,18786,0,0,0,0,0,0,0,0,0.069,0.080,0.000,0,0,0,18786,18786,0,0
travel,88.058,2114.5,1623.678,1623.678,fly,0.907,ok,2601,0,0,192.00,461512704,612306944,114090264,95883264,18123768,2904,7449760,22132800,1412477,18786,18786,0,0,0,0,0,0,0,0,0.068,0.082,0.000,0,0,0,18786,18786,0,0
travel,88.102,2115.5,1624.410,1624.410,fly,1.216,ok,2601,0,81,192.00,461512704,612306944,114090264,95883264,18123768,2904,11174640,17958624,1452046,18887,18887,0,0,8,0,0,0,0,0,0.072,0.095,0.000,0,0,0,18887,18887,0,0
travel,88.134,2116.3,1624.964,1624.964,fly,0.903,ok,2601,0,0,192.00,461512704,612306944,114090264,95883264,18123768,2904,11174640,22132800,1465997,18887,18887,0,0,0,0,0,0,0,0,0.068,0.079,0.000,0,0,0,18887,18887,0,0
travel,88.164,2117.0,1625.474,1625.474,fly,0.894,ok,2601,0,0,192.00,461512704,612306944,114090264,95883264,18123768,2904,11174640,22132800,1465997,18887,18887,0,0,0,0,0,0,0,0,0.068,0.079,0.000,0,0,0,18887,18887,0,0
travel,88.195,2117.8,1625.995,1625.995,fly,1.086,ok,2601,0,0,192.00,461512704,612306944,114090264,95883264,18123768,2904,11174640,22132800,1465997,18887,18887,0,0,0,0,0,0,0,0,0.231,0.070,0.000,0,0,0,18887,18887,0,0
travel,88.227,2118.5,1626.525,1626.525,fly,0.927,ok,2601,0,0,192.00,461512704,612306944,114090264,95883264,18123768,2904,7449760,22132800,1465997,18887,18887,0,0,0,0,0,0,0,0,0.069,0.079,0.000,0,0,0,18887,18887,0,0
travel,88.257,2119.3,1627.036,1627.036,fly,0.934,ok,2601,0,0,192.00,461512704,612306944,114090264,95883264,18123768,2904,7449760,22132800,1465997,18887,18887,0,0,0,0,0,0,0,0,0.070,0.091,0.000,0,0,0,18887,18887,0,0
travel,88.287,2120.0,1627.555,1627.555,fly,0.896,ok,2601,0,0,192.00,461512704,612306944,114090264,95883264,18123768,2904,7449760,22132800,1465997,18887,18887,0,0,0,0,0,0,0,0,0.069,0.079,0.000,0,0,0,18887,18887,0,0
travel,88.317,2120.7,1628.064,1628.064,fly,0.902,ok,2601,0,0,192.00,461512704,612306944,114090264,95883264,18123768,2904,7449760,22132800,1465997,18887,18887,0,0,0,0,0,0,0,0,0.069,0.080,0.000,0,0,0,18887,18887,0,0
travel,88.348,2121.4,1628.573,1628.573,fly,0.940,ok,2601,0,0,192.00,461512704,612306944,114090264,95883264,18123768,2904,7449760,22132800,1465997,18887,18887,0,0,0,0,0,0,0,0,0.070,0.089,0.000,0,0,0,18887,18887,0,0
travel,88.378,2122.2,1629.089,1629.089,fly,0.925,ok,2601,0,0,192.00,461512704,612306944,114090264,95883264,18123768,2904,7449760,22132800,1465997,18887,18887,0,0,0,0,0,0,0,0,0.070,0.081,0.000,0,0,0,18887,18887,0,0
travel,88.409,2122.9,1629.611,1629.611,fly,0.908,ok,2601,0,0,192.00,461512704,612306944,114090264,95883264,18123768,2904,7449760,22132800,1465997,18887,18887,0,0,0,0,0,0,0,0,0.069,0.083,0.000,0,0,0,18887,18887,0,0
travel,88.439,2123.6,1630.123,1630.123,fly,0.886,ok,2601,0,0,192.00,461512704,612306944,114090264,95883264,18123768,2904,7449760,22132800,1465997,18887,18887,0,0,0,0,0,0,0,0,0.068,0.080,0.000,0,0,0,18887,18887,0,0
travel,88.469,2124.3,1630.635,1630.635,fly,0.893,ok,2601,0,0,192.00,461512704,612306944,114090264,95883264,18123768,2904,7449760,22132800,1465997,18887,18887,0,0,0,0,0,0,0,0,0.067,0.078,0.000,0,0,0,18887,18887,0,0
travel,88.499,2125.1,1631.144,1631.144,fly,0.885,ok,2601,0,0,192.00,461512704,612306944,114090264,95883264,18123768,2904,7449760,22132800,1465997,18887,18887,0,0,0,0,0,0,0,0,0.068,0.072,0.000,0,0,0,18887,18887,0,0
travel,88.530,2125.8,1631.657,1631.657,fly,1.040,ok,2601,0,0,192.00,461512704,612306944,114090264,95883264,18123768,2904,7449760,22132800,1465997,18887,18887,0,0,0,0,0,0,0,0,0.067,0.143,0.000,0,0,0,18887,18887,0,0
travel,88.575,2126.9,1632.420,1632.420,fly,1.180,ok,2601,0,101,192.00,461512704,612306944,114090264,95883264,18123768,2904,11174640,16862928,1278989,18988,18988,0,0,8,0,0,0,0,0,0.073,0.091,0.000,0,0,0,18988,18988,0,0
travel,88.608,2127.7,1632.986,1632.986,fly,0.949,ok,2601,0,0,192.00,461512704,612306944,114090264,95883264,18123768,2904,11174640,22132800,1295916,18988,18988,0,0,0,0,0,0,0,0,0.071,0.085,0.000,0,0,0,18988,18988,0,0
travel,88.638,2128.4,1633.498,1633.498,fly,0.902,ok,2601,0,0,192.00,461512704,612306944,114090264,95883264,18123768,2904,11174640,22132800,1295916,18988,18988,0,0,0,0,0,0,0,0,0.072,0.080,0.000,0,0,0,18988,18988,0,0
travel,88.669,2129.1,1634.010,1634.010,fly,0.972,ok,2601,0,0,192.00,461512704,612306944,114090264,95883264,18123768,2904,11174640,22132800,1295916,18988,18988,0,0,0,0,0,0,0,0,0.072,0.085,0.000,0,0,0,18988,18988,0,0
travel,88.699,2129.8,1634.522,1634.522,fly,0.987,ok,2601,0,0,192.00,461512704,612306944,114090264,95883264,18123768,2904,7449760,22132800,1295916,18988,18988,0,0,0,0,0,0,0,0,0.074,0.101,0.000,0,0,0,18988,18988,0,0
travel,88.729,2130.6,1635.033,1635.033,fly,1.030,ok,2601,0,0,192.00,461512704,612306944,114090264,95883264,18123768,2904,7449760,22132800,1295916,18988,18988,0,0,0,0,0,0,0,0,0.089,0.123,0.000,0,0,0,18988,18988,0,0
travel,88.760,2131.3,1635.554,1635.554,fly,0.912,ok,2601,0,0,192.00,461512704,612306944,114090264,95883264,18123768,2904,7449760,22132800,1295916,18988,18988,0,0,0,0,0,0,0,0,0.070,0.084,0.000,0,0,0,18988,18988,0,0
travel,88.790,2132.0,1636.068,1636.068,fly,0.909,ok,2601,0,0,192.00,461512704,612306944,114090264,95883264,18123768,2904,7449760,22132800,1295916,18988,18988,0,0,0,0,0,0,0,0,0.069,0.080,0.000,0,0,0,18988,18988,0,0
travel,88.820,2132.7,1636.580,1636.580,fly,1.100,ok,2601,0,0,192.00,461512704,612306944,114090264,95883264,18123768,2904,7449760,22132800,1295916,18988,18988,0,0,0,0,0,0,0,0,0.227,0.067,0.000,0,0,0,18988,18988,0,0
travel,88.851,2133.5,1637.093,1637.093,fly,0.901,ok,2601,0,0,192.00,461512704,612306944,114090264,95883264,18123768,2904,7449760,22132800,1295916,18988,18988,0,0,0,0,0,0,0,0,0.070,0.080,0.000,0,0,0,18988,18988,0,0
travel,88.881,2134.2,1637.609,1637.609,fly,1.013,ok,2601,0,0,192.00,461512704,612306944,114090264,95883264,18123768,2904,7449760,22132800,1295916,18988,18988,0,0,0,0,0,0,0,0,0.072,0.102,0.000,0,0,0,18988,18988,0,0
travel,88.912,2134.9,1638.131,1638.131,fly,0.989,ok,2601,0,0,192.00,461512704,612306944,114090264,95883264,18123768,2904,7449760,22132800,1295916,18988,18988,0,0,0,0,0,0,0,0,0.138,0.078,0.000,0,0,0,18988,18988,0,0
travel,88.943,2135.7,1638.649,1638.649,fly,0.917,ok,2601,0,0,192.00,461512704,612306944,114090264,95883264,18123768,2904,7449760,22132800,1295916,18988,18988,0,0,0,0,0,0,0,0,0.068,0.085,0.000,0,0,0,18988,18988,0,0
travel,88.973,2136.4,1639.160,1639.160,fly,0.907,ok,2601,0,0,192.00,461512704,612306944,114090264,95883264,18123768,2904,7449760,22132800,1295916,18988,18988,0,0,0,0,0,0,0,0,0.070,0.080,0.000,0,0,0,18988,18988,0,0
travel,89.003,2137.1,1639.676,1639.676,fly,0.929,ok,2601,0,0,192.00,461512704,612306944,114090264,95883264,18123768,2904,7449760,22132800,1295916,18988,18988,0,0,0,0,0,0,0,0,0.071,0.085,0.000,0,0,0,18988,18988,0,0
travel,89.047,2138.2,1640.419,1640.419,fly,1.179,ok,2601,0,72,192.00,461512704,612306944,114090264,95883264,18123768,2904,11174640,18376032,1337910,19089,19089,0,0,7,0,0,0,0,0,0.072,0.093,0.000,0,0,0,19089,19089,0,0
travel,89.080,2139.0,1640.974,1640.974,fly,0.894,ok,2601,0,0,192.00,461512704,612306944,114090264,95883264,18123768,2904,11174640,22132800,1352020,19089,19089,0,0,0,0,0,0,0,0,0.069,0.075,0.000,0,0,0,19089,19089,0,0
travel,89.111,2139.7,1641.495,1641.495,fly,0.900,ok,2601,0,0,192.00,461512704,612306944,114090264,95883264,18123768,2904,11174640,22132800,1352020,19089,19089,0,0,0,0,0,0,0,0,0.070,0.078,0.000,0,0,0,19089,19089,0,0
travel,89.141,2140.4,1642.009,1642.009,fly,0.950,ok,2601,0,0,192.00,461512704,612306944,114090264,95883264,18123768,2904,7449760,22132800,1352020,19089,19089,0,0,0,0,0,0,0,0,0.071,0.081,0.000,0,0,0,19089,19089,0,0
travel,89.171,2141.1,1642.520,1642.520,fly,0.907,ok,2601,0,0,192.00,461512704,612306944,114090264,95883264,18123768,2904,7449760,22132800,1352020,19089,19089,0,0,0,0,0,0,0,0,0.074,0.081,0.000,0,0,0,19089,19089,0,0
travel,89.202,2141.9,1643.036,1643.036,fly,0.908,ok,2601,0,0,192.00,461512704,612306944,114090264,95883264,18123768,2904,7449760,22132800,1352020,19089,19089,0,0,0,0,0,0,0,0,0.070,0.079,0.000,0,0,0,19089,19089,0,0
travel,89.232,2142.6,1643.546,1643.546,fly,0.919,ok,2601,0,0,192.00,461512704,612306944,114090264,95883264,18123768,2904,7449760,22132800,1352020,19089,19089,0,0,0,0,0,0,0,0,0.073,0.078,0.000,0,0,0,19089,19089,0,0
travel,89.262,2143.3,1644.057,1644.057,fly,0.902,ok,2601,0,0,192.00,461512704,612306944,114090264,95883264,18123768,2904,7449760,22132800,1352020,19089,19089,0,0,0,0,0,0,0,0,0.070,0.081,0.000,0,0,0,19089,19089,0,0
travel,89.292,2144.0,1644.567,1644.567,fly,0.904,ok,2601,0,0,192.00,461512704,612306944,114090264,95883264,18123768,2904,7449760,22132800,1352020,19089,19089,0,0,0,0,0,0,0,0,0.072,0.078,0.000,0,0,0,19089,19089,0,0
travel,89.323,2144.8,1645.079,1645.079,fly,0.948,ok,2601,0,0,192.00,461512704,612306944,114090264,95883264,18123768,2904,7449760,22132800,1352020,19089,19089,0,0,0,0,0,0,0,0,0.071,0.097,0.000,0,0,0,19089,19089,0,0
travel,89.353,2145.5,1645.590,1645.590,fly,0.896,ok,2601,0,0,192.00,461512704,612306944,114090264,95883264,18123768,2904,7449760,22132800,1352020,19089,19089,0,0,0,0,0,0,0,0,0.068,0.079,0.000,0,0,0,19089,19089,0,0
travel,89.383,2146.2,1646.103,1646.103,fly,0.914,ok,2601,0,0,192.00,461512704,612306944,114090264,95883264,18123768,2904,7449760,22132800,1352020,19089,19089,0,0,0,0,0,0,0,0,0.070,0.077,0.000,0,0,0,19089,19089,0,0
travel,89.413,2146.9,1646.616,1646.616,fly,0.895,ok,2601,0,0,192.00,461512704,612306944,114090264,95883264,18123768,2904,7449760,22132800,1352020,19089,19089,0,0,0,0,0,0,0,0,0.068,0.078,0.000,0,0,0,19089,19089,0,0
travel,89.443,2147.7,1647.125,1647.125,fly,0.931,ok,2601,0,0,192.00,461512704,612306944,114090264,95883264,18123768,2904,7449760,22132800,1352020,19089,19089,0,0,0,0,0,0,0,0,0.069,0.095,0.000,0,0,0,19089,19089,0,0
travel,89.474,2148.4,1647.642,1647.642,fly,0.897,ok,2601,0,0,192.00,461512704,612306944,114090264,95883264,18123768,2904,7449760,22132800,1352020,19089,19089,0,0,0,0,0,0,0,0,0.069,0.079,0.000,0,0,0,19089,19089,0,0
travel,89.518,2149.5,1648.394,1648.394,fly,1.219,ok,2601,0,85,192.00,461512704,612306944,114090264,95883264,18123768,2904,11174640,17697744,1389257,19190,19190,0,0,6,0,0,0,0,0,0.074,0.093,0.000,0,0,0,19190,19190,0,0
travel,89.551,2150.2,1648.945,1648.945,fly,0.940,ok,2601,0,0,192.00,461512704,612306944,114090264,95883264,18123768,2904,11174640,22132800,1407204,19190,19190,0,0,0,0,0,0,0,0,0.090,0.082,0.000,0,0,0,19190,19190,0,0
travel,89.581,2151.0,1649.456,1649.456,fly,0.905,ok,2601,0,0,192.00,461512704,612306944,114090264,95883264,18123768,2904,11174640,22132800,1407204,19190,19190,0,0,0,0,0,0,0,0,0.069,0.081,0.000,0,0,0,19190,19190,0,0
travel,89.611,2151.7,1649.969,1649.969,fly,0.920,ok,2601,0,0,192.00,461512704,612306944,114090264,95883264,18123768,2904,7449760,22132800,1407204,19190,19190,0,0,0,0,0,0,0,0,0.073,0.081,0.000,0,0,0,19190,19190,0,0
travel,89.642,2152.4,1650.479,1650.479,fly,0.897,ok,2601,0,0,192.00,461512704,612306944,114090264,95883264,18123768,2904,7449760,22132800,1407204,19190,19190,0,0,0,0,0,0,0,0,0.069,0.079,0.000,0,0,0,19190,19190,0,0
travel,89.672,2153.1,1650.991,1650.991,fly,0.900,ok,2601,0,0,192.00,461512704,612306944,114090264,95883264,18123768,2904,7449760,22132800,1407204,19190,19190,0,0,0,0,0,0,0,0,0.067,0.078,0.000,0,0,0,19190,19190,0,0
travel,89.702,2153.9,1651.505,1651.505,fly,0.929,ok,2601,0,0,192.00,461512704,612306944,114090264,95883264,18123768,2904,7449760,22132800,1407204,19190,19190,0,0,0,0,0,0,0,0,0.069,0.085,0.000,0,0,0,19190,19190,0,0
travel,89.733,2154.6,1652.019,1652.019,fly,0.895,ok,2601,0,0,192.00,461512704,612306944,114090264,95883264,18123768,2904,7449760,22132800,1407204,19190,19190,0,0,0,0,0,0,0,0,0.067,0.080,0.000,0,0,0,19190,19190,0,0
travel,89.763,2155.3,1652.528,1652.528,fly,0.905,ok,2601,0,0,192.00,461512704,612306944,114090264,95883264,18123768,2904,7449760,22132800,1407204,19190,19190,0,0,0,0,0,0,0,0,0.071,0.080,0.000,0,0,0,19190,19190,0,0
travel,89.793,2156.0,1653.042,1653.042,fly,0.894,ok,2601,0,0,192.00,461512704,612306944,114090264,95883264,18123768,2904,7449760,22132800,1407204,19190,19190,0,0,0,0,0,0,0,0,0.068,0.079,0.000,0,0,0,19190,19190,0,0
travel,89.823,2156.7,1653.550,1653.550,fly,0.905,ok,2601,0,0,192.00,461512704,612306944,114090264,95883264,18123768,2904,7449760,22132800,1407204,19190,19190,0,0,0,0,0,0,0,0,0.066,0.079,0.000,0,0,0,19190,19190,0,0
travel,89.854,2157.5,1654.073,1654.073,fly,0.892,ok,2601,0,0,192.00,461512704,612306944,114090264,95883264,18123768,2904,7449760,22132800,1407204,19190,19190,0,0,0,0,0,0,0,0,0.067,0.069,0.000,0,0,0,19190,19190,0,0
travel,89.884,2158.2,1654.587,1654.587,fly,0.900,ok,2601,0,0,192.00,461512704,612306944,114090264,95883264,18123768,2904,7449760,22132800,1407204,19190,19190,0,0,0,0,0,0,0,0,0.067,0.079,0.000,0,0,0,19190,19190,0,0
travel,89.914,2158.9,1655.097,1655.097,fly,0.956,ok,2601,0,0,192.00,461512704,612306944,114090264,95883264,18123768,2904,7449760,22132800,1407204,19190,19190,0,0,0,0,0,0,0,0,0.071,0.087,0.000,0,0,0,19190,19190,0,0
travel,89.945,2159.7,1655.607,1655.607,fly,0.944,ok,2601,0,0,192.00,461512704,612306944,114090264,95883264,18123768,2904,7449760,22132800,1407204,19190,19190,0,0,0,0,0,0,0,0,0.067,0.078,0.000,0,0,0,19190,19190,0,0
travel,89.987,2160.7,1656.331,1656.331,fly,1.172,ok,2601,0,109,192.00,461512704,612306944,114090264,95883264,18123768,2904,11174640,16445520,1439391,19291,19291,0,0,8,0,0,0,0,0,0.070,0.087,0.000,0,0,0,19291,19291,0,0
stop,90.001,2161.0,1656.561,1656.561,fly,28.092,draw_submit,2601,0,0,192.00,461516800,612306944,114090264,95883264,18123768,2904,11174640,22132800,1462040,19291,19291,0,0,39,0,0,0,0,0,0.174,0.124,0.000,0,0,0,19291,19291,0,0
drain,90.001,2161.0,1656.561,1656.561,fly,26.875,draw_submit,2601,0,0,192.00,461549568,612306944,114090264,95883264,18123768,2601,0,22132800,1540328,19291,19291,0,0,0,0,0,0,303,0,0.211,0.179,0.000,0,0,0,19291,19291,0,0
