stage,bearing,phase,distance_m,x,y,mode,resident_cells,resident_packages,frame_ms,pending_packages,workers_idle,column_queue,pending_kind
stage16e,north,1,0.0,128.500,128.500,settle_origin,797,126,0.2241,2475,0,0,0
stage16e,north,1,0.0,128.500,128.500,settle_origin,797,209,0.6791,2392,0,0,0
stage16e,north,1,0.0,128.500,128.500,settle_origin,797,290,0.3546,2311,0,0,0
stage16e,north,1,0.0,128.500,128.500,settle_origin,797,385,0.4077,2216,0,0,0
stage16e,north,1,0.0,128.500,128.500,settle_origin,797,508,0.5588,2093,0,0,0
stage16e,north,1,0.0,128.500,128.500,settle_origin,797,654,0.5952,1947,0,0,0
stage16e,north,1,0.0,128.500,128.500,settle_origin,797,788,0.3550,1813,0,0,0
stage16e,north,1,0.0,128.500,128.500,settle_origin,797,921,0.5664,1680,0,0,0
stage16e,north,1,0.0,128.500,128.500,settle_origin,797,1047,0.3863,1554,0,0,0
stage16e,north,1,0.0,128.500,128.500,settle_origin,797,1155,0.5075,1446,0,0,0
stage16e,north,1,0.0,128.500,128.500,settle_origin,797,1281,0.4204,1320,0,0,0
stage16e,north,1,0.0,128.500,128.500,settle_origin,797,1419,0.6419,1182,0,0,0
stage16e,north,1,0.0,128.500,128.500,settle_origin,797,1557,0.8726,1044,0,0,0
stage16e,north,1,0.0,128.500,128.500,settle_origin,797,1721,0.6459,880,0,0,0
stage16e,north,1,0.0,128.500,128.500,settle_origin,797,1912,0.7985,689,0,0,0
stage16e,north,1,0.0,128.500,128.500,settle_origin,797,2153,0.7568,448,0,0,0
stage16e,north,1,0.0,128.500,128.500,settle_origin,797,2308,0.5813,293,0,0,0
stage16e,north,1,0.0,128.500,128.500,settle_origin,797,2471,0.8256,130,0,0,0
stage16e,north,1,0.0,128.500,128.500,settle_origin,797,2601,0.6467,0,0,0,0
stage16e,north,1,0.0,128.500,128.500,settle_origin,797,2601,0.6327,0,0,0,0
stage16e,north,3,1.0,128.500,129.500,walk,830,2601,0.7659,0,1,0,0
stage16e,north,3,2.0,128.500,130.500,walk,863,2601,1.1876,0,1,0,0
stage16e,north,3,3.0,128.500,131.500,walk,896,2601,0.9360,0,1,0,0
stage16e,north,3,4.0,128.500,132.500,walk,929,2601,0.9573,0,1,0,0
stage16e,north,3,5.0,128.500,133.500,walk,947,2601,0.8661,0,1,0,0
stage16e,north,3,6.0,128.500,134.500,walk,957,2601,1.0034,0,1,0,0
stage16e,north,3,7.0,128.500,135.500,walk,963,2601,0.9903,0,1,0,0
stage16e,north,3,8.0,128.500,136.500,walk,967,2601,0.8380,51,1,0,0
stage16e,north,3,9.0,128.500,137.500,walk,969,2601,5.5425,0,0,0,0
stage16e,north,3,10.0,128.500,138.500,walk,971,2601,0.9493,0,0,0,0
stage16e,north,3,11.0,128.500,139.500,walk,973,2601,0.8380,0,0,0,0
stage16e,north,3,12.0,128.500,140.500,walk,975,2601,0.8620,0,0,0,0
stage16e,north,3,13.0,128.500,141.500,walk,975,2601,1.1332,0,0,0,0
stage16e,north,3,14.0,128.500,142.500,walk,975,2601,1.5439,0,0,0,0
stage16e,north,3,15.0,128.500,143.500,walk,975,2601,1.3719,0,0,0,0
stage16e,north,3,16.0,128.500,144.500,walk,975,2601,1.2611,51,0,0,0
stage16e,north,3,17.0,128.500,145.500,walk,975,2601,6.8649,0,0,0,0
stage16e,north,3,18.0,128.500,146.500,walk,975,2601,0.8863,0,0,0,0
stage16e,north,3,19.0,128.500,147.500,walk,975,2601,0.8301,0,0,0,0
stage16e,north,3,20.0,128.500,148.500,walk,975,2601,0.9107,0,0,0,0
stage16e,north,3,21.0,128.500,149.500,walk,975,2601,0.9488,0,0,0,0
stage16e,north,3,22.0,128.500,150.500,walk,975,2601,0.9688,0,0,0,0
stage16e,north,3,23.0,128.500,151.500,walk,975,2601,1.4299,0,0,0,0
stage16e,north,3,24.0,128.500,152.500,walk,975,2601,1.7278,51,0,0,0
stage16e,north,3,25.0,128.500,153.500,walk,975,2582,4.8665,19,0,0,0
stage16e,north,3,26.0,128.500,154.500,walk,975,2591,1.7974,10,0,0,0
stage16e,north,3,27.0,128.500,155.500,walk,975,2594,1.3642,7,0,0,0
stage16e,north,3,28.0,128.500,156.500,walk,975,2596,1.4446,5,0,0,0
stage16e,north,3,29.0,128.500,157.500,walk,975,2599,1.4024,2,0,0,0
stage16e,north,3,30.0,128.500,158.500,walk,975,2601,1.4258,0,0,0,0
stage16e,north,3,31.0,128.500,159.500,walk,975,2601,1.2414,0,0,0,0
stage16e,north,3,32.0,128.500,160.500,walk,975,2601,1.3948,51,0,0,0
stage16e,north,3,33.0,128.500,161.500,walk,975,2550,2.0944,51,0,0,0
stage16e,north,3,34.0,128.500,162.500,walk,975,2550,1.4777,51,0,0,0
stage16e,north,3,35.0,128.500,163.500,walk,975,2550,1.4139,51,0,0,0
stage16e,north,3,36.0,128.500,164.500,walk,975,2550,1.4080,51,0,0,0
stage16e,north,3,37.0,128.500,165.500,walk,975,2550,2.1176,51,0,0,0
stage16e,north,3,38.0,128.500,166.500,walk,975,2550,1.4459,51,0,0,0
stage16e,north,3,39.0,128.500,167.500,walk,975,2550,1.4460,51,0,0,0
stage16e,north,3,40.0,128.500,168.500,walk,975,2550,1.4639,102,0,0,0
stage16e,north,3,41.0,128.500,169.500,walk,975,2499,1.4708,102,0,0,0
stage16e,north,3,42.0,128.500,170.500,walk,975,2499,1.5552,102,0,0,0
stage16e,north,3,43.0,128.500,171.500,walk,975,2499,2.2659,102,0,0,0
stage16e,north,3,44.0,128.500,172.500,walk,975,2499,2.1520,102,0,0,0
stage16e,north,3,45.0,128.500,173.500,walk,975,2499,1.7806,102,0,0,0
stage16e,north,3,46.0,128.500,174.500,walk,975,2499,1.4904,102,0,0,0
stage16e,north,3,47.0,128.500,175.500,walk,975,2499,1.4823,102,0,0,0
stage16e,north,3,48.0,128.500,176.500,walk,975,2499,1.4824,153,0,0,0
stage16e,north,3,49.0,128.500,177.500,walk,975,2448,1.4957,153,0,0,0
stage16e,north,3,50.0,128.500,178.500,walk,975,2448,1.5628,153,0,0,0
stage16e,north,3,51.0,128.500,179.500,walk,975,2448,1.4893,153,0,0,0
stage16e,north,3,52.0,128.500,180.500,walk,975,2448,1.7437,153,0,0,0
stage16e,north,3,53.0,128.500,181.500,walk,975,2448,1.9370,153,0,0,0
stage16e,north,3,54.0,128.500,182.500,walk,975,2448,1.8035,153,0,0,0
stage16e,north,3,55.0,128.500,183.500,walk,975,2448,1.6926,153,0,0,0
stage16e,north,3,56.0,128.500,184.500,walk,975,2448,1.5341,204,0,0,0
stage16e,north,3,57.0,128.500,185.500,walk,975,2397,1.5215,204,0,0,0
stage16e,north,3,58.0,128.500,186.500,walk,975,2397,1.5497,204,0,0,0
stage16e,north,3,59.0,128.500,187.500,walk,975,2397,1.5139,204,0,0,0
stage16e,north,3,60.0,128.500,188.500,walk,975,2397,1.5557,204,0,0,0
stage16e,north,3,61.0,128.500,189.500,walk,975,2397,1.5350,204,0,0,0
stage16e,north,3,62.0,128.500,190.500,walk,975,2397,1.9033,204,0,0,0
stage16e,north,3,63.0,128.500,191.500,walk,975,2397,1.7621,204,0,0,0
stage16e,north,3,64.0,128.500,192.500,walk,975,2397,1.6098,255,0,0,0
stage16e,north,3,66.0,128.500,194.500,sprint,973,2346,1.5837,255,0,0,0
stage16e,north,3,68.0,128.500,196.500,sprint,971,2346,2.4362,255,0,0,0
stage16e,north,3,70.0,128.500,198.500,sprint,969,2346,2.3325,255,0,0,0
stage16e,north,3,72.0,128.500,200.500,sprint,967,2346,2.2641,306,0,0,0
stage16e,north,3,74.0,128.500,202.500,sprint,965,2295,2.6116,306,0,0,0
stage16e,north,3,76.0,128.500,204.500,sprint,963,2298,3.6168,303,0,0,0
stage16e,north,3,78.0,128.500,206.500,sprint,963,2304,4.2820,297,0,0,0
stage16e,north,3,80.0,128.500,208.500,sprint,963,2305,2.0915,347,0,0,0
stage16e,north,3,82.0,128.500,210.500,sprint,963,2257,2.1900,344,0,0,0
stage16e,north,3,84.0,128.500,212.500,sprint,963,2262,2.2412,339,0,0,0
stage16e,north,3,86.0,128.500,214.500,sprint,963,2267,2.2512,334,0,0,0
stage16e,north,3,88.0,128.500,216.500,sprint,963,2271,2.0955,381,0,0,0
stage16e,north,3,90.0,128.500,218.500,sprint,963,2223,2.4068,378,0,0,0
stage16e,north,3,92.0,128.500,220.500,sprint,963,2227,2.6036,374,0,0,0
stage16e,north,3,94.0,128.500,222.500,sprint,963,2230,1.7043,371,0,0,0
stage16e,north,3,96.0,128.500,224.500,sprint,963,2233,1.6613,419,0,0,0
stage16e,north,3,98.0,128.500,226.500,sprint,963,2185,1.5694,416,0,0,0
stage16e,north,3,100.0,128.500,228.500,sprint,963,2188,1.5473,413,0,0,0
stage16e,north,3,102.0,128.500,230.500,sprint,963,2190,1.8545,411,0,0,0
stage16e,north,3,104.0,128.500,232.500,sprint,963,2193,1.7927,459,0,0,0
stage16e,north,3,106.0,128.500,234.500,sprint,963,2142,1.4781,459,0,0,0
stage16e,north,3,108.0,128.500,236.500,sprint,963,2142,1.3280,459,0,0,0
stage16e,north,3,110.0,128.500,238.500,sprint,963,2142,1.5147,459,0,0,0
stage16e,north,3,112.0,128.500,240.500,sprint,963,2142,1.5913,510,0,0,0
stage16e,north,3,114.0,128.500,242.500,sprint,963,2091,1.1859,510,0,0,0
stage16e,north,3,116.0,128.500,244.500,sprint,963,2091,1.1779,510,0,0,0
stage16e,north,3,118.0,128.500,246.500,sprint,963,2091,1.1232,510,0,0,0
stage16e,north,3,120.0,128.500,248.500,sprint,963,2091,1.0489,561,0,0,0
stage16e,north,3,122.0,128.500,250.500,sprint,963,2040,1.1528,561,0,0,0
stage16e,north,3,124.0,128.500,252.500,sprint,963,2040,1.3512,561,0,0,0
stage16e,north,3,126.0,128.500,254.500,sprint,963,2040,1.8315,561,0,0,0
stage16e,north,3,128.0,128.500,256.500,sprint,963,2040,1.3646,612,0,0,0
stage16e,north,3,132.0,128.500,260.500,free_fly,961,1989,1.3961,612,0,0,0
stage16e,north,3,136.0,128.500,264.500,free_fly,959,1989,1.4460,663,0,0,0
stage16e,north,3,140.0,128.500,268.500,free_fly,957,1938,1.6938,663,0,0,0
stage16e,north,3,144.0,128.500,272.500,free_fly,957,1938,1.4373,714,0,0,0
stage16e,north,3,148.0,128.500,276.500,free_fly,957,1887,1.3528,714,0,0,0
stage16e,north,3,152.0,128.500,280.500,free_fly,957,1887,1.3251,765,0,0,0
stage16e,north,3,156.0,128.500,284.500,free_fly,957,1836,1.3354,765,0,0,0
stage16e,north,3,160.0,128.500,288.500,free_fly,957,1836,1.3685,816,0,0,0
stage16e,north,3,164.0,128.500,292.500,free_fly,957,1785,1.4653,816,0,0,0
stage16e,north,3,168.0,128.500,296.500,free_fly,957,1785,1.3027,867,0,0,0
stage16e,north,3,172.0,128.500,300.500,free_fly,957,1734,1.2869,867,0,0,0
stage16e,north,3,176.0,128.500,304.500,free_fly,957,1734,1.2453,918,0,0,0
stage16e,north,3,180.0,128.500,308.500,free_fly,957,1683,1.2432,918,0,0,0
stage16e,north,3,184.0,128.500,312.500,free_fly,957,1683,1.7645,969,0,0,0
stage16e,north,3,188.0,128.500,316.500,free_fly,957,1632,1.8779,969,0,0,0
stage16e,north,3,192.0,128.500,320.500,free_fly,957,1632,1.8098,1020,0,0,0
stage16e,north,3,196.0,128.500,324.500,free_fly,957,1581,1.2867,1020,0,0,0
stage16e,north,3,200.0,128.500,328.500,free_fly,957,1581,1.8351,1071,0,0,0
stage16e,north,3,204.0,128.500,332.500,free_fly,957,1530,1.7229,1071,0,0,0
stage16e,north,3,208.0,128.500,336.500,free_fly,957,1530,1.4871,1122,0,0,0
stage16e,north,3,212.0,128.500,340.500,free_fly,957,1479,1.4803,1122,0,0,0
stage16e,north,3,216.0,128.500,344.500,free_fly,957,1479,1.3326,1173,0,0,0
stage16e,north,3,220.0,128.500,348.500,free_fly,957,1428,1.4253,1173,0,0,0
stage16e,north,3,224.0,128.500,352.500,free_fly,957,1428,1.4405,1224,0,0,0
stage16e,north,3,228.0,128.500,356.500,free_fly,957,1377,1.4140,1224,0,0,0
stage16e,north,3,232.0,128.500,360.500,free_fly,957,1377,1.4978,1275,0,0,0
stage16e,north,3,236.0,128.500,364.500,free_fly,957,1326,1.5054,1275,0,0,0
stage16e,north,3,240.0,128.500,368.500,free_fly,957,1326,1.5244,1326,0,0,0
stage16e,north,3,244.0,128.500,372.500,free_fly,957,1275,2.6424,1326,0,0,0
stage16e,north,3,248.0,128.500,376.500,free_fly,957,1275,2.5999,1377,0,0,0
stage16e,north,3,252.0,128.500,380.500,free_fly,957,1224,1.7411,1377,0,0,0
stage16e,north,3,256.0,128.500,384.500,free_fly,957,1224,1.7880,1428,0,0,0
stage16e,north,3,260.0,128.500,388.500,free_fly,957,1173,2.7110,1428,0,0,0
stage16e,north,3,264.0,128.500,392.500,free_fly,957,1175,2.2713,1477,0,0,0
stage16e,north,3,268.0,128.500,396.500,free_fly,957,1128,2.1214,1473,0,0,0
stage16e,north,3,272.0,128.500,400.500,free_fly,957,1130,2.3346,1522,0,0,0
stage16e,north,3,276.0,128.500,404.500,free_fly,957,1080,1.7975,1521,0,0,0
stage16e,north,3,280.0,128.500,408.500,free_fly,957,1081,1.6945,1571,0,0,0
stage16e,north,3,284.0,128.500,412.500,free_fly,957,1033,1.8816,1568,0,0,0
stage16e,north,3,288.0,128.500,416.500,free_fly,957,1036,1.7764,1616,0,0,0
stage16e,north,3,292.0,128.500,420.500,free_fly,957,988,1.8147,1613,0,0,0
stage16e,north,3,296.0,128.500,424.500,free_fly,957,990,1.8435,1662,0,0,0
stage16e,north,3,300.0,128.500,428.500,free_fly,957,943,1.9184,1658,0,0,0
stage16e,north,3,304.0,128.500,432.500,free_fly,957,946,2.2213,1706,0,0,0
stage16e,north,3,308.0,128.500,436.500,free_fly,957,901,2.6530,1700,0,0,0
stage16e,north,3,312.0,128.500,440.500,free_fly,957,904,2.3171,1748,0,0,0
stage16e,north,3,316.0,128.500,444.500,free_fly,957,856,2.0186,1745,0,0,0
stage16e,north,3,320.0,128.500,448.500,free_fly,957,860,2.0702,1792,0,0,0
stage16e,north,3,324.0,128.500,452.500,free_fly,957,812,2.0474,1789,0,0,0
stage16e,north,3,328.0,128.500,456.500,free_fly,957,815,2.1484,1837,0,0,0
stage16e,north,3,332.0,128.500,460.500,free_fly,957,765,2.1112,1836,0,0,0
stage16e,north,3,336.0,128.500,464.500,free_fly,957,765,1.7134,1887,0,0,0
stage16e,north,3,340.0,128.500,468.500,free_fly,957,714,1.7033,1887,0,0,0
stage16e,north,3,344.0,128.500,472.500,free_fly,957,714,1.6402,1938,0,0,0
stage16e,north,3,348.0,128.500,476.500,free_fly,957,663,1.6442,1938,0,0,0
stage16e,north,3,352.0,128.500,480.500,free_fly,957,663,1.6523,1989,0,0,0
stage16e,north,3,356.0,128.500,484.500,free_fly,957,612,1.6888,1989,0,0,0
stage16e,north,3,360.0,128.500,488.500,free_fly,957,612,1.7426,2040,0,0,0
stage16e,north,3,364.0,128.500,492.500,free_fly,957,561,2.1696,2040,0,0,0
stage16e,north,3,368.0,128.500,496.500,free_fly,957,561,2.1004,2091,0,0,0
stage16e,north,3,372.0,128.500,500.500,free_fly,957,510,1.9050,2091,0,0,0
stage16e,north,3,376.0,128.500,504.500,free_fly,957,510,1.7522,2142,0,0,0
stage16e,north,3,380.0,128.500,508.500,free_fly,957,459,1.7330,2142,0,0,0
stage16e,north,3,384.0,128.500,512.500,free_fly,957,459,2.1390,2193,0,0,0
stage16e,north,3,388.0,128.500,516.500,free_fly,957,408,2.7076,2193,0,0,0
stage16e,north,3,392.0,128.500,520.500,free_fly,957,408,2.9197,2244,0,0,0
stage16e,north,3,396.0,128.500,524.500,free_fly,957,357,3.5605,2244,0,0,0
stage16e,north,3,400.0,128.500,528.500,free_fly,957,357,3.1533,2295,0,0,0
stage16e,north,3,404.0,128.500,532.500,free_fly,957,306,2.4832,2295,0,0,0
stage16e,north,3,408.0,128.500,536.500,free_fly,957,306,2.6371,2346,0,0,0
stage16e,north,4,408.0,128.500,536.500,settle_outer,957,306,0.4425,2295,0,0,0
stage16e,north,4,408.0,128.500,536.500,settle_outer,957,408,0.4619,2193,0,0,0
stage16e,north,4,408.0,128.500,536.500,settle_outer,957,459,0.4553,2142,0,0,0
stage16e,north,4,408.0,128.500,536.500,settle_outer,957,515,0.5491,2086,0,0,0
stage16e,north,4,408.0,128.500,536.500,settle_outer,957,612,0.6211,1989,0,0,0
stage16e,north,4,408.0,128.500,536.500,settle_outer,957,711,0.5986,1890,0,0,0
stage16e,north,4,408.0,128.500,536.500,settle_outer,957,775,0.9726,1826,0,0,0
stage16e,north,4,408.0,128.500,536.500,settle_outer,957,867,0.5147,1734,0,0,0
stage16e,north,4,408.0,128.500,536.500,settle_outer,957,969,0.7280,1632,0,0,0
stage16e,north,4,408.0,128.500,536.500,settle_outer,957,1078,1.0555,1523,0,0,0
stage16e,north,4,408.0,128.500,536.500,settle_outer,957,1195,1.0025,1406,0,0,0
stage16e,north,4,408.0,128.500,536.500,settle_outer,957,1326,0.7946,1275,0,0,0
stage16e,north,4,408.0,128.500,536.500,settle_outer,957,1428,0.6227,1173,0,0,0
stage16e,north,4,408.0,128.500,536.500,settle_outer,957,1530,0.6269,1071,0,0,0
stage16e,north,4,408.0,128.500,536.500,settle_outer,957,1683,0.6533,918,0,0,0
stage16e,north,4,408.0,128.500,536.500,settle_outer,957,1817,1.1027,784,0,0,0
stage16e,north,4,408.0,128.500,536.500,settle_outer,957,1972,1.1857,629,0,0,0
stage16e,north,4,408.0,128.500,536.500,settle_outer,957,2141,0.7925,460,0,0,0
stage16e,north,4,408.0,128.500,536.500,settle_outer,957,2295,0.7862,306,0,0,0
stage16e,north,4,408.0,128.500,536.500,settle_outer,957,2448,0.8315,153,0,0,0
stage16e,north,4,408.0,128.500,536.500,settle_outer,957,2601,1.3042,0,0,0,0
stage16e,north,6,404.0,128.500,532.500,free_fly,957,2601,2.3131,51,1,0,0
stage16e,north,6,400.0,128.500,528.500,free_fly,957,2601,5.7006,0,1,0,0
stage16e,north,6,396.0,128.500,524.500,free_fly,957,2601,2.0690,51,0,0,0
stage16e,north,6,392.0,128.500,520.500,free_fly,957,2601,6.0601,0,0,0,0
stage16e,north,6,388.0,128.500,516.500,free_fly,957,2601,2.0972,51,0,0,0
stage16e,north,6,384.0,128.500,512.500,free_fly,957,2601,6.6570,0,0,0,0
stage16e,north,6,380.0,128.500,508.500,free_fly,957,2601,1.7249,51,0,0,0
stage16e,north,6,376.0,128.500,504.500,free_fly,957,2601,5.7735,0,0,0,0
stage16e,north,6,372.0,128.500,500.500,free_fly,957,2601,2.3705,51,0,0,0
stage16e,north,6,368.0,128.500,496.500,free_fly,957,2601,8.7909,0,0,0,0
stage16e,north,6,364.0,128.500,492.500,free_fly,957,2601,2.3025,51,0,0,0
stage16e,north,6,360.0,128.500,488.500,free_fly,957,2601,8.4402,0,0,0,0
stage16e,north,6,356.0,128.500,484.500,free_fly,957,2601,2.2282,51,0,0,0
stage16e,north,6,352.0,128.500,480.500,free_fly,957,2601,8.3619,0,0,0,0
stage16e,north,6,348.0,128.500,476.500,free_fly,957,2601,2.3016,51,0,0,0
stage16e,north,6,344.0,128.500,472.500,free_fly,957,2601,6.4346,0,0,0,0
stage16e,north,6,340.0,128.500,468.500,free_fly,957,2601,1.6353,51,0,0,0
stage16e,north,6,336.0,128.500,464.500,free_fly,957,2601,5.5573,0,0,0,0
stage16e,north,6,332.0,128.500,460.500,free_fly,957,2601,2.3906,51,0,0,0
stage16e,north,6,328.0,128.500,456.500,free_fly,957,2601,6.5103,0,0,0,0
stage16e,north,6,324.0,128.500,452.500,free_fly,957,2601,1.6668,51,0,0,0
stage16e,north,6,320.0,128.500,448.500,free_fly,957,2601,5.4873,0,0,0,0
stage16e,north,6,316.0,128.500,444.500,free_fly,957,2601,1.7672,51,0,0,0
stage16e,north,6,312.0,128.500,440.500,free_fly,957,2601,7.0557,0,0,0,0
stage16e,north,6,308.0,128.500,436.500,free_fly,957,2601,1.6275,51,0,0,0
stage16e,north,6,304.0,128.500,432.500,free_fly,957,2601,5.5217,0,0,0,0
stage16e,north,6,300.0,128.500,428.500,free_fly,957,2601,1.6387,51,0,0,0
stage16e,north,6,296.0,128.500,424.500,free_fly,957,2601,7.8397,0,0,0,0
stage16e,north,6,292.0,128.500,420.500,free_fly,957,2601,1.5769,51,0,0,0
stage16e,north,6,288.0,128.500,416.500,free_fly,957,2601,5.8552,0,0,0,0
stage16e,north,6,284.0,128.500,412.500,free_fly,957,2601,2.7679,51,0,0,0
stage16e,north,6,280.0,128.500,408.500,free_fly,957,2601,7.0873,0,0,0,0
stage16e,north,6,276.0,128.500,404.500,free_fly,957,2601,1.7257,51,0,0,0
stage16e,north,6,272.0,128.500,400.500,free_fly,957,2601,6.6670,0,0,0,0
stage16e,north,6,268.0,128.500,396.500,free_fly,957,2601,1.7370,51,0,0,0
stage16e,north,6,264.0,128.500,392.500,free_fly,957,2601,5.8792,0,0,0,0
stage16e,north,6,260.0,128.500,388.500,free_fly,957,2601,1.5991,51,0,0,0
stage16e,north,6,256.0,128.500,384.500,free_fly,957,2601,9.4660,0,0,0,0
stage16e,north,6,252.0,128.500,380.500,free_fly,957,2601,1.7058,51,0,0,0
stage16e,north,6,248.0,128.500,376.500,free_fly,957,2601,5.7598,0,0,0,0
stage16e,north,6,244.0,128.500,372.500,free_fly,957,2601,1.5236,51,0,0,0
stage16e,north,6,240.0,128.500,368.500,free_fly,957,2601,8.7591,0,0,0,0
stage16e,north,6,236.0,128.500,364.500,free_fly,957,2601,2.2833,51,0,0,0
stage16e,north,6,232.0,128.500,360.500,free_fly,957,2601,6.2472,0,0,0,0
stage16e,north,6,228.0,128.500,356.500,free_fly,957,2601,2.5248,51,0,0,0
stage16e,north,6,224.0,128.500,352.500,free_fly,957,2601,8.7758,0,0,0,0
stage16e,north,6,220.0,128.500,348.500,free_fly,957,2601,1.7707,51,0,0,0
stage16e,north,6,216.0,128.500,344.500,free_fly,957,2601,7.1005,0,0,0,0
stage16e,north,6,212.0,128.500,340.500,free_fly,957,2601,1.7877,51,0,0,0
stage16e,north,6,208.0,128.500,336.500,free_fly,957,2601,6.2875,0,0,0,0
stage16e,north,6,204.0,128.500,332.500,free_fly,957,2601,1.6578,51,0,0,0
stage16e,north,6,200.0,128.500,328.500,free_fly,957,2601,6.9721,0,0,0,0
stage16e,north,6,196.0,128.500,324.500,free_fly,957,2601,1.6991,51,0,0,0
stage16e,north,6,192.0,128.500,320.500,free_fly,957,2601,5.8841,0,0,0,0
stage16e,north,6,188.0,128.500,316.500,free_fly,957,2601,1.6482,51,0,0,0
stage16e,north,6,184.0,128.500,312.500,free_fly,957,2601,6.6029,0,0,0,0
stage16e,north,6,180.0,128.500,308.500,free_fly,957,2601,1.5423,51,0,0,0
stage16e,north,6,176.0,128.500,304.500,free_fly,957,2601,6.4318,0,0,0,0
stage16e,north,6,172.0,128.500,300.500,free_fly,957,2601,1.9115,51,0,0,0
stage16e,north,6,168.0,128.500,296.500,free_fly,957,2601,6.1097,0,0,0,0
stage16e,north,6,164.0,128.500,292.500,free_fly,957,2601,1.5184,51,0,0,0
stage16e,north,6,160.0,128.500,288.500,free_fly,957,2601,6.0081,0,0,0,0
stage16e,north,6,156.0,128.500,284.500,free_fly,957,2601,2.5414,51,0,0,0
stage16e,north,6,152.0,128.500,280.500,free_fly,957,2601,6.3534,0,0,0,0
stage16e,north,6,148.0,128.500,276.500,free_fly,957,2601,1.8094,51,0,0,0
stage16e,north,6,144.0,128.500,272.500,free_fly,957,2601,11.0024,0,0,0,0
stage16e,north,6,140.0,128.500,268.500,free_fly,957,2601,1.6389,51,0,0,0
stage16e,north,6,136.0,128.500,264.500,free_fly,957,2601,5.8540,0,0,0,0
stage16e,north,6,132.0,128.500,260.500,free_fly,957,2601,1.6161,51,0,0,0
stage16e,north,6,128.0,128.500,256.500,free_fly,957,2601,7.2750,0,0,0,0
stage16e,north,6,126.0,128.500,254.500,sprint,957,2601,1.5729,51,0,0,0
stage16e,north,6,124.0,128.500,252.500,sprint,959,2601,5.4106,0,0,0,0
stage16e,north,6,122.0,128.500,250.500,sprint,959,2601,1.5880,0,0,0,0
stage16e,north,6,120.0,128.500,248.500,sprint,961,2601,2.4545,0,0,0,0
stage16e,north,6,118.0,128.500,246.500,sprint,961,2601,2.7238,51,0,0,0
stage16e,north,6,116.0,128.500,244.500,sprint,963,2601,6.3368,0,0,0,0
stage16e,north,6,114.0,128.500,242.500,sprint,963,2601,2.0205,0,0,0,0
stage16e,north,6,112.0,128.500,240.500,sprint,963,2601,1.7656,0,0,0,0
stage16e,north,6,110.0,128.500,238.500,sprint,963,2601,1.8223,51,0,0,0
stage16e,north,6,108.0,128.500,236.500,sprint,963,2601,7.0199,0,0,0,0
stage16e,north,6,106.0,128.500,234.500,sprint,963,2601,1.7706,0,0,0,0
stage16e,north,6,104.0,128.500,232.500,sprint,963,2601,2.0596,0,0,0,0
stage16e,north,6,102.0,128.500,230.500,sprint,963,2601,2.2762,51,0,0,0
stage16e,north,6,100.0,128.500,228.500,sprint,963,2601,8.1936,0,0,0,0
stage16e,north,6,98.0,128.500,226.500,sprint,963,2601,2.3240,0,0,0,0
stage16e,north,6,96.0,128.500,224.500,sprint,963,2601,2.3203,0,0,0,0
stage16e,north,6,94.0,128.500,222.500,sprint,963,2601,2.3123,51,0,0,0
stage16e,north,6,92.0,128.500,220.500,sprint,963,2601,7.9676,0,0,0,0
stage16e,north,6,90.0,128.500,218.500,sprint,963,2601,2.4869,0,0,0,0
stage16e,north,6,88.0,128.500,216.500,sprint,963,2601,2.4201,0,0,0,0
stage16e,north,6,86.0,128.500,214.500,sprint,963,2601,2.4233,51,0,0,0
stage16e,north,6,84.0,128.500,212.500,sprint,963,2601,8.3334,0,0,0,0
stage16e,north,6,82.0,128.500,210.500,sprint,963,2601,2.5212,0,0,0,0
stage16e,north,6,80.0,128.500,208.500,sprint,963,2601,2.5126,0,0,0,0
stage16e,north,6,78.0,128.500,206.500,sprint,963,2601,2.5996,51,0,0,0
stage16e,north,6,76.0,128.500,204.500,sprint,963,2601,7.9108,0,0,0,0
stage16e,north,6,74.0,128.500,202.500,sprint,963,2601,2.7412,0,0,0,0
stage16e,north,6,72.0,128.500,200.500,sprint,963,2601,2.6081,0,0,0,0
stage16e,north,6,70.0,128.500,198.500,sprint,963,2601,3.7974,51,0,0,0
stage16e,north,6,68.0,128.500,196.500,sprint,963,2601,8.1097,0,0,0,0
stage16e,north,6,66.0,128.500,194.500,sprint,963,2601,4.2096,0,0,0,0
stage16e,north,6,64.0,128.500,192.500,sprint,963,2601,3.9572,0,0,0,0
stage16e,north,6,63.0,128.500,191.500,walk,963,2601,2.5052,51,0,0,0
stage16e,north,6,62.0,128.500,190.500,walk,965,2601,6.4724,0,0,0,0
stage16e,north,6,61.0,128.500,189.500,walk,965,2601,1.6275,0,0,0,0
stage16e,north,6,60.0,128.500,188.500,walk,967,2601,2.0824,0,0,0,0
stage16e,north,6,59.0,128.500,187.500,walk,967,2601,1.6126,0,0,0,0
stage16e,north,6,58.0,128.500,186.500,walk,969,2601,1.7421,0,0,0,0
stage16e,north,6,57.0,128.500,185.500,walk,969,2601,1.6970,0,0,0,0
stage16e,north,6,56.0,128.500,184.500,walk,971,2601,1.4406,0,0,0,0
stage16e,north,6,55.0,128.500,183.500,walk,971,2601,1.3730,51,0,0,0
stage16e,north,6,54.0,128.500,182.500,walk,973,2601,7.9385,0,0,0,0
stage16e,north,6,53.0,128.500,181.500,walk,973,2601,1.9431,0,0,0,0
stage16e,north,6,52.0,128.500,180.500,walk,975,2601,1.8170,0,0,0,0
stage16e,north,6,51.0,128.500,179.500,walk,975,2601,1.7026,0,0,0,0
stage16e,north,6,50.0,128.500,178.500,walk,975,2601,1.6340,0,0,0,0
stage16e,north,6,49.0,128.500,177.500,walk,975,2601,1.2630,0,0,0,0
stage16e,north,6,48.0,128.500,176.500,walk,975,2601,1.1431,0,0,0,0
stage16e,north,6,47.0,128.500,175.500,walk,975,2601,1.2934,51,0,0,0
stage16e,north,6,46.0,128.500,174.500,walk,975,2601,6.5288,0,0,0,0
stage16e,north,6,45.0,128.500,173.500,walk,975,2601,1.2298,0,0,0,0
stage16e,north,6,44.0,128.500,172.500,walk,975,2601,1.8178,0,0,0,0
stage16e,north,6,43.0,128.500,171.500,walk,975,2601,1.5542,0,0,0,0
stage16e,north,6,42.0,128.500,170.500,walk,975,2601,1.0826,0,0,0,0
stage16e,north,6,41.0,128.500,169.500,walk,975,2601,1.1634,0,0,0,0
stage16e,north,6,40.0,128.500,168.500,walk,975,2601,1.0426,0,0,0,0
stage16e,north,6,39.0,128.500,167.500,walk,975,2601,1.0435,51,0,0,0
stage16e,north,6,38.0,128.500,166.500,walk,975,2601,5.9390,0,0,0,0
stage16e,north,6,37.0,128.500,165.500,walk,975,2601,1.1476,0,0,0,0
stage16e,north,6,36.0,128.500,164.500,walk,975,2601,1.0986,0,0,0,0
stage16e,north,6,35.0,128.500,163.500,walk,975,2601,1.2647,0,0,0,0
stage16e,north,6,34.0,128.500,162.500,walk,975,2601,1.4206,0,0,0,0
stage16e,north,6,33.0,128.500,161.500,walk,975,2601,1.3546,0,0,0,0
stage16e,north,6,32.0,128.500,160.500,walk,975,2601,1.0866,0,0,0,0
stage16e,north,6,31.0,128.500,159.500,walk,975,2601,1.0546,51,0,0,0
stage16e,north,6,30.0,128.500,158.500,walk,975,2601,6.0566,0,0,0,0
stage16e,north,6,29.0,128.500,157.500,walk,975,2601,1.3018,0,0,0,0
stage16e,north,6,28.0,128.500,156.500,walk,975,2601,1.0586,0,0,0,0
stage16e,north,6,27.0,128.500,155.500,walk,975,2601,1.0432,0,0,0,0
stage16e,north,6,26.0,128.500,154.500,walk,975,2601,1.1479,0,0,0,0
stage16e,north,6,25.0,128.500,153.500,walk,975,2601,1.3293,0,0,0,0
stage16e,north,6,24.0,128.500,152.500,walk,975,2601,1.4798,0,0,0,0
stage16e,north,6,23.0,128.500,151.500,walk,975,2601,1.0491,51,0,0,0
stage16e,north,6,22.0,128.500,150.500,walk,975,2601,5.5602,0,0,0,0
stage16e,north,6,21.0,128.500,149.500,walk,975,2601,1.0689,0,0,0,0
stage16e,north,6,20.0,128.500,148.500,walk,975,2601,1.4706,0,0,0,0
stage16e,north,6,19.0,128.500,147.500,walk,975,2601,1.0257,0,0,0,0
stage16e,north,6,18.0,128.500,146.500,walk,975,2601,0.9675,0,0,0,0
stage16e,north,6,17.0,128.500,145.500,walk,975,2601,0.9409,0,0,0,0
stage16e,north,6,16.0,128.500,144.500,walk,975,2601,1.1358,0,0,0,0
stage16e,north,6,15.0,128.500,143.500,walk,975,2601,1.2566,51,0,0,0
stage16e,north,6,14.0,128.500,142.500,walk,975,2601,5.7897,0,0,0,0
stage16e,north,6,13.0,128.500,141.500,walk,975,2601,1.0179,0,0,0,0
stage16e,north,6,12.0,128.500,140.500,walk,975,2601,0.9551,0,0,0,0
stage16e,north,6,11.0,128.500,139.500,walk,975,2601,1.1205,0,0,0,0
stage16e,north,6,10.0,128.500,138.500,walk,975,2601,1.2937,0,0,0,0
stage16e,north,6,9.0,128.500,137.500,walk,975,2601,1.6751,0,0,0,0
stage16e,north,6,8.0,128.500,136.500,walk,975,2601,1.1055,0,0,0,0
stage16e,north,6,7.0,128.500,135.500,walk,975,2601,1.2841,51,0,0,0
stage16e,north,6,6.0,128.500,134.500,walk,975,2601,7.8491,0,0,0,0
stage16e,north,6,5.0,128.500,133.500,walk,975,2601,1.3167,0,0,0,0
stage16e,north,6,4.0,128.500,132.500,walk,975,2601,1.3064,0,0,0,0
stage16e,north,6,3.0,128.500,131.500,walk,975,2601,1.2541,0,0,0,0
stage16e,north,6,2.0,128.500,130.500,walk,975,2601,1.2383,0,0,0,0
stage16e,north,6,1.0,128.500,129.500,walk,975,2601,1.3131,0,0,0,0
stage16e,north,6,0.0,128.500,128.500,walk,975,2601,1.4292,0,0,0,0
stage16e,north,7,0.0,128.500,128.500,settle_return,975,2601,1.3423,0,0,0,0
stage16e,north,7,0.0,128.500,128.500,settle_return,975,2601,0.9452,0,0,0,0
stage16e,north,7,0.0,128.500,128.500,settle_return,975,2601,0.8897,0,0,0,0
stage16e,east,1,0.0,128.500,128.500,settle_origin,797,123,0.4905,2478,0,0,0
stage16e,east,1,0.0,128.500,128.500,settle_origin,797,197,0.3900,2404,0,0,0
stage16e,east,1,0.0,128.500,128.500,settle_origin,797,283,0.2829,2318,0,0,0
stage16e,east,1,0.0,128.500,128.500,settle_origin,797,361,0.3210,2240,0,0,0
stage16e,east,1,0.0,128.500,128.500,settle_origin,797,478,0.5636,2123,0,0,0
stage16e,east,1,0.0,128.500,128.500,settle_origin,797,605,0.3687,1996,0,0,0
stage16e,east,1,0.0,128.500,128.500,settle_origin,797,738,0.3622,1863,0,0,0
stage16e,east,1,0.0,128.500,128.500,settle_origin,797,870,0.5717,1731,0,0,0
stage16e,east,1,0.0,128.500,128.500,settle_origin,797,1020,0.6590,1581,0,0,0
stage16e,east,1,0.0,128.500,128.500,settle_origin,797,1129,0.4154,1472,0,0,0
stage16e,east,1,0.0,128.500,128.500,settle_origin,797,1256,0.7367,1345,0,0,0
stage16e,east,1,0.0,128.500,128.500,settle_origin,797,1387,0.4715,1214,0,0,0
stage16e,east,1,0.0,128.500,128.500,settle_origin,797,1540,0.9025,1061,0,0,0
stage16e,east,1,0.0,128.500,128.500,settle_origin,797,1703,0.5113,898,0,0,0
stage16e,east,1,0.0,128.500,128.500,settle_origin,797,1903,0.5363,698,0,0,0
stage16e,east,1,0.0,128.500,128.500,settle_origin,797,2150,0.6691,451,0,0,0
stage16e,east,1,0.0,128.500,128.500,settle_origin,797,2308,0.5686,293,0,0,0
stage16e,east,1,0.0,128.500,128.500,settle_origin,797,2479,0.7371,122,0,0,0
stage16e,east,1,0.0,128.500,128.500,settle_origin,797,2601,0.6006,0,0,0,0
stage16e,east,1,0.0,128.500,128.500,settle_origin,797,2601,0.6217,0,0,0,0
stage16e,east,3,1.0,129.500,128.500,walk,830,2601,0.8330,0,1,0,0
stage16e,east,3,2.0,130.500,128.500,walk,863,2601,0.8404,0,1,0,0
stage16e,east,3,3.0,131.500,128.500,walk,896,2601,0.7937,0,1,0,0
stage16e,east,3,4.0,132.500,128.500,walk,929,2601,0.7809,0,1,0,0
stage16e,east,3,5.0,133.500,128.500,walk,947,2601,0.7973,0,1,0,0
stage16e,east,3,6.0,134.500,128.500,walk,957,2601,0.8243,0,1,0,0
stage16e,east,3,7.0,135.500,128.500,walk,963,2601,0.8050,0,1,0,0
stage16e,east,3,8.0,136.500,128.500,walk,967,2601,0.8063,51,1,0,0
stage16e,east,3,9.0,137.500,128.500,walk,969,2601,4.8948,0,0,0,0
stage16e,east,3,10.0,138.500,128.500,walk,971,2601,0.8178,0,0,0,0
stage16e,east,3,11.0,139.500,128.500,walk,973,2601,0.7887,0,0,0,0
stage16e,east,3,12.0,140.500,128.500,walk,975,2601,0.7796,0,0,0,0
stage16e,east,3,13.0,141.500,128.500,walk,975,2601,0.9410,0,0,0,0
stage16e,east,3,14.0,142.500,128.500,walk,975,2601,1.3815,0,0,0,0
stage16e,east,3,15.0,143.500,128.500,walk,975,2601,1.1295,0,0,0,0
stage16e,east,3,16.0,144.500,128.500,walk,975,2601,1.2527,51,0,0,0
stage16e,east,3,17.0,145.500,128.500,walk,975,2601,5.2789,0,0,0,0
stage16e,east,3,18.0,146.500,128.500,walk,975,2601,1.4207,0,0,0,0
stage16e,east,3,19.0,147.500,128.500,walk,975,2601,1.5675,0,0,0,0
stage16e,east,3,20.0,148.500,128.500,walk,975,2601,1.3363,0,0,0,0
stage16e,east,3,21.0,149.500,128.500,walk,975,2601,1.4269,0,0,0,0
stage16e,east,3,22.0,150.500,128.500,walk,975,2601,1.4228,0,0,0,0
stage16e,east,3,23.0,151.500,128.500,walk,975,2601,1.3790,0,0,0,0
stage16e,east,3,24.0,152.500,128.500,walk,975,2601,1.3193,51,0,0,0
stage16e,east,3,25.0,153.500,128.500,walk,975,2564,2.7584,37,0,0,0
stage16e,east,3,26.0,154.500,128.500,walk,975,2565,1.5118,36,0,0,0
stage16e,east,3,27.0,155.500,128.500,walk,975,2567,1.6258,34,0,0,0
stage16e,east,3,28.0,156.500,128.500,walk,975,2570,1.9393,31,0,0,0
stage16e,east,3,29.0,157.500,128.500,walk,975,2573,2.5332,28,0,0,0
stage16e,east,3,30.0,158.500,128.500,walk,975,2577,1.9612,24,0,0,0
stage16e,east,3,31.0,159.500,128.500,walk,975,2579,1.8605,22,0,0,0
stage16e,east,3,32.0,160.500,128.500,walk,975,2580,1.7375,72,0,0,0
stage16e,east,3,33.0,161.500,128.500,walk,975,2529,1.9645,72,0,0,0
stage16e,east,3,34.0,162.500,128.500,walk,975,2530,1.9383,71,0,0,0
stage16e,east,3,35.0,163.500,128.500,walk,975,2532,1.9155,69,0,0,0
stage16e,east,3,36.0,164.500,128.500,walk,975,2533,1.7651,68,0,0,0
stage16e,east,3,37.0,165.500,128.500,walk,975,2533,1.8560,68,0,0,0
stage16e,east,3,38.0,166.500,128.500,walk,975,2538,2.4071,63,0,0,0
stage16e,east,3,39.0,167.500,128.500,walk,975,2542,1.8799,59,0,0,0
stage16e,east,3,40.0,168.500,128.500,walk,975,2546,1.9451,106,0,0,0
stage16e,east,3,41.0,169.500,128.500,walk,975,2497,1.7092,104,0,0,0
stage16e,east,3,42.0,170.500,128.500,walk,975,2499,1.7156,102,0,0,0
stage16e,east,3,43.0,171.500,128.500,walk,975,2499,1.5004,102,0,0,0
stage16e,east,3,44.0,172.500,128.500,walk,975,2499,1.5438,102,0,0,0
stage16e,east,3,45.0,173.500,128.500,walk,975,2499,1.3956,102,0,0,0
stage16e,east,3,46.0,174.500,128.500,walk,975,2499,1.4816,102,0,0,0
stage16e,east,3,47.0,175.500,128.500,walk,975,2499,1.4835,102,0,0,0
stage16e,east,3,48.0,176.500,128.500,walk,975,2499,1.4319,153,0,0,0
stage16e,east,3,49.0,177.500,128.500,walk,975,2448,1.3476,153,0,0,0
stage16e,east,3,50.0,178.500,128.500,walk,975,2448,1.2207,153,0,0,0
stage16e,east,3,51.0,179.500,128.500,walk,975,2448,1.1968,153,0,0,0
stage16e,east,3,52.0,180.500,128.500,walk,975,2448,1.1221,153,0,0,0
stage16e,east,3,53.0,181.500,128.500,walk,975,2448,1.0414,153,0,0,0
stage16e,east,3,54.0,182.500,128.500,walk,975,2448,1.0307,153,0,0,0
stage16e,east,3,55.0,183.500,128.500,walk,975,2448,1.0207,153,0,0,0
stage16e,east,3,56.0,184.500,128.500,walk,975,2448,0.9979,204,0,0,0
stage16e,east,3,57.0,185.500,128.500,walk,975,2397,1.0458,204,0,0,0
stage16e,east,3,58.0,186.500,128.500,walk,975,2397,0.9621,204,0,0,0
stage16e,east,3,59.0,187.500,128.500,walk,975,2397,0.9413,204,0,0,0
stage16e,east,3,60.0,188.500,128.500,walk,975,2397,0.9158,204,0,0,0
stage16e,east,3,61.0,189.500,128.500,walk,975,2397,1.0145,204,0,0,0
stage16e,east,3,62.0,190.500,128.500,walk,975,2397,1.6557,204,0,0,0
stage16e,east,3,63.0,191.500,128.500,walk,975,2397,1.2891,204,0,0,0
stage16e,east,3,64.0,192.500,128.500,walk,975,2397,0.9281,255,0,0,0
stage16e,east,3,66.0,194.500,128.500,sprint,973,2346,0.8962,255,0,0,0
stage16e,east,3,68.0,196.500,128.500,sprint,971,2346,1.0555,255,0,0,0
stage16e,east,3,70.0,198.500,128.500,sprint,969,2346,1.0007,255,0,0,0
stage16e,east,3,72.0,200.500,128.500,sprint,967,2346,1.0060,306,0,0,0
stage16e,east,3,74.0,202.500,128.500,sprint,965,2295,1.0031,306,0,0,0
stage16e,east,3,76.0,204.500,128.500,sprint,963,2295,1.0990,306,0,0,0
stage16e,east,3,78.0,206.500,128.500,sprint,963,2295,0.9746,306,0,0,0
stage16e,east,3,80.0,208.500,128.500,sprint,963,2295,0.9936,357,0,0,0
stage16e,east,3,82.0,210.500,128.500,sprint,963,2244,1.0575,357,0,0,0
stage16e,east,3,84.0,212.500,128.500,sprint,963,2244,1.0366,357,0,0,0
stage16e,east,3,86.0,214.500,128.500,sprint,963,2244,1.0338,357,0,0,0
stage16e,east,3,88.0,216.500,128.500,sprint,963,2244,1.0013,408,0,0,0
stage16e,east,3,90.0,218.500,128.500,sprint,963,2193,1.4624,408,0,0,0
stage16e,east,3,92.0,220.500,128.500,sprint,963,2193,1.5612,408,0,0,0
stage16e,east,3,94.0,222.500,128.500,sprint,963,2193,1.1196,408,0,0,0
stage16e,east,3,96.0,224.500,128.500,sprint,963,2193,1.0012,459,0,0,0
stage16e,east,3,98.0,226.500,128.500,sprint,963,2142,1.0339,459,0,0,0
stage16e,east,3,100.0,228.500,128.500,sprint,963,2142,1.0025,459,0,0,0
stage16e,east,3,102.0,230.500,128.500,sprint,963,2142,0.9771,459,0,0,0
stage16e,east,3,104.0,232.500,128.500,sprint,963,2142,0.9627,510,0,0,0
stage16e,east,3,106.0,234.500,128.500,sprint,963,2091,1.0073,510,0,0,0
stage16e,east,3,108.0,236.500,128.500,sprint,963,2091,0.9689,510,0,0,0
stage16e,east,3,110.0,238.500,128.500,sprint,963,2091,1.0228,510,0,0,0
stage16e,east,3,112.0,240.500,128.500,sprint,963,2091,0.9907,561,0,0,0
stage16e,east,3,114.0,242.500,128.500,sprint,963,2040,1.0110,561,0,0,0
stage16e,east,3,116.0,244.500,128.500,sprint,963,2040,0.9648,561,0,0,0
stage16e,east,3,118.0,246.500,128.500,sprint,963,2040,0.9638,561,0,0,0
stage16e,east,3,120.0,248.500,128.500,sprint,963,2040,1.1340,612,0,0,0
stage16e,east,3,122.0,250.500,128.500,sprint,963,1989,1.1382,612,0,0,0
stage16e,east,3,124.0,252.500,128.500,sprint,963,1989,1.3052,612,0,0,0
stage16e,east,3,126.0,254.500,128.500,sprint,963,1989,1.5106,612,0,0,0
stage16e,east,3,128.0,256.500,128.500,sprint,963,1990,1.8554,662,0,0,0
stage16e,east,3,132.0,260.500,128.500,free_fly,961,1944,2.3016,657,0,0,0
stage16e,east,3,136.0,264.500,128.500,free_fly,959,1945,3.7113,707,0,0,0
stage16e,east,3,140.0,268.500,128.500,free_fly,957,1896,4.9269,705,0,0,0
stage16e,east,3,144.0,272.500,128.500,free_fly,957,1898,5.5687,754,0,0,0
stage16e,east,3,148.0,276.500,128.500,free_fly,957,1853,6.0021,748,0,0,0
stage16e,east,3,152.0,280.500,128.500,free_fly,957,1861,5.0634,791,0,0,0
stage16e,east,3,156.0,284.500,128.500,free_fly,957,1813,5.0659,788,0,0,0
stage16e,east,3,160.0,288.500,128.500,free_fly,957,1816,4.9606,836,0,0,0
stage16e,east,3,164.0,292.500,128.500,free_fly,957,1767,4.9409,834,0,0,0
stage16e,east,3,168.0,296.500,128.500,free_fly,957,1777,7.0003,875,0,0,0
stage16e,east,3,172.0,300.500,128.500,free_fly,957,1734,7.1691,867,0,0,0
stage16e,east,3,176.0,304.500,128.500,free_fly,957,1734,2.8584,918,0,0,0
stage16e,east,3,180.0,308.500,128.500,free_fly,957,1683,3.0156,918,0,0,0
stage16e,east,3,184.0,312.500,128.500,free_fly,957,1683,2.0519,969,0,0,0
stage16e,east,3,188.0,316.500,128.500,free_fly,957,1632,1.8408,969,0,0,0
stage16e,east,3,192.0,320.500,128.500,free_fly,957,1632,1.4839,1020,0,0,0
stage16e,east,3,196.0,324.500,128.500,free_fly,957,1581,1.3261,1020,0,0,0
stage16e,east,3,200.0,328.500,128.500,free_fly,957,1581,1.2570,1071,0,0,0
stage16e,east,3,204.0,332.500,128.500,free_fly,957,1530,1.4263,1071,0,0,0
stage16e,east,3,208.0,336.500,128.500,free_fly,957,1530,1.2857,1122,0,0,0
stage16e,east,3,212.0,340.500,128.500,free_fly,957,1479,1.3116,1122,0,0,0
stage16e,east,3,216.0,344.500,128.500,free_fly,957,1479,1.2828,1173,0,0,0
stage16e,east,3,220.0,348.500,128.500,free_fly,957,1428,1.3829,1173,0,0,0
stage16e,east,3,224.0,352.500,128.500,free_fly,957,1428,1.5841,1224,0,0,0
stage16e,east,3,228.0,356.500,128.500,free_fly,957,1377,1.4206,1224,0,0,0
stage16e,east,3,232.0,360.500,128.500,free_fly,957,1377,1.4753,1275,0,0,0
stage16e,east,3,236.0,364.500,128.500,free_fly,957,1326,1.5815,1275,0,0,0
stage16e,east,3,240.0,368.500,128.500,free_fly,957,1326,4.1359,1326,0,0,0
stage16e,east,3,244.0,372.500,128.500,free_fly,957,1275,4.9096,1326,0,0,0
stage16e,east,3,248.0,376.500,128.500,free_fly,957,1275,6.5190,1377,0,0,0
stage16e,east,3,252.0,380.500,128.500,free_fly,957,1224,6.1840,1377,0,0,0
stage16e,east,3,256.0,384.500,128.500,free_fly,957,1224,5.6587,1428,0,0,0
stage16e,east,3,260.0,388.500,128.500,free_fly,957,1173,5.7981,1428,0,0,0
stage16e,east,3,264.0,392.500,128.500,free_fly,957,1173,5.6196,1479,0,0,0
stage16e,east,3,268.0,396.500,128.500,free_fly,957,1125,5.9719,1476,0,0,0
stage16e,east,3,272.0,400.500,128.500,free_fly,957,1128,7.5900,1524,0,0,0
stage16e,east,3,276.0,404.500,128.500,free_fly,957,1083,9.2176,1518,0,0,0
stage16e,east,3,280.0,408.500,128.500,free_fly,957,1094,8.0058,1558,0,0,0
stage16e,east,3,284.0,412.500,128.500,free_fly,957,1047,5.9789,1554,0,0,0
stage16e,east,3,288.0,416.500,128.500,free_fly,957,1050,7.4873,1602,0,0,0
stage16e,east,3,292.0,420.500,128.500,free_fly,957,1003,4.8828,1598,0,0,0
stage16e,east,3,296.0,424.500,128.500,free_fly,957,1013,4.4507,1639,0,0,0
stage16e,east,3,300.0,428.500,128.500,free_fly,957,967,4.5437,1634,0,0,0
stage16e,east,3,304.0,432.500,128.500,free_fly,957,967,2.7037,1685,0,0,0
stage16e,east,3,308.0,436.500,128.500,free_fly,957,918,3.5671,1683,0,0,0
stage16e,east,3,312.0,440.500,128.500,free_fly,957,918,1.9875,1734,0,0,0
stage16e,east,3,316.0,444.500,128.500,free_fly,957,867,2.6065,1734,0,0,0
stage16e,east,3,320.0,448.500,128.500,free_fly,957,867,1.7188,1785,0,0,0
stage16e,east,3,324.0,452.500,128.500,free_fly,957,816,2.7066,1785,0,0,0
stage16e,east,3,328.0,456.500,128.500,free_fly,957,816,2.4137,1836,0,0,0
stage16e,east,3,332.0,460.500,128.500,free_fly,957,765,1.7805,1836,0,0,0
stage16e,east,3,336.0,464.500,128.500,free_fly,957,765,1.8694,1887,0,0,0
stage16e,east,3,340.0,468.500,128.500,free_fly,957,714,2.1104,1887,0,0,0
stage16e,east,3,344.0,472.500,128.500,free_fly,957,714,1.7745,1938,0,0,0
stage16e,east,3,348.0,476.500,128.500,free_fly,957,663,2.0467,1938,0,0,0
stage16e,east,3,352.0,480.500,128.500,free_fly,957,663,1.7330,1989,0,0,0
stage16e,east,3,356.0,484.500,128.500,free_fly,957,612,2.1771,1989,0,0,0
stage16e,east,3,360.0,488.500,128.500,free_fly,957,612,4.1111,2040,0,0,0
stage16e,east,3,364.0,492.500,128.500,free_fly,957,561,5.2135,2040,0,0,0
stage16e,east,3,368.0,496.500,128.500,free_fly,957,561,5.0964,2091,0,0,0
stage16e,east,3,372.0,500.500,128.500,free_fly,957,510,5.5631,2091,0,0,0
stage16e,east,3,376.0,504.500,128.500,free_fly,957,510,5.5035,2142,0,0,0
stage16e,east,3,380.0,508.500,128.500,free_fly,957,459,6.1256,2142,0,0,0
stage16e,east,3,384.0,512.500,128.500,free_fly,957,461,7.1282,2191,0,0,0
stage16e,east,3,388.0,516.500,128.500,free_fly,957,414,7.2712,2187,0,0,0
stage16e,east,3,392.0,520.500,128.500,free_fly,957,418,7.8934,2234,0,0,0
stage16e,east,3,396.0,524.500,128.500,free_fly,957,376,7.4571,2225,0,0,0
stage16e,east,3,400.0,528.500,128.500,free_fly,957,382,7.7557,2270,0,0,0
stage16e,east,3,404.0,532.500,128.500,free_fly,957,335,5.1525,2266,0,0,0
stage16e,east,3,408.0,536.500,128.500,free_fly,957,335,3.9238,2317,0,0,0
stage16e,east,4,408.0,536.500,128.500,settle_outer,957,357,0.6492,2244,0,0,0
stage16e,east,4,408.0,536.500,128.500,settle_outer,957,408,0.4452,2193,0,0,0
stage16e,east,4,408.0,536.500,128.500,settle_outer,957,464,0.5484,2137,0,0,0
stage16e,east,4,408.0,536.500,128.500,settle_outer,957,561,0.4663,2040,0,0,0
stage16e,east,4,408.0,536.500,128.500,settle_outer,957,612,0.4950,1989,0,0,0
stage16e,east,4,408.0,536.500,128.500,settle_outer,957,714,0.4977,1887,0,0,0
stage16e,east,4,408.0,536.500,128.500,settle_outer,957,775,0.5256,1826,0,0,0
stage16e,east,4,408.0,536.500,128.500,settle_outer,957,867,0.5273,1734,0,0,0
stage16e,east,4,408.0,536.500,128.500,settle_outer,957,922,0.7722,1679,0,0,0
stage16e,east,4,408.0,536.500,128.500,settle_outer,957,1020,0.5746,1581,0,0,0
stage16e,east,4,408.0,536.500,128.500,settle_outer,957,1121,0.5886,1480,0,0,0
stage16e,east,4,408.0,536.500,128.500,settle_outer,957,1197,0.6064,1404,0,0,0
stage16e,east,4,408.0,536.500,128.500,settle_outer,957,1289,0.8819,1312,0,0,0
stage16e,east,4,408.0,536.500,128.500,settle_outer,957,1383,0.7954,1218,0,0,0
stage16e,east,4,408.0,536.500,128.500,settle_outer,957,1491,0.6447,1110,0,0,0
stage16e,east,4,408.0,536.500,128.500,settle_outer,957,1613,0.7815,988,0,0,0
stage16e,east,4,408.0,536.500,128.500,settle_outer,957,1720,0.7863,881,0,0,0
stage16e,east,4,408.0,536.500,128.500,settle_outer,957,1836,0.7865,765,0,0,0
stage16e,east,4,408.0,536.500,128.500,settle_outer,957,1937,0.8485,664,0,0,0
stage16e,east,4,408.0,536.500,128.500,settle_outer,957,2039,0.7808,562,0,0,0
stage16e,east,4,408.0,536.500,128.500,settle_outer,957,2142,0.7903,459,0,0,0
stage16e,east,4,408.0,536.500,128.500,settle_outer,957,2264,1.0547,337,0,0,0
stage16e,east,4,408.0,536.500,128.500,settle_outer,957,2397,0.8306,204,0,0,0
stage16e,east,4,408.0,536.500,128.500,settle_outer,957,2499,0.8966,102,0,0,0
stage16e,east,4,408.0,536.500,128.500,settle_outer,957,2601,0.8908,0,0,0,0
stage16e,east,6,404.0,532.500,128.500,free_fly,957,2601,1.6671,51,1,0,0
stage16e,east,6,400.0,528.500,128.500,free_fly,957,2601,4.9163,0,1,0,0
stage16e,east,6,396.0,524.500,128.500,free_fly,957,2601,3.7420,51,0,0,0
stage16e,east,6,392.0,520.500,128.500,free_fly,957,2601,8.8570,0,0,0,0
stage16e,east,6,388.0,516.500,128.500,free_fly,957,2601,4.4274,51,0,0,0
stage16e,east,6,384.0,512.500,128.500,free_fly,957,2601,9.9001,0,0,0,0
stage16e,east,6,380.0,508.500,128.500,free_fly,957,2601,3.5382,51,0,0,0
stage16e,east,6,376.0,504.500,128.500,free_fly,957,2601,7.3945,0,0,0,0
stage16e,east,6,372.0,500.500,128.500,free_fly,957,2601,2.3318,51,0,0,0
stage16e,east,6,368.0,496.500,128.500,free_fly,957,2601,6.1823,0,0,0,0
stage16e,east,6,364.0,492.500,128.500,free_fly,957,2601,1.8926,51,0,0,0
stage16e,east,6,360.0,488.500,128.500,free_fly,957,2601,6.3525,0,0,0,0
stage16e,east,6,356.0,484.500,128.500,free_fly,957,2601,1.6136,51,0,0,0
stage16e,east,6,352.0,480.500,128.500,free_fly,957,2601,5.7583,0,0,0,0
stage16e,east,6,348.0,476.500,128.500,free_fly,957,2601,1.5903,51,0,0,0
stage16e,east,6,344.0,472.500,128.500,free_fly,957,2601,6.2169,0,0,0,0
stage16e,east,6,340.0,468.500,128.500,free_fly,957,2601,1.5939,51,0,0,0
stage16e,east,6,336.0,464.500,128.500,free_fly,957,2601,5.7292,0,0,0,0
stage16e,east,6,332.0,460.500,128.500,free_fly,957,2601,1.5717,51,0,0,0
stage16e,east,6,328.0,456.500,128.500,free_fly,957,2601,5.9134,0,0,0,0
stage16e,east,6,324.0,452.500,128.500,free_fly,957,2601,1.7322,51,0,0,0
stage16e,east,6,320.0,448.500,128.500,free_fly,957,2601,5.7928,0,0,0,0
stage16e,east,6,316.0,444.500,128.500,free_fly,957,2601,2.2730,51,0,0,0
stage16e,east,6,312.0,440.500,128.500,free_fly,957,2601,8.4816,0,0,0,0
stage16e,east,6,308.0,436.500,128.500,free_fly,957,2601,5.5688,51,0,0,0
stage16e,east,6,304.0,432.500,128.500,free_fly,957,2601,10.4267,0,0,0,0
stage16e,east,6,300.0,428.500,128.500,free_fly,957,2601,3.9414,51,0,0,0
stage16e,east,6,296.0,424.500,128.500,free_fly,957,2601,8.3428,0,0,0,0
stage16e,east,6,292.0,420.500,128.500,free_fly,957,2601,4.2356,51,0,0,0
stage16e,east,6,288.0,416.500,128.500,free_fly,957,2601,8.2141,0,0,0,0
stage16e,east,6,284.0,412.500,128.500,free_fly,957,2601,4.2783,51,0,0,0
stage16e,east,6,280.0,408.500,128.500,free_fly,957,2601,8.4742,0,0,0,0
stage16e,east,6,276.0,404.500,128.500,free_fly,957,2601,4.3975,51,0,0,0
stage16e,east,6,272.0,400.500,128.500,free_fly,957,2601,9.6219,0,0,0,0
stage16e,east,6,268.0,396.500,128.500,free_fly,957,2601,5.0601,51,0,0,0
stage16e,east,6,264.0,392.500,128.500,free_fly,957,2601,8.5000,0,0,0,0
stage16e,east,6,260.0,388.500,128.500,free_fly,957,2601,4.2896,51,0,0,0
stage16e,east,6,256.0,384.500,128.500,free_fly,957,2601,11.9381,0,0,0,0
stage16e,east,6,252.0,380.500,128.500,free_fly,957,2601,2.3761,51,0,0,0
stage16e,east,6,248.0,376.500,128.500,free_fly,957,2601,6.4800,0,0,0,0
stage16e,east,6,244.0,372.500,128.500,free_fly,957,2601,1.8064,51,0,0,0
stage16e,east,6,240.0,368.500,128.500,free_fly,957,2601,5.8233,0,0,0,0
stage16e,east,6,236.0,364.500,128.500,free_fly,957,2601,2.0169,51,0,0,0
stage16e,east,6,232.0,360.500,128.500,free_fly,957,2601,5.9252,0,0,0,0
stage16e,east,6,228.0,356.500,128.500,free_fly,957,2601,1.5561,51,0,0,0
stage16e,east,6,224.0,352.500,128.500,free_fly,957,2601,5.6689,0,0,0,0
stage16e,east,6,220.0,348.500,128.500,free_fly,957,2601,1.5301,51,0,0,0
stage16e,east,6,216.0,344.500,128.500,free_fly,957,2601,8.3350,0,0,0,0
stage16e,east,6,212.0,340.500,128.500,free_fly,957,2601,2.1290,51,0,0,0
stage16e,east,6,208.0,336.500,128.500,free_fly,957,2601,8.5800,0,0,0,0
stage16e,east,6,204.0,332.500,128.500,free_fly,957,2601,1.9307,51,0,0,0
stage16e,east,6,200.0,328.500,128.500,free_fly,957,2601,5.9901,0,0,0,0
stage16e,east,6,196.0,324.500,128.500,free_fly,957,2601,2.3373,51,0,0,0
stage16e,east,6,192.0,320.500,128.500,free_fly,957,2601,8.5793,0,0,0,0
stage16e,east,6,188.0,316.500,128.500,free_fly,957,2601,6.0728,51,0,0,0
stage16e,east,6,184.0,312.500,128.500,free_fly,957,2601,10.5601,0,0,0,0
stage16e,east,6,180.0,308.500,128.500,free_fly,957,2601,4.5662,51,0,0,0
stage16e,east,6,176.0,304.500,128.500,free_fly,957,2601,8.9719,0,0,0,0
stage16e,east,6,172.0,300.500,128.500,free_fly,957,2601,4.5142,51,0,0,0
stage16e,east,6,168.0,296.500,128.500,free_fly,957,2601,8.6481,0,0,0,0
stage16e,east,6,164.0,292.500,128.500,free_fly,957,2601,4.7319,51,0,0,0
stage16e,east,6,160.0,288.500,128.500,free_fly,957,2601,9.0512,0,0,0,0
stage16e,east,6,156.0,284.500,128.500,free_fly,957,2601,4.7741,51,0,0,0
stage16e,east,6,152.0,280.500,128.500,free_fly,957,2601,7.8459,0,0,0,0
stage16e,east,6,148.0,276.500,128.500,free_fly,957,2601,2.7599,51,0,0,0
stage16e,east,6,144.0,272.500,128.500,free_fly,957,2601,6.6776,0,0,0,0
stage16e,east,6,140.0,268.500,128.500,free_fly,957,2601,2.0765,51,0,0,0
stage16e,east,6,136.0,264.500,128.500,free_fly,957,2601,5.9597,0,0,0,0
stage16e,east,6,132.0,260.500,128.500,free_fly,957,2601,1.6257,51,0,0,0
stage16e,east,6,128.0,256.500,128.500,free_fly,957,2601,5.9081,0,0,0,0
stage16e,east,6,126.0,254.500,128.500,sprint,957,2601,1.6038,51,0,0,0
stage16e,east,6,124.0,252.500,128.500,sprint,959,2601,7.5027,0,0,0,0
stage16e,east,6,122.0,250.500,128.500,sprint,959,2601,1.2223,0,0,0,0
stage16e,east,6,120.0,248.500,128.500,sprint,961,2601,1.1624,0,0,0,0
stage16e,east,6,118.0,246.500,128.500,sprint,961,2601,1.1627,51,0,0,0
stage16e,east,6,116.0,244.500,128.500,sprint,963,2601,5.5313,0,0,0,0
stage16e,east,6,114.0,242.500,128.500,sprint,963,2601,1.8227,0,0,0,0
stage16e,east,6,112.0,240.500,128.500,sprint,963,2601,1.2023,0,0,0,0
stage16e,east,6,110.0,238.500,128.500,sprint,963,2601,1.1512,51,0,0,0
stage16e,east,6,108.0,236.500,128.500,sprint,963,2601,5.3343,0,0,0,0
stage16e,east,6,106.0,234.500,128.500,sprint,963,2601,1.4475,0,0,0,0
stage16e,east,6,104.0,232.500,128.500,sprint,963,2601,1.2749,0,0,0,0
stage16e,east,6,102.0,230.500,128.500,sprint,963,2601,1.1467,51,0,0,0
stage16e,east,6,100.0,228.500,128.500,sprint,963,2601,6.7547,0,0,0,0
stage16e,east,6,98.0,226.500,128.500,sprint,963,2601,1.1681,0,0,0,0
stage16e,east,6,96.0,224.500,128.500,sprint,963,2601,1.1293,0,0,0,0
stage16e,east,6,94.0,222.500,128.500,sprint,963,2601,1.1144,51,0,0,0
stage16e,east,6,92.0,220.500,128.500,sprint,963,2601,5.4220,0,0,0,0
stage16e,east,6,90.0,218.500,128.500,sprint,963,2601,1.1768,0,0,0,0
stage16e,east,6,88.0,216.500,128.500,sprint,963,2601,1.1310,0,0,0,0
stage16e,east,6,86.0,214.500,128.500,sprint,963,2601,1.1214,51,0,0,0
stage16e,east,6,84.0,212.500,128.500,sprint,963,2601,6.4124,0,0,0,0
stage16e,east,6,82.0,210.500,128.500,sprint,963,2601,1.1831,0,0,0,0
stage16e,east,6,80.0,208.500,128.500,sprint,963,2601,1.3087,0,0,0,0
stage16e,east,6,78.0,206.500,128.500,sprint,963,2601,1.7771,51,0,0,0
stage16e,east,6,76.0,204.500,128.500,sprint,963,2601,6.3828,0,0,0,0
stage16e,east,6,74.0,202.500,128.500,sprint,963,2601,2.7402,0,0,0,0
stage16e,east,6,72.0,200.500,128.500,sprint,963,2601,2.0969,0,0,0,0
stage16e,east,6,70.0,198.500,128.500,sprint,963,2601,2.0694,51,0,0,0
stage16e,east,6,68.0,196.500,128.500,sprint,963,2601,8.9285,0,0,0,0
stage16e,east,6,66.0,194.500,128.500,sprint,963,2601,3.3871,0,0,0,0
stage16e,east,6,64.0,192.500,128.500,sprint,963,2601,2.4281,0,0,0,0
stage16e,east,6,63.0,191.500,128.500,walk,963,2601,2.4220,51,0,0,0
stage16e,east,6,62.0,190.500,128.500,walk,965,2601,6.8256,0,0,0,0
stage16e,east,6,61.0,189.500,128.500,walk,965,2601,1.7705,0,0,0,0
stage16e,east,6,60.0,188.500,128.500,walk,967,2601,2.9281,0,0,0,0
stage16e,east,6,59.0,187.500,128.500,walk,967,2601,1.9046,0,0,0,0
stage16e,east,6,58.0,186.500,128.500,walk,969,2601,1.6932,0,0,0,0
stage16e,east,6,57.0,185.500,128.500,walk,969,2601,1.8768,0,0,0,0
stage16e,east,6,56.0,184.500,128.500,walk,971,2601,1.6434,0,0,0,0
stage16e,east,6,55.0,183.500,128.500,walk,971,2601,1.6473,51,0,0,0
stage16e,east,6,54.0,182.500,128.500,walk,973,2601,6.1958,0,0,0,0
stage16e,east,6,53.0,181.500,128.500,walk,973,2601,2.4221,0,0,0,0
stage16e,east,6,52.0,180.500,128.500,walk,975,2601,1.9039,0,0,0,0
stage16e,east,6,51.0,179.500,128.500,walk,975,2601,2.2356,0,0,0,0
stage16e,east,6,50.0,178.500,128.500,walk,975,2601,2.1575,0,0,0,0
stage16e,east,6,49.0,177.500,128.500,walk,975,2601,1.7251,0,0,0,0
stage16e,east,6,48.0,176.500,128.500,walk,975,2601,1.6894,0,0,0,0
stage16e,east,6,47.0,175.500,128.500,walk,975,2601,1.7071,51,0,0,0
stage16e,east,6,46.0,174.500,128.500,walk,975,2601,6.8632,0,0,0,0
stage16e,east,6,45.0,173.500,128.500,walk,975,2601,2.4980,0,0,0,0
stage16e,east,6,44.0,172.500,128.500,walk,975,2601,2.0069,0,0,0,0
stage16e,east,6,43.0,171.500,128.500,walk,975,2601,1.9235,0,0,0,0
stage16e,east,6,42.0,170.500,128.500,walk,975,2601,1.7495,0,0,0,0
stage16e,east,6,41.0,169.500,128.500,walk,975,2601,1.7158,0,0,0,0
stage16e,east,6,40.0,168.500,128.500,walk,975,2601,1.6952,0,0,0,0
stage16e,east,6,39.0,167.500,128.500,walk,975,2601,1.5992,51,0,0,0
stage16e,east,6,38.0,166.500,128.500,walk,975,2601,8.3804,0,0,0,0
stage16e,east,6,37.0,165.500,128.500,walk,975,2601,1.6251,0,0,0,0
stage16e,east,6,36.0,164.500,128.500,walk,975,2601,1.3088,0,0,0,0
stage16e,east,6,35.0,163.500,128.500,walk,975,2601,1.1225,0,0,0,0
stage16e,east,6,34.0,162.500,128.500,walk,975,2601,1.0840,0,0,0,0
stage16e,east,6,33.0,161.500,128.500,walk,975,2601,1.0334,0,0,0,0
stage16e,east,6,32.0,160.500,128.500,walk,975,2601,1.3069,0,0,0,0
stage16e,east,6,31.0,159.500,128.500,walk,975,2601,2.4726,51,0,0,0
stage16e,east,6,30.0,158.500,128.500,walk,975,2601,6.4952,0,0,0,0
stage16e,east,6,29.0,157.500,128.500,walk,975,2601,1.1286,0,0,0,0
stage16e,east,6,28.0,156.500,128.500,walk,975,2601,1.1640,0,0,0,0
stage16e,east,6,27.0,155.500,128.500,walk,975,2601,1.0668,0,0,0,0
stage16e,east,6,26.0,154.500,128.500,walk,975,2601,1.0065,0,0,0,0
stage16e,east,6,25.0,153.500,128.500,walk,975,2601,1.0398,0,0,0,0
stage16e,east,6,24.0,152.500,128.500,walk,975,2601,0.9833,0,0,0,0
stage16e,east,6,23.0,151.500,128.500,walk,975,2601,1.0733,51,0,0,0
stage16e,east,6,22.0,150.500,128.500,walk,975,2601,5.9436,0,0,0,0
stage16e,east,6,21.0,149.500,128.500,walk,975,2601,1.0911,0,0,0,0
stage16e,east,6,20.0,148.500,128.500,walk,975,2601,1.0971,0,0,0,0
stage16e,east,6,19.0,147.500,128.500,walk,975,2601,0.9802,0,0,0,0
stage16e,east,6,18.0,146.500,128.500,walk,975,2601,0.9580,0,0,0,0
stage16e,east,6,17.0,145.500,128.500,walk,975,2601,0.9563,0,0,0,0
stage16e,east,6,16.0,144.500,128.500,walk,975,2601,0.9514,0,0,0,0
stage16e,east,6,15.0,143.500,128.500,walk,975,2601,0.9520,51,0,0,0
stage16e,east,6,14.0,142.500,128.500,walk,975,2601,6.9799,0,0,0,0
stage16e,east,6,13.0,141.500,128.500,walk,975,2601,1.3994,0,0,0,0
stage16e,east,6,12.0,140.500,128.500,walk,975,2601,1.2692,0,0,0,0
stage16e,east,6,11.0,139.500,128.500,walk,975,2601,1.3214,0,0,0,0
stage16e,east,6,10.0,138.500,128.500,walk,975,2601,1.2882,0,0,0,0
stage16e,east,6,9.0,137.500,128.500,walk,975,2601,1.2598,0,0,0,0
stage16e,east,6,8.0,136.500,128.500,walk,975,2601,1.2883,0,0,0,0
stage16e,east,6,7.0,135.500,128.500,walk,975,2601,1.2630,51,0,0,0
stage16e,east,6,6.0,134.500,128.500,walk,975,2601,8.3469,0,0,0,0
stage16e,east,6,5.0,133.500,128.500,walk,975,2601,1.0968,0,0,0,0
stage16e,east,6,4.0,132.500,128.500,walk,975,2601,0.9920,0,0,0,0
stage16e,east,6,3.0,131.500,128.500,walk,975,2601,0.9781,0,0,0,0
stage16e,east,6,2.0,130.500,128.500,walk,975,2601,0.9629,0,0,0,0
stage16e,east,6,1.0,129.500,128.500,walk,975,2601,0.9659,0,0,0,0
stage16e,east,6,0.0,128.500,128.500,walk,975,2601,0.9642,0,0,0,0
stage16e,east,7,0.0,128.500,128.500,settle_return,975,2601,0.8011,0,0,0,0
stage16e,east,7,0.0,128.500,128.500,settle_return,975,2601,0.8008,0,0,0,0
stage16e,east,7,0.0,128.500,128.500,settle_return,975,2601,0.8402,0,0,0,0
stage16e,east,7,0.0,128.500,128.500,settle_return,975,2601,0.8725,0,0,0,0
stage16e,east,7,0.0,128.500,128.500,settle_return,975,2601,0.9632,0,0,0,0
stage16e,east,7,0.0,128.500,128.500,settle_return,975,2601,0.9719,0,0,0,0
stage16e,east,7,0.0,128.500,128.500,settle_return,975,2601,1.1741,0,0,0,0
stage16e,east,7,0.0,128.500,128.500,settle_return,975,2601,1.2341,0,0,0,0
stage16e,south,1,0.0,128.500,128.500,settle_origin,797,124,0.2872,2477,0,0,0
stage16e,south,1,0.0,128.500,128.500,settle_origin,797,209,0.4819,2392,0,0,0
stage16e,south,1,0.0,128.500,128.500,settle_origin,797,295,0.4692,2306,0,0,0
stage16e,south,1,0.0,128.500,128.500,settle_origin,797,392,0.4355,2209,0,0,0
stage16e,south,1,0.0,128.500,128.500,settle_origin,797,515,0.3494,2086,0,0,0
stage16e,south,1,0.0,128.500,128.500,settle_origin,797,664,0.3920,1937,0,0,0
stage16e,south,1,0.0,128.500,128.500,settle_origin,797,805,0.6172,1796,0,0,0
stage16e,south,1,0.0,128.500,128.500,settle_origin,797,940,0.4130,1661,0,0,0
stage16e,south,1,0.0,128.500,128.500,settle_origin,797,1062,0.4317,1539,0,0,0
stage16e,south,1,0.0,128.500,128.500,settle_origin,797,1177,0.4467,1424,0,0,0
stage16e,south,1,0.0,128.500,128.500,settle_origin,797,1322,0.5012,1279,0,0,0
stage16e,south,1,0.0,128.500,128.500,settle_origin,797,1461,0.4926,1140,0,0,0
stage16e,south,1,0.0,128.500,128.500,settle_origin,797,1633,0.5978,968,0,0,0
stage16e,south,1,0.0,128.500,128.500,settle_origin,797,1812,0.7853,789,0,0,0
stage16e,south,1,0.0,128.500,128.500,settle_origin,797,2059,0.6683,542,0,0,0
stage16e,south,1,0.0,128.500,128.500,settle_origin,797,2263,0.6941,338,0,0,0
stage16e,south,1,0.0,128.500,128.500,settle_origin,797,2415,0.6489,186,0,0,0
stage16e,south,1,0.0,128.500,128.500,settle_origin,797,2601,0.5986,0,0,0,0
stage16e,south,1,0.0,128.500,128.500,settle_origin,797,2601,0.6196,0,0,0,0
stage16e,south,3,1.0,128.500,127.500,walk,830,2601,0.7418,51,1,0,0
stage16e,south,3,2.0,128.500,126.500,walk,863,2601,5.1167,0,0,0,0
stage16e,south,3,3.0,128.500,125.500,walk,896,2601,0.9365,0,0,0,0
stage16e,south,3,4.0,128.500,124.500,walk,929,2601,0.8380,0,0,0,0
stage16e,south,3,5.0,128.500,123.500,walk,947,2601,0.8678,0,0,0,0
stage16e,south,3,6.0,128.500,122.500,walk,957,2601,0.8211,0,0,0,0
stage16e,south,3,7.0,128.500,121.500,walk,963,2601,0.8187,0,0,0,0
stage16e,south,3,8.0,128.500,120.500,walk,967,2601,0.8186,0,0,0,0
stage16e,south,3,9.0,128.500,119.500,walk,969,2601,0.8050,51,0,0,0
stage16e,south,3,10.0,128.500,118.500,walk,971,2601,4.7894,0,0,0,0
stage16e,south,3,11.0,128.500,117.500,walk,973,2601,0.9221,0,0,0,0
stage16e,south,3,12.0,128.500,116.500,walk,975,2601,0.8235,0,0,0,0
stage16e,south,3,13.0,128.500,115.500,walk,975,2601,0.8273,0,0,0,0
stage16e,south,3,14.0,128.500,114.500,walk,975,2601,1.0211,0,0,0,0
stage16e,south,3,15.0,128.500,113.500,walk,975,2601,1.2644,0,0,0,0
stage16e,south,3,16.0,128.500,112.500,walk,975,2601,1.2730,0,0,0,0
stage16e,south,3,17.0,128.500,111.500,walk,975,2601,0.8473,51,0,0,0
stage16e,south,3,18.0,128.500,110.500,walk,975,2566,2.3918,35,0,0,0
stage16e,south,3,19.0,128.500,109.500,walk,975,2568,1.0016,33,0,0,0
stage16e,south,3,20.0,128.500,108.500,walk,975,2568,0.8373,33,0,0,0
stage16e,south,3,21.0,128.500,107.500,walk,975,2568,0.8274,33,0,0,0
stage16e,south,3,22.0,128.500,106.500,walk,975,2568,0.8223,33,0,0,0
stage16e,south,3,23.0,128.500,105.500,walk,975,2568,0.8554,33,0,0,0
stage16e,south,3,24.0,128.500,104.500,walk,975,2568,0.8332,33,0,0,0
stage16e,south,3,25.0,128.500,103.500,walk,975,2569,0.9044,83,0,0,0
stage16e,south,3,26.0,128.500,102.500,walk,975,2518,1.0016,83,0,0,0
stage16e,south,3,27.0,128.500,101.500,walk,975,2519,1.0015,82,0,0,0
stage16e,south,3,28.0,128.500,100.500,walk,975,2519,0.8691,82,0,0,0
stage16e,south,3,29.0,128.500,99.500,walk,975,2520,0.9294,81,0,0,0
stage16e,south,3,30.0,128.500,98.500,walk,975,2521,1.4475,80,0,0,0
stage16e,south,3,31.0,128.500,97.500,walk,975,2521,1.6919,80,0,0,0
stage16e,south,3,32.0,128.500,96.500,walk,975,2524,1.1983,77,0,0,0
stage16e,south,3,33.0,128.500,95.500,walk,975,2526,1.0536,126,0,0,0
stage16e,south,3,34.0,128.500,94.500,walk,975,2476,0.9788,125,0,0,0
stage16e,south,3,35.0,128.500,93.500,walk,975,2478,1.0243,123,0,0,0
stage16e,south,3,36.0,128.500,92.500,walk,975,2478,0.8798,123,0,0,0
stage16e,south,3,37.0,128.500,91.500,walk,975,2479,0.9355,122,0,0,0
stage16e,south,3,38.0,128.500,90.500,walk,975,2480,0.9548,121,0,0,0
stage16e,south,3,39.0,128.500,89.500,walk,975,2480,0.8365,121,0,0,0
stage16e,south,3,40.0,128.500,88.500,walk,975,2480,0.9335,121,0,0,0
stage16e,south,3,41.0,128.500,87.500,walk,975,2480,1.0402,172,0,0,0
stage16e,south,3,42.0,128.500,86.500,walk,975,2429,1.0171,172,0,0,0
stage16e,south,3,43.0,128.500,85.500,walk,975,2430,1.1496,171,0,0,0
stage16e,south,3,44.0,128.500,84.500,walk,975,2431,1.3257,170,0,0,0
stage16e,south,3,45.0,128.500,83.500,walk,975,2432,1.3410,169,0,0,0
stage16e,south,3,46.0,128.500,82.500,walk,975,2434,1.6138,167,0,0,0
stage16e,south,3,47.0,128.500,81.500,walk,975,2435,1.2926,166,0,0,0
stage16e,south,3,48.0,128.500,80.500,walk,975,2438,1.4849,163,0,0,0
stage16e,south,3,49.0,128.500,79.500,walk,975,2440,1.4085,212,0,0,0
stage16e,south,3,50.0,128.500,78.500,walk,975,2391,1.4228,210,0,0,0
stage16e,south,3,51.0,128.500,77.500,walk,975,2393,1.4626,208,0,0,0
stage16e,south,3,52.0,128.500,76.500,walk,975,2393,1.2784,208,0,0,0
stage16e,south,3,53.0,128.500,75.500,walk,975,2393,1.3121,208,0,0,0
stage16e,south,3,54.0,128.500,74.500,walk,975,2393,1.3017,208,0,0,0
stage16e,south,3,55.0,128.500,73.500,walk,975,2394,1.5821,207,0,0,0
stage16e,south,3,56.0,128.500,72.500,walk,975,2395,1.4918,206,0,0,0
stage16e,south,3,57.0,128.500,71.500,walk,975,2397,2.1323,255,0,0,0
stage16e,south,3,58.0,128.500,70.500,walk,975,2346,1.8684,255,0,0,0
stage16e,south,3,59.0,128.500,69.500,walk,975,2346,1.3866,255,0,0,0
stage16e,south,3,60.0,128.500,68.500,walk,975,2346,1.4540,255,0,0,0
stage16e,south,3,61.0,128.500,67.500,walk,975,2346,1.4352,255,0,0,0
stage16e,south,3,62.0,128.500,66.500,walk,975,2346,1.3974,255,0,0,0
stage16e,south,3,63.0,128.500,65.500,walk,975,2346,1.4050,255,0,0,0
stage16e,south,3,64.0,128.500,64.500,walk,975,2346,1.4339,255,0,0,0
stage16e,south,3,66.0,128.500,62.500,sprint,973,2346,1.6250,306,0,0,0
stage16e,south,3,68.0,128.500,60.500,sprint,971,2295,2.2981,306,0,0,0
stage16e,south,3,70.0,128.500,58.500,sprint,969,2295,3.1808,306,0,0,0
stage16e,south,3,72.0,128.500,56.500,sprint,967,2295,2.4571,306,0,0,0
stage16e,south,3,74.0,128.500,54.500,sprint,965,2295,2.3714,357,0,0,0
stage16e,south,3,76.0,128.500,52.500,sprint,963,2244,2.3302,357,0,0,0
stage16e,south,3,78.0,128.500,50.500,sprint,963,2244,2.2311,357,0,0,0
stage16e,south,3,80.0,128.500,48.500,sprint,963,2244,2.4265,357,0,0,0
stage16e,south,3,82.0,128.500,46.500,sprint,963,2246,2.7677,406,0,0,0
stage16e,south,3,84.0,128.500,44.500,sprint,963,2197,3.3161,404,0,0,0
stage16e,south,3,86.0,128.500,42.500,sprint,963,2197,2.4042,404,0,0,0
stage16e,south,3,88.0,128.500,40.500,sprint,963,2199,2.5817,402,0,0,0
stage16e,south,3,90.0,128.500,38.500,sprint,963,2200,2.5409,452,0,0,0
stage16e,south,3,92.0,128.500,36.500,sprint,963,2151,2.8724,450,0,0,0
stage16e,south,3,94.0,128.500,34.500,sprint,963,2157,3.3207,444,0,0,0
stage16e,south,3,96.0,128.500,32.500,sprint,963,2160,3.1134,441,0,0,0
stage16e,south,3,98.0,128.500,30.500,sprint,963,2161,2.8396,491,0,0,0
stage16e,south,3,100.0,128.500,28.500,sprint,963,2110,2.7488,491,0,0,0
stage16e,south,3,102.0,128.500,26.500,sprint,963,2110,2.9454,491,0,0,0
stage16e,south,3,104.0,128.500,24.500,sprint,963,2114,3.0938,487,0,0,0
stage16e,south,3,106.0,128.500,22.500,sprint,963,2120,4.2923,532,0,0,0
stage16e,south,3,108.0,128.500,20.500,sprint,963,2071,2.8328,530,0,0,0
stage16e,south,3,110.0,128.500,18.500,sprint,963,2073,2.5762,528,0,0,0
stage16e,south,3,112.0,128.500,16.500,sprint,963,2073,2.2766,528,0,0,0
stage16e,south,3,114.0,128.500,14.500,sprint,963,2075,2.2127,577,0,0,0
stage16e,south,3,116.0,128.500,12.500,sprint,963,2025,2.0474,576,0,0,0
stage16e,south,3,118.0,128.500,10.500,sprint,963,2030,2.7534,571,0,0,0
stage16e,south,3,120.0,128.500,8.500,sprint,963,2035,2.6358,566,0,0,0
stage16e,south,3,122.0,128.500,6.500,sprint,963,2036,1.8185,616,0,0,0
stage16e,south,3,124.0,128.500,4.500,sprint,963,1986,1.8263,615,0,0,0
stage16e,south,3,126.0,128.500,2.500,sprint,963,1986,1.6160,615,0,0,0
stage16e,south,3,128.0,128.500,0.500,sprint,963,1986,1.6816,615,0,0,0
stage16e,south,3,132.0,128.500,-3.500,free_fly,961,1988,1.7697,664,0,0,0
stage16e,south,3,136.0,128.500,-7.500,free_fly,959,1938,2.3452,663,0,0,0
stage16e,south,3,140.0,128.500,-11.500,free_fly,957,1938,2.1739,714,0,0,0
stage16e,south,3,144.0,128.500,-15.500,free_fly,957,1887,2.7193,714,0,0,0
stage16e,south,3,148.0,128.500,-19.500,free_fly,957,1887,1.7176,765,0,0,0
stage16e,south,3,152.0,128.500,-23.500,free_fly,957,1836,1.5599,765,0,0,0
stage16e,south,3,156.0,128.500,-27.500,free_fly,957,1836,1.5927,816,0,0,0
stage16e,south,3,160.0,128.500,-31.500,free_fly,957,1785,1.4758,816,0,0,0
stage16e,south,3,164.0,128.500,-35.500,free_fly,957,1785,1.3913,867,0,0,0
stage16e,south,3,168.0,128.500,-39.500,free_fly,957,1734,1.3848,867,0,0,0
stage16e,south,3,172.0,128.500,-43.500,free_fly,957,1734,1.3045,918,0,0,0
stage16e,south,3,176.0,128.500,-47.500,free_fly,957,1683,1.2986,918,0,0,0
stage16e,south,3,180.0,128.500,-51.500,free_fly,957,1683,1.3759,969,0,0,0
stage16e,south,3,184.0,128.500,-55.500,free_fly,957,1632,1.8273,969,0,0,0
stage16e,south,3,188.0,128.500,-59.500,free_fly,957,1632,1.8280,1020,0,0,0
stage16e,south,3,192.0,128.500,-63.500,free_fly,957,1581,1.3633,1020,0,0,0
stage16e,south,3,196.0,128.500,-67.500,free_fly,957,1581,1.3009,1071,0,0,0
stage16e,south,3,200.0,128.500,-71.500,free_fly,957,1530,1.4791,1071,0,0,0
stage16e,south,3,204.0,128.500,-75.500,free_fly,957,1530,1.5170,1122,0,0,0
stage16e,south,3,208.0,128.500,-79.500,free_fly,957,1479,1.3178,1122,0,0,0
stage16e,south,3,212.0,128.500,-83.500,free_fly,957,1479,1.3699,1173,0,0,0
stage16e,south,3,216.0,128.500,-87.500,free_fly,957,1428,1.3139,1173,0,0,0
stage16e,south,3,220.0,128.500,-91.500,free_fly,957,1429,1.6196,1223,0,0,0
stage16e,south,3,224.0,128.500,-95.500,free_fly,957,1382,3.0187,1219,0,0,0
stage16e,south,3,228.0,128.500,-99.500,free_fly,957,1383,3.9516,1269,0,0,0
stage16e,south,3,232.0,128.500,-103.500,free_fly,957,1333,4.7048,1268,0,0,0
stage16e,south,3,236.0,128.500,-107.500,free_fly,957,1345,7.6816,1307,0,0,0
stage16e,south,3,240.0,128.500,-111.500,free_fly,957,1295,7.2785,1306,0,0,0
stage16e,south,3,244.0,128.500,-115.500,free_fly,957,1301,7.3098,1351,0,0,0
stage16e,south,3,248.0,128.500,-119.500,free_fly,957,1257,6.8840,1344,0,0,0
stage16e,south,3,252.0,128.500,-123.500,free_fly,957,1263,5.7839,1389,0,0,0
stage16e,south,3,256.0,128.500,-127.500,free_fly,957,1219,5.3187,1382,0,0,0
stage16e,south,3,260.0,128.500,-131.500,free_fly,957,1222,6.0481,1430,0,0,0
stage16e,south,3,264.0,128.500,-135.500,free_fly,957,1173,5.1686,1428,0,0,0
stage16e,south,3,268.0,128.500,-139.500,free_fly,957,1173,4.7039,1479,0,0,0
stage16e,south,3,272.0,128.500,-143.500,free_fly,957,1122,5.4021,1479,0,0,0
stage16e,south,3,276.0,128.500,-147.500,free_fly,957,1122,3.5170,1530,0,0,0
stage16e,south,3,280.0,128.500,-151.500,free_fly,957,1071,3.2008,1530,0,0,0
stage16e,south,3,284.0,128.500,-155.500,free_fly,957,1071,2.9420,1581,0,0,0
stage16e,south,3,288.0,128.500,-159.500,free_fly,957,1020,3.0214,1581,0,0,0
stage16e,south,3,292.0,128.500,-163.500,free_fly,957,1020,3.4377,1632,0,0,0
stage16e,south,3,296.0,128.500,-167.500,free_fly,957,969,2.6433,1632,0,0,0
stage16e,south,3,300.0,128.500,-171.500,free_fly,957,969,2.3779,1683,0,0,0
stage16e,south,3,304.0,128.500,-175.500,free_fly,957,918,2.2425,1683,0,0,0
stage16e,south,3,308.0,128.500,-179.500,free_fly,957,922,2.4559,1730,0,0,0
stage16e,south,3,312.0,128.500,-183.500,free_fly,957,873,2.2363,1728,0,0,0
stage16e,south,3,316.0,128.500,-187.500,free_fly,957,873,2.4329,1779,0,0,0
stage16e,south,3,320.0,128.500,-191.500,free_fly,957,823,2.3419,1778,0,0,0
stage16e,south,3,324.0,128.500,-195.500,free_fly,957,824,1.8464,1828,0,0,0
stage16e,south,3,328.0,128.500,-199.500,free_fly,957,776,1.9331,1825,0,0,0
stage16e,south,3,332.0,128.500,-203.500,free_fly,957,780,1.9793,1872,0,0,0
stage16e,south,3,336.0,128.500,-207.500,free_fly,957,733,1.9863,1868,0,0,0
stage16e,south,3,340.0,128.500,-211.500,free_fly,957,734,1.7336,1918,0,0,0
stage16e,south,3,344.0,128.500,-215.500,free_fly,957,683,1.6285,1918,0,0,0
stage16e,south,3,348.0,128.500,-219.500,free_fly,957,683,1.8903,1969,0,0,0
stage16e,south,3,352.0,128.500,-223.500,free_fly,957,634,2.7613,1967,0,0,0
stage16e,south,3,356.0,128.500,-227.500,free_fly,957,636,2.6844,2016,0,0,0
stage16e,south,3,360.0,128.500,-231.500,free_fly,957,589,2.8447,2012,0,0,0
stage16e,south,3,364.0,128.500,-235.500,free_fly,957,593,2.8193,2059,0,0,0
stage16e,south,3,368.0,128.500,-239.500,free_fly,957,543,2.5553,2058,0,0,0
stage16e,south,3,372.0,128.500,-243.500,free_fly,957,543,2.3570,2109,0,0,0
stage16e,south,3,376.0,128.500,-247.500,free_fly,957,494,2.6907,2107,0,0,0
stage16e,south,3,380.0,128.500,-251.500,free_fly,957,496,1.8704,2156,0,0,0
stage16e,south,3,384.0,128.500,-255.500,free_fly,957,446,1.7532,2155,0,0,0
stage16e,south,3,388.0,128.500,-259.500,free_fly,957,447,1.7577,2205,0,0,0
stage16e,south,3,392.0,128.500,-263.500,free_fly,957,401,2.0490,2200,0,0,0
stage16e,south,3,396.0,128.500,-267.500,free_fly,957,405,1.9196,2247,0,0,0
stage16e,south,3,400.0,128.500,-271.500,free_fly,957,356,1.8419,2245,0,0,0
stage16e,south,3,404.0,128.500,-275.500,free_fly,957,356,2.3857,2296,0,0,0
stage16e,south,3,408.0,128.500,-279.500,free_fly,957,305,3.5442,2296,0,0,0
stage16e,south,4,408.0,128.500,-279.500,settle_outer,957,372,0.6037,2229,0,0,0
stage16e,south,4,408.0,128.500,-279.500,settle_outer,957,459,0.5152,2142,0,0,0
stage16e,south,4,408.0,128.500,-279.500,settle_outer,957,522,0.5405,2079,0,0,0
stage16e,south,4,408.0,128.500,-279.500,settle_outer,957,612,0.4919,1989,0,0,0
stage16e,south,4,408.0,128.500,-279.500,settle_outer,957,714,0.7685,1887,0,0,0
stage16e,south,4,408.0,128.500,-279.500,settle_outer,957,816,0.5600,1785,0,0,0
stage16e,south,4,408.0,128.500,-279.500,settle_outer,957,915,0.6310,1686,0,0,0
stage16e,south,4,408.0,128.500,-279.500,settle_outer,957,1020,0.6319,1581,0,0,0
stage16e,south,4,408.0,128.500,-279.500,settle_outer,957,1122,0.6835,1479,0,0,0
stage16e,south,4,408.0,128.500,-279.500,settle_outer,957,1275,0.9016,1326,0,0,0
stage16e,south,4,408.0,128.500,-279.500,settle_outer,957,1377,0.6221,1224,0,0,0
stage16e,south,4,408.0,128.500,-279.500,settle_outer,957,1530,0.6439,1071,0,0,0
stage16e,south,4,408.0,128.500,-279.500,settle_outer,957,1632,0.6737,969,0,0,0
stage16e,south,4,408.0,128.500,-279.500,settle_outer,957,1759,0.6933,842,0,0,0
stage16e,south,4,408.0,128.500,-279.500,settle_outer,957,1887,0.7382,714,0,0,0
stage16e,south,4,408.0,128.500,-279.500,settle_outer,957,2040,0.7714,561,0,0,0
stage16e,south,4,408.0,128.500,-279.500,settle_outer,957,2193,0.9909,408,0,0,0
stage16e,south,4,408.0,128.500,-279.500,settle_outer,957,2346,0.8080,255,0,0,0
stage16e,south,4,408.0,128.500,-279.500,settle_outer,957,2499,0.8668,102,0,0,0
stage16e,south,4,408.0,128.500,-279.500,settle_outer,957,2601,0.8750,0,0,0,0
stage16e,south,6,404.0,128.500,-275.500,free_fly,957,2601,1.2201,0,1,0,0
stage16e,south,6,400.0,128.500,-271.500,free_fly,957,2601,1.0040,51,1,0,0
stage16e,south,6,396.0,128.500,-267.500,free_fly,957,2601,5.5303,0,1,0,0
stage16e,south,6,392.0,128.500,-263.500,free_fly,957,2601,1.6157,51,0,0,0
stage16e,south,6,388.0,128.500,-259.500,free_fly,957,2601,7.3836,0,0,0,0
stage16e,south,6,384.0,128.500,-255.500,free_fly,957,2601,1.7484,51,0,0,0
stage16e,south,6,380.0,128.500,-251.500,free_fly,957,2601,5.9459,0,0,0,0
stage16e,south,6,376.0,128.500,-247.500,free_fly,957,2601,1.6090,51,0,0,0
stage16e,south,6,372.0,128.500,-243.500,free_fly,957,2601,6.9188,0,0,0,0
stage16e,south,6,368.0,128.500,-239.500,free_fly,957,2601,1.7865,51,0,0,0
stage16e,south,6,364.0,128.500,-235.500,free_fly,957,2601,6.6497,0,0,0,0
stage16e,south,6,360.0,128.500,-231.500,free_fly,957,2601,1.7870,51,0,0,0
stage16e,south,6,356.0,128.500,-227.500,free_fly,957,2601,7.1023,0,0,0,0
stage16e,south,6,352.0,128.500,-223.500,free_fly,957,2601,1.6286,51,0,0,0
stage16e,south,6,348.0,128.500,-219.500,free_fly,957,2601,5.8623,0,0,0,0
stage16e,south,6,344.0,128.500,-215.500,free_fly,957,2601,1.6224,51,0,0,0
stage16e,south,6,340.0,128.500,-211.500,free_fly,957,2601,6.5757,0,0,0,0
stage16e,south,6,336.0,128.500,-207.500,free_fly,957,2601,1.5981,51,0,0,0
stage16e,south,6,332.0,128.500,-203.500,free_fly,957,2601,5.8062,0,0,0,0
stage16e,south,6,328.0,128.500,-199.500,free_fly,957,2601,1.6086,51,0,0,0
stage16e,south,6,324.0,128.500,-195.500,free_fly,957,2601,6.4243,0,0,0,0
stage16e,south,6,320.0,128.500,-191.500,free_fly,957,2601,2.6030,51,0,0,0
stage16e,south,6,316.0,128.500,-187.500,free_fly,957,2601,6.5869,0,0,0,0
stage16e,south,6,312.0,128.500,-183.500,free_fly,957,2601,2.4289,51,0,0,0
stage16e,south,6,308.0,128.500,-179.500,free_fly,957,2601,7.3109,0,0,0,0
stage16e,south,6,304.0,128.500,-175.500,free_fly,957,2601,2.6081,51,0,0,0
stage16e,south,6,300.0,128.500,-171.500,free_fly,957,2601,7.2024,0,0,0,0
stage16e,south,6,296.0,128.500,-167.500,free_fly,957,2601,3.1318,51,0,0,0
stage16e,south,6,292.0,128.500,-163.500,free_fly,957,2601,7.1734,0,0,0,0
stage16e,south,6,288.0,128.500,-159.500,free_fly,957,2601,3.3628,51,0,0,0
stage16e,south,6,284.0,128.500,-155.500,free_fly,957,2601,8.8896,0,0,0,0
stage16e,south,6,280.0,128.500,-151.500,free_fly,957,2601,3.8875,51,0,0,0
stage16e,south,6,276.0,128.500,-147.500,free_fly,957,2601,8.4164,0,0,0,0
stage16e,south,6,272.0,128.500,-143.500,free_fly,957,2601,4.3401,51,0,0,0
stage16e,south,6,268.0,128.500,-139.500,free_fly,957,2601,8.6692,0,0,0,0
stage16e,south,6,264.0,128.500,-135.500,free_fly,957,2601,3.7281,51,0,0,0
stage16e,south,6,260.0,128.500,-131.500,free_fly,957,2601,7.9111,0,0,0,0
stage16e,south,6,256.0,128.500,-127.500,free_fly,957,2601,2.9125,51,0,0,0
stage16e,south,6,252.0,128.500,-123.500,free_fly,957,2601,7.3261,0,0,0,0
stage16e,south,6,248.0,128.500,-119.500,free_fly,957,2601,2.9158,51,0,0,0
stage16e,south,6,244.0,128.500,-115.500,free_fly,957,2601,6.9390,0,0,0,0
stage16e,south,6,240.0,128.500,-111.500,free_fly,957,2601,2.4288,51,0,0,0
stage16e,south,6,236.0,128.500,-107.500,free_fly,957,2601,6.7764,0,0,0,0
stage16e,south,6,232.0,128.500,-103.500,free_fly,957,2601,2.1743,51,0,0,0
stage16e,south,6,228.0,128.500,-99.500,free_fly,957,2601,6.3079,0,0,0,0
stage16e,south,6,224.0,128.500,-95.500,free_fly,957,2601,1.8441,51,0,0,0
stage16e,south,6,220.0,128.500,-91.500,free_fly,957,2601,6.6096,0,0,0,0
stage16e,south,6,216.0,128.500,-87.500,free_fly,957,2601,1.8449,51,0,0,0
stage16e,south,6,212.0,128.500,-83.500,free_fly,957,2601,6.2911,0,0,0,0
stage16e,south,6,208.0,128.500,-79.500,free_fly,957,2601,1.6813,51,0,0,0
stage16e,south,6,204.0,128.500,-75.500,free_fly,957,2601,6.8030,0,0,0,0
stage16e,south,6,200.0,128.500,-71.500,free_fly,957,2601,1.6824,51,0,0,0
stage16e,south,6,196.0,128.500,-67.500,free_fly,957,2601,6.5027,0,0,0,0
stage16e,south,6,192.0,128.500,-63.500,free_fly,957,2601,1.5806,51,0,0,0
stage16e,south,6,188.0,128.500,-59.500,free_fly,957,2601,6.6872,0,0,0,0
stage16e,south,6,184.0,128.500,-55.500,free_fly,957,2601,1.8046,51,0,0,0
stage16e,south,6,180.0,128.500,-51.500,free_fly,957,2601,6.0691,0,0,0,0
stage16e,south,6,176.0,128.500,-47.500,free_fly,957,2601,1.5496,51,0,0,0
stage16e,south,6,172.0,128.500,-43.500,free_fly,957,2601,6.2896,0,0,0,0
stage16e,south,6,168.0,128.500,-39.500,free_fly,957,2601,1.7722,51,0,0,0
stage16e,south,6,164.0,128.500,-35.500,free_fly,957,2601,6.1985,0,0,0,0
stage16e,south,6,160.0,128.500,-31.500,free_fly,957,2601,1.5721,51,0,0,0
stage16e,south,6,156.0,128.500,-27.500,free_fly,957,2601,6.0987,0,0,0,0
stage16e,south,6,152.0,128.500,-23.500,free_fly,957,2601,2.6199,51,0,0,0
stage16e,south,6,148.0,128.500,-19.500,free_fly,957,2601,10.6363,0,0,0,0
stage16e,south,6,144.0,128.500,-15.500,free_fly,957,2601,3.2857,51,0,0,0
stage16e,south,6,140.0,128.500,-11.500,free_fly,957,2601,7.9794,0,0,0,0
stage16e,south,6,136.0,128.500,-7.500,free_fly,957,2601,3.4994,51,0,0,0
stage16e,south,6,132.0,128.500,-3.500,free_fly,957,2601,9.0309,0,0,0,0
stage16e,south,6,128.0,128.500,0.500,free_fly,957,2601,4.1115,51,0,0,0
stage16e,south,6,126.0,128.500,2.500,sprint,957,2601,8.7862,0,0,0,0
stage16e,south,6,124.0,128.500,4.500,sprint,959,2601,2.9865,0,0,0,0
stage16e,south,6,122.0,128.500,6.500,sprint,959,2601,3.2582,0,0,0,0
stage16e,south,6,120.0,128.500,8.500,sprint,961,2601,2.8978,51,0,0,0
stage16e,south,6,118.0,128.500,10.500,sprint,961,2601,7.8722,0,0,0,0
stage16e,south,6,116.0,128.500,12.500,sprint,963,2601,4.1311,0,0,0,0
stage16e,south,6,114.0,128.500,14.500,sprint,963,2601,2.7258,0,0,0,0
stage16e,south,6,112.0,128.500,16.500,sprint,963,2601,2.7221,51,0,0,0
stage16e,south,6,110.0,128.500,18.500,sprint,963,2601,7.3075,0,0,0,0
stage16e,south,6,108.0,128.500,20.500,sprint,963,2601,3.5232,0,0,0,0
stage16e,south,6,106.0,128.500,22.500,sprint,963,2601,2.8581,0,0,0,0
stage16e,south,6,104.0,128.500,24.500,sprint,963,2601,2.8016,51,0,0,0
stage16e,south,6,102.0,128.500,26.500,sprint,963,2601,7.6153,0,0,0,0
stage16e,south,6,100.0,128.500,28.500,sprint,963,2601,3.6399,0,0,0,0
stage16e,south,6,98.0,128.500,30.500,sprint,963,2601,3.0770,0,0,0,0
stage16e,south,6,96.0,128.500,32.500,sprint,963,2601,3.0084,51,0,0,0
stage16e,south,6,94.0,128.500,34.500,sprint,963,2601,8.3260,0,0,0,0
stage16e,south,6,92.0,128.500,36.500,sprint,963,2601,3.2026,0,0,0,0
stage16e,south,6,90.0,128.500,38.500,sprint,963,2601,2.5049,0,0,0,0
stage16e,south,6,88.0,128.500,40.500,sprint,963,2601,2.4447,51,0,0,0
stage16e,south,6,86.0,128.500,42.500,sprint,963,2601,7.3685,0,0,0,0
stage16e,south,6,84.0,128.500,44.500,sprint,963,2601,3.1437,0,0,0,0
stage16e,south,6,82.0,128.500,46.500,sprint,963,2601,2.1839,0,0,0,0
stage16e,south,6,80.0,128.500,48.500,sprint,963,2601,2.0761,51,0,0,0
stage16e,south,6,78.0,128.500,50.500,sprint,963,2601,6.8947,0,0,0,0
stage16e,south,6,76.0,128.500,52.500,sprint,963,2601,2.2679,0,0,0,0
stage16e,south,6,74.0,128.500,54.500,sprint,963,2601,2.5901,0,0,0,0
stage16e,south,6,72.0,128.500,56.500,sprint,963,2601,1.9447,51,0,0,0
stage16e,south,6,70.0,128.500,58.500,sprint,963,2601,6.5623,0,0,0,0
stage16e,south,6,68.0,128.500,60.500,sprint,963,2601,1.8692,0,0,0,0
stage16e,south,6,66.0,128.500,62.500,sprint,963,2601,1.6306,0,0,0,0
stage16e,south,6,64.0,128.500,64.500,sprint,963,2601,1.6630,51,0,0,0
stage16e,south,6,63.0,128.500,65.500,walk,963,2601,6.1885,0,0,0,0
stage16e,south,6,62.0,128.500,66.500,walk,965,2601,1.2298,0,0,0,0
stage16e,south,6,61.0,128.500,67.500,walk,965,2601,1.1656,0,0,0,0
stage16e,south,6,60.0,128.500,68.500,walk,967,2601,1.1659,0,0,0,0
stage16e,south,6,59.0,128.500,69.500,walk,967,2601,1.3572,0,0,0,0
stage16e,south,6,58.0,128.500,70.500,walk,969,2601,1.2693,0,0,0,0
stage16e,south,6,57.0,128.500,71.500,walk,969,2601,1.1801,0,0,0,0
stage16e,south,6,56.0,128.500,72.500,walk,971,2601,1.3034,51,0,0,0
stage16e,south,6,55.0,128.500,73.500,walk,971,2601,6.3345,0,0,0,0
stage16e,south,6,54.0,128.500,74.500,walk,973,2601,1.2430,0,0,0,0
stage16e,south,6,53.0,128.500,75.500,walk,973,2601,1.1128,0,0,0,0
stage16e,south,6,52.0,128.500,76.500,walk,975,2601,1.1196,0,0,0,0
stage16e,south,6,51.0,128.500,77.500,walk,975,2601,1.3084,0,0,0,0
stage16e,south,6,50.0,128.500,78.500,walk,975,2601,1.3018,0,0,0,0
stage16e,south,6,49.0,128.500,79.500,walk,975,2601,1.1466,0,0,0,0
stage16e,south,6,48.0,128.500,80.500,walk,975,2601,1.0704,51,0,0,0
stage16e,south,6,47.0,128.500,81.500,walk,975,2601,7.0702,0,0,0,0
stage16e,south,6,46.0,128.500,82.500,walk,975,2601,1.1785,0,0,0,0
stage16e,south,6,45.0,128.500,83.500,walk,975,2601,1.0817,0,0,0,0
stage16e,south,6,44.0,128.500,84.500,walk,975,2601,1.0572,0,0,0,0
stage16e,south,6,43.0,128.500,85.500,walk,975,2601,1.2116,0,0,0,0
stage16e,south,6,42.0,128.500,86.500,walk,975,2601,1.1009,0,0,0,0
stage16e,south,6,41.0,128.500,87.500,walk,975,2601,1.0459,0,0,0,0
stage16e,south,6,40.0,128.500,88.500,walk,975,2601,1.0486,51,0,0,0
stage16e,south,6,39.0,128.500,89.500,walk,975,2601,5.5740,0,0,0,0
stage16e,south,6,38.0,128.500,90.500,walk,975,2601,1.1262,0,0,0,0
stage16e,south,6,37.0,128.500,91.500,walk,975,2601,1.8454,0,0,0,0
stage16e,south,6,36.0,128.500,92.500,walk,975,2601,1.0675,0,0,0,0
stage16e,south,6,35.0,128.500,93.500,walk,975,2601,1.0181,0,0,0,0
stage16e,south,6,34.0,128.500,94.500,walk,975,2601,1.0224,0,0,0,0
stage16e,south,6,33.0,128.500,95.500,walk,975,2601,1.1035,0,0,0,0
stage16e,south,6,32.0,128.500,96.500,walk,975,2601,1.0530,51,0,0,0
stage16e,south,6,31.0,128.500,97.500,walk,975,2601,5.5354,0,0,0,0
stage16e,south,6,30.0,128.500,98.500,walk,975,2601,1.1089,0,0,0,0
stage16e,south,6,29.0,128.500,99.500,walk,975,2601,1.0369,0,0,0,0
stage16e,south,6,28.0,128.500,100.500,walk,975,2601,1.0838,0,0,0,0
stage16e,south,6,27.0,128.500,101.500,walk,975,2601,1.8716,0,0,0,0
stage16e,south,6,26.0,128.500,102.500,walk,975,2601,1.1678,0,0,0,0
stage16e,south,6,25.0,128.500,103.500,walk,975,2601,1.0197,0,0,0,0
stage16e,south,6,24.0,128.500,104.500,walk,975,2601,1.0120,51,0,0,0
stage16e,south,6,23.0,128.500,105.500,walk,975,2601,5.6005,0,0,0,0
stage16e,south,6,22.0,128.500,106.500,walk,975,2601,1.0761,0,0,0,0
stage16e,south,6,21.0,128.500,107.500,walk,975,2601,1.0155,0,0,0,0
stage16e,south,6,20.0,128.500,108.500,walk,975,2601,1.0273,0,0,0,0
stage16e,south,6,19.0,128.500,109.500,walk,975,2601,1.1084,0,0,0,0
stage16e,south,6,18.0,128.500,110.500,walk,975,2601,1.0456,0,0,0,0
stage16e,south,6,17.0,128.500,111.500,walk,975,2601,1.6871,0,0,0,0
stage16e,south,6,16.0,128.500,112.500,walk,975,2601,1.5868,51,0,0,0
stage16e,south,6,15.0,128.500,113.500,walk,975,2601,5.3910,0,0,0,0
stage16e,south,6,14.0,128.500,114.500,walk,975,2601,1.1090,0,0,0,0
stage16e,south,6,13.0,128.500,115.500,walk,975,2601,1.1079,0,0,0,0
stage16e,south,6,12.0,128.500,116.500,walk,975,2601,1.1376,0,0,0,0
stage16e,south,6,11.0,128.500,117.500,walk,975,2601,1.0627,0,0,0,0
stage16e,south,6,10.0,128.500,118.500,walk,975,2601,0.9925,0,0,0,0
stage16e,south,6,9.0,128.500,119.500,walk,975,2601,0.9923,0,0,0,0
stage16e,south,6,8.0,128.500,120.500,walk,975,2601,0.9851,51,0,0,0
stage16e,south,6,7.0,128.500,121.500,walk,975,2601,5.4320,0,0,0,0
stage16e,south,6,6.0,128.500,122.500,walk,975,2601,1.1498,0,0,0,0
stage16e,south,6,5.0,128.500,123.500,walk,975,2601,1.0406,0,0,0,0
stage16e,south,6,4.0,128.500,124.500,walk,975,2601,1.0061,0,0,0,0
stage16e,south,6,3.0,128.500,125.500,walk,975,2601,1.0182,0,0,0,0
stage16e,south,6,2.0,128.500,126.500,walk,975,2601,1.0099,0,0,0,0
stage16e,south,6,1.0,128.500,127.500,walk,975,2601,1.0256,0,0,0,0
stage16e,south,6,0.0,128.500,128.500,walk,975,2601,1.0083,51,0,0,0
stage16e,south,7,0.0,128.500,128.500,settle_return,975,2601,0.8901,0,0,0,0
stage16e,south,7,0.0,128.500,128.500,settle_return,975,2601,0.9369,0,0,0,0
stage16e,south,7,0.0,128.500,128.500,settle_return,975,2601,1.0343,0,0,0,0
stage16e,south,7,0.0,128.500,128.500,settle_return,975,2601,0.9836,0,0,0,0
stage16e,west,1,0.0,128.500,128.500,settle_origin,797,124,0.4126,2477,0,0,0
stage16e,west,1,0.0,128.500,128.500,settle_origin,797,212,0.4429,2389,0,0,0
stage16e,west,1,0.0,128.500,128.500,settle_origin,797,297,0.4167,2304,0,0,0
stage16e,west,1,0.0,128.500,128.500,settle_origin,797,398,0.4379,2203,0,0,0
stage16e,west,1,0.0,128.500,128.500,settle_origin,797,521,0.4360,2080,0,0,0
stage16e,west,1,0.0,128.500,128.500,settle_origin,797,670,0.4278,1931,0,0,0
stage16e,west,1,0.0,128.500,128.500,settle_origin,797,816,0.4841,1785,0,0,0
stage16e,west,1,0.0,128.500,128.500,settle_origin,797,955,0.6531,1646,0,0,0
stage16e,west,1,0.0,128.500,128.500,settle_origin,797,1072,0.5832,1529,0,0,0
stage16e,west,1,0.0,128.500,128.500,settle_origin,797,1207,0.4941,1394,0,0,0
stage16e,west,1,0.0,128.500,128.500,settle_origin,797,1341,0.6149,1260,0,0,0
stage16e,west,1,0.0,128.500,128.500,settle_origin,797,1490,0.6090,1111,0,0,0
stage16e,west,1,0.0,128.500,128.500,settle_origin,797,1658,0.6600,943,0,0,0
stage16e,west,1,0.0,128.500,128.500,settle_origin,797,1840,0.5890,761,0,0,0
stage16e,west,1,0.0,128.500,128.500,settle_origin,797,2104,0.9020,497,0,0,0
stage16e,west,1,0.0,128.500,128.500,settle_origin,797,2298,0.8876,303,0,0,0
stage16e,west,1,0.0,128.500,128.500,settle_origin,797,2480,0.8396,121,0,0,0
stage16e,west,1,0.0,128.500,128.500,settle_origin,797,2601,0.7404,0,0,0,0
stage16e,west,1,0.0,128.500,128.500,settle_origin,797,2601,0.9619,0,0,0,0
stage16e,west,3,1.0,127.500,128.500,walk,830,2601,0.7392,51,1,0,0
stage16e,west,3,2.0,126.500,128.500,walk,863,2601,5.1709,0,0,0,0
stage16e,west,3,3.0,125.500,128.500,walk,896,2601,0.8975,0,0,0,0
stage16e,west,3,4.0,124.500,128.500,walk,929,2601,0.8609,0,0,0,0
stage16e,west,3,5.0,123.500,128.500,walk,947,2601,0.8367,0,0,0,0
stage16e,west,3,6.0,122.500,128.500,walk,957,2601,0.8435,0,0,0,0
stage16e,west,3,7.0,121.500,128.500,walk,963,2601,0.8663,0,0,0,0
stage16e,west,3,8.0,120.500,128.500,walk,967,2601,0.8496,0,0,0,0
stage16e,west,3,9.0,119.500,128.500,walk,969,2601,1.1422,51,0,0,0
stage16e,west,3,10.0,118.500,128.500,walk,971,2601,7.4197,0,0,0,0
stage16e,west,3,11.0,117.500,128.500,walk,973,2601,1.4952,0,0,0,0
stage16e,west,3,12.0,116.500,128.500,walk,975,2601,1.0480,0,0,0,0
stage16e,west,3,13.0,115.500,128.500,walk,975,2601,0.9726,0,0,0,0
stage16e,west,3,14.0,114.500,128.500,walk,975,2601,0.9320,0,0,0,0
stage16e,west,3,15.0,113.500,128.500,walk,975,2601,0.9548,0,0,0,0
stage16e,west,3,16.0,112.500,128.500,walk,975,2601,0.8770,0,0,0,0
stage16e,west,3,17.0,111.500,128.500,walk,975,2601,0.8659,51,0,0,0
stage16e,west,3,18.0,110.500,128.500,walk,975,2565,2.5103,36,0,0,0
stage16e,west,3,19.0,109.500,128.500,walk,975,2568,1.3446,33,0,0,0
stage16e,west,3,20.0,108.500,128.500,walk,975,2571,1.2844,30,0,0,0
stage16e,west,3,21.0,107.500,128.500,walk,975,2573,1.0485,28,0,0,0
stage16e,west,3,22.0,106.500,128.500,walk,975,2576,1.1168,25,0,0,0
stage16e,west,3,23.0,105.500,128.500,walk,975,2576,0.8683,25,0,0,0
stage16e,west,3,24.0,104.500,128.500,walk,975,2577,0.9363,24,0,0,0
stage16e,west,3,25.0,103.500,128.500,walk,975,2577,0.9970,75,0,0,0
stage16e,west,3,26.0,102.500,128.500,walk,975,2526,1.3476,75,0,0,0
stage16e,west,3,27.0,101.500,128.500,walk,975,2526,0.9043,75,0,0,0
stage16e,west,3,28.0,100.500,128.500,walk,975,2526,0.8566,75,0,0,0
stage16e,west,3,29.0,99.500,128.500,walk,975,2527,0.9581,74,0,0,0
stage16e,west,3,30.0,98.500,128.500,walk,975,2527,0.8704,74,0,0,0
stage16e,west,3,31.0,97.500,128.500,walk,975,2527,0.8611,74,0,0,0
stage16e,west,3,32.0,96.500,128.500,walk,975,2529,1.2164,72,0,0,0
stage16e,west,3,33.0,95.500,128.500,walk,975,2530,1.2796,122,0,0,0
stage16e,west,3,34.0,94.500,128.500,walk,975,2479,1.9806,122,0,0,0
stage16e,west,3,35.0,93.500,128.500,walk,975,2479,1.2730,122,0,0,0
stage16e,west,3,36.0,92.500,128.500,walk,975,2480,1.2385,121,0,0,0
stage16e,west,3,37.0,91.500,128.500,walk,975,2481,1.4560,120,0,0,0
stage16e,west,3,38.0,90.500,128.500,walk,975,2483,1.5853,118,0,0,0
stage16e,west,3,39.0,89.500,128.500,walk,975,2485,1.5665,116,0,0,0
stage16e,west,3,40.0,88.500,128.500,walk,975,2488,1.6956,113,0,0,0
stage16e,west,3,41.0,87.500,128.500,walk,975,2489,1.5051,163,0,0,0
stage16e,west,3,42.0,86.500,128.500,walk,975,2442,1.7468,159,0,0,0
stage16e,west,3,43.0,85.500,128.500,walk,975,2445,1.6917,156,0,0,0
stage16e,west,3,44.0,84.500,128.500,walk,975,2446,1.6640,155,0,0,0
stage16e,west,3,45.0,83.500,128.500,walk,975,2447,1.7630,154,0,0,0
stage16e,west,3,46.0,82.500,128.500,walk,975,2447,1.5762,154,0,0,0
stage16e,west,3,47.0,81.500,128.500,walk,975,2447,1.7383,154,0,0,0
stage16e,west,3,48.0,80.500,128.500,walk,975,2447,1.6870,154,0,0,0
stage16e,west,3,49.0,79.500,128.500,walk,975,2447,1.5515,205,0,0,0
stage16e,west,3,50.0,78.500,128.500,walk,975,2397,1.6905,204,0,0,0
stage16e,west,3,51.0,77.500,128.500,walk,975,2397,1.6433,204,0,0,0
stage16e,west,3,52.0,76.500,128.500,walk,975,2397,1.5812,204,0,0,0
stage16e,west,3,53.0,75.500,128.500,walk,975,2397,1.6747,204,0,0,0
stage16e,west,3,54.0,74.500,128.500,walk,975,2397,2.4919,204,0,0,0
stage16e,west,3,55.0,73.500,128.500,walk,975,2397,1.8510,204,0,0,0
stage16e,west,3,56.0,72.500,128.500,walk,975,2397,1.6065,204,0,0,0
stage16e,west,3,57.0,71.500,128.500,walk,975,2397,1.5154,255,0,0,0
stage16e,west,3,58.0,70.500,128.500,walk,975,2346,1.4493,255,0,0,0
stage16e,west,3,59.0,69.500,128.500,walk,975,2346,1.5570,255,0,0,0
stage16e,west,3,60.0,68.500,128.500,walk,975,2346,1.5620,255,0,0,0
stage16e,west,3,61.0,67.500,128.500,walk,975,2346,1.6249,255,0,0,0
stage16e,west,3,62.0,66.500,128.500,walk,975,2346,1.6168,255,0,0,0
stage16e,west,3,63.0,65.500,128.500,walk,975,2346,1.7795,255,0,0,0
stage16e,west,3,64.0,64.500,128.500,walk,975,2346,2.5852,255,0,0,0
stage16e,west,3,66.0,62.500,128.500,sprint,973,2346,1.8848,306,0,0,0
stage16e,west,3,68.0,60.500,128.500,sprint,971,2295,2.8771,306,0,0,0
stage16e,west,3,70.0,58.500,128.500,sprint,969,2295,2.7270,306,0,0,0
stage16e,west,3,72.0,56.500,128.500,sprint,967,2295,2.8179,306,0,0,0
stage16e,west,3,74.0,54.500,128.500,sprint,965,2295,2.8291,357,0,0,0
stage16e,west,3,76.0,52.500,128.500,sprint,963,2244,3.5708,357,0,0,0
stage16e,west,3,78.0,50.500,128.500,sprint,963,2244,2.2608,357,0,0,0
stage16e,west,3,80.0,48.500,128.500,sprint,963,2244,1.8258,357,0,0,0
stage16e,west,3,82.0,46.500,128.500,sprint,963,2247,1.9300,405,0,0,0
stage16e,west,3,84.0,44.500,128.500,sprint,963,2199,1.7837,402,0,0,0
stage16e,west,3,86.0,42.500,128.500,sprint,963,2199,1.3987,402,0,0,0
stage16e,west,3,88.0,40.500,128.500,sprint,963,2200,1.3825,401,0,0,0
stage16e,west,3,90.0,38.500,128.500,sprint,963,2200,1.2406,452,0,0,0
stage16e,west,3,92.0,36.500,128.500,sprint,963,2149,1.2041,452,0,0,0
stage16e,west,3,94.0,34.500,128.500,sprint,963,2152,1.6617,449,0,0,0
stage16e,west,3,96.0,32.500,128.500,sprint,963,2152,1.6132,449,0,0,0
stage16e,west,3,98.0,30.500,128.500,sprint,963,2153,1.5951,499,0,0,0
stage16e,west,3,100.0,28.500,128.500,sprint,963,2102,1.1212,499,0,0,0
stage16e,west,3,102.0,26.500,128.500,sprint,963,2102,1.0204,499,0,0,0
stage16e,west,3,104.0,24.500,128.500,sprint,963,2103,1.0919,498,0,0,0
stage16e,west,3,106.0,22.500,128.500,sprint,963,2103,1.0987,549,0,0,0
stage16e,west,3,108.0,20.500,128.500,sprint,963,2053,1.1076,548,0,0,0
stage16e,west,3,110.0,18.500,128.500,sprint,963,2055,1.1909,546,0,0,0
stage16e,west,3,112.0,16.500,128.500,sprint,963,2056,1.0745,545,0,0,0
stage16e,west,3,114.0,14.500,128.500,sprint,963,2058,1.1414,594,0,0,0
stage16e,west,3,116.0,12.500,128.500,sprint,963,2008,1.1713,593,0,0,0
stage16e,west,3,118.0,10.500,128.500,sprint,963,2009,1.0787,592,0,0,0
stage16e,west,3,120.0,8.500,128.500,sprint,963,2011,1.2068,590,0,0,0
stage16e,west,3,122.0,6.500,128.500,sprint,963,2012,1.1844,640,0,0,0
stage16e,west,3,124.0,4.500,128.500,sprint,963,1964,1.6341,637,0,0,0
stage16e,west,3,126.0,2.500,128.500,sprint,963,1966,1.2556,635,0,0,0
stage16e,west,3,128.0,0.500,128.500,sprint,963,1966,1.0804,635,0,0,0
stage16e,west,3,132.0,-3.500,128.500,free_fly,961,1966,0.9819,686,0,0,0
stage16e,west,3,136.0,-7.500,128.500,free_fly,959,1915,1.4044,686,0,0,0
stage16e,west,3,140.0,-11.500,128.500,free_fly,957,1916,1.4650,736,0,0,0
stage16e,west,3,144.0,-15.500,128.500,free_fly,957,1866,1.7140,735,0,0,0
stage16e,west,3,148.0,-19.500,128.500,free_fly,957,1868,1.7173,784,0,0,0
stage16e,west,3,152.0,-23.500,128.500,free_fly,957,1817,2.7701,784,0,0,0
stage16e,west,3,156.0,-27.500,128.500,free_fly,957,1817,4.1155,835,0,0,0
stage16e,west,3,160.0,-31.500,128.500,free_fly,957,1772,4.1445,829,0,0,0
stage16e,west,3,164.0,-35.500,128.500,free_fly,957,1783,4.6433,869,0,0,0
stage16e,west,3,168.0,-39.500,128.500,free_fly,957,1734,3.9570,867,0,0,0
stage16e,west,3,172.0,-43.500,128.500,free_fly,957,1734,4.3527,918,0,0,0
stage16e,west,3,176.0,-47.500,128.500,free_fly,957,1683,4.1119,918,0,0,0
stage16e,west,3,180.0,-51.500,128.500,free_fly,957,1683,3.9757,969,0,0,0
stage16e,west,3,184.0,-55.500,128.500,free_fly,957,1632,4.0008,969,0,0,0
stage16e,west,3,188.0,-59.500,128.500,free_fly,957,1632,5.0423,1020,0,0,0
stage16e,west,3,192.0,-63.500,128.500,free_fly,957,1581,4.3945,1020,0,0,0
stage16e,west,3,196.0,-67.500,128.500,free_fly,957,1581,3.4861,1071,0,0,0
stage16e,west,3,200.0,-71.500,128.500,free_fly,957,1530,2.8447,1071,0,0,0
stage16e,west,3,204.0,-75.500,128.500,free_fly,957,1530,3.2244,1122,0,0,0
stage16e,west,3,208.0,-79.500,128.500,free_fly,957,1479,2.2353,1122,0,0,0
stage16e,west,3,212.0,-83.500,128.500,free_fly,957,1479,1.8706,1173,0,0,0
stage16e,west,3,216.0,-87.500,128.500,free_fly,957,1428,1.5441,1173,0,0,0
stage16e,west,3,220.0,-91.500,128.500,free_fly,957,1428,1.4431,1224,0,0,0
stage16e,west,3,224.0,-95.500,128.500,free_fly,957,1377,1.5191,1224,0,0,0
stage16e,west,3,228.0,-99.500,128.500,free_fly,957,1377,1.6672,1275,0,0,0
stage16e,west,3,232.0,-103.500,128.500,free_fly,957,1326,1.6999,1275,0,0,0
stage16e,west,3,236.0,-107.500,128.500,free_fly,957,1326,2.4716,1326,0,0,0
stage16e,west,3,240.0,-111.500,128.500,free_fly,957,1275,2.5373,1326,0,0,0
stage16e,west,3,244.0,-115.500,128.500,free_fly,957,1275,2.0742,1377,0,0,0
stage16e,west,3,248.0,-119.500,128.500,free_fly,957,1227,2.0399,1374,0,0,0
stage16e,west,3,252.0,-123.500,128.500,free_fly,957,1231,2.0639,1421,0,0,0
stage16e,west,3,256.0,-127.500,128.500,free_fly,957,1181,1.8494,1420,0,0,0
stage16e,west,3,260.0,-131.500,128.500,free_fly,957,1181,1.7448,1471,0,0,0
stage16e,west,3,264.0,-135.500,128.500,free_fly,957,1131,2.3734,1470,0,0,0
stage16e,west,3,268.0,-139.500,128.500,free_fly,957,1134,1.9914,1518,0,0,0
stage16e,west,3,272.0,-143.500,128.500,free_fly,957,1083,3.1665,1518,0,0,0
stage16e,west,3,276.0,-147.500,128.500,free_fly,957,1085,5.1536,1567,0,0,0
stage16e,west,3,280.0,-151.500,128.500,free_fly,957,1042,6.4528,1559,0,0,0
stage16e,west,3,284.0,-155.500,128.500,free_fly,957,1050,6.9431,1602,0,0,0
stage16e,west,3,288.0,-159.500,128.500,free_fly,957,1001,7.7793,1600,0,0,0
stage16e,west,3,292.0,-163.500,128.500,free_fly,957,1006,8.4501,1646,0,0,0
stage16e,west,3,296.0,-167.500,128.500,free_fly,957,969,9.3374,1632,0,0,0
stage16e,west,3,300.0,-171.500,128.500,free_fly,957,969,9.4825,1683,0,0,0
stage16e,west,3,304.0,-175.500,128.500,free_fly,957,918,8.2749,1683,0,0,0
stage16e,west,3,308.0,-179.500,128.500,free_fly,957,918,5.7129,1734,0,0,0
stage16e,west,3,312.0,-183.500,128.500,free_fly,957,867,3.6637,1734,0,0,0
stage16e,west,3,316.0,-187.500,128.500,free_fly,957,867,3.1156,1785,0,0,0
stage16e,west,3,320.0,-191.500,128.500,free_fly,957,816,2.6949,1785,0,0,0
stage16e,west,3,324.0,-195.500,128.500,free_fly,957,816,2.3052,1836,0,0,0
stage16e,west,3,328.0,-199.500,128.500,free_fly,957,765,2.0040,1836,0,0,0
stage16e,west,3,332.0,-203.500,128.500,free_fly,957,765,1.9108,1887,0,0,0
stage16e,west,3,336.0,-207.500,128.500,free_fly,957,714,1.9383,1887,0,0,0
stage16e,west,3,340.0,-211.500,128.500,free_fly,957,714,1.7466,1938,0,0,0
stage16e,west,3,344.0,-215.500,128.500,free_fly,957,663,1.7124,1938,0,0,0
stage16e,west,3,348.0,-219.500,128.500,free_fly,957,663,1.6912,1989,0,0,0
stage16e,west,3,352.0,-223.500,128.500,free_fly,957,612,1.6783,1989,0,0,0
stage16e,west,3,356.0,-227.500,128.500,free_fly,957,612,1.6773,2040,0,0,0
stage16e,west,3,360.0,-231.500,128.500,free_fly,957,561,1.6636,2040,0,0,0
stage16e,west,3,364.0,-235.500,128.500,free_fly,957,561,1.6454,2091,0,0,0
stage16e,west,3,368.0,-239.500,128.500,free_fly,957,510,1.7190,2091,0,0,0
stage16e,west,3,372.0,-243.500,128.500,free_fly,957,510,2.1019,2142,0,0,0
stage16e,west,3,376.0,-247.500,128.500,free_fly,957,459,1.8932,2142,0,0,0
stage16e,west,3,380.0,-251.500,128.500,free_fly,957,459,1.6774,2193,0,0,0
stage16e,west,3,384.0,-255.500,128.500,free_fly,957,410,1.8500,2191,0,0,0
stage16e,west,3,388.0,-259.500,128.500,free_fly,957,416,2.2287,2236,0,0,0
stage16e,west,3,392.0,-263.500,128.500,free_fly,957,367,3.8674,2234,0,0,0
stage16e,west,3,396.0,-267.500,128.500,free_fly,957,370,5.8084,2282,0,0,0
stage16e,west,3,400.0,-271.500,128.500,free_fly,957,320,8.2941,2281,0,0,0
stage16e,west,3,404.0,-275.500,128.500,free_fly,957,331,8.1727,2321,0,0,0
stage16e,west,3,408.0,-279.500,128.500,free_fly,957,287,7.1335,2314,0,0,0
stage16e,west,4,408.0,-279.500,128.500,settle_outer,957,357,0.5108,2244,0,0,0
stage16e,west,4,408.0,-279.500,128.500,settle_outer,957,423,0.7514,2178,0,0,0
stage16e,west,4,408.0,-279.500,128.500,settle_outer,957,510,0.4821,2091,0,0,0
stage16e,west,4,408.0,-279.500,128.500,settle_outer,957,561,0.6006,2040,0,0,0
stage16e,west,4,408.0,-279.500,128.500,settle_outer,957,663,0.5869,1938,0,0,0
stage16e,west,4,408.0,-279.500,128.500,settle_outer,957,732,0.5774,1869,0,0,0
stage16e,west,4,408.0,-279.500,128.500,settle_outer,957,816,0.8844,1785,0,0,0
stage16e,west,4,408.0,-279.500,128.500,settle_outer,957,918,0.6721,1683,0,0,0
stage16e,west,4,408.0,-279.500,128.500,settle_outer,957,1004,0.7712,1597,0,0,0
stage16e,west,4,408.0,-279.500,128.500,settle_outer,957,1087,0.6157,1514,0,0,0
stage16e,west,4,408.0,-279.500,128.500,settle_outer,957,1192,0.7425,1409,0,0,0
stage16e,west,4,408.0,-279.500,128.500,settle_outer,957,1283,1.4148,1318,0,0,0
stage16e,west,4,408.0,-279.500,128.500,settle_outer,957,1377,0.8584,1224,0,0,0
stage16e,west,4,408.0,-279.500,128.500,settle_outer,957,1479,0.7003,1122,0,0,0
stage16e,west,4,408.0,-279.500,128.500,settle_outer,957,1581,0.8763,1020,0,0,0
stage16e,west,4,408.0,-279.500,128.500,settle_outer,957,1694,0.9476,907,0,0,0
stage16e,west,4,408.0,-279.500,128.500,settle_outer,957,1836,1.3682,765,0,0,0
stage16e,west,4,408.0,-279.500,128.500,settle_outer,957,1955,0.9902,646,0,0,0
stage16e,west,4,408.0,-279.500,128.500,settle_outer,957,2086,0.9513,515,0,0,0
stage16e,west,4,408.0,-279.500,128.500,settle_outer,957,2193,0.9233,408,0,0,0
stage16e,west,4,408.0,-279.500,128.500,settle_outer,957,2346,1.0140,255,0,0,0
stage16e,west,4,408.0,-279.500,128.500,settle_outer,957,2499,1.1772,102,0,0,0
stage16e,west,4,408.0,-279.500,128.500,settle_outer,957,2601,1.0813,0,0,0,0
stage16e,west,6,404.0,-275.500,128.500,free_fly,957,2601,1.8401,0,1,0,0
stage16e,west,6,400.0,-271.500,128.500,free_fly,957,2601,1.7081,51,1,0,0
stage16e,west,6,396.0,-267.500,128.500,free_fly,957,2601,6.0462,0,1,0,0
stage16e,west,6,392.0,-263.500,128.500,free_fly,957,2601,2.0147,51,0,0,0
stage16e,west,6,388.0,-259.500,128.500,free_fly,957,2601,7.4612,0,0,0,0
stage16e,west,6,384.0,-255.500,128.500,free_fly,957,2601,2.8718,51,0,0,0
stage16e,west,6,380.0,-251.500,128.500,free_fly,957,2601,7.0915,0,0,0,0
stage16e,west,6,376.0,-247.500,128.500,free_fly,957,2601,1.8782,51,0,0,0
stage16e,west,6,372.0,-243.500,128.500,free_fly,957,2601,7.9263,0,0,0,0
stage16e,west,6,368.0,-239.500,128.500,free_fly,957,2601,1.7364,51,0,0,0
stage16e,west,6,364.0,-235.500,128.500,free_fly,957,2601,6.7238,0,0,0,0
stage16e,west,6,360.0,-231.500,128.500,free_fly,957,2601,1.9233,51,0,0,0
stage16e,west,6,356.0,-227.500,128.500,free_fly,957,2601,8.0883,0,0,0,0
stage16e,west,6,352.0,-223.500,128.500,free_fly,957,2601,1.7982,51,0,0,0
stage16e,west,6,348.0,-219.500,128.500,free_fly,957,2601,6.6668,0,0,0,0
stage16e,west,6,344.0,-215.500,128.500,free_fly,957,2601,2.2569,51,0,0,0
stage16e,west,6,340.0,-211.500,128.500,free_fly,957,2601,6.7462,0,0,0,0
stage16e,west,6,336.0,-207.500,128.500,free_fly,957,2601,1.6470,51,0,0,0
stage16e,west,6,332.0,-203.500,128.500,free_fly,957,2601,7.1397,0,0,0,0
stage16e,west,6,328.0,-199.500,128.500,free_fly,957,2601,4.1960,51,0,0,0
stage16e,west,6,324.0,-195.500,128.500,free_fly,957,2601,8.3019,0,0,0,0
stage16e,west,6,320.0,-191.500,128.500,free_fly,957,2601,4.7243,51,0,0,0
stage16e,west,6,316.0,-187.500,128.500,free_fly,957,2601,9.2417,0,0,0,0
stage16e,west,6,312.0,-183.500,128.500,free_fly,957,2601,4.2270,51,0,0,0
stage16e,west,6,308.0,-179.500,128.500,free_fly,957,2601,10.1708,0,0,0,0
stage16e,west,6,304.0,-175.500,128.500,free_fly,957,2601,4.7664,51,0,0,0
stage16e,west,6,300.0,-171.500,128.500,free_fly,957,2601,11.0407,0,0,0,0
stage16e,west,6,296.0,-167.500,128.500,free_fly,957,2601,4.9007,51,0,0,0
stage16e,west,6,292.0,-163.500,128.500,free_fly,957,2601,9.5645,0,0,0,0
stage16e,west,6,288.0,-159.500,128.500,free_fly,957,2601,2.6517,51,0,0,0
stage16e,west,6,284.0,-155.500,128.500,free_fly,957,2601,9.9716,0,0,0,0
stage16e,west,6,280.0,-151.500,128.500,free_fly,957,2601,2.8936,51,0,0,0
stage16e,west,6,276.0,-147.500,128.500,free_fly,957,2601,6.7078,0,0,0,0
stage16e,west,6,272.0,-143.500,128.500,free_fly,957,2601,1.9701,51,0,0,0
stage16e,west,6,268.0,-139.500,128.500,free_fly,957,2601,7.2988,0,0,0,0
stage16e,west,6,264.0,-135.500,128.500,free_fly,957,2601,1.8248,51,0,0,0
stage16e,west,6,260.0,-131.500,128.500,free_fly,957,2601,6.5946,0,0,0,0
stage16e,west,6,256.0,-127.500,128.500,free_fly,957,2601,1.7692,51,0,0,0
stage16e,west,6,252.0,-123.500,128.500,free_fly,957,2601,6.8249,0,0,0,0
stage16e,west,6,248.0,-119.500,128.500,free_fly,957,2601,1.6762,51,0,0,0
stage16e,west,6,244.0,-115.500,128.500,free_fly,957,2601,7.2874,0,0,0,0
stage16e,west,6,240.0,-111.500,128.500,free_fly,957,2601,1.7797,51,0,0,0
stage16e,west,6,236.0,-107.500,128.500,free_fly,957,2601,7.9096,0,0,0,0
stage16e,west,6,232.0,-103.500,128.500,free_fly,957,2601,2.0880,51,0,0,0
stage16e,west,6,228.0,-99.500,128.500,free_fly,957,2601,6.8020,0,0,0,0
stage16e,west,6,224.0,-95.500,128.500,free_fly,957,2601,2.4731,51,0,0,0
stage16e,west,6,220.0,-91.500,128.500,free_fly,957,2601,9.9730,0,0,0,0
stage16e,west,6,216.0,-87.500,128.500,free_fly,957,2601,3.6709,51,0,0,0
stage16e,west,6,212.0,-83.500,128.500,free_fly,957,2601,10.9906,0,0,0,0
stage16e,west,6,208.0,-79.500,128.500,free_fly,957,2601,4.0058,51,0,0,0
stage16e,west,6,204.0,-75.500,128.500,free_fly,957,2601,10.6938,0,0,0,0
stage16e,west,6,200.0,-71.500,128.500,free_fly,957,2601,4.4061,51,0,0,0
stage16e,west,6,196.0,-67.500,128.500,free_fly,957,2601,10.7745,0,0,0,0
stage16e,west,6,192.0,-63.500,128.500,free_fly,957,2601,4.4936,51,0,0,0
stage16e,west,6,188.0,-59.500,128.500,free_fly,957,2601,9.7929,0,0,0,0
stage16e,west,6,184.0,-55.500,128.500,free_fly,957,2601,5.2669,51,0,0,0
stage16e,west,6,180.0,-51.500,128.500,free_fly,957,2601,11.6205,0,0,0,0
stage16e,west,6,176.0,-47.500,128.500,free_fly,957,2601,5.2150,51,0,0,0
stage16e,west,6,172.0,-43.500,128.500,free_fly,957,2599,15.4941,2,0,0,0
stage16e,west,6,168.0,-39.500,128.500,free_fly,957,2601,4.2525,51,0,0,0
stage16e,west,6,164.0,-35.500,128.500,free_fly,957,2601,8.0437,0,0,0,0
stage16e,west,6,160.0,-31.500,128.500,free_fly,957,2601,3.1793,51,0,0,0
stage16e,west,6,156.0,-27.500,128.500,free_fly,957,2601,7.3293,0,0,0,0
stage16e,west,6,152.0,-23.500,128.500,free_fly,957,2601,2.2314,51,0,0,0
stage16e,west,6,148.0,-19.500,128.500,free_fly,957,2601,7.7292,0,0,0,0
stage16e,west,6,144.0,-15.500,128.500,free_fly,957,2601,1.7958,51,0,0,0
stage16e,west,6,140.0,-11.500,128.500,free_fly,957,2601,7.2886,0,0,0,0
stage16e,west,6,136.0,-7.500,128.500,free_fly,957,2601,1.8708,51,0,0,0
stage16e,west,6,132.0,-3.500,128.500,free_fly,957,2601,7.7030,0,0,0,0
stage16e,west,6,128.0,0.500,128.500,free_fly,957,2601,1.8647,51,0,0,0
stage16e,west,6,126.0,2.500,128.500,sprint,957,2601,6.9540,0,0,0,0
stage16e,west,6,124.0,4.500,128.500,sprint,959,2601,2.0925,0,0,0,0
stage16e,west,6,122.0,6.500,128.500,sprint,959,2601,1.7885,0,0,0,0
stage16e,west,6,120.0,8.500,128.500,sprint,961,2601,1.3659,51,0,0,0
stage16e,west,6,118.0,10.500,128.500,sprint,961,2601,6.6007,0,0,0,0
stage16e,west,6,116.0,12.500,128.500,sprint,963,2601,2.0856,0,0,0,0
stage16e,west,6,114.0,14.500,128.500,sprint,963,2601,1.4217,0,0,0,0
stage16e,west,6,112.0,16.500,128.500,sprint,963,2601,1.9796,51,0,0,0
stage16e,west,6,110.0,18.500,128.500,sprint,963,2601,7.7503,0,0,0,0
stage16e,west,6,108.0,20.500,128.500,sprint,963,2601,1.9962,0,0,0,0
stage16e,west,6,106.0,22.500,128.500,sprint,963,2601,1.7187,0,0,0,0
stage16e,west,6,104.0,24.500,128.500,sprint,963,2601,3.1385,51,0,0,0
stage16e,west,6,102.0,26.500,128.500,sprint,963,2601,8.8136,0,0,0,0
stage16e,west,6,100.0,28.500,128.500,sprint,963,2601,3.1841,0,0,0,0
stage16e,west,6,98.0,30.500,128.500,sprint,963,2601,3.0251,0,0,0,0
stage16e,west,6,96.0,32.500,128.500,sprint,963,2601,2.9968,51,0,0,0
stage16e,west,6,94.0,34.500,128.500,sprint,963,2601,10.6647,0,0,0,0
stage16e,west,6,92.0,36.500,128.500,sprint,963,2601,3.4471,0,0,0,0
stage16e,west,6,90.0,38.500,128.500,sprint,963,2601,3.2086,0,0,0,0
stage16e,west,6,88.0,40.500,128.500,sprint,963,2601,4.6871,51,0,0,0
stage16e,west,6,86.0,42.500,128.500,sprint,963,2601,8.4907,0,0,0,0
stage16e,west,6,84.0,44.500,128.500,sprint,963,2601,3.2273,0,0,0,0
stage16e,west,6,82.0,46.500,128.500,sprint,963,2601,4.3766,0,0,0,0
stage16e,west,6,80.0,48.500,128.500,sprint,963,2601,4.3982,51,0,0,0
stage16e,west,6,78.0,50.500,128.500,sprint,963,2601,8.1376,0,0,0,0
stage16e,west,6,76.0,52.500,128.500,sprint,963,2601,4.8205,0,0,0,0
stage16e,west,6,74.0,54.500,128.500,sprint,963,2601,3.4651,0,0,0,0
stage16e,west,6,72.0,56.500,128.500,sprint,963,2601,3.4292,51,0,0,0
stage16e,west,6,70.0,58.500,128.500,sprint,963,2601,12.0708,0,0,0,0
stage16e,west,6,68.0,60.500,128.500,sprint,963,2601,3.3532,0,0,0,0
stage16e,west,6,66.0,62.500,128.500,sprint,963,2601,2.9141,0,0,0,0
stage16e,west,6,64.0,64.500,128.500,sprint,963,2601,2.6693,51,0,0,0
stage16e,west,6,63.0,65.500,128.500,walk,963,2601,9.7509,0,0,0,0
stage16e,west,6,62.0,66.500,128.500,walk,965,2601,1.9729,0,0,0,0
stage16e,west,6,61.0,67.500,128.500,walk,965,2601,1.6342,0,0,0,0
stage16e,west,6,60.0,68.500,128.500,walk,967,2601,1.4957,0,0,0,0
stage16e,west,6,59.0,69.500,128.500,walk,967,2601,1.5472,0,0,0,0
stage16e,west,6,58.0,70.500,128.500,walk,969,2601,2.2505,0,0,0,0
stage16e,west,6,57.0,71.500,128.500,walk,969,2601,1.8903,0,0,0,0
stage16e,west,6,56.0,72.500,128.500,walk,971,2601,1.4972,51,0,0,0
stage16e,west,6,55.0,73.500,128.500,walk,971,2601,5.9835,0,0,0,0
stage16e,west,6,54.0,74.500,128.500,walk,973,2601,1.4571,0,0,0,0
stage16e,west,6,53.0,75.500,128.500,walk,973,2601,1.6545,0,0,0,0
stage16e,west,6,52.0,76.500,128.500,walk,975,2601,1.4731,0,0,0,0
stage16e,west,6,51.0,77.500,128.500,walk,975,2601,1.3863,0,0,0,0
stage16e,west,6,50.0,78.500,128.500,walk,975,2601,1.7821,0,0,0,0
stage16e,west,6,49.0,79.500,128.500,walk,975,2601,1.6459,0,0,0,0
stage16e,west,6,48.0,80.500,128.500,walk,975,2601,1.7914,51,0,0,0
stage16e,west,6,47.0,81.500,128.500,walk,975,2601,5.9736,0,0,0,0
stage16e,west,6,46.0,82.500,128.500,walk,975,2601,1.2754,0,0,0,0
stage16e,west,6,45.0,83.500,128.500,walk,975,2601,1.2518,0,0,0,0
stage16e,west,6,44.0,84.500,128.500,walk,975,2601,1.3546,0,0,0,0
stage16e,west,6,43.0,85.500,128.500,walk,975,2601,1.3012,0,0,0,0
stage16e,west,6,42.0,86.500,128.500,walk,975,2601,1.6839,0,0,0,0
stage16e,west,6,41.0,87.500,128.500,walk,975,2601,1.3545,0,0,0,0
stage16e,west,6,40.0,88.500,128.500,walk,975,2601,1.2252,51,0,0,0
stage16e,west,6,39.0,89.500,128.500,walk,975,2601,5.5031,0,0,0,0
stage16e,west,6,38.0,90.500,128.500,walk,975,2601,1.2721,0,0,0,0
stage16e,west,6,37.0,91.500,128.500,walk,975,2601,1.1904,0,0,0,0
stage16e,west,6,36.0,92.500,128.500,walk,975,2601,1.3619,0,0,0,0
stage16e,west,6,35.0,93.500,128.500,walk,975,2601,1.5293,0,0,0,0
stage16e,west,6,34.0,94.500,128.500,walk,975,2601,1.1638,0,0,0,0
stage16e,west,6,33.0,95.500,128.500,walk,975,2601,1.5622,0,0,0,0
stage16e,west,6,32.0,96.500,128.500,walk,975,2601,1.6789,51,0,0,0
stage16e,west,6,31.0,97.500,128.500,walk,975,2601,5.6089,0,0,0,0
stage16e,west,6,30.0,98.500,128.500,walk,975,2601,1.5235,0,0,0,0
stage16e,west,6,29.0,99.500,128.500,walk,975,2601,1.5485,0,0,0,0
stage16e,west,6,28.0,100.500,128.500,walk,975,2601,1.2659,0,0,0,0
stage16e,west,6,27.0,101.500,128.500,walk,975,2601,1.5150,0,0,0,0
stage16e,west,6,26.0,102.500,128.500,walk,975,2601,1.1416,0,0,0,0
stage16e,west,6,25.0,103.500,128.500,walk,975,2601,1.2271,0,0,0,0
stage16e,west,6,24.0,104.500,128.500,walk,975,2601,1.3576,51,0,0,0
stage16e,west,6,23.0,105.500,128.500,walk,975,2601,5.5593,0,0,0,0
stage16e,west,6,22.0,106.500,128.500,walk,975,2601,1.1475,0,0,0,0
stage16e,west,6,21.0,107.500,128.500,walk,975,2601,1.0922,0,0,0,0
stage16e,west,6,20.0,108.500,128.500,walk,975,2601,1.0828,0,0,0,0
stage16e,west,6,19.0,109.500,128.500,walk,975,2601,1.1502,0,0,0,0
stage16e,west,6,18.0,110.500,128.500,walk,975,2601,1.1771,0,0,0,0
stage16e,west,6,17.0,111.500,128.500,walk,975,2601,1.1303,0,0,0,0
stage16e,west,6,16.0,112.500,128.500,walk,975,2601,1.1099,51,0,0,0
stage16e,west,6,15.0,113.500,128.500,walk,975,2601,6.3585,0,0,0,0
stage16e,west,6,14.0,114.500,128.500,walk,975,2601,1.2822,0,0,0,0
stage16e,west,6,13.0,115.500,128.500,walk,975,2601,1.2047,0,0,0,0
stage16e,west,6,12.0,116.500,128.500,walk,975,2601,1.2136,0,0,0,0
stage16e,west,6,11.0,117.500,128.500,walk,975,2601,1.2442,0,0,0,0
stage16e,west,6,10.0,118.500,128.500,walk,975,2601,1.3400,0,0,0,0
stage16e,west,6,9.0,119.500,128.500,walk,975,2601,1.2187,0,0,0,0
stage16e,west,6,8.0,120.500,128.500,walk,975,2601,1.0419,51,0,0,0
stage16e,west,6,7.0,121.500,128.500,walk,975,2601,6.3031,0,0,0,0
stage16e,west,6,6.0,122.500,128.500,walk,975,2601,1.1050,0,0,0,0
stage16e,west,6,5.0,123.500,128.500,walk,975,2601,1.0928,0,0,0,0
stage16e,west,6,4.0,124.500,128.500,walk,975,2601,1.1288,0,0,0,0
stage16e,west,6,3.0,125.500,128.500,walk,975,2601,1.1836,0,0,0,0
stage16e,west,6,2.0,126.500,128.500,walk,975,2601,1.1077,0,0,0,0
stage16e,west,6,1.0,127.500,128.500,walk,975,2601,1.1057,0,0,0,0
stage16e,west,6,0.0,128.500,128.500,walk,975,2601,1.3936,51,0,0,0
stage16e,west,7,0.0,128.500,128.500,settle_return,975,2601,0.9273,0,0,0,0
stage16e,west,7,0.0,128.500,128.500,settle_return,975,2601,0.9723,0,0,0,0
stage16e,west,7,0.0,128.500,128.500,settle_return,975,2601,1.0506,0,0,0,0
stage16e,west,7,0.0,128.500,128.500,settle_return,975,2601,1.2685,0,0,0,0
stage16e,west,7,0.0,128.500,128.500,settle_return,975,2601,1.4420,0,0,0,0
stage16e,west,7,0.0,128.500,128.500,settle_return,975,2601,1.0433,0,0,0,0
stage16e,west,7,0.0,128.500,128.500,settle_return,975,2601,1.1132,0,0,0,0
