stage,bearing,phase,distance_m,x,y,mode,resident_cells,resident_packages,frame_ms,pending_packages,workers_idle,column_queue,pending_kind
stage16d,north,1,0.0,128.500,128.500,settle_origin,797,126,0.2141,2475,0,0,0
stage16d,north,1,0.0,128.500,128.500,settle_origin,797,214,0.4875,2387,0,0,0
stage16d,north,1,0.0,128.500,128.500,settle_origin,797,286,0.2655,2315,0,0,0
stage16d,north,1,0.0,128.500,128.500,settle_origin,797,374,0.4452,2227,0,0,0
stage16d,north,1,0.0,128.500,128.500,settle_origin,797,495,0.5060,2106,0,0,0
stage16d,north,1,0.0,128.500,128.500,settle_origin,797,634,0.7374,1967,0,0,0
stage16d,north,1,0.0,128.500,128.500,settle_origin,797,784,0.5277,1817,0,0,0
stage16d,north,1,0.0,128.500,128.500,settle_origin,797,932,0.4872,1669,0,0,0
stage16d,north,1,0.0,128.500,128.500,settle_origin,797,1054,0.4235,1547,0,0,0
stage16d,north,1,0.0,128.500,128.500,settle_origin,797,1162,0.5203,1439,0,0,0
stage16d,north,1,0.0,128.500,128.500,settle_origin,797,1293,0.4452,1308,0,0,0
stage16d,north,1,0.0,128.500,128.500,settle_origin,797,1432,0.5322,1169,0,0,0
stage16d,north,1,0.0,128.500,128.500,settle_origin,797,1585,0.7058,1016,0,0,0
stage16d,north,1,0.0,128.500,128.500,settle_origin,797,1754,0.6452,847,0,0,0
stage16d,north,1,0.0,128.500,128.500,settle_origin,797,1957,0.8681,644,0,0,0
stage16d,north,1,0.0,128.500,128.500,settle_origin,797,2198,0.6852,403,0,0,0
stage16d,north,1,0.0,128.500,128.500,settle_origin,797,2340,0.6354,261,0,0,0
stage16d,north,1,0.0,128.500,128.500,settle_origin,797,2548,0.7239,53,0,0,0
stage16d,north,1,0.0,128.500,128.500,settle_origin,797,2601,0.5782,0,0,0,0
stage16d,north,1,0.0,128.500,128.500,settle_origin,797,2601,0.6044,0,0,0,0
stage16d,north,3,1.0,128.500,129.500,walk,830,2601,0.8231,0,1,0,0
stage16d,north,3,2.0,128.500,130.500,walk,863,2601,0.9030,0,1,0,0
stage16d,north,3,3.0,128.500,131.500,walk,896,2601,0.8481,0,1,0,0
stage16d,north,3,4.0,128.500,132.500,walk,929,2601,0.8284,0,1,0,0
stage16d,north,3,5.0,128.500,133.500,walk,947,2601,1.0199,0,1,0,0
stage16d,north,3,6.0,128.500,134.500,walk,957,2601,1.0772,0,1,0,0
stage16d,north,3,7.0,128.500,135.500,walk,963,2601,0.9502,0,1,0,0
stage16d,north,3,8.0,128.500,136.500,walk,967,2601,0.8798,51,1,0,0
stage16d,north,3,9.0,128.500,137.500,walk,969,2601,5.3716,0,0,0,0
stage16d,north,3,10.0,128.500,138.500,walk,971,2601,0.9005,0,0,0,0
stage16d,north,3,11.0,128.500,139.500,walk,973,2601,0.8417,0,0,0,0
stage16d,north,3,12.0,128.500,140.500,walk,975,2601,0.8267,0,0,0,0
stage16d,north,3,13.0,128.500,141.500,walk,975,2601,0.8307,0,0,0,0
stage16d,north,3,14.0,128.500,142.500,walk,975,2601,0.8380,0,0,0,0
stage16d,north,3,15.0,128.500,143.500,walk,975,2601,0.8281,0,0,0,0
stage16d,north,3,16.0,128.500,144.500,walk,975,2601,0.8277,51,0,0,0
stage16d,north,3,17.0,128.500,145.500,walk,975,2601,5.1215,0,0,0,0
stage16d,north,3,18.0,128.500,146.500,walk,975,2601,0.8938,0,0,0,0
stage16d,north,3,19.0,128.500,147.500,walk,975,2601,0.9694,0,0,0,0
stage16d,north,3,20.0,128.500,148.500,walk,975,2601,1.1362,0,0,0,0
stage16d,north,3,21.0,128.500,149.500,walk,975,2601,1.0965,0,0,0,0
stage16d,north,3,22.0,128.500,150.500,walk,975,2601,1.0838,0,0,0,0
stage16d,north,3,23.0,128.500,151.500,walk,975,2601,1.0507,0,0,0,0
stage16d,north,3,24.0,128.500,152.500,walk,975,2601,1.0175,51,0,0,0
stage16d,north,3,25.0,128.500,153.500,walk,975,2580,3.6963,21,0,0,0
stage16d,north,3,26.0,128.500,154.500,walk,975,2587,1.8779,14,0,0,0
stage16d,north,3,27.0,128.500,155.500,walk,975,2589,1.4018,12,0,0,0
stage16d,north,3,28.0,128.500,156.500,walk,975,2592,1.5404,9,0,0,0
stage16d,north,3,29.0,128.500,157.500,walk,975,2592,1.2752,9,0,0,0
stage16d,north,3,30.0,128.500,158.500,walk,975,2596,1.9109,5,0,0,0
stage16d,north,3,31.0,128.500,159.500,walk,975,2597,1.6845,4,0,0,0
stage16d,north,3,32.0,128.500,160.500,walk,975,2600,1.7046,52,0,0,0
stage16d,north,3,33.0,128.500,161.500,walk,975,2550,2.0702,51,0,0,0
stage16d,north,3,34.0,128.500,162.500,walk,975,2550,1.5036,51,0,0,0
stage16d,north,3,35.0,128.500,163.500,walk,975,2550,1.6461,51,0,0,0
stage16d,north,3,36.0,128.500,164.500,walk,975,2550,1.5881,51,0,0,0
stage16d,north,3,37.0,128.500,165.500,walk,975,2550,1.4937,51,0,0,0
stage16d,north,3,38.0,128.500,166.500,walk,975,2550,1.5052,51,0,0,0
stage16d,north,3,39.0,128.500,167.500,walk,975,2550,1.5547,51,0,0,0
stage16d,north,3,40.0,128.500,168.500,walk,975,2550,1.6344,102,0,0,0
stage16d,north,3,41.0,128.500,169.500,walk,975,2499,2.3951,102,0,0,0
stage16d,north,3,42.0,128.500,170.500,walk,975,2499,1.5622,102,0,0,0
stage16d,north,3,43.0,128.500,171.500,walk,975,2499,1.4757,102,0,0,0
stage16d,north,3,44.0,128.500,172.500,walk,975,2499,1.5020,102,0,0,0
stage16d,north,3,45.0,128.500,173.500,walk,975,2499,1.6201,102,0,0,0
stage16d,north,3,46.0,128.500,174.500,walk,975,2499,1.4852,102,0,0,0
stage16d,north,3,47.0,128.500,175.500,walk,975,2499,1.4989,102,0,0,0
stage16d,north,3,48.0,128.500,176.500,walk,975,2499,1.4974,153,0,0,0
stage16d,north,3,49.0,128.500,177.500,walk,975,2448,1.5221,153,0,0,0
stage16d,north,3,50.0,128.500,178.500,walk,975,2448,1.5517,153,0,0,0
stage16d,north,3,51.0,128.500,179.500,walk,975,2448,1.7466,153,0,0,0
stage16d,north,3,52.0,128.500,180.500,walk,975,2448,1.5898,153,0,0,0
stage16d,north,3,53.0,128.500,181.500,walk,975,2448,1.5064,153,0,0,0
stage16d,north,3,54.0,128.500,182.500,walk,975,2448,1.6098,153,0,0,0
stage16d,north,3,55.0,128.500,183.500,walk,975,2448,1.6119,153,0,0,0
stage16d,north,3,56.0,128.500,184.500,walk,975,2448,1.6579,204,0,0,0
stage16d,north,3,57.0,128.500,185.500,walk,975,2397,1.5803,204,0,0,0
stage16d,north,3,58.0,128.500,186.500,walk,975,2397,1.6647,204,0,0,0
stage16d,north,3,59.0,128.500,187.500,walk,975,2397,1.6118,204,0,0,0
stage16d,north,3,60.0,128.500,188.500,walk,975,2397,1.7112,204,0,0,0
stage16d,north,3,61.0,128.500,189.500,walk,975,2397,2.3104,204,0,0,0
stage16d,north,3,62.0,128.500,190.500,walk,975,2397,2.2220,204,0,0,0
stage16d,north,3,63.0,128.500,191.500,walk,975,2397,1.6391,204,0,0,0
stage16d,north,3,64.0,128.500,192.500,walk,975,2397,1.8710,255,0,0,0
stage16d,north,3,66.0,128.500,194.500,sprint,973,2346,1.8419,255,0,0,0
stage16d,north,3,68.0,128.500,196.500,sprint,971,2346,2.5847,255,0,0,0
stage16d,north,3,70.0,128.500,198.500,sprint,969,2346,2.5217,255,0,0,0
stage16d,north,3,72.0,128.500,200.500,sprint,967,2346,2.5145,306,0,0,0
stage16d,north,3,74.0,128.500,202.500,sprint,965,2295,2.7270,306,0,0,0
stage16d,north,3,76.0,128.500,204.500,sprint,963,2297,2.9164,304,0,0,0
stage16d,north,3,78.0,128.500,206.500,sprint,963,2300,2.9571,301,0,0,0
stage16d,north,3,80.0,128.500,208.500,sprint,963,2304,2.5198,348,0,0,0
stage16d,north,3,82.0,128.500,210.500,sprint,963,2254,2.1383,347,0,0,0
stage16d,north,3,84.0,128.500,212.500,sprint,963,2255,2.1077,346,0,0,0
stage16d,north,3,86.0,128.500,214.500,sprint,963,2258,2.5873,343,0,0,0
stage16d,north,3,88.0,128.500,216.500,sprint,963,2263,2.3465,389,0,0,0
stage16d,north,3,90.0,128.500,218.500,sprint,963,2217,2.5976,384,0,0,0
stage16d,north,3,92.0,128.500,220.500,sprint,963,2221,1.9346,380,0,0,0
stage16d,north,3,94.0,128.500,222.500,sprint,963,2224,1.8244,377,0,0,0
stage16d,north,3,96.0,128.500,224.500,sprint,963,2227,1.7634,425,0,0,0
stage16d,north,3,98.0,128.500,226.500,sprint,963,2180,1.7579,421,0,0,0
stage16d,north,3,100.0,128.500,228.500,sprint,963,2183,1.6301,418,0,0,0
stage16d,north,3,102.0,128.500,230.500,sprint,963,2186,1.7490,415,0,0,0
stage16d,north,3,104.0,128.500,232.500,sprint,963,2189,1.7527,463,0,0,0
stage16d,north,3,106.0,128.500,234.500,sprint,963,2140,1.6142,461,0,0,0
stage16d,north,3,108.0,128.500,236.500,sprint,963,2142,1.6578,459,0,0,0
stage16d,north,3,110.0,128.500,238.500,sprint,963,2142,1.2812,459,0,0,0
stage16d,north,3,112.0,128.500,240.500,sprint,963,2142,1.1477,510,0,0,0
stage16d,north,3,114.0,128.500,242.500,sprint,963,2091,1.1626,510,0,0,0
stage16d,north,3,116.0,128.500,244.500,sprint,963,2091,1.1683,510,0,0,0
stage16d,north,3,118.0,128.500,246.500,sprint,963,2091,1.1110,510,0,0,0
stage16d,north,3,120.0,128.500,248.500,sprint,963,2091,1.0422,561,0,0,0
stage16d,north,3,122.0,128.500,250.500,sprint,963,2040,1.0804,561,0,0,0
stage16d,north,3,124.0,128.500,252.500,sprint,963,2040,1.0101,561,0,0,0
stage16d,north,3,126.0,128.500,254.500,sprint,963,2040,1.0188,561,0,0,0
stage16d,north,3,128.0,128.500,256.500,sprint,963,2040,1.0192,612,0,0,0
stage16d,north,3,132.0,128.500,260.500,free_fly,961,1989,1.3143,612,0,0,0
stage16d,north,3,136.0,128.500,264.500,free_fly,959,1989,1.6297,663,0,0,0
stage16d,north,3,140.0,128.500,268.500,free_fly,957,1938,1.5601,663,0,0,0
stage16d,north,3,144.0,128.500,272.500,free_fly,957,1938,1.5577,714,0,0,0
stage16d,north,3,148.0,128.500,276.500,free_fly,957,1887,1.5384,714,0,0,0
stage16d,north,3,152.0,128.500,280.500,free_fly,957,1887,1.4695,765,0,0,0
stage16d,north,3,156.0,128.500,284.500,free_fly,957,1836,1.4702,765,0,0,0
stage16d,north,3,160.0,128.500,288.500,free_fly,957,1836,1.4278,816,0,0,0
stage16d,north,3,164.0,128.500,292.500,free_fly,957,1785,1.4356,816,0,0,0
stage16d,north,3,168.0,128.500,296.500,free_fly,957,1785,1.4204,867,0,0,0
stage16d,north,3,172.0,128.500,300.500,free_fly,957,1734,1.4622,867,0,0,0
stage16d,north,3,176.0,128.500,304.500,free_fly,957,1734,1.7672,918,0,0,0
stage16d,north,3,180.0,128.500,308.500,free_fly,957,1683,1.6422,918,0,0,0
stage16d,north,3,184.0,128.500,312.500,free_fly,957,1683,1.3695,969,0,0,0
stage16d,north,3,188.0,128.500,316.500,free_fly,957,1632,1.3180,969,0,0,0
stage16d,north,3,192.0,128.500,320.500,free_fly,957,1632,1.3533,1020,0,0,0
stage16d,north,3,196.0,128.500,324.500,free_fly,957,1581,1.3583,1020,0,0,0
stage16d,north,3,200.0,128.500,328.500,free_fly,957,1581,1.9664,1071,0,0,0
stage16d,north,3,204.0,128.500,332.500,free_fly,957,1530,1.5909,1071,0,0,0
stage16d,north,3,208.0,128.500,336.500,free_fly,957,1530,1.5464,1122,0,0,0
stage16d,north,3,212.0,128.500,340.500,free_fly,957,1479,1.6380,1122,0,0,0
stage16d,north,3,216.0,128.500,344.500,free_fly,957,1479,1.4150,1173,0,0,0
stage16d,north,3,220.0,128.500,348.500,free_fly,957,1428,2.1677,1173,0,0,0
stage16d,north,3,224.0,128.500,352.500,free_fly,957,1428,1.5716,1224,0,0,0
stage16d,north,3,228.0,128.500,356.500,free_fly,957,1377,1.5165,1224,0,0,0
stage16d,north,3,232.0,128.500,360.500,free_fly,957,1377,1.5403,1275,0,0,0
stage16d,north,3,236.0,128.500,364.500,free_fly,957,1326,1.5933,1275,0,0,0
stage16d,north,3,240.0,128.500,368.500,free_fly,957,1326,1.6047,1326,0,0,0
stage16d,north,3,244.0,128.500,372.500,free_fly,957,1275,1.7610,1326,0,0,0
stage16d,north,3,248.0,128.500,376.500,free_fly,957,1275,2.2634,1377,0,0,0
stage16d,north,3,252.0,128.500,380.500,free_fly,957,1224,1.8595,1377,0,0,0
stage16d,north,3,256.0,128.500,384.500,free_fly,957,1224,2.2093,1428,0,0,0
stage16d,north,3,260.0,128.500,388.500,free_fly,957,1173,1.9742,1428,0,0,0
stage16d,north,3,264.0,128.500,392.500,free_fly,957,1173,1.8256,1479,0,0,0
stage16d,north,3,268.0,128.500,396.500,free_fly,957,1122,1.8162,1479,0,0,0
stage16d,north,3,272.0,128.500,400.500,free_fly,957,1123,1.7864,1529,0,0,0
stage16d,north,3,276.0,128.500,404.500,free_fly,957,1075,2.0307,1526,0,0,0
stage16d,north,3,280.0,128.500,408.500,free_fly,957,1079,2.4343,1573,0,0,0
stage16d,north,3,284.0,128.500,412.500,free_fly,957,1029,1.8812,1572,0,0,0
stage16d,north,3,288.0,128.500,416.500,free_fly,957,1031,2.2137,1621,0,0,0
stage16d,north,3,292.0,128.500,420.500,free_fly,957,980,2.2535,1621,0,0,0
stage16d,north,3,296.0,128.500,424.500,free_fly,957,985,2.1534,1667,0,0,0
stage16d,north,3,300.0,128.500,428.500,free_fly,957,940,2.1658,1661,0,0,0
stage16d,north,3,304.0,128.500,432.500,free_fly,957,943,1.9809,1709,0,0,0
stage16d,north,3,308.0,128.500,436.500,free_fly,957,896,2.0813,1705,0,0,0
stage16d,north,3,312.0,128.500,440.500,free_fly,957,900,2.1461,1752,0,0,0
stage16d,north,3,316.0,128.500,444.500,free_fly,957,853,2.6130,1748,0,0,0
stage16d,north,3,320.0,128.500,448.500,free_fly,957,859,3.7550,1793,0,0,0
stage16d,north,3,324.0,128.500,452.500,free_fly,957,813,2.2941,1788,0,0,0
stage16d,north,3,328.0,128.500,456.500,free_fly,957,816,2.0838,1836,0,0,0
stage16d,north,3,332.0,128.500,460.500,free_fly,957,765,1.8104,1836,0,0,0
stage16d,north,3,336.0,128.500,464.500,free_fly,957,765,1.7134,1887,0,0,0
stage16d,north,3,340.0,128.500,468.500,free_fly,957,714,1.7593,1887,0,0,0
stage16d,north,3,344.0,128.500,472.500,free_fly,957,714,1.8613,1938,0,0,0
stage16d,north,3,348.0,128.500,476.500,free_fly,957,663,1.7833,1938,0,0,0
stage16d,north,3,352.0,128.500,480.500,free_fly,957,663,2.6099,1989,0,0,0
stage16d,north,3,356.0,128.500,484.500,free_fly,957,612,2.0537,1989,0,0,0
stage16d,north,3,360.0,128.500,488.500,free_fly,957,612,1.7546,2040,0,0,0
stage16d,north,3,364.0,128.500,492.500,free_fly,957,561,2.0651,2040,0,0,0
stage16d,north,3,368.0,128.500,496.500,free_fly,957,561,1.9168,2091,0,0,0
stage16d,north,3,372.0,128.500,500.500,free_fly,957,510,1.8645,2091,0,0,0
stage16d,north,3,376.0,128.500,504.500,free_fly,957,510,1.8993,2142,0,0,0
stage16d,north,3,380.0,128.500,508.500,free_fly,957,459,1.8985,2142,0,0,0
stage16d,north,3,384.0,128.500,512.500,free_fly,957,459,2.5340,2193,0,0,0
stage16d,north,3,388.0,128.500,516.500,free_fly,957,408,2.9917,2193,0,0,0
stage16d,north,3,392.0,128.500,520.500,free_fly,957,408,3.0338,2244,0,0,0
stage16d,north,3,396.0,128.500,524.500,free_fly,957,357,2.9624,2244,0,0,0
stage16d,north,3,400.0,128.500,528.500,free_fly,957,357,2.9350,2295,0,0,0
stage16d,north,3,404.0,128.500,532.500,free_fly,957,306,2.5988,2295,0,0,0
stage16d,north,3,408.0,128.500,536.500,free_fly,957,306,3.0393,2346,0,0,0
stage16d,north,4,408.0,128.500,536.500,settle_outer,957,335,0.5049,2266,0,0,0
stage16d,north,4,408.0,128.500,536.500,settle_outer,957,408,0.5766,2193,0,0,0
stage16d,north,4,408.0,128.500,536.500,settle_outer,957,459,0.4481,2142,0,0,0
stage16d,north,4,408.0,128.500,536.500,settle_outer,957,561,0.5040,2040,0,0,0
stage16d,north,4,408.0,128.500,536.500,settle_outer,957,639,0.6523,1962,0,0,0
stage16d,north,4,408.0,128.500,536.500,settle_outer,957,714,0.5392,1887,0,0,0
stage16d,north,4,408.0,128.500,536.500,settle_outer,957,816,0.5007,1785,0,0,0
stage16d,north,4,408.0,128.500,536.500,settle_outer,957,918,0.5201,1683,0,0,0
stage16d,north,4,408.0,128.500,536.500,settle_outer,957,1020,1.1925,1581,0,0,0
stage16d,north,4,408.0,128.500,536.500,settle_outer,957,1122,0.6794,1479,0,0,0
stage16d,north,4,408.0,128.500,536.500,settle_outer,957,1239,0.8915,1362,0,0,0
stage16d,north,4,408.0,128.500,536.500,settle_outer,957,1377,0.6523,1224,0,0,0
stage16d,north,4,408.0,128.500,536.500,settle_outer,957,1479,0.6183,1122,0,0,0
stage16d,north,4,408.0,128.500,536.500,settle_outer,957,1621,0.8621,980,0,0,0
stage16d,north,4,408.0,128.500,536.500,settle_outer,957,1769,0.8049,832,0,0,0
stage16d,north,4,408.0,128.500,536.500,settle_outer,957,1938,0.7196,663,0,0,0
stage16d,north,4,408.0,128.500,536.500,settle_outer,957,2091,0.9378,510,0,0,0
stage16d,north,4,408.0,128.500,536.500,settle_outer,957,2265,0.9865,336,0,0,0
stage16d,north,4,408.0,128.500,536.500,settle_outer,957,2448,1.3192,153,0,0,0
stage16d,north,4,408.0,128.500,536.500,settle_outer,957,2601,0.9057,0,0,0,0
stage16d,north,6,404.0,128.500,532.500,free_fly,957,2601,1.2578,51,1,0,0
stage16d,north,6,400.0,128.500,528.500,free_fly,957,2601,5.0042,0,1,0,0
stage16d,north,6,396.0,128.500,524.500,free_fly,957,2601,1.6785,51,0,0,0
stage16d,north,6,392.0,128.500,520.500,free_fly,957,2601,5.8824,0,0,0,0
stage16d,north,6,388.0,128.500,516.500,free_fly,957,2601,1.8754,51,0,0,0
stage16d,north,6,384.0,128.500,512.500,free_fly,957,2601,5.8032,0,0,0,0
stage16d,north,6,380.0,128.500,508.500,free_fly,957,2601,1.6661,51,0,0,0
stage16d,north,6,376.0,128.500,504.500,free_fly,957,2601,5.5971,0,0,0,0
stage16d,north,6,372.0,128.500,500.500,free_fly,957,2601,1.7937,51,0,0,0
stage16d,north,6,368.0,128.500,496.500,free_fly,957,2601,5.8536,0,0,0,0
stage16d,north,6,364.0,128.500,492.500,free_fly,957,2601,1.6478,51,0,0,0
stage16d,north,6,360.0,128.500,488.500,free_fly,957,2601,5.5551,0,0,0,0
stage16d,north,6,356.0,128.500,484.500,free_fly,957,2601,1.5796,51,0,0,0
stage16d,north,6,352.0,128.500,480.500,free_fly,957,2601,5.7806,0,0,0,0
stage16d,north,6,348.0,128.500,476.500,free_fly,957,2601,1.7700,51,0,0,0
stage16d,north,6,344.0,128.500,472.500,free_fly,957,2601,5.4925,0,0,0,0
stage16d,north,6,340.0,128.500,468.500,free_fly,957,2601,1.5413,51,0,0,0
stage16d,north,6,336.0,128.500,464.500,free_fly,957,2601,5.8990,0,0,0,0
stage16d,north,6,332.0,128.500,460.500,free_fly,957,2601,1.8567,51,0,0,0
stage16d,north,6,328.0,128.500,456.500,free_fly,957,2601,5.7481,0,0,0,0
stage16d,north,6,324.0,128.500,452.500,free_fly,957,2601,1.6915,51,0,0,0
stage16d,north,6,320.0,128.500,448.500,free_fly,957,2601,6.0785,0,0,0,0
stage16d,north,6,316.0,128.500,444.500,free_fly,957,2601,2.0923,51,0,0,0
stage16d,north,6,312.0,128.500,440.500,free_fly,957,2601,5.4216,0,0,0,0
stage16d,north,6,308.0,128.500,436.500,free_fly,957,2601,1.4838,51,0,0,0
stage16d,north,6,304.0,128.500,432.500,free_fly,957,2601,5.3168,0,0,0,0
stage16d,north,6,300.0,128.500,428.500,free_fly,957,2601,1.7021,51,0,0,0
stage16d,north,6,296.0,128.500,424.500,free_fly,957,2601,6.4424,0,0,0,0
stage16d,north,6,292.0,128.500,420.500,free_fly,957,2601,1.5181,51,0,0,0
stage16d,north,6,288.0,128.500,416.500,free_fly,957,2601,5.6650,0,0,0,0
stage16d,north,6,284.0,128.500,412.500,free_fly,957,2601,1.9447,51,0,0,0
stage16d,north,6,280.0,128.500,408.500,free_fly,957,2601,9.4391,0,0,0,0
stage16d,north,6,276.0,128.500,404.500,free_fly,957,2601,1.7288,51,0,0,0
stage16d,north,6,272.0,128.500,400.500,free_fly,957,2601,5.8656,0,0,0,0
stage16d,north,6,268.0,128.500,396.500,free_fly,957,2601,2.3380,51,0,0,0
stage16d,north,6,264.0,128.500,392.500,free_fly,957,2601,5.8546,0,0,0,0
stage16d,north,6,260.0,128.500,388.500,free_fly,957,2601,1.5677,51,0,0,0
stage16d,north,6,256.0,128.500,384.500,free_fly,957,2601,5.7990,0,0,0,0
stage16d,north,6,252.0,128.500,380.500,free_fly,957,2601,1.6232,51,0,0,0
stage16d,north,6,248.0,128.500,376.500,free_fly,957,2601,5.8603,0,0,0,0
stage16d,north,6,244.0,128.500,372.500,free_fly,957,2601,1.5021,51,0,0,0
stage16d,north,6,240.0,128.500,368.500,free_fly,957,2601,5.7850,0,0,0,0
stage16d,north,6,236.0,128.500,364.500,free_fly,957,2601,2.3106,51,0,0,0
stage16d,north,6,232.0,128.500,360.500,free_fly,957,2601,6.8536,0,0,0,0
stage16d,north,6,228.0,128.500,356.500,free_fly,957,2601,1.7895,51,0,0,0
stage16d,north,6,224.0,128.500,352.500,free_fly,957,2601,6.6655,0,0,0,0
stage16d,north,6,220.0,128.500,348.500,free_fly,957,2601,1.7454,51,0,0,0
stage16d,north,6,216.0,128.500,344.500,free_fly,957,2601,6.3182,0,0,0,0
stage16d,north,6,212.0,128.500,340.500,free_fly,957,2601,1.7233,51,0,0,0
stage16d,north,6,208.0,128.500,336.500,free_fly,957,2601,5.9597,0,0,0,0
stage16d,north,6,204.0,128.500,332.500,free_fly,957,2601,1.5662,51,0,0,0
stage16d,north,6,200.0,128.500,328.500,free_fly,957,2601,6.2311,0,0,0,0
stage16d,north,6,196.0,128.500,324.500,free_fly,957,2601,1.4969,51,0,0,0
stage16d,north,6,192.0,128.500,320.500,free_fly,957,2601,5.7310,0,0,0,0
stage16d,north,6,188.0,128.500,316.500,free_fly,957,2601,1.5064,51,0,0,0
stage16d,north,6,184.0,128.500,312.500,free_fly,957,2601,6.4033,0,0,0,0
stage16d,north,6,180.0,128.500,308.500,free_fly,957,2601,1.5303,51,0,0,0
stage16d,north,6,176.0,128.500,304.500,free_fly,957,2601,5.7961,0,0,0,0
stage16d,north,6,172.0,128.500,300.500,free_fly,957,2601,1.5377,51,0,0,0
stage16d,north,6,168.0,128.500,296.500,free_fly,957,2601,5.7039,0,0,0,0
stage16d,north,6,164.0,128.500,292.500,free_fly,957,2601,1.9679,51,0,0,0
stage16d,north,6,160.0,128.500,288.500,free_fly,957,2601,5.9939,0,0,0,0
stage16d,north,6,156.0,128.500,284.500,free_fly,957,2601,1.7419,51,0,0,0
stage16d,north,6,152.0,128.500,280.500,free_fly,957,2601,7.0905,0,0,0,0
stage16d,north,6,148.0,128.500,276.500,free_fly,957,2601,1.7974,51,0,0,0
stage16d,north,6,144.0,128.500,272.500,free_fly,957,2601,5.7761,0,0,0,0
stage16d,north,6,140.0,128.500,268.500,free_fly,957,2601,1.5071,51,0,0,0
stage16d,north,6,136.0,128.500,264.500,free_fly,957,2601,5.5844,0,0,0,0
stage16d,north,6,132.0,128.500,260.500,free_fly,957,2601,1.6402,51,0,0,0
stage16d,north,6,128.0,128.500,256.500,free_fly,957,2601,6.4980,0,0,0,0
stage16d,north,6,126.0,128.500,254.500,sprint,957,2601,1.5035,51,0,0,0
stage16d,north,6,124.0,128.500,252.500,sprint,959,2601,5.2553,0,0,0,0
stage16d,north,6,122.0,128.500,250.500,sprint,959,2601,1.4112,0,0,0,0
stage16d,north,6,120.0,128.500,248.500,sprint,961,2601,1.7935,0,0,0,0
stage16d,north,6,118.0,128.500,246.500,sprint,961,2601,2.6304,51,0,0,0
stage16d,north,6,116.0,128.500,244.500,sprint,963,2601,6.2815,0,0,0,0
stage16d,north,6,114.0,128.500,242.500,sprint,963,2601,2.0284,0,0,0,0
stage16d,north,6,112.0,128.500,240.500,sprint,963,2601,1.7312,0,0,0,0
stage16d,north,6,110.0,128.500,238.500,sprint,963,2601,1.6451,51,0,0,0
stage16d,north,6,108.0,128.500,236.500,sprint,963,2601,6.9418,0,0,0,0
stage16d,north,6,106.0,128.500,234.500,sprint,963,2601,1.8606,0,0,0,0
stage16d,north,6,104.0,128.500,232.500,sprint,963,2601,2.0509,0,0,0,0
stage16d,north,6,102.0,128.500,230.500,sprint,963,2601,2.2106,51,0,0,0
stage16d,north,6,100.0,128.500,228.500,sprint,963,2601,6.5840,0,0,0,0
stage16d,north,6,98.0,128.500,226.500,sprint,963,2601,2.4645,0,0,0,0
stage16d,north,6,96.0,128.500,224.500,sprint,963,2601,2.3866,0,0,0,0
stage16d,north,6,94.0,128.500,222.500,sprint,963,2601,2.2548,51,0,0,0
stage16d,north,6,92.0,128.500,220.500,sprint,963,2601,6.5611,0,0,0,0
stage16d,north,6,90.0,128.500,218.500,sprint,963,2601,2.4662,0,0,0,0
stage16d,north,6,88.0,128.500,216.500,sprint,963,2601,2.7197,0,0,0,0
stage16d,north,6,86.0,128.500,214.500,sprint,963,2601,2.5467,51,0,0,0
stage16d,north,6,84.0,128.500,212.500,sprint,963,2601,6.5877,0,0,0,0
stage16d,north,6,82.0,128.500,210.500,sprint,963,2601,2.5156,0,0,0,0
stage16d,north,6,80.0,128.500,208.500,sprint,963,2601,2.5034,0,0,0,0
stage16d,north,6,78.0,128.500,206.500,sprint,963,2601,2.9184,51,0,0,0
stage16d,north,6,76.0,128.500,204.500,sprint,963,2601,9.9698,0,0,0,0
stage16d,north,6,74.0,128.500,202.500,sprint,963,2601,3.6285,0,0,0,0
stage16d,north,6,72.0,128.500,200.500,sprint,963,2601,2.8922,0,0,0,0
stage16d,north,6,70.0,128.500,198.500,sprint,963,2601,2.5464,51,0,0,0
stage16d,north,6,68.0,128.500,196.500,sprint,963,2601,6.7487,0,0,0,0
stage16d,north,6,66.0,128.500,194.500,sprint,963,2601,2.8405,0,0,0,0
stage16d,north,6,64.0,128.500,192.500,sprint,963,2601,3.3974,0,0,0,0
stage16d,north,6,63.0,128.500,191.500,walk,963,2601,2.3358,51,0,0,0
stage16d,north,6,62.0,128.500,190.500,walk,965,2601,5.8270,0,0,0,0
stage16d,north,6,61.0,128.500,189.500,walk,965,2601,1.5908,0,0,0,0
stage16d,north,6,60.0,128.500,188.500,walk,967,2601,1.4983,0,0,0,0
stage16d,north,6,59.0,128.500,187.500,walk,967,2601,1.5038,0,0,0,0
stage16d,north,6,58.0,128.500,186.500,walk,969,2601,1.5373,0,0,0,0
stage16d,north,6,57.0,128.500,185.500,walk,969,2601,1.9080,0,0,0,0
stage16d,north,6,56.0,128.500,184.500,walk,971,2601,1.5460,0,0,0,0
stage16d,north,6,55.0,128.500,183.500,walk,971,2601,1.3872,51,0,0,0
stage16d,north,6,54.0,128.500,182.500,walk,973,2601,5.4939,0,0,0,0
stage16d,north,6,53.0,128.500,181.500,walk,973,2601,1.3712,0,0,0,0
stage16d,north,6,52.0,128.500,180.500,walk,975,2601,1.2609,0,0,0,0
stage16d,north,6,51.0,128.500,179.500,walk,975,2601,1.2649,0,0,0,0
stage16d,north,6,50.0,128.500,178.500,walk,975,2601,1.3242,0,0,0,0
stage16d,north,6,49.0,128.500,177.500,walk,975,2601,1.2552,0,0,0,0
stage16d,north,6,48.0,128.500,176.500,walk,975,2601,2.2486,0,0,0,0
stage16d,north,6,47.0,128.500,175.500,walk,975,2601,1.2504,51,0,0,0
stage16d,north,6,46.0,128.500,174.500,walk,975,2601,5.4115,0,0,0,0
stage16d,north,6,45.0,128.500,173.500,walk,975,2601,1.1906,0,0,0,0
stage16d,north,6,44.0,128.500,172.500,walk,975,2601,1.1825,0,0,0,0
stage16d,north,6,43.0,128.500,171.500,walk,975,2601,1.1275,0,0,0,0
stage16d,north,6,42.0,128.500,170.500,walk,975,2601,1.1109,0,0,0,0
stage16d,north,6,41.0,128.500,169.500,walk,975,2601,1.3355,0,0,0,0
stage16d,north,6,40.0,128.500,168.500,walk,975,2601,1.1503,0,0,0,0
stage16d,north,6,39.0,128.500,167.500,walk,975,2601,1.3126,51,0,0,0
stage16d,north,6,38.0,128.500,166.500,walk,975,2601,5.7887,0,0,0,0
stage16d,north,6,37.0,128.500,165.500,walk,975,2601,1.0753,0,0,0,0
stage16d,north,6,36.0,128.500,164.500,walk,975,2601,1.0350,0,0,0,0
stage16d,north,6,35.0,128.500,163.500,walk,975,2601,0.9986,0,0,0,0
stage16d,north,6,34.0,128.500,162.500,walk,975,2601,0.9992,0,0,0,0
stage16d,north,6,33.0,128.500,161.500,walk,975,2601,1.0378,0,0,0,0
stage16d,north,6,32.0,128.500,160.500,walk,975,2601,1.1917,0,0,0,0
stage16d,north,6,31.0,128.500,159.500,walk,975,2601,1.0472,51,0,0,0
stage16d,north,6,30.0,128.500,158.500,walk,975,2601,6.0645,0,0,0,0
stage16d,north,6,29.0,128.500,157.500,walk,975,2601,1.2308,0,0,0,0
stage16d,north,6,28.0,128.500,156.500,walk,975,2601,1.1020,0,0,0,0
stage16d,north,6,27.0,128.500,155.500,walk,975,2601,1.1189,0,0,0,0
stage16d,north,6,26.0,128.500,154.500,walk,975,2601,1.0943,0,0,0,0
stage16d,north,6,25.0,128.500,153.500,walk,975,2601,1.0958,0,0,0,0
stage16d,north,6,24.0,128.500,152.500,walk,975,2601,1.0902,0,0,0,0
stage16d,north,6,23.0,128.500,151.500,walk,975,2601,1.2250,51,0,0,0
stage16d,north,6,22.0,128.500,150.500,walk,975,2601,5.6332,0,0,0,0
stage16d,north,6,21.0,128.500,149.500,walk,975,2601,1.3629,0,0,0,0
stage16d,north,6,20.0,128.500,148.500,walk,975,2601,1.1675,0,0,0,0
stage16d,north,6,19.0,128.500,147.500,walk,975,2601,0.9740,0,0,0,0
stage16d,north,6,18.0,128.500,146.500,walk,975,2601,0.9611,0,0,0,0
stage16d,north,6,17.0,128.500,145.500,walk,975,2601,0.9496,0,0,0,0
stage16d,north,6,16.0,128.500,144.500,walk,975,2601,0.9530,0,0,0,0
stage16d,north,6,15.0,128.500,143.500,walk,975,2601,0.9603,51,0,0,0
stage16d,north,6,14.0,128.500,142.500,walk,975,2601,5.3111,0,0,0,0
stage16d,north,6,13.0,128.500,141.500,walk,975,2601,0.9987,0,0,0,0
stage16d,north,6,12.0,128.500,140.500,walk,975,2601,0.9959,0,0,0,0
stage16d,north,6,11.0,128.500,139.500,walk,975,2601,0.9523,0,0,0,0
stage16d,north,6,10.0,128.500,138.500,walk,975,2601,0.9695,0,0,0,0
stage16d,north,6,9.0,128.500,137.500,walk,975,2601,1.7617,0,0,0,0
stage16d,north,6,8.0,128.500,136.500,walk,975,2601,1.1354,0,0,0,0
stage16d,north,6,7.0,128.500,135.500,walk,975,2601,0.9933,51,0,0,0
stage16d,north,6,6.0,128.500,134.500,walk,975,2601,5.2450,0,0,0,0
stage16d,north,6,5.0,128.500,133.500,walk,975,2601,1.0088,0,0,0,0
stage16d,north,6,4.0,128.500,132.500,walk,975,2601,0.9442,0,0,0,0
stage16d,north,6,3.0,128.500,131.500,walk,975,2601,0.9279,0,0,0,0
stage16d,north,6,2.0,128.500,130.500,walk,975,2601,0.9279,0,0,0,0
stage16d,north,6,1.0,128.500,129.500,walk,975,2601,0.9525,0,0,0,0
stage16d,north,6,0.0,128.500,128.500,walk,975,2601,0.9294,0,0,0,0
stage16d,north,7,0.0,128.500,128.500,settle_return,975,2601,1.2239,0,0,0,0
stage16d,north,7,0.0,128.500,128.500,settle_return,975,2601,0.8734,0,0,0,0
stage16d,north,7,0.0,128.500,128.500,settle_return,975,2601,1.2947,0,0,0,0
stage16d,east,1,0.0,128.500,128.500,settle_origin,797,123,0.2821,2478,0,0,0
stage16d,east,1,0.0,128.500,128.500,settle_origin,797,199,0.3370,2402,0,0,0
stage16d,east,1,0.0,128.500,128.500,settle_origin,797,284,0.2903,2317,0,0,0
stage16d,east,1,0.0,128.500,128.500,settle_origin,797,366,0.3058,2235,0,0,0
stage16d,east,1,0.0,128.500,128.500,settle_origin,797,485,0.3570,2116,0,0,0
stage16d,east,1,0.0,128.500,128.500,settle_origin,797,621,0.3475,1980,0,0,0
stage16d,east,1,0.0,128.500,128.500,settle_origin,797,759,0.7377,1842,0,0,0
stage16d,east,1,0.0,128.500,128.500,settle_origin,797,899,0.3792,1702,0,0,0
stage16d,east,1,0.0,128.500,128.500,settle_origin,797,1020,0.4040,1581,0,0,0
stage16d,east,1,0.0,128.500,128.500,settle_origin,797,1137,0.6753,1464,0,0,0
stage16d,east,1,0.0,128.500,128.500,settle_origin,797,1263,0.5152,1338,0,0,0
stage16d,east,1,0.0,128.500,128.500,settle_origin,797,1389,0.4661,1212,0,0,0
stage16d,east,1,0.0,128.500,128.500,settle_origin,797,1552,0.6848,1049,0,0,0
stage16d,east,1,0.0,128.500,128.500,settle_origin,797,1722,0.4981,879,0,0,0
stage16d,east,1,0.0,128.500,128.500,settle_origin,797,1919,0.7611,682,0,0,0
stage16d,east,1,0.0,128.500,128.500,settle_origin,797,2177,0.6663,424,0,0,0
stage16d,east,1,0.0,128.500,128.500,settle_origin,797,2330,0.5782,271,0,0,0
stage16d,east,1,0.0,128.500,128.500,settle_origin,797,2535,0.5971,66,0,0,0
stage16d,east,1,0.0,128.500,128.500,settle_origin,797,2601,0.5852,0,0,0,0
stage16d,east,1,0.0,128.500,128.500,settle_origin,797,2601,0.6228,0,0,0,0
stage16d,east,3,1.0,129.500,128.500,walk,830,2601,0.7287,0,1,0,0
stage16d,east,3,2.0,130.500,128.500,walk,863,2601,0.8446,0,1,0,0
stage16d,east,3,3.0,131.500,128.500,walk,896,2601,0.7961,0,1,0,0
stage16d,east,3,4.0,132.500,128.500,walk,929,2601,1.1726,0,1,0,0
stage16d,east,3,5.0,133.500,128.500,walk,947,2601,0.9158,0,1,0,0
stage16d,east,3,6.0,134.500,128.500,walk,957,2601,0.8324,0,1,0,0
stage16d,east,3,7.0,135.500,128.500,walk,963,2601,0.8181,0,1,0,0
stage16d,east,3,8.0,136.500,128.500,walk,967,2601,0.8110,51,1,0,0
stage16d,east,3,9.0,137.500,128.500,walk,969,2601,4.9301,0,0,0,0
stage16d,east,3,10.0,138.500,128.500,walk,971,2601,0.9180,0,0,0,0
stage16d,east,3,11.0,139.500,128.500,walk,973,2601,1.3022,0,0,0,0
stage16d,east,3,12.0,140.500,128.500,walk,975,2601,0.9192,0,0,0,0
stage16d,east,3,13.0,141.500,128.500,walk,975,2601,0.8184,0,0,0,0
stage16d,east,3,14.0,142.500,128.500,walk,975,2601,0.9222,0,0,0,0
stage16d,east,3,15.0,143.500,128.500,walk,975,2601,1.0737,0,0,0,0
stage16d,east,3,16.0,144.500,128.500,walk,975,2601,1.2107,51,0,0,0
stage16d,east,3,17.0,145.500,128.500,walk,975,2601,5.5041,0,0,0,0
stage16d,east,3,18.0,146.500,128.500,walk,975,2601,1.2897,0,0,0,0
stage16d,east,3,19.0,147.500,128.500,walk,975,2601,1.2905,0,0,0,0
stage16d,east,3,20.0,148.500,128.500,walk,975,2601,1.3141,0,0,0,0
stage16d,east,3,21.0,149.500,128.500,walk,975,2601,1.5303,0,0,0,0
stage16d,east,3,22.0,150.500,128.500,walk,975,2601,1.5527,0,0,0,0
stage16d,east,3,23.0,151.500,128.500,walk,975,2601,1.4561,0,0,0,0
stage16d,east,3,24.0,152.500,128.500,walk,975,2601,1.3344,51,0,0,0
stage16d,east,3,25.0,153.500,128.500,walk,975,2563,2.8178,38,0,0,0
stage16d,east,3,26.0,154.500,128.500,walk,975,2564,1.5752,37,0,0,0
stage16d,east,3,27.0,155.500,128.500,walk,975,2567,1.7121,34,0,0,0
stage16d,east,3,28.0,156.500,128.500,walk,975,2571,1.8465,30,0,0,0
stage16d,east,3,29.0,157.500,128.500,walk,975,2575,1.8829,26,0,0,0
stage16d,east,3,30.0,158.500,128.500,walk,975,2579,1.7604,22,0,0,0
stage16d,east,3,31.0,159.500,128.500,walk,975,2579,1.6439,22,0,0,0
stage16d,east,3,32.0,160.500,128.500,walk,975,2579,1.5786,73,0,0,0
stage16d,east,3,33.0,161.500,128.500,walk,975,2529,1.9016,72,0,0,0
stage16d,east,3,34.0,162.500,128.500,walk,975,2530,1.7632,71,0,0,0
stage16d,east,3,35.0,163.500,128.500,walk,975,2532,1.7078,69,0,0,0
stage16d,east,3,36.0,164.500,128.500,walk,975,2532,1.5735,69,0,0,0
stage16d,east,3,37.0,165.500,128.500,walk,975,2533,1.6296,68,0,0,0
stage16d,east,3,38.0,166.500,128.500,walk,975,2534,1.6118,67,0,0,0
stage16d,east,3,39.0,167.500,128.500,walk,975,2539,1.9562,62,0,0,0
stage16d,east,3,40.0,168.500,128.500,walk,975,2543,2.2597,109,0,0,0
stage16d,east,3,41.0,169.500,128.500,walk,975,2496,1.9084,105,0,0,0
stage16d,east,3,42.0,170.500,128.500,walk,975,2499,1.9292,102,0,0,0
stage16d,east,3,43.0,171.500,128.500,walk,975,2499,1.9526,102,0,0,0
stage16d,east,3,44.0,172.500,128.500,walk,975,2499,1.5394,102,0,0,0
stage16d,east,3,45.0,173.500,128.500,walk,975,2499,1.3832,102,0,0,0
stage16d,east,3,46.0,174.500,128.500,walk,975,2499,1.3238,102,0,0,0
stage16d,east,3,47.0,175.500,128.500,walk,975,2499,1.2505,102,0,0,0
stage16d,east,3,48.0,176.500,128.500,walk,975,2499,1.2576,153,0,0,0
stage16d,east,3,49.0,177.500,128.500,walk,975,2448,1.2599,153,0,0,0
stage16d,east,3,50.0,178.500,128.500,walk,975,2448,1.2651,153,0,0,0
stage16d,east,3,51.0,179.500,128.500,walk,975,2448,1.3277,153,0,0,0
stage16d,east,3,52.0,180.500,128.500,walk,975,2448,1.3978,153,0,0,0
stage16d,east,3,53.0,181.500,128.500,walk,975,2448,1.2123,153,0,0,0
stage16d,east,3,54.0,182.500,128.500,walk,975,2448,1.1049,153,0,0,0
stage16d,east,3,55.0,183.500,128.500,walk,975,2448,1.0585,153,0,0,0
stage16d,east,3,56.0,184.500,128.500,walk,975,2448,1.0562,204,0,0,0
stage16d,east,3,57.0,185.500,128.500,walk,975,2397,1.1056,204,0,0,0
stage16d,east,3,58.0,186.500,128.500,walk,975,2397,0.9859,204,0,0,0
stage16d,east,3,59.0,187.500,128.500,walk,975,2397,0.9865,204,0,0,0
stage16d,east,3,60.0,188.500,128.500,walk,975,2397,0.9340,204,0,0,0
stage16d,east,3,61.0,189.500,128.500,walk,975,2397,0.9840,204,0,0,0
stage16d,east,3,62.0,190.500,128.500,walk,975,2397,0.9291,204,0,0,0
stage16d,east,3,63.0,191.500,128.500,walk,975,2397,0.9293,204,0,0,0
stage16d,east,3,64.0,192.500,128.500,walk,975,2397,0.9028,255,0,0,0
stage16d,east,3,66.0,194.500,128.500,sprint,973,2346,0.9016,255,0,0,0
stage16d,east,3,68.0,196.500,128.500,sprint,971,2346,1.0588,255,0,0,0
stage16d,east,3,70.0,198.500,128.500,sprint,969,2346,1.3629,255,0,0,0
stage16d,east,3,72.0,200.500,128.500,sprint,967,2346,1.1496,306,0,0,0
stage16d,east,3,74.0,202.500,128.500,sprint,965,2295,1.2503,306,0,0,0
stage16d,east,3,76.0,204.500,128.500,sprint,963,2295,1.0158,306,0,0,0
stage16d,east,3,78.0,206.500,128.500,sprint,963,2295,0.9852,306,0,0,0
stage16d,east,3,80.0,208.500,128.500,sprint,963,2295,1.0080,357,0,0,0
stage16d,east,3,82.0,210.500,128.500,sprint,963,2244,1.0044,357,0,0,0
stage16d,east,3,84.0,212.500,128.500,sprint,963,2244,0.9938,357,0,0,0
stage16d,east,3,86.0,214.500,128.500,sprint,963,2244,1.0288,357,0,0,0
stage16d,east,3,88.0,216.500,128.500,sprint,963,2244,0.9893,408,0,0,0
stage16d,east,3,90.0,218.500,128.500,sprint,963,2193,1.0059,408,0,0,0
stage16d,east,3,92.0,220.500,128.500,sprint,963,2193,0.9815,408,0,0,0
stage16d,east,3,94.0,222.500,128.500,sprint,963,2193,0.9969,408,0,0,0
stage16d,east,3,96.0,224.500,128.500,sprint,963,2193,1.0656,459,0,0,0
stage16d,east,3,98.0,226.500,128.500,sprint,963,2142,1.0144,459,0,0,0
stage16d,east,3,100.0,228.500,128.500,sprint,963,2142,0.9832,459,0,0,0
stage16d,east,3,102.0,230.500,128.500,sprint,963,2142,1.1180,459,0,0,0
stage16d,east,3,104.0,232.500,128.500,sprint,963,2142,1.4370,510,0,0,0
stage16d,east,3,106.0,234.500,128.500,sprint,963,2091,1.1011,510,0,0,0
stage16d,east,3,108.0,236.500,128.500,sprint,963,2091,1.0207,510,0,0,0
stage16d,east,3,110.0,238.500,128.500,sprint,963,2091,0.9859,510,0,0,0
stage16d,east,3,112.0,240.500,128.500,sprint,963,2091,0.9755,561,0,0,0
stage16d,east,3,114.0,242.500,128.500,sprint,963,2040,1.0007,561,0,0,0
stage16d,east,3,116.0,244.500,128.500,sprint,963,2040,0.9721,561,0,0,0
stage16d,east,3,118.0,246.500,128.500,sprint,963,2040,0.9641,561,0,0,0
stage16d,east,3,120.0,248.500,128.500,sprint,963,2040,1.0131,612,0,0,0
stage16d,east,3,122.0,250.500,128.500,sprint,963,1989,1.0285,612,0,0,0
stage16d,east,3,124.0,252.500,128.500,sprint,963,1989,1.2327,612,0,0,0
stage16d,east,3,126.0,254.500,128.500,sprint,963,1989,1.4733,612,0,0,0
stage16d,east,3,128.0,256.500,128.500,sprint,963,1995,2.2423,657,0,0,0
stage16d,east,3,132.0,260.500,128.500,free_fly,961,1944,2.6140,657,0,0,0
stage16d,east,3,136.0,264.500,128.500,free_fly,959,1945,3.7672,707,0,0,0
stage16d,east,3,140.0,268.500,128.500,free_fly,957,1898,4.1926,703,0,0,0
stage16d,east,3,144.0,272.500,128.500,free_fly,957,1899,3.7050,753,0,0,0
stage16d,east,3,148.0,276.500,128.500,free_fly,957,1850,4.0844,751,0,0,0
stage16d,east,3,152.0,280.500,128.500,free_fly,957,1860,5.1038,792,0,0,0
stage16d,east,3,156.0,284.500,128.500,free_fly,957,1813,4.4202,788,0,0,0
stage16d,east,3,160.0,288.500,128.500,free_fly,957,1816,5.0936,836,0,0,0
stage16d,east,3,164.0,292.500,128.500,free_fly,957,1766,5.4159,835,0,0,0
stage16d,east,3,168.0,296.500,128.500,free_fly,957,1776,5.4601,876,0,0,0
stage16d,east,3,172.0,300.500,128.500,free_fly,957,1733,4.9755,868,0,0,0
stage16d,east,3,176.0,304.500,128.500,free_fly,957,1734,3.8702,918,0,0,0
stage16d,east,3,180.0,308.500,128.500,free_fly,957,1683,3.2016,918,0,0,0
stage16d,east,3,184.0,312.500,128.500,free_fly,957,1683,2.6119,969,0,0,0
stage16d,east,3,188.0,316.500,128.500,free_fly,957,1632,2.0922,969,0,0,0
stage16d,east,3,192.0,320.500,128.500,free_fly,957,1632,1.4409,1020,0,0,0
stage16d,east,3,196.0,324.500,128.500,free_fly,957,1581,1.3036,1020,0,0,0
stage16d,east,3,200.0,328.500,128.500,free_fly,957,1581,1.3794,1071,0,0,0
stage16d,east,3,204.0,332.500,128.500,free_fly,957,1530,1.4707,1071,0,0,0
stage16d,east,3,208.0,336.500,128.500,free_fly,957,1530,1.4073,1122,0,0,0
stage16d,east,3,212.0,340.500,128.500,free_fly,957,1479,1.5129,1122,0,0,0
stage16d,east,3,216.0,344.500,128.500,free_fly,957,1479,1.4265,1173,0,0,0
stage16d,east,3,220.0,348.500,128.500,free_fly,957,1428,1.3086,1173,0,0,0
stage16d,east,3,224.0,352.500,128.500,free_fly,957,1428,1.3576,1224,0,0,0
stage16d,east,3,228.0,356.500,128.500,free_fly,957,1377,1.2869,1224,0,0,0
stage16d,east,3,232.0,360.500,128.500,free_fly,957,1377,1.4582,1275,0,0,0
stage16d,east,3,236.0,364.500,128.500,free_fly,957,1326,1.5704,1275,0,0,0
stage16d,east,3,240.0,368.500,128.500,free_fly,957,1326,3.8071,1326,0,0,0
stage16d,east,3,244.0,372.500,128.500,free_fly,957,1275,4.6830,1326,0,0,0
stage16d,east,3,248.0,376.500,128.500,free_fly,957,1275,5.1357,1377,0,0,0
stage16d,east,3,252.0,380.500,128.500,free_fly,957,1224,5.8149,1377,0,0,0
stage16d,east,3,256.0,384.500,128.500,free_fly,957,1224,6.3067,1428,0,0,0
stage16d,east,3,260.0,388.500,128.500,free_fly,957,1173,5.6044,1428,0,0,0
stage16d,east,3,264.0,392.500,128.500,free_fly,957,1173,5.4396,1479,0,0,0
stage16d,east,3,268.0,396.500,128.500,free_fly,957,1128,6.7648,1473,0,0,0
stage16d,east,3,272.0,400.500,128.500,free_fly,957,1131,5.6887,1521,0,0,0
stage16d,east,3,276.0,404.500,128.500,free_fly,957,1083,6.2886,1518,0,0,0
stage16d,east,3,280.0,408.500,128.500,free_fly,957,1097,7.6358,1555,0,0,0
stage16d,east,3,284.0,412.500,128.500,free_fly,957,1047,5.8866,1554,0,0,0
stage16d,east,3,288.0,416.500,128.500,free_fly,957,1051,7.4510,1601,0,0,0
stage16d,east,3,292.0,420.500,128.500,free_fly,957,1007,5.1386,1594,0,0,0
stage16d,east,3,296.0,424.500,128.500,free_fly,957,1015,4.3934,1637,0,0,0
stage16d,east,3,300.0,428.500,128.500,free_fly,957,967,3.3880,1634,0,0,0
stage16d,east,3,304.0,432.500,128.500,free_fly,957,968,3.2415,1684,0,0,0
stage16d,east,3,308.0,436.500,128.500,free_fly,957,918,2.2706,1683,0,0,0
stage16d,east,3,312.0,440.500,128.500,free_fly,957,918,2.0994,1734,0,0,0
stage16d,east,3,316.0,444.500,128.500,free_fly,957,867,1.8550,1734,0,0,0
stage16d,east,3,320.0,448.500,128.500,free_fly,957,867,1.6394,1785,0,0,0
stage16d,east,3,324.0,452.500,128.500,free_fly,957,816,1.6924,1785,0,0,0
stage16d,east,3,328.0,456.500,128.500,free_fly,957,816,1.6093,1836,0,0,0
stage16d,east,3,332.0,460.500,128.500,free_fly,957,765,1.6262,1836,0,0,0
stage16d,east,3,336.0,464.500,128.500,free_fly,957,765,2.5129,1887,0,0,0
stage16d,east,3,340.0,468.500,128.500,free_fly,957,714,2.1334,1887,0,0,0
stage16d,east,3,344.0,472.500,128.500,free_fly,957,714,1.6422,1938,0,0,0
stage16d,east,3,348.0,476.500,128.500,free_fly,957,663,2.1542,1938,0,0,0
stage16d,east,3,352.0,480.500,128.500,free_fly,957,663,2.3812,1989,0,0,0
stage16d,east,3,356.0,484.500,128.500,free_fly,957,612,2.4304,1989,0,0,0
stage16d,east,3,360.0,488.500,128.500,free_fly,957,612,4.9976,2040,0,0,0
stage16d,east,3,364.0,492.500,128.500,free_fly,957,561,6.2347,2040,0,0,0
stage16d,east,3,368.0,496.500,128.500,free_fly,957,561,5.1008,2091,0,0,0
stage16d,east,3,372.0,500.500,128.500,free_fly,957,510,5.5606,2091,0,0,0
stage16d,east,3,376.0,504.500,128.500,free_fly,957,510,5.7262,2142,0,0,0
stage16d,east,3,380.0,508.500,128.500,free_fly,957,459,5.8175,2142,0,0,0
stage16d,east,3,384.0,512.500,128.500,free_fly,957,462,7.2990,2190,0,0,0
stage16d,east,3,388.0,516.500,128.500,free_fly,957,414,6.9782,2187,0,0,0
stage16d,east,3,392.0,520.500,128.500,free_fly,957,418,7.0993,2234,0,0,0
stage16d,east,3,396.0,524.500,128.500,free_fly,957,373,7.3723,2228,0,0,0
stage16d,east,3,400.0,528.500,128.500,free_fly,957,382,6.3137,2270,0,0,0
stage16d,east,3,404.0,532.500,128.500,free_fly,957,333,5.0564,2268,0,0,0
stage16d,east,3,408.0,536.500,128.500,free_fly,957,335,3.7109,2317,0,0,0
stage16d,east,4,408.0,536.500,128.500,settle_outer,957,357,0.4822,2244,0,0,0
stage16d,east,4,408.0,536.500,128.500,settle_outer,957,408,0.5241,2193,0,0,0
stage16d,east,4,408.0,536.500,128.500,settle_outer,957,479,0.4587,2122,0,0,0
stage16d,east,4,408.0,536.500,128.500,settle_outer,957,561,0.4918,2040,0,0,0
stage16d,east,4,408.0,536.500,128.500,settle_outer,957,655,0.4994,1946,0,0,0
stage16d,east,4,408.0,536.500,128.500,settle_outer,957,733,0.4966,1868,0,0,0
stage16d,east,4,408.0,536.500,128.500,settle_outer,957,816,0.6099,1785,0,0,0
stage16d,east,4,408.0,536.500,128.500,settle_outer,957,888,0.7961,1713,0,0,0
stage16d,east,4,408.0,536.500,128.500,settle_outer,957,969,0.5929,1632,0,0,0
stage16d,east,4,408.0,536.500,128.500,settle_outer,957,1071,0.6605,1530,0,0,0
stage16d,east,4,408.0,536.500,128.500,settle_outer,957,1173,0.7367,1428,0,0,0
stage16d,east,4,408.0,536.500,128.500,settle_outer,957,1275,0.7408,1326,0,0,0
stage16d,east,4,408.0,536.500,128.500,settle_outer,957,1377,0.6034,1224,0,0,0
stage16d,east,4,408.0,536.500,128.500,settle_outer,957,1479,0.7906,1122,0,0,0
stage16d,east,4,408.0,536.500,128.500,settle_outer,957,1581,0.8359,1020,0,0,0
stage16d,east,4,408.0,536.500,128.500,settle_outer,957,1694,0.7299,907,0,0,0
stage16d,east,4,408.0,536.500,128.500,settle_outer,957,1835,0.7139,766,0,0,0
stage16d,east,4,408.0,536.500,128.500,settle_outer,957,1938,0.7437,663,0,0,0
stage16d,east,4,408.0,536.500,128.500,settle_outer,957,2055,0.8875,546,0,0,0
stage16d,east,4,408.0,536.500,128.500,settle_outer,957,2158,0.9208,443,0,0,0
stage16d,east,4,408.0,536.500,128.500,settle_outer,957,2295,0.8889,306,0,0,0
stage16d,east,4,408.0,536.500,128.500,settle_outer,957,2397,0.8486,204,0,0,0
stage16d,east,4,408.0,536.500,128.500,settle_outer,957,2527,1.0501,74,0,0,0
stage16d,east,4,408.0,536.500,128.500,settle_outer,957,2601,0.8832,0,0,0,0
stage16d,east,6,404.0,532.500,128.500,free_fly,957,2601,1.3369,51,1,0,0
stage16d,east,6,400.0,528.500,128.500,free_fly,957,2601,5.0642,0,1,0,0
stage16d,east,6,396.0,524.500,128.500,free_fly,957,2601,3.5141,51,0,0,0
stage16d,east,6,392.0,520.500,128.500,free_fly,957,2601,8.8064,0,0,0,0
stage16d,east,6,388.0,516.500,128.500,free_fly,957,2601,4.4282,51,0,0,0
stage16d,east,6,384.0,512.500,128.500,free_fly,957,2601,9.1287,0,0,0,0
stage16d,east,6,380.0,508.500,128.500,free_fly,957,2601,3.6123,51,0,0,0
stage16d,east,6,376.0,504.500,128.500,free_fly,957,2601,7.1284,0,0,0,0
stage16d,east,6,372.0,500.500,128.500,free_fly,957,2601,2.3060,51,0,0,0
stage16d,east,6,368.0,496.500,128.500,free_fly,957,2601,6.6659,0,0,0,0
stage16d,east,6,364.0,492.500,128.500,free_fly,957,2601,1.8717,51,0,0,0
stage16d,east,6,360.0,488.500,128.500,free_fly,957,2601,6.0328,0,0,0,0
stage16d,east,6,356.0,484.500,128.500,free_fly,957,2601,1.6051,51,0,0,0
stage16d,east,6,352.0,480.500,128.500,free_fly,957,2601,6.0694,0,0,0,0
stage16d,east,6,348.0,476.500,128.500,free_fly,957,2601,1.7778,51,0,0,0
stage16d,east,6,344.0,472.500,128.500,free_fly,957,2601,5.8819,0,0,0,0
stage16d,east,6,340.0,468.500,128.500,free_fly,957,2601,1.6024,51,0,0,0
stage16d,east,6,336.0,464.500,128.500,free_fly,957,2601,6.2997,0,0,0,0
stage16d,east,6,332.0,460.500,128.500,free_fly,957,2601,2.1620,51,0,0,0
stage16d,east,6,328.0,456.500,128.500,free_fly,957,2601,5.9640,0,0,0,0
stage16d,east,6,324.0,452.500,128.500,free_fly,957,2601,1.6591,51,0,0,0
stage16d,east,6,320.0,448.500,128.500,free_fly,957,2601,5.8799,0,0,0,0
stage16d,east,6,316.0,444.500,128.500,free_fly,957,2601,2.6999,51,0,0,0
stage16d,east,6,312.0,440.500,128.500,free_fly,957,2601,7.4665,0,0,0,0
stage16d,east,6,308.0,436.500,128.500,free_fly,957,2601,3.8358,51,0,0,0
stage16d,east,6,304.0,432.500,128.500,free_fly,957,2601,8.5700,0,0,0,0
stage16d,east,6,300.0,428.500,128.500,free_fly,957,2601,3.7918,51,0,0,0
stage16d,east,6,296.0,424.500,128.500,free_fly,957,2601,9.0472,0,0,0,0
stage16d,east,6,292.0,420.500,128.500,free_fly,957,2601,4.1671,51,0,0,0
stage16d,east,6,288.0,416.500,128.500,free_fly,957,2601,8.2135,0,0,0,0
stage16d,east,6,284.0,412.500,128.500,free_fly,957,2601,4.3793,51,0,0,0
stage16d,east,6,280.0,408.500,128.500,free_fly,957,2601,8.4300,0,0,0,0
stage16d,east,6,276.0,404.500,128.500,free_fly,957,2601,4.3028,51,0,0,0
stage16d,east,6,272.0,400.500,128.500,free_fly,957,2601,8.8337,0,0,0,0
stage16d,east,6,268.0,396.500,128.500,free_fly,957,2601,4.6454,51,0,0,0
stage16d,east,6,264.0,392.500,128.500,free_fly,957,2601,8.3876,0,0,0,0
stage16d,east,6,260.0,388.500,128.500,free_fly,957,2601,2.9333,51,0,0,0
stage16d,east,6,256.0,384.500,128.500,free_fly,957,2601,6.5755,0,0,0,0
stage16d,east,6,252.0,380.500,128.500,free_fly,957,2601,2.3212,51,0,0,0
stage16d,east,6,248.0,376.500,128.500,free_fly,957,2601,10.9769,0,0,0,0
stage16d,east,6,244.0,372.500,128.500,free_fly,957,2601,1.8701,51,0,0,0
stage16d,east,6,240.0,368.500,128.500,free_fly,957,2601,6.8147,0,0,0,0
stage16d,east,6,236.0,364.500,128.500,free_fly,957,2601,1.7130,51,0,0,0
stage16d,east,6,232.0,360.500,128.500,free_fly,957,2601,5.7293,0,0,0,0
stage16d,east,6,228.0,356.500,128.500,free_fly,957,2601,1.5921,51,0,0,0
stage16d,east,6,224.0,352.500,128.500,free_fly,957,2601,5.9390,0,0,0,0
stage16d,east,6,220.0,348.500,128.500,free_fly,957,2601,2.2721,51,0,0,0
stage16d,east,6,216.0,344.500,128.500,free_fly,957,2601,5.8222,0,0,0,0
stage16d,east,6,212.0,340.500,128.500,free_fly,957,2601,1.6316,51,0,0,0
stage16d,east,6,208.0,336.500,128.500,free_fly,957,2601,6.0186,0,0,0,0
stage16d,east,6,204.0,332.500,128.500,free_fly,957,2601,2.3615,51,0,0,0
stage16d,east,6,200.0,328.500,128.500,free_fly,957,2601,5.9823,0,0,0,0
stage16d,east,6,196.0,324.500,128.500,free_fly,957,2601,2.4703,51,0,0,0
stage16d,east,6,192.0,320.500,128.500,free_fly,957,2601,8.6048,0,0,0,0
stage16d,east,6,188.0,316.500,128.500,free_fly,957,2601,4.4235,51,0,0,0
stage16d,east,6,184.0,312.500,128.500,free_fly,957,2601,8.7297,0,0,0,0
stage16d,east,6,180.0,308.500,128.500,free_fly,957,2601,5.4181,51,0,0,0
stage16d,east,6,176.0,304.500,128.500,free_fly,957,2601,8.7987,0,0,0,0
stage16d,east,6,172.0,300.500,128.500,free_fly,957,2601,4.4144,51,0,0,0
stage16d,east,6,168.0,296.500,128.500,free_fly,957,2601,8.9627,0,0,0,0
stage16d,east,6,164.0,292.500,128.500,free_fly,957,2601,4.3101,51,0,0,0
stage16d,east,6,160.0,288.500,128.500,free_fly,957,2601,9.4031,0,0,0,0
stage16d,east,6,156.0,284.500,128.500,free_fly,957,2601,4.8230,51,0,0,0
stage16d,east,6,152.0,280.500,128.500,free_fly,957,2601,8.5806,0,0,0,0
stage16d,east,6,148.0,276.500,128.500,free_fly,957,2601,2.9361,51,0,0,0
stage16d,east,6,144.0,272.500,128.500,free_fly,957,2601,6.5708,0,0,0,0
stage16d,east,6,140.0,268.500,128.500,free_fly,957,2601,1.9477,51,0,0,0
stage16d,east,6,136.0,264.500,128.500,free_fly,957,2601,7.0495,0,0,0,0
stage16d,east,6,132.0,260.500,128.500,free_fly,957,2601,2.2712,51,0,0,0
stage16d,east,6,128.0,256.500,128.500,free_fly,957,2601,6.2675,0,0,0,0
stage16d,east,6,126.0,254.500,128.500,sprint,957,2601,1.5193,51,0,0,0
stage16d,east,6,124.0,252.500,128.500,sprint,959,2601,5.7918,0,0,0,0
stage16d,east,6,122.0,250.500,128.500,sprint,959,2601,1.2871,0,0,0,0
stage16d,east,6,120.0,248.500,128.500,sprint,961,2601,1.1431,0,0,0,0
stage16d,east,6,118.0,246.500,128.500,sprint,961,2601,1.1373,51,0,0,0
stage16d,east,6,116.0,244.500,128.500,sprint,963,2601,7.0400,0,0,0,0
stage16d,east,6,114.0,242.500,128.500,sprint,963,2601,1.1696,0,0,0,0
stage16d,east,6,112.0,240.500,128.500,sprint,963,2601,1.6033,0,0,0,0
stage16d,east,6,110.0,238.500,128.500,sprint,963,2601,1.3731,51,0,0,0
stage16d,east,6,108.0,236.500,128.500,sprint,963,2601,5.3985,0,0,0,0
stage16d,east,6,106.0,234.500,128.500,sprint,963,2601,1.1536,0,0,0,0
stage16d,east,6,104.0,232.500,128.500,sprint,963,2601,1.1414,0,0,0,0
stage16d,east,6,102.0,230.500,128.500,sprint,963,2601,1.1258,51,0,0,0
stage16d,east,6,100.0,228.500,128.500,sprint,963,2601,5.3845,0,0,0,0
stage16d,east,6,98.0,226.500,128.500,sprint,963,2601,1.3715,0,0,0,0
stage16d,east,6,96.0,224.500,128.500,sprint,963,2601,1.6281,0,0,0,0
stage16d,east,6,94.0,222.500,128.500,sprint,963,2601,1.4895,51,0,0,0
stage16d,east,6,92.0,220.500,128.500,sprint,963,2601,7.7161,0,0,0,0
stage16d,east,6,90.0,218.500,128.500,sprint,963,2601,1.1238,0,0,0,0
stage16d,east,6,88.0,216.500,128.500,sprint,963,2601,1.0903,0,0,0,0
stage16d,east,6,86.0,214.500,128.500,sprint,963,2601,1.0861,51,0,0,0
stage16d,east,6,84.0,212.500,128.500,sprint,963,2601,5.7980,0,0,0,0
stage16d,east,6,82.0,210.500,128.500,sprint,963,2601,1.1339,0,0,0,0
stage16d,east,6,80.0,208.500,128.500,sprint,963,2601,1.2592,0,0,0,0
stage16d,east,6,78.0,206.500,128.500,sprint,963,2601,1.6622,51,0,0,0
stage16d,east,6,76.0,204.500,128.500,sprint,963,2601,6.0008,0,0,0,0
stage16d,east,6,74.0,202.500,128.500,sprint,963,2601,2.1216,0,0,0,0
stage16d,east,6,72.0,200.500,128.500,sprint,963,2601,2.2098,0,0,0,0
stage16d,east,6,70.0,198.500,128.500,sprint,963,2601,2.1360,51,0,0,0
stage16d,east,6,68.0,196.500,128.500,sprint,963,2601,6.3285,0,0,0,0
stage16d,east,6,66.0,194.500,128.500,sprint,963,2601,2.2174,0,0,0,0
stage16d,east,6,64.0,192.500,128.500,sprint,963,2601,2.4105,0,0,0,0
stage16d,east,6,63.0,191.500,128.500,walk,963,2601,3.2473,51,0,0,0
stage16d,east,6,62.0,190.500,128.500,walk,965,2601,6.8372,0,0,0,0
stage16d,east,6,61.0,189.500,128.500,walk,965,2601,1.8462,0,0,0,0
stage16d,east,6,60.0,188.500,128.500,walk,967,2601,2.0990,0,0,0,0
stage16d,east,6,59.0,187.500,128.500,walk,967,2601,1.9334,0,0,0,0
stage16d,east,6,58.0,186.500,128.500,walk,969,2601,1.7629,0,0,0,0
stage16d,east,6,57.0,185.500,128.500,walk,969,2601,2.1666,0,0,0,0
stage16d,east,6,56.0,184.500,128.500,walk,971,2601,1.8060,0,0,0,0
stage16d,east,6,55.0,183.500,128.500,walk,971,2601,1.6785,51,0,0,0
stage16d,east,6,54.0,182.500,128.500,walk,973,2601,6.2377,0,0,0,0
stage16d,east,6,53.0,181.500,128.500,walk,973,2601,1.8574,0,0,0,0
stage16d,east,6,52.0,180.500,128.500,walk,975,2601,1.7381,0,0,0,0
stage16d,east,6,51.0,179.500,128.500,walk,975,2601,1.7577,0,0,0,0
stage16d,east,6,50.0,178.500,128.500,walk,975,2601,1.9003,0,0,0,0
stage16d,east,6,49.0,177.500,128.500,walk,975,2601,1.6766,0,0,0,0
stage16d,east,6,48.0,176.500,128.500,walk,975,2601,1.6583,0,0,0,0
stage16d,east,6,47.0,175.500,128.500,walk,975,2601,1.6677,51,0,0,0
stage16d,east,6,46.0,174.500,128.500,walk,975,2601,5.9247,0,0,0,0
stage16d,east,6,45.0,173.500,128.500,walk,975,2601,1.6986,0,0,0,0
stage16d,east,6,44.0,172.500,128.500,walk,975,2601,1.5177,0,0,0,0
stage16d,east,6,43.0,171.500,128.500,walk,975,2601,2.2062,0,0,0,0
stage16d,east,6,42.0,170.500,128.500,walk,975,2601,1.2681,0,0,0,0
stage16d,east,6,41.0,169.500,128.500,walk,975,2601,1.2464,0,0,0,0
stage16d,east,6,40.0,168.500,128.500,walk,975,2601,1.2466,0,0,0,0
stage16d,east,6,39.0,167.500,128.500,walk,975,2601,1.1634,51,0,0,0
stage16d,east,6,38.0,166.500,128.500,walk,975,2601,5.4700,0,0,0,0
stage16d,east,6,37.0,165.500,128.500,walk,975,2601,1.3857,0,0,0,0
stage16d,east,6,36.0,164.500,128.500,walk,975,2601,1.1882,0,0,0,0
stage16d,east,6,35.0,163.500,128.500,walk,975,2601,1.1329,0,0,0,0
stage16d,east,6,34.0,162.500,128.500,walk,975,2601,1.3113,0,0,0,0
stage16d,east,6,33.0,161.500,128.500,walk,975,2601,1.4228,0,0,0,0
stage16d,east,6,32.0,160.500,128.500,walk,975,2601,1.0599,0,0,0,0
stage16d,east,6,31.0,159.500,128.500,walk,975,2601,1.0223,51,0,0,0
stage16d,east,6,30.0,158.500,128.500,walk,975,2601,5.1593,0,0,0,0
stage16d,east,6,29.0,157.500,128.500,walk,975,2601,1.0042,0,0,0,0
stage16d,east,6,28.0,156.500,128.500,walk,975,2601,1.1510,0,0,0,0
stage16d,east,6,27.0,155.500,128.500,walk,975,2601,0.9920,0,0,0,0
stage16d,east,6,26.0,154.500,128.500,walk,975,2601,0.9876,0,0,0,0
stage16d,east,6,25.0,153.500,128.500,walk,975,2601,0.9541,0,0,0,0
stage16d,east,6,24.0,152.500,128.500,walk,975,2601,0.9912,0,0,0,0
stage16d,east,6,23.0,151.500,128.500,walk,975,2601,0.9823,51,0,0,0
stage16d,east,6,22.0,150.500,128.500,walk,975,2601,5.6605,0,0,0,0
stage16d,east,6,21.0,149.500,128.500,walk,975,2601,1.1024,0,0,0,0
stage16d,east,6,20.0,148.500,128.500,walk,975,2601,0.9944,0,0,0,0
stage16d,east,6,19.0,147.500,128.500,walk,975,2601,0.9805,0,0,0,0
stage16d,east,6,18.0,146.500,128.500,walk,975,2601,0.9765,0,0,0,0
stage16d,east,6,17.0,145.500,128.500,walk,975,2601,1.0544,0,0,0,0
stage16d,east,6,16.0,144.500,128.500,walk,975,2601,1.0170,0,0,0,0
stage16d,east,6,15.0,143.500,128.500,walk,975,2601,0.9779,51,0,0,0
stage16d,east,6,14.0,142.500,128.500,walk,975,2601,5.4047,0,0,0,0
stage16d,east,6,13.0,141.500,128.500,walk,975,2601,1.2017,0,0,0,0
stage16d,east,6,12.0,140.500,128.500,walk,975,2601,0.9952,0,0,0,0
stage16d,east,6,11.0,139.500,128.500,walk,975,2601,0.9935,0,0,0,0
stage16d,east,6,10.0,138.500,128.500,walk,975,2601,1.0339,0,0,0,0
stage16d,east,6,9.0,137.500,128.500,walk,975,2601,0.9942,0,0,0,0
stage16d,east,6,8.0,136.500,128.500,walk,975,2601,1.0662,0,0,0,0
stage16d,east,6,7.0,135.500,128.500,walk,975,2601,0.9774,51,0,0,0
stage16d,east,6,6.0,134.500,128.500,walk,975,2601,5.7305,0,0,0,0
stage16d,east,6,5.0,133.500,128.500,walk,975,2601,1.0236,0,0,0,0
stage16d,east,6,4.0,132.500,128.500,walk,975,2601,0.9832,0,0,0,0
stage16d,east,6,3.0,131.500,128.500,walk,975,2601,1.6168,0,0,0,0
stage16d,east,6,2.0,130.500,128.500,walk,975,2601,1.4139,0,0,0,0
stage16d,east,6,1.0,129.500,128.500,walk,975,2601,0.9931,0,0,0,0
stage16d,east,6,0.0,128.500,128.500,walk,975,2601,0.9494,0,0,0,0
stage16d,east,7,0.0,128.500,128.500,settle_return,975,2601,0.7860,0,0,0,0
stage16d,east,7,0.0,128.500,128.500,settle_return,975,2601,1.0036,0,0,0,0
stage16d,east,7,0.0,128.500,128.500,settle_return,975,2601,0.8299,0,0,0,0
stage16d,east,7,0.0,128.500,128.500,settle_return,975,2601,0.8804,0,0,0,0
stage16d,east,7,0.0,128.500,128.500,settle_return,975,2601,1.4326,0,0,0,0
stage16d,east,7,0.0,128.500,128.500,settle_return,975,2601,0.8617,0,0,0,0
stage16d,east,7,0.0,128.500,128.500,settle_return,975,2601,0.8869,0,0,0,0
stage16d,south,1,0.0,128.500,128.500,settle_origin,797,124,0.3764,2477,0,0,0
stage16d,south,1,0.0,128.500,128.500,settle_origin,797,206,0.3905,2395,0,0,0
stage16d,south,1,0.0,128.500,128.500,settle_origin,797,299,0.6522,2302,0,0,0
stage16d,south,1,0.0,128.500,128.500,settle_origin,797,435,0.6792,2166,0,0,0
stage16d,south,1,0.0,128.500,128.500,settle_origin,797,588,0.3823,2013,0,0,0
stage16d,south,1,0.0,128.500,128.500,settle_origin,797,731,0.3704,1870,0,0,0
stage16d,south,1,0.0,128.500,128.500,settle_origin,797,887,0.4847,1714,0,0,0
stage16d,south,1,0.0,128.500,128.500,settle_origin,797,1020,0.5133,1581,0,0,0
stage16d,south,1,0.0,128.500,128.500,settle_origin,797,1146,0.4441,1455,0,0,0
stage16d,south,1,0.0,128.500,128.500,settle_origin,797,1281,0.4552,1320,0,0,0
stage16d,south,1,0.0,128.500,128.500,settle_origin,797,1433,0.4815,1168,0,0,0
stage16d,south,1,0.0,128.500,128.500,settle_origin,797,1591,0.4916,1010,0,0,0
stage16d,south,1,0.0,128.500,128.500,settle_origin,797,1781,0.6563,820,0,0,0
stage16d,south,1,0.0,128.500,128.500,settle_origin,797,2022,0.6387,579,0,0,0
stage16d,south,1,0.0,128.500,128.500,settle_origin,797,2265,0.5929,336,0,0,0
stage16d,south,1,0.0,128.500,128.500,settle_origin,797,2424,0.9084,177,0,0,0
stage16d,south,1,0.0,128.500,128.500,settle_origin,797,2601,0.6347,0,0,0,0
stage16d,south,1,0.0,128.500,128.500,settle_origin,797,2601,0.6547,0,0,0,0
stage16d,south,3,1.0,128.500,127.500,walk,830,2601,0.9029,51,1,0,0
stage16d,south,3,2.0,128.500,126.500,walk,863,2601,5.1116,0,0,0,0
stage16d,south,3,3.0,128.500,125.500,walk,896,2601,0.8790,0,0,0,0
stage16d,south,3,4.0,128.500,124.500,walk,929,2601,0.8274,0,0,0,0
stage16d,south,3,5.0,128.500,123.500,walk,947,2601,0.8235,0,0,0,0
stage16d,south,3,6.0,128.500,122.500,walk,957,2601,0.8682,0,0,0,0
stage16d,south,3,7.0,128.500,121.500,walk,963,2601,0.8562,0,0,0,0
stage16d,south,3,8.0,128.500,120.500,walk,967,2601,0.8204,0,0,0,0
stage16d,south,3,9.0,128.500,119.500,walk,969,2601,0.8297,51,0,0,0
stage16d,south,3,10.0,128.500,118.500,walk,971,2601,5.3233,0,0,0,0
stage16d,south,3,11.0,128.500,117.500,walk,973,2601,1.3014,0,0,0,0
stage16d,south,3,12.0,128.500,116.500,walk,975,2601,0.9017,0,0,0,0
stage16d,south,3,13.0,128.500,115.500,walk,975,2601,0.8399,0,0,0,0
stage16d,south,3,14.0,128.500,114.500,walk,975,2601,0.8413,0,0,0,0
stage16d,south,3,15.0,128.500,113.500,walk,975,2601,0.8321,0,0,0,0
stage16d,south,3,16.0,128.500,112.500,walk,975,2601,0.8841,0,0,0,0
stage16d,south,3,17.0,128.500,111.500,walk,975,2601,0.8593,51,0,0,0
stage16d,south,3,18.0,128.500,110.500,walk,975,2564,2.2160,37,0,0,0
stage16d,south,3,19.0,128.500,109.500,walk,975,2567,1.1258,34,0,0,0
stage16d,south,3,20.0,128.500,108.500,walk,975,2567,0.8979,34,0,0,0
stage16d,south,3,21.0,128.500,107.500,walk,975,2567,0.8452,34,0,0,0
stage16d,south,3,22.0,128.500,106.500,walk,975,2568,0.9109,33,0,0,0
stage16d,south,3,23.0,128.500,105.500,walk,975,2568,0.8572,33,0,0,0
stage16d,south,3,24.0,128.500,104.500,walk,975,2568,0.8330,33,0,0,0
stage16d,south,3,25.0,128.500,103.500,walk,975,2568,0.9692,84,0,0,0
stage16d,south,3,26.0,128.500,102.500,walk,975,2518,1.5980,83,0,0,0
stage16d,south,3,27.0,128.500,101.500,walk,975,2518,1.0938,83,0,0,0
stage16d,south,3,28.0,128.500,100.500,walk,975,2518,0.9201,83,0,0,0
stage16d,south,3,29.0,128.500,99.500,walk,975,2518,0.8876,83,0,0,0
stage16d,south,3,30.0,128.500,98.500,walk,975,2521,1.1516,80,0,0,0
stage16d,south,3,31.0,128.500,97.500,walk,975,2521,0.8951,80,0,0,0
stage16d,south,3,32.0,128.500,96.500,walk,975,2523,1.0797,78,0,0,0
stage16d,south,3,33.0,128.500,95.500,walk,975,2523,0.9094,129,0,0,0
stage16d,south,3,34.0,128.500,94.500,walk,975,2475,1.1652,126,0,0,0
stage16d,south,3,35.0,128.500,93.500,walk,975,2476,1.0490,125,0,0,0
stage16d,south,3,36.0,128.500,92.500,walk,975,2478,1.1252,123,0,0,0
stage16d,south,3,37.0,128.500,91.500,walk,975,2479,0.9820,122,0,0,0
stage16d,south,3,38.0,128.500,90.500,walk,975,2479,0.9146,122,0,0,0
stage16d,south,3,39.0,128.500,89.500,walk,975,2480,0.9727,121,0,0,0
stage16d,south,3,40.0,128.500,88.500,walk,975,2480,0.9897,121,0,0,0
stage16d,south,3,41.0,128.500,87.500,walk,975,2480,1.2003,172,0,0,0
stage16d,south,3,42.0,128.500,86.500,walk,975,2429,1.6994,172,0,0,0
stage16d,south,3,43.0,128.500,85.500,walk,975,2431,1.4603,170,0,0,0
stage16d,south,3,44.0,128.500,84.500,walk,975,2432,1.2421,169,0,0,0
stage16d,south,3,45.0,128.500,83.500,walk,975,2434,1.3889,167,0,0,0
stage16d,south,3,46.0,128.500,82.500,walk,975,2436,1.3694,165,0,0,0
stage16d,south,3,47.0,128.500,81.500,walk,975,2438,1.4395,163,0,0,0
stage16d,south,3,48.0,128.500,80.500,walk,975,2442,1.6049,159,0,0,0
stage16d,south,3,49.0,128.500,79.500,walk,975,2444,1.4228,208,0,0,0
stage16d,south,3,50.0,128.500,78.500,walk,975,2393,1.2823,208,0,0,0
stage16d,south,3,51.0,128.500,77.500,walk,975,2393,1.3619,208,0,0,0
stage16d,south,3,52.0,128.500,76.500,walk,975,2393,1.3564,208,0,0,0
stage16d,south,3,53.0,128.500,75.500,walk,975,2394,1.8294,207,0,0,0
stage16d,south,3,54.0,128.500,74.500,walk,975,2396,1.9436,205,0,0,0
stage16d,south,3,55.0,128.500,73.500,walk,975,2397,1.5111,204,0,0,0
stage16d,south,3,56.0,128.500,72.500,walk,975,2397,1.9494,204,0,0,0
stage16d,south,3,57.0,128.500,71.500,walk,975,2397,1.3773,255,0,0,0
stage16d,south,3,58.0,128.500,70.500,walk,975,2346,1.4831,255,0,0,0
stage16d,south,3,59.0,128.500,69.500,walk,975,2346,1.3643,255,0,0,0
stage16d,south,3,60.0,128.500,68.500,walk,975,2346,1.3674,255,0,0,0
stage16d,south,3,61.0,128.500,67.500,walk,975,2346,1.3713,255,0,0,0
stage16d,south,3,62.0,128.500,66.500,walk,975,2346,1.3733,255,0,0,0
stage16d,south,3,63.0,128.500,65.500,walk,975,2346,1.4670,255,0,0,0
stage16d,south,3,64.0,128.500,64.500,walk,975,2346,1.8060,255,0,0,0
stage16d,south,3,66.0,128.500,62.500,sprint,973,2346,1.6681,306,0,0,0
stage16d,south,3,68.0,128.500,60.500,sprint,971,2295,2.2477,306,0,0,0
stage16d,south,3,70.0,128.500,58.500,sprint,969,2295,2.3607,306,0,0,0
stage16d,south,3,72.0,128.500,56.500,sprint,967,2295,2.3892,306,0,0,0
stage16d,south,3,74.0,128.500,54.500,sprint,965,2295,2.4226,357,0,0,0
stage16d,south,3,76.0,128.500,52.500,sprint,963,2244,2.4322,357,0,0,0
stage16d,south,3,78.0,128.500,50.500,sprint,963,2244,2.5769,357,0,0,0
stage16d,south,3,80.0,128.500,48.500,sprint,963,2248,2.8084,353,0,0,0
stage16d,south,3,82.0,128.500,46.500,sprint,963,2248,2.4834,404,0,0,0
stage16d,south,3,84.0,128.500,44.500,sprint,963,2198,2.4500,403,0,0,0
stage16d,south,3,86.0,128.500,42.500,sprint,963,2200,2.6471,401,0,0,0
stage16d,south,3,88.0,128.500,40.500,sprint,963,2204,2.8977,397,0,0,0
stage16d,south,3,90.0,128.500,38.500,sprint,963,2209,3.0152,443,0,0,0
stage16d,south,3,92.0,128.500,36.500,sprint,963,2160,2.9485,441,0,0,0
stage16d,south,3,94.0,128.500,34.500,sprint,963,2161,2.8219,440,0,0,0
stage16d,south,3,96.0,128.500,32.500,sprint,963,2163,2.9732,438,0,0,0
stage16d,south,3,98.0,128.500,30.500,sprint,963,2165,2.9783,487,0,0,0
stage16d,south,3,100.0,128.500,28.500,sprint,963,2119,3.2743,482,0,0,0
stage16d,south,3,102.0,128.500,26.500,sprint,963,2123,3.3145,478,0,0,0
stage16d,south,3,104.0,128.500,24.500,sprint,963,2123,2.7834,478,0,0,0
stage16d,south,3,106.0,128.500,22.500,sprint,963,2125,2.9076,527,0,0,0
stage16d,south,3,108.0,128.500,20.500,sprint,963,2077,2.9007,524,0,0,0
stage16d,south,3,110.0,128.500,18.500,sprint,963,2082,3.0497,519,0,0,0
stage16d,south,3,112.0,128.500,16.500,sprint,963,2087,2.5702,514,0,0,0
stage16d,south,3,114.0,128.500,14.500,sprint,963,2088,3.1030,564,0,0,0
stage16d,south,3,116.0,128.500,12.500,sprint,963,2037,2.0204,564,0,0,0
stage16d,south,3,118.0,128.500,10.500,sprint,963,2037,1.8196,564,0,0,0
stage16d,south,3,120.0,128.500,8.500,sprint,963,2037,1.6755,564,0,0,0
stage16d,south,3,122.0,128.500,6.500,sprint,963,2039,1.8941,613,0,0,0
stage16d,south,3,124.0,128.500,4.500,sprint,963,1988,1.7594,613,0,0,0
stage16d,south,3,126.0,128.500,2.500,sprint,963,1989,1.6900,612,0,0,0
stage16d,south,3,128.0,128.500,0.500,sprint,963,1989,1.6426,612,0,0,0
stage16d,south,3,132.0,128.500,-3.500,free_fly,961,1989,1.7067,663,0,0,0
stage16d,south,3,136.0,128.500,-7.500,free_fly,959,1938,2.9271,663,0,0,0
stage16d,south,3,140.0,128.500,-11.500,free_fly,957,1938,2.1498,714,0,0,0
stage16d,south,3,144.0,128.500,-15.500,free_fly,957,1887,1.9035,714,0,0,0
stage16d,south,3,148.0,128.500,-19.500,free_fly,957,1887,1.6785,765,0,0,0
stage16d,south,3,152.0,128.500,-23.500,free_fly,957,1836,1.7056,765,0,0,0
stage16d,south,3,156.0,128.500,-27.500,free_fly,957,1836,1.4806,816,0,0,0
stage16d,south,3,160.0,128.500,-31.500,free_fly,957,1785,1.3884,816,0,0,0
stage16d,south,3,164.0,128.500,-35.500,free_fly,957,1785,1.4018,867,0,0,0
stage16d,south,3,168.0,128.500,-39.500,free_fly,957,1734,1.3605,867,0,0,0
stage16d,south,3,172.0,128.500,-43.500,free_fly,957,1734,1.8401,918,0,0,0
stage16d,south,3,176.0,128.500,-47.500,free_fly,957,1683,1.4521,918,0,0,0
stage16d,south,3,180.0,128.500,-51.500,free_fly,957,1683,1.3559,969,0,0,0
stage16d,south,3,184.0,128.500,-55.500,free_fly,957,1632,1.3129,969,0,0,0
stage16d,south,3,188.0,128.500,-59.500,free_fly,957,1632,1.3403,1020,0,0,0
stage16d,south,3,192.0,128.500,-63.500,free_fly,957,1581,1.3335,1020,0,0,0
stage16d,south,3,196.0,128.500,-67.500,free_fly,957,1581,1.5109,1071,0,0,0
stage16d,south,3,200.0,128.500,-71.500,free_fly,957,1530,1.4080,1071,0,0,0
stage16d,south,3,204.0,128.500,-75.500,free_fly,957,1530,1.3131,1122,0,0,0
stage16d,south,3,208.0,128.500,-79.500,free_fly,957,1482,1.6025,1119,0,0,0
stage16d,south,3,212.0,128.500,-83.500,free_fly,957,1484,1.5164,1168,0,0,0
stage16d,south,3,216.0,128.500,-87.500,free_fly,957,1433,1.5938,1168,0,0,0
stage16d,south,3,220.0,128.500,-91.500,free_fly,957,1433,2.2817,1219,0,0,0
stage16d,south,3,224.0,128.500,-95.500,free_fly,957,1383,2.5323,1218,0,0,0
stage16d,south,3,228.0,128.500,-99.500,free_fly,957,1388,4.2850,1264,0,0,0
stage16d,south,3,232.0,128.500,-103.500,free_fly,957,1345,6.2512,1256,0,0,0
stage16d,south,3,236.0,128.500,-107.500,free_fly,957,1346,6.2721,1306,0,0,0
stage16d,south,3,240.0,128.500,-111.500,free_fly,957,1302,5.9162,1299,0,0,0
stage16d,south,3,244.0,128.500,-115.500,free_fly,957,1308,5.5646,1344,0,0,0
stage16d,south,3,248.0,128.500,-119.500,free_fly,957,1260,6.1063,1341,0,0,0
stage16d,south,3,252.0,128.500,-123.500,free_fly,957,1269,6.5072,1383,0,0,0
stage16d,south,3,256.0,128.500,-127.500,free_fly,957,1221,5.4666,1380,0,0,0
stage16d,south,3,260.0,128.500,-131.500,free_fly,957,1224,5.1960,1428,0,0,0
stage16d,south,3,264.0,128.500,-135.500,free_fly,957,1173,4.9501,1428,0,0,0
stage16d,south,3,268.0,128.500,-139.500,free_fly,957,1173,4.8078,1479,0,0,0
stage16d,south,3,272.0,128.500,-143.500,free_fly,957,1122,4.6019,1479,0,0,0
stage16d,south,3,276.0,128.500,-147.500,free_fly,957,1122,3.5476,1530,0,0,0
stage16d,south,3,280.0,128.500,-151.500,free_fly,957,1071,3.1989,1530,0,0,0
stage16d,south,3,284.0,128.500,-155.500,free_fly,957,1071,2.8769,1581,0,0,0
stage16d,south,3,288.0,128.500,-159.500,free_fly,957,1020,3.0698,1581,0,0,0
stage16d,south,3,292.0,128.500,-163.500,free_fly,957,1020,3.0259,1632,0,0,0
stage16d,south,3,296.0,128.500,-167.500,free_fly,957,969,2.6458,1632,0,0,0
stage16d,south,3,300.0,128.500,-171.500,free_fly,957,969,2.3901,1683,0,0,0
stage16d,south,3,304.0,128.500,-175.500,free_fly,957,918,2.3292,1683,0,0,0
stage16d,south,3,308.0,128.500,-179.500,free_fly,957,923,2.5713,1729,0,0,0
stage16d,south,3,312.0,128.500,-183.500,free_fly,957,873,2.1708,1728,0,0,0
stage16d,south,3,316.0,128.500,-187.500,free_fly,957,873,1.9586,1779,0,0,0
stage16d,south,3,320.0,128.500,-191.500,free_fly,957,822,2.0455,1779,0,0,0
stage16d,south,3,324.0,128.500,-195.500,free_fly,957,823,1.9213,1829,0,0,0
stage16d,south,3,328.0,128.500,-199.500,free_fly,957,775,2.0328,1826,0,0,0
stage16d,south,3,332.0,128.500,-203.500,free_fly,957,779,2.0217,1873,0,0,0
stage16d,south,3,336.0,128.500,-207.500,free_fly,957,732,2.0884,1869,0,0,0
stage16d,south,3,340.0,128.500,-211.500,free_fly,957,734,1.8099,1918,0,0,0
stage16d,south,3,344.0,128.500,-215.500,free_fly,957,683,1.6246,1918,0,0,0
stage16d,south,3,348.0,128.500,-219.500,free_fly,957,683,1.6455,1969,0,0,0
stage16d,south,3,352.0,128.500,-223.500,free_fly,957,633,2.2966,1968,0,0,0
stage16d,south,3,356.0,128.500,-227.500,free_fly,957,635,1.7871,2017,0,0,0
stage16d,south,3,360.0,128.500,-231.500,free_fly,957,586,1.8244,2015,0,0,0
stage16d,south,3,364.0,128.500,-235.500,free_fly,957,589,1.8848,2063,0,0,0
stage16d,south,3,368.0,128.500,-239.500,free_fly,957,541,1.8893,2060,0,0,0
stage16d,south,3,372.0,128.500,-243.500,free_fly,957,542,1.7427,2110,0,0,0
stage16d,south,3,376.0,128.500,-247.500,free_fly,957,493,1.8426,2108,0,0,0
stage16d,south,3,380.0,128.500,-251.500,free_fly,957,493,1.6092,2159,0,0,0
stage16d,south,3,384.0,128.500,-255.500,free_fly,957,443,1.7483,2158,0,0,0
stage16d,south,3,388.0,128.500,-259.500,free_fly,957,444,2.2109,2208,0,0,0
stage16d,south,3,392.0,128.500,-263.500,free_fly,957,396,1.9766,2205,0,0,0
stage16d,south,3,396.0,128.500,-267.500,free_fly,957,399,2.0678,2253,0,0,0
stage16d,south,3,400.0,128.500,-271.500,free_fly,957,350,1.8860,2251,0,0,0
stage16d,south,3,404.0,128.500,-275.500,free_fly,957,354,2.3847,2298,0,0,0
stage16d,south,3,408.0,128.500,-279.500,free_fly,957,305,3.5191,2296,0,0,0
stage16d,south,4,408.0,128.500,-279.500,settle_outer,957,366,0.8585,2235,0,0,0
stage16d,south,4,408.0,128.500,-279.500,settle_outer,957,459,0.4497,2142,0,0,0
stage16d,south,4,408.0,128.500,-279.500,settle_outer,957,548,0.4848,2053,0,0,0
stage16d,south,4,408.0,128.500,-279.500,settle_outer,957,616,0.6596,1985,0,0,0
stage16d,south,4,408.0,128.500,-279.500,settle_outer,957,714,0.5293,1887,0,0,0
stage16d,south,4,408.0,128.500,-279.500,settle_outer,957,816,0.5511,1785,0,0,0
stage16d,south,4,408.0,128.500,-279.500,settle_outer,957,918,0.5867,1683,0,0,0
stage16d,south,4,408.0,128.500,-279.500,settle_outer,957,1050,0.5729,1551,0,0,0
stage16d,south,4,408.0,128.500,-279.500,settle_outer,957,1173,0.5934,1428,0,0,0
stage16d,south,4,408.0,128.500,-279.500,settle_outer,957,1326,0.6232,1275,0,0,0
stage16d,south,4,408.0,128.500,-279.500,settle_outer,957,1428,0.6618,1173,0,0,0
stage16d,south,4,408.0,128.500,-279.500,settle_outer,957,1581,0.7173,1020,0,0,0
stage16d,south,4,408.0,128.500,-279.500,settle_outer,957,1683,0.9844,918,0,0,0
stage16d,south,4,408.0,128.500,-279.500,settle_outer,957,1836,0.7497,765,0,0,0
stage16d,south,4,408.0,128.500,-279.500,settle_outer,957,1989,0.8010,612,0,0,0
stage16d,south,4,408.0,128.500,-279.500,settle_outer,957,2142,0.9220,459,0,0,0
stage16d,south,4,408.0,128.500,-279.500,settle_outer,957,2346,0.8473,255,0,0,0
stage16d,south,4,408.0,128.500,-279.500,settle_outer,957,2499,1.0041,102,0,0,0
stage16d,south,4,408.0,128.500,-279.500,settle_outer,957,2601,0.9876,0,0,0,0
stage16d,south,6,404.0,128.500,-275.500,free_fly,957,2601,1.2866,0,1,0,0
stage16d,south,6,400.0,128.500,-271.500,free_fly,957,2601,1.0255,51,1,0,0
stage16d,south,6,396.0,128.500,-267.500,free_fly,957,2601,5.5518,0,1,0,0
stage16d,south,6,392.0,128.500,-263.500,free_fly,957,2601,1.6391,51,0,0,0
stage16d,south,6,388.0,128.500,-259.500,free_fly,957,2601,6.2030,0,0,0,0
stage16d,south,6,384.0,128.500,-255.500,free_fly,957,2601,1.7713,51,0,0,0
stage16d,south,6,380.0,128.500,-251.500,free_fly,957,2601,6.8390,0,0,0,0
stage16d,south,6,376.0,128.500,-247.500,free_fly,957,2601,1.6670,51,0,0,0
stage16d,south,6,372.0,128.500,-243.500,free_fly,957,2601,6.4523,0,0,0,0
stage16d,south,6,368.0,128.500,-239.500,free_fly,957,2601,1.6113,51,0,0,0
stage16d,south,6,364.0,128.500,-235.500,free_fly,957,2601,6.4799,0,0,0,0
stage16d,south,6,360.0,128.500,-231.500,free_fly,957,2601,1.8416,51,0,0,0
stage16d,south,6,356.0,128.500,-227.500,free_fly,957,2601,6.2715,0,0,0,0
stage16d,south,6,352.0,128.500,-223.500,free_fly,957,2601,1.7393,51,0,0,0
stage16d,south,6,348.0,128.500,-219.500,free_fly,957,2601,7.7517,0,0,0,0
stage16d,south,6,344.0,128.500,-215.500,free_fly,957,2601,1.6636,51,0,0,0
stage16d,south,6,340.0,128.500,-211.500,free_fly,957,2601,6.1990,0,0,0,0
stage16d,south,6,336.0,128.500,-207.500,free_fly,957,2601,1.5755,51,0,0,0
stage16d,south,6,332.0,128.500,-203.500,free_fly,957,2601,6.7130,0,0,0,0
stage16d,south,6,328.0,128.500,-199.500,free_fly,957,2601,1.5720,51,0,0,0
stage16d,south,6,324.0,128.500,-195.500,free_fly,957,2601,6.3382,0,0,0,0
stage16d,south,6,320.0,128.500,-191.500,free_fly,957,2601,2.0885,51,0,0,0
stage16d,south,6,316.0,128.500,-187.500,free_fly,957,2601,6.8281,0,0,0,0
stage16d,south,6,312.0,128.500,-183.500,free_fly,957,2601,2.6607,51,0,0,0
stage16d,south,6,308.0,128.500,-179.500,free_fly,957,2601,7.0333,0,0,0,0
stage16d,south,6,304.0,128.500,-175.500,free_fly,957,2601,2.6007,51,0,0,0
stage16d,south,6,300.0,128.500,-171.500,free_fly,957,2601,7.1256,0,0,0,0
stage16d,south,6,296.0,128.500,-167.500,free_fly,957,2601,2.6595,51,0,0,0
stage16d,south,6,292.0,128.500,-163.500,free_fly,957,2601,6.8985,0,0,0,0
stage16d,south,6,288.0,128.500,-159.500,free_fly,957,2601,3.4473,51,0,0,0
stage16d,south,6,284.0,128.500,-155.500,free_fly,957,2601,8.1625,0,0,0,0
stage16d,south,6,280.0,128.500,-151.500,free_fly,957,2601,3.8234,51,0,0,0
stage16d,south,6,276.0,128.500,-147.500,free_fly,957,2601,8.3223,0,0,0,0
stage16d,south,6,272.0,128.500,-143.500,free_fly,957,2601,3.8728,51,0,0,0
stage16d,south,6,268.0,128.500,-139.500,free_fly,957,2601,9.3513,0,0,0,0
stage16d,south,6,264.0,128.500,-135.500,free_fly,957,2601,3.6638,51,0,0,0
stage16d,south,6,260.0,128.500,-131.500,free_fly,957,2601,8.0607,0,0,0,0
stage16d,south,6,256.0,128.500,-127.500,free_fly,957,2601,3.5859,51,0,0,0
stage16d,south,6,252.0,128.500,-123.500,free_fly,957,2601,7.1981,0,0,0,0
stage16d,south,6,248.0,128.500,-119.500,free_fly,957,2601,2.5956,51,0,0,0
stage16d,south,6,244.0,128.500,-115.500,free_fly,957,2601,7.7472,0,0,0,0
stage16d,south,6,240.0,128.500,-111.500,free_fly,957,2601,2.5572,51,0,0,0
stage16d,south,6,236.0,128.500,-107.500,free_fly,957,2601,6.4799,0,0,0,0
stage16d,south,6,232.0,128.500,-103.500,free_fly,957,2601,2.0970,51,0,0,0
stage16d,south,6,228.0,128.500,-99.500,free_fly,957,2601,6.8472,0,0,0,0
stage16d,south,6,224.0,128.500,-95.500,free_fly,957,2601,2.0884,51,0,0,0
stage16d,south,6,220.0,128.500,-91.500,free_fly,957,2601,6.2350,0,0,0,0
stage16d,south,6,216.0,128.500,-87.500,free_fly,957,2601,1.7029,51,0,0,0
stage16d,south,6,212.0,128.500,-83.500,free_fly,957,2601,6.1962,0,0,0,0
stage16d,south,6,208.0,128.500,-79.500,free_fly,957,2601,1.5702,51,0,0,0
stage16d,south,6,204.0,128.500,-75.500,free_fly,957,2601,5.7963,0,0,0,0
stage16d,south,6,200.0,128.500,-71.500,free_fly,957,2601,1.7065,51,0,0,0
stage16d,south,6,196.0,128.500,-67.500,free_fly,957,2601,6.0062,0,0,0,0
stage16d,south,6,192.0,128.500,-63.500,free_fly,957,2601,1.8857,51,0,0,0
stage16d,south,6,188.0,128.500,-59.500,free_fly,957,2601,5.9290,0,0,0,0
stage16d,south,6,184.0,128.500,-55.500,free_fly,957,2601,1.6568,51,0,0,0
stage16d,south,6,180.0,128.500,-51.500,free_fly,957,2601,6.8947,0,0,0,0
stage16d,south,6,176.0,128.500,-47.500,free_fly,957,2601,2.0436,51,0,0,0
stage16d,south,6,172.0,128.500,-43.500,free_fly,957,2601,5.9546,0,0,0,0
stage16d,south,6,168.0,128.500,-39.500,free_fly,957,2601,1.6782,51,0,0,0
stage16d,south,6,164.0,128.500,-35.500,free_fly,957,2601,6.0363,0,0,0,0
stage16d,south,6,160.0,128.500,-31.500,free_fly,957,2601,2.0778,51,0,0,0
stage16d,south,6,156.0,128.500,-27.500,free_fly,957,2601,10.1800,0,0,0,0
stage16d,south,6,152.0,128.500,-23.500,free_fly,957,2601,2.8643,51,0,0,0
stage16d,south,6,148.0,128.500,-19.500,free_fly,957,2601,8.0451,0,0,0,0
stage16d,south,6,144.0,128.500,-15.500,free_fly,957,2601,3.4588,51,0,0,0
stage16d,south,6,140.0,128.500,-11.500,free_fly,957,2601,8.6134,0,0,0,0
stage16d,south,6,136.0,128.500,-7.500,free_fly,957,2601,3.6040,51,0,0,0
stage16d,south,6,132.0,128.500,-3.500,free_fly,957,2601,8.1988,0,0,0,0
stage16d,south,6,128.0,128.500,0.500,free_fly,957,2601,4.7187,51,0,0,0
stage16d,south,6,126.0,128.500,2.500,sprint,957,2601,8.8611,0,0,0,0
stage16d,south,6,124.0,128.500,4.500,sprint,959,2601,2.6580,0,0,0,0
stage16d,south,6,122.0,128.500,6.500,sprint,959,2601,2.7873,0,0,0,0
stage16d,south,6,120.0,128.500,8.500,sprint,961,2601,3.9863,51,0,0,0
stage16d,south,6,118.0,128.500,10.500,sprint,961,2601,7.4458,0,0,0,0
stage16d,south,6,116.0,128.500,12.500,sprint,963,2601,2.7126,0,0,0,0
stage16d,south,6,114.0,128.500,14.500,sprint,963,2601,2.8764,0,0,0,0
stage16d,south,6,112.0,128.500,16.500,sprint,963,2601,3.2023,51,0,0,0
stage16d,south,6,110.0,128.500,18.500,sprint,963,2601,7.1700,0,0,0,0
stage16d,south,6,108.0,128.500,20.500,sprint,963,2601,2.6536,0,0,0,0
stage16d,south,6,106.0,128.500,22.500,sprint,963,2601,2.6914,0,0,0,0
stage16d,south,6,104.0,128.500,24.500,sprint,963,2601,3.2053,51,0,0,0
stage16d,south,6,102.0,128.500,26.500,sprint,963,2601,7.3118,0,0,0,0
stage16d,south,6,100.0,128.500,28.500,sprint,963,2601,2.9823,0,0,0,0
stage16d,south,6,98.0,128.500,30.500,sprint,963,2601,2.9910,0,0,0,0
stage16d,south,6,96.0,128.500,32.500,sprint,963,2601,3.4103,51,0,0,0
stage16d,south,6,94.0,128.500,34.500,sprint,963,2601,7.1794,0,0,0,0
stage16d,south,6,92.0,128.500,36.500,sprint,963,2601,2.5540,0,0,0,0
stage16d,south,6,90.0,128.500,38.500,sprint,963,2601,2.3531,0,0,0,0
stage16d,south,6,88.0,128.500,40.500,sprint,963,2601,2.4215,51,0,0,0
stage16d,south,6,86.0,128.500,42.500,sprint,963,2601,7.4136,0,0,0,0
stage16d,south,6,84.0,128.500,44.500,sprint,963,2601,2.1582,0,0,0,0
stage16d,south,6,82.0,128.500,46.500,sprint,963,2601,2.1063,0,0,0,0
stage16d,south,6,80.0,128.500,48.500,sprint,963,2601,1.9678,51,0,0,0
stage16d,south,6,78.0,128.500,50.500,sprint,963,2601,6.5148,0,0,0,0
stage16d,south,6,76.0,128.500,52.500,sprint,963,2601,1.9483,0,0,0,0
stage16d,south,6,74.0,128.500,54.500,sprint,963,2601,1.8677,0,0,0,0
stage16d,south,6,72.0,128.500,56.500,sprint,963,2601,1.8696,51,0,0,0
stage16d,south,6,70.0,128.500,58.500,sprint,963,2601,6.0051,0,0,0,0
stage16d,south,6,68.0,128.500,60.500,sprint,963,2601,1.9161,0,0,0,0
stage16d,south,6,66.0,128.500,62.500,sprint,963,2601,1.9387,0,0,0,0
stage16d,south,6,64.0,128.500,64.500,sprint,963,2601,1.5540,51,0,0,0
stage16d,south,6,63.0,128.500,65.500,walk,963,2601,5.7502,0,0,0,0
stage16d,south,6,62.0,128.500,66.500,walk,965,2601,1.1604,0,0,0,0
stage16d,south,6,61.0,128.500,67.500,walk,965,2601,1.1295,0,0,0,0
stage16d,south,6,60.0,128.500,68.500,walk,967,2601,1.1245,0,0,0,0
stage16d,south,6,59.0,128.500,69.500,walk,967,2601,1.1115,0,0,0,0
stage16d,south,6,58.0,128.500,70.500,walk,969,2601,1.1148,0,0,0,0
stage16d,south,6,57.0,128.500,71.500,walk,969,2601,1.2787,0,0,0,0
stage16d,south,6,56.0,128.500,72.500,walk,971,2601,1.7584,51,0,0,0
stage16d,south,6,55.0,128.500,73.500,walk,971,2601,5.6253,0,0,0,0
stage16d,south,6,54.0,128.500,74.500,walk,973,2601,1.1012,0,0,0,0
stage16d,south,6,53.0,128.500,75.500,walk,973,2601,1.0516,0,0,0,0
stage16d,south,6,52.0,128.500,76.500,walk,975,2601,1.0633,0,0,0,0
stage16d,south,6,51.0,128.500,77.500,walk,975,2601,1.0331,0,0,0,0
stage16d,south,6,50.0,128.500,78.500,walk,975,2601,1.0233,0,0,0,0
stage16d,south,6,49.0,128.500,79.500,walk,975,2601,1.0573,0,0,0,0
stage16d,south,6,48.0,128.500,80.500,walk,975,2601,1.0262,51,0,0,0
stage16d,south,6,47.0,128.500,81.500,walk,975,2601,7.2620,0,0,0,0
stage16d,south,6,46.0,128.500,82.500,walk,975,2601,1.4187,0,0,0,0
stage16d,south,6,45.0,128.500,83.500,walk,975,2601,1.3430,0,0,0,0
stage16d,south,6,44.0,128.500,84.500,walk,975,2601,1.3402,0,0,0,0
stage16d,south,6,43.0,128.500,85.500,walk,975,2601,1.3243,0,0,0,0
stage16d,south,6,42.0,128.500,86.500,walk,975,2601,1.4243,0,0,0,0
stage16d,south,6,41.0,128.500,87.500,walk,975,2601,1.3027,0,0,0,0
stage16d,south,6,40.0,128.500,88.500,walk,975,2601,1.5497,51,0,0,0
stage16d,south,6,39.0,128.500,89.500,walk,975,2601,5.6502,0,0,0,0
stage16d,south,6,38.0,128.500,90.500,walk,975,2601,1.0317,0,0,0,0
stage16d,south,6,37.0,128.500,91.500,walk,975,2601,0.9758,0,0,0,0
stage16d,south,6,36.0,128.500,92.500,walk,975,2601,1.0165,0,0,0,0
stage16d,south,6,35.0,128.500,93.500,walk,975,2601,0.9922,0,0,0,0
stage16d,south,6,34.0,128.500,94.500,walk,975,2601,0.9922,0,0,0,0
stage16d,south,6,33.0,128.500,95.500,walk,975,2601,0.9886,0,0,0,0
stage16d,south,6,32.0,128.500,96.500,walk,975,2601,1.0106,51,0,0,0
stage16d,south,6,31.0,128.500,97.500,walk,975,2601,5.5480,0,0,0,0
stage16d,south,6,30.0,128.500,98.500,walk,975,2601,1.6003,0,0,0,0
stage16d,south,6,29.0,128.500,99.500,walk,975,2601,1.4157,0,0,0,0
stage16d,south,6,28.0,128.500,100.500,walk,975,2601,1.0367,0,0,0,0
stage16d,south,6,27.0,128.500,101.500,walk,975,2601,1.0304,0,0,0,0
stage16d,south,6,26.0,128.500,102.500,walk,975,2601,1.0092,0,0,0,0
stage16d,south,6,25.0,128.500,103.500,walk,975,2601,1.0080,0,0,0,0
stage16d,south,6,24.0,128.500,104.500,walk,975,2601,0.9985,51,0,0,0
stage16d,south,6,23.0,128.500,105.500,walk,975,2601,5.2120,0,0,0,0
stage16d,south,6,22.0,128.500,106.500,walk,975,2601,1.0843,0,0,0,0
stage16d,south,6,21.0,128.500,107.500,walk,975,2601,1.0061,0,0,0,0
stage16d,south,6,20.0,128.500,108.500,walk,975,2601,1.0863,0,0,0,0
stage16d,south,6,19.0,128.500,109.500,walk,975,2601,1.5376,0,0,0,0
stage16d,south,6,18.0,128.500,110.500,walk,975,2601,1.4747,0,0,0,0
stage16d,south,6,17.0,128.500,111.500,walk,975,2601,1.1172,0,0,0,0
stage16d,south,6,16.0,128.500,112.500,walk,975,2601,1.0100,51,0,0,0
stage16d,south,6,15.0,128.500,113.500,walk,975,2601,5.1458,0,0,0,0
stage16d,south,6,14.0,128.500,114.500,walk,975,2601,1.0334,0,0,0,0
stage16d,south,6,13.0,128.500,115.500,walk,975,2601,1.0500,0,0,0,0
stage16d,south,6,12.0,128.500,116.500,walk,975,2601,1.2352,0,0,0,0
stage16d,south,6,11.0,128.500,117.500,walk,975,2601,1.0295,0,0,0,0
stage16d,south,6,10.0,128.500,118.500,walk,975,2601,1.0494,0,0,0,0
stage16d,south,6,9.0,128.500,119.500,walk,975,2601,1.0942,0,0,0,0
stage16d,south,6,8.0,128.500,120.500,walk,975,2601,1.4790,51,0,0,0
stage16d,south,6,7.0,128.500,121.500,walk,975,2601,5.8756,0,0,0,0
stage16d,south,6,6.0,128.500,122.500,walk,975,2601,1.1690,0,0,0,0
stage16d,south,6,5.0,128.500,123.500,walk,975,2601,1.1311,0,0,0,0
stage16d,south,6,4.0,128.500,124.500,walk,975,2601,1.2034,0,0,0,0
stage16d,south,6,3.0,128.500,125.500,walk,975,2601,1.4208,0,0,0,0
stage16d,south,6,2.0,128.500,126.500,walk,975,2601,1.3519,0,0,0,0
stage16d,south,6,1.0,128.500,127.500,walk,975,2601,1.3520,0,0,0,0
stage16d,south,6,0.0,128.500,128.500,walk,975,2601,1.3543,51,0,0,0
stage16d,south,7,0.0,128.500,128.500,settle_return,975,2601,0.8502,0,0,0,0
stage16d,south,7,0.0,128.500,128.500,settle_return,975,2601,1.0462,0,0,0,0
stage16d,south,7,0.0,128.500,128.500,settle_return,975,2601,0.8704,0,0,0,0
stage16d,south,7,0.0,128.500,128.500,settle_return,975,2601,0.9107,0,0,0,0
stage16d,west,1,0.0,128.500,128.500,settle_origin,797,139,0.4502,2462,0,0,0
stage16d,west,1,0.0,128.500,128.500,settle_origin,797,240,0.4609,2361,0,0,0
stage16d,west,1,0.0,128.500,128.500,settle_origin,797,348,0.5907,2253,0,0,0
stage16d,west,1,0.0,128.500,128.500,settle_origin,797,477,0.5267,2124,0,0,0
stage16d,west,1,0.0,128.500,128.500,settle_origin,797,626,0.3841,1975,0,0,0
stage16d,west,1,0.0,128.500,128.500,settle_origin,797,793,0.5140,1808,0,0,0
stage16d,west,1,0.0,128.500,128.500,settle_origin,797,947,0.4451,1654,0,0,0
stage16d,west,1,0.0,128.500,128.500,settle_origin,797,1081,0.7840,1520,0,0,0
stage16d,west,1,0.0,128.500,128.500,settle_origin,797,1231,1.2086,1370,0,0,0
stage16d,west,1,0.0,128.500,128.500,settle_origin,797,1384,0.5436,1217,0,0,0
stage16d,west,1,0.0,128.500,128.500,settle_origin,797,1554,0.5322,1047,0,0,0
stage16d,west,1,0.0,128.500,128.500,settle_origin,797,1749,0.5823,852,0,0,0
stage16d,west,1,0.0,128.500,128.500,settle_origin,797,1986,0.7811,615,0,0,0
stage16d,west,1,0.0,128.500,128.500,settle_origin,797,2229,0.6221,372,0,0,0
stage16d,west,1,0.0,128.500,128.500,settle_origin,797,2393,0.8303,208,0,0,0
stage16d,west,1,0.0,128.500,128.500,settle_origin,797,2601,0.6321,0,0,0,0
stage16d,west,1,0.0,128.500,128.500,settle_origin,797,2601,0.8194,0,0,0,0
stage16d,west,3,1.0,127.500,128.500,walk,830,2601,0.8414,51,1,0,0
stage16d,west,3,2.0,126.500,128.500,walk,863,2601,5.0674,0,0,0,0
stage16d,west,3,3.0,125.500,128.500,walk,896,2601,0.9132,0,0,0,0
stage16d,west,3,4.0,124.500,128.500,walk,929,2601,0.8575,0,0,0,0
stage16d,west,3,5.0,123.500,128.500,walk,947,2601,1.1537,0,0,0,0
stage16d,west,3,6.0,122.500,128.500,walk,957,2601,1.3558,0,0,0,0
stage16d,west,3,7.0,121.500,128.500,walk,963,2601,1.1725,0,0,0,0
stage16d,west,3,8.0,120.500,128.500,walk,967,2601,0.8731,0,0,0,0
stage16d,west,3,9.0,119.500,128.500,walk,969,2601,0.8576,51,0,0,0
stage16d,west,3,10.0,118.500,128.500,walk,971,2601,5.1026,0,0,0,0
stage16d,west,3,11.0,117.500,128.500,walk,973,2601,0.9246,0,0,0,0
stage16d,west,3,12.0,116.500,128.500,walk,975,2601,0.8734,0,0,0,0
stage16d,west,3,13.0,115.500,128.500,walk,975,2601,0.8804,0,0,0,0
stage16d,west,3,14.0,114.500,128.500,walk,975,2601,0.8888,0,0,0,0
stage16d,west,3,15.0,113.500,128.500,walk,975,2601,0.8685,0,0,0,0
stage16d,west,3,16.0,112.500,128.500,walk,975,2601,0.9348,0,0,0,0
stage16d,west,3,17.0,111.500,128.500,walk,975,2601,0.8940,51,0,0,0
stage16d,west,3,18.0,110.500,128.500,walk,975,2564,2.8754,37,0,0,0
stage16d,west,3,19.0,109.500,128.500,walk,975,2568,1.3677,33,0,0,0
stage16d,west,3,20.0,108.500,128.500,walk,975,2571,1.1387,30,0,0,0
stage16d,west,3,21.0,107.500,128.500,walk,975,2573,1.0460,28,0,0,0
stage16d,west,3,22.0,106.500,128.500,walk,975,2575,1.2989,26,0,0,0
stage16d,west,3,23.0,105.500,128.500,walk,975,2577,1.1002,24,0,0,0
stage16d,west,3,24.0,104.500,128.500,walk,975,2577,0.8881,24,0,0,0
stage16d,west,3,25.0,103.500,128.500,walk,975,2577,0.8824,75,0,0,0
stage16d,west,3,26.0,102.500,128.500,walk,975,2526,1.1340,75,0,0,0
stage16d,west,3,27.0,101.500,128.500,walk,975,2526,0.9085,75,0,0,0
stage16d,west,3,28.0,100.500,128.500,walk,975,2526,0.8779,75,0,0,0
stage16d,west,3,29.0,99.500,128.500,walk,975,2527,0.9755,74,0,0,0
stage16d,west,3,30.0,98.500,128.500,walk,975,2527,0.9365,74,0,0,0
stage16d,west,3,31.0,97.500,128.500,walk,975,2528,0.9945,73,0,0,0
stage16d,west,3,32.0,96.500,128.500,walk,975,2529,1.5573,72,0,0,0
stage16d,west,3,33.0,95.500,128.500,walk,975,2530,1.6288,122,0,0,0
stage16d,west,3,34.0,94.500,128.500,walk,975,2479,1.1791,122,0,0,0
stage16d,west,3,35.0,93.500,128.500,walk,975,2479,1.1784,122,0,0,0
stage16d,west,3,36.0,92.500,128.500,walk,975,2480,1.3266,121,0,0,0
stage16d,west,3,37.0,91.500,128.500,walk,975,2482,1.5083,119,0,0,0
stage16d,west,3,38.0,90.500,128.500,walk,975,2483,1.3766,118,0,0,0
stage16d,west,3,39.0,89.500,128.500,walk,975,2487,1.6784,114,0,0,0
stage16d,west,3,40.0,88.500,128.500,walk,975,2491,1.7555,110,0,0,0
stage16d,west,3,41.0,87.500,128.500,walk,975,2495,1.7652,157,0,0,0
stage16d,west,3,42.0,86.500,128.500,walk,975,2446,1.6158,155,0,0,0
stage16d,west,3,43.0,85.500,128.500,walk,975,2446,2.1549,155,0,0,0
stage16d,west,3,44.0,84.500,128.500,walk,975,2447,2.1051,154,0,0,0
stage16d,west,3,45.0,83.500,128.500,walk,975,2447,1.8794,154,0,0,0
stage16d,west,3,46.0,82.500,128.500,walk,975,2447,1.6549,154,0,0,0
stage16d,west,3,47.0,81.500,128.500,walk,975,2448,1.7216,153,0,0,0
stage16d,west,3,48.0,80.500,128.500,walk,975,2448,1.6775,153,0,0,0
stage16d,west,3,49.0,79.500,128.500,walk,975,2448,1.6972,204,0,0,0
stage16d,west,3,50.0,78.500,128.500,walk,975,2397,1.8555,204,0,0,0
stage16d,west,3,51.0,77.500,128.500,walk,975,2397,1.6985,204,0,0,0
stage16d,west,3,52.0,76.500,128.500,walk,975,2397,2.4094,204,0,0,0
stage16d,west,3,53.0,75.500,128.500,walk,975,2397,2.5877,204,0,0,0
stage16d,west,3,54.0,74.500,128.500,walk,975,2397,1.8263,204,0,0,0
stage16d,west,3,55.0,73.500,128.500,walk,975,2397,1.5786,204,0,0,0
stage16d,west,3,56.0,72.500,128.500,walk,975,2397,1.4872,204,0,0,0
stage16d,west,3,57.0,71.500,128.500,walk,975,2397,1.4740,255,0,0,0
stage16d,west,3,58.0,70.500,128.500,walk,975,2346,1.4548,255,0,0,0
stage16d,west,3,59.0,69.500,128.500,walk,975,2346,1.4546,255,0,0,0
stage16d,west,3,60.0,68.500,128.500,walk,975,2346,1.5679,255,0,0,0
stage16d,west,3,61.0,67.500,128.500,walk,975,2346,1.7428,255,0,0,0
stage16d,west,3,62.0,66.500,128.500,walk,975,2346,2.0857,255,0,0,0
stage16d,west,3,63.0,65.500,128.500,walk,975,2346,1.9836,255,0,0,0
stage16d,west,3,64.0,64.500,128.500,walk,975,2346,1.6987,255,0,0,0
stage16d,west,3,66.0,62.500,128.500,sprint,973,2346,1.7393,306,0,0,0
stage16d,west,3,68.0,60.500,128.500,sprint,971,2295,2.8044,306,0,0,0
stage16d,west,3,70.0,58.500,128.500,sprint,969,2295,2.7059,306,0,0,0
stage16d,west,3,72.0,56.500,128.500,sprint,967,2295,2.7885,306,0,0,0
stage16d,west,3,74.0,54.500,128.500,sprint,965,2295,3.4777,357,0,0,0
stage16d,west,3,76.0,52.500,128.500,sprint,963,2246,2.9613,355,0,0,0
stage16d,west,3,78.0,50.500,128.500,sprint,963,2250,2.5115,351,0,0,0
stage16d,west,3,80.0,48.500,128.500,sprint,963,2251,1.9680,350,0,0,0
stage16d,west,3,82.0,46.500,128.500,sprint,963,2251,1.7065,401,0,0,0
stage16d,west,3,84.0,44.500,128.500,sprint,963,2201,1.6841,400,0,0,0
stage16d,west,3,86.0,42.500,128.500,sprint,963,2203,1.6276,398,0,0,0
stage16d,west,3,88.0,40.500,128.500,sprint,963,2204,1.7237,397,0,0,0
stage16d,west,3,90.0,38.500,128.500,sprint,963,2204,2.2836,448,0,0,0
stage16d,west,3,92.0,36.500,128.500,sprint,963,2154,1.4129,447,0,0,0
stage16d,west,3,94.0,34.500,128.500,sprint,963,2156,1.4189,445,0,0,0
stage16d,west,3,96.0,32.500,128.500,sprint,963,2158,1.4163,443,0,0,0
stage16d,west,3,98.0,30.500,128.500,sprint,963,2159,1.2248,493,0,0,0
stage16d,west,3,100.0,28.500,128.500,sprint,963,2110,1.2690,491,0,0,0
stage16d,west,3,102.0,26.500,128.500,sprint,963,2113,1.2809,488,0,0,0
stage16d,west,3,104.0,24.500,128.500,sprint,963,2114,1.1000,487,0,0,0
stage16d,west,3,106.0,22.500,128.500,sprint,963,2118,1.3257,534,0,0,0
stage16d,west,3,108.0,20.500,128.500,sprint,963,2068,1.1521,533,0,0,0
stage16d,west,3,110.0,18.500,128.500,sprint,963,2068,1.0529,533,0,0,0
stage16d,west,3,112.0,16.500,128.500,sprint,963,2068,1.1186,533,0,0,0
stage16d,west,3,114.0,14.500,128.500,sprint,963,2069,1.5163,583,0,0,0
stage16d,west,3,116.0,12.500,128.500,sprint,963,2018,1.3297,583,0,0,0
stage16d,west,3,118.0,10.500,128.500,sprint,963,2018,1.0266,583,0,0,0
stage16d,west,3,120.0,8.500,128.500,sprint,963,2020,1.1549,581,0,0,0
stage16d,west,3,122.0,6.500,128.500,sprint,963,2021,1.1582,631,0,0,0
stage16d,west,3,124.0,4.500,128.500,sprint,963,1970,1.0268,631,0,0,0
stage16d,west,3,126.0,2.500,128.500,sprint,963,1970,0.9947,631,0,0,0
stage16d,west,3,128.0,0.500,128.500,sprint,963,1970,0.9914,631,0,0,0
stage16d,west,3,132.0,-3.500,128.500,free_fly,961,1970,0.9932,682,0,0,0
stage16d,west,3,136.0,-7.500,128.500,free_fly,959,1920,1.5543,681,0,0,0
stage16d,west,3,140.0,-11.500,128.500,free_fly,957,1921,1.5154,731,0,0,0
stage16d,west,3,144.0,-15.500,128.500,free_fly,957,1872,1.5847,729,0,0,0
stage16d,west,3,148.0,-19.500,128.500,free_fly,957,1876,1.9277,776,0,0,0
stage16d,west,3,152.0,-23.500,128.500,free_fly,957,1832,3.5769,769,0,0,0
stage16d,west,3,156.0,-27.500,128.500,free_fly,957,1836,3.8581,816,0,0,0
stage16d,west,3,160.0,-31.500,128.500,free_fly,957,1785,3.6736,816,0,0,0
stage16d,west,3,164.0,-35.500,128.500,free_fly,957,1785,3.9446,867,0,0,0
stage16d,west,3,168.0,-39.500,128.500,free_fly,957,1734,4.2657,867,0,0,0
stage16d,west,3,172.0,-43.500,128.500,free_fly,957,1734,6.1389,918,0,0,0
stage16d,west,3,176.0,-47.500,128.500,free_fly,957,1683,6.1290,918,0,0,0
stage16d,west,3,180.0,-51.500,128.500,free_fly,957,1683,6.4927,969,0,0,0
stage16d,west,3,184.0,-55.500,128.500,free_fly,957,1632,6.1472,969,0,0,0
stage16d,west,3,188.0,-59.500,128.500,free_fly,957,1632,6.7203,1020,0,0,0
stage16d,west,3,192.0,-63.500,128.500,free_fly,957,1581,6.2425,1020,0,0,0
stage16d,west,3,196.0,-67.500,128.500,free_fly,957,1581,5.4560,1071,0,0,0
stage16d,west,3,200.0,-71.500,128.500,free_fly,957,1530,4.2570,1071,0,0,0
stage16d,west,3,204.0,-75.500,128.500,free_fly,957,1530,3.6773,1122,0,0,0
stage16d,west,3,208.0,-79.500,128.500,free_fly,957,1482,3.5053,1119,0,0,0
stage16d,west,3,212.0,-83.500,128.500,free_fly,957,1486,3.2996,1166,0,0,0
stage16d,west,3,216.0,-87.500,128.500,free_fly,957,1436,2.2978,1165,0,0,0
stage16d,west,3,220.0,-91.500,128.500,free_fly,957,1436,2.0193,1216,0,0,0
stage16d,west,3,224.0,-95.500,128.500,free_fly,957,1388,2.2126,1213,0,0,0
stage16d,west,3,228.0,-99.500,128.500,free_fly,957,1389,2.7176,1263,0,0,0
stage16d,west,3,232.0,-103.500,128.500,free_fly,957,1339,2.6949,1262,0,0,0
stage16d,west,3,236.0,-107.500,128.500,free_fly,957,1340,2.6975,1312,0,0,0
stage16d,west,3,240.0,-111.500,128.500,free_fly,957,1292,2.9378,1309,0,0,0
stage16d,west,3,244.0,-115.500,128.500,free_fly,957,1296,2.9789,1356,0,0,0
stage16d,west,3,248.0,-119.500,128.500,free_fly,957,1250,3.5585,1351,0,0,0
stage16d,west,3,252.0,-123.500,128.500,free_fly,957,1253,3.0427,1399,0,0,0
stage16d,west,3,256.0,-127.500,128.500,free_fly,957,1203,3.1459,1398,0,0,0
stage16d,west,3,260.0,-131.500,128.500,free_fly,957,1203,2.3471,1449,0,0,0
stage16d,west,3,264.0,-135.500,128.500,free_fly,957,1153,1.9372,1448,0,0,0
stage16d,west,3,268.0,-139.500,128.500,free_fly,957,1153,1.7471,1499,0,0,0
stage16d,west,3,272.0,-143.500,128.500,free_fly,957,1104,3.7365,1497,0,0,0
stage16d,west,3,276.0,-147.500,128.500,free_fly,957,1108,5.4527,1544,0,0,0
stage16d,west,3,280.0,-151.500,128.500,free_fly,957,1071,7.6767,1530,0,0,0
stage16d,west,3,284.0,-155.500,128.500,free_fly,957,1071,6.3022,1581,0,0,0
stage16d,west,3,288.0,-159.500,128.500,free_fly,957,1020,8.7606,1581,0,0,0
stage16d,west,3,292.0,-163.500,128.500,free_fly,957,1020,7.3250,1632,0,0,0
stage16d,west,3,296.0,-167.500,128.500,free_fly,957,969,7.9242,1632,0,0,0
stage16d,west,3,300.0,-171.500,128.500,free_fly,957,969,6.5276,1683,0,0,0
stage16d,west,3,304.0,-175.500,128.500,free_fly,957,918,6.1043,1683,0,0,0
stage16d,west,3,308.0,-179.500,128.500,free_fly,957,918,4.3231,1734,0,0,0
stage16d,west,3,312.0,-183.500,128.500,free_fly,957,867,3.8500,1734,0,0,0
stage16d,west,3,316.0,-187.500,128.500,free_fly,957,867,3.5568,1785,0,0,0
stage16d,west,3,320.0,-191.500,128.500,free_fly,957,819,3.4499,1782,0,0,0
stage16d,west,3,324.0,-195.500,128.500,free_fly,957,825,2.8994,1827,0,0,0
stage16d,west,3,328.0,-199.500,128.500,free_fly,957,775,2.0811,1826,0,0,0
stage16d,west,3,332.0,-203.500,128.500,free_fly,957,775,1.8689,1877,0,0,0
stage16d,west,3,336.0,-207.500,128.500,free_fly,957,726,1.8907,1875,0,0,0
stage16d,west,3,340.0,-211.500,128.500,free_fly,957,727,1.8585,1925,0,0,0
stage16d,west,3,344.0,-215.500,128.500,free_fly,957,677,2.5757,1924,0,0,0
stage16d,west,3,348.0,-219.500,128.500,free_fly,957,677,1.9761,1975,0,0,0
stage16d,west,3,352.0,-223.500,128.500,free_fly,957,626,1.7730,1975,0,0,0
stage16d,west,3,356.0,-227.500,128.500,free_fly,957,626,1.8256,2026,0,0,0
stage16d,west,3,360.0,-231.500,128.500,free_fly,957,577,1.9402,2024,0,0,0
stage16d,west,3,364.0,-235.500,128.500,free_fly,957,579,1.8756,2073,0,0,0
stage16d,west,3,368.0,-239.500,128.500,free_fly,957,532,2.2095,2069,0,0,0
stage16d,west,3,372.0,-243.500,128.500,free_fly,957,537,2.2476,2115,0,0,0
stage16d,west,3,376.0,-247.500,128.500,free_fly,957,489,2.5309,2112,0,0,0
stage16d,west,3,380.0,-251.500,128.500,free_fly,957,490,2.8291,2162,0,0,0
stage16d,west,3,384.0,-255.500,128.500,free_fly,957,440,2.6030,2161,0,0,0
stage16d,west,3,388.0,-259.500,128.500,free_fly,957,441,2.7898,2211,0,0,0
stage16d,west,3,392.0,-263.500,128.500,free_fly,957,392,5.7086,2209,0,0,0
stage16d,west,3,396.0,-267.500,128.500,free_fly,957,398,6.6553,2254,0,0,0
stage16d,west,3,400.0,-271.500,128.500,free_fly,957,357,6.5192,2244,0,0,0
stage16d,west,3,404.0,-275.500,128.500,free_fly,957,357,7.0052,2295,0,0,0
stage16d,west,3,408.0,-279.500,128.500,free_fly,957,306,6.6760,2295,0,0,0
stage16d,west,4,408.0,-279.500,128.500,settle_outer,957,357,0.4662,2244,0,0,0
stage16d,west,4,408.0,-279.500,128.500,settle_outer,957,449,0.7328,2152,0,0,0
stage16d,west,4,408.0,-279.500,128.500,settle_outer,957,510,0.5646,2091,0,0,0
stage16d,west,4,408.0,-279.500,128.500,settle_outer,957,590,0.7017,2011,0,0,0
stage16d,west,4,408.0,-279.500,128.500,settle_outer,957,663,0.5697,1938,0,0,0
stage16d,west,4,408.0,-279.500,128.500,settle_outer,957,759,1.0130,1842,0,0,0
stage16d,west,4,408.0,-279.500,128.500,settle_outer,957,821,0.5524,1780,0,0,0
stage16d,west,4,408.0,-279.500,128.500,settle_outer,957,918,0.5953,1683,0,0,0
stage16d,west,4,408.0,-279.500,128.500,settle_outer,957,1020,0.7974,1581,0,0,0
stage16d,west,4,408.0,-279.500,128.500,settle_outer,957,1122,0.7858,1479,0,0,0
stage16d,west,4,408.0,-279.500,128.500,settle_outer,957,1224,0.6191,1377,0,0,0
stage16d,west,4,408.0,-279.500,128.500,settle_outer,957,1326,0.7035,1275,0,0,0
stage16d,west,4,408.0,-279.500,128.500,settle_outer,957,1428,0.6600,1173,0,0,0
stage16d,west,4,408.0,-279.500,128.500,settle_outer,957,1530,0.6756,1071,0,0,0
stage16d,west,4,408.0,-279.500,128.500,settle_outer,957,1632,0.8966,969,0,0,0
stage16d,west,4,408.0,-279.500,128.500,settle_outer,957,1734,0.7441,867,0,0,0
stage16d,west,4,408.0,-279.500,128.500,settle_outer,957,1868,1.0944,733,0,0,0
stage16d,west,4,408.0,-279.500,128.500,settle_outer,957,1989,0.7747,612,0,0,0
stage16d,west,4,408.0,-279.500,128.500,settle_outer,957,2088,0.9987,513,0,0,0
stage16d,west,4,408.0,-279.500,128.500,settle_outer,957,2193,0.7942,408,0,0,0
stage16d,west,4,408.0,-279.500,128.500,settle_outer,957,2323,0.9510,278,0,0,0
stage16d,west,4,408.0,-279.500,128.500,settle_outer,957,2449,1.0681,152,0,0,0
stage16d,west,4,408.0,-279.500,128.500,settle_outer,957,2601,0.9222,0,0,0,0
stage16d,west,6,404.0,-275.500,128.500,free_fly,957,2601,1.2486,0,1,0,0
stage16d,west,6,400.0,-271.500,128.500,free_fly,957,2601,1.2573,51,1,0,0
stage16d,west,6,396.0,-267.500,128.500,free_fly,957,2601,5.9133,0,1,0,0
stage16d,west,6,392.0,-263.500,128.500,free_fly,957,2601,1.8054,51,0,0,0
stage16d,west,6,388.0,-259.500,128.500,free_fly,957,2601,6.2892,0,0,0,0
stage16d,west,6,384.0,-255.500,128.500,free_fly,957,2601,1.8147,51,0,0,0
stage16d,west,6,380.0,-251.500,128.500,free_fly,957,2601,6.4765,0,0,0,0
stage16d,west,6,376.0,-247.500,128.500,free_fly,957,2601,1.6725,51,0,0,0
stage16d,west,6,372.0,-243.500,128.500,free_fly,957,2601,6.1938,0,0,0,0
stage16d,west,6,368.0,-239.500,128.500,free_fly,957,2601,1.7702,51,0,0,0
stage16d,west,6,364.0,-235.500,128.500,free_fly,957,2601,7.1763,0,0,0,0
stage16d,west,6,360.0,-231.500,128.500,free_fly,957,2601,1.6244,51,0,0,0
stage16d,west,6,356.0,-227.500,128.500,free_fly,957,2601,6.4278,0,0,0,0
stage16d,west,6,352.0,-223.500,128.500,free_fly,957,2601,1.6985,51,0,0,0
stage16d,west,6,348.0,-219.500,128.500,free_fly,957,2601,6.3979,0,0,0,0
stage16d,west,6,344.0,-215.500,128.500,free_fly,957,2601,1.7593,51,0,0,0
stage16d,west,6,340.0,-211.500,128.500,free_fly,957,2601,6.6992,0,0,0,0
stage16d,west,6,336.0,-207.500,128.500,free_fly,957,2601,1.8590,51,0,0,0
stage16d,west,6,332.0,-203.500,128.500,free_fly,957,2601,7.8945,0,0,0,0
stage16d,west,6,328.0,-199.500,128.500,free_fly,957,2601,3.0804,51,0,0,0
stage16d,west,6,324.0,-195.500,128.500,free_fly,957,2601,8.6976,0,0,0,0
stage16d,west,6,320.0,-191.500,128.500,free_fly,957,2601,4.1126,51,0,0,0
stage16d,west,6,316.0,-187.500,128.500,free_fly,957,2601,8.8504,0,0,0,0
stage16d,west,6,312.0,-183.500,128.500,free_fly,957,2601,4.8821,51,0,0,0
stage16d,west,6,308.0,-179.500,128.500,free_fly,957,2601,10.0415,0,0,0,0
stage16d,west,6,304.0,-175.500,128.500,free_fly,957,2601,7.0941,51,0,0,0
stage16d,west,6,300.0,-171.500,128.500,free_fly,957,2601,9.8579,0,0,0,0
stage16d,west,6,296.0,-167.500,128.500,free_fly,957,2601,5.5292,51,0,0,0
stage16d,west,6,292.0,-163.500,128.500,free_fly,957,2601,7.9660,0,0,0,0
stage16d,west,6,288.0,-159.500,128.500,free_fly,957,2601,2.5129,51,0,0,0
stage16d,west,6,284.0,-155.500,128.500,free_fly,957,2601,7.6616,0,0,0,0
stage16d,west,6,280.0,-151.500,128.500,free_fly,957,2601,1.9302,51,0,0,0
stage16d,west,6,276.0,-147.500,128.500,free_fly,957,2601,6.4847,0,0,0,0
stage16d,west,6,272.0,-143.500,128.500,free_fly,957,2601,1.6911,51,0,0,0
stage16d,west,6,268.0,-139.500,128.500,free_fly,957,2601,7.4504,0,0,0,0
stage16d,west,6,264.0,-135.500,128.500,free_fly,957,2601,1.6019,51,0,0,0
stage16d,west,6,260.0,-131.500,128.500,free_fly,957,2601,6.2213,0,0,0,0
stage16d,west,6,256.0,-127.500,128.500,free_fly,957,2601,1.6062,51,0,0,0
stage16d,west,6,252.0,-123.500,128.500,free_fly,957,2601,6.6675,0,0,0,0
stage16d,west,6,248.0,-119.500,128.500,free_fly,957,2601,1.6083,51,0,0,0
stage16d,west,6,244.0,-115.500,128.500,free_fly,957,2601,6.5265,0,0,0,0
stage16d,west,6,240.0,-111.500,128.500,free_fly,957,2601,1.5750,51,0,0,0
stage16d,west,6,236.0,-107.500,128.500,free_fly,957,2601,6.3554,0,0,0,0
stage16d,west,6,232.0,-103.500,128.500,free_fly,957,2601,1.5949,51,0,0,0
stage16d,west,6,228.0,-99.500,128.500,free_fly,957,2601,6.2783,0,0,0,0
stage16d,west,6,224.0,-95.500,128.500,free_fly,957,2601,1.6143,51,0,0,0
stage16d,west,6,220.0,-91.500,128.500,free_fly,957,2601,7.7689,0,0,0,0
stage16d,west,6,216.0,-87.500,128.500,free_fly,957,2601,3.4815,51,0,0,0
stage16d,west,6,212.0,-83.500,128.500,free_fly,957,2601,8.3328,0,0,0,0
stage16d,west,6,208.0,-79.500,128.500,free_fly,957,2601,4.0424,51,0,0,0
stage16d,west,6,204.0,-75.500,128.500,free_fly,957,2601,8.6576,0,0,0,0
stage16d,west,6,200.0,-71.500,128.500,free_fly,957,2601,4.0989,51,0,0,0
stage16d,west,6,196.0,-67.500,128.500,free_fly,957,2601,9.7763,0,0,0,0
stage16d,west,6,192.0,-63.500,128.500,free_fly,957,2601,4.2060,51,0,0,0
stage16d,west,6,188.0,-59.500,128.500,free_fly,957,2601,9.8761,0,0,0,0
stage16d,west,6,184.0,-55.500,128.500,free_fly,957,2601,4.3312,51,0,0,0
stage16d,west,6,180.0,-51.500,128.500,free_fly,957,2601,9.9492,0,0,0,0
stage16d,west,6,176.0,-47.500,128.500,free_fly,957,2601,4.3242,51,0,0,0
stage16d,west,6,172.0,-43.500,128.500,free_fly,957,2601,12.0565,0,0,0,0
stage16d,west,6,168.0,-39.500,128.500,free_fly,957,2601,2.6739,51,0,0,0
stage16d,west,6,164.0,-35.500,128.500,free_fly,957,2601,6.8211,0,0,0,0
stage16d,west,6,160.0,-31.500,128.500,free_fly,957,2601,1.9923,51,0,0,0
stage16d,west,6,156.0,-27.500,128.500,free_fly,957,2601,7.6061,0,0,0,0
stage16d,west,6,152.0,-23.500,128.500,free_fly,957,2601,1.7288,51,0,0,0
stage16d,west,6,148.0,-19.500,128.500,free_fly,957,2601,6.0234,0,0,0,0
stage16d,west,6,144.0,-15.500,128.500,free_fly,957,2601,1.6562,51,0,0,0
stage16d,west,6,140.0,-11.500,128.500,free_fly,957,2601,6.5578,0,0,0,0
stage16d,west,6,136.0,-7.500,128.500,free_fly,957,2601,1.5826,51,0,0,0
stage16d,west,6,132.0,-3.500,128.500,free_fly,957,2601,6.0905,0,0,0,0
stage16d,west,6,128.0,0.500,128.500,free_fly,957,2601,1.6356,51,0,0,0
stage16d,west,6,126.0,2.500,128.500,sprint,957,2601,6.7451,0,0,0,0
stage16d,west,6,124.0,4.500,128.500,sprint,959,2601,1.2644,0,0,0,0
stage16d,west,6,122.0,6.500,128.500,sprint,959,2601,1.2549,0,0,0,0
stage16d,west,6,120.0,8.500,128.500,sprint,961,2601,1.2233,51,0,0,0
stage16d,west,6,118.0,10.500,128.500,sprint,961,2601,5.8146,0,0,0,0
stage16d,west,6,116.0,12.500,128.500,sprint,963,2601,1.2705,0,0,0,0
stage16d,west,6,114.0,14.500,128.500,sprint,963,2601,1.2034,0,0,0,0
stage16d,west,6,112.0,16.500,128.500,sprint,963,2601,2.0689,51,0,0,0
stage16d,west,6,110.0,18.500,128.500,sprint,963,2601,6.5463,0,0,0,0
stage16d,west,6,108.0,20.500,128.500,sprint,963,2601,1.2173,0,0,0,0
stage16d,west,6,106.0,22.500,128.500,sprint,963,2601,1.4321,0,0,0,0
stage16d,west,6,104.0,24.500,128.500,sprint,963,2601,1.9578,51,0,0,0
stage16d,west,6,102.0,26.500,128.500,sprint,963,2601,7.4513,0,0,0,0
stage16d,west,6,100.0,28.500,128.500,sprint,963,2601,2.5323,0,0,0,0
stage16d,west,6,98.0,30.500,128.500,sprint,963,2601,2.5004,0,0,0,0
stage16d,west,6,96.0,32.500,128.500,sprint,963,2601,2.6138,51,0,0,0
stage16d,west,6,94.0,34.500,128.500,sprint,963,2601,8.4887,0,0,0,0
stage16d,west,6,92.0,36.500,128.500,sprint,963,2601,2.8191,0,0,0,0
stage16d,west,6,90.0,38.500,128.500,sprint,963,2601,2.7330,0,0,0,0
stage16d,west,6,88.0,40.500,128.500,sprint,963,2601,2.9715,51,0,0,0
stage16d,west,6,86.0,42.500,128.500,sprint,963,2601,7.8683,0,0,0,0
stage16d,west,6,84.0,44.500,128.500,sprint,963,2601,2.6550,0,0,0,0
stage16d,west,6,82.0,46.500,128.500,sprint,963,2601,2.5529,0,0,0,0
stage16d,west,6,80.0,48.500,128.500,sprint,963,2601,2.9301,51,0,0,0
stage16d,west,6,78.0,50.500,128.500,sprint,963,2601,7.7411,0,0,0,0
stage16d,west,6,76.0,52.500,128.500,sprint,963,2601,3.0007,0,0,0,0
stage16d,west,6,74.0,54.500,128.500,sprint,963,2601,3.0275,0,0,0,0
stage16d,west,6,72.0,56.500,128.500,sprint,963,2601,3.4207,51,0,0,0
stage16d,west,6,70.0,58.500,128.500,sprint,963,2601,8.0257,0,0,0,0
stage16d,west,6,68.0,60.500,128.500,sprint,963,2601,2.5719,0,0,0,0
stage16d,west,6,66.0,62.500,128.500,sprint,963,2601,2.3995,0,0,0,0
stage16d,west,6,64.0,64.500,128.500,sprint,963,2601,2.9268,51,0,0,0
stage16d,west,6,63.0,65.500,128.500,walk,963,2601,6.5046,0,0,0,0
stage16d,west,6,62.0,66.500,128.500,walk,965,2601,1.6543,0,0,0,0
stage16d,west,6,61.0,67.500,128.500,walk,965,2601,1.3260,0,0,0,0
stage16d,west,6,60.0,68.500,128.500,walk,967,2601,1.1746,0,0,0,0
stage16d,west,6,59.0,69.500,128.500,walk,967,2601,1.3368,0,0,0,0
stage16d,west,6,58.0,70.500,128.500,walk,969,2601,1.2244,0,0,0,0
stage16d,west,6,57.0,71.500,128.500,walk,969,2601,1.1789,0,0,0,0
stage16d,west,6,56.0,72.500,128.500,walk,971,2601,1.1389,51,0,0,0
stage16d,west,6,55.0,73.500,128.500,walk,971,2601,5.4939,0,0,0,0
stage16d,west,6,54.0,74.500,128.500,walk,973,2601,1.1490,0,0,0,0
stage16d,west,6,53.0,75.500,128.500,walk,973,2601,1.2178,0,0,0,0
stage16d,west,6,52.0,76.500,128.500,walk,975,2601,1.4267,0,0,0,0
stage16d,west,6,51.0,77.500,128.500,walk,975,2601,1.1137,0,0,0,0
stage16d,west,6,50.0,78.500,128.500,walk,975,2601,1.3772,0,0,0,0
stage16d,west,6,49.0,79.500,128.500,walk,975,2601,1.1875,0,0,0,0
stage16d,west,6,48.0,80.500,128.500,walk,975,2601,1.1965,51,0,0,0
stage16d,west,6,47.0,81.500,128.500,walk,975,2601,5.4105,0,0,0,0
stage16d,west,6,46.0,82.500,128.500,walk,975,2601,1.0754,0,0,0,0
stage16d,west,6,45.0,83.500,128.500,walk,975,2601,1.0503,0,0,0,0
stage16d,west,6,44.0,84.500,128.500,walk,975,2601,1.0675,0,0,0,0
stage16d,west,6,43.0,85.500,128.500,walk,975,2601,1.1260,0,0,0,0
stage16d,west,6,42.0,86.500,128.500,walk,975,2601,1.1713,0,0,0,0
stage16d,west,6,41.0,87.500,128.500,walk,975,2601,1.0947,0,0,0,0
stage16d,west,6,40.0,88.500,128.500,walk,975,2601,1.1194,51,0,0,0
stage16d,west,6,39.0,89.500,128.500,walk,975,2601,5.3579,0,0,0,0
stage16d,west,6,38.0,90.500,128.500,walk,975,2601,1.0420,0,0,0,0
stage16d,west,6,37.0,91.500,128.500,walk,975,2601,1.0290,0,0,0,0
stage16d,west,6,36.0,92.500,128.500,walk,975,2601,1.0115,0,0,0,0
stage16d,west,6,35.0,93.500,128.500,walk,975,2601,1.0049,0,0,0,0
stage16d,west,6,34.0,94.500,128.500,walk,975,2601,0.9807,0,0,0,0
stage16d,west,6,33.0,95.500,128.500,walk,975,2601,0.9857,0,0,0,0
stage16d,west,6,32.0,96.500,128.500,walk,975,2601,1.0310,51,0,0,0
stage16d,west,6,31.0,97.500,128.500,walk,975,2601,5.5913,0,0,0,0
stage16d,west,6,30.0,98.500,128.500,walk,975,2601,1.0956,0,0,0,0
stage16d,west,6,29.0,99.500,128.500,walk,975,2601,0.9930,0,0,0,0
stage16d,west,6,28.0,100.500,128.500,walk,975,2601,0.9716,0,0,0,0
stage16d,west,6,27.0,101.500,128.500,walk,975,2601,1.0116,0,0,0,0
stage16d,west,6,26.0,102.500,128.500,walk,975,2601,0.9987,0,0,0,0
stage16d,west,6,25.0,103.500,128.500,walk,975,2601,1.0459,0,0,0,0
stage16d,west,6,24.0,104.500,128.500,walk,975,2601,1.0038,51,0,0,0
stage16d,west,6,23.0,105.500,128.500,walk,975,2601,5.4421,0,0,0,0
stage16d,west,6,22.0,106.500,128.500,walk,975,2601,1.4368,0,0,0,0
stage16d,west,6,21.0,107.500,128.500,walk,975,2601,1.0162,0,0,0,0
stage16d,west,6,20.0,108.500,128.500,walk,975,2601,0.9756,0,0,0,0
stage16d,west,6,19.0,109.500,128.500,walk,975,2601,1.0020,0,0,0,0
stage16d,west,6,18.0,110.500,128.500,walk,975,2601,0.9899,0,0,0,0
stage16d,west,6,17.0,111.500,128.500,walk,975,2601,0.9895,0,0,0,0
stage16d,west,6,16.0,112.500,128.500,walk,975,2601,1.0470,51,0,0,0
stage16d,west,6,15.0,113.500,128.500,walk,975,2601,5.3379,0,0,0,0
stage16d,west,6,14.0,114.500,128.500,walk,975,2601,1.0224,0,0,0,0
stage16d,west,6,13.0,115.500,128.500,walk,975,2601,0.9850,0,0,0,0
stage16d,west,6,12.0,116.500,128.500,walk,975,2601,1.1955,0,0,0,0
stage16d,west,6,11.0,117.500,128.500,walk,975,2601,1.8432,0,0,0,0
stage16d,west,6,10.0,118.500,128.500,walk,975,2601,1.0494,0,0,0,0
stage16d,west,6,9.0,119.500,128.500,walk,975,2601,0.9895,0,0,0,0
stage16d,west,6,8.0,120.500,128.500,walk,975,2601,0.9857,51,0,0,0
stage16d,west,6,7.0,121.500,128.500,walk,975,2601,5.2437,0,0,0,0
stage16d,west,6,6.0,122.500,128.500,walk,975,2601,1.0089,0,0,0,0
stage16d,west,6,5.0,123.500,128.500,walk,975,2601,0.9677,0,0,0,0
stage16d,west,6,4.0,124.500,128.500,walk,975,2601,1.0426,0,0,0,0
stage16d,west,6,3.0,125.500,128.500,walk,975,2601,0.9666,0,0,0,0
stage16d,west,6,2.0,126.500,128.500,walk,975,2601,1.1172,0,0,0,0
stage16d,west,6,1.0,127.500,128.500,walk,975,2601,1.1255,0,0,0,0
stage16d,west,6,0.0,128.500,128.500,walk,975,2601,1.7478,51,0,0,0
stage16d,west,7,0.0,128.500,128.500,settle_return,975,2601,0.9774,0,0,0,0
stage16d,west,7,0.0,128.500,128.500,settle_return,975,2601,1.1203,0,0,0,0
stage16d,west,7,0.0,128.500,128.500,settle_return,975,2601,0.8665,0,0,0,0
stage16d,west,7,0.0,128.500,128.500,settle_return,975,2601,1.0296,0,0,0,0
stage16d,west,7,0.0,128.500,128.500,settle_return,975,2601,0.9861,0,0,0,0
stage16d,west,7,0.0,128.500,128.500,settle_return,975,2601,0.9853,0,0,0,0
stage16d,west,7,0.0,128.500,128.500,settle_return,975,2601,0.8980,0,0,0,0
stage16d,west,7,0.0,128.500,128.500,settle_return,975,2601,1.0748,0,0,0,0
