phase,elapsed_s,distance_m,x,y,mode,frame_ms,primary,resident_packages,pending_packages,worker_queue,complete_radius_m,working_set_bytes,private_bytes,live_package_bytes,live_mesh_bytes,live_collision_bytes,live_gl_resources,retirement_queue_bytes,worker_result_bytes,cache_entries,packages_created,packages_retired,pkg_create,pkg_retire,worker_batch,collision,mesh,gl_create,gl_delete,alloc_delta,finish_ms,swap_ms,retire_ms,wake_water_body,wake_topology,wake_terrain_state,wake_mesh,wake_collision,wake_grass,wake_tree
travel,0.029,0.7,128.996,128.996,fly,0.921,ok,2601,0,0,192.00,396296192,521027584,114090264,95883264,18123768,2601,0,22132800,928101,0,0,0,0,0,0,0,0,0,0,0.073,0.082,0.000,0,0,0,0,0,0,0
travel,0.060,1.4,129.520,129.520,fly,0.888,ok,2601,0,0,192.00,396296192,521027584,114090264,95883264,18123768,2601,0,22132800,928146,0,0,0,0,0,0,0,0,0,0,0.071,0.070,0.000,0,0,0,0,0,0,0
travel,0.091,2.2,130.042,130.042,fly,0.907,ok,2601,0,0,192.00,396296192,521027584,114090264,95883264,18123768,2601,0,22132800,928191,0,0,0,0,0,0,0,0,0,0,0.074,0.078,0.000,0,0,0,0,0,0,0
travel,0.121,2.9,130.559,130.559,fly,0.946,ok,2601,0,0,192.00,396296192,521027584,114090264,95883264,18123768,2601,0,22132800,928191,0,0,0,0,0,0,0,0,0,0,0.080,0.110,0.000,0,0,0,0,0,0,0
travel,0.152,3.6,131.080,131.080,fly,0.848,ok,2601,0,0,192.00,396296192,521027584,114090264,95883264,18123768,2601,0,22132800,928236,0,0,0,0,0,0,0,0,0,0,0.069,0.066,0.000,0,0,0,0,0,0,0
travel,0.182,4.4,131.591,131.591,fly,1.126,ok,2601,0,0,192.00,396296192,521027584,114090264,95883264,18123768,2601,0,22132800,928236,0,0,0,0,0,0,0,0,0,0,0.088,0.142,0.000,0,0,0,0,0,0,0
travel,0.213,5.1,132.110,132.110,fly,0.877,ok,2601,0,0,192.00,396296192,521027584,114090264,95883264,18123768,2601,0,22132800,928254,0,0,0,0,0,0,0,0,0,0,0.071,0.073,0.000,0,0,0,0,0,0,0
travel,0.244,5.8,132.634,132.634,fly,0.882,ok,2601,0,0,192.00,396296192,521027584,114090264,95883264,18123768,2601,0,22132800,928254,0,0,0,0,0,0,0,0,0,0,0.071,0.073,0.000,0,0,0,0,0,0,0
travel,0.274,6.6,133.149,133.149,fly,0.896,ok,2601,0,0,192.00,396296192,521027584,114090264,95883264,18123768,2601,0,22132800,928260,0,0,0,0,0,0,0,0,0,0,0.069,0.090,0.000,0,0,0,0,0,0,0
travel,0.304,7.3,133.666,133.666,fly,0.851,ok,2601,0,0,192.00,396300288,521027584,114090264,95883264,18123768,2601,0,22132800,928260,0,0,0,0,0,0,0,0,0,0,0.069,0.068,0.000,0,0,0,0,0,0,0
travel,0.335,8.0,134.183,134.183,fly,0.887,ok,2601,0,0,192.00,396300288,521027584,114090264,95883264,18123768,2601,0,22132800,928262,0,0,0,0,0,0,0,0,0,0,0.070,0.073,0.000,0,0,0,0,0,0,0
travel,0.365,8.8,134.695,134.695,fly,0.980,ok,2601,0,0,192.00,396300288,521027584,114090264,95883264,18123768,2601,0,22132800,928262,0,0,0,0,0,0,0,0,0,0,0.080,0.108,0.000,0,0,0,0,0,0,0
travel,0.396,9.5,135.218,135.218,fly,0.881,ok,2601,0,0,192.00,396300288,521027584,114090264,95883264,18123768,2601,0,22132800,928262,0,0,0,0,0,0,0,0,0,0,0.070,0.072,0.000,0,0,0,0,0,0,0
travel,0.426,10.2,135.733,135.733,fly,0.883,ok,2601,0,0,192.00,396300288,521027584,114090264,95883264,18123768,2601,0,22132800,928262,0,0,0,0,0,0,0,0,0,0,0.069,0.078,0.000,0,0,0,0,0,0,0
travel,0.467,11.2,136.426,136.426,fly,0.985,ok,2601,0,95,192.00,401178624,531533824,114090264,95883264,18123768,2702,3724880,17175984,964506,101,101,0,0,4,0,0,0,0,0,0.079,0.110,0.000,0,0,0,101,101,0,0
travel,0.498,11.9,136.948,136.948,fly,0.884,ok,2601,0,0,192.00,401256448,531533824,114090264,95883264,18123768,2702,3724880,22132800,984286,101,101,0,0,0,0,0,0,0,0,0.069,0.072,0.000,0,0,0,101,101,0,0
travel,0.528,12.7,137.467,137.467,fly,0.897,ok,2601,0,0,192.00,401260544,531533824,114090264,95883264,18123768,2702,3724880,22132800,984286,101,101,0,0,0,0,0,0,0,0,0.071,0.074,0.000,0,0,0,101,101,0,0
travel,0.559,13.4,137.986,137.986,fly,0.870,ok,2601,0,0,192.00,401260544,531533824,114090264,95883264,18123768,2702,3724880,22132800,984286,101,101,0,0,0,0,0,0,0,0,0.068,0.070,0.000,0,0,0,101,101,0,0
travel,0.590,14.1,138.504,138.504,fly,0.887,ok,2601,0,0,192.00,401260544,531533824,114090264,95883264,18123768,2702,3724880,22132800,984286,101,101,0,0,0,0,0,0,0,0,0.069,0.074,0.000,0,0,0,101,101,0,0
travel,0.620,14.9,139.023,139.023,fly,1.040,ok,2601,0,0,192.00,401260544,531533824,114090264,95883264,18123768,2702,3724880,22132800,984286,101,101,0,0,0,0,0,0,0,0,0.081,0.123,0.000,0,0,0,101,101,0,0
travel,0.650,15.6,139.536,139.536,fly,0.878,ok,2601,0,0,192.00,401260544,531533824,114090264,95883264,18123768,2702,3724880,22132800,984286,101,101,0,0,0,0,0,0,0,0,0.072,0.072,0.000,0,0,0,101,101,0,0
travel,0.682,16.4,140.068,140.068,fly,0.883,ok,2601,0,0,192.00,401260544,531533824,114090264,95883264,18123768,2702,3724880,22132800,984286,101,101,0,0,0,0,0,0,0,0,0.071,0.074,0.000,0,0,0,101,101,0,0
travel,0.712,17.1,140.578,140.578,fly,0.965,ok,2601,0,0,192.00,401260544,531533824,114090264,95883264,18123768,2702,3724880,22132800,984286,101,101,0,0,0,0,0,0,0,0,0.080,0.109,0.000,0,0,0,101,101,0,0
travel,0.742,17.8,141.097,141.097,fly,0.902,ok,2601,0,0,192.00,401260544,531533824,114090264,95883264,18123768,2702,3724880,22132800,984286,101,101,0,0,0,0,0,0,0,0,0.072,0.075,0.000,0,0,0,101,101,0,0
travel,0.773,18.6,141.621,141.621,fly,0.878,ok,2601,0,0,192.00,401260544,531533824,114090264,95883264,18123768,2702,3724880,22132800,984286,101,101,0,0,0,0,0,0,0,0,0.071,0.072,0.000,0,0,0,101,101,0,0
travel,0.803,19.3,142.133,142.133,fly,0.893,ok,2601,0,0,192.00,401260544,531533824,114090264,95883264,18123768,2702,3724880,22132800,984286,101,101,0,0,0,0,0,0,0,0,0.072,0.072,0.000,0,0,0,101,101,0,0
travel,0.834,20.0,142.653,142.653,fly,0.936,ok,2601,0,0,192.00,401260544,531533824,114090264,95883264,18123768,2702,3724880,22132800,984286,101,101,0,0,0,0,0,0,0,0,0.073,0.085,0.000,0,0,0,101,101,0,0
travel,0.864,20.7,143.169,143.169,fly,0.875,ok,2601,0,0,192.00,401260544,531533824,114090264,95883264,18123768,2702,3724880,22132800,984286,101,101,0,0,0,0,0,0,0,0,0.071,0.074,0.000,0,0,0,101,101,0,0
travel,0.895,21.5,143.681,143.681,fly,0.887,ok,2601,0,0,192.00,401260544,531533824,114090264,95883264,18123768,2702,3724880,22132800,984286,101,101,0,0,0,0,0,0,0,0,0.071,0.071,0.000,0,0,0,101,101,0,0
travel,0.939,22.5,144.437,144.437,fly,0.889,ok,2601,0,98,192.00,405712896,537837568,114090264,95883264,18123768,2803,7449760,17019456,1018789,202,202,0,0,3,0,0,0,0,0,0.073,0.074,0.000,0,0,0,202,202,0,0
travel,0.970,23.3,144.966,144.966,fly,0.910,ok,2601,0,0,192.00,405987328,538181632,114090264,95883264,18123768,2803,7449760,22132800,1039050,202,202,0,0,0,0,0,0,0,0,0.074,0.075,0.000,0,0,0,202,202,0,0
travel,1.000,24.0,145.476,145.476,fly,0.889,ok,2601,0,0,192.00,405991424,538181632,114090264,95883264,18123768,2803,7449760,22132800,1039050,202,202,0,0,0,0,0,0,0,0,0.074,0.074,0.000,0,0,0,202,202,0,0
travel,1.031,24.7,145.993,145.993,fly,0.972,ok,2601,0,0,192.00,405991424,538181632,114090264,95883264,18123768,2803,7449760,22132800,1039050,202,202,0,0,0,0,0,0,0,0,0.080,0.108,0.000,0,0,0,202,202,0,0
travel,1.062,25.5,146.515,146.515,fly,0.891,ok,2601,0,0,192.00,405995520,538181632,114090264,95883264,18123768,2803,7449760,22132800,1039050,202,202,0,0,0,0,0,0,0,0,0.072,0.075,0.000,0,0,0,202,202,0,0
travel,1.092,26.2,147.025,147.025,fly,0.872,ok,2601,0,0,192.00,405995520,538181632,114090264,95883264,18123768,2803,7449760,22132800,1039050,202,202,0,0,0,0,0,0,0,0,0.072,0.068,0.000,0,0,0,202,202,0,0
travel,1.122,26.9,147.546,147.546,fly,0.893,ok,2601,0,0,192.00,405995520,538181632,114090264,95883264,18123768,2803,7449760,22132800,1039050,202,202,0,0,0,0,0,0,0,0,0.073,0.075,0.000,0,0,0,202,202,0,0
travel,1.152,27.7,148.058,148.058,fly,0.927,ok,2601,0,0,192.00,405995520,538181632,114090264,95883264,18123768,2803,7449760,22132800,1039050,202,202,0,0,0,0,0,0,0,0,0.074,0.075,0.000,0,0,0,202,202,0,0
travel,1.183,28.4,148.571,148.571,fly,0.923,ok,2601,0,0,192.00,405995520,538181632,114090264,95883264,18123768,2803,7449760,22132800,1039050,202,202,0,0,0,0,0,0,0,0,0.072,0.106,0.000,0,0,0,202,202,0,0
travel,1.213,29.1,149.091,149.091,fly,0.884,ok,2601,0,0,192.00,405995520,538181632,114090264,95883264,18123768,2803,7449760,22132800,1039050,202,202,0,0,0,0,0,0,0,0,0.070,0.071,0.000,0,0,0,202,202,0,0
travel,1.244,29.9,149.615,149.615,fly,0.889,ok,2601,0,0,192.00,405995520,538181632,114090264,95883264,18123768,2803,7449760,22132800,1039050,202,202,0,0,0,0,0,0,0,0,0.071,0.073,0.000,0,0,0,202,202,0,0
travel,1.274,30.6,150.128,150.128,fly,0.930,ok,2601,0,0,192.00,406065152,538259456,114090264,95883264,18123768,2803,7449760,22132800,1039050,202,202,0,0,0,0,0,0,0,0,0.072,0.075,0.000,0,0,0,202,202,0,0
travel,1.305,31.3,150.641,150.641,fly,0.882,ok,2601,0,0,192.00,406065152,538259456,114090264,95883264,18123768,2803,7449760,22132800,1039050,202,202,0,0,0,0,0,0,0,0,0.070,0.072,0.000,0,0,0,202,202,0,0
travel,1.335,32.0,151.156,151.156,fly,0.889,ok,2601,0,0,192.00,406065152,538259456,114090264,95883264,18123768,2803,7449760,22132800,1039050,202,202,0,0,0,0,0,0,0,0,0.070,0.074,0.000,0,0,0,202,202,0,0
travel,1.365,32.8,151.668,151.668,fly,0.950,ok,2601,0,0,192.00,406065152,538259456,114090264,95883264,18123768,2803,7449760,22132800,1039050,202,202,0,0,0,0,0,0,0,0,0.072,0.085,0.000,0,0,0,202,202,0,0
travel,1.405,33.7,152.345,152.345,fly,0.909,ok,2601,0,129,192.00,412319744,549064704,114090264,95883264,18123768,2904,11174640,15402000,1066008,303,303,0,0,7,0,0,0,0,192512,0.072,0.071,0.000,0,0,0,303,303,0,0
travel,1.436,34.5,152.863,152.863,fly,0.915,ok,2601,0,8,192.00,414597120,551452672,114090264,95883264,18123768,2904,11174640,21715296,1093000,303,303,0,0,2,0,0,0,0,0,0.073,0.074,0.000,0,0,0,303,303,0,0
travel,1.466,35.2,153.387,153.387,fly,0.921,ok,2601,0,0,192.00,414597120,551452672,114090264,95883264,18123768,2904,11174640,22132800,1094238,303,303,0,0,0,0,0,0,0,0,0.074,0.079,0.000,0,0,0,303,303,0,0
travel,1.498,35.9,153.918,153.918,fly,0.893,ok,2601,0,0,192.00,414597120,551452672,114090264,95883264,18123768,2904,11174640,22132800,1094238,303,303,0,0,0,0,0,0,0,0,0.073,0.073,0.000,0,0,0,303,303,0,0
travel,1.529,36.7,154.445,154.445,fly,0.884,ok,2601,0,0,192.00,414601216,551452672,114090264,95883264,18123768,2904,7449760,22132800,1094238,303,303,0,0,0,0,0,0,0,0,0.072,0.070,0.000,0,0,0,303,303,0,0
travel,1.560,37.4,154.971,154.971,fly,0.898,ok,2601,0,0,192.00,414601216,551452672,114090264,95883264,18123768,2904,7449760,22132800,1094238,303,303,0,0,0,0,0,0,0,0,0.072,0.070,0.000,0,0,0,303,303,0,0
travel,1.590,38.2,155.485,155.485,fly,0.875,ok,2601,0,0,192.00,414605312,551452672,114090264,95883264,18123768,2904,7449760,22132800,1094238,303,303,0,0,0,0,0,0,0,0,0.073,0.070,0.000,0,0,0,303,303,0,0
travel,1.622,38.9,156.020,156.020,fly,0.880,ok,2601,0,0,192.00,414605312,551452672,114090264,95883264,18123768,2904,7449760,22132800,1094238,303,303,0,0,0,0,0,0,0,0,0.071,0.070,0.000,0,0,0,303,303,0,0
travel,1.652,39.6,156.531,156.531,fly,0.897,ok,2601,0,0,192.00,414605312,551452672,114090264,95883264,18123768,2904,7449760,22132800,1094238,303,303,0,0,0,0,0,0,0,0,0.072,0.076,0.000,0,0,0,303,303,0,0
travel,1.682,40.4,157.044,157.044,fly,0.858,ok,2601,0,0,192.00,414605312,551452672,114090264,95883264,18123768,2904,7449760,22132800,1094238,303,303,0,0,0,0,0,0,0,0,0.069,0.067,0.000,0,0,0,303,303,0,0
travel,1.712,41.1,157.558,157.558,fly,0.862,ok,2601,0,0,192.00,414605312,551452672,114090264,95883264,18123768,2904,7449760,22132800,1094238,303,303,0,0,0,0,0,0,0,0,0.068,0.067,0.000,0,0,0,303,303,0,0
travel,1.743,41.8,158.074,158.074,fly,0.881,ok,2601,0,0,192.00,414605312,551452672,114090264,95883264,18123768,2904,7449760,22132800,1094238,303,303,0,0,0,0,0,0,0,0,0.069,0.069,0.000,0,0,0,303,303,0,0
travel,1.773,42.6,158.593,158.593,fly,0.885,ok,2601,0,0,192.00,414605312,551452672,114090264,95883264,18123768,2904,7449760,22132800,1094238,303,303,0,0,0,0,0,0,0,0,0.070,0.075,0.000,0,0,0,303,303,0,0
travel,1.804,43.3,159.117,159.117,fly,0.889,ok,2601,0,0,192.00,414605312,551452672,114090264,95883264,18123768,2904,7449760,22132800,1094238,303,303,0,0,0,0,0,0,0,0,0.069,0.073,0.000,0,0,0,303,303,0,0
travel,1.835,44.0,159.637,159.637,fly,1.557,ok,2601,0,0,192.00,414605312,551452672,114090264,95883264,18123768,2904,7449760,22132800,1094238,303,303,0,0,0,0,0,0,0,0,0.713,0.073,0.000,0,0,0,303,303,0,0
travel,1.876,45.0,160.335,160.335,fly,0.951,ok,2601,0,129,192.00,418099200,558923776,114090264,95883264,18123768,2904,11174640,15402000,1120726,404,404,0,0,6,0,0,0,0,114688,0.080,0.106,0.000,0,0,0,404,404,0,0
travel,1.909,45.8,160.890,160.890,fly,0.964,ok,2601,0,7,192.00,420839424,561758208,114090264,95883264,18123768,2904,11174640,21767472,1148406,404,404,0,0,2,0,0,0,0,139264,0.074,0.086,0.000,0,0,0,404,404,0,0
travel,1.939,46.5,161.406,161.406,fly,0.902,ok,2601,0,0,192.00,419856384,560779264,114090264,95883264,18123768,2904,11174640,22132800,1148974,404,404,0,0,0,0,0,0,0,0,0.074,0.078,0.000,0,0,0,404,404,0,0
travel,1.969,47.3,161.922,161.922,fly,0.883,ok,2601,0,0,192.00,419856384,560779264,114090264,95883264,18123768,2904,11174640,22132800,1148974,404,404,0,0,0,0,0,0,0,0,0.075,0.070,0.000,0,0,0,404,404,0,0
travel,2.000,48.0,162.440,162.440,fly,1.327,ok,2601,0,0,192.00,419856384,560779264,114090264,95883264,18123768,2904,7449760,22132800,1148974,404,404,0,0,0,0,0,0,0,0,0.087,0.075,0.000,0,0,0,404,404,0,0
travel,2.031,48.7,162.961,162.961,fly,0.931,ok,2601,0,0,192.00,419856384,560779264,114090264,95883264,18123768,2904,7449760,22132800,1148974,404,404,0,0,0,0,0,0,0,0,0.073,0.078,0.000,0,0,0,404,404,0,0
travel,2.061,49.5,163.483,163.483,fly,0.866,ok,2601,0,0,192.00,419860480,560779264,114090264,95883264,18123768,2904,7449760,22132800,1148974,404,404,0,0,0,0,0,0,0,0,0.070,0.071,0.000,0,0,0,404,404,0,0
travel,2.092,50.2,164.001,164.001,fly,0.899,ok,2601,0,0,192.00,419860480,560779264,114090264,95883264,18123768,2904,7449760,22132800,1148974,404,404,0,0,0,0,0,0,0,0,0.071,0.066,0.000,0,0,0,404,404,0,0
travel,2.122,50.9,164.517,164.517,fly,0.964,ok,2601,0,0,192.00,419864576,560779264,114090264,95883264,18123768,2904,7449760,22132800,1148974,404,404,0,0,0,0,0,0,0,0,0.074,0.079,0.000,0,0,0,404,404,0,0
travel,2.153,51.7,165.032,165.032,fly,0.857,ok,2601,0,0,192.00,419864576,560779264,114090264,95883264,18123768,2904,7449760,22132800,1148974,404,404,0,0,0,0,0,0,0,0,0.070,0.068,0.000,0,0,0,404,404,0,0
travel,2.183,52.4,165.546,165.546,fly,0.864,ok,2601,0,0,192.00,419864576,560779264,114090264,95883264,18123768,2904,7449760,22132800,1148974,404,404,0,0,0,0,0,0,0,0,0.070,0.069,0.000,0,0,0,404,404,0,0
travel,2.213,53.1,166.059,166.059,fly,0.858,ok,2601,0,0,192.00,419864576,560779264,114090264,95883264,18123768,2904,7449760,22132800,1148974,404,404,0,0,0,0,0,0,0,0,0.069,0.071,0.000,0,0,0,404,404,0,0
travel,2.244,53.8,166.574,166.574,fly,0.854,ok,2601,0,0,192.00,419864576,560779264,114090264,95883264,18123768,2904,7449760,22132800,1148974,404,404,0,0,0,0,0,0,0,0,0.068,0.066,0.000,0,0,0,404,404,0,0
travel,2.274,54.6,167.088,167.088,fly,0.899,ok,2601,0,0,192.00,419864576,560779264,114090264,95883264,18123768,2904,7449760,22132800,1148974,404,404,0,0,0,0,0,0,0,0,0.072,0.078,0.000,0,0,0,404,404,0,0
travel,2.305,55.3,167.615,167.615,fly,0.879,ok,2601,0,0,192.00,419864576,560779264,114090264,95883264,18123768,2904,7449760,22132800,1148974,404,404,0,0,0,0,0,0,0,0,0.070,0.073,0.000,0,0,0,404,404,0,0
travel,2.344,56.2,168.273,168.273,fly,0.914,ok,2601,0,148,192.00,422121472,568188928,114090264,95883264,18123768,2904,11174640,14410656,1169220,505,505,0,0,5,0,0,0,0,155648,0.073,0.080,0.000,0,0,0,505,505,0,0
travel,2.374,57.0,168.793,168.793,fly,0.928,ok,2601,0,25,192.00,424427520,570658816,114090264,95883264,18123768,2904,11174640,20828304,1199206,505,505,0,0,2,0,0,0,0,225280,0.072,0.089,0.000,0,0,0,505,505,0,0
travel,2.405,57.7,169.316,169.316,fly,0.882,ok,2601,0,0,192.00,424890368,571179008,114090264,95883264,18123768,2904,11174640,22132800,1204114,505,505,0,0,0,0,0,0,0,0,0.070,0.074,0.000,0,0,0,505,505,0,0
travel,2.435,58.4,169.829,169.829,fly,0.888,ok,2601,0,0,192.00,424890368,571179008,114090264,95883264,18123768,2904,11174640,22132800,1204114,505,505,0,0,0,0,0,0,0,0,0.071,0.073,0.000,0,0,0,505,505,0,0
travel,2.466,59.2,170.342,170.342,fly,0.877,ok,2601,0,0,192.00,424890368,571179008,114090264,95883264,18123768,2904,11174640,22132800,1204114,505,505,0,0,0,0,0,0,0,0,0.072,0.073,0.000,0,0,0,505,505,0,0
travel,2.496,59.9,170.858,170.858,fly,0.958,ok,2601,0,0,192.00,424890368,571179008,114090264,95883264,18123768,2904,7449760,22132800,1204114,505,505,0,0,0,0,0,0,0,0,0.142,0.077,0.000,0,0,0,505,505,0,0
travel,2.526,60.6,171.374,171.374,fly,0.877,ok,2601,0,0,192.00,424890368,571179008,114090264,95883264,18123768,2904,7449760,22132800,1204114,505,505,0,0,0,0,0,0,0,0,0.071,0.073,0.000,0,0,0,505,505,0,0
travel,2.557,61.4,171.889,171.889,fly,0.890,ok,2601,0,0,192.00,424890368,571179008,114090264,95883264,18123768,2904,7449760,22132800,1204114,505,505,0,0,0,0,0,0,0,0,0.074,0.074,0.000,0,0,0,505,505,0,0
travel,2.587,62.1,172.408,172.408,fly,0.981,ok,2601,0,0,192.00,424894464,571179008,114090264,95883264,18123768,2904,7449760,22132800,1204114,505,505,0,0,0,0,0,0,0,0,0.073,0.148,0.000,0,0,0,505,505,0,0
travel,2.618,62.8,172.927,172.927,fly,0.869,ok,2601,0,0,192.00,424894464,571179008,114090264,95883264,18123768,2904,7449760,22132800,1204114,505,505,0,0,0,0,0,0,0,0,0.070,0.072,0.000,0,0,0,505,505,0,0
travel,2.648,63.6,173.445,173.445,fly,0.909,ok,2601,0,0,192.00,424898560,571179008,114090264,95883264,18123768,2904,7449760,22132800,1204114,505,505,0,0,0,0,0,0,0,0,0.073,0.081,0.000,0,0,0,505,505,0,0
travel,2.679,64.3,173.960,173.960,fly,0.873,ok,2601,0,0,192.00,424898560,571179008,114090264,95883264,18123768,2904,7449760,22132800,1204114,505,505,0,0,0,0,0,0,0,0,0.071,0.072,0.000,0,0,0,505,505,0,0
travel,2.709,65.0,174.471,174.471,fly,0.997,ok,2601,0,0,192.00,424898560,571179008,114090264,95883264,18123768,2904,7449760,22132800,1204114,505,505,0,0,0,0,0,0,0,0,0.079,0.111,0.000,0,0,0,505,505,0,0
travel,2.740,65.8,174.995,174.995,fly,0.878,ok,2601,0,0,192.00,424898560,571179008,114090264,95883264,18123768,2904,7449760,22132800,1204114,505,505,0,0,0,0,0,0,0,0,0.070,0.071,0.000,0,0,0,505,505,0,0
travel,2.771,66.5,175.518,175.518,fly,0.903,ok,2601,0,0,192.00,424898560,571179008,114090264,95883264,18123768,2904,7449760,22132800,1204114,505,505,0,0,0,0,0,0,0,0,0.071,0.079,0.000,0,0,0,505,505,0,0
travel,2.809,67.4,176.174,176.174,fly,2.870,ok,2601,0,168,192.00,425631744,571879424,114090264,95883264,18123768,2904,11174640,13367136,1217983,606,606,27,0,39,27,27,0,0,311296,0.086,0.113,0.000,0,0,0,606,606,0,0
travel,2.843,68.2,176.751,176.751,fly,0.882,ok,2601,0,26,192.00,427806720,573992960,114090264,95883264,18123768,2904,11174640,20776128,1253191,606,606,0,0,4,0,0,0,0,147456,0.072,0.070,0.000,0,0,0,606,606,0,0
travel,2.874,69.0,177.264,177.264,fly,0.980,ok,2601,0,0,192.00,428249088,574447616,114090264,95883264,18123768,2904,11174640,22132800,1258458,606,606,0,0,0,0,0,0,0,0,0.080,0.112,0.000,0,0,0,606,606,0,0
travel,2.904,69.7,177.787,177.787,fly,0.878,ok,2601,0,0,192.00,428249088,574447616,114090264,95883264,18123768,2904,11174640,22132800,1258458,606,606,0,0,0,0,0,0,0,0,0.069,0.075,0.000,0,0,0,606,606,0,0
travel,2.935,70.4,178.303,178.303,fly,0.868,ok,2601,0,0,192.00,428249088,574447616,114090264,95883264,18123768,2904,11174640,22132800,1258458,606,606,0,0,0,0,0,0,0,0,0.070,0.071,0.000,0,0,0,606,606,0,0
travel,2.965,71.2,178.814,178.814,fly,0.935,ok,2601,0,0,192.00,428249088,574447616,114090264,95883264,18123768,2904,7449760,22132800,1258458,606,606,0,0,0,0,0,0,0,0,0.077,0.112,0.000,0,0,0,606,606,0,0
travel,2.995,71.9,179.334,179.334,fly,0.850,ok,2601,0,0,192.00,428249088,574447616,114090264,95883264,18123768,2904,7449760,22132800,1258458,606,606,0,0,0,0,0,0,0,0,0.069,0.069,0.000,0,0,0,606,606,0,0
travel,3.026,72.6,179.845,179.845,fly,0.927,ok,2601,0,0,192.00,428249088,574447616,114090264,95883264,18123768,2904,7449760,22132800,1258458,606,606,0,0,0,0,0,0,0,0,0.144,0.066,0.000,0,0,0,606,606,0,0
travel,3.056,73.3,180.360,180.360,fly,0.877,ok,2601,0,0,192.00,428249088,574447616,114090264,95883264,18123768,2904,7449760,22132800,1258458,606,606,0,0,0,0,0,0,0,0,0.069,0.077,0.000,0,0,0,606,606,0,0
travel,3.087,74.1,180.879,180.879,fly,1.002,ok,2601,0,0,192.00,428249088,574447616,114090264,95883264,18123768,2904,7449760,22132800,1258458,606,606,0,0,0,0,0,0,0,0,0.088,0.117,0.000,0,0,0,606,606,0,0
travel,3.117,74.8,181.398,181.398,fly,1.178,ok,2601,0,0,192.00,428253184,574447616,114090264,95883264,18123768,2904,7449760,22132800,1258458,606,606,0,0,0,0,0,0,0,0,0.353,0.075,0.000,0,0,0,606,606,0,0
travel,3.148,75.5,181.919,181.919,fly,0.896,ok,2601,0,0,192.00,428253184,574447616,114090264,95883264,18123768,2904,7449760,22132800,1258458,606,606,0,0,0,0,0,0,0,0,0.068,0.091,0.000,0,0,0,606,606,0,0
travel,3.178,76.3,182.436,182.436,fly,0.883,ok,2601,0,0,192.00,428253184,574447616,114090264,95883264,18123768,2904,7449760,22132800,1258458,606,606,0,0,0,0,0,0,0,0,0.070,0.074,0.000,0,0,0,606,606,0,0
travel,3.209,77.0,182.961,182.961,fly,1.023,ok,2601,0,0,192.00,428257280,574447616,114090264,95883264,18123768,2904,7449760,22132800,1258458,606,606,0,0,0,0,0,0,0,0,0.147,0.082,0.000,0,0,0,606,606,0,0
travel,3.240,77.8,183.491,183.491,fly,0.977,ok,2601,0,0,192.00,428257280,574447616,114090264,95883264,18123768,2904,7449760,22132800,1258458,606,606,0,0,0,0,0,0,0,0,0.077,0.117,0.000,0,0,0,606,606,0,0
travel,3.271,78.5,184.010,184.010,fly,4.496,ok,2537,64,105,192.00,428392448,574599168,111282968,93523968,17677816,2904,11174640,14722824,1261002,643,707,37,101,37,37,37,0,0,151552,0.463,0.115,0.000,0,0,0,643,643,0,0
travel,3.311,79.5,184.691,184.691,fly,0.884,ok,2601,0,43,192.00,431923200,578301952,114090264,95883264,18123768,2904,11174640,19889136,1305428,707,707,0,0,3,0,0,0,0,77824,0.072,0.070,0.000,0,0,0,707,707,0,0
travel,3.342,80.2,185.216,185.216,fly,0.917,ok,2601,0,0,192.00,432631808,579039232,114090264,95883264,18123768,2904,11174640,22132800,1313458,707,707,0,0,0,0,0,0,0,0,0.072,0.077,0.000,0,0,0,707,707,0,0
travel,3.373,80.9,185.736,185.736,fly,0.876,ok,2601,0,0,192.00,432631808,579039232,114090264,95883264,18123768,2904,11174640,22132800,1313458,707,707,0,0,0,0,0,0,0,0,0.070,0.070,0.000,0,0,0,707,707,0,0
travel,3.403,81.7,186.248,186.248,fly,0.872,ok,2601,0,0,192.00,432631808,579039232,114090264,95883264,18123768,2904,11174640,22132800,1313458,707,707,0,0,0,0,0,0,0,0,0.071,0.071,0.000,0,0,0,707,707,0,0
travel,3.433,82.4,186.760,186.760,fly,0.889,ok,2601,0,0,192.00,432631808,579039232,114090264,95883264,18123768,2904,7449760,22132800,1313458,707,707,0,0,0,0,0,0,0,0,0.071,0.072,0.000,0,0,0,707,707,0,0
travel,3.464,83.1,187.284,187.284,fly,0.904,ok,2601,0,0,192.00,432631808,579039232,114090264,95883264,18123768,2904,7449760,22132800,1313458,707,707,0,0,0,0,0,0,0,0,0.072,0.075,0.000,0,0,0,707,707,0,0
travel,3.495,83.9,187.805,187.805,fly,0.861,ok,2601,0,0,192.00,432631808,579039232,114090264,95883264,18123768,2904,7449760,22132800,1313458,707,707,0,0,0,0,0,0,0,0,0.071,0.069,0.000,0,0,0,707,707,0,0
travel,3.525,84.6,188.329,188.329,fly,0.843,ok,2601,0,0,192.00,432631808,579039232,114090264,95883264,18123768,2904,7449760,22132800,1313458,707,707,0,0,0,0,0,0,0,0,0.071,0.065,0.000,0,0,0,707,707,0,0
travel,3.556,85.3,188.847,188.847,fly,0.885,ok,2601,0,0,192.00,432631808,579039232,114090264,95883264,18123768,2904,7449760,22132800,1313458,707,707,0,0,0,0,0,0,0,0,0.071,0.073,0.000,0,0,0,707,707,0,0
travel,3.586,86.1,189.359,189.359,fly,0.879,ok,2601,0,0,192.00,432631808,579039232,114090264,95883264,18123768,2904,7449760,22132800,1313458,707,707,0,0,0,0,0,0,0,0,0.072,0.074,0.000,0,0,0,707,707,0,0
travel,3.617,86.8,189.881,189.881,fly,0.852,ok,2601,0,0,192.00,432631808,579039232,114090264,95883264,18123768,2904,7449760,22132800,1313458,707,707,0,0,0,0,0,0,0,0,0.070,0.069,0.000,0,0,0,707,707,0,0
travel,3.649,87.6,190.422,190.422,fly,0.980,ok,2601,0,0,192.00,432635904,579039232,114090264,95883264,18123768,2904,7449760,22132800,1313458,707,707,0,0,0,0,0,0,0,0,0.078,0.108,0.000,0,0,0,707,707,0,0
travel,3.679,88.3,190.937,190.937,fly,0.938,ok,2601,0,0,192.00,432635904,579039232,114090264,95883264,18123768,2904,7449760,22132800,1313458,707,707,0,0,0,0,0,0,0,0,0.073,0.087,0.000,0,0,0,707,707,0,0
travel,3.710,89.0,191.465,191.465,fly,0.954,ok,2601,0,0,192.00,432635904,579039232,114090264,95883264,18123768,2904,7449760,22132800,1313458,707,707,0,0,0,0,0,0,0,0,0.080,0.109,0.000,0,0,0,707,707,0,0
travel,3.763,90.3,192.357,192.357,fly,2.107,ok,2601,0,154,192.00,434520064,580931584,114090264,95883264,18123768,2904,11174640,14097600,1209122,808,808,5,0,15,5,5,0,0,0,0.132,0.162,0.000,0,0,0,808,808,0,0
travel,3.801,91.2,193.005,193.005,fly,1.606,ok,2601,0,23,192.00,434520064,580931584,114090264,95883264,18123768,2904,11174640,20932656,1241449,808,808,0,0,9,0,0,0,0,0,0.196,0.138,0.000,0,0,0,808,808,0,0
travel,3.833,92.0,193.547,193.547,fly,1.000,ok,2601,0,0,192.00,434520064,580931584,114090264,95883264,18123768,2904,11174640,22132800,1245895,808,808,0,0,0,0,0,0,0,0,0.081,0.110,0.000,0,0,0,808,808,0,0
travel,3.867,92.8,194.123,194.123,fly,1.233,ok,2601,0,0,192.00,434520064,580931584,114090264,95883264,18123768,2904,11174640,22132800,1245895,808,808,0,0,0,0,0,0,0,0,0.086,0.129,0.000,0,0,0,808,808,0,0
travel,3.903,93.7,194.733,194.733,fly,1.420,ok,2601,0,0,192.00,434520064,580931584,114090264,95883264,18123768,2904,7449760,22132800,1245895,808,808,0,0,0,0,0,0,0,0,0.105,0.153,0.000,0,0,0,808,808,0,0
travel,3.936,94.5,195.289,195.289,fly,1.090,ok,2601,0,0,192.00,434520064,580931584,114090264,95883264,18123768,2904,7449760,22132800,1245895,808,808,0,0,0,0,0,0,0,0,0.081,0.202,0.000,0,0,0,808,808,0,0
travel,3.967,95.2,195.826,195.826,fly,0.895,ok,2601,0,0,192.00,434520064,580931584,114090264,95883264,18123768,2904,7449760,22132800,1245895,808,808,0,0,0,0,0,0,0,0,0.070,0.096,0.000,0,0,0,808,808,0,0
travel,3.998,96.0,196.349,196.349,fly,0.900,ok,2601,0,0,192.00,434520064,580931584,114090264,95883264,18123768,2904,7449760,22132800,1245895,808,808,0,0,0,0,0,0,0,0,0.072,0.070,0.000,0,0,0,808,808,0,0
travel,4.030,96.7,196.895,196.895,fly,0.878,ok,2601,0,0,192.00,434520064,580931584,114090264,95883264,18123768,2904,7449760,22132800,1245895,808,808,0,0,0,0,0,0,0,0,0.069,0.074,0.000,0,0,0,808,808,0,0
travel,4.061,97.5,197.411,197.411,fly,0.871,ok,2601,0,0,192.00,434520064,580931584,114090264,95883264,18123768,2904,7449760,22132800,1245895,808,808,0,0,0,0,0,0,0,0,0.070,0.072,0.000,0,0,0,808,808,0,0
travel,4.091,98.2,197.932,197.932,fly,0.885,ok,2601,0,0,192.00,434520064,580931584,114090264,95883264,18123768,2904,7449760,22132800,1245895,808,808,0,0,0,0,0,0,0,0,0.071,0.074,0.000,0,0,0,808,808,0,0
travel,4.122,98.9,198.447,198.447,fly,0.990,ok,2601,0,0,192.00,434520064,580931584,114090264,95883264,18123768,2904,7449760,22132800,1245895,808,808,0,0,0,0,0,0,0,0,0.078,0.112,0.000,0,0,0,808,808,0,0
travel,4.152,99.6,198.962,198.962,fly,0.881,ok,2601,0,0,192.00,434520064,580931584,114090264,95883264,18123768,2904,7449760,22132800,1245895,808,808,0,0,0,0,0,0,0,0,0.070,0.072,0.000,0,0,0,808,808,0,0
travel,4.183,100.4,199.485,199.485,fly,0.892,ok,2601,0,0,192.00,434520064,580931584,114090264,95883264,18123768,2904,7449760,22132800,1245895,808,808,0,0,0,0,0,0,0,0,0.071,0.072,0.000,0,0,0,808,808,0,0
travel,4.213,101.1,200.000,200.000,fly,0.901,ok,2601,0,0,192.00,434524160,580931584,114090264,95883264,18123768,2904,7449760,22132800,1245895,808,808,0,0,0,0,0,0,0,0,0.069,0.076,0.000,0,0,0,808,808,0,0
travel,4.253,102.1,200.685,200.685,fly,0.928,ok,2601,0,56,192.00,434667520,581455872,114090264,95883264,18123768,2904,11174640,19210848,1290455,909,909,0,0,7,0,0,0,0,0,0.072,0.073,0.000,0,0,0,909,909,0,0
travel,4.284,102.8,201.210,201.210,fly,0.848,ok,2601,0,0,192.00,434810880,581595136,114090264,95883264,18123768,2904,11174640,22132800,1301163,909,909,0,0,0,0,0,0,0,0,0.069,0.066,0.000,0,0,0,909,909,0,0
travel,4.315,103.6,201.728,201.728,fly,0.914,ok,2601,0,0,192.00,434814976,581595136,114090264,95883264,18123768,2904,11174640,22132800,1301163,909,909,0,0,0,0,0,0,0,0,0.072,0.080,0.000,0,0,0,909,909,0,0
travel,4.346,104.3,202.252,202.252,fly,0.886,ok,2601,0,0,192.00,434814976,581595136,114090264,95883264,18123768,2904,7449760,22132800,1301163,909,909,0,0,0,0,0,0,0,0,0.071,0.075,0.000,0,0,0,909,909,0,0
travel,4.376,105.0,202.768,202.768,fly,0.931,ok,2601,0,0,192.00,434814976,581595136,114090264,95883264,18123768,2904,7449760,22132800,1301163,909,909,0,0,0,0,0,0,0,0,0.082,0.080,0.000,0,0,0,909,909,0,0
travel,4.407,105.8,203.283,203.283,fly,0.892,ok,2601,0,0,192.00,434814976,581595136,114090264,95883264,18123768,2904,7449760,22132800,1301163,909,909,0,0,0,0,0,0,0,0,0.072,0.070,0.000,0,0,0,909,909,0,0
travel,4.438,106.5,203.808,203.808,fly,0.875,ok,2601,0,0,192.00,434814976,581595136,114090264,95883264,18123768,2904,7449760,22132800,1301163,909,909,0,0,0,0,0,0,0,0,0.072,0.072,0.000,0,0,0,909,909,0,0
travel,4.468,107.2,204.326,204.326,fly,0.853,ok,2601,0,0,192.00,434814976,581595136,114090264,95883264,18123768,2904,7449760,22132800,1301163,909,909,0,0,0,0,0,0,0,0,0.070,0.068,0.000,0,0,0,909,909,0,0
travel,4.498,108.0,204.836,204.836,fly,0.852,ok,2601,0,0,192.00,434814976,581595136,114090264,95883264,18123768,2904,7449760,22132800,1301163,909,909,0,0,0,0,0,0,0,0,0.070,0.069,0.000,0,0,0,909,909,0,0
travel,4.529,108.7,205.362,205.362,fly,0.887,ok,2601,0,0,192.00,434814976,581595136,114090264,95883264,18123768,2904,7449760,22132800,1301163,909,909,0,0,0,0,0,0,0,0,0.072,0.072,0.000,0,0,0,909,909,0,0
travel,4.560,109.4,205.881,205.881,fly,0.922,ok,2601,0,0,192.00,434814976,581595136,114090264,95883264,18123768,2904,7449760,22132800,1301163,909,909,0,0,0,0,0,0,0,0,0.071,0.079,0.000,0,0,0,909,909,0,0
travel,4.590,110.2,206.397,206.397,fly,0.879,ok,2601,0,0,192.00,434814976,581595136,114090264,95883264,18123768,2904,7449760,22132800,1301163,909,909,0,0,0,0,0,0,0,0,0.070,0.081,0.000,0,0,0,909,909,0,0
travel,4.620,110.9,206.909,206.909,fly,0.885,ok,2601,0,0,192.00,434814976,581595136,114090264,95883264,18123768,2904,7449760,22132800,1301163,909,909,0,0,0,0,0,0,0,0,0.071,0.074,0.000,0,0,0,909,909,0,0
travel,4.651,111.6,207.423,207.423,fly,0.891,ok,2601,0,0,192.00,434814976,581595136,114090264,95883264,18123768,2904,7449760,22132800,1301163,909,909,0,0,0,0,0,0,0,0,0.071,0.075,0.000,0,0,0,909,909,0,0
travel,4.681,112.3,207.934,207.934,fly,0.947,ok,2601,0,0,192.00,434814976,581595136,114090264,95883264,18123768,2904,7449760,22132800,1301163,909,909,0,0,0,0,0,0,0,0,0.079,0.109,0.000,0,0,0,909,909,0,0
travel,4.722,113.3,208.632,208.632,fly,1.021,ok,2601,0,50,192.00,437514240,583970816,114090264,95883264,18123768,2904,11174640,19523904,1348267,1010,1010,0,0,5,0,0,0,0,0,0.076,0.124,0.000,0,0,0,1010,1010,0,0
travel,4.753,114.1,209.158,209.158,fly,0.950,ok,2601,0,0,192.00,438304768,584810496,114090264,95883264,18123768,2904,11174640,22132800,1359007,1010,1010,0,0,0,0,0,0,0,0,0.074,0.078,0.000,0,0,0,1010,1010,0,0
travel,4.783,114.8,209.674,209.674,fly,0.854,ok,2601,0,0,192.00,438304768,584810496,114090264,95883264,18123768,2904,11174640,22132800,1359007,1010,1010,0,0,0,0,0,0,0,0,0.071,0.069,0.000,0,0,0,1010,1010,0,0
travel,4.813,115.5,210.183,210.183,fly,0.855,ok,2601,0,0,192.00,438304768,584810496,114090264,95883264,18123768,2904,7449760,22132800,1359007,1010,1010,0,0,0,0,0,0,0,0,0.071,0.067,0.000,0,0,0,1010,1010,0,0
travel,4.844,116.2,210.700,210.700,fly,0.862,ok,2601,0,0,192.00,438308864,584810496,114090264,95883264,18123768,2904,7449760,22132800,1359007,1010,1010,0,0,0,0,0,0,0,0,0.072,0.066,0.000,0,0,0,1010,1010,0,0
travel,4.875,117.0,211.238,211.238,fly,1.005,ok,2601,0,0,192.00,438308864,584810496,114090264,95883264,18123768,2904,7449760,22132800,1359007,1010,1010,0,0,0,0,0,0,0,0,0.078,0.127,0.000,0,0,0,1010,1010,0,0
travel,4.906,117.8,211.767,211.767,fly,0.888,ok,2601,0,0,192.00,438308864,584810496,114090264,95883264,18123768,2904,7449760,22132800,1359007,1010,1010,0,0,0,0,0,0,0,0,0.073,0.072,0.000,0,0,0,1010,1010,0,0
travel,4.937,118.5,212.282,212.282,fly,1.079,ok,2601,0,0,192.00,438308864,584810496,114090264,95883264,18123768,2904,7449760,22132800,1359007,1010,1010,0,0,0,0,0,0,0,0,0.154,0.106,0.000,0,0,0,1010,1010,0,0
travel,4.967,119.2,212.797,212.797,fly,0.903,ok,2601,0,0,192.00,438308864,584810496,114090264,95883264,18123768,2904,7449760,22132800,1359007,1010,1010,0,0,0,0,0,0,0,0,0.072,0.071,0.000,0,0,0,1010,1010,0,0
travel,4.998,120.0,213.319,213.319,fly,0.978,ok,2601,0,0,192.00,438308864,584810496,114090264,95883264,18123768,2904,7449760,22132800,1359007,1010,1010,0,0,0,0,0,0,0,0,0.074,0.086,0.000,0,0,0,1010,1010,0,0
travel,5.028,120.7,213.835,213.835,fly,0.888,ok,2601,0,0,192.00,438308864,584810496,114090264,95883264,18123768,2904,7449760,22132800,1359007,1010,1010,0,0,0,0,0,0,0,0,0.072,0.071,0.000,0,0,0,1010,1010,0,0
travel,5.059,121.4,214.356,214.356,fly,0.884,ok,2601,0,0,192.00,438308864,584810496,114090264,95883264,18123768,2904,7449760,22132800,1359007,1010,1010,0,0,0,0,0,0,0,0,0.071,0.073,0.000,0,0,0,1010,1010,0,0
travel,5.090,122.2,214.875,214.875,fly,0.960,ok,2601,0,0,192.00,438308864,584810496,114090264,95883264,18123768,2904,7449760,22132800,1359007,1010,1010,0,0,0,0,0,0,0,0,0.079,0.086,0.000,0,0,0,1010,1010,0,0
travel,5.121,122.9,215.403,215.403,fly,0.926,ok,2601,0,0,192.00,438308864,584810496,114090264,95883264,18123768,2904,7449760,22132800,1359007,1010,1010,0,0,0,0,0,0,0,0,0.072,0.081,0.000,0,0,0,1010,1010,0,0
travel,5.151,123.6,215.921,215.921,fly,1.460,ok,2601,0,0,192.00,438308864,584810496,114090264,95883264,18123768,2904,7449760,22132800,1359007,1010,1010,0,0,0,0,0,0,0,0,0.636,0.068,0.000,0,0,0,1010,1010,0,0
travel,5.191,124.6,216.589,216.589,fly,1.074,ok,2601,0,74,192.00,441241600,587800576,114090264,95883264,18123768,2904,11174640,18271680,1399311,1111,1111,0,0,5,0,0,0,0,0,0.075,0.154,0.000,0,0,0,1111,1111,0,0
travel,5.222,125.3,217.114,217.114,fly,1.258,ok,2601,0,0,192.00,442130432,588709888,114090264,95883264,18123768,2904,11174640,22132800,1413647,1111,1111,0,0,0,0,0,0,0,0,0.420,0.087,0.000,0,0,0,1111,1111,0,0
travel,5.253,126.1,217.641,217.641,fly,0.899,ok,2601,0,0,192.00,442130432,588709888,114090264,95883264,18123768,2904,11174640,22132800,1413647,1111,1111,0,0,0,0,0,0,0,0,0.075,0.075,0.000,0,0,0,1111,1111,0,0
travel,5.285,126.8,218.192,218.192,fly,1.253,ok,2601,0,0,192.00,442134528,588709888,114090264,95883264,18123768,2904,11174640,22132800,1413647,1111,1111,0,0,0,0,0,0,0,0,0.077,0.112,0.000,0,0,0,1111,1111,0,0
travel,5.316,127.6,218.711,218.711,fly,0.881,ok,2601,0,0,192.00,442134528,588709888,114090264,95883264,18123768,2904,7449760,22132800,1413647,1111,1111,0,0,0,0,0,0,0,0,0.077,0.074,0.000,0,0,0,1111,1111,0,0
travel,5.346,128.3,219.221,219.221,fly,0.862,ok,2601,0,0,192.00,442134528,588709888,114090264,95883264,18123768,2904,7449760,22132800,1413647,1111,1111,0,0,0,0,0,0,0,0,0.072,0.066,0.000,0,0,0,1111,1111,0,0
travel,5.376,129.0,219.736,219.736,fly,0.873,ok,2601,0,0,192.00,442138624,588709888,114090264,95883264,18123768,2904,7449760,22132800,1413647,1111,1111,0,0,0,0,0,0,0,0,0.072,0.067,0.000,0,0,0,1111,1111,0,0
travel,5.407,129.8,220.254,220.254,fly,0.864,ok,2601,0,0,192.00,442138624,588709888,114090264,95883264,18123768,2904,7449760,22132800,1413647,1111,1111,0,0,0,0,0,0,0,0,0.073,0.066,0.000,0,0,0,1111,1111,0,0
travel,5.437,130.5,220.766,220.766,fly,0.922,ok,2601,0,0,192.00,442138624,588709888,114090264,95883264,18123768,2904,7449760,22132800,1413647,1111,1111,0,0,0,0,0,0,0,0,0.073,0.077,0.000,0,0,0,1111,1111,0,0
travel,5.467,131.2,221.287,221.287,fly,0.874,ok,2601,0,0,192.00,442138624,588709888,114090264,95883264,18123768,2904,7449760,22132800,1413647,1111,1111,0,0,0,0,0,0,0,0,0.071,0.065,0.000,0,0,0,1111,1111,0,0
travel,5.497,131.9,221.796,221.796,fly,1.026,ok,2601,0,0,192.00,442138624,588709888,114090264,95883264,18123768,2904,7449760,22132800,1413647,1111,1111,0,0,0,0,0,0,0,0,0.228,0.067,0.000,0,0,0,1111,1111,0,0
travel,5.528,132.7,222.318,222.318,fly,0.969,ok,2601,0,0,192.00,442138624,588709888,114090264,95883264,18123768,2904,7449760,22132800,1413647,1111,1111,0,0,0,0,0,0,0,0,0.074,0.085,0.000,0,0,0,1111,1111,0,0
travel,5.559,133.4,222.840,222.840,fly,0.908,ok,2601,0,0,192.00,442138624,588709888,114090264,95883264,18123768,2904,7449760,22132800,1413647,1111,1111,0,0,0,0,0,0,0,0,0.072,0.071,0.000,0,0,0,1111,1111,0,0
travel,5.590,134.2,223.364,223.364,fly,0.885,ok,2601,0,0,192.00,442138624,588709888,114090264,95883264,18123768,2904,7449760,22132800,1413647,1111,1111,0,0,0,0,0,0,0,0,0.072,0.069,0.000,0,0,0,1111,1111,0,0
travel,5.620,134.9,223.875,223.875,fly,0.901,ok,2601,0,0,192.00,442138624,588709888,114090264,95883264,18123768,2904,7449760,22132800,1413647,1111,1111,0,0,0,0,0,0,0,0,0.071,0.073,0.000,0,0,0,1111,1111,0,0
travel,5.661,135.9,224.579,224.579,fly,1.001,ok,2601,0,82,192.00,443789312,590417920,114090264,95883264,18123768,2904,11174640,17854272,1235784,1212,1212,0,0,2,0,0,0,0,0,0.082,0.109,0.000,0,0,0,1212,1212,0,0
travel,5.693,136.6,225.112,225.112,fly,1.056,ok,2601,0,0,192.00,443789312,590417920,114090264,95883264,18123768,2904,11174640,22132800,1252680,1212,1212,0,0,0,0,0,0,0,0,0.156,0.109,0.000,0,0,0,1212,1212,0,0
travel,5.723,137.4,225.627,225.627,fly,0.887,ok,2601,0,0,192.00,443789312,590417920,114090264,95883264,18123768,2904,11174640,22132800,1252680,1212,1212,0,0,0,0,0,0,0,0,0.072,0.066,0.000,0,0,0,1212,1212,0,0
travel,5.755,138.1,226.160,226.160,fly,0.904,ok,2601,0,0,192.00,443789312,590417920,114090264,95883264,18123768,2904,7449760,22132800,1252680,1212,1212,0,0,0,0,0,0,0,0,0.073,0.074,0.000,0,0,0,1212,1212,0,0
travel,5.785,138.8,226.679,226.679,fly,0.894,ok,2601,0,0,192.00,443789312,590417920,114090264,95883264,18123768,2904,7449760,22132800,1252680,1212,1212,0,0,0,0,0,0,0,0,0.072,0.071,0.000,0,0,0,1212,1212,0,0
travel,5.815,139.6,227.190,227.190,fly,0.956,ok,2601,0,0,192.00,443793408,590417920,114090264,95883264,18123768,2904,7449760,22132800,1252680,1212,1212,0,0,0,0,0,0,0,0,0.073,0.081,0.000,0,0,0,1212,1212,0,0
travel,5.846,140.3,227.710,227.710,fly,0.892,ok,2601,0,0,192.00,443793408,590417920,114090264,95883264,18123768,2904,7449760,22132800,1252680,1212,1212,0,0,0,0,0,0,0,0,0.071,0.070,0.000,0,0,0,1212,1212,0,0
travel,5.876,141.0,228.228,228.228,fly,0.890,ok,2601,0,0,192.00,443793408,590417920,114090264,95883264,18123768,2904,7449760,22132800,1252680,1212,1212,0,0,0,0,0,0,0,0,0.072,0.072,0.000,0,0,0,1212,1212,0,0
travel,5.907,141.8,228.743,228.743,fly,0.873,ok,2601,0,0,192.00,443797504,590417920,114090264,95883264,18123768,2904,7449760,22132800,1252680,1212,1212,0,0,0,0,0,0,0,0,0.074,0.070,0.000,0,0,0,1212,1212,0,0
travel,5.937,142.5,229.265,229.265,fly,0.909,ok,2601,0,0,192.00,443797504,590417920,114090264,95883264,18123768,2904,7449760,22132800,1252680,1212,1212,0,0,0,0,0,0,0,0,0.072,0.075,0.000,0,0,0,1212,1212,0,0
travel,5.969,143.3,229.798,229.798,fly,0.896,ok,2601,0,0,192.00,443797504,590417920,114090264,95883264,18123768,2904,7449760,22132800,1252680,1212,1212,0,0,0,0,0,0,0,0,0.072,0.072,0.000,0,0,0,1212,1212,0,0
travel,5.999,144.0,230.311,230.311,fly,0.918,ok,2601,0,0,192.00,443797504,590417920,114090264,95883264,18123768,2904,7449760,22132800,1252680,1212,1212,0,0,0,0,0,0,0,0,0.072,0.074,0.000,0,0,0,1212,1212,0,0
travel,6.030,144.7,230.834,230.834,fly,0.864,ok,2601,0,0,192.00,443797504,590417920,114090264,95883264,18123768,2904,7449760,22132800,1252680,1212,1212,0,0,0,0,0,0,0,0,0.071,0.067,0.000,0,0,0,1212,1212,0,0
travel,6.060,145.5,231.352,231.352,fly,0.905,ok,2601,0,0,192.00,443797504,590417920,114090264,95883264,18123768,2904,7449760,22132800,1252680,1212,1212,0,0,0,0,0,0,0,0,0.072,0.075,0.000,0,0,0,1212,1212,0,0
travel,6.099,146.4,232.007,232.007,fly,5.507,ok,2523,78,107,192.00,443797504,590417920,110668872,93007872,17580264,2904,11174640,15349272,1254572,1235,1313,23,101,23,23,23,0,0,0,0.756,0.194,0.000,0,0,0,1235,1235,0,0
travel,6.159,147.8,233.017,233.017,fly,1.755,ok,2601,0,35,192.00,444305408,590929920,114090264,95883264,18123768,2904,11174640,20306544,1300904,1313,1313,0,0,2,0,0,0,0,0,0.465,0.153,0.000,0,0,0,1313,1313,0,0
travel,6.192,148.6,233.592,233.592,fly,0.892,ok,2601,0,0,192.00,444305408,590929920,114090264,95883264,18123768,2904,11174640,22132800,1306976,1313,1313,0,0,0,0,0,0,0,0,0.093,0.069,0.000,0,0,0,1313,1313,0,0
travel,6.224,149.4,234.122,234.122,fly,0.864,ok,2601,0,0,192.00,444305408,590929920,114090264,95883264,18123768,2904,7449760,22132800,1306976,1313,1313,0,0,0,0,0,0,0,0,0.072,0.068,0.000,0,0,0,1313,1313,0,0
travel,6.255,150.1,234.649,234.649,fly,0.884,ok,2601,0,0,192.00,444305408,590929920,114090264,95883264,18123768,2904,7449760,22132800,1306976,1313,1313,0,0,0,0,0,0,0,0,0.074,0.075,0.000,0,0,0,1313,1313,0,0
travel,6.288,150.9,235.208,235.208,fly,0.857,ok,2601,0,0,192.00,444305408,590929920,114090264,95883264,18123768,2904,7449760,22132800,1306976,1313,1313,0,0,0,0,0,0,0,0,0.073,0.066,0.000,0,0,0,1313,1313,0,0
travel,6.319,151.7,235.735,235.735,fly,0.860,ok,2601,0,0,192.00,444305408,590929920,114090264,95883264,18123768,2904,7449760,22132800,1306976,1313,1313,0,0,0,0,0,0,0,0,0.072,0.066,0.000,0,0,0,1313,1313,0,0
travel,6.349,152.4,236.256,236.256,fly,0.889,ok,2601,0,0,192.00,444305408,590929920,114090264,95883264,18123768,2904,7449760,22132800,1306976,1313,1313,0,0,0,0,0,0,0,0,0.074,0.072,0.000,0,0,0,1313,1313,0,0
travel,6.380,153.1,236.777,236.777,fly,0.858,ok,2601,0,0,192.00,444305408,590929920,114090264,95883264,18123768,2904,7449760,22132800,1306976,1313,1313,0,0,0,0,0,0,0,0,0.074,0.067,0.000,0,0,0,1313,1313,0,0
travel,6.411,153.9,237.296,237.296,fly,1.100,ok,2601,0,0,192.00,444309504,590929920,114090264,95883264,18123768,2904,7449760,22132800,1306976,1313,1313,0,0,0,0,0,0,0,0,0.279,0.072,0.000,0,0,0,1313,1313,0,0
travel,6.441,154.6,237.815,237.815,fly,0.862,ok,2601,0,0,192.00,444309504,590929920,114090264,95883264,18123768,2904,7449760,22132800,1306976,1313,1313,0,0,0,0,0,0,0,0,0.071,0.070,0.000,0,0,0,1313,1313,0,0
travel,6.472,155.3,238.338,238.338,fly,0.892,ok,2601,0,0,192.00,444313600,590929920,114090264,95883264,18123768,2904,7449760,22132800,1306976,1313,1313,0,0,0,0,0,0,0,0,0.073,0.074,0.000,0,0,0,1313,1313,0,0
travel,6.503,156.1,238.859,238.859,fly,0.910,ok,2601,0,0,192.00,444313600,590929920,114090264,95883264,18123768,2904,7449760,22132800,1306976,1313,1313,0,0,0,0,0,0,0,0,0.083,0.076,0.000,0,0,0,1313,1313,0,0
travel,6.536,156.9,239.429,239.429,fly,0.975,ok,2601,0,0,192.00,444313600,590929920,114090264,95883264,18123768,2904,7449760,22132800,1306976,1313,1313,0,0,0,0,0,0,0,0,0.144,0.075,0.000,0,0,0,1313,1313,0,0
travel,6.567,157.6,239.952,239.952,fly,0.871,ok,2601,0,0,192.00,444313600,590929920,114090264,95883264,18123768,2904,7449760,22132800,1306976,1313,1313,0,0,0,0,0,0,0,0,0.070,0.071,0.000,0,0,0,1313,1313,0,0
travel,6.608,158.6,240.647,240.647,fly,1.598,ok,2601,0,41,192.00,444477440,591454208,114090264,95883264,18123768,2904,11174640,19993488,1353601,1414,1414,0,0,7,0,0,0,0,0,0.374,0.140,0.000,0,0,0,1414,1414,0,0
travel,6.640,159.4,241.186,241.186,fly,0.982,ok,2601,0,0,192.00,444477440,591454208,114090264,95883264,18123768,2904,11174640,22132800,1362916,1414,1414,0,0,0,0,0,0,0,0,0.079,0.110,0.000,0,0,0,1414,1414,0,0
travel,6.671,160.1,241.710,241.710,fly,0.879,ok,2601,0,0,192.00,444477440,591454208,114090264,95883264,18123768,2904,11174640,22132800,1362916,1414,1414,0,0,0,0,0,0,0,0,0.071,0.070,0.000,0,0,0,1414,1414,0,0
travel,6.701,160.8,242.229,242.229,fly,0.987,ok,2601,0,0,192.00,444477440,591454208,114090264,95883264,18123768,2904,7449760,22132800,1362916,1414,1414,0,0,0,0,0,0,0,0,0.164,0.074,0.000,0,0,0,1414,1414,0,0
travel,6.732,161.6,242.745,242.745,fly,0.860,ok,2601,0,0,192.00,444477440,591454208,114090264,95883264,18123768,2904,7449760,22132800,1362916,1414,1414,0,0,0,0,0,0,0,0,0.070,0.071,0.000,0,0,0,1414,1414,0,0
travel,6.763,162.3,243.280,243.280,fly,0.892,ok,2601,0,0,192.00,444477440,591454208,114090264,95883264,18123768,2904,7449760,22132800,1362916,1414,1414,0,0,0,0,0,0,0,0,0.073,0.073,0.000,0,0,0,1414,1414,0,0
travel,6.794,163.1,243.807,243.807,fly,0.891,ok,2601,0,0,192.00,444477440,591454208,114090264,95883264,18123768,2904,7449760,22132800,1362916,1414,1414,0,0,0,0,0,0,0,0,0.073,0.074,0.000,0,0,0,1414,1414,0,0
travel,6.825,163.8,244.324,244.324,fly,1.004,ok,2601,0,0,192.00,444477440,591454208,114090264,95883264,18123768,2904,7449760,22132800,1362916,1414,1414,0,0,0,0,0,0,0,0,0.082,0.108,0.000,0,0,0,1414,1414,0,0
travel,6.856,164.5,244.853,244.853,fly,0.851,ok,2601,0,0,192.00,444477440,591454208,114090264,95883264,18123768,2904,7449760,22132800,1362916,1414,1414,0,0,0,0,0,0,0,0,0.070,0.068,0.000,0,0,0,1414,1414,0,0
travel,6.886,165.3,245.371,245.371,fly,0.845,ok,2601,0,0,192.00,444477440,591454208,114090264,95883264,18123768,2904,7449760,22132800,1362916,1414,1414,0,0,0,0,0,0,0,0,0.069,0.065,0.000,0,0,0,1414,1414,0,0
travel,6.917,166.0,245.888,245.888,fly,0.856,ok,2601,0,0,192.00,444477440,591454208,114090264,95883264,18123768,2904,7449760,22132800,1362916,1414,1414,0,0,0,0,0,0,0,0,0.072,0.069,0.000,0,0,0,1414,1414,0,0
travel,6.948,166.8,246.414,246.414,fly,0.962,ok,2601,0,0,192.00,444481536,591454208,114090264,95883264,18123768,2904,7449760,22132800,1362916,1414,1414,0,0,0,0,0,0,0,0,0.072,0.087,0.000,0,0,0,1414,1414,0,0
travel,6.978,167.5,246.932,246.932,fly,0.856,ok,2601,0,0,192.00,444481536,591454208,114090264,95883264,18123768,2904,7449760,22132800,1362916,1414,1414,0,0,0,0,0,0,0,0,0.069,0.075,0.000,0,0,0,1414,1414,0,0
travel,7.009,168.2,247.442,247.442,fly,0.853,ok,2601,0,0,192.00,444485632,591454208,114090264,95883264,18123768,2904,7449760,22132800,1362916,1414,1414,0,0,0,0,0,0,0,0,0.071,0.073,0.000,0,0,0,1414,1414,0,0
travel,7.039,168.9,247.957,247.957,fly,0.857,ok,2601,0,0,192.00,444485632,591454208,114090264,95883264,18123768,2904,7449760,22132800,1362916,1414,1414,0,0,0,0,0,0,0,0,0.070,0.070,0.000,0,0,0,1414,1414,0,0
travel,7.082,170.0,248.688,248.688,fly,1.026,ok,2601,0,40,192.00,444915712,591454208,114090264,95883264,18123768,2904,11174640,20045664,1411192,1515,1515,0,0,2,0,0,0,0,0,0.081,0.104,0.000,0,0,0,1515,1515,0,0
travel,7.113,170.7,249.217,249.217,fly,0.880,ok,2601,0,0,192.00,444919808,591454208,114090264,95883264,18123768,2904,11174640,22132800,1418864,1515,1515,0,0,0,0,0,0,0,0,0.073,0.070,0.000,0,0,0,1515,1515,0,0
travel,7.144,171.5,249.737,249.737,fly,0.898,ok,2601,0,0,192.00,444919808,591454208,114090264,95883264,18123768,2904,11174640,22132800,1418864,1515,1515,0,0,0,0,0,0,0,0,0.075,0.074,0.000,0,0,0,1515,1515,0,0
travel,7.174,172.2,250.256,250.256,fly,0.974,ok,2601,0,0,192.00,444919808,591454208,114090264,95883264,18123768,2904,11174640,22132800,1418864,1515,1515,0,0,0,0,0,0,0,0,0.079,0.110,0.000,0,0,0,1515,1515,0,0
travel,7.204,172.9,250.767,250.767,fly,0.891,ok,2601,0,0,192.00,444919808,591454208,114090264,95883264,18123768,2904,7449760,22132800,1418864,1515,1515,0,0,0,0,0,0,0,0,0.071,0.077,0.000,0,0,0,1515,1515,0,0
travel,7.236,173.7,251.297,251.297,fly,0.895,ok,2601,0,0,192.00,444919808,591454208,114090264,95883264,18123768,2904,7449760,22132800,1418864,1515,1515,0,0,0,0,0,0,0,0,0.073,0.078,0.000,0,0,0,1515,1515,0,0
travel,7.267,174.4,251.825,251.825,fly,0.876,ok,2601,0,0,192.00,444919808,591454208,114090264,95883264,18123768,2904,7449760,22132800,1418864,1515,1515,0,0,0,0,0,0,0,0,0.072,0.073,0.000,0,0,0,1515,1515,0,0
travel,7.297,175.1,252.340,252.340,fly,0.898,ok,2601,0,0,192.00,444919808,591454208,114090264,95883264,18123768,2904,7449760,22132800,1418864,1515,1515,0,0,0,0,0,0,0,0,0.072,0.076,0.000,0,0,0,1515,1515,0,0
travel,7.328,175.9,252.858,252.858,fly,0.876,ok,2601,0,0,192.00,444919808,591454208,114090264,95883264,18123768,2904,7449760,22132800,1418864,1515,1515,0,0,0,0,0,0,0,0,0.071,0.073,0.000,0,0,0,1515,1515,0,0
travel,7.359,176.6,253.387,253.387,fly,0.894,ok,2601,0,0,192.00,444919808,591454208,114090264,95883264,18123768,2904,7449760,22132800,1418864,1515,1515,0,0,0,0,0,0,0,0,0.070,0.075,0.000,0,0,0,1515,1515,0,0
travel,7.390,177.4,253.910,253.910,fly,0.922,ok,2601,0,0,192.00,444919808,591454208,114090264,95883264,18123768,2904,7449760,22132800,1418864,1515,1515,0,0,0,0,0,0,0,0,0.072,0.075,0.000,0,0,0,1515,1515,0,0
travel,7.420,178.1,254.428,254.428,fly,0.992,ok,2601,0,0,192.00,444919808,591454208,114090264,95883264,18123768,2904,7449760,22132800,1418864,1515,1515,0,0,0,0,0,0,0,0,0.080,0.109,0.000,0,0,0,1515,1515,0,0
travel,7.451,178.8,254.952,254.952,fly,0.887,ok,2601,0,0,192.00,444919808,591454208,114090264,95883264,18123768,2904,7449760,22132800,1418864,1515,1515,0,0,0,0,0,0,0,0,0.072,0.076,0.000,0,0,0,1515,1515,0,0
travel,7.482,179.6,255.482,255.482,fly,0.887,ok,2601,0,0,192.00,444923904,591454208,114090264,95883264,18123768,2904,7449760,22132800,1418864,1515,1515,0,0,0,0,0,0,0,0,0.073,0.073,0.000,0,0,0,1515,1515,0,0
travel,7.513,180.3,256.000,256.000,fly,6.535,ok,2537,64,93,192.00,444923904,591454208,111282968,93523968,17677816,2904,11174640,15348936,1425013,1552,1616,37,101,37,37,37,0,0,0,0.759,0.118,0.000,0,0,0,1552,1552,0,0
travel,7.555,181.3,256.714,256.714,fly,0.996,ok,2601,0,45,192.00,445935616,592527360,114090264,95883264,18123768,2904,11174640,19784784,1249824,1616,1616,0,0,4,0,0,0,0,0,0.074,0.086,0.000,0,0,0,1616,1616,0,0
travel,7.585,182.1,257.234,257.234,fly,0.858,ok,2601,0,0,192.00,445935616,592527360,114090264,95883264,18123768,2904,11174640,22132800,1258494,1616,1616,0,0,0,0,0,0,0,0,0.070,0.069,0.000,0,0,0,1616,1616,0,0
travel,7.616,182.8,257.756,257.756,fly,0.967,ok,2601,0,0,192.00,445935616,592527360,114090264,95883264,18123768,2904,11174640,22132800,1258494,1616,1616,0,0,0,0,0,0,0,0,0.080,0.109,0.000,0,0,0,1616,1616,0,0
travel,7.647,183.5,258.280,258.280,fly,0.950,ok,2601,0,0,192.00,445935616,592527360,114090264,95883264,18123768,2904,11174640,22132800,1258494,1616,1616,0,0,0,0,0,0,0,0,0.074,0.081,0.000,0,0,0,1616,1616,0,0
travel,7.677,184.3,258.793,258.793,fly,0.887,ok,2601,0,0,192.00,445935616,592527360,114090264,95883264,18123768,2904,7449760,22132800,1258494,1616,1616,0,0,0,0,0,0,0,0,0.073,0.073,0.000,0,0,0,1616,1616,0,0
travel,7.708,185.0,259.320,259.320,fly,0.888,ok,2601,0,0,192.00,445935616,592527360,114090264,95883264,18123768,2904,7449760,22132800,1258494,1616,1616,0,0,0,0,0,0,0,0,0.073,0.074,0.000,0,0,0,1616,1616,0,0
travel,7.739,185.7,259.833,259.833,fly,0.886,ok,2601,0,0,192.00,445935616,592527360,114090264,95883264,18123768,2904,7449760,22132800,1258494,1616,1616,0,0,0,0,0,0,0,0,0.071,0.073,0.000,0,0,0,1616,1616,0,0
travel,7.769,186.5,260.346,260.346,fly,0.970,ok,2601,0,0,192.00,445935616,592527360,114090264,95883264,18123768,2904,7449760,22132800,1258494,1616,1616,0,0,0,0,0,0,0,0,0.079,0.109,0.000,0,0,0,1616,1616,0,0
travel,7.799,187.2,260.865,260.865,fly,0.876,ok,2601,0,0,192.00,445935616,592527360,114090264,95883264,18123768,2904,7449760,22132800,1258494,1616,1616,0,0,0,0,0,0,0,0,0.071,0.072,0.000,0,0,0,1616,1616,0,0
travel,7.830,187.9,261.389,261.389,fly,0.873,ok,2601,0,0,192.00,445935616,592527360,114090264,95883264,18123768,2904,7449760,22132800,1258494,1616,1616,0,0,0,0,0,0,0,0,0.070,0.080,0.000,0,0,0,1616,1616,0,0
travel,7.861,188.7,261.904,261.904,fly,0.869,ok,2601,0,0,192.00,445935616,592527360,114090264,95883264,18123768,2904,7449760,22132800,1258494,1616,1616,0,0,0,0,0,0,0,0,0.069,0.080,0.000,0,0,0,1616,1616,0,0
travel,7.891,189.4,262.427,262.427,fly,0.848,ok,2601,0,0,192.00,445935616,592527360,114090264,95883264,18123768,2904,7449760,22132800,1258494,1616,1616,0,0,0,0,0,0,0,0,0.069,0.069,0.000,0,0,0,1616,1616,0,0
travel,7.922,190.1,262.941,262.941,fly,0.854,ok,2601,0,0,192.00,445935616,592527360,114090264,95883264,18123768,2904,7449760,22132800,1258494,1616,1616,0,0,0,0,0,0,0,0,0.070,0.067,0.000,0,0,0,1616,1616,0,0
travel,7.952,190.9,263.454,263.454,fly,0.910,ok,2601,0,0,192.00,445935616,592527360,114090264,95883264,18123768,2904,7449760,22132800,1258494,1616,1616,0,0,0,0,0,0,0,0,0.071,0.081,0.000,0,0,0,1616,1616,0,0
travel,7.982,191.6,263.969,263.969,fly,0.964,ok,2601,0,0,192.00,445935616,592527360,114090264,95883264,18123768,2904,7449760,22132800,1258494,1616,1616,0,0,0,0,0,0,0,0,0.072,0.089,0.000,0,0,0,1616,1616,0,0
travel,8.022,192.5,264.645,264.645,fly,0.884,ok,2601,0,42,192.00,446464000,593051648,114090264,95883264,18123768,2904,11174640,19941312,1303994,1717,1717,0,0,3,0,0,0,0,0,0.072,0.073,0.000,0,0,0,1717,1717,0,0
travel,8.054,193.3,265.179,265.179,fly,0.880,ok,2601,0,0,192.00,446464000,593051648,114090264,95883264,18123768,2904,11174640,22132800,1312130,1717,1717,0,0,0,0,0,0,0,0,0.069,0.071,0.000,0,0,0,1717,1717,0,0
travel,8.084,194.0,265.703,265.703,fly,0.923,ok,2601,0,0,192.00,446468096,593051648,114090264,95883264,18123768,2904,11174640,22132800,1312130,1717,1717,0,0,0,0,0,0,0,0,0.073,0.083,0.000,0,0,0,1717,1717,0,0
travel,8.115,194.8,266.219,266.219,fly,0.884,ok,2601,0,0,192.00,446468096,593051648,114090264,95883264,18123768,2904,7449760,22132800,1312130,1717,1717,0,0,0,0,0,0,0,0,0.072,0.073,0.000,0,0,0,1717,1717,0,0
travel,8.146,195.5,266.740,266.740,fly,0.850,ok,2601,0,0,192.00,446468096,593051648,114090264,95883264,18123768,2904,7449760,22132800,1312130,1717,1717,0,0,0,0,0,0,0,0,0.071,0.068,0.000,0,0,0,1717,1717,0,0
travel,8.177,196.3,267.276,267.276,fly,0.904,ok,2601,0,0,192.00,446468096,593051648,114090264,95883264,18123768,2904,7449760,22132800,1312130,1717,1717,0,0,0,0,0,0,0,0,0.075,0.075,0.000,0,0,0,1717,1717,0,0
travel,8.208,197.0,267.795,267.795,fly,1.353,ok,2601,0,0,192.00,446468096,593051648,114090264,95883264,18123768,2904,7449760,22132800,1312130,1717,1717,0,0,0,0,0,0,0,0,0.503,0.082,0.000,0,0,0,1717,1717,0,0
travel,8.238,197.7,268.316,268.316,fly,0.909,ok,2601,0,0,192.00,446468096,593051648,114090264,95883264,18123768,2904,7449760,22132800,1312130,1717,1717,0,0,0,0,0,0,0,0,0.074,0.075,0.000,0,0,0,1717,1717,0,0
travel,8.269,198.5,268.839,268.839,fly,0.851,ok,2601,0,0,192.00,446468096,593051648,114090264,95883264,18123768,2904,7449760,22132800,1312130,1717,1717,0,0,0,0,0,0,0,0,0.070,0.066,0.000,0,0,0,1717,1717,0,0
travel,8.300,199.2,269.357,269.357,fly,1.024,ok,2601,0,0,192.00,446468096,593051648,114090264,95883264,18123768,2904,7449760,22132800,1312130,1717,1717,0,0,0,0,0,0,0,0,0.172,0.097,0.000,0,0,0,1717,1717,0,0
travel,8.330,199.9,269.876,269.876,fly,1.066,ok,2601,0,0,192.00,446468096,593051648,114090264,95883264,18123768,2904,7449760,22132800,1312130,1717,1717,0,0,0,0,0,0,0,0,0.069,0.232,0.000,0,0,0,1717,1717,0,0
travel,8.363,200.7,270.427,270.427,fly,0.949,ok,2601,0,0,192.00,446468096,593051648,114090264,95883264,18123768,2904,7449760,22132800,1312130,1717,1717,0,0,0,0,0,0,0,0,0.079,0.114,0.000,0,0,0,1717,1717,0,0
travel,8.393,201.4,270.943,270.943,fly,0.951,ok,2601,0,0,192.00,446468096,593051648,114090264,95883264,18123768,2904,7449760,22132800,1312130,1717,1717,0,0,0,0,0,0,0,0,0.077,0.108,0.000,0,0,0,1717,1717,0,0
travel,8.425,202.2,271.479,271.479,fly,1.298,ok,2601,0,0,192.00,446468096,593051648,114090264,95883264,18123768,2904,7449760,22132800,1312130,1717,1717,0,0,0,0,0,0,0,0,0.357,0.178,0.000,0,0,0,1717,1717,0,0
travel,8.462,203.1,272.106,272.106,fly,3.707,ok,2563,38,184,192.00,446992384,593575936,112423432,94482432,17858984,2904,11174640,14515920,1321514,1780,1818,29,0,43,29,29,0,0,524288,0.186,0.114,0.000,0,0,0,1780,1780,0,0
travel,8.499,204.0,272.730,272.730,fly,0.865,ok,2601,0,14,192.00,447516672,594104320,114090264,95883264,18123768,2904,11174640,21402240,1365967,1818,1818,0,0,4,0,0,0,0,0,0.072,0.067,0.000,0,0,0,1818,1818,0,0
travel,8.529,204.7,273.250,273.250,fly,0.889,ok,2601,0,0,192.00,447516672,594104320,114090264,95883264,18123768,2904,11174640,22132800,1368278,1818,1818,0,0,0,0,0,0,0,0,0.070,0.076,0.000,0,0,0,1818,1818,0,0
travel,8.560,205.4,273.771,273.771,fly,0.994,ok,2601,0,0,192.00,447516672,594104320,114090264,95883264,18123768,2904,11174640,22132800,1368278,1818,1818,0,0,0,0,0,0,0,0,0.078,0.109,0.000,0,0,0,1818,1818,0,0
travel,8.591,206.2,274.306,274.306,fly,0.896,ok,2601,0,0,192.00,447516672,594104320,114090264,95883264,18123768,2904,7449760,22132800,1368278,1818,1818,0,0,0,0,0,0,0,0,0.070,0.080,0.000,0,0,0,1818,1818,0,0
travel,8.622,206.9,274.826,274.826,fly,0.864,ok,2601,0,0,192.00,447582208,594104320,114090264,95883264,18123768,2904,7449760,22132800,1368278,1818,1818,0,0,0,0,0,0,0,0,0.070,0.066,0.000,0,0,0,1818,1818,0,0
travel,8.652,207.7,275.342,275.342,fly,0.849,ok,2601,0,0,192.00,447582208,594104320,114090264,95883264,18123768,2904,7449760,22132800,1368278,1818,1818,0,0,0,0,0,0,0,0,0.069,0.064,0.000,0,0,0,1818,1818,0,0
travel,8.683,208.4,275.858,275.858,fly,0.858,ok,2601,0,0,192.00,447582208,594104320,114090264,95883264,18123768,2904,7449760,22132800,1368278,1818,1818,0,0,0,0,0,0,0,0,0.069,0.067,0.000,0,0,0,1818,1818,0,0
travel,8.713,209.1,276.372,276.372,fly,0.872,ok,2601,0,0,192.00,447582208,594104320,114090264,95883264,18123768,2904,7449760,22132800,1368278,1818,1818,0,0,0,0,0,0,0,0,0.069,0.070,0.000,0,0,0,1818,1818,0,0
travel,8.745,209.9,276.908,276.908,fly,0.854,ok,2601,0,0,192.00,447582208,594104320,114090264,95883264,18123768,2904,7449760,22132800,1368278,1818,1818,0,0,0,0,0,0,0,0,0.069,0.069,0.000,0,0,0,1818,1818,0,0
travel,8.775,210.6,277.428,277.428,fly,0.864,ok,2601,0,0,192.00,447582208,594104320,114090264,95883264,18123768,2904,7449760,22132800,1368278,1818,1818,0,0,0,0,0,0,0,0,0.069,0.068,0.000,0,0,0,1818,1818,0,0
travel,8.806,211.4,277.954,277.954,fly,0.892,ok,2601,0,0,192.00,447582208,594104320,114090264,95883264,18123768,2904,7449760,22132800,1368278,1818,1818,0,0,0,0,0,0,0,0,0.070,0.071,0.000,0,0,0,1818,1818,0,0
travel,8.837,212.1,278.472,278.472,fly,0.888,ok,2601,0,0,192.00,447582208,594104320,114090264,95883264,18123768,2904,7449760,22132800,1368278,1818,1818,0,0,0,0,0,0,0,0,0.071,0.075,0.000,0,0,0,1818,1818,0,0
travel,8.867,212.8,278.990,278.990,fly,0.873,ok,2601,0,0,192.00,447582208,594104320,114090264,95883264,18123768,2904,7449760,22132800,1368278,1818,1818,0,0,0,0,0,0,0,0,0.070,0.069,0.000,0,0,0,1818,1818,0,0
travel,8.898,213.6,279.506,279.506,fly,0.885,ok,2601,0,0,192.00,447582208,594104320,114090264,95883264,18123768,2904,7449760,22132800,1368278,1818,1818,0,0,0,0,0,0,0,0,0.070,0.075,0.000,0,0,0,1818,1818,0,0
travel,8.935,214.4,280.136,280.136,fly,3.102,ok,2601,0,176,192.00,447582208,594104320,114090264,95883264,18123768,2904,11174640,13001904,1380094,1919,1919,27,0,34,27,27,0,0,0,0.199,0.111,0.000,0,0,0,1919,1919,0,0
travel,8.968,215.2,280.699,280.699,fly,0.860,ok,2601,0,26,192.00,447582208,594104320,114090264,95883264,18123768,2904,11174640,20776128,1419170,1919,1919,0,0,6,0,0,0,0,0,0.070,0.066,0.000,0,0,0,1919,1919,0,0
travel,8.999,216.0,281.216,281.216,fly,0.872,ok,2601,0,0,192.00,447582208,594104320,114090264,95883264,18123768,2904,11174640,22132800,1424130,1919,1919,0,0,0,0,0,0,0,0,0.070,0.072,0.000,0,0,0,1919,1919,0,0
travel,9.030,216.7,281.743,281.743,fly,0.862,ok,2601,0,0,192.00,447582208,594104320,114090264,95883264,18123768,2904,11174640,22132800,1424130,1919,1919,0,0,0,0,0,0,0,0,0.071,0.070,0.000,0,0,0,1919,1919,0,0
travel,9.060,217.4,282.259,282.259,fly,0.897,ok,2601,0,0,192.00,447582208,594104320,114090264,95883264,18123768,2904,11174640,22132800,1424130,1919,1919,0,0,0,0,0,0,0,0,0.070,0.074,0.000,0,0,0,1919,1919,0,0
travel,9.091,218.2,282.779,282.779,fly,0.911,ok,2601,0,0,192.00,447582208,594104320,114090264,95883264,18123768,2904,7449760,22132800,1424130,1919,1919,0,0,0,0,0,0,0,0,0.071,0.076,0.000,0,0,0,1919,1919,0,0
travel,9.122,218.9,283.303,283.303,fly,0.936,ok,2601,0,0,192.00,447582208,594104320,114090264,95883264,18123768,2904,7449760,22132800,1424130,1919,1919,0,0,0,0,0,0,0,0,0.070,0.085,0.000,0,0,0,1919,1919,0,0
travel,9.152,219.7,283.825,283.825,fly,0.929,ok,2601,0,0,192.00,447582208,594104320,114090264,95883264,18123768,2904,7449760,22132800,1424130,1919,1919,0,0,0,0,0,0,0,0,0.068,0.101,0.000,0,0,0,1919,1919,0,0
travel,9.183,220.4,284.349,284.349,fly,0.892,ok,2601,0,0,192.00,447582208,594104320,114090264,95883264,18123768,2904,7449760,22132800,1424130,1919,1919,0,0,0,0,0,0,0,0,0.069,0.072,0.000,0,0,0,1919,1919,0,0
travel,9.214,221.2,284.877,284.877,fly,0.861,ok,2601,0,0,192.00,447582208,594104320,114090264,95883264,18123768,2904,7449760,22132800,1424130,1919,1919,0,0,0,0,0,0,0,0,0.069,0.068,0.000,0,0,0,1919,1919,0,0
travel,9.246,221.9,285.410,285.410,fly,0.868,ok,2601,0,0,192.00,447582208,594104320,114090264,95883264,18123768,2904,7449760,22132800,1424130,1919,1919,0,0,0,0,0,0,0,0,0.071,0.069,0.000,0,0,0,1919,1919,0,0
travel,9.276,222.6,285.933,285.933,fly,1.333,ok,2601,0,0,192.00,447582208,594104320,114090264,95883264,18123768,2904,7449760,22132800,1424130,1919,1919,0,0,0,0,0,0,0,0,0.086,0.123,0.000,0,0,0,1919,1919,0,0
travel,9.311,223.5,286.512,286.512,fly,0.884,ok,2601,0,0,192.00,447582208,594104320,114090264,95883264,18123768,2904,7449760,22132800,1424130,1919,1919,0,0,0,0,0,0,0,0,0.069,0.073,0.000,0,0,0,1919,1919,0,0
travel,9.341,224.2,287.031,287.031,fly,0.895,ok,2601,0,0,192.00,447582208,594104320,114090264,95883264,18123768,2904,7449760,22132800,1424130,1919,1919,0,0,0,0,0,0,0,0,0.069,0.076,0.000,0,0,0,1919,1919,0,0
travel,9.372,224.9,287.548,287.548,fly,1.274,ok,2601,0,0,192.00,447582208,594104320,114090264,95883264,18123768,2904,7449760,22132800,1424130,1919,1919,0,0,0,0,0,0,0,0,0.438,0.072,0.000,0,0,0,1919,1919,0,0
travel,9.413,225.9,288.244,288.244,fly,0.936,ok,2601,0,151,192.00,448045056,594599936,114090264,95883264,18123768,2904,11174640,14254128,1444052,2020,2020,0,0,7,0,0,0,0,229376,0.071,0.079,0.000,0,0,0,2020,2020,0,0
travel,9.444,226.7,288.776,288.776,fly,1.337,ok,2601,0,18,192.00,448122880,594636800,114090264,95883264,18123768,2904,11174640,21245712,1257567,2020,2020,0,0,4,0,0,0,0,0,0.077,0.188,0.000,0,0,0,2020,2020,0,0
travel,9.475,227.4,289.304,289.304,fly,1.079,ok,2601,0,0,192.00,448122880,594636800,114090264,95883264,18123768,2904,11174640,22132800,1261288,2020,2020,0,0,0,0,0,0,0,0,0.072,0.082,0.000,0,0,0,2020,2020,0,0
travel,9.508,228.2,289.865,289.865,fly,0.904,ok,2601,0,0,192.00,448122880,594636800,114090264,95883264,18123768,2904,11174640,22132800,1261288,2020,2020,0,0,0,0,0,0,0,0,0.070,0.073,0.000,0,0,0,2020,2020,0,0
travel,9.539,228.9,290.382,290.382,fly,0.887,ok,2601,0,0,192.00,448122880,594636800,114090264,95883264,18123768,2904,11174640,22132800,1261288,2020,2020,0,0,0,0,0,0,0,0,0.068,0.072,0.000,0,0,0,2020,2020,0,0
travel,9.571,229.7,290.924,290.924,fly,0.868,ok,2601,0,0,192.00,448122880,594636800,114090264,95883264,18123768,2904,7449760,22132800,1261288,2020,2020,0,0,0,0,0,0,0,0,0.069,0.067,0.000,0,0,0,2020,2020,0,0
travel,9.601,230.4,291.440,291.440,fly,1.649,ok,2601,0,0,192.00,448122880,594636800,114090264,95883264,18123768,2904,7449760,22132800,1261288,2020,2020,0,0,0,0,0,0,0,0,0.713,0.147,0.000,0,0,0,2020,2020,0,0
travel,9.632,231.2,291.969,291.969,fly,0.934,ok,2601,0,0,192.00,448122880,594636800,114090264,95883264,18123768,2904,7449760,22132800,1261288,2020,2020,0,0,0,0,0,0,0,0,0.070,0.081,0.000,0,0,0,2020,2020,0,0
travel,9.664,231.9,292.503,292.503,fly,0.874,ok,2601,0,0,192.00,448122880,594636800,114090264,95883264,18123768,2904,7449760,22132800,1261288,2020,2020,0,0,0,0,0,0,0,0,0.070,0.070,0.000,0,0,0,2020,2020,0,0
travel,9.694,232.7,293.024,293.024,fly,1.052,ok,2601,0,0,192.00,448122880,594636800,114090264,95883264,18123768,2904,7449760,22132800,1261288,2020,2020,0,0,0,0,0,0,0,0,0.080,0.114,0.000,0,0,0,2020,2020,0,0
travel,9.725,233.4,293.539,293.539,fly,0.896,ok,2601,0,0,192.00,448122880,594636800,114090264,95883264,18123768,2904,7449760,22132800,1261288,2020,2020,0,0,0,0,0,0,0,0,0.069,0.073,0.000,0,0,0,2020,2020,0,0
travel,9.755,234.1,294.062,294.062,fly,0.887,ok,2601,0,0,192.00,448122880,594636800,114090264,95883264,18123768,2904,7449760,22132800,1261288,2020,2020,0,0,0,0,0,0,0,0,0.071,0.073,0.000,0,0,0,2020,2020,0,0
travel,9.786,234.9,294.584,294.584,fly,0.892,ok,2601,0,0,192.00,448122880,594636800,114090264,95883264,18123768,2904,7449760,22132800,1261288,2020,2020,0,0,0,0,0,0,0,0,0.068,0.075,0.000,0,0,0,2020,2020,0,0
travel,9.816,235.6,295.096,295.096,fly,0.965,ok,2601,0,0,192.00,448122880,594636800,114090264,95883264,18123768,2904,7449760,22132800,1261288,2020,2020,0,0,0,0,0,0,0,0,0.077,0.109,0.000,0,0,0,2020,2020,0,0
travel,9.848,236.4,295.636,295.636,fly,1.012,ok,2601,0,0,192.00,448122880,594636800,114090264,95883264,18123768,2904,7449760,22132800,1261288,2020,2020,0,0,0,0,0,0,0,0,0.078,0.117,0.000,0,0,0,2020,2020,0,0
travel,9.888,237.3,296.307,296.307,fly,1.080,ok,2601,0,120,192.00,448122880,594636800,114090264,95883264,18123768,2904,11174640,15871584,1290072,2121,2121,0,0,8,0,0,0,0,0,0.080,0.127,0.000,0,0,0,2121,2121,0,0
travel,9.919,238.1,296.844,296.844,fly,0.894,ok,2601,0,0,192.00,448122880,594636800,114090264,95883264,18123768,2904,11174640,22132800,1316544,2121,2121,0,0,0,0,0,0,0,0,0.069,0.074,0.000,0,0,0,2121,2121,0,0
travel,9.950,238.8,297.364,297.364,fly,0.877,ok,2601,0,0,192.00,448122880,594636800,114090264,95883264,18123768,2904,11174640,22132800,1316544,2121,2121,0,0,0,0,0,0,0,0,0.068,0.070,0.000,0,0,0,2121,2121,0,0
travel,9.981,239.6,297.895,297.895,fly,0.902,ok,2601,0,0,192.00,448122880,594636800,114090264,95883264,18123768,2904,11174640,22132800,1316544,2121,2121,0,0,0,0,0,0,0,0,0.069,0.072,0.000,0,0,0,2121,2121,0,0
travel,10.012,240.3,298.410,298.410,fly,1.000,ok,2601,0,0,192.00,448122880,594636800,114090264,95883264,18123768,2904,7449760,22132800,1316544,2121,2121,0,0,0,0,0,0,0,0,0.079,0.110,0.000,0,0,0,2121,2121,0,0
travel,10.042,241.0,298.928,298.928,fly,0.858,ok,2601,0,0,192.00,448122880,594636800,114090264,95883264,18123768,2904,7449760,22132800,1316544,2121,2121,0,0,0,0,0,0,0,0,0.068,0.067,0.000,0,0,0,2121,2121,0,0
travel,10.073,241.8,299.445,299.445,fly,0.987,ok,2601,0,0,192.00,448122880,594636800,114090264,95883264,18123768,2904,7449760,22132800,1316544,2121,2121,0,0,0,0,0,0,0,0,0.182,0.074,0.000,0,0,0,2121,2121,0,0
travel,10.104,242.5,299.970,299.970,fly,0.859,ok,2601,0,0,192.00,448122880,594636800,114090264,95883264,18123768,2904,7449760,22132800,1316544,2121,2121,0,0,0,0,0,0,0,0,0.067,0.067,0.000,0,0,0,2121,2121,0,0
travel,10.134,243.2,300.492,300.492,fly,0.886,ok,2601,0,0,192.00,448122880,594636800,114090264,95883264,18123768,2904,7449760,22132800,1316544,2121,2121,0,0,0,0,0,0,0,0,0.071,0.075,0.000,0,0,0,2121,2121,0,0
travel,10.166,244.0,301.024,301.024,fly,0.984,ok,2601,0,0,192.00,448122880,594636800,114090264,95883264,18123768,2904,7449760,22132800,1316544,2121,2121,0,0,0,0,0,0,0,0,0.078,0.108,0.000,0,0,0,2121,2121,0,0
travel,10.197,244.7,301.548,301.548,fly,0.878,ok,2601,0,0,192.00,448122880,594636800,114090264,95883264,18123768,2904,7449760,22132800,1316544,2121,2121,0,0,0,0,0,0,0,0,0.067,0.070,0.000,0,0,0,2121,2121,0,0
travel,10.227,245.5,302.062,302.062,fly,0.914,ok,2601,0,0,192.00,448122880,594636800,114090264,95883264,18123768,2904,7449760,22132800,1316544,2121,2121,0,0,0,0,0,0,0,0,0.068,0.080,0.000,0,0,0,2121,2121,0,0
travel,10.258,246.2,302.590,302.590,fly,0.908,ok,2601,0,0,192.00,448122880,594636800,114090264,95883264,18123768,2904,7449760,22132800,1316544,2121,2121,0,0,0,0,0,0,0,0,0.068,0.074,0.000,0,0,0,2121,2121,0,0
travel,10.288,246.9,303.102,303.102,fly,0.904,ok,2601,0,0,192.00,448122880,594636800,114090264,95883264,18123768,2904,7449760,22132800,1316544,2121,2121,0,0,0,0,0,0,0,0,0.068,0.076,0.000,0,0,0,2121,2121,0,0
travel,10.319,247.7,303.624,303.624,fly,0.906,ok,2601,0,0,192.00,448122880,594636800,114090264,95883264,18123768,2904,7449760,22132800,1316544,2121,2121,0,0,0,0,0,0,0,0,0.068,0.076,0.000,0,0,0,2121,2121,0,0
travel,10.359,248.6,304.297,304.297,fly,0.898,ok,2601,0,130,192.00,448122880,594636800,114090264,95883264,18123768,2904,11174640,15402000,1342805,2222,2222,0,0,6,0,0,0,0,0,0.069,0.075,0.000,0,0,0,2222,2222,0,0
travel,10.390,249.4,304.839,304.839,fly,0.895,ok,2601,0,0,192.00,448122880,594636800,114090264,95883264,18123768,2904,11174640,22132800,1370244,2222,2222,0,0,0,0,0,0,0,0,0.069,0.074,0.000,0,0,0,2222,2222,0,0
travel,10.422,250.1,305.377,305.377,fly,0.947,ok,2601,0,0,192.00,448122880,594636800,114090264,95883264,18123768,2904,11174640,22132800,1370244,2222,2222,0,0,0,0,0,0,0,0,0.069,0.102,0.000,0,0,0,2222,2222,0,0
travel,10.453,250.9,305.903,305.903,fly,0.917,ok,2601,0,0,192.00,448122880,594636800,114090264,95883264,18123768,2904,11174640,22132800,1370244,2222,2222,0,0,0,0,0,0,0,0,0.070,0.077,0.000,0,0,0,2222,2222,0,0
travel,10.484,251.6,306.424,306.424,fly,0.911,ok,2601,0,0,192.00,448122880,594636800,114090264,95883264,18123768,2904,7449760,22132800,1370244,2222,2222,0,0,0,0,0,0,0,0,0.067,0.077,0.000,0,0,0,2222,2222,0,0
travel,10.515,252.4,306.952,306.952,fly,1.012,ok,2601,0,0,192.00,448122880,594636800,114090264,95883264,18123768,2904,7449760,22132800,1370244,2222,2222,0,0,0,0,0,0,0,0,0.077,0.126,0.000,0,0,0,2222,2222,0,0
travel,10.549,253.2,307.526,307.526,fly,0.918,ok,2601,0,0,192.00,448122880,594636800,114090264,95883264,18123768,2904,7449760,22132800,1370244,2222,2222,0,0,0,0,0,0,0,0,0.068,0.076,0.000,0,0,0,2222,2222,0,0
travel,10.579,253.9,308.042,308.042,fly,0.891,ok,2601,0,0,192.00,448122880,594636800,114090264,95883264,18123768,2904,7449760,22132800,1370244,2222,2222,0,0,0,0,0,0,0,0,0.067,0.074,0.000,0,0,0,2222,2222,0,0
travel,10.610,254.6,308.563,308.563,fly,0.884,ok,2601,0,0,192.00,448122880,594636800,114090264,95883264,18123768,2904,7449760,22132800,1370244,2222,2222,0,0,0,0,0,0,0,0,0.067,0.074,0.000,0,0,0,2222,2222,0,0
travel,10.640,255.4,309.081,309.081,fly,0.876,ok,2601,0,0,192.00,448122880,594636800,114090264,95883264,18123768,2904,7449760,22132800,1370244,2222,2222,0,0,0,0,0,0,0,0,0.068,0.069,0.000,0,0,0,2222,2222,0,0
travel,10.671,256.1,309.598,309.598,fly,0.871,ok,2601,0,0,192.00,448122880,594636800,114090264,95883264,18123768,2904,7449760,22132800,1370244,2222,2222,0,0,0,0,0,0,0,0,0.067,0.066,0.000,0,0,0,2222,2222,0,0
travel,10.701,256.8,310.118,310.118,fly,0.913,ok,2601,0,0,192.00,448122880,594636800,114090264,95883264,18123768,2904,7449760,22132800,1370244,2222,2222,0,0,0,0,0,0,0,0,0.066,0.110,0.000,0,0,0,2222,2222,0,0
travel,10.732,257.6,310.638,310.638,fly,0.881,ok,2601,0,0,192.00,448122880,594636800,114090264,95883264,18123768,2904,7449760,22132800,1370244,2222,2222,0,0,0,0,0,0,0,0,0.066,0.073,0.000,0,0,0,2222,2222,0,0
travel,10.763,258.3,311.154,311.154,fly,0.873,ok,2601,0,0,192.00,448122880,594636800,114090264,95883264,18123768,2904,7449760,22132800,1370244,2222,2222,0,0,0,0,0,0,0,0,0.066,0.073,0.000,0,0,0,2222,2222,0,0
travel,10.793,259.0,311.666,311.666,fly,0.918,ok,2601,0,0,192.00,448122880,594636800,114090264,95883264,18123768,2904,7449760,22132800,1370244,2222,2222,0,0,0,0,0,0,0,0,0.066,0.103,0.000,0,0,0,2222,2222,0,0
travel,10.832,260.0,312.324,312.324,fly,0.923,ok,2601,0,124,192.00,448122880,594636800,114090264,95883264,18123768,2904,11174640,15662880,1398408,2323,2323,0,0,10,0,0,0,0,0,0.070,0.081,0.000,0,0,0,2323,2323,0,0
travel,10.862,260.7,312.848,312.848,fly,0.880,ok,2601,0,0,192.00,448122880,594636800,114090264,95883264,18123768,2904,11174640,22132800,1426172,2323,2323,0,0,0,0,0,0,0,0,0.068,0.069,0.000,0,0,0,2323,2323,0,0
travel,10.893,261.4,313.369,313.369,fly,0.885,ok,2601,0,0,192.00,448122880,594636800,114090264,95883264,18123768,2904,11174640,22132800,1426172,2323,2323,0,0,0,0,0,0,0,0,0.067,0.073,0.000,0,0,0,2323,2323,0,0
travel,10.924,262.2,313.896,313.896,fly,0.881,ok,2601,0,0,192.00,448122880,594636800,114090264,95883264,18123768,2904,11174640,22132800,1426172,2323,2323,0,0,0,0,0,0,0,0,0.067,0.073,0.000,0,0,0,2323,2323,0,0
travel,10.955,262.9,314.412,314.412,fly,0.886,ok,2601,0,0,192.00,448122880,594636800,114090264,95883264,18123768,2904,7449760,22132800,1426172,2323,2323,0,0,0,0,0,0,0,0,0.067,0.072,0.000,0,0,0,2323,2323,0,0
travel,10.985,263.6,314.924,314.924,fly,0.960,ok,2601,0,0,192.00,448122880,594636800,114090264,95883264,18123768,2904,7449760,22132800,1426172,2323,2323,0,0,0,0,0,0,0,0,0.073,0.109,0.000,0,0,0,2323,2323,0,0
travel,11.016,264.4,315.444,315.444,fly,0.873,ok,2601,0,0,192.00,448122880,594636800,114090264,95883264,18123768,2904,7449760,22132800,1426172,2323,2323,0,0,0,0,0,0,0,0,0.065,0.070,0.000,0,0,0,2323,2323,0,0
travel,11.046,265.1,315.958,315.958,fly,0.874,ok,2601,0,0,192.00,448122880,594636800,114090264,95883264,18123768,2904,7449760,22132800,1426172,2323,2323,0,0,0,0,0,0,0,0,0.065,0.074,0.000,0,0,0,2323,2323,0,0
travel,11.077,265.9,316.487,316.487,fly,0.888,ok,2601,0,0,192.00,448122880,594636800,114090264,95883264,18123768,2904,7449760,22132800,1426172,2323,2323,0,0,0,0,0,0,0,0,0.065,0.077,0.000,0,0,0,2323,2323,0,0
travel,11.111,266.7,317.057,317.057,fly,0.920,ok,2601,0,0,192.00,448122880,594636800,114090264,95883264,18123768,2904,7449760,22132800,1426172,2323,2323,0,0,0,0,0,0,0,0,0.066,0.090,0.000,0,0,0,2323,2323,0,0
travel,11.142,267.4,317.585,317.585,fly,0.853,ok,2601,0,0,192.00,448122880,594636800,114090264,95883264,18123768,2904,7449760,22132800,1426172,2323,2323,0,0,0,0,0,0,0,0,0.065,0.070,0.000,0,0,0,2323,2323,0,0
travel,11.172,268.1,318.099,318.099,fly,0.955,ok,2601,0,0,192.00,448122880,594636800,114090264,95883264,18123768,2904,7449760,22132800,1426172,2323,2323,0,0,0,0,0,0,0,0,0.073,0.110,0.000,0,0,0,2323,2323,0,0
travel,11.203,268.9,318.620,318.620,fly,0.884,ok,2601,0,0,192.00,448122880,594636800,114090264,95883264,18123768,2904,7449760,22132800,1426172,2323,2323,0,0,0,0,0,0,0,0,0.065,0.075,0.000,0,0,0,2323,2323,0,0
travel,11.234,269.6,319.155,319.155,fly,1.030,ok,2601,0,0,192.00,448122880,594636800,114090264,95883264,18123768,2904,7449760,22132800,1426172,2323,2323,0,0,0,0,0,0,0,0,0.078,0.112,0.000,0,0,0,2323,2323,0,0
travel,11.266,270.4,319.697,319.697,fly,1.066,ok,2601,0,0,192.00,448122880,594636800,114090264,95883264,18123768,2904,7449760,22132800,1426172,2323,2323,0,0,0,0,0,0,0,0,0.277,0.063,0.000,0,0,0,2323,2323,0,0
travel,11.305,271.3,320.361,320.361,fly,0.872,ok,2601,0,126,192.00,448942080,595456000,114090264,95883264,18123768,2904,11174640,15558528,1231911,2424,2424,0,0,8,0,0,0,0,0,0.072,0.074,0.000,0,0,0,2424,2424,0,0
travel,11.336,272.1,320.877,320.877,fly,0.977,ok,2601,0,0,192.00,448942080,595456000,114090264,95883264,18123768,2904,11174640,22132800,1259603,2424,2424,0,0,0,0,0,0,0,0,0.071,0.086,0.000,0,0,0,2424,2424,0,0
travel,11.367,272.8,321.403,321.403,fly,0.877,ok,2601,0,0,192.00,448942080,595456000,114090264,95883264,18123768,2904,11174640,22132800,1259603,2424,2424,0,0,0,0,0,0,0,0,0.067,0.072,0.000,0,0,0,2424,2424,0,0
travel,11.397,273.5,321.923,321.923,fly,0.949,ok,2601,0,0,192.00,448942080,595456000,114090264,95883264,18123768,2904,11174640,22132800,1259603,2424,2424,0,0,0,0,0,0,0,0,0.137,0.076,0.000,0,0,0,2424,2424,0,0
travel,11.428,274.3,322.444,322.444,fly,0.893,ok,2601,0,0,192.00,448942080,595456000,114090264,95883264,18123768,2904,7449760,22132800,1259603,2424,2424,0,0,0,0,0,0,0,0,0.067,0.072,0.000,0,0,0,2424,2424,0,0
travel,11.459,275.0,322.964,322.964,fly,0.877,ok,2601,0,0,192.00,448942080,595456000,114090264,95883264,18123768,2904,7449760,22132800,1259603,2424,2424,0,0,0,0,0,0,0,0,0.068,0.073,0.000,0,0,0,2424,2424,0,0
travel,11.490,275.8,323.488,323.488,fly,0.876,ok,2601,0,0,192.00,448942080,595456000,114090264,95883264,18123768,2904,7449760,22132800,1259603,2424,2424,0,0,0,0,0,0,0,0,0.067,0.074,0.000,0,0,0,2424,2424,0,0
travel,11.520,276.5,324.005,324.005,fly,1.082,ok,2601,0,0,192.00,448942080,595456000,114090264,95883264,18123768,2904,7449760,22132800,1259603,2424,2424,0,0,0,0,0,0,0,0,0.171,0.085,0.000,0,0,0,2424,2424,0,0
travel,11.551,277.2,324.524,324.524,fly,0.881,ok,2601,0,0,192.00,448942080,595456000,114090264,95883264,18123768,2904,7449760,22132800,1259603,2424,2424,0,0,0,0,0,0,0,0,0.065,0.071,0.000,0,0,0,2424,2424,0,0
travel,11.582,278.0,325.047,325.047,fly,0.962,ok,2601,0,0,192.00,448942080,595456000,114090264,95883264,18123768,2904,7449760,22132800,1259603,2424,2424,0,0,0,0,0,0,0,0,0.067,0.087,0.000,0,0,0,2424,2424,0,0
travel,11.612,278.7,325.564,325.564,fly,0.971,ok,2601,0,0,192.00,448942080,595456000,114090264,95883264,18123768,2904,7449760,22132800,1259603,2424,2424,0,0,0,0,0,0,0,0,0.075,0.108,0.000,0,0,0,2424,2424,0,0
travel,11.643,279.4,326.082,326.082,fly,0.866,ok,2601,0,0,192.00,448942080,595456000,114090264,95883264,18123768,2904,7449760,22132800,1259603,2424,2424,0,0,0,0,0,0,0,0,0.064,0.067,0.000,0,0,0,2424,2424,0,0
travel,11.673,280.2,326.599,326.599,fly,0.889,ok,2601,0,0,192.00,448942080,595456000,114090264,95883264,18123768,2904,7449760,22132800,1259603,2424,2424,0,0,0,0,0,0,0,0,0.065,0.077,0.000,0,0,0,2424,2424,0,0
travel,11.703,280.9,327.112,327.112,fly,0.897,ok,2601,0,0,192.00,448942080,595456000,114090264,95883264,18123768,2904,7449760,22132800,1259603,2424,2424,0,0,0,0,0,0,0,0,0.066,0.080,0.000,0,0,0,2424,2424,0,0
travel,11.734,281.6,327.637,327.637,fly,0.869,ok,2601,0,0,192.00,448942080,595456000,114090264,95883264,18123768,2904,7449760,22132800,1259603,2424,2424,0,0,0,0,0,0,0,0,0.065,0.069,0.000,0,0,0,2424,2424,0,0
travel,11.772,282.5,328.285,328.285,fly,0.852,ok,2601,0,136,192.00,449470464,595984384,114090264,95883264,18123768,2904,11174640,15036768,1283411,2525,2525,0,0,6,0,0,0,0,0,0.069,0.068,0.000,0,0,0,2525,2525,0,0
travel,11.803,283.3,328.805,328.805,fly,0.847,ok,2601,0,7,192.00,449470464,595984384,114090264,95883264,18123768,2904,11174640,21767472,1312707,2525,2525,0,0,9,0,0,0,0,0,0.065,0.067,0.000,0,0,0,2525,2525,0,0
travel,11.833,284.0,329.317,329.317,fly,0.935,ok,2601,0,0,192.00,449470464,595984384,114090264,95883264,18123768,2904,11174640,22132800,1312707,2525,2525,0,0,0,0,0,0,0,0,0.138,0.068,0.000,0,0,0,2525,2525,0,0
travel,11.864,284.7,329.832,329.832,fly,0.849,ok,2601,0,0,192.00,449470464,595984384,114090264,95883264,18123768,2904,11174640,22132800,1312707,2525,2525,0,0,0,0,0,0,0,0,0.066,0.068,0.000,0,0,0,2525,2525,0,0
travel,11.894,285.5,330.349,330.349,fly,0.914,ok,2601,0,0,192.00,449470464,595984384,114090264,95883264,18123768,2904,11174640,22132800,1312707,2525,2525,0,0,0,0,0,0,0,0,0.070,0.075,0.001,0,0,0,2525,2525,0,0
travel,11.924,286.2,330.861,330.861,fly,0.863,ok,2601,0,0,192.00,449470464,595984384,114090264,95883264,18123768,2904,7449760,22132800,1312707,2525,2525,0,0,0,0,0,0,0,0,0.066,0.072,0.000,0,0,0,2525,2525,0,0
travel,11.955,286.9,331.377,331.377,fly,0.844,ok,2601,0,0,192.00,449470464,595984384,114090264,95883264,18123768,2904,7449760,22132800,1312707,2525,2525,0,0,0,0,0,0,0,0,0.068,0.067,0.000,0,0,0,2525,2525,0,0
travel,11.985,287.6,331.886,331.886,fly,0.881,ok,2601,0,0,192.00,449470464,595984384,114090264,95883264,18123768,2904,7449760,22132800,1312707,2525,2525,0,0,0,0,0,0,0,0,0.066,0.070,0.000,0,0,0,2525,2525,0,0
travel,12.015,288.4,332.399,332.399,fly,0.915,ok,2601,0,0,192.00,449470464,595984384,114090264,95883264,18123768,2904,7449760,22132800,1312707,2525,2525,0,0,0,0,0,0,0,0,0.069,0.078,0.000,0,0,0,2525,2525,0,0
travel,12.045,289.1,332.914,332.914,fly,0.861,ok,2601,0,0,192.00,449470464,595984384,114090264,95883264,18123768,2904,7449760,22132800,1312707,2525,2525,0,0,0,0,0,0,0,0,0.065,0.067,0.000,0,0,0,2525,2525,0,0
travel,12.076,289.8,333.439,333.439,fly,0.869,ok,2601,0,0,192.00,449470464,595984384,114090264,95883264,18123768,2904,7449760,22132800,1312707,2525,2525,0,0,0,0,0,0,0,0,0.064,0.077,0.000,0,0,0,2525,2525,0,0
travel,12.107,290.6,333.955,333.955,fly,0.847,ok,2601,0,0,192.00,449470464,595984384,114090264,95883264,18123768,2904,7449760,22132800,1312707,2525,2525,0,0,0,0,0,0,0,0,0.064,0.074,0.000,0,0,0,2525,2525,0,0
travel,12.138,291.3,334.478,334.478,fly,0.856,ok,2601,0,0,192.00,449470464,595984384,114090264,95883264,18123768,2904,7449760,22132800,1312707,2525,2525,0,0,0,0,0,0,0,0,0.069,0.070,0.000,0,0,0,2525,2525,0,0
travel,12.168,292.0,334.996,334.996,fly,0.848,ok,2601,0,0,192.00,449470464,595984384,114090264,95883264,18123768,2904,7449760,22132800,1312707,2525,2525,0,0,0,0,0,0,0,0,0.066,0.067,0.000,0,0,0,2525,2525,0,0
travel,12.199,292.8,335.513,335.513,fly,0.877,ok,2601,0,0,192.00,449470464,595984384,114090264,95883264,18123768,2904,7449760,22132800,1312707,2525,2525,0,0,0,0,0,0,0,0,0.066,0.076,0.000,0,0,0,2525,2525,0,0
travel,12.234,293.6,336.106,336.106,fly,3.555,ok,2574,27,180,192.00,449470464,595984384,112905936,94887936,17935632,2904,11174640,14150424,1323055,2599,2626,37,0,51,37,37,0,0,0,0.065,0.101,0.000,0,0,0,2599,2599,0,0
travel,12.269,294.4,336.700,336.700,fly,1.356,ok,2601,0,20,192.00,449994752,596508672,114090264,95883264,18123768,2904,11174640,21089184,1364138,2626,2626,0,0,6,0,0,0,0,0,0.096,0.129,0.000,0,0,0,2626,2626,0,0
travel,12.300,295.2,337.234,337.234,fly,0.877,ok,2601,0,0,192.00,449994752,596508672,114090264,95883264,18123768,2904,11174640,22132800,1367959,2626,2626,0,0,0,0,0,0,0,0,0.068,0.072,0.000,0,0,0,2626,2626,0,0
travel,12.331,295.9,337.755,337.755,fly,0.961,ok,2601,0,0,192.00,449994752,596508672,114090264,95883264,18123768,2904,11174640,22132800,1367959,2626,2626,0,0,0,0,0,0,0,0,0.074,0.109,0.000,0,0,0,2626,2626,0,0
travel,12.361,296.7,338.275,338.275,fly,0.869,ok,2601,0,0,192.00,449994752,596508672,114090264,95883264,18123768,2904,11174640,22132800,1367959,2626,2626,0,0,0,0,0,0,0,0,0.067,0.070,0.000,0,0,0,2626,2626,0,0
travel,12.391,297.4,338.784,338.784,fly,0.890,ok,2601,0,0,192.00,449994752,596508672,114090264,95883264,18123768,2904,11174640,22132800,1367959,2626,2626,0,0,0,0,0,0,0,0,0.069,0.076,0.000,0,0,0,2626,2626,0,0
travel,12.422,298.1,339.300,339.300,fly,0.908,ok,2601,0,0,192.00,449994752,596508672,114090264,95883264,18123768,2904,7449760,22132800,1367959,2626,2626,0,0,0,0,0,0,0,0,0.068,0.079,0.000,0,0,0,2626,2626,0,0
travel,12.452,298.8,339.815,339.815,fly,0.869,ok,2601,0,0,192.00,449994752,596508672,114090264,95883264,18123768,2904,7449760,22132800,1367959,2626,2626,0,0,0,0,0,0,0,0,0.067,0.070,0.000,0,0,0,2626,2626,0,0
travel,12.483,299.6,340.332,340.332,fly,0.869,ok,2601,0,0,192.00,449994752,596508672,114090264,95883264,18123768,2904,7449760,22132800,1367959,2626,2626,0,0,0,0,0,0,0,0,0.066,0.069,0.000,0,0,0,2626,2626,0,0
travel,12.514,300.3,340.859,340.859,fly,0.897,ok,2601,0,0,192.00,449994752,596508672,114090264,95883264,18123768,2904,7449760,22132800,1367959,2626,2626,0,0,0,0,0,0,0,0,0.065,0.076,0.000,0,0,0,2626,2626,0,0
travel,12.544,301.1,341.379,341.379,fly,0.876,ok,2601,0,0,192.00,449994752,596508672,114090264,95883264,18123768,2904,7449760,22132800,1367959,2626,2626,0,0,0,0,0,0,0,0,0.064,0.071,0.000,0,0,0,2626,2626,0,0
travel,12.575,301.8,341.890,341.890,fly,0.864,ok,2601,0,0,192.00,449994752,596508672,114090264,95883264,18123768,2904,7449760,22132800,1367959,2626,2626,0,0,0,0,0,0,0,0,0.064,0.068,0.000,0,0,0,2626,2626,0,0
travel,12.605,302.5,342.411,342.411,fly,0.870,ok,2601,0,0,192.00,449994752,596508672,114090264,95883264,18123768,2904,7449760,22132800,1367959,2626,2626,0,0,0,0,0,0,0,0,0.065,0.072,0.000,0,0,0,2626,2626,0,0
travel,12.636,303.2,342.926,342.926,fly,0.875,ok,2601,0,0,192.00,449994752,596508672,114090264,95883264,18123768,2904,7449760,22132800,1367959,2626,2626,0,0,0,0,0,0,0,0,0.064,0.076,0.000,0,0,0,2626,2626,0,0
travel,12.666,304.0,343.441,343.441,fly,0.906,ok,2601,0,0,192.00,449994752,596508672,114090264,95883264,18123768,2904,7449760,22132800,1367959,2626,2626,0,0,0,0,0,0,0,0,0.065,0.079,0.000,0,0,0,2626,2626,0,0
travel,12.696,304.7,343.956,343.956,fly,0.875,ok,2601,0,0,192.00,449994752,596508672,114090264,95883264,18123768,2904,7449760,22132800,1367959,2626,2626,0,0,0,0,0,0,0,0,0.067,0.073,0.000,0,0,0,2626,2626,0,0
travel,12.736,305.7,344.633,344.633,fly,0.871,ok,2601,0,35,192.00,449994752,596508672,114090264,95883264,18123768,2904,11174640,20306544,1416016,2727,2727,0,0,3,0,0,0,0,0,0.065,0.075,0.000,0,0,0,2727,2727,0,0
travel,12.768,306.4,345.164,345.164,fly,0.851,ok,2601,0,0,192.00,449994752,596508672,114090264,95883264,18123768,2904,11174640,22132800,1422547,2727,2727,0,0,0,0,0,0,0,0,0.070,0.068,0.000,0,0,0,2727,2727,0,0
travel,12.798,307.1,345.684,345.684,fly,0.944,ok,2601,0,0,192.00,449994752,596508672,114090264,95883264,18123768,2904,11174640,22132800,1422547,2727,2727,0,0,0,0,0,0,0,0,0.068,0.081,0.000,0,0,0,2727,2727,0,0
travel,12.829,307.9,346.204,346.204,fly,0.878,ok,2601,0,0,192.00,449994752,596508672,114090264,95883264,18123768,2904,11174640,22132800,1422547,2727,2727,0,0,0,0,0,0,0,0,0.067,0.079,0.000,0,0,0,2727,2727,0,0
travel,12.859,308.6,346.719,346.719,fly,0.879,ok,2601,0,0,192.00,449994752,596508672,114090264,95883264,18123768,2904,7449760,22132800,1422547,2727,2727,0,0,0,0,0,0,0,0,0.066,0.074,0.001,0,0,0,2727,2727,0,0
travel,12.890,309.3,347.236,347.236,fly,0.877,ok,2601,0,0,192.00,449994752,596508672,114090264,95883264,18123768,2904,7449760,22132800,1422547,2727,2727,0,0,0,0,0,0,0,0,0.066,0.074,0.000,0,0,0,2727,2727,0,0
travel,12.920,310.1,347.745,347.745,fly,0.909,ok,2601,0,0,192.00,449994752,596508672,114090264,95883264,18123768,2904,7449760,22132800,1422547,2727,2727,0,0,0,0,0,0,0,0,0.067,0.079,0.000,0,0,0,2727,2727,0,0
travel,12.951,310.8,348.273,348.273,fly,0.873,ok,2601,0,0,192.00,449994752,596508672,114090264,95883264,18123768,2904,7449760,22132800,1422547,2727,2727,0,0,0,0,0,0,0,0,0.066,0.074,0.000,0,0,0,2727,2727,0,0
travel,12.981,311.5,348.788,348.788,fly,0.875,ok,2601,0,0,192.00,449994752,596508672,114090264,95883264,18123768,2904,7449760,22132800,1422547,2727,2727,0,0,0,0,0,0,0,0,0.064,0.073,0.000,0,0,0,2727,2727,0,0
travel,13.012,312.3,349.303,349.303,fly,0.875,ok,2601,0,0,192.00,449994752,596508672,114090264,95883264,18123768,2904,7449760,22132800,1422547,2727,2727,0,0,0,0,0,0,0,0,0.066,0.071,0.000,0,0,0,2727,2727,0,0
travel,13.042,313.0,349.821,349.821,fly,0.851,ok,2601,0,0,192.00,449994752,596508672,114090264,95883264,18123768,2904,7449760,22132800,1422547,2727,2727,0,0,0,0,0,0,0,0,0.065,0.069,0.000,0,0,0,2727,2727,0,0
travel,13.073,313.7,350.341,350.341,fly,1.071,ok,2601,0,0,192.00,449994752,596508672,114090264,95883264,18123768,2904,7449760,22132800,1422547,2727,2727,0,0,0,0,0,0,0,0,0.091,0.210,0.000,0,0,0,2727,2727,0,0
travel,13.103,314.5,350.860,350.860,fly,0.875,ok,2601,0,0,192.00,449994752,596508672,114090264,95883264,18123768,2904,7449760,22132800,1422547,2727,2727,0,0,0,0,0,0,0,0,0.066,0.073,0.000,0,0,0,2727,2727,0,0
travel,13.134,315.2,351.381,351.381,fly,0.868,ok,2601,0,0,192.00,449994752,596508672,114090264,95883264,18123768,2904,7449760,22132800,1422547,2727,2727,0,0,0,0,0,0,0,0,0.065,0.069,0.000,0,0,0,2727,2727,0,0
travel,13.165,316.0,351.915,351.915,fly,1.129,ok,2601,0,0,192.00,449994752,596508672,114090264,95883264,18123768,2904,7449760,22132800,1422547,2727,2727,0,0,0,0,0,0,0,0,0.148,0.113,0.000,0,0,0,2727,2727,0,0
travel,13.206,316.9,352.607,352.607,fly,0.877,ok,2601,0,52,192.00,450568192,597123072,114090264,95883264,18123768,2904,11174640,19419552,1244503,2828,2828,0,0,2,0,0,0,0,0,0.065,0.072,0.000,0,0,0,2828,2828,0,0
travel,13.238,317.7,353.137,353.137,fly,0.882,ok,2601,0,0,192.00,450580480,597135360,114090264,95883264,18123768,2904,11174640,22132800,1256172,2828,2828,0,0,0,0,0,0,0,0,0.066,0.073,0.000,0,0,0,2828,2828,0,0
travel,13.268,318.4,353.653,353.653,fly,0.854,ok,2601,0,0,192.00,450580480,597135360,114090264,95883264,18123768,2904,11174640,22132800,1256172,2828,2828,0,0,0,0,0,0,0,0,0.066,0.069,0.000,0,0,0,2828,2828,0,0
travel,13.298,319.1,354.169,354.169,fly,0.854,ok,2601,0,0,192.00,450580480,597135360,114090264,95883264,18123768,2904,11174640,22132800,1256172,2828,2828,0,0,0,0,0,0,0,0,0.064,0.068,0.000,0,0,0,2828,2828,0,0
travel,13.329,319.9,354.687,354.687,fly,0.857,ok,2601,0,0,192.00,450580480,597135360,114090264,95883264,18123768,2904,7449760,22132800,1256172,2828,2828,0,0,0,0,0,0,0,0,0.067,0.068,0.000,0,0,0,2828,2828,0,0
travel,13.359,320.6,355.203,355.203,fly,0.885,ok,2601,0,0,192.00,450580480,597135360,114090264,95883264,18123768,2904,7449760,22132800,1256172,2828,2828,0,0,0,0,0,0,0,0,0.065,0.074,0.000,0,0,0,2828,2828,0,0
travel,13.390,321.4,355.730,355.730,fly,0.875,ok,2601,0,0,192.00,450580480,597135360,114090264,95883264,18123768,2904,7449760,22132800,1256172,2828,2828,0,0,0,0,0,0,0,0,0.065,0.070,0.000,0,0,0,2828,2828,0,0
travel,13.421,322.1,356.243,356.243,fly,0.923,ok,2601,0,0,192.00,450580480,597135360,114090264,95883264,18123768,2904,7449760,22132800,1256172,2828,2828,0,0,0,0,0,0,0,0,0.066,0.078,0.000,0,0,0,2828,2828,0,0
travel,13.451,322.8,356.756,356.756,fly,0.885,ok,2601,0,0,192.00,450580480,597135360,114090264,95883264,18123768,2904,7449760,22132800,1256172,2828,2828,0,0,0,0,0,0,0,0,0.065,0.071,0.000,0,0,0,2828,2828,0,0
travel,13.482,323.5,357.282,357.282,fly,0.985,ok,2601,0,0,192.00,450580480,597135360,114090264,95883264,18123768,2904,7449760,22132800,1256172,2828,2828,0,0,0,0,0,0,0,0,0.073,0.110,0.000,0,0,0,2828,2828,0,0
travel,13.513,324.3,357.812,357.812,fly,0.923,ok,2601,0,0,192.00,450580480,597135360,114090264,95883264,18123768,2904,7449760,22132800,1256172,2828,2828,0,0,0,0,0,0,0,0,0.065,0.081,0.000,0,0,0,2828,2828,0,0
travel,13.544,325.0,358.327,358.327,fly,0.907,ok,2601,0,0,192.00,450580480,597135360,114090264,95883264,18123768,2904,7449760,22132800,1256172,2828,2828,0,0,0,0,0,0,0,0,0.064,0.084,0.000,0,0,0,2828,2828,0,0
travel,13.574,325.8,358.847,358.847,fly,0.882,ok,2601,0,0,192.00,450580480,597135360,114090264,95883264,18123768,2904,7449760,22132800,1256172,2828,2828,0,0,0,0,0,0,0,0,0.064,0.072,0.000,0,0,0,2828,2828,0,0
travel,13.605,326.5,359.370,359.370,fly,0.882,ok,2601,0,0,192.00,450580480,597135360,114090264,95883264,18123768,2904,7449760,22132800,1256172,2828,2828,0,0,0,0,0,0,0,0,0.064,0.072,0.000,0,0,0,2828,2828,0,0
travel,13.635,327.2,359.881,359.881,fly,1.322,ok,2601,0,0,192.00,450580480,597135360,114090264,95883264,18123768,2904,7449760,22132800,1256172,2828,2828,0,0,0,0,0,0,0,0,0.356,0.118,0.000,0,0,0,2828,2828,0,0
travel,13.674,328.2,360.547,360.547,fly,0.965,ok,2601,0,56,192.00,450793472,597540864,114090264,95883264,18123768,2904,11174640,19210848,1298756,2929,2929,0,0,2,0,0,0,0,0,0.068,0.081,0.000,0,0,0,2929,2929,0,0
travel,13.705,328.9,361.068,361.068,fly,0.880,ok,2601,0,0,192.00,450793472,597540864,114090264,95883264,18123768,2904,11174640,22132800,1310284,2929,2929,0,0,0,0,0,0,0,0,0.065,0.074,0.000,0,0,0,2929,2929,0,0
travel,13.735,329.6,361.582,361.582,fly,1.016,ok,2601,0,0,192.00,450793472,597540864,114090264,95883264,18123768,2904,11174640,22132800,1310284,2929,2929,0,0,0,0,0,0,0,0,0.075,0.111,0.000,0,0,0,2929,2929,0,0
travel,13.766,330.4,362.101,362.101,fly,0.888,ok,2601,0,0,192.00,450793472,597540864,114090264,95883264,18123768,2904,11174640,22132800,1310284,2929,2929,0,0,0,0,0,0,0,0,0.065,0.070,0.000,0,0,0,2929,2929,0,0
travel,13.796,331.1,362.616,362.616,fly,0.886,ok,2601,0,0,192.00,450793472,597540864,114090264,95883264,18123768,2904,7449760,22132800,1310284,2929,2929,0,0,0,0,0,0,0,0,0.068,0.071,0.000,0,0,0,2929,2929,0,0
travel,13.828,331.8,363.148,363.148,fly,0.880,ok,2601,0,0,192.00,450793472,597540864,114090264,95883264,18123768,2904,7449760,22132800,1310284,2929,2929,0,0,0,0,0,0,0,0,0.065,0.071,0.000,0,0,0,2929,2929,0,0
travel,13.859,332.6,363.680,363.680,fly,0.903,ok,2601,0,0,192.00,450793472,597540864,114090264,95883264,18123768,2904,7449760,22132800,1310284,2929,2929,0,0,0,0,0,0,0,0,0.066,0.076,0.000,0,0,0,2929,2929,0,0
travel,13.890,333.3,364.203,364.203,fly,0.896,ok,2601,0,0,192.00,450793472,597540864,114090264,95883264,18123768,2904,7449760,22132800,1310284,2929,2929,0,0,0,0,0,0,0,0,0.068,0.076,0.000,0,0,0,2929,2929,0,0
travel,13.920,334.1,364.713,364.713,fly,1.058,ok,2601,0,0,192.00,450793472,597540864,114090264,95883264,18123768,2904,7449760,22132800,1310284,2929,2929,0,0,0,0,0,0,0,0,0.068,0.111,0.000,0,0,0,2929,2929,0,0
travel,13.951,334.8,365.237,365.237,fly,0.889,ok,2601,0,0,192.00,450793472,597540864,114090264,95883264,18123768,2904,7449760,22132800,1310284,2929,2929,0,0,0,0,0,0,0,0,0.064,0.072,0.000,0,0,0,2929,2929,0,0
travel,13.982,335.5,365.768,365.768,fly,0.886,ok,2601,0,0,192.00,450793472,597540864,114090264,95883264,18123768,2904,7449760,22132800,1310284,2929,2929,0,0,0,0,0,0,0,0,0.064,0.073,0.000,0,0,0,2929,2929,0,0
travel,14.013,336.3,366.283,366.283,fly,0.881,ok,2601,0,0,192.00,450793472,597540864,114090264,95883264,18123768,2904,7449760,22132800,1310284,2929,2929,0,0,0,0,0,0,0,0,0.065,0.071,0.000,0,0,0,2929,2929,0,0
travel,14.043,337.0,366.797,366.797,fly,0.891,ok,2601,0,0,192.00,450793472,597540864,114090264,95883264,18123768,2904,7449760,22132800,1310284,2929,2929,0,0,0,0,0,0,0,0,0.063,0.073,0.000,0,0,0,2929,2929,0,0
travel,14.073,337.7,367.310,367.310,fly,0.983,ok,2601,0,0,192.00,450793472,597540864,114090264,95883264,18123768,2904,7449760,22132800,1310284,2929,2929,0,0,0,0,0,0,0,0,0.073,0.107,0.000,0,0,0,2929,2929,0,0
travel,14.103,338.5,367.823,367.823,fly,0.881,ok,2601,0,0,192.00,450793472,597540864,114090264,95883264,18123768,2904,7449760,22132800,1310284,2929,2929,0,0,0,0,0,0,0,0,0.063,0.072,0.000,0,0,0,2929,2929,0,0
travel,14.144,339.4,368.514,368.514,fly,1.048,ok,2601,0,67,192.00,450809856,597540864,114090264,95883264,18123768,2904,11174640,18636912,1352052,3030,3030,0,0,5,0,0,0,0,0,0.094,0.117,0.000,0,0,0,3030,3030,0,0
travel,14.175,340.2,369.033,369.033,fly,0.992,ok,2601,0,0,192.00,450809856,597540864,114090264,95883264,18123768,2904,11174640,22132800,1367092,3030,3030,0,0,0,0,0,0,0,0,0.074,0.107,0.000,0,0,0,3030,3030,0,0
travel,14.206,340.9,369.558,369.558,fly,0.887,ok,2601,0,0,192.00,450809856,597540864,114090264,95883264,18123768,2904,11174640,22132800,1367092,3030,3030,0,0,0,0,0,0,0,0,0.065,0.073,0.000,0,0,0,3030,3030,0,0
travel,14.236,341.6,370.076,370.076,fly,0.858,ok,2601,0,0,192.00,450809856,597540864,114090264,95883264,18123768,2904,11174640,22132800,1367092,3030,3030,0,0,0,0,0,0,0,0,0.064,0.068,0.000,0,0,0,3030,3030,0,0
travel,14.266,342.4,370.586,370.586,fly,0.858,ok,2601,0,0,192.00,450809856,597540864,114090264,95883264,18123768,2904,7449760,22132800,1367092,3030,3030,0,0,0,0,0,0,0,0,0.063,0.067,0.000,0,0,0,3030,3030,0,0
travel,14.297,343.1,371.112,371.112,fly,0.851,ok,2601,0,0,192.00,450809856,597540864,114090264,95883264,18123768,2904,7449760,22132800,1367092,3030,3030,0,0,0,0,0,0,0,0,0.063,0.068,0.000,0,0,0,3030,3030,0,0
travel,14.327,343.8,371.621,371.621,fly,1.016,ok,2601,0,0,192.00,450809856,597540864,114090264,95883264,18123768,2904,7449760,22132800,1367092,3030,3030,0,0,0,0,0,0,0,0,0.178,0.077,0.000,0,0,0,3030,3030,0,0
travel,14.358,344.6,372.134,372.134,fly,0.884,ok,2601,0,0,192.00,450809856,597540864,114090264,95883264,18123768,2904,7449760,22132800,1367092,3030,3030,0,0,0,0,0,0,0,0,0.063,0.076,0.000,0,0,0,3030,3030,0,0
travel,14.389,345.3,372.661,372.661,fly,0.870,ok,2601,0,0,192.00,450809856,597540864,114090264,95883264,18123768,2904,7449760,22132800,1367092,3030,3030,0,0,0,0,0,0,0,0,0.063,0.073,0.000,0,0,0,3030,3030,0,0
travel,14.420,346.0,373.186,373.186,fly,0.882,ok,2601,0,0,192.00,450809856,597540864,114090264,95883264,18123768,2904,7449760,22132800,1367092,3030,3030,0,0,0,0,0,0,0,0,0.063,0.072,0.000,0,0,0,3030,3030,0,0
travel,14.450,346.8,373.701,373.701,fly,0.988,ok,2601,0,0,192.00,450809856,597540864,114090264,95883264,18123768,2904,7449760,22132800,1367092,3030,3030,0,0,0,0,0,0,0,0,0.070,0.111,0.000,0,0,0,3030,3030,0,0
travel,14.480,347.5,374.216,374.216,fly,0.868,ok,2601,0,0,192.00,450809856,597540864,114090264,95883264,18123768,2904,7449760,22132800,1367092,3030,3030,0,0,0,0,0,0,0,0,0.064,0.069,0.000,0,0,0,3030,3030,0,0
travel,14.511,348.2,374.735,374.735,fly,0.888,ok,2601,0,0,192.00,450809856,597540864,114090264,95883264,18123768,2904,7449760,22132800,1367092,3030,3030,0,0,0,0,0,0,0,0,0.068,0.083,0.000,0,0,0,3030,3030,0,0
travel,14.541,349.0,375.246,375.246,fly,0.844,ok,2601,0,0,192.00,450809856,597540864,114090264,95883264,18123768,2904,7449760,22132800,1367092,3030,3030,0,0,0,0,0,0,0,0,0.063,0.068,0.000,0,0,0,3030,3030,0,0
travel,14.571,349.7,375.760,375.760,fly,0.983,ok,2601,0,0,192.00,450809856,597540864,114090264,95883264,18123768,2904,7449760,22132800,1367092,3030,3030,0,0,0,0,0,0,0,0,0.076,0.147,0.000,0,0,0,3030,3030,0,0
travel,14.610,350.6,376.424,376.424,fly,0.875,ok,2601,0,83,192.00,450809856,597540864,114090264,95883264,18123768,2904,11174640,17802096,1406348,3131,3131,0,0,3,0,0,0,0,0,0.064,0.071,0.000,0,0,0,3131,3131,0,0
travel,14.642,351.4,376.955,376.955,fly,0.846,ok,2601,0,0,192.00,450809856,597540864,114090264,95883264,18123768,2904,11174640,22132800,1422172,3131,3131,0,0,0,0,0,0,0,0,0.068,0.065,0.000,0,0,0,3131,3131,0,0
travel,14.672,352.1,377.471,377.471,fly,0.841,ok,2601,0,0,192.00,450809856,597540864,114090264,95883264,18123768,2904,11174640,22132800,1422172,3131,3131,0,0,0,0,0,0,0,0,0.063,0.068,0.000,0,0,0,3131,3131,0,0
travel,14.703,352.8,377.992,377.992,fly,0.892,ok,2601,0,0,192.00,450809856,597540864,114090264,95883264,18123768,2904,11174640,22132800,1422172,3131,3131,0,0,0,0,0,0,0,0,0.064,0.076,0.000,0,0,0,3131,3131,0,0
travel,14.734,353.6,378.520,378.520,fly,0.880,ok,2601,0,0,192.00,450809856,597540864,114090264,95883264,18123768,2904,7449760,22132800,1422172,3131,3131,0,0,0,0,0,0,0,0,0.068,0.073,0.000,0,0,0,3131,3131,0,0
travel,14.764,354.3,379.033,379.033,fly,1.097,ok,2601,0,0,192.00,450809856,597540864,114090264,95883264,18123768,2904,7449760,22132800,1422172,3131,3131,0,0,0,0,0,0,0,0,0.082,0.123,0.000,0,0,0,3131,3131,0,0
travel,14.795,355.0,379.548,379.548,fly,0.870,ok,2601,0,0,192.00,450809856,597540864,114090264,95883264,18123768,2904,7449760,22132800,1422172,3131,3131,0,0,0,0,0,0,0,0,0.065,0.071,0.000,0,0,0,3131,3131,0,0
travel,14.825,355.8,380.060,380.060,fly,0.912,ok,2601,0,0,192.00,450809856,597540864,114090264,95883264,18123768,2904,7449760,22132800,1422172,3131,3131,0,0,0,0,0,0,0,0,0.066,0.081,0.000,0,0,0,3131,3131,0,0
travel,14.855,356.5,380.575,380.575,fly,0.876,ok,2601,0,0,192.00,450809856,597540864,114090264,95883264,18123768,2904,7449760,22132800,1422172,3131,3131,0,0,0,0,0,0,0,0,0.064,0.074,0.000,0,0,0,3131,3131,0,0
travel,14.886,357.2,381.093,381.093,fly,0.895,ok,2601,0,0,192.00,450809856,597540864,114090264,95883264,18123768,2904,7449760,22132800,1422172,3131,3131,0,0,0,0,0,0,0,0,0.064,0.077,0.000,0,0,0,3131,3131,0,0
travel,14.916,358.0,381.609,381.609,fly,0.856,ok,2601,0,0,192.00,450809856,597540864,114090264,95883264,18123768,2904,7449760,22132800,1422172,3131,3131,0,0,0,0,0,0,0,0,0.065,0.071,0.000,0,0,0,3131,3131,0,0
travel,14.946,358.7,382.121,382.121,fly,0.835,ok,2601,0,0,192.00,450809856,597540864,114090264,95883264,18123768,2904,7449760,22132800,1422172,3131,3131,0,0,0,0,0,0,0,0,0.061,0.065,0.000,0,0,0,3131,3131,0,0
travel,14.977,359.4,382.638,382.638,fly,0.874,ok,2601,0,0,192.00,450809856,597540864,114090264,95883264,18123768,2904,7449760,22132800,1422172,3131,3131,0,0,0,0,0,0,0,0,0.061,0.073,0.000,0,0,0,3131,3131,0,0
travel,15.008,360.2,383.176,383.176,fly,1.103,ok,2601,0,0,192.00,450809856,597540864,114090264,95883264,18123768,2904,7449760,22132800,1422172,3131,3131,0,0,0,0,0,0,0,0,0.180,0.167,0.000,0,0,0,3131,3131,0,0
travel,15.039,360.9,383.692,383.692,fly,0.837,ok,2601,0,0,192.00,450809856,597540864,114090264,95883264,18123768,2904,7449760,22132800,1422172,3131,3131,0,0,0,0,0,0,0,0,0.061,0.069,0.000,0,0,0,3131,3131,0,0
travel,15.080,361.9,384.397,384.397,fly,1.055,ok,2601,0,116,192.00,451334144,597868544,114090264,95883264,18123768,2904,11174640,16080288,1236370,3232,3232,0,0,2,0,0,0,0,0,0.089,0.088,0.000,0,0,0,3232,3232,0,0
travel,15.111,362.6,384.923,384.923,fly,0.882,ok,2601,0,0,192.00,451334144,597868544,114090264,95883264,18123768,2904,11174640,22132800,1262034,3232,3232,0,0,0,0,0,0,0,0,0.061,0.078,0.000,0,0,0,3232,3232,0,0
travel,15.142,363.4,385.448,385.448,fly,0.891,ok,2601,0,0,192.00,451334144,597868544,114090264,95883264,18123768,2904,11174640,22132800,1262034,3232,3232,0,0,0,0,0,0,0,0,0.064,0.075,0.000,0,0,0,3232,3232,0,0
travel,15.173,364.1,385.959,385.959,fly,0.869,ok,2601,0,0,192.00,451334144,597868544,114090264,95883264,18123768,2904,11174640,22132800,1262034,3232,3232,0,0,0,0,0,0,0,0,0.064,0.074,0.000,0,0,0,3232,3232,0,0
travel,15.203,364.8,386.476,386.476,fly,0.842,ok,2601,0,0,192.00,451334144,597868544,114090264,95883264,18123768,2904,11174640,22132800,1262034,3232,3232,0,0,0,0,0,0,0,0,0.064,0.069,0.000,0,0,0,3232,3232,0,0
travel,15.234,365.6,387.002,387.002,fly,1.000,ok,2601,0,0,192.00,451334144,597868544,114090264,95883264,18123768,2904,7449760,22132800,1262034,3232,3232,0,0,0,0,0,0,0,0,0.065,0.091,0.000,0,0,0,3232,3232,0,0
travel,15.264,366.3,387.520,387.520,fly,0.875,ok,2601,0,0,192.00,451334144,597868544,114090264,95883264,18123768,2904,7449760,22132800,1262034,3232,3232,0,0,0,0,0,0,0,0,0.065,0.071,0.000,0,0,0,3232,3232,0,0
travel,15.295,367.0,388.033,388.033,fly,0.884,ok,2601,0,0,192.00,451334144,597868544,114090264,95883264,18123768,2904,7449760,22132800,1262034,3232,3232,0,0,0,0,0,0,0,0,0.063,0.075,0.000,0,0,0,3232,3232,0,0
travel,15.325,367.8,388.542,388.542,fly,0.842,ok,2601,0,0,192.00,451334144,597868544,114090264,95883264,18123768,2904,7449760,22132800,1262034,3232,3232,0,0,0,0,0,0,0,0,0.062,0.068,0.000,0,0,0,3232,3232,0,0
travel,15.355,368.5,389.056,389.056,fly,1.430,ok,2601,0,0,192.00,451334144,597868544,114090264,95883264,18123768,2904,7449760,22132800,1262034,3232,3232,0,0,0,0,0,0,0,0,0.248,0.122,0.000,0,0,0,3232,3232,0,0
travel,15.386,369.2,389.585,389.585,fly,0.840,ok,2601,0,0,192.00,451334144,597868544,114090264,95883264,18123768,2904,7449760,22132800,1262034,3232,3232,0,0,0,0,0,0,0,0,0.061,0.067,0.000,0,0,0,3232,3232,0,0
travel,15.417,370.0,390.099,390.099,fly,0.951,ok,2601,0,0,192.00,451334144,597868544,114090264,95883264,18123768,2904,7449760,22132800,1262034,3232,3232,0,0,0,0,0,0,0,0,0.071,0.106,0.000,0,0,0,3232,3232,0,0
travel,15.447,370.7,390.610,390.610,fly,0.843,ok,2601,0,0,192.00,451334144,597868544,114090264,95883264,18123768,2904,7449760,22132800,1262034,3232,3232,0,0,0,0,0,0,0,0,0.062,0.069,0.000,0,0,0,3232,3232,0,0
travel,15.477,371.4,391.128,391.128,fly,0.872,ok,2601,0,0,192.00,451334144,597868544,114090264,95883264,18123768,2904,7449760,22132800,1262034,3232,3232,0,0,0,0,0,0,0,0,0.067,0.074,0.000,0,0,0,3232,3232,0,0
travel,15.508,372.1,391.646,391.646,fly,0.904,ok,2601,0,0,192.00,451334144,597868544,114090264,95883264,18123768,2904,7449760,22132800,1262034,3232,3232,0,0,0,0,0,0,0,0,0.064,0.078,0.000,0,0,0,3232,3232,0,0
travel,15.547,373.1,392.309,392.309,fly,0.872,ok,2601,0,124,192.00,451334144,597868544,114090264,95883264,18123768,2904,11174640,15662880,1289196,3333,3333,0,0,0,0,0,0,0,0,0.063,0.071,0.000,0,0,0,3333,3333,0,0
travel,15.578,373.8,392.837,392.837,fly,0.880,ok,2601,0,0,192.00,451334144,597868544,114090264,95883264,18123768,2904,11174640,22132800,1314418,3333,3333,0,0,0,0,0,0,0,0,0.065,0.075,0.000,0,0,0,3333,3333,0,0
travel,15.608,374.6,393.349,393.349,fly,0.835,ok,2601,0,0,192.00,451334144,597868544,114090264,95883264,18123768,2904,11174640,22132800,1314418,3333,3333,0,0,0,0,0,0,0,0,0.062,0.064,0.000,0,0,0,3333,3333,0,0
travel,15.639,375.3,393.868,393.868,fly,0.861,ok,2601,0,0,192.00,451334144,597868544,114090264,95883264,18123768,2904,11174640,22132800,1314418,3333,3333,0,0,0,0,0,0,0,0,0.063,0.067,0.000,0,0,0,3333,3333,0,0
travel,15.669,376.0,394.384,394.384,fly,1.155,ok,2601,0,0,192.00,451334144,597868544,114090264,95883264,18123768,2904,11174640,22132800,1314418,3333,3333,0,0,0,0,0,0,0,0,0.341,0.072,0.000,0,0,0,3333,3333,0,0
travel,15.699,376.7,394.898,394.898,fly,0.871,ok,2601,0,0,192.00,451334144,597868544,114090264,95883264,18123768,2904,7449760,22132800,1314418,3333,3333,0,0,0,0,0,0,0,0,0.063,0.070,0.000,0,0,0,3333,3333,0,0
travel,15.730,377.5,395.411,395.411,fly,0.964,ok,2601,0,0,192.00,451334144,597868544,114090264,95883264,18123768,2904,7449760,22132800,1314418,3333,3333,0,0,0,0,0,0,0,0,0.076,0.112,0.000,0,0,0,3333,3333,0,0
travel,15.760,378.2,395.924,395.924,fly,0.873,ok,2601,0,0,192.00,451334144,597868544,114090264,95883264,18123768,2904,7449760,22132800,1314418,3333,3333,0,0,0,0,0,0,0,0,0.063,0.073,0.000,0,0,0,3333,3333,0,0
travel,15.790,378.9,396.442,396.442,fly,0.868,ok,2601,0,0,192.00,451334144,597868544,114090264,95883264,18123768,2904,7449760,22132800,1314418,3333,3333,0,0,0,0,0,0,0,0,0.063,0.071,0.000,0,0,0,3333,3333,0,0
travel,15.822,379.7,396.977,396.977,fly,0.874,ok,2601,0,0,192.00,451334144,597868544,114090264,95883264,18123768,2904,7449760,22132800,1314418,3333,3333,0,0,0,0,0,0,0,0,0.063,0.073,0.000,0,0,0,3333,3333,0,0
travel,15.852,380.4,397.492,397.492,fly,0.906,ok,2601,0,0,192.00,451334144,597868544,114090264,95883264,18123768,2904,7449760,22132800,1314418,3333,3333,0,0,0,0,0,0,0,0,0.064,0.077,0.000,0,0,0,3333,3333,0,0
travel,15.883,381.1,398.014,398.014,fly,0.918,ok,2601,0,0,192.00,451334144,597868544,114090264,95883264,18123768,2904,7449760,22132800,1314418,3333,3333,0,0,0,0,0,0,0,0,0.068,0.070,0.000,0,0,0,3333,3333,0,0
travel,15.914,381.9,398.531,398.531,fly,0.868,ok,2601,0,0,192.00,451334144,597868544,114090264,95883264,18123768,2904,7449760,22132800,1314418,3333,3333,0,0,0,0,0,0,0,0,0.063,0.073,0.000,0,0,0,3333,3333,0,0
travel,15.944,382.6,399.041,399.041,fly,0.865,ok,2601,0,0,192.00,451334144,597868544,114090264,95883264,18123768,2904,7449760,22132800,1314418,3333,3333,0,0,0,0,0,0,0,0,0.062,0.068,0.000,0,0,0,3333,3333,0,0
travel,15.975,383.3,399.565,399.565,fly,0.875,ok,2601,0,0,192.00,451334144,597868544,114090264,95883264,18123768,2904,7449760,22132800,1314418,3333,3333,0,0,0,0,0,0,0,0,0.062,0.075,0.000,0,0,0,3333,3333,0,0
travel,16.014,384.3,400.228,400.228,fly,0.880,ok,2601,0,145,192.00,451334144,597868544,114090264,95883264,18123768,2904,11174640,14567184,1335932,3434,3434,0,0,5,0,0,0,0,0,0.065,0.072,0.000,0,0,0,3434,3434,0,0
travel,16.045,385.0,400.757,400.757,fly,0.878,ok,2601,0,0,192.00,451334144,597868544,114090264,95883264,18123768,2904,11174640,22132800,1367562,3434,3434,0,0,0,0,0,0,0,0,0.065,0.069,0.000,0,0,0,3434,3434,0,0
travel,16.076,385.8,401.282,401.282,fly,0.871,ok,2601,0,0,192.00,451334144,597868544,114090264,95883264,18123768,2904,11174640,22132800,1367562,3434,3434,0,0,0,0,0,0,0,0,0.064,0.069,0.000,0,0,0,3434,3434,0,0
travel,16.106,386.5,401.798,401.798,fly,0.942,ok,2601,0,0,192.00,451334144,597868544,114090264,95883264,18123768,2904,11174640,22132800,1367562,3434,3434,0,0,0,0,0,0,0,0,0.067,0.086,0.000,0,0,0,3434,3434,0,0
travel,16.137,387.2,402.319,402.319,fly,0.937,ok,2601,0,0,192.00,451334144,597868544,114090264,95883264,18123768,2904,11174640,22132800,1367562,3434,3434,0,0,0,0,0,0,0,0,0.067,0.086,0.000,0,0,0,3434,3434,0,0
travel,16.168,388.0,402.845,402.845,fly,0.935,ok,2601,0,0,192.00,451334144,597868544,114090264,95883264,18123768,2904,7449760,22132800,1367562,3434,3434,0,0,0,0,0,0,0,0,0.063,0.126,0.000,0,0,0,3434,3434,0,0
travel,16.199,388.7,403.365,403.365,fly,0.911,ok,2601,0,0,192.00,451334144,597868544,114090264,95883264,18123768,2904,7449760,22132800,1367562,3434,3434,0,0,0,0,0,0,0,0,0.065,0.081,0.000,0,0,0,3434,3434,0,0
travel,16.229,389.4,403.882,403.882,fly,0.867,ok,2601,0,0,192.00,451334144,597868544,114090264,95883264,18123768,2904,7449760,22132800,1367562,3434,3434,0,0,0,0,0,0,0,0,0.063,0.070,0.000,0,0,0,3434,3434,0,0
travel,16.260,390.2,404.404,404.404,fly,0.897,ok,2601,0,0,192.00,451334144,597868544,114090264,95883264,18123768,2904,7449760,22132800,1367562,3434,3434,0,0,0,0,0,0,0,0,0.064,0.076,0.000,0,0,0,3434,3434,0,0
travel,16.290,390.9,404.916,404.916,fly,0.861,ok,2601,0,0,192.00,451334144,597868544,114090264,95883264,18123768,2904,7449760,22132800,1367562,3434,3434,0,0,0,0,0,0,0,0,0.064,0.069,0.000,0,0,0,3434,3434,0,0
travel,16.321,391.6,405.435,405.435,fly,0.875,ok,2601,0,0,192.00,451334144,597868544,114090264,95883264,18123768,2904,7449760,22132800,1367562,3434,3434,0,0,0,0,0,0,0,0,0.065,0.073,0.000,0,0,0,3434,3434,0,0
travel,16.351,392.4,405.957,405.957,fly,0.885,ok,2601,0,0,192.00,451334144,597868544,114090264,95883264,18123768,2904,7449760,22132800,1367562,3434,3434,0,0,0,0,0,0,0,0,0.063,0.078,0.000,0,0,0,3434,3434,0,0
travel,16.381,393.1,406.466,406.466,fly,0.866,ok,2601,0,0,192.00,451334144,597868544,114090264,95883264,18123768,2904,7449760,22132800,1367562,3434,3434,0,0,0,0,0,0,0,0,0.063,0.069,0.000,0,0,0,3434,3434,0,0
travel,16.412,393.8,406.984,406.984,fly,0.839,ok,2601,0,0,192.00,451334144,597868544,114090264,95883264,18123768,2904,7449760,22132800,1367562,3434,3434,0,0,0,0,0,0,0,0,0.062,0.068,0.000,0,0,0,3434,3434,0,0
travel,16.442,394.6,407.495,407.495,fly,0.862,ok,2601,0,0,192.00,451334144,597868544,114090264,95883264,18123768,2904,7449760,22132800,1367562,3434,3434,0,0,0,0,0,0,0,0,0.062,0.065,0.000,0,0,0,3434,3434,0,0
travel,16.472,395.3,408.010,408.010,fly,4.423,ok,2536,65,97,192.00,451334144,597868544,111239104,93487104,17670848,2904,11174640,15192432,1371977,3470,3535,36,101,36,36,36,0,0,0,0.433,0.115,0.000,0,0,0,3470,3470,0,0
travel,16.511,396.2,408.664,408.664,fly,0.839,ok,2601,0,46,192.00,451334144,597868544,114090264,95883264,18123768,2904,11174640,19732608,1414207,3535,3535,0,0,2,0,0,0,0,0,0.060,0.068,0.000,0,0,0,3535,3535,0,0
travel,16.542,396.9,409.183,409.183,fly,0.845,ok,2601,0,0,192.00,451334144,597868544,114090264,95883264,18123768,2904,11174640,22132800,1423474,3535,3535,0,0,0,0,0,0,0,0,0.059,0.068,0.000,0,0,0,3535,3535,0,0
travel,16.572,397.7,409.694,409.694,fly,0.840,ok,2601,0,0,192.00,451334144,597868544,114090264,95883264,18123768,2904,11174640,22132800,1423474,3535,3535,0,0,0,0,0,0,0,0,0.059,0.070,0.000,0,0,0,3535,3535,0,0
travel,16.602,398.4,410.210,410.210,fly,0.845,ok,2601,0,0,192.00,451334144,597868544,114090264,95883264,18123768,2904,11174640,22132800,1423474,3535,3535,0,0,0,0,0,0,0,0,0.060,0.069,0.000,0,0,0,3535,3535,0,0
travel,16.633,399.1,410.733,410.733,fly,1.188,ok,2601,0,0,192.00,451334144,597868544,114090264,95883264,18123768,2904,7449760,22132800,1423474,3535,3535,0,0,0,0,0,0,0,0,0.102,0.103,0.000,0,0,0,3535,3535,0,0
travel,16.664,399.9,411.257,411.257,fly,0.856,ok,2601,0,0,192.00,451334144,597868544,114090264,95883264,18123768,2904,7449760,22132800,1423474,3535,3535,0,0,0,0,0,0,0,0,0.065,0.067,0.000,0,0,0,3535,3535,0,0
travel,16.694,400.6,411.771,411.771,fly,0.852,ok,2601,0,0,192.00,451334144,597868544,114090264,95883264,18123768,2904,7449760,22132800,1423474,3535,3535,0,0,0,0,0,0,0,0,0.065,0.067,0.000,0,0,0,3535,3535,0,0
travel,16.725,401.3,412.286,412.286,fly,0.866,ok,2601,0,0,192.00,451334144,597868544,114090264,95883264,18123768,2904,7449760,22132800,1423474,3535,3535,0,0,0,0,0,0,0,0,0.062,0.082,0.000,0,0,0,3535,3535,0,0
travel,16.755,402.1,412.804,412.804,fly,0.836,ok,2601,0,0,192.00,451334144,597868544,114090264,95883264,18123768,2904,7449760,22132800,1423474,3535,3535,0,0,0,0,0,0,0,0,0.062,0.066,0.000,0,0,0,3535,3535,0,0
travel,16.786,402.8,413.321,413.321,fly,0.836,ok,2601,0,0,192.00,451334144,597868544,114090264,95883264,18123768,2904,7449760,22132800,1423474,3535,3535,0,0,0,0,0,0,0,0,0.062,0.064,0.000,0,0,0,3535,3535,0,0
travel,16.816,403.5,413.834,413.834,fly,0.845,ok,2601,0,0,192.00,451334144,597868544,114090264,95883264,18123768,2904,7449760,22132800,1423474,3535,3535,0,0,0,0,0,0,0,0,0.061,0.067,0.000,0,0,0,3535,3535,0,0
travel,16.846,404.2,414.345,414.345,fly,0.895,ok,2601,0,0,192.00,451334144,597868544,114090264,95883264,18123768,2904,7449760,22132800,1423474,3535,3535,0,0,0,0,0,0,0,0,0.079,0.078,0.000,0,0,0,3535,3535,0,0
travel,16.876,405.0,414.858,414.858,fly,0.846,ok,2601,0,0,192.00,451334144,597868544,114090264,95883264,18123768,2904,7449760,22132800,1423474,3535,3535,0,0,0,0,0,0,0,0,0.062,0.068,0.000,0,0,0,3535,3535,0,0
travel,16.907,405.7,415.385,415.385,fly,0.875,ok,2601,0,0,192.00,451334144,597868544,114090264,95883264,18123768,2904,7449760,22132800,1423474,3535,3535,0,0,0,0,0,0,0,0,0.062,0.072,0.000,0,0,0,3535,3535,0,0
travel,16.938,406.4,415.899,415.899,fly,0.870,ok,2601,0,0,192.00,451334144,597868544,114090264,95883264,18123768,2904,7449760,22132800,1423474,3535,3535,0,0,0,0,0,0,0,0,0.062,0.070,0.000,0,0,0,3535,3535,0,0
travel,16.978,407.4,416.588,416.588,fly,0.853,ok,2601,0,56,192.00,451657728,598204416,114090264,95883264,18123768,2904,11174640,19210848,1248830,3636,3636,0,0,6,0,0,0,0,0,0.064,0.069,0.000,0,0,0,3636,3636,0,0
travel,17.009,408.1,417.105,417.105,fly,0.859,ok,2601,0,0,192.00,451657728,598204416,114090264,95883264,18123768,2904,11174640,22132800,1260433,3636,3636,0,0,0,0,0,0,0,0,0.065,0.068,0.000,0,0,0,3636,3636,0,0
travel,17.039,408.9,417.616,417.616,fly,0.922,ok,2601,0,0,192.00,451657728,598204416,114090264,95883264,18123768,2904,11174640,22132800,1260433,3636,3636,0,0,0,0,0,0,0,0,0.066,0.083,0.000,0,0,0,3636,3636,0,0
travel,17.069,409.6,418.129,418.129,fly,0.837,ok,2601,0,0,192.00,451657728,598204416,114090264,95883264,18123768,2904,11174640,22132800,1260433,3636,3636,0,0,0,0,0,0,0,0,0.064,0.068,0.000,0,0,0,3636,3636,0,0
travel,17.100,410.3,418.650,418.650,fly,0.946,ok,2601,0,0,192.00,451657728,598204416,114090264,95883264,18123768,2904,11174640,22132800,1260433,3636,3636,0,0,0,0,0,0,0,0,0.076,0.108,0.000,0,0,0,3636,3636,0,0
travel,17.130,411.1,419.171,419.171,fly,0.847,ok,2601,0,0,192.00,451657728,598204416,114090264,95883264,18123768,2904,7449760,22132800,1260433,3636,3636,0,0,0,0,0,0,0,0,0.061,0.070,0.000,0,0,0,3636,3636,0,0
travel,17.161,411.8,419.690,419.690,fly,1.038,ok,2601,0,0,192.00,451723264,598204416,114090264,95883264,18123768,2904,7449760,22132800,1260433,3636,3636,0,0,0,0,0,0,0,0,0.073,0.116,0.000,0,0,0,3636,3636,0,0
travel,17.192,412.5,420.208,420.208,fly,0.865,ok,2601,0,0,192.00,451723264,598204416,114090264,95883264,18123768,2904,7449760,22132800,1260433,3636,3636,0,0,0,0,0,0,0,0,0.068,0.070,0.000,0,0,0,3636,3636,0,0
travel,17.222,413.3,420.725,420.725,fly,0.856,ok,2601,0,0,192.00,451723264,598204416,114090264,95883264,18123768,2904,7449760,22132800,1260433,3636,3636,0,0,0,0,0,0,0,0,0.064,0.068,0.000,0,0,0,3636,3636,0,0
travel,17.253,414.0,421.249,421.249,fly,0.882,ok,2601,0,0,192.00,451723264,598204416,114090264,95883264,18123768,2904,7449760,22132800,1260433,3636,3636,0,0,0,0,0,0,0,0,0.064,0.072,0.000,0,0,0,3636,3636,0,0
travel,17.284,414.7,421.769,421.769,fly,0.897,ok,2601,0,0,192.00,451723264,598204416,114090264,95883264,18123768,2904,7449760,22132800,1260433,3636,3636,0,0,0,0,0,0,0,0,0.065,0.079,0.000,0,0,0,3636,3636,0,0
travel,17.314,415.5,422.288,422.288,fly,0.865,ok,2601,0,0,192.00,451723264,598204416,114090264,95883264,18123768,2904,7449760,22132800,1260433,3636,3636,0,0,0,0,0,0,0,0,0.064,0.071,0.000,0,0,0,3636,3636,0,0
travel,17.345,416.2,422.805,422.805,fly,0.869,ok,2601,0,0,192.00,451723264,598204416,114090264,95883264,18123768,2904,7449760,22132800,1260433,3636,3636,0,0,0,0,0,0,0,0,0.063,0.073,0.000,0,0,0,3636,3636,0,0
travel,17.375,416.9,423.318,423.318,fly,0.838,ok,2601,0,0,192.00,451723264,598204416,114090264,95883264,18123768,2904,7449760,22132800,1260433,3636,3636,0,0,0,0,0,0,0,0,0.061,0.065,0.000,0,0,0,3636,3636,0,0
travel,17.405,417.7,423.832,423.832,fly,0.830,ok,2601,0,0,192.00,451723264,598204416,114090264,95883264,18123768,2904,7449760,22132800,1260433,3636,3636,0,0,0,0,0,0,0,0,0.062,0.064,0.000,0,0,0,3636,3636,0,0
travel,17.443,418.6,424.478,424.478,fly,0.848,ok,2601,0,73,192.00,451723264,598204416,114090264,95883264,18123768,2904,11174640,18323856,1301801,3737,3737,0,0,6,0,0,0,0,0,0.065,0.069,0.000,0,0,0,3737,3737,0,0
travel,17.474,419.3,424.998,424.998,fly,0.921,ok,2601,0,0,192.00,451723264,598204416,114090264,95883264,18123768,2904,11174640,22132800,1316445,3737,3737,0,0,0,0,0,0,0,0,0.139,0.068,0.000,0,0,0,3737,3737,0,0
travel,17.504,420.0,425.511,425.511,fly,0.838,ok,2601,0,0,192.00,451723264,598204416,114090264,95883264,18123768,2904,11174640,22132800,1316445,3737,3737,0,0,0,0,0,0,0,0,0.064,0.067,0.000,0,0,0,3737,3737,0,0
travel,17.535,420.8,426.037,426.037,fly,0.885,ok,2601,0,0,192.00,451723264,598204416,114090264,95883264,18123768,2904,11174640,22132800,1316445,3737,3737,0,0,0,0,0,0,0,0,0.065,0.074,0.000,0,0,0,3737,3737,0,0
travel,17.566,421.5,426.553,426.553,fly,0.948,ok,2601,0,0,192.00,451723264,598204416,114090264,95883264,18123768,2904,11174640,22132800,1316445,3737,3737,0,0,0,0,0,0,0,0,0.135,0.069,0.000,0,0,0,3737,3737,0,0
travel,17.596,422.2,427.073,427.073,fly,0.873,ok,2601,0,0,192.00,451723264,598204416,114090264,95883264,18123768,2904,7449760,22132800,1316445,3737,3737,0,0,0,0,0,0,0,0,0.065,0.070,0.000,0,0,0,3737,3737,0,0
travel,17.627,423.0,427.588,427.588,fly,1.067,ok,2601,0,0,192.00,451723264,598204416,114090264,95883264,18123768,2904,7449760,22132800,1316445,3737,3737,0,0,0,0,0,0,0,0,0.067,0.169,0.000,0,0,0,3737,3737,0,0
travel,17.657,423.7,428.106,428.106,fly,1.116,ok,2601,0,0,192.00,451723264,598204416,114090264,95883264,18123768,2904,7449760,22132800,1316445,3737,3737,0,0,0,0,0,0,0,0,0.308,0.073,0.000,0,0,0,3737,3737,0,0
travel,17.688,424.4,428.622,428.622,fly,0.898,ok,2601,0,0,192.00,451723264,598204416,114090264,95883264,18123768,2904,7449760,22132800,1316445,3737,3737,0,0,0,0,0,0,0,0,0.065,0.075,0.000,0,0,0,3737,3737,0,0
travel,17.718,425.2,429.140,429.140,fly,0.868,ok,2601,0,0,192.00,451723264,598204416,114090264,95883264,18123768,2904,7449760,22132800,1316445,3737,3737,0,0,0,0,0,0,0,0,0.064,0.072,0.000,0,0,0,3737,3737,0,0
travel,17.748,425.9,429.652,429.652,fly,0.838,ok,2601,0,0,192.00,451723264,598204416,114090264,95883264,18123768,2904,7449760,22132800,1316445,3737,3737,0,0,0,0,0,0,0,0,0.063,0.066,0.000,0,0,0,3737,3737,0,0
travel,17.779,426.6,430.171,430.171,fly,0.861,ok,2601,0,0,192.00,451723264,598204416,114090264,95883264,18123768,2904,7449760,22132800,1316445,3737,3737,0,0,0,0,0,0,0,0,0.062,0.071,0.000,0,0,0,3737,3737,0,0
travel,17.810,427.4,430.706,430.706,fly,0.952,ok,2601,0,0,192.00,451723264,598204416,114090264,95883264,18123768,2904,7449760,22132800,1316445,3737,3737,0,0,0,0,0,0,0,0,0.134,0.078,0.000,0,0,0,3737,3737,0,0
travel,17.841,428.1,431.223,431.223,fly,0.840,ok,2601,0,0,192.00,451723264,598204416,114090264,95883264,18123768,2904,7449760,22132800,1316445,3737,3737,0,0,0,0,0,0,0,0,0.062,0.068,0.000,0,0,0,3737,3737,0,0
travel,17.871,428.8,431.736,431.736,fly,0.870,ok,2601,0,0,192.00,451723264,598204416,114090264,95883264,18123768,2904,7449760,22132800,1316445,3737,3737,0,0,0,0,0,0,0,0,0.064,0.074,0.000,0,0,0,3737,3737,0,0
travel,17.911,429.8,432.413,432.413,fly,0.848,ok,2601,0,89,192.00,451751936,598204416,114090264,95883264,18123768,2904,11174640,17489040,1353534,3838,3838,0,0,4,0,0,0,0,0,0.064,0.067,0.000,0,0,0,3838,3838,0,0
travel,17.942,430.5,432.933,432.933,fly,0.981,ok,2601,0,0,192.00,451751936,598204416,114090264,95883264,18123768,2904,11174640,22132800,1374165,3838,3838,0,0,0,0,0,0,0,0,0.067,0.091,0.000,0,0,0,3838,3838,0,0
travel,17.972,431.3,433.449,433.449,fly,0.910,ok,2601,0,0,192.00,451751936,598204416,114090264,95883264,18123768,2904,11174640,22132800,1374165,3838,3838,0,0,0,0,0,0,0,0,0.066,0.079,0.000,0,0,0,3838,3838,0,0
travel,18.003,432.0,433.965,433.965,fly,0.862,ok,2601,0,0,192.00,451751936,598204416,114090264,95883264,18123768,2904,11174640,22132800,1374165,3838,3838,0,0,0,0,0,0,0,0,0.065,0.073,0.000,0,0,0,3838,3838,0,0
travel,18.033,432.7,434.488,434.488,fly,0.871,ok,2601,0,0,192.00,451751936,598204416,114090264,95883264,18123768,2904,11174640,22132800,1374165,3838,3838,0,0,0,0,0,0,0,0,0.063,0.071,0.000,0,0,0,3838,3838,0,0
travel,18.064,433.5,435.002,435.002,fly,1.037,ok,2601,0,0,192.00,451751936,598204416,114090264,95883264,18123768,2904,7449760,22132800,1374165,3838,3838,0,0,0,0,0,0,0,0,0.073,0.112,0.000,0,0,0,3838,3838,0,0
travel,18.094,434.2,435.523,435.523,fly,0.927,ok,2601,0,0,192.00,451751936,598204416,114090264,95883264,18123768,2904,7449760,22132800,1374165,3838,3838,0,0,0,0,0,0,0,0,0.065,0.082,0.000,0,0,0,3838,3838,0,0
travel,18.125,434.9,436.042,436.042,fly,0.872,ok,2601,0,0,192.00,451751936,598204416,114090264,95883264,18123768,2904,7449760,22132800,1374165,3838,3838,0,0,0,0,0,0,0,0,0.067,0.071,0.000,0,0,0,3838,3838,0,0
travel,18.155,435.7,436.553,436.553,fly,0.863,ok,2601,0,0,192.00,451751936,598204416,114090264,95883264,18123768,2904,7449760,22132800,1374165,3838,3838,0,0,0,0,0,0,0,0,0.063,0.072,0.000,0,0,0,3838,3838,0,0
travel,18.186,436.4,437.074,437.074,fly,0.872,ok,2601,0,0,192.00,451751936,598204416,114090264,95883264,18123768,2904,7449760,22132800,1374165,3838,3838,0,0,0,0,0,0,0,0,0.062,0.074,0.000,0,0,0,3838,3838,0,0
travel,18.217,437.1,437.598,437.598,fly,0.961,ok,2601,0,0,192.00,451751936,598204416,114090264,95883264,18123768,2904,7449760,22132800,1374165,3838,3838,0,0,0,0,0,0,0,0,0.073,0.109,0.000,0,0,0,3838,3838,0,0
travel,18.247,437.9,438.110,438.110,fly,0.864,ok,2601,0,0,192.00,451751936,598204416,114090264,95883264,18123768,2904,7449760,22132800,1374165,3838,3838,0,0,0,0,0,0,0,0,0.062,0.072,0.000,0,0,0,3838,3838,0,0
travel,18.278,438.6,438.642,438.642,fly,0.867,ok,2601,0,0,192.00,451751936,598204416,114090264,95883264,18123768,2904,7449760,22132800,1374165,3838,3838,0,0,0,0,0,0,0,0,0.067,0.073,0.000,0,0,0,3838,3838,0,0
travel,18.309,439.3,439.157,439.157,fly,0.869,ok,2601,0,0,192.00,451751936,598204416,114090264,95883264,18123768,2904,7449760,22132800,1374165,3838,3838,0,0,0,0,0,0,0,0,0.065,0.071,0.000,0,0,0,3838,3838,0,0
travel,18.339,440.1,439.668,439.668,fly,1.000,ok,2601,0,0,192.00,451751936,598204416,114090264,95883264,18123768,2904,7449760,22132800,1374165,3838,3838,0,0,0,0,0,0,0,0,0.071,0.110,0.000,0,0,0,3838,3838,0,0
travel,18.377,441.0,440.320,440.320,fly,1.294,ok,2601,0,124,192.00,451751936,598204416,114090264,95883264,18123768,2904,11174640,15662880,1402321,3939,3939,0,0,5,0,0,0,0,0,0.199,0.133,0.000,0,0,0,3939,3939,0,0
travel,18.409,441.7,440.851,440.851,fly,0.879,ok,2601,0,0,192.00,451948544,598417408,114090264,95883264,18123768,2904,11174640,22132800,1429933,3939,3939,0,0,0,0,0,0,0,0,0.064,0.074,0.000,0,0,0,3939,3939,0,0
travel,18.439,442.5,441.368,441.368,fly,0.839,ok,2601,0,0,192.00,451948544,598417408,114090264,95883264,18123768,2904,11174640,22132800,1429933,3939,3939,0,0,0,0,0,0,0,0,0.063,0.069,0.000,0,0,0,3939,3939,0,0
travel,18.469,443.2,441.880,441.880,fly,0.836,ok,2601,0,0,192.00,451948544,598417408,114090264,95883264,18123768,2904,11174640,22132800,1429933,3939,3939,0,0,0,0,0,0,0,0,0.064,0.065,0.000,0,0,0,3939,3939,0,0
travel,18.500,443.9,442.405,442.405,fly,0.864,ok,2601,0,0,192.00,451948544,598417408,114090264,95883264,18123768,2904,11174640,22132800,1429933,3939,3939,0,0,0,0,0,0,0,0,0.063,0.074,0.000,0,0,0,3939,3939,0,0
travel,18.531,444.7,442.923,442.923,fly,0.966,ok,2601,0,0,192.00,451948544,598417408,114090264,95883264,18123768,2904,7449760,22132800,1429933,3939,3939,0,0,0,0,0,0,0,0,0.074,0.107,0.000,0,0,0,3939,3939,0,0
travel,18.561,445.4,443.435,443.435,fly,0.863,ok,2601,0,0,192.00,451948544,598417408,114090264,95883264,18123768,2904,7449760,22132800,1429933,3939,3939,0,0,0,0,0,0,0,0,0.064,0.069,0.000,0,0,0,3939,3939,0,0
travel,18.591,446.1,443.950,443.950,fly,0.872,ok,2601,0,0,192.00,451948544,598417408,114090264,95883264,18123768,2904,7449760,22132800,1429933,3939,3939,0,0,0,0,0,0,0,0,0.062,0.074,0.000,0,0,0,3939,3939,0,0
travel,18.622,446.8,444.470,444.470,fly,0.995,ok,2601,0,0,192.00,451948544,598417408,114090264,95883264,18123768,2904,7449760,22132800,1429933,3939,3939,0,0,0,0,0,0,0,0,0.202,0.071,0.000,0,0,0,3939,3939,0,0
travel,18.652,447.6,444.988,444.988,fly,0.840,ok,2601,0,0,192.00,451948544,598417408,114090264,95883264,18123768,2904,7449760,22132800,1429933,3939,3939,0,0,0,0,0,0,0,0,0.065,0.065,0.000,0,0,0,3939,3939,0,0
travel,18.684,448.3,445.522,445.522,fly,0.935,ok,2601,0,0,192.00,451948544,598417408,114090264,95883264,18123768,2904,7449760,22132800,1429933,3939,3939,0,0,0,0,0,0,0,0,0.066,0.109,0.000,0,0,0,3939,3939,0,0
travel,18.715,449.1,446.042,446.042,fly,1.204,ok,2601,0,0,192.00,451948544,598417408,114090264,95883264,18123768,2904,7449760,22132800,1429933,3939,3939,0,0,0,0,0,0,0,0,0.423,0.066,0.000,0,0,0,3939,3939,0,0
travel,18.745,449.8,446.560,446.560,fly,0.846,ok,2601,0,0,192.00,451948544,598417408,114090264,95883264,18123768,2904,7449760,22132800,1429933,3939,3939,0,0,0,0,0,0,0,0,0.063,0.070,0.000,0,0,0,3939,3939,0,0
travel,18.776,450.5,447.083,447.083,fly,0.836,ok,2601,0,0,192.00,451948544,598417408,114090264,95883264,18123768,2904,7449760,22132800,1429933,3939,3939,0,0,0,0,0,0,0,0,0.062,0.067,0.000,0,0,0,3939,3939,0,0
travel,18.806,451.3,447.595,447.595,fly,0.837,ok,2601,0,0,192.00,451948544,598417408,114090264,95883264,18123768,2904,7449760,22132800,1429933,3939,3939,0,0,0,0,0,0,0,0,0.063,0.069,0.000,0,0,0,3939,3939,0,0
travel,18.846,452.2,448.263,448.263,fly,1.613,ok,2601,0,144,192.00,452173824,598638592,114090264,95883264,18123768,2904,11174640,14619360,1451671,4040,4040,0,0,6,0,0,0,0,0,0.385,0.114,0.000,0,0,0,4040,4040,0,0
travel,18.877,453.0,448.793,448.793,fly,0.843,ok,2601,0,0,192.00,452173824,598638592,114090264,95883264,18123768,2904,11174640,22132800,1264135,4040,4040,0,0,0,0,0,0,0,0,0.066,0.070,0.000,0,0,0,4040,4040,0,0
travel,18.907,453.7,449.311,449.311,fly,0.842,ok,2601,0,0,192.00,452173824,598638592,114090264,95883264,18123768,2904,11174640,22132800,1264135,4040,4040,0,0,0,0,0,0,0,0,0.064,0.068,0.000,0,0,0,4040,4040,0,0
travel,18.938,454.4,449.834,449.834,fly,1.130,ok,2601,0,0,192.00,452173824,598638592,114090264,95883264,18123768,2904,11174640,22132800,1264135,4040,4040,0,0,0,0,0,0,0,0,0.069,0.097,0.000,0,0,0,4040,4040,0,0
travel,18.970,455.2,450.378,450.378,fly,0.881,ok,2601,0,0,192.00,452173824,598638592,114090264,95883264,18123768,2904,11174640,22132800,1264135,4040,4040,0,0,0,0,0,0,0,0,0.065,0.075,0.000,0,0,0,4040,4040,0,0
travel,19.000,455.9,450.890,450.890,fly,0.850,ok,2601,0,0,192.00,452173824,598638592,114090264,95883264,18123768,2904,7449760,22132800,1264135,4040,4040,0,0,0,0,0,0,0,0,0.065,0.069,0.000,0,0,0,4040,4040,0,0
travel,19.030,456.6,451.399,451.399,fly,0.843,ok,2601,0,0,192.00,452173824,598638592,114090264,95883264,18123768,2904,7449760,22132800,1264135,4040,4040,0,0,0,0,0,0,0,0,0.064,0.069,0.000,0,0,0,4040,4040,0,0
travel,19.061,457.4,451.921,451.921,fly,0.871,ok,2601,0,0,192.00,452173824,598638592,114090264,95883264,18123768,2904,7449760,22132800,1264135,4040,4040,0,0,0,0,0,0,0,0,0.063,0.076,0.000,0,0,0,4040,4040,0,0
travel,19.091,458.1,452.435,452.435,fly,1.646,ok,2601,0,0,192.00,452173824,598638592,114090264,95883264,18123768,2904,7449760,22132800,1264135,4040,4040,0,0,0,0,0,0,0,0,0.820,0.076,0.000,0,0,0,4040,4040,0,0
travel,19.122,458.9,452.958,452.958,fly,0.841,ok,2601,0,0,192.00,452173824,598638592,114090264,95883264,18123768,2904,7449760,22132800,1264135,4040,4040,0,0,0,0,0,0,0,0,0.063,0.069,0.000,0,0,0,4040,4040,0,0
travel,19.154,459.6,453.499,453.499,fly,0.846,ok,2601,0,0,192.00,452173824,598638592,114090264,95883264,18123768,2904,7449760,22132800,1264135,4040,4040,0,0,0,0,0,0,0,0,0.063,0.069,0.000,0,0,0,4040,4040,0,0
travel,19.185,460.3,454.015,454.015,fly,0.908,ok,2601,0,0,192.00,452173824,598638592,114090264,95883264,18123768,2904,7449760,22132800,1264135,4040,4040,0,0,0,0,0,0,0,0,0.064,0.077,0.000,0,0,0,4040,4040,0,0
travel,19.215,461.1,454.531,454.531,fly,0.840,ok,2601,0,0,192.00,452173824,598638592,114090264,95883264,18123768,2904,7449760,22132800,1264135,4040,4040,0,0,0,0,0,0,0,0,0.063,0.068,0.000,0,0,0,4040,4040,0,0
travel,19.246,461.8,455.054,455.054,fly,0.870,ok,2601,0,0,192.00,452173824,598638592,114090264,95883264,18123768,2904,7449760,22132800,1264135,4040,4040,0,0,0,0,0,0,0,0,0.065,0.073,0.000,0,0,0,4040,4040,0,0
travel,19.276,462.5,455.563,455.563,fly,0.839,ok,2601,0,0,192.00,452173824,598638592,114090264,95883264,18123768,2904,7449760,22132800,1264135,4040,4040,0,0,0,0,0,0,0,0,0.064,0.067,0.000,0,0,0,4040,4040,0,0
travel,19.314,463.5,456.218,456.218,fly,0.881,ok,2601,0,136,192.00,452173824,598638592,114090264,95883264,18123768,2904,11174640,15036768,1288210,4141,4141,0,0,7,0,0,0,0,0,0.064,0.075,0.000,0,0,0,4141,4141,0,0
travel,19.346,464.2,456.761,456.761,fly,0.871,ok,2601,0,0,192.00,452173824,598638592,114090264,95883264,18123768,2904,11174640,22132800,1320731,4141,4141,0,0,0,0,0,0,0,0,0.065,0.071,0.000,0,0,0,4141,4141,0,0
travel,19.377,465.0,457.284,457.284,fly,0.865,ok,2601,0,0,192.00,452173824,598638592,114090264,95883264,18123768,2904,11174640,22132800,1320731,4141,4141,0,0,0,0,0,0,0,0,0.067,0.072,0.000,0,0,0,4141,4141,0,0
travel,19.408,465.7,457.803,457.803,fly,1.067,ok,2601,0,0,192.00,452173824,598638592,114090264,95883264,18123768,2904,11174640,22132800,1320731,4141,4141,0,0,0,0,0,0,0,0,0.255,0.070,0.000,0,0,0,4141,4141,0,0
travel,19.438,466.4,458.318,458.318,fly,0.877,ok,2601,0,0,192.00,452173824,598638592,114090264,95883264,18123768,2904,11174640,22132800,1320731,4141,4141,0,0,0,0,0,0,0,0,0.067,0.073,0.000,0,0,0,4141,4141,0,0
travel,19.469,467.2,458.834,458.834,fly,0.885,ok,2601,0,0,192.00,452173824,598638592,114090264,95883264,18123768,2904,11174640,22132800,1320731,4141,4141,0,0,0,0,0,0,0,0,0.066,0.075,0.000,0,0,0,4141,4141,0,0
travel,19.499,467.9,459.351,459.351,fly,0.891,ok,2601,0,0,192.00,452173824,598638592,114090264,95883264,18123768,2904,7449760,22132800,1320731,4141,4141,0,0,0,0,0,0,0,0,0.066,0.077,0.000,0,0,0,4141,4141,0,0
travel,19.530,468.6,459.878,459.878,fly,0.871,ok,2601,0,0,192.00,452173824,598638592,114090264,95883264,18123768,2904,7449760,22132800,1320731,4141,4141,0,0,0,0,0,0,0,0,0.066,0.075,0.000,0,0,0,4141,4141,0,0
travel,19.561,469.4,460.401,460.401,fly,0.869,ok,2601,0,0,192.00,452173824,598638592,114090264,95883264,18123768,2904,7449760,22132800,1320731,4141,4141,0,0,0,0,0,0,0,0,0.066,0.071,0.000,0,0,0,4141,4141,0,0
travel,19.592,470.1,460.920,460.920,fly,1.021,ok,2601,0,0,192.00,452173824,598638592,114090264,95883264,18123768,2904,7449760,22132800,1320731,4141,4141,0,0,0,0,0,0,0,0,0.078,0.131,0.000,0,0,0,4141,4141,0,0
travel,19.623,470.9,461.446,461.446,fly,0.978,ok,2601,0,0,192.00,452173824,598638592,114090264,95883264,18123768,2904,7449760,22132800,1320731,4141,4141,0,0,0,0,0,0,0,0,0.072,0.109,0.000,0,0,0,4141,4141,0,0
travel,19.654,471.6,461.975,461.975,fly,0.866,ok,2601,0,0,192.00,452173824,598638592,114090264,95883264,18123768,2904,7449760,22132800,1320731,4141,4141,0,0,0,0,0,0,0,0,0.065,0.072,0.000,0,0,0,4141,4141,0,0
travel,19.684,472.3,462.485,462.485,fly,0.890,ok,2601,0,0,192.00,452173824,598638592,114090264,95883264,18123768,2904,7449760,22132800,1320731,4141,4141,0,0,0,0,0,0,0,0,0.066,0.077,0.000,0,0,0,4141,4141,0,0
travel,19.715,473.1,463.009,463.009,fly,0.904,ok,2601,0,0,192.00,452173824,598638592,114090264,95883264,18123768,2904,7449760,22132800,1320731,4141,4141,0,0,0,0,0,0,0,0,0.064,0.071,0.000,0,0,0,4141,4141,0,0
travel,19.745,473.8,463.526,463.526,fly,0.926,ok,2601,0,0,192.00,452173824,598638592,114090264,95883264,18123768,2904,7449760,22132800,1320731,4141,4141,0,0,0,0,0,0,0,0,0.065,0.082,0.000,0,0,0,4141,4141,0,0
travel,19.784,474.7,464.178,464.178,fly,3.860,ok,2583,18,130,192.00,452173824,598638592,113300712,95219712,17998344,2904,11174640,16289424,1346847,4224,4242,24,0,53,24,24,0,0,0,0.080,0.098,0.000,0,0,0,4224,4224,0,0
travel,19.823,475.7,464.837,464.837,fly,0.845,ok,2601,0,0,192.00,452706304,599166976,114090264,95883264,18123768,2904,11174640,22132800,1374283,4242,4242,0,0,0,0,0,0,0,0,0.065,0.066,0.000,0,0,0,4242,4242,0,0
travel,19.853,476.4,465.351,465.351,fly,0.873,ok,2601,0,0,192.00,452706304,599166976,114090264,95883264,18123768,2904,11174640,22132800,1374283,4242,4242,0,0,0,0,0,0,0,0,0.068,0.071,0.000,0,0,0,4242,4242,0,0
travel,19.884,477.1,465.872,465.872,fly,0.841,ok,2601,0,0,192.00,452706304,599166976,114090264,95883264,18123768,2904,11174640,22132800,1374283,4242,4242,0,0,0,0,0,0,0,0,0.065,0.066,0.000,0,0,0,4242,4242,0,0
travel,19.914,477.8,466.387,466.387,fly,0.886,ok,2601,0,0,192.00,452706304,599166976,114090264,95883264,18123768,2904,11174640,22132800,1374283,4242,4242,0,0,0,0,0,0,0,0,0.065,0.075,0.000,0,0,0,4242,4242,0,0
travel,19.945,478.6,466.907,466.907,fly,0.885,ok,2601,0,0,192.00,452706304,599166976,114090264,95883264,18123768,2904,7449760,22132800,1374283,4242,4242,0,0,0,0,0,0,0,0,0.064,0.071,0.000,0,0,0,4242,4242,0,0
travel,19.975,479.3,467.417,467.417,fly,0.861,ok,2601,0,0,192.00,452706304,599166976,114090264,95883264,18123768,2904,7449760,22132800,1374283,4242,4242,0,0,0,0,0,0,0,0,0.064,0.068,0.000,0,0,0,4242,4242,0,0
travel,20.008,480.1,467.985,467.985,fly,0.944,ok,2601,0,0,192.00,452706304,599166976,114090264,95883264,18123768,2904,7449760,22132800,1374283,4242,4242,0,0,0,0,0,0,0,0,0.067,0.120,0.000,0,0,0,4242,4242,0,0
travel,20.039,480.9,468.517,468.517,fly,0.953,ok,2601,0,0,192.00,452706304,599166976,114090264,95883264,18123768,2904,7449760,22132800,1374283,4242,4242,0,0,0,0,0,0,0,0,0.067,0.076,0.000,0,0,0,4242,4242,0,0
travel,20.070,481.6,469.031,469.031,fly,1.161,ok,2601,0,0,192.00,452706304,599166976,114090264,95883264,18123768,2904,7449760,22132800,1374283,4242,4242,0,0,0,0,0,0,0,0,0.274,0.115,0.000,0,0,0,4242,4242,0,0
travel,20.101,482.3,469.553,469.553,fly,0.864,ok,2601,0,0,192.00,452706304,599166976,114090264,95883264,18123768,2904,7449760,22132800,1374283,4242,4242,0,0,0,0,0,0,0,0,0.064,0.072,0.000,0,0,0,4242,4242,0,0
travel,20.131,483.1,470.073,470.073,fly,0.877,ok,2601,0,0,192.00,452706304,599166976,114090264,95883264,18123768,2904,7449760,22132800,1374283,4242,4242,0,0,0,0,0,0,0,0,0.065,0.071,0.000,0,0,0,4242,4242,0,0
travel,20.161,483.8,470.584,470.584,fly,0.975,ok,2601,0,0,192.00,452706304,599166976,114090264,95883264,18123768,2904,7449760,22132800,1374283,4242,4242,0,0,0,0,0,0,0,0,0.067,0.109,0.000,0,0,0,4242,4242,0,0
travel,20.192,484.5,471.101,471.101,fly,0.910,ok,2601,0,0,192.00,452706304,599166976,114090264,95883264,18123768,2904,7449760,22132800,1374283,4242,4242,0,0,0,0,0,0,0,0,0.065,0.080,0.000,0,0,0,4242,4242,0,0
travel,20.222,485.2,471.613,471.613,fly,0.876,ok,2601,0,0,192.00,452706304,599166976,114090264,95883264,18123768,2904,7449760,22132800,1374283,4242,4242,0,0,0,0,0,0,0,0,0.065,0.077,0.000,0,0,0,4242,4242,0,0
travel,20.261,486.2,472.277,472.277,fly,1.023,ok,2601,0,104,192.00,452833280,599166976,114090264,95883264,18123768,2904,11174640,16706400,1408382,4343,4343,0,0,11,0,0,0,0,0,0.068,0.158,0.000,0,0,0,4343,4343,0,0
travel,20.294,487.0,472.830,472.830,fly,0.905,ok,2601,0,0,192.00,452833280,599166976,114090264,95883264,18123768,2904,11174640,22132800,1430283,4343,4343,0,0,0,0,0,0,0,0,0.068,0.080,0.000,0,0,0,4343,4343,0,0
travel,20.324,487.7,473.348,473.348,fly,0.872,ok,2601,0,0,192.00,452833280,599166976,114090264,95883264,18123768,2904,11174640,22132800,1430283,4343,4343,0,0,0,0,0,0,0,0,0.066,0.066,0.000,0,0,0,4343,4343,0,0
travel,20.356,488.4,473.886,473.886,fly,0.871,ok,2601,0,0,192.00,452833280,599166976,114090264,95883264,18123768,2904,11174640,22132800,1430283,4343,4343,0,0,0,0,0,0,0,0,0.067,0.071,0.000,0,0,0,4343,4343,0,0
travel,20.387,489.2,474.412,474.412,fly,0.847,ok,2601,0,0,192.00,452833280,599166976,114090264,95883264,18123768,2904,11174640,22132800,1430283,4343,4343,0,0,0,0,0,0,0,0,0.067,0.068,0.000,0,0,0,4343,4343,0,0
travel,20.417,489.9,474.928,474.928,fly,0.899,ok,2601,0,0,192.00,452833280,599166976,114090264,95883264,18123768,2904,7449760,22132800,1430283,4343,4343,0,0,0,0,0,0,0,0,0.065,0.089,0.000,0,0,0,4343,4343,0,0
travel,20.448,490.7,475.449,475.449,fly,0.847,ok,2601,0,0,192.00,452833280,599166976,114090264,95883264,18123768,2904,7449760,22132800,1430283,4343,4343,0,0,0,0,0,0,0,0,0.066,0.068,0.000,0,0,0,4343,4343,0,0
travel,20.479,491.4,475.970,475.970,fly,0.913,ok,2601,0,0,192.00,452833280,599166976,114090264,95883264,18123768,2904,7449760,22132800,1430283,4343,4343,0,0,0,0,0,0,0,0,0.136,0.067,0.000,0,0,0,4343,4343,0,0
travel,20.509,492.1,476.489,476.489,fly,0.881,ok,2601,0,0,192.00,452833280,599166976,114090264,95883264,18123768,2904,7449760,22132800,1430283,4343,4343,0,0,0,0,0,0,0,0,0.067,0.071,0.000,0,0,0,4343,4343,0,0
travel,20.540,492.9,477.007,477.007,fly,0.922,ok,2601,0,0,192.00,452833280,599166976,114090264,95883264,18123768,2904,7449760,22132800,1430283,4343,4343,0,0,0,0,0,0,0,0,0.069,0.078,0.000,0,0,0,4343,4343,0,0
travel,20.571,493.6,477.524,477.524,fly,0.878,ok,2601,0,0,192.00,452833280,599166976,114090264,95883264,18123768,2904,7449760,22132800,1430283,4343,4343,0,0,0,0,0,0,0,0,0.069,0.071,0.000,0,0,0,4343,4343,0,0
travel,20.601,494.3,478.044,478.044,fly,0.868,ok,2601,0,0,192.00,452833280,599166976,114090264,95883264,18123768,2904,7449760,22132800,1430283,4343,4343,0,0,0,0,0,0,0,0,0.066,0.071,0.000,0,0,0,4343,4343,0,0
travel,20.632,495.1,478.563,478.563,fly,0.910,ok,2601,0,0,192.00,452833280,599166976,114090264,95883264,18123768,2904,7449760,22132800,1430283,4343,4343,0,0,0,0,0,0,0,0,0.068,0.086,0.000,0,0,0,4343,4343,0,0
travel,20.662,495.8,479.082,479.082,fly,0.898,ok,2601,0,0,192.00,452833280,599166976,114090264,95883264,18123768,2904,7449760,22132800,1430283,4343,4343,0,0,0,0,0,0,0,0,0.067,0.078,0.000,0,0,0,4343,4343,0,0
travel,20.693,496.5,479.598,479.598,fly,0.860,ok,2601,0,0,192.00,452833280,599166976,114090264,95883264,18123768,2904,7449760,22132800,1430283,4343,4343,0,0,0,0,0,0,0,0,0.063,0.069,0.000,0,0,0,4343,4343,0,0
travel,20.732,497.5,480.261,480.261,fly,0.943,ok,2601,0,135,192.00,452833280,599166976,114090264,95883264,18123768,2904,11174640,15088944,1454650,4444,4444,0,0,6,0,0,0,0,0,0.072,0.087,0.000,0,0,0,4444,4444,0,0
travel,20.762,498.2,480.778,480.778,fly,0.850,ok,2601,0,3,192.00,452833280,599166976,114090264,95883264,18123768,2904,11174640,21976200,1266836,4444,4444,0,0,7,0,0,0,0,0,0.068,0.067,0.000,0,0,0,4444,4444,0,0
travel,20.793,498.9,481.291,481.291,fly,0.887,ok,2601,0,0,192.00,452833280,599166976,114090264,95883264,18123768,2904,11174640,22132800,1266836,4444,4444,0,0,0,0,0,0,0,0,0.066,0.072,0.000,0,0,0,4444,4444,0,0
travel,20.823,499.7,481.808,481.808,fly,0.874,ok,2601,0,0,192.00,452833280,599166976,114090264,95883264,18123768,2904,11174640,22132800,1266836,4444,4444,0,0,0,0,0,0,0,0,0.066,0.071,0.000,0,0,0,4444,4444,0,0
travel,20.854,500.4,482.335,482.335,fly,0.876,ok,2601,0,0,192.00,452845568,599166976,114090264,95883264,18123768,2904,11174640,22132800,1266836,4444,4444,0,0,0,0,0,0,0,0,0.068,0.073,0.000,0,0,0,4444,4444,0,0
travel,20.884,501.1,482.847,482.847,fly,0.978,ok,2601,0,0,192.00,452845568,599166976,114090264,95883264,18123768,2904,7449760,22132800,1266836,4444,4444,0,0,0,0,0,0,0,0,0.076,0.106,0.000,0,0,0,4444,4444,0,0
travel,20.915,501.9,483.365,483.365,fly,0.878,ok,2601,0,0,192.00,452845568,599166976,114090264,95883264,18123768,2904,7449760,22132800,1266836,4444,4444,0,0,0,0,0,0,0,0,0.066,0.070,0.000,0,0,0,4444,4444,0,0
travel,20.946,502.6,483.887,483.887,fly,0.873,ok,2601,0,0,192.00,452845568,599166976,114090264,95883264,18123768,2904,7449760,22132800,1266836,4444,4444,0,0,0,0,0,0,0,0,0.067,0.072,0.000,0,0,0,4444,4444,0,0
travel,20.976,503.3,484.406,484.406,fly,0.871,ok,2601,0,0,192.00,452845568,599166976,114090264,95883264,18123768,2904,7449760,22132800,1266836,4444,4444,0,0,0,0,0,0,0,0,0.066,0.071,0.000,0,0,0,4444,4444,0,0
travel,21.007,504.1,484.920,484.920,fly,0.875,ok,2601,0,0,192.00,452845568,599166976,114090264,95883264,18123768,2904,7449760,22132800,1266836,4444,4444,0,0,0,0,0,0,0,0,0.067,0.073,0.000,0,0,0,4444,4444,0,0
travel,21.037,504.8,485.441,485.441,fly,0.946,ok,2601,0,0,192.00,452845568,599166976,114090264,95883264,18123768,2904,7449760,22132800,1266836,4444,4444,0,0,0,0,0,0,0,0,0.074,0.109,0.000,0,0,0,4444,4444,0,0
travel,21.069,505.5,485.973,485.973,fly,0.905,ok,2601,0,0,192.00,452845568,599166976,114090264,95883264,18123768,2904,7449760,22132800,1266836,4444,4444,0,0,0,0,0,0,0,0,0.068,0.080,0.000,0,0,0,4444,4444,0,0
travel,21.099,506.3,486.484,486.484,fly,0.881,ok,2601,0,0,192.00,452845568,599166976,114090264,95883264,18123768,2904,7449760,22132800,1266836,4444,4444,0,0,0,0,0,0,0,0,0.066,0.073,0.000,0,0,0,4444,4444,0,0
travel,21.130,507.0,487.013,487.013,fly,0.995,ok,2601,0,0,192.00,452845568,599166976,114090264,95883264,18123768,2904,7449760,22132800,1266836,4444,4444,0,0,0,0,0,0,0,0,0.070,0.080,0.000,0,0,0,4444,4444,0,0
travel,21.161,507.8,487.546,487.546,fly,0.865,ok,2601,0,0,192.00,452845568,599166976,114090264,95883264,18123768,2904,7449760,22132800,1266836,4444,4444,0,0,0,0,0,0,0,0,0.065,0.071,0.000,0,0,0,4444,4444,0,0
travel,21.201,508.7,488.211,488.211,fly,0.909,ok,2601,0,134,192.00,452845568,599166976,114090264,95883264,18123768,2904,11174640,15141120,1291787,4545,4545,0,0,24,0,0,0,0,0,0.069,0.075,0.000,0,0,0,4545,4545,0,0
travel,21.232,509.5,488.745,488.745,fly,0.875,ok,2601,0,0,192.00,452845568,599166976,114090264,95883264,18123768,2904,11174640,22132800,1319740,4545,4545,0,0,0,0,0,0,0,0,0.068,0.070,0.000,0,0,0,4545,4545,0,0
travel,21.262,510.2,489.258,489.258,fly,0.969,ok,2601,0,0,192.00,452845568,599166976,114090264,95883264,18123768,2904,11174640,22132800,1319740,4545,4545,0,0,0,0,0,0,0,0,0.070,0.144,0.000,0,0,0,4545,4545,0,0
travel,21.293,510.9,489.780,489.780,fly,0.877,ok,2601,0,0,192.00,452845568,599166976,114090264,95883264,18123768,2904,11174640,22132800,1319740,4545,4545,0,0,0,0,0,0,0,0,0.065,0.073,0.000,0,0,0,4545,4545,0,0
travel,21.324,511.7,490.306,490.306,fly,0.902,ok,2601,0,0,192.00,452845568,599166976,114090264,95883264,18123768,2904,11174640,22132800,1319740,4545,4545,0,0,0,0,0,0,0,0,0.068,0.074,0.000,0,0,0,4545,4545,0,0
travel,21.354,512.4,490.820,490.820,fly,0.881,ok,2601,0,0,192.00,452845568,599166976,114090264,95883264,18123768,2904,7449760,22132800,1319740,4545,4545,0,0,0,0,0,0,0,0,0.067,0.074,0.000,0,0,0,4545,4545,0,0
travel,21.386,513.2,491.361,491.361,fly,0.879,ok,2601,0,0,192.00,452845568,599166976,114090264,95883264,18123768,2904,7449760,22132800,1319740,4545,4545,0,0,0,0,0,0,0,0,0.068,0.072,0.000,0,0,0,4545,4545,0,0
travel,21.417,513.9,491.879,491.879,fly,0.882,ok,2601,0,0,192.00,452845568,599166976,114090264,95883264,18123768,2904,7449760,22132800,1319740,4545,4545,0,0,0,0,0,0,0,0,0.071,0.073,0.000,0,0,0,4545,4545,0,0
travel,21.447,514.6,492.393,492.393,fly,0.884,ok,2601,0,0,192.00,452845568,599166976,114090264,95883264,18123768,2904,7449760,22132800,1319740,4545,4545,0,0,0,0,0,0,0,0,0.067,0.074,0.000,0,0,0,4545,4545,0,0
travel,21.477,515.4,492.909,492.909,fly,0.878,ok,2601,0,0,192.00,452845568,599166976,114090264,95883264,18123768,2904,7449760,22132800,1319740,4545,4545,0,0,0,0,0,0,0,0,0.066,0.073,0.000,0,0,0,4545,4545,0,0
travel,21.508,516.1,493.423,493.423,fly,0.894,ok,2601,0,0,192.00,452845568,599166976,114090264,95883264,18123768,2904,7449760,22132800,1319740,4545,4545,0,0,0,0,0,0,0,0,0.065,0.077,0.000,0,0,0,4545,4545,0,0
travel,21.538,516.8,493.938,493.938,fly,0.997,ok,2601,0,0,192.00,452845568,599166976,114090264,95883264,18123768,2904,7449760,22132800,1319740,4545,4545,0,0,0,0,0,0,0,0,0.076,0.112,0.000,0,0,0,4545,4545,0,0
travel,21.569,517.5,494.463,494.463,fly,0.884,ok,2601,0,0,192.00,452845568,599166976,114090264,95883264,18123768,2904,7449760,22132800,1319740,4545,4545,0,0,0,0,0,0,0,0,0.068,0.074,0.000,0,0,0,4545,4545,0,0
travel,21.600,518.3,494.981,494.981,fly,0.843,ok,2601,0,0,192.00,452845568,599166976,114090264,95883264,18123768,2904,7449760,22132800,1319740,4545,4545,0,0,0,0,0,0,0,0,0.066,0.068,0.000,0,0,0,4545,4545,0,0
travel,21.630,519.0,495.495,495.495,fly,0.839,ok,2601,0,0,192.00,452845568,599166976,114090264,95883264,18123768,2904,7449760,22132800,1319740,4545,4545,0,0,0,0,0,0,0,0,0.066,0.064,0.000,0,0,0,4545,4545,0,0
travel,21.661,519.7,496.016,496.016,fly,5.252,ok,2536,65,93,192.00,452845568,599166976,111239104,93487104,17670848,2904,11174640,15401136,1326019,4581,4646,36,101,36,36,36,0,0,0,0.397,0.111,0.000,0,0,0,4581,4581,0,0
travel,21.700,520.7,496.685,496.685,fly,0.908,ok,2601,0,0,192.00,452845568,599166976,114090264,95883264,18123768,2904,11174640,22132800,1373304,4646,4646,0,0,0,0,0,0,0,0,0.068,0.076,0.000,0,0,0,4646,4646,0,0
travel,21.731,521.4,497.203,497.203,fly,0.905,ok,2601,0,0,192.00,452845568,599166976,114090264,95883264,18123768,2904,11174640,22132800,1373304,4646,4646,0,0,0,0,0,0,0,0,0.069,0.075,0.000,0,0,0,4646,4646,0,0
travel,21.761,522.2,497.718,497.718,fly,1.005,ok,2601,0,0,192.00,452845568,599166976,114090264,95883264,18123768,2904,11174640,22132800,1373304,4646,4646,0,0,0,0,0,0,0,0,0.181,0.077,0.000,0,0,0,4646,4646,0,0
travel,21.792,522.9,498.236,498.236,fly,0.886,ok,2601,0,0,192.00,452845568,599166976,114090264,95883264,18123768,2904,11174640,22132800,1373304,4646,4646,0,0,0,0,0,0,0,0,0.068,0.077,0.000,0,0,0,4646,4646,0,0
travel,21.822,523.6,498.759,498.759,fly,0.893,ok,2601,0,0,192.00,452845568,599166976,114090264,95883264,18123768,2904,7449760,22132800,1373304,4646,4646,0,0,0,0,0,0,0,0,0.068,0.074,0.000,0,0,0,4646,4646,0,0
travel,21.853,524.4,499.278,499.278,fly,0.924,ok,2601,0,0,192.00,452845568,599166976,114090264,95883264,18123768,2904,7449760,22132800,1373304,4646,4646,0,0,0,0,0,0,0,0,0.086,0.076,0.000,0,0,0,4646,4646,0,0
travel,21.884,525.1,499.799,499.799,fly,0.880,ok,2601,0,0,192.00,452845568,599166976,114090264,95883264,18123768,2904,7449760,22132800,1373304,4646,4646,0,0,0,0,0,0,0,0,0.069,0.072,0.000,0,0,0,4646,4646,0,0
travel,21.915,525.8,500.322,500.322,fly,0.878,ok,2601,0,0,192.00,452845568,599166976,114090264,95883264,18123768,2904,7449760,22132800,1373304,4646,4646,0,0,0,0,0,0,0,0,0.067,0.077,0.000,0,0,0,4646,4646,0,0
travel,21.945,526.6,500.838,500.838,fly,0.873,ok,2601,0,0,192.00,452845568,599166976,114090264,95883264,18123768,2904,7449760,22132800,1373304,4646,4646,0,0,0,0,0,0,0,0,0.066,0.071,0.000,0,0,0,4646,4646,0,0
travel,21.975,527.3,501.356,501.356,fly,0.959,ok,2601,0,0,192.00,452845568,599166976,114090264,95883264,18123768,2904,7449760,22132800,1373304,4646,4646,0,0,0,0,0,0,0,0,0.073,0.088,0.000,0,0,0,4646,4646,0,0
travel,22.007,528.0,501.887,501.887,fly,0.879,ok,2601,0,0,192.00,452845568,599166976,114090264,95883264,18123768,2904,7449760,22132800,1373304,4646,4646,0,0,0,0,0,0,0,0,0.070,0.069,0.000,0,0,0,4646,4646,0,0
travel,22.038,528.8,502.416,502.416,fly,0.896,ok,2601,0,0,192.00,452845568,599166976,114090264,95883264,18123768,2904,7449760,22132800,1373304,4646,4646,0,0,0,0,0,0,0,0,0.067,0.075,0.000,0,0,0,4646,4646,0,0
travel,22.068,529.5,502.930,502.930,fly,0.984,ok,2601,0,0,192.00,452845568,599166976,114090264,95883264,18123768,2904,7449760,22132800,1373304,4646,4646,0,0,0,0,0,0,0,0,0.076,0.124,0.000,0,0,0,4646,4646,0,0
travel,22.099,530.3,503.456,503.456,fly,0.869,ok,2601,0,0,192.00,452845568,599166976,114090264,95883264,18123768,2904,7449760,22132800,1373304,4646,4646,0,0,0,0,0,0,0,0,0.066,0.073,0.000,0,0,0,4646,4646,0,0
travel,22.130,531.0,503.977,503.977,fly,0.883,ok,2601,0,0,192.00,452845568,599166976,114090264,95883264,18123768,2904,7449760,22132800,1373304,4646,4646,0,0,0,0,0,0,0,0,0.067,0.075,0.000,0,0,0,4646,4646,0,0
travel,22.170,532.0,504.650,504.650,fly,0.954,ok,2601,0,0,192.00,452845568,599166976,114090264,95883264,18123768,2904,11174640,22132800,1427288,4747,4747,0,0,5,0,0,0,0,0,0.075,0.110,0.000,0,0,0,4747,4747,0,0
travel,22.201,532.7,505.176,505.176,fly,0.881,ok,2601,0,0,192.00,452845568,599166976,114090264,95883264,18123768,2904,11174640,22132800,1427288,4747,4747,0,0,0,0,0,0,0,0,0.067,0.070,0.000,0,0,0,4747,4747,0,0
travel,22.231,533.4,505.689,505.689,fly,1.027,ok,2601,0,0,192.00,452845568,599166976,114090264,95883264,18123768,2904,11174640,22132800,1427288,4747,4747,0,0,0,0,0,0,0,0,0.076,0.111,0.000,0,0,0,4747,4747,0,0
travel,22.262,534.2,506.209,506.209,fly,0.899,ok,2601,0,0,192.00,452845568,599166976,114090264,95883264,18123768,2904,11174640,22132800,1427288,4747,4747,0,0,0,0,0,0,0,0,0.068,0.077,0.000,0,0,0,4747,4747,0,0
travel,22.293,534.9,506.737,506.737,fly,0.882,ok,2601,0,0,192.00,452845568,599166976,114090264,95883264,18123768,2904,7449760,22132800,1427288,4747,4747,0,0,0,0,0,0,0,0,0.067,0.075,0.000,0,0,0,4747,4747,0,0
travel,22.323,535.6,507.254,507.254,fly,1.010,ok,2601,0,0,192.00,452845568,599166976,114090264,95883264,18123768,2904,7449760,22132800,1427288,4747,4747,0,0,0,0,0,0,0,0,0.168,0.073,0.000,0,0,0,4747,4747,0,0
travel,22.354,536.4,507.773,507.773,fly,0.890,ok,2601,0,0,192.00,452845568,599166976,114090264,95883264,18123768,2904,7449760,22132800,1427288,4747,4747,0,0,0,0,0,0,0,0,0.068,0.075,0.000,0,0,0,4747,4747,0,0
travel,22.384,537.1,508.289,508.289,fly,0.946,ok,2601,0,0,192.00,452845568,599166976,114090264,95883264,18123768,2904,7449760,22132800,1427288,4747,4747,0,0,0,0,0,0,0,0,0.070,0.086,0.000,0,0,0,4747,4747,0,0
travel,22.415,537.8,508.804,508.804,fly,0.921,ok,2601,0,0,192.00,452845568,599166976,114090264,95883264,18123768,2904,7449760,22132800,1427288,4747,4747,0,0,0,0,0,0,0,0,0.068,0.078,0.000,0,0,0,4747,4747,0,0
travel,22.445,538.6,509.322,509.322,fly,0.880,ok,2601,0,0,192.00,452845568,599166976,114090264,95883264,18123768,2904,7449760,22132800,1427288,4747,4747,0,0,0,0,0,0,0,0,0.067,0.078,0.000,0,0,0,4747,4747,0,0
travel,22.476,539.3,509.845,509.845,fly,0.850,ok,2601,0,0,192.00,452845568,599166976,114090264,95883264,18123768,2904,7449760,22132800,1427288,4747,4747,0,0,0,0,0,0,0,0,0.065,0.067,0.000,0,0,0,4747,4747,0,0
travel,22.506,540.0,510.358,510.358,fly,1.014,ok,2601,0,0,192.00,452845568,599166976,114090264,95883264,18123768,2904,7449760,22132800,1427288,4747,4747,0,0,0,0,0,0,0,0,0.074,0.106,0.000,0,0,0,4747,4747,0,0
travel,22.537,540.8,510.881,510.881,fly,0.877,ok,2601,0,0,192.00,452845568,599166976,114090264,95883264,18123768,2904,7449760,22132800,1427288,4747,4747,0,0,0,0,0,0,0,0,0.066,0.073,0.000,0,0,0,4747,4747,0,0
travel,22.568,541.5,511.400,511.400,fly,0.879,ok,2601,0,0,192.00,452845568,599166976,114090264,95883264,18123768,2904,7449760,22132800,1427288,4747,4747,0,0,0,0,0,0,0,0,0.063,0.073,0.000,0,0,0,4747,4747,0,0
travel,22.598,542.2,511.913,511.913,fly,0.966,ok,2601,0,0,192.00,452845568,599166976,114090264,95883264,18123768,2904,7449760,22132800,1427288,4747,4747,0,0,0,0,0,0,0,0,0.135,0.072,0.000,0,0,0,4747,4747,0,0
travel,22.639,543.2,512.614,512.614,fly,0.883,ok,2601,0,33,192.00,452845568,599166976,114090264,95883264,18123768,2904,11174640,20463072,1252841,4848,4848,0,0,6,0,0,0,0,0,0.066,0.073,0.000,0,0,0,4848,4848,0,0
travel,22.670,544.0,513.145,513.145,fly,0.899,ok,2601,0,0,192.00,452845568,599166976,114090264,95883264,18123768,2904,11174640,22132800,1259292,4848,4848,0,0,0,0,0,0,0,0,0.081,0.071,0.000,0,0,0,4848,4848,0,0
travel,22.701,544.7,513.663,513.663,fly,0.877,ok,2601,0,0,192.00,452845568,599166976,114090264,95883264,18123768,2904,11174640,22132800,1259292,4848,4848,0,0,0,0,0,0,0,0,0.067,0.070,0.000,0,0,0,4848,4848,0,0
travel,22.731,545.4,514.173,514.173,fly,0.883,ok,2601,0,0,192.00,452845568,599166976,114090264,95883264,18123768,2904,11174640,22132800,1259292,4848,4848,0,0,0,0,0,0,0,0,0.067,0.072,0.000,0,0,0,4848,4848,0,0
travel,22.762,546.2,514.696,514.696,fly,0.917,ok,2601,0,0,192.00,452845568,599166976,114090264,95883264,18123768,2904,7449760,22132800,1259292,4848,4848,0,0,0,0,0,0,0,0,0.067,0.078,0.000,0,0,0,4848,4848,0,0
travel,22.792,546.9,515.212,515.212,fly,0.845,ok,2601,0,0,192.00,452845568,599166976,114090264,95883264,18123768,2904,7449760,22132800,1259292,4848,4848,0,0,0,0,0,0,0,0,0.066,0.067,0.000,0,0,0,4848,4848,0,0
travel,22.823,547.6,515.739,515.739,fly,0.853,ok,2601,0,0,192.00,452845568,599166976,114090264,95883264,18123768,2904,7449760,22132800,1259292,4848,4848,0,0,0,0,0,0,0,0,0.066,0.069,0.000,0,0,0,4848,4848,0,0
travel,22.855,548.4,516.270,516.270,fly,0.903,ok,2601,0,0,192.00,452845568,599166976,114090264,95883264,18123768,2904,7449760,22132800,1259292,4848,4848,0,0,0,0,0,0,0,0,0.068,0.077,0.000,0,0,0,4848,4848,0,0
travel,22.885,549.1,516.789,516.789,fly,0.981,ok,2601,0,0,192.00,452845568,599166976,114090264,95883264,18123768,2904,7449760,22132800,1259292,4848,4848,0,0,0,0,0,0,0,0,0.069,0.089,0.000,0,0,0,4848,4848,0,0
travel,22.916,549.9,517.316,517.316,fly,0.871,ok,2601,0,0,192.00,452845568,599166976,114090264,95883264,18123768,2904,7449760,22132800,1259292,4848,4848,0,0,0,0,0,0,0,0,0.066,0.074,0.000,0,0,0,4848,4848,0,0
travel,22.947,550.6,517.836,517.836,fly,0.877,ok,2601,0,0,192.00,452845568,599166976,114090264,95883264,18123768,2904,7449760,22132800,1259292,4848,4848,0,0,0,0,0,0,0,0,0.069,0.070,0.000,0,0,0,4848,4848,0,0
travel,22.978,551.3,518.362,518.362,fly,0.857,ok,2601,0,0,192.00,452845568,599166976,114090264,95883264,18123768,2904,7449760,22132800,1259292,4848,4848,0,0,0,0,0,0,0,0,0.067,0.070,0.000,0,0,0,4848,4848,0,0
travel,23.008,552.1,518.877,518.877,fly,0.900,ok,2601,0,0,192.00,452845568,599166976,114090264,95883264,18123768,2904,7449760,22132800,1259292,4848,4848,0,0,0,0,0,0,0,0,0.066,0.075,0.000,0,0,0,4848,4848,0,0
travel,23.039,552.8,519.394,519.394,fly,1.280,ok,2601,0,0,192.00,452845568,599166976,114090264,95883264,18123768,2904,7449760,22132800,1259292,4848,4848,0,0,0,0,0,0,0,0,0.069,0.142,0.000,0,0,0,4848,4848,0,0
travel,23.070,553.5,519.917,519.917,fly,0.851,ok,2601,0,0,192.00,452845568,599166976,114090264,95883264,18123768,2904,7449760,22132800,1259292,4848,4848,0,0,0,0,0,0,0,0,0.064,0.068,0.000,0,0,0,4848,4848,0,0
travel,23.108,554.5,520.567,520.567,fly,1.218,ok,2601,0,27,192.00,452845568,599166976,114090264,95883264,18123768,2904,11174640,20723952,1311632,4949,4949,0,0,5,0,0,0,0,0,0.078,0.237,0.000,0,0,0,4949,4949,0,0
travel,23.140,555.2,521.105,521.105,fly,0.912,ok,2601,0,0,192.00,452845568,599166976,114090264,95883264,18123768,2904,11174640,22132800,1317500,4949,4949,0,0,0,0,0,0,0,0,0.068,0.077,0.000,0,0,0,4949,4949,0,0
travel,23.170,556.0,521.625,521.625,fly,0.859,ok,2601,0,0,192.00,452845568,599166976,114090264,95883264,18123768,2904,11174640,22132800,1317500,4949,4949,0,0,0,0,0,0,0,0,0.068,0.067,0.000,0,0,0,4949,4949,0,0
travel,23.201,556.7,522.142,522.142,fly,0.846,ok,2601,0,0,192.00,452845568,599166976,114090264,95883264,18123768,2904,11174640,22132800,1317500,4949,4949,0,0,0,0,0,0,0,0,0.066,0.063,0.000,0,0,0,4949,4949,0,0
travel,23.231,557.4,522.655,522.655,fly,0.965,ok,2601,0,0,192.00,452845568,599166976,114090264,95883264,18123768,2904,7449760,22132800,1317500,4949,4949,0,0,0,0,0,0,0,0,0.076,0.116,0.000,0,0,0,4949,4949,0,0
travel,23.261,558.1,523.165,523.165,fly,0.860,ok,2601,0,0,192.00,452845568,599166976,114090264,95883264,18123768,2904,7449760,22132800,1317500,4949,4949,0,0,0,0,0,0,0,0,0.067,0.070,0.000,0,0,0,4949,4949,0,0
travel,23.292,558.9,523.680,523.680,fly,0.849,ok,2601,0,0,192.00,452845568,599166976,114090264,95883264,18123768,2904,7449760,22132800,1317500,4949,4949,0,0,0,0,0,0,0,0,0.068,0.065,0.000,0,0,0,4949,4949,0,0
travel,23.322,559.6,524.192,524.192,fly,0.862,ok,2601,0,0,192.00,452845568,599166976,114090264,95883264,18123768,2904,7449760,22132800,1317500,4949,4949,0,0,0,0,0,0,0,0,0.063,0.073,0.000,0,0,0,4949,4949,0,0
travel,23.353,560.3,524.718,524.718,fly,1.034,ok,2601,0,0,192.00,452845568,599166976,114090264,95883264,18123768,2904,7449760,22132800,1317500,4949,4949,0,0,0,0,0,0,0,0,0.145,0.103,0.000,0,0,0,4949,4949,0,0
travel,23.384,561.1,525.241,525.241,fly,0.877,ok,2601,0,0,192.00,452845568,599166976,114090264,95883264,18123768,2904,7449760,22132800,1317500,4949,4949,0,0,0,0,0,0,0,0,0.065,0.074,0.000,0,0,0,4949,4949,0,0
travel,23.415,561.8,525.768,525.768,fly,0.876,ok,2601,0,0,192.00,452845568,599166976,114090264,95883264,18123768,2904,7449760,22132800,1317500,4949,4949,0,0,0,0,0,0,0,0,0.065,0.071,0.000,0,0,0,4949,4949,0,0
travel,23.445,562.6,526.289,526.289,fly,1.143,ok,2601,0,0,192.00,452845568,599166976,114090264,95883264,18123768,2904,7449760,22132800,1317500,4949,4949,0,0,0,0,0,0,0,0,0.308,0.079,0.000,0,0,0,4949,4949,0,0
travel,23.476,563.3,526.801,526.801,fly,0.868,ok,2601,0,0,192.00,452845568,599166976,114090264,95883264,18123768,2904,7449760,22132800,1317500,4949,4949,0,0,0,0,0,0,0,0,0.064,0.071,0.000,0,0,0,4949,4949,0,0
travel,23.506,564.0,527.320,527.320,fly,0.874,ok,2601,0,0,192.00,452845568,599166976,114090264,95883264,18123768,2904,7449760,22132800,1317500,4949,4949,0,0,0,0,0,0,0,0,0.066,0.072,0.000,0,0,0,4949,4949,0,0
travel,23.537,564.8,527.839,527.839,fly,0.915,ok,2601,0,0,192.00,452845568,599166976,114090264,95883264,18123768,2904,7449760,22132800,1317500,4949,4949,0,0,0,0,0,0,0,0,0.067,0.079,0.000,0,0,0,4949,4949,0,0
travel,23.578,565.7,528.536,528.536,fly,0.962,ok,2601,0,41,192.00,452845568,599166976,114090264,95883264,18123768,2904,11174640,19993488,1364440,5050,5050,0,0,2,0,0,0,0,0,0.068,0.136,0.000,0,0,0,5050,5050,0,0
travel,23.608,566.5,529.055,529.055,fly,1.983,ok,2601,0,0,192.00,452845568,599166976,114090264,95883264,18123768,2904,11174640,22132800,1373012,5050,5050,0,0,0,0,0,0,0,0,1.073,0.140,0.000,0,0,0,5050,5050,0,0
travel,23.640,567.2,529.596,529.596,fly,0.876,ok,2601,0,0,192.00,452845568,599166976,114090264,95883264,18123768,2904,11174640,22132800,1373012,5050,5050,0,0,0,0,0,0,0,0,0.066,0.075,0.000,0,0,0,5050,5050,0,0
travel,23.671,568.0,530.120,530.120,fly,0.874,ok,2601,0,0,192.00,452845568,599166976,114090264,95883264,18123768,2904,11174640,22132800,1373012,5050,5050,0,0,0,0,0,0,0,0,0.066,0.070,0.000,0,0,0,5050,5050,0,0
travel,23.702,568.7,530.650,530.650,fly,0.874,ok,2601,0,0,192.00,452845568,599166976,114090264,95883264,18123768,2904,11174640,22132800,1373012,5050,5050,0,0,0,0,0,0,0,0,0.066,0.068,0.000,0,0,0,5050,5050,0,0
travel,23.732,569.4,531.160,531.160,fly,0.876,ok,2601,0,0,192.00,452845568,599166976,114090264,95883264,18123768,2904,7449760,22132800,1373012,5050,5050,0,0,0,0,0,0,0,0,0.069,0.069,0.000,0,0,0,5050,5050,0,0
travel,23.764,570.2,531.689,531.689,fly,0.989,ok,2601,0,0,192.00,452845568,599166976,114090264,95883264,18123768,2904,7449760,22132800,1373012,5050,5050,0,0,0,0,0,0,0,0,0.076,0.109,0.000,0,0,0,5050,5050,0,0
travel,23.794,570.9,532.212,532.212,fly,0.910,ok,2601,0,0,192.00,452845568,599166976,114090264,95883264,18123768,2904,7449760,22132800,1373012,5050,5050,0,0,0,0,0,0,0,0,0.070,0.078,0.000,0,0,0,5050,5050,0,0
travel,23.825,571.7,532.725,532.725,fly,0.872,ok,2601,0,0,192.00,452845568,599166976,114090264,95883264,18123768,2904,7449760,22132800,1373012,5050,5050,0,0,0,0,0,0,0,0,0.067,0.071,0.000,0,0,0,5050,5050,0,0
travel,23.856,572.4,533.247,533.247,fly,0.875,ok,2601,0,0,192.00,452845568,599166976,114090264,95883264,18123768,2904,7449760,22132800,1373012,5050,5050,0,0,0,0,0,0,0,0,0.067,0.072,0.000,0,0,0,5050,5050,0,0
travel,23.886,573.1,533.762,533.762,fly,0.883,ok,2601,0,0,192.00,452845568,599166976,114090264,95883264,18123768,2904,7449760,22132800,1373012,5050,5050,0,0,0,0,0,0,0,0,0.069,0.075,0.000,0,0,0,5050,5050,0,0
travel,23.916,573.9,534.275,534.275,fly,0.859,ok,2601,0,0,192.00,452845568,599166976,114090264,95883264,18123768,2904,7449760,22132800,1373012,5050,5050,0,0,0,0,0,0,0,0,0.068,0.067,0.000,0,0,0,5050,5050,0,0
travel,23.947,574.6,534.801,534.801,fly,0.869,ok,2601,0,0,192.00,452845568,599166976,114090264,95883264,18123768,2904,7449760,22132800,1373012,5050,5050,0,0,0,0,0,0,0,0,0.066,0.070,0.000,0,0,0,5050,5050,0,0
travel,23.978,575.3,535.323,535.323,fly,0.874,ok,2601,0,0,192.00,452845568,599166976,114090264,95883264,18123768,2904,7449760,22132800,1373012,5050,5050,0,0,0,0,0,0,0,0,0.066,0.075,0.000,0,0,0,5050,5050,0,0
travel,24.009,576.1,535.853,535.853,fly,0.849,ok,2601,0,0,192.00,452845568,599166976,114090264,95883264,18123768,2904,7449760,22132800,1373012,5050,5050,0,0,0,0,0,0,0,0,0.064,0.068,0.000,0,0,0,5050,5050,0,0
travel,24.048,577.0,536.509,536.509,fly,1.151,ok,2601,0,42,192.00,452845568,599166976,114090264,95883264,18123768,2904,11174640,19941312,1419276,5151,5151,0,0,1,0,0,0,0,0,0.183,0.105,0.000,0,0,0,5151,5151,0,0
travel,24.078,577.7,537.027,537.027,fly,0.878,ok,2601,0,0,192.00,452845568,599166976,114090264,95883264,18123768,2904,11174640,22132800,1426688,5151,5151,0,0,0,0,0,0,0,0,0.071,0.070,0.000,0,0,0,5151,5151,0,0
travel,24.109,578.5,537.543,537.543,fly,0.874,ok,2601,0,0,192.00,452845568,599166976,114090264,95883264,18123768,2904,11174640,22132800,1426688,5151,5151,0,0,0,0,0,0,0,0,0.067,0.069,0.000,0,0,0,5151,5151,0,0
travel,24.140,579.2,538.074,538.074,fly,0.954,ok,2601,0,0,192.00,452845568,599166976,114090264,95883264,18123768,2904,11174640,22132800,1426688,5151,5151,0,0,0,0,0,0,0,0,0.071,0.079,0.000,0,0,0,5151,5151,0,0
travel,24.170,580.0,538.589,538.589,fly,0.882,ok,2601,0,0,192.00,452845568,599166976,114090264,95883264,18123768,2904,7449760,22132800,1426688,5151,5151,0,0,0,0,0,0,0,0,0.066,0.075,0.000,0,0,0,5151,5151,0,0
travel,24.201,580.7,539.115,539.115,fly,0.869,ok,2601,0,0,192.00,452845568,599166976,114090264,95883264,18123768,2904,7449760,22132800,1426688,5151,5151,0,0,0,0,0,0,0,0,0.067,0.069,0.000,0,0,0,5151,5151,0,0
travel,24.232,581.4,539.630,539.630,fly,0.891,ok,2601,0,0,192.00,452845568,599166976,114090264,95883264,18123768,2904,7449760,22132800,1426688,5151,5151,0,0,0,0,0,0,0,0,0.067,0.103,0.000,0,0,0,5151,5151,0,0
travel,24.262,582.2,540.146,540.146,fly,0.889,ok,2601,0,0,192.00,452845568,599166976,114090264,95883264,18123768,2904,7449760,22132800,1426688,5151,5151,0,0,0,0,0,0,0,0,0.066,0.073,0.000,0,0,0,5151,5151,0,0
travel,24.293,582.9,540.666,540.666,fly,0.985,ok,2601,0,0,192.00,452845568,599166976,114090264,95883264,18123768,2904,7449760,22132800,1426688,5151,5151,0,0,0,0,0,0,0,0,0.076,0.116,0.000,0,0,0,5151,5151,0,0
travel,24.324,583.6,541.193,541.193,fly,0.886,ok,2601,0,0,192.00,452845568,599166976,114090264,95883264,18123768,2904,7449760,22132800,1426688,5151,5151,0,0,0,0,0,0,0,0,0.066,0.076,0.000,0,0,0,5151,5151,0,0
travel,24.354,584.4,541.707,541.707,fly,0.872,ok,2601,0,0,192.00,452845568,599166976,114090264,95883264,18123768,2904,7449760,22132800,1426688,5151,5151,0,0,0,0,0,0,0,0,0.066,0.073,0.000,0,0,0,5151,5151,0,0
travel,24.385,585.1,542.226,542.226,fly,0.854,ok,2601,0,0,192.00,452845568,599166976,114090264,95883264,18123768,2904,7449760,22132800,1426688,5151,5151,0,0,0,0,0,0,0,0,0.068,0.068,0.000,0,0,0,5151,5151,0,0
travel,24.415,585.8,542.745,542.745,fly,0.925,ok,2601,0,0,192.00,452845568,599166976,114090264,95883264,18123768,2904,7449760,22132800,1426688,5151,5151,0,0,0,0,0,0,0,0,0.066,0.077,0.000,0,0,0,5151,5151,0,0
travel,24.446,586.6,543.266,543.266,fly,0.900,ok,2601,0,0,192.00,452845568,599166976,114090264,95883264,18123768,2904,7449760,22132800,1426688,5151,5151,0,0,0,0,0,0,0,0,0.066,0.075,0.000,0,0,0,5151,5151,0,0
travel,24.477,587.3,543.794,543.794,fly,0.873,ok,2601,0,0,192.00,452845568,599166976,114090264,95883264,18123768,2904,7449760,22132800,1426688,5151,5151,0,0,0,0,0,0,0,0,0.064,0.072,0.000,0,0,0,5151,5151,0,0
travel,24.519,588.3,544.503,544.503,fly,1.319,ok,2601,0,55,192.00,452845568,599166976,114090264,95883264,18123768,2904,11174640,19263024,1251854,5252,5252,0,0,8,0,0,0,0,0,0.149,0.118,0.000,0,0,0,5252,5252,0,0
travel,24.550,589.1,545.032,545.032,fly,0.897,ok,2601,0,0,192.00,452845568,599166976,114090264,95883264,18123768,2904,11174640,22132800,1262238,5252,5252,0,0,0,0,0,0,0,0,0.067,0.085,0.000,0,0,0,5252,5252,0,0
travel,24.581,589.8,545.551,545.551,fly,0.897,ok,2601,0,0,192.00,452845568,599166976,114090264,95883264,18123768,2904,11174640,22132800,1262238,5252,5252,0,0,0,0,0,0,0,0,0.068,0.082,0.000,0,0,0,5252,5252,0,0
travel,24.611,590.5,546.063,546.063,fly,0.873,ok,2601,0,0,192.00,452845568,599166976,114090264,95883264,18123768,2904,11174640,22132800,1262238,5252,5252,0,0,0,0,0,0,0,0,0.066,0.070,0.000,0,0,0,5252,5252,0,0
travel,24.641,591.3,546.578,546.578,fly,0.864,ok,2601,0,0,192.00,452845568,599166976,114090264,95883264,18123768,2904,7449760,22132800,1262238,5252,5252,0,0,0,0,0,0,0,0,0.065,0.068,0.000,0,0,0,5252,5252,0,0
travel,24.671,592.0,547.088,547.088,fly,0.925,ok,2601,0,0,192.00,452845568,599166976,114090264,95883264,18123768,2904,7449760,22132800,1262238,5252,5252,0,0,0,0,0,0,0,0,0.070,0.082,0.000,0,0,0,5252,5252,0,0
travel,24.702,592.7,547.604,547.604,fly,0.893,ok,2601,0,0,192.00,452845568,599166976,114090264,95883264,18123768,2904,7449760,22132800,1262238,5252,5252,0,0,0,0,0,0,0,0,0.067,0.076,0.000,0,0,0,5252,5252,0,0
travel,24.733,593.4,548.129,548.129,fly,0.857,ok,2601,0,0,192.00,452845568,599166976,114090264,95883264,18123768,2904,7449760,22132800,1262238,5252,5252,0,0,0,0,0,0,0,0,0.066,0.066,0.000,0,0,0,5252,5252,0,0
travel,24.764,594.2,548.656,548.656,fly,0.903,ok,2601,0,0,192.00,452845568,599166976,114090264,95883264,18123768,2904,7449760,22132800,1262238,5252,5252,0,0,0,0,0,0,0,0,0.067,0.127,0.000,0,0,0,5252,5252,0,0
travel,24.794,594.9,549.166,549.166,fly,1.035,ok,2601,0,0,192.00,452845568,599166976,114090264,95883264,18123768,2904,7449760,22132800,1262238,5252,5252,0,0,0,0,0,0,0,0,0.066,0.247,0.000,0,0,0,5252,5252,0,0
travel,24.825,595.6,549.686,549.686,fly,0.880,ok,2601,0,0,192.00,452845568,599166976,114090264,95883264,18123768,2904,7449760,22132800,1262238,5252,5252,0,0,0,0,0,0,0,0,0.069,0.075,0.000,0,0,0,5252,5252,0,0
travel,24.856,596.4,550.217,550.217,fly,0.872,ok,2601,0,0,192.00,452845568,599166976,114090264,95883264,18123768,2904,7449760,22132800,1262238,5252,5252,0,0,0,0,0,0,0,0,0.068,0.072,0.000,0,0,0,5252,5252,0,0
travel,24.886,597.1,550.732,550.732,fly,0.846,ok,2601,0,0,192.00,452845568,599166976,114090264,95883264,18123768,2904,7449760,22132800,1262238,5252,5252,0,0,0,0,0,0,0,0,0.065,0.073,0.000,0,0,0,5252,5252,0,0
travel,24.917,597.9,551.257,551.257,fly,0.840,ok,2601,0,0,192.00,452845568,599166976,114090264,95883264,18123768,2904,7449760,22132800,1262238,5252,5252,0,0,0,0,0,0,0,0,0.065,0.065,0.000,0,0,0,5252,5252,0,0
travel,24.948,598.6,551.779,551.779,fly,0.858,ok,2601,0,0,192.00,452845568,599166976,114090264,95883264,18123768,2904,7449760,22132800,1262238,5252,5252,0,0,0,0,0,0,0,0,0.066,0.073,0.000,0,0,0,5252,5252,0,0
travel,24.988,599.6,552.456,552.456,fly,0.939,ok,2601,0,49,192.00,452849664,599166976,114090264,95883264,18123768,2904,11174640,19576080,1307627,5353,5353,0,0,7,0,0,0,0,0,0.071,0.080,0.000,0,0,0,5353,5353,0,0
travel,25.018,600.3,552.972,552.972,fly,1.343,ok,2601,0,0,192.00,452849664,599166976,114090264,95883264,18123768,2904,11174640,22132800,1317518,5353,5353,0,0,0,0,0,0,0,0,0.500,0.076,0.000,0,0,0,5353,5353,0,0
travel,25.050,601.0,553.503,553.503,fly,0.880,ok,2601,0,0,192.00,452849664,599166976,114090264,95883264,18123768,2904,11174640,22132800,1317518,5353,5353,0,0,0,0,0,0,0,0,0.070,0.073,0.000,0,0,0,5353,5353,0,0
travel,25.081,601.8,554.031,554.031,fly,0.870,ok,2601,0,0,192.00,452849664,599166976,114090264,95883264,18123768,2904,11174640,22132800,1317518,5353,5353,0,0,0,0,0,0,0,0,0.068,0.070,0.000,0,0,0,5353,5353,0,0
travel,25.112,602.5,554.557,554.557,fly,0.868,ok,2601,0,0,192.00,452849664,599166976,114090264,95883264,18123768,2904,7449760,22132800,1317518,5353,5353,0,0,0,0,0,0,0,0,0.067,0.070,0.000,0,0,0,5353,5353,0,0
travel,25.142,603.3,555.068,555.068,fly,0.949,ok,2601,0,0,192.00,452849664,599166976,114090264,95883264,18123768,2904,7449760,22132800,1317518,5353,5353,0,0,0,0,0,0,0,0,0.069,0.075,0.000,0,0,0,5353,5353,0,0
travel,25.173,604.0,555.588,555.588,fly,0.846,ok,2601,0,0,192.00,452849664,599166976,114090264,95883264,18123768,2904,7449760,22132800,1317518,5353,5353,0,0,0,0,0,0,0,0,0.066,0.069,0.000,0,0,0,5353,5353,0,0
travel,25.203,604.7,556.097,556.097,fly,1.104,ok,2601,0,0,192.00,452849664,599166976,114090264,95883264,18123768,2904,7449760,22132800,1317518,5353,5353,0,0,0,0,0,0,0,0,0.227,0.112,0.000,0,0,0,5353,5353,0,0
travel,25.233,605.4,556.610,556.610,fly,0.958,ok,2601,0,0,192.00,452849664,599166976,114090264,95883264,18123768,2904,7449760,22132800,1317518,5353,5353,0,0,0,0,0,0,0,0,0.078,0.114,0.000,0,0,0,5353,5353,0,0
travel,25.263,606.2,557.127,557.127,fly,0.863,ok,2601,0,0,192.00,452849664,599166976,114090264,95883264,18123768,2904,7449760,22132800,1317518,5353,5353,0,0,0,0,0,0,0,0,0.066,0.070,0.000,0,0,0,5353,5353,0,0
travel,25.294,606.9,557.646,557.646,fly,0.870,ok,2601,0,0,192.00,452849664,599166976,114090264,95883264,18123768,2904,7449760,22132800,1317518,5353,5353,0,0,0,0,0,0,0,0,0.064,0.081,0.000,0,0,0,5353,5353,0,0
travel,25.324,607.6,558.158,558.158,fly,0.872,ok,2601,0,0,192.00,452849664,599166976,114090264,95883264,18123768,2904,7449760,22132800,1317518,5353,5353,0,0,0,0,0,0,0,0,0.066,0.073,0.000,0,0,0,5353,5353,0,0
travel,25.355,608.4,558.690,558.690,fly,0.896,ok,2601,0,0,192.00,452849664,599166976,114090264,95883264,18123768,2904,7449760,22132800,1317518,5353,5353,0,0,0,0,0,0,0,0,0.067,0.077,0.000,0,0,0,5353,5353,0,0
travel,25.386,609.1,559.201,559.201,fly,0.871,ok,2601,0,0,192.00,452849664,599166976,114090264,95883264,18123768,2904,7449760,22132800,1317518,5353,5353,0,0,0,0,0,0,0,0,0.064,0.070,0.000,0,0,0,5353,5353,0,0
travel,25.416,609.8,559.722,559.722,fly,0.876,ok,2601,0,0,192.00,452849664,599166976,114090264,95883264,18123768,2904,7449760,22132800,1317518,5353,5353,0,0,0,0,0,0,0,0,0.066,0.073,0.000,0,0,0,5353,5353,0,0
travel,25.455,610.8,560.380,560.380,fly,0.939,ok,2601,0,104,192.00,452849664,599166976,114090264,95883264,18123768,2904,11174640,16706400,1351365,5454,5454,0,0,5,0,0,0,0,0,0.068,0.083,0.000,0,0,0,5454,5454,0,0
travel,25.486,611.5,560.909,560.909,fly,0.845,ok,2601,0,0,192.00,452849664,599166976,114090264,95883264,18123768,2904,11174640,22132800,1373414,5454,5454,0,0,0,0,0,0,0,0,0.066,0.066,0.000,0,0,0,5454,5454,0,0
travel,25.516,612.2,561.419,561.419,fly,0.863,ok,2601,0,0,192.00,452849664,599166976,114090264,95883264,18123768,2904,11174640,22132800,1373414,5454,5454,0,0,0,0,0,0,0,0,0.067,0.072,0.000,0,0,0,5454,5454,0,0
travel,25.547,613.0,561.941,561.941,fly,0.880,ok,2601,0,0,192.00,452849664,599166976,114090264,95883264,18123768,2904,11174640,22132800,1373414,5454,5454,0,0,0,0,0,0,0,0,0.067,0.079,0.000,0,0,0,5454,5454,0,0
travel,25.578,613.7,562.459,562.459,fly,0.879,ok,2601,0,0,192.00,452849664,599166976,114090264,95883264,18123768,2904,11174640,22132800,1373414,5454,5454,0,0,0,0,0,0,0,0,0.067,0.068,0.000,0,0,0,5454,5454,0,0
travel,25.608,614.4,562.969,562.969,fly,0.998,ok,2601,0,0,192.00,452849664,599166976,114090264,95883264,18123768,2904,7449760,22132800,1373414,5454,5454,0,0,0,0,0,0,0,0,0.073,0.088,0.000,0,0,0,5454,5454,0,0
travel,25.638,615.2,563.489,563.489,fly,0.878,ok,2601,0,0,192.00,452849664,599166976,114090264,95883264,18123768,2904,7449760,22132800,1373414,5454,5454,0,0,0,0,0,0,0,0,0.068,0.073,0.000,0,0,0,5454,5454,0,0
travel,25.669,615.9,564.004,564.004,fly,0.910,ok,2601,0,0,192.00,452849664,599166976,114090264,95883264,18123768,2904,7449760,22132800,1373414,5454,5454,0,0,0,0,0,0,0,0,0.067,0.071,0.000,0,0,0,5454,5454,0,0
travel,25.699,616.6,564.519,564.519,fly,0.880,ok,2601,0,0,192.00,452915200,599166976,114090264,95883264,18123768,2904,7449760,22132800,1373414,5454,5454,0,0,0,0,0,0,0,0,0.067,0.074,0.000,0,0,0,5454,5454,0,0
travel,25.729,617.4,565.035,565.035,fly,0.884,ok,2601,0,0,192.00,452915200,599166976,114090264,95883264,18123768,2904,7449760,22132800,1373414,5454,5454,0,0,0,0,0,0,0,0,0.067,0.074,0.000,0,0,0,5454,5454,0,0
travel,25.761,618.1,565.565,565.565,fly,0.970,ok,2601,0,0,192.00,452915200,599166976,114090264,95883264,18123768,2904,7449760,22132800,1373414,5454,5454,0,0,0,0,0,0,0,0,0.067,0.141,0.000,0,0,0,5454,5454,0,0
travel,25.791,618.8,566.080,566.080,fly,0.863,ok,2601,0,0,192.00,452915200,599166976,114090264,95883264,18123768,2904,7449760,22132800,1373414,5454,5454,0,0,0,0,0,0,0,0,0.067,0.071,0.000,0,0,0,5454,5454,0,0
travel,25.822,619.6,566.603,566.603,fly,0.864,ok,2601,0,0,192.00,452915200,599166976,114090264,95883264,18123768,2904,7449760,22132800,1373414,5454,5454,0,0,0,0,0,0,0,0,0.067,0.068,0.000,0,0,0,5454,5454,0,0
travel,25.853,620.3,567.122,567.122,fly,0.897,ok,2601,0,0,192.00,452915200,599166976,114090264,95883264,18123768,2904,7449760,22132800,1373414,5454,5454,0,0,0,0,0,0,0,0,0.067,0.078,0.000,0,0,0,5454,5454,0,0
travel,25.883,621.0,567.646,567.646,fly,0.869,ok,2601,0,0,192.00,452915200,599166976,114090264,95883264,18123768,2904,7449760,22132800,1373414,5454,5454,0,0,0,0,0,0,0,0,0.067,0.074,0.000,0,0,0,5454,5454,0,0
travel,25.922,622.0,568.297,568.297,fly,1.474,ok,2601,0,107,192.00,453439488,599691264,114090264,95883264,18123768,2904,11174640,16549872,1406575,5555,5555,0,0,7,0,0,0,0,0,0.264,0.154,0.000,0,0,0,5555,5555,0,0
travel,25.960,622.9,568.939,568.939,fly,1.050,ok,2601,0,0,192.00,453439488,599691264,114090264,95883264,18123768,2904,11174640,22132800,1427302,5555,5555,0,0,0,0,0,0,0,0,0.074,0.087,0.000,0,0,0,5555,5555,0,0
travel,25.991,623.6,569.467,569.467,fly,0.860,ok,2601,0,0,192.00,453439488,599691264,114090264,95883264,18123768,2904,11174640,22132800,1427302,5555,5555,0,0,0,0,0,0,0,0,0.068,0.069,0.000,0,0,0,5555,5555,0,0
travel,26.022,624.4,569.997,569.997,fly,0.873,ok,2601,0,0,192.00,453439488,599691264,114090264,95883264,18123768,2904,11174640,22132800,1427302,5555,5555,0,0,0,0,0,0,0,0,0.068,0.073,0.000,0,0,0,5555,5555,0,0
travel,26.053,625.1,570.516,570.516,fly,0.871,ok,2601,0,0,192.00,453439488,599691264,114090264,95883264,18123768,2904,11174640,22132800,1427302,5555,5555,0,0,0,0,0,0,0,0,0.069,0.072,0.000,0,0,0,5555,5555,0,0
travel,26.083,625.8,571.036,571.036,fly,1.694,ok,2601,0,0,192.00,453439488,599691264,114090264,95883264,18123768,2904,7449760,22132800,1427302,5555,5555,0,0,0,0,0,0,0,0,0.764,0.097,0.000,0,0,0,5555,5555,0,0
travel,26.115,626.6,571.566,571.566,fly,0.877,ok,2601,0,0,192.00,453439488,599691264,114090264,95883264,18123768,2904,7449760,22132800,1427302,5555,5555,0,0,0,0,0,0,0,0,0.071,0.073,0.000,0,0,0,5555,5555,0,0
travel,26.145,627.3,572.085,572.085,fly,0.874,ok,2601,0,0,192.00,453439488,599691264,114090264,95883264,18123768,2904,7449760,22132800,1427302,5555,5555,0,0,0,0,0,0,0,0,0.068,0.075,0.000,0,0,0,5555,5555,0,0
travel,26.175,628.0,572.597,572.597,fly,0.994,ok,2601,0,0,192.00,453439488,599691264,114090264,95883264,18123768,2904,7449760,22132800,1427302,5555,5555,0,0,0,0,0,0,0,0,0.077,0.111,0.000,0,0,0,5555,5555,0,0
travel,26.206,628.8,573.120,573.120,fly,0.871,ok,2601,0,0,192.00,453439488,599691264,114090264,95883264,18123768,2904,7449760,22132800,1427302,5555,5555,0,0,0,0,0,0,0,0,0.070,0.071,0.000,0,0,0,5555,5555,0,0
travel,26.237,629.5,573.639,573.639,fly,0.862,ok,2601,0,0,192.00,453439488,599691264,114090264,95883264,18123768,2904,7449760,22132800,1427302,5555,5555,0,0,0,0,0,0,0,0,0.068,0.065,0.000,0,0,0,5555,5555,0,0
travel,26.267,630.2,574.149,574.149,fly,1.006,ok,2601,0,0,192.00,453439488,599691264,114090264,95883264,18123768,2904,7449760,22132800,1427302,5555,5555,0,0,0,0,0,0,0,0,0.076,0.104,0.000,0,0,0,5555,5555,0,0
travel,26.297,631.0,574.664,574.664,fly,0.937,ok,2601,0,0,192.00,453439488,599691264,114090264,95883264,18123768,2904,7449760,22132800,1427302,5555,5555,0,0,0,0,0,0,0,0,0.068,0.084,0.000,0,0,0,5555,5555,0,0
travel,26.328,631.7,575.184,575.184,fly,0.849,ok,2601,0,0,192.00,453439488,599691264,114090264,95883264,18123768,2904,7449760,22132800,1427302,5555,5555,0,0,0,0,0,0,0,0,0.069,0.069,0.000,0,0,0,5555,5555,0,0
travel,26.358,632.4,575.693,575.693,fly,0.847,ok,2601,0,0,192.00,453439488,599691264,114090264,95883264,18123768,2904,7449760,22132800,1427302,5555,5555,0,0,0,0,0,0,0,0,0.067,0.069,0.000,0,0,0,5555,5555,0,0
travel,26.397,633.4,576.352,576.352,fly,0.850,ok,2601,0,109,192.00,453439488,599691264,114090264,95883264,18123768,2904,11174640,16445520,1238695,5656,5656,0,0,8,0,0,0,0,0,0.068,0.067,0.000,0,0,0,5656,5656,0,0
travel,26.427,634.1,576.875,576.875,fly,0.886,ok,2601,0,0,192.00,453439488,599691264,114090264,95883264,18123768,2904,11174640,22132800,1259615,5656,5656,0,0,0,0,0,0,0,0,0.070,0.073,0.000,0,0,0,5656,5656,0,0
travel,26.458,634.8,577.400,577.400,fly,0.905,ok,2601,0,0,192.00,453439488,599691264,114090264,95883264,18123768,2904,11174640,22132800,1259615,5656,5656,0,0,0,0,0,0,0,0,0.070,0.076,0.000,0,0,0,5656,5656,0,0
travel,26.489,635.6,577.918,577.918,fly,0.968,ok,2601,0,0,192.00,453439488,599691264,114090264,95883264,18123768,2904,11174640,22132800,1259615,5656,5656,0,0,0,0,0,0,0,0,0.077,0.110,0.000,0,0,0,5656,5656,0,0
travel,26.519,636.3,578.434,578.434,fly,0.899,ok,2601,0,0,192.00,453439488,599691264,114090264,95883264,18123768,2904,11174640,22132800,1259615,5656,5656,0,0,0,0,0,0,0,0,0.069,0.077,0.000,0,0,0,5656,5656,0,0
travel,26.550,637.0,578.958,578.958,fly,0.870,ok,2601,0,0,192.00,453439488,599691264,114090264,95883264,18123768,2904,7449760,22132800,1259615,5656,5656,0,0,0,0,0,0,0,0,0.068,0.076,0.000,0,0,0,5656,5656,0,0
travel,26.581,637.8,579.479,579.479,fly,0.896,ok,2601,0,0,192.00,453439488,599691264,114090264,95883264,18123768,2904,7449760,22132800,1259615,5656,5656,0,0,0,0,0,0,0,0,0.068,0.080,0.000,0,0,0,5656,5656,0,0
travel,26.612,638.5,579.999,579.999,fly,0.886,ok,2601,0,0,192.00,453439488,599691264,114090264,95883264,18123768,2904,7449760,22132800,1259615,5656,5656,0,0,0,0,0,0,0,0,0.070,0.076,0.000,0,0,0,5656,5656,0,0
travel,26.643,639.3,580.528,580.528,fly,0.842,ok,2601,0,0,192.00,453439488,599691264,114090264,95883264,18123768,2904,7449760,22132800,1259615,5656,5656,0,0,0,0,0,0,0,0,0.068,0.064,0.000,0,0,0,5656,5656,0,0
travel,26.673,640.0,581.042,581.042,fly,0.838,ok,2601,0,0,192.00,453439488,599691264,114090264,95883264,18123768,2904,7449760,22132800,1259615,5656,5656,0,0,0,0,0,0,0,0,0.068,0.063,0.000,0,0,0,5656,5656,0,0
travel,26.704,640.7,581.564,581.564,fly,0.891,ok,2601,0,0,192.00,453439488,599691264,114090264,95883264,18123768,2904,7449760,22132800,1259615,5656,5656,0,0,0,0,0,0,0,0,0.069,0.078,0.000,0,0,0,5656,5656,0,0
travel,26.734,641.5,582.082,582.082,fly,0.972,ok,2601,0,0,192.00,453439488,599691264,114090264,95883264,18123768,2904,7449760,22132800,1259615,5656,5656,0,0,0,0,0,0,0,0,0.079,0.107,0.000,0,0,0,5656,5656,0,0
travel,26.765,642.2,582.593,582.593,fly,0.876,ok,2601,0,0,192.00,453439488,599691264,114090264,95883264,18123768,2904,7449760,22132800,1259615,5656,5656,0,0,0,0,0,0,0,0,0.070,0.075,0.000,0,0,0,5656,5656,0,0
travel,26.795,642.9,583.116,583.116,fly,0.874,ok,2601,0,0,192.00,453439488,599691264,114090264,95883264,18123768,2904,7449760,22132800,1259615,5656,5656,0,0,0,0,0,0,0,0,0.068,0.073,0.000,0,0,0,5656,5656,0,0
travel,26.826,643.6,583.627,583.627,fly,1.373,ok,2601,0,0,192.00,453439488,599691264,114090264,95883264,18123768,2904,7449760,22132800,1259615,5656,5656,0,0,0,0,0,0,0,0,0.504,0.083,0.000,0,0,0,5656,5656,0,0
travel,26.865,644.6,584.295,584.295,fly,1.117,ok,2601,0,97,192.00,453513216,599826432,114090264,95883264,18123768,2904,11174640,17071632,1294907,5757,5757,0,0,10,0,0,0,0,0,0.152,0.109,0.000,0,0,0,5757,5757,0,0
travel,26.895,645.3,584.808,584.808,fly,0.855,ok,2601,0,0,192.00,453513216,599826432,114090264,95883264,18123768,2904,11174640,22132800,1315627,5757,5757,0,0,0,0,0,0,0,0,0.070,0.064,0.000,0,0,0,5757,5757,0,0
travel,26.925,646.0,585.322,585.322,fly,0.841,ok,2601,0,0,192.00,453513216,599826432,114090264,95883264,18123768,2904,11174640,22132800,1315627,5757,5757,0,0,0,0,0,0,0,0,0.070,0.062,0.000,0,0,0,5757,5757,0,0
travel,26.957,646.8,585.851,585.851,fly,0.858,ok,2601,0,0,192.00,453513216,599826432,114090264,95883264,18123768,2904,11174640,22132800,1315627,5757,5757,0,0,0,0,0,0,0,0,0.070,0.068,0.000,0,0,0,5757,5757,0,0
travel,26.987,647.5,586.369,586.369,fly,0.882,ok,2601,0,0,192.00,453513216,599826432,114090264,95883264,18123768,2904,11174640,22132800,1315627,5757,5757,0,0,0,0,0,0,0,0,0.070,0.073,0.000,0,0,0,5757,5757,0,0
travel,27.018,648.3,586.900,586.900,fly,0.882,ok,2601,0,0,192.00,453513216,599826432,114090264,95883264,18123768,2904,7449760,22132800,1315627,5757,5757,0,0,0,0,0,0,0,0,0.070,0.073,0.000,0,0,0,5757,5757,0,0
travel,27.049,649.0,587.426,587.426,fly,0.928,ok,2601,0,0,192.00,453513216,599826432,114090264,95883264,18123768,2904,7449760,22132800,1315627,5757,5757,0,0,0,0,0,0,0,0,0.069,0.074,0.000,0,0,0,5757,5757,0,0
travel,27.080,649.7,587.939,587.939,fly,0.878,ok,2601,0,0,192.00,453513216,599826432,114090264,95883264,18123768,2904,7449760,22132800,1315627,5757,5757,0,0,0,0,0,0,0,0,0.069,0.075,0.000,0,0,0,5757,5757,0,0
travel,27.111,650.5,588.471,588.471,fly,0.875,ok,2601,0,0,192.00,453513216,599826432,114090264,95883264,18123768,2904,7449760,22132800,1315627,5757,5757,0,0,0,0,0,0,0,0,0.068,0.073,0.000,0,0,0,5757,5757,0,0
travel,27.142,651.2,588.987,588.987,fly,0.882,ok,2601,0,0,192.00,453513216,599826432,114090264,95883264,18123768,2904,7449760,22132800,1315627,5757,5757,0,0,0,0,0,0,0,0,0.067,0.079,0.000,0,0,0,5757,5757,0,0
travel,27.172,652.0,589.502,589.502,fly,0.894,ok,2601,0,0,192.00,453513216,599826432,114090264,95883264,18123768,2904,7449760,22132800,1315627,5757,5757,0,0,0,0,0,0,0,0,0.067,0.076,0.000,0,0,0,5757,5757,0,0
travel,27.203,652.7,590.024,590.024,fly,0.880,ok,2601,0,0,192.00,453513216,599826432,114090264,95883264,18123768,2904,7449760,22132800,1315627,5757,5757,0,0,0,0,0,0,0,0,0.069,0.074,0.000,0,0,0,5757,5757,0,0
travel,27.233,653.4,590.542,590.542,fly,0.947,ok,2601,0,0,192.00,453513216,599826432,114090264,95883264,18123768,2904,7449760,22132800,1315627,5757,5757,0,0,0,0,0,0,0,0,0.066,0.155,0.000,0,0,0,5757,5757,0,0
travel,27.263,654.2,591.055,591.055,fly,0.840,ok,2601,0,0,192.00,453513216,599826432,114090264,95883264,18123768,2904,7449760,22132800,1315627,5757,5757,0,0,0,0,0,0,0,0,0.066,0.068,0.000,0,0,0,5757,5757,0,0
travel,27.294,654.9,591.571,591.571,fly,0.850,ok,2601,0,0,192.00,453513216,599826432,114090264,95883264,18123768,2904,7449760,22132800,1315627,5757,5757,0,0,0,0,0,0,0,0,0.068,0.068,0.000,0,0,0,5757,5757,0,0
travel,27.333,655.8,592.241,592.241,fly,0.870,ok,2601,0,129,192.00,453525504,599826432,114090264,95883264,18123768,2904,11174640,15402000,1342009,5858,5858,0,0,6,0,0,0,0,0,0.069,0.070,0.000,0,0,0,5858,5858,0,0
travel,27.364,656.6,592.764,592.764,fly,0.855,ok,2601,0,0,192.00,453525504,599826432,114090264,95883264,18123768,2904,11174640,22132800,1368387,5858,5858,0,0,0,0,0,0,0,0,0.068,0.070,0.000,0,0,0,5858,5858,0,0
travel,27.394,657.3,593.273,593.273,fly,0.902,ok,2601,0,0,192.00,453525504,599826432,114090264,95883264,18123768,2904,11174640,22132800,1368387,5858,5858,0,0,0,0,0,0,0,0,0.072,0.077,0.000,0,0,0,5858,5858,0,0
travel,27.426,658.0,593.804,593.804,fly,0.878,ok,2601,0,0,192.00,453525504,599826432,114090264,95883264,18123768,2904,11174640,22132800,1368387,5858,5858,0,0,0,0,0,0,0,0,0.070,0.073,0.000,0,0,0,5858,5858,0,0
travel,27.456,658.8,594.317,594.317,fly,0.846,ok,2601,0,0,192.00,453525504,599826432,114090264,95883264,18123768,2904,11174640,22132800,1368387,5858,5858,0,0,0,0,0,0,0,0,0.069,0.066,0.000,0,0,0,5858,5858,0,0
travel,27.486,659.5,594.838,594.838,fly,0.911,ok,2601,0,0,192.00,453525504,599826432,114090264,95883264,18123768,2904,7449760,22132800,1368387,5858,5858,0,0,0,0,0,0,0,0,0.071,0.075,0.000,0,0,0,5858,5858,0,0
travel,27.517,660.2,595.353,595.353,fly,1.012,ok,2601,0,0,192.00,453525504,599826432,114090264,95883264,18123768,2904,7449760,22132800,1368387,5858,5858,0,0,0,0,0,0,0,0,0.080,0.113,0.000,0,0,0,5858,5858,0,0
travel,27.548,661.0,595.877,595.877,fly,0.852,ok,2601,0,0,192.00,453525504,599826432,114090264,95883264,18123768,2904,7449760,22132800,1368387,5858,5858,0,0,0,0,0,0,0,0,0.071,0.069,0.000,0,0,0,5858,5858,0,0
travel,27.578,661.7,596.395,596.395,fly,0.851,ok,2601,0,0,192.00,453525504,599826432,114090264,95883264,18123768,2904,7449760,22132800,1368387,5858,5858,0,0,0,0,0,0,0,0,0.068,0.068,0.000,0,0,0,5858,5858,0,0
travel,27.609,662.4,596.921,596.921,fly,0.844,ok,2601,0,0,192.00,453525504,599826432,114090264,95883264,18123768,2904,7449760,22132800,1368387,5858,5858,0,0,0,0,0,0,0,0,0.067,0.065,0.000,0,0,0,5858,5858,0,0
travel,27.640,663.2,597.441,597.441,fly,1.056,ok,2601,0,0,192.00,453525504,599826432,114090264,95883264,18123768,2904,7449760,22132800,1368387,5858,5858,0,0,0,0,0,0,0,0,0.140,0.156,0.000,0,0,0,5858,5858,0,0
travel,27.672,664.0,597.984,597.984,fly,0.908,ok,2601,0,0,192.00,453525504,599826432,114090264,95883264,18123768,2904,7449760,22132800,1368387,5858,5858,0,0,0,0,0,0,0,0,0.071,0.076,0.000,0,0,0,5858,5858,0,0
travel,27.703,664.7,598.507,598.507,fly,0.879,ok,2601,0,0,192.00,453525504,599826432,114090264,95883264,18123768,2904,7449760,22132800,1368387,5858,5858,0,0,0,0,0,0,0,0,0.068,0.077,0.000,0,0,0,5858,5858,0,0
travel,27.733,665.4,599.021,599.021,fly,0.902,ok,2601,0,0,192.00,453525504,599826432,114090264,95883264,18123768,2904,7449760,22132800,1368387,5858,5858,0,0,0,0,0,0,0,0,0.068,0.077,0.000,0,0,0,5858,5858,0,0
travel,27.764,666.1,599.538,599.538,fly,0.872,ok,2601,0,0,192.00,453525504,599826432,114090264,95883264,18123768,2904,7449760,22132800,1368387,5858,5858,0,0,0,0,0,0,0,0,0.067,0.073,0.000,0,0,0,5858,5858,0,0
travel,27.802,667.1,600.194,600.194,fly,1.137,ok,2601,0,142,192.00,453525504,599826432,114090264,95883264,18123768,2904,11174640,14723712,1390708,5959,5959,0,0,24,0,0,0,0,0,0.272,0.076,0.000,0,0,0,5959,5959,0,0
travel,27.833,667.8,600.714,600.714,fly,0.910,ok,2601,0,0,192.00,453525504,599826432,114090264,95883264,18123768,2904,11174640,22132800,1424223,5959,5959,0,0,0,0,0,0,0,0,0.070,0.081,0.000,0,0,0,5959,5959,0,0
travel,27.863,668.5,601.231,601.231,fly,0.869,ok,2601,0,0,192.00,453525504,599826432,114090264,95883264,18123768,2904,11174640,22132800,1424223,5959,5959,0,0,0,0,0,0,0,0,0.069,0.064,0.000,0,0,0,5959,5959,0,0
travel,27.894,669.3,601.748,601.748,fly,1.243,ok,2601,0,0,192.00,453525504,599826432,114090264,95883264,18123768,2904,11174640,22132800,1424223,5959,5959,0,0,0,0,0,0,0,0,0.346,0.112,0.000,0,0,0,5959,5959,0,0
travel,27.924,670.0,602.263,602.263,fly,0.886,ok,2601,0,0,192.00,453525504,599826432,114090264,95883264,18123768,2904,11174640,22132800,1424223,5959,5959,0,0,0,0,0,0,0,0,0.069,0.074,0.000,0,0,0,5959,5959,0,0
travel,27.955,670.7,602.787,602.787,fly,0.920,ok,2601,0,0,192.00,453525504,599826432,114090264,95883264,18123768,2904,7449760,22132800,1424223,5959,5959,0,0,0,0,0,0,0,0,0.070,0.082,0.000,0,0,0,5959,5959,0,0
travel,27.985,671.5,603.303,603.303,fly,0.988,ok,2601,0,0,192.00,453525504,599826432,114090264,95883264,18123768,2904,7449760,22132800,1424223,5959,5959,0,0,0,0,0,0,0,0,0.177,0.069,0.000,0,0,0,5959,5959,0,0
travel,28.016,672.2,603.822,603.822,fly,0.881,ok,2601,0,0,192.00,453525504,599826432,114090264,95883264,18123768,2904,7449760,22132800,1424223,5959,5959,0,0,0,0,0,0,0,0,0.069,0.077,0.000,0,0,0,5959,5959,0,0
travel,28.047,672.9,604.344,604.344,fly,0.872,ok,2601,0,0,192.00,453525504,599826432,114090264,95883264,18123768,2904,7449760,22132800,1424223,5959,5959,0,0,0,0,0,0,0,0,0.072,0.071,0.000,0,0,0,5959,5959,0,0
travel,28.077,673.7,604.856,604.856,fly,1.392,ok,2601,0,0,192.00,453525504,599826432,114090264,95883264,18123768,2904,7449760,22132800,1424223,5959,5959,0,0,0,0,0,0,0,0,0.546,0.075,0.000,0,0,0,5959,5959,0,0
travel,28.107,674.4,605.372,605.372,fly,0.864,ok,2601,0,0,192.00,453582848,599785472,114090264,95883264,18123768,2904,7449760,22132800,1424223,5959,5959,0,0,0,0,0,0,0,0,0.068,0.066,0.000,0,0,0,5959,5959,0,0
travel,28.138,675.1,605.892,605.892,fly,0.878,ok,2601,0,0,192.00,453582848,599785472,114090264,95883264,18123768,2904,7449760,22132800,1424223,5959,5959,0,0,0,0,0,0,0,0,0.071,0.070,0.000,0,0,0,5959,5959,0,0
travel,28.169,675.9,606.408,606.408,fly,1.647,ok,2601,0,0,192.00,453582848,599785472,114090264,95883264,18123768,2904,7449760,22132800,1424223,5959,5959,0,0,0,0,0,0,0,0,0.655,0.186,0.000,0,0,0,5959,5959,0,0
travel,28.200,676.6,606.948,606.948,fly,0.897,ok,2601,0,0,192.00,453660672,599916544,114090264,95883264,18123768,2904,7449760,22132800,1424223,5959,5959,0,0,0,0,0,0,0,0,0.069,0.076,0.000,0,0,0,5959,5959,0,0
travel,28.231,677.4,607.469,607.469,fly,0.869,ok,2601,0,0,192.00,453660672,599916544,114090264,95883264,18123768,2904,7449760,22132800,1424223,5959,5959,0,0,0,0,0,0,0,0,0.069,0.072,0.000,0,0,0,5959,5959,0,0
travel,28.262,678.1,607.993,607.993,fly,0.878,ok,2601,0,0,192.00,453660672,599916544,114090264,95883264,18123768,2904,7449760,22132800,1424223,5959,5959,0,0,0,0,0,0,0,0,0.068,0.070,0.000,0,0,0,5959,5959,0,0
travel,28.302,679.1,608.673,608.673,fly,0.888,ok,2601,0,19,192.00,453660672,599916544,114090264,95883264,18123768,2904,11174640,21141360,1259090,6060,6060,0,0,2,0,0,0,0,0,0.070,0.074,0.000,0,0,0,6060,6060,0,0
travel,28.333,679.8,609.193,609.193,fly,0.914,ok,2601,0,0,192.00,453660672,599916544,114090264,95883264,18123768,2904,11174640,22132800,1262298,6060,6060,0,0,0,0,0,0,0,0,0.073,0.078,0.000,0,0,0,6060,6060,0,0
travel,28.363,680.5,609.714,609.714,fly,0.869,ok,2601,0,0,192.00,453664768,599982080,114090264,95883264,18123768,2904,11174640,22132800,1262298,6060,6060,0,0,0,0,0,0,0,0,0.070,0.070,0.000,0,0,0,6060,6060,0,0
travel,28.394,681.3,610.225,610.225,fly,0.877,ok,2601,0,0,192.00,453664768,599982080,114090264,95883264,18123768,2904,11174640,22132800,1262298,6060,6060,0,0,0,0,0,0,0,0,0.069,0.070,0.000,0,0,0,6060,6060,0,0
travel,28.427,682.1,610.788,610.788,fly,0.869,ok,2601,0,0,192.00,453664768,599982080,114090264,95883264,18123768,2904,7449760,22132800,1262298,6060,6060,0,0,0,0,0,0,0,0,0.069,0.070,0.000,0,0,0,6060,6060,0,0
travel,28.457,682.8,611.305,611.305,fly,1.123,ok,2601,0,0,192.00,453664768,599982080,114090264,95883264,18123768,2904,7449760,22132800,1262298,6060,6060,0,0,0,0,0,0,0,0,0.186,0.111,0.000,0,0,0,6060,6060,0,0
travel,28.488,683.5,611.830,611.830,fly,0.889,ok,2601,0,0,192.00,453664768,599982080,114090264,95883264,18123768,2904,7449760,22132800,1262298,6060,6060,0,0,0,0,0,0,0,0,0.070,0.076,0.000,0,0,0,6060,6060,0,0
travel,28.519,684.3,612.352,612.352,fly,0.881,ok,2601,0,0,192.00,453664768,599982080,114090264,95883264,18123768,2904,7449760,22132800,1262298,6060,6060,0,0,0,0,0,0,0,0,0.070,0.074,0.000,0,0,0,6060,6060,0,0
travel,28.549,685.0,612.867,612.867,fly,0.951,ok,2601,0,0,192.00,453664768,599982080,114090264,95883264,18123768,2904,7449760,22132800,1262298,6060,6060,0,0,0,0,0,0,0,0,0.080,0.109,0.000,0,0,0,6060,6060,0,0
travel,28.580,685.7,613.392,613.392,fly,0.896,ok,2601,0,0,192.00,453664768,599982080,114090264,95883264,18123768,2904,7449760,22132800,1262298,6060,6060,0,0,0,0,0,0,0,0,0.069,0.081,0.000,0,0,0,6060,6060,0,0
travel,28.612,686.5,613.926,613.926,fly,0.984,ok,2601,0,0,192.00,453664768,599982080,114090264,95883264,18123768,2904,7449760,22132800,1262298,6060,6060,0,0,0,0,0,0,0,0,0.078,0.110,0.000,0,0,0,6060,6060,0,0
travel,28.644,687.3,614.475,614.475,fly,0.885,ok,2601,0,0,192.00,453664768,599982080,114090264,95883264,18123768,2904,7449760,22132800,1262298,6060,6060,0,0,0,0,0,0,0,0,0.070,0.079,0.000,0,0,0,6060,6060,0,0
travel,28.674,688.0,614.987,614.987,fly,0.886,ok,2601,0,0,192.00,453664768,599982080,114090264,95883264,18123768,2904,7449760,22132800,1262298,6060,6060,0,0,0,0,0,0,0,0,0.069,0.073,0.000,0,0,0,6060,6060,0,0
travel,28.705,688.7,615.507,615.507,fly,0.874,ok,2601,0,0,192.00,453664768,599982080,114090264,95883264,18123768,2904,7449760,22132800,1262298,6060,6060,0,0,0,0,0,0,0,0,0.068,0.071,0.000,0,0,0,6060,6060,0,0
travel,28.739,689.5,616.084,616.084,fly,3.533,ok,2573,28,168,192.00,453664768,599982080,112862072,94851072,17928664,2904,11174640,14828736,1276724,6133,6161,37,0,48,37,37,0,0,0,0.081,0.091,0.000,0,0,0,6133,6133,0,0
travel,28.774,690.4,616.685,616.685,fly,0.910,ok,2601,0,0,192.00,453693440,599982080,114090264,95883264,18123768,2904,11174640,22132800,1315694,6161,6161,0,0,0,0,0,0,0,0,0.072,0.079,0.000,0,0,0,6161,6161,0,0
travel,28.805,691.1,617.207,617.207,fly,0.878,ok,2601,0,0,192.00,453693440,599982080,114090264,95883264,18123768,2904,11174640,22132800,1315694,6161,6161,0,0,0,0,0,0,0,0,0.071,0.070,0.000,0,0,0,6161,6161,0,0
travel,28.835,691.9,617.719,617.719,fly,0.899,ok,2601,0,0,192.00,453693440,599982080,114090264,95883264,18123768,2904,11174640,22132800,1315694,6161,6161,0,0,0,0,0,0,0,0,0.070,0.075,0.000,0,0,0,6161,6161,0,0
travel,28.866,692.6,618.232,618.232,fly,0.850,ok,2601,0,0,192.00,453693440,599982080,114090264,95883264,18123768,2904,11174640,22132800,1315694,6161,6161,0,0,0,0,0,0,0,0,0.069,0.067,0.000,0,0,0,6161,6161,0,0
travel,28.896,693.3,618.749,618.749,fly,0.893,ok,2601,0,0,192.00,453697536,599982080,114090264,95883264,18123768,2904,7449760,22132800,1315694,6161,6161,0,0,0,0,0,0,0,0,0.071,0.079,0.000,0,0,0,6161,6161,0,0
travel,28.927,694.1,619.269,619.269,fly,0.882,ok,2601,0,0,192.00,453697536,599982080,114090264,95883264,18123768,2904,7449760,22132800,1315694,6161,6161,0,0,0,0,0,0,0,0,0.071,0.068,0.000,0,0,0,6161,6161,0,0
travel,28.959,694.8,619.819,619.819,fly,0.882,ok,2601,0,0,192.00,453697536,599982080,114090264,95883264,18123768,2904,7449760,22132800,1315694,6161,6161,0,0,0,0,0,0,0,0,0.070,0.072,0.000,0,0,0,6161,6161,0,0
travel,28.990,695.6,620.336,620.336,fly,0.927,ok,2601,0,0,192.00,453697536,599982080,114090264,95883264,18123768,2904,7449760,22132800,1315694,6161,6161,0,0,0,0,0,0,0,0,0.071,0.081,0.000,0,0,0,6161,6161,0,0
travel,29.020,696.3,620.857,620.857,fly,0.899,ok,2601,0,0,192.00,453697536,599982080,114090264,95883264,18123768,2904,7449760,22132800,1315694,6161,6161,0,0,0,0,0,0,0,0,0.069,0.082,0.000,0,0,0,6161,6161,0,0
travel,29.052,697.0,621.388,621.388,fly,0.877,ok,2601,0,0,192.00,453697536,599982080,114090264,95883264,18123768,2904,7449760,22132800,1315694,6161,6161,0,0,0,0,0,0,0,0,0.069,0.073,0.000,0,0,0,6161,6161,0,0
travel,29.082,697.8,621.907,621.907,fly,0.877,ok,2601,0,0,192.00,453697536,599982080,114090264,95883264,18123768,2904,7449760,22132800,1315694,6161,6161,0,0,0,0,0,0,0,0,0.069,0.071,0.000,0,0,0,6161,6161,0,0
travel,29.113,698.5,622.425,622.425,fly,0.880,ok,2601,0,0,192.00,453697536,599982080,114090264,95883264,18123768,2904,7449760,22132800,1315694,6161,6161,0,0,0,0,0,0,0,0,0.070,0.072,0.000,0,0,0,6161,6161,0,0
travel,29.143,699.2,622.940,622.940,fly,0.883,ok,2601,0,0,192.00,453697536,599982080,114090264,95883264,18123768,2904,7449760,22132800,1315694,6161,6161,0,0,0,0,0,0,0,0,0.069,0.071,0.000,0,0,0,6161,6161,0,0
travel,29.174,700.0,623.462,623.462,fly,0.873,ok,2601,0,0,192.00,453697536,599982080,114090264,95883264,18123768,2904,7449760,22132800,1315694,6161,6161,0,0,0,0,0,0,0,0,0.068,0.070,0.000,0,0,0,6161,6161,0,0
travel,29.204,700.7,623.981,623.981,fly,0.901,ok,2601,0,0,192.00,453697536,599982080,114090264,95883264,18123768,2904,7449760,22132800,1315694,6161,6161,0,0,0,0,0,0,0,0,0.070,0.077,0.000,0,0,0,6161,6161,0,0
travel,29.248,701.8,624.715,624.715,fly,0.859,ok,2601,0,0,192.00,453730304,601030656,114090264,95883264,18123768,2904,11174640,22132800,1372986,6262,6262,0,0,0,0,0,0,0,0,0.071,0.067,0.000,0,0,0,6262,6262,0,0
travel,29.279,702.5,625.240,625.240,fly,1.003,ok,2601,0,0,192.00,453730304,601030656,114090264,95883264,18123768,2904,11174640,22132800,1372986,6262,6262,0,0,0,0,0,0,0,0,0.082,0.152,0.000,0,0,0,6262,6262,0,0
travel,29.310,703.2,625.766,625.766,fly,0.892,ok,2601,0,0,192.00,453730304,601030656,114090264,95883264,18123768,2904,11174640,22132800,1372986,6262,6262,0,0,0,0,0,0,0,0,0.071,0.075,0.000,0,0,0,6262,6262,0,0
travel,29.341,704.0,626.291,626.291,fly,0.889,ok,2601,0,0,192.00,453730304,601030656,114090264,95883264,18123768,2904,11174640,22132800,1372986,6262,6262,0,0,0,0,0,0,0,0,0.070,0.075,0.000,0,0,0,6262,6262,0,0
travel,29.372,704.7,626.819,626.819,fly,0.879,ok,2601,0,0,192.00,453730304,601030656,114090264,95883264,18123768,2904,7449760,22132800,1372986,6262,6262,0,0,0,0,0,0,0,0,0.070,0.072,0.000,0,0,0,6262,6262,0,0
travel,29.402,705.5,627.334,627.334,fly,0.886,ok,2601,0,0,192.00,453730304,601030656,114090264,95883264,18123768,2904,7449760,22132800,1372986,6262,6262,0,0,0,0,0,0,0,0,0.069,0.075,0.000,0,0,0,6262,6262,0,0
travel,29.433,706.2,627.857,627.857,fly,0.851,ok,2601,0,0,192.00,453730304,601030656,114090264,95883264,18123768,2904,7449760,22132800,1372986,6262,6262,0,0,0,0,0,0,0,0,0.068,0.068,0.000,0,0,0,6262,6262,0,0
travel,29.464,706.9,628.376,628.376,fly,0.884,ok,2601,0,0,192.00,453730304,601030656,114090264,95883264,18123768,2904,7449760,22132800,1372986,6262,6262,0,0,0,0,0,0,0,0,0.070,0.073,0.000,0,0,0,6262,6262,0,0
travel,29.494,707.7,628.894,628.894,fly,0.888,ok,2601,0,0,192.00,453730304,601030656,114090264,95883264,18123768,2904,7449760,22132800,1372986,6262,6262,0,0,0,0,0,0,0,0,0.068,0.070,0.000,0,0,0,6262,6262,0,0
travel,29.524,708.4,629.409,629.409,fly,0.888,ok,2601,0,0,192.00,453730304,601030656,114090264,95883264,18123768,2904,7449760,22132800,1372986,6262,6262,0,0,0,0,0,0,0,0,0.068,0.074,0.000,0,0,0,6262,6262,0,0
travel,29.555,709.1,629.925,629.925,fly,0.947,ok,2601,0,0,192.00,453730304,601030656,114090264,95883264,18123768,2904,7449760,22132800,1372986,6262,6262,0,0,0,0,0,0,0,0,0.076,0.106,0.000,0,0,0,6262,6262,0,0
travel,29.585,709.8,630.438,630.438,fly,0.876,ok,2601,0,0,192.00,453730304,601030656,114090264,95883264,18123768,2904,7449760,22132800,1372986,6262,6262,0,0,0,0,0,0,0,0,0.068,0.071,0.000,0,0,0,6262,6262,0,0
travel,29.615,710.6,630.952,630.952,fly,0.847,ok,2601,0,0,192.00,453730304,601030656,114090264,95883264,18123768,2904,7449760,22132800,1372986,6262,6262,0,0,0,0,0,0,0,0,0.067,0.068,0.000,0,0,0,6262,6262,0,0
travel,29.646,711.3,631.463,631.463,fly,1.614,ok,2601,0,0,192.00,453730304,601030656,114090264,95883264,18123768,2904,7449760,22132800,1372986,6262,6262,0,0,0,0,0,0,0,0,0.705,0.141,0.000,0,0,0,6262,6262,0,0
travel,29.676,712.0,631.984,631.984,fly,0.883,ok,2601,0,0,192.00,453730304,601030656,114090264,95883264,18123768,2904,7449760,22132800,1372986,6262,6262,0,0,0,0,0,0,0,0,0.067,0.076,0.000,0,0,0,6262,6262,0,0
travel,29.715,713.0,632.646,632.646,fly,0.896,ok,2601,0,25,192.00,453730304,601030656,114090264,95883264,18123768,2904,11174640,20828304,1422049,6363,6363,0,0,0,0,0,0,0,0,0.070,0.076,0.000,0,0,0,6363,6363,0,0
travel,29.746,713.7,633.170,633.170,fly,0.889,ok,2601,0,0,192.00,453730304,601030656,114090264,95883264,18123768,2904,11174640,22132800,1426358,6363,6363,0,0,0,0,0,0,0,0,0.072,0.073,0.000,0,0,0,6363,6363,0,0
travel,29.777,714.5,633.695,633.695,fly,0.853,ok,2601,0,0,192.00,453730304,601030656,114090264,95883264,18123768,2904,11174640,22132800,1426358,6363,6363,0,0,0,0,0,0,0,0,0.069,0.067,0.000,0,0,0,6363,6363,0,0
travel,29.807,715.2,634.208,634.208,fly,0.848,ok,2601,0,0,192.00,453730304,601030656,114090264,95883264,18123768,2904,11174640,22132800,1426358,6363,6363,0,0,0,0,0,0,0,0,0.068,0.067,0.000,0,0,0,6363,6363,0,0
travel,29.838,715.9,634.720,634.720,fly,0.957,ok,2601,0,0,192.00,453730304,601030656,114090264,95883264,18123768,2904,7449760,22132800,1426358,6363,6363,0,0,0,0,0,0,0,0,0.078,0.110,0.000,0,0,0,6363,6363,0,0
travel,29.868,716.6,635.235,635.235,fly,1.042,ok,2601,0,0,192.00,453730304,601030656,114090264,95883264,18123768,2904,7449760,22132800,1426358,6363,6363,0,0,0,0,0,0,0,0,0.237,0.071,0.000,0,0,0,6363,6363,0,0
travel,29.898,717.4,635.750,635.750,fly,0.878,ok,2601,0,0,192.00,453730304,601030656,114090264,95883264,18123768,2904,7449760,22132800,1426358,6363,6363,0,0,0,0,0,0,0,0,0.070,0.072,0.000,0,0,0,6363,6363,0,0
travel,29.929,718.1,636.273,636.273,fly,0.887,ok,2601,0,0,192.00,453730304,601030656,114090264,95883264,18123768,2904,7449760,22132800,1426358,6363,6363,0,0,0,0,0,0,0,0,0.070,0.071,0.000,0,0,0,6363,6363,0,0
travel,29.960,718.8,636.798,636.798,fly,1.019,ok,2601,0,0,192.00,453730304,601030656,114090264,95883264,18123768,2904,7449760,22132800,1426358,6363,6363,0,0,0,0,0,0,0,0,0.076,0.104,0.000,0,0,0,6363,6363,0,0
travel,29.991,719.6,637.315,637.315,fly,0.878,ok,2601,0,0,192.00,453730304,601030656,114090264,95883264,18123768,2904,7449760,22132800,1426358,6363,6363,0,0,0,0,0,0,0,0,0.069,0.072,0.000,0,0,0,6363,6363,0,0
travel,30.021,720.3,637.838,637.838,fly,0.872,ok,2601,0,0,192.00,453730304,601030656,114090264,95883264,18123768,2904,7449760,22132800,1426358,6363,6363,0,0,0,0,0,0,0,0,0.069,0.070,0.000,0,0,0,6363,6363,0,0
travel,30.051,721.0,638.349,638.349,fly,1.390,ok,2601,0,0,192.00,453730304,601030656,114090264,95883264,18123768,2904,7449760,22132800,1426358,6363,6363,0,0,0,0,0,0,0,0,0.562,0.068,0.000,0,0,0,6363,6363,0,0
travel,30.082,721.8,638.866,638.866,fly,0.855,ok,2601,0,0,192.00,453730304,601030656,114090264,95883264,18123768,2904,7449760,22132800,1426358,6363,6363,0,0,0,0,0,0,0,0,0.069,0.065,0.000,0,0,0,6363,6363,0,0
travel,30.112,722.5,639.383,639.383,fly,0.858,ok,2601,0,0,192.00,453730304,601030656,114090264,95883264,18123768,2904,7449760,22132800,1426358,6363,6363,0,0,0,0,0,0,0,0,0.069,0.068,0.000,0,0,0,6363,6363,0,0
travel,30.143,723.2,639.899,639.899,fly,0.858,ok,2601,0,0,192.00,453730304,601030656,114090264,95883264,18123768,2904,7449760,22132800,1426358,6363,6363,0,0,0,0,0,0,0,0,0.070,0.069,0.000,0,0,0,6363,6363,0,0
travel,30.183,724.2,640.584,640.584,fly,0.943,ok,2601,0,31,192.00,453730304,601030656,114090264,95883264,18123768,2904,11174640,20567424,1256473,6464,6464,0,0,6,0,0,0,0,0,0.072,0.074,0.000,0,0,0,6464,6464,0,0
travel,30.214,724.9,641.108,641.108,fly,0.937,ok,2601,0,0,192.00,453730304,601030656,114090264,95883264,18123768,2904,11174640,22132800,1261763,6464,6464,0,0,0,0,0,0,0,0,0.073,0.121,0.000,0,0,0,6464,6464,0,0
travel,30.245,725.7,641.634,641.634,fly,0.859,ok,2601,0,0,192.00,453730304,601030656,114090264,95883264,18123768,2904,11174640,22132800,1261763,6464,6464,0,0,0,0,0,0,0,0,0.070,0.069,0.000,0,0,0,6464,6464,0,0
travel,30.275,726.4,642.145,642.145,fly,0.852,ok,2601,0,0,192.00,453730304,601030656,114090264,95883264,18123768,2904,11174640,22132800,1261763,6464,6464,0,0,0,0,0,0,0,0,0.070,0.065,0.000,0,0,0,6464,6464,0,0
travel,30.306,727.1,642.661,642.661,fly,0.857,ok,2601,0,0,192.00,453730304,601030656,114090264,95883264,18123768,2904,11174640,22132800,1261763,6464,6464,0,0,0,0,0,0,0,0,0.070,0.068,0.000,0,0,0,6464,6464,0,0
travel,30.336,727.9,643.182,643.182,fly,1.062,ok,2601,0,0,192.00,453730304,601030656,114090264,95883264,18123768,2904,7449760,22132800,1261763,6464,6464,0,0,0,0,0,0,0,0,0.079,0.109,0.000,0,0,0,6464,6464,0,0
travel,30.368,728.6,643.712,643.712,fly,0.851,ok,2601,0,0,192.00,453730304,601030656,114090264,95883264,18123768,2904,7449760,22132800,1261763,6464,6464,0,0,0,0,0,0,0,0,0.068,0.067,0.000,0,0,0,6464,6464,0,0
travel,30.398,729.4,644.231,644.231,fly,0.853,ok,2601,0,0,192.00,453730304,601030656,114090264,95883264,18123768,2904,7449760,22132800,1261763,6464,6464,0,0,0,0,0,0,0,0,0.069,0.069,0.000,0,0,0,6464,6464,0,0
travel,30.429,730.1,644.751,644.751,fly,0.892,ok,2601,0,0,192.00,453730304,601030656,114090264,95883264,18123768,2904,7449760,22132800,1261763,6464,6464,0,0,0,0,0,0,0,0,0.071,0.071,0.000,0,0,0,6464,6464,0,0
travel,30.460,730.8,645.272,645.272,fly,0.911,ok,2601,0,0,192.00,453730304,601030656,114090264,95883264,18123768,2904,7449760,22132800,1261763,6464,6464,0,0,0,0,0,0,0,0,0.071,0.078,0.000,0,0,0,6464,6464,0,0
travel,30.490,731.5,645.784,645.784,fly,0.877,ok,2601,0,0,192.00,453730304,601030656,114090264,95883264,18123768,2904,7449760,22132800,1261763,6464,6464,0,0,0,0,0,0,0,0,0.069,0.071,0.000,0,0,0,6464,6464,0,0
travel,30.521,732.3,646.319,646.319,fly,0.853,ok,2601,0,0,192.00,453730304,601030656,114090264,95883264,18123768,2904,7449760,22132800,1261763,6464,6464,0,0,0,0,0,0,0,0,0.067,0.066,0.000,0,0,0,6464,6464,0,0
travel,30.552,733.0,646.834,646.834,fly,0.881,ok,2601,0,0,192.00,453730304,601030656,114090264,95883264,18123768,2904,7449760,22132800,1261763,6464,6464,0,0,0,0,0,0,0,0,0.070,0.074,0.000,0,0,0,6464,6464,0,0
travel,30.582,733.8,647.349,647.349,fly,0.862,ok,2601,0,0,192.00,453730304,601030656,114090264,95883264,18123768,2904,7449760,22132800,1261763,6464,6464,0,0,0,0,0,0,0,0,0.067,0.073,0.000,0,0,0,6464,6464,0,0
travel,30.613,734.5,647.867,647.867,fly,0.850,ok,2601,0,0,192.00,453730304,601030656,114090264,95883264,18123768,2904,7449760,22132800,1261763,6464,6464,0,0,0,0,0,0,0,0,0.066,0.066,0.000,0,0,0,6464,6464,0,0
travel,30.658,735.6,648.632,648.632,fly,0.988,ok,2601,0,0,192.00,453730304,601030656,114090264,95883264,18123768,2904,11174640,22132800,1314863,6565,6565,0,0,1,0,0,0,0,0,0.178,0.073,0.000,0,0,0,6565,6565,0,0
travel,30.688,736.3,649.146,649.146,fly,0.872,ok,2601,0,0,192.00,453730304,601030656,114090264,95883264,18123768,2904,11174640,22132800,1314863,6565,6565,0,0,0,0,0,0,0,0,0.069,0.069,0.000,0,0,0,6565,6565,0,0
travel,30.719,737.0,649.669,649.669,fly,0.882,ok,2601,0,0,192.00,453730304,601030656,114090264,95883264,18123768,2904,11174640,22132800,1314863,6565,6565,0,0,0,0,0,0,0,0,0.068,0.070,0.000,0,0,0,6565,6565,0,0
travel,30.749,737.8,650.186,650.186,fly,1.264,ok,2601,0,0,192.00,453730304,601030656,114090264,95883264,18123768,2904,11174640,22132800,1314863,6565,6565,0,0,0,0,0,0,0,0,0.428,0.071,0.000,0,0,0,6565,6565,0,0
travel,30.780,738.5,650.707,650.707,fly,0.864,ok,2601,0,0,192.00,453730304,601030656,114090264,95883264,18123768,2904,7449760,22132800,1314863,6565,6565,0,0,0,0,0,0,0,0,0.067,0.066,0.000,0,0,0,6565,6565,0,0
travel,30.811,739.3,651.231,651.231,fly,0.891,ok,2601,0,0,192.00,453730304,601030656,114090264,95883264,18123768,2904,7449760,22132800,1314863,6565,6565,0,0,0,0,0,0,0,0,0.068,0.072,0.000,0,0,0,6565,6565,0,0
travel,30.841,740.0,651.747,651.747,fly,1.575,ok,2601,0,0,192.00,453730304,601030656,114090264,95883264,18123768,2904,7449760,22132800,1314863,6565,6565,0,0,0,0,0,0,0,0,0.752,0.076,0.000,0,0,0,6565,6565,0,0
travel,30.872,740.7,652.274,652.274,fly,0.880,ok,2601,0,0,192.00,453730304,601030656,114090264,95883264,18123768,2904,7449760,22132800,1314863,6565,6565,0,0,0,0,0,0,0,0,0.067,0.070,0.000,0,0,0,6565,6565,0,0
travel,30.902,741.5,652.785,652.785,fly,0.870,ok,2601,0,0,192.00,453730304,601030656,114090264,95883264,18123768,2904,7449760,22132800,1314863,6565,6565,0,0,0,0,0,0,0,0,0.070,0.070,0.000,0,0,0,6565,6565,0,0
travel,30.933,742.2,653.300,653.300,fly,0.945,ok,2601,0,0,192.00,453730304,601030656,114090264,95883264,18123768,2904,7449760,22132800,1314863,6565,6565,0,0,0,0,0,0,0,0,0.138,0.067,0.000,0,0,0,6565,6565,0,0
travel,30.963,742.9,653.818,653.818,fly,0.867,ok,2601,0,0,192.00,453730304,601030656,114090264,95883264,18123768,2904,7449760,22132800,1314863,6565,6565,0,0,0,0,0,0,0,0,0.069,0.066,0.000,0,0,0,6565,6565,0,0
travel,30.994,743.6,654.338,654.338,fly,0.868,ok,2601,0,0,192.00,453730304,601030656,114090264,95883264,18123768,2904,7449760,22132800,1314863,6565,6565,0,0,0,0,0,0,0,0,0.067,0.069,0.000,0,0,0,6565,6565,0,0
travel,31.024,744.4,654.854,654.854,fly,1.008,ok,2601,0,0,192.00,453730304,601030656,114090264,95883264,18123768,2904,7449760,22132800,1314863,6565,6565,0,0,0,0,0,0,0,0,0.077,0.105,0.000,0,0,0,6565,6565,0,0
travel,31.055,745.1,655.377,655.377,fly,0.876,ok,2601,0,0,192.00,453730304,601030656,114090264,95883264,18123768,2904,7449760,22132800,1314863,6565,6565,0,0,0,0,0,0,0,0,0.069,0.069,0.000,0,0,0,6565,6565,0,0
travel,31.086,745.8,655.894,655.894,fly,0.867,ok,2601,0,0,192.00,453730304,601030656,114090264,95883264,18123768,2904,7449760,22132800,1314863,6565,6565,0,0,0,0,0,0,0,0,0.067,0.067,0.000,0,0,0,6565,6565,0,0
travel,31.125,746.8,656.558,656.558,fly,0.874,ok,2601,0,15,192.00,453730304,601030656,114090264,95883264,18123768,2904,11174640,21350064,1369580,6666,6666,0,0,1,0,0,0,0,0,0.069,0.068,0.000,0,0,0,6666,6666,0,0
travel,31.155,747.5,657.075,657.075,fly,0.877,ok,2601,0,0,192.00,453730304,601030656,114090264,95883264,18123768,2904,11174640,22132800,1371143,6666,6666,0,0,0,0,0,0,0,0,0.071,0.071,0.000,0,0,0,6666,6666,0,0
travel,31.186,748.2,657.589,657.589,fly,0.887,ok,2601,0,0,192.00,453730304,601030656,114090264,95883264,18123768,2904,11174640,22132800,1371143,6666,6666,0,0,0,0,0,0,0,0,0.070,0.074,0.000,0,0,0,6666,6666,0,0
travel,31.217,749.0,658.113,658.113,fly,0.868,ok,2601,0,0,192.00,453730304,601030656,114090264,95883264,18123768,2904,11174640,22132800,1371143,6666,6666,0,0,0,0,0,0,0,0,0.069,0.068,0.000,0,0,0,6666,6666,0,0
travel,31.247,749.7,658.628,658.628,fly,1.302,ok,2601,0,0,192.00,453730304,601030656,114090264,95883264,18123768,2904,7449760,22132800,1371143,6666,6666,0,0,0,0,0,0,0,0,0.492,0.065,0.000,0,0,0,6666,6666,0,0
travel,31.278,750.5,659.160,659.160,fly,0.862,ok,2601,0,0,192.00,453730304,601030656,114090264,95883264,18123768,2904,7449760,22132800,1371143,6666,6666,0,0,0,0,0,0,0,0,0.068,0.066,0.000,0,0,0,6666,6666,0,0
travel,31.309,751.2,659.682,659.682,fly,0.873,ok,2601,0,0,192.00,453730304,601030656,114090264,95883264,18123768,2904,7449760,22132800,1371143,6666,6666,0,0,0,0,0,0,0,0,0.068,0.070,0.000,0,0,0,6666,6666,0,0
travel,31.340,751.9,660.198,660.198,fly,1.031,ok,2601,0,0,192.00,453730304,601030656,114090264,95883264,18123768,2904,7449760,22132800,1371143,6666,6666,0,0,0,0,0,0,0,0,0.217,0.079,0.000,0,0,0,6666,6666,0,0
travel,31.370,752.7,660.713,660.713,fly,0.960,ok,2601,0,0,192.00,453730304,601030656,114090264,95883264,18123768,2904,7449760,22132800,1371143,6666,6666,0,0,0,0,0,0,0,0,0.080,0.111,0.000,0,0,0,6666,6666,0,0
travel,31.401,753.4,661.233,661.233,fly,0.860,ok,2601,0,0,192.00,453730304,601030656,114090264,95883264,18123768,2904,7449760,22132800,1371143,6666,6666,0,0,0,0,0,0,0,0,0.067,0.065,0.000,0,0,0,6666,6666,0,0
travel,31.431,754.1,661.746,661.746,fly,1.013,ok,2601,0,0,192.00,453730304,601030656,114090264,95883264,18123768,2904,7449760,22132800,1371143,6666,6666,0,0,0,0,0,0,0,0,0.075,0.109,0.000,0,0,0,6666,6666,0,0
travel,31.462,754.9,662.275,662.275,fly,0.889,ok,2601,0,0,192.00,453730304,601030656,114090264,95883264,18123768,2904,7449760,22132800,1371143,6666,6666,0,0,0,0,0,0,0,0,0.069,0.071,0.000,0,0,0,6666,6666,0,0
travel,31.493,755.6,662.795,662.795,fly,0.866,ok,2601,0,0,192.00,453730304,601030656,114090264,95883264,18123768,2904,7449760,22132800,1371143,6666,6666,0,0,0,0,0,0,0,0,0.067,0.069,0.000,0,0,0,6666,6666,0,0
travel,31.523,756.3,663.308,663.308,fly,0.918,ok,2601,0,0,192.00,453730304,601030656,114090264,95883264,18123768,2904,7449760,22132800,1371143,6666,6666,0,0,0,0,0,0,0,0,0.077,0.108,0.000,0,0,0,6666,6666,0,0
travel,31.554,757.1,663.831,663.831,fly,0.852,ok,2601,0,0,192.00,453730304,601030656,114090264,95883264,18123768,2904,7449760,22132800,1371143,6666,6666,0,0,0,0,0,0,0,0,0.066,0.068,0.000,0,0,0,6666,6666,0,0
travel,31.593,758.0,664.497,664.497,fly,0.855,ok,2601,0,56,192.00,453750784,601554944,114090264,95883264,18123768,2904,11174640,19210848,1415397,6767,6767,0,0,7,0,0,0,0,0,0.068,0.068,0.000,0,0,0,6767,6767,0,0
travel,31.624,758.7,665.015,665.015,fly,0.942,ok,2601,0,0,192.00,453750784,601554944,114090264,95883264,18123768,2904,11174640,22132800,1425031,6767,6767,0,0,0,0,0,0,0,0,0.069,0.072,0.000,0,0,0,6767,6767,0,0
travel,31.654,759.5,665.532,665.532,fly,0.976,ok,2601,0,0,192.00,453750784,601554944,114090264,95883264,18123768,2904,11174640,22132800,1425031,6767,6767,0,0,0,0,0,0,0,0,0.169,0.071,0.000,0,0,0,6767,6767,0,0
travel,31.684,760.2,666.046,666.046,fly,0.885,ok,2601,0,0,192.00,453750784,601554944,114090264,95883264,18123768,2904,11174640,22132800,1425031,6767,6767,0,0,0,0,0,0,0,0,0.069,0.076,0.000,0,0,0,6767,6767,0,0
travel,31.715,760.9,666.570,666.570,fly,0.902,ok,2601,0,0,192.00,453750784,601554944,114090264,95883264,18123768,2904,7449760,22132800,1425031,6767,6767,0,0,0,0,0,0,0,0,0.072,0.075,0.000,0,0,0,6767,6767,0,0
travel,31.745,761.7,667.081,667.081,fly,1.504,ok,2601,0,0,192.00,453750784,601554944,114090264,95883264,18123768,2904,7449760,22132800,1425031,6767,6767,0,0,0,0,0,0,0,0,0.685,0.068,0.000,0,0,0,6767,6767,0,0
travel,31.776,762.4,667.599,667.599,fly,0.873,ok,2601,0,0,192.00,453750784,601554944,114090264,95883264,18123768,2904,7449760,22132800,1425031,6767,6767,0,0,0,0,0,0,0,0,0.068,0.070,0.000,0,0,0,6767,6767,0,0
travel,31.806,763.1,668.117,668.117,fly,0.877,ok,2601,0,0,192.00,453750784,601554944,114090264,95883264,18123768,2904,7449760,22132800,1425031,6767,6767,0,0,0,0,0,0,0,0,0.069,0.071,0.000,0,0,0,6767,6767,0,0
travel,31.837,763.9,668.632,668.632,fly,0.864,ok,2601,0,0,192.00,453750784,601554944,114090264,95883264,18123768,2904,7449760,22132800,1425031,6767,6767,0,0,0,0,0,0,0,0,0.069,0.069,0.000,0,0,0,6767,6767,0,0
travel,31.868,764.6,669.157,669.157,fly,0.867,ok,2601,0,0,192.00,453750784,601554944,114090264,95883264,18123768,2904,7449760,22132800,1425031,6767,6767,0,0,0,0,0,0,0,0,0.069,0.070,0.000,0,0,0,6767,6767,0,0
travel,31.898,765.3,669.675,669.675,fly,0.857,ok,2601,0,0,192.00,453750784,601554944,114090264,95883264,18123768,2904,7449760,22132800,1425031,6767,6767,0,0,0,0,0,0,0,0,0.068,0.064,0.000,0,0,0,6767,6767,0,0
travel,31.928,766.1,670.185,670.185,fly,0.871,ok,2601,0,0,192.00,453750784,601554944,114090264,95883264,18123768,2904,7449760,22132800,1425031,6767,6767,0,0,0,0,0,0,0,0,0.069,0.069,0.000,0,0,0,6767,6767,0,0
travel,31.959,766.8,670.701,670.701,fly,0.869,ok,2601,0,0,192.00,453750784,601554944,114090264,95883264,18123768,2904,7449760,22132800,1425031,6767,6767,0,0,0,0,0,0,0,0,0.069,0.073,0.000,0,0,0,6767,6767,0,0
travel,31.989,767.5,671.217,671.217,fly,0.863,ok,2601,0,0,192.00,453750784,601554944,114090264,95883264,18123768,2904,7449760,22132800,1425031,6767,6767,0,0,0,0,0,0,0,0,0.068,0.068,0.000,0,0,0,6767,6767,0,0
travel,32.019,768.2,671.726,671.726,fly,0.871,ok,2601,0,0,192.00,453750784,601554944,114090264,95883264,18123768,2904,7449760,22132800,1425031,6767,6767,0,0,0,0,0,0,0,0,0.067,0.067,0.000,0,0,0,6767,6767,0,0
travel,32.058,769.2,672.393,672.393,fly,0.963,ok,2601,0,102,192.00,453750784,601554944,114090264,95883264,18123768,2904,11174640,16810752,1240760,6868,6868,0,0,7,0,0,0,0,0,0.078,0.114,0.000,0,0,0,6868,6868,0,0
travel,32.089,769.9,672.910,672.910,fly,0.876,ok,2601,0,0,192.00,453750784,601554944,114090264,95883264,18123768,2904,11174640,22132800,1260288,6868,6868,0,0,0,0,0,0,0,0,0.068,0.079,0.000,0,0,0,6868,6868,0,0
travel,32.119,770.6,673.426,673.426,fly,0.962,ok,2601,0,0,192.00,453750784,601554944,114090264,95883264,18123768,2904,11174640,22132800,1260288,6868,6868,0,0,0,0,0,0,0,0,0.073,0.086,0.000,0,0,0,6868,6868,0,0
travel,32.150,771.4,673.941,673.941,fly,0.858,ok,2601,0,0,192.00,453750784,601554944,114090264,95883264,18123768,2904,11174640,22132800,1260288,6868,6868,0,0,0,0,0,0,0,0,0.069,0.067,0.000,0,0,0,6868,6868,0,0
travel,32.182,772.1,674.483,674.483,fly,0.854,ok,2601,0,0,192.00,453750784,601554944,114090264,95883264,18123768,2904,11174640,22132800,1260288,6868,6868,0,0,0,0,0,0,0,0,0.071,0.067,0.000,0,0,0,6868,6868,0,0
travel,32.212,772.9,674.997,674.997,fly,0.858,ok,2601,0,0,192.00,453750784,601554944,114090264,95883264,18123768,2904,7449760,22132800,1260288,6868,6868,0,0,0,0,0,0,0,0,0.069,0.068,0.000,0,0,0,6868,6868,0,0
travel,32.243,773.6,675.515,675.515,fly,0.848,ok,2601,0,0,192.00,453750784,601554944,114090264,95883264,18123768,2904,7449760,22132800,1260288,6868,6868,0,0,0,0,0,0,0,0,0.069,0.067,0.000,0,0,0,6868,6868,0,0
travel,32.273,774.3,676.028,676.028,fly,0.852,ok,2601,0,0,192.00,453750784,601554944,114090264,95883264,18123768,2904,7449760,22132800,1260288,6868,6868,0,0,0,0,0,0,0,0,0.068,0.071,0.000,0,0,0,6868,6868,0,0
travel,32.303,775.1,676.544,676.544,fly,0.867,ok,2601,0,0,192.00,453750784,601554944,114090264,95883264,18123768,2904,7449760,22132800,1260288,6868,6868,0,0,0,0,0,0,0,0,0.070,0.067,0.000,0,0,0,6868,6868,0,0
travel,32.333,775.8,677.058,677.058,fly,0.866,ok,2601,0,0,192.00,453750784,601554944,114090264,95883264,18123768,2904,7449760,22132800,1260288,6868,6868,0,0,0,0,0,0,0,0,0.068,0.068,0.000,0,0,0,6868,6868,0,0
travel,32.364,776.5,677.577,677.577,fly,0.896,ok,2601,0,0,192.00,453750784,601554944,114090264,95883264,18123768,2904,7449760,22132800,1260288,6868,6868,0,0,0,0,0,0,0,0,0.069,0.073,0.000,0,0,0,6868,6868,0,0
travel,32.394,777.2,678.087,678.087,fly,1.336,ok,2601,0,0,192.00,453750784,601554944,114090264,95883264,18123768,2904,7449760,22132800,1260288,6868,6868,0,0,0,0,0,0,0,0,0.426,0.141,0.000,0,0,0,6868,6868,0,0
travel,32.425,778.0,678.607,678.607,fly,0.851,ok,2601,0,0,192.00,453750784,601554944,114090264,95883264,18123768,2904,7449760,22132800,1260288,6868,6868,0,0,0,0,0,0,0,0,0.068,0.069,0.000,0,0,0,6868,6868,0,0
travel,32.456,778.7,679.131,679.131,fly,0.843,ok,2601,0,0,192.00,453750784,601554944,114090264,95883264,18123768,2904,7449760,22132800,1260288,6868,6868,0,0,0,0,0,0,0,0,0.067,0.065,0.000,0,0,0,6868,6868,0,0
travel,32.486,779.4,679.646,679.646,fly,0.896,ok,2601,0,0,192.00,453750784,601554944,114090264,95883264,18123768,2904,7449760,22132800,1260288,6868,6868,0,0,0,0,0,0,0,0,0.071,0.074,0.000,0,0,0,6868,6868,0,0
travel,32.524,780.3,680.286,680.286,fly,1.066,ok,2601,0,101,192.00,453750784,601554944,114090264,95883264,18123768,2904,11174640,16862928,1295170,6969,6969,0,0,7,0,0,0,0,0,0.082,0.127,0.000,0,0,0,6969,6969,0,0
travel,32.555,781.1,680.818,680.818,fly,0.883,ok,2601,0,0,192.00,453750784,601554944,114090264,95883264,18123768,2904,11174640,22132800,1315884,6969,6969,0,0,0,0,0,0,0,0,0.072,0.072,0.000,0,0,0,6969,6969,0,0
travel,32.586,781.8,681.337,681.337,fly,0.875,ok,2601,0,0,192.00,453750784,601554944,114090264,95883264,18123768,2904,11174640,22132800,1315884,6969,6969,0,0,0,0,0,0,0,0,0.069,0.069,0.000,0,0,0,6969,6969,0,0
travel,32.616,782.6,681.848,681.848,fly,0.898,ok,2601,0,0,192.00,453750784,601554944,114090264,95883264,18123768,2904,11174640,22132800,1315884,6969,6969,0,0,0,0,0,0,0,0,0.071,0.069,0.000,0,0,0,6969,6969,0,0
travel,32.647,783.3,682.375,682.375,fly,0.859,ok,2601,0,0,192.00,453750784,601554944,114090264,95883264,18123768,2904,11174640,22132800,1315884,6969,6969,0,0,0,0,0,0,0,0,0.069,0.069,0.000,0,0,0,6969,6969,0,0
travel,32.677,784.0,682.891,682.891,fly,0.868,ok,2601,0,0,192.00,453750784,601554944,114090264,95883264,18123768,2904,7449760,22132800,1315884,6969,6969,0,0,0,0,0,0,0,0,0.069,0.068,0.000,0,0,0,6969,6969,0,0
travel,32.708,784.8,683.408,683.408,fly,0.962,ok,2601,0,0,192.00,453750784,601554944,114090264,95883264,18123768,2904,7449760,22132800,1315884,6969,6969,0,0,0,0,0,0,0,0,0.078,0.118,0.000,0,0,0,6969,6969,0,0
travel,32.738,785.5,683.920,683.920,fly,0.855,ok,2601,0,0,192.00,453750784,601554944,114090264,95883264,18123768,2904,7449760,22132800,1315884,6969,6969,0,0,0,0,0,0,0,0,0.069,0.068,0.000,0,0,0,6969,6969,0,0
travel,32.769,786.2,684.443,684.443,fly,0.854,ok,2601,0,0,192.00,453750784,601554944,114090264,95883264,18123768,2904,7449760,22132800,1315884,6969,6969,0,0,0,0,0,0,0,0,0.069,0.069,0.000,0,0,0,6969,6969,0,0
travel,32.799,787.0,684.960,684.960,fly,0.902,ok,2601,0,0,192.00,453750784,601554944,114090264,95883264,18123768,2904,7449760,22132800,1315884,6969,6969,0,0,0,0,0,0,0,0,0.072,0.078,0.000,0,0,0,6969,6969,0,0
travel,32.830,787.7,685.474,685.474,fly,0.842,ok,2601,0,0,192.00,453750784,601554944,114090264,95883264,18123768,2904,7449760,22132800,1315884,6969,6969,0,0,0,0,0,0,0,0,0.068,0.065,0.000,0,0,0,6969,6969,0,0
travel,32.860,788.4,685.991,685.991,fly,1.332,ok,2601,0,0,192.00,453750784,601554944,114090264,95883264,18123768,2904,7449760,22132800,1315884,6969,6969,0,0,0,0,0,0,0,0,0.510,0.071,0.000,0,0,0,6969,6969,0,0
travel,32.891,789.1,686.510,686.510,fly,0.851,ok,2601,0,0,192.00,453750784,601554944,114090264,95883264,18123768,2904,7449760,22132800,1315884,6969,6969,0,0,0,0,0,0,0,0,0.068,0.068,0.000,0,0,0,6969,6969,0,0
travel,32.922,789.9,687.038,687.038,fly,0.884,ok,2601,0,0,192.00,453750784,601554944,114090264,95883264,18123768,2904,7449760,22132800,1315884,6969,6969,0,0,0,0,0,0,0,0,0.068,0.071,0.000,0,0,0,6969,6969,0,0
travel,32.952,790.6,687.556,687.556,fly,0.869,ok,2601,0,0,192.00,453750784,601554944,114090264,95883264,18123768,2904,7449760,22132800,1315884,6969,6969,0,0,0,0,0,0,0,0,0.067,0.069,0.000,0,0,0,6969,6969,0,0
travel,32.992,791.6,688.234,688.234,fly,0.948,ok,2601,0,128,192.00,453750784,601554944,114090264,95883264,18123768,2904,11174640,15454176,1342738,7070,7070,0,0,8,0,0,0,0,0,0.071,0.083,0.000,0,0,0,7070,7070,0,0
travel,33.023,792.3,688.748,688.748,fly,0.920,ok,2601,0,0,192.00,453750784,601554944,114090264,95883264,18123768,2904,11174640,22132800,1370828,7070,7070,0,0,0,0,0,0,0,0,0.073,0.079,0.000,0,0,0,7070,7070,0,0
travel,33.053,793.0,689.265,689.265,fly,0.866,ok,2601,0,0,192.00,453750784,601554944,114090264,95883264,18123768,2904,11174640,22132800,1370828,7070,7070,0,0,0,0,0,0,0,0,0.070,0.069,0.000,0,0,0,7070,7070,0,0
travel,33.083,793.8,689.778,689.778,fly,0.882,ok,2601,0,0,192.00,453750784,601554944,114090264,95883264,18123768,2904,11174640,22132800,1370828,7070,7070,0,0,0,0,0,0,0,0,0.072,0.070,0.000,0,0,0,7070,7070,0,0
travel,33.114,794.5,690.292,690.292,fly,0.854,ok,2601,0,0,192.00,453750784,601554944,114090264,95883264,18123768,2904,11174640,22132800,1370828,7070,7070,0,0,0,0,0,0,0,0,0.070,0.067,0.000,0,0,0,7070,7070,0,0
travel,33.144,795.2,690.809,690.809,fly,0.854,ok,2601,0,0,192.00,453750784,601554944,114090264,95883264,18123768,2904,7449760,22132800,1370828,7070,7070,0,0,0,0,0,0,0,0,0.069,0.068,0.000,0,0,0,7070,7070,0,0
travel,33.175,796.0,691.329,691.329,fly,0.919,ok,2601,0,0,192.00,453750784,601554944,114090264,95883264,18123768,2904,7449760,22132800,1370828,7070,7070,0,0,0,0,0,0,0,0,0.072,0.088,0.000,0,0,0,7070,7070,0,0
travel,33.206,796.7,691.853,691.853,fly,0.871,ok,2601,0,0,192.00,453750784,601554944,114090264,95883264,18123768,2904,7449760,22132800,1370828,7070,7070,0,0,0,0,0,0,0,0,0.071,0.071,0.000,0,0,0,7070,7070,0,0
travel,33.237,797.4,692.377,692.377,fly,0.867,ok,2601,0,0,192.00,453750784,601554944,114090264,95883264,18123768,2904,7449760,22132800,1370828,7070,7070,0,0,0,0,0,0,0,0,0.068,0.069,0.000,0,0,0,7070,7070,0,0
travel,33.267,798.2,692.892,692.892,fly,0.997,ok,2601,0,0,192.00,453750784,601554944,114090264,95883264,18123768,2904,7449760,22132800,1370828,7070,7070,0,0,0,0,0,0,0,0,0.074,0.139,0.000,0,0,0,7070,7070,0,0
travel,33.297,798.9,693.408,693.408,fly,0.864,ok,2601,0,0,192.00,453750784,601554944,114090264,95883264,18123768,2904,7449760,22132800,1370828,7070,7070,0,0,0,0,0,0,0,0,0.071,0.068,0.000,0,0,0,7070,7070,0,0
travel,33.328,799.6,693.923,693.923,fly,0.862,ok,2601,0,0,192.00,453750784,601554944,114090264,95883264,18123768,2904,7449760,22132800,1370828,7070,7070,0,0,0,0,0,0,0,0,0.069,0.068,0.000,0,0,0,7070,7070,0,0
travel,33.358,800.4,694.436,694.436,fly,0.877,ok,2601,0,0,192.00,453750784,601554944,114090264,95883264,18123768,2904,7449760,22132800,1370828,7070,7070,0,0,0,0,0,0,0,0,0.073,0.070,0.000,0,0,0,7070,7070,0,0
travel,33.389,801.1,694.955,694.955,fly,0.857,ok,2601,0,0,192.00,453750784,601554944,114090264,95883264,18123768,2904,7449760,22132800,1370828,7070,7070,0,0,0,0,0,0,0,0,0.068,0.065,0.000,0,0,0,7070,7070,0,0
travel,33.420,801.8,695.487,695.487,fly,0.866,ok,2601,0,0,192.00,453750784,601554944,114090264,95883264,18123768,2904,7449760,22132800,1370828,7070,7070,0,0,0,0,0,0,0,0,0.069,0.067,0.000,0,0,0,7070,7070,0,0
travel,33.450,802.6,695.998,695.998,fly,0.861,ok,2601,0,0,192.00,453750784,601554944,114090264,95883264,18123768,2904,7449760,22132800,1370828,7070,7070,0,0,0,0,0,0,0,0,0.067,0.068,0.000,0,0,0,7070,7070,0,0
travel,33.489,803.5,696.654,696.654,fly,1.829,ok,2601,0,0,192.00,453750784,601554944,114090264,95883264,18123768,2904,11174640,22132800,1424472,7171,7171,0,0,0,0,0,0,0,0,0.660,0.157,0.000,0,0,0,7171,7171,0,0
travel,33.520,804.2,697.183,697.183,fly,0.871,ok,2601,0,0,192.00,453750784,601554944,114090264,95883264,18123768,2904,11174640,22132800,1424472,7171,7171,0,0,0,0,0,0,0,0,0.070,0.070,0.000,0,0,0,7171,7171,0,0
travel,33.551,805.0,697.712,697.712,fly,0.867,ok,2601,0,0,192.00,453750784,601554944,114090264,95883264,18123768,2904,11174640,22132800,1424472,7171,7171,0,0,0,0,0,0,0,0,0.070,0.068,0.000,0,0,0,7171,7171,0,0
travel,33.582,805.7,698.228,698.228,fly,0.879,ok,2601,0,0,192.00,453750784,601554944,114090264,95883264,18123768,2904,11174640,22132800,1424472,7171,7171,0,0,0,0,0,0,0,0,0.070,0.070,0.000,0,0,0,7171,7171,0,0
travel,33.612,806.5,698.749,698.749,fly,0.851,ok,2601,0,0,192.00,453750784,601554944,114090264,95883264,18123768,2904,7449760,22132800,1424472,7171,7171,0,0,0,0,0,0,0,0,0.070,0.069,0.000,0,0,0,7171,7171,0,0
travel,33.643,807.2,699.264,699.264,fly,0.850,ok,2601,0,0,192.00,453750784,601554944,114090264,95883264,18123768,2904,7449760,22132800,1424472,7171,7171,0,0,0,0,0,0,0,0,0.073,0.065,0.000,0,0,0,7171,7171,0,0
travel,33.673,807.9,699.773,699.773,fly,0.874,ok,2601,0,0,192.00,453750784,601554944,114090264,95883264,18123768,2904,7449760,22132800,1424472,7171,7171,0,0,0,0,0,0,0,0,0.070,0.073,0.000,0,0,0,7171,7171,0,0
travel,33.703,808.6,700.294,700.294,fly,0.906,ok,2601,0,0,192.00,453750784,601554944,114090264,95883264,18123768,2904,7449760,22132800,1424472,7171,7171,0,0,0,0,0,0,0,0,0.070,0.076,0.000,0,0,0,7171,7171,0,0
travel,33.734,809.4,700.812,700.812,fly,0.882,ok,2601,0,0,192.00,453750784,601554944,114090264,95883264,18123768,2904,7449760,22132800,1424472,7171,7171,0,0,0,0,0,0,0,0,0.088,0.070,0.000,0,0,0,7171,7171,0,0
travel,33.764,810.1,701.322,701.322,fly,0.856,ok,2601,0,0,192.00,453750784,601554944,114090264,95883264,18123768,2904,7449760,22132800,1424472,7171,7171,0,0,0,0,0,0,0,0,0.067,0.070,0.000,0,0,0,7171,7171,0,0
travel,33.794,810.8,701.839,701.839,fly,0.863,ok,2601,0,0,192.00,453750784,601554944,114090264,95883264,18123768,2904,7449760,22132800,1424472,7171,7171,0,0,0,0,0,0,0,0,0.070,0.077,0.000,0,0,0,7171,7171,0,0
travel,33.824,811.5,702.349,702.349,fly,0.843,ok,2601,0,0,192.00,453750784,601554944,114090264,95883264,18123768,2904,7449760,22132800,1424472,7171,7171,0,0,0,0,0,0,0,0,0.067,0.065,0.000,0,0,0,7171,7171,0,0
travel,33.855,812.3,702.874,702.874,fly,0.865,ok,2601,0,0,192.00,453750784,601554944,114090264,95883264,18123768,2904,7449760,22132800,1424472,7171,7171,0,0,0,0,0,0,0,0,0.068,0.068,0.000,0,0,0,7171,7171,0,0
travel,33.886,813.0,703.396,703.396,fly,0.860,ok,2601,0,0,192.00,453750784,601554944,114090264,95883264,18123768,2904,7449760,22132800,1424472,7171,7171,0,0,0,0,0,0,0,0,0.067,0.065,0.000,0,0,0,7171,7171,0,0
travel,33.916,813.7,703.908,703.908,fly,0.905,ok,2601,0,0,192.00,453750784,601554944,114090264,95883264,18123768,2904,7449760,22132800,1424472,7171,7171,0,0,0,0,0,0,0,0,0.069,0.074,0.000,0,0,0,7171,7171,0,0
travel,33.957,814.7,704.591,704.591,fly,0.951,ok,2601,0,11,192.00,453771264,601554944,114090264,95883264,18123768,2904,11174640,21610944,1263000,7272,7272,0,0,7,0,0,0,0,0,0.077,0.110,0.000,0,0,0,7272,7272,0,0
travel,33.987,815.4,705.105,705.105,fly,0.865,ok,2601,0,0,192.00,453771264,601554944,114090264,95883264,18123768,2904,11174640,22132800,1264634,7272,7272,0,0,0,0,0,0,0,0,0.070,0.067,0.000,0,0,0,7272,7272,0,0
travel,34.018,816.2,705.628,705.628,fly,0.873,ok,2601,0,0,192.00,453771264,601554944,114090264,95883264,18123768,2904,11174640,22132800,1264634,7272,7272,0,0,0,0,0,0,0,0,0.070,0.071,0.000,0,0,0,7272,7272,0,0
travel,34.048,816.9,706.143,706.143,fly,0.956,ok,2601,0,0,192.00,453771264,601554944,114090264,95883264,18123768,2904,11174640,22132800,1264634,7272,7272,0,0,0,0,0,0,0,0,0.080,0.106,0.000,0,0,0,7272,7272,0,0
travel,34.079,817.7,706.667,706.667,fly,0.873,ok,2601,0,0,192.00,453771264,601554944,114090264,95883264,18123768,2904,7449760,22132800,1264634,7272,7272,0,0,0,0,0,0,0,0,0.070,0.069,0.000,0,0,0,7272,7272,0,0
travel,34.110,818.4,707.190,707.190,fly,0.861,ok,2601,0,0,192.00,453771264,601554944,114090264,95883264,18123768,2904,7449760,22132800,1264634,7272,7272,0,0,0,0,0,0,0,0,0.070,0.069,0.000,0,0,0,7272,7272,0,0
travel,34.140,819.1,707.704,707.704,fly,0.895,ok,2601,0,0,192.00,453771264,601554944,114090264,95883264,18123768,2904,7449760,22132800,1264634,7272,7272,0,0,0,0,0,0,0,0,0.094,0.072,0.000,0,0,0,7272,7272,0,0
travel,34.171,819.9,708.225,708.225,fly,0.936,ok,2601,0,0,192.00,453771264,601554944,114090264,95883264,18123768,2904,7449760,22132800,1264634,7272,7272,0,0,0,0,0,0,0,0,0.072,0.081,0.000,0,0,0,7272,7272,0,0
travel,34.202,820.6,708.747,708.747,fly,0.867,ok,2601,0,0,192.00,453771264,601554944,114090264,95883264,18123768,2904,7449760,22132800,1264634,7272,7272,0,0,0,0,0,0,0,0,0.069,0.068,0.000,0,0,0,7272,7272,0,0
travel,34.232,821.3,709.269,709.269,fly,0.899,ok,2601,0,0,192.00,453836800,601554944,114090264,95883264,18123768,2904,7449760,22132800,1264634,7272,7272,0,0,0,0,0,0,0,0,0.091,0.067,0.000,0,0,0,7272,7272,0,0
travel,34.263,822.1,709.786,709.786,fly,0.875,ok,2601,0,0,192.00,453836800,601554944,114090264,95883264,18123768,2904,7449760,22132800,1264634,7272,7272,0,0,0,0,0,0,0,0,0.068,0.070,0.000,0,0,0,7272,7272,0,0
travel,34.294,822.8,710.316,710.316,fly,0.847,ok,2601,0,0,192.00,453836800,601554944,114090264,95883264,18123768,2904,7449760,22132800,1264634,7272,7272,0,0,0,0,0,0,0,0,0.068,0.065,0.000,0,0,0,7272,7272,0,0
travel,34.325,823.5,710.833,710.833,fly,0.979,ok,2601,0,0,192.00,453836800,601554944,114090264,95883264,18123768,2904,7449760,22132800,1264634,7272,7272,0,0,0,0,0,0,0,0,0.173,0.073,0.000,0,0,0,7272,7272,0,0
travel,34.355,824.3,711.349,711.349,fly,0.877,ok,2601,0,0,192.00,453836800,601554944,114090264,95883264,18123768,2904,7449760,22132800,1264634,7272,7272,0,0,0,0,0,0,0,0,0.068,0.075,0.000,0,0,0,7272,7272,0,0
travel,34.386,825.0,711.877,711.877,fly,0.855,ok,2601,0,0,192.00,453836800,601554944,114090264,95883264,18123768,2904,7449760,22132800,1264634,7272,7272,0,0,0,0,0,0,0,0,0.068,0.069,0.000,0,0,0,7272,7272,0,0
travel,34.426,826.0,712.549,712.549,fly,0.860,ok,2601,0,9,192.00,453836800,601554944,114090264,95883264,18123768,2904,11174640,21663120,1318304,7373,7373,0,0,1,0,0,0,0,0,0.069,0.069,0.000,0,0,0,7373,7373,0,0
travel,34.457,826.7,713.076,713.076,fly,0.858,ok,2601,0,0,192.00,453836800,601554944,114090264,95883264,18123768,2904,11174640,22132800,1319670,7373,7373,0,0,0,0,0,0,0,0,0.071,0.067,0.000,0,0,0,7373,7373,0,0
travel,34.487,827.4,713.585,713.585,fly,0.886,ok,2601,0,0,192.00,453836800,601554944,114090264,95883264,18123768,2904,11174640,22132800,1319670,7373,7373,0,0,0,0,0,0,0,0,0.070,0.073,0.000,0,0,0,7373,7373,0,0
travel,34.517,828.2,714.100,714.100,fly,0.850,ok,2601,0,0,192.00,453836800,601554944,114090264,95883264,18123768,2904,11174640,22132800,1319670,7373,7373,0,0,0,0,0,0,0,0,0.069,0.065,0.000,0,0,0,7373,7373,0,0
travel,34.548,828.9,714.613,714.613,fly,0.855,ok,2601,0,0,192.00,453836800,601554944,114090264,95883264,18123768,2904,11174640,22132800,1319670,7373,7373,0,0,0,0,0,0,0,0,0.070,0.066,0.000,0,0,0,7373,7373,0,0
travel,34.578,829.6,715.134,715.134,fly,0.886,ok,2601,0,0,192.00,453836800,601554944,114090264,95883264,18123768,2904,7449760,22132800,1319670,7373,7373,0,0,0,0,0,0,0,0,0.074,0.071,0.000,0,0,0,7373,7373,0,0
travel,34.609,830.4,715.659,715.659,fly,0.859,ok,2601,0,0,192.00,453836800,601554944,114090264,95883264,18123768,2904,7449760,22132800,1319670,7373,7373,0,0,0,0,0,0,0,0,0.069,0.069,0.000,0,0,0,7373,7373,0,0
travel,34.639,831.1,716.174,716.174,fly,1.066,ok,2601,0,0,192.00,453836800,601554944,114090264,95883264,18123768,2904,7449760,22132800,1319670,7373,7373,0,0,0,0,0,0,0,0,0.238,0.078,0.000,0,0,0,7373,7373,0,0
travel,34.670,831.8,716.690,716.690,fly,0.867,ok,2601,0,0,192.00,453836800,601554944,114090264,95883264,18123768,2904,7449760,22132800,1319670,7373,7373,0,0,0,0,0,0,0,0,0.068,0.065,0.000,0,0,0,7373,7373,0,0
travel,34.701,832.6,717.211,717.211,fly,0.865,ok,2601,0,0,192.00,453836800,601554944,114090264,95883264,18123768,2904,7449760,22132800,1319670,7373,7373,0,0,0,0,0,0,0,0,0.067,0.068,0.000,0,0,0,7373,7373,0,0
travel,34.731,833.3,717.722,717.722,fly,0.876,ok,2601,0,0,192.00,453836800,601554944,114090264,95883264,18123768,2904,7449760,22132800,1319670,7373,7373,0,0,0,0,0,0,0,0,0.068,0.067,0.000,0,0,0,7373,7373,0,0
travel,34.761,834.0,718.240,718.240,fly,0.882,ok,2601,0,0,192.00,453836800,601554944,114090264,95883264,18123768,2904,7449760,22132800,1319670,7373,7373,0,0,0,0,0,0,0,0,0.068,0.067,0.000,0,0,0,7373,7373,0,0
travel,34.792,834.7,718.752,718.752,fly,1.124,ok,2601,0,0,192.00,453836800,601554944,114090264,95883264,18123768,2904,7449760,22132800,1319670,7373,7373,0,0,0,0,0,0,0,0,0.068,0.322,0.000,0,0,0,7373,7373,0,0
travel,34.822,835.5,719.268,719.268,fly,0.972,ok,2601,0,0,192.00,453836800,601554944,114090264,95883264,18123768,2904,7449760,22132800,1319670,7373,7373,0,0,0,0,0,0,0,0,0.070,0.084,0.000,0,0,0,7373,7373,0,0
travel,34.852,836.2,719.784,719.784,fly,0.872,ok,2601,0,0,192.00,453836800,601554944,114090264,95883264,18123768,2904,7449760,22132800,1319670,7373,7373,0,0,0,0,0,0,0,0,0.069,0.065,0.000,0,0,0,7373,7373,0,0
travel,34.891,837.1,720.445,720.445,fly,0.883,ok,2601,0,37,192.00,453836800,601554944,114090264,95883264,18123768,2904,11174640,20202192,1366332,7474,7474,0,0,8,0,0,0,0,0,0.069,0.072,0.000,0,0,0,7474,7474,0,0
travel,34.922,837.9,720.966,720.966,fly,0.866,ok,2601,0,0,192.00,453836800,601554944,114090264,95883264,18123768,2904,11174640,22132800,1372842,7474,7474,0,0,0,0,0,0,0,0,0.069,0.070,0.000,0,0,0,7474,7474,0,0
travel,34.953,838.6,721.483,721.483,fly,1.369,ok,2601,0,0,192.00,453836800,601554944,114090264,95883264,18123768,2904,11174640,22132800,1372842,7474,7474,0,0,0,0,0,0,0,0,0.526,0.073,0.000,0,0,0,7474,7474,0,0
travel,34.983,839.3,722.008,722.008,fly,0.925,ok,2601,0,0,192.00,453836800,601554944,114090264,95883264,18123768,2904,11174640,22132800,1372842,7474,7474,0,0,0,0,0,0,0,0,0.070,0.069,0.000,0,0,0,7474,7474,0,0
travel,35.014,840.1,722.531,722.531,fly,0.871,ok,2601,0,0,192.00,453836800,601554944,114090264,95883264,18123768,2904,11174640,22132800,1372842,7474,7474,0,0,0,0,0,0,0,0,0.069,0.070,0.000,0,0,0,7474,7474,0,0
travel,35.045,840.8,723.049,723.049,fly,1.435,ok,2601,0,0,192.00,453836800,601554944,114090264,95883264,18123768,2904,7449760,22132800,1372842,7474,7474,0,0,0,0,0,0,0,0,0.628,0.066,0.000,0,0,0,7474,7474,0,0
travel,35.075,841.6,723.569,723.569,fly,0.871,ok,2601,0,0,192.00,453836800,601554944,114090264,95883264,18123768,2904,7449760,22132800,1372842,7474,7474,0,0,0,0,0,0,0,0,0.069,0.064,0.000,0,0,0,7474,7474,0,0
travel,35.106,842.3,724.083,724.083,fly,0.869,ok,2601,0,0,192.00,453836800,601554944,114090264,95883264,18123768,2904,7449760,22132800,1372842,7474,7474,0,0,0,0,0,0,0,0,0.070,0.069,0.000,0,0,0,7474,7474,0,0
travel,35.136,843.0,724.594,724.594,fly,0.908,ok,2601,0,0,192.00,453836800,601554944,114090264,95883264,18123768,2904,7449760,22132800,1372842,7474,7474,0,0,0,0,0,0,0,0,0.070,0.079,0.000,0,0,0,7474,7474,0,0
travel,35.167,843.7,725.119,725.119,fly,0.856,ok,2601,0,0,192.00,453836800,601554944,114090264,95883264,18123768,2904,7449760,22132800,1372842,7474,7474,0,0,0,0,0,0,0,0,0.068,0.069,0.000,0,0,0,7474,7474,0,0
travel,35.197,844.5,725.636,725.636,fly,0.847,ok,2601,0,0,192.00,453836800,601554944,114090264,95883264,18123768,2904,7449760,22132800,1372842,7474,7474,0,0,0,0,0,0,0,0,0.068,0.065,0.000,0,0,0,7474,7474,0,0
travel,35.228,845.2,726.149,726.149,fly,0.906,ok,2601,0,0,192.00,453836800,601554944,114090264,95883264,18123768,2904,7449760,22132800,1372842,7474,7474,0,0,0,0,0,0,0,0,0.069,0.077,0.000,0,0,0,7474,7474,0,0
travel,35.258,845.9,726.658,726.658,fly,0.852,ok,2601,0,0,192.00,453836800,601554944,114090264,95883264,18123768,2904,7449760,22132800,1372842,7474,7474,0,0,0,0,0,0,0,0,0.068,0.070,0.000,0,0,0,7474,7474,0,0
travel,35.288,846.7,727.179,727.179,fly,0.875,ok,2601,0,0,192.00,453836800,601554944,114090264,95883264,18123768,2904,7449760,22132800,1372842,7474,7474,0,0,0,0,0,0,0,0,0.084,0.070,0.000,0,0,0,7474,7474,0,0
travel,35.319,847.4,727.693,727.693,fly,0.862,ok,2601,0,0,192.00,453836800,601554944,114090264,95883264,18123768,2904,7449760,22132800,1372842,7474,7474,0,0,0,0,0,0,0,0,0.067,0.065,0.000,0,0,0,7474,7474,0,0
travel,35.357,848.3,728.338,728.338,fly,0.886,ok,2601,0,90,192.00,453836800,601554944,114090264,95883264,18123768,2904,11174640,17436864,1410022,7575,7575,0,0,7,0,0,0,0,0,0.068,0.070,0.000,0,0,0,7575,7575,0,0
travel,35.388,849.0,728.867,728.867,fly,0.918,ok,2601,0,0,192.00,453836800,601554944,114090264,95883264,18123768,2904,11174640,22132800,1427494,7575,7575,0,0,0,0,0,0,0,0,0.068,0.077,0.000,0,0,0,7575,7575,0,0
travel,35.419,849.8,729.391,729.391,fly,0.875,ok,2601,0,0,192.00,453836800,601554944,114090264,95883264,18123768,2904,11174640,22132800,1427494,7575,7575,0,0,0,0,0,0,0,0,0.068,0.070,0.000,0,0,0,7575,7575,0,0
travel,35.449,850.5,729.902,729.902,fly,0.868,ok,2601,0,0,192.00,453836800,601554944,114090264,95883264,18123768,2904,11174640,22132800,1427494,7575,7575,0,0,0,0,0,0,0,0,0.067,0.067,0.000,0,0,0,7575,7575,0,0
travel,35.479,851.2,730.419,730.419,fly,0.881,ok,2601,0,0,192.00,453836800,601554944,114090264,95883264,18123768,2904,11174640,22132800,1427494,7575,7575,0,0,0,0,0,0,0,0,0.067,0.069,0.000,0,0,0,7575,7575,0,0
travel,35.510,852.0,730.937,730.937,fly,0.878,ok,2601,0,0,192.00,453836800,601554944,114090264,95883264,18123768,2904,7449760,22132800,1427494,7575,7575,0,0,0,0,0,0,0,0,0.068,0.071,0.000,0,0,0,7575,7575,0,0
travel,35.540,852.7,731.450,731.450,fly,0.864,ok,2601,0,0,192.00,453836800,601554944,114090264,95883264,18123768,2904,7449760,22132800,1427494,7575,7575,0,0,0,0,0,0,0,0,0.068,0.067,0.000,0,0,0,7575,7575,0,0
travel,35.570,853.4,731.965,731.965,fly,0.954,ok,2601,0,0,192.00,453836800,601554944,114090264,95883264,18123768,2904,7449760,22132800,1427494,7575,7575,0,0,0,0,0,0,0,0,0.068,0.146,0.000,0,0,0,7575,7575,0,0
travel,35.601,854.2,732.483,732.483,fly,0.876,ok,2601,0,0,192.00,453836800,601554944,114090264,95883264,18123768,2904,7449760,22132800,1427494,7575,7575,0,0,0,0,0,0,0,0,0.068,0.068,0.000,0,0,0,7575,7575,0,0
travel,35.631,854.9,732.996,732.996,fly,0.876,ok,2601,0,0,192.00,453836800,601554944,114090264,95883264,18123768,2904,7449760,22132800,1427494,7575,7575,0,0,0,0,0,0,0,0,0.068,0.068,0.000,0,0,0,7575,7575,0,0
travel,35.662,855.6,733.511,733.511,fly,0.876,ok,2601,0,0,192.00,453836800,601554944,114090264,95883264,18123768,2904,7449760,22132800,1427494,7575,7575,0,0,0,0,0,0,0,0,0.067,0.071,0.000,0,0,0,7575,7575,0,0
travel,35.692,856.3,734.029,734.029,fly,0.991,ok,2601,0,0,192.00,453836800,601554944,114090264,95883264,18123768,2904,7449760,22132800,1427494,7575,7575,0,0,0,0,0,0,0,0,0.077,0.108,0.000,0,0,0,7575,7575,0,0
travel,35.723,857.1,734.549,734.549,fly,0.896,ok,2601,0,0,192.00,453836800,601554944,114090264,95883264,18123768,2904,7449760,22132800,1427494,7575,7575,0,0,0,0,0,0,0,0,0.068,0.070,0.000,0,0,0,7575,7575,0,0
travel,35.753,857.8,735.065,735.065,fly,0.878,ok,2601,0,0,192.00,453836800,601554944,114090264,95883264,18123768,2904,7449760,22132800,1427494,7575,7575,0,0,0,0,0,0,0,0,0.067,0.071,0.000,0,0,0,7575,7575,0,0
travel,35.783,858.5,735.577,735.577,fly,1.144,ok,2601,0,0,192.00,453836800,601554944,114090264,95883264,18123768,2904,7449760,22132800,1427494,7575,7575,0,0,0,0,0,0,0,0,0.304,0.076,0.000,0,0,0,7575,7575,0,0
travel,35.823,859.5,736.247,736.247,fly,0.883,ok,2601,0,133,192.00,453836800,601554944,114090264,95883264,18123768,2904,11174640,15193296,1452424,7676,7676,0,0,7,0,0,0,0,0,0.071,0.068,0.000,0,0,0,7676,7676,0,0
travel,35.853,860.2,736.762,736.762,fly,0.875,ok,2601,0,0,192.00,453836800,601554944,114090264,95883264,18123768,2904,11174640,22132800,1263075,7676,7676,0,0,0,0,0,0,0,0,0.069,0.066,0.000,0,0,0,7676,7676,0,0
travel,35.884,861.0,737.291,737.291,fly,0.889,ok,2601,0,0,192.00,453836800,601554944,114090264,95883264,18123768,2904,11174640,22132800,1263075,7676,7676,0,0,0,0,0,0,0,0,0.070,0.073,0.000,0,0,0,7676,7676,0,0
travel,35.915,861.7,737.817,737.817,fly,0.992,ok,2601,0,0,192.00,453836800,601554944,114090264,95883264,18123768,2904,11174640,22132800,1263075,7676,7676,0,0,0,0,0,0,0,0,0.076,0.108,0.000,0,0,0,7676,7676,0,0
travel,35.946,862.4,738.333,738.333,fly,0.943,ok,2601,0,0,192.00,453836800,601554944,114090264,95883264,18123768,2904,11174640,22132800,1263075,7676,7676,0,0,0,0,0,0,0,0,0.138,0.064,0.000,0,0,0,7676,7676,0,0
travel,35.976,863.2,738.853,738.853,fly,0.854,ok,2601,0,0,192.00,453836800,601554944,114090264,95883264,18123768,2904,7449760,22132800,1263075,7676,7676,0,0,0,0,0,0,0,0,0.069,0.067,0.000,0,0,0,7676,7676,0,0
travel,36.008,863.9,739.387,739.387,fly,0.865,ok,2601,0,0,192.00,453836800,601554944,114090264,95883264,18123768,2904,7449760,22132800,1263075,7676,7676,0,0,0,0,0,0,0,0,0.070,0.069,0.000,0,0,0,7676,7676,0,0
travel,36.038,864.7,739.902,739.902,fly,0.905,ok,2601,0,0,192.00,453836800,601554944,114090264,95883264,18123768,2904,7449760,22132800,1263075,7676,7676,0,0,0,0,0,0,0,0,0.071,0.077,0.000,0,0,0,7676,7676,0,0
travel,36.069,865.4,740.419,740.419,fly,0.863,ok,2601,0,0,192.00,453836800,601554944,114090264,95883264,18123768,2904,7449760,22132800,1263075,7676,7676,0,0,0,0,0,0,0,0,0.067,0.070,0.000,0,0,0,7676,7676,0,0
travel,36.100,866.1,740.942,740.942,fly,0.876,ok,2601,0,0,192.00,453836800,601554944,114090264,95883264,18123768,2904,7449760,22132800,1263075,7676,7676,0,0,0,0,0,0,0,0,0.069,0.067,0.000,0,0,0,7676,7676,0,0
travel,36.130,866.9,741.456,741.456,fly,0.917,ok,2601,0,0,192.00,453836800,601554944,114090264,95883264,18123768,2904,7449760,22132800,1263075,7676,7676,0,0,0,0,0,0,0,0,0.067,0.116,0.000,0,0,0,7676,7676,0,0
travel,36.160,867.6,741.969,741.969,fly,0.881,ok,2601,0,0,192.00,453836800,601554944,114090264,95883264,18123768,2904,7449760,22132800,1263075,7676,7676,0,0,0,0,0,0,0,0,0.068,0.069,0.000,0,0,0,7676,7676,0,0
travel,36.191,868.3,742.485,742.485,fly,0.899,ok,2601,0,0,192.00,453836800,601554944,114090264,95883264,18123768,2904,7449760,22132800,1263075,7676,7676,0,0,0,0,0,0,0,0,0.068,0.074,0.000,0,0,0,7676,7676,0,0
travel,36.221,869.0,743.000,743.000,fly,0.915,ok,2601,0,0,192.00,453836800,601554944,114090264,95883264,18123768,2904,7449760,22132800,1263075,7676,7676,0,0,0,0,0,0,0,0,0.067,0.071,0.000,0,0,0,7676,7676,0,0
travel,36.251,869.8,743.515,743.515,fly,0.869,ok,2601,0,0,192.00,453836800,601554944,114090264,95883264,18123768,2904,7449760,22132800,1263075,7676,7676,0,0,0,0,0,0,0,0,0.067,0.069,0.000,0,0,0,7676,7676,0,0
travel,36.285,870.6,744.089,744.089,fly,3.548,ok,2573,28,167,192.00,453836800,601554944,112862072,94851072,17928664,2904,11174640,14880912,1277776,7749,7777,37,0,49,37,37,0,0,0,0.088,0.087,0.000,0,0,0,7749,7749,0,0
travel,36.321,871.4,744.700,744.700,fly,0.873,ok,2601,0,0,192.00,453836800,601554944,114090264,95883264,18123768,2904,11174640,22132800,1318423,7777,7777,0,0,0,0,0,0,0,0,0.068,0.069,0.000,0,0,0,7777,7777,0,0
travel,36.352,872.2,745.218,745.218,fly,0.971,ok,2601,0,0,192.00,453836800,601554944,114090264,95883264,18123768,2904,11174640,22132800,1318423,7777,7777,0,0,0,0,0,0,0,0,0.079,0.107,0.000,0,0,0,7777,7777,0,0
travel,36.383,872.9,745.749,745.749,fly,0.883,ok,2601,0,0,192.00,453836800,601554944,114090264,95883264,18123768,2904,11174640,22132800,1318423,7777,7777,0,0,0,0,0,0,0,0,0.069,0.072,0.000,0,0,0,7777,7777,0,0
travel,36.413,873.6,746.263,746.263,fly,0.869,ok,2601,0,0,192.00,453836800,601554944,114090264,95883264,18123768,2904,11174640,22132800,1318423,7777,7777,0,0,0,0,0,0,0,0,0.069,0.067,0.000,0,0,0,7777,7777,0,0
travel,36.444,874.4,746.777,746.777,fly,0.891,ok,2601,0,0,192.00,453836800,601554944,114090264,95883264,18123768,2904,7449760,22132800,1318423,7777,7777,0,0,0,0,0,0,0,0,0.069,0.067,0.000,0,0,0,7777,7777,0,0
travel,36.474,875.1,747.299,747.299,fly,0.866,ok,2601,0,0,192.00,453836800,601554944,114090264,95883264,18123768,2904,7449760,22132800,1318423,7777,7777,0,0,0,0,0,0,0,0,0.069,0.066,0.000,0,0,0,7777,7777,0,0
travel,36.505,875.9,747.824,747.824,fly,0.860,ok,2601,0,0,192.00,453836800,601554944,114090264,95883264,18123768,2904,7449760,22132800,1318423,7777,7777,0,0,0,0,0,0,0,0,0.069,0.068,0.000,0,0,0,7777,7777,0,0
travel,36.536,876.6,748.336,748.336,fly,0.846,ok,2601,0,0,192.00,453836800,601554944,114090264,95883264,18123768,2904,7449760,22132800,1318423,7777,7777,0,0,0,0,0,0,0,0,0.069,0.064,0.000,0,0,0,7777,7777,0,0
travel,36.568,877.4,748.886,748.886,fly,0.896,ok,2601,0,0,192.00,453836800,601554944,114090264,95883264,18123768,2904,7449760,22132800,1318423,7777,7777,0,0,0,0,0,0,0,0,0.067,0.070,0.000,0,0,0,7777,7777,0,0
travel,36.599,878.1,749.411,749.411,fly,0.873,ok,2601,0,0,192.00,453836800,601554944,114090264,95883264,18123768,2904,7449760,22132800,1318423,7777,7777,0,0,0,0,0,0,0,0,0.067,0.067,0.000,0,0,0,7777,7777,0,0
travel,36.629,878.8,749.923,749.923,fly,1.588,ok,2601,0,0,192.00,453836800,601554944,114090264,95883264,18123768,2904,7449760,22132800,1318423,7777,7777,0,0,0,0,0,0,0,0,0.770,0.073,0.000,0,0,0,7777,7777,0,0
travel,36.660,879.6,750.447,750.447,fly,0.911,ok,2601,0,0,192.00,453836800,601554944,114090264,95883264,18123768,2904,7449760,22132800,1318423,7777,7777,0,0,0,0,0,0,0,0,0.068,0.075,0.000,0,0,0,7777,7777,0,0
travel,36.690,880.3,750.958,750.958,fly,0.863,ok,2601,0,0,192.00,453836800,601554944,114090264,95883264,18123768,2904,7449760,22132800,1318423,7777,7777,0,0,0,0,0,0,0,0,0.066,0.068,0.000,0,0,0,7777,7777,0,0
travel,36.720,881.0,751.469,751.469,fly,0.898,ok,2601,0,0,192.00,453836800,601554944,114090264,95883264,18123768,2904,7449760,22132800,1318423,7777,7777,0,0,0,0,0,0,0,0,0.071,0.076,0.000,0,0,0,7777,7777,0,0
travel,36.751,881.7,751.985,751.985,fly,0.900,ok,2601,0,0,192.00,453836800,601554944,114090264,95883264,18123768,2904,7449760,22132800,1318423,7777,7777,0,0,0,0,0,0,0,0,0.067,0.075,0.000,0,0,0,7777,7777,0,0
travel,36.790,882.7,752.648,752.648,fly,0.873,ok,2601,0,0,192.00,453836800,601554944,114090264,95883264,18123768,2904,11174640,22132800,1372543,7878,7878,0,0,0,0,0,0,0,0,0.069,0.069,0.000,0,0,0,7878,7878,0,0
travel,36.821,883.4,753.180,753.180,fly,0.872,ok,2601,0,0,192.00,453836800,601554944,114090264,95883264,18123768,2904,11174640,22132800,1372543,7878,7878,0,0,0,0,0,0,0,0,0.068,0.070,0.000,0,0,0,7878,7878,0,0
travel,36.852,884.2,753.696,753.696,fly,0.868,ok,2601,0,0,192.00,453836800,601554944,114090264,95883264,18123768,2904,11174640,22132800,1372543,7878,7878,0,0,0,0,0,0,0,0,0.066,0.067,0.000,0,0,0,7878,7878,0,0
travel,36.882,884.9,754.212,754.212,fly,0.875,ok,2601,0,0,192.00,453836800,601554944,114090264,95883264,18123768,2904,11174640,22132800,1372543,7878,7878,0,0,0,0,0,0,0,0,0.065,0.068,0.000,0,0,0,7878,7878,0,0
travel,36.913,885.6,754.730,754.730,fly,0.979,ok,2601,0,0,192.00,453836800,601554944,114090264,95883264,18123768,2904,7449760,22132800,1372543,7878,7878,0,0,0,0,0,0,0,0,0.077,0.111,0.000,0,0,0,7878,7878,0,0
travel,36.944,886.4,755.260,755.260,fly,0.886,ok,2601,0,0,192.00,453836800,601554944,114090264,95883264,18123768,2904,7449760,22132800,1372543,7878,7878,0,0,0,0,0,0,0,0,0.067,0.071,0.000,0,0,0,7878,7878,0,0
travel,36.974,887.1,755.771,755.771,fly,0.863,ok,2601,0,0,192.00,453836800,601554944,114090264,95883264,18123768,2904,7449760,22132800,1372543,7878,7878,0,0,0,0,0,0,0,0,0.065,0.064,0.000,0,0,0,7878,7878,0,0
travel,37.004,887.8,756.289,756.289,fly,0.869,ok,2601,0,0,192.00,453836800,601554944,114090264,95883264,18123768,2904,7449760,22132800,1372543,7878,7878,0,0,0,0,0,0,0,0,0.066,0.070,0.000,0,0,0,7878,7878,0,0
travel,37.035,888.6,756.812,756.812,fly,1.004,ok,2601,0,0,192.00,453836800,601554944,114090264,95883264,18123768,2904,7449760,22132800,1372543,7878,7878,0,0,0,0,0,0,0,0,0.071,0.096,0.000,0,0,0,7878,7878,0,0
travel,37.066,889.3,757.326,757.326,fly,0.848,ok,2601,0,0,192.00,453836800,601554944,114090264,95883264,18123768,2904,7449760,22132800,1372543,7878,7878,0,0,0,0,0,0,0,0,0.066,0.067,0.000,0,0,0,7878,7878,0,0
travel,37.096,890.0,757.839,757.839,fly,0.870,ok,2601,0,0,192.00,453836800,601554944,114090264,95883264,18123768,2904,7449760,22132800,1372543,7878,7878,0,0,0,0,0,0,0,0,0.066,0.067,0.000,0,0,0,7878,7878,0,0
travel,37.126,890.7,758.350,758.350,fly,0.982,ok,2601,0,0,192.00,453836800,601554944,114090264,95883264,18123768,2904,7449760,22132800,1372543,7878,7878,0,0,0,0,0,0,0,0,0.078,0.106,0.000,0,0,0,7878,7878,0,0
travel,37.157,891.5,758.873,758.873,fly,0.996,ok,2601,0,0,192.00,453836800,601554944,114090264,95883264,18123768,2904,7449760,22132800,1372543,7878,7878,0,0,0,0,0,0,0,0,0.075,0.110,0.000,0,0,0,7878,7878,0,0
travel,37.187,892.2,759.388,759.388,fly,0.864,ok,2601,0,0,192.00,453836800,601554944,114090264,95883264,18123768,2904,7449760,22132800,1372543,7878,7878,0,0,0,0,0,0,0,0,0.067,0.068,0.000,0,0,0,7878,7878,0,0
travel,37.217,892.9,759.900,759.900,fly,0.866,ok,2601,0,0,192.00,453836800,601554944,114090264,95883264,18123768,2904,7449760,22132800,1372543,7878,7878,0,0,0,0,0,0,0,0,0.068,0.066,0.000,0,0,0,7878,7878,0,0
travel,37.256,893.9,760.557,760.557,fly,0.929,ok,2601,0,0,192.00,453836800,601554944,114090264,95883264,18123768,2904,11174640,22132800,1427643,7979,7979,0,0,4,0,0,0,0,0,0.104,0.073,0.000,0,0,0,7979,7979,0,0
travel,37.286,894.6,761.068,761.068,fly,0.862,ok,2601,0,0,192.00,453836800,601554944,114090264,95883264,18123768,2904,11174640,22132800,1427643,7979,7979,0,0,0,0,0,0,0,0,0.068,0.065,0.000,0,0,0,7979,7979,0,0
travel,37.317,895.3,761.588,761.588,fly,0.881,ok,2601,0,0,192.00,453836800,601554944,114090264,95883264,18123768,2904,11174640,22132800,1427643,7979,7979,0,0,0,0,0,0,0,0,0.068,0.069,0.000,0,0,0,7979,7979,0,0
travel,37.347,896.1,762.105,762.105,fly,1.210,ok,2601,0,0,192.00,453836800,601554944,114090264,95883264,18123768,2904,11174640,22132800,1427643,7979,7979,0,0,0,0,0,0,0,0,0.386,0.075,0.000,0,0,0,7979,7979,0,0
travel,37.378,896.8,762.630,762.630,fly,0.962,ok,2601,0,0,192.00,453836800,601554944,114090264,95883264,18123768,2904,11174640,22132800,1427643,7979,7979,0,0,0,0,0,0,0,0,0.075,0.108,0.000,0,0,0,7979,7979,0,0
travel,37.408,897.5,763.142,763.142,fly,0.871,ok,2601,0,0,192.00,453836800,601554944,114090264,95883264,18123768,2904,7449760,22132800,1427643,7979,7979,0,0,0,0,0,0,0,0,0.067,0.069,0.000,0,0,0,7979,7979,0,0
travel,37.438,898.2,763.651,763.651,fly,0.898,ok,2601,0,0,192.00,453836800,601554944,114090264,95883264,18123768,2904,7449760,22132800,1427643,7979,7979,0,0,0,0,0,0,0,0,0.070,0.076,0.000,0,0,0,7979,7979,0,0
travel,37.469,899.0,764.176,764.176,fly,0.869,ok,2601,0,0,192.00,453836800,601554944,114090264,95883264,18123768,2904,7449760,22132800,1427643,7979,7979,0,0,0,0,0,0,0,0,0.066,0.072,0.000,0,0,0,7979,7979,0,0
travel,37.500,899.7,764.696,764.696,fly,0.959,ok,2601,0,0,192.00,453836800,601554944,114090264,95883264,18123768,2904,7449760,22132800,1427643,7979,7979,0,0,0,0,0,0,0,0,0.075,0.109,0.000,0,0,0,7979,7979,0,0
travel,37.530,900.4,765.205,765.205,fly,0.854,ok,2601,0,0,192.00,453836800,601554944,114090264,95883264,18123768,2904,7449760,22132800,1427643,7979,7979,0,0,0,0,0,0,0,0,0.065,0.067,0.000,0,0,0,7979,7979,0,0
travel,37.561,901.2,765.727,765.727,fly,0.866,ok,2601,0,0,192.00,453836800,601554944,114090264,95883264,18123768,2904,7449760,22132800,1427643,7979,7979,0,0,0,0,0,0,0,0,0.066,0.075,0.000,0,0,0,7979,7979,0,0
travel,37.591,901.9,766.243,766.243,fly,0.846,ok,2601,0,0,192.00,453836800,601554944,114090264,95883264,18123768,2904,7449760,22132800,1427643,7979,7979,0,0,0,0,0,0,0,0,0.065,0.066,0.000,0,0,0,7979,7979,0,0
travel,37.621,902.6,766.754,766.754,fly,0.859,ok,2601,0,0,192.00,453836800,601554944,114090264,95883264,18123768,2904,7449760,22132800,1427643,7979,7979,0,0,0,0,0,0,0,0,0.067,0.071,0.000,0,0,0,7979,7979,0,0
travel,37.652,903.4,767.273,767.273,fly,0.855,ok,2601,0,0,192.00,453836800,601554944,114090264,95883264,18123768,2904,7449760,22132800,1427643,7979,7979,0,0,0,0,0,0,0,0,0.066,0.068,0.000,0,0,0,7979,7979,0,0
travel,37.682,904.1,767.783,767.783,fly,0.848,ok,2601,0,0,192.00,453836800,601554944,114090264,95883264,18123768,2904,7449760,22132800,1427643,7979,7979,0,0,0,0,0,0,0,0,0.065,0.067,0.000,0,0,0,7979,7979,0,0
travel,37.723,905.1,768.479,768.479,fly,0.926,ok,2601,0,51,192.00,453828608,601554944,114090264,95883264,18123768,2904,11174640,19471728,1251674,8080,8080,0,0,9,0,0,0,0,0,0.070,0.079,0.000,0,0,0,8080,8080,0,0
travel,37.753,905.8,768.992,768.992,fly,0.847,ok,2601,0,0,192.00,453828608,601554944,114090264,95883264,18123768,2904,11174640,22132800,1262015,8080,8080,0,0,0,0,0,0,0,0,0.067,0.067,0.000,0,0,0,8080,8080,0,0
travel,37.784,906.5,769.512,769.512,fly,0.857,ok,2601,0,0,192.00,453828608,601554944,114090264,95883264,18123768,2904,11174640,22132800,1262015,8080,8080,0,0,0,0,0,0,0,0,0.068,0.069,0.000,0,0,0,8080,8080,0,0
travel,37.814,907.3,770.027,770.027,fly,1.228,ok,2601,0,0,192.00,453828608,601554944,114090264,95883264,18123768,2904,11174640,22132800,1262015,8080,8080,0,0,0,0,0,0,0,0,0.349,0.109,0.000,0,0,0,8080,8080,0,0
travel,37.845,908.0,770.551,770.551,fly,0.848,ok,2601,0,0,192.00,453828608,601554944,114090264,95883264,18123768,2904,11174640,22132800,1262015,8080,8080,0,0,0,0,0,0,0,0,0.067,0.067,0.000,0,0,0,8080,8080,0,0
travel,37.876,908.7,771.067,771.067,fly,0.849,ok,2601,0,0,192.00,453828608,601554944,114090264,95883264,18123768,2904,7449760,22132800,1262015,8080,8080,0,0,0,0,0,0,0,0,0.067,0.067,0.000,0,0,0,8080,8080,0,0
travel,37.906,909.5,771.579,771.579,fly,0.859,ok,2601,0,0,192.00,453828608,601554944,114090264,95883264,18123768,2904,7449760,22132800,1262015,8080,8080,0,0,0,0,0,0,0,0,0.071,0.066,0.000,0,0,0,8080,8080,0,0
travel,37.936,910.2,772.096,772.096,fly,0.849,ok,2601,0,0,192.00,453828608,601554944,114090264,95883264,18123768,2904,7449760,22132800,1262015,8080,8080,0,0,0,0,0,0,0,0,0.068,0.067,0.000,0,0,0,8080,8080,0,0
travel,37.968,911.0,772.640,772.640,fly,0.868,ok,2601,0,0,192.00,453828608,601554944,114090264,95883264,18123768,2904,7449760,22132800,1262015,8080,8080,0,0,0,0,0,0,0,0,0.067,0.068,0.000,0,0,0,8080,8080,0,0
travel,37.999,911.7,773.152,773.152,fly,0.881,ok,2601,0,0,192.00,453828608,601554944,114090264,95883264,18123768,2904,7449760,22132800,1262015,8080,8080,0,0,0,0,0,0,0,0,0.067,0.069,0.000,0,0,0,8080,8080,0,0
travel,38.029,912.4,773.669,773.669,fly,0.859,ok,2601,0,0,192.00,453828608,601554944,114090264,95883264,18123768,2904,7449760,22132800,1262015,8080,8080,0,0,0,0,0,0,0,0,0.064,0.068,0.000,0,0,0,8080,8080,0,0
travel,38.060,913.1,774.192,774.192,fly,0.953,ok,2601,0,0,192.00,453828608,601554944,114090264,95883264,18123768,2904,7449760,22132800,1262015,8080,8080,0,0,0,0,0,0,0,0,0.067,0.077,0.000,0,0,0,8080,8080,0,0
travel,38.090,913.9,774.708,774.708,fly,0.859,ok,2601,0,0,192.00,453828608,601554944,114090264,95883264,18123768,2904,7449760,22132800,1262015,8080,8080,0,0,0,0,0,0,0,0,0.065,0.069,0.000,0,0,0,8080,8080,0,0
travel,38.122,914.6,775.245,775.245,fly,0.897,ok,2601,0,0,192.00,453828608,601554944,114090264,95883264,18123768,2904,7449760,22132800,1262015,8080,8080,0,0,0,0,0,0,0,0,0.066,0.073,0.000,0,0,0,8080,8080,0,0
travel,38.153,915.4,775.774,775.774,fly,0.860,ok,2601,0,0,192.00,453828608,601554944,114090264,95883264,18123768,2904,7449760,22132800,1262015,8080,8080,0,0,0,0,0,0,0,0,0.067,0.070,0.000,0,0,0,8080,8080,0,0
travel,38.192,916.3,776.430,776.430,fly,0.860,ok,2601,0,39,192.00,453828608,601554944,114090264,95883264,18123768,2904,11174640,20097840,1310034,8181,8181,0,0,9,0,0,0,0,0,0.067,0.070,0.000,0,0,0,8181,8181,0,0
travel,38.222,917.0,776.947,776.947,fly,0.848,ok,2601,0,0,192.00,453828608,601554944,114090264,95883264,18123768,2904,11174640,22132800,1317615,8181,8181,0,0,0,0,0,0,0,0,0.069,0.067,0.000,0,0,0,8181,8181,0,0
travel,38.252,917.8,777.458,777.458,fly,0.845,ok,2601,0,0,192.00,453828608,601554944,114090264,95883264,18123768,2904,11174640,22132800,1317615,8181,8181,0,0,0,0,0,0,0,0,0.067,0.067,0.000,0,0,0,8181,8181,0,0
travel,38.283,918.5,777.970,777.970,fly,0.991,ok,2601,0,0,192.00,453828608,601554944,114090264,95883264,18123768,2904,11174640,22132800,1317615,8181,8181,0,0,0,0,0,0,0,0,0.077,0.108,0.000,0,0,0,8181,8181,0,0
travel,38.313,919.2,778.486,778.486,fly,0.868,ok,2601,0,0,192.00,453828608,601554944,114090264,95883264,18123768,2904,11174640,22132800,1317615,8181,8181,0,0,0,0,0,0,0,0,0.067,0.079,0.000,0,0,0,8181,8181,0,0
travel,38.344,920.0,779.011,779.011,fly,0.911,ok,2601,0,0,192.00,453828608,601554944,114090264,95883264,18123768,2904,7449760,22132800,1317615,8181,8181,0,0,0,0,0,0,0,0,0.068,0.070,0.000,0,0,0,8181,8181,0,0
travel,38.375,920.7,779.546,779.546,fly,0.872,ok,2601,0,0,192.00,453828608,601554944,114090264,95883264,18123768,2904,7449760,22132800,1317615,8181,8181,0,0,0,0,0,0,0,0,0.068,0.067,0.000,0,0,0,8181,8181,0,0
travel,38.406,921.4,780.058,780.058,fly,1.075,ok,2601,0,0,192.00,453828608,601554944,114090264,95883264,18123768,2904,7449760,22132800,1317615,8181,8181,0,0,0,0,0,0,0,0,0.188,0.106,0.000,0,0,0,8181,8181,0,0
travel,38.436,922.2,780.575,780.575,fly,0.861,ok,2601,0,0,192.00,453828608,601554944,114090264,95883264,18123768,2904,7449760,22132800,1317615,8181,8181,0,0,0,0,0,0,0,0,0.067,0.068,0.000,0,0,0,8181,8181,0,0
travel,38.467,922.9,781.093,781.093,fly,0.855,ok,2601,0,0,192.00,453828608,601554944,114090264,95883264,18123768,2904,7449760,22132800,1317615,8181,8181,0,0,0,0,0,0,0,0,0.066,0.064,0.000,0,0,0,8181,8181,0,0
travel,38.497,923.6,781.605,781.605,fly,0.871,ok,2601,0,0,192.00,453828608,601554944,114090264,95883264,18123768,2904,7449760,22132800,1317615,8181,8181,0,0,0,0,0,0,0,0,0.066,0.068,0.000,0,0,0,8181,8181,0,0
travel,38.527,924.4,782.118,782.118,fly,1.145,ok,2601,0,0,192.00,453828608,601554944,114090264,95883264,18123768,2904,7449760,22132800,1317615,8181,8181,0,0,0,0,0,0,0,0,0.075,0.269,0.000,0,0,0,8181,8181,0,0
travel,38.558,925.1,782.644,782.644,fly,0.972,ok,2601,0,0,192.00,453828608,601554944,114090264,95883264,18123768,2904,7449760,22132800,1317615,8181,8181,0,0,0,0,0,0,0,0,0.072,0.107,0.000,0,0,0,8181,8181,0,0
travel,38.589,925.8,783.166,783.166,fly,0.854,ok,2601,0,0,192.00,453828608,601554944,114090264,95883264,18123768,2904,7449760,22132800,1317615,8181,8181,0,0,0,0,0,0,0,0,0.065,0.065,0.000,0,0,0,8181,8181,0,0
travel,38.620,926.6,783.694,783.694,fly,0.866,ok,2601,0,0,192.00,453828608,601554944,114090264,95883264,18123768,2904,7449760,22132800,1317615,8181,8181,0,0,0,0,0,0,0,0,0.066,0.068,0.000,0,0,0,8181,8181,0,0
travel,38.659,927.5,784.359,784.359,fly,0.871,ok,2601,0,72,192.00,453832704,601554944,114090264,95883264,18123768,2904,11174640,18376032,1358932,8282,8282,0,0,8,0,0,0,0,0,0.067,0.069,0.000,0,0,0,8282,8282,0,0
travel,38.690,928.3,784.877,784.877,fly,0.896,ok,2601,0,0,192.00,453832704,601554944,114090264,95883264,18123768,2904,11174640,22132800,1373187,8282,8282,0,0,0,0,0,0,0,0,0.068,0.075,0.000,0,0,0,8282,8282,0,0
travel,38.720,929.0,785.387,785.387,fly,1.313,ok,2601,0,0,192.00,453836800,601620480,114090264,95883264,18123768,2904,11174640,22132800,1373187,8282,8282,0,0,0,0,0,0,0,0,0.496,0.073,0.000,0,0,0,8282,8282,0,0
travel,38.750,929.7,785.901,785.901,fly,0.869,ok,2601,0,0,192.00,453836800,601620480,114090264,95883264,18123768,2904,11174640,22132800,1373187,8282,8282,0,0,0,0,0,0,0,0,0.070,0.073,0.000,0,0,0,8282,8282,0,0
travel,38.781,930.4,786.421,786.421,fly,0.869,ok,2601,0,0,192.00,453836800,601620480,114090264,95883264,18123768,2904,11174640,22132800,1373187,8282,8282,0,0,0,0,0,0,0,0,0.068,0.070,0.000,0,0,0,8282,8282,0,0
travel,38.811,931.2,786.937,786.937,fly,1.044,ok,2601,0,0,192.00,453836800,601620480,114090264,95883264,18123768,2904,7449760,22132800,1373187,8282,8282,0,0,0,0,0,0,0,0,0.073,0.111,0.000,0,0,0,8282,8282,0,0
travel,38.842,931.9,787.466,787.466,fly,0.868,ok,2601,0,0,192.00,453836800,601620480,114090264,95883264,18123768,2904,7449760,22132800,1373187,8282,8282,0,0,0,0,0,0,0,0,0.068,0.069,0.000,0,0,0,8282,8282,0,0
travel,38.873,932.7,787.991,787.991,fly,0.896,ok,2601,0,0,192.00,453836800,601620480,114090264,95883264,18123768,2904,7449760,22132800,1373187,8282,8282,0,0,0,0,0,0,0,0,0.066,0.086,0.000,0,0,0,8282,8282,0,0
travel,38.904,933.4,788.507,788.507,fly,1.036,ok,2601,0,0,192.00,453836800,601620480,114090264,95883264,18123768,2904,7449760,22132800,1373187,8282,8282,0,0,0,0,0,0,0,0,0.144,0.110,0.000,0,0,0,8282,8282,0,0
travel,38.935,934.1,789.032,789.032,fly,0.859,ok,2601,0,0,192.00,453836800,601620480,114090264,95883264,18123768,2904,7449760,22132800,1373187,8282,8282,0,0,0,0,0,0,0,0,0.065,0.070,0.000,0,0,0,8282,8282,0,0
travel,38.966,934.9,789.554,789.554,fly,0.847,ok,2601,0,0,192.00,453836800,601620480,114090264,95883264,18123768,2904,7449760,22132800,1373187,8282,8282,0,0,0,0,0,0,0,0,0.068,0.069,0.000,0,0,0,8282,8282,0,0
travel,38.996,935.6,790.063,790.063,fly,0.863,ok,2601,0,0,192.00,453836800,601620480,114090264,95883264,18123768,2904,7449760,22132800,1373187,8282,8282,0,0,0,0,0,0,0,0,0.068,0.069,0.000,0,0,0,8282,8282,0,0
travel,39.026,936.3,790.586,790.586,fly,0.854,ok,2601,0,0,192.00,453836800,601620480,114090264,95883264,18123768,2904,7449760,22132800,1373187,8282,8282,0,0,0,0,0,0,0,0,0.065,0.069,0.000,0,0,0,8282,8282,0,0
travel,39.057,937.1,791.108,791.108,fly,0.859,ok,2601,0,0,192.00,453836800,601620480,114090264,95883264,18123768,2904,7449760,22132800,1373187,8282,8282,0,0,0,0,0,0,0,0,0.068,0.068,0.000,0,0,0,8282,8282,0,0
travel,39.087,937.8,791.617,791.617,fly,0.877,ok,2601,0,0,192.00,453836800,601620480,114090264,95883264,18123768,2904,7449760,22132800,1373187,8282,8282,0,0,0,0,0,0,0,0,0.069,0.072,0.000,0,0,0,8282,8282,0,0
travel,39.125,938.7,792.265,792.265,fly,0.858,ok,2601,0,116,192.00,453836800,601620480,114090264,95883264,18123768,2904,11174640,16132464,1404009,8383,8383,0,0,8,0,0,0,0,0,0.070,0.065,0.000,0,0,0,8383,8383,0,0
travel,39.157,939.5,792.799,792.799,fly,0.863,ok,2601,0,0,192.00,453836800,601620480,114090264,95883264,18123768,2904,11174640,22132800,1428099,8383,8383,0,0,0,0,0,0,0,0,0.074,0.068,0.000,0,0,0,8383,8383,0,0
travel,39.187,940.2,793.317,793.317,fly,0.875,ok,2601,0,0,192.00,453836800,601620480,114090264,95883264,18123768,2904,11174640,22132800,1428099,8383,8383,0,0,0,0,0,0,0,0,0.068,0.070,0.000,0,0,0,8383,8383,0,0
travel,39.218,940.9,793.837,793.837,fly,0.861,ok,2601,0,0,192.00,453836800,601620480,114090264,95883264,18123768,2904,11174640,22132800,1428099,8383,8383,0,0,0,0,0,0,0,0,0.068,0.066,0.000,0,0,0,8383,8383,0,0
travel,39.249,941.7,794.370,794.370,fly,0.863,ok,2601,0,0,192.00,453836800,601620480,114090264,95883264,18123768,2904,11174640,22132800,1428099,8383,8383,0,0,0,0,0,0,0,0,0.068,0.068,0.000,0,0,0,8383,8383,0,0
travel,39.280,942.4,794.883,794.883,fly,0.852,ok,2601,0,0,192.00,453836800,601620480,114090264,95883264,18123768,2904,7449760,22132800,1428099,8383,8383,0,0,0,0,0,0,0,0,0.068,0.065,0.000,0,0,0,8383,8383,0,0
travel,39.310,943.1,795.400,795.400,fly,0.954,ok,2601,0,0,192.00,453836800,601620480,114090264,95883264,18123768,2904,7449760,22132800,1428099,8383,8383,0,0,0,0,0,0,0,0,0.070,0.076,0.000,0,0,0,8383,8383,0,0
travel,39.341,943.9,795.926,795.926,fly,0.868,ok,2601,0,0,192.00,453836800,601620480,114090264,95883264,18123768,2904,7449760,22132800,1428099,8383,8383,0,0,0,0,0,0,0,0,0.068,0.069,0.000,0,0,0,8383,8383,0,0
travel,39.372,944.6,796.457,796.457,fly,0.859,ok,2601,0,0,192.00,453836800,601620480,114090264,95883264,18123768,2904,7449760,22132800,1428099,8383,8383,0,0,0,0,0,0,0,0,0.067,0.065,0.000,0,0,0,8383,8383,0,0
travel,39.402,945.4,796.965,796.965,fly,0.866,ok,2601,0,0,192.00,453836800,601620480,114090264,95883264,18123768,2904,7449760,22132800,1428099,8383,8383,0,0,0,0,0,0,0,0,0.066,0.069,0.000,0,0,0,8383,8383,0,0
travel,39.433,946.1,797.484,797.484,fly,0.880,ok,2601,0,0,192.00,453836800,601620480,114090264,95883264,18123768,2904,7449760,22132800,1428099,8383,8383,0,0,0,0,0,0,0,0,0.064,0.072,0.000,0,0,0,8383,8383,0,0
travel,39.463,946.8,797.997,797.997,fly,0.872,ok,2601,0,0,192.00,453836800,601620480,114090264,95883264,18123768,2904,7449760,22132800,1428099,8383,8383,0,0,0,0,0,0,0,0,0.068,0.070,0.000,0,0,0,8383,8383,0,0
travel,39.494,947.5,798.515,798.515,fly,0.878,ok,2601,0,0,192.00,453836800,601620480,114090264,95883264,18123768,2904,7449760,22132800,1428099,8383,8383,0,0,0,0,0,0,0,0,0.069,0.069,0.000,0,0,0,8383,8383,0,0
travel,39.524,948.3,799.035,799.035,fly,0.870,ok,2601,0,0,192.00,453836800,601620480,114090264,95883264,18123768,2904,7449760,22132800,1428099,8383,8383,0,0,0,0,0,0,0,0,0.065,0.069,0.000,0,0,0,8383,8383,0,0
travel,39.555,949.0,799.545,799.545,fly,1.438,ok,2601,0,0,192.00,453836800,601620480,114090264,95883264,18123768,2904,7449760,22132800,1428099,8383,8383,0,0,0,0,0,0,0,0,0.600,0.073,0.000,0,0,0,8383,8383,0,0
travel,39.595,950.0,800.237,800.237,fly,0.895,ok,2601,0,128,192.00,453906432,601698304,114090264,95883264,18123768,2904,11174640,15454176,1454986,8484,8484,0,0,7,0,0,0,0,77824,0.069,0.072,0.000,0,0,0,8484,8484,0,0
travel,39.628,950.8,800.788,800.788,fly,0.881,ok,2601,0,0,192.00,453906432,601698304,114090264,95883264,18123768,2904,11174640,22132800,1264127,8484,8484,0,0,0,0,0,0,0,0,0.069,0.074,0.000,0,0,0,8484,8484,0,0
travel,39.658,951.5,801.307,801.307,fly,0.892,ok,2601,0,0,192.00,453906432,601698304,114090264,95883264,18123768,2904,11174640,22132800,1264127,8484,8484,0,0,0,0,0,0,0,0,0.068,0.074,0.000,0,0,0,8484,8484,0,0
travel,39.689,952.2,801.828,801.828,fly,0.898,ok,2601,0,0,192.00,453906432,601698304,114090264,95883264,18123768,2904,11174640,22132800,1264127,8484,8484,0,0,0,0,0,0,0,0,0.066,0.114,0.000,0,0,0,8484,8484,0,0
travel,39.721,953.0,802.369,802.369,fly,0.852,ok,2601,0,0,192.00,453906432,601698304,114090264,95883264,18123768,2904,11174640,22132800,1264127,8484,8484,0,0,0,0,0,0,0,0,0.068,0.067,0.000,0,0,0,8484,8484,0,0
travel,39.752,953.7,802.892,802.892,fly,0.876,ok,2601,0,0,192.00,453906432,601698304,114090264,95883264,18123768,2904,7449760,22132800,1264127,8484,8484,0,0,0,0,0,0,0,0,0.069,0.070,0.000,0,0,0,8484,8484,0,0
travel,39.783,954.5,803.416,803.416,fly,0.866,ok,2601,0,0,192.00,453906432,601698304,114090264,95883264,18123768,2904,7449760,22132800,1264127,8484,8484,0,0,0,0,0,0,0,0,0.068,0.068,0.000,0,0,0,8484,8484,0,0
travel,39.813,955.2,803.931,803.931,fly,0.876,ok,2601,0,0,192.00,453910528,601698304,114090264,95883264,18123768,2904,7449760,22132800,1264127,8484,8484,0,0,0,0,0,0,0,0,0.068,0.069,0.000,0,0,0,8484,8484,0,0
travel,39.844,955.9,804.449,804.449,fly,0.876,ok,2601,0,0,192.00,453910528,601698304,114090264,95883264,18123768,2904,7449760,22132800,1264127,8484,8484,0,0,0,0,0,0,0,0,0.068,0.070,0.000,0,0,0,8484,8484,0,0
travel,39.875,956.7,804.974,804.974,fly,0.872,ok,2601,0,0,192.00,453910528,601698304,114090264,95883264,18123768,2904,7449760,22132800,1264127,8484,8484,0,0,0,0,0,0,0,0,0.068,0.069,0.000,0,0,0,8484,8484,0,0
travel,39.906,957.4,805.499,805.499,fly,0.870,ok,2601,0,0,192.00,453910528,601698304,114090264,95883264,18123768,2904,7449760,22132800,1264127,8484,8484,0,0,0,0,0,0,0,0,0.067,0.069,0.000,0,0,0,8484,8484,0,0
travel,39.936,958.2,806.021,806.021,fly,0.866,ok,2601,0,0,192.00,453910528,601698304,114090264,95883264,18123768,2904,7449760,22132800,1264127,8484,8484,0,0,0,0,0,0,0,0,0.067,0.067,0.000,0,0,0,8484,8484,0,0
travel,39.967,958.9,806.543,806.543,fly,0.877,ok,2601,0,0,192.00,453910528,601698304,114090264,95883264,18123768,2904,7449760,22132800,1264127,8484,8484,0,0,0,0,0,0,0,0,0.067,0.067,0.000,0,0,0,8484,8484,0,0
travel,39.998,959.6,807.073,807.073,fly,1.040,ok,2601,0,0,192.00,453910528,601698304,114090264,95883264,18123768,2904,7449760,22132800,1264127,8484,8484,0,0,0,0,0,0,0,0,0.076,0.108,0.000,0,0,0,8484,8484,0,0
travel,40.028,960.4,807.584,807.584,fly,0.865,ok,2601,0,0,192.00,453910528,601698304,114090264,95883264,18123768,2904,7449760,22132800,1264127,8484,8484,0,0,0,0,0,0,0,0,0.068,0.066,0.000,0,0,0,8484,8484,0,0
travel,40.066,961.3,808.229,808.229,fly,1.096,ok,2601,0,129,192.00,453910528,601698304,114090264,95883264,18123768,2904,11174640,15402000,1290731,8585,8585,0,0,8,0,0,0,0,0,0.076,0.114,0.000,0,0,0,8585,8585,0,0
travel,40.098,962.0,808.759,808.759,fly,0.881,ok,2601,0,0,192.00,453910528,601698304,114090264,95883264,18123768,2904,11174640,22132800,1317847,8585,8585,0,0,0,0,0,0,0,0,0.068,0.067,0.000,0,0,0,8585,8585,0,0
travel,40.129,962.8,809.283,809.283,fly,0.861,ok,2601,0,0,192.00,453910528,601698304,114090264,95883264,18123768,2904,11174640,22132800,1317847,8585,8585,0,0,0,0,0,0,0,0,0.068,0.069,0.000,0,0,0,8585,8585,0,0
travel,40.159,963.5,809.794,809.794,fly,0.883,ok,2601,0,0,192.00,453910528,601698304,114090264,95883264,18123768,2904,11174640,22132800,1317847,8585,8585,0,0,0,0,0,0,0,0,0.069,0.075,0.000,0,0,0,8585,8585,0,0
travel,40.189,964.2,810.311,810.311,fly,0.852,ok,2601,0,0,192.00,453910528,601698304,114090264,95883264,18123768,2904,11174640,22132800,1317847,8585,8585,0,0,0,0,0,0,0,0,0.068,0.069,0.000,0,0,0,8585,8585,0,0
travel,40.220,965.0,810.834,810.834,fly,0.849,ok,2601,0,0,192.00,453910528,601698304,114090264,95883264,18123768,2904,7449760,22132800,1317847,8585,8585,0,0,0,0,0,0,0,0,0.068,0.068,0.000,0,0,0,8585,8585,0,0
travel,40.251,965.7,811.353,811.353,fly,0.847,ok,2601,0,0,192.00,453910528,601698304,114090264,95883264,18123768,2904,7449760,22132800,1317847,8585,8585,0,0,0,0,0,0,0,0,0.067,0.066,0.000,0,0,0,8585,8585,0,0
travel,40.282,966.4,811.880,811.880,fly,0.869,ok,2601,0,0,192.00,453910528,601698304,114090264,95883264,18123768,2904,7449760,22132800,1317847,8585,8585,0,0,0,0,0,0,0,0,0.066,0.070,0.000,0,0,0,8585,8585,0,0
travel,40.312,967.2,812.400,812.400,fly,1.026,ok,2601,0,0,192.00,453910528,601698304,114090264,95883264,18123768,2904,7449760,22132800,1317847,8585,8585,0,0,0,0,0,0,0,0,0.072,0.077,0.000,0,0,0,8585,8585,0,0
travel,40.343,967.9,812.920,812.920,fly,0.858,ok,2601,0,0,192.00,453910528,601698304,114090264,95883264,18123768,2904,7449760,22132800,1317847,8585,8585,0,0,0,0,0,0,0,0,0.066,0.069,0.000,0,0,0,8585,8585,0,0
travel,40.374,968.7,813.451,813.451,fly,0.867,ok,2601,0,0,192.00,453910528,601698304,114090264,95883264,18123768,2904,7449760,22132800,1317847,8585,8585,0,0,0,0,0,0,0,0,0.068,0.067,0.000,0,0,0,8585,8585,0,0
travel,40.405,969.4,813.965,813.965,fly,0.863,ok,2601,0,0,192.00,453910528,601698304,114090264,95883264,18123768,2904,7449760,22132800,1317847,8585,8585,0,0,0,0,0,0,0,0,0.066,0.069,0.000,0,0,0,8585,8585,0,0
travel,40.435,970.1,814.477,814.477,fly,0.875,ok,2601,0,0,192.00,453910528,601698304,114090264,95883264,18123768,2904,7449760,22132800,1317847,8585,8585,0,0,0,0,0,0,0,0,0.067,0.072,0.000,0,0,0,8585,8585,0,0
travel,40.465,970.8,814.993,814.993,fly,0.861,ok,2601,0,0,192.00,453910528,601698304,114090264,95883264,18123768,2904,7449760,22132800,1317847,8585,8585,0,0,0,0,0,0,0,0,0.065,0.066,0.000,0,0,0,8585,8585,0,0
travel,40.496,971.6,815.521,815.521,fly,0.871,ok,2601,0,0,192.00,453910528,601698304,114090264,95883264,18123768,2904,7449760,22132800,1317847,8585,8585,0,0,0,0,0,0,0,0,0.068,0.068,0.000,0,0,0,8585,8585,0,0
travel,40.534,972.5,816.159,816.159,fly,2.954,ok,2601,0,143,192.00,453914624,601698304,114090264,95883264,18123768,2904,11174640,14671536,1339612,8686,8686,29,0,54,29,29,0,0,0,0.080,0.086,0.000,0,0,0,8686,8686,0,0
travel,40.567,973.3,816.718,816.718,fly,1.164,ok,2601,0,0,192.00,453914624,601698304,114090264,95883264,18123768,2904,11174640,22132800,1371047,8686,8686,0,0,0,0,0,0,0,0,0.352,0.071,0.000,0,0,0,8686,8686,0,0
travel,40.598,974.0,817.248,817.248,fly,0.865,ok,2601,0,0,192.00,453914624,601698304,114090264,95883264,18123768,2904,11174640,22132800,1371047,8686,8686,0,0,0,0,0,0,0,0,0.067,0.070,0.000,0,0,0,8686,8686,0,0
travel,40.629,974.8,817.771,817.771,fly,0.897,ok,2601,0,0,192.00,453914624,601698304,114090264,95883264,18123768,2904,11174640,22132800,1371047,8686,8686,0,0,0,0,0,0,0,0,0.070,0.073,0.000,0,0,0,8686,8686,0,0
travel,40.660,975.5,818.295,818.295,fly,0.881,ok,2601,0,0,192.00,453914624,601698304,114090264,95883264,18123768,2904,11174640,22132800,1371047,8686,8686,0,0,0,0,0,0,0,0,0.071,0.071,0.000,0,0,0,8686,8686,0,0
travel,40.690,976.2,818.806,818.806,fly,0.985,ok,2601,0,0,192.00,453914624,601698304,114090264,95883264,18123768,2904,7449760,22132800,1371047,8686,8686,0,0,0,0,0,0,0,0,0.096,0.160,0.000,0,0,0,8686,8686,0,0
travel,40.721,977.0,819.326,819.326,fly,0.875,ok,2601,0,0,192.00,453914624,601698304,114090264,95883264,18123768,2904,7449760,22132800,1371047,8686,8686,0,0,0,0,0,0,0,0,0.069,0.070,0.000,0,0,0,8686,8686,0,0
travel,40.751,977.7,819.847,819.847,fly,0.982,ok,2601,0,0,192.00,453914624,601698304,114090264,95883264,18123768,2904,7449760,22132800,1371047,8686,8686,0,0,0,0,0,0,0,0,0.168,0.070,0.000,0,0,0,8686,8686,0,0
travel,40.781,978.4,820.357,820.357,fly,0.867,ok,2601,0,0,192.00,453914624,601698304,114090264,95883264,18123768,2904,7449760,22132800,1371047,8686,8686,0,0,0,0,0,0,0,0,0.068,0.068,0.000,0,0,0,8686,8686,0,0
travel,40.812,979.2,820.876,820.876,fly,0.943,ok,2601,0,0,192.00,453914624,601698304,114090264,95883264,18123768,2904,7449760,22132800,1371047,8686,8686,0,0,0,0,0,0,0,0,0.071,0.083,0.000,0,0,0,8686,8686,0,0
travel,40.842,979.9,821.391,821.391,fly,0.968,ok,2601,0,0,192.00,453914624,601698304,114090264,95883264,18123768,2904,7449760,22132800,1371047,8686,8686,0,0,0,0,0,0,0,0,0.155,0.074,0.000,0,0,0,8686,8686,0,0
travel,40.873,980.6,821.912,821.912,fly,0.876,ok,2601,0,0,192.00,453914624,601698304,114090264,95883264,18123768,2904,7449760,22132800,1371047,8686,8686,0,0,0,0,0,0,0,0,0.070,0.072,0.000,0,0,0,8686,8686,0,0
travel,40.904,981.4,822.441,822.441,fly,0.882,ok,2601,0,0,192.00,453914624,601698304,114090264,95883264,18123768,2904,7449760,22132800,1371047,8686,8686,0,0,0,0,0,0,0,0,0.068,0.087,0.000,0,0,0,8686,8686,0,0
travel,40.935,982.1,822.956,822.956,fly,1.019,ok,2601,0,0,192.00,453914624,601698304,114090264,95883264,18123768,2904,7449760,22132800,1371047,8686,8686,0,0,0,0,0,0,0,0,0.143,0.105,0.000,0,0,0,8686,8686,0,0
travel,40.965,982.8,823.475,823.475,fly,0.868,ok,2601,0,0,192.00,453914624,601698304,114090264,95883264,18123768,2904,7449760,22132800,1371047,8686,8686,0,0,0,0,0,0,0,0,0.068,0.068,0.000,0,0,0,8686,8686,0,0
travel,40.996,983.6,823.995,823.995,fly,0.871,ok,2601,0,0,192.00,453914624,601698304,114090264,95883264,18123768,2904,7449760,22132800,1371047,8686,8686,0,0,0,0,0,0,0,0,0.068,0.069,0.000,0,0,0,8686,8686,0,0
travel,41.035,984.5,824.665,824.665,fly,0.904,ok,2601,0,0,192.00,453914624,601698304,114090264,95883264,18123768,2904,11174640,22132800,1426779,8787,8787,0,0,0,0,0,0,0,0,0.069,0.076,0.000,0,0,0,8787,8787,0,0
travel,41.066,985.3,825.185,825.185,fly,0.880,ok,2601,0,0,192.00,453914624,601698304,114090264,95883264,18123768,2904,11174640,22132800,1426779,8787,8787,0,0,0,0,0,0,0,0,0.070,0.068,0.000,0,0,0,8787,8787,0,0
travel,41.096,986.0,825.697,825.697,fly,0.886,ok,2601,0,0,192.00,453914624,601698304,114090264,95883264,18123768,2904,11174640,22132800,1426779,8787,8787,0,0,0,0,0,0,0,0,0.068,0.084,0.000,0,0,0,8787,8787,0,0
travel,41.128,986.7,826.227,826.227,fly,0.872,ok,2601,0,0,192.00,453914624,601698304,114090264,95883264,18123768,2904,11174640,22132800,1426779,8787,8787,0,0,0,0,0,0,0,0,0.068,0.070,0.000,0,0,0,8787,8787,0,0
travel,41.158,987.5,826.743,826.743,fly,0.846,ok,2601,0,0,192.00,453914624,601698304,114090264,95883264,18123768,2904,7449760,22132800,1426779,8787,8787,0,0,0,0,0,0,0,0,0.068,0.065,0.000,0,0,0,8787,8787,0,0
travel,41.188,988.2,827.256,827.256,fly,0.848,ok,2601,0,0,192.00,453914624,601698304,114090264,95883264,18123768,2904,7449760,22132800,1426779,8787,8787,0,0,0,0,0,0,0,0,0.068,0.065,0.000,0,0,0,8787,8787,0,0
travel,41.219,988.9,827.780,827.780,fly,0.844,ok,2601,0,0,192.00,453914624,601698304,114090264,95883264,18123768,2904,7449760,22132800,1426779,8787,8787,0,0,0,0,0,0,0,0,0.066,0.064,0.000,0,0,0,8787,8787,0,0
travel,41.250,989.7,828.299,828.299,fly,1.154,ok,2601,0,0,192.00,453914624,601698304,114090264,95883264,18123768,2904,7449760,22132800,1426779,8787,8787,0,0,0,0,0,0,0,0,0.330,0.084,0.000,0,0,0,8787,8787,0,0
travel,41.280,990.4,828.815,828.815,fly,0.888,ok,2601,0,0,192.00,453914624,601698304,114090264,95883264,18123768,2904,7449760,22132800,1426779,8787,8787,0,0,0,0,0,0,0,0,0.069,0.070,0.000,0,0,0,8787,8787,0,0
travel,41.311,991.1,829.333,829.333,fly,0.875,ok,2601,0,0,192.00,453914624,601698304,114090264,95883264,18123768,2904,7449760,22132800,1426779,8787,8787,0,0,0,0,0,0,0,0,0.068,0.069,0.000,0,0,0,8787,8787,0,0
travel,41.341,991.9,829.849,829.849,fly,0.857,ok,2601,0,0,192.00,453914624,601698304,114090264,95883264,18123768,2904,7449760,22132800,1426779,8787,8787,0,0,0,0,0,0,0,0,0.066,0.065,0.000,0,0,0,8787,8787,0,0
travel,41.372,992.6,830.373,830.373,fly,0.886,ok,2601,0,0,192.00,453914624,601698304,114090264,95883264,18123768,2904,7449760,22132800,1426779,8787,8787,0,0,0,0,0,0,0,0,0.067,0.068,0.000,0,0,0,8787,8787,0,0
travel,41.403,993.3,830.892,830.892,fly,0.868,ok,2601,0,0,192.00,453914624,601698304,114090264,95883264,18123768,2904,7449760,22132800,1426779,8787,8787,0,0,0,0,0,0,0,0,0.067,0.066,0.000,0,0,0,8787,8787,0,0
travel,41.433,994.1,831.408,831.408,fly,0.932,ok,2601,0,0,192.00,453914624,601698304,114090264,95883264,18123768,2904,7449760,22132800,1426779,8787,8787,0,0,0,0,0,0,0,0,0.069,0.082,0.000,0,0,0,8787,8787,0,0
travel,41.463,994.8,831.923,831.923,fly,0.866,ok,2601,0,0,192.00,453914624,601698304,114090264,95883264,18123768,2904,7449760,22132800,1426779,8787,8787,0,0,0,0,0,0,0,0,0.067,0.070,0.000,0,0,0,8787,8787,0,0
travel,41.503,995.7,832.596,832.596,fly,0.959,ok,2601,0,0,192.00,453914624,601698304,114090264,95883264,18123768,2904,11174640,22132800,1261595,8888,8888,0,0,8,0,0,0,0,0,0.077,0.125,0.000,0,0,0,8888,8888,0,0
travel,41.534,996.5,833.115,833.115,fly,0.868,ok,2601,0,0,192.00,453914624,601698304,114090264,95883264,18123768,2904,11174640,22132800,1261595,8888,8888,0,0,0,0,0,0,0,0,0.069,0.069,0.000,0,0,0,8888,8888,0,0
travel,41.564,997.2,833.633,833.633,fly,1.082,ok,2601,0,0,192.00,453914624,601698304,114090264,95883264,18123768,2904,11174640,22132800,1261595,8888,8888,0,0,0,0,0,0,0,0,0.294,0.067,0.000,0,0,0,8888,8888,0,0
travel,41.594,997.9,834.146,834.146,fly,0.871,ok,2601,0,0,192.00,453914624,601698304,114090264,95883264,18123768,2904,11174640,22132800,1261595,8888,8888,0,0,0,0,0,0,0,0,0.070,0.071,0.000,0,0,0,8888,8888,0,0
travel,41.625,998.7,834.668,834.668,fly,0.852,ok,2601,0,0,192.00,453914624,601698304,114090264,95883264,18123768,2904,11174640,22132800,1261595,8888,8888,0,0,0,0,0,0,0,0,0.070,0.067,0.000,0,0,0,8888,8888,0,0
travel,41.656,999.4,835.189,835.189,fly,0.865,ok,2601,0,0,192.00,453914624,601698304,114090264,95883264,18123768,2904,7449760,22132800,1261595,8888,8888,0,0,0,0,0,0,0,0,0.068,0.064,0.000,0,0,0,8888,8888,0,0
drain,41.681,1000.0,835.611,835.611,fly,1.245,ok,2601,0,418,192.00,453926912,601698304,0,0,0,0,0,0,0,8888,8888,0,0,0,0,0,0,0,0,0.081,0.073,0.000,0,0,0,8888,8888,0,0
drain,41.681,1000.0,835.611,835.611,fly,26.444,draw_submit,2601,0,0,192.00,454008832,601763840,114090264,95883264,18123768,2601,0,22132800,1336655,8888,8888,0,0,0,0,0,0,303,65536,0.224,0.152,0.000,0,0,0,8888,8888,0,0
travel,41.688,1000.2,835.735,835.735,fly,0.918,ok,2601,0,0,192.00,454008832,601763840,114090264,95883264,18123768,2601,0,22132800,1336655,8888,8888,0,0,0,0,0,0,0,0,0.068,0.070,0.000,0,0,0,8888,8888,0,0
travel,41.718,1000.9,836.249,836.249,fly,0.989,ok,2601,0,0,192.00,454008832,601763840,114090264,95883264,18123768,2601,0,22132800,1336655,8888,8888,0,0,0,0,0,0,0,0,0.070,0.123,0.000,0,0,0,8888,8888,0,0
travel,41.749,1001.6,836.769,836.769,fly,0.920,ok,2601,0,0,192.00,454008832,601763840,114090264,95883264,18123768,2601,0,22132800,1336655,8888,8888,0,0,0,0,0,0,0,0,0.069,0.071,0.000,0,0,0,8888,8888,0,0
travel,41.780,1002.4,837.289,837.289,fly,0.938,ok,2601,0,0,192.00,454008832,601763840,114090264,95883264,18123768,2601,0,22132800,1336655,8888,8888,0,0,0,0,0,0,0,0,0.068,0.073,0.000,0,0,0,8888,8888,0,0
travel,41.810,1003.1,837.810,837.810,fly,0.918,ok,2601,0,0,192.00,454008832,601763840,114090264,95883264,18123768,2601,0,22132800,1336655,8888,8888,0,0,0,0,0,0,0,0,0.068,0.070,0.000,0,0,0,8888,8888,0,0
travel,41.840,1003.8,838.320,838.320,fly,0.909,ok,2601,0,0,192.00,454008832,601763840,114090264,95883264,18123768,2601,0,22132800,1336655,8888,8888,0,0,0,0,0,0,0,0,0.067,0.067,0.000,0,0,0,8888,8888,0,0
travel,41.871,1004.6,838.843,838.843,fly,0.912,ok,2601,0,0,192.00,454008832,601763840,114090264,95883264,18123768,2601,0,22132800,1336655,8888,8888,0,0,0,0,0,0,0,0,0.070,0.068,0.000,0,0,0,8888,8888,0,0
travel,41.902,1005.3,839.366,839.366,fly,0.907,ok,2601,0,0,192.00,454008832,601763840,114090264,95883264,18123768,2601,0,22132800,1336655,8888,8888,0,0,0,0,0,0,0,0,0.067,0.067,0.000,0,0,0,8888,8888,0,0
travel,41.933,1006.0,839.884,839.884,fly,0.948,ok,2601,0,0,192.00,454008832,601763840,114090264,95883264,18123768,2601,0,22132800,1336655,8888,8888,0,0,0,0,0,0,0,0,0.067,0.075,0.000,0,0,0,8888,8888,0,0
travel,41.973,1007.0,840.563,840.563,fly,0.943,ok,2601,0,0,192.00,455213056,602947584,114090264,95883264,18123768,2702,3724880,22132800,1389663,8989,8989,0,0,0,0,0,0,0,0,0.069,0.080,0.000,0,0,0,8989,8989,0,0
travel,42.003,1007.7,841.079,841.079,fly,0.932,ok,2601,0,0,192.00,455213056,602947584,114090264,95883264,18123768,2702,3724880,22132800,1389663,8989,8989,0,0,0,0,0,0,0,0,0.072,0.075,0.000,0,0,0,8989,8989,0,0
travel,42.034,1008.5,841.603,841.603,fly,0.908,ok,2601,0,0,192.00,455213056,602947584,114090264,95883264,18123768,2702,3724880,22132800,1389663,8989,8989,0,0,0,0,0,0,0,0,0.068,0.070,0.000,0,0,0,8989,8989,0,0
travel,42.065,1009.2,842.122,842.122,fly,0.926,ok,2601,0,0,192.00,455213056,602947584,114090264,95883264,18123768,2702,3724880,22132800,1389663,8989,8989,0,0,0,0,0,0,0,0,0.070,0.072,0.000,0,0,0,8989,8989,0,0
travel,42.095,1009.9,842.638,842.638,fly,1.013,ok,2601,0,0,192.00,455213056,602947584,114090264,95883264,18123768,2702,3724880,22132800,1389663,8989,8989,0,0,0,0,0,0,0,0,0.177,0.066,0.000,0,0,0,8989,8989,0,0
travel,42.126,1010.7,843.157,843.157,fly,0.921,ok,2601,0,0,192.00,455213056,602947584,114090264,95883264,18123768,2702,3724880,22132800,1389663,8989,8989,0,0,0,0,0,0,0,0,0.069,0.072,0.000,0,0,0,8989,8989,0,0
travel,42.157,1011.4,843.687,843.687,fly,0.908,ok,2601,0,0,192.00,455213056,602947584,114090264,95883264,18123768,2702,3724880,22132800,1389663,8989,8989,0,0,0,0,0,0,0,0,0.069,0.071,0.000,0,0,0,8989,8989,0,0
travel,42.187,1012.2,844.208,844.208,fly,0.894,ok,2601,0,0,192.00,455213056,602947584,114090264,95883264,18123768,2702,3724880,22132800,1389663,8989,8989,0,0,0,0,0,0,0,0,0.068,0.066,0.000,0,0,0,8989,8989,0,0
travel,42.218,1012.9,844.721,844.721,fly,0.980,ok,2601,0,0,192.00,455213056,602947584,114090264,95883264,18123768,2702,3724880,22132800,1389663,8989,8989,0,0,0,0,0,0,0,0,0.077,0.106,0.000,0,0,0,8989,8989,0,0
travel,42.249,1013.6,845.250,845.250,fly,0.907,ok,2601,0,0,192.00,455213056,602947584,114090264,95883264,18123768,2702,3724880,22132800,1389663,8989,8989,0,0,0,0,0,0,0,0,0.069,0.072,0.000,0,0,0,8989,8989,0,0
travel,42.279,1014.4,845.768,845.768,fly,1.056,ok,2601,0,0,192.00,455213056,602947584,114090264,95883264,18123768,2702,3724880,22132800,1389663,8989,8989,0,0,0,0,0,0,0,0,0.076,0.110,0.000,0,0,0,8989,8989,0,0
travel,42.310,1015.1,846.289,846.289,fly,0.897,ok,2601,0,0,192.00,455213056,602947584,114090264,95883264,18123768,2702,3724880,22132800,1389663,8989,8989,0,0,0,0,0,0,0,0,0.070,0.076,0.000,0,0,0,8989,8989,0,0
travel,42.341,1015.8,846.805,846.805,fly,0.880,ok,2601,0,0,192.00,455213056,602947584,114090264,95883264,18123768,2702,3724880,22132800,1389663,8989,8989,0,0,0,0,0,0,0,0,0.065,0.069,0.000,0,0,0,8989,8989,0,0
travel,42.371,1016.6,847.327,847.327,fly,0.896,ok,2601,0,0,192.00,455213056,602947584,114090264,95883264,18123768,2702,3724880,22132800,1389663,8989,8989,0,0,0,0,0,0,0,0,0.073,0.066,0.000,0,0,0,8989,8989,0,0
travel,42.402,1017.3,847.846,847.846,fly,0.879,ok,2601,0,0,192.00,455213056,602947584,114090264,95883264,18123768,2702,3724880,22132800,1389663,8989,8989,0,0,0,0,0,0,0,0,0.066,0.068,0.000,0,0,0,8989,8989,0,0
travel,42.442,1018.3,848.533,848.533,fly,0.886,ok,2601,0,0,192.00,455368704,603086848,114090264,95883264,18123768,2803,7449760,22132800,1444495,9090,9090,0,0,8,0,0,0,0,0,0.069,0.073,0.000,0,0,0,9090,9090,0,0
travel,42.474,1019.0,849.074,849.074,fly,0.900,ok,2601,0,0,192.00,455368704,603086848,114090264,95883264,18123768,2803,7449760,22132800,1444495,9090,9090,0,0,0,0,0,0,0,0,0.071,0.073,0.000,0,0,0,9090,9090,0,0
travel,42.504,1019.8,849.584,849.584,fly,0.892,ok,2601,0,0,192.00,455368704,603086848,114090264,95883264,18123768,2803,7449760,22132800,1444495,9090,9090,0,0,0,0,0,0,0,0,0.068,0.069,0.000,0,0,0,9090,9090,0,0
travel,42.536,1020.5,850.114,850.114,fly,0.915,ok,2601,0,0,192.00,455368704,603086848,114090264,95883264,18123768,2803,7449760,22132800,1444495,9090,9090,0,0,0,0,0,0,0,0,0.068,0.076,0.000,0,0,0,9090,9090,0,0
travel,42.566,1021.2,850.629,850.629,fly,0.999,ok,2601,0,0,192.00,455368704,603086848,114090264,95883264,18123768,2803,7449760,22132800,1444495,9090,9090,0,0,0,0,0,0,0,0,0.079,0.107,0.000,0,0,0,9090,9090,0,0
travel,42.597,1022.0,851.150,851.150,fly,0.947,ok,2601,0,0,192.00,455368704,603086848,114090264,95883264,18123768,2803,7449760,22132800,1444495,9090,9090,0,0,0,0,0,0,0,0,0.076,0.110,0.000,0,0,0,9090,9090,0,0
travel,42.628,1022.7,851.688,851.688,fly,0.904,ok,2601,0,0,192.00,455368704,603086848,114090264,95883264,18123768,2803,7449760,22132800,1444495,9090,9090,0,0,0,0,0,0,0,0,0.068,0.069,0.000,0,0,0,9090,9090,0,0
travel,42.660,1023.5,852.221,852.221,fly,0.894,ok,2601,0,0,192.00,455368704,603086848,114090264,95883264,18123768,2803,7449760,22132800,1444495,9090,9090,0,0,0,0,0,0,0,0,0.069,0.068,0.000,0,0,0,9090,9090,0,0
travel,42.691,1024.2,852.754,852.754,fly,0.935,ok,2601,0,0,192.00,455368704,603086848,114090264,95883264,18123768,2803,7449760,22132800,1444495,9090,9090,0,0,0,0,0,0,0,0,0.068,0.075,0.000,0,0,0,9090,9090,0,0
travel,42.722,1025.0,853.275,853.275,fly,0.896,ok,2601,0,0,192.00,455368704,603086848,114090264,95883264,18123768,2803,7449760,22132800,1444495,9090,9090,0,0,0,0,0,0,0,0,0.068,0.068,0.000,0,0,0,9090,9090,0,0
travel,42.754,1025.7,853.815,853.815,fly,0.905,ok,2601,0,0,192.00,455434240,603086848,114090264,95883264,18123768,2803,7449760,22132800,1444495,9090,9090,0,0,0,0,0,0,0,0,0.066,0.072,0.000,0,0,0,9090,9090,0,0
travel,42.784,1026.5,854.333,854.333,fly,0.888,ok,2601,0,0,192.00,455434240,603086848,114090264,95883264,18123768,2803,7449760,22132800,1444495,9090,9090,0,0,0,0,0,0,0,0,0.065,0.067,0.000,0,0,0,9090,9090,0,0
travel,42.815,1027.2,854.855,854.855,fly,1.361,ok,2601,0,0,192.00,455434240,603086848,114090264,95883264,18123768,2803,7449760,22132800,1444495,9090,9090,0,0,0,0,0,0,0,0,0.493,0.073,0.000,0,0,0,9090,9090,0,0
travel,42.846,1028.0,855.376,855.376,fly,0.885,ok,2601,0,0,192.00,455434240,603086848,114090264,95883264,18123768,2803,7449760,22132800,1444495,9090,9090,0,0,0,0,0,0,0,0,0.066,0.065,0.000,0,0,0,9090,9090,0,0
travel,42.877,1028.7,855.904,855.904,fly,0.894,ok,2601,0,0,192.00,455434240,603086848,114090264,95883264,18123768,2803,7449760,22132800,1444495,9090,9090,0,0,0,0,0,0,0,0,0.065,0.068,0.000,0,0,0,9090,9090,0,0
travel,42.915,1029.6,856.561,856.561,fly,0.868,ok,2601,0,0,192.00,457687040,605487104,114090264,95883264,18123768,2904,11174640,22132800,1500015,9191,9191,0,0,2,0,0,0,0,0,0.067,0.069,0.000,0,0,0,9191,9191,0,0
travel,42.947,1030.4,857.093,857.093,fly,0.890,ok,2601,0,0,192.00,457687040,605487104,114090264,95883264,18123768,2904,11174640,22132800,1500015,9191,9191,0,0,0,0,0,0,0,0,0.071,0.080,0.000,0,0,0,9191,9191,0,0
travel,42.977,1031.1,857.619,857.619,fly,0.959,ok,2601,0,0,192.00,457687040,605487104,114090264,95883264,18123768,2904,11174640,22132800,1500015,9191,9191,0,0,0,0,0,0,0,0,0.139,0.071,0.000,0,0,0,9191,9191,0,0
travel,43.008,1031.9,858.134,858.134,fly,0.987,ok,2601,0,0,192.00,457687040,605487104,114090264,95883264,18123768,2904,11174640,22132800,1500015,9191,9191,0,0,0,0,0,0,0,0,0.074,0.110,0.000,0,0,0,9191,9191,0,0
travel,43.038,1032.6,858.654,858.654,fly,0.863,ok,2601,0,0,192.00,457687040,605487104,114090264,95883264,18123768,2904,7449760,22132800,1500015,9191,9191,0,0,0,0,0,0,0,0,0.067,0.069,0.000,0,0,0,9191,9191,0,0
travel,43.069,1033.3,859.172,859.172,fly,0.850,ok,2601,0,0,192.00,457687040,605487104,114090264,95883264,18123768,2904,7449760,22132800,1500015,9191,9191,0,0,0,0,0,0,0,0,0.066,0.066,0.000,0,0,0,9191,9191,0,0
travel,43.100,1034.1,859.708,859.708,fly,0.878,ok,2601,0,0,192.00,457687040,605487104,114090264,95883264,18123768,2904,7449760,22132800,1500015,9191,9191,0,0,0,0,0,0,0,0,0.069,0.071,0.000,0,0,0,9191,9191,0,0
travel,43.131,1034.8,860.226,860.226,fly,0.957,ok,2601,0,0,192.00,457687040,605487104,114090264,95883264,18123768,2904,7449760,22132800,1500015,9191,9191,0,0,0,0,0,0,0,0,0.070,0.081,0.000,0,0,0,9191,9191,0,0
travel,43.161,1035.5,860.743,860.743,fly,0.863,ok,2601,0,0,192.00,457687040,605487104,114090264,95883264,18123768,2904,7449760,22132800,1500015,9191,9191,0,0,0,0,0,0,0,0,0.066,0.066,0.000,0,0,0,9191,9191,0,0
travel,43.193,1036.3,861.276,861.276,fly,0.860,ok,2601,0,0,192.00,457687040,605487104,114090264,95883264,18123768,2904,7449760,22132800,1500015,9191,9191,0,0,0,0,0,0,0,0,0.065,0.069,0.000,0,0,0,9191,9191,0,0
travel,43.224,1037.1,861.809,861.809,fly,0.858,ok,2601,0,0,192.00,457687040,605487104,114090264,95883264,18123768,2904,7449760,22132800,1500015,9191,9191,0,0,0,0,0,0,0,0,0.065,0.065,0.000,0,0,0,9191,9191,0,0
travel,43.254,1037.8,862.323,862.323,fly,0.875,ok,2601,0,0,192.00,457687040,605487104,114090264,95883264,18123768,2904,7449760,22132800,1500015,9191,9191,0,0,0,0,0,0,0,0,0.067,0.070,0.000,0,0,0,9191,9191,0,0
travel,43.286,1038.5,862.855,862.855,fly,1.107,ok,2601,0,0,192.00,457687040,605487104,114090264,95883264,18123768,2904,7449760,22132800,1500015,9191,9191,0,0,0,0,0,0,0,0,0.081,0.249,0.000,0,0,0,9191,9191,0,0
travel,43.317,1039.3,863.382,863.382,fly,0.859,ok,2601,0,0,192.00,457687040,605487104,114090264,95883264,18123768,2904,7449760,22132800,1500015,9191,9191,0,0,0,0,0,0,0,0,0.066,0.065,0.000,0,0,0,9191,9191,0,0
travel,43.347,1040.0,863.894,863.894,fly,0.865,ok,2601,0,0,192.00,457687040,605487104,114090264,95883264,18123768,2904,7449760,22132800,1500015,9191,9191,0,0,0,0,0,0,0,0,0.066,0.065,0.000,0,0,0,9191,9191,0,0
travel,43.388,1041.0,864.589,864.589,fly,1.174,ok,2601,0,0,192.00,459374592,607260672,114090264,95883264,18123768,2904,11174640,22132800,1338740,9292,9292,0,0,9,0,0,0,0,0,0.072,0.095,0.000,0,0,0,9292,9292,0,0
travel,43.418,1041.7,865.108,865.108,fly,0.869,ok,2601,0,0,192.00,459374592,607260672,114090264,95883264,18123768,2904,11174640,22132800,1338740,9292,9292,0,0,0,0,0,0,0,0,0.069,0.068,0.000,0,0,0,9292,9292,0,0
travel,43.449,1042.5,865.627,865.627,fly,0.855,ok,2601,0,0,192.00,459374592,607260672,114090264,95883264,18123768,2904,11174640,22132800,1338740,9292,9292,0,0,0,0,0,0,0,0,0.067,0.066,0.000,0,0,0,9292,9292,0,0
travel,43.479,1043.2,866.152,866.152,fly,0.847,ok,2601,0,0,192.00,459374592,607260672,114090264,95883264,18123768,2904,11174640,22132800,1338740,9292,9292,0,0,0,0,0,0,0,0,0.069,0.065,0.000,0,0,0,9292,9292,0,0
travel,43.510,1043.9,866.671,866.671,fly,0.913,ok,2601,0,0,192.00,459374592,607260672,114090264,95883264,18123768,2904,7449760,22132800,1338740,9292,9292,0,0,0,0,0,0,0,0,0.069,0.079,0.000,0,0,0,9292,9292,0,0
travel,43.541,1044.7,867.191,867.191,fly,0.850,ok,2601,0,0,192.00,459374592,607260672,114090264,95883264,18123768,2904,7449760,22132800,1338740,9292,9292,0,0,0,0,0,0,0,0,0.068,0.068,0.000,0,0,0,9292,9292,0,0
travel,43.571,1045.4,867.711,867.711,fly,1.318,ok,2601,0,0,192.00,459374592,607260672,114090264,95883264,18123768,2904,7449760,22132800,1338740,9292,9292,0,0,0,0,0,0,0,0,0.512,0.074,0.000,0,0,0,9292,9292,0,0
travel,43.602,1046.1,868.237,868.237,fly,0.856,ok,2601,0,0,192.00,459374592,607260672,114090264,95883264,18123768,2904,7449760,22132800,1338740,9292,9292,0,0,0,0,0,0,0,0,0.066,0.070,0.000,0,0,0,9292,9292,0,0
travel,43.633,1046.9,868.760,868.760,fly,0.848,ok,2601,0,0,192.00,459374592,607260672,114090264,95883264,18123768,2904,7449760,22132800,1338740,9292,9292,0,0,0,0,0,0,0,0,0.065,0.068,0.000,0,0,0,9292,9292,0,0
travel,43.664,1047.6,869.281,869.281,fly,0.876,ok,2601,0,0,192.00,459374592,607260672,114090264,95883264,18123768,2904,7449760,22132800,1338740,9292,9292,0,0,0,0,0,0,0,0,0.067,0.074,0.000,0,0,0,9292,9292,0,0
travel,43.694,1048.4,869.797,869.797,fly,0.850,ok,2601,0,0,192.00,459374592,607260672,114090264,95883264,18123768,2904,7449760,22132800,1338740,9292,9292,0,0,0,0,0,0,0,0,0.065,0.068,0.000,0,0,0,9292,9292,0,0
travel,43.724,1049.1,870.312,870.312,fly,0.890,ok,2601,0,0,192.00,459374592,607260672,114090264,95883264,18123768,2904,7449760,22132800,1338740,9292,9292,0,0,0,0,0,0,0,0,0.066,0.078,0.000,0,0,0,9292,9292,0,0
travel,43.754,1049.8,870.824,870.824,fly,0.852,ok,2601,0,0,192.00,459374592,607260672,114090264,95883264,18123768,2904,7449760,22132800,1338740,9292,9292,0,0,0,0,0,0,0,0,0.065,0.067,0.000,0,0,0,9292,9292,0,0
travel,43.785,1050.5,871.347,871.347,fly,0.847,ok,2601,0,0,192.00,459374592,607260672,114090264,95883264,18123768,2904,7449760,22132800,1338740,9292,9292,0,0,0,0,0,0,0,0,0.064,0.068,0.000,0,0,0,9292,9292,0,0
travel,43.815,1051.3,871.863,871.863,fly,0.879,ok,2601,0,0,192.00,459374592,607260672,114090264,95883264,18123768,2904,7449760,22132800,1338740,9292,9292,0,0,0,0,0,0,0,0,0.064,0.076,0.000,0,0,0,9292,9292,0,0
travel,43.855,1052.2,872.536,872.536,fly,0.852,ok,2601,0,48,192.00,459374592,607260672,114090264,95883264,18123768,2904,11174640,19628256,1384417,9393,9393,0,0,5,0,0,0,0,0,0.069,0.067,0.000,0,0,0,9393,9393,0,0
travel,43.886,1053.0,873.054,873.054,fly,0.862,ok,2601,0,0,192.00,459374592,607260672,114090264,95883264,18123768,2904,11174640,22132800,1392472,9393,9393,0,0,0,0,0,0,0,0,0.066,0.070,0.000,0,0,0,9393,9393,0,0
travel,43.916,1053.7,873.580,873.580,fly,0.988,ok,2601,0,0,192.00,459374592,607260672,114090264,95883264,18123768,2904,11174640,22132800,1392472,9393,9393,0,0,0,0,0,0,0,0,0.070,0.087,0.000,0,0,0,9393,9393,0,0
travel,43.947,1054.4,874.107,874.107,fly,0.872,ok,2601,0,0,192.00,459374592,607260672,114090264,95883264,18123768,2904,11174640,22132800,1392472,9393,9393,0,0,0,0,0,0,0,0,0.071,0.070,0.000,0,0,0,9393,9393,0,0
travel,43.978,1055.2,874.621,874.621,fly,0.863,ok,2601,0,0,192.00,459374592,607260672,114090264,95883264,18123768,2904,11174640,22132800,1392472,9393,9393,0,0,0,0,0,0,0,0,0.067,0.069,0.000,0,0,0,9393,9393,0,0
travel,44.008,1055.9,875.138,875.138,fly,0.872,ok,2601,0,0,192.00,459374592,607260672,114090264,95883264,18123768,2904,7449760,22132800,1392472,9393,9393,0,0,0,0,0,0,0,0,0.068,0.070,0.000,0,0,0,9393,9393,0,0
travel,44.038,1056.6,875.651,875.651,fly,1.054,ok,2601,0,0,192.00,459374592,607260672,114090264,95883264,18123768,2904,7449760,22132800,1392472,9393,9393,0,0,0,0,0,0,0,0,0.078,0.133,0.000,0,0,0,9393,9393,0,0
travel,44.070,1057.4,876.187,876.187,fly,0.888,ok,2601,0,0,192.00,459374592,607260672,114090264,95883264,18123768,2904,7449760,22132800,1392472,9393,9393,0,0,0,0,0,0,0,0,0.067,0.072,0.000,0,0,0,9393,9393,0,0
travel,44.100,1058.1,876.707,876.707,fly,0.875,ok,2601,0,0,192.00,459374592,607260672,114090264,95883264,18123768,2904,7449760,22132800,1392472,9393,9393,0,0,0,0,0,0,0,0,0.066,0.071,0.000,0,0,0,9393,9393,0,0
travel,44.131,1058.9,877.223,877.223,fly,0.958,ok,2601,0,0,192.00,459374592,607260672,114090264,95883264,18123768,2904,7449760,22132800,1392472,9393,9393,0,0,0,0,0,0,0,0,0.074,0.111,0.000,0,0,0,9393,9393,0,0
travel,44.161,1059.6,877.742,877.742,fly,0.885,ok,2601,0,0,192.00,459374592,607260672,114090264,95883264,18123768,2904,7449760,22132800,1392472,9393,9393,0,0,0,0,0,0,0,0,0.066,0.074,0.000,0,0,0,9393,9393,0,0
travel,44.192,1060.3,878.262,878.262,fly,0.844,ok,2601,0,0,192.00,459374592,607260672,114090264,95883264,18123768,2904,7449760,22132800,1392472,9393,9393,0,0,0,0,0,0,0,0,0.066,0.064,0.000,0,0,0,9393,9393,0,0
travel,44.222,1061.0,878.774,878.774,fly,0.859,ok,2601,0,0,192.00,459374592,607260672,114090264,95883264,18123768,2904,7449760,22132800,1392472,9393,9393,0,0,0,0,0,0,0,0,0.066,0.065,0.000,0,0,0,9393,9393,0,0
travel,44.253,1061.8,879.296,879.296,fly,0.866,ok,2601,0,0,192.00,459374592,607260672,114090264,95883264,18123768,2904,7449760,22132800,1392472,9393,9393,0,0,0,0,0,0,0,0,0.065,0.070,0.000,0,0,0,9393,9393,0,0
travel,44.284,1062.5,879.821,879.821,fly,1.082,ok,2601,0,0,192.00,459374592,607260672,114090264,95883264,18123768,2904,7449760,22132800,1392472,9393,9393,0,0,0,0,0,0,0,0,0.148,0.118,0.000,0,0,0,9393,9393,0,0
travel,44.328,1063.6,880.573,880.573,fly,0.935,ok,2601,0,0,192.00,459374592,607260672,114090264,95883264,18123768,2904,11174640,22132800,1445620,9494,9494,0,0,4,0,0,0,0,0,0.069,0.073,0.000,0,0,0,9494,9494,0,0
travel,44.359,1064.3,881.105,881.105,fly,0.857,ok,2601,0,0,192.00,459374592,607260672,114090264,95883264,18123768,2904,11174640,22132800,1445620,9494,9494,0,0,0,0,0,0,0,0,0.066,0.068,0.000,0,0,0,9494,9494,0,0
travel,44.389,1065.1,881.617,881.617,fly,1.419,ok,2601,0,0,192.00,459374592,607260672,114090264,95883264,18123768,2904,11174640,22132800,1445620,9494,9494,0,0,0,0,0,0,0,0,0.593,0.077,0.000,0,0,0,9494,9494,0,0
travel,44.420,1065.8,882.140,882.140,fly,0.916,ok,2601,0,0,192.00,459374592,607260672,114090264,95883264,18123768,2904,11174640,22132800,1445620,9494,9494,0,0,0,0,0,0,0,0,0.069,0.077,0.000,0,0,0,9494,9494,0,0
travel,44.451,1066.6,882.666,882.666,fly,0.863,ok,2601,0,0,192.00,459374592,607260672,114090264,95883264,18123768,2904,11174640,22132800,1445620,9494,9494,0,0,0,0,0,0,0,0,0.067,0.069,0.000,0,0,0,9494,9494,0,0
travel,44.481,1067.3,883.182,883.182,fly,0.981,ok,2601,0,0,192.00,459374592,607260672,114090264,95883264,18123768,2904,7449760,22132800,1445620,9494,9494,0,0,0,0,0,0,0,0,0.149,0.075,0.000,0,0,0,9494,9494,0,0
travel,44.513,1068.0,883.714,883.714,fly,0.867,ok,2601,0,0,192.00,459374592,607260672,114090264,95883264,18123768,2904,7449760,22132800,1445620,9494,9494,0,0,0,0,0,0,0,0,0.067,0.070,0.000,0,0,0,9494,9494,0,0
travel,44.543,1068.8,884.239,884.239,fly,0.863,ok,2601,0,0,192.00,459374592,607260672,114090264,95883264,18123768,2904,7449760,22132800,1445620,9494,9494,0,0,0,0,0,0,0,0,0.066,0.068,0.000,0,0,0,9494,9494,0,0
travel,44.574,1069.5,884.757,884.757,fly,1.552,ok,2601,0,0,192.00,459374592,607260672,114090264,95883264,18123768,2904,7449760,22132800,1445620,9494,9494,0,0,0,0,0,0,0,0,0.652,0.105,0.000,0,0,0,9494,9494,0,0
travel,44.605,1070.3,885.285,885.285,fly,0.861,ok,2601,0,0,192.00,459374592,607260672,114090264,95883264,18123768,2904,7449760,22132800,1445620,9494,9494,0,0,0,0,0,0,0,0,0.067,0.067,0.000,0,0,0,9494,9494,0,0
travel,44.636,1071.0,885.810,885.810,fly,0.860,ok,2601,0,0,192.00,459374592,607260672,114090264,95883264,18123768,2904,7449760,22132800,1445620,9494,9494,0,0,0,0,0,0,0,0,0.068,0.066,0.000,0,0,0,9494,9494,0,0
travel,44.669,1071.8,886.372,886.372,fly,0.924,ok,2601,0,0,192.00,459374592,607260672,114090264,95883264,18123768,2904,7449760,22132800,1445620,9494,9494,0,0,0,0,0,0,0,0,0.100,0.073,0.000,0,0,0,9494,9494,0,0
travel,44.699,1072.5,886.887,886.887,fly,0.857,ok,2601,0,0,192.00,459374592,607260672,114090264,95883264,18123768,2904,7449760,22132800,1445620,9494,9494,0,0,0,0,0,0,0,0,0.063,0.066,0.000,0,0,0,9494,9494,0,0
travel,44.731,1073.3,887.419,887.419,fly,0.892,ok,2601,0,0,192.00,459374592,607260672,114090264,95883264,18123768,2904,7449760,22132800,1445620,9494,9494,0,0,0,0,0,0,0,0,0.066,0.081,0.000,0,0,0,9494,9494,0,0
travel,44.761,1074.0,887.938,887.938,fly,0.862,ok,2601,0,0,192.00,459374592,607260672,114090264,95883264,18123768,2904,7449760,22132800,1445620,9494,9494,0,0,0,0,0,0,0,0,0.065,0.067,0.000,0,0,0,9494,9494,0,0
travel,44.800,1074.9,888.594,888.594,fly,0.878,ok,2601,0,0,192.00,459374592,607260672,114090264,95883264,18123768,2904,11174640,22132800,1498988,9595,9595,0,0,0,0,0,0,0,0,0.072,0.073,0.000,0,0,0,9595,9595,0,0
travel,44.830,1075.7,889.112,889.112,fly,0.971,ok,2601,0,0,192.00,459374592,607260672,114090264,95883264,18123768,2904,11174640,22132800,1498988,9595,9595,0,0,0,0,0,0,0,0,0.073,0.111,0.000,0,0,0,9595,9595,0,0
travel,44.861,1076.4,889.633,889.633,fly,0.865,ok,2601,0,0,192.00,459374592,607260672,114090264,95883264,18123768,2904,11174640,22132800,1498988,9595,9595,0,0,0,0,0,0,0,0,0.065,0.069,0.000,0,0,0,9595,9595,0,0
travel,44.891,1077.1,890.153,890.153,fly,0.925,ok,2601,0,0,192.00,459374592,607260672,114090264,95883264,18123768,2904,11174640,22132800,1498988,9595,9595,0,0,0,0,0,0,0,0,0.069,0.073,0.000,0,0,0,9595,9595,0,0
travel,44.922,1077.9,890.671,890.671,fly,0.890,ok,2601,0,0,192.00,459374592,607260672,114090264,95883264,18123768,2904,11174640,22132800,1498988,9595,9595,0,0,0,0,0,0,0,0,0.068,0.077,0.000,0,0,0,9595,9595,0,0
travel,44.953,1078.6,891.206,891.206,fly,0.856,ok,2601,0,0,192.00,459374592,607260672,114090264,95883264,18123768,2904,7449760,22132800,1498988,9595,9595,0,0,0,0,0,0,0,0,0.067,0.066,0.000,0,0,0,9595,9595,0,0
travel,44.984,1079.4,891.732,891.732,fly,0.860,ok,2601,0,0,192.00,459374592,607260672,114090264,95883264,18123768,2904,7449760,22132800,1498988,9595,9595,0,0,0,0,0,0,0,0,0.066,0.066,0.000,0,0,0,9595,9595,0,0
travel,45.014,1080.1,892.244,892.244,fly,0.867,ok,2601,0,0,192.00,459374592,607260672,114090264,95883264,18123768,2904,7449760,22132800,1498988,9595,9595,0,0,0,0,0,0,0,0,0.065,0.067,0.000,0,0,0,9595,9595,0,0
travel,45.045,1080.8,892.767,892.767,fly,0.881,ok,2601,0,0,192.00,459374592,607260672,114090264,95883264,18123768,2904,7449760,22132800,1498988,9595,9595,0,0,0,0,0,0,0,0,0.068,0.076,0.000,0,0,0,9595,9595,0,0
travel,45.075,1081.6,893.282,893.282,fly,0.858,ok,2601,0,0,192.00,459374592,607260672,114090264,95883264,18123768,2904,7449760,22132800,1498988,9595,9595,0,0,0,0,0,0,0,0,0.065,0.065,0.000,0,0,0,9595,9595,0,0
travel,45.106,1082.3,893.805,893.805,fly,0.865,ok,2601,0,0,192.00,459374592,607260672,114090264,95883264,18123768,2904,7449760,22132800,1498988,9595,9595,0,0,0,0,0,0,0,0,0.065,0.069,0.000,0,0,0,9595,9595,0,0
travel,45.137,1083.0,894.329,894.329,fly,0.869,ok,2601,0,0,192.00,459374592,607260672,114090264,95883264,18123768,2904,7449760,22132800,1498988,9595,9595,0,0,0,0,0,0,0,0,0.065,0.067,0.000,0,0,0,9595,9595,0,0
travel,45.168,1083.8,894.858,894.858,fly,0.907,ok,2601,0,0,192.00,459374592,607260672,114090264,95883264,18123768,2904,7449760,22132800,1498988,9595,9595,0,0,0,0,0,0,0,0,0.066,0.071,0.000,0,0,0,9595,9595,0,0
travel,45.198,1084.5,895.368,895.368,fly,0.868,ok,2601,0,0,192.00,459374592,607260672,114090264,95883264,18123768,2904,7449760,22132800,1498988,9595,9595,0,0,0,0,0,0,0,0,0.065,0.072,0.000,0,0,0,9595,9595,0,0
travel,45.229,1085.3,895.889,895.889,fly,0.841,ok,2601,0,0,192.00,459374592,607260672,114090264,95883264,18123768,2904,7449760,22132800,1498988,9595,9595,0,0,0,0,0,0,0,0,0.064,0.068,0.000,0,0,0,9595,9595,0,0
travel,45.269,1086.2,896.572,896.572,fly,0.930,ok,2601,0,9,192.00,459374592,607260672,114090264,95883264,18123768,2904,11174640,21663120,1305054,9696,9696,0,0,8,0,0,0,0,0,0.071,0.072,0.000,0,0,0,9696,9696,0,0
travel,45.300,1087.0,897.096,897.096,fly,0.868,ok,2601,0,0,192.00,459374592,607260672,114090264,95883264,18123768,2904,11174640,22132800,1306169,9696,9696,0,0,0,0,0,0,0,0,0.068,0.069,0.000,0,0,0,9696,9696,0,0
travel,45.330,1087.7,897.612,897.612,fly,0.897,ok,2601,0,0,192.00,459374592,607260672,114090264,95883264,18123768,2904,11174640,22132800,1306169,9696,9696,0,0,0,0,0,0,0,0,0.069,0.075,0.000,0,0,0,9696,9696,0,0
travel,45.361,1088.4,898.136,898.136,fly,0.871,ok,2601,0,0,192.00,459374592,607260672,114090264,95883264,18123768,2904,11174640,22132800,1306169,9696,9696,0,0,0,0,0,0,0,0,0.068,0.069,0.000,0,0,0,9696,9696,0,0
travel,45.392,1089.2,898.656,898.656,fly,0.891,ok,2601,0,0,192.00,459374592,607260672,114090264,95883264,18123768,2904,11174640,22132800,1306169,9696,9696,0,0,0,0,0,0,0,0,0.069,0.075,0.000,0,0,0,9696,9696,0,0
travel,45.422,1089.9,899.179,899.179,fly,0.850,ok,2601,0,0,192.00,459374592,607260672,114090264,95883264,18123768,2904,7449760,22132800,1306169,9696,9696,0,0,0,0,0,0,0,0,0.067,0.066,0.000,0,0,0,9696,9696,0,0
travel,45.454,1090.7,899.709,899.709,fly,0.880,ok,2601,0,0,192.00,459374592,607260672,114090264,95883264,18123768,2904,7449760,22132800,1306169,9696,9696,0,0,0,0,0,0,0,0,0.067,0.076,0.000,0,0,0,9696,9696,0,0
travel,45.484,1091.4,900.227,900.227,fly,0.848,ok,2601,0,0,192.00,459374592,607260672,114090264,95883264,18123768,2904,7449760,22132800,1306169,9696,9696,0,0,0,0,0,0,0,0,0.067,0.068,0.000,0,0,0,9696,9696,0,0
travel,45.514,1092.1,900.744,900.744,fly,0.852,ok,2601,0,0,192.00,459374592,607260672,114090264,95883264,18123768,2904,7449760,22132800,1306169,9696,9696,0,0,0,0,0,0,0,0,0.068,0.068,0.000,0,0,0,9696,9696,0,0
travel,45.545,1092.9,901.265,901.265,fly,0.856,ok,2601,0,0,192.00,459374592,607260672,114090264,95883264,18123768,2904,7449760,22132800,1306169,9696,9696,0,0,0,0,0,0,0,0,0.067,0.070,0.000,0,0,0,9696,9696,0,0
travel,45.576,1093.6,901.785,901.785,fly,0.923,ok,2601,0,0,192.00,459374592,607260672,114090264,95883264,18123768,2904,7449760,22132800,1306169,9696,9696,0,0,0,0,0,0,0,0,0.099,0.073,0.000,0,0,0,9696,9696,0,0
travel,45.606,1094.3,902.298,902.298,fly,0.868,ok,2601,0,0,192.00,459374592,607260672,114090264,95883264,18123768,2904,7449760,22132800,1306169,9696,9696,0,0,0,0,0,0,0,0,0.068,0.067,0.000,0,0,0,9696,9696,0,0
travel,45.636,1095.1,902.817,902.817,fly,0.870,ok,2601,0,0,192.00,459374592,607260672,114090264,95883264,18123768,2904,7449760,22132800,1306169,9696,9696,0,0,0,0,0,0,0,0,0.066,0.069,0.000,0,0,0,9696,9696,0,0
travel,45.666,1095.8,903.328,903.328,fly,0.958,ok,2601,0,0,192.00,459374592,607260672,114090264,95883264,18123768,2904,7449760,22132800,1306169,9696,9696,0,0,0,0,0,0,0,0,0.075,0.107,0.000,0,0,0,9696,9696,0,0
travel,45.698,1096.5,903.860,903.860,fly,0.865,ok,2601,0,0,192.00,459374592,607260672,114090264,95883264,18123768,2904,7449760,22132800,1306169,9696,9696,0,0,0,0,0,0,0,0,0.068,0.068,0.000,0,0,0,9696,9696,0,0
travel,45.736,1097.5,904.515,904.515,fly,0.877,ok,2601,0,2,192.00,459374592,607260672,114090264,95883264,18123768,2904,11174640,22028400,1360973,9797,9797,0,0,7,0,0,0,0,0,0.070,0.067,0.000,0,0,0,9797,9797,0,0
travel,45.767,1098.2,905.037,905.037,fly,0.873,ok,2601,0,0,192.00,459374592,607260672,114090264,95883264,18123768,2904,11174640,22132800,1360973,9797,9797,0,0,0,0,0,0,0,0,0.072,0.067,0.000,0,0,0,9797,9797,0,0
travel,45.798,1098.9,905.560,905.560,fly,0.868,ok,2601,0,0,192.00,459374592,607260672,114090264,95883264,18123768,2904,11174640,22132800,1360973,9797,9797,0,0,0,0,0,0,0,0,0.067,0.069,0.000,0,0,0,9797,9797,0,0
travel,45.828,1099.7,906.081,906.081,fly,0.862,ok,2601,0,0,192.00,459374592,607260672,114090264,95883264,18123768,2904,11174640,22132800,1360973,9797,9797,0,0,0,0,0,0,0,0,0.067,0.064,0.000,0,0,0,9797,9797,0,0
travel,45.860,1100.4,906.612,906.612,fly,0.894,ok,2601,0,0,192.00,459374592,607260672,114090264,95883264,18123768,2904,11174640,22132800,1360973,9797,9797,0,0,0,0,0,0,0,0,0.074,0.078,0.000,0,0,0,9797,9797,0,0
travel,45.890,1101.1,907.129,907.129,fly,0.929,ok,2601,0,0,192.00,459374592,607260672,114090264,95883264,18123768,2904,7449760,22132800,1360973,9797,9797,0,0,0,0,0,0,0,0,0.144,0.069,0.000,0,0,0,9797,9797,0,0
travel,45.920,1101.9,907.643,907.643,fly,0.852,ok,2601,0,0,192.00,459374592,607260672,114090264,95883264,18123768,2904,7449760,22132800,1360973,9797,9797,0,0,0,0,0,0,0,0,0.069,0.068,0.000,0,0,0,9797,9797,0,0
travel,45.951,1102.6,908.165,908.165,fly,0.861,ok,2601,0,0,192.00,459374592,607260672,114090264,95883264,18123768,2904,7449760,22132800,1360973,9797,9797,0,0,0,0,0,0,0,0,0.071,0.070,0.000,0,0,0,9797,9797,0,0
travel,45.981,1103.3,908.682,908.682,fly,0.957,ok,2601,0,0,192.00,459374592,607260672,114090264,95883264,18123768,2904,7449760,22132800,1360973,9797,9797,0,0,0,0,0,0,0,0,0.075,0.107,0.000,0,0,0,9797,9797,0,0
travel,46.012,1104.1,909.204,909.204,fly,0.867,ok,2601,0,0,192.00,459374592,607260672,114090264,95883264,18123768,2904,7449760,22132800,1360973,9797,9797,0,0,0,0,0,0,0,0,0.066,0.074,0.000,0,0,0,9797,9797,0,0
travel,46.043,1104.8,909.723,909.723,fly,0.864,ok,2601,0,0,192.00,459374592,607260672,114090264,95883264,18123768,2904,7449760,22132800,1360973,9797,9797,0,0,0,0,0,0,0,0,0.067,0.069,0.000,0,0,0,9797,9797,0,0
travel,46.073,1105.5,910.238,910.238,fly,0.895,ok,2601,0,0,192.00,459374592,607260672,114090264,95883264,18123768,2904,7449760,22132800,1360973,9797,9797,0,0,0,0,0,0,0,0,0.067,0.093,0.000,0,0,0,9797,9797,0,0
travel,46.103,1106.3,910.751,910.751,fly,0.859,ok,2601,0,0,192.00,459374592,607260672,114090264,95883264,18123768,2904,7449760,22132800,1360973,9797,9797,0,0,0,0,0,0,0,0,0.067,0.070,0.000,0,0,0,9797,9797,0,0
travel,46.133,1107.0,911.264,911.264,fly,0.879,ok,2601,0,0,192.00,459374592,607260672,114090264,95883264,18123768,2904,7449760,22132800,1360973,9797,9797,0,0,0,0,0,0,0,0,0.068,0.071,0.000,0,0,0,9797,9797,0,0
travel,46.164,1107.7,911.785,911.785,fly,0.845,ok,2601,0,0,192.00,459374592,607260672,114090264,95883264,18123768,2904,7449760,22132800,1360973,9797,9797,0,0,0,0,0,0,0,0,0.066,0.067,0.000,0,0,0,9797,9797,0,0
travel,46.204,1108.7,912.462,912.462,fly,1.105,ok,2601,0,30,192.00,459898880,607789056,114090264,95883264,18123768,2904,11174640,20619600,1411352,9898,9898,0,0,8,0,0,0,0,0,0.085,0.134,0.000,0,0,0,9898,9898,0,0
travel,46.235,1109.4,912.996,912.996,fly,0.859,ok,2601,0,0,192.00,459898880,607789056,114090264,95883264,18123768,2904,11174640,22132800,1415493,9898,9898,0,0,0,0,0,0,0,0,0.069,0.070,0.000,0,0,0,9898,9898,0,0
travel,46.266,1110.2,913.518,913.518,fly,0.860,ok,2601,0,0,192.00,459898880,607789056,114090264,95883264,18123768,2904,11174640,22132800,1415493,9898,9898,0,0,0,0,0,0,0,0,0.069,0.072,0.000,0,0,0,9898,9898,0,0
travel,46.296,1110.9,914.032,914.032,fly,0.858,ok,2601,0,0,192.00,459898880,607789056,114090264,95883264,18123768,2904,11174640,22132800,1415493,9898,9898,0,0,0,0,0,0,0,0,0.067,0.067,0.000,0,0,0,9898,9898,0,0
travel,46.326,1111.6,914.543,914.543,fly,0.848,ok,2601,0,0,192.00,459898880,607789056,114090264,95883264,18123768,2904,11174640,22132800,1415493,9898,9898,0,0,0,0,0,0,0,0,0.068,0.067,0.000,0,0,0,9898,9898,0,0
travel,46.357,1112.4,915.065,915.065,fly,0.853,ok,2601,0,0,192.00,459898880,607789056,114090264,95883264,18123768,2904,7449760,22132800,1415493,9898,9898,0,0,0,0,0,0,0,0,0.068,0.066,0.000,0,0,0,9898,9898,0,0
travel,46.387,1113.1,915.577,915.577,fly,0.861,ok,2601,0,0,192.00,459898880,607789056,114090264,95883264,18123768,2904,7449760,22132800,1415493,9898,9898,0,0,0,0,0,0,0,0,0.069,0.070,0.000,0,0,0,9898,9898,0,0
travel,46.417,1113.8,916.096,916.096,fly,0.920,ok,2601,0,0,192.00,459898880,607789056,114090264,95883264,18123768,2904,7449760,22132800,1415493,9898,9898,0,0,0,0,0,0,0,0,0.070,0.078,0.000,0,0,0,9898,9898,0,0
travel,46.448,1114.6,916.616,916.616,fly,0.887,ok,2601,0,0,192.00,459898880,607789056,114090264,95883264,18123768,2904,7449760,22132800,1415493,9898,9898,0,0,0,0,0,0,0,0,0.071,0.079,0.000,0,0,0,9898,9898,0,0
travel,46.479,1115.3,917.142,917.142,fly,0.844,ok,2601,0,0,192.00,459898880,607789056,114090264,95883264,18123768,2904,7449760,22132800,1415493,9898,9898,0,0,0,0,0,0,0,0,0.067,0.065,0.000,0,0,0,9898,9898,0,0
travel,46.510,1116.1,917.669,917.669,fly,0.865,ok,2601,0,0,192.00,459898880,607789056,114090264,95883264,18123768,2904,7449760,22132800,1415493,9898,9898,0,0,0,0,0,0,0,0,0.067,0.072,0.000,0,0,0,9898,9898,0,0
travel,46.540,1116.8,918.185,918.185,fly,0.873,ok,2601,0,0,192.00,459898880,607789056,114090264,95883264,18123768,2904,7449760,22132800,1415493,9898,9898,0,0,0,0,0,0,0,0,0.070,0.070,0.000,0,0,0,9898,9898,0,0
travel,46.571,1117.5,918.709,918.709,fly,0.893,ok,2601,0,0,192.00,459898880,607789056,114090264,95883264,18123768,2904,7449760,22132800,1415493,9898,9898,0,0,0,0,0,0,0,0,0.068,0.071,0.000,0,0,0,9898,9898,0,0
travel,46.602,1118.3,919.231,919.231,fly,0.881,ok,2601,0,0,192.00,459898880,607789056,114090264,95883264,18123768,2904,7449760,22132800,1415493,9898,9898,0,0,0,0,0,0,0,0,0.070,0.070,0.000,0,0,0,9898,9898,0,0
travel,46.632,1119.0,919.745,919.745,fly,0.888,ok,2601,0,0,192.00,459898880,607789056,114090264,95883264,18123768,2904,7449760,22132800,1415493,9898,9898,0,0,0,0,0,0,0,0,0.069,0.075,0.000,0,0,0,9898,9898,0,0
travel,46.670,1119.9,920.393,920.393,fly,1.014,ok,2601,0,58,192.00,459898880,607789056,114090264,95883264,18123768,2904,11174640,19106496,1458167,9999,9999,0,0,7,0,0,0,0,0,0.075,0.111,0.000,0,0,0,9999,9999,0,0
travel,46.701,1120.6,920.911,920.911,fly,0.870,ok,2601,0,0,192.00,459898880,607789056,114090264,95883264,18123768,2904,11174640,22132800,1469033,9999,9999,0,0,0,0,0,0,0,0,0.068,0.069,0.000,0,0,0,9999,9999,0,0
travel,46.731,1121.4,921.428,921.428,fly,0.957,ok,2601,0,0,192.00,459898880,607789056,114090264,95883264,18123768,2904,11174640,22132800,1469033,9999,9999,0,0,0,0,0,0,0,0,0.126,0.075,0.000,0,0,0,9999,9999,0,0
travel,46.761,1122.1,921.942,921.942,fly,0.871,ok,2601,0,0,192.00,459898880,607789056,114090264,95883264,18123768,2904,11174640,22132800,1469033,9999,9999,0,0,0,0,0,0,0,0,0.067,0.066,0.000,0,0,0,9999,9999,0,0
travel,46.792,1122.8,922.467,922.467,fly,0.864,ok,2601,0,0,192.00,459898880,607789056,114090264,95883264,18123768,2904,11174640,22132800,1469033,9999,9999,0,0,0,0,0,0,0,0,0.069,0.065,0.000,0,0,0,9999,9999,0,0
travel,46.823,1123.6,922.997,922.997,fly,0.885,ok,2601,0,0,192.00,459898880,607789056,114090264,95883264,18123768,2904,7449760,22132800,1469033,9999,9999,0,0,0,0,0,0,0,0,0.069,0.076,0.000,0,0,0,9999,9999,0,0
travel,46.854,1124.3,923.519,923.519,fly,0.890,ok,2601,0,0,192.00,459898880,607789056,114090264,95883264,18123768,2904,7449760,22132800,1469033,9999,9999,0,0,0,0,0,0,0,0,0.068,0.075,0.000,0,0,0,9999,9999,0,0
travel,46.884,1125.1,924.035,924.035,fly,0.850,ok,2601,0,0,192.00,459898880,607789056,114090264,95883264,18123768,2904,7449760,22132800,1469033,9999,9999,0,0,0,0,0,0,0,0,0.065,0.068,0.000,0,0,0,9999,9999,0,0
travel,46.915,1125.8,924.555,924.555,fly,0.867,ok,2601,0,0,192.00,459898880,607789056,114090264,95883264,18123768,2904,7449760,22132800,1469033,9999,9999,0,0,0,0,0,0,0,0,0.067,0.068,0.000,0,0,0,9999,9999,0,0
travel,46.945,1126.5,925.070,925.070,fly,0.868,ok,2601,0,0,192.00,459898880,607789056,114090264,95883264,18123768,2904,7449760,22132800,1469033,9999,9999,0,0,0,0,0,0,0,0,0.066,0.069,0.000,0,0,0,9999,9999,0,0
travel,46.976,1127.3,925.593,925.593,fly,0.875,ok,2601,0,0,192.00,459898880,607789056,114090264,95883264,18123768,2904,7449760,22132800,1469033,9999,9999,0,0,0,0,0,0,0,0,0.068,0.070,0.000,0,0,0,9999,9999,0,0
travel,47.006,1128.0,926.105,926.105,fly,0.873,ok,2601,0,0,192.00,459898880,607789056,114090264,95883264,18123768,2904,7449760,22132800,1469033,9999,9999,0,0,0,0,0,0,0,0,0.068,0.068,0.000,0,0,0,9999,9999,0,0
travel,47.037,1128.7,926.621,926.621,fly,0.865,ok,2601,0,0,192.00,459898880,607789056,114090264,95883264,18123768,2904,7449760,22132800,1469033,9999,9999,0,0,0,0,0,0,0,0,0.067,0.067,0.000,0,0,0,9999,9999,0,0
travel,47.068,1129.5,927.148,927.148,fly,0.871,ok,2601,0,0,192.00,459898880,607789056,114090264,95883264,18123768,2904,7449760,22132800,1469033,9999,9999,0,0,0,0,0,0,0,0,0.066,0.069,0.000,0,0,0,9999,9999,0,0
travel,47.099,1130.2,927.674,927.674,fly,0.869,ok,2601,0,0,192.00,459898880,607789056,114090264,95883264,18123768,2904,7449760,22132800,1469033,9999,9999,0,0,0,0,0,0,0,0,0.067,0.066,0.000,0,0,0,9999,9999,0,0
travel,47.138,1131.1,928.341,928.341,fly,0.880,ok,2601,0,110,192.00,459898880,607789056,114090264,95883264,18123768,2904,11174640,16393344,1277548,10100,10100,0,0,8,0,0,0,0,0,0.069,0.067,0.000,0,0,0,10100,10100,0,0
travel,47.168,1131.9,928.857,928.857,fly,0.867,ok,2601,0,0,192.00,459898880,607789056,114090264,95883264,18123768,2904,11174640,22132800,1299467,10100,10100,0,0,0,0,0,0,0,0,0.069,0.071,0.000,0,0,0,10100,10100,0,0
travel,47.199,1132.6,929.374,929.374,fly,0.880,ok,2601,0,0,192.00,459898880,607789056,114090264,95883264,18123768,2904,11174640,22132800,1299467,10100,10100,0,0,0,0,0,0,0,0,0.070,0.073,0.000,0,0,0,10100,10100,0,0
travel,47.230,1133.4,929.900,929.900,fly,0.870,ok,2601,0,0,192.00,459898880,607789056,114090264,95883264,18123768,2904,11174640,22132800,1299467,10100,10100,0,0,0,0,0,0,0,0,0.069,0.071,0.000,0,0,0,10100,10100,0,0
travel,47.260,1134.1,930.422,930.422,fly,0.872,ok,2601,0,0,192.00,459898880,607789056,114090264,95883264,18123768,2904,11174640,22132800,1299467,10100,10100,0,0,0,0,0,0,0,0,0.069,0.076,0.000,0,0,0,10100,10100,0,0
travel,47.290,1134.8,930.935,930.935,fly,0.878,ok,2601,0,0,192.00,459898880,607789056,114090264,95883264,18123768,2904,7449760,22132800,1299467,10100,10100,0,0,0,0,0,0,0,0,0.069,0.066,0.001,0,0,0,10100,10100,0,0
travel,47.321,1135.6,931.455,931.455,fly,0.886,ok,2601,0,0,192.00,459898880,607789056,114090264,95883264,18123768,2904,7449760,22132800,1299467,10100,10100,0,0,0,0,0,0,0,0,0.070,0.074,0.000,0,0,0,10100,10100,0,0
travel,47.351,1136.3,931.969,931.969,fly,0.899,ok,2601,0,0,192.00,459898880,607789056,114090264,95883264,18123768,2904,7449760,22132800,1299467,10100,10100,0,0,0,0,0,0,0,0,0.069,0.072,0.000,0,0,0,10100,10100,0,0
travel,47.382,1137.0,932.493,932.493,fly,0.879,ok,2601,0,0,192.00,459898880,607789056,114090264,95883264,18123768,2904,7449760,22132800,1299467,10100,10100,0,0,0,0,0,0,0,0,0.069,0.075,0.000,0,0,0,10100,10100,0,0
travel,47.413,1137.8,933.013,933.013,fly,0.972,ok,2601,0,0,192.00,459898880,607789056,114090264,95883264,18123768,2904,7449760,22132800,1299467,10100,10100,0,0,0,0,0,0,0,0,0.141,0.069,0.000,0,0,0,10100,10100,0,0
travel,47.443,1138.5,933.529,933.529,fly,0.973,ok,2601,0,0,192.00,459898880,607789056,114090264,95883264,18123768,2904,7449760,22132800,1299467,10100,10100,0,0,0,0,0,0,0,0,0.076,0.111,0.000,0,0,0,10100,10100,0,0
travel,47.473,1139.2,934.045,934.045,fly,0.855,ok,2601,0,0,192.00,459898880,607789056,114090264,95883264,18123768,2904,7449760,22132800,1299467,10100,10100,0,0,0,0,0,0,0,0,0.066,0.069,0.000,0,0,0,10100,10100,0,0
travel,47.504,1139.9,934.562,934.562,fly,0.857,ok,2601,0,0,192.00,459898880,607789056,114090264,95883264,18123768,2904,7449760,22132800,1299467,10100,10100,0,0,0,0,0,0,0,0,0.068,0.067,0.000,0,0,0,10100,10100,0,0
travel,47.534,1140.7,935.081,935.081,fly,0.850,ok,2601,0,0,192.00,459898880,607789056,114090264,95883264,18123768,2904,7449760,22132800,1299467,10100,10100,0,0,0,0,0,0,0,0,0.065,0.069,0.000,0,0,0,10100,10100,0,0
travel,47.565,1141.4,935.603,935.603,fly,0.844,ok,2601,0,0,192.00,459898880,607789056,114090264,95883264,18123768,2904,7449760,22132800,1299467,10100,10100,0,0,0,0,0,0,0,0,0.066,0.066,0.000,0,0,0,10100,10100,0,0
travel,47.603,1142.3,936.256,936.256,fly,0.904,ok,2601,0,114,192.00,459898880,607789056,114090264,95883264,18123768,2904,11174640,16184640,1330822,10201,10201,0,0,7,0,0,0,0,0,0.078,0.077,0.000,0,0,0,10201,10201,0,0
travel,47.635,1143.1,936.789,936.789,fly,1.371,ok,2601,0,0,192.00,459898880,607789056,114090264,95883264,18123768,2904,11174640,22132800,1354207,10201,10201,0,0,0,0,0,0,0,0,0.513,0.079,0.000,0,0,0,10201,10201,0,0
travel,47.666,1143.8,937.312,937.312,fly,0.865,ok,2601,0,0,192.00,459898880,607789056,114090264,95883264,18123768,2904,11174640,22132800,1354207,10201,10201,0,0,0,0,0,0,0,0,0.067,0.072,0.000,0,0,0,10201,10201,0,0
travel,47.696,1144.6,937.824,937.824,fly,0.862,ok,2601,0,0,192.00,459898880,607789056,114090264,95883264,18123768,2904,11174640,22132800,1354207,10201,10201,0,0,0,0,0,0,0,0,0.068,0.067,0.000,0,0,0,10201,10201,0,0
travel,47.726,1145.3,938.336,938.336,fly,1.028,ok,2601,0,0,192.00,459898880,607789056,114090264,95883264,18123768,2904,11174640,22132800,1354207,10201,10201,0,0,0,0,0,0,0,0,0.212,0.077,0.000,0,0,0,10201,10201,0,0
travel,47.757,1146.0,938.863,938.863,fly,0.900,ok,2601,0,0,192.00,459898880,607789056,114090264,95883264,18123768,2904,11174640,22132800,1354207,10201,10201,0,0,0,0,0,0,0,0,0.073,0.076,0.000,0,0,0,10201,10201,0,0
travel,47.787,1146.8,939.380,939.380,fly,0.935,ok,2601,0,0,192.00,459898880,607789056,114090264,95883264,18123768,2904,7449760,22132800,1354207,10201,10201,0,0,0,0,0,0,0,0,0.115,0.073,0.000,0,0,0,10201,10201,0,0
travel,47.817,1147.5,939.890,939.890,fly,0.941,ok,2601,0,0,192.00,459898880,607789056,114090264,95883264,18123768,2904,7449760,22132800,1354207,10201,10201,0,0,0,0,0,0,0,0,0.078,0.109,0.000,0,0,0,10201,10201,0,0
travel,47.848,1148.2,940.419,940.419,fly,0.856,ok,2601,0,0,192.00,459898880,607789056,114090264,95883264,18123768,2904,7449760,22132800,1354207,10201,10201,0,0,0,0,0,0,0,0,0.070,0.068,0.000,0,0,0,10201,10201,0,0
travel,47.879,1149.0,940.941,940.941,fly,0.848,ok,2601,0,0,192.00,459898880,607789056,114090264,95883264,18123768,2904,7449760,22132800,1354207,10201,10201,0,0,0,0,0,0,0,0,0.068,0.067,0.000,0,0,0,10201,10201,0,0
travel,47.909,1149.7,941.456,941.456,fly,0.866,ok,2601,0,0,192.00,459898880,607789056,114090264,95883264,18123768,2904,7449760,22132800,1354207,10201,10201,0,0,0,0,0,0,0,0,0.069,0.067,0.000,0,0,0,10201,10201,0,0
travel,47.940,1150.4,941.981,941.981,fly,0.858,ok,2601,0,0,192.00,459898880,607789056,114090264,95883264,18123768,2904,7449760,22132800,1354207,10201,10201,0,0,0,0,0,0,0,0,0.069,0.068,0.000,0,0,0,10201,10201,0,0
travel,47.971,1151.2,942.507,942.507,fly,0.894,ok,2601,0,0,192.00,459898880,607789056,114090264,95883264,18123768,2904,7449760,22132800,1354207,10201,10201,0,0,0,0,0,0,0,0,0.070,0.072,0.000,0,0,0,10201,10201,0,0
travel,48.001,1151.9,943.022,943.022,fly,0.879,ok,2601,0,0,192.00,459898880,607789056,114090264,95883264,18123768,2904,7449760,22132800,1354207,10201,10201,0,0,0,0,0,0,0,0,0.069,0.073,0.000,0,0,0,10201,10201,0,0
travel,48.032,1152.6,943.537,943.537,fly,0.859,ok,2601,0,0,192.00,459898880,607789056,114090264,95883264,18123768,2904,7449760,22132800,1354207,10201,10201,0,0,0,0,0,0,0,0,0.067,0.066,0.000,0,0,0,10201,10201,0,0
travel,48.072,1153.6,944.218,944.218,fly,0.923,ok,2601,0,129,192.00,459898880,607789056,114090264,95883264,18123768,2904,11174640,15402000,1380419,10302,10302,0,0,26,0,0,0,0,0,0.071,0.079,0.000,0,0,0,10302,10302,0,0
travel,48.102,1154.3,944.732,944.732,fly,0.863,ok,2601,0,0,192.00,459898880,607789056,114090264,95883264,18123768,2904,11174640,22132800,1407871,10302,10302,0,0,0,0,0,0,0,0,0.069,0.067,0.000,0,0,0,10302,10302,0,0
travel,48.133,1155.1,945.253,945.253,fly,0.957,ok,2601,0,0,192.00,459898880,607789056,114090264,95883264,18123768,2904,11174640,22132800,1407871,10302,10302,0,0,0,0,0,0,0,0,0.142,0.072,0.000,0,0,0,10302,10302,0,0
travel,48.163,1155.8,945.772,945.772,fly,0.858,ok,2601,0,0,192.00,459898880,607789056,114090264,95883264,18123768,2904,11174640,22132800,1407871,10302,10302,0,0,0,0,0,0,0,0,0.068,0.068,0.000,0,0,0,10302,10302,0,0
travel,48.194,1156.5,946.295,946.295,fly,0.857,ok,2601,0,0,192.00,459898880,607789056,114090264,95883264,18123768,2904,11174640,22132800,1407871,10302,10302,0,0,0,0,0,0,0,0,0.071,0.070,0.000,0,0,0,10302,10302,0,0
travel,48.224,1157.3,946.806,946.806,fly,0.847,ok,2601,0,0,192.00,459898880,607789056,114090264,95883264,18123768,2904,11174640,22132800,1407871,10302,10302,0,0,0,0,0,0,0,0,0.068,0.068,0.000,0,0,0,10302,10302,0,0
travel,48.255,1158.0,947.327,947.327,fly,0.877,ok,2601,0,0,192.00,459898880,607789056,114090264,95883264,18123768,2904,7449760,22132800,1407871,10302,10302,0,0,0,0,0,0,0,0,0.071,0.070,0.000,0,0,0,10302,10302,0,0
travel,48.286,1158.7,947.856,947.856,fly,0.983,ok,2601,0,0,192.00,459898880,607789056,114090264,95883264,18123768,2904,7449760,22132800,1407871,10302,10302,0,0,0,0,0,0,0,0,0.079,0.114,0.000,0,0,0,10302,10302,0,0
travel,48.316,1159.5,948.370,948.370,fly,0.847,ok,2601,0,0,192.00,459898880,607789056,114090264,95883264,18123768,2904,7449760,22132800,1407871,10302,10302,0,0,0,0,0,0,0,0,0.066,0.068,0.000,0,0,0,10302,10302,0,0
travel,48.347,1160.2,948.896,948.896,fly,0.876,ok,2601,0,0,192.00,459898880,607789056,114090264,95883264,18123768,2904,7449760,22132800,1407871,10302,10302,0,0,0,0,0,0,0,0,0.068,0.072,0.000,0,0,0,10302,10302,0,0
travel,48.377,1160.9,949.414,949.414,fly,1.722,ok,2601,0,0,192.00,459898880,607789056,114090264,95883264,18123768,2904,7449760,22132800,1407871,10302,10302,0,0,0,0,0,0,0,0,0.933,0.066,0.000,0,0,0,10302,10302,0,0
travel,48.408,1161.7,949.939,949.939,fly,0.847,ok,2601,0,0,192.00,459898880,607789056,114090264,95883264,18123768,2904,7449760,22132800,1407871,10302,10302,0,0,0,0,0,0,0,0,0.067,0.066,0.000,0,0,0,10302,10302,0,0
travel,48.439,1162.4,950.463,950.463,fly,0.986,ok,2601,0,0,192.00,459898880,607789056,114090264,95883264,18123768,2904,7449760,22132800,1407871,10302,10302,0,0,0,0,0,0,0,0,0.083,0.124,0.000,0,0,0,10302,10302,0,0
travel,48.469,1163.2,950.976,950.976,fly,0.845,ok,2601,0,0,192.00,459898880,607789056,114090264,95883264,18123768,2904,7449760,22132800,1407871,10302,10302,0,0,0,0,0,0,0,0,0.068,0.068,0.000,0,0,0,10302,10302,0,0
travel,48.500,1163.9,951.504,951.504,fly,0.861,ok,2601,0,0,192.00,459898880,607789056,114090264,95883264,18123768,2904,7449760,22132800,1407871,10302,10302,0,0,0,0,0,0,0,0,0.067,0.070,0.000,0,0,0,10302,10302,0,0
travel,48.534,1164.7,952.078,952.078,fly,3.446,ok,2574,27,171,192.00,459898880,607789056,112905936,94887936,17935632,2904,11174640,14620008,1421068,10376,10403,37,0,49,37,37,0,0,0,0.077,0.076,0.000,0,0,0,10376,10376,0,0
travel,48.569,1165.6,952.678,952.678,fly,0.865,ok,2601,0,0,192.00,459898880,607789056,114090264,95883264,18123768,2904,11174640,22132800,1461535,10403,10403,0,0,0,0,0,0,0,0,0.069,0.066,0.000,0,0,0,10403,10403,0,0
travel,48.599,1166.3,953.189,953.189,fly,1.101,ok,2601,0,0,192.00,459898880,607789056,114090264,95883264,18123768,2904,11174640,22132800,1461535,10403,10403,0,0,0,0,0,0,0,0,0.296,0.070,0.000,0,0,0,10403,10403,0,0
travel,48.630,1167.0,953.706,953.706,fly,0.904,ok,2601,0,0,192.00,459898880,607789056,114090264,95883264,18123768,2904,11174640,22132800,1461535,10403,10403,0,0,0,0,0,0,0,0,0.070,0.077,0.000,0,0,0,10403,10403,0,0
travel,48.660,1167.7,954.223,954.223,fly,0.868,ok,2601,0,0,192.00,459898880,607789056,114090264,95883264,18123768,2904,11174640,22132800,1461535,10403,10403,0,0,0,0,0,0,0,0,0.070,0.070,0.000,0,0,0,10403,10403,0,0
travel,48.690,1168.5,954.735,954.735,fly,0.858,ok,2601,0,0,192.00,459898880,607789056,114090264,95883264,18123768,2904,11174640,22132800,1461535,10403,10403,0,0,0,0,0,0,0,0,0.069,0.064,0.000,0,0,0,10403,10403,0,0
travel,48.722,1169.2,955.264,955.264,fly,0.868,ok,2601,0,0,192.00,459898880,607789056,114090264,95883264,18123768,2904,7449760,22132800,1461535,10403,10403,0,0,0,0,0,0,0,0,0.069,0.069,0.000,0,0,0,10403,10403,0,0
travel,48.752,1170.0,955.786,955.786,fly,0.898,ok,2601,0,0,192.00,459898880,607789056,114090264,95883264,18123768,2904,7449760,22132800,1461535,10403,10403,0,0,0,0,0,0,0,0,0.074,0.075,0.000,0,0,0,10403,10403,0,0
travel,48.782,1170.7,956.297,956.297,fly,0.870,ok,2601,0,0,192.00,459898880,607789056,114090264,95883264,18123768,2904,7449760,22132800,1461535,10403,10403,0,0,0,0,0,0,0,0,0.068,0.070,0.000,0,0,0,10403,10403,0,0
travel,48.813,1171.4,956.820,956.820,fly,0.861,ok,2601,0,0,192.00,459898880,607789056,114090264,95883264,18123768,2904,7449760,22132800,1461535,10403,10403,0,0,0,0,0,0,0,0,0.069,0.066,0.000,0,0,0,10403,10403,0,0
travel,48.844,1172.2,957.341,957.341,fly,0.863,ok,2601,0,0,192.00,459898880,607789056,114090264,95883264,18123768,2904,7449760,22132800,1461535,10403,10403,0,0,0,0,0,0,0,0,0.068,0.068,0.000,0,0,0,10403,10403,0,0
travel,48.874,1172.9,957.856,957.856,fly,0.872,ok,2601,0,0,192.00,459898880,607789056,114090264,95883264,18123768,2904,7449760,22132800,1461535,10403,10403,0,0,0,0,0,0,0,0,0.069,0.068,0.000,0,0,0,10403,10403,0,0
travel,48.904,1173.6,958.374,958.374,fly,0.846,ok,2601,0,0,192.00,459898880,607789056,114090264,95883264,18123768,2904,7449760,22132800,1461535,10403,10403,0,0,0,0,0,0,0,0,0.069,0.068,0.000,0,0,0,10403,10403,0,0
travel,48.935,1174.4,958.900,958.900,fly,0.855,ok,2601,0,0,192.00,459898880,607789056,114090264,95883264,18123768,2904,7449760,22132800,1461535,10403,10403,0,0,0,0,0,0,0,0,0.070,0.070,0.000,0,0,0,10403,10403,0,0
travel,48.966,1175.1,959.418,959.418,fly,0.841,ok,2601,0,0,192.00,459898880,607789056,114090264,95883264,18123768,2904,7449760,22132800,1461535,10403,10403,0,0,0,0,0,0,0,0,0.071,0.065,0.000,0,0,0,10403,10403,0,0
travel,48.996,1175.8,959.934,959.934,fly,0.849,ok,2601,0,0,192.00,459898880,607789056,114090264,95883264,18123768,2904,7449760,22132800,1461535,10403,10403,0,0,0,0,0,0,0,0,0.069,0.066,0.000,0,0,0,10403,10403,0,0
travel,49.036,1176.8,960.610,960.610,fly,0.855,ok,2601,0,16,192.00,459898880,607789056,114090264,95883264,18123768,2904,11174640,21297888,1293000,10504,10504,0,0,7,0,0,0,0,0,0.068,0.069,0.000,0,0,0,10504,10504,0,0
travel,49.067,1177.5,961.129,961.129,fly,0.854,ok,2601,0,0,192.00,459898880,607789056,114090264,95883264,18123768,2904,11174640,22132800,1295288,10504,10504,0,0,0,0,0,0,0,0,0.068,0.068,0.000,0,0,0,10504,10504,0,0
travel,49.097,1178.2,961.647,961.647,fly,0.852,ok,2601,0,0,192.00,459898880,607789056,114090264,95883264,18123768,2904,11174640,22132800,1295288,10504,10504,0,0,0,0,0,0,0,0,0.069,0.069,0.000,0,0,0,10504,10504,0,0
travel,49.127,1179.0,962.164,962.164,fly,0.869,ok,2601,0,0,192.00,459898880,607789056,114090264,95883264,18123768,2904,11174640,22132800,1295288,10504,10504,0,0,0,0,0,0,0,0,0.069,0.068,0.000,0,0,0,10504,10504,0,0
travel,49.158,1179.7,962.677,962.677,fly,0.862,ok,2601,0,0,192.00,459898880,607789056,114090264,95883264,18123768,2904,11174640,22132800,1295288,10504,10504,0,0,0,0,0,0,0,0,0.069,0.068,0.000,0,0,0,10504,10504,0,0
travel,49.188,1180.4,963.187,963.187,fly,0.844,ok,2601,0,0,192.00,459898880,607789056,114090264,95883264,18123768,2904,7449760,22132800,1295288,10504,10504,0,0,0,0,0,0,0,0,0.068,0.067,0.000,0,0,0,10504,10504,0,0
travel,49.218,1181.2,963.706,963.706,fly,0.898,ok,2601,0,0,192.00,459898880,607789056,114090264,95883264,18123768,2904,7449760,22132800,1295288,10504,10504,0,0,0,0,0,0,0,0,0.069,0.075,0.000,0,0,0,10504,10504,0,0
travel,49.249,1181.9,964.223,964.223,fly,0.917,ok,2601,0,0,192.00,459898880,607789056,114090264,95883264,18123768,2904,7449760,22132800,1295288,10504,10504,0,0,0,0,0,0,0,0,0.068,0.127,0.000,0,0,0,10504,10504,0,0
travel,49.279,1182.6,964.740,964.740,fly,0.850,ok,2601,0,0,192.00,459898880,607789056,114090264,95883264,18123768,2904,7449760,22132800,1295288,10504,10504,0,0,0,0,0,0,0,0,0.067,0.070,0.000,0,0,0,10504,10504,0,0
travel,49.310,1183.4,965.261,965.261,fly,0.878,ok,2601,0,0,192.00,459898880,607789056,114090264,95883264,18123768,2904,7449760,22132800,1295288,10504,10504,0,0,0,0,0,0,0,0,0.066,0.075,0.000,0,0,0,10504,10504,0,0
travel,49.340,1184.1,965.771,965.771,fly,0.843,ok,2601,0,0,192.00,459898880,607789056,114090264,95883264,18123768,2904,7449760,22132800,1295288,10504,10504,0,0,0,0,0,0,0,0,0.069,0.067,0.000,0,0,0,10504,10504,0,0
travel,49.370,1184.8,966.295,966.295,fly,0.844,ok,2601,0,0,192.00,459898880,607789056,114090264,95883264,18123768,2904,7449760,22132800,1295288,10504,10504,0,0,0,0,0,0,0,0,0.067,0.066,0.000,0,0,0,10504,10504,0,0
travel,49.401,1185.5,966.807,966.807,fly,0.885,ok,2601,0,0,192.00,459898880,607789056,114090264,95883264,18123768,2904,7449760,22132800,1295288,10504,10504,0,0,0,0,0,0,0,0,0.068,0.074,0.000,0,0,0,10504,10504,0,0
travel,49.431,1186.3,967.329,967.329,fly,0.863,ok,2601,0,0,192.00,459898880,607789056,114090264,95883264,18123768,2904,7449760,22132800,1295288,10504,10504,0,0,0,0,0,0,0,0,0.068,0.075,0.000,0,0,0,10504,10504,0,0
travel,49.462,1187.0,967.852,967.852,fly,0.864,ok,2601,0,0,192.00,459898880,607789056,114090264,95883264,18123768,2904,7449760,22132800,1295288,10504,10504,0,0,0,0,0,0,0,0,0.067,0.069,0.000,0,0,0,10504,10504,0,0
travel,49.500,1187.9,968.500,968.500,fly,0.942,ok,2601,0,10,192.00,459898880,607789056,114090264,95883264,18123768,2904,11174640,21610944,1347260,10605,10605,0,0,7,0,0,0,0,0,0.070,0.077,0.000,0,0,0,10605,10605,0,0
travel,49.531,1188.7,969.016,969.016,fly,1.004,ok,2601,0,0,192.00,459898880,607789056,114090264,95883264,18123768,2904,11174640,22132800,1348940,10605,10605,0,0,0,0,0,0,0,0,0.141,0.073,0.000,0,0,0,10605,10605,0,0
travel,49.561,1189.4,969.534,969.534,fly,0.878,ok,2601,0,0,192.00,459898880,607789056,114090264,95883264,18123768,2904,11174640,22132800,1348940,10605,10605,0,0,0,0,0,0,0,0,0.070,0.070,0.000,0,0,0,10605,10605,0,0
travel,49.592,1190.2,970.063,970.063,fly,0.862,ok,2601,0,0,192.00,459898880,607789056,114090264,95883264,18123768,2904,11174640,22132800,1348940,10605,10605,0,0,0,0,0,0,0,0,0.068,0.089,0.000,0,0,0,10605,10605,0,0
travel,49.622,1190.9,970.574,970.574,fly,0.856,ok,2601,0,0,192.00,459898880,607789056,114090264,95883264,18123768,2904,11174640,22132800,1348940,10605,10605,0,0,0,0,0,0,0,0,0.070,0.070,0.000,0,0,0,10605,10605,0,0
travel,49.654,1191.6,971.108,971.108,fly,0.842,ok,2601,0,0,192.00,459898880,607789056,114090264,95883264,18123768,2904,7449760,22132800,1348940,10605,10605,0,0,0,0,0,0,0,0,0.068,0.067,0.000,0,0,0,10605,10605,0,0
travel,49.684,1192.4,971.624,971.624,fly,0.861,ok,2601,0,0,192.00,459898880,607789056,114090264,95883264,18123768,2904,7449760,22132800,1348940,10605,10605,0,0,0,0,0,0,0,0,0.067,0.066,0.000,0,0,0,10605,10605,0,0
travel,49.714,1193.1,972.134,972.134,fly,0.905,ok,2601,0,0,192.00,459898880,607789056,114090264,95883264,18123768,2904,7449760,22132800,1348940,10605,10605,0,0,0,0,0,0,0,0,0.073,0.081,0.000,0,0,0,10605,10605,0,0
travel,49.744,1193.8,972.650,972.650,fly,0.886,ok,2601,0,0,192.00,459898880,607789056,114090264,95883264,18123768,2904,7449760,22132800,1348940,10605,10605,0,0,0,0,0,0,0,0,0.073,0.073,0.000,0,0,0,10605,10605,0,0
travel,49.774,1194.5,973.162,973.162,fly,0.871,ok,2601,0,0,192.00,459898880,607789056,114090264,95883264,18123768,2904,7449760,22132800,1348940,10605,10605,0,0,0,0,0,0,0,0,0.070,0.067,0.000,0,0,0,10605,10605,0,0
travel,49.805,1195.3,973.674,973.674,fly,0.860,ok,2601,0,0,192.00,459898880,607789056,114090264,95883264,18123768,2904,7449760,22132800,1348940,10605,10605,0,0,0,0,0,0,0,0,0.066,0.068,0.000,0,0,0,10605,10605,0,0
travel,49.835,1196.0,974.195,974.195,fly,0.881,ok,2601,0,0,192.00,459898880,607789056,114090264,95883264,18123768,2904,7449760,22132800,1348940,10605,10605,0,0,0,0,0,0,0,0,0.066,0.071,0.000,0,0,0,10605,10605,0,0
travel,49.866,1196.7,974.719,974.719,fly,1.265,ok,2601,0,0,192.00,459898880,607789056,114090264,95883264,18123768,2904,7449760,22132800,1348940,10605,10605,0,0,0,0,0,0,0,0,0.458,0.068,0.000,0,0,0,10605,10605,0,0
travel,49.897,1197.5,975.247,975.247,fly,0.865,ok,2601,0,0,192.00,459898880,607789056,114090264,95883264,18123768,2904,7449760,22132800,1348940,10605,10605,0,0,0,0,0,0,0,0,0.069,0.069,0.000,0,0,0,10605,10605,0,0
travel,49.927,1198.2,975.764,975.764,fly,0.859,ok,2601,0,0,192.00,459898880,607789056,114090264,95883264,18123768,2904,7449760,22132800,1348940,10605,10605,0,0,0,0,0,0,0,0,0.068,0.066,0.000,0,0,0,10605,10605,0,0
travel,49.967,1199.2,976.438,976.438,fly,0.904,ok,2601,0,33,192.00,459898880,607789056,114090264,95883264,18123768,2904,11174640,20410896,1397734,10706,10706,0,0,7,0,0,0,0,0,0.071,0.077,0.000,0,0,0,10706,10706,0,0
travel,49.998,1199.9,976.966,976.966,fly,0.870,ok,2601,0,0,192.00,459898880,607789056,114090264,95883264,18123768,2904,11174640,22132800,1403792,10706,10706,0,0,0,0,0,0,0,0,0.068,0.070,0.000,0,0,0,10706,10706,0,0
travel,50.029,1200.7,977.488,977.488,fly,0.867,ok,2601,0,0,192.00,459898880,607789056,114090264,95883264,18123768,2904,11174640,22132800,1403792,10706,10706,0,0,0,0,0,0,0,0,0.069,0.069,0.000,0,0,0,10706,10706,0,0
travel,50.060,1201.4,978.013,978.013,fly,0.952,ok,2601,0,0,192.00,459898880,607789056,114090264,95883264,18123768,2904,11174640,22132800,1403792,10706,10706,0,0,0,0,0,0,0,0,0.073,0.073,0.000,0,0,0,10706,10706,0,0
travel,50.090,1202.1,978.533,978.533,fly,0.863,ok,2601,0,0,192.00,459898880,607789056,114090264,95883264,18123768,2904,11174640,22132800,1403792,10706,10706,0,0,0,0,0,0,0,0,0.069,0.065,0.000,0,0,0,10706,10706,0,0
travel,50.120,1202.9,979.045,979.045,fly,0.861,ok,2601,0,0,192.00,459898880,607789056,114090264,95883264,18123768,2904,7449760,22132800,1403792,10706,10706,0,0,0,0,0,0,0,0,0.068,0.067,0.000,0,0,0,10706,10706,0,0
travel,50.151,1203.6,979.564,979.564,fly,0.858,ok,2601,0,0,192.00,459898880,607789056,114090264,95883264,18123768,2904,7449760,22132800,1403792,10706,10706,0,0,0,0,0,0,0,0,0.069,0.066,0.000,0,0,0,10706,10706,0,0
travel,50.182,1204.3,980.084,980.084,fly,0.880,ok,2601,0,0,192.00,459898880,607789056,114090264,95883264,18123768,2904,7449760,22132800,1403792,10706,10706,0,0,0,0,0,0,0,0,0.069,0.073,0.000,0,0,0,10706,10706,0,0
travel,50.212,1205.0,980.598,980.598,fly,0.889,ok,2601,0,0,192.00,459898880,607789056,114090264,95883264,18123768,2904,7449760,22132800,1403792,10706,10706,0,0,0,0,0,0,0,0,0.068,0.074,0.000,0,0,0,10706,10706,0,0
travel,50.242,1205.8,981.115,981.115,fly,0.859,ok,2601,0,0,192.00,459898880,607789056,114090264,95883264,18123768,2904,7449760,22132800,1403792,10706,10706,0,0,0,0,0,0,0,0,0.068,0.066,0.000,0,0,0,10706,10706,0,0
travel,50.273,1206.5,981.635,981.635,fly,1.217,ok,2601,0,0,192.00,459898880,607789056,114090264,95883264,18123768,2904,7449760,22132800,1403792,10706,10706,0,0,0,0,0,0,0,0,0.381,0.077,0.000,0,0,0,10706,10706,0,0
travel,50.304,1207.3,982.169,982.169,fly,0.860,ok,2601,0,0,192.00,459898880,607789056,114090264,95883264,18123768,2904,7449760,22132800,1403792,10706,10706,0,0,0,0,0,0,0,0,0.068,0.069,0.000,0,0,0,10706,10706,0,0
travel,50.335,1208.0,982.691,982.691,fly,0.863,ok,2601,0,0,192.00,459898880,607789056,114090264,95883264,18123768,2904,7449760,22132800,1403792,10706,10706,0,0,0,0,0,0,0,0,0.068,0.069,0.000,0,0,0,10706,10706,0,0
travel,50.365,1208.7,983.209,983.209,fly,1.712,ok,2601,0,0,192.00,459898880,607789056,114090264,95883264,18123768,2904,7449760,22132800,1403792,10706,10706,0,0,0,0,0,0,0,0,0.835,0.131,0.000,0,0,0,10706,10706,0,0
travel,50.397,1209.5,983.743,983.743,fly,0.871,ok,2601,0,0,192.00,459898880,607789056,114090264,95883264,18123768,2904,7449760,22132800,1403792,10706,10706,0,0,0,0,0,0,0,0,0.068,0.067,0.000,0,0,0,10706,10706,0,0
travel,50.435,1210.4,984.392,984.392,fly,0.910,ok,2601,0,56,192.00,459898880,607789056,114090264,95883264,18123768,2904,11174640,19210848,1448180,10807,10807,0,0,7,0,0,0,0,0,0.073,0.077,0.000,0,0,0,10807,10807,0,0
travel,50.466,1211.1,984.911,984.911,fly,0.908,ok,2601,0,0,192.00,459898880,607789056,114090264,95883264,18123768,2904,11174640,22132800,1459876,10807,10807,0,0,0,0,0,0,0,0,0.073,0.074,0.000,0,0,0,10807,10807,0,0
travel,50.497,1211.9,985.438,985.438,fly,0.872,ok,2601,0,0,192.00,459898880,607789056,114090264,95883264,18123768,2904,11174640,22132800,1459876,10807,10807,0,0,0,0,0,0,0,0,0.068,0.071,0.000,0,0,0,10807,10807,0,0
travel,50.527,1212.6,985.960,985.960,fly,0.875,ok,2601,0,0,192.00,459898880,607789056,114090264,95883264,18123768,2904,11174640,22132800,1459876,10807,10807,0,0,0,0,0,0,0,0,0.070,0.077,0.000,0,0,0,10807,10807,0,0
travel,50.558,1213.4,986.477,986.477,fly,0.979,ok,2601,0,0,192.00,459898880,607789056,114090264,95883264,18123768,2904,11174640,22132800,1459876,10807,10807,0,0,0,0,0,0,0,0,0.076,0.110,0.000,0,0,0,10807,10807,0,0
travel,50.588,1214.1,986.993,986.993,fly,0.859,ok,2601,0,0,192.00,459898880,607789056,114090264,95883264,18123768,2904,7449760,22132800,1459876,10807,10807,0,0,0,0,0,0,0,0,0.069,0.066,0.000,0,0,0,10807,10807,0,0
travel,50.618,1214.8,987.510,987.510,fly,0.868,ok,2601,0,0,192.00,459898880,607789056,114090264,95883264,18123768,2904,7449760,22132800,1459876,10807,10807,0,0,0,0,0,0,0,0,0.070,0.069,0.000,0,0,0,10807,10807,0,0
travel,50.649,1215.6,988.028,988.028,fly,0.884,ok,2601,0,0,192.00,459898880,607789056,114090264,95883264,18123768,2904,7449760,22132800,1459876,10807,10807,0,0,0,0,0,0,0,0,0.069,0.071,0.000,0,0,0,10807,10807,0,0
travel,50.679,1216.3,988.542,988.542,fly,1.443,ok,2601,0,0,192.00,459898880,607789056,114090264,95883264,18123768,2904,7449760,22132800,1459876,10807,10807,0,0,0,0,0,0,0,0,0.548,0.130,0.000,0,0,0,10807,10807,0,0
travel,50.710,1217.0,989.066,989.066,fly,0.862,ok,2601,0,0,192.00,459898880,607789056,114090264,95883264,18123768,2904,7449760,22132800,1459876,10807,10807,0,0,0,0,0,0,0,0,0.067,0.069,0.000,0,0,0,10807,10807,0,0
travel,50.741,1217.8,989.587,989.587,fly,0.861,ok,2601,0,0,192.00,459898880,607789056,114090264,95883264,18123768,2904,7449760,22132800,1459876,10807,10807,0,0,0,0,0,0,0,0,0.068,0.067,0.000,0,0,0,10807,10807,0,0
travel,50.771,1218.5,990.102,990.102,fly,1.292,ok,2601,0,0,192.00,459898880,607789056,114090264,95883264,18123768,2904,7449760,22132800,1459876,10807,10807,0,0,0,0,0,0,0,0,0.457,0.078,0.000,0,0,0,10807,10807,0,0
travel,50.801,1219.2,990.618,990.618,fly,0.896,ok,2601,0,0,192.00,459898880,607789056,114090264,95883264,18123768,2904,7449760,22132800,1459876,10807,10807,0,0,0,0,0,0,0,0,0.069,0.079,0.000,0,0,0,10807,10807,0,0
travel,50.832,1220.0,991.137,991.137,fly,0.862,ok,2601,0,0,192.00,459898880,607789056,114090264,95883264,18123768,2904,7449760,22132800,1459876,10807,10807,0,0,0,0,0,0,0,0,0.068,0.069,0.000,0,0,0,10807,10807,0,0
travel,50.862,1220.7,991.647,991.647,fly,0.850,ok,2601,0,0,192.00,459898880,607789056,114090264,95883264,18123768,2904,7449760,22132800,1459876,10807,10807,0,0,0,0,0,0,0,0,0.068,0.069,0.000,0,0,0,10807,10807,0,0
travel,50.901,1221.6,992.317,992.317,fly,1.309,ok,2601,0,117,192.00,459898880,607789056,114090264,95883264,18123768,2904,11174640,16028112,1269497,10908,10908,0,0,0,0,0,0,0,0,0.147,0.111,0.000,0,0,0,10908,10908,0,0
travel,50.933,1222.4,992.856,992.856,fly,0.857,ok,2601,0,0,192.00,459898880,607789056,114090264,95883264,18123768,2904,11174640,22132800,1292486,10908,10908,0,0,0,0,0,0,0,0,0.068,0.069,0.000,0,0,0,10908,10908,0,0
travel,50.964,1223.1,993.382,993.382,fly,0.868,ok,2601,0,0,192.00,459898880,607789056,114090264,95883264,18123768,2904,11174640,22132800,1292486,10908,10908,0,0,0,0,0,0,0,0,0.069,0.066,0.000,0,0,0,10908,10908,0,0
travel,50.995,1223.9,993.909,993.909,fly,0.865,ok,2601,0,0,192.00,459898880,607789056,114090264,95883264,18123768,2904,11174640,22132800,1292486,10908,10908,0,0,0,0,0,0,0,0,0.069,0.066,0.000,0,0,0,10908,10908,0,0
travel,51.025,1224.6,994.424,994.424,fly,0.865,ok,2601,0,0,192.00,459898880,607789056,114090264,95883264,18123768,2904,11174640,22132800,1292486,10908,10908,0,0,0,0,0,0,0,0,0.068,0.067,0.000,0,0,0,10908,10908,0,0
travel,51.056,1225.3,994.943,994.943,fly,0.868,ok,2601,0,0,192.00,459898880,607789056,114090264,95883264,18123768,2904,7449760,22132800,1292486,10908,10908,0,0,0,0,0,0,0,0,0.069,0.068,0.000,0,0,0,10908,10908,0,0
travel,51.086,1226.1,995.459,995.459,fly,1.224,ok,2601,0,0,192.00,459898880,607789056,114090264,95883264,18123768,2904,7449760,22132800,1292486,10908,10908,0,0,0,0,0,0,0,0,0.405,0.066,0.000,0,0,0,10908,10908,0,0
travel,51.117,1226.8,995.982,995.982,fly,0.866,ok,2601,0,0,192.00,459898880,607789056,114090264,95883264,18123768,2904,7449760,22132800,1292486,10908,10908,0,0,0,0,0,0,0,0,0.067,0.075,0.000,0,0,0,10908,10908,0,0
travel,51.148,1227.5,996.504,996.504,fly,0.870,ok,2601,0,0,192.00,459898880,607789056,114090264,95883264,18123768,2904,7449760,22132800,1292486,10908,10908,0,0,0,0,0,0,0,0,0.069,0.067,0.000,0,0,0,10908,10908,0,0
travel,51.178,1228.3,997.017,997.017,fly,1.772,ok,2601,0,0,192.00,459898880,607789056,114090264,95883264,18123768,2904,7449760,22132800,1292486,10908,10908,0,0,0,0,0,0,0,0,0.454,0.112,0.000,0,0,0,10908,10908,0,0
travel,51.209,1229.0,997.543,997.543,fly,0.860,ok,2601,0,0,192.00,459898880,607789056,114090264,95883264,18123768,2904,7449760,22132800,1292486,10908,10908,0,0,0,0,0,0,0,0,0.066,0.069,0.000,0,0,0,10908,10908,0,0
travel,51.239,1229.7,998.064,998.064,fly,0.899,ok,2601,0,0,192.00,459898880,607789056,114090264,95883264,18123768,2904,7449760,22132800,1292486,10908,10908,0,0,0,0,0,0,0,0,0.066,0.072,0.000,0,0,0,10908,10908,0,0
travel,51.270,1230.5,998.585,998.585,fly,0.888,ok,2601,0,0,192.00,459898880,607789056,114090264,95883264,18123768,2904,7449760,22132800,1292486,10908,10908,0,0,0,0,0,0,0,0,0.066,0.073,0.000,0,0,0,10908,10908,0,0
travel,51.300,1231.2,999.103,999.103,fly,0.962,ok,2601,0,0,192.00,459964416,607789056,114090264,95883264,18123768,2904,7449760,22132800,1292486,10908,10908,0,0,0,0,0,0,0,0,0.076,0.109,0.000,0,0,0,10908,10908,0,0
travel,51.331,1232.0,999.630,999.630,fly,0.859,ok,2601,0,0,192.00,459964416,607789056,114090264,95883264,18123768,2904,7449760,22132800,1292486,10908,10908,0,0,0,0,0,0,0,0,0.066,0.066,0.000,0,0,0,10908,10908,0,0
travel,51.371,1232.9,1000.295,1000.295,fly,0.875,ok,2601,0,96,192.00,459964416,607789056,114090264,95883264,18123768,2904,11174640,17123808,1328373,11009,11009,0,0,8,0,0,0,0,0,0.067,0.067,0.000,0,0,0,11009,11009,0,0
travel,51.401,1233.6,1000.812,1000.812,fly,0.874,ok,2601,0,0,192.00,459964416,607789056,114090264,95883264,18123768,2904,11174640,22132800,1347670,11009,11009,0,0,0,0,0,0,0,0,0.068,0.069,0.000,0,0,0,11009,11009,0,0
travel,51.432,1234.4,1001.333,1001.333,fly,0.861,ok,2601,0,0,192.00,459964416,607789056,114090264,95883264,18123768,2904,11174640,22132800,1347670,11009,11009,0,0,0,0,0,0,0,0,0.066,0.068,0.000,0,0,0,11009,11009,0,0
travel,51.462,1235.1,1001.852,1001.852,fly,0.866,ok,2601,0,0,192.00,459964416,607789056,114090264,95883264,18123768,2904,11174640,22132800,1347670,11009,11009,0,0,0,0,0,0,0,0,0.068,0.067,0.000,0,0,0,11009,11009,0,0
travel,51.493,1235.9,1002.380,1002.380,fly,0.896,ok,2601,0,0,192.00,459964416,607789056,114090264,95883264,18123768,2904,11174640,22132800,1347670,11009,11009,0,0,0,0,0,0,0,0,0.089,0.071,0.000,0,0,0,11009,11009,0,0
travel,51.524,1236.6,1002.899,1002.899,fly,1.127,ok,2601,0,0,192.00,459964416,607789056,114090264,95883264,18123768,2904,7449760,22132800,1347670,11009,11009,0,0,0,0,0,0,0,0,0.070,0.074,0.000,0,0,0,11009,11009,0,0
travel,51.555,1237.3,1003.423,1003.423,fly,0.865,ok,2601,0,0,192.00,459964416,607789056,114090264,95883264,18123768,2904,7449760,22132800,1347670,11009,11009,0,0,0,0,0,0,0,0,0.067,0.066,0.000,0,0,0,11009,11009,0,0
travel,51.585,1238.1,1003.944,1003.944,fly,1.018,ok,2601,0,0,192.00,459964416,607789056,114090264,95883264,18123768,2904,7449760,22132800,1347670,11009,11009,0,0,0,0,0,0,0,0,0.206,0.076,0.000,0,0,0,11009,11009,0,0
travel,51.616,1238.8,1004.464,1004.464,fly,0.882,ok,2601,0,0,192.00,459964416,607789056,114090264,95883264,18123768,2904,7449760,22132800,1347670,11009,11009,0,0,0,0,0,0,0,0,0.068,0.071,0.000,0,0,0,11009,11009,0,0
travel,51.647,1239.5,1004.990,1004.990,fly,0.881,ok,2601,0,0,192.00,459964416,607789056,114090264,95883264,18123768,2904,7449760,22132800,1347670,11009,11009,0,0,0,0,0,0,0,0,0.067,0.072,0.000,0,0,0,11009,11009,0,0
travel,51.677,1240.3,1005.502,1005.502,fly,1.244,ok,2601,0,0,192.00,459964416,607789056,114090264,95883264,18123768,2904,7449760,22132800,1347670,11009,11009,0,0,0,0,0,0,0,0,0.430,0.072,0.000,0,0,0,11009,11009,0,0
travel,51.708,1241.0,1006.030,1006.030,fly,0.847,ok,2601,0,0,192.00,459964416,607789056,114090264,95883264,18123768,2904,7449760,22132800,1347670,11009,11009,0,0,0,0,0,0,0,0,0.065,0.065,0.000,0,0,0,11009,11009,0,0
travel,51.738,1241.7,1006.546,1006.546,fly,0.849,ok,2601,0,0,192.00,459964416,607789056,114090264,95883264,18123768,2904,7449760,22132800,1347670,11009,11009,0,0,0,0,0,0,0,0,0.065,0.066,0.000,0,0,0,11009,11009,0,0
travel,51.768,1242.5,1007.059,1007.059,fly,0.844,ok,2601,0,0,192.00,459964416,607789056,114090264,95883264,18123768,2904,7449760,22132800,1347670,11009,11009,0,0,0,0,0,0,0,0,0.065,0.069,0.000,0,0,0,11009,11009,0,0
travel,51.799,1243.2,1007.578,1007.578,fly,0.858,ok,2601,0,0,192.00,459964416,607789056,114090264,95883264,18123768,2904,7449760,22132800,1347670,11009,11009,0,0,0,0,0,0,0,0,0.067,0.070,0.000,0,0,0,11009,11009,0,0
travel,51.838,1244.1,1008.243,1008.243,fly,0.880,ok,2601,0,119,192.00,459964416,607789056,114090264,95883264,18123768,2904,11174640,15923760,1377383,11110,11110,0,0,5,0,0,0,0,0,0.067,0.068,0.000,0,0,0,11110,11110,0,0
travel,51.869,1244.9,1008.776,1008.776,fly,0.908,ok,2601,0,0,192.00,459980800,607789056,114090264,95883264,18123768,2904,11174640,22132800,1403366,11110,11110,0,0,0,0,0,0,0,0,0.067,0.084,0.000,0,0,0,11110,11110,0,0
travel,51.900,1245.6,1009.287,1009.287,fly,0.909,ok,2601,0,0,192.00,459980800,607789056,114090264,95883264,18123768,2904,11174640,22132800,1403366,11110,11110,0,0,0,0,0,0,0,0,0.069,0.075,0.000,0,0,0,11110,11110,0,0
travel,51.931,1246.4,1009.815,1009.815,fly,0.867,ok,2601,0,0,192.00,459980800,607789056,114090264,95883264,18123768,2904,11174640,22132800,1403366,11110,11110,0,0,0,0,0,0,0,0,0.068,0.068,0.000,0,0,0,11110,11110,0,0
travel,51.962,1247.1,1010.346,1010.346,fly,0.937,ok,2601,0,0,192.00,459980800,607789056,114090264,95883264,18123768,2904,11174640,22132800,1403366,11110,11110,0,0,0,0,0,0,0,0,0.069,0.075,0.000,0,0,0,11110,11110,0,0
travel,51.992,1247.8,1010.859,1010.859,fly,0.899,ok,2601,0,0,192.00,459980800,607789056,114090264,95883264,18123768,2904,7449760,22132800,1403366,11110,11110,0,0,0,0,0,0,0,0,0.069,0.076,0.000,0,0,0,11110,11110,0,0
travel,52.023,1248.6,1011.384,1011.384,fly,0.892,ok,2601,0,0,192.00,459980800,607789056,114090264,95883264,18123768,2904,7449760,22132800,1403366,11110,11110,0,0,0,0,0,0,0,0,0.066,0.073,0.000,0,0,0,11110,11110,0,0
travel,52.054,1249.3,1011.908,1011.908,fly,0.863,ok,2601,0,0,192.00,459980800,607789056,114090264,95883264,18123768,2904,7449760,22132800,1403366,11110,11110,0,0,0,0,0,0,0,0,0.067,0.066,0.000,0,0,0,11110,11110,0,0
travel,52.085,1250.1,1012.448,1012.448,fly,1.053,ok,2601,0,0,192.00,459980800,607789056,114090264,95883264,18123768,2904,7449760,22132800,1403366,11110,11110,0,0,0,0,0,0,0,0,0.204,0.077,0.000,0,0,0,11110,11110,0,0
travel,52.116,1250.8,1012.964,1012.964,fly,0.928,ok,2601,0,0,192.00,459980800,607789056,114090264,95883264,18123768,2904,7449760,22132800,1403366,11110,11110,0,0,0,0,0,0,0,0,0.070,0.079,0.000,0,0,0,11110,11110,0,0
travel,52.146,1251.6,1013.479,1013.479,fly,0.872,ok,2601,0,0,192.00,459980800,607789056,114090264,95883264,18123768,2904,7449760,22132800,1403366,11110,11110,0,0,0,0,0,0,0,0,0.067,0.069,0.000,0,0,0,11110,11110,0,0
travel,52.176,1252.3,1013.990,1013.990,fly,0.893,ok,2601,0,0,192.00,459980800,607789056,114090264,95883264,18123768,2904,7449760,22132800,1403366,11110,11110,0,0,0,0,0,0,0,0,0.068,0.072,0.000,0,0,0,11110,11110,0,0
travel,52.207,1253.0,1014.512,1014.512,fly,0.850,ok,2601,0,0,192.00,459980800,607789056,114090264,95883264,18123768,2904,7449760,22132800,1403366,11110,11110,0,0,0,0,0,0,0,0,0.067,0.069,0.000,0,0,0,11110,11110,0,0
travel,52.237,1253.7,1015.030,1015.030,fly,0.951,ok,2601,0,0,192.00,459980800,607789056,114090264,95883264,18123768,2904,7449760,22132800,1403366,11110,11110,0,0,0,0,0,0,0,0,0.076,0.109,0.000,0,0,0,11110,11110,0,0
travel,52.267,1254.5,1015.542,1015.542,fly,0.850,ok,2601,0,0,192.00,459980800,607789056,114090264,95883264,18123768,2904,7449760,22132800,1403366,11110,11110,0,0,0,0,0,0,0,0,0.065,0.065,0.000,0,0,0,11110,11110,0,0
travel,52.306,1255.4,1016.199,1016.199,fly,0.868,ok,2601,0,136,192.00,459980800,607789056,114090264,95883264,18123768,2904,11174640,15036768,1427532,11211,11211,0,0,8,0,0,0,0,0,0.067,0.069,0.000,0,0,0,11211,11211,0,0
travel,52.338,1256.2,1016.739,1016.739,fly,0.912,ok,2601,0,0,192.00,459980800,607789056,114090264,95883264,18123768,2904,11174640,22132800,1457878,11211,11211,0,0,0,0,0,0,0,0,0.069,0.075,0.000,0,0,0,11211,11211,0,0
travel,52.368,1256.9,1017.255,1017.255,fly,0.867,ok,2601,0,0,192.00,459980800,607789056,114090264,95883264,18123768,2904,11174640,22132800,1457878,11211,11211,0,0,0,0,0,0,0,0,0.067,0.068,0.000,0,0,0,11211,11211,0,0
travel,52.398,1257.6,1017.769,1017.769,fly,0.879,ok,2601,0,0,192.00,459980800,607789056,114090264,95883264,18123768,2904,11174640,22132800,1457878,11211,11211,0,0,0,0,0,0,0,0,0.068,0.078,0.000,0,0,0,11211,11211,0,0
travel,52.429,1258.4,1018.288,1018.288,fly,0.874,ok,2601,0,0,192.00,459980800,607789056,114090264,95883264,18123768,2904,11174640,22132800,1457878,11211,11211,0,0,0,0,0,0,0,0,0.068,0.071,0.000,0,0,0,11211,11211,0,0
travel,52.460,1259.1,1018.810,1018.810,fly,0.882,ok,2601,0,0,192.00,459980800,607789056,114090264,95883264,18123768,2904,7449760,22132800,1457878,11211,11211,0,0,0,0,0,0,0,0,0.067,0.068,0.000,0,0,0,11211,11211,0,0
travel,52.490,1259.8,1019.329,1019.329,fly,0.889,ok,2601,0,0,192.00,459980800,607789056,114090264,95883264,18123768,2904,7449760,22132800,1457878,11211,11211,0,0,0,0,0,0,0,0,0.068,0.072,0.000,0,0,0,11211,11211,0,0
travel,52.521,1260.6,1019.846,1019.846,fly,0.866,ok,2601,0,0,192.00,459980800,607789056,114090264,95883264,18123768,2904,7449760,22132800,1457878,11211,11211,0,0,0,0,0,0,0,0,0.067,0.067,0.000,0,0,0,11211,11211,0,0
travel,52.551,1261.3,1020.363,1020.363,fly,0.876,ok,2601,0,0,192.00,459980800,607789056,114090264,95883264,18123768,2904,7449760,22132800,1457878,11211,11211,0,0,0,0,0,0,0,0,0.070,0.071,0.000,0,0,0,11211,11211,0,0
travel,52.581,1262.0,1020.877,1020.877,fly,0.866,ok,2601,0,0,192.00,459980800,607789056,114090264,95883264,18123768,2904,7449760,22132800,1457878,11211,11211,0,0,0,0,0,0,0,0,0.069,0.065,0.000,0,0,0,11211,11211,0,0
travel,52.612,1262.7,1021.398,1021.398,fly,0.852,ok,2601,0,0,192.00,459980800,607789056,114090264,95883264,18123768,2904,7449760,22132800,1457878,11211,11211,0,0,0,0,0,0,0,0,0.066,0.066,0.000,0,0,0,11211,11211,0,0
travel,52.642,1263.5,1021.909,1021.909,fly,1.055,ok,2601,0,0,192.00,459980800,607789056,114090264,95883264,18123768,2904,7449760,22132800,1457878,11211,11211,0,0,0,0,0,0,0,0,0.218,0.078,0.000,0,0,0,11211,11211,0,0
travel,52.672,1264.2,1022.421,1022.421,fly,0.851,ok,2601,0,0,192.00,459980800,607789056,114090264,95883264,18123768,2904,7449760,22132800,1457878,11211,11211,0,0,0,0,0,0,0,0,0.065,0.068,0.000,0,0,0,11211,11211,0,0
travel,52.703,1264.9,1022.943,1022.943,fly,0.881,ok,2601,0,0,192.00,459980800,607789056,114090264,95883264,18123768,2904,7449760,22132800,1457878,11211,11211,0,0,0,0,0,0,0,0,0.066,0.078,0.000,0,0,0,11211,11211,0,0
travel,52.733,1265.7,1023.465,1023.465,fly,0.896,ok,2601,0,0,192.00,459980800,607789056,114090264,95883264,18123768,2904,7449760,22132800,1457878,11211,11211,0,0,0,0,0,0,0,0,0.066,0.075,0.000,0,0,0,11211,11211,0,0
travel,52.765,1266.4,1023.992,1023.992,fly,0.869,ok,2601,0,0,192.00,459980800,607789056,114090264,95883264,18123768,2904,7449760,22132800,1457878,11211,11211,0,0,0,0,0,0,0,0,0.066,0.069,0.000,0,0,0,11211,11211,0,0
travel,52.805,1267.4,1024.680,1024.680,fly,0.981,ok,2601,0,0,192.00,459980800,607789056,114090264,95883264,18123768,2904,11174640,22132800,1293808,11312,11312,0,0,0,0,0,0,0,0,0.076,0.109,0.000,0,0,0,11312,11312,0,0
travel,52.836,1268.1,1025.202,1025.202,fly,0.873,ok,2601,0,0,192.00,459980800,607789056,114090264,95883264,18123768,2904,11174640,22132800,1293808,11312,11312,0,0,0,0,0,0,0,0,0.069,0.073,0.000,0,0,0,11312,11312,0,0
travel,52.866,1268.9,1025.721,1025.721,fly,0.866,ok,2601,0,0,192.00,459980800,607789056,114090264,95883264,18123768,2904,11174640,22132800,1293808,11312,11312,0,0,0,0,0,0,0,0,0.068,0.068,0.000,0,0,0,11312,11312,0,0
travel,52.896,1269.6,1026.235,1026.235,fly,0.869,ok,2601,0,0,192.00,459980800,607789056,114090264,95883264,18123768,2904,11174640,22132800,1293808,11312,11312,0,0,0,0,0,0,0,0,0.068,0.068,0.000,0,0,0,11312,11312,0,0
travel,52.927,1270.3,1026.752,1026.752,fly,0.877,ok,2601,0,0,192.00,459980800,607789056,114090264,95883264,18123768,2904,7449760,22132800,1293808,11312,11312,0,0,0,0,0,0,0,0,0.069,0.068,0.000,0,0,0,11312,11312,0,0
travel,52.957,1271.1,1027.271,1027.271,fly,0.901,ok,2601,0,0,192.00,459980800,607789056,114090264,95883264,18123768,2904,7449760,22132800,1293808,11312,11312,0,0,0,0,0,0,0,0,0.073,0.073,0.000,0,0,0,11312,11312,0,0
travel,52.988,1271.8,1027.793,1027.793,fly,0.867,ok,2601,0,0,192.00,459980800,607789056,114090264,95883264,18123768,2904,7449760,22132800,1293808,11312,11312,0,0,0,0,0,0,0,0,0.068,0.068,0.000,0,0,0,11312,11312,0,0
travel,53.019,1272.5,1028.319,1028.319,fly,0.875,ok,2601,0,0,192.00,459980800,607789056,114090264,95883264,18123768,2904,7449760,22132800,1293808,11312,11312,0,0,0,0,0,0,0,0,0.069,0.066,0.000,0,0,0,11312,11312,0,0
travel,53.049,1273.3,1028.836,1028.836,fly,0.878,ok,2601,0,0,192.00,459980800,607789056,114090264,95883264,18123768,2904,7449760,22132800,1293808,11312,11312,0,0,0,0,0,0,0,0,0.069,0.071,0.000,0,0,0,11312,11312,0,0
travel,53.080,1274.0,1029.358,1029.358,fly,0.866,ok,2601,0,0,192.00,459980800,607789056,114090264,95883264,18123768,2904,7449760,22132800,1293808,11312,11312,0,0,0,0,0,0,0,0,0.068,0.069,0.000,0,0,0,11312,11312,0,0
travel,53.111,1274.7,1029.882,1029.882,fly,0.901,ok,2601,0,0,192.00,459980800,607789056,114090264,95883264,18123768,2904,7449760,22132800,1293808,11312,11312,0,0,0,0,0,0,0,0,0.067,0.076,0.000,0,0,0,11312,11312,0,0
travel,53.141,1275.5,1030.399,1030.399,fly,0.953,ok,2601,0,0,192.00,459980800,607789056,114090264,95883264,18123768,2904,7449760,22132800,1293808,11312,11312,0,0,0,0,0,0,0,0,0.159,0.074,0.000,0,0,0,11312,11312,0,0
travel,53.172,1276.2,1030.915,1030.915,fly,0.842,ok,2601,0,0,192.00,459980800,607789056,114090264,95883264,18123768,2904,7449760,22132800,1293808,11312,11312,0,0,0,0,0,0,0,0,0.065,0.072,0.000,0,0,0,11312,11312,0,0
travel,53.203,1276.9,1031.439,1031.439,fly,0.865,ok,2601,0,0,192.00,459980800,607789056,114090264,95883264,18123768,2904,7449760,22132800,1293808,11312,11312,0,0,0,0,0,0,0,0,0.066,0.068,0.000,0,0,0,11312,11312,0,0
travel,53.233,1277.7,1031.949,1031.949,fly,0.979,ok,2601,0,0,192.00,459980800,607789056,114090264,95883264,18123768,2904,7449760,22132800,1293808,11312,11312,0,0,0,0,0,0,0,0,0.074,0.108,0.000,0,0,0,11312,11312,0,0
travel,53.274,1278.7,1032.660,1032.660,fly,0.986,ok,2601,0,0,192.00,459980800,607789056,114090264,95883264,18123768,2904,11174640,22132800,1349408,11413,11413,0,0,0,0,0,0,0,0,0.079,0.116,0.000,0,0,0,11413,11413,0,0
travel,53.306,1279.4,1033.191,1033.191,fly,0.880,ok,2601,0,0,192.00,459980800,607789056,114090264,95883264,18123768,2904,11174640,22132800,1349408,11413,11413,0,0,0,0,0,0,0,0,0.070,0.071,0.000,0,0,0,11413,11413,0,0
travel,53.336,1280.1,1033.703,1033.703,fly,0.864,ok,2601,0,0,192.00,459980800,607789056,114090264,95883264,18123768,2904,11174640,22132800,1349408,11413,11413,0,0,0,0,0,0,0,0,0.066,0.066,0.000,0,0,0,11413,11413,0,0
travel,53.367,1280.9,1034.230,1034.230,fly,0.866,ok,2601,0,0,192.00,459980800,607789056,114090264,95883264,18123768,2904,11174640,22132800,1349408,11413,11413,0,0,0,0,0,0,0,0,0.069,0.070,0.000,0,0,0,11413,11413,0,0
travel,53.397,1281.6,1034.742,1034.742,fly,1.355,ok,2601,0,0,192.00,459980800,607789056,114090264,95883264,18123768,2904,7449760,22132800,1349408,11413,11413,0,0,0,0,0,0,0,0,0.163,0.129,0.000,0,0,0,11413,11413,0,0
travel,53.428,1282.4,1035.268,1035.268,fly,0.878,ok,2601,0,0,192.00,459980800,607789056,114090264,95883264,18123768,2904,7449760,22132800,1349408,11413,11413,0,0,0,0,0,0,0,0,0.066,0.068,0.000,0,0,0,11413,11413,0,0
travel,53.459,1283.1,1035.789,1035.789,fly,0.865,ok,2601,0,0,192.00,459980800,607789056,114090264,95883264,18123768,2904,7449760,22132800,1349408,11413,11413,0,0,0,0,0,0,0,0,0.067,0.065,0.000,0,0,0,11413,11413,0,0
travel,53.489,1283.8,1036.302,1036.302,fly,0.985,ok,2601,0,0,192.00,459980800,607789056,114090264,95883264,18123768,2904,7449760,22132800,1349408,11413,11413,0,0,0,0,0,0,0,0,0.138,0.071,0.000,0,0,0,11413,11413,0,0
travel,53.519,1284.6,1036.821,1036.821,fly,0.871,ok,2601,0,0,192.00,459980800,607789056,114090264,95883264,18123768,2904,7449760,22132800,1349408,11413,11413,0,0,0,0,0,0,0,0,0.067,0.069,0.000,0,0,0,11413,11413,0,0
travel,53.550,1285.3,1037.343,1037.343,fly,0.868,ok,2601,0,0,192.00,459980800,607789056,114090264,95883264,18123768,2904,7449760,22132800,1349408,11413,11413,0,0,0,0,0,0,0,0,0.066,0.069,0.000,0,0,0,11413,11413,0,0
travel,53.580,1286.0,1037.854,1037.854,fly,0.897,ok,2601,0,0,192.00,459980800,607789056,114090264,95883264,18123768,2904,7449760,22132800,1349408,11413,11413,0,0,0,0,0,0,0,0,0.066,0.081,0.000,0,0,0,11413,11413,0,0
travel,53.611,1286.8,1038.373,1038.373,fly,0.867,ok,2601,0,0,192.00,459980800,607789056,114090264,95883264,18123768,2904,7449760,22132800,1349408,11413,11413,0,0,0,0,0,0,0,0,0.067,0.066,0.000,0,0,0,11413,11413,0,0
travel,53.642,1287.5,1038.901,1038.901,fly,0.884,ok,2601,0,0,192.00,459980800,607789056,114090264,95883264,18123768,2904,7449760,22132800,1349408,11413,11413,0,0,0,0,0,0,0,0,0.067,0.078,0.000,0,0,0,11413,11413,0,0
travel,53.672,1288.2,1039.424,1039.424,fly,0.963,ok,2601,0,0,192.00,459980800,607789056,114090264,95883264,18123768,2904,7449760,22132800,1349408,11413,11413,0,0,0,0,0,0,0,0,0.069,0.148,0.000,0,0,0,11413,11413,0,0
travel,53.703,1289.0,1039.947,1039.947,fly,0.851,ok,2601,0,0,192.00,459980800,607789056,114090264,95883264,18123768,2904,7449760,22132800,1349408,11413,11413,0,0,0,0,0,0,0,0,0.066,0.068,0.000,0,0,0,11413,11413,0,0
travel,53.744,1290.0,1040.635,1040.635,fly,1.465,ok,2601,0,0,192.00,459980800,607789056,114090264,95883264,18123768,2904,11174640,22132800,1405756,11514,11514,0,0,0,0,0,0,0,0,0.095,0.116,0.000,0,0,0,11514,11514,0,0
travel,53.775,1290.7,1041.166,1041.166,fly,0.869,ok,2601,0,0,192.00,459980800,607789056,114090264,95883264,18123768,2904,11174640,22132800,1405756,11514,11514,0,0,0,0,0,0,0,0,0.069,0.069,0.000,0,0,0,11514,11514,0,0
travel,53.805,1291.4,1041.682,1041.682,fly,0.884,ok,2601,0,0,192.00,459980800,607789056,114090264,95883264,18123768,2904,11174640,22132800,1405756,11514,11514,0,0,0,0,0,0,0,0,0.070,0.069,0.000,0,0,0,11514,11514,0,0
travel,53.835,1292.2,1042.196,1042.196,fly,0.874,ok,2601,0,0,192.00,459980800,607789056,114090264,95883264,18123768,2904,11174640,22132800,1405756,11514,11514,0,0,0,0,0,0,0,0,0.070,0.067,0.000,0,0,0,11514,11514,0,0
travel,53.866,1292.9,1042.723,1042.723,fly,0.866,ok,2601,0,0,192.00,459980800,607789056,114090264,95883264,18123768,2904,11174640,22132800,1405756,11514,11514,0,0,0,0,0,0,0,0,0.069,0.069,0.000,0,0,0,11514,11514,0,0
travel,53.897,1293.6,1043.236,1043.236,fly,1.025,ok,2601,0,0,192.00,459980800,607789056,114090264,95883264,18123768,2904,7449760,22132800,1405756,11514,11514,0,0,0,0,0,0,0,0,0.079,0.130,0.000,0,0,0,11514,11514,0,0
travel,53.927,1294.4,1043.752,1043.752,fly,0.849,ok,2601,0,0,192.00,459980800,607789056,114090264,95883264,18123768,2904,7449760,22132800,1405756,11514,11514,0,0,0,0,0,0,0,0,0.067,0.067,0.000,0,0,0,11514,11514,0,0
travel,53.957,1295.1,1044.267,1044.267,fly,0.841,ok,2601,0,0,192.00,459980800,607789056,114090264,95883264,18123768,2904,7449760,22132800,1405756,11514,11514,0,0,0,0,0,0,0,0,0.066,0.064,0.000,0,0,0,11514,11514,0,0
travel,53.988,1295.8,1044.789,1044.789,fly,0.908,ok,2601,0,0,192.00,459980800,607789056,114090264,95883264,18123768,2904,7449760,22132800,1405756,11514,11514,0,0,0,0,0,0,0,0,0.070,0.074,0.000,0,0,0,11514,11514,0,0
travel,54.018,1296.6,1045.302,1045.302,fly,0.917,ok,2601,0,0,192.00,459980800,607789056,114090264,95883264,18123768,2904,7449760,22132800,1405756,11514,11514,0,0,0,0,0,0,0,0,0.069,0.078,0.000,0,0,0,11514,11514,0,0
travel,54.049,1297.3,1045.820,1045.820,fly,0.876,ok,2601,0,0,192.00,459980800,607789056,114090264,95883264,18123768,2904,7449760,22132800,1405756,11514,11514,0,0,0,0,0,0,0,0,0.067,0.071,0.000,0,0,0,11514,11514,0,0
travel,54.080,1298.0,1046.349,1046.349,fly,1.030,ok,2601,0,0,192.00,459980800,607789056,114090264,95883264,18123768,2904,7449760,22132800,1405756,11514,11514,0,0,0,0,0,0,0,0,0.199,0.072,0.000,0,0,0,11514,11514,0,0
travel,54.111,1298.8,1046.875,1046.875,fly,0.860,ok,2601,0,0,192.00,459980800,607789056,114090264,95883264,18123768,2904,7449760,22132800,1405756,11514,11514,0,0,0,0,0,0,0,0,0.066,0.065,0.000,0,0,0,11514,11514,0,0
travel,54.141,1299.5,1047.389,1047.389,fly,0.878,ok,2601,0,0,192.00,459980800,607789056,114090264,95883264,18123768,2904,7449760,22132800,1405756,11514,11514,0,0,0,0,0,0,0,0,0.065,0.072,0.000,0,0,0,11514,11514,0,0
travel,54.171,1300.2,1047.901,1047.901,fly,0.862,ok,2601,0,0,192.00,459980800,607789056,114090264,95883264,18123768,2904,7449760,22132800,1405756,11514,11514,0,0,0,0,0,0,0,0,0.067,0.066,0.000,0,0,0,11514,11514,0,0
travel,54.209,1301.1,1048.551,1048.551,fly,1.177,ok,2601,0,0,192.00,459980800,607789056,114090264,95883264,18123768,2904,11174640,22132800,1460280,11615,11615,0,0,7,0,0,0,0,0,0.341,0.076,0.000,0,0,0,11615,11615,0,0
travel,54.240,1301.9,1049.074,1049.074,fly,0.867,ok,2601,0,0,192.00,459980800,607789056,114090264,95883264,18123768,2904,11174640,22132800,1460280,11615,11615,0,0,0,0,0,0,0,0,0.069,0.069,0.000,0,0,0,11615,11615,0,0
travel,54.271,1302.6,1049.595,1049.595,fly,0.875,ok,2601,0,0,192.00,459980800,607789056,114090264,95883264,18123768,2904,11174640,22132800,1460280,11615,11615,0,0,0,0,0,0,0,0,0.068,0.073,0.000,0,0,0,11615,11615,0,0
travel,54.301,1303.4,1050.108,1050.108,fly,1.087,ok,2601,0,0,192.00,459980800,607789056,114090264,95883264,18123768,2904,11174640,22132800,1460280,11615,11615,0,0,0,0,0,0,0,0,0.281,0.073,0.000,0,0,0,11615,11615,0,0
travel,54.331,1304.1,1050.625,1050.625,fly,0.854,ok,2601,0,0,192.00,459980800,607789056,114090264,95883264,18123768,2904,11174640,22132800,1460280,11615,11615,0,0,0,0,0,0,0,0,0.068,0.070,0.000,0,0,0,11615,11615,0,0
travel,54.362,1304.8,1051.143,1051.143,fly,0.854,ok,2601,0,0,192.00,459980800,607789056,114090264,95883264,18123768,2904,7449760,22132800,1460280,11615,11615,0,0,0,0,0,0,0,0,0.069,0.067,0.000,0,0,0,11615,11615,0,0
travel,54.392,1305.5,1051.655,1051.655,fly,0.852,ok,2601,0,0,192.00,459980800,607789056,114090264,95883264,18123768,2904,7449760,22132800,1460280,11615,11615,0,0,0,0,0,0,0,0,0.068,0.069,0.000,0,0,0,11615,11615,0,0
travel,54.423,1306.3,1052.177,1052.177,fly,0.873,ok,2601,0,0,192.00,459980800,607789056,114090264,95883264,18123768,2904,7449760,22132800,1460280,11615,11615,0,0,0,0,0,0,0,0,0.068,0.070,0.000,0,0,0,11615,11615,0,0
travel,54.453,1307.0,1052.700,1052.700,fly,0.908,ok,2601,0,0,192.00,459980800,607789056,114090264,95883264,18123768,2904,7449760,22132800,1460280,11615,11615,0,0,0,0,0,0,0,0,0.069,0.073,0.000,0,0,0,11615,11615,0,0
travel,54.483,1307.7,1053.210,1053.210,fly,0.863,ok,2601,0,0,192.00,459980800,607789056,114090264,95883264,18123768,2904,7449760,22132800,1460280,11615,11615,0,0,0,0,0,0,0,0,0.068,0.066,0.000,0,0,0,11615,11615,0,0
travel,54.515,1308.5,1053.742,1053.742,fly,0.867,ok,2601,0,0,192.00,459980800,607789056,114090264,95883264,18123768,2904,7449760,22132800,1460280,11615,11615,0,0,0,0,0,0,0,0,0.068,0.072,0.000,0,0,0,11615,11615,0,0
travel,54.545,1309.2,1054.258,1054.258,fly,1.103,ok,2601,0,0,192.00,459980800,607789056,114090264,95883264,18123768,2904,7449760,22132800,1460280,11615,11615,0,0,0,0,0,0,0,0,0.191,0.094,0.000,0,0,0,11615,11615,0,0
travel,54.575,1310.0,1054.776,1054.776,fly,0.873,ok,2601,0,0,192.00,459980800,607789056,114090264,95883264,18123768,2904,7449760,22132800,1460280,11615,11615,0,0,0,0,0,0,0,0,0.068,0.069,0.000,0,0,0,11615,11615,0,0
travel,54.606,1310.7,1055.289,1055.289,fly,0.868,ok,2601,0,0,192.00,459980800,607789056,114090264,95883264,18123768,2904,7449760,22132800,1460280,11615,11615,0,0,0,0,0,0,0,0,0.067,0.070,0.000,0,0,0,11615,11615,0,0
travel,54.636,1311.4,1055.807,1055.807,fly,1.060,ok,2601,0,0,192.00,459980800,607789056,114090264,95883264,18123768,2904,7449760,22132800,1460280,11615,11615,0,0,0,0,0,0,0,0,0.198,0.109,0.000,0,0,0,11615,11615,0,0
travel,54.676,1312.4,1056.483,1056.483,fly,0.853,ok,2601,0,56,192.00,459980800,607789056,114090264,95883264,18123768,2904,11174640,19210848,1281272,11716,11716,0,0,5,0,0,0,0,0,0.068,0.067,0.000,0,0,0,11716,11716,0,0
travel,54.706,1313.1,1057.001,1057.001,fly,0.905,ok,2601,0,0,192.00,459980800,607789056,114090264,95883264,18123768,2904,11174640,22132800,1290788,11716,11716,0,0,0,0,0,0,0,0,0.069,0.068,0.000,0,0,0,11716,11716,0,0
travel,54.737,1313.8,1057.515,1057.515,fly,0.853,ok,2601,0,0,192.00,459980800,607789056,114090264,95883264,18123768,2904,11174640,22132800,1290788,11716,11716,0,0,0,0,0,0,0,0,0.068,0.066,0.000,0,0,0,11716,11716,0,0
travel,54.767,1314.5,1058.026,1058.026,fly,1.231,ok,2601,0,0,192.00,459980800,607789056,114090264,95883264,18123768,2904,11174640,22132800,1290788,11716,11716,0,0,0,0,0,0,0,0,0.434,0.065,0.000,0,0,0,11716,11716,0,0
travel,54.797,1315.3,1058.549,1058.549,fly,0.873,ok,2601,0,0,192.00,459980800,607789056,114090264,95883264,18123768,2904,11174640,22132800,1290788,11716,11716,0,0,0,0,0,0,0,0,0.068,0.069,0.000,0,0,0,11716,11716,0,0
travel,54.828,1316.0,1059.072,1059.072,fly,0.878,ok,2601,0,0,192.00,459980800,607789056,114090264,95883264,18123768,2904,7449760,22132800,1290788,11716,11716,0,0,0,0,0,0,0,0,0.071,0.069,0.000,0,0,0,11716,11716,0,0
travel,54.858,1316.8,1059.587,1059.587,fly,0.899,ok,2601,0,0,192.00,459980800,607789056,114090264,95883264,18123768,2904,7449760,22132800,1290788,11716,11716,0,0,0,0,0,0,0,0,0.069,0.077,0.000,0,0,0,11716,11716,0,0
travel,54.889,1317.5,1060.109,1060.109,fly,0.889,ok,2601,0,0,192.00,459980800,607789056,114090264,95883264,18123768,2904,7449760,22132800,1290788,11716,11716,0,0,0,0,0,0,0,0,0.069,0.074,0.000,0,0,0,11716,11716,0,0
travel,54.920,1318.2,1060.633,1060.633,fly,0.845,ok,2601,0,0,192.00,459980800,607789056,114090264,95883264,18123768,2904,7449760,22132800,1290788,11716,11716,0,0,0,0,0,0,0,0,0.068,0.068,0.000,0,0,0,11716,11716,0,0
travel,54.950,1319.0,1061.147,1061.147,fly,0.859,ok,2601,0,0,192.00,459980800,607789056,114090264,95883264,18123768,2904,7449760,22132800,1290788,11716,11716,0,0,0,0,0,0,0,0,0.066,0.066,0.000,0,0,0,11716,11716,0,0
travel,54.982,1319.7,1061.685,1061.685,fly,0.852,ok,2601,0,0,192.00,459980800,607789056,114090264,95883264,18123768,2904,7449760,22132800,1290788,11716,11716,0,0,0,0,0,0,0,0,0.065,0.064,0.000,0,0,0,11716,11716,0,0
travel,55.012,1320.5,1062.200,1062.200,fly,0.955,ok,2601,0,0,192.00,459980800,607789056,114090264,95883264,18123768,2904,7449760,22132800,1290788,11716,11716,0,0,0,0,0,0,0,0,0.068,0.083,0.000,0,0,0,11716,11716,0,0
travel,55.043,1321.2,1062.725,1062.725,fly,0.859,ok,2601,0,0,192.00,459980800,607789056,114090264,95883264,18123768,2904,7449760,22132800,1290788,11716,11716,0,0,0,0,0,0,0,0,0.070,0.065,0.000,0,0,0,11716,11716,0,0
travel,55.073,1321.9,1063.242,1063.242,fly,0.858,ok,2601,0,0,192.00,459980800,607789056,114090264,95883264,18123768,2904,7449760,22132800,1290788,11716,11716,0,0,0,0,0,0,0,0,0.067,0.064,0.000,0,0,0,11716,11716,0,0
travel,55.104,1322.7,1063.763,1063.763,fly,0.843,ok,2601,0,0,192.00,459980800,607789056,114090264,95883264,18123768,2904,7449760,22132800,1290788,11716,11716,0,0,0,0,0,0,0,0,0.067,0.065,0.000,0,0,0,11716,11716,0,0
travel,55.142,1323.6,1064.415,1064.415,fly,0.858,ok,2601,0,40,192.00,459980800,607789056,114090264,95883264,18123768,2904,11174640,20097840,1337626,11817,11817,0,0,8,0,0,0,0,0,0.069,0.069,0.000,0,0,0,11817,11817,0,0
travel,55.173,1324.3,1064.927,1064.927,fly,0.851,ok,2601,0,0,192.00,459980800,607789056,114090264,95883264,18123768,2904,11174640,22132800,1345080,11817,11817,0,0,0,0,0,0,0,0,0.069,0.067,0.000,0,0,0,11817,11817,0,0
travel,55.203,1325.0,1065.450,1065.450,fly,0.965,ok,2601,0,0,192.00,459980800,607789056,114090264,95883264,18123768,2904,11174640,22132800,1345080,11817,11817,0,0,0,0,0,0,0,0,0.075,0.106,0.000,0,0,0,11817,11817,0,0
travel,55.234,1325.8,1065.974,1065.974,fly,0.848,ok,2601,0,0,192.00,459980800,607789056,114090264,95883264,18123768,2904,11174640,22132800,1345080,11817,11817,0,0,0,0,0,0,0,0,0.070,0.068,0.000,0,0,0,11817,11817,0,0
travel,55.264,1326.5,1066.485,1066.485,fly,0.847,ok,2601,0,0,192.00,459980800,607789056,114090264,95883264,18123768,2904,11174640,22132800,1345080,11817,11817,0,0,0,0,0,0,0,0,0.068,0.068,0.000,0,0,0,11817,11817,0,0
travel,55.295,1327.3,1067.008,1067.008,fly,0.896,ok,2601,0,0,192.00,459980800,607789056,114090264,95883264,18123768,2904,7449760,22132800,1345080,11817,11817,0,0,0,0,0,0,0,0,0.069,0.069,0.000,0,0,0,11817,11817,0,0
travel,55.325,1328.0,1067.518,1067.518,fly,0.942,ok,2601,0,0,192.00,459980800,607789056,114090264,95883264,18123768,2904,7449760,22132800,1345080,11817,11817,0,0,0,0,0,0,0,0,0.078,0.109,0.000,0,0,0,11817,11817,0,0
travel,55.356,1328.7,1068.039,1068.039,fly,0.849,ok,2601,0,0,192.00,459980800,607789056,114090264,95883264,18123768,2904,7449760,22132800,1345080,11817,11817,0,0,0,0,0,0,0,0,0.069,0.068,0.000,0,0,0,11817,11817,0,0
travel,55.386,1329.4,1068.555,1068.555,fly,0.867,ok,2601,0,0,192.00,459980800,607789056,114090264,95883264,18123768,2904,7449760,22132800,1345080,11817,11817,0,0,0,0,0,0,0,0,0.072,0.077,0.000,0,0,0,11817,11817,0,0
travel,55.417,1330.2,1069.083,1069.083,fly,1.099,ok,2601,0,0,192.00,459980800,607789056,114090264,95883264,18123768,2904,7449760,22132800,1345080,11817,11817,0,0,0,0,0,0,0,0,0.081,0.248,0.000,0,0,0,11817,11817,0,0
travel,55.448,1330.9,1069.603,1069.603,fly,0.866,ok,2601,0,0,192.00,459980800,607789056,114090264,95883264,18123768,2904,7449760,22132800,1345080,11817,11817,0,0,0,0,0,0,0,0,0.068,0.070,0.000,0,0,0,11817,11817,0,0
travel,55.478,1331.7,1070.119,1070.119,fly,0.855,ok,2601,0,0,192.00,459980800,607789056,114090264,95883264,18123768,2904,7449760,22132800,1345080,11817,11817,0,0,0,0,0,0,0,0,0.068,0.066,0.000,0,0,0,11817,11817,0,0
travel,55.508,1332.4,1070.633,1070.633,fly,0.897,ok,2601,0,0,192.00,459980800,607789056,114090264,95883264,18123768,2904,7449760,22132800,1345080,11817,11817,0,0,0,0,0,0,0,0,0.070,0.074,0.000,0,0,0,11817,11817,0,0
travel,55.539,1333.1,1071.148,1071.148,fly,0.846,ok,2601,0,0,192.00,459980800,607789056,114090264,95883264,18123768,2904,7449760,22132800,1345080,11817,11817,0,0,0,0,0,0,0,0,0.067,0.065,0.000,0,0,0,11817,11817,0,0
travel,55.569,1333.8,1071.667,1071.667,fly,0.892,ok,2601,0,0,192.00,459980800,607789056,114090264,95883264,18123768,2904,7449760,22132800,1345080,11817,11817,0,0,0,0,0,0,0,0,0.068,0.077,0.000,0,0,0,11817,11817,0,0
travel,55.608,1334.8,1072.336,1072.336,fly,0.857,ok,2601,0,82,192.00,459980800,607789056,114090264,95883264,18123768,2904,11174640,17854272,1382944,11918,11918,0,0,9,0,0,0,0,0,0.069,0.068,0.000,0,0,0,11918,11918,0,0
travel,55.639,1335.5,1072.852,1072.852,fly,0.869,ok,2601,0,0,192.00,459980800,607789056,114090264,95883264,18123768,2904,11174640,22132800,1397904,11918,11918,0,0,0,0,0,0,0,0,0.067,0.067,0.000,0,0,0,11918,11918,0,0
travel,55.670,1336.3,1073.376,1073.376,fly,0.888,ok,2601,0,0,192.00,459980800,607789056,114090264,95883264,18123768,2904,11174640,22132800,1397904,11918,11918,0,0,0,0,0,0,0,0,0.068,0.071,0.000,0,0,0,11918,11918,0,0
travel,55.700,1337.0,1073.895,1073.895,fly,0.895,ok,2601,0,0,192.00,459980800,607789056,114090264,95883264,18123768,2904,11174640,22132800,1397904,11918,11918,0,0,0,0,0,0,0,0,0.087,0.070,0.000,0,0,0,11918,11918,0,0
travel,55.730,1337.7,1074.408,1074.408,fly,0.864,ok,2601,0,0,192.00,459980800,607789056,114090264,95883264,18123768,2904,11174640,22132800,1397904,11918,11918,0,0,0,0,0,0,0,0,0.068,0.071,0.000,0,0,0,11918,11918,0,0
travel,55.761,1338.4,1074.924,1074.924,fly,0.868,ok,2601,0,0,192.00,459980800,607789056,114090264,95883264,18123768,2904,7449760,22132800,1397904,11918,11918,0,0,0,0,0,0,0,0,0.067,0.069,0.000,0,0,0,11918,11918,0,0
travel,55.791,1339.2,1075.438,1075.438,fly,0.926,ok,2601,0,0,192.00,459980800,607789056,114090264,95883264,18123768,2904,7449760,22132800,1397904,11918,11918,0,0,0,0,0,0,0,0,0.068,0.080,0.000,0,0,0,11918,11918,0,0
travel,55.822,1339.9,1075.961,1075.961,fly,0.895,ok,2601,0,0,192.00,459980800,607789056,114090264,95883264,18123768,2904,7449760,22132800,1397904,11918,11918,0,0,0,0,0,0,0,0,0.069,0.075,0.000,0,0,0,11918,11918,0,0
travel,55.853,1340.7,1076.490,1076.490,fly,0.869,ok,2601,0,0,192.00,459980800,607789056,114090264,95883264,18123768,2904,7449760,22132800,1397904,11918,11918,0,0,0,0,0,0,0,0,0.067,0.074,0.000,0,0,0,11918,11918,0,0
travel,55.883,1341.4,1077.007,1077.007,fly,0.908,ok,2601,0,0,192.00,459980800,607789056,114090264,95883264,18123768,2904,7449760,22132800,1397904,11918,11918,0,0,0,0,0,0,0,0,0.066,0.073,0.000,0,0,0,11918,11918,0,0
travel,55.914,1342.1,1077.530,1077.530,fly,0.867,ok,2601,0,0,192.00,459980800,607789056,114090264,95883264,18123768,2904,7449760,22132800,1397904,11918,11918,0,0,0,0,0,0,0,0,0.067,0.068,0.000,0,0,0,11918,11918,0,0
travel,55.944,1342.9,1078.043,1078.043,fly,0.932,ok,2601,0,0,192.00,459980800,607789056,114090264,95883264,18123768,2904,7449760,22132800,1397904,11918,11918,0,0,0,0,0,0,0,0,0.069,0.077,0.000,0,0,0,11918,11918,0,0
travel,55.975,1343.6,1078.563,1078.563,fly,0.936,ok,2601,0,0,192.00,459980800,607789056,114090264,95883264,18123768,2904,7449760,22132800,1397904,11918,11918,0,0,0,0,0,0,0,0,0.068,0.090,0.000,0,0,0,11918,11918,0,0
travel,56.005,1344.3,1079.083,1079.083,fly,0.845,ok,2601,0,0,192.00,459980800,607789056,114090264,95883264,18123768,2904,7449760,22132800,1397904,11918,11918,0,0,0,0,0,0,0,0,0.067,0.065,0.000,0,0,0,11918,11918,0,0
travel,56.036,1345.1,1079.599,1079.599,fly,0.852,ok,2601,0,0,192.00,459980800,607789056,114090264,95883264,18123768,2904,7449760,22132800,1397904,11918,11918,0,0,0,0,0,0,0,0,0.069,0.066,0.000,0,0,0,11918,11918,0,0
travel,56.074,1346.0,1080.254,1080.254,fly,0.894,ok,2601,0,122,192.00,459980800,607789056,114090264,95883264,18123768,2904,11174640,15767232,1426610,12019,12019,0,0,9,0,0,0,0,0,0.069,0.075,0.000,0,0,0,12019,12019,0,0
travel,56.104,1346.7,1080.768,1080.768,fly,0.849,ok,2601,0,0,192.00,459980800,607789056,114090264,95883264,18123768,2904,11174640,22132800,1450980,12019,12019,0,0,0,0,0,0,0,0,0.067,0.069,0.000,0,0,0,12019,12019,0,0
travel,56.135,1347.4,1081.283,1081.283,fly,0.876,ok,2601,0,0,192.00,459980800,607789056,114090264,95883264,18123768,2904,11174640,22132800,1450980,12019,12019,0,0,0,0,0,0,0,0,0.069,0.074,0.000,0,0,0,12019,12019,0,0
travel,56.165,1348.2,1081.803,1081.803,fly,0.970,ok,2601,0,0,192.00,459980800,607789056,114090264,95883264,18123768,2904,11174640,22132800,1450980,12019,12019,0,0,0,0,0,0,0,0,0.180,0.071,0.000,0,0,0,12019,12019,0,0
travel,56.195,1348.9,1082.315,1082.315,fly,0.845,ok,2601,0,0,192.00,459980800,607789056,114090264,95883264,18123768,2904,11174640,22132800,1450980,12019,12019,0,0,0,0,0,0,0,0,0.067,0.068,0.000,0,0,0,12019,12019,0,0
travel,56.226,1349.6,1082.836,1082.836,fly,0.858,ok,2601,0,0,192.00,459980800,607789056,114090264,95883264,18123768,2904,11174640,22132800,1450980,12019,12019,0,0,0,0,0,0,0,0,0.070,0.069,0.000,0,0,0,12019,12019,0,0
travel,56.256,1350.4,1083.352,1083.352,fly,0.876,ok,2601,0,0,192.00,459980800,607789056,114090264,95883264,18123768,2904,7449760,22132800,1450980,12019,12019,0,0,0,0,0,0,0,0,0.069,0.073,0.000,0,0,0,12019,12019,0,0
travel,56.287,1351.1,1083.870,1083.870,fly,0.874,ok,2601,0,0,192.00,459980800,607789056,114090264,95883264,18123768,2904,7449760,22132800,1450980,12019,12019,0,0,0,0,0,0,0,0,0.067,0.073,0.000,0,0,0,12019,12019,0,0
travel,56.317,1351.8,1084.389,1084.389,fly,0.872,ok,2601,0,0,192.00,459980800,607789056,114090264,95883264,18123768,2904,7449760,22132800,1450980,12019,12019,0,0,0,0,0,0,0,0,0.069,0.073,0.000,0,0,0,12019,12019,0,0
travel,56.348,1352.6,1084.904,1084.904,fly,0.864,ok,2601,0,0,192.00,459980800,607789056,114090264,95883264,18123768,2904,7449760,22132800,1450980,12019,12019,0,0,0,0,0,0,0,0,0.067,0.069,0.000,0,0,0,12019,12019,0,0
travel,56.378,1353.3,1085.417,1085.417,fly,0.862,ok,2601,0,0,192.00,459980800,607789056,114090264,95883264,18123768,2904,7449760,22132800,1450980,12019,12019,0,0,0,0,0,0,0,0,0.066,0.069,0.000,0,0,0,12019,12019,0,0
travel,56.408,1354.0,1085.934,1085.934,fly,1.369,ok,2601,0,0,192.00,459980800,607789056,114090264,95883264,18123768,2904,7449760,22132800,1450980,12019,12019,0,0,0,0,0,0,0,0,0.527,0.079,0.000,0,0,0,12019,12019,0,0
travel,56.439,1354.8,1086.454,1086.454,fly,0.888,ok,2601,0,0,192.00,459980800,607789056,114090264,95883264,18123768,2904,7449760,22132800,1450980,12019,12019,0,0,0,0,0,0,0,0,0.068,0.074,0.000,0,0,0,12019,12019,0,0
travel,56.469,1355.5,1086.973,1086.973,fly,0.871,ok,2601,0,0,192.00,459980800,607789056,114090264,95883264,18123768,2904,7449760,22132800,1450980,12019,12019,0,0,0,0,0,0,0,0,0.067,0.067,0.000,0,0,0,12019,12019,0,0
travel,56.500,1356.2,1087.492,1087.492,fly,1.097,ok,2601,0,0,192.00,459980800,607789056,114090264,95883264,18123768,2904,7449760,22132800,1450980,12019,12019,0,0,0,0,0,0,0,0,0.144,0.135,0.000,0,0,0,12019,12019,0,0
travel,56.536,1357.1,1088.107,1088.107,fly,3.693,ok,2567,34,168,192.00,459980800,607789056,112598888,94629888,17886856,2904,11174640,15194112,1465283,12086,12120,30,0,50,30,30,0,0,0,0.183,0.115,0.000,0,0,0,12086,12086,0,0
travel,56.572,1357.9,1088.714,1088.714,fly,0.897,ok,2601,0,0,192.00,460066816,608313344,114090264,95883264,18123768,2904,11174640,22132800,1279346,12120,12120,0,0,0,0,0,0,0,0,0.070,0.074,0.000,0,0,0,12120,12120,0,0
travel,56.602,1358.7,1089.235,1089.235,fly,0.981,ok,2601,0,0,192.00,460066816,608313344,114090264,95883264,18123768,2904,11174640,22132800,1279346,12120,12120,0,0,0,0,0,0,0,0,0.077,0.110,0.000,0,0,0,12120,12120,0,0
travel,56.633,1359.4,1089.756,1089.756,fly,0.868,ok,2601,0,0,192.00,460066816,608313344,114090264,95883264,18123768,2904,11174640,22132800,1279346,12120,12120,0,0,0,0,0,0,0,0,0.067,0.069,0.000,0,0,0,12120,12120,0,0
travel,56.664,1360.2,1090.279,1090.279,fly,0.969,ok,2601,0,0,192.00,460066816,608313344,114090264,95883264,18123768,2904,11174640,22132800,1279346,12120,12120,0,0,0,0,0,0,0,0,0.081,0.111,0.000,0,0,0,12120,12120,0,0
travel,56.694,1360.9,1090.798,1090.798,fly,0.872,ok,2601,0,0,192.00,460066816,608313344,114090264,95883264,18123768,2904,11174640,22132800,1279346,12120,12120,0,0,0,0,0,0,0,0,0.069,0.070,0.000,0,0,0,12120,12120,0,0
travel,56.725,1361.6,1091.317,1091.317,fly,0.905,ok,2601,0,0,192.00,460066816,608313344,114090264,95883264,18123768,2904,7449760,22132800,1279346,12120,12120,0,0,0,0,0,0,0,0,0.070,0.075,0.000,0,0,0,12120,12120,0,0
travel,56.755,1362.4,1091.831,1091.831,fly,0.895,ok,2601,0,0,192.00,460066816,608313344,114090264,95883264,18123768,2904,7449760,22132800,1279346,12120,12120,0,0,0,0,0,0,0,0,0.069,0.072,0.000,0,0,0,12120,12120,0,0
travel,56.787,1363.1,1092.364,1092.364,fly,0.868,ok,2601,0,0,192.00,460066816,608313344,114090264,95883264,18123768,2904,7449760,22132800,1279346,12120,12120,0,0,0,0,0,0,0,0,0.068,0.067,0.000,0,0,0,12120,12120,0,0
travel,56.818,1363.9,1092.893,1092.893,fly,0.862,ok,2601,0,0,192.00,460066816,608313344,114090264,95883264,18123768,2904,7449760,22132800,1279346,12120,12120,0,0,0,0,0,0,0,0,0.069,0.068,0.000,0,0,0,12120,12120,0,0
travel,56.848,1364.6,1093.411,1093.411,fly,0.877,ok,2601,0,0,192.00,460066816,608313344,114090264,95883264,18123768,2904,7449760,22132800,1279346,12120,12120,0,0,0,0,0,0,0,0,0.068,0.071,0.000,0,0,0,12120,12120,0,0
travel,56.879,1365.3,1093.940,1093.940,fly,0.845,ok,2601,0,0,192.00,460066816,608313344,114090264,95883264,18123768,2904,7449760,22132800,1279346,12120,12120,0,0,0,0,0,0,0,0,0.067,0.068,0.000,0,0,0,12120,12120,0,0
travel,56.910,1366.1,1094.459,1094.459,fly,0.866,ok,2601,0,0,192.00,460066816,608313344,114090264,95883264,18123768,2904,7449760,22132800,1279346,12120,12120,0,0,0,0,0,0,0,0,0.068,0.071,0.000,0,0,0,12120,12120,0,0
travel,56.940,1366.8,1094.975,1094.975,fly,0.846,ok,2601,0,0,192.00,460066816,608313344,114090264,95883264,18123768,2904,7449760,22132800,1279346,12120,12120,0,0,0,0,0,0,0,0,0.067,0.066,0.000,0,0,0,12120,12120,0,0
travel,56.971,1367.5,1095.502,1095.502,fly,0.848,ok,2601,0,0,192.00,460066816,608313344,114090264,95883264,18123768,2904,7449760,22132800,1279346,12120,12120,0,0,0,0,0,0,0,0,0.066,0.066,0.000,0,0,0,12120,12120,0,0
travel,57.001,1368.3,1096.017,1096.017,fly,4.422,ok,2536,65,97,192.00,460066816,608313344,111239104,93487104,17670848,2904,11174640,15192432,1284176,12156,12221,36,101,36,36,36,0,0,0,0.478,0.119,0.000,0,0,0,12156,12156,0,0
travel,57.040,1369.2,1096.672,1096.672,fly,0.876,ok,2601,0,0,192.00,460066816,608313344,114090264,95883264,18123768,2904,11174640,22132800,1331710,12221,12221,0,0,0,0,0,0,0,0,0.067,0.067,0.000,0,0,0,12221,12221,0,0
travel,57.070,1369.9,1097.186,1097.186,fly,0.971,ok,2601,0,0,192.00,460066816,608313344,114090264,95883264,18123768,2904,11174640,22132800,1331710,12221,12221,0,0,0,0,0,0,0,0,0.076,0.104,0.000,0,0,0,12221,12221,0,0
travel,57.101,1370.7,1097.704,1097.704,fly,0.872,ok,2601,0,0,192.00,460066816,608313344,114090264,95883264,18123768,2904,11174640,22132800,1331710,12221,12221,0,0,0,0,0,0,0,0,0.068,0.070,0.000,0,0,0,12221,12221,0,0
travel,57.131,1371.4,1098.221,1098.221,fly,0.925,ok,2601,0,0,192.00,460066816,608313344,114090264,95883264,18123768,2904,11174640,22132800,1331710,12221,12221,0,0,0,0,0,0,0,0,0.070,0.080,0.000,0,0,0,12221,12221,0,0
travel,57.161,1372.1,1098.734,1098.734,fly,0.870,ok,2601,0,0,192.00,460066816,608313344,114090264,95883264,18123768,2904,11174640,22132800,1331710,12221,12221,0,0,0,0,0,0,0,0,0.071,0.067,0.000,0,0,0,12221,12221,0,0
travel,57.192,1372.9,1099.260,1099.260,fly,0.986,ok,2601,0,0,192.00,460066816,608313344,114090264,95883264,18123768,2904,7449760,22132800,1331710,12221,12221,0,0,0,0,0,0,0,0,0.079,0.111,0.000,0,0,0,12221,12221,0,0
travel,57.223,1373.6,1099.791,1099.791,fly,0.867,ok,2601,0,0,192.00,460066816,608313344,114090264,95883264,18123768,2904,7449760,22132800,1331710,12221,12221,0,0,0,0,0,0,0,0,0.065,0.070,0.000,0,0,0,12221,12221,0,0
travel,57.254,1374.3,1100.304,1100.304,fly,0.854,ok,2601,0,0,192.00,460066816,608313344,114090264,95883264,18123768,2904,7449760,22132800,1331710,12221,12221,0,0,0,0,0,0,0,0,0.066,0.065,0.000,0,0,0,12221,12221,0,0
travel,57.284,1375.1,1100.816,1100.816,fly,0.865,ok,2601,0,0,192.00,460066816,608313344,114090264,95883264,18123768,2904,7449760,22132800,1331710,12221,12221,0,0,0,0,0,0,0,0,0.065,0.070,0.000,0,0,0,12221,12221,0,0
travel,57.314,1375.8,1101.329,1101.329,fly,1.270,ok,2601,0,0,192.00,460066816,608313344,114090264,95883264,18123768,2904,7449760,22132800,1331710,12221,12221,0,0,0,0,0,0,0,0,0.359,0.116,0.000,0,0,0,12221,12221,0,0
travel,57.345,1376.5,1101.851,1101.851,fly,0.868,ok,2601,0,0,192.00,460066816,608313344,114090264,95883264,18123768,2904,7449760,22132800,1331710,12221,12221,0,0,0,0,0,0,0,0,0.065,0.068,0.000,0,0,0,12221,12221,0,0
travel,57.375,1377.3,1102.367,1102.367,fly,0.856,ok,2601,0,0,192.00,460066816,608313344,114090264,95883264,18123768,2904,7449760,22132800,1331710,12221,12221,0,0,0,0,0,0,0,0,0.064,0.069,0.000,0,0,0,12221,12221,0,0
travel,57.405,1378.0,1102.881,1102.881,fly,0.857,ok,2601,0,0,192.00,460066816,608313344,114090264,95883264,18123768,2904,7449760,22132800,1331710,12221,12221,0,0,0,0,0,0,0,0,0.064,0.069,0.000,0,0,0,12221,12221,0,0
travel,57.436,1378.7,1103.400,1103.400,fly,0.843,ok,2601,0,0,192.00,460066816,608313344,114090264,95883264,18123768,2904,7449760,22132800,1331710,12221,12221,0,0,0,0,0,0,0,0,0.065,0.068,0.000,0,0,0,12221,12221,0,0
travel,57.466,1379.5,1103.919,1103.919,fly,0.871,ok,2601,0,0,192.00,460066816,608313344,114090264,95883264,18123768,2904,7449760,22132800,1331710,12221,12221,0,0,0,0,0,0,0,0,0.069,0.086,0.000,0,0,0,12221,12221,0,0
travel,57.506,1380.4,1104.588,1104.588,fly,0.946,ok,2601,0,0,192.00,460066816,608313344,114090264,95883264,18123768,2904,11174640,22132800,1385390,12322,12322,0,0,0,0,0,0,0,0,0.076,0.106,0.000,0,0,0,12322,12322,0,0
travel,57.536,1381.1,1105.104,1105.104,fly,0.979,ok,2601,0,0,192.00,460066816,608313344,114090264,95883264,18123768,2904,11174640,22132800,1385390,12322,12322,0,0,0,0,0,0,0,0,0.142,0.071,0.000,0,0,0,12322,12322,0,0
travel,57.566,1381.9,1105.621,1105.621,fly,0.871,ok,2601,0,0,192.00,460066816,608313344,114090264,95883264,18123768,2904,11174640,22132800,1385390,12322,12322,0,0,0,0,0,0,0,0,0.069,0.069,0.000,0,0,0,12322,12322,0,0
travel,57.598,1382.6,1106.152,1106.152,fly,0.864,ok,2601,0,0,192.00,460066816,608313344,114090264,95883264,18123768,2904,11174640,22132800,1385390,12322,12322,0,0,0,0,0,0,0,0,0.067,0.066,0.000,0,0,0,12322,12322,0,0
travel,57.628,1383.3,1106.672,1106.672,fly,1.446,ok,2601,0,0,192.00,460066816,608313344,114090264,95883264,18123768,2904,11174640,22132800,1385390,12322,12322,0,0,0,0,0,0,0,0,0.602,0.079,0.000,0,0,0,12322,12322,0,0
travel,57.659,1384.1,1107.192,1107.192,fly,1.104,ok,2601,0,0,192.00,460066816,608313344,114090264,95883264,18123768,2904,7449760,22132800,1385390,12322,12322,0,0,0,0,0,0,0,0,0.087,0.267,0.000,0,0,0,12322,12322,0,0
travel,57.689,1384.8,1107.712,1107.712,fly,0.884,ok,2601,0,0,192.00,460066816,608313344,114090264,95883264,18123768,2904,7449760,22132800,1385390,12322,12322,0,0,0,0,0,0,0,0,0.068,0.077,0.000,0,0,0,12322,12322,0,0
travel,57.719,1385.5,1108.223,1108.223,fly,0.893,ok,2601,0,0,192.00,460066816,608313344,114090264,95883264,18123768,2904,7449760,22132800,1385390,12322,12322,0,0,0,0,0,0,0,0,0.068,0.074,0.000,0,0,0,12322,12322,0,0
travel,57.750,1386.3,1108.744,1108.744,fly,0.891,ok,2601,0,0,192.00,460066816,608313344,114090264,95883264,18123768,2904,7449760,22132800,1385390,12322,12322,0,0,0,0,0,0,0,0,0.066,0.072,0.000,0,0,0,12322,12322,0,0
travel,57.781,1387.0,1109.269,1109.269,fly,0.869,ok,2601,0,0,192.00,460066816,608313344,114090264,95883264,18123768,2904,7449760,22132800,1385390,12322,12322,0,0,0,0,0,0,0,0,0.065,0.066,0.000,0,0,0,12322,12322,0,0
travel,57.811,1387.7,1109.784,1109.784,fly,0.863,ok,2601,0,0,192.00,460066816,608313344,114090264,95883264,18123768,2904,7449760,22132800,1385390,12322,12322,0,0,0,0,0,0,0,0,0.066,0.065,0.000,0,0,0,12322,12322,0,0
travel,57.842,1388.5,1110.306,1110.306,fly,0.893,ok,2601,0,0,192.00,460066816,608313344,114090264,95883264,18123768,2904,7449760,22132800,1385390,12322,12322,0,0,0,0,0,0,0,0,0.065,0.072,0.000,0,0,0,12322,12322,0,0
travel,57.873,1389.2,1110.825,1110.825,fly,0.884,ok,2601,0,0,192.00,460066816,608313344,114090264,95883264,18123768,2904,7449760,22132800,1385390,12322,12322,0,0,0,0,0,0,0,0,0.068,0.073,0.000,0,0,0,12322,12322,0,0
travel,57.903,1389.9,1111.340,1111.340,fly,0.973,ok,2601,0,0,192.00,460066816,608313344,114090264,95883264,18123768,2904,7449760,22132800,1385390,12322,12322,0,0,0,0,0,0,0,0,0.073,0.110,0.000,0,0,0,12322,12322,0,0
travel,57.933,1390.7,1111.852,1111.852,fly,0.870,ok,2601,0,0,192.00,460066816,608313344,114090264,95883264,18123768,2904,7449760,22132800,1385390,12322,12322,0,0,0,0,0,0,0,0,0.066,0.068,0.000,0,0,0,12322,12322,0,0
travel,57.971,1391.6,1112.495,1112.495,fly,0.937,ok,2601,0,17,192.00,460066816,608313344,114090264,95883264,18123768,2904,11174640,21245712,1439101,12423,12423,0,0,7,0,0,0,0,0,0.075,0.107,0.000,0,0,0,12423,12423,0,0
travel,58.001,1392.3,1113.009,1113.009,fly,0.918,ok,2601,0,0,192.00,460066816,608313344,114090264,95883264,18123768,2904,11174640,22132800,1440882,12423,12423,0,0,0,0,0,0,0,0,0.068,0.069,0.000,0,0,0,12423,12423,0,0
travel,58.031,1393.0,1113.525,1113.525,fly,0.853,ok,2601,0,0,192.00,460066816,608313344,114090264,95883264,18123768,2904,11174640,22132800,1440882,12423,12423,0,0,0,0,0,0,0,0,0.067,0.068,0.000,0,0,0,12423,12423,0,0
travel,58.062,1393.8,1114.048,1114.048,fly,0.867,ok,2601,0,0,192.00,460066816,608313344,114090264,95883264,18123768,2904,11174640,22132800,1440882,12423,12423,0,0,0,0,0,0,0,0,0.068,0.065,0.000,0,0,0,12423,12423,0,0
travel,58.093,1394.5,1114.567,1114.567,fly,0.881,ok,2601,0,0,192.00,460066816,608313344,114090264,95883264,18123768,2904,11174640,22132800,1440882,12423,12423,0,0,0,0,0,0,0,0,0.066,0.074,0.000,0,0,0,12423,12423,0,0
travel,58.123,1395.2,1115.085,1115.085,fly,0.848,ok,2601,0,0,192.00,460066816,608313344,114090264,95883264,18123768,2904,7449760,22132800,1440882,12423,12423,0,0,0,0,0,0,0,0,0.067,0.067,0.000,0,0,0,12423,12423,0,0
travel,58.153,1396.0,1115.597,1115.597,fly,0.852,ok,2601,0,0,192.00,460066816,608313344,114090264,95883264,18123768,2904,7449760,22132800,1440882,12423,12423,0,0,0,0,0,0,0,0,0.067,0.070,0.000,0,0,0,12423,12423,0,0
travel,58.185,1396.7,1116.130,1116.130,fly,0.876,ok,2601,0,0,192.00,460066816,608313344,114090264,95883264,18123768,2904,7449760,22132800,1440882,12423,12423,0,0,0,0,0,0,0,0,0.084,0.071,0.000,0,0,0,12423,12423,0,0
travel,58.215,1397.4,1116.644,1116.644,fly,0.888,ok,2601,0,0,192.00,460066816,608313344,114090264,95883264,18123768,2904,7449760,22132800,1440882,12423,12423,0,0,0,0,0,0,0,0,0.067,0.075,0.000,0,0,0,12423,12423,0,0
travel,58.245,1398.2,1117.162,1117.162,fly,0.848,ok,2601,0,0,192.00,460066816,608313344,114090264,95883264,18123768,2904,7449760,22132800,1440882,12423,12423,0,0,0,0,0,0,0,0,0.069,0.065,0.000,0,0,0,12423,12423,0,0
travel,58.276,1398.9,1117.677,1117.677,fly,0.945,ok,2601,0,0,192.00,460066816,608313344,114090264,95883264,18123768,2904,7449760,22132800,1440882,12423,12423,0,0,0,0,0,0,0,0,0.075,0.107,0.000,0,0,0,12423,12423,0,0
travel,58.307,1399.7,1118.210,1118.210,fly,0.847,ok,2601,0,0,192.00,460066816,608313344,114090264,95883264,18123768,2904,7449760,22132800,1440882,12423,12423,0,0,0,0,0,0,0,0,0.065,0.068,0.000,0,0,0,12423,12423,0,0
travel,58.338,1400.4,1118.729,1118.729,fly,0.908,ok,2601,0,0,192.00,460066816,608313344,114090264,95883264,18123768,2904,7449760,22132800,1440882,12423,12423,0,0,0,0,0,0,0,0,0.066,0.077,0.000,0,0,0,12423,12423,0,0
travel,58.368,1401.1,1119.245,1119.245,fly,0.862,ok,2601,0,0,192.00,460066816,608313344,114090264,95883264,18123768,2904,7449760,22132800,1440882,12423,12423,0,0,0,0,0,0,0,0,0.066,0.064,0.000,0,0,0,12423,12423,0,0
travel,58.398,1401.9,1119.761,1119.761,fly,0.867,ok,2601,0,0,192.00,460066816,608313344,114090264,95883264,18123768,2904,7449760,22132800,1440882,12423,12423,0,0,0,0,0,0,0,0,0.067,0.069,0.000,0,0,0,12423,12423,0,0
travel,58.438,1402.8,1120.434,1120.434,fly,0.904,ok,2601,0,68,192.00,460066816,608313344,114090264,95883264,18123768,2904,11174640,18584736,1260838,12524,12524,0,0,8,0,0,0,0,0,0.069,0.077,0.000,0,0,0,12524,12524,0,0
travel,58.469,1403.6,1120.970,1120.970,fly,0.869,ok,2601,0,0,192.00,460066816,608313344,114090264,95883264,18123768,2904,11174640,22132800,1274106,12524,12524,0,0,0,0,0,0,0,0,0.070,0.067,0.000,0,0,0,12524,12524,0,0
travel,58.501,1404.3,1121.504,1121.504,fly,0.873,ok,2601,0,0,192.00,460066816,608313344,114090264,95883264,18123768,2904,11174640,22132800,1274106,12524,12524,0,0,0,0,0,0,0,0,0.070,0.070,0.000,0,0,0,12524,12524,0,0
travel,58.531,1405.1,1122.021,1122.021,fly,0.875,ok,2601,0,0,192.00,460066816,608313344,114090264,95883264,18123768,2904,11174640,22132800,1274106,12524,12524,0,0,0,0,0,0,0,0,0.068,0.068,0.000,0,0,0,12524,12524,0,0
travel,58.563,1405.8,1122.558,1122.558,fly,0.898,ok,2601,0,0,192.00,460066816,608313344,114090264,95883264,18123768,2904,11174640,22132800,1274106,12524,12524,0,0,0,0,0,0,0,0,0.069,0.074,0.000,0,0,0,12524,12524,0,0
travel,58.593,1406.5,1123.080,1123.080,fly,0.976,ok,2601,0,0,192.00,460066816,608313344,114090264,95883264,18123768,2904,7449760,22132800,1274106,12524,12524,0,0,0,0,0,0,0,0,0.076,0.110,0.000,0,0,0,12524,12524,0,0
travel,58.624,1407.3,1123.595,1123.595,fly,0.851,ok,2601,0,0,192.00,460066816,608313344,114090264,95883264,18123768,2904,7449760,22132800,1274106,12524,12524,0,0,0,0,0,0,0,0,0.068,0.066,0.000,0,0,0,12524,12524,0,0
travel,58.654,1408.0,1124.110,1124.110,fly,0.872,ok,2601,0,0,192.00,460066816,608313344,114090264,95883264,18123768,2904,7449760,22132800,1274106,12524,12524,0,0,0,0,0,0,0,0,0.067,0.067,0.000,0,0,0,12524,12524,0,0
travel,58.685,1408.7,1124.633,1124.633,fly,0.931,ok,2601,0,0,192.00,460066816,608313344,114090264,95883264,18123768,2904,7449760,22132800,1274106,12524,12524,0,0,0,0,0,0,0,0,0.068,0.072,0.000,0,0,0,12524,12524,0,0
travel,58.716,1409.5,1125.165,1125.165,fly,0.859,ok,2601,0,0,192.00,460066816,608313344,114090264,95883264,18123768,2904,7449760,22132800,1274106,12524,12524,0,0,0,0,0,0,0,0,0.066,0.070,0.000,0,0,0,12524,12524,0,0
travel,58.747,1410.2,1125.682,1125.682,fly,0.847,ok,2601,0,0,192.00,460066816,608313344,114090264,95883264,18123768,2904,7449760,22132800,1274106,12524,12524,0,0,0,0,0,0,0,0,0.066,0.067,0.000,0,0,0,12524,12524,0,0
travel,58.777,1411.0,1126.198,1126.198,fly,0.869,ok,2601,0,0,192.00,460066816,608313344,114090264,95883264,18123768,2904,7449760,22132800,1274106,12524,12524,0,0,0,0,0,0,0,0,0.084,0.072,0.000,0,0,0,12524,12524,0,0
travel,58.807,1411.7,1126.711,1126.711,fly,0.856,ok,2601,0,0,192.00,460066816,608313344,114090264,95883264,18123768,2904,7449760,22132800,1274106,12524,12524,0,0,0,0,0,0,0,0,0.065,0.070,0.000,0,0,0,12524,12524,0,0
travel,58.838,1412.4,1127.232,1127.232,fly,0.855,ok,2601,0,0,192.00,460066816,608313344,114090264,95883264,18123768,2904,7449760,22132800,1274106,12524,12524,0,0,0,0,0,0,0,0,0.066,0.069,0.000,0,0,0,12524,12524,0,0
travel,58.868,1413.2,1127.755,1127.755,fly,0.878,ok,2601,0,0,192.00,460066816,608313344,114090264,95883264,18123768,2904,7449760,22132800,1274106,12524,12524,0,0,0,0,0,0,0,0,0.066,0.081,0.000,0,0,0,12524,12524,0,0
travel,58.906,1414.1,1128.401,1128.401,fly,1.010,ok,2601,0,70,192.00,460066816,608313344,114090264,95883264,18123768,2904,11174640,18480384,1314643,12625,12625,0,0,4,0,0,0,0,0,0.143,0.083,0.000,0,0,0,12625,12625,0,0
travel,58.937,1414.8,1128.917,1128.917,fly,0.872,ok,2601,0,0,192.00,460066816,608313344,114090264,95883264,18123768,2904,11174640,22132800,1327918,12625,12625,0,0,0,0,0,0,0,0,0.067,0.066,0.000,0,0,0,12625,12625,0,0
travel,58.968,1415.5,1129.441,1129.441,fly,0.872,ok,2601,0,0,192.00,460066816,608313344,114090264,95883264,18123768,2904,11174640,22132800,1327918,12625,12625,0,0,0,0,0,0,0,0,0.068,0.067,0.000,0,0,0,12625,12625,0,0
travel,58.998,1416.3,1129.957,1129.957,fly,1.103,ok,2601,0,0,192.00,460066816,608313344,114090264,95883264,18123768,2904,11174640,22132800,1327918,12625,12625,0,0,0,0,0,0,0,0,0.290,0.066,0.000,0,0,0,12625,12625,0,0
travel,59.028,1417.0,1130.474,1130.474,fly,0.865,ok,2601,0,0,192.00,460066816,608313344,114090264,95883264,18123768,2904,11174640,22132800,1327918,12625,12625,0,0,0,0,0,0,0,0,0.068,0.066,0.000,0,0,0,12625,12625,0,0
travel,59.059,1417.7,1130.992,1130.992,fly,0.872,ok,2601,0,0,192.00,460066816,608313344,114090264,95883264,18123768,2904,7449760,22132800,1327918,12625,12625,0,0,0,0,0,0,0,0,0.067,0.069,0.000,0,0,0,12625,12625,0,0
travel,59.089,1418.5,1131.508,1131.508,fly,0.879,ok,2601,0,0,192.00,460066816,608313344,114090264,95883264,18123768,2904,7449760,22132800,1327918,12625,12625,0,0,0,0,0,0,0,0,0.068,0.071,0.000,0,0,0,12625,12625,0,0
travel,59.120,1419.2,1132.035,1132.035,fly,0.898,ok,2601,0,0,192.00,460066816,608313344,114090264,95883264,18123768,2904,7449760,22132800,1327918,12625,12625,0,0,0,0,0,0,0,0,0.068,0.075,0.000,0,0,0,12625,12625,0,0
travel,59.151,1419.9,1132.552,1132.552,fly,1.025,ok,2601,0,0,192.00,460066816,608313344,114090264,95883264,18123768,2904,7449760,22132800,1327918,12625,12625,0,0,0,0,0,0,0,0,0.077,0.127,0.000,0,0,0,12625,12625,0,0
travel,59.181,1420.7,1133.069,1133.069,fly,1.096,ok,2601,0,0,192.00,460066816,608313344,114090264,95883264,18123768,2904,7449760,22132800,1327918,12625,12625,0,0,0,0,0,0,0,0,0.063,0.288,0.000,0,0,0,12625,12625,0,0
travel,59.213,1421.4,1133.606,1133.606,fly,0.839,ok,2601,0,0,192.00,460066816,608313344,114090264,95883264,18123768,2904,7449760,22132800,1327918,12625,12625,0,0,0,0,0,0,0,0,0.065,0.063,0.000,0,0,0,12625,12625,0,0
travel,59.243,1422.2,1134.125,1134.125,fly,0.894,ok,2601,0,0,192.00,460066816,608313344,114090264,95883264,18123768,2904,7449760,22132800,1327918,12625,12625,0,0,0,0,0,0,0,0,0.066,0.070,0.000,0,0,0,12625,12625,0,0
travel,59.273,1422.9,1134.640,1134.640,fly,1.000,ok,2601,0,0,192.00,460066816,608313344,114090264,95883264,18123768,2904,7449760,22132800,1327918,12625,12625,0,0,0,0,0,0,0,0,0.077,0.115,0.000,0,0,0,12625,12625,0,0
travel,59.304,1423.6,1135.166,1135.166,fly,0.891,ok,2601,0,0,192.00,460066816,608313344,114090264,95883264,18123768,2904,7449760,22132800,1327918,12625,12625,0,0,0,0,0,0,0,0,0.069,0.069,0.000,0,0,0,12625,12625,0,0
travel,59.335,1424.4,1135.687,1135.687,fly,0.866,ok,2601,0,0,192.00,460066816,608313344,114090264,95883264,18123768,2904,7449760,22132800,1327918,12625,12625,0,0,0,0,0,0,0,0,0.065,0.069,0.000,0,0,0,12625,12625,0,0
travel,59.375,1425.3,1136.365,1136.365,fly,0.946,ok,2601,0,65,192.00,460066816,608313344,114090264,95883264,18123768,2904,11174640,18793440,1370706,12726,12726,0,0,8,0,0,0,0,0,0.068,0.143,0.000,0,0,0,12726,12726,0,0
travel,59.406,1426.1,1136.892,1136.892,fly,0.880,ok,2601,0,0,192.00,460066816,608313344,114090264,95883264,18123768,2904,11174640,22132800,1384150,12726,12726,0,0,0,0,0,0,0,0,0.069,0.068,0.000,0,0,0,12726,12726,0,0
travel,59.436,1426.8,1137.408,1137.408,fly,0.864,ok,2601,0,0,192.00,460066816,608313344,114090264,95883264,18123768,2904,11174640,22132800,1384150,12726,12726,0,0,0,0,0,0,0,0,0.068,0.062,0.000,0,0,0,12726,12726,0,0
travel,59.467,1427.6,1137.931,1137.931,fly,0.900,ok,2601,0,0,192.00,460066816,608313344,114090264,95883264,18123768,2904,11174640,22132800,1384150,12726,12726,0,0,0,0,0,0,0,0,0.069,0.075,0.000,0,0,0,12726,12726,0,0
travel,59.498,1428.3,1138.455,1138.455,fly,0.918,ok,2601,0,0,192.00,460066816,608313344,114090264,95883264,18123768,2904,11174640,22132800,1384150,12726,12726,0,0,0,0,0,0,0,0,0.070,0.078,0.000,0,0,0,12726,12726,0,0
travel,59.528,1429.0,1138.973,1138.973,fly,0.873,ok,2601,0,0,192.00,460066816,608313344,114090264,95883264,18123768,2904,7449760,22132800,1384150,12726,12726,0,0,0,0,0,0,0,0,0.069,0.068,0.000,0,0,0,12726,12726,0,0
travel,59.559,1429.8,1139.498,1139.498,fly,0.863,ok,2601,0,0,192.00,460066816,608313344,114090264,95883264,18123768,2904,7449760,22132800,1384150,12726,12726,0,0,0,0,0,0,0,0,0.066,0.066,0.000,0,0,0,12726,12726,0,0
travel,59.589,1430.5,1140.012,1140.012,fly,0.918,ok,2601,0,0,192.00,460066816,608313344,114090264,95883264,18123768,2904,7449760,22132800,1384150,12726,12726,0,0,0,0,0,0,0,0,0.069,0.069,0.000,0,0,0,12726,12726,0,0
travel,59.620,1431.2,1140.525,1140.525,fly,0.910,ok,2601,0,0,192.00,460066816,608313344,114090264,95883264,18123768,2904,7449760,22132800,1384150,12726,12726,0,0,0,0,0,0,0,0,0.068,0.077,0.000,0,0,0,12726,12726,0,0
travel,59.651,1432.0,1141.054,1141.054,fly,0.874,ok,2601,0,0,192.00,460066816,608313344,114090264,95883264,18123768,2904,7449760,22132800,1384150,12726,12726,0,0,0,0,0,0,0,0,0.067,0.070,0.000,0,0,0,12726,12726,0,0
travel,59.681,1432.7,1141.576,1141.576,fly,0.881,ok,2601,0,0,192.00,460066816,608313344,114090264,95883264,18123768,2904,7449760,22132800,1384150,12726,12726,0,0,0,0,0,0,0,0,0.068,0.071,0.000,0,0,0,12726,12726,0,0
travel,59.712,1433.4,1142.096,1142.096,fly,0.865,ok,2601,0,0,192.00,460066816,608313344,114090264,95883264,18123768,2904,7449760,22132800,1384150,12726,12726,0,0,0,0,0,0,0,0,0.067,0.066,0.000,0,0,0,12726,12726,0,0
travel,59.743,1434.2,1142.619,1142.619,fly,0.876,ok,2601,0,0,192.00,460066816,608313344,114090264,95883264,18123768,2904,7449760,22132800,1384150,12726,12726,0,0,0,0,0,0,0,0,0.067,0.067,0.000,0,0,0,12726,12726,0,0
travel,59.774,1434.9,1143.140,1143.140,fly,0.911,ok,2601,0,0,192.00,460066816,608313344,114090264,95883264,18123768,2904,7449760,22132800,1384150,12726,12726,0,0,0,0,0,0,0,0,0.068,0.078,0.000,0,0,0,12726,12726,0,0
travel,59.804,1435.6,1143.657,1143.657,fly,0.864,ok,2601,0,0,192.00,460132352,608313344,114090264,95883264,18123768,2904,7449760,22132800,1384150,12726,12726,0,0,0,0,0,0,0,0,0.065,0.066,0.000,0,0,0,12726,12726,0,0
travel,59.842,1436.6,1144.307,1144.307,fly,0.895,ok,2601,0,97,192.00,460132352,608313344,114090264,95883264,18123768,2904,11174640,17071632,1420522,12827,12827,0,0,6,0,0,0,0,0,0.067,0.075,0.000,0,0,0,12827,12827,0,0
travel,59.873,1437.3,1144.839,1144.839,fly,0.979,ok,2601,0,0,192.00,460132352,608313344,114090264,95883264,18123768,2904,11174640,22132800,1437862,12827,12827,0,0,0,0,0,0,0,0,0.076,0.112,0.000,0,0,0,12827,12827,0,0
travel,59.904,1438.1,1145.363,1145.363,fly,0.871,ok,2601,0,0,192.00,460132352,608313344,114090264,95883264,18123768,2904,11174640,22132800,1437862,12827,12827,0,0,0,0,0,0,0,0,0.068,0.069,0.000,0,0,0,12827,12827,0,0
travel,59.934,1438.8,1145.873,1145.873,fly,0.931,ok,2601,0,0,192.00,460132352,608313344,114090264,95883264,18123768,2904,11174640,22132800,1437862,12827,12827,0,0,0,0,0,0,0,0,0.069,0.079,0.000,0,0,0,12827,12827,0,0
travel,59.964,1439.5,1146.385,1146.385,fly,0.870,ok,2601,0,0,192.00,460132352,608313344,114090264,95883264,18123768,2904,11174640,22132800,1437862,12827,12827,0,0,0,0,0,0,0,0,0.068,0.068,0.000,0,0,0,12827,12827,0,0
travel,59.995,1440.2,1146.903,1146.903,fly,0.984,ok,2601,0,0,192.00,460132352,608313344,114090264,95883264,18123768,2904,7449760,22132800,1437862,12827,12827,0,0,0,0,0,0,0,0,0.076,0.109,0.000,0,0,0,12827,12827,0,0
travel,60.025,1441.0,1147.418,1147.418,fly,0.880,ok,2601,0,0,192.00,460132352,608313344,114090264,95883264,18123768,2904,7449760,22132800,1437862,12827,12827,0,0,0,0,0,0,0,0,0.070,0.071,0.000,0,0,0,12827,12827,0,0
travel,60.056,1441.7,1147.945,1147.945,fly,0.862,ok,2601,0,0,192.00,460132352,608313344,114090264,95883264,18123768,2904,7449760,22132800,1437862,12827,12827,0,0,0,0,0,0,0,0,0.068,0.065,0.000,0,0,0,12827,12827,0,0
travel,60.087,1442.5,1148.469,1148.469,fly,0.903,ok,2601,0,0,192.00,460132352,608313344,114090264,95883264,18123768,2904,7449760,22132800,1437862,12827,12827,0,0,0,0,0,0,0,0,0.069,0.076,0.000,0,0,0,12827,12827,0,0
travel,60.117,1443.2,1148.983,1148.983,fly,0.877,ok,2601,0,0,192.00,460132352,608313344,114090264,95883264,18123768,2904,7449760,22132800,1437862,12827,12827,0,0,0,0,0,0,0,0,0.068,0.070,0.000,0,0,0,12827,12827,0,0
travel,60.148,1443.9,1149.499,1149.499,fly,0.865,ok,2601,0,0,192.00,460132352,608313344,114090264,95883264,18123768,2904,7449760,22132800,1437862,12827,12827,0,0,0,0,0,0,0,0,0.067,0.067,0.000,0,0,0,12827,12827,0,0
travel,60.178,1444.6,1150.019,1150.019,fly,0.875,ok,2601,0,0,192.00,460132352,608313344,114090264,95883264,18123768,2904,7449760,22132800,1437862,12827,12827,0,0,0,0,0,0,0,0,0.068,0.068,0.000,0,0,0,12827,12827,0,0
travel,60.208,1445.4,1150.530,1150.530,fly,0.864,ok,2601,0,0,192.00,460132352,608313344,114090264,95883264,18123768,2904,7449760,22132800,1437862,12827,12827,0,0,0,0,0,0,0,0,0.067,0.065,0.000,0,0,0,12827,12827,0,0
travel,60.239,1446.1,1151.050,1151.050,fly,0.908,ok,2601,0,0,192.00,460132352,608313344,114090264,95883264,18123768,2904,7449760,22132800,1437862,12827,12827,0,0,0,0,0,0,0,0,0.071,0.076,0.000,0,0,0,12827,12827,0,0
travel,60.269,1446.8,1151.562,1151.562,fly,1.070,ok,2601,0,0,192.00,460132352,608313344,114090264,95883264,18123768,2904,7449760,22132800,1437862,12827,12827,0,0,0,0,0,0,0,0,0.229,0.075,0.000,0,0,0,12827,12827,0,0
travel,60.309,1447.8,1152.241,1152.241,fly,0.898,ok,2601,0,125,192.00,460132352,608313344,114090264,95883264,18123768,2904,11174640,15662880,1465411,12928,12928,0,0,9,0,0,0,0,0,0.069,0.072,0.000,0,0,0,12928,12928,0,0
travel,60.340,1448.5,1152.764,1152.764,fly,0.922,ok,2601,0,0,192.00,460070912,608210944,114090264,95883264,18123768,2904,11174640,22132800,1278160,12928,12928,0,0,0,0,0,0,0,0,0.071,0.077,0.000,0,0,0,12928,12928,0,0
travel,60.371,1449.3,1153.290,1153.290,fly,0.874,ok,2601,0,0,192.00,460070912,608210944,114090264,95883264,18123768,2904,11174640,22132800,1278160,12928,12928,0,0,0,0,0,0,0,0,0.069,0.069,0.000,0,0,0,12928,12928,0,0
travel,60.401,1450.0,1153.815,1153.815,fly,0.896,ok,2601,0,0,192.00,460070912,608210944,114090264,95883264,18123768,2904,11174640,22132800,1278160,12928,12928,0,0,0,0,0,0,0,0,0.070,0.074,0.000,0,0,0,12928,12928,0,0
travel,60.432,1450.7,1154.326,1154.326,fly,0.856,ok,2601,0,0,192.00,460070912,608210944,114090264,95883264,18123768,2904,11174640,22132800,1278160,12928,12928,0,0,0,0,0,0,0,0,0.069,0.065,0.000,0,0,0,12928,12928,0,0
travel,60.462,1451.5,1154.846,1154.846,fly,0.873,ok,2601,0,0,192.00,460070912,608210944,114090264,95883264,18123768,2904,7449760,22132800,1278160,12928,12928,0,0,0,0,0,0,0,0,0.071,0.070,0.000,0,0,0,12928,12928,0,0
travel,60.493,1452.2,1155.372,1155.372,fly,0.858,ok,2601,0,0,192.00,460070912,608210944,114090264,95883264,18123768,2904,7449760,22132800,1278160,12928,12928,0,0,0,0,0,0,0,0,0.070,0.070,0.000,0,0,0,12928,12928,0,0
travel,60.523,1452.9,1155.885,1155.885,fly,0.870,ok,2601,0,0,192.00,460070912,608210944,114090264,95883264,18123768,2904,7449760,22132800,1278160,12928,12928,0,0,0,0,0,0,0,0,0.068,0.070,0.000,0,0,0,12928,12928,0,0
travel,60.554,1453.7,1156.404,1156.404,fly,0.887,ok,2601,0,0,192.00,460070912,608210944,114090264,95883264,18123768,2904,7449760,22132800,1278160,12928,12928,0,0,0,0,0,0,0,0,0.068,0.070,0.000,0,0,0,12928,12928,0,0
travel,60.584,1454.4,1156.920,1156.920,fly,0.969,ok,2601,0,0,192.00,460070912,608210944,114090264,95883264,18123768,2904,7449760,22132800,1278160,12928,12928,0,0,0,0,0,0,0,0,0.076,0.103,0.000,0,0,0,12928,12928,0,0
travel,60.615,1455.1,1157.441,1157.441,fly,0.860,ok,2601,0,0,192.00,460070912,608210944,114090264,95883264,18123768,2904,7449760,22132800,1278160,12928,12928,0,0,0,0,0,0,0,0,0.066,0.066,0.000,0,0,0,12928,12928,0,0
travel,60.646,1455.9,1157.975,1157.975,fly,0.856,ok,2601,0,0,192.00,460070912,608210944,114090264,95883264,18123768,2904,7449760,22132800,1278160,12928,12928,0,0,0,0,0,0,0,0,0.068,0.067,0.000,0,0,0,12928,12928,0,0
travel,60.677,1456.6,1158.495,1158.495,fly,0.850,ok,2601,0,0,192.00,460070912,608210944,114090264,95883264,18123768,2904,7449760,22132800,1278160,12928,12928,0,0,0,0,0,0,0,0,0.066,0.066,0.000,0,0,0,12928,12928,0,0
travel,60.707,1457.4,1159.013,1159.013,fly,0.892,ok,2601,0,0,192.00,460070912,608210944,114090264,95883264,18123768,2904,7449760,22132800,1278160,12928,12928,0,0,0,0,0,0,0,0,0.068,0.070,0.000,0,0,0,12928,12928,0,0
travel,60.738,1458.1,1159.543,1159.543,fly,0.853,ok,2601,0,0,192.00,460070912,608210944,114090264,95883264,18123768,2904,7449760,22132800,1278160,12928,12928,0,0,0,0,0,0,0,0,0.066,0.067,0.000,0,0,0,12928,12928,0,0
travel,60.777,1459.0,1160.193,1160.193,fly,1.129,ok,2601,0,139,192.00,460070912,608210944,114090264,95883264,18123768,2904,11174640,14932416,1302136,13029,13029,0,0,23,0,0,0,0,0,0.083,0.108,0.000,0,0,0,13029,13029,0,0
travel,60.808,1459.8,1160.720,1160.720,fly,0.849,ok,2601,0,0,192.00,460070912,608210944,114090264,95883264,18123768,2904,11174640,22132800,1331056,13029,13029,0,0,0,0,0,0,0,0,0.068,0.067,0.000,0,0,0,13029,13029,0,0
travel,60.838,1460.5,1161.230,1161.230,fly,0.849,ok,2601,0,0,192.00,460070912,608210944,114090264,95883264,18123768,2904,11174640,22132800,1331056,13029,13029,0,0,0,0,0,0,0,0,0.067,0.071,0.000,0,0,0,13029,13029,0,0
travel,60.868,1461.2,1161.751,1161.751,fly,0.861,ok,2601,0,0,192.00,460070912,608210944,114090264,95883264,18123768,2904,11174640,22132800,1331056,13029,13029,0,0,0,0,0,0,0,0,0.069,0.067,0.000,0,0,0,13029,13029,0,0
travel,60.899,1462.0,1162.266,1162.266,fly,1.406,ok,2601,0,0,192.00,460070912,608210944,114090264,95883264,18123768,2904,11174640,22132800,1331056,13029,13029,0,0,0,0,0,0,0,0,0.521,0.111,0.000,0,0,0,13029,13029,0,0
travel,60.929,1462.7,1162.787,1162.787,fly,0.853,ok,2601,0,0,192.00,460070912,608210944,114090264,95883264,18123768,2904,7449760,22132800,1331056,13029,13029,0,0,0,0,0,0,0,0,0.069,0.068,0.000,0,0,0,13029,13029,0,0
travel,60.959,1463.4,1163.300,1163.300,fly,0.862,ok,2601,0,0,192.00,460070912,608210944,114090264,95883264,18123768,2904,7449760,22132800,1331056,13029,13029,0,0,0,0,0,0,0,0,0.068,0.074,0.000,0,0,0,13029,13029,0,0
travel,60.990,1464.2,1163.812,1163.812,fly,0.855,ok,2601,0,0,192.00,460070912,608210944,114090264,95883264,18123768,2904,7449760,22132800,1331056,13029,13029,0,0,0,0,0,0,0,0,0.069,0.069,0.000,0,0,0,13029,13029,0,0
travel,61.020,1464.9,1164.329,1164.329,fly,0.960,ok,2601,0,0,192.00,460070912,608210944,114090264,95883264,18123768,2904,7449760,22132800,1331056,13029,13029,0,0,0,0,0,0,0,0,0.078,0.109,0.000,0,0,0,13029,13029,0,0
travel,61.050,1465.6,1164.843,1164.843,fly,0.858,ok,2601,0,0,192.00,460070912,608210944,114090264,95883264,18123768,2904,7449760,22132800,1331056,13029,13029,0,0,0,0,0,0,0,0,0.070,0.066,0.000,0,0,0,13029,13029,0,0
travel,61.081,1466.3,1165.360,1165.360,fly,0.872,ok,2601,0,0,192.00,460070912,608210944,114090264,95883264,18123768,2904,7449760,22132800,1331056,13029,13029,0,0,0,0,0,0,0,0,0.068,0.069,0.000,0,0,0,13029,13029,0,0
travel,61.111,1467.1,1165.881,1165.881,fly,0.858,ok,2601,0,0,192.00,460070912,608210944,114090264,95883264,18123768,2904,7449760,22132800,1331056,13029,13029,0,0,0,0,0,0,0,0,0.071,0.067,0.000,0,0,0,13029,13029,0,0
travel,61.141,1467.8,1166.394,1166.394,fly,1.283,ok,2601,0,0,192.00,460070912,608210944,114090264,95883264,18123768,2904,7449760,22132800,1331056,13029,13029,0,0,0,0,0,0,0,0,0.453,0.074,0.000,0,0,0,13029,13029,0,0
travel,61.172,1468.5,1166.917,1166.917,fly,0.871,ok,2601,0,0,192.00,460070912,608210944,114090264,95883264,18123768,2904,7449760,22132800,1331056,13029,13029,0,0,0,0,0,0,0,0,0.067,0.068,0.000,0,0,0,13029,13029,0,0
travel,61.203,1469.3,1167.448,1167.448,fly,0.854,ok,2601,0,0,192.00,460070912,608210944,114090264,95883264,18123768,2904,7449760,22132800,1331056,13029,13029,0,0,0,0,0,0,0,0,0.068,0.068,0.000,0,0,0,13029,13029,0,0
travel,61.234,1470.0,1167.965,1167.965,fly,1.043,ok,2601,0,0,192.00,460070912,608210944,114090264,95883264,18123768,2904,7449760,22132800,1331056,13029,13029,0,0,0,0,0,0,0,0,0.162,0.111,0.000,0,0,0,13029,13029,0,0
travel,61.274,1471.0,1168.645,1168.645,fly,0.857,ok,2601,0,0,192.00,460070912,608210944,114090264,95883264,18123768,2904,11174640,22132800,1387760,13130,13130,0,0,0,0,0,0,0,0,0.069,0.069,0.000,0,0,0,13130,13130,0,0
travel,61.304,1471.7,1169.162,1169.162,fly,0.880,ok,2601,0,0,192.00,460070912,608210944,114090264,95883264,18123768,2904,11174640,22132800,1387760,13130,13130,0,0,0,0,0,0,0,0,0.070,0.069,0.000,0,0,0,13130,13130,0,0
travel,61.338,1472.5,1169.730,1169.730,fly,0.895,ok,2601,0,0,192.00,460070912,608210944,114090264,95883264,18123768,2904,11174640,22132800,1387760,13130,13130,0,0,0,0,0,0,0,0,0.074,0.076,0.000,0,0,0,13130,13130,0,0
travel,61.368,1473.3,1170.250,1170.250,fly,0.944,ok,2601,0,0,192.00,460070912,608210944,114090264,95883264,18123768,2904,11174640,22132800,1387760,13130,13130,0,0,0,0,0,0,0,0,0.076,0.109,0.000,0,0,0,13130,13130,0,0
travel,61.398,1474.0,1170.762,1170.762,fly,0.942,ok,2601,0,0,192.00,460070912,608210944,114090264,95883264,18123768,2904,7449760,22132800,1387760,13130,13130,0,0,0,0,0,0,0,0,0.077,0.109,0.000,0,0,0,13130,13130,0,0
travel,61.429,1474.7,1171.287,1171.287,fly,0.850,ok,2601,0,0,192.00,460070912,608210944,114090264,95883264,18123768,2904,7449760,22132800,1387760,13130,13130,0,0,0,0,0,0,0,0,0.068,0.067,0.000,0,0,0,13130,13130,0,0
travel,61.461,1475.5,1171.821,1171.821,fly,0.880,ok,2601,0,0,192.00,460070912,608210944,114090264,95883264,18123768,2904,7449760,22132800,1387760,13130,13130,0,0,0,0,0,0,0,0,0.070,0.074,0.000,0,0,0,13130,13130,0,0
travel,61.491,1476.2,1172.332,1172.332,fly,0.950,ok,2601,0,0,192.00,460070912,608210944,114090264,95883264,18123768,2904,7449760,22132800,1387760,13130,13130,0,0,0,0,0,0,0,0,0.077,0.108,0.000,0,0,0,13130,13130,0,0
travel,61.521,1476.9,1172.850,1172.850,fly,0.855,ok,2601,0,0,192.00,460070912,608210944,114090264,95883264,18123768,2904,7449760,22132800,1387760,13130,13130,0,0,0,0,0,0,0,0,0.069,0.069,0.000,0,0,0,13130,13130,0,0
travel,61.552,1477.7,1173.372,1173.372,fly,0.869,ok,2601,0,0,192.00,460070912,608210944,114090264,95883264,18123768,2904,7449760,22132800,1387760,13130,13130,0,0,0,0,0,0,0,0,0.069,0.076,0.000,0,0,0,13130,13130,0,0
travel,61.582,1478.4,1173.889,1173.889,fly,0.846,ok,2601,0,0,192.00,460070912,608210944,114090264,95883264,18123768,2904,7449760,22132800,1387760,13130,13130,0,0,0,0,0,0,0,0,0.068,0.068,0.000,0,0,0,13130,13130,0,0
travel,61.613,1479.1,1174.408,1174.408,fly,0.943,ok,2601,0,0,192.00,460070912,608210944,114090264,95883264,18123768,2904,7449760,22132800,1387760,13130,13130,0,0,0,0,0,0,0,0,0.068,0.132,0.000,0,0,0,13130,13130,0,0
travel,61.643,1479.9,1174.926,1174.926,fly,1.284,ok,2601,0,0,192.00,460070912,608210944,114090264,95883264,18123768,2904,7449760,22132800,1387760,13130,13130,0,0,0,0,0,0,0,0,0.455,0.076,0.000,0,0,0,13130,13130,0,0
travel,61.674,1480.6,1175.445,1175.445,fly,0.868,ok,2601,0,0,192.00,460070912,608210944,114090264,95883264,18123768,2904,7449760,22132800,1387760,13130,13130,0,0,0,0,0,0,0,0,0.068,0.069,0.000,0,0,0,13130,13130,0,0
travel,61.705,1481.3,1175.969,1175.969,fly,0.871,ok,2601,0,0,192.00,460070912,608210944,114090264,95883264,18123768,2904,7449760,22132800,1387760,13130,13130,0,0,0,0,0,0,0,0,0.066,0.068,0.000,0,0,0,13130,13130,0,0
travel,61.744,1482.3,1176.641,1176.641,fly,0.866,ok,2601,0,0,192.00,460070912,608210944,114090264,95883264,18123768,2904,11174640,22132800,1442560,13231,13231,0,0,0,0,0,0,0,0,0.068,0.067,0.000,0,0,0,13231,13231,0,0
travel,61.775,1483.0,1177.161,1177.161,fly,0.885,ok,2601,0,0,192.00,460070912,608210944,114090264,95883264,18123768,2904,11174640,22132800,1442560,13231,13231,0,0,0,0,0,0,0,0,0.070,0.068,0.000,0,0,0,13231,13231,0,0
travel,61.805,1483.8,1177.677,1177.677,fly,0.890,ok,2601,0,0,192.00,460070912,608210944,114090264,95883264,18123768,2904,11174640,22132800,1442560,13231,13231,0,0,0,0,0,0,0,0,0.069,0.072,0.000,0,0,0,13231,13231,0,0
travel,61.836,1484.5,1178.203,1178.203,fly,0.871,ok,2601,0,0,192.00,460070912,608210944,114090264,95883264,18123768,2904,11174640,22132800,1442560,13231,13231,0,0,0,0,0,0,0,0,0.069,0.075,0.000,0,0,0,13231,13231,0,0
travel,61.868,1485.3,1178.738,1178.738,fly,0.872,ok,2601,0,0,192.00,460070912,608210944,114090264,95883264,18123768,2904,11174640,22132800,1442560,13231,13231,0,0,0,0,0,0,0,0,0.069,0.070,0.000,0,0,0,13231,13231,0,0
travel,61.898,1486.0,1179.255,1179.255,fly,0.871,ok,2601,0,0,192.00,460070912,608210944,114090264,95883264,18123768,2904,7449760,22132800,1442560,13231,13231,0,0,0,0,0,0,0,0,0.070,0.067,0.000,0,0,0,13231,13231,0,0
travel,61.929,1486.7,1179.774,1179.774,fly,0.870,ok,2601,0,0,192.00,460070912,608210944,114090264,95883264,18123768,2904,7449760,22132800,1442560,13231,13231,0,0,0,0,0,0,0,0,0.069,0.069,0.000,0,0,0,13231,13231,0,0
travel,61.959,1487.5,1180.296,1180.296,fly,0.895,ok,2601,0,0,192.00,460070912,608210944,114090264,95883264,18123768,2904,7449760,22132800,1442560,13231,13231,0,0,0,0,0,0,0,0,0.073,0.074,0.000,0,0,0,13231,13231,0,0
travel,61.990,1488.2,1180.814,1180.814,fly,0.865,ok,2601,0,0,192.00,460070912,608210944,114090264,95883264,18123768,2904,7449760,22132800,1442560,13231,13231,0,0,0,0,0,0,0,0,0.068,0.065,0.000,0,0,0,13231,13231,0,0
travel,62.021,1488.9,1181.337,1181.337,fly,0.863,ok,2601,0,0,192.00,460070912,608210944,114090264,95883264,18123768,2904,7449760,22132800,1442560,13231,13231,0,0,0,0,0,0,0,0,0.066,0.068,0.000,0,0,0,13231,13231,0,0
travel,62.051,1489.7,1181.852,1181.852,fly,0.873,ok,2601,0,0,192.00,460070912,608210944,114090264,95883264,18123768,2904,7449760,22132800,1442560,13231,13231,0,0,0,0,0,0,0,0,0.068,0.067,0.000,0,0,0,13231,13231,0,0
travel,62.082,1490.4,1182.375,1182.375,fly,0.869,ok,2601,0,0,192.00,460070912,608210944,114090264,95883264,18123768,2904,7449760,22132800,1442560,13231,13231,0,0,0,0,0,0,0,0,0.068,0.069,0.000,0,0,0,13231,13231,0,0
travel,62.113,1491.1,1182.902,1182.902,fly,0.957,ok,2601,0,0,192.00,460070912,608210944,114090264,95883264,18123768,2904,7449760,22132800,1442560,13231,13231,0,0,0,0,0,0,0,0,0.069,0.136,0.000,0,0,0,13231,13231,0,0
travel,62.144,1491.9,1183.431,1183.431,fly,0.860,ok,2601,0,0,192.00,460070912,608210944,114090264,95883264,18123768,2904,7449760,22132800,1442560,13231,13231,0,0,0,0,0,0,0,0,0.066,0.067,0.000,0,0,0,13231,13231,0,0
travel,62.174,1492.6,1183.951,1183.951,fly,0.859,ok,2601,0,0,192.00,460070912,608210944,114090264,95883264,18123768,2904,7449760,22132800,1442560,13231,13231,0,0,0,0,0,0,0,0,0.066,0.069,0.000,0,0,0,13231,13231,0,0
travel,62.215,1493.6,1184.644,1184.644,fly,0.909,ok,2601,0,0,192.00,460070912,608210944,114090264,95883264,18123768,2904,11174640,22132800,1275826,13332,13332,0,0,0,0,0,0,0,0,0.070,0.074,0.000,0,0,0,13332,13332,0,0
travel,62.246,1494.3,1185.162,1185.162,fly,0.869,ok,2601,0,0,192.00,460070912,608210944,114090264,95883264,18123768,2904,11174640,22132800,1275826,13332,13332,0,0,0,0,0,0,0,0,0.070,0.069,0.000,0,0,0,13332,13332,0,0
travel,62.276,1495.1,1185.680,1185.680,fly,0.877,ok,2601,0,0,192.00,460070912,608210944,114090264,95883264,18123768,2904,11174640,22132800,1275826,13332,13332,0,0,0,0,0,0,0,0,0.070,0.069,0.000,0,0,0,13332,13332,0,0
travel,62.308,1495.8,1186.219,1186.219,fly,0.901,ok,2601,0,0,192.00,460070912,608210944,114090264,95883264,18123768,2904,11174640,22132800,1275826,13332,13332,0,0,0,0,0,0,0,0,0.069,0.073,0.000,0,0,0,13332,13332,0,0
travel,62.338,1496.6,1186.735,1186.735,fly,0.866,ok,2601,0,0,192.00,460070912,608210944,114090264,95883264,18123768,2904,7449760,22132800,1275826,13332,13332,0,0,0,0,0,0,0,0,0.069,0.067,0.000,0,0,0,13332,13332,0,0
travel,62.369,1497.3,1187.261,1187.261,fly,0.882,ok,2601,0,0,192.00,460070912,608210944,114090264,95883264,18123768,2904,7449760,22132800,1275826,13332,13332,0,0,0,0,0,0,0,0,0.069,0.079,0.000,0,0,0,13332,13332,0,0
travel,62.400,1498.0,1187.780,1187.780,fly,0.869,ok,2601,0,0,192.00,460070912,608210944,114090264,95883264,18123768,2904,7449760,22132800,1275826,13332,13332,0,0,0,0,0,0,0,0,0.069,0.072,0.000,0,0,0,13332,13332,0,0
travel,62.430,1498.8,1188.293,1188.293,fly,0.862,ok,2601,0,0,192.00,460070912,608210944,114090264,95883264,18123768,2904,7449760,22132800,1275826,13332,13332,0,0,0,0,0,0,0,0,0.068,0.066,0.000,0,0,0,13332,13332,0,0
travel,62.460,1499.5,1188.812,1188.812,fly,0.859,ok,2601,0,0,192.00,460070912,608210944,114090264,95883264,18123768,2904,7449760,22132800,1275826,13332,13332,0,0,0,0,0,0,0,0,0.069,0.069,0.000,0,0,0,13332,13332,0,0
travel,62.492,1500.3,1189.344,1189.344,fly,0.970,ok,2601,0,0,192.00,460070912,608210944,114090264,95883264,18123768,2904,7449760,22132800,1275826,13332,13332,0,0,0,0,0,0,0,0,0.076,0.124,0.000,0,0,0,13332,13332,0,0
travel,62.522,1501.0,1189.865,1189.865,fly,0.862,ok,2601,0,0,192.00,460070912,608210944,114090264,95883264,18123768,2904,7449760,22132800,1275826,13332,13332,0,0,0,0,0,0,0,0,0.067,0.068,0.000,0,0,0,13332,13332,0,0
travel,62.553,1501.7,1190.387,1190.387,fly,0.863,ok,2601,0,0,192.00,460070912,608210944,114090264,95883264,18123768,2904,7449760,22132800,1275826,13332,13332,0,0,0,0,0,0,0,0,0.068,0.068,0.000,0,0,0,13332,13332,0,0
travel,62.583,1502.5,1190.903,1190.903,fly,1.335,ok,2601,0,0,192.00,460070912,608210944,114090264,95883264,18123768,2904,7449760,22132800,1275826,13332,13332,0,0,0,0,0,0,0,0,0.484,0.081,0.000,0,0,0,13332,13332,0,0
travel,62.614,1503.2,1191.422,1191.422,fly,0.899,ok,2601,0,0,192.00,460070912,608210944,114090264,95883264,18123768,2904,7449760,22132800,1275826,13332,13332,0,0,0,0,0,0,0,0,0.068,0.084,0.000,0,0,0,13332,13332,0,0
travel,62.645,1503.9,1191.946,1191.946,fly,0.862,ok,2601,0,0,192.00,460070912,608210944,114090264,95883264,18123768,2904,7449760,22132800,1275826,13332,13332,0,0,0,0,0,0,0,0,0.067,0.064,0.000,0,0,0,13332,13332,0,0
travel,62.685,1504.9,1192.633,1192.633,fly,0.867,ok,2601,0,0,192.00,460070912,608210944,114090264,95883264,18123768,2904,11174640,22132800,1331682,13433,13433,0,0,0,0,0,0,0,0,0.068,0.072,0.000,0,0,0,13433,13433,0,0
travel,62.716,1505.7,1193.157,1193.157,fly,0.867,ok,2601,0,0,192.00,460070912,608210944,114090264,95883264,18123768,2904,11174640,22132800,1331682,13433,13433,0,0,0,0,0,0,0,0,0.071,0.066,0.000,0,0,0,13433,13433,0,0
travel,62.746,1506.4,1193.670,1193.670,fly,0.953,ok,2601,0,0,192.00,460070912,608210944,114090264,95883264,18123768,2904,11174640,22132800,1331682,13433,13433,0,0,0,0,0,0,0,0,0.137,0.069,0.000,0,0,0,13433,13433,0,0
travel,62.777,1507.1,1194.192,1194.192,fly,0.871,ok,2601,0,0,192.00,460070912,608210944,114090264,95883264,18123768,2904,11174640,22132800,1331682,13433,13433,0,0,0,0,0,0,0,0,0.068,0.069,0.000,0,0,0,13433,13433,0,0
travel,62.807,1507.9,1194.714,1194.714,fly,0.869,ok,2601,0,0,192.00,460070912,608210944,114090264,95883264,18123768,2904,7449760,22132800,1331682,13433,13433,0,0,0,0,0,0,0,0,0.068,0.069,0.000,0,0,0,13433,13433,0,0
travel,62.838,1508.6,1195.233,1195.233,fly,0.912,ok,2601,0,0,192.00,460070912,608210944,114090264,95883264,18123768,2904,7449760,22132800,1331682,13433,13433,0,0,0,0,0,0,0,0,0.070,0.081,0.000,0,0,0,13433,13433,0,0
travel,62.869,1509.3,1195.753,1195.753,fly,0.869,ok,2601,0,0,192.00,460070912,608210944,114090264,95883264,18123768,2904,7449760,22132800,1331682,13433,13433,0,0,0,0,0,0,0,0,0.069,0.067,0.000,0,0,0,13433,13433,0,0
travel,62.899,1510.1,1196.271,1196.271,fly,0.870,ok,2601,0,0,192.00,460070912,608210944,114090264,95883264,18123768,2904,7449760,22132800,1331682,13433,13433,0,0,0,0,0,0,0,0,0.068,0.072,0.000,0,0,0,13433,13433,0,0
travel,62.929,1510.8,1196.785,1196.785,fly,0.865,ok,2601,0,0,192.00,460070912,608210944,114090264,95883264,18123768,2904,7449760,22132800,1331682,13433,13433,0,0,0,0,0,0,0,0,0.067,0.069,0.000,0,0,0,13433,13433,0,0
travel,62.960,1511.5,1197.314,1197.314,fly,0.904,ok,2601,0,0,192.00,460070912,608210944,114090264,95883264,18123768,2904,7449760,22132800,1331682,13433,13433,0,0,0,0,0,0,0,0,0.068,0.076,0.000,0,0,0,13433,13433,0,0
travel,62.991,1512.3,1197.830,1197.830,fly,0.866,ok,2601,0,0,192.00,460070912,608210944,114090264,95883264,18123768,2904,7449760,22132800,1331682,13433,13433,0,0,0,0,0,0,0,0,0.066,0.069,0.000,0,0,0,13433,13433,0,0
travel,63.021,1513.0,1198.346,1198.346,fly,0.865,ok,2601,0,0,192.00,460070912,608210944,114090264,95883264,18123768,2904,7449760,22132800,1331682,13433,13433,0,0,0,0,0,0,0,0,0.067,0.069,0.000,0,0,0,13433,13433,0,0
travel,63.052,1513.7,1198.866,1198.866,fly,0.879,ok,2601,0,0,192.00,460070912,608210944,114090264,95883264,18123768,2904,7449760,22132800,1331682,13433,13433,0,0,0,0,0,0,0,0,0.068,0.070,0.000,0,0,0,13433,13433,0,0
travel,63.083,1514.5,1199.395,1199.395,fly,0.882,ok,2601,0,0,192.00,460070912,608210944,114090264,95883264,18123768,2904,7449760,22132800,1331682,13433,13433,0,0,0,0,0,0,0,0,0.066,0.070,0.000,0,0,0,13433,13433,0,0
travel,63.113,1515.2,1199.907,1199.907,fly,0.880,ok,2601,0,0,192.00,460070912,608210944,114090264,95883264,18123768,2904,7449760,22132800,1331682,13433,13433,0,0,0,0,0,0,0,0,0.067,0.070,0.000,0,0,0,13433,13433,0,0
travel,63.153,1516.2,1200.595,1200.595,fly,0.917,ok,2601,0,0,192.00,460070912,608210944,114090264,95883264,18123768,2904,11174640,22132800,1386990,13534,13534,0,0,0,0,0,0,0,0,0.072,0.078,0.000,0,0,0,13534,13534,0,0
travel,63.185,1516.9,1201.125,1201.125,fly,0.897,ok,2601,0,0,192.00,460070912,608210944,114090264,95883264,18123768,2904,11174640,22132800,1386990,13534,13534,0,0,0,0,0,0,0,0,0.068,0.073,0.000,0,0,0,13534,13534,0,0
travel,63.215,1517.7,1201.646,1201.646,fly,0.881,ok,2601,0,0,192.00,460070912,608210944,114090264,95883264,18123768,2904,11174640,22132800,1386990,13534,13534,0,0,0,0,0,0,0,0,0.068,0.071,0.000,0,0,0,13534,13534,0,0
travel,63.246,1518.4,1202.166,1202.166,fly,0.875,ok,2601,0,0,192.00,460070912,608210944,114090264,95883264,18123768,2904,11174640,22132800,1386990,13534,13534,0,0,0,0,0,0,0,0,0.069,0.070,0.000,0,0,0,13534,13534,0,0
travel,63.276,1519.1,1202.679,1202.679,fly,0.901,ok,2601,0,0,192.00,460070912,608210944,114090264,95883264,18123768,2904,11174640,22132800,1386990,13534,13534,0,0,0,0,0,0,0,0,0.068,0.075,0.000,0,0,0,13534,13534,0,0
travel,63.307,1519.9,1203.210,1203.210,fly,0.863,ok,2601,0,0,192.00,460070912,608210944,114090264,95883264,18123768,2904,7449760,22132800,1386990,13534,13534,0,0,0,0,0,0,0,0,0.067,0.068,0.000,0,0,0,13534,13534,0,0
travel,63.338,1520.6,1203.732,1203.732,fly,1.043,ok,2601,0,0,192.00,460070912,608210944,114090264,95883264,18123768,2904,7449760,22132800,1386990,13534,13534,0,0,0,0,0,0,0,0,0.081,0.115,0.000,0,0,0,13534,13534,0,0
travel,63.368,1521.3,1204.245,1204.245,fly,0.901,ok,2601,0,0,192.00,460070912,608210944,114090264,95883264,18123768,2904,7449760,22132800,1386990,13534,13534,0,0,0,0,0,0,0,0,0.068,0.077,0.000,0,0,0,13534,13534,0,0
travel,63.399,1522.1,1204.771,1204.771,fly,0.871,ok,2601,0,0,192.00,460070912,608210944,114090264,95883264,18123768,2904,7449760,22132800,1386990,13534,13534,0,0,0,0,0,0,0,0,0.066,0.070,0.000,0,0,0,13534,13534,0,0
travel,63.430,1522.8,1205.297,1205.297,fly,0.913,ok,2601,0,0,192.00,460070912,608210944,114090264,95883264,18123768,2904,7449760,22132800,1386990,13534,13534,0,0,0,0,0,0,0,0,0.067,0.075,0.000,0,0,0,13534,13534,0,0
travel,63.461,1523.6,1205.817,1205.817,fly,0.864,ok,2601,0,0,192.00,460070912,608210944,114090264,95883264,18123768,2904,7449760,22132800,1386990,13534,13534,0,0,0,0,0,0,0,0,0.066,0.068,0.000,0,0,0,13534,13534,0,0
travel,63.491,1524.3,1206.333,1206.333,fly,0.883,ok,2601,0,0,192.00,460070912,608210944,114090264,95883264,18123768,2904,7449760,22132800,1386990,13534,13534,0,0,0,0,0,0,0,0,0.065,0.070,0.000,0,0,0,13534,13534,0,0
travel,63.522,1525.0,1206.855,1206.855,fly,1.530,ok,2601,0,0,192.00,460070912,608210944,114090264,95883264,18123768,2904,7449760,22132800,1386990,13534,13534,0,0,0,0,0,0,0,0,0.298,0.138,0.000,0,0,0,13534,13534,0,0
travel,63.552,1525.8,1207.378,1207.378,fly,0.882,ok,2601,0,0,192.00,460070912,608210944,114090264,95883264,18123768,2904,7449760,22132800,1386990,13534,13534,0,0,0,0,0,0,0,0,0.070,0.070,0.000,0,0,0,13534,13534,0,0
travel,63.583,1526.5,1207.897,1207.897,fly,0.892,ok,2601,0,0,192.00,460070912,608210944,114090264,95883264,18123768,2904,7449760,22132800,1386990,13534,13534,0,0,0,0,0,0,0,0,0.067,0.072,0.000,0,0,0,13534,13534,0,0
travel,63.623,1527.4,1208.570,1208.570,fly,1.002,ok,2601,0,0,192.00,460595200,608735232,114090264,95883264,18123768,2904,11174640,22132800,1439966,13635,13635,0,0,0,0,0,0,0,0,0.072,0.104,0.000,0,0,0,13635,13635,0,0
travel,63.653,1528.2,1209.089,1209.089,fly,0.876,ok,2601,0,0,192.00,460595200,608735232,114090264,95883264,18123768,2904,11174640,22132800,1439966,13635,13635,0,0,0,0,0,0,0,0,0.068,0.068,0.000,0,0,0,13635,13635,0,0
travel,63.683,1528.9,1209.604,1209.604,fly,0.874,ok,2601,0,0,192.00,460595200,608735232,114090264,95883264,18123768,2904,11174640,22132800,1439966,13635,13635,0,0,0,0,0,0,0,0,0.069,0.068,0.000,0,0,0,13635,13635,0,0
travel,63.714,1529.6,1210.120,1210.120,fly,0.876,ok,2601,0,0,192.00,460595200,608735232,114090264,95883264,18123768,2904,11174640,22132800,1439966,13635,13635,0,0,0,0,0,0,0,0,0.067,0.068,0.000,0,0,0,13635,13635,0,0
travel,63.745,1530.4,1210.644,1210.644,fly,0.905,ok,2601,0,0,192.00,460595200,608735232,114090264,95883264,18123768,2904,7449760,22132800,1439966,13635,13635,0,0,0,0,0,0,0,0,0.068,0.075,0.001,0,0,0,13635,13635,0,0
travel,63.775,1531.1,1211.166,1211.166,fly,0.868,ok,2601,0,0,192.00,460595200,608735232,114090264,95883264,18123768,2904,7449760,22132800,1439966,13635,13635,0,0,0,0,0,0,0,0,0.068,0.069,0.000,0,0,0,13635,13635,0,0
travel,63.806,1531.9,1211.690,1211.690,fly,0.869,ok,2601,0,0,192.00,460595200,608735232,114090264,95883264,18123768,2904,7449760,22132800,1439966,13635,13635,0,0,0,0,0,0,0,0,0.067,0.067,0.000,0,0,0,13635,13635,0,0
travel,63.837,1532.6,1212.210,1212.210,fly,0.878,ok,2601,0,0,192.00,460595200,608735232,114090264,95883264,18123768,2904,7449760,22132800,1439966,13635,13635,0,0,0,0,0,0,0,0,0.067,0.070,0.000,0,0,0,13635,13635,0,0
travel,63.867,1533.3,1212.726,1212.726,fly,0.884,ok,2601,0,0,192.00,460595200,608735232,114090264,95883264,18123768,2904,7449760,22132800,1439966,13635,13635,0,0,0,0,0,0,0,0,0.068,0.068,0.000,0,0,0,13635,13635,0,0
travel,63.898,1534.1,1213.249,1213.249,fly,0.886,ok,2601,0,0,192.00,460595200,608735232,114090264,95883264,18123768,2904,7449760,22132800,1439966,13635,13635,0,0,0,0,0,0,0,0,0.066,0.072,0.000,0,0,0,13635,13635,0,0
travel,63.928,1534.8,1213.764,1213.764,fly,0.870,ok,2601,0,0,192.00,460595200,608735232,114090264,95883264,18123768,2904,7449760,22132800,1439966,13635,13635,0,0,0,0,0,0,0,0,0.066,0.070,0.000,0,0,0,13635,13635,0,0
travel,63.958,1535.5,1214.276,1214.276,fly,0.872,ok,2601,0,0,192.00,460595200,608735232,114090264,95883264,18123768,2904,7449760,22132800,1439966,13635,13635,0,0,0,0,0,0,0,0,0.065,0.070,0.000,0,0,0,13635,13635,0,0
travel,63.988,1536.2,1214.790,1214.790,fly,0.954,ok,2601,0,0,192.00,460595200,608735232,114090264,95883264,18123768,2904,7449760,22132800,1439966,13635,13635,0,0,0,0,0,0,0,0,0.067,0.083,0.000,0,0,0,13635,13635,0,0
travel,64.019,1537.0,1215.301,1215.301,fly,1.292,ok,2601,0,0,192.00,460595200,608735232,114090264,95883264,18123768,2904,7449760,22132800,1439966,13635,13635,0,0,0,0,0,0,0,0,0.485,0.062,0.000,0,0,0,13635,13635,0,0
travel,64.049,1537.7,1215.821,1215.821,fly,0.910,ok,2601,0,0,192.00,460595200,608735232,114090264,95883264,18123768,2904,7449760,22132800,1439966,13635,13635,0,0,0,0,0,0,0,0,0.068,0.080,0.000,0,0,0,13635,13635,0,0
travel,64.089,1538.7,1216.503,1216.503,fly,1.040,ok,2601,0,40,192.00,460595200,608735232,114090264,95883264,18123768,2904,11174640,20045664,1267226,13736,13736,0,0,7,0,0,0,0,0,0.079,0.127,0.000,0,0,0,13736,13736,0,0
travel,64.121,1539.4,1217.038,1217.038,fly,0.893,ok,2601,0,0,192.00,460595200,608735232,114090264,95883264,18123768,2904,11174640,22132800,1274290,13736,13736,0,0,0,0,0,0,0,0,0.066,0.070,0.000,0,0,0,13736,13736,0,0
travel,64.152,1540.2,1217.566,1217.566,fly,0.874,ok,2601,0,0,192.00,460595200,608735232,114090264,95883264,18123768,2904,11174640,22132800,1274290,13736,13736,0,0,0,0,0,0,0,0,0.066,0.067,0.000,0,0,0,13736,13736,0,0
travel,64.182,1540.9,1218.079,1218.079,fly,1.319,ok,2601,0,0,192.00,460595200,608735232,114090264,95883264,18123768,2904,11174640,22132800,1274290,13736,13736,0,0,0,0,0,0,0,0,0.495,0.072,0.000,0,0,0,13736,13736,0,0
travel,64.213,1541.6,1218.604,1218.604,fly,1.038,ok,2601,0,0,192.00,460595200,608735232,114090264,95883264,18123768,2904,7449760,22132800,1274290,13736,13736,0,0,0,0,0,0,0,0,0.076,0.110,0.000,0,0,0,13736,13736,0,0
travel,64.243,1542.4,1219.120,1219.120,fly,0.877,ok,2601,0,0,192.00,460595200,608735232,114090264,95883264,18123768,2904,7449760,22132800,1274290,13736,13736,0,0,0,0,0,0,0,0,0.069,0.070,0.000,0,0,0,13736,13736,0,0
travel,64.273,1543.1,1219.633,1219.633,fly,1.230,ok,2601,0,0,192.00,460595200,608735232,114090264,95883264,18123768,2904,7449760,22132800,1274290,13736,13736,0,0,0,0,0,0,0,0,0.072,0.115,0.000,0,0,0,13736,13736,0,0
travel,64.305,1543.9,1220.167,1220.167,fly,0.879,ok,2601,0,0,192.00,460595200,608735232,114090264,95883264,18123768,2904,7449760,22132800,1274290,13736,13736,0,0,0,0,0,0,0,0,0.065,0.068,0.000,0,0,0,13736,13736,0,0
travel,64.336,1544.6,1220.692,1220.692,fly,0.878,ok,2601,0,0,192.00,460595200,608735232,114090264,95883264,18123768,2904,7449760,22132800,1274290,13736,13736,0,0,0,0,0,0,0,0,0.065,0.074,0.000,0,0,0,13736,13736,0,0
travel,64.367,1545.3,1221.224,1221.224,fly,0.960,ok,2601,0,0,192.00,460595200,608735232,114090264,95883264,18123768,2904,7449760,22132800,1274290,13736,13736,0,0,0,0,0,0,0,0,0.072,0.083,0.000,0,0,0,13736,13736,0,0
travel,64.398,1546.1,1221.744,1221.744,fly,0.861,ok,2601,0,0,192.00,460595200,608735232,114090264,95883264,18123768,2904,7449760,22132800,1274290,13736,13736,0,0,0,0,0,0,0,0,0.065,0.066,0.000,0,0,0,13736,13736,0,0
travel,64.429,1546.8,1222.272,1222.272,fly,0.869,ok,2601,0,0,192.00,460595200,608735232,114090264,95883264,18123768,2904,7449760,22132800,1274290,13736,13736,0,0,0,0,0,0,0,0,0.066,0.069,0.000,0,0,0,13736,13736,0,0
travel,64.459,1547.6,1222.791,1222.791,fly,0.894,ok,2601,0,0,192.00,460595200,608735232,114090264,95883264,18123768,2904,7449760,22132800,1274290,13736,13736,0,0,0,0,0,0,0,0,0.068,0.072,0.000,0,0,0,13736,13736,0,0
travel,64.489,1548.3,1223.307,1223.307,fly,0.880,ok,2601,0,0,192.00,460595200,608735232,114090264,95883264,18123768,2904,7449760,22132800,1274290,13736,13736,0,0,0,0,0,0,0,0,0.066,0.071,0.000,0,0,0,13736,13736,0,0
travel,64.520,1549.0,1223.830,1223.830,fly,0.899,ok,2601,0,0,192.00,460595200,608735232,114090264,95883264,18123768,2904,7449760,22132800,1274290,13736,13736,0,0,0,0,0,0,0,0,0.067,0.073,0.000,0,0,0,13736,13736,0,0
travel,64.559,1550.0,1224.491,1224.491,fly,0.881,ok,2601,0,2,192.00,460595200,608735232,114090264,95883264,18123768,2904,11174640,22028400,1329326,13837,13837,0,0,7,0,0,0,0,0,0.068,0.069,0.000,0,0,0,13837,13837,0,0
travel,64.590,1550.7,1225.010,1225.010,fly,1.041,ok,2601,0,0,192.00,460595200,608735232,114090264,95883264,18123768,2904,11174640,22132800,1329326,13837,13837,0,0,0,0,0,0,0,0,0.077,0.108,0.000,0,0,0,13837,13837,0,0
travel,64.620,1551.4,1225.529,1225.529,fly,0.879,ok,2601,0,0,192.00,460595200,608735232,114090264,95883264,18123768,2904,11174640,22132800,1329326,13837,13837,0,0,0,0,0,0,0,0,0.067,0.077,0.000,0,0,0,13837,13837,0,0
travel,64.651,1552.2,1226.049,1226.049,fly,0.873,ok,2601,0,0,192.00,460595200,608735232,114090264,95883264,18123768,2904,11174640,22132800,1329326,13837,13837,0,0,0,0,0,0,0,0,0.067,0.070,0.000,0,0,0,13837,13837,0,0
travel,64.682,1552.9,1226.584,1226.584,fly,0.859,ok,2601,0,0,192.00,460595200,608735232,114090264,95883264,18123768,2904,11174640,22132800,1329326,13837,13837,0,0,0,0,0,0,0,0,0.066,0.069,0.000,0,0,0,13837,13837,0,0
travel,64.712,1553.6,1227.094,1227.094,fly,0.852,ok,2601,0,0,192.00,460595200,608735232,114090264,95883264,18123768,2904,7449760,22132800,1329326,13837,13837,0,0,0,0,0,0,0,0,0.068,0.065,0.000,0,0,0,13837,13837,0,0
travel,64.743,1554.4,1227.622,1227.622,fly,0.853,ok,2601,0,0,192.00,460595200,608735232,114090264,95883264,18123768,2904,7449760,22132800,1329326,13837,13837,0,0,0,0,0,0,0,0,0.066,0.068,0.000,0,0,0,13837,13837,0,0
travel,64.774,1555.1,1228.139,1228.139,fly,0.859,ok,2601,0,0,192.00,460595200,608735232,114090264,95883264,18123768,2904,7449760,22132800,1329326,13837,13837,0,0,0,0,0,0,0,0,0.067,0.069,0.000,0,0,0,13837,13837,0,0
travel,64.804,1555.8,1228.652,1228.652,fly,0.856,ok,2601,0,0,192.00,460595200,608735232,114090264,95883264,18123768,2904,7449760,22132800,1329326,13837,13837,0,0,0,0,0,0,0,0,0.067,0.066,0.000,0,0,0,13837,13837,0,0
travel,64.835,1556.6,1229.172,1229.172,fly,0.952,ok,2601,0,0,192.00,460595200,608735232,114090264,95883264,18123768,2904,7449760,22132800,1329326,13837,13837,0,0,0,0,0,0,0,0,0.070,0.081,0.000,0,0,0,13837,13837,0,0
travel,64.865,1557.3,1229.690,1229.690,fly,0.878,ok,2601,0,0,192.00,460595200,608735232,114090264,95883264,18123768,2904,7449760,22132800,1329326,13837,13837,0,0,0,0,0,0,0,0,0.069,0.067,0.000,0,0,0,13837,13837,0,0
travel,64.895,1558.0,1230.208,1230.208,fly,0.869,ok,2601,0,0,192.00,460595200,608735232,114090264,95883264,18123768,2904,7449760,22132800,1329326,13837,13837,0,0,0,0,0,0,0,0,0.066,0.068,0.000,0,0,0,13837,13837,0,0
travel,64.926,1558.8,1230.734,1230.734,fly,0.868,ok,2601,0,0,192.00,460595200,608735232,114090264,95883264,18123768,2904,7449760,22132800,1329326,13837,13837,0,0,0,0,0,0,0,0,0.066,0.066,0.000,0,0,0,13837,13837,0,0
travel,64.957,1559.5,1231.249,1231.249,fly,0.911,ok,2601,0,0,192.00,460595200,608735232,114090264,95883264,18123768,2904,7449760,22132800,1329326,13837,13837,0,0,0,0,0,0,0,0,0.071,0.077,0.000,0,0,0,13837,13837,0,0
travel,64.987,1560.3,1231.768,1231.768,fly,0.957,ok,2601,0,0,192.00,460595200,608735232,114090264,95883264,18123768,2904,7449760,22132800,1329326,13837,13837,0,0,0,0,0,0,0,0,0.075,0.134,0.000,0,0,0,13837,13837,0,0
travel,65.027,1561.2,1232.449,1232.449,fly,1.624,ok,2601,0,25,192.00,460595200,608735232,114090264,95883264,18123768,2904,11174640,20828304,1379126,13938,13938,0,0,9,0,0,0,0,0,0.421,0.126,0.000,0,0,0,13938,13938,0,0
travel,65.059,1562.0,1232.984,1232.984,fly,0.889,ok,2601,0,0,192.00,460595200,608735232,114090264,95883264,18123768,2904,11174640,22132800,1384350,13938,13938,0,0,0,0,0,0,0,0,0.070,0.076,0.000,0,0,0,13938,13938,0,0
travel,65.089,1562.7,1233.505,1233.505,fly,0.876,ok,2601,0,0,192.00,460595200,608735232,114090264,95883264,18123768,2904,11174640,22132800,1384350,13938,13938,0,0,0,0,0,0,0,0,0.067,0.068,0.000,0,0,0,13938,13938,0,0
travel,65.120,1563.4,1234.021,1234.021,fly,1.413,ok,2601,0,0,192.00,460595200,608735232,114090264,95883264,18123768,2904,11174640,22132800,1384350,13938,13938,0,0,0,0,0,0,0,0,0.597,0.066,0.000,0,0,0,13938,13938,0,0
travel,65.151,1564.2,1234.546,1234.546,fly,0.876,ok,2601,0,0,192.00,460595200,608735232,114090264,95883264,18123768,2904,11174640,22132800,1384350,13938,13938,0,0,0,0,0,0,0,0,0.067,0.069,0.000,0,0,0,13938,13938,0,0
travel,65.182,1564.9,1235.085,1235.085,fly,0.883,ok,2601,0,0,192.00,460595200,608735232,114090264,95883264,18123768,2904,7449760,22132800,1384350,13938,13938,0,0,0,0,0,0,0,0,0.065,0.066,0.000,0,0,0,13938,13938,0,0
travel,65.213,1565.7,1235.604,1235.604,fly,1.086,ok,2601,0,0,192.00,460595200,608735232,114090264,95883264,18123768,2904,7449760,22132800,1384350,13938,13938,0,0,0,0,0,0,0,0,0.075,0.120,0.000,0,0,0,13938,13938,0,0
travel,65.243,1566.4,1236.121,1236.121,fly,0.879,ok,2601,0,0,192.00,460595200,608735232,114090264,95883264,18123768,2904,7449760,22132800,1384350,13938,13938,0,0,0,0,0,0,0,0,0.065,0.070,0.000,0,0,0,13938,13938,0,0
travel,65.274,1567.2,1236.643,1236.643,fly,0.874,ok,2601,0,0,192.00,460595200,608735232,114090264,95883264,18123768,2904,7449760,22132800,1384350,13938,13938,0,0,0,0,0,0,0,0,0.067,0.068,0.000,0,0,0,13938,13938,0,0
travel,65.305,1567.9,1237.162,1237.162,fly,0.892,ok,2601,0,0,192.00,460595200,608735232,114090264,95883264,18123768,2904,7449760,22132800,1384350,13938,13938,0,0,0,0,0,0,0,0,0.070,0.073,0.000,0,0,0,13938,13938,0,0
travel,65.335,1568.6,1237.680,1237.680,fly,0.889,ok,2601,0,0,192.00,460595200,608735232,114090264,95883264,18123768,2904,7449760,22132800,1384350,13938,13938,0,0,0,0,0,0,0,0,0.065,0.073,0.000,0,0,0,13938,13938,0,0
travel,65.366,1569.4,1238.200,1238.200,fly,0.967,ok,2601,0,0,192.00,460595200,608735232,114090264,95883264,18123768,2904,7449760,22132800,1384350,13938,13938,0,0,0,0,0,0,0,0,0.075,0.110,0.000,0,0,0,13938,13938,0,0
travel,65.396,1570.1,1238.711,1238.711,fly,0.989,ok,2601,0,0,192.00,460595200,608735232,114090264,95883264,18123768,2904,7449760,22132800,1384350,13938,13938,0,0,0,0,0,0,0,0,0.140,0.082,0.000,0,0,0,13938,13938,0,0
travel,65.426,1570.8,1239.227,1239.227,fly,0.860,ok,2601,0,0,192.00,460595200,608735232,114090264,95883264,18123768,2904,7449760,22132800,1384350,13938,13938,0,0,0,0,0,0,0,0,0.067,0.068,0.000,0,0,0,13938,13938,0,0
travel,65.456,1571.5,1239.744,1239.744,fly,0.867,ok,2601,0,0,192.00,460595200,608735232,114090264,95883264,18123768,2904,7449760,22132800,1384350,13938,13938,0,0,0,0,0,0,0,0,0.066,0.068,0.000,0,0,0,13938,13938,0,0
travel,65.495,1572.5,1240.393,1240.393,fly,0.858,ok,2601,0,55,192.00,460595200,608735232,114090264,95883264,18123768,2904,11174640,19263024,1429111,14039,14039,0,0,8,0,0,0,0,0,0.064,0.066,0.000,0,0,0,14039,14039,0,0
travel,65.525,1573.2,1240.909,1240.909,fly,1.563,ok,2601,0,0,192.00,460595200,608735232,114090264,95883264,18123768,2904,11174640,22132800,1439346,14039,14039,0,0,0,0,0,0,0,0,0.751,0.070,0.000,0,0,0,14039,14039,0,0
travel,65.556,1573.9,1241.430,1241.430,fly,0.856,ok,2601,0,0,192.00,460595200,608735232,114090264,95883264,18123768,2904,11174640,22132800,1439346,14039,14039,0,0,0,0,0,0,0,0,0.066,0.066,0.000,0,0,0,14039,14039,0,0
travel,65.587,1574.7,1241.958,1241.958,fly,0.866,ok,2601,0,0,192.00,460595200,608735232,114090264,95883264,18123768,2904,11174640,22132800,1439346,14039,14039,0,0,0,0,0,0,0,0,0.067,0.070,0.000,0,0,0,14039,14039,0,0
travel,65.618,1575.4,1242.490,1242.490,fly,1.275,ok,2601,0,0,192.00,460595200,608735232,114090264,95883264,18123768,2904,11174640,22132800,1439346,14039,14039,0,0,0,0,0,0,0,0,0.457,0.065,0.000,0,0,0,14039,14039,0,0
travel,65.649,1576.2,1243.009,1243.009,fly,0.934,ok,2601,0,0,192.00,460595200,608735232,114090264,95883264,18123768,2904,7449760,22132800,1439346,14039,14039,0,0,0,0,0,0,0,0,0.068,0.070,0.000,0,0,0,14039,14039,0,0
travel,65.679,1576.9,1243.529,1243.529,fly,0.870,ok,2601,0,0,192.00,460595200,608735232,114090264,95883264,18123768,2904,7449760,22132800,1439346,14039,14039,0,0,0,0,0,0,0,0,0.067,0.066,0.000,0,0,0,14039,14039,0,0
travel,65.709,1577.6,1244.045,1244.045,fly,1.094,ok,2601,0,0,192.00,460595200,608735232,114090264,95883264,18123768,2904,7449760,22132800,1439346,14039,14039,0,0,0,0,0,0,0,0,0.239,0.080,0.000,0,0,0,14039,14039,0,0
travel,65.740,1578.4,1244.568,1244.568,fly,0.854,ok,2601,0,0,192.00,460595200,608735232,114090264,95883264,18123768,2904,7449760,22132800,1439346,14039,14039,0,0,0,0,0,0,0,0,0.066,0.067,0.000,0,0,0,14039,14039,0,0
travel,65.771,1579.1,1245.097,1245.097,fly,0.864,ok,2601,0,0,192.00,460595200,608735232,114090264,95883264,18123768,2904,7449760,22132800,1439346,14039,14039,0,0,0,0,0,0,0,0,0.067,0.073,0.000,0,0,0,14039,14039,0,0
travel,65.802,1579.8,1245.609,1245.609,fly,0.962,ok,2601,0,0,192.00,460595200,608735232,114090264,95883264,18123768,2904,7449760,22132800,1439346,14039,14039,0,0,0,0,0,0,0,0,0.138,0.071,0.000,0,0,0,14039,14039,0,0
travel,65.832,1580.6,1246.128,1246.128,fly,0.917,ok,2601,0,0,192.00,460595200,608735232,114090264,95883264,18123768,2904,7449760,22132800,1439346,14039,14039,0,0,0,0,0,0,0,0,0.069,0.081,0.000,0,0,0,14039,14039,0,0
travel,65.863,1581.3,1246.648,1246.648,fly,0.847,ok,2601,0,0,192.00,460595200,608735232,114090264,95883264,18123768,2904,7449760,22132800,1439346,14039,14039,0,0,0,0,0,0,0,0,0.067,0.064,0.000,0,0,0,14039,14039,0,0
travel,65.893,1582.0,1247.169,1247.169,fly,0.855,ok,2601,0,0,192.00,460595200,608735232,114090264,95883264,18123768,2904,7449760,22132800,1439346,14039,14039,0,0,0,0,0,0,0,0,0.066,0.066,0.000,0,0,0,14039,14039,0,0
travel,65.925,1582.8,1247.703,1247.703,fly,0.869,ok,2601,0,0,192.00,460595200,608735232,114090264,95883264,18123768,2904,7449760,22132800,1439346,14039,14039,0,0,0,0,0,0,0,0,0.067,0.068,0.000,0,0,0,14039,14039,0,0
travel,65.965,1583.7,1248.380,1248.380,fly,0.881,ok,2601,0,90,192.00,460611584,608735232,114090264,95883264,18123768,2904,11174640,17436864,1251648,14140,14140,0,0,7,0,0,0,0,0,0.068,0.069,0.000,0,0,0,14140,14140,0,0
travel,65.997,1584.5,1248.939,1248.939,fly,0.874,ok,2601,0,0,192.00,460611584,608735232,114090264,95883264,18123768,2904,11174640,22132800,1269116,14140,14140,0,0,0,0,0,0,0,0,0.067,0.067,0.000,0,0,0,14140,14140,0,0
travel,66.030,1585.3,1249.486,1249.486,fly,0.906,ok,2601,0,0,192.00,460611584,608735232,114090264,95883264,18123768,2904,11174640,22132800,1269116,14140,14140,0,0,0,0,0,0,0,0,0.068,0.077,0.000,0,0,0,14140,14140,0,0
travel,66.060,1586.0,1250.005,1250.005,fly,0.933,ok,2601,0,0,192.00,460611584,608735232,114090264,95883264,18123768,2904,11174640,22132800,1269116,14140,14140,0,0,0,0,0,0,0,0,0.068,0.067,0.000,0,0,0,14140,14140,0,0
travel,66.091,1586.8,1250.523,1250.523,fly,0.861,ok,2601,0,0,192.00,460611584,608735232,114090264,95883264,18123768,2904,11174640,22132800,1269116,14140,14140,0,0,0,0,0,0,0,0,0.068,0.066,0.000,0,0,0,14140,14140,0,0
travel,66.121,1587.5,1251.043,1251.043,fly,0.863,ok,2601,0,0,192.00,460611584,608735232,114090264,95883264,18123768,2904,7449760,22132800,1269116,14140,14140,0,0,0,0,0,0,0,0,0.070,0.068,0.000,0,0,0,14140,14140,0,0
travel,66.151,1588.2,1251.557,1251.557,fly,0.859,ok,2601,0,0,192.00,460611584,608735232,114090264,95883264,18123768,2904,7449760,22132800,1269116,14140,14140,0,0,0,0,0,0,0,0,0.068,0.068,0.000,0,0,0,14140,14140,0,0
travel,66.182,1589.0,1252.075,1252.075,fly,0.893,ok,2601,0,0,192.00,460611584,608735232,114090264,95883264,18123768,2904,7449760,22132800,1269116,14140,14140,0,0,0,0,0,0,0,0,0.067,0.071,0.000,0,0,0,14140,14140,0,0
travel,66.213,1589.7,1252.610,1252.610,fly,0.875,ok,2601,0,0,192.00,460611584,608735232,114090264,95883264,18123768,2904,7449760,22132800,1269116,14140,14140,0,0,0,0,0,0,0,0,0.066,0.068,0.000,0,0,0,14140,14140,0,0
travel,66.244,1590.5,1253.130,1253.130,fly,0.878,ok,2601,0,0,192.00,460611584,608735232,114090264,95883264,18123768,2904,7449760,22132800,1269116,14140,14140,0,0,0,0,0,0,0,0,0.067,0.070,0.000,0,0,0,14140,14140,0,0
travel,66.275,1591.2,1253.662,1253.662,fly,0.969,ok,2601,0,0,192.00,460611584,608735232,114090264,95883264,18123768,2904,7449760,22132800,1269116,14140,14140,0,0,0,0,0,0,0,0,0.075,0.110,0.000,0,0,0,14140,14140,0,0
travel,66.306,1592.0,1254.183,1254.183,fly,0.874,ok,2601,0,0,192.00,460611584,608735232,114090264,95883264,18123768,2904,7449760,22132800,1269116,14140,14140,0,0,0,0,0,0,0,0,0.067,0.069,0.000,0,0,0,14140,14140,0,0
travel,66.337,1592.7,1254.711,1254.711,fly,0.884,ok,2601,0,0,192.00,460611584,608735232,114090264,95883264,18123768,2904,7449760,22132800,1269116,14140,14140,0,0,0,0,0,0,0,0,0.067,0.071,0.000,0,0,0,14140,14140,0,0
travel,66.367,1593.4,1255.222,1255.222,fly,0.900,ok,2601,0,0,192.00,460611584,608735232,114090264,95883264,18123768,2904,7449760,22132800,1269116,14140,14140,0,0,0,0,0,0,0,0,0.067,0.086,0.000,0,0,0,14140,14140,0,0
travel,66.398,1594.2,1255.742,1255.742,fly,0.871,ok,2601,0,0,192.00,460611584,608735232,114090264,95883264,18123768,2904,7449760,22132800,1269116,14140,14140,0,0,0,0,0,0,0,0,0.067,0.068,0.000,0,0,0,14140,14140,0,0
travel,66.443,1595.2,1256.504,1256.504,fly,1.193,ok,2601,0,7,192.00,460611584,608735232,114090264,95883264,18123768,2904,11174640,21767472,1323448,14241,14241,0,0,8,0,0,0,0,0,0.071,0.084,0.000,0,0,0,14241,14241,0,0
travel,66.473,1596.0,1257.028,1257.028,fly,0.875,ok,2601,0,0,192.00,460611584,608735232,114090264,95883264,18123768,2904,11174640,22132800,1324012,14241,14241,0,0,0,0,0,0,0,0,0.068,0.069,0.000,0,0,0,14241,14241,0,0
travel,66.504,1596.7,1257.548,1257.548,fly,0.877,ok,2601,0,0,192.00,460611584,608735232,114090264,95883264,18123768,2904,11174640,22132800,1324012,14241,14241,0,0,0,0,0,0,0,0,0.068,0.070,0.000,0,0,0,14241,14241,0,0
travel,66.535,1597.5,1258.068,1258.068,fly,1.113,ok,2601,0,0,192.00,460611584,608735232,114090264,95883264,18123768,2904,11174640,22132800,1324012,14241,14241,0,0,0,0,0,0,0,0,0.071,0.077,0.000,0,0,0,14241,14241,0,0
travel,66.565,1598.2,1258.593,1258.593,fly,0.863,ok,2601,0,0,192.00,460611584,608735232,114090264,95883264,18123768,2904,11174640,22132800,1324012,14241,14241,0,0,0,0,0,0,0,0,0.070,0.072,0.000,0,0,0,14241,14241,0,0
travel,66.597,1598.9,1259.123,1259.123,fly,0.871,ok,2601,0,0,192.00,460611584,608735232,114090264,95883264,18123768,2904,7449760,22132800,1324012,14241,14241,0,0,0,0,0,0,0,0,0.068,0.069,0.000,0,0,0,14241,14241,0,0
travel,66.627,1599.7,1259.643,1259.643,fly,0.872,ok,2601,0,0,192.00,460611584,608735232,114090264,95883264,18123768,2904,7449760,22132800,1324012,14241,14241,0,0,0,0,0,0,0,0,0.068,0.066,0.000,0,0,0,14241,14241,0,0
travel,66.657,1600.4,1260.157,1260.157,fly,0.878,ok,2601,0,0,192.00,460611584,608735232,114090264,95883264,18123768,2904,7449760,22132800,1324012,14241,14241,0,0,0,0,0,0,0,0,0.069,0.069,0.000,0,0,0,14241,14241,0,0
travel,66.688,1601.1,1260.682,1260.682,fly,0.873,ok,2601,0,0,192.00,460611584,608735232,114090264,95883264,18123768,2904,7449760,22132800,1324012,14241,14241,0,0,0,0,0,0,0,0,0.069,0.069,0.000,0,0,0,14241,14241,0,0
travel,66.719,1601.9,1261.204,1261.204,fly,0.865,ok,2601,0,0,192.00,460611584,608735232,114090264,95883264,18123768,2904,7449760,22132800,1324012,14241,14241,0,0,0,0,0,0,0,0,0.069,0.072,0.000,0,0,0,14241,14241,0,0
travel,66.749,1602.6,1261.718,1261.718,fly,0.854,ok,2601,0,0,192.00,460611584,608735232,114090264,95883264,18123768,2904,7449760,22132800,1324012,14241,14241,0,0,0,0,0,0,0,0,0.067,0.068,0.000,0,0,0,14241,14241,0,0
travel,66.780,1603.3,1262.236,1262.236,fly,0.854,ok,2601,0,0,192.00,460611584,608735232,114090264,95883264,18123768,2904,7449760,22132800,1324012,14241,14241,0,0,0,0,0,0,0,0,0.070,0.066,0.000,0,0,0,14241,14241,0,0
travel,66.811,1604.1,1262.763,1262.763,fly,0.912,ok,2601,0,0,192.00,460611584,608735232,114090264,95883264,18123768,2904,7449760,22132800,1324012,14241,14241,0,0,0,0,0,0,0,0,0.067,0.077,0.000,0,0,0,14241,14241,0,0
travel,66.841,1604.8,1263.284,1263.284,fly,0.874,ok,2601,0,0,192.00,460611584,608735232,114090264,95883264,18123768,2904,7449760,22132800,1324012,14241,14241,0,0,0,0,0,0,0,0,0.068,0.069,0.000,0,0,0,14241,14241,0,0
travel,66.872,1605.6,1263.803,1263.803,fly,0.873,ok,2601,0,0,192.00,460611584,608735232,114090264,95883264,18123768,2904,7449760,22132800,1324012,14241,14241,0,0,0,0,0,0,0,0,0.068,0.066,0.000,0,0,0,14241,14241,0,0
travel,66.912,1606.5,1264.479,1264.479,fly,0.955,ok,2601,0,36,192.00,461135872,609259520,114090264,95883264,18123768,2904,11174640,20254368,1372508,14342,14342,0,0,6,0,0,0,0,0,0.078,0.109,0.000,0,0,0,14342,14342,0,0
travel,66.943,1607.3,1265.006,1265.006,fly,0.933,ok,2601,0,0,192.00,461135872,609259520,114090264,95883264,18123768,2904,11174640,22132800,1377952,14342,14342,0,0,0,0,0,0,0,0,0.069,0.071,0.000,0,0,0,14342,14342,0,0
travel,66.973,1608.0,1265.527,1265.527,fly,0.888,ok,2601,0,0,192.00,461135872,609259520,114090264,95883264,18123768,2904,11174640,22132800,1377952,14342,14342,0,0,0,0,0,0,0,0,0.073,0.071,0.000,0,0,0,14342,14342,0,0
travel,67.004,1608.7,1266.043,1266.043,fly,0.917,ok,2601,0,0,192.00,461135872,609259520,114090264,95883264,18123768,2904,11174640,22132800,1377952,14342,14342,0,0,0,0,0,0,0,0,0.069,0.075,0.000,0,0,0,14342,14342,0,0
travel,67.034,1609.5,1266.562,1266.562,fly,0.881,ok,2601,0,0,192.00,461135872,609259520,114090264,95883264,18123768,2904,7449760,22132800,1377952,14342,14342,0,0,0,0,0,0,0,0,0.068,0.071,0.000,0,0,0,14342,14342,0,0
travel,67.065,1610.2,1267.080,1267.080,fly,0.893,ok,2601,0,0,192.00,461135872,609259520,114090264,95883264,18123768,2904,7449760,22132800,1377952,14342,14342,0,0,0,0,0,0,0,0,0.072,0.073,0.000,0,0,0,14342,14342,0,0
travel,67.095,1610.9,1267.603,1267.603,fly,0.897,ok,2601,0,0,192.00,461135872,609259520,114090264,95883264,18123768,2904,7449760,22132800,1377952,14342,14342,0,0,0,0,0,0,0,0,0.068,0.071,0.000,0,0,0,14342,14342,0,0
travel,67.126,1611.7,1268.123,1268.123,fly,0.870,ok,2601,0,0,192.00,461135872,609259520,114090264,95883264,18123768,2904,7449760,22132800,1377952,14342,14342,0,0,0,0,0,0,0,0,0.068,0.069,0.000,0,0,0,14342,14342,0,0
travel,67.157,1612.4,1268.649,1268.649,fly,0.874,ok,2601,0,0,192.00,461135872,609259520,114090264,95883264,18123768,2904,7449760,22132800,1377952,14342,14342,0,0,0,0,0,0,0,0,0.067,0.068,0.000,0,0,0,14342,14342,0,0
travel,67.188,1613.2,1269.172,1269.172,fly,0.885,ok,2601,0,0,192.00,461135872,609259520,114090264,95883264,18123768,2904,7449760,22132800,1377952,14342,14342,0,0,0,0,0,0,0,0,0.067,0.072,0.000,0,0,0,14342,14342,0,0
travel,67.218,1613.9,1269.687,1269.687,fly,0.885,ok,2601,0,0,192.00,461135872,609259520,114090264,95883264,18123768,2904,7449760,22132800,1377952,14342,14342,0,0,0,0,0,0,0,0,0.070,0.071,0.000,0,0,0,14342,14342,0,0
travel,67.249,1614.6,1270.206,1270.206,fly,0.904,ok,2601,0,0,192.00,461135872,609259520,114090264,95883264,18123768,2904,7449760,22132800,1377952,14342,14342,0,0,0,0,0,0,0,0,0.069,0.073,0.000,0,0,0,14342,14342,0,0
travel,67.279,1615.3,1270.719,1270.719,fly,0.869,ok,2601,0,0,192.00,461135872,609259520,114090264,95883264,18123768,2904,7449760,22132800,1377952,14342,14342,0,0,0,0,0,0,0,0,0.068,0.065,0.000,0,0,0,14342,14342,0,0
travel,67.309,1616.1,1271.236,1271.236,fly,0.877,ok,2601,0,0,192.00,461135872,609259520,114090264,95883264,18123768,2904,7449760,22132800,1377952,14342,14342,0,0,0,0,0,0,0,0,0.068,0.070,0.000,0,0,0,14342,14342,0,0
travel,67.339,1616.8,1271.749,1271.749,fly,1.010,ok,2601,0,0,192.00,461135872,609259520,114090264,95883264,18123768,2904,7449760,22132800,1377952,14342,14342,0,0,0,0,0,0,0,0,0.196,0.071,0.000,0,0,0,14342,14342,0,0
travel,67.381,1617.8,1272.453,1272.453,fly,0.862,ok,2601,0,28,192.00,461135872,609259520,114090264,95883264,18123768,2904,11174640,20671776,1427544,14443,14443,0,0,7,0,0,0,0,0,0.071,0.066,0.000,0,0,0,14443,14443,0,0
travel,67.411,1618.5,1272.974,1272.974,fly,1.019,ok,2601,0,0,192.00,461135872,609259520,114090264,95883264,18123768,2904,11174640,22132800,1432784,14443,14443,0,0,0,0,0,0,0,0,0.181,0.077,0.000,0,0,0,14443,14443,0,0
travel,67.442,1619.3,1273.488,1273.488,fly,0.856,ok,2601,0,0,192.00,461135872,609259520,114090264,95883264,18123768,2904,11174640,22132800,1432784,14443,14443,0,0,0,0,0,0,0,0,0.069,0.067,0.000,0,0,0,14443,14443,0,0
travel,67.472,1620.0,1274.013,1274.013,fly,0.931,ok,2601,0,0,192.00,461135872,609259520,114090264,95883264,18123768,2904,11174640,22132800,1432784,14443,14443,0,0,0,0,0,0,0,0,0.070,0.074,0.000,0,0,0,14443,14443,0,0
travel,67.504,1620.7,1274.541,1274.541,fly,0.909,ok,2601,0,0,192.00,461135872,609259520,114090264,95883264,18123768,2904,11174640,22132800,1432784,14443,14443,0,0,0,0,0,0,0,0,0.098,0.070,0.000,0,0,0,14443,14443,0,0
travel,67.534,1621.5,1275.051,1275.051,fly,0.884,ok,2601,0,0,192.00,461135872,609259520,114090264,95883264,18123768,2904,7449760,22132800,1432784,14443,14443,0,0,0,0,0,0,0,0,0.070,0.074,0.000,0,0,0,14443,14443,0,0
travel,67.564,1622.2,1275.570,1275.570,fly,1.002,ok,2601,0,0,192.00,461135872,609259520,114090264,95883264,18123768,2904,7449760,22132800,1432784,14443,14443,0,0,0,0,0,0,0,0,0.079,0.106,0.000,0,0,0,14443,14443,0,0
travel,67.594,1622.9,1276.086,1276.086,fly,1.265,ok,2601,0,0,192.00,461135872,609259520,114090264,95883264,18123768,2904,7449760,22132800,1432784,14443,14443,0,0,0,0,0,0,0,0,0.458,0.071,0.000,0,0,0,14443,14443,0,0
travel,67.626,1623.7,1276.614,1276.614,fly,0.854,ok,2601,0,0,192.00,461135872,609259520,114090264,95883264,18123768,2904,7449760,22132800,1432784,14443,14443,0,0,0,0,0,0,0,0,0.069,0.067,0.000,0,0,0,14443,14443,0,0
travel,67.656,1624.4,1277.132,1277.132,fly,0.858,ok,2601,0,0,192.00,461135872,609259520,114090264,95883264,18123768,2904,7449760,22132800,1432784,14443,14443,0,0,0,0,0,0,0,0,0.070,0.068,0.000,0,0,0,14443,14443,0,0
travel,67.686,1625.1,1277.643,1277.643,fly,0.904,ok,2601,0,0,192.00,461135872,609259520,114090264,95883264,18123768,2904,7449760,22132800,1432784,14443,14443,0,0,0,0,0,0,0,0,0.070,0.076,0.000,0,0,0,14443,14443,0,0
travel,67.717,1625.9,1278.168,1278.168,fly,0.890,ok,2601,0,0,192.00,461135872,609259520,114090264,95883264,18123768,2904,7449760,22132800,1432784,14443,14443,0,0,0,0,0,0,0,0,0.069,0.074,0.000,0,0,0,14443,14443,0,0
travel,67.748,1626.6,1278.696,1278.696,fly,0.881,ok,2601,0,0,192.00,461135872,609259520,114090264,95883264,18123768,2904,7449760,22132800,1432784,14443,14443,0,0,0,0,0,0,0,0,0.067,0.068,0.000,0,0,0,14443,14443,0,0
travel,67.779,1627.4,1279.216,1279.216,fly,0.874,ok,2601,0,0,192.00,461135872,609259520,114090264,95883264,18123768,2904,7449760,22132800,1432784,14443,14443,0,0,0,0,0,0,0,0,0.067,0.067,0.000,0,0,0,14443,14443,0,0
travel,67.809,1628.1,1279.740,1279.740,fly,0.879,ok,2601,0,0,192.00,461135872,609259520,114090264,95883264,18123768,2904,7449760,22132800,1432784,14443,14443,0,0,0,0,0,0,0,0,0.067,0.067,0.000,0,0,0,14443,14443,0,0
travel,67.849,1629.1,1280.418,1280.418,fly,0.878,ok,2601,0,74,192.00,461135872,609259520,114090264,95883264,18123768,2904,11174640,18271680,1251904,14544,14544,0,0,8,0,0,0,0,0,0.072,0.069,0.000,0,0,0,14544,14544,0,0
travel,67.881,1629.8,1280.955,1280.955,fly,0.907,ok,2601,0,0,192.00,461135872,609259520,114090264,95883264,18123768,2904,11174640,22132800,1266580,14544,14544,0,0,0,0,0,0,0,0,0.069,0.073,0.000,0,0,0,14544,14544,0,0
travel,67.911,1630.6,1281.475,1281.475,fly,0.888,ok,2601,0,0,192.00,461135872,609259520,114090264,95883264,18123768,2904,11174640,22132800,1266580,14544,14544,0,0,0,0,0,0,0,0,0.073,0.072,0.000,0,0,0,14544,14544,0,0
travel,67.942,1631.3,1281.995,1281.995,fly,0.919,ok,2601,0,0,192.00,461135872,609259520,114090264,95883264,18123768,2904,11174640,22132800,1266580,14544,14544,0,0,0,0,0,0,0,0,0.069,0.079,0.000,0,0,0,14544,14544,0,0
travel,67.974,1632.1,1282.540,1282.540,fly,0.878,ok,2601,0,0,192.00,461135872,609259520,114090264,95883264,18123768,2904,11174640,22132800,1266580,14544,14544,0,0,0,0,0,0,0,0,0.068,0.069,0.000,0,0,0,14544,14544,0,0
travel,68.005,1632.8,1283.061,1283.061,fly,0.873,ok,2601,0,0,192.00,461135872,609259520,114090264,95883264,18123768,2904,7449760,22132800,1266580,14544,14544,0,0,0,0,0,0,0,0,0.069,0.065,0.000,0,0,0,14544,14544,0,0
travel,68.035,1633.5,1283.582,1283.582,fly,1.091,ok,2601,0,0,192.00,461135872,609259520,114090264,95883264,18123768,2904,7449760,22132800,1266580,14544,14544,0,0,0,0,0,0,0,0,0.249,0.075,0.000,0,0,0,14544,14544,0,0
travel,68.066,1634.3,1284.100,1284.100,fly,0.909,ok,2601,0,0,192.00,461135872,609259520,114090264,95883264,18123768,2904,7449760,22132800,1266580,14544,14544,0,0,0,0,0,0,0,0,0.069,0.074,0.000,0,0,0,14544,14544,0,0
travel,68.097,1635.0,1284.622,1284.622,fly,0.874,ok,2601,0,0,192.00,461135872,609259520,114090264,95883264,18123768,2904,7449760,22132800,1266580,14544,14544,0,0,0,0,0,0,0,0,0.066,0.070,0.000,0,0,0,14544,14544,0,0
travel,68.127,1635.7,1285.144,1285.144,fly,1.524,ok,2601,0,0,192.00,461135872,609259520,114090264,95883264,18123768,2904,7449760,22132800,1266580,14544,14544,0,0,0,0,0,0,0,0,0.694,0.075,0.000,0,0,0,14544,14544,0,0
travel,68.158,1636.5,1285.664,1285.664,fly,0.876,ok,2601,0,0,192.00,461135872,609259520,114090264,95883264,18123768,2904,7449760,22132800,1266580,14544,14544,0,0,0,0,0,0,0,0,0.071,0.067,0.000,0,0,0,14544,14544,0,0
travel,68.189,1637.2,1286.186,1286.186,fly,0.906,ok,2601,0,0,192.00,461135872,609259520,114090264,95883264,18123768,2904,7449760,22132800,1266580,14544,14544,0,0,0,0,0,0,0,0,0.069,0.074,0.000,0,0,0,14544,14544,0,0
travel,68.219,1637.9,1286.702,1286.702,fly,1.206,ok,2601,0,0,192.00,461135872,609259520,114090264,95883264,18123768,2904,7449760,22132800,1266580,14544,14544,0,0,0,0,0,0,0,0,0.260,0.109,0.000,0,0,0,14544,14544,0,0
travel,68.250,1638.7,1287.222,1287.222,fly,0.870,ok,2601,0,0,192.00,461135872,609259520,114090264,95883264,18123768,2904,7449760,22132800,1266580,14544,14544,0,0,0,0,0,0,0,0,0.069,0.069,0.000,0,0,0,14544,14544,0,0
travel,68.280,1639.4,1287.746,1287.746,fly,0.870,ok,2601,0,0,192.00,461135872,609259520,114090264,95883264,18123768,2904,7449760,22132800,1266580,14544,14544,0,0,0,0,0,0,0,0,0.067,0.066,0.000,0,0,0,14544,14544,0,0
travel,68.319,1640.4,1288.409,1288.409,fly,0.879,ok,2601,0,41,192.00,461135872,609259520,114090264,95883264,18123768,2904,11174640,20045664,1313091,14645,14645,0,0,8,0,0,0,0,0,0.070,0.068,0.000,0,0,0,14645,14645,0,0
travel,68.350,1641.1,1288.938,1288.938,fly,0.904,ok,2601,0,0,192.00,461201408,609259520,114090264,95883264,18123768,2904,11174640,22132800,1320812,14645,14645,0,0,0,0,0,0,0,0,0.070,0.075,0.000,0,0,0,14645,14645,0,0
travel,68.381,1641.8,1289.458,1289.458,fly,0.973,ok,2601,0,0,192.00,461201408,609259520,114090264,95883264,18123768,2904,11174640,22132800,1320812,14645,14645,0,0,0,0,0,0,0,0,0.165,0.064,0.000,0,0,0,14645,14645,0,0
travel,68.412,1642.6,1289.980,1289.980,fly,0.873,ok,2601,0,0,192.00,461201408,609259520,114090264,95883264,18123768,2904,11174640,22132800,1320812,14645,14645,0,0,0,0,0,0,0,0,0.069,0.067,0.000,0,0,0,14645,14645,0,0
travel,68.443,1643.3,1290.508,1290.508,fly,0.883,ok,2601,0,0,192.00,461201408,609259520,114090264,95883264,18123768,2904,7449760,22132800,1320812,14645,14645,0,0,0,0,0,0,0,0,0.069,0.069,0.000,0,0,0,14645,14645,0,0
travel,68.474,1644.1,1291.029,1291.029,fly,1.258,ok,2601,0,0,192.00,461201408,609259520,114090264,95883264,18123768,2904,7449760,22132800,1320812,14645,14645,0,0,0,0,0,0,0,0,0.435,0.067,0.000,0,0,0,14645,14645,0,0
travel,68.504,1644.8,1291.555,1291.555,fly,0.902,ok,2601,0,0,192.00,461201408,609259520,114090264,95883264,18123768,2904,7449760,22132800,1320812,14645,14645,0,0,0,0,0,0,0,0,0.068,0.072,0.000,0,0,0,14645,14645,0,0
travel,68.536,1645.6,1292.086,1292.086,fly,0.894,ok,2601,0,0,192.00,461201408,609259520,114090264,95883264,18123768,2904,7449760,22132800,1320812,14645,14645,0,0,0,0,0,0,0,0,0.068,0.071,0.000,0,0,0,14645,14645,0,0
travel,68.566,1646.3,1292.603,1292.603,fly,0.966,ok,2601,0,0,192.00,461201408,609259520,114090264,95883264,18123768,2904,7449760,22132800,1320812,14645,14645,0,0,0,0,0,0,0,0,0.165,0.072,0.000,0,0,0,14645,14645,0,0
travel,68.596,1647.0,1293.114,1293.114,fly,0.897,ok,2601,0,0,192.00,461201408,609259520,114090264,95883264,18123768,2904,7449760,22132800,1320812,14645,14645,0,0,0,0,0,0,0,0,0.069,0.078,0.000,0,0,0,14645,14645,0,0
travel,68.627,1647.8,1293.646,1293.646,fly,0.864,ok,2601,0,0,192.00,461201408,609259520,114090264,95883264,18123768,2904,7449760,22132800,1320812,14645,14645,0,0,0,0,0,0,0,0,0.067,0.069,0.000,0,0,0,14645,14645,0,0
travel,68.658,1648.5,1294.162,1294.162,fly,1.911,ok,2601,0,0,192.00,461201408,609259520,114090264,95883264,18123768,2904,7449760,22132800,1320812,14645,14645,0,0,0,0,0,0,0,0,1.101,0.069,0.000,0,0,0,14645,14645,0,0
travel,68.689,1649.3,1294.698,1294.698,fly,0.866,ok,2601,0,0,192.00,461201408,609259520,114090264,95883264,18123768,2904,7449760,22132800,1320812,14645,14645,0,0,0,0,0,0,0,0,0.067,0.076,0.000,0,0,0,14645,14645,0,0
travel,68.720,1650.0,1295.214,1295.214,fly,0.878,ok,2601,0,0,192.00,461201408,609259520,114090264,95883264,18123768,2904,7449760,22132800,1320812,14645,14645,0,0,0,0,0,0,0,0,0.068,0.074,0.000,0,0,0,14645,14645,0,0
travel,68.750,1650.7,1295.730,1295.730,fly,0.949,ok,2601,0,0,192.00,461201408,609259520,114090264,95883264,18123768,2904,7449760,22132800,1320812,14645,14645,0,0,0,0,0,0,0,0,0.075,0.109,0.000,0,0,0,14645,14645,0,0
travel,68.790,1651.7,1296.408,1296.408,fly,0.870,ok,2601,0,53,192.00,461205504,609259520,114090264,95883264,18123768,2904,11174640,19367376,1366436,14746,14746,0,0,7,0,0,0,0,0,0.067,0.072,0.000,0,0,0,14746,14746,0,0
travel,68.820,1652.4,1296.924,1296.924,fly,0.877,ok,2601,0,0,192.00,461205504,609259520,114090264,95883264,18123768,2904,11174640,22132800,1375868,14746,14746,0,0,0,0,0,0,0,0,0.070,0.070,0.000,0,0,0,14746,14746,0,0
travel,68.851,1653.1,1297.442,1297.442,fly,0.856,ok,2601,0,0,192.00,461205504,609259520,114090264,95883264,18123768,2904,11174640,22132800,1375868,14746,14746,0,0,0,0,0,0,0,0,0.068,0.069,0.000,0,0,0,14746,14746,0,0
travel,68.881,1653.9,1297.957,1297.957,fly,1.337,ok,2601,0,0,192.00,461205504,609259520,114090264,95883264,18123768,2904,11174640,22132800,1375868,14746,14746,0,0,0,0,0,0,0,0,0.537,0.070,0.000,0,0,0,14746,14746,0,0
travel,68.912,1654.6,1298.477,1298.477,fly,0.869,ok,2601,0,0,192.00,461205504,609259520,114090264,95883264,18123768,2904,11174640,22132800,1375868,14746,14746,0,0,0,0,0,0,0,0,0.068,0.069,0.000,0,0,0,14746,14746,0,0
travel,68.942,1655.3,1298.991,1298.991,fly,0.960,ok,2601,0,0,192.00,461205504,609259520,114090264,95883264,18123768,2904,7449760,22132800,1375868,14746,14746,0,0,0,0,0,0,0,0,0.077,0.108,0.000,0,0,0,14746,14746,0,0
travel,68.972,1656.1,1299.510,1299.510,fly,0.913,ok,2601,0,0,192.00,461205504,609259520,114090264,95883264,18123768,2904,7449760,22132800,1375868,14746,14746,0,0,0,0,0,0,0,0,0.070,0.079,0.000,0,0,0,14746,14746,0,0
travel,69.003,1656.8,1300.027,1300.027,fly,0.878,ok,2601,0,0,192.00,461205504,609259520,114090264,95883264,18123768,2904,7449760,22132800,1375868,14746,14746,0,0,0,0,0,0,0,0,0.070,0.089,0.000,0,0,0,14746,14746,0,0
travel,69.033,1657.5,1300.546,1300.546,fly,0.865,ok,2601,0,0,192.00,461205504,609259520,114090264,95883264,18123768,2904,7449760,22132800,1375868,14746,14746,0,0,0,0,0,0,0,0,0.068,0.071,0.000,0,0,0,14746,14746,0,0
travel,69.064,1658.3,1301.066,1301.066,fly,0.866,ok,2601,0,0,192.00,461205504,609259520,114090264,95883264,18123768,2904,7449760,22132800,1375868,14746,14746,0,0,0,0,0,0,0,0,0.068,0.065,0.000,0,0,0,14746,14746,0,0
travel,69.095,1659.0,1301.587,1301.587,fly,0.882,ok,2601,0,0,192.00,461205504,609259520,114090264,95883264,18123768,2904,7449760,22132800,1375868,14746,14746,0,0,0,0,0,0,0,0,0.069,0.070,0.000,0,0,0,14746,14746,0,0
travel,69.125,1659.7,1302.111,1302.111,fly,0.879,ok,2601,0,0,192.00,461205504,609259520,114090264,95883264,18123768,2904,7449760,22132800,1375868,14746,14746,0,0,0,0,0,0,0,0,0.069,0.071,0.000,0,0,0,14746,14746,0,0
travel,69.156,1660.5,1302.624,1302.624,fly,0.881,ok,2601,0,0,192.00,461205504,609259520,114090264,95883264,18123768,2904,7449760,22132800,1375868,14746,14746,0,0,0,0,0,0,0,0,0.074,0.072,0.000,0,0,0,14746,14746,0,0
travel,69.186,1661.2,1303.138,1303.138,fly,0.854,ok,2601,0,0,192.00,461205504,609259520,114090264,95883264,18123768,2904,7449760,22132800,1375868,14746,14746,0,0,0,0,0,0,0,0,0.067,0.073,0.000,0,0,0,14746,14746,0,0
travel,69.216,1661.9,1303.657,1303.657,fly,0.858,ok,2601,0,0,192.00,461205504,609259520,114090264,95883264,18123768,2904,7449760,22132800,1375868,14746,14746,0,0,0,0,0,0,0,0,0.069,0.069,0.000,0,0,0,14746,14746,0,0
travel,69.255,1662.8,1304.309,1304.309,fly,0.876,ok,2601,0,98,192.00,461205504,609259520,114090264,95883264,18123768,2904,11174640,17019456,1411703,14847,14847,0,0,8,0,0,0,0,0,0.069,0.069,0.000,0,0,0,14847,14847,0,0
travel,69.286,1663.6,1304.833,1304.833,fly,0.873,ok,2601,0,0,192.00,461205504,609259520,114090264,95883264,18123768,2904,11174640,22132800,1433040,14847,14847,0,0,0,0,0,0,0,0,0.068,0.072,0.000,0,0,0,14847,14847,0,0
travel,69.316,1664.3,1305.349,1305.349,fly,0.857,ok,2601,0,0,192.00,461205504,609259520,114090264,95883264,18123768,2904,11174640,22132800,1433040,14847,14847,0,0,0,0,0,0,0,0,0.068,0.067,0.000,0,0,0,14847,14847,0,0
travel,69.347,1665.1,1305.876,1305.876,fly,0.949,ok,2601,0,0,192.00,461205504,609259520,114090264,95883264,18123768,2904,11174640,22132800,1433040,14847,14847,0,0,0,0,0,0,0,0,0.151,0.070,0.000,0,0,0,14847,14847,0,0
travel,69.377,1665.8,1306.396,1306.396,fly,0.971,ok,2601,0,0,192.00,461205504,609259520,114090264,95883264,18123768,2904,11174640,22132800,1433040,14847,14847,0,0,0,0,0,0,0,0,0.076,0.108,0.000,0,0,0,14847,14847,0,0
travel,69.408,1666.5,1306.915,1306.915,fly,0.861,ok,2601,0,0,192.00,461205504,609259520,114090264,95883264,18123768,2904,7449760,22132800,1433040,14847,14847,0,0,0,0,0,0,0,0,0.069,0.074,0.000,0,0,0,14847,14847,0,0
travel,69.438,1667.3,1307.432,1307.432,fly,0.970,ok,2601,0,0,192.00,461205504,609259520,114090264,95883264,18123768,2904,7449760,22132800,1433040,14847,14847,0,0,0,0,0,0,0,0,0.169,0.072,0.000,0,0,0,14847,14847,0,0
travel,69.469,1668.0,1307.945,1307.945,fly,0.883,ok,2601,0,0,192.00,461205504,609259520,114090264,95883264,18123768,2904,7449760,22132800,1433040,14847,14847,0,0,0,0,0,0,0,0,0.068,0.070,0.000,0,0,0,14847,14847,0,0
travel,69.500,1668.7,1308.474,1308.474,fly,0.890,ok,2601,0,0,192.00,461205504,609259520,114090264,95883264,18123768,2904,7449760,22132800,1433040,14847,14847,0,0,0,0,0,0,0,0,0.067,0.071,0.000,0,0,0,14847,14847,0,0
travel,69.531,1669.5,1308.998,1308.998,fly,0.881,ok,2601,0,0,192.00,461205504,609259520,114090264,95883264,18123768,2904,7449760,22132800,1433040,14847,14847,0,0,0,0,0,0,0,0,0.071,0.071,0.000,0,0,0,14847,14847,0,0
travel,69.561,1670.2,1309.511,1309.511,fly,0.870,ok,2601,0,0,192.00,461205504,609259520,114090264,95883264,18123768,2904,7449760,22132800,1433040,14847,14847,0,0,0,0,0,0,0,0,0.066,0.067,0.000,0,0,0,14847,14847,0,0
travel,69.592,1670.9,1310.034,1310.034,fly,0.880,ok,2601,0,0,192.00,461205504,609259520,114090264,95883264,18123768,2904,7449760,22132800,1433040,14847,14847,0,0,0,0,0,0,0,0,0.066,0.074,0.000,0,0,0,14847,14847,0,0
travel,69.622,1671.7,1310.555,1310.555,fly,0.884,ok,2601,0,0,192.00,461205504,609259520,114090264,95883264,18123768,2904,7449760,22132800,1433040,14847,14847,0,0,0,0,0,0,0,0,0.065,0.068,0.000,0,0,0,14847,14847,0,0
travel,69.652,1672.4,1311.069,1311.069,fly,0.876,ok,2601,0,0,192.00,461205504,609259520,114090264,95883264,18123768,2904,7449760,22132800,1433040,14847,14847,0,0,0,0,0,0,0,0,0.067,0.070,0.000,0,0,0,14847,14847,0,0
travel,69.684,1673.2,1311.601,1311.601,fly,0.878,ok,2601,0,0,192.00,461205504,609259520,114090264,95883264,18123768,2904,7449760,22132800,1433040,14847,14847,0,0,0,0,0,0,0,0,0.068,0.070,0.000,0,0,0,14847,14847,0,0
travel,69.724,1674.1,1312.281,1312.281,fly,0.935,ok,2601,0,117,192.00,461205504,609259520,114090264,95883264,18123768,2904,11174640,16028112,1462588,14948,14948,0,0,0,0,0,0,0,0,0.068,0.074,0.000,0,0,0,14948,14948,0,0
travel,69.755,1674.9,1312.820,1312.820,fly,0.973,ok,2601,0,0,192.00,461205504,609259520,114090264,95883264,18123768,2904,11174640,22132800,1265388,14948,14948,0,0,0,0,0,0,0,0,0.076,0.106,0.000,0,0,0,14948,14948,0,0
travel,69.787,1675.6,1313.351,1313.351,fly,0.892,ok,2601,0,0,192.00,461205504,609259520,114090264,95883264,18123768,2904,11174640,22132800,1265388,14948,14948,0,0,0,0,0,0,0,0,0.069,0.072,0.000,0,0,0,14948,14948,0,0
travel,69.817,1676.4,1313.873,1313.873,fly,0.880,ok,2601,0,0,192.00,461205504,609259520,114090264,95883264,18123768,2904,11174640,22132800,1265388,14948,14948,0,0,0,0,0,0,0,0,0.067,0.067,0.000,0,0,0,14948,14948,0,0
travel,69.849,1677.1,1314.404,1314.404,fly,0.895,ok,2601,0,0,192.00,461205504,609259520,114090264,95883264,18123768,2904,11174640,22132800,1265388,14948,14948,0,0,0,0,0,0,0,0,0.070,0.076,0.000,0,0,0,14948,14948,0,0
travel,69.879,1677.9,1314.927,1314.927,fly,0.884,ok,2601,0,0,192.00,461205504,609259520,114090264,95883264,18123768,2904,7449760,22132800,1265388,14948,14948,0,0,0,0,0,0,0,0,0.069,0.070,0.000,0,0,0,14948,14948,0,0
travel,69.910,1678.6,1315.446,1315.446,fly,0.974,ok,2601,0,0,192.00,461205504,609259520,114090264,95883264,18123768,2904,7449760,22132800,1265388,14948,14948,0,0,0,0,0,0,0,0,0.076,0.109,0.000,0,0,0,14948,14948,0,0
travel,69.940,1679.3,1315.964,1315.964,fly,0.865,ok,2601,0,0,192.00,461205504,609259520,114090264,95883264,18123768,2904,7449760,22132800,1265388,14948,14948,0,0,0,0,0,0,0,0,0.066,0.065,0.000,0,0,0,14948,14948,0,0
travel,69.971,1680.1,1316.481,1316.481,fly,0.880,ok,2601,0,0,192.00,461205504,609259520,114090264,95883264,18123768,2904,7449760,22132800,1265388,14948,14948,0,0,0,0,0,0,0,0,0.065,0.069,0.000,0,0,0,14948,14948,0,0
travel,70.001,1680.8,1317.003,1317.003,fly,0.921,ok,2601,0,0,192.00,461205504,609259520,114090264,95883264,18123768,2904,7449760,22132800,1265388,14948,14948,0,0,0,0,0,0,0,0,0.070,0.071,0.000,0,0,0,14948,14948,0,0
travel,70.032,1681.5,1317.523,1317.523,fly,0.893,ok,2601,0,0,192.00,461205504,609259520,114090264,95883264,18123768,2904,7449760,22132800,1265388,14948,14948,0,0,0,0,0,0,0,0,0.068,0.073,0.000,0,0,0,14948,14948,0,0
travel,70.063,1682.3,1318.045,1318.045,fly,0.992,ok,2601,0,0,192.00,461205504,609259520,114090264,95883264,18123768,2904,7449760,22132800,1265388,14948,14948,0,0,0,0,0,0,0,0,0.070,0.161,0.000,0,0,0,14948,14948,0,0
travel,70.093,1683.0,1318.564,1318.564,fly,0.851,ok,2601,0,0,192.00,461205504,609259520,114090264,95883264,18123768,2904,7449760,22132800,1265388,14948,14948,0,0,0,0,0,0,0,0,0.067,0.064,0.000,0,0,0,14948,14948,0,0
travel,70.124,1683.7,1319.087,1319.087,fly,0.858,ok,2601,0,0,192.00,461205504,609259520,114090264,95883264,18123768,2904,7449760,22132800,1265388,14948,14948,0,0,0,0,0,0,0,0,0.066,0.068,0.000,0,0,0,14948,14948,0,0
travel,70.155,1684.5,1319.610,1319.610,fly,0.892,ok,2601,0,0,192.00,461205504,609259520,114090264,95883264,18123768,2904,7449760,22132800,1265388,14948,14948,0,0,0,0,0,0,0,0,0.067,0.070,0.000,0,0,0,14948,14948,0,0
travel,70.195,1685.5,1320.294,1320.294,fly,0.897,ok,2601,0,106,192.00,461205504,609259520,114090264,95883264,18123768,2904,11174640,16602048,1299148,15049,15049,0,0,7,0,0,0,0,0,0.067,0.074,0.000,0,0,0,15049,15049,0,0
travel,70.226,1686.2,1320.819,1320.819,fly,0.909,ok,2601,0,0,192.00,461205504,609259520,114090264,95883264,18123768,2904,11174640,22132800,1320944,15049,15049,0,0,0,0,0,0,0,0,0.088,0.071,0.000,0,0,0,15049,15049,0,0
travel,70.256,1686.9,1321.338,1321.338,fly,0.878,ok,2601,0,0,192.00,461205504,609259520,114090264,95883264,18123768,2904,11174640,22132800,1320944,15049,15049,0,0,0,0,0,0,0,0,0.067,0.072,0.000,0,0,0,15049,15049,0,0
travel,70.288,1687.7,1321.872,1321.872,fly,0.879,ok,2601,0,0,192.00,461205504,609259520,114090264,95883264,18123768,2904,11174640,22132800,1320944,15049,15049,0,0,0,0,0,0,0,0,0.066,0.067,0.000,0,0,0,15049,15049,0,0
travel,70.319,1688.4,1322.404,1322.404,fly,0.979,ok,2601,0,0,192.00,461205504,609259520,114090264,95883264,18123768,2904,11174640,22132800,1320944,15049,15049,0,0,0,0,0,0,0,0,0.077,0.110,0.000,0,0,0,15049,15049,0,0
travel,70.350,1689.2,1322.923,1322.923,fly,0.879,ok,2601,0,0,192.00,461205504,609259520,114090264,95883264,18123768,2904,7449760,22132800,1320944,15049,15049,0,0,0,0,0,0,0,0,0.067,0.071,0.000,0,0,0,15049,15049,0,0
travel,70.380,1689.9,1323.443,1323.443,fly,0.877,ok,2601,0,0,192.00,461205504,609259520,114090264,95883264,18123768,2904,7449760,22132800,1320944,15049,15049,0,0,0,0,0,0,0,0,0.071,0.069,0.000,0,0,0,15049,15049,0,0
travel,70.411,1690.6,1323.964,1323.964,fly,0.884,ok,2601,0,0,192.00,461205504,609259520,114090264,95883264,18123768,2904,7449760,22132800,1320944,15049,15049,0,0,0,0,0,0,0,0,0.067,0.071,0.000,0,0,0,15049,15049,0,0
travel,70.441,1691.4,1324.477,1324.477,fly,0.882,ok,2601,0,0,192.00,461205504,609259520,114090264,95883264,18123768,2904,7449760,22132800,1320944,15049,15049,0,0,0,0,0,0,0,0,0.068,0.068,0.000,0,0,0,15049,15049,0,0
travel,70.472,1692.1,1325.005,1325.005,fly,0.899,ok,2601,0,0,192.00,461205504,609259520,114090264,95883264,18123768,2904,7449760,22132800,1320944,15049,15049,0,0,0,0,0,0,0,0,0.067,0.069,0.000,0,0,0,15049,15049,0,0
travel,70.503,1692.9,1325.526,1325.526,fly,0.871,ok,2601,0,0,192.00,461205504,609259520,114090264,95883264,18123768,2904,7449760,22132800,1320944,15049,15049,0,0,0,0,0,0,0,0,0.067,0.070,0.000,0,0,0,15049,15049,0,0
travel,70.533,1693.6,1326.039,1326.039,fly,0.874,ok,2601,0,0,192.00,461205504,609259520,114090264,95883264,18123768,2904,7449760,22132800,1320944,15049,15049,0,0,0,0,0,0,0,0,0.067,0.069,0.000,0,0,0,15049,15049,0,0
travel,70.564,1694.3,1326.561,1326.561,fly,0.870,ok,2601,0,0,192.00,461205504,609259520,114090264,95883264,18123768,2904,7449760,22132800,1320944,15049,15049,0,0,0,0,0,0,0,0,0.067,0.066,0.000,0,0,0,15049,15049,0,0
travel,70.594,1695.0,1327.075,1327.075,fly,0.898,ok,2601,0,0,192.00,461205504,609259520,114090264,95883264,18123768,2904,7449760,22132800,1320944,15049,15049,0,0,0,0,0,0,0,0,0.067,0.071,0.000,0,0,0,15049,15049,0,0
travel,70.624,1695.8,1327.588,1327.588,fly,0.898,ok,2601,0,0,192.00,461205504,609259520,114090264,95883264,18123768,2904,7449760,22132800,1320944,15049,15049,0,0,0,0,0,0,0,0,0.070,0.074,0.000,0,0,0,15049,15049,0,0
travel,70.664,1696.7,1328.271,1328.271,fly,1.385,ok,2601,0,106,192.00,461205504,609259520,114090264,95883264,18123768,2904,11174640,16602048,1354492,15150,15150,0,0,11,0,0,0,0,0,0.185,0.115,0.000,0,0,0,15150,15150,0,0
travel,70.696,1697.5,1328.801,1328.801,fly,0.981,ok,2601,0,0,192.00,461205504,609259520,114090264,95883264,18123768,2904,11174640,22132800,1376492,15150,15150,0,0,0,0,0,0,0,0,0.077,0.110,0.000,0,0,0,15150,15150,0,0
travel,70.726,1698.2,1329.324,1329.324,fly,0.873,ok,2601,0,0,192.00,461205504,609259520,114090264,95883264,18123768,2904,11174640,22132800,1376492,15150,15150,0,0,0,0,0,0,0,0,0.068,0.070,0.000,0,0,0,15150,15150,0,0
travel,70.757,1699.0,1329.846,1329.846,fly,0.873,ok,2601,0,0,192.00,461205504,609259520,114090264,95883264,18123768,2904,11174640,22132800,1376492,15150,15150,0,0,0,0,0,0,0,0,0.068,0.066,0.000,0,0,0,15150,15150,0,0
travel,70.787,1699.7,1330.363,1330.363,fly,0.885,ok,2601,0,0,192.00,461205504,609259520,114090264,95883264,18123768,2904,11174640,22132800,1376492,15150,15150,0,0,0,0,0,0,0,0,0.068,0.071,0.000,0,0,0,15150,15150,0,0
travel,70.818,1700.4,1330.885,1330.885,fly,0.903,ok,2601,0,0,192.00,461205504,609259520,114090264,95883264,18123768,2904,7449760,22132800,1376492,15150,15150,0,0,0,0,0,0,0,0,0.071,0.072,0.000,0,0,0,15150,15150,0,0
travel,70.849,1701.2,1331.408,1331.408,fly,0.880,ok,2601,0,0,192.00,461205504,609259520,114090264,95883264,18123768,2904,7449760,22132800,1376492,15150,15150,0,0,0,0,0,0,0,0,0.069,0.068,0.000,0,0,0,15150,15150,0,0
travel,70.879,1701.9,1331.927,1331.927,fly,0.879,ok,2601,0,0,192.00,461205504,609259520,114090264,95883264,18123768,2904,7449760,22132800,1376492,15150,15150,0,0,0,0,0,0,0,0,0.068,0.068,0.000,0,0,0,15150,15150,0,0
travel,70.910,1702.6,1332.445,1332.445,fly,0.872,ok,2601,0,0,192.00,461205504,609259520,114090264,95883264,18123768,2904,7449760,22132800,1376492,15150,15150,0,0,0,0,0,0,0,0,0.068,0.069,0.000,0,0,0,15150,15150,0,0
travel,70.940,1703.4,1332.962,1332.962,fly,0.876,ok,2601,0,0,192.00,461205504,609259520,114090264,95883264,18123768,2904,7449760,22132800,1376492,15150,15150,0,0,0,0,0,0,0,0,0.067,0.068,0.000,0,0,0,15150,15150,0,0
travel,70.971,1704.1,1333.481,1333.481,fly,0.924,ok,2601,0,0,192.00,461205504,609259520,114090264,95883264,18123768,2904,7449760,22132800,1376492,15150,15150,0,0,0,0,0,0,0,0,0.068,0.079,0.000,0,0,0,15150,15150,0,0
travel,71.002,1704.9,1334.013,1334.013,fly,0.920,ok,2601,0,0,192.00,461205504,609259520,114090264,95883264,18123768,2904,7449760,22132800,1376492,15150,15150,0,0,0,0,0,0,0,0,0.067,0.071,0.000,0,0,0,15150,15150,0,0
travel,71.033,1705.6,1334.535,1334.535,fly,0.878,ok,2601,0,0,192.00,461205504,609259520,114090264,95883264,18123768,2904,7449760,22132800,1376492,15150,15150,0,0,0,0,0,0,0,0,0.068,0.069,0.000,0,0,0,15150,15150,0,0
travel,71.063,1706.3,1335.055,1335.055,fly,0.903,ok,2601,0,0,192.00,461205504,609259520,114090264,95883264,18123768,2904,7449760,22132800,1376492,15150,15150,0,0,0,0,0,0,0,0,0.067,0.075,0.000,0,0,0,15150,15150,0,0
travel,71.094,1707.1,1335.571,1335.571,fly,0.873,ok,2601,0,0,192.00,461205504,609259520,114090264,95883264,18123768,2904,7449760,22132800,1376492,15150,15150,0,0,0,0,0,0,0,0,0.067,0.068,0.000,0,0,0,15150,15150,0,0
travel,71.135,1708.1,1336.278,1336.278,fly,1.231,ok,2601,0,112,192.00,461205504,609259520,114090264,95883264,18123768,2904,11174640,16288992,1407907,15251,15251,0,0,22,0,0,0,0,0,0.070,0.087,0.000,0,0,0,15251,15251,0,0
travel,71.168,1708.8,1336.835,1336.835,fly,0.889,ok,2601,0,0,192.00,461205504,609259520,114090264,95883264,18123768,2904,11174640,22132800,1431164,15251,15251,0,0,0,0,0,0,0,0,0.069,0.080,0.000,0,0,0,15251,15251,0,0
travel,71.200,1709.6,1337.368,1337.368,fly,0.916,ok,2601,0,0,192.00,461205504,609259520,114090264,95883264,18123768,2904,11174640,22132800,1431164,15251,15251,0,0,0,0,0,0,0,0,0.069,0.080,0.000,0,0,0,15251,15251,0,0
travel,71.230,1710.3,1337.891,1337.891,fly,1.044,ok,2601,0,0,192.00,461205504,609259520,114090264,95883264,18123768,2904,11174640,22132800,1431164,15251,15251,0,0,0,0,0,0,0,0,0.182,0.084,0.000,0,0,0,15251,15251,0,0
travel,71.261,1711.1,1338.415,1338.415,fly,1.000,ok,2601,0,0,192.00,461205504,609259520,114090264,95883264,18123768,2904,11174640,22132800,1431164,15251,15251,0,0,0,0,0,0,0,0,0.076,0.107,0.000,0,0,0,15251,15251,0,0
travel,71.292,1711.8,1338.941,1338.941,fly,0.869,ok,2601,0,0,192.00,461205504,609259520,114090264,95883264,18123768,2904,7449760,22132800,1431164,15251,15251,0,0,0,0,0,0,0,0,0.066,0.068,0.000,0,0,0,15251,15251,0,0
travel,71.323,1712.6,1339.463,1339.463,fly,0.878,ok,2601,0,0,192.00,461205504,609259520,114090264,95883264,18123768,2904,7449760,22132800,1431164,15251,15251,0,0,0,0,0,0,0,0,0.067,0.069,0.000,0,0,0,15251,15251,0,0
travel,71.353,1713.3,1339.978,1339.978,fly,0.877,ok,2601,0,0,192.00,461205504,609259520,114090264,95883264,18123768,2904,7449760,22132800,1431164,15251,15251,0,0,0,0,0,0,0,0,0.067,0.068,0.000,0,0,0,15251,15251,0,0
travel,71.384,1714.0,1340.495,1340.495,fly,0.901,ok,2601,0,0,192.00,461205504,609259520,114090264,95883264,18123768,2904,7449760,22132800,1431164,15251,15251,0,0,0,0,0,0,0,0,0.067,0.075,0.000,0,0,0,15251,15251,0,0
travel,71.415,1714.8,1341.026,1341.026,fly,0.953,ok,2601,0,0,192.00,461205504,609259520,114090264,95883264,18123768,2904,7449760,22132800,1431164,15251,15251,0,0,0,0,0,0,0,0,0.070,0.080,0.000,0,0,0,15251,15251,0,0
travel,71.445,1715.5,1341.547,1341.547,fly,0.872,ok,2601,0,0,192.00,461205504,609259520,114090264,95883264,18123768,2904,7449760,22132800,1431164,15251,15251,0,0,0,0,0,0,0,0,0.066,0.069,0.000,0,0,0,15251,15251,0,0
travel,71.476,1716.2,1342.065,1342.065,fly,0.871,ok,2601,0,0,192.00,461205504,609259520,114090264,95883264,18123768,2904,7449760,22132800,1431164,15251,15251,0,0,0,0,0,0,0,0,0.066,0.069,0.000,0,0,0,15251,15251,0,0
travel,71.506,1717.0,1342.583,1342.583,fly,0.988,ok,2601,0,0,192.00,461205504,609259520,114090264,95883264,18123768,2904,7449760,22132800,1431164,15251,15251,0,0,0,0,0,0,0,0,0.179,0.072,0.000,0,0,0,15251,15251,0,0
travel,71.537,1717.7,1343.104,1343.104,fly,0.902,ok,2601,0,0,192.00,461205504,609259520,114090264,95883264,18123768,2904,7449760,22132800,1431164,15251,15251,0,0,0,0,0,0,0,0,0.066,0.087,0.000,0,0,0,15251,15251,0,0
travel,71.567,1718.4,1343.619,1343.619,fly,0.856,ok,2601,0,0,192.00,461205504,609259520,114090264,95883264,18123768,2904,7449760,22132800,1431164,15251,15251,0,0,0,0,0,0,0,0,0.065,0.072,0.000,0,0,0,15251,15251,0,0
travel,71.607,1719.4,1344.292,1344.292,fly,0.858,ok,2601,0,128,192.00,461205504,609259520,114090264,95883264,18123768,2904,11174640,15454176,1457516,15352,15352,0,0,0,0,0,0,0,0,0.067,0.069,0.000,0,0,0,15352,15352,0,0
travel,71.638,1720.1,1344.816,1344.816,fly,0.996,ok,2601,0,0,192.00,461205504,609259520,114090264,95883264,18123768,2904,11174640,22132800,1268026,15352,15352,0,0,0,0,0,0,0,0,0.081,0.123,0.000,0,0,0,15352,15352,0,0
travel,71.668,1720.9,1345.329,1345.329,fly,0.852,ok,2601,0,0,192.00,461205504,609259520,114090264,95883264,18123768,2904,11174640,22132800,1268026,15352,15352,0,0,0,0,0,0,0,0,0.067,0.067,0.000,0,0,0,15352,15352,0,0
travel,71.698,1721.6,1345.843,1345.843,fly,0.893,ok,2601,0,0,192.00,461205504,609259520,114090264,95883264,18123768,2904,11174640,22132800,1268026,15352,15352,0,0,0,0,0,0,0,0,0.068,0.077,0.000,0,0,0,15352,15352,0,0
travel,71.728,1722.3,1346.356,1346.356,fly,1.132,ok,2601,0,0,192.00,461205504,609259520,114090264,95883264,18123768,2904,11174640,22132800,1268026,15352,15352,0,0,0,0,0,0,0,0,0.323,0.071,0.000,0,0,0,15352,15352,0,0
travel,71.759,1723.1,1346.881,1346.881,fly,0.861,ok,2601,0,0,192.00,461205504,609259520,114090264,95883264,18123768,2904,7449760,22132800,1268026,15352,15352,0,0,0,0,0,0,0,0,0.069,0.069,0.000,0,0,0,15352,15352,0,0
travel,71.789,1723.8,1347.397,1347.397,fly,0.857,ok,2601,0,0,192.00,461205504,609259520,114090264,95883264,18123768,2904,7449760,22132800,1268026,15352,15352,0,0,0,0,0,0,0,0,0.067,0.070,0.000,0,0,0,15352,15352,0,0
travel,71.820,1724.5,1347.914,1347.914,fly,0.852,ok,2601,0,0,192.00,461205504,609259520,114090264,95883264,18123768,2904,7449760,22132800,1268026,15352,15352,0,0,0,0,0,0,0,0,0.067,0.067,0.000,0,0,0,15352,15352,0,0
travel,71.851,1725.3,1348.437,1348.437,fly,0.918,ok,2601,0,0,192.00,461205504,609259520,114090264,95883264,18123768,2904,7449760,22132800,1268026,15352,15352,0,0,0,0,0,0,0,0,0.068,0.075,0.000,0,0,0,15352,15352,0,0
travel,71.881,1726.0,1348.953,1348.953,fly,0.869,ok,2601,0,0,192.00,461205504,609259520,114090264,95883264,18123768,2904,7449760,22132800,1268026,15352,15352,0,0,0,0,0,0,0,0,0.066,0.069,0.000,0,0,0,15352,15352,0,0
travel,71.911,1726.7,1349.465,1349.465,fly,0.862,ok,2601,0,0,192.00,461205504,609259520,114090264,95883264,18123768,2904,7449760,22132800,1268026,15352,15352,0,0,0,0,0,0,0,0,0.067,0.065,0.000,0,0,0,15352,15352,0,0
travel,71.942,1727.4,1349.988,1349.988,fly,0.866,ok,2601,0,0,192.00,461225984,609325056,114090264,95883264,18123768,2904,7449760,22132800,1268026,15352,15352,0,0,0,0,0,0,0,0,0.067,0.068,0.000,0,0,0,15352,15352,0,0
travel,71.973,1728.2,1350.513,1350.513,fly,0.871,ok,2601,0,0,192.00,461225984,609325056,114090264,95883264,18123768,2904,7449760,22132800,1268026,15352,15352,0,0,0,0,0,0,0,0,0.066,0.069,0.000,0,0,0,15352,15352,0,0
travel,72.003,1728.9,1351.031,1351.031,fly,0.929,ok,2601,0,0,192.00,461225984,609325056,114090264,95883264,18123768,2904,7449760,22132800,1268026,15352,15352,0,0,0,0,0,0,0,0,0.067,0.079,0.000,0,0,0,15352,15352,0,0
travel,72.034,1729.7,1351.552,1351.552,fly,0.868,ok,2601,0,0,192.00,461225984,609325056,114090264,95883264,18123768,2904,7449760,22132800,1268026,15352,15352,0,0,0,0,0,0,0,0,0.065,0.068,0.000,0,0,0,15352,15352,0,0
travel,72.072,1730.6,1352.205,1352.205,fly,0.900,ok,2601,0,128,192.00,461225984,609325056,114090264,95883264,18123768,2904,11174640,15454176,1294002,15453,15453,0,0,7,0,0,0,0,0,0.069,0.074,0.000,0,0,0,15453,15453,0,0
travel,72.104,1731.4,1352.751,1352.751,fly,0.941,ok,2601,0,0,192.00,461225984,609325056,114090264,95883264,18123768,2904,11174640,22132800,1322334,15453,15453,0,0,0,0,0,0,0,0,0.070,0.079,0.000,0,0,0,15453,15453,0,0
travel,72.136,1732.1,1353.279,1353.279,fly,0.878,ok,2601,0,0,192.00,461225984,609325056,114090264,95883264,18123768,2904,11174640,22132800,1322334,15453,15453,0,0,0,0,0,0,0,0,0.068,0.069,0.000,0,0,0,15453,15453,0,0
travel,72.167,1732.8,1353.808,1353.808,fly,0.901,ok,2601,0,0,192.00,461225984,609325056,114090264,95883264,18123768,2904,11174640,22132800,1322334,15453,15453,0,0,0,0,0,0,0,0,0.068,0.076,0.000,0,0,0,15453,15453,0,0
travel,72.197,1733.6,1354.329,1354.329,fly,0.850,ok,2601,0,0,192.00,461225984,609325056,114090264,95883264,18123768,2904,11174640,22132800,1322334,15453,15453,0,0,0,0,0,0,0,0,0.065,0.068,0.000,0,0,0,15453,15453,0,0
travel,72.229,1734.3,1354.860,1354.860,fly,0.855,ok,2601,0,0,192.00,461225984,609325056,114090264,95883264,18123768,2904,7449760,22132800,1322334,15453,15453,0,0,0,0,0,0,0,0,0.066,0.069,0.000,0,0,0,15453,15453,0,0
travel,72.259,1735.1,1355.376,1355.376,fly,0.853,ok,2601,0,0,192.00,461225984,609325056,114090264,95883264,18123768,2904,7449760,22132800,1322334,15453,15453,0,0,0,0,0,0,0,0,0.066,0.069,0.000,0,0,0,15453,15453,0,0
travel,72.290,1735.8,1355.900,1355.900,fly,0.873,ok,2601,0,0,192.00,461225984,609325056,114090264,95883264,18123768,2904,7449760,22132800,1322334,15453,15453,0,0,0,0,0,0,0,0,0.066,0.068,0.000,0,0,0,15453,15453,0,0
travel,72.321,1736.5,1356.423,1356.423,fly,0.896,ok,2601,0,0,192.00,461225984,609325056,114090264,95883264,18123768,2904,7449760,22132800,1322334,15453,15453,0,0,0,0,0,0,0,0,0.068,0.073,0.000,0,0,0,15453,15453,0,0
travel,72.351,1737.3,1356.935,1356.935,fly,0.875,ok,2601,0,0,192.00,461225984,609325056,114090264,95883264,18123768,2904,7449760,22132800,1322334,15453,15453,0,0,0,0,0,0,0,0,0.065,0.069,0.000,0,0,0,15453,15453,0,0
travel,72.381,1738.0,1357.452,1357.452,fly,1.112,ok,2601,0,0,192.00,461225984,609325056,114090264,95883264,18123768,2904,7449760,22132800,1322334,15453,15453,0,0,0,0,0,0,0,0,0.076,0.109,0.000,0,0,0,15453,15453,0,0
travel,72.412,1738.7,1357.973,1357.973,fly,0.875,ok,2601,0,0,192.00,461225984,609325056,114090264,95883264,18123768,2904,7449760,22132800,1322334,15453,15453,0,0,0,0,0,0,0,0,0.067,0.070,0.000,0,0,0,15453,15453,0,0
travel,72.442,1739.5,1358.490,1358.490,fly,0.872,ok,2601,0,0,192.00,461225984,609325056,114090264,95883264,18123768,2904,7449760,22132800,1322334,15453,15453,0,0,0,0,0,0,0,0,0.067,0.067,0.000,0,0,0,15453,15453,0,0
travel,72.473,1740.2,1359.008,1359.008,fly,0.986,ok,2601,0,0,192.00,461225984,609325056,114090264,95883264,18123768,2904,7449760,22132800,1322334,15453,15453,0,0,0,0,0,0,0,0,0.106,0.074,0.000,0,0,0,15453,15453,0,0
travel,72.504,1741.0,1359.542,1359.542,fly,0.954,ok,2601,0,0,192.00,461225984,609325056,114090264,95883264,18123768,2904,7449760,22132800,1322334,15453,15453,0,0,0,0,0,0,0,0,0.075,0.078,0.000,0,0,0,15453,15453,0,0
travel,72.544,1741.9,1360.220,1360.220,fly,0.941,ok,2601,0,129,192.00,461225984,609325056,114090264,95883264,18123768,2904,11174640,15402000,1348762,15554,15554,0,0,27,0,0,0,0,0,0.069,0.075,0.000,0,0,0,15554,15554,0,0
travel,72.574,1742.6,1360.736,1360.736,fly,1.010,ok,2601,0,0,192.00,461225984,609325056,114090264,95883264,18123768,2904,11174640,22132800,1377482,15554,15554,0,0,0,0,0,0,0,0,0.144,0.078,0.000,0,0,0,15554,15554,0,0
travel,72.605,1743.4,1361.256,1361.256,fly,0.878,ok,2601,0,0,192.00,461225984,609325056,114090264,95883264,18123768,2904,11174640,22132800,1377482,15554,15554,0,0,0,0,0,0,0,0,0.068,0.071,0.000,0,0,0,15554,15554,0,0
travel,72.635,1744.1,1361.774,1361.774,fly,0.882,ok,2601,0,0,192.00,461225984,609325056,114090264,95883264,18123768,2904,11174640,22132800,1377482,15554,15554,0,0,0,0,0,0,0,0,0.067,0.071,0.000,0,0,0,15554,15554,0,0
travel,72.666,1744.8,1362.294,1362.294,fly,1.685,ok,2601,0,0,192.00,461225984,609325056,114090264,95883264,18123768,2904,11174640,22132800,1377482,15554,15554,0,0,0,0,0,0,0,0,0.552,0.157,0.000,0,0,0,15554,15554,0,0
travel,72.697,1745.6,1362.822,1362.822,fly,0.884,ok,2601,0,0,192.00,461225984,609325056,114090264,95883264,18123768,2904,7449760,22132800,1377482,15554,15554,0,0,0,0,0,0,0,0,0.067,0.073,0.000,0,0,0,15554,15554,0,0
travel,72.728,1746.3,1363.349,1363.349,fly,0.992,ok,2601,0,0,192.00,461225984,609325056,114090264,95883264,18123768,2904,7449760,22132800,1377482,15554,15554,0,0,0,0,0,0,0,0,0.076,0.108,0.000,0,0,0,15554,15554,0,0
travel,72.758,1747.1,1363.862,1363.862,fly,0.878,ok,2601,0,0,192.00,461225984,609325056,114090264,95883264,18123768,2904,7449760,22132800,1377482,15554,15554,0,0,0,0,0,0,0,0,0.068,0.069,0.000,0,0,0,15554,15554,0,0
travel,72.789,1747.8,1364.384,1364.384,fly,0.874,ok,2601,0,0,192.00,461225984,609325056,114090264,95883264,18123768,2904,7449760,22132800,1377482,15554,15554,0,0,0,0,0,0,0,0,0.068,0.069,0.000,0,0,0,15554,15554,0,0
travel,72.819,1748.5,1364.897,1364.897,fly,0.867,ok,2601,0,0,192.00,461225984,609325056,114090264,95883264,18123768,2904,7449760,22132800,1377482,15554,15554,0,0,0,0,0,0,0,0,0.066,0.065,0.000,0,0,0,15554,15554,0,0
travel,72.850,1749.3,1365.417,1365.417,fly,0.979,ok,2601,0,0,192.00,461225984,609325056,114090264,95883264,18123768,2904,7449760,22132800,1377482,15554,15554,0,0,0,0,0,0,0,0,0.137,0.072,0.000,0,0,0,15554,15554,0,0
travel,72.881,1750.0,1365.949,1365.949,fly,0.856,ok,2601,0,0,192.00,461225984,609325056,114090264,95883264,18123768,2904,7449760,22132800,1377482,15554,15554,0,0,0,0,0,0,0,0,0.065,0.069,0.000,0,0,0,15554,15554,0,0
travel,72.912,1750.8,1366.482,1366.482,fly,0.851,ok,2601,0,0,192.00,461234176,609325056,114090264,95883264,18123768,2904,7449760,22132800,1377482,15554,15554,0,0,0,0,0,0,0,0,0.069,0.066,0.000,0,0,0,15554,15554,0,0
travel,72.943,1751.5,1366.999,1366.999,fly,1.310,ok,2601,0,0,192.00,461234176,609325056,114090264,95883264,18123768,2904,7449760,22132800,1377482,15554,15554,0,0,0,0,0,0,0,0,0.497,0.068,0.000,0,0,0,15554,15554,0,0
travel,72.973,1752.2,1367.519,1367.519,fly,0.870,ok,2601,0,0,192.00,461234176,609325056,114090264,95883264,18123768,2904,7449760,22132800,1377482,15554,15554,0,0,0,0,0,0,0,0,0.067,0.075,0.000,0,0,0,15554,15554,0,0
travel,73.007,1753.0,1368.088,1368.088,fly,3.485,ok,2573,28,174,192.00,461234176,609325056,112862072,94851072,17928664,2904,11174640,14620032,1389911,15627,15655,37,0,48,37,37,0,0,0,0.077,0.087,0.000,0,0,0,15627,15627,0,0
travel,73.042,1753.9,1368.689,1368.689,fly,0.857,ok,2601,0,0,192.00,461234176,609325056,114090264,95883264,18123768,2904,11174640,22132800,1429470,15655,15655,0,0,0,0,0,0,0,0,0.067,0.067,0.000,0,0,0,15655,15655,0,0
travel,73.072,1754.6,1369.201,1369.201,fly,1.262,ok,2601,0,0,192.00,461234176,609325056,114090264,95883264,18123768,2904,11174640,22132800,1429470,15655,15655,0,0,0,0,0,0,0,0,0.399,0.128,0.000,0,0,0,15655,15655,0,0
travel,73.103,1755.4,1369.724,1369.724,fly,0.868,ok,2601,0,0,192.00,461234176,609325056,114090264,95883264,18123768,2904,11174640,22132800,1429470,15655,15655,0,0,0,0,0,0,0,0,0.068,0.068,0.000,0,0,0,15655,15655,0,0
travel,73.133,1756.1,1370.242,1370.242,fly,0.877,ok,2601,0,0,192.00,461234176,609325056,114090264,95883264,18123768,2904,11174640,22132800,1429470,15655,15655,0,0,0,0,0,0,0,0,0.069,0.067,0.000,0,0,0,15655,15655,0,0
travel,73.164,1756.8,1370.758,1370.758,fly,0.957,ok,2601,0,0,192.00,461234176,609325056,114090264,95883264,18123768,2904,11174640,22132800,1429470,15655,15655,0,0,0,0,0,0,0,0,0.076,0.108,0.000,0,0,0,15655,15655,0,0
travel,73.194,1757.6,1371.278,1371.278,fly,0.860,ok,2601,0,0,192.00,461234176,609325056,114090264,95883264,18123768,2904,7449760,22132800,1429470,15655,15655,0,0,0,0,0,0,0,0,0.068,0.067,0.000,0,0,0,15655,15655,0,0
travel,73.225,1758.3,1371.800,1371.800,fly,0.853,ok,2601,0,0,192.00,461234176,609325056,114090264,95883264,18123768,2904,7449760,22132800,1429470,15655,15655,0,0,0,0,0,0,0,0,0.067,0.065,0.000,0,0,0,15655,15655,0,0
travel,73.256,1759.0,1372.319,1372.319,fly,0.867,ok,2601,0,0,192.00,461234176,609325056,114090264,95883264,18123768,2904,7449760,22132800,1429470,15655,15655,0,0,0,0,0,0,0,0,0.066,0.071,0.000,0,0,0,15655,15655,0,0
travel,73.286,1759.8,1372.839,1372.839,fly,0.859,ok,2601,0,0,192.00,461234176,609325056,114090264,95883264,18123768,2904,7449760,22132800,1429470,15655,15655,0,0,0,0,0,0,0,0,0.068,0.067,0.000,0,0,0,15655,15655,0,0
travel,73.317,1760.5,1373.366,1373.366,fly,0.886,ok,2601,0,0,192.00,461234176,609325056,114090264,95883264,18123768,2904,7449760,22132800,1429470,15655,15655,0,0,0,0,0,0,0,0,0.069,0.072,0.000,0,0,0,15655,15655,0,0
travel,73.347,1761.2,1373.880,1373.880,fly,0.870,ok,2601,0,0,192.00,461234176,609325056,114090264,95883264,18123768,2904,7449760,22132800,1429470,15655,15655,0,0,0,0,0,0,0,0,0.067,0.067,0.000,0,0,0,15655,15655,0,0
travel,73.381,1762.0,1374.455,1374.455,fly,0.860,ok,2601,0,0,192.00,461234176,609325056,114090264,95883264,18123768,2904,7449760,22132800,1429470,15655,15655,0,0,0,0,0,0,0,0,0.067,0.068,0.000,0,0,0,15655,15655,0,0
travel,73.412,1762.8,1374.971,1374.971,fly,0.860,ok,2601,0,0,192.00,461234176,609325056,114090264,95883264,18123768,2904,7449760,22132800,1429470,15655,15655,0,0,0,0,0,0,0,0,0.067,0.069,0.000,0,0,0,15655,15655,0,0
travel,73.442,1763.5,1375.487,1375.487,fly,0.989,ok,2601,0,0,192.00,461234176,609325056,114090264,95883264,18123768,2904,7449760,22132800,1429470,15655,15655,0,0,0,0,0,0,0,0,0.143,0.076,0.000,0,0,0,15655,15655,0,0
travel,73.472,1764.2,1376.003,1376.003,fly,5.223,ok,2537,64,93,192.00,461234176,609325056,111282968,93523968,17677816,2904,11174640,15348936,1435717,15692,15756,37,101,37,37,37,0,0,0,0.411,0.092,0.000,0,0,0,15692,15692,0,0
travel,73.513,1765.2,1376.694,1376.694,fly,0.874,ok,2601,0,0,192.00,461234176,609325056,114090264,95883264,18123768,2904,11174640,22132800,1263924,15756,15756,0,0,0,0,0,0,0,0,0.069,0.069,0.000,0,0,0,15756,15756,0,0
travel,73.544,1766.0,1377.218,1377.218,fly,0.874,ok,2601,0,0,192.00,461234176,609325056,114090264,95883264,18123768,2904,11174640,22132800,1263924,15756,15756,0,0,0,0,0,0,0,0,0.069,0.068,0.000,0,0,0,15756,15756,0,0
travel,73.574,1766.7,1377.734,1377.734,fly,0.877,ok,2601,0,0,192.00,461234176,609325056,114090264,95883264,18123768,2904,11174640,22132800,1263924,15756,15756,0,0,0,0,0,0,0,0,0.067,0.070,0.000,0,0,0,15756,15756,0,0
travel,73.605,1767.4,1378.251,1378.251,fly,0.876,ok,2601,0,0,192.00,461234176,609325056,114090264,95883264,18123768,2904,11174640,22132800,1263924,15756,15756,0,0,0,0,0,0,0,0,0.068,0.066,0.000,0,0,0,15756,15756,0,0
travel,73.635,1768.2,1378.776,1378.776,fly,0.853,ok,2601,0,0,192.00,461234176,609325056,114090264,95883264,18123768,2904,7449760,22132800,1263924,15756,15756,0,0,0,0,0,0,0,0,0.067,0.065,0.000,0,0,0,15756,15756,0,0
travel,73.666,1768.9,1379.300,1379.300,fly,0.865,ok,2601,0,0,192.00,461234176,609325056,114090264,95883264,18123768,2904,7449760,22132800,1263924,15756,15756,0,0,0,0,0,0,0,0,0.069,0.069,0.000,0,0,0,15756,15756,0,0
travel,73.696,1769.6,1379.812,1379.812,fly,0.858,ok,2601,0,0,192.00,461234176,609325056,114090264,95883264,18123768,2904,7449760,22132800,1263924,15756,15756,0,0,0,0,0,0,0,0,0.069,0.066,0.000,0,0,0,15756,15756,0,0
travel,73.727,1770.3,1380.325,1380.325,fly,0.863,ok,2601,0,0,192.00,461234176,609325056,114090264,95883264,18123768,2904,7449760,22132800,1263924,15756,15756,0,0,0,0,0,0,0,0,0.068,0.068,0.000,0,0,0,15756,15756,0,0
travel,73.759,1771.1,1380.871,1380.871,fly,0.878,ok,2601,0,0,192.00,461234176,609325056,114090264,95883264,18123768,2904,7449760,22132800,1263924,15756,15756,0,0,0,0,0,0,0,0,0.067,0.069,0.000,0,0,0,15756,15756,0,0
travel,73.789,1771.8,1381.383,1381.383,fly,0.877,ok,2601,0,0,192.00,461234176,609325056,114090264,95883264,18123768,2904,7449760,22132800,1263924,15756,15756,0,0,0,0,0,0,0,0,0.067,0.070,0.000,0,0,0,15756,15756,0,0
travel,73.819,1772.6,1381.901,1381.901,fly,0.876,ok,2601,0,0,192.00,461234176,609325056,114090264,95883264,18123768,2904,7449760,22132800,1263924,15756,15756,0,0,0,0,0,0,0,0,0.067,0.067,0.000,0,0,0,15756,15756,0,0
travel,73.850,1773.3,1382.418,1382.418,fly,0.892,ok,2601,0,0,192.00,461234176,609325056,114090264,95883264,18123768,2904,7449760,22132800,1263924,15756,15756,0,0,0,0,0,0,0,0,0.069,0.077,0.000,0,0,0,15756,15756,0,0
travel,73.880,1774.0,1382.932,1382.932,fly,0.873,ok,2601,0,0,192.00,461234176,609325056,114090264,95883264,18123768,2904,7449760,22132800,1263924,15756,15756,0,0,0,0,0,0,0,0,0.067,0.066,0.000,0,0,0,15756,15756,0,0
travel,73.911,1774.8,1383.457,1383.457,fly,0.873,ok,2601,0,0,192.00,461234176,609325056,114090264,95883264,18123768,2904,7449760,22132800,1263924,15756,15756,0,0,0,0,0,0,0,0,0.066,0.069,0.000,0,0,0,15756,15756,0,0
travel,73.942,1775.5,1383.983,1383.983,fly,0.876,ok,2601,0,0,192.00,461234176,609325056,114090264,95883264,18123768,2904,7449760,22132800,1263924,15756,15756,0,0,0,0,0,0,0,0,0.068,0.069,0.000,0,0,0,15756,15756,0,0
travel,73.981,1776.5,1384.652,1384.652,fly,0.883,ok,2601,0,0,192.00,461234176,609325056,114090264,95883264,18123768,2904,11174640,22132800,1317396,15857,15857,0,0,0,0,0,0,0,0,0.068,0.068,0.000,0,0,0,15857,15857,0,0
travel,74.011,1777.2,1385.168,1385.168,fly,0.907,ok,2601,0,0,192.00,461234176,609325056,114090264,95883264,18123768,2904,11174640,22132800,1317396,15857,15857,0,0,0,0,0,0,0,0,0.089,0.076,0.000,0,0,0,15857,15857,0,0
travel,74.042,1777.9,1385.686,1385.686,fly,0.854,ok,2601,0,0,192.00,461234176,609325056,114090264,95883264,18123768,2904,11174640,22132800,1317396,15857,15857,0,0,0,0,0,0,0,0,0.068,0.067,0.000,0,0,0,15857,15857,0,0
travel,74.073,1778.7,1386.206,1386.206,fly,0.863,ok,2601,0,0,192.00,461234176,609325056,114090264,95883264,18123768,2904,11174640,22132800,1317396,15857,15857,0,0,0,0,0,0,0,0,0.072,0.069,0.000,0,0,0,15857,15857,0,0
travel,74.103,1779.4,1386.717,1386.717,fly,0.910,ok,2601,0,0,192.00,461234176,609325056,114090264,95883264,18123768,2904,7449760,22132800,1317396,15857,15857,0,0,0,0,0,0,0,0,0.071,0.077,0.000,0,0,0,15857,15857,0,0
travel,74.133,1780.1,1387.236,1387.236,fly,0.856,ok,2601,0,0,192.00,461234176,609325056,114090264,95883264,18123768,2904,7449760,22132800,1317396,15857,15857,0,0,0,0,0,0,0,0,0.069,0.066,0.000,0,0,0,15857,15857,0,0
travel,74.164,1780.9,1387.757,1387.757,fly,0.866,ok,2601,0,0,192.00,461234176,609325056,114090264,95883264,18123768,2904,7449760,22132800,1317396,15857,15857,0,0,0,0,0,0,0,0,0.069,0.067,0.000,0,0,0,15857,15857,0,0
travel,74.194,1781.6,1388.272,1388.272,fly,0.870,ok,2601,0,0,192.00,461234176,609325056,114090264,95883264,18123768,2904,7449760,22132800,1317396,15857,15857,0,0,0,0,0,0,0,0,0.070,0.070,0.000,0,0,0,15857,15857,0,0
travel,74.225,1782.3,1388.802,1388.802,fly,0.950,ok,2601,0,0,192.00,461234176,609325056,114090264,95883264,18123768,2904,7449760,22132800,1317396,15857,15857,0,0,0,0,0,0,0,0,0.076,0.084,0.000,0,0,0,15857,15857,0,0
travel,74.256,1783.1,1389.324,1389.324,fly,0.864,ok,2601,0,0,192.00,461234176,609325056,114090264,95883264,18123768,2904,7449760,22132800,1317396,15857,15857,0,0,0,0,0,0,0,0,0.067,0.065,0.000,0,0,0,15857,15857,0,0
travel,74.286,1783.8,1389.837,1389.837,fly,0.868,ok,2601,0,0,192.00,461234176,609325056,114090264,95883264,18123768,2904,7449760,22132800,1317396,15857,15857,0,0,0,0,0,0,0,0,0.066,0.069,0.000,0,0,0,15857,15857,0,0
travel,74.316,1784.5,1390.348,1390.348,fly,0.881,ok,2601,0,0,192.00,461234176,609325056,114090264,95883264,18123768,2904,7449760,22132800,1317396,15857,15857,0,0,0,0,0,0,0,0,0.065,0.070,0.000,0,0,0,15857,15857,0,0
travel,74.347,1785.3,1390.869,1390.869,fly,0.991,ok,2601,0,0,192.00,461234176,609325056,114090264,95883264,18123768,2904,7449760,22132800,1317396,15857,15857,0,0,0,0,0,0,0,0,0.075,0.109,0.000,0,0,0,15857,15857,0,0
travel,74.377,1786.0,1391.380,1391.380,fly,0.866,ok,2601,0,0,192.00,461234176,609325056,114090264,95883264,18123768,2904,7449760,22132800,1317396,15857,15857,0,0,0,0,0,0,0,0,0.068,0.066,0.000,0,0,0,15857,15857,0,0
travel,74.408,1786.7,1391.905,1391.905,fly,0.867,ok,2601,0,0,192.00,461234176,609325056,114090264,95883264,18123768,2904,7449760,22132800,1317396,15857,15857,0,0,0,0,0,0,0,0,0.066,0.067,0.000,0,0,0,15857,15857,0,0
travel,74.448,1787.7,1392.593,1392.593,fly,0.886,ok,2601,0,0,192.00,461234176,609325056,114090264,95883264,18123768,2904,11174640,22132800,1372948,15958,15958,0,0,0,0,0,0,0,0,0.068,0.070,0.000,0,0,0,15958,15958,0,0
travel,74.480,1788.5,1393.127,1393.127,fly,0.869,ok,2601,0,0,192.00,461234176,609325056,114090264,95883264,18123768,2904,11174640,22132800,1372948,15958,15958,0,0,0,0,0,0,0,0,0.068,0.068,0.000,0,0,0,15958,15958,0,0
travel,74.510,1789.2,1393.643,1393.643,fly,0.873,ok,2601,0,0,192.00,461234176,609325056,114090264,95883264,18123768,2904,11174640,22132800,1372948,15958,15958,0,0,0,0,0,0,0,0,0.070,0.066,0.000,0,0,0,15958,15958,0,0
travel,74.540,1789.9,1394.158,1394.158,fly,0.876,ok,2601,0,0,192.00,461234176,609325056,114090264,95883264,18123768,2904,11174640,22132800,1372948,15958,15958,0,0,0,0,0,0,0,0,0.067,0.069,0.000,0,0,0,15958,15958,0,0
travel,74.571,1790.7,1394.681,1394.681,fly,0.875,ok,2601,0,0,192.00,461234176,609325056,114090264,95883264,18123768,2904,7449760,22132800,1372948,15958,15958,0,0,0,0,0,0,0,0,0.069,0.068,0.000,0,0,0,15958,15958,0,0
travel,74.602,1791.4,1395.198,1395.198,fly,0.877,ok,2601,0,0,192.00,461234176,609325056,114090264,95883264,18123768,2904,7449760,22132800,1372948,15958,15958,0,0,0,0,0,0,0,0,0.068,0.071,0.000,0,0,0,15958,15958,0,0
travel,74.632,1792.1,1395.714,1395.714,fly,0.869,ok,2601,0,0,192.00,461234176,609325056,114090264,95883264,18123768,2904,7449760,22132800,1372948,15958,15958,0,0,0,0,0,0,0,0,0.068,0.068,0.000,0,0,0,15958,15958,0,0
travel,74.662,1792.8,1396.230,1396.230,fly,0.907,ok,2601,0,0,192.00,461234176,609325056,114090264,95883264,18123768,2904,7449760,22132800,1372948,15958,15958,0,0,0,0,0,0,0,0,0.070,0.072,0.000,0,0,0,15958,15958,0,0
travel,74.693,1793.6,1396.756,1396.756,fly,1.034,ok,2601,0,0,192.00,461234176,609325056,114090264,95883264,18123768,2904,7449760,22132800,1372948,15958,15958,0,0,0,0,0,0,0,0,0.079,0.108,0.000,0,0,0,15958,15958,0,0
travel,74.724,1794.3,1397.272,1397.272,fly,0.917,ok,2601,0,0,192.00,461234176,609325056,114090264,95883264,18123768,2904,7449760,22132800,1372948,15958,15958,0,0,0,0,0,0,0,0,0.067,0.111,0.000,0,0,0,15958,15958,0,0
travel,74.755,1795.1,1397.802,1397.802,fly,0.870,ok,2601,0,0,192.00,461234176,609325056,114090264,95883264,18123768,2904,7449760,22132800,1372948,15958,15958,0,0,0,0,0,0,0,0,0.067,0.068,0.000,0,0,0,15958,15958,0,0
travel,74.785,1795.8,1398.323,1398.323,fly,0.883,ok,2601,0,0,192.00,461234176,609325056,114090264,95883264,18123768,2904,7449760,22132800,1372948,15958,15958,0,0,0,0,0,0,0,0,0.067,0.073,0.000,0,0,0,15958,15958,0,0
travel,74.815,1796.5,1398.833,1398.833,fly,0.866,ok,2601,0,0,192.00,461234176,609325056,114090264,95883264,18123768,2904,7449760,22132800,1372948,15958,15958,0,0,0,0,0,0,0,0,0.066,0.066,0.000,0,0,0,15958,15958,0,0
travel,74.846,1797.3,1399.355,1399.355,fly,0.878,ok,2601,0,0,192.00,461234176,609325056,114090264,95883264,18123768,2904,7449760,22132800,1372948,15958,15958,0,0,0,0,0,0,0,0,0.067,0.072,0.000,0,0,0,15958,15958,0,0
travel,74.878,1798.0,1399.900,1399.900,fly,0.982,ok,2601,0,0,192.00,461234176,609325056,114090264,95883264,18123768,2904,7449760,22132800,1372948,15958,15958,0,0,0,0,0,0,0,0,0.071,0.097,0.000,0,0,0,15958,15958,0,0
travel,74.918,1799.0,1400.573,1400.573,fly,0.870,ok,2601,0,0,192.00,461234176,609325056,114090264,95883264,18123768,2904,11174640,22132800,1430216,16059,16059,0,0,0,0,0,0,0,0,0.067,0.067,0.000,0,0,0,16059,16059,0,0
travel,74.949,1799.7,1401.104,1401.104,fly,0.887,ok,2601,0,0,192.00,461234176,609325056,114090264,95883264,18123768,2904,11174640,22132800,1430216,16059,16059,0,0,0,0,0,0,0,0,0.069,0.070,0.000,0,0,0,16059,16059,0,0
travel,74.979,1800.5,1401.616,1401.616,fly,0.877,ok,2601,0,0,192.00,461234176,609325056,114090264,95883264,18123768,2904,11174640,22132800,1430216,16059,16059,0,0,0,0,0,0,0,0,0.068,0.069,0.000,0,0,0,16059,16059,0,0
travel,75.010,1801.2,1402.143,1402.143,fly,0.876,ok,2601,0,0,192.00,461234176,609325056,114090264,95883264,18123768,2904,11174640,22132800,1430216,16059,16059,0,0,0,0,0,0,0,0,0.068,0.069,0.000,0,0,0,16059,16059,0,0
travel,75.041,1801.9,1402.663,1402.663,fly,0.896,ok,2601,0,0,192.00,461234176,609325056,114090264,95883264,18123768,2904,11174640,22132800,1430216,16059,16059,0,0,0,0,0,0,0,0,0.069,0.071,0.000,0,0,0,16059,16059,0,0
travel,75.071,1802.7,1403.178,1403.178,fly,0.876,ok,2601,0,0,192.00,461234176,609325056,114090264,95883264,18123768,2904,7449760,22132800,1430216,16059,16059,0,0,0,0,0,0,0,0,0.068,0.066,0.000,0,0,0,16059,16059,0,0
travel,75.102,1803.4,1403.699,1403.699,fly,0.918,ok,2601,0,0,192.00,461234176,609325056,114090264,95883264,18123768,2904,7449760,22132800,1430216,16059,16059,0,0,0,0,0,0,0,0,0.076,0.075,0.000,0,0,0,16059,16059,0,0
travel,75.132,1804.1,1404.213,1404.213,fly,0.875,ok,2601,0,0,192.00,461234176,609325056,114090264,95883264,18123768,2904,7449760,22132800,1430216,16059,16059,0,0,0,0,0,0,0,0,0.069,0.070,0.000,0,0,0,16059,16059,0,0
travel,75.162,1804.9,1404.730,1404.730,fly,0.870,ok,2601,0,0,192.00,461234176,609325056,114090264,95883264,18123768,2904,7449760,22132800,1430216,16059,16059,0,0,0,0,0,0,0,0,0.067,0.069,0.000,0,0,0,16059,16059,0,0
travel,75.193,1805.6,1405.251,1405.251,fly,0.906,ok,2601,0,0,192.00,461234176,609325056,114090264,95883264,18123768,2904,7449760,22132800,1430216,16059,16059,0,0,0,0,0,0,0,0,0.068,0.074,0.000,0,0,0,16059,16059,0,0
travel,75.224,1806.3,1405.780,1405.780,fly,0.931,ok,2601,0,0,192.00,461234176,609325056,114090264,95883264,18123768,2904,7449760,22132800,1430216,16059,16059,0,0,0,0,0,0,0,0,0.090,0.079,0.000,0,0,0,16059,16059,0,0
travel,75.255,1807.1,1406.313,1406.313,fly,0.899,ok,2601,0,0,192.00,461234176,609325056,114090264,95883264,18123768,2904,7449760,22132800,1430216,16059,16059,0,0,0,0,0,0,0,0,0.067,0.073,0.000,0,0,0,16059,16059,0,0
travel,75.286,1807.8,1406.833,1406.833,fly,0.877,ok,2601,0,0,192.00,461234176,609325056,114090264,95883264,18123768,2904,7449760,22132800,1430216,16059,16059,0,0,0,0,0,0,0,0,0.070,0.073,0.000,0,0,0,16059,16059,0,0
travel,75.317,1808.6,1407.359,1407.359,fly,0.873,ok,2601,0,0,192.00,461234176,609325056,114090264,95883264,18123768,2904,7449760,22132800,1430216,16059,16059,0,0,0,0,0,0,0,0,0.066,0.069,0.000,0,0,0,16059,16059,0,0
travel,75.347,1809.3,1407.875,1407.875,fly,0.899,ok,2601,0,0,192.00,461234176,609325056,114090264,95883264,18123768,2904,7449760,22132800,1430216,16059,16059,0,0,0,0,0,0,0,0,0.067,0.074,0.000,0,0,0,16059,16059,0,0
travel,75.387,1810.3,1408.552,1408.552,fly,0.948,ok,2601,0,39,192.00,461242368,609325056,114090264,95883264,18123768,2904,11174640,20097840,1258048,16160,16160,0,0,9,0,0,0,0,0,0.074,0.092,0.000,0,0,0,16160,16160,0,0
travel,75.418,1811.0,1409.073,1409.073,fly,0.880,ok,2601,0,0,192.00,461242368,609325056,114090264,95883264,18123768,2904,11174640,22132800,1265032,16160,16160,0,0,0,0,0,0,0,0,0.068,0.071,0.000,0,0,0,16160,16160,0,0
travel,75.448,1811.7,1409.589,1409.589,fly,0.870,ok,2601,0,0,192.00,461242368,609325056,114090264,95883264,18123768,2904,11174640,22132800,1265032,16160,16160,0,0,0,0,0,0,0,0,0.067,0.068,0.000,0,0,0,16160,16160,0,0
travel,75.479,1812.5,1410.113,1410.113,fly,0.889,ok,2601,0,0,192.00,461242368,609325056,114090264,95883264,18123768,2904,11174640,22132800,1265032,16160,16160,0,0,0,0,0,0,0,0,0.067,0.069,0.000,0,0,0,16160,16160,0,0
travel,75.509,1813.2,1410.630,1410.630,fly,0.895,ok,2601,0,0,192.00,461242368,609325056,114090264,95883264,18123768,2904,7449760,22132800,1265032,16160,16160,0,0,0,0,0,0,0,0,0.069,0.071,0.000,0,0,0,16160,16160,0,0
travel,75.540,1813.9,1411.145,1411.145,fly,0.876,ok,2601,0,0,192.00,461242368,609325056,114090264,95883264,18123768,2904,7449760,22132800,1265032,16160,16160,0,0,0,0,0,0,0,0,0.069,0.070,0.000,0,0,0,16160,16160,0,0
travel,75.570,1814.7,1411.663,1411.663,fly,0.871,ok,2601,0,0,192.00,461242368,609325056,114090264,95883264,18123768,2904,7449760,22132800,1265032,16160,16160,0,0,0,0,0,0,0,0,0.070,0.066,0.000,0,0,0,16160,16160,0,0
travel,75.601,1815.4,1412.183,1412.183,fly,0.877,ok,2601,0,0,192.00,461242368,609325056,114090264,95883264,18123768,2904,7449760,22132800,1265032,16160,16160,0,0,0,0,0,0,0,0,0.067,0.068,0.000,0,0,0,16160,16160,0,0
travel,75.631,1816.1,1412.698,1412.698,fly,0.866,ok,2601,0,0,192.00,461242368,609325056,114090264,95883264,18123768,2904,7449760,22132800,1265032,16160,16160,0,0,0,0,0,0,0,0,0.067,0.065,0.000,0,0,0,16160,16160,0,0
travel,75.661,1816.9,1413.213,1413.213,fly,1.011,ok,2601,0,0,192.00,461242368,609325056,114090264,95883264,18123768,2904,7449760,22132800,1265032,16160,16160,0,0,0,0,0,0,0,0,0.175,0.075,0.000,0,0,0,16160,16160,0,0
travel,75.691,1817.6,1413.724,1413.724,fly,0.867,ok,2601,0,0,192.00,461242368,609325056,114090264,95883264,18123768,2904,7449760,22132800,1265032,16160,16160,0,0,0,0,0,0,0,0,0.068,0.068,0.000,0,0,0,16160,16160,0,0
travel,75.722,1818.3,1414.242,1414.242,fly,0.874,ok,2601,0,0,192.00,461242368,609325056,114090264,95883264,18123768,2904,7449760,22132800,1265032,16160,16160,0,0,0,0,0,0,0,0,0.067,0.067,0.000,0,0,0,16160,16160,0,0
travel,75.752,1819.1,1414.763,1414.763,fly,1.620,ok,2601,0,0,192.00,461242368,609325056,114090264,95883264,18123768,2904,7449760,22132800,1265032,16160,16160,0,0,0,0,0,0,0,0,0.626,0.198,0.000,0,0,0,16160,16160,0,0
travel,75.784,1819.8,1415.297,1415.297,fly,0.870,ok,2601,0,0,192.00,461242368,609325056,114090264,95883264,18123768,2904,7449760,22132800,1265032,16160,16160,0,0,0,0,0,0,0,0,0.067,0.066,0.000,0,0,0,16160,16160,0,0
travel,75.815,1820.6,1415.826,1415.826,fly,0.892,ok,2601,0,0,192.00,461242368,609325056,114090264,95883264,18123768,2904,7449760,22132800,1265032,16160,16160,0,0,0,0,0,0,0,0,0.068,0.076,0.000,0,0,0,16160,16160,0,0
travel,75.853,1821.5,1416.475,1416.475,fly,0.913,ok,2601,0,23,192.00,461242368,609325056,114090264,95883264,18123768,2904,11174640,20932656,1314457,16261,16261,0,0,7,0,0,0,0,0,0.073,0.083,0.000,0,0,0,16261,16261,0,0
travel,75.884,1822.2,1416.994,1416.994,fly,0.877,ok,2601,0,0,192.00,461242368,609325056,114090264,95883264,18123768,2904,11174640,22132800,1318752,16261,16261,0,0,0,0,0,0,0,0,0.068,0.066,0.000,0,0,0,16261,16261,0,0
travel,75.914,1822.9,1417.513,1417.513,fly,0.872,ok,2601,0,0,192.00,461242368,609325056,114090264,95883264,18123768,2904,11174640,22132800,1318752,16261,16261,0,0,0,0,0,0,0,0,0.068,0.066,0.000,0,0,0,16261,16261,0,0
travel,75.945,1823.7,1418.033,1418.033,fly,1.032,ok,2601,0,0,192.00,461242368,609325056,114090264,95883264,18123768,2904,11174640,22132800,1318752,16261,16261,0,0,0,0,0,0,0,0,0.077,0.109,0.000,0,0,0,16261,16261,0,0
travel,75.976,1824.4,1418.557,1418.557,fly,0.899,ok,2601,0,0,192.00,461242368,609325056,114090264,95883264,18123768,2904,7449760,22132800,1318752,16261,16261,0,0,0,0,0,0,0,0,0.068,0.078,0.000,0,0,0,16261,16261,0,0
travel,76.006,1825.1,1419.070,1419.070,fly,0.861,ok,2601,0,0,192.00,461242368,609325056,114090264,95883264,18123768,2904,7449760,22132800,1318752,16261,16261,0,0,0,0,0,0,0,0,0.067,0.065,0.000,0,0,0,16261,16261,0,0
travel,76.036,1825.9,1419.590,1419.590,fly,0.869,ok,2601,0,0,192.00,461242368,609325056,114090264,95883264,18123768,2904,7449760,22132800,1318752,16261,16261,0,0,0,0,0,0,0,0,0.066,0.067,0.000,0,0,0,16261,16261,0,0
travel,76.067,1826.6,1420.109,1420.109,fly,0.905,ok,2601,0,0,192.00,461242368,609325056,114090264,95883264,18123768,2904,7449760,22132800,1318752,16261,16261,0,0,0,0,0,0,0,0,0.067,0.080,0.000,0,0,0,16261,16261,0,0
travel,76.098,1827.3,1420.631,1420.631,fly,0.874,ok,2601,0,0,192.00,461242368,609325056,114090264,95883264,18123768,2904,7449760,22132800,1318752,16261,16261,0,0,0,0,0,0,0,0,0.068,0.068,0.000,0,0,0,16261,16261,0,0
travel,76.128,1828.1,1421.152,1421.152,fly,0.930,ok,2601,0,0,192.00,461242368,609325056,114090264,95883264,18123768,2904,7449760,22132800,1318752,16261,16261,0,0,0,0,0,0,0,0,0.069,0.081,0.000,0,0,0,16261,16261,0,0
travel,76.159,1828.8,1421.668,1421.668,fly,0.871,ok,2601,0,0,192.00,461242368,609325056,114090264,95883264,18123768,2904,7449760,22132800,1318752,16261,16261,0,0,0,0,0,0,0,0,0.067,0.073,0.000,0,0,0,16261,16261,0,0
travel,76.189,1829.5,1422.182,1422.182,fly,0.883,ok,2601,0,0,192.00,461242368,609325056,114090264,95883264,18123768,2904,7449760,22132800,1318752,16261,16261,0,0,0,0,0,0,0,0,0.067,0.081,0.000,0,0,0,16261,16261,0,0
travel,76.220,1830.3,1422.707,1422.707,fly,1.061,ok,2601,0,0,192.00,461242368,609325056,114090264,95883264,18123768,2904,7449760,22132800,1318752,16261,16261,0,0,0,0,0,0,0,0,0.067,0.248,0.000,0,0,0,16261,16261,0,0
travel,76.251,1831.0,1423.237,1423.237,fly,0.871,ok,2601,0,0,192.00,461242368,609325056,114090264,95883264,18123768,2904,7449760,22132800,1318752,16261,16261,0,0,0,0,0,0,0,0,0.065,0.067,0.000,0,0,0,16261,16261,0,0
travel,76.282,1831.8,1423.758,1423.758,fly,0.905,ok,2601,0,0,192.00,461242368,609325056,114090264,95883264,18123768,2904,7449760,22132800,1318752,16261,16261,0,0,0,0,0,0,0,0,0.068,0.075,0.000,0,0,0,16261,16261,0,0
travel,76.323,1832.8,1424.457,1424.457,fly,0.936,ok,2601,0,25,192.00,461242368,609325056,114090264,95883264,18123768,2904,11174640,20828304,1367852,16362,16362,0,0,9,0,0,0,0,0,0.071,0.076,0.000,0,0,0,16362,16362,0,0
travel,76.353,1833.5,1424.977,1424.977,fly,0.868,ok,2601,0,0,192.00,461242368,609325056,114090264,95883264,18123768,2904,11174640,22132800,1372444,16362,16362,0,0,0,0,0,0,0,0,0.068,0.068,0.000,0,0,0,16362,16362,0,0
travel,76.384,1834.2,1425.505,1425.505,fly,0.866,ok,2601,0,0,192.00,461242368,609325056,114090264,95883264,18123768,2904,11174640,22132800,1372444,16362,16362,0,0,0,0,0,0,0,0,0.068,0.065,0.000,0,0,0,16362,16362,0,0
travel,76.416,1835.0,1426.041,1426.041,fly,0.874,ok,2601,0,0,192.00,461242368,609325056,114090264,95883264,18123768,2904,11174640,22132800,1372444,16362,16362,0,0,0,0,0,0,0,0,0.068,0.069,0.000,0,0,0,16362,16362,0,0
travel,76.446,1835.7,1426.555,1426.555,fly,0.874,ok,2601,0,0,192.00,461242368,609325056,114090264,95883264,18123768,2904,11174640,22132800,1372444,16362,16362,0,0,0,0,0,0,0,0,0.067,0.070,0.000,0,0,0,16362,16362,0,0
travel,76.477,1836.5,1427.074,1427.074,fly,1.020,ok,2601,0,0,192.00,461242368,609325056,114090264,95883264,18123768,2904,7449760,22132800,1372444,16362,16362,0,0,0,0,0,0,0,0,0.081,0.111,0.000,0,0,0,16362,16362,0,0
travel,76.507,1837.2,1427.591,1427.591,fly,0.897,ok,2601,0,0,192.00,461242368,609325056,114090264,95883264,18123768,2904,7449760,22132800,1372444,16362,16362,0,0,0,0,0,0,0,0,0.067,0.073,0.000,0,0,0,16362,16362,0,0
travel,76.538,1837.9,1428.108,1428.108,fly,0.865,ok,2601,0,0,192.00,461242368,609325056,114090264,95883264,18123768,2904,7449760,22132800,1372444,16362,16362,0,0,0,0,0,0,0,0,0.067,0.066,0.000,0,0,0,16362,16362,0,0
travel,76.568,1838.7,1428.630,1428.630,fly,0.867,ok,2601,0,0,192.00,461242368,609325056,114090264,95883264,18123768,2904,7449760,22132800,1372444,16362,16362,0,0,0,0,0,0,0,0,0.068,0.066,0.000,0,0,0,16362,16362,0,0
travel,76.599,1839.4,1429.157,1429.157,fly,0.861,ok,2601,0,0,192.00,461242368,609325056,114090264,95883264,18123768,2904,7449760,22132800,1372444,16362,16362,0,0,0,0,0,0,0,0,0.067,0.070,0.000,0,0,0,16362,16362,0,0
travel,76.630,1840.1,1429.674,1429.674,fly,0.863,ok,2601,0,0,192.00,461242368,609325056,114090264,95883264,18123768,2904,7449760,22132800,1372444,16362,16362,0,0,0,0,0,0,0,0,0.068,0.069,0.000,0,0,0,16362,16362,0,0
travel,76.660,1840.9,1430.194,1430.194,fly,0.872,ok,2601,0,0,192.00,461242368,609325056,114090264,95883264,18123768,2904,7449760,22132800,1372444,16362,16362,0,0,0,0,0,0,0,0,0.067,0.065,0.000,0,0,0,16362,16362,0,0
travel,76.691,1841.6,1430.709,1430.709,fly,0.900,ok,2601,0,0,192.00,461242368,609325056,114090264,95883264,18123768,2904,7449760,22132800,1372444,16362,16362,0,0,0,0,0,0,0,0,0.067,0.074,0.000,0,0,0,16362,16362,0,0
travel,76.721,1842.3,1431.224,1431.224,fly,0.869,ok,2601,0,0,192.00,461242368,609325056,114090264,95883264,18123768,2904,7449760,22132800,1372444,16362,16362,0,0,0,0,0,0,0,0,0.067,0.067,0.000,0,0,0,16362,16362,0,0
travel,76.751,1843.1,1431.735,1431.735,fly,0.893,ok,2601,0,0,192.00,461242368,609325056,114090264,95883264,18123768,2904,7449760,22132800,1372444,16362,16362,0,0,0,0,0,0,0,0,0.067,0.071,0.000,0,0,0,16362,16362,0,0
travel,76.791,1844.0,1432.411,1432.411,fly,0.867,ok,2601,0,44,192.00,461242368,609325056,114090264,95883264,18123768,2904,11174640,19836960,1420103,16463,16463,0,0,5,0,0,0,0,0,0.068,0.069,0.000,0,0,0,16463,16463,0,0
travel,76.821,1844.7,1432.926,1432.926,fly,0.884,ok,2601,0,0,192.00,461242368,609325056,114090264,95883264,18123768,2904,11174640,22132800,1429240,16463,16463,0,0,0,0,0,0,0,0,0.070,0.072,0.000,0,0,0,16463,16463,0,0
travel,76.852,1845.5,1433.450,1433.450,fly,1.127,ok,2601,0,0,192.00,461242368,609325056,114090264,95883264,18123768,2904,11174640,22132800,1429240,16463,16463,0,0,0,0,0,0,0,0,0.146,0.207,0.000,0,0,0,16463,16463,0,0
travel,76.882,1846.2,1433.970,1433.970,fly,0.869,ok,2601,0,0,192.00,461307904,609325056,114090264,95883264,18123768,2904,11174640,22132800,1429240,16463,16463,0,0,0,0,0,0,0,0,0.069,0.065,0.000,0,0,0,16463,16463,0,0
travel,76.913,1847.0,1434.497,1434.497,fly,0.879,ok,2601,0,0,192.00,461307904,609325056,114090264,95883264,18123768,2904,11174640,22132800,1429240,16463,16463,0,0,0,0,0,0,0,0,0.069,0.073,0.000,0,0,0,16463,16463,0,0
travel,76.944,1847.7,1435.016,1435.016,fly,0.993,ok,2601,0,0,192.00,461307904,609325056,114090264,95883264,18123768,2904,7449760,22132800,1429240,16463,16463,0,0,0,0,0,0,0,0,0.073,0.091,0.000,0,0,0,16463,16463,0,0
travel,76.974,1848.4,1435.532,1435.532,fly,0.888,ok,2601,0,0,192.00,461307904,609325056,114090264,95883264,18123768,2904,7449760,22132800,1429240,16463,16463,0,0,0,0,0,0,0,0,0.073,0.072,0.000,0,0,0,16463,16463,0,0
travel,77.005,1849.2,1436.054,1436.054,fly,0.889,ok,2601,0,0,192.00,461307904,609325056,114090264,95883264,18123768,2904,7449760,22132800,1429240,16463,16463,0,0,0,0,0,0,0,0,0.068,0.070,0.000,0,0,0,16463,16463,0,0
travel,77.036,1849.9,1436.575,1436.575,fly,1.061,ok,2601,0,0,192.00,461307904,609325056,114090264,95883264,18123768,2904,7449760,22132800,1429240,16463,16463,0,0,0,0,0,0,0,0,0.180,0.095,0.000,0,0,0,16463,16463,0,0
travel,77.066,1850.6,1437.096,1437.096,fly,0.869,ok,2601,0,0,192.00,461307904,609325056,114090264,95883264,18123768,2904,7449760,22132800,1429240,16463,16463,0,0,0,0,0,0,0,0,0.068,0.069,0.000,0,0,0,16463,16463,0,0
travel,77.097,1851.4,1437.614,1437.614,fly,0.876,ok,2601,0,0,192.00,461307904,609325056,114090264,95883264,18123768,2904,7449760,22132800,1429240,16463,16463,0,0,0,0,0,0,0,0,0.068,0.068,0.000,0,0,0,16463,16463,0,0
travel,77.127,1852.1,1438.124,1438.124,fly,0.918,ok,2601,0,0,192.00,461307904,609325056,114090264,95883264,18123768,2904,7449760,22132800,1429240,16463,16463,0,0,0,0,0,0,0,0,0.067,0.081,0.000,0,0,0,16463,16463,0,0
travel,77.158,1852.8,1438.648,1438.648,fly,0.872,ok,2601,0,0,192.00,461307904,609325056,114090264,95883264,18123768,2904,7449760,22132800,1429240,16463,16463,0,0,0,0,0,0,0,0,0.067,0.072,0.000,0,0,0,16463,16463,0,0
travel,77.188,1853.6,1439.172,1439.172,fly,0.868,ok,2601,0,0,192.00,461307904,609325056,114090264,95883264,18123768,2904,7449760,22132800,1429240,16463,16463,0,0,0,0,0,0,0,0,0.066,0.071,0.000,0,0,0,16463,16463,0,0
travel,77.219,1854.3,1439.687,1439.687,fly,0.877,ok,2601,0,0,192.00,461307904,609325056,114090264,95883264,18123768,2904,7449760,22132800,1429240,16463,16463,0,0,0,0,0,0,0,0,0.066,0.069,0.000,0,0,0,16463,16463,0,0
travel,77.259,1855.3,1440.370,1440.370,fly,0.916,ok,2601,0,91,192.00,461312000,609325056,114090264,95883264,18123768,2904,11174640,17384688,1248779,16564,16564,0,0,10,0,0,0,0,0,0.070,0.075,0.000,0,0,0,16564,16564,0,0
travel,77.289,1856.0,1440.886,1440.886,fly,0.866,ok,2601,0,0,192.00,461312000,609325056,114090264,95883264,18123768,2904,11174640,22132800,1266860,16564,16564,0,0,0,0,0,0,0,0,0.067,0.067,0.000,0,0,0,16564,16564,0,0
travel,77.321,1856.7,1441.419,1441.419,fly,0.871,ok,2601,0,0,192.00,461312000,609325056,114090264,95883264,18123768,2904,11174640,22132800,1266860,16564,16564,0,0,0,0,0,0,0,0,0.067,0.066,0.000,0,0,0,16564,16564,0,0
travel,77.351,1857.5,1441.940,1441.940,fly,0.868,ok,2601,0,0,192.00,461312000,609325056,114090264,95883264,18123768,2904,11174640,22132800,1266860,16564,16564,0,0,0,0,0,0,0,0,0.067,0.066,0.000,0,0,0,16564,16564,0,0
travel,77.382,1858.2,1442.459,1442.459,fly,0.873,ok,2601,0,0,192.00,461312000,609325056,114090264,95883264,18123768,2904,11174640,22132800,1266860,16564,16564,0,0,0,0,0,0,0,0,0.067,0.068,0.000,0,0,0,16564,16564,0,0
travel,77.412,1859.0,1442.981,1442.981,fly,0.867,ok,2601,0,0,192.00,461312000,609325056,114090264,95883264,18123768,2904,7449760,22132800,1266860,16564,16564,0,0,0,0,0,0,0,0,0.067,0.069,0.000,0,0,0,16564,16564,0,0
travel,77.443,1859.7,1443.505,1443.505,fly,0.877,ok,2601,0,0,192.00,461312000,609325056,114090264,95883264,18123768,2904,7449760,22132800,1266860,16564,16564,0,0,0,0,0,0,0,0,0.070,0.068,0.000,0,0,0,16564,16564,0,0
travel,77.474,1860.4,1444.021,1444.021,fly,0.870,ok,2601,0,0,192.00,461312000,609325056,114090264,95883264,18123768,2904,7449760,22132800,1266860,16564,16564,0,0,0,0,0,0,0,0,0.067,0.070,0.000,0,0,0,16564,16564,0,0
travel,77.504,1861.2,1444.543,1444.543,fly,0.862,ok,2601,0,0,192.00,461312000,609325056,114090264,95883264,18123768,2904,7449760,22132800,1266860,16564,16564,0,0,0,0,0,0,0,0,0.064,0.064,0.000,0,0,0,16564,16564,0,0
travel,77.535,1861.9,1445.065,1445.065,fly,0.883,ok,2601,0,0,192.00,461312000,609325056,114090264,95883264,18123768,2904,7449760,22132800,1266860,16564,16564,0,0,0,0,0,0,0,0,0.068,0.069,0.000,0,0,0,16564,16564,0,0
travel,77.565,1862.6,1445.578,1445.578,fly,0.862,ok,2601,0,0,192.00,461312000,609325056,114090264,95883264,18123768,2904,7449760,22132800,1266860,16564,16564,0,0,0,0,0,0,0,0,0.065,0.064,0.000,0,0,0,16564,16564,0,0
travel,77.596,1863.4,1446.100,1446.100,fly,0.862,ok,2601,0,0,192.00,461312000,609325056,114090264,95883264,18123768,2904,7449760,22132800,1266860,16564,16564,0,0,0,0,0,0,0,0,0.066,0.065,0.000,0,0,0,16564,16564,0,0
travel,77.626,1864.1,1446.612,1446.612,fly,1.158,ok,2601,0,0,192.00,461312000,609325056,114090264,95883264,18123768,2904,7449760,22132800,1266860,16564,16564,0,0,0,0,0,0,0,0,0.320,0.075,0.000,0,0,0,16564,16564,0,0
travel,77.657,1864.8,1447.138,1447.138,fly,0.864,ok,2601,0,0,192.00,461312000,609325056,114090264,95883264,18123768,2904,7449760,22132800,1266860,16564,16564,0,0,0,0,0,0,0,0,0.066,0.068,0.000,0,0,0,16564,16564,0,0
travel,77.688,1865.6,1447.661,1447.661,fly,0.871,ok,2601,0,0,192.00,461312000,609325056,114090264,95883264,18123768,2904,7449760,22132800,1266860,16564,16564,0,0,0,0,0,0,0,0,0.065,0.070,0.000,0,0,0,16564,16564,0,0
travel,77.728,1866.5,1448.340,1448.340,fly,0.870,ok,2601,0,80,192.00,461312000,609325056,114090264,95883264,18123768,2904,11174640,17958624,1305962,16665,16665,0,0,6,0,0,0,0,0,0.067,0.066,0.000,0,0,0,16665,16665,0,0
travel,77.759,1867.3,1448.877,1448.877,fly,0.898,ok,2601,0,0,192.00,461312000,609325056,114090264,95883264,18123768,2904,11174640,22132800,1321136,16665,16665,0,0,0,0,0,0,0,0,0.068,0.088,0.000,0,0,0,16665,16665,0,0
travel,77.790,1868.0,1449.395,1449.395,fly,1.023,ok,2601,0,0,192.00,461312000,609325056,114090264,95883264,18123768,2904,11174640,22132800,1321136,16665,16665,0,0,0,0,0,0,0,0,0.187,0.078,0.000,0,0,0,16665,16665,0,0
travel,77.820,1868.8,1449.908,1449.908,fly,0.867,ok,2601,0,0,192.00,461312000,609325056,114090264,95883264,18123768,2904,11174640,22132800,1321136,16665,16665,0,0,0,0,0,0,0,0,0.067,0.067,0.000,0,0,0,16665,16665,0,0
travel,77.850,1869.5,1450.422,1450.422,fly,0.876,ok,2601,0,0,192.00,461312000,609325056,114090264,95883264,18123768,2904,11174640,22132800,1321136,16665,16665,0,0,0,0,0,0,0,0,0.068,0.068,0.000,0,0,0,16665,16665,0,0
travel,77.881,1870.2,1450.943,1450.943,fly,0.865,ok,2601,0,0,192.00,461312000,609325056,114090264,95883264,18123768,2904,7449760,22132800,1321136,16665,16665,0,0,0,0,0,0,0,0,0.068,0.067,0.000,0,0,0,16665,16665,0,0
travel,77.911,1870.9,1451.458,1451.458,fly,0.865,ok,2601,0,0,192.00,461312000,609325056,114090264,95883264,18123768,2904,7449760,22132800,1321136,16665,16665,0,0,0,0,0,0,0,0,0.067,0.068,0.000,0,0,0,16665,16665,0,0
travel,77.942,1871.7,1451.987,1451.987,fly,0.925,ok,2601,0,0,192.00,461312000,609325056,114090264,95883264,18123768,2904,7449760,22132800,1321136,16665,16665,0,0,0,0,0,0,0,0,0.069,0.079,0.000,0,0,0,16665,16665,0,0
travel,77.973,1872.4,1452.502,1452.502,fly,0.862,ok,2601,0,0,192.00,461312000,609325056,114090264,95883264,18123768,2904,7449760,22132800,1321136,16665,16665,0,0,0,0,0,0,0,0,0.067,0.068,0.000,0,0,0,16665,16665,0,0
travel,78.003,1873.2,1453.021,1453.021,fly,0.880,ok,2601,0,0,192.00,461312000,609325056,114090264,95883264,18123768,2904,7449760,22132800,1321136,16665,16665,0,0,0,0,0,0,0,0,0.067,0.067,0.000,0,0,0,16665,16665,0,0
travel,78.033,1873.9,1453.533,1453.533,fly,0.869,ok,2601,0,0,192.00,461312000,609325056,114090264,95883264,18123768,2904,7449760,22132800,1321136,16665,16665,0,0,0,0,0,0,0,0,0.067,0.067,0.000,0,0,0,16665,16665,0,0
travel,78.064,1874.6,1454.049,1454.049,fly,0.877,ok,2601,0,0,192.00,461312000,609325056,114090264,95883264,18123768,2904,7449760,22132800,1321136,16665,16665,0,0,0,0,0,0,0,0,0.067,0.070,0.000,0,0,0,16665,16665,0,0
travel,78.095,1875.4,1454.581,1454.581,fly,0.909,ok,2601,0,0,192.00,461312000,609325056,114090264,95883264,18123768,2904,7449760,22132800,1321136,16665,16665,0,0,0,0,0,0,0,0,0.067,0.077,0.000,0,0,0,16665,16665,0,0
travel,78.125,1876.1,1455.100,1455.100,fly,0.867,ok,2601,0,0,192.00,461312000,609325056,114090264,95883264,18123768,2904,7449760,22132800,1321136,16665,16665,0,0,0,0,0,0,0,0,0.066,0.066,0.000,0,0,0,16665,16665,0,0
travel,78.156,1876.8,1455.613,1455.613,fly,0.861,ok,2601,0,0,192.00,461312000,609325056,114090264,95883264,18123768,2904,7449760,22132800,1321136,16665,16665,0,0,0,0,0,0,0,0,0.066,0.067,0.000,0,0,0,16665,16665,0,0
travel,78.195,1877.8,1456.276,1456.276,fly,0.872,ok,2601,0,103,192.00,461312000,609325056,114090264,95883264,18123768,2904,11174640,16758576,1355361,16766,16766,0,0,7,0,0,0,0,0,0.067,0.064,0.000,0,0,0,16766,16766,0,0
travel,78.226,1878.5,1456.810,1456.810,fly,0.871,ok,2601,0,0,192.00,461312000,609325056,114090264,95883264,18123768,2904,11174640,22132800,1375916,16766,16766,0,0,0,0,0,0,0,0,0.075,0.068,0.000,0,0,0,16766,16766,0,0
travel,78.256,1879.2,1457.326,1457.326,fly,0.870,ok,2601,0,0,192.00,461312000,609325056,114090264,95883264,18123768,2904,11174640,22132800,1375916,16766,16766,0,0,0,0,0,0,0,0,0.065,0.070,0.000,0,0,0,16766,16766,0,0
travel,78.286,1880.0,1457.838,1457.838,fly,0.869,ok,2601,0,0,192.00,461312000,609325056,114090264,95883264,18123768,2904,11174640,22132800,1375916,16766,16766,0,0,0,0,0,0,0,0,0.066,0.069,0.000,0,0,0,16766,16766,0,0
travel,78.318,1880.7,1458.366,1458.366,fly,0.870,ok,2601,0,0,192.00,461312000,609325056,114090264,95883264,18123768,2904,11174640,22132800,1375916,16766,16766,0,0,0,0,0,0,0,0,0.068,0.069,0.000,0,0,0,16766,16766,0,0
travel,78.348,1881.5,1458.887,1458.887,fly,0.863,ok,2601,0,0,192.00,461312000,609325056,114090264,95883264,18123768,2904,7449760,22132800,1375916,16766,16766,0,0,0,0,0,0,0,0,0.066,0.068,0.000,0,0,0,16766,16766,0,0
travel,78.378,1882.2,1459.402,1459.402,fly,0.866,ok,2601,0,0,192.00,461312000,609325056,114090264,95883264,18123768,2904,7449760,22132800,1375916,16766,16766,0,0,0,0,0,0,0,0,0.068,0.066,0.000,0,0,0,16766,16766,0,0
travel,78.409,1882.9,1459.920,1459.920,fly,0.866,ok,2601,0,0,192.00,461312000,609325056,114090264,95883264,18123768,2904,7449760,22132800,1375916,16766,16766,0,0,0,0,0,0,0,0,0.069,0.068,0.000,0,0,0,16766,16766,0,0
travel,78.440,1883.7,1460.443,1460.443,fly,1.018,ok,2601,0,0,192.00,461312000,609325056,114090264,95883264,18123768,2904,7449760,22132800,1375916,16766,16766,0,0,0,0,0,0,0,0,0.074,0.120,0.000,0,0,0,16766,16766,0,0
travel,78.470,1884.4,1460.958,1460.958,fly,0.869,ok,2601,0,0,192.00,461312000,609325056,114090264,95883264,18123768,2904,7449760,22132800,1375916,16766,16766,0,0,0,0,0,0,0,0,0.066,0.069,0.000,0,0,0,16766,16766,0,0
travel,78.501,1885.1,1461.484,1461.484,fly,0.867,ok,2601,0,0,192.00,461312000,609325056,114090264,95883264,18123768,2904,7449760,22132800,1375916,16766,16766,0,0,0,0,0,0,0,0,0.067,0.069,0.000,0,0,0,16766,16766,0,0
travel,78.531,1885.9,1462.002,1462.002,fly,1.029,ok,2601,0,0,192.00,461312000,609325056,114090264,95883264,18123768,2904,7449760,22132800,1375916,16766,16766,0,0,0,0,0,0,0,0,0.191,0.075,0.000,0,0,0,16766,16766,0,0
travel,78.562,1886.6,1462.517,1462.517,fly,0.858,ok,2601,0,0,192.00,461312000,609325056,114090264,95883264,18123768,2904,7449760,22132800,1375916,16766,16766,0,0,0,0,0,0,0,0,0.067,0.070,0.000,0,0,0,16766,16766,0,0
travel,78.592,1887.3,1463.036,1463.036,fly,0.868,ok,2601,0,0,192.00,461312000,609325056,114090264,95883264,18123768,2904,7449760,22132800,1375916,16766,16766,0,0,0,0,0,0,0,0,0.066,0.074,0.000,0,0,0,16766,16766,0,0
travel,78.623,1888.1,1463.555,1463.555,fly,0.881,ok,2601,0,0,192.00,461312000,609325056,114090264,95883264,18123768,2904,7449760,22132800,1375916,16766,16766,0,0,0,0,0,0,0,0,0.067,0.069,0.000,0,0,0,16766,16766,0,0
travel,78.662,1889.0,1464.229,1464.229,fly,0.904,ok,2601,0,131,192.00,461312000,609325056,114090264,95883264,18123768,2904,11174640,15297648,1401815,16867,16867,0,0,6,0,0,0,0,0,0.067,0.073,0.000,0,0,0,16867,16867,0,0
travel,78.693,1889.7,1464.753,1464.753,fly,0.919,ok,2601,0,0,192.00,461312000,609325056,114090264,95883264,18123768,2904,11174640,22132800,1430856,16867,16867,0,0,0,0,0,0,0,0,0.068,0.071,0.000,0,0,0,16867,16867,0,0
travel,78.724,1890.5,1465.275,1465.275,fly,0.862,ok,2601,0,0,192.00,461312000,609325056,114090264,95883264,18123768,2904,11174640,22132800,1430856,16867,16867,0,0,0,0,0,0,0,0,0.068,0.067,0.000,0,0,0,16867,16867,0,0
travel,78.755,1891.2,1465.799,1465.799,fly,0.868,ok,2601,0,0,192.00,461312000,609325056,114090264,95883264,18123768,2904,11174640,22132800,1430856,16867,16867,0,0,0,0,0,0,0,0,0.068,0.070,0.000,0,0,0,16867,16867,0,0
travel,78.785,1892.0,1466.316,1466.316,fly,0.866,ok,2601,0,0,192.00,461312000,609325056,114090264,95883264,18123768,2904,11174640,22132800,1430856,16867,16867,0,0,0,0,0,0,0,0,0.068,0.068,0.000,0,0,0,16867,16867,0,0
travel,78.815,1892.7,1466.831,1466.831,fly,0.860,ok,2601,0,0,192.00,461312000,609325056,114090264,95883264,18123768,2904,11174640,22132800,1430856,16867,16867,0,0,0,0,0,0,0,0,0.068,0.067,0.000,0,0,0,16867,16867,0,0
travel,78.846,1893.4,1467.353,1467.353,fly,0.909,ok,2601,0,0,192.00,461312000,609325056,114090264,95883264,18123768,2904,7449760,22132800,1430856,16867,16867,0,0,0,0,0,0,0,0,0.069,0.075,0.000,0,0,0,16867,16867,0,0
travel,78.876,1894.1,1467.865,1467.865,fly,0.873,ok,2601,0,0,192.00,461312000,609325056,114090264,95883264,18123768,2904,7449760,22132800,1430856,16867,16867,0,0,0,0,0,0,0,0,0.068,0.070,0.000,0,0,0,16867,16867,0,0
travel,78.907,1894.9,1468.381,1468.381,fly,0.858,ok,2601,0,0,192.00,461312000,609325056,114090264,95883264,18123768,2904,7449760,22132800,1430856,16867,16867,0,0,0,0,0,0,0,0,0.067,0.065,0.000,0,0,0,16867,16867,0,0
travel,78.937,1895.6,1468.901,1468.901,fly,1.054,ok,2601,0,0,192.00,461312000,609325056,114090264,95883264,18123768,2904,7449760,22132800,1430856,16867,16867,0,0,0,0,0,0,0,0,0.237,0.071,0.000,0,0,0,16867,16867,0,0
travel,78.967,1896.3,1469.414,1469.414,fly,0.870,ok,2601,0,0,192.00,461312000,609325056,114090264,95883264,18123768,2904,7449760,22132800,1430856,16867,16867,0,0,0,0,0,0,0,0,0.066,0.069,0.000,0,0,0,16867,16867,0,0
travel,78.998,1897.1,1469.933,1469.933,fly,1.045,ok,2601,0,0,192.00,461312000,609325056,114090264,95883264,18123768,2904,7449760,22132800,1430856,16867,16867,0,0,0,0,0,0,0,0,0.077,0.107,0.000,0,0,0,16867,16867,0,0
travel,79.028,1897.8,1470.451,1470.451,fly,0.861,ok,2601,0,0,192.00,461312000,609325056,114090264,95883264,18123768,2904,7449760,22132800,1430856,16867,16867,0,0,0,0,0,0,0,0,0.066,0.065,0.000,0,0,0,16867,16867,0,0
travel,79.060,1898.6,1470.980,1470.980,fly,0.868,ok,2601,0,0,192.00,461312000,609325056,114090264,95883264,18123768,2904,7449760,22132800,1430856,16867,16867,0,0,0,0,0,0,0,0,0.066,0.072,0.000,0,0,0,16867,16867,0,0
travel,79.090,1899.3,1471.499,1471.499,fly,0.872,ok,2601,0,0,192.00,461312000,609325056,114090264,95883264,18123768,2904,7449760,22132800,1430856,16867,16867,0,0,0,0,0,0,0,0,0.066,0.075,0.000,0,0,0,16867,16867,0,0
travel,79.120,1900.0,1472.011,1472.011,fly,5.427,ok,2536,65,93,192.00,461312000,609325056,111239104,93487104,17670848,2904,11174640,15401136,1436932,16903,16968,36,101,36,36,36,0,0,0,0.557,0.097,0.000,0,0,0,16903,16903,0,0
travel,79.160,1901.0,1472.695,1472.695,fly,0.900,ok,2601,0,0,192.00,461316096,609325056,114090264,95883264,18123768,2904,11174640,22132800,1263680,16968,16968,0,0,0,0,0,0,0,0,0.070,0.081,0.000,0,0,0,16968,16968,0,0
travel,79.191,1901.7,1473.208,1473.208,fly,0.860,ok,2601,0,0,192.00,461316096,609325056,114090264,95883264,18123768,2904,11174640,22132800,1263680,16968,16968,0,0,0,0,0,0,0,0,0.067,0.067,0.000,0,0,0,16968,16968,0,0
travel,79.221,1902.4,1473.724,1473.724,fly,0.867,ok,2601,0,0,192.00,461316096,609325056,114090264,95883264,18123768,2904,11174640,22132800,1263680,16968,16968,0,0,0,0,0,0,0,0,0.067,0.071,0.000,0,0,0,16968,16968,0,0
travel,79.252,1903.2,1474.245,1474.245,fly,0.880,ok,2601,0,0,192.00,461316096,609325056,114090264,95883264,18123768,2904,11174640,22132800,1263680,16968,16968,0,0,0,0,0,0,0,0,0.068,0.077,0.000,0,0,0,16968,16968,0,0
travel,79.282,1903.9,1474.762,1474.762,fly,0.869,ok,2601,0,0,192.00,461316096,609325056,114090264,95883264,18123768,2904,11174640,22132800,1263680,16968,16968,0,0,0,0,0,0,0,0,0.068,0.063,0.000,0,0,0,16968,16968,0,0
travel,79.313,1904.6,1475.286,1475.286,fly,0.896,ok,2601,0,0,192.00,461316096,609325056,114090264,95883264,18123768,2904,7449760,22132800,1263680,16968,16968,0,0,0,0,0,0,0,0,0.070,0.075,0.000,0,0,0,16968,16968,0,0
travel,79.343,1905.4,1475.806,1475.806,fly,0.968,ok,2601,0,0,192.00,461316096,609325056,114090264,95883264,18123768,2904,7449760,22132800,1263680,16968,16968,0,0,0,0,0,0,0,0,0.070,0.074,0.000,0,0,0,16968,16968,0,0
travel,79.374,1906.1,1476.322,1476.322,fly,0.912,ok,2601,0,0,192.00,461316096,609325056,114090264,95883264,18123768,2904,7449760,22132800,1263680,16968,16968,0,0,0,0,0,0,0,0,0.069,0.075,0.000,0,0,0,16968,16968,0,0
travel,79.404,1906.8,1476.843,1476.843,fly,0.859,ok,2601,0,0,192.00,461316096,609325056,114090264,95883264,18123768,2904,7449760,22132800,1263680,16968,16968,0,0,0,0,0,0,0,0,0.066,0.067,0.000,0,0,0,16968,16968,0,0
travel,79.434,1907.6,1477.354,1477.354,fly,0.949,ok,2601,0,0,192.00,461316096,609325056,114090264,95883264,18123768,2904,7449760,22132800,1263680,16968,16968,0,0,0,0,0,0,0,0,0.140,0.069,0.000,0,0,0,16968,16968,0,0
travel,79.465,1908.3,1477.869,1477.869,fly,0.903,ok,2601,0,0,192.00,461316096,609325056,114090264,95883264,18123768,2904,7449760,22132800,1263680,16968,16968,0,0,0,0,0,0,0,0,0.067,0.081,0.000,0,0,0,16968,16968,0,0
travel,79.496,1909.0,1478.399,1478.399,fly,0.968,ok,2601,0,0,192.00,461316096,609325056,114090264,95883264,18123768,2904,7449760,22132800,1263680,16968,16968,0,0,0,0,0,0,0,0,0.074,0.142,0.000,0,0,0,16968,16968,0,0
travel,79.526,1909.8,1478.915,1478.915,fly,1.036,ok,2601,0,0,192.00,461316096,609325056,114090264,95883264,18123768,2904,7449760,22132800,1263680,16968,16968,0,0,0,0,0,0,0,0,0.074,0.111,0.000,0,0,0,16968,16968,0,0
travel,79.557,1910.5,1479.433,1479.433,fly,0.866,ok,2601,0,0,192.00,461316096,609325056,114090264,95883264,18123768,2904,7449760,22132800,1263680,16968,16968,0,0,0,0,0,0,0,0,0.065,0.070,0.000,0,0,0,16968,16968,0,0
travel,79.587,1911.2,1479.948,1479.948,fly,0.858,ok,2601,0,0,192.00,461316096,609325056,114090264,95883264,18123768,2904,7449760,22132800,1263680,16968,16968,0,0,0,0,0,0,0,0,0.066,0.065,0.000,0,0,0,16968,16968,0,0
travel,79.627,1912.2,1480.621,1480.621,fly,0.914,ok,2601,0,0,192.00,460242944,608251904,114090264,95883264,18123768,2904,11174640,22132800,1319380,17069,17069,0,0,0,0,0,0,0,0,0.072,0.076,0.000,0,0,0,17069,17069,0,0
travel,79.657,1912.9,1481.135,1481.135,fly,0.865,ok,2601,0,0,192.00,460242944,608251904,114090264,95883264,18123768,2904,11174640,22132800,1319380,17069,17069,0,0,0,0,0,0,0,0,0.067,0.069,0.000,0,0,0,17069,17069,0,0
travel,79.687,1913.6,1481.651,1481.651,fly,0.952,ok,2601,0,0,192.00,460242944,608251904,114090264,95883264,18123768,2904,11174640,22132800,1319380,17069,17069,0,0,0,0,0,0,0,0,0.070,0.086,0.000,0,0,0,17069,17069,0,0
travel,79.718,1914.4,1482.177,1482.177,fly,0.868,ok,2601,0,0,192.00,460242944,608251904,114090264,95883264,18123768,2904,11174640,22132800,1319380,17069,17069,0,0,0,0,0,0,0,0,0.068,0.067,0.000,0,0,0,17069,17069,0,0
travel,79.749,1915.1,1482.693,1482.693,fly,0.946,ok,2601,0,0,192.00,460242944,608251904,114090264,95883264,18123768,2904,11174640,22132800,1319380,17069,17069,0,0,0,0,0,0,0,0,0.138,0.064,0.000,0,0,0,17069,17069,0,0
travel,79.779,1915.9,1483.213,1483.213,fly,0.892,ok,2601,0,0,192.00,460242944,608251904,114090264,95883264,18123768,2904,7449760,22132800,1319380,17069,17069,0,0,0,0,0,0,0,0,0.070,0.073,0.000,0,0,0,17069,17069,0,0
travel,79.810,1916.6,1483.734,1483.734,fly,0.873,ok,2601,0,0,192.00,460242944,608251904,114090264,95883264,18123768,2904,7449760,22132800,1319380,17069,17069,0,0,0,0,0,0,0,0,0.069,0.067,0.000,0,0,0,17069,17069,0,0
travel,79.840,1917.3,1484.248,1484.248,fly,1.197,ok,2601,0,0,192.00,460242944,608251904,114090264,95883264,18123768,2904,7449760,22132800,1319380,17069,17069,0,0,0,0,0,0,0,0,0.384,0.071,0.000,0,0,0,17069,17069,0,0
travel,79.871,1918.1,1484.769,1484.769,fly,0.869,ok,2601,0,0,192.00,460242944,608251904,114090264,95883264,18123768,2904,7449760,22132800,1319380,17069,17069,0,0,0,0,0,0,0,0,0.069,0.069,0.000,0,0,0,17069,17069,0,0
travel,79.901,1918.8,1485.287,1485.287,fly,0.866,ok,2601,0,0,192.00,460242944,608251904,114090264,95883264,18123768,2904,7449760,22132800,1319380,17069,17069,0,0,0,0,0,0,0,0,0.067,0.066,0.000,0,0,0,17069,17069,0,0
travel,79.932,1919.5,1485.804,1485.804,fly,0.930,ok,2601,0,0,192.00,460242944,608251904,114090264,95883264,18123768,2904,7449760,22132800,1319380,17069,17069,0,0,0,0,0,0,0,0,0.068,0.082,0.000,0,0,0,17069,17069,0,0
travel,79.962,1920.3,1486.328,1486.328,fly,0.870,ok,2601,0,0,192.00,460242944,608251904,114090264,95883264,18123768,2904,7449760,22132800,1319380,17069,17069,0,0,0,0,0,0,0,0,0.065,0.066,0.000,0,0,0,17069,17069,0,0
travel,79.993,1921.0,1486.850,1486.850,fly,0.863,ok,2601,0,0,192.00,460242944,608251904,114090264,95883264,18123768,2904,7449760,22132800,1319380,17069,17069,0,0,0,0,0,0,0,0,0.065,0.066,0.000,0,0,0,17069,17069,0,0
travel,80.023,1921.7,1487.363,1487.363,fly,0.864,ok,2601,0,0,192.00,460242944,608251904,114090264,95883264,18123768,2904,7449760,22132800,1319380,17069,17069,0,0,0,0,0,0,0,0,0.065,0.070,0.000,0,0,0,17069,17069,0,0
travel,80.054,1922.5,1487.879,1487.879,fly,0.882,ok,2601,0,0,192.00,460242944,608251904,114090264,95883264,18123768,2904,7449760,22132800,1319380,17069,17069,0,0,0,0,0,0,0,0,0.066,0.073,0.000,0,0,0,17069,17069,0,0
travel,80.093,1923.4,1488.552,1488.552,fly,0.896,ok,2601,0,0,192.00,460251136,608251904,114090264,95883264,18123768,2904,11174640,22132800,1375960,17170,17170,0,0,0,0,0,0,0,0,0.070,0.071,0.000,0,0,0,17170,17170,0,0
travel,80.124,1924.1,1489.078,1489.078,fly,0.867,ok,2601,0,0,192.00,460251136,608251904,114090264,95883264,18123768,2904,11174640,22132800,1375960,17170,17170,0,0,0,0,0,0,0,0,0.067,0.069,0.000,0,0,0,17170,17170,0,0
travel,80.155,1924.9,1489.600,1489.600,fly,0.908,ok,2601,0,0,192.00,460251136,608251904,114090264,95883264,18123768,2904,11174640,22132800,1375960,17170,17170,0,0,0,0,0,0,0,0,0.089,0.074,0.000,0,0,0,17170,17170,0,0
travel,80.185,1925.6,1490.120,1490.120,fly,0.870,ok,2601,0,0,192.00,460251136,608251904,114090264,95883264,18123768,2904,11174640,22132800,1375960,17170,17170,0,0,0,0,0,0,0,0,0.069,0.065,0.000,0,0,0,17170,17170,0,0
travel,80.216,1926.4,1490.637,1490.637,fly,0.863,ok,2601,0,0,192.00,460251136,608251904,114090264,95883264,18123768,2904,11174640,22132800,1375960,17170,17170,0,0,0,0,0,0,0,0,0.068,0.065,0.000,0,0,0,17170,17170,0,0
travel,80.246,1927.1,1491.157,1491.157,fly,0.987,ok,2601,0,0,192.00,460251136,608251904,114090264,95883264,18123768,2904,7449760,22132800,1375960,17170,17170,0,0,0,0,0,0,0,0,0.168,0.072,0.000,0,0,0,17170,17170,0,0
travel,80.277,1927.8,1491.670,1491.670,fly,0.878,ok,2601,0,0,192.00,460251136,608251904,114090264,95883264,18123768,2904,7449760,22132800,1375960,17170,17170,0,0,0,0,0,0,0,0,0.067,0.067,0.000,0,0,0,17170,17170,0,0
travel,80.307,1928.5,1492.186,1492.186,fly,0.868,ok,2601,0,0,192.00,460251136,608251904,114090264,95883264,18123768,2904,7449760,22132800,1375960,17170,17170,0,0,0,0,0,0,0,0,0.068,0.069,0.000,0,0,0,17170,17170,0,0
travel,80.337,1929.3,1492.702,1492.702,fly,0.952,ok,2601,0,0,192.00,460251136,608251904,114090264,95883264,18123768,2904,7449760,22132800,1375960,17170,17170,0,0,0,0,0,0,0,0,0.077,0.108,0.000,0,0,0,17170,17170,0,0
travel,80.368,1930.0,1493.230,1493.230,fly,0.862,ok,2601,0,0,192.00,460251136,608251904,114090264,95883264,18123768,2904,7449760,22132800,1375960,17170,17170,0,0,0,0,0,0,0,0,0.068,0.068,0.000,0,0,0,17170,17170,0,0
travel,80.399,1930.7,1493.746,1493.746,fly,0.874,ok,2601,0,0,192.00,460251136,608251904,114090264,95883264,18123768,2904,7449760,22132800,1375960,17170,17170,0,0,0,0,0,0,0,0,0.068,0.068,0.000,0,0,0,17170,17170,0,0
travel,80.430,1931.5,1494.271,1494.271,fly,1.016,ok,2601,0,0,192.00,460251136,608251904,114090264,95883264,18123768,2904,7449760,22132800,1375960,17170,17170,0,0,0,0,0,0,0,0,0.071,0.194,0.000,0,0,0,17170,17170,0,0
travel,80.460,1932.2,1494.788,1494.788,fly,0.863,ok,2601,0,0,192.00,460251136,608251904,114090264,95883264,18123768,2904,7449760,22132800,1375960,17170,17170,0,0,0,0,0,0,0,0,0.068,0.068,0.000,0,0,0,17170,17170,0,0
travel,80.491,1933.0,1495.306,1495.306,fly,0.888,ok,2601,0,0,192.00,460251136,608251904,114090264,95883264,18123768,2904,7449760,22132800,1375960,17170,17170,0,0,0,0,0,0,0,0,0.068,0.071,0.000,0,0,0,17170,17170,0,0
travel,80.521,1933.7,1495.818,1495.818,fly,0.859,ok,2601,0,0,192.00,460251136,608251904,114090264,95883264,18123768,2904,7449760,22132800,1375960,17170,17170,0,0,0,0,0,0,0,0,0.068,0.065,0.000,0,0,0,17170,17170,0,0
travel,80.560,1934.6,1496.490,1496.490,fly,1.714,ok,2601,0,11,192.00,460251136,608251904,114090264,95883264,18123768,2904,11174640,21558768,1428314,17271,17271,0,0,14,0,0,0,0,0,0.494,0.134,0.000,0,0,0,17271,17271,0,0
travel,80.591,1935.4,1497.018,1497.018,fly,0.885,ok,2601,0,0,192.00,460251136,608251904,114090264,95883264,18123768,2904,11174640,22132800,1429500,17271,17271,0,0,0,0,0,0,0,0,0.068,0.070,0.000,0,0,0,17271,17271,0,0
travel,80.621,1936.1,1497.530,1497.530,fly,0.877,ok,2601,0,0,192.00,460251136,608251904,114090264,95883264,18123768,2904,11174640,22132800,1429500,17271,17271,0,0,0,0,0,0,0,0,0.069,0.070,0.000,0,0,0,17271,17271,0,0
travel,80.652,1936.8,1498.045,1498.045,fly,1.117,ok,2601,0,0,192.00,460251136,608251904,114090264,95883264,18123768,2904,11174640,22132800,1429500,17271,17271,0,0,0,0,0,0,0,0,0.301,0.066,0.000,0,0,0,17271,17271,0,0
travel,80.682,1937.6,1498.560,1498.560,fly,0.867,ok,2601,0,0,192.00,460251136,608251904,114090264,95883264,18123768,2904,11174640,22132800,1429500,17271,17271,0,0,0,0,0,0,0,0,0.069,0.068,0.000,0,0,0,17271,17271,0,0
travel,80.713,1938.3,1499.080,1499.080,fly,0.871,ok,2601,0,0,192.00,460251136,608251904,114090264,95883264,18123768,2904,7449760,22132800,1429500,17271,17271,0,0,0,0,0,0,0,0,0.068,0.067,0.000,0,0,0,17271,17271,0,0
travel,80.743,1939.0,1499.596,1499.596,fly,0.971,ok,2601,0,0,192.00,460251136,608251904,114090264,95883264,18123768,2904,7449760,22132800,1429500,17271,17271,0,0,0,0,0,0,0,0,0.074,0.141,0.000,0,0,0,17271,17271,0,0
travel,80.774,1939.8,1500.119,1500.119,fly,0.868,ok,2601,0,0,192.00,460251136,608251904,114090264,95883264,18123768,2904,7449760,22132800,1429500,17271,17271,0,0,0,0,0,0,0,0,0.067,0.065,0.000,0,0,0,17271,17271,0,0
travel,80.804,1940.5,1500.641,1500.641,fly,0.873,ok,2601,0,0,192.00,460251136,608251904,114090264,95883264,18123768,2904,7449760,22132800,1429500,17271,17271,0,0,0,0,0,0,0,0,0.069,0.066,0.000,0,0,0,17271,17271,0,0
travel,80.835,1941.2,1501.169,1501.169,fly,1.037,ok,2601,0,0,192.00,460251136,608251904,114090264,95883264,18123768,2904,7449760,22132800,1429500,17271,17271,0,0,0,0,0,0,0,0,0.077,0.114,0.000,0,0,0,17271,17271,0,0
travel,80.867,1942.0,1501.701,1501.701,fly,0.868,ok,2601,0,0,192.00,460251136,608251904,114090264,95883264,18123768,2904,7449760,22132800,1429500,17271,17271,0,0,0,0,0,0,0,0,0.066,0.071,0.000,0,0,0,17271,17271,0,0
travel,80.898,1942.7,1502.229,1502.229,fly,0.867,ok,2601,0,0,192.00,460251136,608251904,114090264,95883264,18123768,2904,7449760,22132800,1429500,17271,17271,0,0,0,0,0,0,0,0,0.068,0.067,0.000,0,0,0,17271,17271,0,0
travel,80.928,1943.5,1502.745,1502.745,fly,0.943,ok,2601,0,0,192.00,460251136,608251904,114090264,95883264,18123768,2904,7449760,22132800,1429500,17271,17271,0,0,0,0,0,0,0,0,0.136,0.065,0.000,0,0,0,17271,17271,0,0
travel,80.959,1944.2,1503.268,1503.268,fly,0.863,ok,2601,0,0,192.00,460251136,608251904,114090264,95883264,18123768,2904,7449760,22132800,1429500,17271,17271,0,0,0,0,0,0,0,0,0.066,0.072,0.000,0,0,0,17271,17271,0,0
travel,80.989,1944.9,1503.786,1503.786,fly,0.861,ok,2601,0,0,192.00,460251136,608251904,114090264,95883264,18123768,2904,7449760,22132800,1429500,17271,17271,0,0,0,0,0,0,0,0,0.066,0.065,0.000,0,0,0,17271,17271,0,0
travel,81.029,1945.9,1504.453,1504.453,fly,0.866,ok,2601,0,57,192.00,460259328,608251904,114090264,95883264,18123768,2904,11174640,19210848,1250614,17372,17372,0,0,7,0,0,0,0,0,0.069,0.074,0.000,0,0,0,17372,17372,0,0
travel,81.060,1946.6,1504.983,1504.983,fly,1.014,ok,2601,0,0,192.00,460259328,608251904,114090264,95883264,18123768,2904,11174640,22132800,1261434,17372,17372,0,0,0,0,0,0,0,0,0.077,0.115,0.000,0,0,0,17372,17372,0,0
travel,81.091,1947.4,1505.506,1505.506,fly,0.869,ok,2601,0,0,192.00,460259328,608251904,114090264,95883264,18123768,2904,11174640,22132800,1261434,17372,17372,0,0,0,0,0,0,0,0,0.067,0.069,0.000,0,0,0,17372,17372,0,0
travel,81.121,1948.1,1506.024,1506.024,fly,0.882,ok,2601,0,0,192.00,460259328,608251904,114090264,95883264,18123768,2904,11174640,22132800,1261434,17372,17372,0,0,0,0,0,0,0,0,0.067,0.071,0.000,0,0,0,17372,17372,0,0
travel,81.152,1948.9,1506.549,1506.549,fly,0.973,ok,2601,0,0,192.00,460259328,608251904,114090264,95883264,18123768,2904,11174640,22132800,1261434,17372,17372,0,0,0,0,0,0,0,0,0.077,0.111,0.000,0,0,0,17372,17372,0,0
travel,81.183,1949.6,1507.072,1507.072,fly,0.878,ok,2601,0,0,192.00,460259328,608251904,114090264,95883264,18123768,2904,7449760,22132800,1261434,17372,17372,0,0,0,0,0,0,0,0,0.069,0.067,0.000,0,0,0,17372,17372,0,0
travel,81.213,1950.3,1507.593,1507.593,fly,0.870,ok,2601,0,0,192.00,460259328,608251904,114090264,95883264,18123768,2904,7449760,22132800,1261434,17372,17372,0,0,0,0,0,0,0,0,0.068,0.068,0.000,0,0,0,17372,17372,0,0
travel,81.243,1951.1,1508.105,1508.105,fly,0.872,ok,2601,0,0,192.00,460259328,608251904,114090264,95883264,18123768,2904,7449760,22132800,1261434,17372,17372,0,0,0,0,0,0,0,0,0.070,0.070,0.000,0,0,0,17372,17372,0,0
travel,81.274,1951.8,1508.619,1508.619,fly,0.877,ok,2601,0,0,192.00,460259328,608251904,114090264,95883264,18123768,2904,7449760,22132800,1261434,17372,17372,0,0,0,0,0,0,0,0,0.069,0.070,0.000,0,0,0,17372,17372,0,0
travel,81.304,1952.5,1509.134,1509.134,fly,0.865,ok,2601,0,0,192.00,460259328,608251904,114090264,95883264,18123768,2904,7449760,22132800,1261434,17372,17372,0,0,0,0,0,0,0,0,0.068,0.064,0.000,0,0,0,17372,17372,0,0
travel,81.335,1953.3,1509.657,1509.657,fly,0.969,ok,2601,0,0,192.00,460259328,608251904,114090264,95883264,18123768,2904,7449760,22132800,1261434,17372,17372,0,0,0,0,0,0,0,0,0.069,0.090,0.000,0,0,0,17372,17372,0,0
travel,81.365,1954.0,1510.171,1510.171,fly,0.864,ok,2601,0,0,192.00,460259328,608251904,114090264,95883264,18123768,2904,7449760,22132800,1261434,17372,17372,0,0,0,0,0,0,0,0,0.068,0.065,0.000,0,0,0,17372,17372,0,0
travel,81.395,1954.7,1510.683,1510.683,fly,0.881,ok,2601,0,0,192.00,460259328,608251904,114090264,95883264,18123768,2904,7449760,22132800,1261434,17372,17372,0,0,0,0,0,0,0,0,0.067,0.069,0.000,0,0,0,17372,17372,0,0
travel,81.426,1955.4,1511.207,1511.207,fly,0.979,ok,2601,0,0,192.00,460259328,608251904,114090264,95883264,18123768,2904,7449760,22132800,1261434,17372,17372,0,0,0,0,0,0,0,0,0.079,0.110,0.000,0,0,0,17372,17372,0,0
travel,81.456,1956.2,1511.726,1511.726,fly,0.882,ok,2601,0,0,192.00,460259328,608251904,114090264,95883264,18123768,2904,7449760,22132800,1261434,17372,17372,0,0,0,0,0,0,0,0,0.069,0.069,0.000,0,0,0,17372,17372,0,0
travel,81.495,1957.1,1512.384,1512.384,fly,1.122,ok,2601,0,60,192.00,460259328,608251904,114090264,95883264,18123768,2904,11174640,19002144,1305895,17473,17473,0,0,8,0,0,0,0,0,0.083,0.140,0.000,0,0,0,17473,17473,0,0
travel,81.527,1957.9,1512.920,1512.920,fly,0.870,ok,2601,0,0,192.00,460259328,608251904,114090264,95883264,18123768,2904,11174640,22132800,1317314,17473,17473,0,0,0,0,0,0,0,0,0.070,0.068,0.000,0,0,0,17473,17473,0,0
travel,81.557,1958.6,1513.438,1513.438,fly,0.872,ok,2601,0,0,192.00,460259328,608251904,114090264,95883264,18123768,2904,11174640,22132800,1317314,17473,17473,0,0,0,0,0,0,0,0,0.070,0.066,0.000,0,0,0,17473,17473,0,0
travel,81.587,1959.3,1513.952,1513.952,fly,0.952,ok,2601,0,0,192.00,460259328,608251904,114090264,95883264,18123768,2904,11174640,22132800,1317314,17473,17473,0,0,0,0,0,0,0,0,0.077,0.105,0.000,0,0,0,17473,17473,0,0
travel,81.619,1960.1,1514.482,1514.482,fly,0.870,ok,2601,0,0,192.00,460259328,608251904,114090264,95883264,18123768,2904,11174640,22132800,1317314,17473,17473,0,0,0,0,0,0,0,0,0.070,0.068,0.000,0,0,0,17473,17473,0,0
travel,81.649,1960.8,1514.998,1514.998,fly,1.007,ok,2601,0,0,192.00,460259328,608251904,114090264,95883264,18123768,2904,7449760,22132800,1317314,17473,17473,0,0,0,0,0,0,0,0,0.076,0.109,0.000,0,0,0,17473,17473,0,0
travel,81.680,1961.5,1515.524,1515.524,fly,0.880,ok,2601,0,0,192.00,460259328,608251904,114090264,95883264,18123768,2904,7449760,22132800,1317314,17473,17473,0,0,0,0,0,0,0,0,0.067,0.064,0.000,0,0,0,17473,17473,0,0
travel,81.711,1962.3,1516.046,1516.046,fly,0.853,ok,2601,0,0,192.00,460259328,608251904,114090264,95883264,18123768,2904,7449760,22132800,1317314,17473,17473,0,0,0,0,0,0,0,0,0.067,0.068,0.000,0,0,0,17473,17473,0,0
travel,81.742,1963.0,1516.580,1516.580,fly,0.878,ok,2601,0,0,192.00,460259328,608251904,114090264,95883264,18123768,2904,7449760,22132800,1317314,17473,17473,0,0,0,0,0,0,0,0,0.069,0.068,0.000,0,0,0,17473,17473,0,0
travel,81.772,1963.8,1517.094,1517.094,fly,0.987,ok,2601,0,0,192.00,460259328,608251904,114090264,95883264,18123768,2904,7449760,22132800,1317314,17473,17473,0,0,0,0,0,0,0,0,0.077,0.110,0.000,0,0,0,17473,17473,0,0
travel,81.803,1964.5,1517.614,1517.614,fly,0.865,ok,2601,0,0,192.00,460259328,608251904,114090264,95883264,18123768,2904,7449760,22132800,1317314,17473,17473,0,0,0,0,0,0,0,0,0.066,0.070,0.000,0,0,0,17473,17473,0,0
travel,81.834,1965.2,1518.135,1518.135,fly,0.861,ok,2601,0,0,192.00,460259328,608251904,114090264,95883264,18123768,2904,7449760,22132800,1317314,17473,17473,0,0,0,0,0,0,0,0,0.067,0.064,0.000,0,0,0,17473,17473,0,0
travel,81.864,1966.0,1518.650,1518.650,fly,0.864,ok,2601,0,0,192.00,460259328,608251904,114090264,95883264,18123768,2904,7449760,22132800,1317314,17473,17473,0,0,0,0,0,0,0,0,0.068,0.065,0.000,0,0,0,17473,17473,0,0
travel,81.894,1966.7,1519.168,1519.168,fly,1.070,ok,2601,0,0,192.00,460259328,608251904,114090264,95883264,18123768,2904,7449760,22132800,1317314,17473,17473,0,0,0,0,0,0,0,0,0.065,0.250,0.000,0,0,0,17473,17473,0,0
travel,81.926,1967.5,1519.707,1519.707,fly,0.981,ok,2601,0,0,192.00,460259328,608251904,114090264,95883264,18123768,2904,7449760,22132800,1317314,17473,17473,0,0,0,0,0,0,0,0,0.071,0.084,0.000,0,0,0,17473,17473,0,0
travel,81.966,1968.4,1520.394,1520.394,fly,0.859,ok,2601,0,47,192.00,460259328,608251904,114090264,95883264,18123768,2904,11174640,19680432,1363769,17574,17574,0,0,8,0,0,0,0,0,0.069,0.066,0.000,0,0,0,17574,17574,0,0
travel,81.997,1969.2,1520.921,1520.921,fly,0.885,ok,2601,0,0,192.00,460259328,608251904,114090264,95883264,18123768,2904,11174640,22132800,1373554,17574,17574,0,0,0,0,0,0,0,0,0.069,0.070,0.000,0,0,0,17574,17574,0,0
travel,82.028,1969.9,1521.443,1521.443,fly,0.934,ok,2601,0,0,192.00,460259328,608251904,114090264,95883264,18123768,2904,11174640,22132800,1373554,17574,17574,0,0,0,0,0,0,0,0,0.073,0.076,0.000,0,0,0,17574,17574,0,0
travel,82.059,1970.7,1521.962,1521.962,fly,0.873,ok,2601,0,0,192.00,460259328,608251904,114090264,95883264,18123768,2904,11174640,22132800,1373554,17574,17574,0,0,0,0,0,0,0,0,0.069,0.069,0.000,0,0,0,17574,17574,0,0
travel,82.090,1971.4,1522.490,1522.490,fly,0.866,ok,2601,0,0,192.00,460259328,608251904,114090264,95883264,18123768,2904,11174640,22132800,1373554,17574,17574,0,0,0,0,0,0,0,0,0.070,0.065,0.000,0,0,0,17574,17574,0,0
travel,82.120,1972.1,1523.008,1523.008,fly,0.920,ok,2601,0,0,192.00,460259328,608251904,114090264,95883264,18123768,2904,7449760,22132800,1373554,17574,17574,0,0,0,0,0,0,0,0,0.069,0.078,0.000,0,0,0,17574,17574,0,0
travel,82.151,1972.9,1523.535,1523.535,fly,0.871,ok,2601,0,0,192.00,460259328,608251904,114090264,95883264,18123768,2904,7449760,22132800,1373554,17574,17574,0,0,0,0,0,0,0,0,0.071,0.065,0.000,0,0,0,17574,17574,0,0
travel,82.182,1973.6,1524.060,1524.060,fly,0.968,ok,2601,0,0,192.00,460259328,608251904,114090264,95883264,18123768,2904,7449760,22132800,1373554,17574,17574,0,0,0,0,0,0,0,0,0.079,0.107,0.000,0,0,0,17574,17574,0,0
travel,82.213,1974.4,1524.583,1524.583,fly,0.904,ok,2601,0,0,192.00,460259328,608251904,114090264,95883264,18123768,2904,7449760,22132800,1373554,17574,17574,0,0,0,0,0,0,0,0,0.069,0.070,0.000,0,0,0,17574,17574,0,0
travel,82.243,1975.1,1525.103,1525.103,fly,0.896,ok,2601,0,0,192.00,460259328,608251904,114090264,95883264,18123768,2904,7449760,22132800,1373554,17574,17574,0,0,0,0,0,0,0,0,0.069,0.074,0.000,0,0,0,17574,17574,0,0
travel,82.274,1975.8,1525.629,1525.629,fly,0.872,ok,2601,0,0,192.00,460259328,608251904,114090264,95883264,18123768,2904,7449760,22132800,1373554,17574,17574,0,0,0,0,0,0,0,0,0.068,0.065,0.000,0,0,0,17574,17574,0,0
travel,82.306,1976.6,1526.158,1526.158,fly,1.375,ok,2601,0,0,192.00,460259328,608251904,114090264,95883264,18123768,2904,7449760,22132800,1373554,17574,17574,0,0,0,0,0,0,0,0,0.273,0.092,0.000,0,0,0,17574,17574,0,0
travel,82.337,1977.4,1526.700,1526.700,fly,0.904,ok,2601,0,0,192.00,460259328,608251904,114090264,95883264,18123768,2904,7449760,22132800,1373554,17574,17574,0,0,0,0,0,0,0,0,0.068,0.075,0.000,0,0,0,17574,17574,0,0
travel,82.368,1978.1,1527.219,1527.219,fly,0.864,ok,2601,0,0,192.00,460259328,608251904,114090264,95883264,18123768,2904,7449760,22132800,1373554,17574,17574,0,0,0,0,0,0,0,0,0.067,0.064,0.000,0,0,0,17574,17574,0,0
travel,82.398,1978.8,1527.733,1527.733,fly,0.865,ok,2601,0,0,192.00,460259328,608251904,114090264,95883264,18123768,2904,7449760,22132800,1373554,17574,17574,0,0,0,0,0,0,0,0,0.067,0.066,0.000,0,0,0,17574,17574,0,0
travel,82.437,1979.8,1528.396,1528.396,fly,0.967,ok,2601,0,51,192.00,460263424,608251904,114090264,95883264,18123768,2904,11174640,19471728,1419996,17675,17675,0,0,7,0,0,0,0,0,0.075,0.096,0.000,0,0,0,17675,17675,0,0
travel,82.468,1980.5,1528.913,1528.913,fly,0.906,ok,2601,0,0,192.00,460263424,608251904,114090264,95883264,18123768,2904,11174640,22132800,1429702,17675,17675,0,0,0,0,0,0,0,0,0.070,0.073,0.000,0,0,0,17675,17675,0,0
travel,82.498,1981.2,1529.432,1529.432,fly,0.873,ok,2601,0,0,192.00,460263424,608251904,114090264,95883264,18123768,2904,11174640,22132800,1429702,17675,17675,0,0,0,0,0,0,0,0,0.068,0.068,0.000,0,0,0,17675,17675,0,0
travel,82.529,1982.0,1529.962,1529.962,fly,0.882,ok,2601,0,0,192.00,460263424,608251904,114090264,95883264,18123768,2904,11174640,22132800,1429702,17675,17675,0,0,0,0,0,0,0,0,0.069,0.070,0.000,0,0,0,17675,17675,0,0
travel,82.560,1982.7,1530.482,1530.482,fly,1.204,ok,2601,0,0,192.00,460263424,608251904,114090264,95883264,18123768,2904,7449760,22132800,1429702,17675,17675,0,0,0,0,0,0,0,0,0.368,0.071,0.000,0,0,0,17675,17675,0,0
travel,82.590,1983.4,1531.002,1531.002,fly,1.034,ok,2601,0,0,192.00,460263424,608251904,114090264,95883264,18123768,2904,7449760,22132800,1429702,17675,17675,0,0,0,0,0,0,0,0,0.080,0.149,0.000,0,0,0,17675,17675,0,0
travel,82.621,1984.2,1531.524,1531.524,fly,0.874,ok,2601,0,0,192.00,460263424,608251904,114090264,95883264,18123768,2904,7449760,22132800,1429702,17675,17675,0,0,0,0,0,0,0,0,0.071,0.066,0.000,0,0,0,17675,17675,0,0
travel,82.652,1984.9,1532.042,1532.042,fly,1.351,ok,2601,0,0,192.00,460263424,608251904,114090264,95883264,18123768,2904,7449760,22132800,1429702,17675,17675,0,0,0,0,0,0,0,0,0.505,0.080,0.000,0,0,0,17675,17675,0,0
travel,82.683,1985.7,1532.569,1532.569,fly,0.869,ok,2601,0,0,192.00,460263424,608251904,114090264,95883264,18123768,2904,7449760,22132800,1429702,17675,17675,0,0,0,0,0,0,0,0,0.067,0.067,0.000,0,0,0,17675,17675,0,0
travel,82.713,1986.4,1533.087,1533.087,fly,0.869,ok,2601,0,0,192.00,460263424,608251904,114090264,95883264,18123768,2904,7449760,22132800,1429702,17675,17675,0,0,0,0,0,0,0,0,0.068,0.067,0.000,0,0,0,17675,17675,0,0
travel,82.743,1987.1,1533.600,1533.600,fly,1.460,ok,2601,0,0,192.00,460263424,608251904,114090264,95883264,18123768,2904,7449760,22132800,1429702,17675,17675,0,0,0,0,0,0,0,0,0.643,0.072,0.000,0,0,0,17675,17675,0,0
travel,82.775,1987.9,1534.131,1534.131,fly,0.883,ok,2601,0,0,192.00,460263424,608251904,114090264,95883264,18123768,2904,7449760,22132800,1429702,17675,17675,0,0,0,0,0,0,0,0,0.067,0.069,0.000,0,0,0,17675,17675,0,0
travel,82.805,1988.6,1534.648,1534.648,fly,0.883,ok,2601,0,0,192.00,460263424,608251904,114090264,95883264,18123768,2904,7449760,22132800,1429702,17675,17675,0,0,0,0,0,0,0,0,0.068,0.072,0.000,0,0,0,17675,17675,0,0
travel,82.836,1989.3,1535.167,1535.167,fly,1.641,ok,2601,0,0,192.00,460263424,608251904,114090264,95883264,18123768,2904,7449760,22132800,1429702,17675,17675,0,0,0,0,0,0,0,0,0.828,0.069,0.000,0,0,0,17675,17675,0,0
travel,82.867,1990.1,1535.696,1535.696,fly,0.986,ok,2601,0,0,192.00,460263424,608251904,114090264,95883264,18123768,2904,7449760,22132800,1429702,17675,17675,0,0,0,0,0,0,0,0,0.076,0.110,0.000,0,0,0,17675,17675,0,0
travel,82.906,1991.0,1536.361,1536.361,fly,0.879,ok,2601,0,100,192.00,460263424,608251904,114090264,95883264,18123768,2904,11174640,16915104,1244451,17776,17776,0,0,8,0,0,0,0,0,0.072,0.069,0.000,0,0,0,17776,17776,0,0
travel,82.937,1991.8,1536.886,1536.886,fly,0.870,ok,2601,0,0,192.00,460263424,608251904,114090264,95883264,18123768,2904,11174640,22132800,1264004,17776,17776,0,0,0,0,0,0,0,0,0.069,0.068,0.000,0,0,0,17776,17776,0,0
travel,82.968,1992.5,1537.414,1537.414,fly,0.999,ok,2601,0,0,192.00,460263424,608251904,114090264,95883264,18123768,2904,11174640,22132800,1264004,17776,17776,0,0,0,0,0,0,0,0,0.078,0.110,0.000,0,0,0,17776,17776,0,0
travel,82.998,1993.2,1537.925,1537.925,fly,0.874,ok,2601,0,0,192.00,460263424,608251904,114090264,95883264,18123768,2904,11174640,22132800,1264004,17776,17776,0,0,0,0,0,0,0,0,0.068,0.069,0.000,0,0,0,17776,17776,0,0
travel,83.029,1994.0,1538.453,1538.453,fly,0.874,ok,2601,0,0,192.00,460263424,608251904,114090264,95883264,18123768,2904,11174640,22132800,1264004,17776,17776,0,0,0,0,0,0,0,0,0.068,0.069,0.000,0,0,0,17776,17776,0,0
travel,83.059,1994.7,1538.970,1538.970,fly,0.852,ok,2601,0,0,192.00,460263424,608251904,114090264,95883264,18123768,2904,7449760,22132800,1264004,17776,17776,0,0,0,0,0,0,0,0,0.069,0.065,0.000,0,0,0,17776,17776,0,0
travel,83.090,1995.4,1539.486,1539.486,fly,1.034,ok,2601,0,0,192.00,460263424,608251904,114090264,95883264,18123768,2904,7449760,22132800,1264004,17776,17776,0,0,0,0,0,0,0,0,0.079,0.107,0.000,0,0,0,17776,17776,0,0
travel,83.121,1996.2,1540.012,1540.012,fly,0.940,ok,2601,0,0,192.00,460263424,608251904,114090264,95883264,18123768,2904,7449760,22132800,1264004,17776,17776,0,0,0,0,0,0,0,0,0.070,0.074,0.000,0,0,0,17776,17776,0,0
travel,83.151,1996.9,1540.532,1540.532,fly,0.873,ok,2601,0,0,192.00,460263424,608251904,114090264,95883264,18123768,2904,7449760,22132800,1264004,17776,17776,0,0,0,0,0,0,0,0,0.070,0.068,0.000,0,0,0,17776,17776,0,0
travel,83.182,1997.6,1541.048,1541.048,fly,0.871,ok,2601,0,0,192.00,460263424,608251904,114090264,95883264,18123768,2904,7449760,22132800,1264004,17776,17776,0,0,0,0,0,0,0,0,0.068,0.065,0.000,0,0,0,17776,17776,0,0
travel,83.212,1998.4,1541.569,1541.569,fly,1.028,ok,2601,0,0,192.00,460263424,608251904,114090264,95883264,18123768,2904,7449760,22132800,1264004,17776,17776,0,0,0,0,0,0,0,0,0.079,0.112,0.000,0,0,0,17776,17776,0,0
travel,83.243,1999.1,1542.096,1542.096,fly,0.866,ok,2601,0,0,192.00,460263424,608251904,114090264,95883264,18123768,2904,7449760,22132800,1264004,17776,17776,0,0,0,0,0,0,0,0,0.067,0.065,0.000,0,0,0,17776,17776,0,0
travel,83.274,1999.9,1542.615,1542.615,fly,0.896,ok,2601,0,0,192.00,460263424,608251904,114090264,95883264,18123768,2904,7449760,22132800,1264004,17776,17776,0,0,0,0,0,0,0,0,0.069,0.072,0.000,0,0,0,17776,17776,0,0
drain,83.280,2000.0,1542.726,1542.726,fly,27.866,draw_submit,2601,0,0,192.00,460283904,608317440,114090264,95883264,18123768,2601,0,22132800,1349684,17776,17776,0,0,0,0,0,0,303,65536,0.232,0.213,0.000,0,0,0,17776,17776,0,0
travel,83.307,2000.7,1543.178,1543.178,fly,1.013,ok,2601,0,0,192.00,460283904,608317440,114090264,95883264,18123768,2601,0,22132800,1349684,17776,17776,0,0,0,0,0,0,0,0,0.078,0.109,0.000,0,0,0,17776,17776,0,0
travel,83.338,2001.4,1543.700,1543.700,fly,1.446,ok,2601,0,0,192.00,460283904,608317440,114090264,95883264,18123768,2601,0,22132800,1349684,17776,17776,0,0,0,0,0,0,0,0,0.411,0.111,0.000,0,0,0,17776,17776,0,0
travel,83.378,2002.4,1544.392,1544.392,fly,1.292,ok,2601,0,57,192.00,460304384,608317440,114090264,95883264,18123768,2702,3724880,19158672,1392789,17877,17877,0,0,9,0,0,0,0,0,0.085,0.086,0.000,0,0,0,17877,17877,0,0
travel,83.411,2003.2,1544.956,1544.956,fly,0.944,ok,2601,0,0,192.00,460304384,608317440,114090264,95883264,18123768,2702,3724880,22132800,1402356,17877,17877,0,0,0,0,0,0,0,0,0.069,0.075,0.000,0,0,0,17877,17877,0,0
travel,83.443,2003.9,1545.486,1545.486,fly,0.943,ok,2601,0,0,192.00,460304384,608317440,114090264,95883264,18123768,2702,3724880,22132800,1402356,17877,17877,0,0,0,0,0,0,0,0,0.096,0.080,0.000,0,0,0,17877,17877,0,0
travel,83.473,2004.7,1546.008,1546.008,fly,0.996,ok,2601,0,0,192.00,460304384,608317440,114090264,95883264,18123768,2702,3724880,22132800,1402356,17877,17877,0,0,0,0,0,0,0,0,0.068,0.074,0.000,0,0,0,17877,17877,0,0
travel,83.504,2005.4,1546.527,1546.527,fly,0.982,ok,2601,0,0,192.00,460304384,608317440,114090264,95883264,18123768,2702,3724880,22132800,1402356,17877,17877,0,0,0,0,0,0,0,0,0.076,0.105,0.000,0,0,0,17877,17877,0,0
travel,83.535,2006.1,1547.060,1547.060,fly,0.916,ok,2601,0,0,192.00,460304384,608317440,114090264,95883264,18123768,2702,3724880,22132800,1402356,17877,17877,0,0,0,0,0,0,0,0,0.068,0.072,0.000,0,0,0,17877,17877,0,0
travel,83.566,2006.9,1547.580,1547.580,fly,1.045,ok,2601,0,0,192.00,460304384,608317440,114090264,95883264,18123768,2702,3724880,22132800,1402356,17877,17877,0,0,0,0,0,0,0,0,0.142,0.082,0.000,0,0,0,17877,17877,0,0
travel,83.597,2007.6,1548.109,1548.109,fly,0.909,ok,2601,0,0,192.00,460304384,608317440,114090264,95883264,18123768,2702,3724880,22132800,1402356,17877,17877,0,0,0,0,0,0,0,0,0.068,0.069,0.000,0,0,0,17877,17877,0,0
travel,83.628,2008.4,1548.640,1548.640,fly,0.910,ok,2601,0,0,192.00,460304384,608317440,114090264,95883264,18123768,2702,3724880,22132800,1402356,17877,17877,0,0,0,0,0,0,0,0,0.069,0.065,0.000,0,0,0,17877,17877,0,0
travel,83.659,2009.1,1549.167,1549.167,fly,0.912,ok,2601,0,0,192.00,460304384,608317440,114090264,95883264,18123768,2702,3724880,22132800,1402356,17877,17877,0,0,0,0,0,0,0,0,0.066,0.067,0.000,0,0,0,17877,17877,0,0
travel,83.690,2009.9,1549.686,1549.686,fly,1.505,ok,2601,0,0,192.00,460304384,608317440,114090264,95883264,18123768,2702,3724880,22132800,1402356,17877,17877,0,0,0,0,0,0,0,0,0.621,0.073,0.000,0,0,0,17877,17877,0,0
travel,83.721,2010.6,1550.212,1550.212,fly,0.929,ok,2601,0,0,192.00,460304384,608317440,114090264,95883264,18123768,2702,3724880,22132800,1402356,17877,17877,0,0,0,0,0,0,0,0,0.066,0.070,0.000,0,0,0,17877,17877,0,0
travel,83.751,2011.3,1550.735,1550.735,fly,0.911,ok,2601,0,0,192.00,460304384,608317440,114090264,95883264,18123768,2702,3724880,22132800,1402356,17877,17877,0,0,0,0,0,0,0,0,0.066,0.066,0.000,0,0,0,17877,17877,0,0
travel,83.782,2012.1,1551.257,1551.257,fly,0.912,ok,2601,0,0,192.00,460304384,608317440,114090264,95883264,18123768,2702,3724880,22132800,1402356,17877,17877,0,0,0,0,0,0,0,0,0.066,0.066,0.000,0,0,0,17877,17877,0,0
travel,83.812,2012.8,1551.771,1551.771,fly,0.909,ok,2601,0,0,192.00,460304384,608317440,114090264,95883264,18123768,2702,3724880,22132800,1402356,17877,17877,0,0,0,0,0,0,0,0,0.065,0.068,0.000,0,0,0,17877,17877,0,0
travel,83.852,2013.8,1552.446,1552.446,fly,0.950,ok,2601,0,36,192.00,460304384,608317440,114090264,95883264,18123768,2803,7449760,20254368,1450576,17978,17978,0,0,8,0,0,0,0,0,0.069,0.078,0.000,0,0,0,17978,17978,0,0
travel,83.882,2014.5,1552.961,1552.961,fly,1.016,ok,2601,0,0,192.00,460304384,608317440,114090264,95883264,18123768,2803,7449760,22132800,1455692,17978,17978,0,0,0,0,0,0,0,0,0.071,0.086,0.000,0,0,0,17978,17978,0,0
travel,83.914,2015.2,1553.491,1553.491,fly,0.900,ok,2601,0,0,192.00,460304384,608317440,114090264,95883264,18123768,2803,7449760,22132800,1455692,17978,17978,0,0,0,0,0,0,0,0,0.068,0.071,0.000,0,0,0,17978,17978,0,0
travel,83.945,2016.0,1554.018,1554.018,fly,0.902,ok,2601,0,0,192.00,460304384,608317440,114090264,95883264,18123768,2803,7449760,22132800,1455692,17978,17978,0,0,0,0,0,0,0,0,0.067,0.069,0.000,0,0,0,17978,17978,0,0
travel,83.976,2016.7,1554.544,1554.544,fly,0.989,ok,2601,0,0,192.00,460304384,608317440,114090264,95883264,18123768,2803,7449760,22132800,1455692,17978,17978,0,0,0,0,0,0,0,0,0.153,0.072,0.000,0,0,0,17978,17978,0,0
travel,84.006,2017.5,1555.058,1555.058,fly,0.898,ok,2601,0,0,192.00,460304384,608317440,114090264,95883264,18123768,2803,7449760,22132800,1455692,17978,17978,0,0,0,0,0,0,0,0,0.068,0.067,0.000,0,0,0,17978,17978,0,0
travel,84.037,2018.2,1555.581,1555.581,fly,0.909,ok,2601,0,0,192.00,460304384,608317440,114090264,95883264,18123768,2803,7449760,22132800,1455692,17978,17978,0,0,0,0,0,0,0,0,0.069,0.069,0.000,0,0,0,17978,17978,0,0
travel,84.067,2018.9,1556.100,1556.100,fly,0.894,ok,2601,0,0,192.00,460304384,608317440,114090264,95883264,18123768,2803,7449760,22132800,1455692,17978,17978,0,0,0,0,0,0,0,0,0.067,0.066,0.000,0,0,0,17978,17978,0,0
travel,84.097,2019.7,1556.615,1556.615,fly,0.901,ok,2601,0,0,192.00,460304384,608317440,114090264,95883264,18123768,2803,7449760,22132800,1455692,17978,17978,0,0,0,0,0,0,0,0,0.068,0.066,0.000,0,0,0,17978,17978,0,0
travel,84.128,2020.4,1557.141,1557.141,fly,0.899,ok,2601,0,0,192.00,460304384,608317440,114090264,95883264,18123768,2803,7449760,22132800,1455692,17978,17978,0,0,0,0,0,0,0,0,0.070,0.069,0.000,0,0,0,17978,17978,0,0
travel,84.159,2021.1,1557.667,1557.667,fly,0.900,ok,2601,0,0,192.00,460304384,608317440,114090264,95883264,18123768,2803,7449760,22132800,1455692,17978,17978,0,0,0,0,0,0,0,0,0.066,0.067,0.000,0,0,0,17978,17978,0,0
travel,84.190,2021.9,1558.188,1558.188,fly,1.160,ok,2601,0,0,192.00,460304384,608317440,114090264,95883264,18123768,2803,7449760,22132800,1455692,17978,17978,0,0,0,0,0,0,0,0,0.272,0.079,0.000,0,0,0,17978,17978,0,0
travel,84.221,2022.6,1558.711,1558.711,fly,0.900,ok,2601,0,0,192.00,460304384,608317440,114090264,95883264,18123768,2803,7449760,22132800,1455692,17978,17978,0,0,0,0,0,0,0,0,0.067,0.066,0.000,0,0,0,17978,17978,0,0
travel,84.251,2023.4,1559.232,1559.232,fly,0.894,ok,2601,0,0,192.00,460304384,608317440,114090264,95883264,18123768,2803,7449760,22132800,1455692,17978,17978,0,0,0,0,0,0,0,0,0.066,0.066,0.000,0,0,0,17978,17978,0,0
travel,84.282,2024.1,1559.757,1559.757,fly,0.893,ok,2601,0,0,192.00,460304384,608317440,114090264,95883264,18123768,2803,7449760,22132800,1455692,17978,17978,0,0,0,0,0,0,0,0,0.069,0.069,0.000,0,0,0,17978,17978,0,0
travel,84.321,2025.0,1560.415,1560.415,fly,0.873,ok,2601,0,48,192.00,460247040,608317440,114090264,95883264,18123768,2904,11174640,19628256,1500163,18079,18079,0,0,8,0,0,0,0,0,0.068,0.072,0.000,0,0,0,18079,18079,0,0
travel,84.352,2025.8,1560.937,1560.937,fly,1.317,ok,2601,0,0,192.00,460218368,608317440,114090264,95883264,18123768,2904,11174640,22132800,1509860,18079,18079,0,0,0,0,0,0,0,0,0.476,0.071,0.000,0,0,0,18079,18079,0,0
travel,84.383,2026.5,1561.463,1561.463,fly,0.861,ok,2601,0,0,192.00,460218368,608317440,114090264,95883264,18123768,2904,11174640,22132800,1509860,18079,18079,0,0,0,0,0,0,0,0,0.066,0.065,0.000,0,0,0,18079,18079,0,0
travel,84.415,2027.3,1562.016,1562.016,fly,0.971,ok,2601,0,0,192.00,460218368,608317440,114090264,95883264,18123768,2904,7449760,22132800,1509860,18079,18079,0,0,0,0,0,0,0,0,0.066,0.075,0.000,0,0,0,18079,18079,0,0
travel,84.448,2028.1,1562.572,1562.572,fly,0.941,ok,2601,0,0,192.00,460218368,608317440,114090264,95883264,18123768,2904,7449760,22132800,1509860,18079,18079,0,0,0,0,0,0,0,0,0.072,0.074,0.000,0,0,0,18079,18079,0,0
travel,84.479,2028.8,1563.105,1563.105,fly,0.869,ok,2601,0,0,192.00,460218368,608317440,114090264,95883264,18123768,2904,7449760,22132800,1509860,18079,18079,0,0,0,0,0,0,0,0,0.066,0.068,0.000,0,0,0,18079,18079,0,0
travel,84.510,2029.6,1563.635,1563.635,fly,1.297,ok,2601,0,0,192.00,460218368,608317440,114090264,95883264,18123768,2904,7449760,22132800,1509860,18079,18079,0,0,0,0,0,0,0,0,0.093,0.122,0.000,0,0,0,18079,18079,0,0
travel,84.541,2030.3,1564.160,1564.160,fly,1.019,ok,2601,0,0,192.00,460218368,608317440,114090264,95883264,18123768,2904,7449760,22132800,1509860,18079,18079,0,0,0,0,0,0,0,0,0.075,0.111,0.000,0,0,0,18079,18079,0,0
travel,84.572,2031.1,1564.675,1564.675,fly,0.859,ok,2601,0,0,192.00,460218368,608317440,114090264,95883264,18123768,2904,7449760,22132800,1509860,18079,18079,0,0,0,0,0,0,0,0,0.067,0.067,0.000,0,0,0,18079,18079,0,0
travel,84.602,2031.8,1565.193,1565.193,fly,1.004,ok,2601,0,0,192.00,460218368,608317440,114090264,95883264,18123768,2904,7449760,22132800,1509860,18079,18079,0,0,0,0,0,0,0,0,0.076,0.130,0.000,0,0,0,18079,18079,0,0
travel,84.633,2032.5,1565.724,1565.724,fly,0.868,ok,2601,0,0,192.00,460218368,608317440,114090264,95883264,18123768,2904,7449760,22132800,1509860,18079,18079,0,0,0,0,0,0,0,0,0.065,0.067,0.000,0,0,0,18079,18079,0,0
travel,84.664,2033.3,1566.248,1566.248,fly,0.871,ok,2601,0,0,192.00,460218368,608317440,114090264,95883264,18123768,2904,7449760,22132800,1509860,18079,18079,0,0,0,0,0,0,0,0,0.065,0.067,0.000,0,0,0,18079,18079,0,0
travel,84.694,2034.0,1566.762,1566.762,fly,0.958,ok,2601,0,0,192.00,460218368,608317440,114090264,95883264,18123768,2904,7449760,22132800,1509860,18079,18079,0,0,0,0,0,0,0,0,0.136,0.068,0.000,0,0,0,18079,18079,0,0
travel,84.725,2034.7,1567.284,1567.284,fly,0.865,ok,2601,0,0,192.00,460218368,608317440,114090264,95883264,18123768,2904,7449760,22132800,1509860,18079,18079,0,0,0,0,0,0,0,0,0.065,0.067,0.000,0,0,0,18079,18079,0,0
travel,84.756,2035.5,1567.807,1567.807,fly,0.872,ok,2601,0,0,192.00,460218368,608317440,114090264,95883264,18123768,2904,7449760,22132800,1509860,18079,18079,0,0,0,0,0,0,0,0,0.067,0.066,0.000,0,0,0,18079,18079,0,0
travel,84.796,2036.4,1568.482,1568.482,fly,0.867,ok,2601,0,45,192.00,461328384,609562624,114090264,95883264,18123768,2904,11174640,19836960,1336830,18180,18180,0,0,8,0,0,0,0,0,0.068,0.071,0.000,0,0,0,18180,18180,0,0
travel,84.827,2037.2,1569.015,1569.015,fly,0.930,ok,2601,0,0,192.00,461328384,609562624,114090264,95883264,18123768,2904,11174640,22132800,1343906,18180,18180,0,0,0,0,0,0,0,0,0.069,0.070,0.000,0,0,0,18180,18180,0,0
travel,84.857,2037.9,1569.533,1569.533,fly,0.868,ok,2601,0,0,192.00,461328384,609562624,114090264,95883264,18123768,2904,11174640,22132800,1343906,18180,18180,0,0,0,0,0,0,0,0,0.067,0.069,0.000,0,0,0,18180,18180,0,0
travel,84.888,2038.7,1570.058,1570.058,fly,0.870,ok,2601,0,0,192.00,461328384,609562624,114090264,95883264,18123768,2904,11174640,22132800,1343906,18180,18180,0,0,0,0,0,0,0,0,0.068,0.069,0.000,0,0,0,18180,18180,0,0
travel,84.919,2039.4,1570.579,1570.579,fly,0.858,ok,2601,0,0,192.00,461328384,609562624,114090264,95883264,18123768,2904,7449760,22132800,1343906,18180,18180,0,0,0,0,0,0,0,0,0.067,0.069,0.000,0,0,0,18180,18180,0,0
travel,84.949,2040.1,1571.095,1571.095,fly,0.871,ok,2601,0,0,192.00,461328384,609562624,114090264,95883264,18123768,2904,7449760,22132800,1343906,18180,18180,0,0,0,0,0,0,0,0,0.068,0.068,0.000,0,0,0,18180,18180,0,0
travel,84.980,2040.9,1571.615,1571.615,fly,0.869,ok,2601,0,0,192.00,461328384,609562624,114090264,95883264,18123768,2904,7449760,22132800,1343906,18180,18180,0,0,0,0,0,0,0,0,0.067,0.068,0.000,0,0,0,18180,18180,0,0
travel,85.010,2041.6,1572.135,1572.135,fly,0.863,ok,2601,0,0,192.00,461328384,609562624,114090264,95883264,18123768,2904,7449760,22132800,1343906,18180,18180,0,0,0,0,0,0,0,0,0.067,0.066,0.000,0,0,0,18180,18180,0,0
travel,85.041,2042.3,1572.651,1572.651,fly,0.898,ok,2601,0,0,192.00,461328384,609562624,114090264,95883264,18123768,2904,7449760,22132800,1343906,18180,18180,0,0,0,0,0,0,0,0,0.067,0.068,0.000,0,0,0,18180,18180,0,0
travel,85.072,2043.1,1573.173,1573.173,fly,0.865,ok,2601,0,0,192.00,461328384,609562624,114090264,95883264,18123768,2904,7449760,22132800,1343906,18180,18180,0,0,0,0,0,0,0,0,0.066,0.065,0.000,0,0,0,18180,18180,0,0
travel,85.102,2043.8,1573.699,1573.699,fly,0.854,ok,2601,0,0,192.00,461328384,609562624,114090264,95883264,18123768,2904,7449760,22132800,1343906,18180,18180,0,0,0,0,0,0,0,0,0.066,0.065,0.000,0,0,0,18180,18180,0,0
travel,85.133,2044.6,1574.216,1574.216,fly,0.866,ok,2601,0,0,192.00,461328384,609562624,114090264,95883264,18123768,2904,7449760,22132800,1343906,18180,18180,0,0,0,0,0,0,0,0,0.069,0.070,0.000,0,0,0,18180,18180,0,0
travel,85.164,2045.3,1574.738,1574.738,fly,0.905,ok,2601,0,0,192.00,461328384,609562624,114090264,95883264,18123768,2904,7449760,22132800,1343906,18180,18180,0,0,0,0,0,0,0,0,0.071,0.074,0.000,0,0,0,18180,18180,0,0
travel,85.194,2046.0,1575.260,1575.260,fly,0.884,ok,2601,0,0,192.00,461328384,609562624,114090264,95883264,18123768,2904,7449760,22132800,1343906,18180,18180,0,0,0,0,0,0,0,0,0.082,0.070,0.000,0,0,0,18180,18180,0,0
travel,85.224,2046.8,1575.773,1575.773,fly,0.865,ok,2601,0,0,192.00,461328384,609562624,114090264,95883264,18123768,2904,7449760,22132800,1343906,18180,18180,0,0,0,0,0,0,0,0,0.066,0.066,0.000,0,0,0,18180,18180,0,0
travel,85.263,2047.7,1576.432,1576.432,fly,1.101,ok,2601,0,40,192.00,461475840,609832960,114090264,95883264,18123768,2904,11174640,20045664,1392614,18281,18281,0,0,7,0,0,0,0,0,0.081,0.231,0.000,0,0,0,18281,18281,0,0
travel,85.295,2048.4,1576.967,1576.967,fly,0.870,ok,2601,0,0,192.00,461475840,609832960,114090264,95883264,18123768,2904,11174640,22132800,1400070,18281,18281,0,0,0,0,0,0,0,0,0.068,0.067,0.000,0,0,0,18281,18281,0,0
travel,85.326,2049.2,1577.487,1577.487,fly,0.887,ok,2601,0,0,192.00,461475840,609832960,114090264,95883264,18123768,2904,11174640,22132800,1400070,18281,18281,0,0,0,0,0,0,0,0,0.073,0.072,0.000,0,0,0,18281,18281,0,0
travel,85.356,2049.9,1577.995,1577.995,fly,0.868,ok,2601,0,0,192.00,461475840,609832960,114090264,95883264,18123768,2904,11174640,22132800,1400070,18281,18281,0,0,0,0,0,0,0,0,0.068,0.064,0.000,0,0,0,18281,18281,0,0
travel,85.386,2050.6,1578.513,1578.513,fly,0.864,ok,2601,0,0,192.00,461475840,609832960,114090264,95883264,18123768,2904,11174640,22132800,1400070,18281,18281,0,0,0,0,0,0,0,0,0.068,0.066,0.000,0,0,0,18281,18281,0,0
travel,85.417,2051.4,1579.028,1579.028,fly,0.873,ok,2601,0,0,192.00,461541376,609832960,114090264,95883264,18123768,2904,7449760,22132800,1400070,18281,18281,0,0,0,0,0,0,0,0,0.067,0.067,0.000,0,0,0,18281,18281,0,0
travel,85.447,2052.1,1579.545,1579.545,fly,0.867,ok,2601,0,0,192.00,461541376,609832960,114090264,95883264,18123768,2904,7449760,22132800,1400070,18281,18281,0,0,0,0,0,0,0,0,0.068,0.069,0.000,0,0,0,18281,18281,0,0
travel,85.478,2052.8,1580.070,1580.070,fly,0.860,ok,2601,0,0,192.00,461541376,609832960,114090264,95883264,18123768,2904,7449760,22132800,1400070,18281,18281,0,0,0,0,0,0,0,0,0.067,0.065,0.000,0,0,0,18281,18281,0,0
travel,85.509,2053.6,1580.596,1580.596,fly,0.874,ok,2601,0,0,192.00,461541376,609832960,114090264,95883264,18123768,2904,7449760,22132800,1400070,18281,18281,0,0,0,0,0,0,0,0,0.068,0.072,0.000,0,0,0,18281,18281,0,0
travel,85.540,2054.3,1581.115,1581.115,fly,0.855,ok,2601,0,0,192.00,461541376,609832960,114090264,95883264,18123768,2904,7449760,22132800,1400070,18281,18281,0,0,0,0,0,0,0,0,0.067,0.071,0.000,0,0,0,18281,18281,0,0
travel,85.571,2055.0,1581.638,1581.638,fly,0.864,ok,2601,0,0,192.00,461541376,609832960,114090264,95883264,18123768,2904,7449760,22132800,1400070,18281,18281,0,0,0,0,0,0,0,0,0.067,0.066,0.000,0,0,0,18281,18281,0,0
travel,85.602,2055.8,1582.166,1582.166,fly,0.868,ok,2601,0,0,192.00,461541376,609832960,114090264,95883264,18123768,2904,7449760,22132800,1400070,18281,18281,0,0,0,0,0,0,0,0,0.066,0.068,0.000,0,0,0,18281,18281,0,0
travel,85.632,2056.5,1582.678,1582.678,fly,0.860,ok,2601,0,0,192.00,461541376,609832960,114090264,95883264,18123768,2904,7449760,22132800,1400070,18281,18281,0,0,0,0,0,0,0,0,0.065,0.068,0.000,0,0,0,18281,18281,0,0
travel,85.663,2057.3,1583.196,1583.196,fly,0.960,ok,2601,0,0,192.00,461541376,609832960,114090264,95883264,18123768,2904,7449760,22132800,1400070,18281,18281,0,0,0,0,0,0,0,0,0.072,0.109,0.000,0,0,0,18281,18281,0,0
travel,85.693,2058.0,1583.708,1583.708,fly,0.867,ok,2601,0,0,192.00,461541376,609832960,114090264,95883264,18123768,2904,7449760,22132800,1400070,18281,18281,0,0,0,0,0,0,0,0,0.065,0.067,0.000,0,0,0,18281,18281,0,0
travel,85.734,2059.0,1584.399,1584.399,fly,0.856,ok,2601,0,59,192.00,461574144,609832960,114090264,95883264,18123768,2904,11174640,19054320,1445054,18382,18382,0,0,8,0,0,0,0,0,0.068,0.067,0.000,0,0,0,18382,18382,0,0
travel,85.764,2059.7,1584.912,1584.912,fly,0.997,ok,2601,0,0,192.00,461574144,609832960,114090264,95883264,18123768,2904,11174640,22132800,1456134,18382,18382,0,0,0,0,0,0,0,0,0.184,0.070,0.000,0,0,0,18382,18382,0,0
travel,85.795,2060.4,1585.427,1585.427,fly,0.859,ok,2601,0,0,192.00,461574144,609832960,114090264,95883264,18123768,2904,11174640,22132800,1456134,18382,18382,0,0,0,0,0,0,0,0,0.068,0.071,0.000,0,0,0,18382,18382,0,0
travel,85.826,2061.1,1585.949,1585.949,fly,0.872,ok,2601,0,0,192.00,461574144,609832960,114090264,95883264,18123768,2904,11174640,22132800,1456134,18382,18382,0,0,0,0,0,0,0,0,0.066,0.066,0.000,0,0,0,18382,18382,0,0
travel,85.856,2061.9,1586.471,1586.471,fly,1.296,ok,2601,0,0,192.00,461574144,609832960,114090264,95883264,18123768,2904,11174640,22132800,1456134,18382,18382,0,0,0,0,0,0,0,0,0.481,0.070,0.000,0,0,0,18382,18382,0,0
travel,85.887,2062.6,1586.985,1586.985,fly,0.858,ok,2601,0,0,192.00,461574144,609832960,114090264,95883264,18123768,2904,7449760,22132800,1456134,18382,18382,0,0,0,0,0,0,0,0,0.067,0.065,0.000,0,0,0,18382,18382,0,0
travel,85.917,2063.3,1587.498,1587.498,fly,0.860,ok,2601,0,0,192.00,461574144,609832960,114090264,95883264,18123768,2904,7449760,22132800,1456134,18382,18382,0,0,0,0,0,0,0,0,0.066,0.065,0.000,0,0,0,18382,18382,0,0
travel,85.947,2064.1,1588.008,1588.008,fly,0.902,ok,2601,0,0,192.00,461574144,609832960,114090264,95883264,18123768,2904,7449760,22132800,1456134,18382,18382,0,0,0,0,0,0,0,0,0.066,0.070,0.000,0,0,0,18382,18382,0,0
travel,85.978,2064.8,1588.527,1588.527,fly,0.895,ok,2601,0,0,192.00,461574144,609832960,114090264,95883264,18123768,2904,7449760,22132800,1456134,18382,18382,0,0,0,0,0,0,0,0,0.067,0.074,0.000,0,0,0,18382,18382,0,0
travel,86.008,2065.5,1589.045,1589.045,fly,0.869,ok,2601,0,0,192.00,461574144,609832960,114090264,95883264,18123768,2904,7449760,22132800,1456134,18382,18382,0,0,0,0,0,0,0,0,0.067,0.070,0.000,0,0,0,18382,18382,0,0
travel,86.039,2066.3,1589.560,1589.560,fly,0.862,ok,2601,0,0,192.00,461574144,609832960,114090264,95883264,18123768,2904,7449760,22132800,1456134,18382,18382,0,0,0,0,0,0,0,0,0.066,0.066,0.000,0,0,0,18382,18382,0,0
travel,86.070,2067.0,1590.086,1590.086,fly,0.858,ok,2601,0,0,192.00,461574144,609832960,114090264,95883264,18123768,2904,7449760,22132800,1456134,18382,18382,0,0,0,0,0,0,0,0,0.065,0.064,0.000,0,0,0,18382,18382,0,0
travel,86.101,2067.7,1590.605,1590.605,fly,0.880,ok,2601,0,0,192.00,461574144,609832960,114090264,95883264,18123768,2904,7449760,22132800,1456134,18382,18382,0,0,0,0,0,0,0,0,0.069,0.072,0.000,0,0,0,18382,18382,0,0
travel,86.131,2068.5,1591.121,1591.121,fly,0.862,ok,2601,0,0,192.00,461574144,609832960,114090264,95883264,18123768,2904,7449760,22132800,1456134,18382,18382,0,0,0,0,0,0,0,0,0.065,0.069,0.000,0,0,0,18382,18382,0,0
travel,86.162,2069.2,1591.638,1591.638,fly,0.846,ok,2601,0,0,192.00,461574144,609832960,114090264,95883264,18123768,2904,7449760,22132800,1456134,18382,18382,0,0,0,0,0,0,0,0,0.066,0.066,0.000,0,0,0,18382,18382,0,0
travel,86.201,2070.1,1592.309,1592.309,fly,0.876,ok,2601,0,96,192.00,461574144,609832960,114090264,95883264,18123768,2904,11174640,17123808,1492039,18483,18483,0,0,7,0,0,0,0,0,0.068,0.068,0.000,0,0,0,18483,18483,0,0
travel,86.234,2070.9,1592.856,1592.856,fly,0.874,ok,2601,0,0,192.00,461574144,609832960,114090264,95883264,18123768,2904,11174640,22132800,1511078,18483,18483,0,0,0,0,0,0,0,0,0.069,0.069,0.000,0,0,0,18483,18483,0,0
travel,86.264,2071.7,1593.378,1593.378,fly,0.878,ok,2601,0,0,192.00,461574144,609832960,114090264,95883264,18123768,2904,11174640,22132800,1511078,18483,18483,0,0,0,0,0,0,0,0,0.068,0.071,0.000,0,0,0,18483,18483,0,0
travel,86.295,2072.4,1593.896,1593.896,fly,0.865,ok,2601,0,0,192.00,461574144,609832960,114090264,95883264,18123768,2904,11174640,22132800,1511078,18483,18483,0,0,0,0,0,0,0,0,0.069,0.066,0.000,0,0,0,18483,18483,0,0
travel,86.326,2073.1,1594.428,1594.428,fly,0.862,ok,2601,0,0,192.00,461574144,609832960,114090264,95883264,18123768,2904,11174640,22132800,1511078,18483,18483,0,0,0,0,0,0,0,0,0.068,0.065,0.000,0,0,0,18483,18483,0,0
travel,86.357,2073.9,1594.949,1594.949,fly,0.865,ok,2601,0,0,192.00,461574144,609832960,114090264,95883264,18123768,2904,7449760,22132800,1511078,18483,18483,0,0,0,0,0,0,0,0,0.067,0.069,0.000,0,0,0,18483,18483,0,0
travel,86.388,2074.6,1595.464,1595.464,fly,0.974,ok,2601,0,0,192.00,461574144,609832960,114090264,95883264,18123768,2904,7449760,22132800,1511078,18483,18483,0,0,0,0,0,0,0,0,0.079,0.110,0.000,0,0,0,18483,18483,0,0
travel,86.418,2075.3,1595.979,1595.979,fly,0.856,ok,2601,0,0,192.00,461574144,609832960,114090264,95883264,18123768,2904,7449760,22132800,1511078,18483,18483,0,0,0,0,0,0,0,0,0.066,0.064,0.000,0,0,0,18483,18483,0,0
travel,86.450,2076.1,1596.519,1596.519,fly,0.866,ok,2601,0,0,192.00,461574144,609832960,114090264,95883264,18123768,2904,7449760,22132800,1511078,18483,18483,0,0,0,0,0,0,0,0,0.065,0.067,0.000,0,0,0,18483,18483,0,0
travel,86.480,2076.8,1597.029,1597.029,fly,0.860,ok,2601,0,0,192.00,461574144,609832960,114090264,95883264,18123768,2904,7449760,22132800,1511078,18483,18483,0,0,0,0,0,0,0,0,0.068,0.066,0.000,0,0,0,18483,18483,0,0
travel,86.510,2077.5,1597.543,1597.543,fly,0.876,ok,2601,0,0,192.00,461574144,609832960,114090264,95883264,18123768,2904,7449760,22132800,1511078,18483,18483,0,0,0,0,0,0,0,0,0.068,0.069,0.000,0,0,0,18483,18483,0,0
travel,86.541,2078.3,1598.060,1598.060,fly,0.874,ok,2601,0,0,192.00,461574144,609832960,114090264,95883264,18123768,2904,7449760,22132800,1511078,18483,18483,0,0,0,0,0,0,0,0,0.068,0.067,0.000,0,0,0,18483,18483,0,0
travel,86.571,2079.0,1598.572,1598.572,fly,0.855,ok,2601,0,0,192.00,461574144,609832960,114090264,95883264,18123768,2904,7449760,22132800,1511078,18483,18483,0,0,0,0,0,0,0,0,0.065,0.066,0.000,0,0,0,18483,18483,0,0
travel,86.602,2079.7,1599.088,1599.088,fly,0.894,ok,2601,0,0,192.00,461574144,609832960,114090264,95883264,18123768,2904,7449760,22132800,1511078,18483,18483,0,0,0,0,0,0,0,0,0.066,0.073,0.000,0,0,0,18483,18483,0,0
travel,86.633,2080.5,1599.620,1599.620,fly,0.885,ok,2601,0,0,192.00,461574144,609832960,114090264,95883264,18123768,2904,7449760,22132800,1511078,18483,18483,0,0,0,0,0,0,0,0,0.069,0.071,0.000,0,0,0,18483,18483,0,0
travel,86.674,2081.4,1600.307,1600.307,fly,0.865,ok,2601,0,130,192.00,461578240,609832960,114090264,95883264,18123768,2904,11174640,15349824,1346129,18584,18584,0,0,0,0,0,0,0,0,0.067,0.066,0.000,0,0,0,18584,18584,0,0
travel,86.705,2082.2,1600.836,1600.836,fly,0.878,ok,2601,0,0,192.00,461611008,609832960,114090264,95883264,18123768,2904,11174640,22132800,1305472,18584,18584,0,0,0,0,0,0,0,0,0.074,0.070,0.000,0,0,0,18584,18584,0,0
travel,86.735,2082.9,1601.351,1601.351,fly,0.882,ok,2601,0,0,192.00,461611008,609832960,114090264,95883264,18123768,2904,11174640,22132800,1305472,18584,18584,0,0,0,0,0,0,0,0,0.068,0.078,0.000,0,0,0,18584,18584,0,0
travel,86.767,2083.7,1601.890,1601.890,fly,1.010,ok,2601,0,0,192.00,461611008,609832960,114090264,95883264,18123768,2904,11174640,22132800,1305472,18584,18584,0,0,0,0,0,0,0,0,0.078,0.112,0.000,0,0,0,18584,18584,0,0
travel,86.798,2084.4,1602.416,1602.416,fly,0.873,ok,2601,0,0,192.00,461611008,609832960,114090264,95883264,18123768,2904,11174640,22132800,1305472,18584,18584,0,0,0,0,0,0,0,0,0.067,0.068,0.000,0,0,0,18584,18584,0,0
travel,86.829,2085.2,1602.942,1602.942,fly,0.930,ok,2601,0,0,192.00,461611008,609832960,114090264,95883264,18123768,2904,7449760,22132800,1305472,18584,18584,0,0,0,0,0,0,0,0,0.070,0.121,0.000,0,0,0,18584,18584,0,0
travel,86.860,2085.9,1603.464,1603.464,fly,0.867,ok,2601,0,0,192.00,461611008,609832960,114090264,95883264,18123768,2904,7449760,22132800,1305472,18584,18584,0,0,0,0,0,0,0,0,0.068,0.066,0.000,0,0,0,18584,18584,0,0
travel,86.891,2086.7,1603.990,1603.990,fly,0.864,ok,2601,0,0,192.00,461611008,609832960,114090264,95883264,18123768,2904,7449760,22132800,1305472,18584,18584,0,0,0,0,0,0,0,0,0.069,0.066,0.000,0,0,0,18584,18584,0,0
travel,86.922,2087.4,1604.513,1604.513,fly,0.971,ok,2601,0,0,192.00,461611008,609832960,114090264,95883264,18123768,2904,7449760,22132800,1305472,18584,18584,0,0,0,0,0,0,0,0,0.070,0.099,0.000,0,0,0,18584,18584,0,0
travel,86.953,2088.1,1605.037,1605.037,fly,0.871,ok,2601,0,0,192.00,461611008,609832960,114090264,95883264,18123768,2904,7449760,22132800,1305472,18584,18584,0,0,0,0,0,0,0,0,0.067,0.066,0.000,0,0,0,18584,18584,0,0
travel,86.983,2088.9,1605.548,1605.548,fly,0.891,ok,2601,0,0,192.00,461611008,609832960,114090264,95883264,18123768,2904,7449760,22132800,1305472,18584,18584,0,0,0,0,0,0,0,0,0.067,0.071,0.000,0,0,0,18584,18584,0,0
travel,87.014,2089.6,1606.061,1606.061,fly,0.864,ok,2601,0,0,192.00,461611008,609832960,114090264,95883264,18123768,2904,7449760,22132800,1305472,18584,18584,0,0,0,0,0,0,0,0,0.068,0.066,0.000,0,0,0,18584,18584,0,0
travel,87.044,2090.3,1606.574,1606.574,fly,0.889,ok,2601,0,0,192.00,461611008,609832960,114090264,95883264,18123768,2904,7449760,22132800,1305472,18584,18584,0,0,0,0,0,0,0,0,0.070,0.073,0.000,0,0,0,18584,18584,0,0
travel,87.076,2091.1,1607.122,1607.122,fly,0.896,ok,2601,0,0,192.00,461611008,609832960,114090264,95883264,18123768,2904,7449760,22132800,1305472,18584,18584,0,0,0,0,0,0,0,0,0.067,0.072,0.000,0,0,0,18584,18584,0,0
travel,87.107,2091.8,1607.641,1607.641,fly,1.780,ok,2601,0,0,192.00,461611008,609832960,114090264,95883264,18123768,2904,7449760,22132800,1305472,18584,18584,0,0,0,0,0,0,0,0,0.897,0.122,0.000,0,0,0,18584,18584,0,0
travel,87.146,2092.8,1608.306,1608.306,fly,0.882,ok,2601,0,87,192.00,461627392,609832960,114090264,95883264,18123768,2904,11174640,17593392,1343210,18685,18685,0,0,7,0,0,0,0,0,0.069,0.071,0.000,0,0,0,18685,18685,0,0
travel,87.177,2093.5,1608.819,1608.819,fly,1.044,ok,2601,0,0,192.00,461627392,609832960,114090264,95883264,18123768,2904,11174640,22132800,1359996,18685,18685,0,0,0,0,0,0,0,0,0.076,0.122,0.001,0,0,0,18685,18685,0,0
travel,87.208,2094.2,1609.343,1609.343,fly,0.863,ok,2601,0,0,192.00,461627392,609832960,114090264,95883264,18123768,2904,11174640,22132800,1359996,18685,18685,0,0,0,0,0,0,0,0,0.069,0.066,0.000,0,0,0,18685,18685,0,0
travel,87.239,2095.0,1609.881,1609.881,fly,0.901,ok,2601,0,0,192.00,461627392,609832960,114090264,95883264,18123768,2904,11174640,22132800,1359996,18685,18685,0,0,0,0,0,0,0,0,0.070,0.073,0.000,0,0,0,18685,18685,0,0
travel,87.270,2095.7,1610.394,1610.394,fly,0.883,ok,2601,0,0,192.00,461627392,609832960,114090264,95883264,18123768,2904,11174640,22132800,1359996,18685,18685,0,0,0,0,0,0,0,0,0.069,0.071,0.000,0,0,0,18685,18685,0,0
travel,87.300,2096.4,1610.913,1610.913,fly,0.866,ok,2601,0,0,192.00,461627392,609832960,114090264,95883264,18123768,2904,7449760,22132800,1359996,18685,18685,0,0,0,0,0,0,0,0,0.068,0.068,0.000,0,0,0,18685,18685,0,0
travel,87.331,2097.2,1611.434,1611.434,fly,0.893,ok,2601,0,0,192.00,461627392,609832960,114090264,95883264,18123768,2904,7449760,22132800,1359996,18685,18685,0,0,0,0,0,0,0,0,0.073,0.073,0.000,0,0,0,18685,18685,0,0
travel,87.363,2097.9,1611.971,1611.971,fly,0.866,ok,2601,0,0,192.00,461627392,609832960,114090264,95883264,18123768,2904,7449760,22132800,1359996,18685,18685,0,0,0,0,0,0,0,0,0.069,0.065,0.000,0,0,0,18685,18685,0,0
travel,87.394,2098.7,1612.498,1612.498,fly,0.917,ok,2601,0,0,192.00,461627392,609832960,114090264,95883264,18123768,2904,7449760,22132800,1359996,18685,18685,0,0,0,0,0,0,0,0,0.068,0.077,0.000,0,0,0,18685,18685,0,0
travel,87.424,2099.4,1613.009,1613.009,fly,0.903,ok,2601,0,0,192.00,461627392,609832960,114090264,95883264,18123768,2904,7449760,22132800,1359996,18685,18685,0,0,0,0,0,0,0,0,0.066,0.069,0.000,0,0,0,18685,18685,0,0
travel,87.454,2100.1,1613.518,1613.518,fly,0.907,ok,2601,0,0,192.00,461627392,609832960,114090264,95883264,18123768,2904,7449760,22132800,1359996,18685,18685,0,0,0,0,0,0,0,0,0.067,0.078,0.000,0,0,0,18685,18685,0,0
travel,87.485,2100.9,1614.039,1614.039,fly,0.869,ok,2601,0,0,192.00,461627392,609832960,114090264,95883264,18123768,2904,7449760,22132800,1359996,18685,18685,0,0,0,0,0,0,0,0,0.066,0.068,0.000,0,0,0,18685,18685,0,0
travel,87.515,2101.6,1614.550,1614.550,fly,0.860,ok,2601,0,0,192.00,461627392,609832960,114090264,95883264,18123768,2904,7449760,22132800,1359996,18685,18685,0,0,0,0,0,0,0,0,0.067,0.065,0.000,0,0,0,18685,18685,0,0
travel,87.546,2102.3,1615.067,1615.067,fly,0.905,ok,2601,0,0,192.00,461627392,609832960,114090264,95883264,18123768,2904,7449760,22132800,1359996,18685,18685,0,0,0,0,0,0,0,0,0.068,0.086,0.000,0,0,0,18685,18685,0,0
travel,87.576,2103.1,1615.588,1615.588,fly,0.876,ok,2601,0,0,192.00,461627392,609832960,114090264,95883264,18123768,2904,7449760,22132800,1359996,18685,18685,0,0,0,0,0,0,0,0,0.068,0.081,0.000,0,0,0,18685,18685,0,0
travel,87.616,2104.0,1616.254,1616.254,fly,0.955,ok,2601,0,112,192.00,461647872,609832960,114090264,95883264,18123768,2904,11174640,16288992,1392305,18786,18786,0,0,8,0,0,0,0,0,0.078,0.109,0.000,0,0,0,18786,18786,0,0
travel,87.647,2104.8,1616.785,1616.785,fly,0.869,ok,2601,0,0,192.00,461647872,609832960,114090264,95883264,18123768,2904,11174640,22132800,1413340,18786,18786,0,0,0,0,0,0,0,0,0.068,0.066,0.000,0,0,0,18786,18786,0,0
travel,87.678,2105.5,1617.313,1617.313,fly,0.869,ok,2601,0,0,192.00,461647872,609832960,114090264,95883264,18123768,2904,11174640,22132800,1413340,18786,18786,0,0,0,0,0,0,0,0,0.069,0.066,0.000,0,0,0,18786,18786,0,0
travel,87.709,2106.2,1617.826,1617.826,fly,0.929,ok,2601,0,0,192.00,461647872,609832960,114090264,95883264,18123768,2904,11174640,22132800,1413340,18786,18786,0,0,0,0,0,0,0,0,0.069,0.081,0.000,0,0,0,18786,18786,0,0
travel,87.740,2107.0,1618.349,1618.349,fly,0.872,ok,2601,0,0,192.00,461647872,609832960,114090264,95883264,18123768,2904,11174640,22132800,1413340,18786,18786,0,0,0,0,0,0,0,0,0.068,0.068,0.000,0,0,0,18786,18786,0,0
travel,87.770,2107.7,1618.867,1618.867,fly,0.865,ok,2601,0,0,192.00,461647872,609832960,114090264,95883264,18123768,2904,7449760,22132800,1413340,18786,18786,0,0,0,0,0,0,0,0,0.069,0.064,0.000,0,0,0,18786,18786,0,0
travel,87.800,2108.4,1619.379,1619.379,fly,0.876,ok,2601,0,0,192.00,461647872,609832960,114090264,95883264,18123768,2904,7449760,22132800,1413340,18786,18786,0,0,0,0,0,0,0,0,0.071,0.068,0.000,0,0,0,18786,18786,0,0
travel,87.831,2109.2,1619.899,1619.899,fly,0.869,ok,2601,0,0,192.00,461647872,609832960,114090264,95883264,18123768,2904,7449760,22132800,1413340,18786,18786,0,0,0,0,0,0,0,0,0.069,0.069,0.000,0,0,0,18786,18786,0,0
travel,87.862,2109.9,1620.419,1620.419,fly,1.091,ok,2601,0,0,192.00,461647872,609832960,114090264,95883264,18123768,2904,7449760,22132800,1413340,18786,18786,0,0,0,0,0,0,0,0,0.079,0.147,0.000,0,0,0,18786,18786,0,0
travel,87.892,2110.6,1620.931,1620.931,fly,0.878,ok,2601,0,0,192.00,461647872,609832960,114090264,95883264,18123768,2904,7449760,22132800,1413340,18786,18786,0,0,0,0,0,0,0,0,0.074,0.068,0.000,0,0,0,18786,18786,0,0
travel,87.923,2111.4,1621.453,1621.453,fly,0.861,ok,2601,0,0,192.00,461647872,609832960,114090264,95883264,18123768,2904,7449760,22132800,1413340,18786,18786,0,0,0,0,0,0,0,0,0.069,0.064,0.000,0,0,0,18786,18786,0,0
travel,87.953,2112.1,1621.968,1621.968,fly,0.935,ok,2601,0,0,192.00,461647872,609832960,114090264,95883264,18123768,2904,7449760,22132800,1413340,18786,18786,0,0,0,0,0,0,0,0,0.071,0.074,0.000,0,0,0,18786,18786,0,0
travel,87.984,2112.8,1622.480,1622.480,fly,0.870,ok,2601,0,0,192.00,461647872,609832960,114090264,95883264,18123768,2904,7449760,22132800,1413340,18786,18786,0,0,0,0,0,0,0,0,0.069,0.067,0.000,0,0,0,18786,18786,0,0
travel,88.015,2113.5,1623.005,1623.005,fly,1.037,ok,2601,0,0,192.00,461647872,609832960,114090264,95883264,18123768,2904,7449760,22132800,1413340,18786,18786,0,0,0,0,0,0,0,0,0.072,0.157,0.000,0,0,0,18786,18786,0,0
travel,88.045,2114.3,1623.524,1623.524,fly,0.874,ok,2601,0,0,192.00,461647872,609832960,114090264,95883264,18123768,2904,7449760,22132800,1413340,18786,18786,0,0,0,0,0,0,0,0,0.068,0.069,0.000,0,0,0,18786,18786,0,0
travel,88.082,2115.2,1624.140,1624.140,fly,3.051,ok,2601,0,149,192.00,461647872,609832960,114090264,95883264,18123768,2904,11174640,14358480,1433400,18887,18887,29,0,55,29,29,0,0,0,0.098,0.113,0.000,0,0,0,18887,18887,0,0
travel,88.114,2115.9,1624.691,1624.691,fly,0.875,ok,2601,0,0,192.00,461647872,609832960,114090264,95883264,18123768,2904,11174640,22132800,1469020,18887,18887,0,0,0,0,0,0,0,0,0.073,0.067,0.000,0,0,0,18887,18887,0,0
travel,88.145,2116.7,1625.212,1625.212,fly,0.874,ok,2601,0,0,192.00,461647872,609832960,114090264,95883264,18123768,2904,11174640,22132800,1469020,18887,18887,0,0,0,0,0,0,0,0,0.067,0.070,0.000,0,0,0,18887,18887,0,0
travel,88.175,2117.4,1625.728,1625.728,fly,0.889,ok,2601,0,0,192.00,461647872,609832960,114090264,95883264,18123768,2904,11174640,22132800,1469020,18887,18887,0,0,0,0,0,0,0,0,0.069,0.070,0.000,0,0,0,18887,18887,0,0
travel,88.206,2118.1,1626.240,1626.240,fly,0.877,ok,2601,0,0,192.00,461647872,609832960,114090264,95883264,18123768,2904,11174640,22132800,1469020,18887,18887,0,0,0,0,0,0,0,0,0.070,0.068,0.000,0,0,0,18887,18887,0,0
travel,88.236,2118.8,1626.752,1626.752,fly,0.866,ok,2601,0,0,192.00,461647872,609832960,114090264,95883264,18123768,2904,7449760,22132800,1469020,18887,18887,0,0,0,0,0,0,0,0,0.068,0.065,0.000,0,0,0,18887,18887,0,0
travel,88.267,2119.6,1627.273,1627.273,fly,0.869,ok,2601,0,0,192.00,461647872,609832960,114090264,95883264,18123768,2904,7449760,22132800,1469020,18887,18887,0,0,0,0,0,0,0,0,0.070,0.064,0.000,0,0,0,18887,18887,0,0
travel,88.297,2120.3,1627.782,1627.782,fly,0.874,ok,2601,0,0,192.00,461647872,609832960,114090264,95883264,18123768,2904,7449760,22132800,1469020,18887,18887,0,0,0,0,0,0,0,0,0.067,0.070,0.000,0,0,0,18887,18887,0,0
travel,88.328,2121.0,1628.304,1628.304,fly,0.884,ok,2601,0,0,192.00,461647872,609832960,114090264,95883264,18123768,2904,7449760,22132800,1469020,18887,18887,0,0,0,0,0,0,0,0,0.067,0.080,0.000,0,0,0,18887,18887,0,0
travel,88.359,2121.8,1628.833,1628.833,fly,1.005,ok,2601,0,0,192.00,461647872,609832960,114090264,95883264,18123768,2904,7449760,22132800,1469020,18887,18887,0,0,0,0,0,0,0,0,0.086,0.157,0.000,0,0,0,18887,18887,0,0
travel,88.390,2122.5,1629.351,1629.351,fly,0.872,ok,2601,0,0,192.00,461647872,609832960,114090264,95883264,18123768,2904,7449760,22132800,1469020,18887,18887,0,0,0,0,0,0,0,0,0.068,0.068,0.000,0,0,0,18887,18887,0,0
travel,88.421,2123.3,1629.878,1629.878,fly,0.881,ok,2601,0,0,192.00,461647872,609832960,114090264,95883264,18123768,2904,7449760,22132800,1469020,18887,18887,0,0,0,0,0,0,0,0,0.071,0.072,0.000,0,0,0,18887,18887,0,0
travel,88.451,2124.0,1630.399,1630.399,fly,0.874,ok,2601,0,0,192.00,461647872,609832960,114090264,95883264,18123768,2904,7449760,22132800,1469020,18887,18887,0,0,0,0,0,0,0,0,0.066,0.070,0.000,0,0,0,18887,18887,0,0
travel,88.482,2124.7,1630.915,1630.915,fly,0.911,ok,2601,0,0,192.00,461647872,609832960,114090264,95883264,18123768,2904,7449760,22132800,1469020,18887,18887,0,0,0,0,0,0,0,0,0.069,0.079,0.000,0,0,0,18887,18887,0,0
travel,88.513,2125.5,1631.435,1631.435,fly,0.858,ok,2601,0,0,192.00,461647872,609832960,114090264,95883264,18123768,2904,7449760,22132800,1469020,18887,18887,0,0,0,0,0,0,0,0,0.066,0.064,0.000,0,0,0,18887,18887,0,0
travel,88.544,2126.2,1631.959,1631.959,fly,0.874,ok,2601,0,0,192.00,461647872,609832960,114090264,95883264,18123768,2904,7449760,22132800,1469020,18887,18887,0,0,0,0,0,0,0,0,0.066,0.067,0.000,0,0,0,18887,18887,0,0
travel,88.586,2127.2,1632.684,1632.684,fly,0.879,ok,2601,0,0,192.00,461647872,609832960,114090264,95883264,18123768,2904,11174640,22132800,1304532,18988,18988,0,0,0,0,0,0,0,0,0.070,0.067,0.000,0,0,0,18988,18988,0,0
travel,88.617,2128.0,1633.200,1633.200,fly,0.878,ok,2601,0,0,192.00,461647872,609832960,114090264,95883264,18123768,2904,11174640,22132800,1304532,18988,18988,0,0,0,0,0,0,0,0,0.072,0.069,0.000,0,0,0,18988,18988,0,0
travel,88.647,2128.7,1633.715,1633.715,fly,0.916,ok,2601,0,0,192.00,461647872,609832960,114090264,95883264,18123768,2904,11174640,22132800,1304532,18988,18988,0,0,0,0,0,0,0,0,0.072,0.072,0.000,0,0,0,18988,18988,0,0
travel,88.678,2129.4,1634.234,1634.234,fly,0.875,ok,2601,0,0,192.00,461647872,609832960,114090264,95883264,18123768,2904,11174640,22132800,1304532,18988,18988,0,0,0,0,0,0,0,0,0.070,0.067,0.000,0,0,0,18988,18988,0,0
travel,88.709,2130.2,1634.763,1634.763,fly,0.868,ok,2601,0,0,192.00,461647872,609832960,114090264,95883264,18123768,2904,7449760,22132800,1304532,18988,18988,0,0,0,0,0,0,0,0,0.068,0.068,0.000,0,0,0,18988,18988,0,0
travel,88.740,2130.9,1635.279,1635.279,fly,1.102,ok,2601,0,0,192.00,461647872,609832960,114090264,95883264,18123768,2904,7449760,22132800,1304532,18988,18988,0,0,0,0,0,0,0,0,0.146,0.098,0.000,0,0,0,18988,18988,0,0
travel,88.771,2131.6,1635.801,1635.801,fly,0.986,ok,2601,0,0,192.00,461647872,609832960,114090264,95883264,18123768,2904,7449760,22132800,1304532,18988,18988,0,0,0,0,0,0,0,0,0.078,0.107,0.000,0,0,0,18988,18988,0,0
travel,88.801,2132.4,1636.319,1636.319,fly,0.874,ok,2601,0,0,192.00,461647872,609832960,114090264,95883264,18123768,2904,7449760,22132800,1304532,18988,18988,0,0,0,0,0,0,0,0,0.069,0.068,0.000,0,0,0,18988,18988,0,0
travel,88.831,2133.1,1636.832,1636.832,fly,0.881,ok,2601,0,0,192.00,461647872,609832960,114090264,95883264,18123768,2904,7449760,22132800,1304532,18988,18988,0,0,0,0,0,0,0,0,0.069,0.073,0.000,0,0,0,18988,18988,0,0
travel,88.863,2133.9,1637.375,1637.375,fly,0.873,ok,2601,0,0,192.00,461647872,609832960,114090264,95883264,18123768,2904,7449760,22132800,1304532,18988,18988,0,0,0,0,0,0,0,0,0.068,0.071,0.000,0,0,0,18988,18988,0,0
travel,88.894,2134.6,1637.900,1637.900,fly,0.871,ok,2601,0,0,192.00,461647872,609832960,114090264,95883264,18123768,2904,7449760,22132800,1304532,18988,18988,0,0,0,0,0,0,0,0,0.068,0.066,0.000,0,0,0,18988,18988,0,0
travel,88.925,2135.4,1638.421,1638.421,fly,0.874,ok,2601,0,0,192.00,461647872,609832960,114090264,95883264,18123768,2904,7449760,22132800,1304532,18988,18988,0,0,0,0,0,0,0,0,0.068,0.067,0.000,0,0,0,18988,18988,0,0
travel,88.956,2136.1,1638.938,1638.938,fly,0.871,ok,2601,0,0,192.00,461647872,609832960,114090264,95883264,18123768,2904,7449760,22132800,1304532,18988,18988,0,0,0,0,0,0,0,0,0.069,0.068,0.000,0,0,0,18988,18988,0,0
travel,88.986,2136.8,1639.458,1639.458,fly,0.864,ok,2601,0,0,192.00,461647872,609832960,114090264,95883264,18123768,2904,7449760,22132800,1304532,18988,18988,0,0,0,0,0,0,0,0,0.066,0.067,0.000,0,0,0,18988,18988,0,0
travel,89.017,2137.6,1639.979,1639.979,fly,0.859,ok,2601,0,0,192.00,461647872,609832960,114090264,95883264,18123768,2904,7449760,22132800,1304532,18988,18988,0,0,0,0,0,0,0,0,0.066,0.065,0.000,0,0,0,18988,18988,0,0
travel,89.056,2138.5,1640.635,1640.635,fly,0.916,ok,2601,0,0,192.00,461647872,609832960,114090264,95883264,18123768,2904,11174640,22132800,1359632,19089,19089,0,0,0,0,0,0,0,0,0.070,0.076,0.000,0,0,0,19089,19089,0,0
travel,89.087,2139.2,1641.162,1641.162,fly,0.889,ok,2601,0,0,192.00,461647872,609832960,114090264,95883264,18123768,2904,11174640,22132800,1359632,19089,19089,0,0,0,0,0,0,0,0,0.077,0.070,0.000,0,0,0,19089,19089,0,0
travel,89.117,2140.0,1641.676,1641.676,fly,0.871,ok,2601,0,0,192.00,461647872,609832960,114090264,95883264,18123768,2904,11174640,22132800,1359632,19089,19089,0,0,0,0,0,0,0,0,0.068,0.065,0.000,0,0,0,19089,19089,0,0
travel,89.148,2140.7,1642.185,1642.185,fly,0.876,ok,2601,0,0,192.00,461647872,609832960,114090264,95883264,18123768,2904,11174640,22132800,1359632,19089,19089,0,0,0,0,0,0,0,0,0.072,0.066,0.000,0,0,0,19089,19089,0,0
travel,89.178,2141.4,1642.704,1642.704,fly,0.884,ok,2601,0,0,192.00,461647872,609832960,114090264,95883264,18123768,2904,7449760,22132800,1359632,19089,19089,0,0,0,0,0,0,0,0,0.074,0.069,0.000,0,0,0,19089,19089,0,0
travel,89.210,2142.2,1643.234,1643.234,fly,0.864,ok,2601,0,0,192.00,461647872,609832960,114090264,95883264,18123768,2904,7449760,22132800,1359632,19089,19089,0,0,0,0,0,0,0,0,0.067,0.063,0.000,0,0,0,19089,19089,0,0
travel,89.240,2142.9,1643.744,1643.744,fly,0.872,ok,2601,0,0,192.00,461647872,609832960,114090264,95883264,18123768,2904,7449760,22132800,1359632,19089,19089,0,0,0,0,0,0,0,0,0.068,0.068,0.000,0,0,0,19089,19089,0,0
travel,89.270,2143.6,1644.260,1644.260,fly,0.914,ok,2601,0,0,192.00,461647872,609832960,114090264,95883264,18123768,2904,7449760,22132800,1359632,19089,19089,0,0,0,0,0,0,0,0,0.099,0.076,0.000,0,0,0,19089,19089,0,0
travel,89.301,2144.3,1644.779,1644.779,fly,0.869,ok,2601,0,0,192.00,461647872,609832960,114090264,95883264,18123768,2904,7449760,22132800,1359632,19089,19089,0,0,0,0,0,0,0,0,0.067,0.067,0.000,0,0,0,19089,19089,0,0
travel,89.332,2145.1,1645.307,1645.307,fly,0.867,ok,2601,0,0,192.00,461647872,609832960,114090264,95883264,18123768,2904,7449760,22132800,1359632,19089,19089,0,0,0,0,0,0,0,0,0.068,0.067,0.000,0,0,0,19089,19089,0,0
travel,89.363,2145.8,1645.835,1645.835,fly,0.877,ok,2601,0,0,192.00,461647872,609832960,114090264,95883264,18123768,2904,7449760,22132800,1359632,19089,19089,0,0,0,0,0,0,0,0,0.068,0.067,0.000,0,0,0,19089,19089,0,0
travel,89.394,2146.6,1646.349,1646.349,fly,0.862,ok,2601,0,0,192.00,461647872,609832960,114090264,95883264,18123768,2904,7449760,22132800,1359632,19089,19089,0,0,0,0,0,0,0,0,0.067,0.067,0.000,0,0,0,19089,19089,0,0
travel,89.424,2147.3,1646.865,1646.865,fly,0.875,ok,2601,0,0,192.00,461647872,609832960,114090264,95883264,18123768,2904,7449760,22132800,1359632,19089,19089,0,0,0,0,0,0,0,0,0.067,0.067,0.000,0,0,0,19089,19089,0,0
travel,89.455,2148.0,1647.380,1647.380,fly,1.131,ok,2601,0,0,192.00,461647872,609832960,114090264,95883264,18123768,2904,7449760,22132800,1359632,19089,19089,0,0,0,0,0,0,0,0,0.150,0.112,0.000,0,0,0,19089,19089,0,0
travel,89.485,2148.8,1647.903,1647.903,fly,0.871,ok,2601,0,0,192.00,461647872,609832960,114090264,95883264,18123768,2904,7449760,22132800,1359632,19089,19089,0,0,0,0,0,0,0,0,0.066,0.069,0.000,0,0,0,19089,19089,0,0
travel,89.525,2149.7,1648.568,1648.568,fly,1.167,ok,2601,0,0,192.00,461647872,609832960,114090264,95883264,18123768,2904,11174640,22132800,1412644,19190,19190,0,0,0,0,0,0,0,0,0.317,0.076,0.000,0,0,0,19190,19190,0,0
travel,89.555,2150.4,1649.088,1649.088,fly,1.029,ok,2601,0,0,192.00,461647872,609832960,114090264,95883264,18123768,2904,11174640,22132800,1412644,19190,19190,0,0,0,0,0,0,0,0,0.079,0.111,0.000,0,0,0,19190,19190,0,0
travel,89.586,2151.2,1649.604,1649.604,fly,0.897,ok,2601,0,0,192.00,461647872,609832960,114090264,95883264,18123768,2904,11174640,22132800,1412644,19190,19190,0,0,0,0,0,0,0,0,0.072,0.087,0.000,0,0,0,19190,19190,0,0
travel,89.616,2151.9,1650.114,1650.114,fly,1.634,ok,2601,0,0,192.00,461647872,609832960,114090264,95883264,18123768,2904,11174640,22132800,1412644,19190,19190,0,0,0,0,0,0,0,0,0.822,0.068,0.000,0,0,0,19190,19190,0,0
travel,89.647,2152.6,1650.635,1650.635,fly,0.865,ok,2601,0,0,192.00,461647872,609832960,114090264,95883264,18123768,2904,7449760,22132800,1412644,19190,19190,0,0,0,0,0,0,0,0,0.067,0.066,0.000,0,0,0,19190,19190,0,0
travel,89.677,2153.4,1651.154,1651.154,fly,0.863,ok,2601,0,0,192.00,461647872,609832960,114090264,95883264,18123768,2904,7449760,22132800,1412644,19190,19190,0,0,0,0,0,0,0,0,0.067,0.067,0.000,0,0,0,19190,19190,0,0
travel,89.708,2154.1,1651.663,1651.663,fly,0.886,ok,2601,0,0,192.00,461647872,609832960,114090264,95883264,18123768,2904,7449760,22132800,1412644,19190,19190,0,0,0,0,0,0,0,0,0.067,0.075,0.000,0,0,0,19190,19190,0,0
travel,89.739,2154.8,1652.201,1652.201,fly,0.864,ok,2601,0,0,192.00,461647872,609832960,114090264,95883264,18123768,2904,7449760,22132800,1412644,19190,19190,0,0,0,0,0,0,0,0,0.068,0.067,0.000,0,0,0,19190,19190,0,0
travel,89.769,2155.6,1652.710,1652.710,fly,0.889,ok,2601,0,0,192.00,461647872,609832960,114090264,95883264,18123768,2904,7449760,22132800,1412644,19190,19190,0,0,0,0,0,0,0,0,0.071,0.069,0.000,0,0,0,19190,19190,0,0
travel,89.799,2156.3,1653.219,1653.219,fly,1.021,ok,2601,0,0,192.00,461647872,609832960,114090264,95883264,18123768,2904,7449760,22132800,1412644,19190,19190,0,0,0,0,0,0,0,0,0.072,0.108,0.000,0,0,0,19190,19190,0,0
travel,89.831,2157.0,1653.753,1653.753,fly,0.878,ok,2601,0,0,192.00,461647872,609832960,114090264,95883264,18123768,2904,7449760,22132800,1412644,19190,19190,0,0,0,0,0,0,0,0,0.066,0.078,0.000,0,0,0,19190,19190,0,0
travel,89.861,2157.8,1654.266,1654.266,fly,0.851,ok,2601,0,0,192.00,461647872,609832960,114090264,95883264,18123768,2904,7449760,22132800,1412644,19190,19190,0,0,0,0,0,0,0,0,0.065,0.068,0.000,0,0,0,19190,19190,0,0
travel,89.891,2158.5,1654.774,1654.774,fly,0.854,ok,2601,0,0,192.00,461647872,609832960,114090264,95883264,18123768,2904,7449760,22132800,1412644,19190,19190,0,0,0,0,0,0,0,0,0.065,0.070,0.000,0,0,0,19190,19190,0,0
travel,89.922,2159.2,1655.292,1655.292,fly,0.854,ok,2601,0,0,192.00,461647872,609832960,114090264,95883264,18123768,2904,7449760,22132800,1412644,19190,19190,0,0,0,0,0,0,0,0,0.067,0.066,0.000,0,0,0,19190,19190,0,0
travel,89.953,2159.9,1655.811,1655.811,fly,1.165,ok,2601,0,0,192.00,461647872,609832960,114090264,95883264,18123768,2904,7449760,22132800,1412644,19190,19190,0,0,0,0,0,0,0,0,0.073,0.101,0.000,0,0,0,19190,19190,0,0
travel,89.992,2160.9,1656.484,1656.484,fly,0.866,ok,2601,0,22,192.00,461647872,609832960,114090264,95883264,18123768,2904,11174640,20984832,1463725,19291,19291,0,0,5,0,0,0,0,0,0.066,0.067,0.000,0,0,0,19291,19291,0,0
stop,90.000,2161.1,1656.620,1656.620,fly,27.026,draw_submit,2601,0,0,192.00,461651968,609832960,114090264,95883264,18123768,2904,11174640,22132800,1466804,19291,19291,0,0,0,0,0,0,0,0,0.219,0.189,0.000,0,0,0,19291,19291,0,0
drain,90.000,2161.1,1656.620,1656.620,fly,27.108,draw_submit,2601,0,0,192.00,462176256,610287616,114090264,95883264,18123768,2904,3724880,22132800,1539988,19291,19291,0,0,0,0,0,0,0,0,0.228,0.388,0.000,0,0,0,19291,19291,0,0
drain,90.000,2161.1,1656.620,1656.620,fly,27.715,draw_submit,2601,0,0,192.00,462188544,610287616,114090264,95883264,18123768,2601,0,22132800,1539988,19291,19291,0,0,0,0,0,0,303,0,0.233,0.206,0.000,0,0,0,19291,19291,0,0
